book,문단식별자,문장식별자,원문,번역문,marker,llm_judgment,marker_type,analysis_level
시경집전(상),1195,2790,彼其之子여 邦之彦兮로다,저 그 사람이여 나라의 아름다운 선비로다,로다,True,로다,Level1
시경집전(상),1210,2824,其相與警戒之言이 如此하니 則不留於宴昵之私를 可知矣로다,"그 서로 더불어 경계한 말이 이와 같으니, 연닐(宴昵)의 사사로움에 얽매이지 않음을 알 수 있다.",로다,False,로다,Level1
시경집전(상),1213,2827,琴瑟在御 莫不靜好로다,자리에 있는 금슬(琴瑟)도 고요하고 아름답지 않음이 없도다,로다,True,로다,Level1
시경집전(상),1215,2833,其和樂而不淫을 可見矣로다,화락(和樂)하면서도 지나치지 않음을 볼 수 있도다.,로다,True,로다,Level1
시경집전(상),1222,2850,有女同車하니 顔如舜華로다,여자가 수레를 함께 타니 얼굴이 무궁화꽃 같도다,로다,True,로다,Level1
시경집전(상),1223,2851,將翺將翔하나니 佩玉瓊琚로다,장차 고상(翺翔)하나니 패옥(佩玉)이 경거(瓊琚)로다,로다,True,로다,Level1
시경집전(상),1224,2852,彼美孟姜이여 洵美且都로다,저 아름다운 맹강(孟姜)이여 진실로 아름답고 또 한아(閑雅)하도다,로다,True,로다,Level1
시경집전(상),1227,2860,有女同行하니 顔如舜英이로다,여자가 함께 길을 걸어가니 얼굴이 무궁화꽃 같도다,로다,True,로다,Level1
시경집전(상),1228,2861,將翺翔하나니 佩玉將將이로다,장차 고상(翺翔)하나니 패옥(佩玉)소리가 장장(將將)히 울리도다,로다,True,로다,Level1
시경집전(상),1229,2862,彼美孟姜이여 德音不忘이로다,저 아름다운 맹강(孟姜)이여 덕음(德音)을 잊지 못하리로다,로다,True,로다,Level1
시경집전(상),1257,2920,狂童之狂也且로다,광동(狂童)이 미쳤도다,로다,False,로다,Level1
시경집전(상),1262,2930,狂童之狂也且로다,광동(狂童)이 미쳤도다,로다,False,로다,Level1
시경집전(상),1280,2957,東門之墠에 茹藘在阪이로다,동문(東門)의 터닦은 곳에 꼭두서니가 산비탈에 있도다,로다,False,로다,Level1
시경집전(상),1281,2958,其室則邇나 其人甚遠이로다,그 집은 가까우나 그 사람은 매우 멀도다,로다,True,로다,Level1
시경집전(상),1283,2966,東門之栗에 有踐家室이로다,동문(東門)의 밤나무에 즐비한 집이로다,로다,False,로다,Level1
시경집전(상),1287,2973,風雨凄凄어늘 雞鳴喈喈로다,비바람이 처처(凄凄)하거늘 닭은 개개(喈喈)히 울도다,로다,True,로다,Level1
시경집전(상),1291,2981,風雨瀟瀟어늘 鷄鳴膠膠로다,비바람이 소소(瀟瀟)하거늘 닭은 교교(膠膠)히 울도다,로다,True,로다,Level1
시경집전(상),1294,2987,風雨如晦어늘 鷄鳴不已로다,비바람이 몰아쳐 어둡거늘 닭울음소리 그치지 않도다,로다,True,로다,Level1
시경집전(상),1300,3001,靑靑子佩여 悠悠我思로다,푸르고 푸른 그대의 패옥(佩玉)이여 아득하고 아득한 나의 그리움이로다,로다,True,로다,Level1
시경집전(상),1303,3006,挑兮達兮하니 在城闕兮로다,몸이 가볍고 방자하니 성궐(城闕)에 있도다,로다,True,로다,Level1
자치통감강목20,207,352,紹宗이 曰 明公이 興義兵以淸朝廷이어늘 今乃無故殲夷多士하여 失天下望이 非長策也로다,모용소종이 말하기를 “명공(明公)께서 의병(義兵)을 일으켜 조정(朝廷)을 깨끗하게 하셨는데 이제 무고한 많은 선비를 죽여서 천하(天下)에 명망을 잃게 되는 것은 장구한 계책이 아닙니다.”라고 하였다.,로다,False,로다,Level1
자치통감강목20,215,369,賀拔岳이 進曰 將軍이 首擧義兵하여 志除姦逆이라가 大勲未立하여 遽有此謀하니 正可速禍요 未見其福이로다,하발악(賀拔岳)이 나아가 말하기를 “장군께서 앞장서서 의병(義兵)을 일으켜서 간사한 역적을 제거하는 데 뜻을 두셨다가 큰 공을 세우기도 전에 갑자기 이런 모의를 하시니 곧바로 화를 자초하는 것이고 그 복은 볼 수 없을 것입니다.”라고 하였다.,로다,False,로다,Level1
자치통감강목20,225,388,後數日에 榮이 與魏主登髙하여 見宮闕壯麗하고 列樹成行(항)하고 乃歎曰 元尙書之言이 不可奪也로다,며칠 후에 이주영이 위주(魏主)와 함께 높은 곳에 올라가서 낙양의 궁궐(宮闕)이 웅장하고 화려하며 늘어선 나무들이 줄지어 있는 것을 보고 마침내 탄식하기를 “원상서(元尙書)(원심(元諶))의 말은 바꿀 수 없도다.”라고 하였다.,로다,True,로다,Level1
자치통감강목20,236,409,此言이 旣行에 世之違犯正理者가 輒以自解하니 其賊道가 多矣로다,이 말이 이미 행해지고 나자 세상의 바른 이치를 어기는 자가 번번이 이것을 가지고 자신을 해명하니 도(道)를 해치는 것이 많다.,로다,False,로다,Level1
자치통감강목20,240,417,祖瑩之言이 違道甚矣로다,조형(祖瑩)의 말이 도(道)에 어긋남이 심하다.,로다,False,로다,Level1
자치통감강목20,240,419,正家者는 治國之本이요 初政者는 治亂之原이어늘 魏子攸가 惑於邪説而不能辨하고 惕於强臣而不能正하니 早墜厥命이 於是乎在矣로다,"집안을 바로잡는 것은 국가를 다스리는 근본이고 초기의 정무는 난리를 다스리는 시원인데, 북위(北魏) 원자유(元子攸)가 사설(邪説)에 미혹되어 분별하지 못하고 강신(强臣)을 두려워하여 바로잡지 못하였으니, 천명을 일찌감치 추락시킨 것이 여기에 있다.’라고 하였다.”",로다,True,로다,Level1
자치통감강목20,242,421,榮이 令元天穆하여 入洛陽하여 朝廷要官을 悉用其腹心爲之로다,이주영(爾朱榮)이 원천목(元天穆)에게 명령하여 낙양(洛陽)에 들어가서 조정(朝廷)의 중요한 관직을 모두 그의 심복으로 등용하게 하였다.,로다,True,로다,Level1
자치통감강목20,277,473,他日에 困於叛臣하여 卒餓而死하니 其禍가 有自來矣로다,"뒷날 〈양(梁) 무제(武帝)가〉 반역한 신하에게 곤궁함을 당하여 마침내 굶어서 죽었으니, 그 재앙이 유래가 있는 것입니다.”",로다,False,로다,Level1
자치통감강목20,399,693,及聞關隴이 平하고 謂臨淮王(或)［彧］曰 天下에 便無賊矣로다,"〈위주(魏主)는〉 관(關)ㆍ농(隴) 지역이 평정되었다는 소식을 듣고 임회왕(臨淮王) 원욱(元彧)에게 말하기를 “천하(天下)에 곧 도적이 없어지겠구나.”라고 하니,",로다,False,로다,Level1
자치통감강목20,457,800,祖仁私謂子弟曰 今日에 富貴至矣로다,구조인(寇祖仁)이 사사로이 자제(子弟)들에게 말하기를 “금일 부귀(富貴)가 닥쳐올 것이다.”라고 하였다.,로다,False,로다,Level1
자치통감강목20,628,1094,髙歡이 初至에 圖之不難이로다,"고환이 막 도착했으므로 도모하기가 어렵지 않을 것이다.”라고 하자,",로다,False,로다,Level1
자치통감강목20,775,1320,歡이 乃集百官耆老하여 議所立할새 時에 淸河王亶이 出入已稱警蹕이라 歡이 醜之하여 遂立其世子善見爲帝하고 謂亶曰 欲立王이나 不如立王之子로다,"고환이 백관(百官)과 원로들을 모아 옹립할 황제에 대해 논의할 때, 청하왕(淸河王) 원단(元亶)이 출입할 적에 이미 경필(警蹕)이라 칭했으므로 고환이 이를 추하게 여겨 결국 〈원단의〉 세자(世子) 원선견(元善見)을 황제로 옹립하고, 원단에게 이르기를, “왕을 황제로 세우고 싶었으나 왕의 아들을 세우는 것만 못하다.”라고 하였다.",로다,False,로다,Level1
자치통감강목20,954,1584,我與國家로 同安共危어니 以此獲罪라도 亦無所恨이로다,"나는 국가와 그 안위를 함께하고 있으니, 이 일 때문에 죄를 얻더라도 아무 여한이 없다.”라고 했다.",로다,False,로다,Level1
자치통감강목20,1129,1827,敬容於是乎不忠之甚矣로다,하경용은 이 때문에 불충이 극심하다.”,로다,False,로다,Level1
자치통감강목20,1193,1918,梁高祖之不終也는 宜哉로다,“양(梁)나라 고조(高祖)(소연(蕭衍))가 유종의 미를 거두지 못한 것은 당연하다.,로다,False,로다,Level1
자치통감강목20,1236,1979,今藉其屢奔하여 人情未固하니 正當共出百死하여 决力取之어늘 無故停留하니 時事去矣로다,"지금 저들이 여러 차례 도망친 덕에 사람들의 마음이 굳건하지 않으니, 바로 함께 나아가 백 번이라도 죽음을 무릅쓰고 온 힘을 다해 빼앗아야 하는데, 아무런 까닭 없이 머물러 있으니, 제때에 해야 할 일을 놓치게 된다.”라고 하였으나,",로다,True,로다,Level1
자치통감강목20,1295,2063,帝旣不能自克하고 朱异又諂以成之하니 悲夫로다,"황제(소연(蕭衍))가 이미 사심을 이겨내지 못하였고, 주이(朱异)가 또 아첨하여 일을 조성하였으니, 슬프도다.",로다,True,로다,Level1
자치통감강목20,1397,2227,景謂神茂曰 事不諧矣로다,"후경이 유신무(劉神茂)에게 말하기를 “일이 성공하지 못하겠소.”라고 하니,",로다,False,로다,Level1
자치통감강목20,1452,2298,岐謂人曰 朱彦和將死矣로다,부기가 사람들에게 말하기를 “주언화(朱彦和)(주이(朱异))는 곧 죽을 것이오.,로다,False,로다,Level1
자치통감강목20,1568,2458,二者皆失之하니 然則非景與正德能亡梁也라 乃朱异亡之耳로다,"그런데 두 가지를 모두 그르쳤으니, 그렇다면 후경과 소정덕이 양나라를 멸망시킨 것이 아니라, 바로 주이가 멸망시킨 것이다.”",로다,False,로다,Level1
자치통감강목2,136,333,孝文莊襄二王之死는 蓋皆不韋之所爲也로다,“효문왕(孝文王)과 장양왕(莊襄王) 두 왕의 죽음은 아마도 모두 여불위(呂不韋)가 한 짓일 것이다.”,로다,False,로다,Level1
자치통감강목2,188,473,秦兵이 去陳百六十里니 臣이 見秦楚之日鬪也로다,"그러면 진(秦)나라 군대가 진(陳)(초(楚)나라 수도)과 떨어져 있는 거리가 160리이니, 신이 진(秦)나라와 초(楚)나라가 날마다 싸우는 것을 보게 될 것입니다.” 하였다.",로다,False,로다,Level1
자치통감강목2,232,595,棄黔首以資敵國하며 却賓客以業諸侯하니 此所謂藉寇兵而齎盜糧者也로다,"백성을 버림으로써 적국을 도와주고 빈객을 쫓음으로써 제후를 성공시키니, 이것이 이른바 적에게 병기를 빌려주고 도둑에게 양식을 들려 보낸다는 것입니다.",로다,True,로다,Level1
자치통감강목2,308,754,丹이 不忍也하노라 軻乃私見於期曰 秦王遇將軍이 可謂深矣로다,내가 차마 죽일 수 없습니다.” 하였다. 형가가 이에 홀로 번오기를 만나 말하기를 “진(秦)나라 왕의 장군에 대한 처사는 악독하다고 할 만합니다.,로다,False,로다,Level1
자치통감강목2,325,807,王曰 將軍이 老矣로다,왕이 말하기를 “장군이 늙었도다.,로다,False,로다,Level1
자치통감강목2,341,851,對曰 方投石超距라하야늘 翦이 曰 可矣로다,"“지금 투석(投石)과 도약(跳躍)을 훈련합니다.”라고 대답하니, 왕전이  “출동할 만하다.”라고 하였다.",로다,False,로다,Level1
자치통감강목2,543,1437,斯亦足稱也로다,이 점은 역시 칭찬할 만하다.”,로다,True,로다,Level1
자치통감강목2,631,1692,養卒이 笑曰 君未知此兩人所欲也로다,"시양졸이 웃으면서 말하기를, “당신께서는 이 두 사람이 하고자 하는 바를 잘 모르고 있습니다.",로다,False,로다,Level1
자치통감강목2,769,2103,今不恤士卒하고 而徇其私하니 非社稷之臣也로다,"그런데도 지금 사졸들은 돌보지 않고 사사로움만을 따르고 있으니, 사직의 신하가 아니다.”라고 하였다.",로다,False,로다,Level1
자치통감강목2,908,2470,羽는 受璧하고 增은 拔劒撞破玉斗曰 唉라 豎子는 不足與謀이로다,"항우는 백벽(白璧)을 받았지만, 범증은 칼을 빼서 옥두를 쳐서 깨트리고는 “에이, 애송이와는 일을 도모할 수가 없구나!",로다,False,로다,Level1
자치통감강목2,912,2480,韓生이 退曰 人言楚人은 沐猴而冠이라하더니 果然이로다,"한생이 물러나와서 말하기를 “사람들이 초(楚)나라 사람은 원숭이에게 관을 씌운 꼴이라고 말하더니, 정말 그렇구나.”라고 하였다.",로다,False,로다,Level1
자치통감강목2,1010,2657,王이 復罵曰 諸將亡者以十數로대 公無所追러니 追信은 詐也로다,왕이 다시 꾸짖으며 “도망한 여러 장수들이 수십 명이로되 공이 따라간 경우가 없거늘 한신을 쫓아갔다고 하니 거짓말이로다.”라고 하였다.,로다,False,로다,Level1
자치통감강목2,1088,2853,嗚呼危哉로다,아아 위태로웠도다.”,로다,True,로다,Level1
자치통감강목2,1107,2893,曰 不能當曹參이니 吾無患矣로다,"왕이 “조참을 당해낼 수 없을 것이니, 내가 근심이 없도다.”라고 하였다.",로다,False,로다,Level1
자치통감강목2,1211,3196,王이 乃捫足曰 虜中吾指로다,그러자 왕이 발을 문지르며 말하기를 “저 종놈이 내 발가락을 맞추는구나.”라고 하였다.,로다,False,로다,Level1
자치통감강목2,1259,3307,張良이 才識이 高遠하야 有儒者氣象이로되 而亦以此로 說漢王하니 則其不義甚矣로다,"“장량(張良)은 재주와 식견이 뛰어나고 높아서 유자(儒者)의 기상이 있었는데, 또한 이런 말로 한왕(漢王)을 설득하였으니 그 불의한 것이 매우 심하다.”",로다,False,로다,Level1
자치통감강목20,31,49,至是하여 榮이 得勝大喜曰 得卿兄弟하니 天下는 不足平也로다,"이때에 이르러 이주영이 하발승을 얻고 크게 기뻐하기를 “경(卿)의 형제(兄弟)를 얻었으니 천하는 평정할 거리도 못 된다.”라고 하고,",로다,True,로다,Level1
자치통감강목20,86,145,爲人上而觀此면 亦可省己而修德矣로다,윗사람이 되어 이것을 본다면 또한 자기를 살펴서 덕을 닦을 수 있을 것이다.”,로다,False,로다,Level1
자치통감강목20,116,189,忠且無私라 可謂君子矣로다,충성스럽고 또 사사로움이 없으므로 군자(君子)라고 말할 만하다.”,로다,False,로다,Level1
자치통감강목20,195,335,然則非爾朱榮髙歡이 能爲魏毒也라 魏自亡爾로다,"그렇다면 이주영(爾朱榮)과 고환(高歡)이 북위의 해독을 만든 것이 아니라, 북위가 스스로 망했을 뿐이다.”",로다,False,로다,Level1
시경집전(상),1304,3007,一日不見이 如三月兮로다,하루동안 보지 못함이 석 달과도 같도다,로다,True,로다,Level1
시경집전(상),1307,3012,揚之水여 不流束楚로다,느릿느릿 흐르는 물이여 묶어놓은 나뭇단도 떠내려보내지 못하도다,로다,True,로다,Level1
시경집전(상),1312,3023,揚之水여 不流束薪이로다,느릿느릿 흐르는 물이여 묶어놓은 나무섶도 흘려보내지 못하도다,로다,True,로다,Level1
시경집전(상),1317,3028,出其東門호니 有女如雲이로다,동문(東門)을 나가니 여자들이 구름처럼 많도다,로다,True,로다,Level1
시경집전(상),1318,3029,雖則如雲이나 匪我思存이로다,비록 구름처럼 많으나 내 마음 그들에게 있지 않도다,로다,True,로다,Level1
시경집전(상),1319,3030,縞衣綦巾이여 聊樂我員이로다,흰 옷에 쑥색 수건을 쓴 여인(女人)이여 그런대로 나를 즐겁게 하도다,로다,True,로다,Level1
시경집전(상),1321,3037,是時에 淫風大行이로되 而其間에 乃有如此之人하니 亦可謂能自好而不爲習俗所移矣로다,"이때에 음풍(淫風)이 크게 유행하였는데도 그 사이에 마침내 이와 같은 사람이 있었으니, 또한 스스로 지조를 아껴서 습속(習俗)에 변화되지 않았다고 이를 만하다.",로다,True,로다,Level1
시경집전(상),1322,3039,出基闉闍호니 有女如茶로다,인도(闉闍)를 나가니 여자들이 삘기처럼 아름답도다,로다,True,로다,Level1
시경집전(상),1323,3040,雖則如茶나 匪我思且로다,비록 삘기처럼 아름다우나 내 마음에 생각하는 사람이 아니로다,로다,True,로다,Level1
시경집전(상),1324,3041,縞衣茹藘여 聊可與娛로다,흰 옷에 붉은 수건을 쓴 여인(女人)이여 그런대로 더불어 즐길 만하도다,로다,True,로다,Level1
시경집전(상),1327,3050,野有蔓草호니 零露溥兮로다,들에 만초(蔓草)가 있으니 내린 이슬이 흠뻑 맺혀 있도다,로다,True,로다,Level1
시경집전(상),1328,3051,有美一人이여 淸揚婉兮로다,아름다운 한 사람이여 청양(淸揚)이 예쁘기도 하도다,로다,True,로다,Level1
시경집전(상),1329,3052,邂逅相遇호니 適我願兮로다,우연히 서로 만나니 나의 소원에 맞도다,로다,True,로다,Level1
시경집전(상),1332,3062,野有蔓草하니 零露瀼瀼이로다,들에 만초(蔓草)가 있으니 내린 이슬이 많고 많도다,로다,True,로다,Level1
시경집전(상),1333,3063,有美一人이여 婉如淸揚이로다,아름다운 한 사람이여 예쁘기도 한 청양(淸揚)이로다,로다,True,로다,Level1
시경집전(상),1334,3064,邂逅相遇호니 與子偕臧이로다,우연히 서로만나니 그대와 함께 모두 좋도다,로다,True,로다,Level1
시경집전(상),1338,3072,士與女 方秉蕳兮로다,남자와 여자가 막 난초를 잡고 있도다,로다,True,로다,Level1
시경집전(상),1339,3073,女曰觀乎인저 士曰旣且로다,여자가 “구경가자”고 하자 남자가 “이미 하였노라” 하도다,로다,True,로다,Level1
시경집전(상),1341,3075,維士與女 伊其相謔하여 贈之以勺藥이로다,남자와 여자가 서로 희학을 하면서 작약(勺藥)을 선물하도다,로다,True,로다,Level1
시경집전(상),1345,3088,士與女 殷其盈矣로다,남자와 여자가 많이 모여 꽉찼도다,로다,False,로다,Level1
자치통감강목18,888,2915,沖曰 任城可謂忠於社稷이로다,이충(李沖)이 말하기를 “임성왕은 사직(社稷)에 충성한다고 말할 만하다.”라고 하였다.,로다,False,로다,Level1
자치통감강목19,25,42,故此别示하노니 想無致怪로다,"그러므로 이를 특별히 그대들에게 유시(諭示)하노니, 그대들이 매우 이상하게 여기지 않을 것이라 생각한다.",로다,False,로다,Level1
자치통감강목19,32,50,是는 以不信之令으로 誘之하여 使陷於死地하니 刑政之失이 無此爲大焉이로다,"이것은 믿지 못할 명령으로 그들을 유혹하여 죽을 곳으로 빠지게 하였으니, 형정(刑政)의 잘못이 이보다 더 큰 것이 없다.”",로다,False,로다,Level1
자치통감강목19,62,86,顯宗이 至新野어늘 魏主가 謂曰 卿이 破賊斬將하니 殊益軍勢로다,"한현종이 신야에 도착하였는데, 위주(魏主)가 말하기를 “경(卿)이 적들을 격파하고 비장의 목을 베었으니, 우리 군대의 사기를 매우 고양하였소.",로다,True,로다,Level1
자치통감강목19,115,165,魏主가 覽表하고 歎悵久之라가 曰 道固가 可謂溢矣요 而僕射도 亦爲滿也로다,"위주(魏主)가 표문(表文)를 보고 오랫동안 탄식하다가 말하기를 “도고(道固)(이표)는 넘친다고 말할 수 있고, 복야(僕射)(이충)도 또한 가득 찼구나.”라고 하였다.",로다,True,로다,Level1
자치통감강목19,144,220,計汝父子가 惟有走耳로다,생각건대 너희 부자는 오직 달아나는 것만 있을 뿐이다.”라고 하였다.,로다,False,로다,Level1
자치통감강목19,147,225,中書가 疑朓官未及讓한대 祭酒沈約이 曰 近世小官不讓이 遂成恒俗이어늘 謝今所讓이 又别有意로다,중서성(中書省)의 관원이 사조의 이부랑의 관품이 사양할 만큼 높지 않다고 의심하자 좨주(祭酒) 심약(沈約)이 말하기를 “근세에 작은 관직은 사양하지 않는 것이 마침내 풍속을 이루었는데 사조가 지금 사양한 것에는 또 다른 뜻이 있구나.,로다,False,로다,Level1
자치통감강목19,215,326,咸陽王禧가 至하여 謂勰曰 汝此行이 不唯勤勞라 亦實危險이로다,"함양왕(咸陽王) 원희(元禧)가 〈노양(魯陽)에〉 도착하여 원협에게 말하기를 “너의 이런 행동이 힘껏 수고로웠을 뿐만 아니라 또한 실제로 위험한 일이었다.”라고 하니,",로다,False,로다,Level1
자치통감강목19,236,357,劉暄이 嘗爲寶玄郢州行事한대 執事過刻하니 寶玄이 恚曰 舅殊無渭陽情이로다,"유훤(劉暄)이 일찍이 소보현의 영주행사(郢州行事)가 되어 일을 처리하였는데, 일을 행함이 지나치게 각박하니, 소보현이 화를 내며 말하기를 “외삼촌은 매우 위양(渭陽)의 정(情)이 없습니다.”라고 하였다.",로다,False,로다,Level1
자치통감강목19,401,604,烈頭는 可得이나 羽林은 不可得이로다,내 머리는 얻을 수 있어도 우림군은 얻을 수 없다.”라고 하였다.,로다,False,로다,Level1
자치통감강목19,431,644,莫若請救於魏이로다,차라리 북위(北魏)에게 구원병을 요청하느니만 못하다.”라고 하였다.,로다,False,로다,Level1
자치통감강목19,551,800,昻復書曰 一餐微施도 尙復投隕커든 況食人之祿하여 而頓忘一旦이면 非惟物議不可라 亦恐明公鄙之니 所以躊躇하여 未遑薦璧이로다,"원앙이 답서를 보내기를 “한 끼 음식의 작은 베풂도 목숨으로 보답할 일인데 하물며 다른 사람의 녹(祿)을 얻어먹으면서 하루아침에 그 은혜를 내팽개친다면 뭇사람들이 옳지 않다고 여길 뿐만 아니라 또한 명공(明公)께서도 비루하게 볼까 염려되니, 이 때문에 주저하며 벽옥(璧玉)을 바쳐 항복할 겨를이 없는 것입니다.”라고 하였다.",로다,False,로다,Level1
자치통감강목19,559,812,我義不降이로다,난 의리상 항복할 수 없다.”라고 하였다.,로다,False,로다,Level1
자치통감강목19,577,841,約擧手向左한대 雲笑曰 不乖所望이로다,"심약이 손을 들어서 왼쪽을 향하였는데, 범운이 웃으며 말하기를 “내 바람을 어기지 않았구려.”라고 하였다.",로다,False,로다,Level1
자치통감강목19,771,1092,英深賞之曰 觀此經筭하니 雖有金城湯池나 不能守矣로다,"원영이 몹시 칭찬하며 말하기를 “여기에 기록된 전략을 보니, 비록 〈양(梁)나라에〉 금성탕지(金城湯池)가 있다고 하더라도 지킬 수 없었을 것이다.”라고 하였다.",로다,False,로다,Level1
자치통감강목19,916,1281,昌義之怒하여 須髪盡磔曰 呂僧珍可斬也로다,창의지(昌義之)는 화가 나서 수염과 머리카락이 모두 뻣뻣해져 말하기를 “여승진의 목을 베어야 합니다.,로다,False,로다,Level1
자치통감강목19,940,1325,若孤軍獨往이면 必至狼狽리니 今破賊必矣로다,"만약 고립된 군대로 홀로 갔다면 반드시 낭패를 당했을 것이니, 지금에는 틀림없이 도적을 격파할 것이다.”라고 하였다.",로다,False,로다,Level1
자치통감강목19,987,1383,崇謂琛曰 長史後必爲刺史니 不知得上佐何如人耳로다,"이숭이 신침에게 말하기를 “장사(長史)(신침)는 뒤에 반드시 자사(刺史)가 될 터인데, 어떤 상좌(上佐)(장사(長史))를 얻을지 모르겠소.”라고 하였다.",로다,False,로다,Level1
자치통감강목19,1867,2520,不從하고 詔分處之於冀定瀛三州하여 就食한대 深이 謂纂曰 此輩復爲乞活矣로다,"북위 조정에서 따르지 않고 조서를 내려 기주(冀州)ㆍ정주(定州)ㆍ영주(瀛州) 3주(州)에 나누어 살게 하고 나아가 생활을 하게 하자, 원심이 원찬에게 말하기를 “이 사람들은 다시 걸활(乞活)(유민(流民))이 될 것입니다.”라고 하였다.",로다,False,로다,Level1
자치통감강목2,124,303,今縮高辭大位以全父子之義어늘 而君曰 必生致之라하니 是는 使我負襄王之詔而廢太府之憲也로다,"지금 축고가 큰 벼슬을 사양하고 부자(父子)의 의리를 온전하게 하였는데, 그대가 반드시 산 채로 보내라고 하니, 이것은 나로 하여금 양왕(襄王)의 조령(詔令)을 저버리고 태부(太府)의 법령(法令)을 폐하게 하는 것이다.” 하였다.",로다,False,로다,Level1
시경집전(상),1159,2692,叔于田하니 乘乘黃이로다,숙(叔)이 사냥을 나가니 네 마리 황마(黃馬)를 탔도다,로다,True,로다,Level1
시경집전(상),1160,2693,兩服上襄이요 兩驂雁行이로다,두 마리 복마(服馬)는 가장 좋은 말이요 두 마리 참마(驂馬)는 기러기처럼 뒤따라 가도다,로다,True,로다,Level1
시경집전(상),1161,2694,叔在藪하니 火烈具揚이로다,숙(叔)이 수풀에 있으니 불이 타오름에 일제히 일어나도다,로다,True,로다,Level1
시경집전(상),1163,2696,抑磬控忌며 抑縱送忌로다,말을 달리고 경마를 잡히며 오늬를 놓아 활을 쏘고 활고자를 덮도다,로다,True,로다,Level1
시경집전(상),1165,2706,叔于田하니 乘乘鴇로다,숙(叔)이 사냥을 나가니 네 마리 오추말을 탔도다,로다,False,로다,Level1
시경집전(상),1166,2707,兩服齊首요 兩驂如手로다,두 마리 복마(服馬)는 머리를 나란히 하고 두마리 참마(驂馬)는 손처럼 조금 뒤에 있도다,로다,True,로다,Level1
시경집전(상),1167,2708,叔在藪하니 火烈具阜로다,숙(叔)이 수풀에 있으니 불이 타오름에 모두 성하도다,로다,True,로다,Level1
시경집전(상),1169,2710,抑釋掤忌며 抑鬯弓忌로다,화살통 뚜껑을 풀어 놓으며 활을 활집에 넣도다,로다,True,로다,Level1
시경집전(상),1173,2726,淸人在彭하니 駟介旁旁이로다,청읍(淸邑) 사람이 팽(彭)땅에 있으니 네 마리 갑옷 입힌 말들이 달려가도다,로다,True,로다,Level1
시경집전(상),1174,2727,二矛重英로 河上乎翺翔이로다,두 자루 창에 중첩된 창 꾸밈으로 하수(河水) 위에서 고상(翺翔)하도다,로다,True,로다,Level1
시경집전(상),1177,2739,淸人在消하니 駟介麃麃로다,청읍(淸邑) 사람이 소(消)땅에 있으니 네 마리 갑옷 입힌 말이 굳세고 굳세도다,로다,True,로다,Level1
시경집전(상),1178,2740,二矛重喬로 河上乎逍遙로다,두 자루 창에 중첩된 창갈고리로 하수(河水)가에서 소요(逍遙)하도다,로다,True,로다,Level1
시경집전(상),1180,2746,淸人在軸하니 駟介陶陶로다,청읍(淸邑) 사람이 추(軸)땅이 있으니 네 마리 갑옷 입힌 말이 유유자적하도다,로다,True,로다,Level1
시경집전(상),1181,2747,左旋右抽어늘 中軍作好로다,왼쪽 사람은 수레를 돌리며 오른쪽 사람은 칼을 뽑거늘 중군(中軍)은 아름답게 있도다,로다,True,로다,Level1
시경집전(상),1185,2765,春秋에 書曰鄭棄其師라하니 其責之深矣로다,"≪춘추(春秋)≫에 “정(鄭)나라가 그 군대를 버렸다.”고 썼으니, 그 꾸짖음이 깊도다.”",로다,False,로다,Level1
시경집전(상),1187,2771,羔裘如濡하니 洵直且侯로다,염소 갖옷이 촉촉히 젖은 듯하니 진실로 순하고 또 아름답도다,로다,True,로다,Level1
시경집전(상),1188,2772,彼其之子여 舍命不渝로다,저 그 사람이여 명(命)에 처하여 변치 않도다,로다,True,로다,Level1
시경집전(상),1191,2781,羔裘豹飾이로소니 孔武有力이로다,염소 갖옷에 표범 가죽으로 선을 둘렀으니 심히 굳세고 힘이 있도다,로다,True,로다,Level1
시경집전(상),1192,2782,彼其之子여 邦之司直이로다,저 그 사람이여 나라의 사직(司直)이로다,로다,False,로다,Level1
시경집전(상),1194,2789,羔裘晏兮요 三英粲兮로다,염소 갖옷이 곱고 성하고 삼영(三英)이 찬란하도다,로다,True,로다,Level1
시경집전(상),1075,2511,言綿綿葛藟는 則在河之滸矣어늘 今乃終遠兄弟하여 而謂他人爲己父로다,"말하기를 “면면(綿綿)한 칡덩쿨은 하수(河水)의 물가에 있거늘, 나는 지금 마침내 형제(兄弟)를 멀리하여 타인을 나의 아버지라고 이른다.",로다,True,로다,Level1
시경집전(상),1076,2513,綿綿葛藟여 在河之涘로다,면면(綿綿)한 칡덩쿨이여 하수(河水)의 가에있도다,로다,False,로다,Level1
시경집전(상),1078,2515,謂他人母나 亦莫我有로다,타인을 어머니라 이르나 또한 나를 기억해주지 않도다,로다,True,로다,Level1
시경집전(상),1080,2520,綿綿葛藟여 在河之漘이로다,면면(綿綿)한 칡덩쿨이여 하수(河水)의 물가에 있도다,로다,False,로다,Level1
시경집전(상),1082,2522,謂他人昆이나 亦莫我聞이로다,타인을 형이라 이르나 또한 나에게 소식을 알리지 않도다,로다,True,로다,Level1
시경집전(상),1085,2529,彼采葛兮여 一日不見이 如三月兮로다,저 칡을 채취함이여 하루동안 보지 못함이 삼월(三月)과 같도다,로다,True,로다,Level1
시경집전(상),1087,2533,彼采蕭兮여 一日不見이 如三秋兮로다,저 쑥을 캠이여 하루동안 보지 못함이 삼추(三秋)와 같도다,로다,True,로다,Level1
시경집전(상),1089,2538,彼采艾兮여 一日不見이 如三歲兮로다,저 약쑥을 뜯음이여 하루동안 보지 못함이 삼세(三歲)와 같도다,로다,True,로다,Level1
시경집전(상),1092,2544,大車檻檻하니 毳衣如菼이로다,대부(大夫)의 수레가 함함(檻檻)히 가니 취의(毳衣)가 갈대처럼 푸르도다,로다,True,로다,Level1
시경집전(상),1096,2558,大車啍啍하니 毳衣如璊이로다,대부(大夫)의 수레가 톤톤(啍啍)히 가니 취의(毳衣)가 옥처럼 붉도다,로다,False,로다,Level1
시경집전(상),1104,2573,丘中有麻하니 彼留子嗟로다,언덕 가운데 삼이 있으니 저기에서 자차(子嗟)를 만류하도다,로다,True,로다,Level1
시경집전(상),1108,2582,丘中有麥하니 彼留子國이로다,언덕 가운데 보리밭이 있으니 저기에서 자국(子國)을 만류하도다,로다,False,로다,Level1
시경집전(상),1111,2587,丘中有李하니 彼留之子로다,언덕 가운데에 오얏이 있으니 저기에서 그 분을 만류하도다,로다,False,로다,Level1
시경집전(상),1142,2648,叔于田하니 巷無居人이로다,숙(叔)이 사냥을 나가니 골목에 사는 사람이 없도다,로다,False,로다,Level1
시경집전(상),1146,2661,叔于狩하니 巷無飮酒로다,숙(叔)이 사냥을 나가니 골목에 술 마시는 사람이 없도다,로다,False,로다,Level1
시경집전(상),1149,2665,叔適野하니 巷無服馬로다,숙(叔)이 들에 나가니 골목에 말은 타는 이가 없도다,로다,False,로다,Level1
시경집전(상),1153,2673,叔于田하니 乘乘馬로다,숙(叔)이 사냥을 나가니 네 마리 말을 탔도다,로다,False,로다,Level1
시경집전(상),1154,2674,執轡如組하니 兩驂如舞로다,고삐를 잡기를 실끈같이 하니 두 마리 참마(驂馬)가 춤추는 듯하도다,로다,True,로다,Level1
시경집전(상),1155,2675,叔在藪하니 火烈具擧로다,숙(叔)이 수풀에 있으니 불이 타오름에 일제히 일어나도다,로다,True,로다,Level1
시경집전(상),1156,2676,襢裼暴虎하여 獻于公所로다,옷을 벗고 맨손으로 범을 때려잡아 공소(公所)에 바치도다,로다,True,로다,Level1
시경집전(상),1000,2343,彼黍離離어늘 彼稷之實이로다,저 기장 이삭이 늘어져 있거늘 저 피는 열매가 영글었도다,로다,True,로다,Level1
시경집전(상),1019,2375,其樂只且로다,그 즐겁도다,로다,True,로다,Level1
시경집전(상),1023,2390,其樂只且로다,그 즐겁도다,로다,True,로다,Level1
시경집전(상),1026,2396,揚之水여 不流束薪이로다,느릿느릿 흐르는 물이여 묶어놓은 섶단도 떠내려보내지 못하도다,로다,True,로다,Level1
시경집전(상),1027,2397,彼其之子여 不與我戍申이로다,저 그 사람이여 나와 함께 신(申)나라로 오지 못하였도다,로다,True,로다,Level1
시경집전(상),1031,2407,揚之水여 不流束楚로다,느릿느릿 흐르는 물이여 묶어 놓은 나뭇단도 떠내려보내지 못하도다,로다,True,로다,Level1
시경집전(상),1032,2408,彼其之子여 不與我戍甫로다,저 그 사람이여 나와 함께 보(甫)나라에 오지 못하였도다,로다,True,로다,Level1
시경집전(상),1035,2416,揚之水여 不流束蒲로다,느릿느릿 흐르는 물이여 묶어 놓은 포류(蒲柳)단도 떠내려보내지 못하도다,로다,True,로다,Level1
시경집전(상),1036,2417,彼其之子여 不與我戍許로다,저 그 사람이여 나와 함께 허(許)나라에 오지 못하였도다,로다,True,로다,Level1
시경집전(상),1041,2435,中谷有蓷하니 暵其乾矣로다,골짜기 가운데 익모초가 있으니 바짝 말랐도다,로다,True,로다,Level1
시경집전(상),1043,2437,嘅其嘆矣호니 遇人之艱難矣로다,개연(嘅然)히 탄식하니 사람의 어려운 때를 만났도다,로다,True,로다,Level1
시경집전(상),1046,2444,中谷有蓷하니 暵其脩矣로다,골짜기 가운데 익모초가 있으니 그 긴 것도 말랐도다,로다,True,로다,Level1
시경집전(상),1048,2446,條其歗矣호니 遇人之不淑矣로다,조연(條然)히 휘파람을 부니 사람의 좋지 못한 때를 만났도다,로다,True,로다,Level1
시경집전(상),1051,2456,中谷有蓷하니 暵其濕矣로다,골짜기 가운데 익모초가 있으니 습지의 것도 말랐도다,로다,True,로다,Level1
시경집전(상),1055,2467,故로 讀詩者 於一物失所에 而知王政之惡하고 一女見棄에 而知人民之困하나니 周之政荒民散하여 而將無以爲國을 於此亦可見矣로다,"그러므로 시(詩)를 읽는 자는 한 물건이 제자리를 잃음에 왕정(王政)의 나쁨을 알고, 한 여자가 버림을 받음에 인민(人民)의 곤궁함을 아니, 주(周)나라의 정치가 황폐하고 백성이 흩어져 장차 ˂훌륭한˃ 나라가 될 수 없음을 여기에서도 볼 수 있다.”",로다,False,로다,Level1
시경집전(상),1057,2470,有兎爰爰이어늘 雉離于羅로다,토끼는 여유만만 하거늘 꿩은 그물에 걸렸도다,로다,False,로다,Level1
시경집전(상),1062,2487,有兎爰爰이어늘 雉離于罦로다,토끼는 여유만만 하거늘 꿩은 새그물에 걸렸도다,로다,False,로다,Level1
시경집전(상),1066,2494,有兎爰爰이어늘 雉離于罿이로다,토끼는 여유만만 하거늘 꿩은 새그물에 걸렸도다,로다,False,로다,Level1
시경집전(상),1071,2504,綿綿葛藟여 在河之滸로다,면면(綿綿)한 칡덩쿨이여 하수(河水)의 가에 있도다,로다,False,로다,Level1
시경집전(상),1073,2506,謂他人父나 亦莫我顧로다,타인을 아버지라 이르나 또한 나를 돌아보지 않도다,로다,True,로다,Level1
자치통감강목3,566,1375,使後世로 致隆於原廟而簡於太廟하니 則通說이 啓之矣로다,"그리하여 후세로 하여금 원묘(原廟)는 성대하게 높이고 태묘(太廟)는 간략하게 하도록 만들었으니, 이는 숙손통의 말이 그 잘못을 열어놓은 것이다.”",로다,True,로다,Level1
자치통감강목3,677,1534,酒酣에 章爲耕田歌曰 深耕穊種하고 立苗欲疏로다,"술에 취하자 유장이 경전가(耕田歌)를 부르기를, “깊이 밭을 갈아 씨를 촘촘하게 뿌리고, 싹이 돋아나면 솎아내려 하도다.",로다,True,로다,Level1
자치통감강목3,785,1791,文帝修代來功이 在三時之後하고 又所侯者 纔宋昌一人이니 此可以爲後世法矣로다,"“문제(文帝)가 대(代)나라에서 올 적에 공로가 있었던 자에 대한 논공(論功)을 시행한 것이 봄, 여름, 가을의 세 계절이 지난 뒤에 있었고 또 후(侯)로 봉한 자가 겨우 송창(宋昌) 한 사람이었으니, 이는 후세(後世)의 모범이 될 만하다.",로다,True,로다,Level1
자치통감강목3,931,2161,吾欲致之族이어늘 而君以法奏之하니 非吾所以共承宗廟意也로다,"나는 그를 삼족(三族)을 멸하는 죄로 무겁게 다스리고자 하였는데 그대는 법조문대로 아뢰니, 내가 종묘(宗廟)를 공손히 받드는 뜻이 아니다.” 하였다.",로다,False,로다,Level1
자치통감강목3,1116,2565,民有歌淮南王者하여 曰 一尺布도 尙可縫이요 一斗粟도 尙可舂이어늘 兄弟二人이 不相容이로다,"백성 중에 회남왕(淮南王)의 죽음을 노래한 자가 있어 말하기를 “〈형제간에는〉 한 자의 삼베도 오히려 꿰매어 입을 수 있고 한 말의 곡식도 오히려 방아 찧어 먹을 수 있는데, 형제 두 사람이 서로 용납하지 못한다.”라 하였다.",로다,False,로다,Level1
자치통감강목3,1348,3091,此眞將軍矣로다,이 사람은 참으로 장군이다.,로다,True,로다,Level1
자치통감강목3,1376,3140,然則孝景之薄于君親이 其罪益大矣로다,그렇다면 효경제(孝景帝)가 군주와 어버이에게 박하게 한 것은 그 죄가 더욱 크다.”,로다,True,로다,Level1
자치통감강목3,1671,3731,亞夫因趨出하니 上이 目送之曰 此 鞅鞅하니 非少主臣也로다,"주아부가 인하여 종종걸음으로 나가니, 상(上)이 눈으로 전송하며 말하기를 “이 사람이 불평불만하니, 나이 어린 군주를 보필할 수 있는 신하가 아니다.” 하였다.",로다,False,로다,Level1
자치통감강목3,1830,4111,對旣不合하고 又留不去하니 其不逮穆生을 又可見矣로다,"대답이 맞지 않고 또 그대로 머물고 떠나가지 않았으니, 목생(穆生)에게 미치지 못함을 더욱 알 만하다.",로다,False,로다,Level1
자치통감강목4,37,75,上曰 太尉不足與計로다,그러자 상(上)이 말하기를 “태위(太尉)(전분(田蚡))와는 함께 일을 계획할 수 없구나!,로다,False,로다,Level1
자치통감강목4,142,339,古有社稷之臣이러니 至如黯하여는 近之矣로다,"옛날에 사직(社稷)의 신하가 있었는데, 급암 같은 사람은 이에 가깝도다.” 하였다.",로다,True,로다,Level1
자치통감강목4,234,580,夫唯大雅하여 卓爾不群은 河間獻王이 近之矣로다,오직 크게 고상하고 우뚝 솟아나 범상치 않은 것은 하간헌왕(河間獻王)이 여기에 가까웠다.”,로다,True,로다,Level1
자치통감강목4,391,949,不入於道德하고 苟放縱於末流하니 殺身亡宗이 非不幸也로다,"도덕에 들어가지 않고 구차히 말류에서 멋대로 행동하였으니, 자신의 몸을 죽이고 종족을 망하게 한 것은 〈당연한 업보이고〉 불행한 일이 아니다.”",로다,False,로다,Level1
자치통감강목4,1205,2746,且單于信汝하여 使決人死生이어늘 不平心持正하고 反欲鬪兩主하여 觀禍敗로다,"또 선우(單于)가 너를 신임하여 너로 하여금 사람의 생사(生死)를 결단하게 하였는데, 공평한 마음으로 바름을 지키지 않고, 도리어 두 나라 군주를 싸우게 하여 화패(禍敗)를 보고자 한단 말인가.",로다,False,로다,Level1
자치통감강목4,1379,3157,宜太子之不終也로다,태자가 잘 끝마치지 못함이 마땅한 것이다.”,로다,False,로다,Level1
자치통감강목4,1558,3571,然이나 其處事應機는 則不異於古人矣로다,그러나 일을 처리함에 임기응변(臨機應變)한 것은 고인(古人)과 다르지 않다.”,로다,False,로다,Level1
자치통감강목4,1579,3626,義士로다,의사(義士)이다.,로다,True,로다,Level1
자치통감강목4,1690,3867,論者或美介子以爲奇功하니 過矣로다,"의논하는 자들이 부개자(傅介子)를 찬미하여 기이한 공(功)을 세웠다 하니, 이는 잘못이다.”",로다,False,로다,Level1
자치통감강목5,221,492,初에 霍氏奢侈어늘 茂陵徐生曰 霍氏必亡이로다,"전에 곽씨(霍氏)가 분수에 넘치게 제멋대로 행동하자, 무릉(茂陵)의 서생(徐生)(서복(徐福))이 말하기를 “곽씨는 반드시 망할 것이다.",로다,False,로다,Level1
자치통감강목5,366,823,是以로 決意去之하니 觀其語曰 不去면 懼有後悔라하니 則其微意를 可見矣로다,"이 때문에 결심하고 떠나간 것이니, 그의 말에 ‘떠나가지 않으면 후회가 있을까 두렵다.’라고 한 것을 살펴보면 그의 깊은 뜻을 알 수 있다.",로다,True,로다,Level1
자치통감강목20,1600,2504,觀此하고 尙不知佛學之非하고 又從而爲之說하여 以自解焉하면 則亦末如之何矣로다,이를 보고도 오히려 불학(佛學)의 그릇됨을 모르고 또 따라서 설(說)을 만들어 스스로 해명한다면 역시 어찌할 수가 없다.”,로다,True,로다,Level1
자치통감강목20,1602,2507,嘗與繹雙六이라가 食子未下어늘 賁曰 殿下都無下意로다,"일찍이 소역과 쌍륙(雙六) 놀이를 하다가 〈소역이〉 말을 잡은 다음에 놓지 않자, 소분이 말하기를 “전하께서는 전혀 말을 놓으실 생각이 없습니다.”라고 하니,",로다,True,로다,Level1
자치통감강목20,1748,2707,苟非實見義重於生인댄 則不能也니 嵊可謂無負乎書矣로다,"만일 의리가 목숨보다 중요하다는 것을 실제 안 것이 아니라면 불가능한 일이니, 장승은 〈의리가 목숨보다 중요하다는〉 글을 저버리지 않았다고 할 만하다.”",로다,True,로다,Level1
자치통감강목20,1760,2723,綸流涕曰 天下之事一至於斯하니 湘州若敗인댄 吾亡無日矣로다,"소륜이 눈물을 흘리며 말하기를 “천하의 일이 한결같이 이 지경에 이르렀으니, 상주(湘州)가 만일 패배하면 나는 조만간 망할 것이다.”라고 하였다.",로다,True,로다,Level1
자치통감강목3,58,117,公知其一이요 未知其二로다,“그대들은 하나만 알고 둘은 알지 못하는구나.,로다,True,로다,Level1
자치통감강목3,105,239,而敏於用言하여 不自遑暇 如此하니 其成帝業이 宜哉로다,"그런데 남의 말을 따르는 데에 민첩해서 스스로 편안하게 있지 않은 것이 이와 같았으니, 제업(帝業)을 이룬 것이 마땅하다.",로다,True,로다,Level1
자치통감강목3,105,240,光武下隴하고 歸才六日에 潁川盜起어늘 而往征之하니 可謂能繩祖武矣로다,"광무제(光武帝)가 농(隴)을 함락하고 돌아온 지 겨우 6일 만에 영천(潁川)에서 도둑 떼가 일어나자 직접 가서 정벌하였으니, 광무제(光武帝)는 선조(先祖)(고제(高帝))의 자취를 잘 계승했다고 이를 만하다.”",로다,True,로다,Level1
자치통감강목3,112,267,惟子程子蓋嘗言之하시고 又以爲子房進退從容하여 有儒者之風하니 非高祖之能用子房이요 實子房能用高祖라하시니 其可謂知子房矣로다,"오직 정자(程子)께서 일찍이 이에 대해서 말씀하시고, 또 말씀하기를 ‘자방의 진퇴(進退)는 조용하고 여유로워 점잖은 유자(儒者)의 풍모가 있었으니, 고조가 능히 자방을 이용한 것이 아니라 실은 자방이 능히 고조를 이용한 것이다.’라고 하였으니, 자방을 알았다고 이를 만하다.",로다,False,로다,Level1
자치통감강목3,129,310,信曰 果若人言이로다,그러자 한신이 말하기를 “과연 사람들이 하는 말과 같구나.,로다,False,로다,Level1
자치통감강목3,129,311,狡兎死에 走狗烹이요 高鳥盡에 良弓藏이요 敵國破에 謀臣亡이라하니 天下已定하니 我固當烹이로다,"교활한 토끼가 죽으면 잘 달리는 사냥개는 삶아지고, 높이 나는 새가 다 잡히면 좋은 활은 깊숙한 곳에 보관되고, 적국이 격파되면 모신(謀臣)은 망한다고 하더니, 천하가 이미 평정되었으니 나는 참으로 삶아지겠구나.” 하였다.",로다,True,로다,Level1
자치통감강목3,157,385,嗚呼惜哉로다,"아, 애석하다.”",로다,True,로다,Level1
자치통감강목3,171,423,故로 良이 因事納忠하여 以變移帝意하여 使上無阿私하고 下無猜懼하니 可謂善諫矣로다,"그러므로 장량이 이 일로 인하여 충언(忠言)을 바쳐서 고제의 생각을 바꾸게 하여, 윗사람으로 하여금 공정하지 못한 잘못이 없게 하고 아래의 신하들로 하여금 시기하고 두려워하는 마음이 없게 하였으니, 잘 간했다고 이를 만하다.”",로다,True,로다,Level1
자치통감강목3,243,604,高等이 相謂曰 吾王은 長者라 不倍徳이로다,그러자 관고 등이 서로 말하기를 “우리 왕은 장자(長者)이기 때문에 은덕을 배반하지 않으시는 것이다.,로다,True,로다,Level1
자치통감강목3,285,693,廷尉以聞한대 上曰 壯士로다,"정위(廷尉)가 이런 사실을 보고하자, 상(上)이 말하기를 “장사(壯士)로다.",로다,True,로다,Level1
자치통감강목3,323,796,至邯鄲하여 喜曰 豨不南據邯鄲而阻(章)［漳］水하니 吾知其無能爲矣로다,"상(上)이 한단(邯鄲)에 이르러 기뻐하며 말하기를 “진희가 남쪽으로 한단을 점거하지 않고 장수(漳水)를 막고 있으니, 나는 그가 큰일을 하지 못한다는 것을 알겠다.” 하였다.",로다,True,로다,Level1
자치통감강목3,428,1053,酒酣에 上이 擊筑自歌曰 大風起兮여 雲飛揚이로다,"술이 거나해지자, 상(上)이 축(筑)을 치며 스스로 노래하기를, “대풍(大風)이 일어나니 구름이 날도다.",로다,True,로다,Level1
자치통감강목3,428,1054,威加海內兮여 歸故鄕이로다,위엄이 해내(海內)에 더해지고서 고향에 돌아오도다.,로다,True,로다,Level1
자치통감강목3,444,1089,四人者出커늘 上이 召戚夫人하여 指視之하고 曰 我欲易之러니 彼四人者輔之하니 羽翼已成하여 難動矣로다,"네 사람이 나가자, 상(上)이 척부인(戚夫人)을 불러 이들을 가리켜 보이며 말하기를, “내가 태자를 바꾸고자 하였는데 저 네 사람이 태자를 보좌하니, 우익(羽翼)이 이미 이루어져서 바꾸기가 어렵다.” 하였다.",로다,False,로다,Level1
자치통감강목3,509,1257,爲人子者 父母有過則諫하고 諫而不聽이면 則號泣而隨之하나니 若孝惠者는 可謂篤於小仁而未知大誼也로다,"“자식 된 자는 부모가 허물이 있으면 간하고, 간해도 듣지 않으면 울부짖으면서 따라야 하니, 효혜황제(孝惠皇帝)와 같은 자는 작은 인(仁)에는 독실하나 대의(大義)를 알지 못했다고 이를 만하다.”",로다,False,로다,Level1
자치통감강목3,533,1306,參爲相三年에 百姓이 歌之曰 蕭何爲法에 較若畫一이러니 曹參代之하여 守而勿失이로다,"조참이 승상이 된 지 3년이 지나자, 백성들이 노래하기를, “소하가 법을 만듦에 분명하기가 일자(一字)를 그은 것과 같더니, 조참이 그를 대신함에 그 법을 그대로 지켜 잃지 않았네.",로다,True,로다,Level1
시경집전(상),1489,3409,要之襋之하여 好人服之로다,허리를 달고 옷깃을 달아 좋은 님이 입도다,로다,True,로다,Level1
시경집전(상),1492,3420,好人提提하여 宛然左辟하나니 佩其象揥로다,아름다운 임이 한가로워 완연(宛然)히 사양하여 왼쪽으로 피하나니 상아로 만든 빗을 찼도다,로다,True,로다,Level1
시경집전(상),1497,3433,彼汾沮洳에 言采其莫로다,저 분수(汾水)의 물가에 그 나물을 캐도다,로다,False,로다,Level1
시경집전(상),1498,3434,彼其之子여 美無度로다,저 그 사람이여 아름다움을 헤아릴 수 없도다,로다,True,로다,Level1
시경집전(상),1499,3435,美無度나 殊異乎公路로다,아름다움을 헤아릴 수 없으나 자못 공로(公路)와는 다르도다,로다,True,로다,Level1
시경집전(상),1502,3444,彼汾一方에 言采其桑이로다,저 분수(汾水) 한 쪽에 뽕을 따도다,로다,False,로다,Level1
시경집전(상),1503,3445,彼其之子여 美如英이로다,저 그 사람이여 아름답기가 꽃과 같도다,로다,True,로다,Level1
시경집전(상),1504,3446,美如英이나 殊異乎公行이로다,아름답기가 꽃과 같으나 자못 공행(公行)과는 다르도다,로다,True,로다,Level1
시경집전(상),1506,3451,彼汾一曲에 言采其藚이로다,저 분수(汾水) 한 굽이에 쇠귀나물을 뜯도다,로다,False,로다,Level1
시경집전(상),1507,3452,彼其之子여 美如玉이로다,저 그 사람이여 아름다움이 옥과 같도다,로다,True,로다,Level1
시경집전(상),1508,3453,美如玉이나 殊異乎公族이로다,아름다움이 옥과 같으나 자못 공족(公族)과는 다르도다,로다,True,로다,Level1
시경집전(상),1511,3460,園有桃하니 其實之殽로다,동산에 복숭아나무가 있으니 그 열매를 먹도다,로다,False,로다,Level1
시경집전(상),1513,3462,不知我者는 謂我士也驕로다,이내마음 알지 못하는 자들은 나더러 선비가 교만하다 하도다,로다,False,로다,Level1
시경집전(상),1516,3465,其誰知之리오 蓋亦勿思로다,그 누가 이것을 알리오 또한 생각하지 않아서로다,로다,False,로다,Level1
시경집전(상),1519,3476,園有棘하니 其實之食이로다,동산에 작은 대추나무가 있으니 그 열매를 먹도다,로다,False,로다,Level1
시경집전(상),1521,3478,不知我者는 謂我士也罔極이로다,이내마음 알지 못하는 자들은 나더러 선비가 극(極)이 없다 하도다,로다,False,로다,Level1
시경집전(상),1524,3481,其誰知之리오 蓋亦勿思로다,그 누가 이것을 알리오 또한 생각하지 않아서로다,로다,False,로다,Level1
시경집전(상),1528,3491,父曰嗟予子行役하여 夙夜無已로다,"아버지께서 말씀하시기를 “아, 내 아들 부역가서 밤낮으로 쉬지 못하리로다",로다,False,로다,Level1
시경집전(상),1533,3502,母曰嗟予季行役하여 夙夜無寐로다,"어머니께서 말씀하시기를 “아, 내 막내아들 부역가서 밤낮으로 자지 못하리로다",로다,False,로다,Level1
시경집전(상),1537,3510,兄曰嗟予弟行役하여 夙夜必偕로다,형님께서 말씀하기를 “아 내 아우 부역가서 밤낮을 반드시 동무들과 함께 행동하리로다,로다,False,로다,Level1
시경집전(상),1346,3089,女曰觀乎인저 士曰旣且로다,여자가 “구경가자”고 하자 남자가 “이미 하였노라” 하도다,로다,True,로다,Level1
시경집전(상),1348,3091,維士與女 伊其將謔하여 贈之以勺藥이로다,남자와 여자가 서로 희학을 하며 작약(勺藥)을 선물하도다,로다,False,로다,Level1
시경집전(상),1354,3110,匪雞則鳴이라 蒼蠅之聲이로다,닭이 운 것이 아니라 창승(蒼蠅)의 소리로다,로다,False,로다,Level1
시경집전(상),1357,3118,匪東方則明이라 月出之光이로다,동방(東方)이 밝은 것이 아니라 달이 떠서 빛남이로다,로다,True,로다,Level1
시경집전(상),1375,3156,俟我於著乎而하나니 充耳以素乎而요 尙之以瓊華乎而로다,나를 문간에서 기다리나니 충이(充耳)를 흰 실로 하였고 그 위에 경화(瓊華)를 더하였도다,로다,True,로다,Level1
시경집전(상),1378,3167,俟我於庭乎而하나니 充耳以靑乎而요 尙之以瓊瑩乎而로다,나를 뜰에서 기다리나니 충이(充耳)를 푸른 실로 하였고 그 위에 경영(瓊瑩)을 더하였도다,로다,True,로다,Level1
시경집전(상),1381,3173,俊我於堂乎而하나니 充耳以黃乎而요 尙之以瓊英乎而로다,나를 당(堂)에서 기다리나니 충이(充耳)를 누런 실로 하였고 그 위에 경영(瓊英)을 더하였도다,로다,True,로다,Level1
시경집전(상),1386,3180,彼姝者子 在我室兮로다,저 아름다운 그대가 내 방에 있도다,로다,True,로다,Level1
시경집전(상),1387,3181,在我室兮하니 履我卽兮로다,내 방에 있으니 내 발자취를 밟아 따라오도다,로다,True,로다,Level1
시경집전(상),1390,3185,彼姝者子 在我闥兮로다,저 아름다운 그대가 내 문안에 있도다,로다,True,로다,Level1
시경집전(상),1391,3186,在我闥兮하니 履我發兮로다,내 문 안에 있으니 내 발자취를 따라 출발하도다,로다,True,로다,Level1
시경집전(상),1395,3193,顚之倒之어늘 自公召之로다,넘어지고 엎어지거늘 공소(公所)로부터 부르도다,로다,False,로다,Level1
시경집전(상),1399,3201,倒之顚之어늘 自公令之로다,넘어지며 엎어지거늘 공소(公所)로부터 호령하도다,로다,False,로다,Level1
시경집전(상),1402,3206,不能晨夜하여 不夙則莫로다,새벽과 밤을 구별하지 못하여 이르지 않으면 너무 늦도다,로다,True,로다,Level1
시경집전(상),1406,3217,南山崔崔어늘 雄狐綏綏로다,남산(南山)이 높고 높거늘 숫여우가 제 짝을 찾도다,로다,True,로다,Level1
시경집전(상),1407,3218,魯道有蕩이어늘 齊子由歸로다,노(魯)나라 길이 평탄하거늘 제자(齊子)가 이 길을 따라 시집왔도다,로다,False,로다,Level1
시경집전(상),1412,3234,魯道有蕩이어늘 齊子庸止로다,노(魯)나라 길이 평탄하거늘 제자(齊子)가 이 길을 사용하여 시집왔도다,로다,False,로다,Level1
시경집전(상),1438,3288,盧令令이로소니 其人美且仁이로다,사냥개의 방울이 딸랑딸랑 하니 그 사람 아름답고 또 인자하도다,로다,True,로다,Level1
시경집전(상),1441,3293,盧重環이로소니 其人美且鬈이로다,사냥개의 방울이 겹이니 그 사람 아름답고 또 수염이 많도다,로다,True,로다,Level1
시경집전(상),1443,3297,盧重鋂로소니 其人美且偲로다,사냥개의 사슬고리가 이중이니 그 사람 아름답고 또 수염이 많도다,로다,True,로다,Level1
자치통감강목5,497,1123,兵至䍐地하여 令軍毋燔聚落及芻牧田中하니 䍐羌이 聞之하고 喜曰 漢果不擊我矣로다,"한(漢)나라 군대가 한강(䍐羌)의 지역에 이르자, 조충국(趙充國)은 군대로 하여금 적의 취락을 불태우거나 밭 가운데서 꼴을 베고 가축을 방목하지 못하게 하니, 한강(䍐羌)은 이 말을 듣고 기뻐하여 말하기를 “한(漢)나라 군대가 과연 우리를 공격하지 않는다.” 하였다.",로다,True,로다,Level1
자치통감강목5,731,1688,其詩曰 田彼南山하니 蕪穢不治로다,"그 시(詩)에 이르기를 ‘저 남산(南山)에서 농사지으니, 황폐하여 밭이 제대로 다스려지지 못하였도다.",로다,True,로다,Level1
자치통감강목5,731,1689,種一頃豆하니 落而爲萁로다,"1경(頃)에 콩을 심으니, 콩이 떨어져 콩깍지가 되었도다.",로다,False,로다,Level1
자치통감강목5,741,1724,其爲善政之累 大矣로다,선정(善政)의 누(累)가 됨이 크다.,로다,False,로다,Level1
자치통감강목5,760,1758,且俗儒不達時宜하여 好是古非今하여 使人眩於名實하여 不知所守하니 何足委任이리오하고 乃歎曰 亂我家者는 太子也로다,"또 세속의 유자(儒者)들은 시대의 마땅함을 알지 못해서 옛날을 옳다 하고 지금을 그르다고 하여, 사람들로 하여금 명분과 실제를 현혹시켜 지킬 바를 모르게 하니, 어찌 유자(儒者)에게 위임할 수 있겠는가.” 하고는, 탄식하기를 “우리 한(漢)나라를 어지럽힐 자는 태자(太子)이다.” 하였다.",로다,True,로다,Level1
자치통감강목5,812,1889,以張敞所論鶡雀觀之하면 亦可見矣로다,장창(張敞)이 논한 분작(鶡雀)을 가지고 관찰해보면 또한 이것을 알 수 있다.”,로다,False,로다,Level1
자치통감강목5,841,1946,功光祖宗하고 業垂後嗣하니 可謂中興하여 侔德殷宗周宣矣로다,"그리하여 공(功)이 조종(祖宗)에 빛나고 업(業)이 후사(後嗣)에 드리우니, 중흥(中興)하여 덕(德)이 은(殷)나라의 고종(高宗)과 주(周)나라의 선왕(宣王)에 비견할 만하다.”",로다,True,로다,Level1
자치통감강목5,1497,3383,單于來朝할새 拜謁商하고 仰視大畏之하여 遷延却退하니 上이 聞而歎曰 眞漢相矣로다,"선우(單于)가 와서 조회할 적에 왕상을 배알하고는 우러러보고 크게 두려워하여 머뭇거리며 뒤로 물러나니, 상(上)이 듣고 감탄하기를 “왕상은 참으로 한(漢)나라의 〈훌륭한〉 정승이다.” 하였다.",로다,True,로다,Level1
자치통감강목5,1554,3508,自鳳之白罷商하고 後遣定陶王也로 上이 不能平이러니 及聞章言에 感寤納之하여 謂章曰 微京兆尹直言이면 吾不聞社稷計로다,"왕봉(王鳳)이 황제에게 아뢰어 왕상(王商)을 파직하고 뒤에 정도왕(定陶王)을 〈봉국으로〉 보낸 뒤로부터 상(上)은 마음이 평안하지 못하였는데, 왕장(王章)의 말을 들은 뒤로는 감동하여 깨우쳐 그의 말을 받아들이고서 왕장에게 이르기를 “경조윤(京兆尹)의 직언(直言)이 아니었다면 내 종묘사직의 계책을 듣지 못할 뻔하였다.",로다,True,로다,Level1
자치통감강목6,178,378,上이 乃喟然嘆曰 吾久不見班生이러니 今日에 復聞讜言이로다,"상(上)은 마침내 한숨을 쉬고 탄식하며 말하기를 “내 오랫동안 반생(班生)을 만나보지 못했는데, 오늘에야 다시 정직한 말을 듣는구나.” 하였다.",로다,True,로다,Level1
자치통감강목6,322,697,上이 大怒曰 小臣이 居下訕上하여 廷辱師傅하니 罪死不赦로다,"상(上)이 크게 노하여 말하기를 “낮은 신하가 아랫자리에 있으면서 윗사람을 비방하여 조정에서 사부(師傅)를 욕보였으니, 죽을죄를 지어 용서할 수가 없다.",로다,False,로다,Level1
자치통감강목6,369,786,漢家는 本起於蜀漢이어늘 今所起之地에 山崩川竭하고 星孛又及攝提大角하여 從參至辰하니 殆必亡矣로다,"한(漢)나라는 본래 촉한(蜀漢)에서 일어났는데, 지금 우리 한(漢)나라가 일어난 지역에 산이 무너지고 냇물이 고갈되고 또 패성(孛星)이 또다시 섭제(攝提) 대각(大角)에 미쳐서 삼성(參星)으로부터 진성(辰星)에까지 이르렀으니, 아마도 한(漢)나라가 반드시 멸망할 것이다.”",로다,False,로다,Level1
자치통감강목6,485,1038,孝成이 欲誣天人이로되 而卒無所益하니 可謂不知命矣로다,"효성황제(孝成皇帝)가 하늘과 사람을 속이고자 하였으나 끝내 유익한 바가 없었으니, 천명(天命)을 알지 못했다고 이를 만하다.”",로다,False,로다,Level1
자치통감강목6,956,2155,以是負國이라 死有餘責이로다,"이렇게 함으로써 나라를 저버렸으니, 죽어도 남은 죄책이 있다.”",로다,False,로다,Level1
자치통감강목6,989,2220,是故로 聖主는 專務治內以固其本하고 不勤遠略而忽近圖하니 其慮深矣로다,"이 때문에 성주(聖主)는 오로지 내치(內治)를 힘써 근본을 견고히 하고, 멀리 경략(經略)하기를 힘쓰느라 가까운 계책을 소홀히 하지 않았으니, 그 염려함이 깊다.”",로다,False,로다,Level1
자치통감강목6,1043,2315,彭宣이 見險而止하니 異乎苟患失之者矣로다,"“팽선(彭宣)이 위험함을 보고 능히 그쳤으니, 구차히 관직을 잃을 것을 근심한 자와는 다르다.”",로다,False,로다,Level1
자치통감강목6,1323,2884,悲夫로다,슬프도다.”,로다,True,로다,Level1
자치통감강목6,1494,3256,"守死善道는 勝實蹈焉하며 貞而不諒은 薛方近之요 郭欽, 蔣詡는 好遯不汚하니 絶紀唐矣로다","그러나 죽음으로 지키고 도(道)를 잘 따름은 공승이 실로 이를 행하였고, 바르게 하고 작은 신의에 얽매이지 않음은 설방(薛方)이 이에 가까우며, 곽흠(郭欽)과 장후(蔣詡)는 은둔을 좋아하고 몸을 더럽히지 않았으니, 기준(紀逡)과 두 당씨(唐氏)보다 크게 낫다.",로다,True,로다,Level1
자치통감강목7,352,447,今見大敵勇하니 甚可怪也로다,지금 큰 적을 보고 용감하니 참으로 괴이하다.,로다,True,로다,Level1
자치통감강목7,511,672,嘉曰 卿言大하여 非吾任也로다,유가가 말하기를 “경(卿)의 말은 너무 커서 내가 감당할 수 있는 바가 아니다.,로다,False,로다,Level1
시경집전(상),1446,3304,敝笱在梁하니 其魚魴鰥이로다,해진 통발이 어량(魚梁)에 있으니 그 고기는 방어(魴魚)와 환어(鰥魚)로다,로다,True,로다,Level1
시경집전(상),1447,3305,齊子歸止하니 其從如雲이로다,제자(齊子)가 제(齊)나라로 돌아가니 따르는 자들이 구름처럼 많도다,로다,True,로다,Level1
시경집전(상),1450,3313,敝笱在梁하니 其魚魴鱮로다,해진 통발이 어량(魚梁)에 있으니 그 고기는 방어(魴魚)와 연어(鰱魚)로다,로다,True,로다,Level1
시경집전(상),1451,3314,齊子歸止하니 其從如雨로다,제자(齊子)가 제(齊)나라로 돌아가니 따르는 자들이 비처럼 많도다,로다,True,로다,Level1
시경집전(상),1453,3318,敝笱在梁하니 其魚唯唯로다,해진 통발이 어량(魚梁)에 있으니 그 고기가 들락날락하도다,로다,True,로다,Level1
시경집전(상),1454,3319,齊子歸止하니 其從如水로다,제자(齊子)가 제(齊)나라로 돌아가니 따르는 자들이 물처럼 많도다,로다,True,로다,Level1
시경집전(상),1458,3326,載驅薄薄하니 簟茀朱鞹이로다,수레를 몰기를 급히 하니 방문석(方文席)으로 만든 가리개며 붉은 칠한 가죽이로다,로다,True,로다,Level1
시경집전(상),1459,3327,魯道有蕩이어늘 齊子發夕이로다,노(魯)나라 길이 평탄하거늘 제자(齊子)가 유숙한 곳에서 출발하도다,로다,True,로다,Level1
시경집전(상),1462,3335,四驪濟濟하니 垂轡濔濔로다,네 마리 검은 말이 아름다우니 드리운 고삐가 부드럽고 부드럽도다,로다,True,로다,Level1
시경집전(상),1463,3336,魯道有蕩이어늘 齊子豈弟로다,노(魯)나라 길이 평탄하거늘 제자(齊子)가 즐겁고 화평하도다,로다,True,로다,Level1
시경집전(상),1465,3341,汶水湯湯이어늘 行人彭彭이로다,문수(汶水)가 넘실넘실대거늘 길가는 사람들이 많고 많도다,로다,True,로다,Level1
시경집전(상),1466,3342,魯道有蕩이어늘 齊子翺翔이로다,노(魯)나라 길이 평탄하거늘 제자(齊子)가 고상(翺翔)하도다,로다,True,로다,Level1
시경집전(상),1468,3347,汶水滔滔어늘 行人儦儦로다,문수(汶水)가 도도(滔滔)히 흐르거늘 길 가는 사람들이 많고 많도다,로다,True,로다,Level1
시경집전(상),1469,3348,魯道有蕩이어늘 齊子遊敖로다,노(魯)나라 길이 평탄하거늘 제자(齊子)가 유오(遊敖)하도다,로다,False,로다,Level1
시경집전(상),1473,3355,巧趨蹌兮로소니 射則臧兮로다,공교로운 걸음걸이가 예쁘기도 하니 활쏘기도 잘하도다,로다,True,로다,Level1
시경집전(상),1478,3368,展我甥兮로다,진실로 우리 제(齊)나라의 생질이로다,로다,False,로다,Level1
시경집전(상),1480,3377,猗嗟孌兮여 淸揚婉兮로다,"아, 예쁨이여 눈과 눈썹이 아름답도다",로다,True,로다,Level1
시경집전(상),1482,3379,四矢反兮로소니 以禦亂兮로다,네 화살이 반복하여 한 곳을 맞히니 난(亂)을 막으리로다,로다,True,로다,Level1
시경집전(상),1487,3407,糾糾葛屨여 可以履霜이로다,썰렁한 칡신이여 서리를 밟을 수 있도다,로다,False,로다,Level1
시경집전(상),1488,3408,摻摻女手여 可以縫裳이로다,섬섬한 여인(女人)의 손이여 치마를 꿰맬 수 있도다,로다,True,로다,Level1
자치통감강목7,614,819,賈復이 傷瘡甚하니 王이 大驚曰 我所以不令賈復別將者는 爲其輕敵也러니 果然失吾名將이로다,"가복(賈復)이 〈싸우다가〉 심한 상처를 입으니, 왕이 크게 놀라 말하기를 “내가 가복에게 별장(別將)을 시키지 않은 이유는 그가 적을 깔보기 때문이었는데, 과연 나의 명장을 잃었구나.",로다,True,로다,Level1
자치통감강목7,623,833,會에 儒生彊華 自關中으로 奉赤伏符하여 來詣王하니 曰 劉秀發兵捕不道에 四夷雲集龍鬪野로다,"이때 마침 유생(儒生) 강화(彊華)가 관중(關中)에서 적복부(赤伏符)를 받들고 와서 왕에게 올렸는데, 여기에 이르기를 “유수(劉秀)(소왕(蕭王))가 군대를 일으켜 무도한 자들을 토벌함에, 사방 오랑캐들이 구름 떼처럼 모여 용(龍)이 들에서 싸우도다.",로다,True,로다,Level1
자치통감강목7,669,899,汝爲敝民矣로다,“너는 예의를 파괴하는 백성이다.,로다,False,로다,Level1
자치통감강목7,865,1190,帝降璽書勞異曰 始雖垂翅回谿나 終能奮翼澠池하니 可謂失之東隅나 收之桑榆로다,"황제가 친서(親書)(새서(璽書))를 내려 풍이를 위로하기를 “처음에는 비록 회계(回谿)에서 날개를 떨구었으나 끝내는 면지(澠池)에서 날개를 펼쳤으니, 동우(東隅)에서는 잃었으나 상유(桑榆)에서 거두었다고 이를 만하다.” 하였다.",로다,True,로다,Level1
자치통감강목7,954,1318,謂援曰 卿이 遨遊二帝間하니 今見卿에 使人大慙이로다,"그러고는 마원에게 이르기를 “경(卿)이 두 황제의 사이에서 분주히 오가니, 내가 지금 경(卿)을 만남에 몹시 부끄럽다.” 하였다.",로다,True,로다,Level1
자치통감강목7,957,1322,帝復笑曰 卿非刺客이요 顧說客耳로다,"황제가 다시 웃으며 말하기를 “경(卿)은 자객이 아니라, 다만 유세하러 온 선비일 뿐이다.” 하였다.",로다,False,로다,Level1
자치통감강목7,1240,1710,"生言周, 漢之勢는 可也어니와 至於但見愚人習識劉氏姓號之故로 而謂漢復興은 疎矣로다","“생(生)(반표(班彪))이 주(周)나라와 한(漢)나라의 형세를 말하는 것은 괜찮지만, 다만 어리석은 사람들이 유씨(劉氏)의 성(姓)과 칭호를 익숙히 아는 것을 보았다고 해서 한(漢)나라가 다시 일어날 것이라고 말하는 것은 너무 소략하다.",로다,True,로다,Level1
자치통감강목7,1314,1816,人苦不知足이로다,사람은 만족함을 알지 못하는 것이 병통이다.,로다,True,로다,Level1
자치통감강목7,1490,2074,良失斬將弔民之義也로다,참으로 적장을 목 베고 백성을 위로하는 의리를 잃었다.” 하였다.,로다,True,로다,Level1
자치통감강목7,1655,2296,時에 宗室諸母因酣悅하여 相與語曰 文叔이 少時謹信하여 與人不款曲하고 唯直柔耳러니 今乃能如此로다,"이때 종실의 백모(伯母), 고모(姑母)들이 술에 취하여 즐거워하면서 서로 말하기를 “문숙(文叔)(황제의 자(字))이 소싯적에는 근신하고 신실하여 사람들과 친하게 지내지 않고 오직 정직하고 유순할 뿐이었는데, 지금은 이와 같도다.” 하였다.",로다,True,로다,Level1
자치통감강목7,1796,2494,聖上이 遠覽古今하고 因時之宜하여 辭而未許하시니 雖大禹之序西戎하고 周公之讓白雉하고 太宗之却走馬라도 義兼之矣로다,"그러나 성상(聖上)이 고금을 멀리 보고 시의를 따라서 사양하고 허락하지 않으시니, 비록 대우(大禹)가 서융(西戎)을 질서정연하게 하고 주공(周公)이 흰 꿩을 사양하고 태종(太宗)이 명마(名馬)를 물리친 것이라도 〈이보다 크게 더하지 못하여〉 그 의의(意義)를 겸했다 할 것이다.”",로다,True,로다,Level1
자치통감강목7,1900,2636,明達如是하니 宜其永終天祿하고 享國久長也로다,"황제의 밝고 통달함이 이와 같았으니, 마땅히 그 천록(天祿)을 영원히 누리고 장구하게 나라를 향유할 만하다.”",로다,True,로다,Level1
자치통감강목8,88,118,世祖之臣이 智不及此하여 陷其君於過擧而不得聞也로다,세조(世祖)의 신하들이 지혜가 여기에 미치지 못해서 그 군주를 잘못된 일에 빠뜨리면서도 이것을 아뢰지 못하였도다.”,로다,False,로다,Level1
자치통감강목8,89,121,然而信聖人之言이 不如信圖讖之篤也로다,그러나 성인(聖人)(공자(孔子))의 말씀을 믿은 것이 도참(圖讖)을 믿은 것만큼 돈독하지는 못하였다.”,로다,False,로다,Level1
자치통감강목8,638,939,萬年之日長恨矣로다,죽는 날 천추의 한이 될 것이다.” 하였다.,로다,True,로다,Level1
자치통감강목8,674,982,不禁火하니 民安作로다,"불 피우는 것을 금하지 않으니, 백성들이 편하게 일하도다.",로다,False,로다,Level1
자치통감강목8,788,1150,奉이 乃歎曰 賢者는 固不可測이로다,장봉은 마침내 탄식하기를 “현자(賢者)는 진실로 측량할 수가 없다.,로다,True,로다,Level1
자치통감강목8,1055,1522,固之序事에 不激詭하고 不抑抗하며 贍而不穢하고 詳而有體하여 使讀之者로 亹亹而不厭하니 信哉라 其能成名也로다,"“반고(班固)가 일을 서술할 적에 지나치게 남을 칭찬하거나 헐뜯지 않고 남을 억누르거나 올려주지 않았으며, 문장이 풍부하면서도 추악하지 않고 자세하면서도 골격을 갖추어, 이 책을 읽는 자들로 하여금 힘쓰게 하면서 싫증 내지 않게 하니, 그가 명성을 이룬 것이 참으로 옳다.",로다,True,로다,Level1
자치통감강목8,1056,1524,"然其論議常排死節하고 否正直하여 而不敍殺身成仁之爲美하니 則輕仁義, 賤守節이 甚矣로다","그러나 그 논의가 항상 충절에 죽은 사람을 배척하고 정직한 사람을 부정하여 살신성인(殺身成仁)의 아름다움을 서술하지 않았으니, 인의(仁義)를 가벼이 보고 충절을 지킴을 하찮게 여긴 것이 심하다.”",로다,False,로다,Level1
자치통감강목8,1245,1770,友愛兄弟하고 禮賢納諫하여 中國(又)［乂］安하니 方之章帝에 實過之矣로다,"형제간에 우애하고 어진 이를 예우하고 간언을 받아들여서 중국(中國)이 편안하게 다스려졌으니, 장제(章帝)와 비교해보면 훨씬 낫다.”",로다,True,로다,Level1
시경집전(상),1548,3531,坎坎伐檀兮어늘 寘之河之干兮하니 河水淸且漣猗로다,끙끙 박달나무를 베어왔거늘 하수(河水) 물가에 버려두니 하수(河水)가 맑고 또 물결이 일도다,로다,True,로다,Level1
시경집전(상),1551,3534,彼君子兮여 不素餐兮로다,저 군자(君子)여 공밥을 먹지 않도다,로다,False,로다,Level1
시경집전(상),1554,3554,坎坎伐輻兮어늘 寘之河之側兮하니 河水淸且直猗로다,끙끙 수레바퀴살을 베어왔거늘 하수(河水) 가에 버려두니 하수(河水)가 맑고 또 물결이 곧도다,로다,True,로다,Level1
시경집전(상),1557,3557,彼君子兮여 不素食兮로다,저 군자(君子)여 공밥을 먹지 않도다,로다,False,로다,Level1
시경집전(상),1559,3563,坎坎伐輪兮어늘 寘之河之漘兮하니 河水淸且淪猗로다,감감(坎坎)히 수레바퀴를 베어왔거늘 하수(河水) 가에 버려두니 하수(河水)가 맑고 또 물결이 둥글게 일도다,로다,True,로다,Level1
시경집전(상),1562,3566,彼君子兮여 不素飧兮로다,저 군자(君子)여 공밥을 먹지 않도다,로다,True,로다,Level1
시경집전(상),1568,3578,樂土樂土여 爰得我所로다,"낙토(樂土)여, 낙토(樂土)여 이에 내 살 곳을 얻으리로다",로다,True,로다,Level1
시경집전(상),1574,3590,樂國樂國이여 爰得我直이로다,"낙국(樂國)이여, 낙국(樂國)이여 이에 나의 좋은 곳을 얻으리로다",로다,True,로다,Level1
시경집전(상),1617,3683,揚之水여 白石鑿鑿이로다,느릿느릿 흘러가는 물이여 흰돌이 뾰족뾰족하도다,로다,True,로다,Level1
시경집전(상),1622,3696,揚之水여 白石皓皓로다,느릿느릿 흘러가는 물이여 흰돌이 희고 희도다,로다,False,로다,Level1
시경집전(상),1626,3702,揚之水여 白石粼粼이로다,느릿느릿 흘러가는 물이여 흰돌이 깨끗하고 깨끗하도다,로다,True,로다,Level1
시경집전(상),1631,3714,椒聊之實이여 蕃衍盈升이로다,후추의 열매여 번연(蕃衍)하여 한 되에 가득차도다,로다,False,로다,Level1
시경집전(상),1632,3715,彼其之子여 碩大無朋이로다,저 그 사람이여 석대(碩大)하여 짝할 이가 없도다,로다,True,로다,Level1
시경집전(상),1633,3716,椒聊且여 遠條且로다,후추여 가지가 멀리 뻗었도다,로다,False,로다,Level1
시경집전(상),1636,3726,椒聊之實이여 蕃衍盈匊이로다,후추의 열매여 번연(蕃衍)하여 한 움큼에 가득하도다,로다,False,로다,Level1
시경집전(상),1637,3727,彼其之子여 碩大且篤이로다,저 그 사람이여 석대(碩大)하고 또 후(厚)하도다,로다,True,로다,Level1
시경집전(상),1638,3728,椒聊且여 遠條且로다,후추여 가지가 멀리 뻗었도다,로다,False,로다,Level1
시경집전(상),1641,3734,綢繆束薪일새 三星在天이로다,칭칭감아 섶을 묶을 적에 삼성(三星)이 하늘에 떠있도다,로다,True,로다,Level1
시경집전(상),1646,3744,綢繆束芻일새 三星在隅로다,칭칭감아 꼴을 묶을 적에 삼성(三星)이 동남쪽 귀퉁이에 있도다,로다,True,로다,Level1
시경집전(상),1650,3751,綢繆束楚일새 三星在戶로다,칭칭감아 나뭇단을 묶을 적에 삼성(三星)이 문에 있도다,로다,True,로다,Level1
자치통감강목8,1754,2429,忠則忠矣나 然其燭理不明而處義不精하니 亦不足稱也已로다,"충성스럽기는 충성스러우나 이치를 봄이 밝지 못하고 의(義)에 처함이 정밀하지 못하였으니, 또한 칭찬할 만한 것이 못 된다.”",로다,True,로다,Level1
자치통감강목8,1869,2579,而子始以不訾之身으로 怒萬乘之主하고 及其享受爵祿에 又不聞匡(求)［救］之術하니 進退無所據矣로다,"그대가 처음 〈황제를 알현할 때에는〉 헤아릴 수 없이 귀중한 몸으로 만승(萬乘)의 군주를 노엽게 하였고, 작록(爵祿)을 받고서는 또 나라를 바로잡는 방법이 있다는 말을 듣지 못하였으니, 〈그대의 처사는〉 출사든 은둔이든 의거할 데가 없다.”",로다,False,로다,Level1
자치통감강목8,2097,2906,逃名而名我隨하고 避名而名我追하니 可謂百世之師者矣로다,"명성에서 도망하려 하는데도 명성이 자신을 따르고 명성을 피하려 하는데도 명성이 자신을 좇으니, 백세(百世)의 스승이라고 이를 만한 자이다.” 하였다.",로다,True,로다,Level1
자치통감강목8,2122,2943,雄曰 進君은 適所以自伐也로다,"좌웅이 말하기를 “내가 그대를 등용한 것은 바로 나를 해롭게 한 것이다.” 하니,",로다,False,로다,Level1
자치통감강목9,27,36,太守喜曰 人皆有一天이어늘 我獨有二天이로다,"태수(太守)가 기뻐하며 말하기를 “사람들은 모두 한 하늘이 있는데 나만 홀로 두 하늘이 있다.” 하자,",로다,True,로다,Level1
자치통감강목9,103,142,得水면 尙可活이로다,물을 마시면 그나마 살 수 있겠다.” 하였다.,로다,True,로다,Level1
자치통감강목9,173,246,陳君은 可謂善則稱君이요 過則稱己者也로다,진군(陳君)은 선(善)은 군(君)(상관)에게 돌리고 허물은 자기에게 돌리는 자라고 이를 만하다.” 하였다.,로다,False,로다,Level1
자치통감강목9,205,295,河南尹不疑 嘗擧陵孝廉이러니 謂曰 擧君은 適所以自罰也로다,"하남윤(河南尹) 양불의(梁不疑)가 일찍이 장릉을 효렴(孝廉)으로 천거하였는데, 이때에 장릉에게 이르기를 “내가 군(君)을 천거한 것은 다만 나 스스로를 벌주는 꼴이 되었다.” 하였다.",로다,True,로다,Level1
자치통감강목9,588,865,吾近日過元舍에 廬落整頓하고 耕耘以時하니 此非惡人이요 當是敎化未至耳로다,"“내 근일(近日) 진원의 집을 방문했을 적에, 거처하는 집이 정돈되었고 제때에 밭을 갈고 김을 매었으니, 이 사람은 나쁜 사람이 아니요 마땅히 교화(敎化)가 지극하지 못해서일 것입니다.",로다,True,로다,Level1
자치통감강목9,984,1432,或이 謂李膺曰 可去矣로다,"혹자가 이응(李膺)에게 이르기를 “도망갈 만합니다.” 하자,",로다,False,로다,Level1
자치통감강목9,994,1449,漢室이 滅矣로다,한(漢)나라가 멸망하게 되었도다.,로다,True,로다,Level1
자치통감강목9,995,1450,但未知瞻烏爰止于誰之屋耳로다,다만 저 까마귀를 보건대 누구의 집에 앉을지를 알지 못할 뿐이다.” 하였다.,로다,False,로다,Level1
자치통감강목9,1006,1470,夏馥이 聞儉亡命하고 歎曰 孽自己作이어늘 空汙良善이로다,하복(夏馥)은 장검(張儉)이 망명(亡命)했다는 말을 듣고 탄식하기를 “재앙이 자기로부터 일어났는데 공연히 선량한 사람이 연루되게 하는구나.,로다,True,로다,Level1
자치통감강목9,1017,1485,而競爲驕奢하여 與亂世爭權하니 此卽晉之三郤矣로다,"다투어 교만하고 사치하여 난세(亂世)의 사람들과 권력을 다투니, 이는 바로 진(晉)나라의 삼극(三郤)이다.” 하였다.",로다,False,로다,Level1
자치통감강목9,1027,1499,夫惟郭泰 旣明且哲하여 以保其身하고 申屠蟠이 見幾而作하여 不俟終日하니 卓乎其不可及已로다,"오직 곽태(郭泰)만은 밝고 또 지혜로워서 자기 몸을 보전하였고, 신도반(申屠蟠)은 기미를 보고 하루가 마치기를 기다리지 않고 떠나갔으니, 드높아 미칠 수가 없도다.”",로다,True,로다,Level1
자치통감강목9,1219,1777,死後에 必復致大鳥矣로다,"죽은 뒤에 반드시 다시 큰 새가 올 것이다.” 하였으니,",로다,True,로다,Level1
자치통감강목9,1361,1975,帝怒鈞曰 此真狂子也로다,황제가 노하여 장균에게 말하기를 “이 사람은 참으로 미친 사람이다.,로다,False,로다,Level1
자치통감강목9,1573,2280,恨見君晩이로다,내 군(君)을 늦게 만난 것을 안타깝게 여긴다.,로다,False,로다,Level1
주역전의(상),41,202,而明道先生以爲加一倍法이라하시니 其發明孔子之言이 又可謂最切要矣로다,"명도선생(明道先生)은 이것을 ‘일배(一倍)를 더하는 법(法)이다.’ 하였으니, 공자(孔子)의 말씀을 발명함이 또 가장 간절하고 긴요하다 할 것이다.",로다,True,로다,Level1
주역전의(상),154,777,象陳數列하고 言盡理得하니 彌億萬年토록 永著常式이로다,"상(象)과 수(數)를 진열하고 말이 극진하고 이치에 맞으니, 억만년이 다하도록 영원히 떳떳한 법을 드러내었다.",로다,True,로다,Level1
시경집전(상),1655,3761,有杕之杜여 其葉湑湑로다,우뚝선 아가위나무여 그 잎이 무성하고 무성하도다,로다,True,로다,Level1
시경집전(상),1662,3776,有杕之杜여 其葉菁菁이로다,우뚝선 아가위나무여 그 잎이 푸르고 푸르도다,로다,True,로다,Level1
시경집전(상),1669,3786,羔裘豹袪로소니 自我人居居로다,염소 갖옷에 표피(豹皮)로 단 소매이니 우리 사람의 거거(居居)로다,로다,True,로다,Level1
시경집전(상),1672,3792,羔裘豹褎로소니 自我人究究로다,염소 갖옷에 표피(豹皮)로 단 소매이니 우리 사람의 구구(究究)로다,로다,False,로다,Level1
시경집전(상),1677,3799,肅肅鴇羽여 集于苞栩로다,푸드덕 날으는 너새의 깃이여 총생(叢生)한 상수리나무에 앉았도다,로다,True,로다,Level1
시경집전(상),1682,3814,肅肅鴇翼이여 集于苞棘이로다,푸드덕 날으는 너새의 깃이여 총생(叢生)한 가시나무에 앉았도다,로다,True,로다,Level1
시경집전(상),1686,3819,肅肅鴇行이여 集于苞桑이로다,푸드덕 날으는 너새의 행렬이여 총생(叢生)한 뽕나무에 앉았도다,로다,True,로다,Level1
시경집전(상),1693,3842,嗚呼痛哉로다,아! 애통하다.,로다,True,로다,Level1
시경집전(상),1697,3850,有杕之杜여 生于道左로다,우뚝선 아가위나무여 길 동쪽에 났도다,로다,False,로다,Level1
시경집전(상),1702,3861,有杕之杜여 生于道周로다,우뚝선 아가위나무여 길굽이에 났도다,로다,False,로다,Level1
시경집전(상),1707,3868,葛生蒙楚하며 蘞蔓于野로다,칡이 자라 가시나무에 덮이며 덩쿨이 들에 뻗었도다,로다,False,로다,Level1
시경집전(상),1711,3875,葛生蒙棘하며 蘞蔓于域이로다,칡이 자라 가시나무에 덮이며 덩쿨이 묘역(墓域)에 뻗었도다,로다,True,로다,Level1
시경집전(상),1714,3880,角枕粲兮며 錦衾爛兮로다,각침(角枕)이 찬란하며 비단이불이 곱도다,로다,True,로다,Level1
시경집전(상),1743,3936,有車鄰鄰이며 有馬白顚이로다,수레소리 덜컹거리며 말은 이마가 희도다,로다,False,로다,Level1
시경집전(상),1744,3937,未見君子호니 寺人之令이로다,군자(君子)를 만나보지 못하니 시인(寺人)을 명령하도다,로다,False,로다,Level1
시경집전(상),1747,3946,阪有漆이며 隰有栗이로다,산비탈에는 옻나무가 있으며 진펄에는 밤나무가 있도다,로다,False,로다,Level1
시경집전(상),1752,3953,阪有桑이며 隰有楊이로다,산비탈에는 뽕나무가 있으며 진펄에는 버드나무가 있도다,로다,False,로다,Level1
시경집전(상),1757,3959,駟驖孔阜하니 六轡在手로다,사철(駟驖)이 심히 비대하니 여섯 고삐가 손에 있도다,로다,False,로다,Level1
시경집전(상),1758,3960,公之媚子 從公于狩로다,공(公)의 사랑하는 사람이 공(公)을 따라 사냥하도다,로다,False,로다,Level1
시경집전(상),1760,3968,奉時辰牡하니 辰牡孔碩이로다,이 진모(辰牡)를 받들어 모니 진모(辰牡)가 매우 크도다,로다,False,로다,Level1
주역전의(상),228,997,萬物이 資始하나니 乃統天이로다,"만물이 의뢰하여 시작하니, 이에 하늘을 통합하였도다.",로다,True,로다,Level1
주역전의(상),438,1504,且夫易은 不可以占險이어늘 三者有闕하니 筮雖當이나 未也라하더니 後에 蒯果敗하니 此可以見占法矣로다,"또 무릇 역(易)은 험한 것을 점쳐서는 안 되는데, 세 가지가 결함이 있으니, 점(占)이 비록 이에 해당된다 하더라도 안 된다.” 하였는데, 뒤에 남괴(南蒯)가 과연 실패하였으니, 여기에서 점치는 법을 볼 수 있다.",로다,False,로다,Level1
주역전의(상),442,1510,上六은 龍戰于野하니 其血이 玄黃이로다,"상육(上六)은 용(龍)이 들에서 싸우니, 그 피가 검고 누렇다.",로다,False,로다,Level1
주역전의(상),510,1687,以貴下賤하니 大得民也로다,"귀한 신분으로서 천한 이에게 몸을 낮추니, 크게 민심을 얻도다.”",로다,True,로다,Level1
주역전의(상),512,1693,六二는 屯如邅如하며 乘馬班如하니 匪寇면 婚媾리니 女子貞하여 不字라가 十年에야 乃字로다,"육이(六二)는 어렵게 여기고 머뭇거리며 말을 탔다가 내려오니 적이 아니면 혼구(婚媾)리니, 여자가 정도(貞道)를 지켜서 생육(生育)을 하지 않다가 10년이 되어서야 비로소 생육(生育)을 하도다.",로다,False,로다,Level1
주역전의(상),535,1762,上六은 乘馬班如하여 泣血漣如로다,상육(上六)은 말을 탔다가 내려와서 피눈물을 줄줄 흘리도다.,로다,True,로다,Level1
주역전의(상),564,1857,九二는 包蒙이면 吉하고 納婦면 吉하리니 子克家로다,"구이(九二)는 몽매함을 포용해주면 길하고 부인의 말을 받아들이면 길할 것이니, 자식이 집안 일을 잘하도다.",로다,False,로다,Level1
주역전의(상),627,2022,敬愼不敗는 發明占外之占하니 聖人示人之意切矣로다,"공경하고 삼가면 실패하지 않는다는 것은 점(占) 밖의 점(占)을 발명한 것이니, 성인(聖人)이 사람에게 보여준 뜻이 간절하다.",로다,True,로다,Level1
주역전의(상),628,2023,六四는 需于血이니 出自穴이로다,"육사(六四)는 피에서 기다림이니, 나오기를 구멍으로부터 하도다.",로다,False,로다,Level1
주역전의(상),687,2179,或從王事하여 无成이로다,혹 왕사(王事)에 종사하여 이룸이 없도다.,로다,False,로다,Level1
주역전의(상),736,2307,九二는 在師하여 中할새 吉하고 无咎하니 王三錫命이로다,"구이(九二)는 사(師)에 있어서 중도(中道)에 맞으므로 길(吉)하고 허물이 없으니, 왕(王)이 총애하는 명령을 세 번이나 내리도다.",로다,False,로다,Level1
주역전의(상),749,2346,六四는 師左次니 无咎로다,"육사(六四)는 군대가 후퇴하여 머무니, 허물이 없도다.",로다,False,로다,Level1
주역전의(상),808,2510,比之匪人이로다,가까이 있는 바가 좋은 사람이 아니로다.,로다,False,로다,Level1
주역전의(상),839,2598,小畜은 亨하나 密雲不雨 自我西郊로다,소축(小畜)은 형통하나 구름이 빽빽이 끼고 비가 내리지 않는 것이 우리 서교(西郊)에 하도다.,로다,False,로다,Level1
주역전의(상),866,2690,九三은 輿說輻이며 夫妻反目이로다,구삼(九三)은 수레에 바퀴통이 빠지며 부부간에 반목하도다.,로다,False,로다,Level1
주역전의(상),878,2722,九五는 有孚라 攣如하여 富以其隣이로다,구오(九五)는 부신(孚信)이 있는지라 연결하여 부자가 그 이웃들을 도와주도다.,로다,True,로다,Level1
주역전의(상),889,2763,其占如此하니 爲戒深矣로다,"그 점(占)이 이와 같으니, 경계함이 깊다.",로다,False,로다,Level1
주역전의(상),920,2843,履虎尾하여 咥人이니 凶하고 武人이 爲于大君이로다,"범의 꼬리를 밟아 사람을 무니 흉하고, 무인(武人)이 대군(大君)이 되었도다.",로다,False,로다,Level1
주역전의(상),935,2880,故其占이 爲雖正而危하니 爲戒深矣로다,"그러므로 그 점이 비록 바르더라도 위태로우니, 경계함이 깊도다.",로다,False,로다,Level1
주역전의(상),974,2998,六四는 翩翩히 不富以其隣하여 不戒以孚로다,육사(六四)는 편편(翩翩)히 부유하지 않으면서도 그 이웃들과 함께 하여 경계하지 않아도 서로 믿도다.,로다,True,로다,Level1
주역전의(상),1017,3114,六三은 包羞로다,육삼(六三)은 속에 품고 있는 것이 부끄럽다.,로다,False,로다,Level1
주역전의(상),1031,3147,桑之爲物이 其根深固요 苞는 謂叢生者니 其固尤甚하니 聖人之戒 深矣로다,"뽕나무라는 물건은 뿌리가 깊고 견고하며, 포(苞)는 총생함을 이르는데 그 견고함이 더더욱 심하니, 성인(聖人)의 경계가 깊다.",로다,True,로다,Level1
주역전의(상),1035,3161,上九는 傾否니 先否하고 後喜로다,상구(上九)는 비색함이 경복(傾覆)됨이니 먼저는 비색하고 뒤에는 기쁘다.,로다,True,로다,Level1
주역전의(상),1071,3258,九三은 伏戎于莽하고 升其高陵하여 三歲不興이로다,구삼(九三)은 병사(兵士)를 풀 속에 숨겨두고 높은 구릉에 올라가서 3년이 되어도 일어나지 못함이로다.,로다,False,로다,Level1
주역전의(상),1084,3292,九五는 同人이 先號咷而後笑니 大師克이라야 相遇로다,"구오(九五)는 남과 함께 하되 먼저는 울부짖다가 나중에는 웃으니, 큰 병력으로 이겨야 서로 만난다.",로다,True,로다,Level1
주역전의(상),1141,3463,上九는 自天祐之라 吉无不利로다,상구(上九)는 하늘로부터 도우므로 길(吉)하여 이롭지 않음이 없다.,로다,True,로다,Level1
주역전의(상),1232,3719,斷可識矣로다,결단함을 알 수 있다.,로다,False,로다,Level1
주역전의(상),1235,3741,爻言六二處豫之道하니 爲敎之意深矣로다,"효(爻)에서 육이(六二)가 예(豫)에 대처하는 도(道)를 말하였으니, 가르친 뜻이 깊다.",로다,False,로다,Level1
주역전의(상),1247,3783,六五는 貞호되 疾하나 恒不死로다,육오(六五)는 정(貞)하되 병이 있으나 항상 앓고 죽지 않도다.,로다,False,로다,Level1
주역전의(상),1285,3884,係小子요 失丈夫로다,소자(小子)에 얽매이고 장부(丈夫)를 잃는다.,로다,False,로다,Level1
주역전의(상),1308,3949,上六은 拘係之요 乃從維之니 王用亨于西山이로다,"상육(上六)은 붙잡아 묶어놓고 따라서 동여매니, 왕(王)이 서산(西山)에서 형통(亨通)하게 하였다.",로다,False,로다,Level1
주역전의(상),1309,3950,王用亨于西山이로다,왕(王)이 서산(西山)에 제향(祭享)하도다,로다,False,로다,Level1
주역전의(상),1360,4095,上九는 不事王侯하고 高尙其事로다,상구(上九)는 왕후(王侯)를 섬기지 않고 그 일을 고상히 하도다.,로다,False,로다,Level1
주역전의(상),1442,4310,六三은 觀我生하여 進退로다,육삼(六三)은 내가 내는 것을 보아서 나아가고 물러가도다.,로다,False,로다,Level1
주역전의(상),1536,4591,乃聖人之用心也니 爲戒深矣로다,"이는 성인(聖人)의 마음씀이니, 경계함이 깊다.",로다,True,로다,Level1
주역전의(상),1538,4597,初九는 賁其趾니 舍車而徒로다,"초구(初九)는 발을 꾸밈이니, 수레를 버리고 도보로 걷도다.",로다,False,로다,Level1
주역전의(상),1544,4615,六二는 賁其須로다,육이(六二)는 수염을 꾸미도다.,로다,False,로다,Level1
주역전의(상),1597,4758,言未有與는 剝之未盛엔 有與면 猶可勝也니 示人之意深矣로다,"‘미유여(未有與)’라고 말한 것은 박(剝)이 성하지 않을 때에는 응여(應與)가 있으면 오히려 이겨낼 수 있기 때문이니, 사람에게 보여준 뜻이 깊다.",로다,False,로다,Level1
주역전의(상),1659,4939,六四는 中行하되 獨復이로다,육사(六四)는 음(陰) 가운데를 행하나 홀로 돌아오도다.,로다,False,로다,Level1
주역전의(상),1702,5071,六三은 无妄之災니 或繫之牛하나 行人之得이 邑人之災로다,"육삼(六三)은 무망(无妄)의 재앙이니, 설혹 소를 매어 놓았다 하더라도 행인(行人)이 얻음은 읍인(邑人)의 재앙이로다.",로다,False,로다,Level1
주역전의(하),1408,4261,六四는 悔亡하니 田獲三品이로다,"육사(六四)는 뉘우침이 없어지니, 사냥하여 삼품(三品)의 짐승을 얻도다.",로다,True,로다,Level1
주역전의(하),1458,4404,象占如此하니 爲戒深矣로다,"상(象)과 점(占)이 이와 같으니, 경계함이 깊도다.",로다,False,로다,Level1
주역전의(하),1462,4414,小人者는 備之不至면 則害於善이니 聖人爲戒之意深矣로다,"소인(小人)은 대비하기를 지극히 하지 않으면 선(善)을 해치니, 성인(聖人)이 경계하신 뜻이 깊다.",로다,True,로다,Level1
주역전의(하),1600,4766,九二는 鳴鶴이 在陰이어늘 其子和之로다,구이(九二)는 우는 학(鶴)이 음지(陰地)에 있는데 그 새끼가 화답하도다.,로다,True,로다,Level1
주역전의(하),1605,4782,"六三은 得敵하여 或鼓,或罷,或泣,或歌로다","육삼(六三)은 적(敵)을 얻어서 혹 북치고 혹 그만두며, 혹 울고 혹 노래하도다.",로다,True,로다,Level1
주역전의(하),1674,4984,六五는 密雲不雨는 自我西郊니 公이 弋取彼在穴이로다,"육오(六五)는 구름이 빽빽하나 비가 오지 않음은 우리 서교(西郊)로부터 하기 때문이니, 공(公)이 저 구멍에 있는 것을 쏘아서 잡도다.",로다,True,로다,Level1
주역전의(하),1709,5086,雖不爲上所用이나 中正之道 无終廢之理하니 不得行於今이면 必行於異時也니 聖人之勸戒深矣로다,"비록 윗사람에게 쓰여지지 않으나 중정(中正)의 도(道)가 끝내 폐해질 이치가 없으니, 지금에 행하지 못하면 반드시 다른 때에 행해질 것이니, 성인(聖人)의 권계(勸戒)하심이 깊도다.",로다,False,로다,Level1
주역전의(하),1768,5245,九四는 貞이면 吉하여 悔亡하리니 震用伐鬼方하여 三年에야 有賞于大國이로다,"구사(九四)는 정(貞)하면 길(吉)하여 뉘우침이 없어지리니, 진동하여 귀방(鬼方)을 정벌해서 3년에야 대국(大國)에 상(賞)을 내리도다.",로다,False,로다,Level1
주역전의(하),1880,5470,鳴鶴이 在陰이어늘 其子和之로다,“우는 학이 음지(陰地)에 있으니 그 새끼가 화답하도다.,로다,True,로다,Level1
주역전의(하),1882,5478,君子之道 或出或處或默或語나 二人同心하니 其利斷金이로다,"“군자(君子)의 도(道)가 혹은 나아가고 혹은 처하며, 혹은 침묵하고 혹은 말하나 두 사람이 마음을 함께 하니, 그 날카로움이 금(金)을 절단한다.",로다,True,로다,Level1
주역전의(하),1882,5479,同心之言이 其臭如蘭이로다,마음을 함께 하는 말은 그 향기로움이 난초와 같다.”,로다,True,로다,Level1
주역전의(하),2054,5810,斷可識矣로다,결단함을 알 수 있다.,로다,False,로다,Level1
중용장구,108,303,詩曰 妻子好合이 如鼓瑟琴하며 兄弟旣翕하여 和樂且耽이로다,"≪시경(詩經)≫에 이르기를 “처자간(妻子間)에 정이 좋고 뜻이 합함이 금슬(琴瑟)을 타는 듯하며, 형제간(兄弟間)이 이미 화합하여 화락(和樂)하고 또 즐겁도다.",로다,True,로다,Level1
중용장구,130,353,詩曰 嘉樂君子여 憲憲令德이로다,≪시경(詩經)≫에 이르기를 ‘아름다운 군자(君子)여 드러나고 드러난 훌륭한 덕(德)이로다.,로다,True,로다,Level1
중용장구,195,554,是는 果於自棄니 其爲不仁이 甚矣로다,"이는 스스로 포기함에 과감한 것이니, 불인(不仁)함이 심한 것이다.”",로다,False,로다,Level1
중용장구,239,666,洋洋乎發育萬物하여 峻極于天이로다,양양(洋洋)히 만물(萬物)을 발육(發育)하여 높음이 하늘에 다하였다.,로다,True,로다,Level1
중용장구,241,670,禮儀三百이요 威儀三千이로다,"예의(禮儀)가 3백 가지요, 위의(威儀)가 3천 가지이다.",로다,False,로다,Level1
춘추좌씨전1,286,1858,韓宣子適魯하야 見易象與魯春秋曰 周禮盡在魯矣로다,한선자(韓宣子)가 노(魯)나라에 가서 《역상(易象)》과 《노춘추(魯春秋)》를 보고서 “주례(周禮)가 모두 노(魯)나라에 있구나.,로다,False,로다,Level1
춘추좌씨전1,296,1909,答曰 異乎余所聞이로다,내가 대답하기를 “그대의 말은 내가 들은 바와는 다르다.,로다,False,로다,Level1
춘추좌씨전1,338,2070,公曰 爾有母遺언마는 繄我獨無로다,그러자 장공은 “그대에게는 가져다드릴 어머니가 있는데 나만이 홀로 없구나!”라고 하였다.,로다,True,로다,Level1
시경집전(상),1761,3969,公曰左之하시니 舍拔則獲이로다,공(公)께서 왼쪽으로 몰라 하시니 화살을 쏠 적마다 곧 잡도다,로다,True,로다,Level1
시경집전(상),1763,3979,遊于北國하니 四馬旣閑이로다,북쪽 동산에 노니 사마(四馬)가 잘 길들여졌도다,로다,True,로다,Level1
시경집전(상),1764,3980,輶車鸞鑣로소니 載獫歇驕로다,가벼운 수레에 방울단 재갈로 험(獫)과 갈교(歇驕)를 싣고 가도다,로다,False,로다,Level1
시경집전(상),1767,3992,小戎俴收로소니 五楘梁輈로다,병거(兵車)라 수레 뒤턱이 얕으니 다섯 곳을 묶은 굽은 끌채로다,로다,True,로다,Level1
시경집전(상),1769,3994,文茵暢轂이로소니 駕我騏馵로다,문채나는 호피방석이며 긴 곡이로소니 나의 기주(騏馵)를 멍에하도다,로다,True,로다,Level1
시경집전(상),1770,3995,言念君子호니 溫其如玉이로다,군자(君子)를 생각하니 온화함이 옥(玉)과 같도다,로다,True,로다,Level1
시경집전(상),1771,3996,在其板屋하여 亂我心曲이로다,판옥(板屋)에 있어 나의 심곡(心曲)을 어지럽히도다,로다,True,로다,Level1
시경집전(상),1774,4030,四牡孔阜하니 六轡在手로다,사모(四牡)가 매우 비대하니 여섯 고삐가 손에 있도다,로다,True,로다,Level1
시경집전(상),1776,4032,龍盾之合이요 鋈以觼軜이로다,용(龍)을 그린 방패를 합해 싣고 고리가 있는 속고삐를 도금하였도다,로다,True,로다,Level1
시경집전(상),1777,4033,言念君子호니 溫其在邑이로다,군자(君子)를 생각하니 온화하게 읍(邑)에 있도다,로다,True,로다,Level1
시경집전(상),1780,4047,俴駟孔群이어늘 厹矛鋈錞로다,얇은 철갑(鐵甲)을 입힌 사마(駟馬)가 매우 화(和)하거늘 세모진 창에 창고달을 도금하였도다,로다,True,로다,Level1
시경집전(상),1781,4048,蒙伐有苑이어늘 虎韔鏤膺이로다,여러가지 깃털을 그린 방패가 빛나거늘 호피(虎皮) 활집이며 강철로 만든 가슴걸이로다,로다,True,로다,Level1
시경집전(상),1782,4049,交韐二弓하니 竹閉緄縢이로다,두 활을 활집에 마주 넣으니 대나무 도지개를 끈으로 묶었도다,로다,False,로다,Level1
시경집전(상),1784,4051,厭厭良人이여 秩秩德音이로다,편안하고 편안한 양인(良人)이여 덕음(德音)이 질서정연하도다,로다,True,로다,Level1
시경집전(상),1787,4070,蒹葭蒼蒼하니 白露爲霜이로다,갈대가 창창(蒼蒼)하니 흰 이슬이 서리가 되었도다,로다,True,로다,Level1
시경집전(상),1788,4071,所謂伊人이 在水一方이로다,이른바 저분이 저 물가의 한쪽에 있도다,로다,False,로다,Level1
시경집전(상),1790,4073,遡游從之나 宛在水中央이로다,물결을 따라 내려가 따르려 하나 완연(宛然)히 물의 중앙에 있도다,로다,True,로다,Level1
시경집전(상),1793,4085,蒹葭凄凄하니 白露未晞로다,갈대가 처처(凄凄)하니 흰 이슬이 마르지 않았도다,로다,True,로다,Level1
시경집전(상),1794,4086,所謂伊人이 在水之湄로다,이른바 저분이 저 물가의 한쪽에 있도다,로다,False,로다,Level1
시경집전(상),1796,4088,遡游從之나 宛在水中坻로다,물결을 따라 내려가 따르려 하나 완연(宛然)히 물의 모래섬에 있도다,로다,True,로다,Level1
주역전의(하),652,1952,九二는 惕號니 莫(暮)夜에 有戎이라도 勿恤이로다,"구이(九二)는 두려워하고 호령함이니, 늦은 밤에 적병(敵兵)이 있더라도 걱정할 것이 없도다.",로다,True,로다,Level1
주역전의(하),663,1990,九四는 臀无膚며 其行次且니 牽羊하면 悔亡하련마는 聞言하여도 不信하리로다,"구사(九四)는 둔(臀)에 살이 없으며 그 감을 머뭇거리니, 양을 끌듯 하면 뉘우침이 없겠으나 말을 들어도 믿지 않으리라.",로다,False,로다,Level1
주역전의(하),673,2022,蓋人心一有所欲이면 則離道矣니 夫子於此에 示人之意 深矣로다,"사람의 마음은 한번이라도 하고자 하는 바가 있으면 도(道)를 떠나게 되니, 부자(夫子)가 여기에서 사람에게 보여준 뜻이 깊도다.",로다,True,로다,Level1
주역전의(하),674,2023,程傳備矣로다,정전(程傳)에 구비하였다.,로다,False,로다,Level1
주역전의(하),829,2456,九三은 升虛邑이로다,구삼(九三)은 빈 고을에 올라가는 것이다.,로다,True,로다,Level1
주역전의(하),841,2482,六五는 貞이라야 吉하리니 升階로다,"육오(六五)는 정(貞)하여야 길(吉)하리니, 계단을 오르듯 하리로다.",로다,True,로다,Level1
주역전의(하),850,2503,冥升在上하니 消不富也로다,"“명승(冥升)으로 위에 있으니, 사라져 부(富)하지 못하도다.”",로다,False,로다,Level1
주역전의(하),870,2557,入于幽谷하여 三歲라도 不覿이로다,어두운 골짜기로 들어가서 3년이 지나도 만나보지 못하도다.,로다,False,로다,Level1
주역전의(하),882,2609,繫辭曰 非所困而困焉하니 名必辱이요 非所據而據焉하니 身必危로다,"˂계사전(繫辭傳)˃에 이르기를 “곤(困)할 바가 아닌데 곤하니 이름이 반드시 욕될 것이요, 앉아 있을 곳이 아닌데 앉아 있으니 몸이 반드시 위태로울 것이다.",로다,False,로다,Level1
주역전의(하),920,2738,舊井에 无禽이로다,옛 우물에 짐승이 없도다.,로다,False,로다,Level1
주역전의(하),926,2756,九二는 井谷이라 射鮒요 甕敝漏로다,"구이(九二)는 우물이 골짝물처럼 부(鮒)에게만 대고, 동이가 깨져 새도다.",로다,False,로다,Level1
주역전의(하),945,2809,九五는 井冽寒泉食이로다,구오(九五)는 우물이 깨끗하여 시원한 샘물을 먹도다.,로다,False,로다,Level1
주역전의(하),1102,3343,震遂泥는 未光也로다,“‘진수니(震遂泥)’는 광대(光大)하지 못하다.”,로다,False,로다,Level1
주역전의(하),1105,3347,震에 往來厲하나 億无喪하고 有事로다,진동함에 오고감이 위태로우나 잃음이 없고 일함이 있다.,로다,False,로다,Level1
주역전의(하),1112,3377,聖人이 於震終에 示人知懼能改之義하시니 爲勸이 深矣로다,"성인(聖人)이 진(震)의 마지막에서 사람들에게 두려워할 줄을 알아 고치는 뜻을 보여주셨으니, 권면함이 깊도다.",로다,True,로다,Level1
주역전의(하),1138,3463,其心不快로다,그리하여 마음이 불쾌(不快)하도다.,로다,False,로다,Level1
주역전의(하),1144,3481,列其夤이니 厲薰心이로다,"등뼈를 벌려놓음이니, 위태로움이 마음을 태우도다.",로다,False,로다,Level1
주역전의(하),1349,4098,六二는 旅卽次하여 懷其資하고 得童僕貞이로다,육이(六二)는 나그네가 머무는 곳에 나아가 물자(物資)를 간직하고 동복(童僕)의 정(貞)을 얻도다.,로다,False,로다,Level1
주역전의(하),1361,4126,九四는 旅于處하고 得其資斧하나 我心은 不快로다,구사(九四)는 나그네로 거처하고 물자(物資)와 도끼를 얻으나 자신의 마음은 불쾌하도다.,로다,False,로다,Level1
주역전의(하),1376,4176,以旅在上하니 其義焚也요 喪牛于易하니 終莫之聞也로다,"“나그네로서 위에 있으니 의리상 불타게 되는 것이요, 소를 함부로 하여 잃으니 끝내 들어 알지 못하도다.”",로다,False,로다,Level1
시경집전(상),1829,4159,誰從穆公고 子車鍼虎로다,누가 목공(穆公)을 따르는고 자거겸호(子車鍼虎)로다,로다,False,로다,Level1
시경집전(상),1830,4160,維此鍼虎여 百夫之禦로다,이 침호(鍼虎)여 백부(百夫)를 당해낼 만하도다,로다,True,로다,Level1
시경집전(상),1831,4161,臨其穴하여 惴惴其慓이로다,그 구덩이에 임하여 췌췌(惴惴)히 두려워하도다,로다,False,로다,Level1
시경집전(상),1832,4162,彼蒼者天이여 殲我良人이로다,저 푸른 하늘이여 우리 훌륭한 사람을 죽이도다,로다,True,로다,Level1
시경집전(상),1833,4163,如可贖兮인댄 人百其身이로다,만일 바꿀 수 있을진댄 사람마다 그 몸을 백번이라도 바치리로다,로다,True,로다,Level1
시경집전(상),1835,4167,死而棄民이로다,죽으면서 백성을 버렸으니 말이다.,로다,False,로다,Level1
시경집전(상),1835,4176,俗之弊也 久矣로다,풍속의 병폐가 오래되었다.,로다,False,로다,Level1
시경집전(상),1837,4179,鴥彼晨風이여 鬱彼北林이로다,휙휙 날으는 저 새매여 울창한 북쪽 숲에 앉았도다,로다,True,로다,Level1
시경집전(상),1842,4191,山有苞櫟이며 隰有六駁이로다,산에는 총생(叢生)하는 떡갈나무가 있으며 진펄에는 여섯 그루의 가래나무가 있도다,로다,True,로다,Level1
시경집전(상),1847,4198,山有苞棣며 隰有樹檖로다,산에는 총생하는 아가위나무가 있으며 진펄에는 심어놓은 팥배나무가 있도다,로다,False,로다,Level1
시경집전(상),1865,4240,何以贈之오 路車乘黃이로다,무엇을 선물하는고 노거(路車)와 승황(乘黃)이로다,로다,False,로다,Level1
시경집전(상),1867,4248,我送舅氏호니 悠悠我思로다,내 외삼촌을 전송하니 아득하고 아득한 내 그리움이로다,로다,True,로다,Level1
시경집전(상),1868,4249,何以贈之오 瓊瑰玉佩로다,무엇을 선물하는고 경괴(瓊瑰)와 패옥(佩玉)이로다,로다,False,로다,Level1
시경집전(상),1872,4272,於我乎에 夏屋渠渠러니 今也엔 每食無餘로다,나에게 큰 집이 깊고 넓더니 지금에는 밥먹을 때마다 남음이 없도다,로다,True,로다,Level1
시경집전(상),1876,4281,於我乎에 每食四簋러니 今也엔 每食不飽로다,나에게 매양 밥먹을 때에 네 그릇을 주더니 지금에는 밥먹을 때마다 배부르지 못하도다,로다,True,로다,Level1
시경집전(상),1879,4289,穆生退曰 可以逝矣로다,목생(穆生)이 물러가면서 말하기를 “떠날 만하다.,로다,False,로다,Level1
시경집전(상),1882,4303,子之湯兮여 宛丘之上兮로다,그대의 유탕(遊蕩)함이여 완구(宛丘)의 위에서 하도다,로다,False,로다,Level1
시경집전(상),1883,4304,洵有情兮나 而無望兮로다,진실로 정감(情感)이 있으나 우러러볼 것이 없도다,로다,True,로다,Level1
시경집전(상),1886,4314,坎其擊鼓여 宛丘之下로다,둥둥 북을 침이여 완구(宛丘)의 아래에서 하도다,로다,True,로다,Level1
시경집전(상),1887,4315,無冬無夏히 値其鷺羽로다,겨울도 없고 여름도 없이 백로 깃을 꽂고 있도다,로다,True,로다,Level1
시경집전(상),1798,4095,蒹葭采采하니 白露未已로다,갈대를 베고 베니 흰 이슬이 다하지 않았도다,로다,True,로다,Level1
시경집전(상),1799,4096,所謂伊人이 在水之涘로다,이른바 저 분이 물가에 있도다,로다,False,로다,Level1
시경집전(상),1801,4098,遡游從之나 宛在水中沚로다,물결을 따라 내려가 따르려 하나 완연(宛然)히 물의 모래섬에 있도다,로다,True,로다,Level1
시경집전(상),1804,4105,終南何有오 有條有梅로다,종남산(終南山)에 무엇이 있는고 가래나무가 있고 매화나무가 있도다,로다,True,로다,Level1
시경집전(상),1808,4117,終南何有오 有紀有堂이로다,종남산(終南山)에 무엇이 있는고 모퉁이가 있으며 평평한 곳이 있도다,로다,True,로다,Level1
시경집전(상),1809,4118,君子至止하시니 黻衣繡裳이로다,군자(君子)가 이르시니 불의(黻衣)와 수놓은 치마로다,로다,True,로다,Level1
시경집전(상),1810,4119,佩玉將將하시니 壽考不忘이로다,패옥(佩玉)소리 장장(將將)히 울리시니 수고(壽考)하기를 원하여 잊지 못하리로다,로다,True,로다,Level1
시경집전(상),1813,4129,交交黃鳥여 止于棘이로다,이리저리 날으는 황조(黃鳥)여 가시나무에 앉았도다,로다,True,로다,Level1
시경집전(상),1814,4130,誰從穆公고 子車奄息이로다,누가 목공(穆公)을 따르는고 자거엄식(子車奄息)이로다,로다,True,로다,Level1
시경집전(상),1815,4131,維此奄息이여 百夫之特이로다,이 엄식(奄息)이여 백부(百夫) 중에 뛰어난 자로다,로다,True,로다,Level1
시경집전(상),1816,4132,臨其穴하여 惴惴其慄이로다,그 구덩이에 임하여 췌췌(惴惴)히 두려워하도다,로다,False,로다,Level1
시경집전(상),1817,4133,彼蒼者天이여 殲我良人이로다,저 푸른 하늘이여 우리 훌륭한 사람을 죽이도다,로다,False,로다,Level1
시경집전(상),1818,4134,如可贖兮인댄 人百其身이로다,만일 바꿀 수 있을진댄 사람마다 그 몸을 백 번이라도 바치리로다,로다,True,로다,Level1
시경집전(상),1821,4150,交交黃鳥여 止于桑이로다,이리저리 날으는 황조(黃鳥)여 뽕나무에 앉았도다,로다,True,로다,Level1
시경집전(상),1822,4151,誰從穆公고 子車仲行이로다,누가 목공(穆公)을 따르는고 자거중항(子車仲行)이로다,로다,True,로다,Level1
시경집전(상),1823,4152,維此仲行이여 百夫之防이로다,이 중항(仲行)이여 백부(百夫)를 당해낼 만하도다,로다,True,로다,Level1
시경집전(상),1824,4153,臨其穴하여 惴惴其慄이로다,그 구덩이에 임하여 췌췌(惴惴)히 두려워하도다,로다,False,로다,Level1
시경집전(상),1825,4154,彼蒼者天이여 殲我良人이로다,저 푸른 하늘이여 우리 훌륭한 사람을 죽이도다,로다,False,로다,Level1
시경집전(상),1826,4155,如可贖兮인댄 人百其身이로다,만일 바꿀 수 있을진댄 사람마다 그 몸을 백번이라도 바치리로다,로다,True,로다,Level1
시경집전(상),1828,4158,交交黃鳥여 止于楚로다,이리저리 날으는 황조(黃鳥)여 가시나무에 앉았도다,로다,True,로다,Level1
주역전의(상),1751,5197,九二는 輿說(脫)輹이로다,구이(九二)는 수레가 바퀴통이 빠졌도다.,로다,False,로다,Level1
주역전의(상),1794,5338,觀我朶頤하니 亦不足貴也로다,"“나를 보고서 턱을 늘어뜨리니, 또한 귀하게 여길 만하지 못하다.”",로다,False,로다,Level1
주역전의(상),1866,5560,枯楊生華 何可久也며 老婦士夫亦可醜也로다,"“마른 버드나무가 꽃이 핀 것이 어찌 오래가며, 노부(老婦)가 사부(士夫)를 얻음은 또한 추악하게 여길 만하다.”",로다,False,로다,Level1
주역전의(하),90,280,不恒其德하니 无所容也로다,"“그 덕(德)을 항상하지 못하니, 용납할 곳이 없다.”",로다,True,로다,Level1
주역전의(하),106,320,振恒在上하니 大无功也로다,"“진항(振恒)으로 위에 있으니, 크게 공(功)이 없다.”",로다,True,로다,Level1
주역전의(하),177,503,壯于趾하니 其孚窮也로다,“발에 장성하니 그 궁함을 자신할 수 있다.”,로다,False,로다,Level1
주역전의(하),186,517,九三은 小人은 用壯이요 君子는 用罔이니 貞이면 厲하니 羝羊이 觸藩하여 羸其角이로다,"구삼(九三)은 소인(小人)은 용장(用壯)이요 군자(君子)는 용망(用罔)이니, 정(貞)하면 위태로우니, 숫양이 울타리를 받아 그 뿔이 곤궁하다.",로다,False,로다,Level1
주역전의(하),193,542,九四는 貞이면 吉하여 悔亡하리니 藩決不羸하며 壯于大輿之輹이로다,"구사(九四)는 정(貞)하면 길(吉)하여 뉘우침이 없어지리니, 울타리가 터져서 곤궁하지 않으며, 큰 수레의 바퀴살이 건장(健壯)하도다.",로다,False,로다,Level1
주역전의(하),210,609,晉은 康侯를 用錫馬蕃庶하고 晝日三接이로다,진(晉)은 나라를 편안히 하는 제후(諸侯)에게 말을 하사(下賜)하기를 많이 하고 낮에 세 번 접견(接見)하도다.,로다,True,로다,Level1
주역전의(하),270,778,初九는 明夷于飛에 垂其翼이니 君子于行에 三日不食하여 有攸往에 主人이 有言이로다,"초구(初九)는 명이(明夷)에 날 때에 날개를 늘어뜨림이니, 군자(君子)가 떠나감에 3일 동안 먹지 못하여 가는 바를 둠에 주인이 나무라는 말을 하도다.",로다,True,로다,Level1
주역전의(하),284,838,南狩之志를 乃大得也로다,“남쪽으로 사냥하는 뜻을 크게 얻도다.”,로다,False,로다,Level1
주역전의(하),286,841,六四는 入于左腹하여 獲明夷之心하여 于出門庭이로다,육사(六四)는 왼쪽 배로 들어가 밝음을 상(傷)할 마음을 얻어서 문정(門庭)에 나오는 것이다.,로다,False,로다,Level1
주역전의(하),287,842,入于左腹이니 獲明夷之心을 于出門庭이로다,"왼쪽 배로 들어감이니, 명이(明夷)의 마음을 얻어 문정(門庭)에 나와서 하도다.",로다,False,로다,Level1
주역전의(하),297,882,上六은 不明하여 晦니 初登于天하고 後入于地로다,"상육(上六)은 밝지 못하여 어두우니, 처음에는 하늘에 오르고 뒤에는 땅속으로 들어가도다.",로다,True,로다,Level1
주역전의(하),344,1001,五恭己於外하고 二正家於內하여 內外同德하니 可謂至矣로다,"오(五)가 밖에서 몸을 공손히 하고 이(二)가 안에서 집안을 바로잡아 내(內)·외(外)가 덕을 함께 하니, 지극하다고 이를 만하다.",로다,True,로다,Level1
주역전의(하),445,1324,九五는 大蹇에 朋來로다,구오(九五)는 크게 어려움에 벗이 오도다.,로다,False,로다,Level1
주역전의(하),502,1506,上六은 公用射隼于高墉之上하여 獲之니 无不利로다,"상육(上六)은 공(公)이 새매를 높은 담장 위에서 쏘아 잡으니, 이롭지 않음이 없도다.",로다,False,로다,Level1
주역전의(하),540,1631,六三은 三人行엔 則損一人하고 一人行엔 則得其友로다,"육삼(六三)은 세 사람이 갈 때에는 한 사람을 덜고, 한 사람이 갈 때에는 그 벗을 얻는다.",로다,False,로다,Level1
주역전의(하),548,1662,損其疾하니 亦可喜也로다,“병을 더니 기뻐할 만하도다.”,로다,True,로다,Level1
주역전의(하),626,1890,聖人設戒之意 深矣로다,성인(聖人)이 경계(警戒)를 베푼 뜻이 깊도다.,로다,True,로다,Level1
시경집전(상),1889,4322,坎其擊缶여 宛丘之道로다,둥둥 질장구를 침이여 완구(宛丘)의 길에서 하도다,로다,True,로다,Level1
시경집전(상),1890,4323,無冬無夏히 値其鷺翿로다,겨울도 없고 여름도 없이 백로 일산을 꽂고 있도다,로다,True,로다,Level1
시경집전(상),1894,4329,子仲之子 婆娑其下로다,자중씨(子仲氏)의 딸이 그 아래에서 너울너울 춤추도다,로다,True,로다,Level1
시경집전(상),1897,4335,穀旦于差하니 南方之原이로다,좋은 아침을 선택하니 남방(南方)의 언덕에 모이도다,로다,False,로다,Level1
시경집전(상),1898,4336,不績其麻요 市也婆娑로다,삼을 길쌈하지 않고 시장에서 너울너울 춤추도다,로다,True,로다,Level1
시경집전(상),1901,4341,穀旦于逝하니 越以鬷邁로다,좋은 아침에 가니 이에 많은 무리를 데리고 가도다,로다,True,로다,Level1
시경집전(상),1902,4342,視爾如荍호니 貽我握椒로다,그대 보기를 금규화처럼 여기니 나에게 한 줌의 천초(川椒)를 주도다,로다,True,로다,Level1
시경집전(상),1906,4352,衡門之下여 可以棲遲로다,형문(衡門)의 아래여 쉬고 놀 수 있도다,로다,True,로다,Level1
시경집전(상),1907,4353,泌之洋洋이여 可以樂飢로다,샘물이 졸졸 흐름이여 굶주림을 즐길 수 있도다,로다,True,로다,Level1
시경집전(상),1917,4372,東門之池여 可以漚麻로다,동문(東門)의 못이여 삼을 담글 수 있도다,로다,False,로다,Level1
시경집전(상),1918,4373,彼美淑姬여 可與晤歌로다,저 아름다운 숙희(淑姬)여 더불어 노래할 수 있도다,로다,True,로다,Level1
시경집전(상),1921,4379,東門之池여 可以漚紵로다,동문(東門)의 못이여 모시를 담글 수 있도다,로다,False,로다,Level1
시경집전(상),1922,4380,彼美淑姬여 可與晤語로다,저 아름다운 숙희(淑姬)여 더불어 말할 수 있도다,로다,True,로다,Level1
시경집전(상),1924,4383,東門之池여 可以漚菅이로다,동문(東門)의 못이여 왕골을 담글 수 있도다,로다,False,로다,Level1
시경집전(상),1925,4384,彼美淑姬여 可與晤言이로다,저 아름다운 숙희(淑姬)여 더불어 말할 수 있도다,로다,True,로다,Level1
시경집전(상),1928,4388,東門之楊이여 其葉牂牂이로다,동문(東門)의 버들이여 그 잎이 무성하고 무성하도다,로다,True,로다,Level1
시경집전(상),1929,4389,昏以爲期호니 明星煌煌이로다,어둘 때에 만나기로 약속하였는데 계명성(啓明星)이 빛나고 빛나도다,로다,True,로다,Level1
시경집전(상),1932,4398,東門之楊이여 其葉肺肺로다,동문(東門)의 버들이여 그 잎이 무성하고 무성하도다,로다,True,로다,Level1
시경집전(상),1933,4399,昏以爲期호니 明星晢晢로다,어둘 때에 만나기로 약속하였는데 계명성(啓明星)이 밝고 밝도다,로다,True,로다,Level1
시경집전(상),1936,4404,墓門有棘이어늘 斧以斯之로다,묘문(墓門)에 가시나무가 있거늘 도끼로 쪼개도다,로다,False,로다,Level1
춘추좌씨전1,378,2151,宋宣公可謂知人矣로다,“송선공(宋宣公)은 사람을 잘 알아보았다고 할 수 있다.,로다,False,로다,Level1
춘추좌씨전1,412,2252,君命寡人하야 同恤社稷之難이어늘 今問諸使者하니 曰師未及國이라하니 非寡人之所敢知也로다,"“임금께서 과인(寡人)에게 명(命)하여 사직(社稷)의 어려움을 함께 근심하자고 하시기에 지금 사자(使者)에게 사정을 물었더니 적군이 아직 도성(都城)까지는 이르지 않았다고 하니, 이는 과인이 감히 알 바가 아닙니다.”",로다,False,로다,Level1
춘추좌씨전1,438,2297,洩伯曰 五父必不免이로다,이를 본 설백(洩伯)이 말하기를 “오보는 반드시 화를 면하지 못할 것이다.,로다,False,로다,Level1
춘추좌씨전1,452,2320,是不爲夫婦로다,“이들은 부부라고 할 수 없다.,로다,True,로다,Level1
춘추좌씨전1,477,2369,君子謂鄭莊公於是乎可謂正矣로다,이에 대해 군자는 다음과 같이 논평하였다. “정장공(鄭莊公)이 이 번 일을 처리함에 있어 공정(公正)했다고 이를 수 있다.,로다,True,로다,Level1
춘추좌씨전1,495,2415,許無刑而伐之하고 服而舍之하며 度德而處之하고 量力而行之하고 相時而動하야 無累後人하니 可謂知禮矣로다,"허국(許國)이 법도를 지키지 않자 토벌하였고 죄(罪)를 승복(承服)하자 용서해 주었으며, 덕을 헤아려 처리하고 힘을 헤아려 행동(行動)하고 시기를 보아 움직여서 후손에게 누를 끼치지 않았으니, 예(禮)를 알았다고 할 수 있다.”",로다,False,로다,Level1
춘추좌씨전1,496,2418,鄭莊公失政刑矣로다,“정장공은 정사(政事)와 형벌(刑罰)의 도리를 잃었다.,로다,True,로다,Level1
춘추좌씨전1,549,2527,君違를 不忘諫之以德이로다,도리를 어긴 임금의 잘못을 도덕(道德)으로 간(諫)하기를 잊지 않았도다.”,로다,True,로다,Level1
춘추좌씨전1,613,2661,善自爲謀로다,“자신을 위한 계책은 훌륭하였다.”,로다,False,로다,Level1
춘추좌씨전1,715,2847,公載以出曰 謀及婦人하니 宜其死也로다,여공(厲公)은 그 시체를 수레에 싣고 도망가며 말하기를 “일을 부인(婦人)과 상의하였으니 죽는 것이 당연하다.”라고 하였다.,로다,True,로다,Level1
춘추좌씨전1,746,2896,復惡已甚矣로다,자기를 미워한 원한을 보복한 것이 너무 심하였다.”고 하였다.,로다,False,로다,Level1
춘추좌씨전1,874,3135,旣而聞之하니 曰公子御說之辭也라 臧孫達曰 是宜爲君이로다,얼마 뒤에 그 말이 공자(公子) 어열(御說)의 말이었다는 것을 듣고 장손달(臧孫達)이 말하기를 “이 사람은 응당 임금이 될 것이다.,로다,False,로다,Level1
춘추좌씨전1,943,3256,鬻拳은 可謂愛君矣로다,“육권(鬻拳)은 참으로 임금을 사랑했다고 할 만하다.,로다,False,로다,Level1
춘추좌씨전1,965,3304,詩云 翹翹車乘으로 招我以弓이로다,시(詩)에 ‘높은 수레를 타고 와서 활로 나를 부르는구나.,로다,True,로다,Level1
춘추좌씨전1,1033,3432,御人以告子元한대 子元曰 婦人不忘襲讎어늘 我反忘之로다,"어인(御人)이 이 말을 자원(子元)에게 고하니, 자원(子元)은 “부인(夫人)도 오히려 원수를 습격(襲擊)하기를 잊지 않고 있는데, 나는 도리어 잊었구나.”라고 하였다.",로다,True,로다,Level1
춘추좌씨전1,1112,3567,士蔿曰 大子不得立矣로다,그러자 사위(士蔿)가 말하기를 “태자(太子)는 임금이 될 수 없을 것이다.,로다,False,로다,Level1
춘추좌씨전1,1113,3574,萬은 盈數也오 魏는 大名也어늘 以是始賞하니 天啓之矣로다,"만(萬)은 가득 찬 숫자이고 위(魏)는 ‘대(大)’의 명칭(名稱)인데, ‘대(大)’의 뜻을 가진 위(魏)를 비로소 상(賞)으로 주었으니, 이는 그의 후손이 흥성할 것을 하늘이 계시(啓示)한 것이다.",로다,True,로다,Level1
춘추좌씨전1,1114,3581,公侯之卦也로다,이는 공후(公侯)의 괘상(卦象)이다.,로다,False,로다,Level1
춘추좌씨전1,1139,3656,君有心矣로다,임금은 이미 딴 마음을 가졌다.”라고 하였다.,로다,False,로다,Level1
춘추좌씨전2,102,282,童謠云 丙之晨에 龍尾伏辰이어든 均服振振하야 取虢之旂로다,“동요(童謠)에 ‘병자일(丙子日) 새벽 용미성(龍尾星)이 태양 가까이에 있어 보이지 않을 때에 군복(軍服)을 씩씩하게 차려 입고서 괵(虢)나라의 깃발을 빼앗는다.,로다,True,로다,Level1
시경집전(상),1937,4405,夫也不良이어늘 國人知之로다,그 사람이 불량(不良)하거늘 국인(國人)들이 모두 알도다,로다,False,로다,Level1
시경집전(상),1938,4406,知而不已하나니 誰昔然矣로다,알아도 그만두지 않나니 옛부터 그러했도다,로다,True,로다,Level1
시경집전(상),1941,4415,墓門有梅어늘 有鴞萃止로다,묘문(墓門)에 매화나무가 있거늘 올빼미가 모여 앉았도다,로다,True,로다,Level1
시경집전(상),1942,4416,夫也不良이어늘 歌以訊之로다,그 사람이 불량(不良)하거늘 노래하여 알려주도다,로다,True,로다,Level1
시경집전(상),1947,4427,防有鵲巢며 卭有旨苕로다,제방에는 까치집이 있고 언덕에는 맛있는 능초풀이 있도다,로다,True,로다,Level1
시경집전(상),1951,4439,中唐有璧하며 卭有旨鷊이로다,사당 길에는 벽돌이 있고 언덕에는 맛있는 칠면조풀이 있도다,로다,True,로다,Level1
시경집전(상),1955,4448,月出皎兮어늘 佼人僚兮로다,달이 떠서 환하거늘 아름다운 사람 예쁘기도 하도다,로다,True,로다,Level1
시경집전(상),1959,4459,月出皓兮어늘 佼人懰兮로다,달이 떠서 환하거늘 아름다운 사람 예쁘기도 하도다,로다,True,로다,Level1
시경집전(상),1962,4465,月出照兮어늘 佼人燎兮로다,달이 떠서 비추거늘 아름다운 사람 환하기도 하도다,로다,True,로다,Level1
시경집전(상),1970,4483,駕我乘馬하여 說于株野로다,내 네 마리 말을 타고서 주림(株林)의 들에 머물러 있도다,로다,False,로다,Level1
시경집전(상),1971,4484,乘我乘駒하여 朝食于株로다,내 네 마리 망아지를 타고서 아침에 주림(株林)에서 밥을 먹도다,로다,False,로다,Level1
시경집전(상),1975,4492,彼澤之陂에 有蒲與荷로다,저 못의 둑에 부들과 연꽃이 있도다,로다,True,로다,Level1
시경집전(상),1980,4503,彼澤之陂에 有蒲與蕳이로다,저 못의 둑에 부들과 난초가 있도다,로다,True,로다,Level1
시경집전(상),1981,4504,有美一人이여 碩大且卷이로다,아름다운 한 사람이여 석대(碩大)하고 또 수염이 잘 났도다,로다,True,로다,Level1
시경집전(상),1984,4510,彼澤之陂에 有蒲菡萏이로다,저 못의 둑에 부들과 연꽃이 있도다,로다,True,로다,Level1
시경집전(상),1985,4511,有美一人이여 碩大且儼이로다,아름다운 한 사람이여 석대(碩大)하고 또 엄숙하도다,로다,True,로다,Level1
시경집전(상),1991,4529,羔裘逍遙하며 狐裘以朝로다,염소 갖옷으로 소요(逍遙)하며 여우 갖옷으로 조회하도다,로다,False,로다,Level1
시경집전(상),1995,4535,羔裘翺翔하며 狐裘在堂이로다,염소 갖옷으로 고상(翺翔)하며 여우 갖옷으로 공당(公堂)에 있도다,로다,False,로다,Level1
시경집전(상),1998,4540,羔裘如膏하니 日出有曜로다,염소 갖옷이 기름칠한 듯하니 해가 나옴에 빛나도다,로다,True,로다,Level1
시경집전(상),2009,4571,傳曰 子夏三年之喪畢하고 見於夫子하여 援琴而弦할새 衎衎而樂하고 作而曰 先王制禮라 不敢不及이로이다 夫子曰 君子也로다,"모전(毛傳)에 이르기를 “자하(子夏)가 삼년상(三年喪)을 마치고 부자(夫子)를 뵙고는 거문고를 당겨 타는데, 간간(衎衎)히 즐거워하고는 일어나 말하기를 ‘선왕(先王)이 만든 예(禮)이기 때문에 감히 미치지 않을수 없었습니다.’하자, 부자(夫子)는 ‘군자(君子)이다.’ 하셨다.",로다,True,로다,Level1
춘추좌씨전2,119,328,古人有言曰 知臣莫若君이라하니 弗可改也已로다,"“옛 사람의 말에 ‘신하를 알아보는 데는 그 임금만한 이가 없다.’고 하였으니, 이 말은 고칠 수 없는 말이다.”",로다,False,로다,Level1
춘추좌씨전2,131,367,期年狄必至리니 示之弱矣로다,“우리가 약(弱)함을 보였으니 1년 뒤에 적인(狄人)이 틀림없이 다시 쳐들어 올 것입니다.”,로다,True,로다,Level1
춘추좌씨전2,145,426,詩所謂白圭之玷은 尙可磨也어니와 斯言之玷은 不可爲也라하니 荀息有焉이로다,"“≪시경(詩經)≫에 이른바 ‘흰 옥(玉)의 티는 오히려 갈아 없앨 수 있지만 이 말의 티는 어찌할 수가 없다.’고 하였으니, 순식(荀息)이 이와 같은 점이 있다.”",로다,False,로다,Level1
춘추좌씨전2,176,528,讓不忘其上이로다,사양하면서도 윗사람을 잊지 않았으니 말이다.,로다,True,로다,Level1
춘추좌씨전2,212,635,韓簡退曰 吾幸而得囚로다,한간(韓簡)은 물러나와 말하기를 “나는 포로가 되면 다행이겠다.”라고 하였다.,로다,True,로다,Level1
춘추좌씨전2,229,715,君失問이로다,“군(君)께서는 잘못 물으셨다.,로다,False,로다,Level1
춘추좌씨전2,286,835,幸而後敗로다,행운(幸運)이 있은 뒤에야 패전(敗戰)에 그칠 것이다.”라고 하였다.,로다,False,로다,Level1
춘추좌씨전2,288,850,未足以懲君이로다,임금에 대한 징벌(懲罰)이 부족하다.”,로다,True,로다,Level1
춘추좌씨전2,297,866,其禮先亡矣로다,주(周)나라의 예(禮)가 먼저 없어졌다.”,로다,False,로다,Level1
춘추좌씨전2,303,916,爲禮卒於無別이로다,예(禮)를 행하면서 남녀(男女)의 분별(分別)이 없는 일로 끝을 맺었으니 말이다.,로다,True,로다,Level1
춘추좌씨전2,330,1064,下義其罪하고 上賞其姦하야 上下相蒙하니 難與處矣로다,"아래 사람은 그 죄(罪)를 의(義)로 여기고 윗사람은 그 간악(奸惡)한 행위에 상(賞)을 내려 상하(上下)가 서로 속이니, 저들과 함께 거처(居處)하기 어렵다.”",로다,False,로다,Level1
춘추좌씨전2,331,1084,鄂不韡韡로다,꽃잎과 꽃받침이 어울려 아름답구나.,로다,True,로다,Level1
춘추좌씨전2,334,1117,不稱其服이라하니 子臧之服이 不稱也夫ㄴ저 詩曰 自詒伊慼이라하니 其子臧之謂矣로다,"그 의복이 맞지 않았다.’고 하였으니 자장(子臧)의 의복이 신분에 맞지 않은 것을 말한 것이고, 시(詩)에 ‘스스로 이런 우환(憂患)을 끼친다.’고 하니 자장(子臧)을 두고 한 말이다.",로다,False,로다,Level1
춘추좌씨전2,416,1396,出告二子曰 非神敗令尹이라 令尹其不勤民하니 實自敗也로다,영황(榮黃)이 물러 나와 두 사람에게 이르기를 “신(神)이 영윤(令尹)을 실패(失敗)하게 하는 것이 아니라 영윤(令尹)이 백성을 위해 힘을 다하지 않으니 실로 실패(失敗)를 자초(自招)하는 것이다.”고 하였다.,로다,False,로다,Level1
춘추좌씨전2,420,1427,文公其能刑矣로다,“문공(文公)은 형벌(刑罰)을 잘 시행(施行)하였다.,로다,True,로다,Level1
춘추좌씨전2,420,1428,三罪而民服이로다,세 죄인(罪人)을 죽이니 백성들이 복종하였다.,로다,False,로다,Level1
춘추좌씨전2,535,1756,宜君王之欲殺女而立職也로다,군왕(君王)께서 너를 죽이고 직(職)을 태자로 세우려는 것이 당연하다.”고 하였다.,로다,False,로다,Level1
춘추좌씨전2,537,1769,周芮良夫之詩曰 大風有隧하니 貪人敗類로다,주(周)나라 예양부(芮良夫)의 시(詩)에 ‘대풍(大風)이 지나는 곳에 온갖 물건 다 망가지듯이 탐욕스런 사람이 선한 사람을 해친다.,로다,True,로다,Level1
춘추좌씨전2,537,1770,聽言則對나 誦言如醉로다,허튼 소리 들으면 기뻐하며 대답하나 좋은 말 해 주면 술에 취한 듯이 듣지 않는다.,로다,False,로다,Level1
춘추좌씨전2,547,1798,狼瞫於是乎君子로다,“낭심(狼瞫)은 이번 일에 있어 군자(君子)다웠다.,로다,True,로다,Level1
시경집전(상),2009,4572,閔子騫이 三年之喪畢하고 見於夫子하여 援琴而弦할새 切切而哀하고 作而曰 先王制禮라 不敢過也로이다 夫子曰 君子也로다,"민자건(閔子騫)이 삼년상(三年喪)을 마치고 부자(夫子)를 뵙고는 거문고를 당겨 타는데, 절절(切切)히 슬퍼하고는 일어나 말하기를 ‘선왕(先王)이 만든 예(禮)이기 때문에 감히 지나칠 수 없었습니다.’ 하자, 부자(夫子)는 ‘군자(君子)이다.’ 하셨다.",로다,True,로다,Level1
시경집전(상),2011,4577,隰有萇楚하니 猗儺其枝로다,진펄에 보리수나무가 있으니 야들야들한 그 가지로다,로다,False,로다,Level1
시경집전(상),2015,4585,隰有萇楚하니 猗儺其華로다,진펄에 보리수나무가 있으니 야들야들한 그 꽃이로다,로다,True,로다,Level1
시경집전(상),2018,4589,隰有萇楚하니 猗儺其實이로다,진펄에 보리수나무가 있으니 야들야들한 그 열매로다,로다,True,로다,Level1
시경집전(상),2035,4620,蜉蝣之羽여 衣裳楚楚로다,하루살이의 깃이여 의상(衣裳)이 선명하도다,로다,True,로다,Level1
시경집전(상),2039,4631,蜉蝣之翼이여 采采衣服이로다,하루살이의 날개여 화려하고 화려한 의복이로다,로다,True,로다,Level1
시경집전(상),2042,4636,蜉蝣掘閱하니 麻衣如雪이로다,하루살이가 처음 나오니 삼베옷이 눈처럼 깨끗하도다,로다,True,로다,Level1
시경집전(상),2047,4644,彼其之子는 三百赤芾이로다,저 그 사람은 적불(赤芾)한 자가 3백 명이나 되도다,로다,False,로다,Level1
시경집전(상),2050,4654,維鵜在梁하니 不濡其翼이로다,도요새가 어량(魚梁)에 있으니 그 날개를 적시지 않도다,로다,False,로다,Level1
시경집전(상),2051,4655,彼其之子여 不稱其服이로다,저 그 사람이여 그 의복에 걸맞지 않도다,로다,False,로다,Level1
시경집전(상),2053,4658,維鵜在梁하니 不濡其咮로다,도요새가 어량(魚梁)에 있으니 그 부리를 적시지 않도다,로다,False,로다,Level1
시경집전(상),2054,4659,彼其之子여 不遂其媾로다,저 그 사람이여 그 총애에 걸맞지 않도다,로다,False,로다,Level1
시경집전(상),2056,4664,薈兮蔚兮 南山朝隮로다,울창하고 무성한 남산(南山)에 아침에 구름기운이 올라가도다,로다,True,로다,Level1
시경집전(상),2057,4665,婉兮孌兮 季女斯飢로다,어리고 예쁜 소녀가 이제 굶주리도다,로다,True,로다,Level1
시경집전(상),2061,4672,鳲鳩在桑하니 其子七兮로다,뻐꾸기가 뽕나무에 있으니 그 새끼가 일곱이로다,로다,False,로다,Level1
시경집전(상),2062,4673,淑人君子여 其儀一兮로다,숙인군자(淑人君子)여 그 위의(威儀)가 한결같도다,로다,True,로다,Level1
시경집전(상),2063,4674,其儀一兮하니 心如結兮로다,그 위의(威儀)가 한결같으니 마음이 맺혀 있는 듯하도다,로다,True,로다,Level1
시경집전(상),2066,4686,鳲鳩在桑하니 其子在梅로다,뻐꾸기가 뽕나무에 있으니 그 새끼는 매화나무에 있도다,로다,False,로다,Level1
시경집전(상),2067,4687,淑人君子여 其帶伊絲로다,숙인군자(淑人君子)여 그 띠를 실로 만들었도다,로다,False,로다,Level1
시경집전(상),2068,4688,其帶伊絲니 其弁伊騏로다,그 띠를 실로 만들었으니 그 피변(皮弁)은 얼룩무늬로다,로다,False,로다,Level1
춘추좌씨전2,547,1800,怒不作亂하고 而以從師하니 可謂君子矣로다,노하였으나 난을 일으키지 않고 종군(從軍)하였으니 군자(君子)라고 이를 만하다.”,로다,True,로다,Level1
춘추좌씨전2,585,1888,詩云 惟彼二國이 其政不獲일새 惟此四國이 爰究爰度이라하니 其秦穆之謂矣로다,"“시(詩)에 ‘저 두 나라는 정치가 인심(人心)을 얻지 못해 망하였기 때문에 사방의 나라들이 나라 보존하기를 계획하였다.’고 하였으니, 이 시(詩)는 진목공(秦穆公)의 경우를 이름인 듯하다.”",로다,False,로다,Level1
춘추좌씨전2,597,1909,皐陶庭堅不祀忽諸로다,“고요(皐陶)와 정견(庭堅)의 제사(祭祀)가 갑자기 끊기게 되었구나.,로다,True,로다,Level1
춘추좌씨전2,610,1939,死而棄民이로다,그 이유는 죽으면서도 백성을 버렸기 때문이다.,로다,False,로다,Level1
춘추좌씨전2,786,2381,禮以順天이 天之道也어늘 己則反天하고 而又以討人하니 難以免矣로다,예(禮)로써 천리(天理)를 따르는 것이 하늘의 도리를 행하는 것인데 자기는 하늘의 도리를 배반하면서 또 예(禮)를 행하는 다른 나라를 치니 화난을 면하기 어려울 것이다.,로다,False,로다,Level1
춘추좌씨전3,48,94,殘民以逞이로다,그는 송(宋)나라 인민(人民)을 해쳐 자신의 사감(私憾)을 풀었다.”,로다,False,로다,Level1
춘추좌씨전3,49,97,宋城에 華元爲植하야 巡功이러니 城者謳曰 睅其目하고 皤其腹이 棄甲而復이로다,"송(宋)나라가 성지(城池)를 수축(修築)할 때 화원(華元)이 장주(將主)가 되어 공정(工程)을 순시(巡視)하니, 성(城)을 쌓는 역부(役夫)들이 노래하기를, “눈은 튀어나오고 배는 불룩한 놈이 갑옷 버리고 도망쳐 왔다네.",로다,False,로다,Level1
춘추좌씨전3,49,98,于思于思여 棄甲復來로다,턱에 수염 가득히 난 놈이 갑옷 버리고 도망쳐 왔다네.”라고 하였다.,로다,False,로다,Level1
춘추좌씨전3,49,101,夫其口衆我寡로다,저들은 입이 많고 우리는 적다.”고 하였다.,로다,False,로다,Level1
춘추좌씨전3,54,135,宣子曰 嗚呼라 詩曰 我之懷矣여 自詒伊慼이라하니 其我之謂矣로다,"선자(宣子)가 “아, 《시경(詩經)》에 ‘나는 나라를 생각하다가 도리어 스스로 이런 우환(憂患)을 끼쳤도다.’라고 한 것이 바로 나의 경우를 이름이다.”고 하였다.",로다,True,로다,Level1
춘추좌씨전3,54,137,董狐는 古之良史也라 書法不隱하고 趙宣子는 古之良大夫也라 爲法受惡이로다,"“동호(董狐)는 옛날에 훌륭한 사관(史官)이었기에 법(法)에 의거해 직서(直書)하고 숨기지 않았으며, 조선자(趙宣子)는 옛날에 어진 대부(大夫)였기에 사관(史官)의 서법(書法)을 위하여 임금을 시해(弑害)했다는 오명(惡名)을 받아들였다.",로다,False,로다,Level1
춘추좌씨전3,191,410,吾未之聞也로다,내 아직 이런 말은 들어보지 못하였다.,로다,False,로다,Level1
춘추좌씨전3,212,571,每射에 抽矢하야 菆를 納諸廚子之房하니 廚子怒曰 非子之求라 而蒲之愛로다,"지장자(知莊子)가 활을 쏠 때마다 화살을 뽑아 좋은 화살은 주무자(廚武子)의 화살통에 넣으니, 주무자(廚武子)가 노(怒)하여 말하기를, “아들을 구(救)하려는 것이 아니라 화살을 아끼려는 것이군요.",로다,False,로다,Level1
춘추좌씨전3,224,634,淸丘之盟은 唯宋可以免焉이로다,“청구(淸丘)의 결맹(結盟)은 오직 송(宋)나라만이 비난(非難)을 면(免)할 수 있다.”,로다,False,로다,Level1
춘추좌씨전3,238,672,懷於魯矣로다,그 이유는 노(魯)나라에서 총애(寵愛)가 끊이지 않기를 생각하기 때문이다.,로다,False,로다,Level1
춘추좌씨전3,353,1065,武子曰 吾知免矣로다,그러자 무자(武子)는 “나는 네가 이렇게 겸양(謙讓)의 예(禮)가 있으니 우리 집안이 화(禍)를 면할 것으로 안다.”고 하였다.,로다,False,로다,Level1
춘추좌씨전3,356,1097,詩曰 不解于位면 民之攸墍라하니 其是之謂矣로다,《시경(詩經)》에 ‘임금이 직위(職位)에 게을리 하지 않는 것이 백성들이 휴식(休息)할 수 있는 바이다.’고 한 것이 바로 이를 말한 것이다.”,로다,False,로다,Level1
춘추좌씨전3,357,1100,後之人必有任是夫ㄴ저 國棄矣로다,"국가를 버렸으니, 그 후손 중에 반드시 화(禍)를 당할 자가 있을 것이다.”고 하였다.",로다,False,로다,Level1
춘추좌씨전3,383,1165,晉侯享齊侯에 齊侯視韓厥하니 韓厥曰 君知厥也乎잇가 齊侯曰 服改矣로다,"진후(晉侯)가 연회(宴會)를 열어 제후(齊侯)를 대접(待接)할 때 제후(齊侯)가 한궐(韓厥)을 눈여겨보니, 한궐(韓厥)이 “군왕(君王)께서 나를 아십니까?”라고 묻자, 제후(齊侯)가 “복장(服裝)이 바뀌었구려.”라고 대답하였다.",로다,False,로다,Level1
춘추좌씨전3,427,1249,自棄也已로다,스스로 자신(自身)의 지위(地位)를 버렸도다.,로다,False,로다,Level1
시경집전(상),2071,4698,鳲鳩在桑하니 其子在棘이로다,뻐꾸기가 뽕나무에 있으니 그 새끼는 가시나무에 있도다,로다,False,로다,Level1
시경집전(상),2072,4699,淑人君子여 其儀不忒이로다,숙인군자(淑人君子)여 그 위의(威儀)가 어그러지지 않도다,로다,False,로다,Level1
시경집전(상),2073,4700,其儀不忒하니 正是四國이로다,그 위의(威儀)가 어그러지지 않으니 사방 나라를 바로잡으리로다,로다,True,로다,Level1
시경집전(상),2075,4704,鳲鳩在桑하니 其子在榛이로다,뻐꾸기가 뽕나무에 있으니 그 새끼는 개암나무에 있도다,로다,True,로다,Level1
시경집전(상),2076,4705,淑人君子여 正是國人이로다,숙인군자(淑人君子)여 이 국인(國人)을 바로잡으리로다,로다,False,로다,Level1
시경집전(상),2080,4711,冽彼下泉이여 浸彼苞稂이로다,차가운 저 하천(下泉)이여 우북히 자라는 잡초를 잠기게 하도다,로다,False,로다,Level1
시경집전(상),2084,4722,冽彼下泉이여 浸彼苞蕭로다,차가운 저 하천(下泉)이여 우북히 자라는 쑥을 잠기게 하도다,로다,True,로다,Level1
시경집전(상),2087,4727,冽彼下泉이여 浸彼苞蓍로다,차가운 저 하천(下泉)이여 우북히 자라는 시초(蓍草)를 잠기게 하도다,로다,True,로다,Level1
시경집전(상),2109,4791,女心傷悲여 殆及公子同歸로다,아가씨의 마음 서글퍼함이여 장차 공자(公子)와 함께 돌아가리로다,로다,True,로다,Level1
시경집전(상),2151,4919,躋彼公堂하여 稱彼兕觥하니 萬壽無疆이로다,저 공당(公堂)으로 올라가서 저 뿔잔을 드니 만수무강(萬壽無疆)하리로다,로다,True,로다,Level1
시경집전(상),2176,5002,制彼裳衣하여 勿士行枚로다,저 의상(衣裳)을 만들어 행매(行枚)를 일삼지 말지어다,로다,False,로다,Level1
시경집전(상),2177,5003,蜎蜎者蠋이여 烝在桑野로다,꿈틀거리는 뽕나무벌레여 뽕나무 들에 있도다,로다,False,로다,Level1
시경집전(상),2178,5004,敦彼獨宿이여 亦在車下로다,외로이 저 홀로 잚듦이여 또한 수레 밑에 있도다,로다,True,로다,Level1
시경집전(상),2186,5030,不可畏也라 伊可懷也로다,두려워할 것이 아니라 그립도다,로다,True,로다,Level1
시경집전(상),2192,5048,洒掃穹窒하니 我征聿至로다,집안을 청소하고 구멍을 막으니 내 걸음이 때마침 이르렀도다,로다,False,로다,Level1
시경집전(상),2193,5049,有敦瓜苦여 烝在栗薪이로다,주렁주렁 달린 쓴 오이여 저 밤나무 섶에 있도다,로다,False,로다,Level1
시경집전(상),2196,5060,栗은 周土所宜木이니 與苦瓜皆微物也로되 見之而喜하니 則其行久而感深을 可知矣로다,"밤나무는 주(周)나라 토질에 적당한 나무이니, 쓴 오이와 함께 모두 하찮은 물건인데도 이것을 보고 기뻐하였으니, 부역을 간 지가 오래되어 감회가 깊음을 알 수 있도다.",로다,True,로다,Level1
시경집전(상),2199,5063,倉庚于飛여 熠燿其羽로다,꾀꼬리가 낢이여 선명한 그 깃이로다,로다,True,로다,Level1
시경집전(상),2200,5064,之子于歸여 皇駁其馬로다,지자(之子)가 시집감이여 황백색과 얼룩무늬 말이로다,로다,False,로다,Level1
시경집전(상),2201,5065,親結其縭하니 九十其儀로다,친히 그 향주머니를 매주니 아홉이며 열인 그 위의(威儀)로다,로다,True,로다,Level1
논어집주,9,48,今人은 不會讀書로다,“지금 사람들은 책을 읽을 줄 모른다.,로다,True,로다,Level1
논어집주,63,279,若有子면 可謂達禮樂之本矣로다,유자(有子)로 말하면 예악(禮樂)의 근본(根本)을 통달했다고 이를 만하다.”,로다,True,로다,Level1
논어집주,73,316,賜也는 始可與言詩已矣로다,“사(賜)는 비로소 더불어 시(詩)를 말할 만 하구나!,로다,True,로다,Level1
논어집주,83,347,故로 夫子言詩三百篇을 而惟此一言이 足以盡蓋其義라하시니 其示人之意亦深切矣로다,"그러므로 부자(夫子)께서 ‘≪시경(詩經)≫ 3백 편(篇)에 이 한 마디 말이 족히 그 뜻을 다 덮을 수 있다.’고 하신 것이니, 사람에게 보여주신 뜻이 또한 깊고 간절하다.",로다,True,로다,Level1
논어집주,118,455,吾與回言終日에 不違如愚러니 退而省其私한대 亦足以發하나니 回也不愚로다,"“내가 회(回)와 더불어 온종일 이야기를 하였으나, 내 말을 어기지 않아 어리석은 사람인 듯하더니, 물러간 뒤에 그 사생활(私生活)을 살펴봄에 충분히 발명(發明)하니, 회(回)는 어리석지 않구나!”",로다,False,로다,Level1
논어집주,202,745,起予者는 商也로다,“나를 흥기(興起)시키는 자는 상(商)이로구나!,로다,True,로다,Level1
논어집주,202,746,始可與言詩已矣로다,비로소 함께 ≪시(詩)≫를 말한 만하다.”,로다,True,로다,Level1
논어집주,204,755,孔子曰 繪事後素라하신대 而子夏曰 禮後乎인저하니 可謂能繼其志矣로다,"공자(孔子)께서 ‘그림 그리는 일은 흰 비단을 마련하는 것보다 뒤에 한다.’고 말씀하시자, 자하(子夏)는 ‘예(禮)가 뒤이겠군요’라고 말하였으니, 그 뜻을 잘 계승하였다고 말할 만하다.",로다,False,로다,Level1
논어집주,236,872,事君盡禮를 人以爲諂也로다,“임금 섬김에 예(禮)를 다함을 사람들은 아첨한다고 하는구나!”,로다,False,로다,Level1
논어집주,255,938,故로 聞管仲之器小면 則疑其爲儉하고 以不儉告之면 則又疑其知禮하니 蓋世方以詭遇爲功하여 而不知爲之範하니 則不悟其小가 宜矣로다,"이 때문에 관중(管仲)의 기국(器局)이 작다는 말을 들으면 검소한 것인가 하고 의심하였고, 검소하지 않았음을 말씀해 주면 또 그가 예(禮)를 알았는가 하고 의심하였으니, 이는 세상이 바야흐로 부정한 방법으로 목적을 달성함을 공으로 여겨 법대로 할 줄을 알지 못해서이니, 그 기국(器局)이 작음을 깨닫지 못함이 당연하다.”",로다,False,로다,Level1
논어집주,289,1043,蓋有之矣어늘 我未之見也로다,아마도 그런 사람이 있을 터인데 내가 아직 보지 못하였나보다.”,로다,True,로다,Level1
논어집주,347,1220,子謂公冶長하시되 可妻也로다,공자(孔子)께서 공야장(公冶長)을 두고 평하시기를 “사위 삼을 만하다.,로다,False,로다,Level1
논어집주,357,1258,或曰 雍也는 仁而不佞이로다,혹자가 말하기를 “옹(雍)은 인(仁)하나 말재주가 없습니다.” 하였다.,로다,False,로다,Level1
논어집주,365,1296,子路聞之하고 喜한대 子曰 由也는 好勇이 過我나 無所取材로다,"자로(子路)가 이 말씀을 듣고 기뻐하자, 공자(孔子)께서는 “유(由)는 용맹을 좋아함은 나보다 나으나, 사리를 헤아려 맞게 하는 것이 없다.” 하셨다.",로다,True,로다,Level1
논어집주,398,1401,若子路면 可謂能用其勇矣로다,자로(子路)와 같다면 그 용맹을 잘 썼다고 말할 만하다.”,로다,False,로다,Level1
논어집주,405,1426,晏平仲은 善與人交로다,“안평중(晏平仲)은 남과 사귀기를 잘하는구나!,로다,True,로다,Level1
논어집주,410,1447,曰 仁矣乎잇가 曰 未知로다,"“인(仁)이라고 할 만합니까?” 하고 다시 묻자,  “모르겠다.",로다,False,로다,Level1
논어집주,421,1501,不知所以裁之로다,그것을 마름질할 줄을 모르는구나.”,로다,False,로다,Level1
논어집주,426,1527,或乞醯焉이어늘 乞諸其隣而與之로다,"어떤 사람이 초〔醯〕를 빌리려 하자, 그의 이웃집에서 빌어다가 주는구나!”",로다,False,로다,Level1
논어집주,441,1592,夫子自恐終不得見而歎之하시니 其警學者深矣로다,"부자(夫子)께서 스스로 끝내 만나보지 못할까 두려워하여 탄식하셨으니, 배우는 자들을 깨우치심이 깊다.",로다,True,로다,Level1
춘추좌씨전3,427,1250,視流而行速하야 不安其位하니 宜不能久로다,"시선(視線)은 유동(流動)하고 걸음은 빨라 자신의 위치(位置)에 안착(安着)하지 못하였으니, 아마도 오래 살 수 없을 것이다.”고 하였다.",로다,False,로다,Level1
춘추좌씨전3,448,1311,吾亡無日矣로다,우리가 멸망(滅亡)할 날이 머지 않았다.”라고 하였다.,로다,False,로다,Level1
춘추좌씨전3,467,1354,詩曰 女也不爽이어늘 士貳其行이로다,《시경(詩經)》에 ‘여자는 잘못이 없는데 사내는 행동을 이랬다저랬다 하네.,로다,False,로다,Level1
춘추좌씨전3,516,1465,晉侯夢에 大厲가 被髮及地하고 搏膺而踊曰 殺余孫하니 不義로다,"진후(晉侯)의 꿈에 큰 여귀(厲鬼)가 머리는 풀어헤쳐 땅에 끌리고, 가슴을 치고 뛰면서 말하기를, “네가 나의 손자를 죽였으니, 의리(義理)를 모르는 놈이다.",로다,True,로다,Level1
춘추좌씨전3,540,1552,今吾子之言은 亂之道也니 不可以爲法이로다,지금 그대의 말은 난세(亂世)의 도(道)이니 법(法)으로 삼을 수 없습니다.,로다,False,로다,Level1
춘추좌씨전3,566,1658,故詩曰 兕觵其觩나 旨酒思柔로다,그러므로 《시경(詩經)》에 ‘뿔잔은 구부정하지만(시굉기구(兕觵其觩)) 맛난 술은 부드럽네(旨酒思柔).,로다,False,로다,Level1
춘추좌씨전3,617,1826,王怒曰 大辱國이로다,"초왕(楚王)이 노(怒)하여 말하기를, “크게 나라를 욕(辱)되게 하는 짓이다.",로다,False,로다,Level1
춘추좌씨전3,655,1970,仲尼曰 鮑莊子之知不如葵로다,"중니(仲尼)가 말하기를, “포장자(鮑莊子)의 지혜(知慧)는 규채(葵菜)만도 못하다.",로다,False,로다,Level1
춘추좌씨전3,657,1976,從而歌之曰 濟洹之水에 贈我以瓊瑰로다,성백(聲伯)은 따라가며 “원수(洹水)를 건너는데 어떤 이가 나에게 주옥(珠玉)을 주었네.,로다,False,로다,Level1
춘추좌씨전3,660,2001,郤至奉豕에 寺人孟張奪之어늘 郤至射而殺之하니 公曰 季子欺余로다,"극지(郤至)가 멧돼지를 잡아 여공(厲公)에게 바치는데, 시인(寺人) 맹장(孟張)이 그 돼지를 빼앗자, 극지(郤至)가 맹장(孟張)을 사살(射殺)하니, 여공(厲公)은 “계자(季子)가 나를 속인다.”고 하였다.",로다,False,로다,Level1
춘추좌씨전4,47,105,詩曰 其惟哲人은 告之話言이면 順德之行이라하니 季孫於是爲不哲矣로다,"《시경(詩經)》에 ‘슬기로운 사람은 선언(善言)을 고(告)해 주면 덕(德)을 따라 행(行)한다.’ 하였는데, 계손(季孫)은 이 일에 있어 슬기롭지 못하였다.",로다,False,로다,Level1
춘추좌씨전4,68,159,祈［祁］奚於是能擧善矣로다,“기해(祁奚)가 이번에 현능(賢能)을 천거(薦擧)하였다고 할 수 있다.,로다,False,로다,Level1
춘추좌씨전4,68,161,商書曰 無偏無黨이면 王道蕩蕩이라하니 其祈［祁］奚之謂矣로다,"≪상서(尙書)≫에 ‘치우침이 없고 당을 지음이 없으면 군왕(君王)의 길이 공평무사(公平無私)하다.’고 하였으니, 기해(祁奚)를 이름인 듯하다.",로다,False,로다,Level1
춘추좌씨전4,68,165,詩云 惟其有之라 是以似之라하니 祈［祁］奚有焉이로다,"《시경(詩經)》에 ‘자기가 이런 재능(才能)을 가졌기 때문에 자기와 같은 사람을 천거(薦擧)한다.’고 하였으니, 기해(祁奚)에게 이런 점이 있었다.”",로다,False,로다,Level1
춘추좌씨전4,81,197,韓獻子患之하야 言於朝曰 文王帥殷之叛國以事紂는 唯知時也어늘 今我易之하니 難哉로다,"한헌자(韓獻子)가 이를 근심하여 조정(朝廷)에서 말하기를 “문왕(文王)이 은왕조(殷王朝)를 배반(背叛)한 나라들을 거느리고서 주왕(紂王)을 섬긴 것은 시기(時期)를 아셨기 때문인데, 지금 우리는 이와 반대로 하고 있으니 성공(成功)하기 어려울 것이다.”고 하였다.",로다,False,로다,Level1
춘추좌씨전4,89,257,國人誦之曰 臧之狐裘여 敗我於狐駘로다,"국인(國人)들이 풍자(諷刺)하는 노래를 불렀는데, 그 노래에 “여우 갖옷 입은 장흘(臧紇)이여 아군(我軍)을 호태(狐駘)에서 패전(敗戰)시켰네.",로다,False,로다,Level1
춘추좌씨전4,89,258,我君小子라 朱儒是使로다,우리 임금 너무 어려 난쟁이를 장수(將帥)로 보내셨네.,로다,False,로다,Level1
춘추좌씨전4,89,259,朱儒朱儒여 使我敗於邾로다,"난쟁이여 난쟁이여, 아군(我軍)을 주군(邾軍)에게 패전(敗戰)시켰네.”라고 하였다.",로다,False,로다,Level1
춘추좌씨전4,109,285,楚共王於是不刑이로다,“초공왕(楚共王)은 이 일에 대해 형벌(刑罰)을 제대로 시행하지 못하였다.,로다,False,로다,Level1
춘추좌씨전4,109,286,詩曰 周道挺挺하니 我心扃扃이로다,시(詩)에 ‘큰 길이 곧으니 내 밝게 살피리라.,로다,True,로다,Level1
시경집전(상),2226,5128,伐柯伐柯여 其則不遠이로다,도끼자루를 베고 도끼자루를 벰이여 그 법이 멀리 있지 않도다,로다,True,로다,Level1
시경집전(상),2227,5129,我遘之子호니 籩豆有踐이로다,내 이 아가씨를 만나니 변두(籩豆)가 질서정연하도다,로다,True,로다,Level1
시경집전(상),2231,5139,九罭之魚여 鱒魴이로다,아홉 주머니의 그물에 걸린 고기여 송어와 방어로다,로다,True,로다,Level1
시경집전(상),2232,5140,我覯之子호니 袞衣繡裳이로다,내 그 분을 만나보니 곤의(袞衣)와 수상(繡裳)을 입었도다,로다,True,로다,Level1
시경집전(상),2243,5166,狼跋其胡요 載疐其尾로다,이리가 앞으로 나아가면 턱살이 밟히고 뒤로 물러나면 꼬리가 밟히도다,로다,False,로다,Level1
시경집전(상),2246,5182,"蓋不使讒邪之口로 得以加乎公之忠聖이니 此可見其愛公之深, 敬公之至요 而其立言이 亦有法矣로다","이는 참소하고 간사한 사람의 입으로 하여금 공(公)의 충성(忠聖)함에 가해지지 않게 하려고 한 것이니, 이는 공(公)을 사랑함이 깊고 공(公)을 공경함이 지극함을 볼 수 있으며, 그 글을 지음이 또한 법도가 있는 것이다.",로다,True,로다,Level1
시경집전(상),2247,5183,狼疐其尾요 載跋其胡로다,이리가 물러나면 꼬리가 밟히고 나아가면 턱살이 밟히도다,로다,False,로다,Level1
시경집전(상),2257,5222,呦呦鹿鳴이여 食野之苹이로다,유유(呦呦)히 우는 사슴의 울음소리여 들의 대쑥을 뜯도다,로다,True,로다,Level1
시경집전(상),2263,5246,呦呦鹿鳴이여 食野之蒿로다,유유(呦呦)히 우는 사슴의 울음소리여 들의 제비쑥을 먹도다,로다,True,로다,Level1
시경집전(상),2265,5248,視民不恌니 君子是則是傚로다,백성들에게 보여주어 경박하지 않게 하니 군자(君子)가 이것을 본받도다,로다,True,로다,Level1
시경집전(상),2266,5249,我有旨酒하니 嘉賓式燕以敖로다,내 맛있는 술이 있으니 아름다운 손님 잔치에 참여하여 노시도다,로다,True,로다,Level1
시경집전(상),2269,5258,呦呦鹿鳴이여 食野之芩이로다,유유(呦呦)히 우는 사슴의 울음소리여 들의 금풀을 먹도다,로다,True,로다,Level1
시경집전(상),2271,5260,鼓瑟鼓琴이여 和樂且湛이로다,비파를 타고 거문고를 탐이여 화락하고 또 즐겁도다,로다,True,로다,Level1
시경집전(상),2272,5261,我有旨酒하여 以燕樂嘉賓之心이로다,내 맛있는 술을 두어 가빈(嘉賓)의 마음을 안락하게 하도다,로다,True,로다,Level1
시경집전(상),2278,5277,四牡騑騑하니 周道倭遲로다,네 필의 말이 끊임없이 달려가니 큰 길이 굽어 있도다,로다,False,로다,Level1
시경집전(상),2281,5291,臣勞於事而不自言이어늘 君探其情而代之言하니 上下之間에 可謂各盡其道矣로다,"신하가 일에 수고롭되 스스로 말하지 않거늘 군주가 그 정(情)을 더듬어 대신 말하였으니, 상하(上下)의 사이에 각기 그 도리를 다했다고 말할 만한다.",로다,True,로다,Level1
시경집전(상),2282,5296,四牡騑騑하니 嘽嘽駱馬로다,네 필의 말이 끊임없이 달려가니 많고 많은 낙마(駱馬)로다,로다,False,로다,Level1
시경집전(상),2285,5302,翩翩者鵻여 載飛載下하여 集于苞栩로다,편편(翩翩)히 나는 비둘기여 곧 날며 곧 내려앉아 총생(叢生)하는 도토리나무에 앉도다,로다,True,로다,Level1
시경집전(상),2289,5313,翩翩者鵻여 載飛載止하여 集于苞杞로다,편편(翩翩)히 나는 비둘기여 곧 날며 곧 내려앉아 총생(叢生)하는 구기자나무에 앉도다,로다,True,로다,Level1
시경집전(상),2297,5328,皇皇者華여 于彼原隰이로다,휘황한 꽃이여 저 언덕과 습지에 있도다,로다,True,로다,Level1
춘추좌씨전5,54,321,已侈하니 所謂不及五稔者는 夫子之謂矣로다,너무 오만(傲慢)하니 이른바 ‘5년을 넘기지 못할 것이다.’는 말이 바로 저 사람을 두고 한 말일 것입니다.”고 하였다.,로다,True,로다,Level1
춘추좌씨전5,57,348,吾圖之하리라하고 告盧蒲嫳한대 盧蒲嫳曰 彼는 君之讐也니 天或者將棄彼矣로다,"내 생각해 보겠네.”라고 하고서, 노포별(盧蒲嫳)에게 말하자 노포별(盧蒲嫳)이 말하기를 “저 최저(崔杼)는 우리 임금의 원수(怨讐)이니 아마도 하늘이 그를 버리려는 모양입니다.",로다,True,로다,Level1
춘추좌씨전5,59,364,薳氏之有後於楚國也가 宜哉로다,“위씨(薳氏)의 후손(後孫)이 초(楚)나라에서 대대로 녹위(祿位)를 누리는 것이 당연(當然)하다.,로다,False,로다,Level1
춘추좌씨전5,84,477,展莊叔見之曰 車甚澤하니 人必瘁리라 宜其亡也로다,"전장숙(展莊叔)이 그 수레를 보고서 말하기를 “수레가 매우 윤택(潤澤)한 것으로 보아 틀림없이 사람들이 크게 고통을 받았을 것이니, 그가 국외(國外)로 도망하는 것은 당연하다.”고 하였다.",로다,True,로다,Level1
춘추좌씨전5,108,548,公曰 欲之而言叛하니 祗見疏也로다,"양공(襄公)은 “변읍(卞邑)을 탐(貪)하여 취했으면서 반란(叛亂)을 핑계 대니, 이는 그가 나를 소원(疏遠)히 여기고 있다는 것을 드러냈을 뿐이다.”고 하고서,",로다,False,로다,Level1
춘추좌씨전5,113,581,晉國不恤周宗之闕하고 而夏肄是屛하니 其棄諸姬를 亦可知也已로다,"진(晉)나라가 주(周)나라 종실(宗室)(희성국(姬姓國)들을 이름)의 쇠약(衰弱)은 걱정하지 않고 하(夏)나라의 후손(後孫)을 위해 성(城)을 쌓으니, 진(晉)나라는 장차 제희(諸姬)(여러 희성국(姬姓國))를 버릴 것임을 알 수 있다.",로다,False,로다,Level1
춘추좌씨전5,119,610,始基之矣오 猶未也라 然勤而不怨矣로다,주(周)나라의 기초(基礎)가 비로소 정(定)해졌으나 아직 완성(完成)되지 않았는데 백성들이 수고로워도 원망(怨望)하지 않은 것을 볼 수 있습니다.”고 하였다.,로다,True,로다,Level1
춘추좌씨전5,119,612,憂而不困者也로다,근심하면서도 괴로워하지 않음을 볼 수 있습니다.,로다,True,로다,Level1
춘추좌씨전5,119,619,國未可量也로다,이 나라는 그 앞날을 한량(限量)할 수 없습니다.”고 하였다.,로다,False,로다,Level1
춘추좌씨전5,120,636,猶有先王之遺民焉이로다,오히려 선왕(先王)의 유민(遺民)이 있기 때문에 〈배반하지 않고 원망하는 말을 내지 않은 것〉입니다.”고 하였다.,로다,False,로다,Level1
춘추좌씨전5,120,642,處而不底하고 行而不流하며 五聲和하고 八風平하며 節有度하고 守有序하니 盛德之所同也로다,"처(處)(활동(活動)을 정지(停止)하고 조용히 거처(居處)함)하되 정체(停滯)하지 않았고 행(行)(활동(活動)함)하되 방탕(放蕩)하지 않은 것을 볼 수 있으며, 오성(五聲)이 어울리고 팔풍(八風)이 조화(調和)되었으며, 박자(拍子)에 법도(法度)가 있고 악기(樂器)의 연주(演奏)에 차례가 있으니, 성대(盛大)한 덕(德)이 동일(同一)합니다.”고 하였다.",로다,True,로다,Level1
춘추좌씨전5,121,645,勤而不德하니 非禹면 其誰能修之리오 見舞韶箾者하고 曰 德至矣哉大矣로다 如天之無不幬也하고 如地之無不載也로다,"근로(勤勞)하면서도 그것을 덕(德)으로 여기지 않은 것을 볼 수 있으니, 우(禹)가 아니면 누가 이런 악무(樂舞)를 만들 수 있었겠습니까?”고 하고, 소소무(韶箾舞)를 보고는 “덕(德)이 지극하고 광대(廣大)하여, 일체(一切)를 덮지 않음이 없는 하늘과 같고 일체(一切)를 싣지 않음이 없는 대지(大地)와 같습니다.",로다,True,로다,Level1
춘추좌씨전5,158,793,夫諸侯之上卿이 會而不信하야 寵名皆棄하니 不信之不可也如是로다,"제후(諸侯)의 상경(上卿)으로 회합(會合)하고서도 약신(約信)을 지키지 않아 존귀(尊貴)한 족명(族名)을 모두 버렸으니, 약신(約信)을 지키지 않아서는 안 되는 것이 이와 같다.",로다,False,로다,Level1
춘추좌씨전5,163,821,及三年하여 又誦之曰 我有子弟를 子産誨之하고 我有田疇를 子産殖之로다,"3년이 되자 또 노래하기를 “우리의 자제(子弟)를 자산(子産)이 가르치고, 우리의 전지(田地)를 자산(子産)이 증산(增産)되게 하였네.",로다,True,로다,Level1
춘추좌씨전5,171,837,穆叔出而告人曰 孟孫將死矣로다,목숙(穆叔)이 나와서 사람에게 말하기를 “맹손(孟孫)은 머지않아 죽을 것이다.,로다,False,로다,Level1
춘추좌씨전5,171,838,吾語諸趙孟之偸也어늘 而又甚焉이로다,"내가 조맹(趙孟)의 구차(苟且)함을 말하였는데, 맹손(孟孫)은 구차(苟且)함이 그보다 더욱 심하다.”고 하였다.",로다,False,로다,Level1
춘추좌씨전5,178,861,冬十月에 滕成公來會葬할새 惰而多涕하니 子服惠伯曰 滕君將死矣로다,"겨울 10월에 등성공(滕成公)이 와서 회장(會葬)할 때에 몸가짐이 태만(怠慢)하고 눈물을 많이 흘리니, 자복혜백(子服惠伯)이 말하기를 “등군(滕君)은 오래지 않아 죽을 것이다.",로다,True,로다,Level1
춘추좌씨전5,182,894,詩曰 辭之輯矣면 民之協矣며 辭之繹矣면 民之莫矣라하니 其知之矣로다,"《시경(詩經)》에 ‘언사(言辭)가 화목(和睦)하면 백성들이 협동(協同)하고 언사(言辭)가 화열(和悅)하면 백성들이 안정(安定)된다.’고 하였으니, 이 시(詩)를 지은 사람은 이미 사령(辭令)이 중요(重要)하다는 것을 안 것이다.”고 하였다.",로다,False,로다,Level1
춘추좌씨전5,190,933,子皮欲使尹何爲邑한대 子産曰 少하니 未知可否로다,"자피(子皮)가 윤하(尹何)를 자기 봉읍(封邑)의 읍재(邑宰)로 삼으려 하자, 자산(子産)이 “그는 연소(年少)하니 고을을 다스릴 수 있을는지 모르겠습니다.”고 하였다.",로다,False,로다,Level1
춘추좌씨전5,190,948,衣服은 附在吾身이라 我知而愼之하고 大官大邑은 所以庇身也로되 我遠而慢之로다,"의복(衣服)은 내 몸에 입는 것이어서 나는 이를 잘 알므로 신중(愼重)히 처리하였고, 대관(大官)과 대읍(大邑)은 내 자신을 비호(庇護)하는 울타리인데도 나는 먼 일로 여겨 가벼이 생각하였습니다.",로다,False,로다,Level1
춘추좌씨전4,141,344,是故啓蟄而郊하고 郊而後耕이어늘 今旣耕而卜郊하니 宜其不從也로다,"그러므로 경칩(驚蟄)이 되면 교제(郊祭)를 지내고 교제(郊祭)를 지낸 뒤에 농사(農事)를 시작하는 것인데, 지금은 이미 농사를 시작한 뒤에 교제(郊祭)의 길흉(吉凶)을 점쳤으니 그 점이 불길(不吉)한 것이 당연하다.”고 하였다.",로다,True,로다,Level1
춘추좌씨전4,146,365,穆叔曰 孫子必亡이로다,목숙(穆叔)이 말하기를 “손문자(孫文子)는 반드시 망(亡)할 것이다.,로다,False,로다,Level1
춘추좌씨전4,208,599,師競已甚이로다,출병(出兵)해 전쟁(戰爭)함이 너무 심하다.,로다,True,로다,Level1
춘추좌씨전4,240,721,詩曰 樂只君子여 殿天子之邦이로다,《시경(詩經)》에 ‘화락(和樂)한 군자(君子)여 천자(天子)의 나라를 진무(鎭撫)하리.,로다,True,로다,Level1
춘추좌씨전4,240,722,樂只君子여 福祿攸同이로다,화락(和樂)한 군자(君子)여 사람들과 복록(福祿)을 함께 누리리.,로다,True,로다,Level1
춘추좌씨전4,296,957,君子謂 子囊忠이로다,군자(君子)가 논평(論評)하기를 “자낭(子囊)은 충성(忠誠)스럽다.,로다,True,로다,Level1
춘추좌씨전4,344,1064,築者謳曰 澤門之晳은 實興我役하고 邑中之黔은 實慰我心이로다,"대(臺)를 축조(築造)하는 역부(役夫)들이 노래하기를 “택문(澤門)에 사는 피부가 흰 이는 우리를 부역에 징발(徵發)하고, 읍내(邑內)에 사는 피부가 검은 이는 우리의 마음을 위로하시네.”라고 하였다.",로다,False,로다,Level1
춘추좌씨전4,414,1251,衛寗惠子疾에 召悼子曰 吾得罪於君하니 悔而無及也로다,위(衛)나라 영혜자(寗惠子)가 병(病)이 위독(危篤)하자 그 아들 도자(悼子)를 불러 말하기를 “내가 임금께 죄(罪)를 얻었으니 후회해도 미칠 수가 없다.,로다,True,로다,Level1
춘추좌씨전4,445,1385,善戒로다,“경계(警戒)를 잘하였다.,로다,False,로다,Level1
춘추좌씨전4,446,1389,齊將伐晉하리니 不可以不懼로다,제(齊)나라는 장차 진(晉)나라를 칠 것이니 두려워하지 않을 수 없다.”고 하였다.,로다,False,로다,Level1
춘추좌씨전4,485,1571,仲尼曰 知之難也로다,중니(仲尼)께서 말하기를 “지혜롭기가 참으로 어려운 것이다.,로다,True,로다,Level1
춘추좌씨전4,512,1650,其有亡釁乎ㄴ저 不然이면 其有惑疾하야 將死而憂也로다,"〈그런데도 강계(降階)를 물었으니〉 아마도 도망가게 될 조짐이 있어서일 것이고, 그렇지 않다면 혹질(惑疾)(심신(心身)이 불안(不安)하고 의심(疑心)이 많은 병)이 있어 죽게 될 것을 근심해서일 것이다.”고 하였다.",로다,False,로다,Level1
춘추좌씨전4,549,1788,大叔文子聞之하고 曰 嗚呼라 詩所謂我躬不說이온 皇恤我後者니 寗子可謂不恤其後矣로다,"태숙문자(太叔文子)가 이 소식을 듣고 말하기를 “아아, 《시경(詩經)》에 이른바 ‘내 한 몸도 용납(容納)되지 못하는데 어느 겨를에 내 후대(後代)를 생각하겠느냐?’는 꼴이니, 영자(寗子)는 그 후대(後代)를 걱정하지 않았다고 하겠다.",로다,True,로다,Level1
춘추좌씨전5,18,64,讓不失禮로다,겸양(謙讓)하되 예(禮)를 잃지 않았다.”고 하였다.,로다,False,로다,Level1
춘추좌씨전5,34,187,辭不失舊로다,그 사령(辭令)이 옛 법도(法度)를 잃지 않았다.”고 하였다.,로다,False,로다,Level1
춘추좌씨전5,44,211,父子死余矣로다,부자(父子)가 모두 나를 위해 죽었구나.”고 하였다.,로다,True,로다,Level1
춘추좌씨전5,49,269,大宰退하야 告人曰 令尹將死矣로다,태재(太宰)(백주리(伯州犂))가 물러나와 어떤 사람에게 고(告)하기를 “영윤(令尹)은 장차 죽을 것이다.,로다,False,로다,Level1
춘추좌씨전5,52,300,能歆神人하니 宜其光輔五君하야 以爲盟主也로다,신(神)과 사람을 기쁘게 하였으니 다섯 임금을 보좌(輔佐)하여 맹주(盟主)가 되게 한 것이 당연(當然)하다.”고 하였다.,로다,True,로다,Level1
춘추좌씨전5,53,308,民之主也어니와 抑武也는 不足以當之로다,〈그대는 참으로〉 백성의 주인(主人)이 될 수 있지만 나는 〈이런 칭찬을〉 받을 만하지 못합니다.”라고 하였다.,로다,False,로다,Level1
춘추좌씨전5,53,315,保家之主也여 吾有望矣로다,"집안을 보존(保存)할 주인(主人)이니, 내 기대(期待)해 보겠습니다.”라고 하였다.",로다,True,로다,Level1
시경집전(상),2397,5563,如松柏之茂하여 無不爾或承이로다,송백(松柏)의 무성함과 같아 그대를 계승하지 않음이 없도다,로다,True,로다,Level1
시경집전(상),2401,5571,曰歸曰歸여 歲亦莫止리로다,"돌아감이여, 돌아감이여 해 또한 저물리로다",로다,True,로다,Level1
시경집전(상),2407,5592,曰歸曰歸여 心亦憂止로다,돌아감이여 돌아감이여 마음에 또한 근심하도다,로다,True,로다,Level1
시경집전(상),2409,5594,我戍未定이니 靡使歸聘이로다,내 수자리간 일이 끝나지 않았으니 돌아가 안부를 묻게 할 자가 없도다,로다,True,로다,Level1
시경집전(상),2413,5602,曰歸曰歸여 歲亦陽止리로다,돌아감이여 돌아감이여 해가 또한 양월(陽月)이 되리도다,로다,True,로다,Level1
시경집전(상),2417,5611,彼爾維何오 維常之華로다,저 환한 꽃은 무엇인고 상체(常棣)의 꽃이로다,로다,True,로다,Level1
시경집전(상),2418,5612,彼路斯何오 君子之車로다,저 노거(路車)는 무엇인고 군자(君子)가 타는 수레로다,로다,True,로다,Level1
시경집전(상),2419,5613,戎車旣駕하니 四牡業業이로다,융거(戎車)를 이미 멍에하니 네 필의 말이 건장도 하도다,로다,True,로다,Level1
시경집전(상),2420,5614,豈敢定居리오 一月三捷이로다,어찌 감히 편안히 거처하리오 한 달에 세 번 승리하리로다,로다,True,로다,Level1
시경집전(상),2423,5625,駕彼四牡하니 四牡騤騤로다,저 사모(四牡)를 멍에하니 사모(四牡)가 굳세고 굳세도다,로다,True,로다,Level1
시경집전(상),2424,5626,君子所依요 小人所腓로다,군자(君子)가 타는 바요 소인(小人)이 비호받는 바로다,로다,False,로다,Level1
시경집전(상),2425,5627,四牡翼翼하니 象弭魚服이로다,사모(四牡)가 정돈되고 정돈되니 상아로 만든 활 끝에 어(魚)로 만든 화살통이로다,로다,True,로다,Level1
시경집전(상),2426,5628,豈不日戒리오 玁狁孔棘이로다,어찌 날마다 경계하지 않으리오 험윤의 난이 매우 급하도다,로다,False,로다,Level1
시경집전(상),2430,5641,今我來思엔 雨雪霏霏로다,지금 내가 돌아올 때에는 함박눈이 펄펄 내리도다,로다,True,로다,Level1
시경집전(상),2437,5657,自天子所하여 謂我來矣로다,천자(天子)가 계신 곳으로부터 와서 나더러 오라하도다,로다,True,로다,Level1
시경집전(상),2445,5670,憂心悄悄하니 僕夫況瘁로다,마음에 근심함을 초초(悄悄)히 하니 복부(僕夫)가 파리하도다,로다,True,로다,Level1
시경집전(상),2449,5688,出車彭彭하며 旂旐央央이로다,수레를 냄이 많고 많으며 깃발이 선명하도다,로다,True,로다,Level1
시경집전(상),2451,5690,赫赫南仲이여 玁狁于襄이로다,혁혁(赫赫)한 남중(南仲)이여 험윤(玁狁)을 제거하도다,로다,True,로다,Level1
시경집전(상),2455,5708,今我來思엔 雨雪載塗로다,지금 내가 올 때에는 함박눈이 내려 진흙탕이 되었도다,로다,True,로다,Level1
시경집전(상),2460,5719,喓喓草蟲이며 趯趯阜螽이로다,요요(喓喓)히 우는 풀벌레며 이리저리 뛰는 메뚜기로다,로다,True,로다,Level1
시경집전(상),2298,5329,駪駪征夫여 每懷靡及이로다,달려가는 정부(征夫)여 매양 미치지 못할 듯이 생각하도다,로다,True,로다,Level1
시경집전(상),2300,5340,然이나 其辭之婉而不迫이 如此하니 詩之忠厚를 亦可見矣로다,"그러나 그 말이 완곡(婉曲)하고 박절(迫切)하지 않음이 이와 같으니, 시(詩)의 충후(忠厚)함을 또한 볼 수 있다.",로다,True,로다,Level1
시경집전(상),2301,5341,我馬維駒니 六轡如濡로다,내 말이 망아지이니 여섯 고삐가 물에 젖은 듯 윤택하도다,로다,True,로다,Level1
시경집전(상),2302,5342,載馳載驅하여 周爰咨諏로다,말을 달리며 채찍질하여 이에 두루 자추(咨諏)하도다,로다,True,로다,Level1
시경집전(상),2305,5351,我馬維騏니 六轡如絲로다,내 말이 얼룩이니 여섯 고삐가 고르도다,로다,False,로다,Level1
시경집전(상),2306,5352,載馳載驅하여 周爰咨謀로다,말을 달리며 채찍질하여 이에 두루 자모(咨謀)하도다,로다,False,로다,Level1
시경집전(상),2308,5356,我馬維駱이니 六轡沃若이로다,내 말이 낙마(駱馬)이니 여섯 고삐가 윤택하도다,로다,True,로다,Level1
시경집전(상),2309,5357,載馳載驅하여 周爰咨度이로다,말을 달리며 채찍질하여 이에 두루 자도(咨度)하도다,로다,True,로다,Level1
시경집전(상),2311,5361,我馬維駰이니 六轡旣均이로다,내 말이 인마(駰馬)이니 여섯 고삐가 이미 고르도다,로다,True,로다,Level1
시경집전(상),2312,5362,載馳載驅하여 周爰咨詢이로다,말을 달리며 채찍질하여 이에 두루 자순(咨詢)하도다,로다,False,로다,Level1
시경집전(상),2324,5395,脊令在原하니 兄弟急難이로다,척령(脊令)이 언덕에 있으니 형제(兄弟)가 급난(急難)을 구원하도다,로다,True,로다,Level1
시경집전(상),2333,5422,雖有兄弟나 不如友生이로다,비록 형제(兄弟)가 있으나 우생(友生)만 못하게 여기도다,로다,True,로다,Level1
시경집전(상),2351,5455,嚶其鳴矣여 求其友聲이로다,앵앵(嚶嚶)히 욺이여 그 벗을 찾는 소리로다,로다,True,로다,Level1
시경집전(상),2357,5466,伐木許許어늘 釃酒有藇로다,나무를 베기를 허허(許許)히 하거늘 거른 술이 아름답기도 하도다,로다,True,로다,Level1
시경집전(상),2364,5488,孔子曰所求乎朋友로 先施之를 未能也라하시니 此可謂能先施矣로다,"공자(孔子)께서 말씀하시기를 “붕우(朋友)에게 요구하는 것으로 내가 먼저 붕우(朋友)에게 베푸는 것을 능히 하지 못한다.” 하셨는데, 이는 먼저 붕우(朋友)에게 베풀었다고 이를 만하다.",로다,False,로다,Level1
시경집전(상),2365,5489,伐木于阪이어늘 釃酒有衍이로다,나무를 산비탈에서 베거늘 거른 술이 많기도 하도다,로다,False,로다,Level1
시경집전(상),2366,5490,籩豆有踐하니 兄弟無遠이로다,변두(籩豆)가 질서정연하게 놓여 있으니 형제(兄弟)들이 먼 사람할 것 없이 모두 왔도다,로다,True,로다,Level1
시경집전(상),2377,5516,俾爾多益이라 以莫不庶로다,그대로 하여금 많이 이익되게 하는지라 풍부하지 않음이 없도다,로다,True,로다,Level1
시경집전(상),2385,5534,如山如阜하며 如岡如陵하며 如川之方至하여 以莫不增이로다,산과 같고 언덕과 같으며 산마루와 같고 구릉과 같으며 냇물이 막 이르는 것과 같아 불어나지 않음이 없도다,로다,True,로다,Level1
시경집전(상),2393,5553,群黎百姓이 徧爲爾德이로다,여러 백성들이 두루 그대의 덕(德)을 실행하도다,로다,True,로다,Level1
춘추좌씨전5,227,1102,叔孫穆子曰 楚公子美矣君哉로다 鄭子皮曰 二執戈者前矣로다,"이를 보고서 숙손목자(叔孫穆子)는 “초(楚)나라 공자(公子)의 아름다움이 군왕(君王) 같군요.”라고 하고, 정(鄭)나라 자피(子皮)는 “창을 든 두 위사(衛士)가 앞에서 호위(護衛)하고 있군요.”라고 하고,",로다,True,로다,Level1
춘추좌씨전5,228,1116,言以知物이 其是之謂矣로다,그 사람의 말로써 그 사람의 화복(禍福)의 종류(種類)를 알 수 있다.’는 것이 아마도 이런 경우를 이른 듯합니다.”,로다,False,로다,Level1
춘추좌씨전5,233,1172,明德遠矣로다,그 밝은 덕(德)이 먼 후세(後世)에까지 입혀졌구려.,로다,True,로다,Level1
춘추좌씨전5,236,1201,乃執子南而數之曰 國之大節有五어늘 女皆奸之로다,"자남(子南)을 잡아다가 그 죄상(罪狀)을 열거(列擧)해 말하기를 “국가(國家)에는 다섯 가지 대절(大節)(대원칙(大原則))이 있는데, 너는 이 다섯 가지 원칙(原則)을 모두 범(犯)하였다.",로다,False,로다,Level1
춘추좌씨전5,245,1253,詩曰 無競惟［維］人이라하니 善矣로다,"《시경(詩經)》에 ‘국가(國家)를 강성(强盛)하게 하려면 인재(人才)를 얻는 것만 한 게 없다.’고 하였으니, 좋은 말이다.”",로다,False,로다,Level1
춘추좌씨전5,246,1281,肸未之聞也로다,나는 아직 이런 말을 들어보지 못했습니다.,로다,False,로다,Level1
춘추좌씨전5,265,1371,詩曰 敬愼威儀하야 以近有德이라하니 夫子近德矣로다,"《시경(詩經)》에 ‘너의 몸가짐을 공경하고 삼가야 덕(德)에 근접(近接)할 수 있다.’고 하였는데, 저 사람은 덕(德)에 근접(近接)한 사람이다.”고 하였다.",로다,False,로다,Level1
춘추좌씨전5,277,1412,吾得聞此數也로다,나는 조상(弔喪)에 관한 예(禮)를 들었습니다.,로다,False,로다,Level1
춘추좌씨전5,296,1522,齊公孫竈卒하다 司馬竈見晏子曰 又喪子雅矣라 晏子曰 惜也로다,"제(齊)나라 공손(公孫) 조(竈)가 졸(卒)하자, 사마(司馬) 조(竈)가 안자(晏子)를 보고 말하기를 “또 자아(子雅)(공손(公孫) 조(竈))를 잃었습니다.”고 하니, 안자(晏子)가 말하기를 “애석합니다.",로다,True,로다,Level1
춘추좌씨전5,363,1843,始吾有虞於子러니 今則已矣로다,"“처음에는 내가 그대에게 희망(希望)이 있었으나, 이제는 다 끝났습니다.",로다,True,로다,Level1
춘추좌씨전5,374,1903,吾君賄어늘 左右諂諛로다,우리 임금은 재물을 탐하는데도 좌우(左右)는 그저 아첨만 할 뿐이다.,로다,False,로다,Level1
춘추좌씨전5,398,2043,詩曰 君子是則是效라하니 孟僖子可則效已矣로다,"《시경(詩經)》에 ‘군자(君子)를 본받는다.’고 하였으니, 맹희자(孟僖子)는 본받을 만하다.”고 하였다.",로다,False,로다,Level1
춘추좌씨전6,13,25,是宮也成이면 諸侯必叛하고 君必有咎를 夫子知之矣로다,이 궁(宮)이 완성(完成)되면 제후(諸侯)가 반드시 배반하고 임금님께 재화(災禍)가 닥칠 것을 부자(夫子)(사광(師曠))는 이미 안 것이다.”고 하였다.,로다,False,로다,Level1
춘추좌씨전6,46,169,周公饗義어늘 魯無義로다,"주공(周公)은 도의(道義)에 맞는 제사(祭祀)를 흠향(歆饗)할 것인데, 노(魯)나라가 도의(道義)를 무시했으니 말이다.",로다,False,로다,Level1
춘추좌씨전6,49,181,叔孫昭子曰 非禮也라호대 弗聽하니 叔向辭之曰 大夫之事畢矣어늘 而又命孤로다,"숙손소자(叔孫昭子)가 “예(禮)가 아니다.”고 하였으나 그들은 듣지 않으니, 숙향(叔向)이 사절(謝絶)하는 진소공(晉昭公)의 말을 전(傳)하기를 “대부(大夫)들의 일이 끝났는데도 또 나에게 서로 만나자고 명(命)하십니다 그려.",로다,False,로다,Level1
춘추좌씨전6,50,184,子皮盡用其幣하고 歸하야 謂子羽曰 非知之實難이라 將在行之로다,자피(子皮)는 그 예폐(禮幣)를 다 쓰고 돌아와서 자우(子羽)(공손(公孫) 휘(揮))에게 이르기를 “아는 것이 어려운 것이 아니라 어려움은 아마도 행(行)하는 데 있는 듯하다.,로다,False,로다,Level1
춘추좌씨전6,50,186,書曰 欲敗度하고 縱敗禮라하니 我之謂矣로다,"≪서경(書經)≫에 ‘욕심이 법도(法度)를 파괴(破壞)하고 방종(放縱)이 예(禮)를 파괴(破壞)한다.’고 하였는데, 이는 바로 나를 이른 것이다.",로다,False,로다,Level1
춘추좌씨전6,50,187,夫子知度與禮矣로되 我實縱欲하야 而不能自克也로다,부자(夫子)는 법도(法度)와 예(禮)를 알아 〈나에게 일러 주었는데도〉 내가 실로 사욕(私慾)에 방종(放縱)하여 스스로 억제(抑制)하지 못하였다.”고 하였다.,로다,False,로다,Level1
춘추좌씨전6,71,248,王惡周矣로다,초왕(楚王)의 죄악(罪惡)이 쌓인 지가 이미 12년이 되었습니다.”고 하였다.,로다,False,로다,Level1
춘추좌씨전6,73,257,無守氣矣로다,이는 저 단자(單子)에게 몸을 지킬 원기(元氣)가 없기 때문이다.”고 하였다.,로다,False,로다,Level1
춘추좌씨전8,54,172,生不能用하고 死而誄之는 非禮也오 稱一人은 非名也니 君兩失之로다,"생전(生前)에 등용(登用)하지 못하고서 사후(死後)에 애사(哀辭)를 읽는 것은 예(禮)에 맞지 않고, ‘일인(一人)’이라 칭한 것은 명분(名分)에 맞지 않으니 애공(哀公)은 두 가지를 모두 잃었다.”고 하였다.",로다,False,로다,Level1
춘추좌씨전8,57,197,楚國第에 我死면 令尹司馬는 非勝而誰오 勝聞之曰 令尹之狂也로다,"초(楚)나라에서 사람을 등용하는 순서로 보면 내가 죽은 뒤에 영윤(令尹)이나 사마(司馬)가 될 사람은 승(勝)이 아니고 누구이겠느냐?”라고 하니, 승(勝)이 이 말을 듣고서 말하기를 “영윤(令尹)이 미쳤도다.",로다,False,로다,Level1
춘추좌씨전8,71,273,衛侯夢于北宮에 見人登昆吾之觀하야 被髮北面而譟曰 登此昆吾之虛하니 綿綿生之瓜로다,"위후(衛侯)가 북궁(北宮)에서 꿈을 꾸었는데, 꿈에 어떤 사람이 곤오관(昆吾觀)에 올라가서 머리를 풀어헤치고서 북쪽을 향해 큰소리로 “이 곤오(昆吾)의 옛터에 올라보니 오이 넝쿨 끊어지지 않고 이어져 있네.",로다,True,로다,Level1
춘추좌씨전8,71,277,衛侯貞卜하니 其繇曰 如魚竀尾하니 衡流而方羊이로다,"위후(衛侯)가 거북점을 치니, 그 점사(占辭)에 “물고기처럼 꼬리가 붉으니 흐르는 물살을 뚫고 정처 없이 헤매리라.",로다,True,로다,Level1
춘추좌씨전8,78,316,惠王知志로다,“혜왕(惠王)은 〈사람들의〉 지망(志望)을 알았도다.,로다,False,로다,Level1
춘추좌씨전8,78,318,志曰 聖人不煩卜筮라하니 惠王其有焉이로다,"옛 기록에 ‘성인(聖人)은 빈번(頻煩)하게 거북점과 시초점(蓍草占)을 치지 않았다.’고 하였는데, 혜왕(惠王)에게도 그런 점이 있다.”",로다,False,로다,Level1
춘추좌씨전8,88,347,數年不覺하야 使我高蹈로다,몇 해가 지나도록 깨닫지 못하여 우리로 하여금 멀리 오게 하였네.,로다,True,로다,Level1
춘추좌씨전8,88,348,唯其儒書하야 以爲二國憂로다,노인(魯人)은 오직 유가(儒家)의 예서(禮書)에만 얽매어 양국(兩國)의 우환(憂患)을 만들었네.”라고 하였다.,로다,False,로다,Level1
춘추좌씨전8,101,391,聞之하고 褚師與司寇亥乘曰 今日幸而後亡이로다,이 말을 듣고 저사(褚師)는 사구(司寇) 해(亥)와 함께 수레를 타고 도망가며 말하기를 “오늘 죽을 줄 알았는데 도망가게 되었으니 다행이다.”라고 하였다.,로다,False,로다,Level1
시경집전(상),2462,5721,旣見君子라야 我心則降이로다,군자(君子)를 만나보아야 내 마음 가라앉으리로다,로다,True,로다,Level1
시경집전(상),2463,5722,赫赫南仲이여 薄伐西戎이로다,혁혁(赫赫)한 남중(南仲)이여 잠깐 서융(西戎)을 정벌하도다,로다,True,로다,Level1
시경집전(상),2467,5730,赫赫南仲이여 玁狁于夷로다,혁혁(赫赫)한 남중(南仲)이여 험윤(玁狁)을 평정하였도다,로다,True,로다,Level1
시경집전(상),2471,5743,有杕之杜여 有睆其實이로다,우뚝한 아가위여 주렁주렁 달린 그 열매로다,로다,True,로다,Level1
시경집전(상),2472,5744,王事靡盬라 繼嗣我日이로다,왕사(王事)를 허술히 할 수없는지라 우리 날을 계속 잇도다,로다,False,로다,Level1
시경집전(상),2473,5745,日月陽止라 女心傷止니 征夫遑止로다,세월이 흘러 양월(陽月)이 된지라 여인(女人)의 마음 서글퍼지니 정부(征夫)가 여가(餘暇)가 있으리로다,로다,True,로다,Level1
시경집전(상),2476,5757,有杕之杜여 其葉萋萋로다,우뚝한 아가위여 그 잎이 무성하고 무성하도다,로다,True,로다,Level1
시경집전(상),2478,5759,卉木萋止라 女心悲止니 征夫歸止로다,훼목(卉木)이 무성한지라 여인(女人)의 마음 서글퍼지니 정부(征夫)가 돌아오시리로다,로다,True,로다,Level1
시경집전(상),2481,5764,王事靡盬라 憂我父母로다,왕사(王事)를 허술히 할 수 없는지라 우리 부모(父母)를 근심스럽게 하도다,로다,True,로다,Level1
시경집전(상),2482,5765,檀車幝幝하며 四牡痯痯하니 征夫不遠이로다,박달나무 수레의 휘장이 너덜너덜하며 네 필의 말이 병들었으니 정부(征夫)가 오실 날이 멀지 않았도다,로다,True,로다,Level1
시경집전(상),2486,5772,期逝不至라 而多爲恤이로다,기한(期限)이 지나도 오지 않는지라 근심됨이 많도다,로다,True,로다,Level1
시경집전(상),2487,5773,卜筮偕止하여 會言近止하니 征夫邇止로다,거북점과 주역점을 함께 쳐보아 모두 말하되 올 날이 가깝다 하니 정부(征夫)가 오실 날이 가까우리로다,로다,True,로다,Level1
시경집전(상),2500,5803,魚麗于罶하니 鱨鯊로다,고기가 통발에 걸렸으니 날치와 모래무지로다,로다,False,로다,Level1
시경집전(상),2501,5804,君子有酒하니 旨且多로다,군자(君子)가 술에 있으니 맛있고 또 많도다,로다,False,로다,Level1
시경집전(상),2504,5815,魚麗于罶하니 魴鱧로다,고기가 통발에 걸렸으니 방어와 가물치로다,로다,False,로다,Level1
시경집전(상),2505,5816,君子有酒하니 多且旨로다,군자(君子)가 술이 있으니 많고 또 맛있도다,로다,False,로다,Level1
시경집전(상),2507,5819,魚麗于罶하니 鰋鯉로다,고기가 통발에 걸렸으니 메기와 잉어로다,로다,False,로다,Level1
시경집전(상),2508,5820,君子有酒하니 旨且有로다,군자(君子)가 술이 있으니 맛있고 또 많도다,로다,False,로다,Level1
시경집전(상),2510,5824,物其多矣니 維其嘉矣로다,차린 물건이 많으니 아름답기도 한다,로다,True,로다,Level1
시경집전(상),2512,5826,物其旨矣니 維其偕矣로다,차린 물건이 맛있으니 함께 가도다,로다,False,로다,Level1
시경집전(상),2514,5828,物其有矣니 維其時矣로다,차린 물건이 많이 있으니 때에 알맞도다,로다,False,로다,Level1
시경집전(상),2516,5837,毛公이 分魚麗하여 以足前什이어늘 而說者不察하고 遂分魚麗以上爲文武詩하고 嘉魚以下爲成王詩라하니 其失甚矣로다,"모공(毛公)이 ˂어리(魚麗)˃을 나누어 앞의 십수(什數)를 채웠는데, 해설하는 자가 이것을 살피지 못하고 마침내 나누어 ˂어리(魚麗)˃ 이상을 문왕(文王)·무왕(武王) 때의 시(詩)라 하고, ˂가어(嘉魚)˃ 이하를 성왕(成王) 때의 시(詩)라 하였으니, 그 잘못이 심하다.",로다,True,로다,Level1
시경집전(상),2520,5843,南有嘉魚하니 烝然罩罩로다,남쪽에 가어(嘉魚)가 있으니 증연(烝然)히 가리질하고 가리질하도다,로다,True,로다,Level1
시경집전(상),2521,5844,君子有酒하니 嘉賓式燕以樂로다,군자(君子)가 술이 있으니 아름다운 손님과 잔치하여 즐기도다,로다,True,로다,Level1
시경집전(상),2524,5853,南有嘉魚하니 烝然汕汕이로다,남쪽에 가어(嘉魚)가 있으니 증연(烝然)히 통발질하고 통발질하도다,로다,True,로다,Level1
시경집전(상),2525,5854,君子有酒하니 嘉賓式燕以衎이로다,군자(君子)가 술이 있으니 아름다운 손님과 잔치하여 즐기도다,로다,True,로다,Level1
시경집전(상),2527,5858,南有樛木하니 甘瓠纍之로다,남쪽에 규목(樛木)이 있으니 단 박이 매달려 있도다,로다,False,로다,Level1
시경집전(상),2528,5859,君子有酒하니 嘉賓式燕綏之로다,군자(君子)가 술이 있으니 아름다운 손님과 잔치하여 편안하도다,로다,True,로다,Level1
시경집전(상),2531,5865,翩翩者鵻여 烝然來思로다,편편(翩翩)히 날으는 비둘기여 증연(烝然)히 오도다,로다,True,로다,Level1
시경집전(상),2532,5866,君子有酒하니 嘉賓式燕又思로다,군자(君子)가 술이 있으니 아름다운 손님과 잔치하고 또 하도다,로다,True,로다,Level1
시경집전(상),2538,5875,南山有臺요 北山有萊로다,남산(南山)에 잔디가 있고 북산(北山)에 쑥이 있도다,로다,False,로다,Level1
시경집전(상),2539,5876,樂只君子여 邦家之基로다,즐거운 군자(君子)여 국가의 터전이로다,로다,True,로다,Level1
시경집전(상),2540,5877,樂只君子여 萬壽無期로다,즐거운 군자(君子)여 만수(萬壽)가 기한이 없으리로다,로다,True,로다,Level1
시경집전(상),2543,5884,南山有桑이요 北山有楊이로다,남산(南山)에는 뽕나무가 있고 북산(北山)에는 버드나무가 있도다,로다,False,로다,Level1
시경집전(상),2544,5885,樂只君子여 邦家之光이로다,즐거운 군자(君子)여 국가의 영광이로다,로다,True,로다,Level1
시경집전(상),2545,5886,樂只君子여 萬壽無疆이로다,즐거운 군자(君子)여 만수무강(萬壽無疆)하리로다,로다,True,로다,Level1
시경집전(상),2547,5888,南山有杞요 北山有李로다,남산(南山)에는 기(杞)나무가 있고 북산(北山)에는 오얏나무가 있도다,로다,False,로다,Level1
시경집전(상),2548,5889,樂只君子여 民之父母로다,즐거운 군자(君子)여 백성의 부모(父母)로다,로다,True,로다,Level1
시경집전(상),2549,5890,樂只君子여 德音不已로다,즐거운 군자(君子)여 덕음(德音)이 그치지 않도다,로다,True,로다,Level1
시경집전(상),2551,5893,南山有栲요 北山有杻로다,남산(南山)에는 산가죽나무가 있고 북산(北山)에는 싸리나무가 있도다,로다,False,로다,Level1
시경집전(상),2591,5981,其桐其椅여 其實離離로다,오동나무와 가래나무여 그 열매가 주렁주렁 달려 있도다,로다,True,로다,Level1
시경집전(상),2592,5982,豈弟君子여 莫不令儀로다,개제(豈弟)한 군자(君子)여 위의(威儀)가 아름답지 않음이 없도다,로다,True,로다,Level1
시경집전(상),2594,5989,前兩章은 言厭厭夜飮하고 後兩章은 言令德令儀하니 雖過三爵이나 亦可謂不繼以淫矣로다,"“앞의 두 장(章)은 염염야음(厭厭夜飮)을 말하였고, 뒤의 두 장(章)은 영덕(令德), 영의(令儀)를 말하였으니, 비록 술이 세 잔을 넘었으나 또한 지나침으로써 잇지 않았다고 이를 만하다.”",로다,True,로다,Level1
시경집전(상),2612,6029,菁菁者莪여 在彼中阿로다,무성하고 무성한 새발쑥이여 저 언덕 가운데 있도다,로다,True,로다,Level1
시경집전(상),2613,6030,旣見君子호니 樂且有儀로다,이미 군자(君子)를 만나보니 즐겁고 또 예의(禮儀)가 있도다,로다,True,로다,Level1
시경집전(상),2616,6039,菁菁者莪여 在彼中沚로다,무성하고 무성한 새발쑥이여 저 모래섬 가운데 있도다,로다,True,로다,Level1
시경집전(상),2617,6040,旣見君子호니 我心則喜로다,이미 군자(君子)를 만나보니 내 마음 기쁘도다,로다,True,로다,Level1
시경집전(상),2619,6044,菁菁者我여 在彼中陵이로다,무성하고 무성한 새발쑥이여 저 구릉 가운데 있도다,로다,True,로다,Level1
시경집전(상),2620,6045,旣見君子호니 錫我百朋이로다,이미 군자(君子)를 만나보니 나에게 백붕(百朋)을 주신 듯하도다,로다,True,로다,Level1
시경집전(상),2622,6050,汎汎楊舟여 載沈載浮로다,두둥실 떠있는 버드나무 배여 가라앉았다 떴다 하도다,로다,True,로다,Level1
시경집전(상),2623,6051,旣見君子호니 我心則休로다,이미 군자(君子)를 만나보니 내 마음 안정되도다,로다,True,로다,Level1
시경집전(상),2632,6074,比物四驪여 閑之維則이로다,힘이 똑같은 네 필의 검은 말이여 길들어 법도에 맞도다,로다,False,로다,Level1
시경집전(상),2638,6089,四牡脩廣하니 其大有顒이로다,사모(四牡)가 장대(長大)하니 그 키가 크기도 하도다,로다,True,로다,Level1
시경집전(상),2639,6090,薄伐玁狁하여 以奏膚公이로다,잠깐 험윤(玁狁)을 정벌하여 큰 공(功)을 올리도다,로다,True,로다,Level1
시경집전(상),2641,6092,共武之服하여 以定王國이로다,무사(武事)를 받들어 왕국(王國)을 안정시키도다,로다,True,로다,Level1
시경집전(상),2646,6102,元戎十乘로 以先啓行이로다,원융(元戎) 십승(十乘)으로 먼저 길을 떠나도다,로다,True,로다,Level1
시경집전(상),2650,6120,四牡旣佶하니 旣佶且閑이로다,사모(四牡)가 이미 건장하니 이미 건장하고 길들여졌도다,로다,True,로다,Level1
시경집전(상),2652,6122,文武吉甫여 萬邦爲憲이로다,문무겸전(文武兼全)한 길보(吉甫)여 만방(萬邦)이 법으로 삼도다,로다,True,로다,Level1
시경집전(상),2654,6133,吉甫燕喜하니 旣多受祉로다,길보(吉甫)가 잔치하여 기뻐하니 이미 복(福)을 많이 받았도다,로다,True,로다,Level1
시경집전(상),2655,6134,來歸自鎬하니 我行永久로다,호(鎬)땅으로부터 돌아오니 우리가 길을 떠난 지 오래되었도다,로다,False,로다,Level1
춘추좌씨전6,90,299,子産於是乎知禮로다,“자산(子産)이 이번에 일을 처리함에 있어 예(禮)를 알았다.,로다,True,로다,Level1
춘추좌씨전6,91,304,必亡이로다,“화정(華定)은 반드시 도망(逃亡)가게 될 것이다.,로다,False,로다,Level1
춘추좌씨전6,94,313,投壺에 晉侯先한대 穆子曰 有酒如淮하고 有肉如坻로다,투호(投壺)할 때 진후(晉侯)가 먼저 던지자 목자(穆子)가 “술이 회수(淮水)처럼 많고 고기가 지산(坻山)처럼 많도다.,로다,True,로다,Level1
춘추좌씨전6,94,315,齊侯擧矢曰 有酒如澠하고 有肉如陵이로다,그러자 제후(齊侯)도 화살을 들고 말하기를 “술이 민수(澠水)처럼 많고 고기가 구릉(丘陵)처럼 많도다.,로다,True,로다,Level1
춘추좌씨전6,94,317,伯瑕謂穆子曰 子失辭로다,백하(伯瑕)(사문백(士文伯))가 목자(穆子)에게 이르기를 “당신은 말을 잘못하였습니다.,로다,True,로다,Level1
춘추좌씨전6,102,347,南蒯之將叛也에 其鄕人或知之하고 過之而歎하며 且言曰 恤恤乎湫乎攸乎로다,남괴(南蒯)가 배반(背叛)하려 할 때 그 마을 사람 중에 어떤 자가 남괴(南蒯)의 음모(陰謀)를 알고서 그 앞을 지날 때 탄식하며 말하기를 “매우 우려(憂慮)된다.,로다,True,로다,Level1
춘추좌씨전6,102,348,深思而淺謀하고 邇身而遠志하고 家臣而君圖하는 有人矣哉로다,생각은 깊으나 지모(智謀)는 옅고 몸은 비근(卑近)하면서 뜻은 원대(遠大)하고 가신(家臣)이면서 임금의 일을 도모(圖謀)하는 사람이 있구나.”라고 하였다.,로다,False,로다,Level1
춘추좌씨전6,105,393,式昭德音이로다,왕(王)의 덕음(德音)을 드러내었네.,로다,True,로다,Level1
춘추좌씨전6,105,394,思我王度하니 式如玉하고 式如金이로다,내 왕(王)의 풍도(風度)를 생각하니 옥(玉)과 같고 금(金)과 같네.,로다,True,로다,Level1
춘추좌씨전6,139,574,子産歸할새 未至에 聞子皮卒하고 哭且曰 吾已로다,자산(子産)이 귀국(歸國)할 때 국도(國都)에 이르기 전에 자피(子皮)(한호(罕虎))가 졸(卒)하였다는 소식을 듣고는 곡(哭)하며 말하기를 “나도 이제 끝났구나.,로다,True,로다,Level1
춘추좌씨전6,140,577,仲尼謂子産하사대 於是行也에 足以爲國基矣로다,"중니(仲尼)께서 자산(子産)을 이르시되, “자산(子産)이 이번 걸음에 〈행(行)한 일은〉 나라의 기본(基本)이 되기에 충분하였다.",로다,True,로다,Level1
춘추좌씨전6,146,601,合諸侯而執其老로다,그런데 진(晉)나라는 제후(諸侯)를 회합(會合)하여 우리 임금님의 경(卿)을 잡았습니다.,로다,False,로다,Level1
춘추좌씨전6,160,651,治國制刑에 不隱於親이로다,나라를 다스리고 형벌(刑罰)을 제정(制定)함에 있어 친족(親族)을 〈비호(庇護)하기 위해 그 죄(罪)를〉 은폐(隱蔽)하지 않았도다.,로다,True,로다,Level1
춘추좌씨전6,160,652,三數叔魚之惡하야 不爲末減하니 曰義也夫ᄂ저 可謂直矣로다,"세 차례 숙어(叔魚)의 죄악(罪惡)을 거론(擧論)하여 말감(末減)(형(刑)을 경감(輕減)함)하지 않았으니, 그 처리(處理)가 의(義)에 맞았으니 정직(正直)하다고 이를 만하다.",로다,True,로다,Level1
춘추좌씨전6,160,656,三言而除三惡하고 加三利로다,세 차례 말하여 세 가지 사악(邪惡)을 제거(除去)하고 세 가지 이익(利益)을 보탰도다.,로다,True,로다,Level1
춘추좌씨전6,173,721,數典而忘其祖로다,전고(典故)를 거론(擧論)하면서 자기 조상(祖上)을 잊었으니 말이다.”고 하였다.,로다,False,로다,Level1
춘추좌씨전6,189,794,吾有望矣로다,내가 바라는 바입니다.”고 하였다.,로다,False,로다,Level1
춘추좌씨전6,201,834,不君君矣로다,임금을 임금으로 대우하지 않는다.”고 하였다.,로다,False,로다,Level1
춘추좌씨전6,203,848,吾聞之컨대 天子失官이로되 學在四夷라하니 猶信이로다,"“내 듣건대 천자(天子)가 옛 관제(官制)를 잃으면 그에 관한 학문(學問)이 사방의 만이국(蠻夷國)에 있다고 하였으니, 이 말을 오히려 믿을 수 있다.”",로다,False,로다,Level1
춘추좌씨전6,280,1282,王曰 而告我也後로다,초왕(楚王)이 말하기를 “네가 나에게 고(告)하는 것이 늦었다.,로다,False,로다,Level1
춘추좌씨전6,399,1796,我不能矣어니와 吾今而後에 知禮之可以爲國也로다,내가 예(禮)를 행할 수는 없으나 나는 오늘에야 비로소 예(禮)가 나라를 다스리는 〈중요한 도구(道具)라는 것을〉 알았다.”고 하였다.,로다,False,로다,Level1
춘추좌씨전7,13,39,無極謂令尹曰 吾幾禍子로다,무극(無極)이 영윤(令尹)에게 말하기를 “내가 거의 당신을 해칠 뻔하였습니다.,로다,False,로다,Level1
춘추좌씨전7,30,149,賈大夫曰 才之不可以已로다,그러자 가대부(賈大夫)는 「사람은 재능(才能)이 없어서는 안 되겠구려.,로다,False,로다,Level1
춘추좌씨전7,31,154,仲尼聞魏子之擧也하고 以爲義曰 近不失親하고 遠不失擧하니 可謂義矣로다,"중니(仲尼)께서 위자(魏子)가 사람을 거용(擧用)한 일을 듣고는 그 일이 도의(道義)에 맞았다고 여겨 말씀하기를 “〈인재(人才)를 거용(擧用)함에 있어〉 가까이로는 친속(親屬)을 버리지 않고 멀리로는 거용할 만한 사람을 버리지 않았으니 도의에 맞았다고 이를 만하다.”고 하고,",로다,False,로다,Level1
춘추좌씨전7,46,220,失其度矣로다,그 법도를 상실(喪失)하였다.,로다,False,로다,Level1
춘추좌씨전7,46,227,中行寅爲下卿而干上令하고 擅作刑器하야 以爲國法하니 是法姦也어늘 又加范氏焉하야 易之亡也로다,"중항언(中行寅)은 하경(下卿)으로서 상사(上司)의 명을 범하고서 마음대로 형기(刑器)를 만들어 이를 국법(國法)으로 삼았으니, 바로 간사(奸邪)를 법(法)으로 삼은 것인데, 또 범씨(范氏)의 법을 다시 시행(施行)하여 범씨(范氏)를 망하게 하였다.",로다,True,로다,Level1
춘추좌씨전7,160,627,司馬曰 我實失子로다,사마(司馬) 술(戌)이 말하기를 “내가 실로 자네를 알아보지 못하였구나.,로다,True,로다,Level1
춘추좌씨전7,248,879,子然於是不忠이로다,“자연(子然)은 이번 일에 있어 충성스럽지 못하였다.,로다,False,로다,Level1
춘추좌씨전7,248,886,子然無以勸能矣로다,자연(子然)은 현능(賢能)한 사람을 권장(勸獎)할 수 없을 것이다.,로다,True,로다,Level1
춘추좌씨전7,314,1091,君旣許我矣니 其若之何오 史鰌曰 無害로다,"하지만 임금님께서 이미 나의 초청에 응하겠다고 허락하셨으니 이 일을 어쩌면 좋겠는가?”라고 하니, 사추(史鰌)가 말하기를 “별 탈이 없을 것입니다.",로다,False,로다,Level1
춘추좌씨전7,338,1149,大子告人曰 戲陽速禍余라하니 戲陽速告人曰 大子則禍余로다,"태자(太子)가 어떤 사람에게 “희양속(戲陽速)이 나에게 화(禍)를 입혔다.”고 하니, 희양속(戲陽速)이 어떤 사람에게 말하기를 “태자(太子)가 나에게 화(禍)를 떠넘기려 한 것이다.",로다,False,로다,Level1
춘추좌씨전7,411,1371,趙孟曰 國無小로다,그러자 조맹(趙孟)이 말하기를 “작은 나라라 하여 무시할 것이 없다.”라고 하였다.,로다,False,로다,Level1
춘추좌씨전7,466,1503,秋七月에 楚子在城父하야 將救陳할새 卜戰하니 不吉하고 卜退하니 不吉이어늘 王曰 然則死也로다,"가을 7월에 초자(楚子)가 성보(城父)에 주둔하여 진(陳)나라를 구원하려 할 때 출전(出戰)에 대해 점을 치니 불길(不吉)하고, 퇴군(退軍)에 대해 점을 치니 역시 불길(不吉)하자, 초소왕(楚昭王)이 말하기를 “그렇다면 죽음이 있을 뿐이다.",로다,False,로다,Level1
춘추좌씨전7,500,1640,必使能이니 國未可望也로다,이에서〉 노(魯)나라가 반드시 유능(有能)한 자를 임용한 것을 〈볼 수 있으니〉 노(魯)나라를 얻을 가망이 없다.”고 하였다.,로다,False,로다,Level1
춘추좌씨전7,571,1866,執焉而又說其言하니 從之固矣로다,저들에게 체포를 당하였으면서도 도리어 저들의 말을 하기 좋아하니 저들을 따라갈 것이 틀림없다.”고 하였다.,로다,False,로다,Level1
춘추좌씨전7,591,1921,吳申叔儀乞糧於公孫有山氏曰 佩玉繠兮나 余無所繫之오 旨酒一盛兮나 余與褐之父睨之로다,"오(吳)나라 신숙의(申叔儀)가 공손(公孫) 유산씨(有山氏)에게 가서 양곡(糧穀)을 구걸(求乞)하며 말하기를 “패옥(佩玉)을 늘어뜨렸으나 나는 찰 패옥이 없고, 맛난 술이 그릇에 가득하나 나와 비천한 자들은 구경만 할뿐이오.”라고 하자,",로다,True,로다,Level1
춘추좌씨전8,42,126,吾不早聞命이로다,내 일찍이 이런 가르침을 듣지 못하였습니다.”라고 하였다.,로다,True,로다,Level1
춘추좌씨전8,46,144,及門하니 公孫敢門焉이라가 曰 無入爲也하라 季子曰 是公孫也로다,"공씨(孔氏)의 문(門)에 이르니 공손감(公孫敢)이 문을 지키고 있다가  “들어오지 마시오.”라고 하자, 계자(季子)가 말하기를 “목소리를 들어보니 바로 공손감(公孫敢)이구려.",로다,False,로다,Level1
춘추좌씨전8,53,166,旻天不弔하야 不憖遺一老하야 俾屛余一人以在位하니 煢煢余在疚로다,"“하늘이 나를 가엾게 여기지 않아, 한 노인(老人)을 잠시 세상에 남겨 군위(君位)에 있는 나 한 사람을 돕게 하지 않았으니, 나는 외로워서 병이 날 것 같소.",로다,True,로다,Level1
춘추좌씨전8,53,168,無自律이로다,나는 스스로 법(法)을 지킬 수 없게 되었소이다.”,로다,True,로다,Level1
시경집전(상),2553,5895,樂只君子여 德音是茂로다,즐거운 군자(君子)여 덕음(德音)이 이에 무성하도다,로다,True,로다,Level1
시경집전(상),2555,5900,南山有枸요 北山有楰로다,남산(南山)에는 구(枸)나무가 있고 북산(北山)에는 쥐똥나무가 있도다,로다,False,로다,Level1
시경집전(상),2557,5902,樂只君子여 保艾爾後로다,즐거운 군자(君子)여 그대의 뒤에 편안하게 기르리로다.,로다,True,로다,Level1
시경집전(상),2563,5913,蓼彼蕭斯에 零露湑兮로다,장대(長大)한 저 쑥에 내린 이슬이 흠뻑 맺혔도다,로다,True,로다,Level1
시경집전(상),2564,5914,旣見君子호니 我心寫(瀉)［叶想羽反］兮로다,이미 군자(君子)를 만나보니 내 마음 모두 쏟아놓도다,로다,True,로다,Level1
시경집전(상),2565,5915,燕笑語兮하니 是以有譽處兮로다,잔치하여 술을 마시며 웃고 말하니 이 때문에 명예와 안락함이 있도다,로다,True,로다,Level1
시경집전(상),2568,5929,蓼彼蕭斯에 零露瀼瀼이로다,장대(長大)한 저 쑥에 내린 이슬이 많고 많도다,로다,True,로다,Level1
시경집전(상),2569,5930,旣見君子호니 爲龍爲光이로다,이미 군자(君子)를 만나보니 영광스러우며 빛나도다,로다,True,로다,Level1
시경집전(상),2570,5931,其德不爽하니 壽考不忘이로다,그 덕(德)이 어그러지지 않으니 수고(壽考)하기를 바라 잊지 못하리로다,로다,True,로다,Level1
시경집전(상),2572,5937,蓼彼蕭斯에 零露泥泥로다,장대(長大)한 저 쑥에 내린 이슬이 젖어 있고 젖어 있도다,로다,True,로다,Level1
시경집전(상),2573,5938,旣見君子호니 孔燕豈弟로다,이미 군자(君子)를 만나보니 심히 편안하여 개제(豈弟)하도다,로다,True,로다,Level1
시경집전(상),2574,5939,宜兄宜弟라 令德壽豈로다,형에게도 마땅하고 아우에게도 마땅한지라 훌륭한 덕(德)으로 장수(長壽)하고 즐거우리로다,로다,False,로다,Level1
시경집전(상),2576,5947,蓼彼蕭斯에 零露濃濃이로다,장대(長大)한 저 쑥에 내린 이슬이 농농(濃濃)하도다,로다,True,로다,Level1
시경집전(상),2578,5949,和鸞雝雝하니 萬福攸同이로다,화(和)와 난(鸞)이 옹옹(雝雝)히 울리니 만복(萬福)이 함께 모이는 바로다,로다,True,로다,Level1
시경집전(상),2581,5959,湛湛露斯여 匪陽不晞로다,흠뻑 맺힌 이슬이여 햇볕이 아니면 마르지 않도다,로다,True,로다,Level1
시경집전(상),2582,5960,厭厭夜飮이여 不醉無歸로다,염염(厭厭)히 밤에 술을 마심이여 취하지 않으면 돌아가지 않도다,로다,True,로다,Level1
시경집전(상),2585,5969,湛湛露斯여 在彼豊草로다,흠뻑 맺힌 이슬이여 저 무성한 풀에 있도다,로다,True,로다,Level1
시경집전(상),2586,5970,厭厭夜飮이여 在宗載考로다,염염(厭厭)히 밤에 술을 마심이여 종실에서 예(禮)를 이루도다,로다,False,로다,Level1
시경집전(상),2588,5975,湛湛露斯여 在彼杞棘이로다,흠뻑 맺힌 이슬이여 저 기(杞)나무와 가시나무에 있도다,로다,True,로다,Level1
시경집전(상),2589,5976,顯允君子여 莫不令德이로다,밝고 진실한 군자(君子)여 덕(德)이 아름답지 않음이 없도다,로다,True,로다,Level1
시경집전(상),2656,6135,飮御諸友하니 炰鼈膾鯉로다,여러 벗들에게 술과 음식을 올리니 자라를 삶고 잉어를 회쳤도다,로다,True,로다,Level1
시경집전(상),2657,6136,侯誰在矣오 張仲孝友로다,누가 이 자리에 있는고 효도하고 우애하는 장중(張仲)이로다,로다,True,로다,Level1
시경집전(상),2661,6148,薄言采芑을 于彼新田이며 于此菑畝로다,잠깐 쓴나물을 뜯기를 저 신전(新田)에서 하며 이 1년 묵은 밭에서 하도다,로다,True,로다,Level1
시경집전(상),2662,6149,方叔涖止하니 其車三千이로소니 師干之試로다,방숙(方叔)이 임하니 그 수레가 삼천(三千)이니 군사들이 적을 막는 것을 익히도다,로다,True,로다,Level1
시경집전(상),2664,6151,路車有奭이로소니 簟笰魚服이며 鉤膺鞗革이로다,노거(路車)가 붉기도 하니 방문석으로 만든 휘장과 어(魚)로 만든 화살통이며 갈고리와 가슴걸이에 가죽고삐가 있도다,로다,True,로다,Level1
시경집전(상),2667,6171,薄言采芑를 于彼新田이며 于此中鄕이로다,잠깐 쓴나물을 뜯기를 저 신전(新田)에서 하며 이 시골 가운데에서 하도다,로다,True,로다,Level1
시경집전(상),2668,6172,方叔涖止하니 其車三千이로소니 旂旐央央이로다,방숙(方叔)이 임하니 그 수레가 삼천(三千)이니 기조(旂旐)가 선명하도다,로다,True,로다,Level1
시경집전(상),2669,6173,方叔率止하니 約軝錯衡이며 八鸞瑲瑲이로다,방숙(方叔)이 통솔하니 묶어놓은 수레바퀴통이며 문채나는 형(衡)이며 여덟 방울이 창창히 울리도다,로다,True,로다,Level1
시경집전(상),2670,6174,服其命服하니 朱芾斯皇이며 有瑲蔥珩이로다,명복(命服)을 입으니 붉은 슬갑(膝甲)이 휘황찬란하며 푸른 패옥(佩玉)이 창창히 울리도다,로다,True,로다,Level1
시경집전(상),2672,6189,鴥彼飛隼이여 其飛戾天이며 亦集爰止로다,빠르게 나는 저 새매여 날아서 하늘에 이르며 또한 앉을 곳에 앉도다,로다,True,로다,Level1
시경집전(상),2673,6190,方叔涖止하니 其車三千이로소니 師干之試로다,방숙(方叔)이 임하니 그 수레가 삼천(三千)이니 군사들이 적을 막는 것을 익히도다,로다,True,로다,Level1
시경집전(상),2674,6191,方叔率止하니 鉦人伐鼓어늘 陳師鞠旅로다,방숙(方叔)이 통솔하니 정인(鉦人)은 북을 치거늘 군사들을 진열하고 훈계하도다,로다,True,로다,Level1
시경집전(상),2675,6192,顯允方叔이여 伐鼓淵淵이며 振旅闐闐이로다,드러나고 진실한 방숙(方叔)이여 북을 침에 연연(淵淵)히 하며 군사들을 멈추게 함에 북소리 울리도다,로다,True,로다,Level1
시경집전(상),2678,6210,蠢爾蠻荊이 大邦爲讐로다,미련한 저 만형(蠻荊)이 대국(大國)을 원수로 삼도다,로다,False,로다,Level1
시경집전(상),2679,6211,方叔元老나 克壯其猶로다,방숙(方叔)이 크게 늙었으나 그 계책은 씩씩하도다,로다,True,로다,Level1
시경집전(상),2680,6212,方叔率止하니 執訊獲醜로다,방숙(方叔)이 통솔하니 신문(訊問)할 괴수(魁首)를 붙잡고 무리들을 사로잡도다,로다,True,로다,Level1
시경집전(상),2681,6213,戎車嘽嘽하니 嘽嘽焞焞하여 如霆如雷로다,융거(戎車)가 탄탄(嘽嘽)하니 많고 성하여 천둥같고 우레같도다,로다,True,로다,Level1
시경집전(상),2682,6214,顯允方叔이여 征伐玁狁하니 蠻荊來威로다,드러나고 진실한 방숙(方叔)이여 험윤(玁狁)을 정벌(征伐)하니 만형(蠻荊)이 와서 외복(畏服)하도다,로다,True,로다,Level1
시경집전(상),2686,6226,四牡龐龐하니 駕言徂東이로다,사모(四牡)가 충실(充實)하니 이것을 타고서 동쪽으로 가도다,로다,True,로다,Level1
시경집전(상),2689,6237,田車旣好하니 四牡孔阜로다,전거(田車)가 이미 좋으니 사모(四牡)가 심히 성대하도다,로다,True,로다,Level1
논어집주,794,2819,雖欲從之나 末由也已로다,그리하여 그를 따르고자 하나 어디로부터 시작해야 할지 모르겠다.”,로다,True,로다,Level1
논어집주,800,2853,人而欺天은 莫大之罪어늘 引以自咎하시니 其責子路深矣로다,"사람이 하늘을 속임은 막대(莫大)한 죄(罪)인데, 이것을 끌어다가 자구(自咎)하였으니 그 자로(子路)를 꾸짖으심이 깊은 것이다.",로다,True,로다,Level1
논어집주,815,2897,不舍晝夜로다,밤낮을 그치지 않는도다.”,로다,True,로다,Level1
논어집주,853,3029,偏其反而로다,바람에 펄럭이는구나.,로다,False,로다,Level1
논어집주,1002,3352,從我於陳蔡者皆不及門也로다,“나를 진(陳)나라와 채(蔡)나라에서 따르던 자들이 ˂지금˃ 모두 문하(門下)에 있지 않구나!”,로다,True,로다,Level1
논어집주,1007,3363,回也는 非助我者也로다,“안회(顔回)는 나를 돕는 자가 아니구나!,로다,True,로다,Level1
논어집주,1010,3375,人不間於其父母昆弟之言이로다,사람들이 그 부모(父母)·형제(兄弟)의 ˂칭찬하는˃ 말에 트집잡지 못하는구나!”,로다,False,로다,Level1
논어집주,1042,3449,若由也는 不得其死然이로다,“유(由)로 말하면 온당한 죽음을 얻지 못할 듯 하구나.”,로다,False,로다,Level1
논어집주,1091,3590,吾以子爲異之問이러니 曾由與求之問이로다,"“나는 그대가 특이한 질문을 하리라고 생각했었는데, 마침내 유(由)와 구(求)에 대한 질문이로구나!",로다,True,로다,Level1
논어집주,1101,3607,故로 曰 弑父與君은 亦不從也라하시니 其庶乎二子可免矣로다,"그러므로 ˂공자(孔子)께서˃ “아버지와 임금을 시해하는 일에는 또한 따르지 않을 것이다.”라고 말씀하신 것이니, 이 두 사람들은 거의 이 죄에서 면할 수 있었다.”",로다,False,로다,Level1
논어집주,1104,3611,賊夫人之子로다,“남의 아들을 해치는구나!”,로다,True,로다,Level1
논어집주,1155,3846,人皆有兄弟어늘 我獨亡로다,“사람들은 모두 형제(兄弟)가 있는데 나만이 홀로 없구나.”,로다,True,로다,Level1
논어집주,1176,3902,夫子之說이 君子也나 駟不及舌이로다,부자(夫子)의 말씀이 군자(君子)다우나 사마(駟馬)도 혓바닥을 따라잡지는 못하는 것이다.”,로다,False,로다,Level1
논어집주,1179,3909,夫棘子成은 矯當時之弊에 固失之過요 而子貢은 矯子成之弊에 又無本末輕重之差하니 胥失之矣로다,"극자성(棘子成)은 당시의 폐단을 바로잡음에 진실로 과(過)함에 잘못되었고, 자공(子貢)은 자성(子成)의 폐단을 바로잡음에 또 본말(本末)과 경중(輕重)의 차이가 없었으니, 모두 잘못된 것이다.",로다,False,로다,Level1
논어집주,1223,4023,孔子以不欲啓之하시니 其旨深矣로다,"공자(孔子)께서 탐욕을 부리지 말라는 말씀으로써 계도(啓導)해 주셨으니, 그 뜻이 깊다.",로다,False,로다,Level1
논어집주,1301,4233,魯衛之政이 兄弟也로다,“노(魯)나라와 위(衛)나라의 정사는 형제간이로구나!”,로다,False,로다,Level1
논어집주,1303,4237,善居室이로다,“그는 집에 거처하기를 잘하였다.,로다,False,로다,Level1
논어집주,1319,4279,漢自高惠로 至於文景에 黎民醇厚하여 幾致刑措하니 庶乎其近之矣로다,"“한(漢)나라는 고조(高祖)·혜제(惠帝)로부터 문제(文帝)·경제(景帝)에 이르기까지 백성〔黎民〕들이 순후(醇厚)하여 거의 형벌을 폐하여 쓰지 않는 데 이르렀으니, 거의 이에 가까울 것이다.”",로다,False,로다,Level1
논어집주,1325,4298,其事也로다,“그것은 대부의 집안 일이었을 것이다.,로다,False,로다,Level1
논어집주,1326,4310,"其所以正名分, 抑季氏하여 而敎冉有之意가 深矣로다",그 명분을 바르게 하고 계씨(季氏)를 억제하여 염유(冉有)를 가르치신 뜻이 깊은 것이다.,로다,False,로다,Level1
시경집전(하),29,67,生芻一束이로서니 其人如玉이로다,생꼴 한 다발을 주노니 그 사람은 옥(玉)처럼 아름답도다,로다,True,로다,Level1
시경집전(하),64,128,秩秩斯干이요 幽幽南山이로다,질서정연한 이 물가요 그윽하고 그윽한 남산(南山)이로다,로다,True,로다,Level1
시경집전(하),65,129,如竹苞矣요 如松茂矣로다,대나무가 총생(叢生)하는 듯하고 소나무가 무성한 듯하도다,로다,True,로다,Level1
시경집전(하),66,130,兄及弟矣 式相好矣요 無相猶矣로다,형과 아우가 서로 좋아하고 서로 도모함이 없으리로다,로다,False,로다,Level1
시경집전(하),70,148,爰居爰處며 爰笑爰語로다,여기에서 거하고 여기에서 처하며 여기에서 웃고 여기에서 말하리로다,로다,True,로다,Level1
시경집전(하),73,156,風雨攸除며 鳥鼠攸去로소니 君子攸芋로다,비바람을 제거하며 새와 쥐를 제거하였으니 군자(君子)가 존대(尊大)히 계실 곳이로다,로다,True,로다,Level1
시경집전(하),76,164,如鳥斯革하며 如翬斯飛로소니 君子攸躋로다,새가 놀라 낯빛을 변함과 같으며 꿩이 날아가는 것과 같으니 군자(君子)가 올라가서 정사(政事)를 다스릴 곳이로다,로다,True,로다,Level1
시경집전(하),80,172,噲噲其正이며 噦噦其冥이로소니 君子攸寧이로다,쾌쾌(噲噲)한 그 정면(正面)이며 홰홰(噦噦)한 그 어두운 곳이니 군자(君子)가 편안히 계실 바로다,로다,True,로다,Level1
시경집전(하),82,180,下莞上簟이로소니 乃安斯寢이로다,아래는 부들자리요 위에는 대자리이니 여기에서 잠이 편안하리로다,로다,True,로다,Level1
시경집전(하),84,182,吉夢維何오 維熊維羆과 維虺維蛇로다,길몽은 무엇인가 곰과 큰곰과 큰뱀과 뱀이로다,로다,True,로다,Level1
시경집전(하),89,191,維虺維蛇는 女子之祥이로다,큰 뱀과 뱀의 꿈은 여자(女子)를 낳을 상서로다,로다,True,로다,Level1
시경집전(하),94,205,其泣喤喤이로소니 朱芾斯皇하여 室家君王이로다,우는 소리가 우렁차니 붉은 슬갑(膝甲)이 휘황하여 실가(室家)를 소유하며 군왕(君王)이 되리로다,로다,True,로다,Level1
시경집전(하),99,216,無非無儀라 唯酒食是議하여 無父母詒罹로다,잘못함도 없고 잘함도 없는지라 오직 술과 밥을 이 의논하여 부모에게 근심을 끼침이 없으리로다,로다,False,로다,Level1
시경집전(하),104,231,誰謂爾無羊이리오 三百維群이로다,누가 너더러 양이 없다 하리오 삼백으로 떼를 지었도다,로다,False,로다,Level1
시경집전(하),105,232,誰謂爾無牛리오 九十其犉이로다,누가 너더러 소가 없다 하리오 검은 입술의 소가 90마리나 되도다,로다,False,로다,Level1
시경집전(하),106,233,爾羊來思하니 其角濈濈이로다,네 양이 오니 그 뿔이 화하고 화하도다,로다,True,로다,Level1
시경집전(하),107,234,爾牛來思하니 其耳濕濕이로다,네 소가 오니 그 귀가 촉촉히 젖어 있도다,로다,True,로다,Level1
시경집전(하),110,243,或降于阿하며 或飮于池하며 或寢或訛로다,혹은 언덕에서 내려오며 혹은 못에서 물을 마시며 혹은 자고 혹은 움직이도다,로다,False,로다,Level1
시경집전(하),112,245,三十維物이라 爾牲則具로다,"색깔이 30가지나 되는 지라, 네 희생이 모두 갖추어졌도다",로다,False,로다,Level1
시경집전(하),115,252,爾牧來思하니 以薪以蒸이며 以雌以雄이로다,네 목인(牧人)이 오니 굵은 나무를 베고 잔 나무를 베며 암놈을 잡고 수놈을 잡도다,로다,False,로다,Level1
논어집주,445,1603,雍也는 可使南面이로다,“옹(雍)은 남면(南面)하게 할 만하다.”,로다,True,로다,Level1
논어집주,453,1627,仲弓이 因言內主於敬而簡이면 則爲要直이요 內存乎簡而簡이면 則爲疏略이라하니 可謂得其旨矣로다,"중궁(仲弓)은 인하여 말하기를 ‘마음에 경(敬)을 주장하면서 간략하면 긴요하고 바름이 되거니와, 마음에 간략함을 두고서 또 간략하면 소략(疏略)함이 된다.’고 하였으니, 그 뜻을 알았다고 할 만하다.”",로다,True,로다,Level1
논어집주,456,1664,今人은 乃謂聖本生知요 非學可至라하여 而所以爲學者不過記誦文辭之間하니 其亦異乎顔子之學矣로다,"지금 사람들은 마침내 생각하기를 ‘성인(聖人)은 본래 태어나면서부터 아는 것이니, 배워서 도달할 수 있는 것이 아니다.’라고 여겨, 학문(學問)하는 것이 단지 글을 기억하거나 외우며 문장을 짓는 데에 지나지 않으니, 그 또한 안자(顔子)의 학문(學問)과는 다른 것이다.”",로다,True,로다,Level1
논어집주,484,1788,力不足者는 中道而廢하나니 今女畫이로다,"“힘이 부족(不足)한 자는 중도(中道)에 그만두는 것이니, 지금 너는 ˂스스로˃ 한계를 긋는 것이다.”",로다,True,로다,Level1
논어집주,493,1820,孟之反은 不伐이로다,“맹지반(孟之反)은 공(功)을 자랑하지 않았다.,로다,True,로다,Level1
논어집주,495,1832,然이나 不知學者는 欲上人之心이 無時而忘也니 若孟之反은 可以爲法矣로다,"그러나 배움을 알지 못하는 자는 남보다 앞서려는 마음을 한 시도 잊는 적이 없으니, 맹지반(孟之反)과 같은 이는 법(法)으로 삼을 만하다.”",로다,True,로다,Level1
논어집주,551,2046,吾不復夢見周公이로다,내 다시는 꿈속에서 주공(周公)을 뵙지 못하였다.”,로다,True,로다,Level1
논어집주,628,2264,故로 章末에 申言有恒之義하시니 其示人入德之門이 可謂深切而著明矣로다,"그러므로 장(章)의 끝에 항심(恒心)을 두는 뜻을 거듭 말씀하신 것이니, 덕(德)에 들어가는 문(門)을 사람들에게 제시해 주신 것이 깊고 간절하며 매우 분명하다고 이를 만하다.",로다,True,로다,Level1
논어집주,646,2318,丘也幸이로다,“나는 다행이다.,로다,False,로다,Level1
논어집주,648,2326,然이나 其受以爲過也에 亦不正言其所以過하여 初若不知孟子之事者하시니 可以爲萬世之法矣로다,"그러나 그 받아들여 허물로 삼을 때에도 허물을 짓게 된 까닭을 바로 말씀하지 않아, 애당초 오맹자(吳孟子)의 일을 알지 못한 것처럼 하셨으니, 만세(萬世)의 법(法)이 될 만하다.”",로다,True,로다,Level1
논어집주,656,2352,公西華仰而歎之하니 其亦深知夫子之意矣로다,"공서화(公西華)가 우러러 탄식하였으니, 그도 부자(夫子)의 뜻을 깊이 안 것이다.”",로다,True,로다,Level1
논어집주,668,2390,泰伯은 其可謂至德也已矣로다,“태백(泰伯)은 지극한 덕(德)이 있다고 이를 만하다.,로다,True,로다,Level1
논어집주,677,2430,語畢而又呼之하여 以致反復丁寧之意하시니 其警之也深矣로다,"말을 마치고 다시 ˂문인들을˃ 부른 것은 반복하고 간곡히 당부하는 뜻을 극진히 하신 것이니, 그 경계함이 깊다.",로다,True,로다,Level1
논어집주,733,2608,巍巍乎唯天爲大어시늘 唯堯則之하시니 蕩蕩乎民無能名焉이로다,"높고 크다. 오직 저 하늘이 가장 크거늘, 오직 요(堯)임금만이 그와 같으셨으니, ˂그 공덕(功德)이˃ 넓고 넓어 백성들이 무어라 형용하지 못하는구나.",로다,True,로다,Level1
논어집주,744,2647,三分天下에 有其二하사 以服事殷하시니 周之德은 其可謂至德也已矣로다,"문왕(文王)은 천하(天下)를 삼분(三分)하여 그 둘을 소유하시고도 복종하여 은(殷)나라를 섬기셨으니, 주(周)나라 ˂문왕(文王)의˃ 덕(德)은 지극한 덕(德)이라 말할 만하다.”",로다,True,로다,Level1
논어집주,745,2653,孔子因武王之言하여 而及文王之德하고 且與泰伯으로 皆以至德稱之하시니 其指微矣로다,"공자(孔子)께서 무왕(武王)의 말씀을 인하여 문왕(文王)의 덕(德)을 언급하셨고, 또 태백(泰伯)과 함께 모두 지극한 덕(德)이라 칭하셨으니, 그 뜻이 은미 하다.”",로다,True,로다,Level1
논어집주,746,2657,禹는 吾無間然矣로다,“우(禹)임금은 내 비난할 데가 없으시다.,로다,True,로다,Level1
논어집주,746,2659,禹는 吾無間然矣로다,우(禹)임금은 내 비난할 데가 없으시다.”,로다,True,로다,Level1
논어집주,752,2677,博學而無所成名이로다,박학(博學)하였으나 ˂어느 한 가지로˃ 이름을 낸 것이 없구나.” 하였다.,로다,False,로다,Level1
논어집주,789,2805,仰之彌高하며 鑽之彌堅하며 瞻之在前이러니 忽焉在後로다,"“˂부자(夫子)의 도(道)는˃ 우러러볼수록 더욱 높고, 뚫을수록 더욱 견고하며, 바라봄에 앞에 있더니 홀연히 뒤에 있도다.",로다,True,로다,Level1
시경집전(상),2743,6365,爰及矜人하니 哀此鰥寡로다,이에 불쌍한 사람에게 미치니 이 환과(鰥寡)가 가엾도다,로다,True,로다,Level1
시경집전(상),2745,6376,追敍其始而言曰 鴻鴈于飛하니 則肅肅其羽矣요 之子于征하니 則劬勞于野矣로다,"그 시작을 추서(追敍)하여 말하기를 “홍안(鴻鴈)이 날으니 그 깃이 숙숙(肅肅)하고, 지자(之子)가 길을 가니 들에서 몹시 수고하도다.",로다,True,로다,Level1
시경집전(상),2746,6379,鴻鴈于飛하니 集于中澤이로다,홍안(鴻鴈)이 날으니 못 가운데 앉았도다,로다,True,로다,Level1
시경집전(상),2747,6380,之子于垣하니 百堵皆作이로다,지자(之子)가 담을 쌓으니 백도(百堵)를 모두 일으키도다,로다,True,로다,Level1
시경집전(상),2748,6381,雖則劬勞나 其究安宅이로다,비록 몹시 수고로우나 끝내는 편안한 집을 얻으리로다,로다,True,로다,Level1
시경집전(상),2751,6387,鴻鴈于飛하니 哀鳴嗸嗸로다,홍안(鴻鴈)이 날으니 슬피 울기를 오오(嗸嗸)히 하도다,로다,True,로다,Level1
시경집전(상),2756,6397,夜如何其오 夜未央이나 庭燎之光이로다,밤이 얼마나 되었는고 밤이 아직 한밤중이 못되었으나 정료(庭燎)가 빛나도다,로다,True,로다,Level1
시경집전(상),2757,6398,君子至止하니 鸞聲將將이로다,군자(君子)가 이르니 방울소리가 장장(將將)히 울리도다,로다,True,로다,Level1
시경집전(상),2760,6407,夜如何其오 夜未艾나 庭燎晣晣로다,밤이 얼마나 되었는고 밤이 다하지 않았으나 정료(庭燎)가 희미하도다,로다,True,로다,Level1
시경집전(상),2761,6408,君子至止하니 鸞聲噦噦로다,군자(君子)가 이르니 방울소리가 홰홰(噦噦)하도다,로다,True,로다,Level1
시경집전(상),2763,6413,夜如何其오 夜鄕晨이라 庭燎有煇이로다,밤이 얼마나 되었는고 밤이 새벽을 향하는지라 정료(庭燎)가 불빛이 스러지도다,로다,True,로다,Level1
시경집전(상),2764,6414,君子至止하니 言觀其旂로다,군자(君子)가 이르니 그 깃발을 보도다,로다,True,로다,Level1
시경집전(상),2767,6420,沔彼流水여 朝宗于海로다,넘실넘실 흐르는 저 유수(流水)여 바다에 조종(朝宗)하도다,로다,True,로다,Level1
시경집전(상),2768,6421,鴥彼飛隼이여 載飛載止로다,빨리 날으는 저 새매여 곧 날며 곧 그치도다,로다,True,로다,Level1
시경집전(상),2773,6430,沔彼流水여 其流湯湯이로다,넘실넘실 흐르는 저 유수(流水)여 그 흐름이 성하고 성하도다,로다,True,로다,Level1
시경집전(상),2774,6431,鴥彼飛隼이여 載飛載揚이로다,빨리 날으는 저 새매여 곧 날며 곧 솟구쳐 오르도다,로다,True,로다,Level1
시경집전(상),2776,6433,心之憂矣여 不可弭忘이로다,마음의 근심함이여 생각을 그쳐 잊을 수가 없도다,로다,True,로다,Level1
시경집전(상),2778,6440,鴥彼飛隼이여 率彼中陵이로다,빨리 날으는 저 새매여 저 언덕 가운데를 따르도다,로다,True,로다,Level1
시경집전(상),2791,6463,鶴鳴于九皐어든 聲聞于天이로다,학(鶴)이 구고(九皐)에서 울거든 소리가 하늘에 들리도다,로다,True,로다,Level1
시경집전(하),8,17,祈父여 亶不聰이로다,기보(祈父)여 진실로 총명하지 못하도다,로다,True,로다,Level1
시경집전(하),237,524,潛雖伏矣나 亦孔之炤이로다,물에 잠겨서 엎드려 있으나 또한 심히 밝게 보이도다,로다,True,로다,Level1
시경집전(하),247,540,民人之無祿은 天夭是椓이로다,지금 복이 없는 사람들은 하늘이 화를 내려서 해치도다,로다,False,로다,Level1
시경집전(하),248,541,哿矣富人이어니와 哀此惸獨이로다,부자(富者)들은 괜찮거니와 이 경독(惸獨)이 애처롭도다,로다,False,로다,Level1
시경집전(하),253,550,日有食之하니 亦孔之醜로다,해가 먹힘이 있으니 또한 심히 추악하도다,로다,False,로다,Level1
시경집전(하),255,552,今此下民이 亦孔之哀로다,이제 하민(下民)들이 또한 심히 가엾도다,로다,True,로다,Level1
시경집전(하),259,572,四國無政하여 不用其良이로다,사국(四國)에 정사가 없어서 선량한 사람을 쓰지 않도다,로다,False,로다,Level1
시경집전(하),264,581,爗爗震電이 不寧不令이로다,엽엽(爗爗)한 천둥 벼락이 편안하지 못하며 좋지 못하도다,로다,False,로다,Level1
시경집전(하),273,602,楀維師氏어늘 豔妻煽方處로다,우씨(楀氏)가 사씨(師氏)가 되었거늘 염처(豔妻)가 화를 일으키며 그대로 있도다,로다,False,로다,Level1
시경집전(하),285,630,擇有車馬하여 以居徂向이로다,거마(車馬)를 소유한 자를 가려서 상(向)땅에 가 거주하게 하도다,로다,False,로다,Level1
시경집전(하),289,643,無罪無辜어늘 讒口囂囂로다,죄가 없고 허물이 없거늘 참소하는 말이 시끄럽게 떠들도다,로다,False,로다,Level1
시경집전(하),294,653,悠悠我里여 亦孔之痗로다,유유(悠悠)한 내 마을이여 또한 심히 병들었도다,로다,False,로다,Level1
시경집전(하),303,665,旻天疾威라 弗慮弗圖로다,민천(旻天)이 포악한지라 사려(思慮)하지 않고 도모하지 않도다,로다,False,로다,Level1
시경집전(하),312,682,庶曰式臧이어늘 覆出爲惡이로다,행여 왕(王)이 선(善)을 할까 바랐는데 도리어 나와서 악행(惡行)을 하는구나,로다,False,로다,Level1
시경집전(하),316,696,如彼行邁 則靡所臻이로다,저 길을 감에 이를 곳이 없음과 같도다,로다,False,로다,Level1
시경집전(하),329,723,巧言如流하여 俾躬處休로다,말을 잘하여 물 흐르듯이 하여 몸을 편안한 곳에 처하게 하도다,로다,True,로다,Level1
시경집전(하),332,731,維曰于仕나 孔棘且殆로다,사람들은 가서 벼슬할 것이라 하나 벼슬길이 심히 급박하고 위태롭도다,로다,False,로다,Level1
시경집전(하),334,733,亦云可使는 怨及朋友로다,부릴 수 있다고 일러지는 자는 원망이 붕우(朋友)에 이르도다,로다,False,로다,Level1
시경집전(하),347,765,我視謀猶한대 亦孔之卭이로다,내 계책을 보건대 또한 심히 해롭도다,로다,False,로다,Level1
시경집전(하),350,772,潝潝訿訿하나니 亦孔之哀로다,서로 화하다가 서로 비방하나니 또한 심히 애처롭도다,로다,False,로다,Level1
시경집전(하),357,781,謀夫孔多라 是用不集이로다,모사(謀士)가 매우 많은지라 이 때문에 이루지 못하도다,로다,False,로다,Level1
시경집전(상),2690,6238,東有甫草어늘 駕言行狩로다,동도(東都)에 보초(甫草)가 있거늘 말을 타고 가서 사냥하도다,로다,False,로다,Level1
시경집전(상),2693,6247,之子于苗하니 選徒囂囂로다,지자(之子)가 사냥하니 거도(車徒)를 세는 소리가 시끄럽도다,로다,True,로다,Level1
시경집전(상),2694,6248,建旐說旄하여 搏獸于敖로다,깃발을 꽂고 깃발을 설치하여 오(敖)땅에서 짐승을 잡도다,로다,True,로다,Level1
시경집전(상),2697,6257,駕彼四牡하니 四牡奕奕이로다,저 사모(四牡)를 멍에하니 사모(四牡)가 혁혁(奕奕)하도다,로다,True,로다,Level1
시경집전(상),2698,6258,赤芾金舃으로 會同有繹이로다,붉은 슬갑에 금으로 장식한 신으로 회동(會同)하기를 연속하여 하도다,로다,True,로다,Level1
시경집전(상),2702,6266,射夫旣同하여 助我擧柴로다,사부(射夫)들이 이미 함께 하여 우리를 도와 쌓아놓은 짐승을 들게 하도다,로다,False,로다,Level1
시경집전(상),2705,6278,四黃旣駕하니 兩驂不猗로다,네 필의 황마(黃馬)를 이미 멍에하니 두 참마(驂馬)가 기울지 않도다,로다,True,로다,Level1
시경집전(상),2706,6279,不失其馳어늘 舍矢如破로다,치구(馳驅)하는 법을 잃지 않거늘 화살을 발사함에 깨뜨리는 듯하도다,로다,True,로다,Level1
시경집전(상),2707,6285,不善射御者는 詭遇則獲이요 不然이면 不能也어늘 今御者不失其馳驅之法하고 而射者舍矢如破하니 則可謂善射御矣로다,"“사어(射御)를 잘알지 못하는 자는 부정(不正)하게 만나면 짐승을 잡고 그렇지 못하면 능하지 못한데, 지금 어자(御者)는 치구(馳驅)하는 법을 잃지 않고, 사자(射者)는 화살을 발사함에 깨뜨리는 듯하니, 사어(射御)를 잘한다고 이를 만하다.”",로다,True,로다,Level1
시경집전(상),2709,6287,蕭蕭馬鳴이며 悠悠旆旌이로다,소소(蕭蕭)한 말의 울음소리이며 유유(悠悠)한 깃발이로다,로다,True,로다,Level1
시경집전(상),2710,6288,徒御不驚이며 大庖不盈이로다,도어(徒御)가 놀라지 아니하며 대포(大庖)가 차지 않았도다,로다,False,로다,Level1
시경집전(상),2713,6305,之子于征하니 有聞無聲이로다,지자(之子)가 가니 간다는 소문만 있고 가는 소리가 없도다,로다,True,로다,Level1
시경집전(상),2714,6306,允矣君子여 展也大成이로다,진실로 군자(君子)여 진실로 대성(大成)하도다,로다,True,로다,Level1
시경집전(상),2721,6317,升彼大阜하여 從其羣醜로다,저 큰 언덕에 올라가 짐승떼가 많은 곳을 찾도다,로다,False,로다,Level1
시경집전(상),2726,6328,漆沮之從이여 天子之所로다,칠저(漆沮)에서 좇음이여 천자(天子)께서 사냥하는 곳이로다,로다,True,로다,Level1
시경집전(상),2729,6338,瞻彼中原호니 其祁孔有로다,저 언덕 가운데를 보니 큰 짐승이 매우 많이 있도다,로다,False,로다,Level1
시경집전(상),2731,6340,悉率左右하여 以燕天子로다,좌우(左右)를 모두 거느려 천자(天子)를 즐겁게 하도다,로다,True,로다,Level1
시경집전(상),2736,6349,以御賓客하고 且以酌醴로다,빈객(賓客)에게 올리고 또 단술을 떠서 올리도다,로다,False,로다,Level1
시경집전(상),2741,6363,鴻鴈于飛하니 肅肅其羽로다,홍안(鴻鴈)이 날으니 그 깃이 숙숙(肅肅)하도다,로다,True,로다,Level1
시경집전(상),2742,6364,之子于征하니 劬勞于野로다,지자(之子)가 길을 가니 들에서 몹시 수고하도다,로다,False,로다,Level1
논어집주,1451,4716,曰 可以爲文矣로다,“시호를 문(文)이라고 할 만하다.”,로다,False,로다,Level1
논어집주,1470,4758,故로 沮其謀而夫子復以此應之하시니 其所以警之者深矣로다,"그러므로 계획을 저지한 것인데, 부자(夫子)께서 다시 이 말씀으로 응하셨으니, 그 경계하심이 깊다.",로다,False,로다,Level1
논어집주,1477,4780,古之學者는 爲己러니 今之學者는 爲人이로다,"“옛날에 배우는 자들은 자신을 위한 학문(學問)을 하였는데, 지금에 배우는 자들은 남을 위한 학문(學問)을 한다.”",로다,False,로다,Level1
논어집주,1536,4921,作者七人矣로다,“일어나 은둔한 자가 일곱 사람이다.”,로다,False,로다,Level1
논어집주,1591,5087,邦有道에 如矢하며 邦無道에 如矢로다,"나라에 도(道)가 있을 때에도 화살처럼 곧으며, 나라에 도(道)가 없을 때에도 화살처럼 곧도다.”",로다,True,로다,Level1
논어집주,1593,5095,邦有道則仕하고 邦無道則可卷而懷之로다,"나라에 도(道)가 있으면 벼슬하고, 나라에 도(道)가 없으면 거두어 속에 감추어 두는구나!”",로다,True,로다,Level1
논어집주,1620,5180,知柳下惠之賢而不與立也로다,유하혜(柳下惠)의 어짊을 알고서도 더불어 조정에 서지 아니하였구나!”,로다,True,로다,Level1
논어집주,1710,5407,且爾言이 過矣로다,또 네 말이 잘못되었다.,로다,True,로다,Level1
논어집주,1860,5777,古者에 民有三疾이러니 今也에는 或是之亡也로다,"“옛날에는 백성들이 세 가지 병폐〔疾〕가 있었는데, 지금에는 그것마저도 없어졌구나!",로다,True,로다,Level1
논어집주,1862,5781,古之狂也는 肆러니 今之狂也는 蕩이요 古之矜也는 廉이러니 今之矜也는 忿戾요 古之愚也는 直이러니 今之愚也는 詐而已矣로다,"옛날의 광(狂)은 작은 예절에 구애하지 않았는데〔肆〕, 지금의 광(狂)은 방탕하기만 하고〔蕩〕, 옛날의 긍(矜)은 행동에 모가 있었는데〔廉〕, 지금의 긍(矜)은 사납기만 하고〔忿戾〕, 옛날의 어리석은 사람〔愚〕은 정직했었는데〔直〕, 지금의 어리석은 사람은 간사하기만〔詐〕 할뿐이다.”",로다,True,로다,Level1
논어집주,1876,5822,四時行焉하며 百物生焉이라하시니 則可謂至明白矣로다,"사시(四時)가 운행(運行)되고 백물(百物)이 생장(生長)한다.’라고 말씀해 주셨으니, 지극히 명백하다고 할 수 있겠다.”",로다,False,로다,Level1
논어집주,1938,6012,欲潔其身而亂大倫이로다,자기 몸을 깨끗하게 하고자 하여 대륜(大倫)을 어지럽히는 짓이다.,로다,False,로다,Level1
논어집주,1974,6126,異乎吾所聞이로다,“내가 듣던 것과는 다르다.,로다,False,로다,Level1
논어집주,1999,6201,言游過矣로다,언유(言游)의 말이 지나치다.,로다,False,로다,Level1
논어집주,2008,6246,難與並爲仁矣로다,함께 인(仁)을 하기는 어렵다.”,로다,False,로다,Level1
논어집주,2033,6307,多見其不知量也로다,다만 자기의 분수를 알지 못함을 보일 뿐이다.”,로다,False,로다,Level1
당송팔대가문초구양수1,345,1881,古不虛語를 於今見焉이로다,옛말이 거짓이 아님을 지금 볼 수 있습니다.,로다,False,로다,Level1
당송팔대가문초구양수2,466,1846,可謂盛矣로다,성대하다 하겠다.,로다,True,로다,Level1
당송팔대가문초구양수2,478,1895,於此에 見春秋之意也로다,여기에서 ≪춘추≫의 지의(旨意)를 보인 것이다.,로다,False,로다,Level1
당송팔대가문초구양수2,494,1967,五代本紀備矣로다,《오대사(五代史)》 〈본기(本紀)〉는 기록이 자세하다.,로다,False,로다,Level1
시경집전(하),116,253,爾羊來思하니 矜矜兢兢하며 不騫不崩이로다,네 양이 오니 씩씩하고 꿋꿋하며 이지러지지 않고 병들지 않았도다,로다,False,로다,Level1
시경집전(하),117,254,麾之以肱하니 畢來旣升이로다,손으로 지휘하니 모두 와서 다 우리로 올라가도다,로다,True,로다,Level1
시경집전(하),122,266,旐維旟矣는 室家溱溱이로다,조(旐)가 여(旟)가 됨은 실가(室家)가 많아질 조짐이로다,로다,True,로다,Level1
시경집전(하),125,275,節彼南山이여 維石巖巖이로다,높은 저 남산(南山)이여 돌이 암암(巖巖)하도다,로다,True,로다,Level1
시경집전(하),126,276,赫赫師尹이여 民具爾瞻이로다,혁혁한 태사(太師) 윤씨(尹氏)여 백성들이 모두 너를 보도다,로다,True,로다,Level1
시경집전(하),131,288,節彼南山이여 有實其猗로다,높은 저 남산(南山)이여 초목이 가득하여 골짜기에 있도다,로다,True,로다,Level1
시경집전(하),162,347,我瞻四方하니 蹙蹙靡所聘이로다,내 사방을 보니 축축(蹙蹙)하여 달려갈 곳이 없도다,로다,True,로다,Level1
시경집전(하),166,356,旣夷旣懌하여는 如相醻矣로다,이미 화평하고 이미 기뻐하자 서로 술잔을 권하듯이 하도다,로다,False,로다,Level1
시경집전(하),179,389,民之訛言이 亦孔之將이로다,백성의 유언비어가 또한 심히 크도다,로다,False,로다,Level1
시경집전(하),185,402,不自我先이며 不自我後로다,나보다 먼저도 아니며 나보다 뒤도 아니로다,로다,False,로다,Level1
시경집전(하),191,412,民之無辜 幷其臣僕이로다,죄 없는 백성들이 모두 신복(臣僕)이 되리로다,로다,False,로다,Level1
시경집전(하),196,422,瞻彼中林한대 侯薪侯蒸이로다,저 숲속을 보건대 굵은 나무섶과 잔 나무섶이 있도다,로다,False,로다,Level1
시경집전(하),197,423,民今方殆어늘 視天夢夢이로다,백성들이 이제 막 위태롭거늘 하늘을 보건대 몽몽(夢夢)하도다,로다,True,로다,Level1
시경집전(하),203,438,民之訛言을 寧莫之懲이로다,백성의 유언비어를 편안히 여겨 징계하지 않도다,로다,False,로다,Level1
시경집전(하),215,469,天之扤我여 如不我克이로다,하늘이 나를 흔듦이여 마치 나를 이기지 못할 듯이 하는구나,로다,True,로다,Level1
시경집전(하),220,480,心之憂矣여 如或結之로다,마음의 근심함이여 혹 맺혀 있는 듯하도다,로다,True,로다,Level1
시경집전(하),223,483,赫赫宗周를 褒姒威之로다,혁혁(赫赫)한 종주(宗周)를 포사(褒姒)가 멸하리로다,로다,True,로다,Level1
시경집전(하),226,498,終其永懷하니 又窘陰雨로다,종말을 길이 생각해 보니 또한 음우(陰雨)에 곤궁하리로다,로다,False,로다,Level1
시경집전(하),228,500,載輸爾載오야 將伯助予로다,네 짐을 떨어뜨리고서야 백(伯)을 청하여 나를 도우라 하리라,로다,False,로다,Level1
시경집전(하),236,523,魚在于沼하니 亦匪克樂이로다,고기가 못이 있으니 또한 능히 즐겁지 못하도다,로다,False,로다,Level1
당송팔대가문초구양수2,496,1980,嘗夜讀書에 見唐元稹均田圖하고 慨然嘆曰 此致治之本也로다,"일찍이 밤에 책을 읽을 때에 당(唐)나라 원진(元稹)의 〈균전도(均田圖)〉를 보고 개연(慨然)히 탄식하여, “이것이 지극한 정치의 근본이다.",로다,True,로다,Level1
당송팔대가문초구양수2,535,2104,可爲流涕者矣로다,눈물을 흘릴 만하여라.,로다,True,로다,Level1
당송팔대가문초구양수2,550,2158,則天下國家可從而知也로다,따라서 당시의 천하와 국가는 이를 통해 알 만하다.,로다,False,로다,Level1
당송팔대가문초구양수3,5,14,遷遠出孔子之後하야 而乃上述黃帝以來하고 又詳悉其世次하야 其不量力而務勝하니 宜其失之多也로다,"그런데 사마천(司馬遷)은 공자(孔子)보다 훨씬 뒤늦게 태어났으면서도 위로 황제(黃帝) 이후를 서술하고 또 세차(世次)를 자세하게 기술하여, 자신의 역량을 헤아리지 않고 남보다 낫기를 힘썼으니, 잘못된 곳이 많은 것은 당연하다.",로다,False,로다,Level1
당송팔대가문초구양수3,7,24,夫孔子所以爲聖人者는 其智知所取捨皆如此로다,저 공자가 성인이 된 까닭은 지혜가 취사(取捨)할 바를 아는 것이 모두 이와 같았기 때문이다.,로다,False,로다,Level1
당송팔대가문초구양수3,20,71,因覽遺稿하야 見其所載職官名氏하야 以較其人盛衰先後와 孰在孰亡이면 足以知榮寵爲虛名而資笑談之一噱也요 亦因以誇於田夫野老而已로다,"인하여 유고(遺稿)를 보면서 수록되어 있는 직관(職官)의 명씨(名氏)를 보고서 그 사람의 성쇠(盛衰)‧선후(先後)와 누가 살아 있고 누가 죽었는지를 비교해보면 영광(榮光)과 총애(寵愛)가 허명(虛名)이라 담소하며 웃음거리가 되기에 족할 뿐임을 알겠고, 또한 인하여 시골 농부나 노인들에게 자랑이나 할 수 있을 뿐이다.",로다,True,로다,Level1
당송팔대가문초구양수3,25,85,可謂兼於兩得也로다,〈문장과 사업을〉 둘 다 이루었다고 이를 만하다.,로다,True,로다,Level1
당송팔대가문초구양수3,26,90,蓋自公薨後三十年에 始克類次而集之爲四十卷하니 公期可謂能世其家者也로다,"대개 공(公)이 죽은 뒤 30년 만에 비로소 분류하고 편차하여 모아 40권으로 만들었으니, 공기(公期)는 집안을 잘 이었다고 이를 만하다.",로다,True,로다,Level1
당송팔대가문초구양수3,26,92,公爲有後矣로다,공(公)에게는 훌륭한 후사가 있구나.,로다,True,로다,Level1
당송팔대가문초구양수3,29,102,公其可無恨이로다,공은 아마 유감이 없을 것입니다.”라고 하였다.,로다,False,로다,Level1
당송팔대가문초구양수3,30,109,嗟吾子美는 以一酒食之過로 至廢爲民하야 而流落以死하니 此其可以歎息流涕하고 而爲當世仁人君子之職位宜與國家樂育賢材者 惜也로다,"아! 우리 자미(子美)는 한 번 술을 마신 과실로 벼슬에서 쫓겨나 서민이 되어 유락(流落)하다 죽었으니 이는 탄식하고 눈물을 흘릴 만하고, 직위(職位)가 의당 국가와 함께 현재(賢材)를 육성할 수 있는 당세(當世)의 인인(仁人)과 군자(君子)가 애석하게 여기는 것이다.",로다,True,로다,Level1
당송팔대가문초구양수3,31,115,獨子美爲於擧世不爲之時에 其始終自守하야 不牽世俗趨舍하니 可謂特立之士也로다,"그런데 유독 자미(子美)만은 온 세상이 하지 않았던 시기에 시종일관 스스로 지켜 세속의 호오(好惡)에 휩쓸리지 않았으니, 이른바 특립독행(特立獨行)한 선비라 이를 만하다.",로다,False,로다,Level1
당송팔대가문초구양수3,37,134,是則余之有待於後者遠矣라 非汲汲有求於今世也로다,"따라서 내가 먼 훗날까지 나 같은 사람을 기다리는 것이고, 급급하게 금세(今世)에 그런 사람을 구하는 것은 아니다.",로다,False,로다,Level1
당송팔대가문초구양수3,38,137,余乃知不待千歲而有與余同於今世者矣로다,나는 그제야 천 년을 기다리지 않아도 금세(今世)에 나와 같은 생각을 가진 사람이 있다는 것을 알았다.,로다,False,로다,Level1
당송팔대가문초구양수3,44,156,陳留江君鄰幾가 常與聖兪子美遊하고 而又與聖兪로 同時以卒하니 余旣誌而銘之하고 後十有五年에 來守淮西하야 又於其家에 得其文集而序之로다,"진류(陳留) 강린기(江鄰幾) 군이 늘 성유(聖兪)‧자미(子美)와 종유하고, 또 성유(聖兪)와 같은 시기에 죽었으니 내가 이미 묘지명(墓誌銘)을 지었고, 15년 뒤에 회서(淮西)로 와서 태수가 되어 또 그의 집에서 문집을 얻어 서문을 지었다.",로다,False,로다,Level1
당송팔대가문초구양수3,52,187,然則非詩之能窮人이라 殆窮者而後工也로다,그렇다면 시가 사람을 곤궁하게 만드는 것이 아니라 곤궁하게 된 뒤라야 훌륭한 시가 나오는 것이다.,로다,False,로다,Level1
당송팔대가문초구양수3,58,207,乃知景山出於甌閩數千里之外하야 負其藝於大衆之中하야 一賈而售하야 遂以名知於人者가 繄其母之賢也로다,그제야 경산(景山)이 수천 리 먼 곳인 구민(甌閩)에서 태어나 대중들 가운데서 재예(才藝)를 자부하여 단번에 재능을 인정받아서 마침내 사람들에게 이름이 알려진 것은 바로 어머니의 현명함 때문이었음을 알았다.,로다,True,로다,Level1
당송팔대가문초구양수3,59,209,然後又知景山之母가 不獨成其子之名이요 而又以其餘遺其女也로다,그런 뒤에 또 경산(景山)의 어머니가 아들의 이름을 이루어주었을 뿐만 아니라 또 남은 것을 딸에게도 남겨주었음을 알게 되었다.,로다,False,로다,Level1
당송팔대가문초구양수3,66,232,然惟儼雖傲乎退偃於一室이나 天下之務와 當世之利病은 與其言에 終日不厭하니 惜其將老也已로다,그러나 유엄(惟儼)은 비록 일실(一室)에 초연(超然)하게 물러나 은거해 있지만 천하의 일과 당세의 이익이나 병폐에 대해 그와 이야기를 하면 종일토록 실증나지 않았으니 그가 장차 늙어감이 안타깝다.,로다,True,로다,Level1
당송팔대가문초구양수3,81,281,然嘗竊謂仲容之字는 不足以表其所以名之之義로다,그렇지만 예전부터 나는 속으로 중용(仲容)이라는 자(字)는 그가 곡(谷)이라고 명명한 뜻을 충분히 드러내기에는 부족하다고 생각하였다.,로다,False,로다,Level1
당송팔대가문초구양수3,88,310,於是에 又見其志之果也로다,여기에서 더욱 그의 과단성 있는 의지를 보겠다.,로다,False,로다,Level1
당송팔대가문초구양수3,89,312,然自子思孟子已下는 意皆輕之하니 使其與游夏로 幷進於孔子之門이면 吾不知其先後也로다,"그렇지만 자사(子思)‧맹자(孟子) 이하는 그 마음속으로 모두 경시하였으니, 만약 그가 자유(子游)‧자하(子夏)와 함께 공자(孔子)의 문하에 나아갔다면 나는 누가 더 뛰어났을지 알지 못하겠다.",로다,False,로다,Level1
당송팔대가문초구양수3,95,340,以此見聖人之戒用剛也에 不獨於其彖象이요 而又嘗深戒於其初로다,이로써 성인(聖人)께서 강(剛)을 쓰는 경우를 경계하실 때 그 단사(彖辭)와 상사(象辭)에서뿐만이 아니라 또 일찍이 그 처음에 깊이 경계하셨음을 볼 수가 있다.,로다,False,로다,Level1
당송팔대가문초구양수3,126,430,今君之行也에 予疑夫不能久畜於衡山之阿也로다,지금 요군(廖君)이 〈형산(衡山)으로〉 떠나가는데 나는 그가 형산의 기슭에 오래도록 품겨 있지 못할 것이라고 생각한다.,로다,False,로다,Level1
당송팔대가문초구양수3,128,432,旣重曾鞏文하고 不放口許曾鞏하니 正是名公送秀才文字法家로다,증공(曾鞏)의 문장을 높이 인정하면서도 드러내놓고 말하여 증공을 허여하지는 않았으니 그야말로 명공(名公)이 수재(秀才)를 전송하는 글의 전범(典範)이다.,로다,True,로다,Level1
당송팔대가문초구양수3,129,439,況若曾生之業은 其大者固以魁壘요 其於小者亦可以中尺度어늘 而有司棄之하니 可怪也로다,더구나 증생(曾生)의 학업(學業)으로 말할 것 같으면 그 큰 것은 본래 뛰어나고 그 작은 것에 있어서도 기준에 맞을 만한데 시관이 그를 버렸으니 의아해할 만하다.,로다,False,로다,Level1
당송팔대가문초구양수3,140,474,然後知孟子之歎이 蓋有激云爾로다,이런 뒤에야 맹자의 탄식이 격발되는 바가 있어 말한 것임을 알게 되었다.,로다,False,로다,Level1
당송팔대가문초구양수3,142,482,乃知今周易所載는 非孔子文言之全篇也로다,이에 지금의 ≪주역≫에 실린 〈문언전〉은 공자가 지은 〈문언전〉의 완전한 편(篇)이 아님을 알겠다.,로다,False,로다,Level1
당송팔대가문초구양수3,145,498,(必)［不］然이면 自漢諸儒로 已有此名하니 不知從何而失之也로다,"그렇지 않다면, 한(漢)나라 유자(儒者)들에게서부터 이미 이러한 명칭이 있었으니, 어디에서부터 잘못된 것인지 모르겠다.",로다,True,로다,Level1
당송팔대가문초구양수3,148,514,孔子之古經은 亡矣로다,공자의 고경(古經)은 없어졌다.,로다,False,로다,Level1
당송팔대가문초구양수3,150,516,公於詩譜補亡하니 非獨見公之潛心六藝之學이요 又可幷見公之不沒鄭氏之善如此로다,"구양공(歐陽公)이 《시보(詩譜)》의 망실된 부분을 보충(補充)하였으니, 공(公)이 육예(六藝)의 학문에 잠심(潛心)하였음을 볼 수 있을 뿐 아니라 공(公)이 이와 같이 정씨(鄭氏)의 좋은 부분을 없애지 않았음을 아울러 볼 수 있다.",로다,False,로다,Level1
당송팔대가문초구양수3,152,528,予疑毛鄭之失이 旣多나 然不敢輕爲改易者는 意其爲說不止於箋傳而已니 恨不得盡見二家之書하야 未能徧通其旨로다,"내가 의심컨대 모씨와 정씨의 오류가 이미 많으나 감히 가벼이 고치지 못하는 것은, 생각건대 그들의 학설이 지금 남아 있는 주석에 그치고 말 뿐이 아니기 때문이니, 두 사람의 글을 다 볼 수 없어서 그들의 뜻에 두루 통할 수 없는 점이 한스럽도다.",로다,False,로다,Level1
당송팔대가문초구양수3,168,595,其文字雜以夷夏하야 讀者罕得其眞일새 往往就而正焉하니 鑒聿之書는 非獨有取於吾儒라 亦欲傳於其徒也로다,"그 문자는 오랑캐와 중화의 문자가 뒤섞여 있어서 읽는 자들이 그 참뜻을 아는 경우가 드물므로 왕왕 나아가 질정하니, 감율(鑒聿)의 책은 비단 우리 유가에서 취하여 쓸 뿐만 아니라 또한 불가(佛家)의 무리들에게도 전해지길 바라노라.",로다,False,로다,Level1
당송팔대가문초구양수3,171,601,宜其說者之多也로다,그러니 해설한 자가 많은 것은 당연한 일이다.,로다,False,로다,Level1
당송팔대가문초구양수3,206,759,勇力은 人所有나 而能知用其勇者는 少矣니 若懌은 可謂義勇之士로다,"용력(勇力)은 사람들이 지니고 있는 바이나 그 용력을 잘 사용할 줄 아는 사람은 적으니, 상역과 같은 사람은 의롭고 용감한 선비라고 이를 만하다.",로다,True,로다,Level1
당송팔대가문초구양수3,207,764,及得桑懌事하야 乃知古之人有然焉하니 遷書不誣也요 知今人固有而但不盡知也로다,"그런데 상역의 일을 접하게 되어서는 이에 옛사람도 그러한 사람이 있으니 사마천의 글은 속임이 없다는 것을 알게 되었고, 지금 사람도 진실로 그런 사람이 있으나 단지 다 알지 못할 뿐이라는 것도 알게 되었다.",로다,False,로다,Level1
당송팔대가문초구양수3,211,771,吾家藏書一萬卷이요 集錄三代以來金石遺文一千卷이요 有琴一張하며 有碁一局하고 而常置酒一壺로다,"“우리 집에 장서(藏書)가 일만 권이요, 삼대(三代) 이래의 금석문(金石文) 자료를 집록(集錄)한 것이 일천 권이요, 거문고가 한 벌 있으며 바둑판이 하나 있고 항상 술 한 병을 두고 있다오.”",로다,False,로다,Level1
당송팔대가문초구양수3,212,775,而屢易其號하니 此莊生所謂畏影而走乎日中者也로다,누차 호를 바꾸니 이는 장자(莊子)의 이른바 그림자를 두려워하여 해 가운데로 달려가는 것입니다.,로다,False,로다,Level1
당송팔대가문초구양수3,212,786,此吾之所以志也로다,이것이 내가 〈육일(六一)이라는 이름으로 나의 즐거움을〉 표명한 까닭이라오.”,로다,True,로다,Level1
당송팔대가문초구양수3,224,835,知一是已로다,팽지일(彭知一)이 바로 이런 사람이로다.,로다,False,로다,Level1
시경집전(하),359,783,如匪行邁謀라 是用不得于道로다,길을 가지 않고 도모함과 같은지라 이 때문에 길에 도달하지 못하도다,로다,False,로다,Level1
시경집전(하),364,792,如彼築室于道謀라 是用不潰于成이로다,집을 지으면서 길가는 사람과 도모함과 같은지라 이 때문에 완성함을 이루지 못하도다,로다,False,로다,Level1
시경집전(하),373,812,人知其一이요 莫知其他로다,사람들은 그 한 가지만 알고 그 다른 것은 알지 못하도다,로다,True,로다,Level1
시경집전(하),379,825,宛彼鳴鳩여 翰飛戾天이로다,작은 저 명구(鳴鳩)여 날개로 날아 하늘에 이르도다,로다,True,로다,Level1
시경집전(하),385,838,彼昏不知는 壹醉日富로다,저 혼우(昏愚)하여 알지 못하는 자들은 취함에 한결같아 날로 심해지도다,로다,False,로다,Level1
시경집전(하),389,851,中原有菽이어늘 庶民采之로다,언덕 가운데 콩이 있거늘 서민들이 거두도다,로다,False,로다,Level1
시경집전(하),390,852,螟蛉有子어늘 蜾蠃負之로다,명령(螟蛉)이 새끼를 두거늘 과라(蜾蠃)가 업어가도다,로다,False,로다,Level1
시경집전(하),394,863,題彼脊令한대 載飛載鳴이로다,저 척령(脊令)을 보니 곧 날며 곧 울도다,로다,False,로다,Level1
시경집전(하),399,874,交交桑扈여 率場啄粟이로다,이리저리 날으는 상호(桑扈)여 마당을 따라 곡식을 쪼아먹도다,로다,True,로다,Level1
시경집전(하),400,875,京我塡寡여 宜岸宜獄이로다,가엾은 우리 병들고 과약(寡弱)한 자여 안옥(岸獄)에 마땅하다 하도다,로다,False,로다,Level1
시경집전(하),410,896,弁彼鸒斯여 歸飛提提로다,날개치는 저 갈가마귀여 돌아가면서 날기를 한가롭게 하도다,로다,False,로다,Level1
시경집전(하),416,912,踧踧周道여 鞠爲茂草로다,평탄한 큰 길이여 막혀서 무성한 풀밭이 되리로다,로다,False,로다,Level1
시경집전(하),417,913,我心憂傷이여 惄焉如擣로다,내 마음의 우상(憂傷)함이여 서글픔이 방아질하는 듯하노라,로다,True,로다,Level1
시경집전(하),423,927,靡瞻匪父며 靡依匪母로다,우러러볼 것이 아버지 아님이 없으며 의지할 것이 어머니 아님이 없도다,로다,True,로다,Level1
시경집전(하),429,944,有漼者淵에 萑葦淠淠로다,깊은 연못에 갈대가 많고 많도다,로다,False,로다,Level1
시경집전(하),442,970,君子秉心은 維其忍之로다,군자(君子)의 마음가짐은 잔인하기도 하도다,로다,False,로다,Level1
시경집전(하),447,978,君子不惠라 不舒究之로다,군자가 사랑하지 않는지라 서서히 살피지 아니하도다,로다,False,로다,Level1
시경집전(하),449,980,舍彼有罪요 予之佗矣로다,저 죄 있는 자를 버려두고 나에게 죄를 가하도다,로다,False,로다,Level1
시경집전(하),462,1020,昊天泰憮나 予愼無辜로다,호천(昊天)의 위엄이 심히 크나 내 살펴보건대 잘못이 없도다,로다,True,로다,Level1
시경집전(하),473,1049,盜言孔甘이라 亂是用餤이로다,참언(讒言)을 매우 달게 여기는지라 난(亂)이 이 때문에 진전되도다,로다,False,로다,Level1
시경집전(하),474,1050,匪其止共이라 維王之卭이로다,맡은 일을 공손히 수행하는 것이 아니라 왕(王)을 병들게 할 뿐이로다,로다,False,로다,Level1
시경집전(하),486,1073,巧言如簧은 顔之厚矣로다,생황(笙簧)과 같은 공교로운 말은 얼굴이 두껍기 때문이니라,로다,False,로다,Level1
시경집전(하),489,1086,彼何人斯오 居河之麋로다,저 어떤 사람인고 하수(河水)의 가에 살도다,로다,False,로다,Level1
시경집전(하),490,1087,無拳無勇이나 職爲亂階로다,힘도 없고 용맹도 없으나 오로지 난(亂)의 계제(階梯)를 만들도다,로다,True,로다,Level1
시경집전(하),497,1103,彼何人斯오 其心孔艱이로다,저 어떤 사람인고 그 마음이 몹시 험하도다,로다,False,로다,Level1
시경집전(하),499,1105,伊誰云從고 維暴之云이로다,저 누구를 따르는고 포공(暴公)이라 하도다,로다,False,로다,Level1
시경집전(하),501,1113,其心甚險이로다,그 마음이 심히 험하도다.,로다,True,로다,Level1
시경집전(하),512,1134,彼何人斯오 其爲飄風이로다,저 어떤 사람인고 그 표풍(飄風)이로다,로다,True,로다,Level1
시경집전(하),514,1136,胡逝我梁고 祗攪我心이로다,어찌하여 내 어량(魚梁)에 가는고 다만 내 마음을 혼란하게 하도다,로다,True,로다,Level1
시경집전(하),523,1153,還而不入하니 否難知也로다,돌아갈 때에도 들어오지 아니하니 들어오지 않음을 알기 어렵도다,로다,True,로다,Level1
시경집전(하),539,1193,萋兮斐兮로 成是貝錦이로다,조금 문채(文彩)가 있는 것으로 이 패금(貝錦)을 이루도다,로다,False,로다,Level1
시경집전(하),540,1194,彼譖人者여 亦已大甚이로다,저 남을 참소하는 자여 또한 너무 심하도다,로다,False,로다,Level1
시경집전(하),542,1200,彼爲是者는 亦已大甚矣로다,저 이짓을 하는 자는 또한 너무 심하도다.,로다,False,로다,Level1
시경집전(하),543,1201,哆兮侈兮로 成是南箕로다,조금 벌어지고 벌어진 것으로 남쪽 기성(箕星)을 이루도다,로다,True,로다,Level1
시경집전(하),552,1225,驕人好好어늘 勞人草草로다,교만한 사람은 즐겁고 즐겁거늘 수고로운 사람은 근심하고 근심하도다,로다,False,로다,Level1
시경집전(하),561,1243,楊園之道여 猗于畝丘로다,양원(楊園)의 길이여 묘구(畝丘)에 얹혀 있도다,로다,False,로다,Level1
시경집전(하),568,1265,習習谷風이며 維風及雨로다,습습(習習)한 동풍(東風)이여 바람과 비로다,로다,True,로다,Level1
시경집전(하),573,1276,習習谷風이여 維風及頹로다,습습(習習)한 동풍(東風)이여 바람과 회오리바람이로다,로다,True,로다,Level1
시경집전(하),575,1278,將安將樂이란 棄予如遺로다,장차 안락(安樂)하게 되어서는 나를 버리기를 잊은 듯이 하도다,로다,True,로다,Level1
시경집전(하),583,1291,蓼蓼者莪러니 匪莪伊蒿로다,길고 긴 아름다운 쑥이라 여겼더니 아름다운 쑥이 아니라 저 나쁜 쑥이로다,로다,True,로다,Level1
시경집전(하),662,1465,冬日烈烈이어늘 飄風發發이로다,겨울 날씨가 차갑거늘 표풍(飄風)이 몹시도 급히 불도다,로다,True,로다,Level1
시경집전(하),666,1472,山有嘉卉하니 侯栗侯梅로다,산에 아름다운 나무가 있으니 밤나무와 매화나무로다,로다,True,로다,Level1
시경집전(하),667,1473,廢爲殘賊하니 莫知其尤로다,변하여 잔적(殘賊)한 사람이 되니 그 허물을 알지 못하도다,로다,True,로다,Level1
시경집전(하),670,1478,相彼泉水한대 載淸載濁이로다,저 흐르는 샘물을 보건대 맑았다 흐렸다 하도다,로다,True,로다,Level1
시경집전(하),682,1499,山有蕨薇어늘 隰有杞桋로다,산에는 고사리가 있거늘 습지에는 기나무와 산대추나무가 있도다,로다,False,로다,Level1
시경집전(하),683,1500,君子作歌하여 維以告哀로다,군자(君子)가 노래를 지어 슬픔을 말하노라,로다,True,로다,Level1
시경집전(하),697,1524,四牡彭彭하니 王事傍傍이로다,사모(四牡)가 쉬지 않고 달리니 국사(國事)가 끊임없이 계속되도다,로다,True,로다,Level1
시경집전(하),699,1526,旅力方剛이라 經營四方이로다,여력(旅力)이 강한지라 사방(四方)을 경영할 수 있다 하도다,로다,True,로다,Level1
시경집전(하),703,1534,或息偃在牀이어늘 或不已于行이로다,혹은 편안히 누워 상(牀)에 있거늘 혹은 길가기를 그치지 않도다,로다,False,로다,Level1
시경집전(하),707,1540,或栖遲偃仰이어늘 或王事鞅掌이로다,혹은 집에서 편안히 누웠다 일어났다 하거늘 혹은 왕사(王事)에 수고로워 모양을 내지 못하도다,로다,False,로다,Level1
시경집전(하),710,1545,或出入風議어늘 或靡事不爲로다,혹은 출입하며 거리낌없이 말하거늘 혹은 하지 않는 일이 없도다,로다,False,로다,Level1
시경집전(하),727,1572,心之憂矣여 其毒大苦로다,마음의 근심함이여 그 독이 너무도 쓰도다,로다,True,로다,Level1
시경집전(하),734,1587,念我獨兮어늘 我事孔庶로다,생각컨대 나 혼자이거늘 내 일이 심히 많도다,로다,True,로다,Level1
시경집전(하),735,1588,心之憂矣여 憚我不暇로다,마음에 근심함이여 수고로워 내 겨를이 없노라,로다,True,로다,Level1
시경집전(하),741,1599,曷云其還고 政事愈蹙이로다,언제나 돌아갈꼬 정사(政事)가 더욱 급박해지도다,로다,False,로다,Level1
시경집전(하),743,1601,心之憂矣여 自詒伊戚이로다,마음의 근심함이여 스스로 근심을 끼쳤도다,로다,True,로다,Level1
시경집전(하),759,1629,淑人君子여 懷允不忘이로다,선인(善人)인 군자(君子)여 그리워하여 진실로 잊지 못하도다,로다,True,로다,Level1
시경집전(하),763,1638,淑人君子여 其德不回로다,선인(善人)인 군자(君子)여 그 덕(德)이 간사하지 않도다,로다,True,로다,Level1
시경집전(하),766,1644,淑人君子여 其德不猶로다,선인(善人)인 군자(君子)여 그 덕(德)이 이와 같지 않도다,로다,False,로다,Level1
시경집전(하),769,1653,以雅以南과 以籥이 不僭이로다,이아(二雅)와 이남(二南)과 약무(籥舞)가 어지럽지 않도다,로다,True,로다,Level1
당송팔대가문초구양수3,226,838,冶女之文이 令人悅眼이요 而最得體處는 在安頓魏國公上하니 以史遷之烟波로 行宋人之格調로다,"단장한 여인과 같은 글이 사람으로 하여금 눈을 즐겁게 하고, 가장 골자(骨子)를 얻은 부분은 위국공(魏國公)(한기(韓琦))을 안배한 곳에 있으니, 사마천(司馬遷)의 파란(波瀾) 같은 문장(文章)으로 송인(宋人)의 격조(格調)를 행하였다.",로다,True,로다,Level1
당송팔대가문초구양수3,229,854,故能出入將相하야 勤勞王家而夷險一節하고 至於臨大事決大議하얀 垂紳正笏하야 不動聲色하야 而措天下於泰山之安하니 可謂社稷之臣矣로다,"그러므로 조정을 나가면 장(將)이 되고 조정에 들어오면 상(相)이 되어 왕실을 위해 부지런히 일하여 평안할 때나 위험할 때에 한결같은 지조를 지켰고, 큰 일을 만나 중대한 의론을 결정할 때에 이르러서는 띠를 드리우고 홀을 바르게 잡고서 목소리와 안색이 변하지 않고도 천하를 태산처럼 안정시켰으니 사직(社稷)의 신하라 이를 만하다.",로다,True,로다,Level1
당송팔대가문초구양수3,236,882,蓋錢塘이 兼有天下之美하고 而斯堂者又盡得錢塘之美焉하니 宜乎公之甚愛而難忘也로다,"대개 전당(錢塘)이 천하의 아름다움을 겸유했고, 이 유미당(有美堂)은 게다가 전당(錢塘)의 아름다움까지 모두 얻었으니, 공이 몹시도 아껴 잊기 어려운 것은 당연하다.",로다,True,로다,Level1
당송팔대가문초구양수3,236,883,梅公은 淸愼好學君子也라 視其所好에 可以知其人焉이로다,매공(梅公)은 청렴하고 신중하며 학문을 좋아하는 군자인지라 그가 좋아하는 바를 봄에 그 사람을 알 수 있다.,로다,True,로다,Level1
당송팔대가문초구양수3,237,885,如累九層之臺에 一層高一層하니 眞是奇絶이로다,“예컨대 9층 누대를 쌓을 때 한 층 한 층 높아지는 것과 같으니 참으로 뛰어난 작품이다.”,로다,True,로다,Level1
당송팔대가문초구양수3,251,932,噫라 予方仕宦奔走하니 不知再至城南하야 登此亭이 復幾閏이로다,"아, 나는 바야흐로 벼슬살이에 분주하니, 성(城) 남쪽으로 다시 와 이 정자에 오르는 것이 다시 몇 년 뒤나 될지 모르겠다.",로다,True,로다,Level1
당송팔대가문초구양수3,287,1066,李侯는 可謂賢矣로다,이후(李侯)는 어질다고 할 만하다.,로다,True,로다,Level1
당송팔대가문초구양수3,291,1081,是爲勇者之觀也로다,바로 용자(勇者)의 볼거리가 된다.,로다,True,로다,Level1
당송팔대가문초구양수3,314,1171,穀城縣이 政久廢러니 狄君居之朞月에 稱治하고 又能遵國典하야 修禮興學하야 急其有司所不責者하야 諰諰然惟恐不及하니 可謂有志之士矣로다,"곡성현은 정사(政事)가 오래도록 쇠퇴하였는데 적군(狄君)이 이곳의 수령으로 있은 지 1년 만에 잘 다스려지는 고을로 일컬어졌고, 또 나라의 법전(法典)을 잘 준행하여 예를 정비하고 학교를 일으켜 유사(有司)가 책임을 따지지 않는 일을 급하게 여겨, 전전긍긍 오직 그 일에 힘이 미치지 못할까 걱정하였으니 뜻있는 선비라고 이를 만하다.",로다,True,로다,Level1
당송팔대가문초구양수3,339,1245,朱公은 能不以陋而安之하고 其心又喜夫人之去憂患而就樂易하니 詩所謂愷悌君子者矣로다,"그런데도 주공(朱公)은 비루하다 여기지 않고서 편안히 하고, 그 마음이 또 사람들이 우환을 떠나 즐겁고 편안한 데로 나아오는 것을 기쁘게 여겼으니, 《시경(詩經)》의 이른바 개제군자(愷悌君子)라는 것이다.",로다,True,로다,Level1
당송팔대가문초구양수3,392,1504,亦有能保로다,또한 보유할 수 있었도다,로다,False,로다,Level1
당송팔대가문초구양수3,395,1516,天子曰 嗚呼라 惟汝父旦이 事我文考眞宗하야 叶德一心하야 克終厥位하야 有始有卒하니 其可謂全德元老矣로다,"천자께서 말씀하시길 “아, 오직 너의 아비 단(旦)이 우리 문고(文考) 진종(眞宗)을 섬겨 서로 뜻과 마음이 맞아 그 재상의 직위를 끝까지 마쳐 시종일관(始終一貫)하니 덕을 온전히 갖춘 원로(元老)라고 이를 만하다.",로다,True,로다,Level1
당송팔대가문초구양수3,410,1608,是以로 君明臣賢하야 德顯名尊하야 生而俱享其榮하고 歿而長配於廟하니 可謂有始有卒이 如明詔所褒로다,이런 까닭에 임금은 명철하고 신하는 어질어서 덕이 드러나고 이름이 높아 살아서는 그 영화를 함께 누리고 죽어서는 왕묘(王廟)에 장구히 배향되니 관직에 시종일관함이 성상의 밝은 조서에서 기린 바대로라고 이를 만합니다.,로다,True,로다,Level1
당송팔대가문초구양수3,411,1622,公爲蓍龜로다,공이 시귀(蓍龜)가 되었네,로다,True,로다,Level1
당송팔대가문초구양수3,411,1646,惟時元老로다,오직 이 원로(元老)뿐이로다,로다,True,로다,Level1
당송팔대가문초구양수3,431,1752,有爛其文이로다,찬란한 문장이 있도다,로다,True,로다,Level1
당송팔대가문초구양수3,431,1766,玆可謂忠이로다,이것이야말로 충(忠)이라 이를 만하네,로다,True,로다,Level1
당송팔대가문초구양수3,454,1851,公之孫四十人이며 曾孫二人이요 合伯季之後면 若子若孫若曾孫이 六十有八人이요 女若孫曾五十有四人이로되 而仕于朝者가 多以才稱於時하니 嗚呼라 可謂盛矣로다,"공의 손자는 40명이며 증손자는 2명이고 형과 아우의 후손을 합하면 아들, 손자, 증손이 68명이고, 딸, 손녀, 증손녀가 54명인데, 조정에 벼슬하고 있는 이들은 대부분 재예로 당시 사람들에게 일컬어지고 있으니, 아, 성대하다고 이를 만하다.",로다,True,로다,Level1
당송팔대가문초구양수3,455,1860,踵武偕來로다,공을 이어 함께 나아왔도다,로다,True,로다,Level1
당송팔대가문초구양수3,455,1868,儀同太師로다,의동(儀同)과 태사(太師)를 맡았다네,로다,False,로다,Level1
시경집전(하),587,1299,蓼蓼者莪러니 匪莪伊蔚로다,길고 큰 아름다운 쑥이라 여겼더니 아름다운 쑥이 아니라 저 제비쑥이로다,로다,True,로다,Level1
시경집전(하),590,1304,缾之罄矣여 維罍之恥로다,작은 병이 텅빔이여 큰 병의 수치로다,로다,False,로다,Level1
시경집전(하),591,1305,鮮民之生이여 不如死之久矣로다,과약(寡弱)한 백성의 삶이여 죽음만 같지 못한 지가 오래되었도다,로다,True,로다,Level1
시경집전(하),602,1327,南山烈烈이어늘 飄風發發이로다,남산(南山)은 높고 크거늘 표풍(飄風)은 빠르고 빠르도다,로다,True,로다,Level1
시경집전(하),606,1334,南山律律이어늘 飄風弗弗이로다,남산(南山)은 높고 크거늘 표풍(飄風)은 빠르고 빠르도다,로다,True,로다,Level1
시경집전(하),611,1342,有饛簋飧이요 有捄棘匕로다,가득한 그릇의 밥이요 굽은 가시나무 수저로다,로다,True,로다,Level1
시경집전(하),612,1343,周道如砥하니 其直如矢로다,주도(周道)가 숫돌처럼 판판하니 그 곧음은 화살과 같도다,로다,True,로다,Level1
시경집전(하),617,1359,小東大東에 杼柚其空이로다,소동(小東)과 대동(大東)에 북과 바디가 모두 비었도다,로다,False,로다,Level1
시경집전(하),618,1360,糾糾葛屨여 可以履霜이로다,썰렁한 칡신이여 서리를 밟을 수 있도다,로다,False,로다,Level1
시경집전(하),620,1362,旣往旣來하니 使我心疚로다,이미 갔다가 이미 오니 내 마음 병들게 하도다,로다,True,로다,Level1
시경집전(하),624,1374,契契寤歎호니 哀我憚人이로다,계계(契契)히 잠깨어 탄식하니 가엾은 우리 수고로운 사람이로다,로다,True,로다,Level1
시경집전(하),630,1389,西人之子는 粲粲衣服이로다,서인(西人)의 자식은 선명하고 선명한 의복을 입었도다,로다,False,로다,Level1
시경집전(하),632,1391,私人之子는 百僚是試로다,사인(私人)의 자식은 백관(百官)에 등용되도다,로다,False,로다,Level1
시경집전(하),636,1405,鞙鞙佩璲을 不以其長이로다,길게 늘어진 패수(佩璲)를 길다 여기지 않도다,로다,False,로다,Level1
시경집전(하),638,1407,跂彼織女 終日七襄이로다,삼각(三角)으로 있는 저 직녀성(織女星)은 종일토록 자리를 일곱번 바꾸도다,로다,True,로다,Level1
시경집전(하),642,1421,睆彼牽牛 不以服箱이로다,반짝이는 저 견우성(牽牛星)은 수레에 멍에하지 못하도다,로다,True,로다,Level1
시경집전(하),644,1423,有捄天畢이 載施之行이로다,굽은 천필성(天畢星)이 있지만 행렬(行列)에 베풀 뿐이로다,로다,True,로다,Level1
시경집전(하),648,1435,維北有斗나 不可以挹酒漿이로다,북쪽에 두성(斗星)이 있으나 술과 장물을 뜨지 못하도다,로다,False,로다,Level1
시경집전(하),650,1437,維北有斗하니 西柄之揭로다,북쪽에 두성(斗星)이 있으니 서쪽으로 자루를 들고 있도다,로다,False,로다,Level1
시경집전(하),658,1458,秋日凄凄라 百卉具腓로다,가을날이 쌀쌀해지는지라 온갖 초목(草木)이 모두 병들도다,로다,True,로다,Level1
시경집전(하),779,1671,以妥以侑하여 以介景福이로다,편안히 모시고 권하여 큰 복을 크게 하도다,로다,True,로다,Level1
시경집전(하),783,1688,或剝或亨하며 或肆或將이로다,혹은 짐승의 가죽을 벗기고 혹은 희생(犧牲)을 삶으며 혹은 진설하고 혹은 받들어 올리도다,로다,True,로다,Level1
시경집전(하),786,1691,孝孫有慶하여 報以介福하니 萬壽無疆이로다,효손(孝孫)이 경사가 있어 큰 복으로써 갚아주니 만수무강(萬壽無疆)하리로다,로다,True,로다,Level1
시경집전(하),789,1705,君婦莫莫하니 爲豆孔庶로다,군부(君婦)가 공경하고 정갈하니 두(豆)에 담기를 매우 많이 하였도다,로다,True,로다,Level1
시경집전(하),792,1708,神保是格이라 報以介福하니 萬壽攸酢이로다,신보(神保)가 이에 강림하는지라 큰 복으로써 보답하니 만수(萬壽)로 갚는 바로다,로다,True,로다,Level1
시경집전(하),803,1747,孝孫徂位어늘 工祝致告로다,효손(孝孫)이 자리로 가거늘 공축(工祝)이 시(尸)의 뜻을 전하여 고하도다,로다,True,로다,Level1
시경집전(하),805,1749,鼓鍾送尸하니 神保聿歸로다,종을 쳐 시(尸)를 전송하니 신보(神保)가 돌아가시도다,로다,False,로다,Level1
시경집전(하),807,1751,諸父兄弟 備言燕私로다,제부(諸父)와 형제(兄弟)가 갖추어 잔치해서 사사로운 은혜를 다하도다,로다,True,로다,Level1
시경집전(하),809,1764,樂具入奏하니 以綏後祿이로다,악기를 모두 들여와 연주하니 뒤의 녹(祿)을 편안히 누리도다,로다,True,로다,Level1
시경집전(하),812,1767,神嗜飮食하여 使君壽考로다,신(神)이 음식을 즐기시어 군(君)으로 하여금 수고(壽考)하게 하도다,로다,True,로다,Level1
시경집전(하),814,1769,子子孫孫이 勿替引之로다,자자손손(子子孫孫)이 중단하지 않고 길이 이어나가리로다,로다,True,로다,Level1
시경집전(하),818,1782,信彼南山을 維禹甸之로다,진실로 저 남산(南山)을 우(禹)임금이 다스리셨도다,로다,True,로다,Level1
시경집전(하),820,1784,我疆我理하니 南東其畝로다,내 큰 경계를 내고 작은 길을 내니 이랑을 남쪽으로 하고 동쪽으로 하도다,로다,False,로다,Level1
시경집전(하),825,1801,旣霑旣足하여 生我百穀이로다,이미 젖고 흡족하여 우리 백곡(百穀)을 자라게 하도다,로다,True,로다,Level1
시경집전(하),829,1809,畀我尸賓하니 壽考萬年이로다,우리 시(尸)와 손님에게 올리니 수고(壽考)가 만년(萬年)을 누리리로다,로다,True,로다,Level1
시경집전(하),834,1820,曾孫壽考하여 受天之祐로다,증손(曾孫)이 수고(壽考)를 누려 하늘의 복(福)을 받으리로다,로다,True,로다,Level1
시경집전(하),839,1829,以啓其毛하고 取其血膋로다,털을 헤쳐 보이고 피와 기름을 취하도다,로다,False,로다,Level1
시경집전(하),842,1845,先祖是皇하사 報以介福하니 萬壽無疆이로다,선조(先祖)가 이에 크게 강림하사 큰 복으로써 보답하니 만수무강(萬壽無疆)하리로다,로다,True,로다,Level1
시경집전(하),845,1852,倬彼甫田에 歲取十千이로다,환한 저 큰 밭에 해마다 십천(十千)을 취하도다,로다,True,로다,Level1
시경집전(하),846,1853,我取其陳하여 食我農人하니 自古有年이로다,내 묵은 곡식을 취하여 우리 농부(農夫)들을 먹이니 예로부터 풍년이로다,로다,True,로다,Level1
당송팔대가문초구양수3,471,1961,公旣樂善이요 而稱爲知人하니 士之顯于朝者가 多公所薦達이요 至擇其女之所從하야도 又得二人者하니 如此면 可謂賢也已로다,"공은 이미 선을 좋아하였고 사람을 볼 줄 알았다고 일컬어지니, 선비 중에 조정에 현달한 사람이 대부분 공이 천거한 사람이었고, 사위를 고름에 이르러서도 또 훌륭한 두 사람을 얻었으니, 이와 같다면 현명하다고 이를 만하다.",로다,True,로다,Level1
당송팔대가문초구양수3,472,1992,惟予聖考로다,바로 부왕(父王)이로다,로다,False,로다,Level1
당송팔대가문초구양수3,472,1996,司空侍中이로다,사공(司空)과 시중(侍中)이로다.,로다,True,로다,Level1
당송팔대가문초구양수3,542,2445,繼世而卿이로다,대를 이어 경(卿)이 되었네,로다,False,로다,Level1
당송팔대가문초구양수3,554,2500,吾居禁中하야 有求恩澤者어든 每以杜某不可告之而止者가 多於所封還也하니 其助我多矣로다,"내가 금중(禁中)에 거하여 은택을 구하는 자가 있으면 매번 두모(杜某) 때문에 고하지 못하고 그만두는 경우가, 봉하여 돌려보내는 경우보다 많으니 그가 나를 도움이 많다.",로다,True,로다,Level1
당송팔대가문초구양수3,559,2530,惟德之恭이로다,오직 공손한 덕이로다,로다,True,로다,Level1
당송팔대가문초구양수3,559,2534,四方之瞻이로다,사방 사람들이 우러러보네,로다,True,로다,Level1
당송팔대가문초구양수3,559,2540,有矩有規로다,곱자와 그림쇠가 있구나,로다,True,로다,Level1
당송팔대가문초구양수3,559,2544,惟公是毗로다,오직 공이 나를 제대로 보필하도다,로다,False,로다,Level1
당송팔대가문초구양수3,559,2562,喪予元老로다,나의 원로(元老)를 잃게 하였도다”,로다,False,로다,Level1
당송팔대가문초구양수3,559,2568,萬世之詒로다,만세에 길이 이어질 것이로다,로다,True,로다,Level1
당송팔대가문초구양수3,600,2800,幽宮是閟로다,무덤 속에 묻는도다,로다,False,로다,Level1
당송팔대가문초구양수4,19,102,侍從之親이요 樞機之密이로다 名望三朝에 淸職峻秩이니 愷悌之仁은 宜國黃耉어늘 七十而止하니 孰云多壽리오 惟善在人하니 刻銘不朽로다,시종신(侍從臣)으로 측근에서 모셨고 추밀부사(樞密副使)를 역임하였네 삼조(三朝)에 명망(名望)을 떨쳐 청직(淸職)과 고관(高官)을 역임하니 화락(和樂)한 인(仁)을 지닌 공은 나라의 원로가 되기에 마땅하지만 70세에 그쳤으니 누가 장수했다 하리오 공의 선(善)은 사람들에게 있으니 명(銘)에 새겨 길이 전할 만하도다,로다,True,로다,Level1
당송팔대가문초구양수4,52,265,首尾分應有力하니 自班馬中來로다,"“수미(首尾)가 나누어지고 응하는 것이 힘이 있으니, 반고(班固)와 사마천(司馬遷)의 문체로부터 유래한 것이다.”",로다,False,로다,Level1
당송팔대가문초구양수4,65,319,開封은 天子之畿요 益州는 蜀一都會라 皆世號尤難理者로되 而公尤有名하야 其猛寬之政이 前後異施하니 可謂知其方矣로다,"개봉(開封)은 천자(天子)의 기내(畿內)이고 익주(益州)는 촉(蜀)의 제일(第一) 도회(都會)이므로 모두 세상에서 더욱 다스리기 어렵다고 말들 하는데, 공은 더욱 명성이 있어 엄격하고 관대한 정사를 전후에 달리 시행하였으니, 다스리는 방법을 알았다고 이를 만하다.",로다,True,로다,Level1
당송팔대가문초구양수4,71,349,公不爲相하고 告病還家러니 賵賻之榮은 尙書是加라 公有敏德하니 焯其行事요 公有令名하니 有司之諡라 事告之史하니 諡傳子孫이요 又刻銘章하야 納于墓門이로다,공은 재상이 되지 않고 병들었다고 고하고 정무(政務)에서 물러났는데 공이 죽자 영화로운 부조로 상서(尙書)의 벼슬을 더해주셨네 공은 민덕(敏德)이 있으니 행사(行事)에 환하게 드러났고 공은 영명(令名)이 있으니 유사(有司)가 정한 시호(諡號)라네 일이 사관(史官)에게 알려졌으니 시호(諡號)는 자손에게 전해질 것이고 또 명문(銘文)을 돌에 새겨 묘문(墓門)에 들인다,로다,True,로다,Level1
당송팔대가문초구양수4,81,398,士之所難은 有蘊無時어늘 偉歟梅公은 人主之知라 勇無不敢하야 惟義之爲러니 困于翼飛하야 中垂以斂이라 一失其塗에 進退而坎이러니 理不終窮하야 旣晩而通이라 惟其壽考는 福祿之隆이로다,선비가 어렵게 여기는 일은 능력 있어도 때를 못 만나는 것인데 위대하여라 매공(梅公)은 임금의 지우(知遇)를 입었도다 그 용맹 모든 일에 과감하여 의(義)만을 따라 행하였더니 날개 펼쳐 나는 데 곤궁하여 중간에 날개를 접고 거두었어라 한번 그 길을 잃어버림에 진퇴가 모두 곤란하더니 이치가 끝내 막히지 않아 만년이 되어 형통하게 되었네 오직 공이 장수를 누림은 그 복록(福祿)이 융성하도다,로다,True,로다,Level1
당송팔대가문초구양수4,90,441,公有文集十卷과 兵書十五卷하니 讀其書에 可以見公之志요 考其始終之節에 可以知公之心이니 嗚呼라 可謂忠矣로다,"공은 문집(文集) 10권(卷)과 병서(兵書) 15권(卷)이 있으니 그 글을 읽어보면 공의 뜻을 알 수 있고 그 시종의 절개를 살펴보면 공의 마음을 알 수 있으니 아, 충성스럽다고 이를 만하다.",로다,True,로다,Level1
당송팔대가문초구양수4,92,447,避亂中州에 曾祖始南하고 祖屈僞邦하야 令于烏江이라 又適南粤하니 皇考是生이라 晦顯有時라가 發于皇明이라 在考司馬에 始仕坊州라가 遂家中部하니 道德之優로다,중주(中州)에서 피란을 가게 됨에 증조(曾祖)가 처음 남쪽으로 내려갔고 조부(祖父)가 위방(僞邦)에서 벼슬하여 오강(烏江)을 다스리게 되었네 다시 남월(南粤)로 가게 되니 부친이 이에 태어나셨도다 현달하기도 하고 불우하기도 하다가 성명(聖明)하신 천자(天子)에 이르러 발신(發身)하였네 사마(司馬)를 지낸 부친에 이르러 비로소 방주(坊州)에서 벼슬하였다가 마침내 중부(中部)에 터를 잡으니 도덕(道德)이 넉넉하였도다,로다,False,로다,Level1
당송팔대가문초구양수4,92,448,司馬四子에 唯公克大하니 非徒大之라 將又長之로다,사마(司馬)의 네 아들 가운데 공만이 능히 창대하였으니 다만 창대할 뿐만 아니라 장차 또 길이 전할 것이로다,로다,True,로다,Level1
당송팔대가문초구양수4,134,617,府君之顯은 不彰于初러니 其久不渝하야 卒克以敷라 弘農之分이 遂播南土러라 嗚呼라 德則承先이요 而葬也塋于祖로다,부군께서 현달한 것은 처음에 드러나지 않았는데 오래 지나도 뜻이 변치 않아 끝내 포부를 펼 수 있었네 홍농(弘農)에서 나온 분파(分派)가 마침내 남토(南土)에 퍼지게 되었네 오호라 덕은 선조를 계승하고 장지(葬地)는 선영(先塋)에 모시었도다,로다,True,로다,Level1
당송팔대가문초구양수4,145,679,可謂異矣로다,기이하다고 이를 만하도다.,로다,True,로다,Level1
당송팔대가문초구양수4,146,684,其敏以達하고 其果以決하며 其守不奪하고 其摧不折이라 其終一節하니 玆謂不沒이로다,명민(明敏)함으로 이치에 통달하고 과감함으로 일을 결단하였으며 지킨 뜻 빼앗을 수 없었고 꺾어도 부러뜨릴 수 없었네 한결같은 절조로 삶을 마치니 그 이름 사라지지 않으리로다,로다,True,로다,Level1
당송팔대가문초구양수4,169,794,然詡는 節義可信之士니 以詡能報君하고 而君能知詡하니 則君之爲人을 可知也已로다,"그런데 이후는 절의가 있어 신뢰할 만한 선비로서, 이후는 진군에게 보답을 하였고 진군은 이후를 알아주었으니, 진군의 사람됨을 알 만하다.",로다,True,로다,Level1
당송팔대가문초구양수4,191,905,其長養敎育之恩을 既不可報요 而至於狀貌起居言笑之可思慕者하야도 皆不得而見焉矣로다,"숙부께서 길러주고 가르쳐주신 은혜를 이미 보답할 수 없고, 사모할 만한 모습과 행동과 말이며 웃음도 모두 볼 수 없게 되었다.",로다,True,로다,Level1
당송팔대가문초구양수4,191,906,惟勉而紀吾叔父之可傳於世者면 庶以盡脩之志焉이로다,오직 후세에 전할 만한 우리 숙부의 면모를 힘써 기록한다면 거의 나의 뜻을 다할 수 있을 것이다.,로다,True,로다,Level1
당송팔대가문초구양수4,209,1000,劉氏顯晦는 以時亂治라 有聲王朝는 自君再世라 惟德之貽니 是將久大라 曷知其然가 君實有子로다,유씨(劉氏)의 현회(顯晦)는 시대의 치란(治亂)에 따라 달랐는데 왕조(王朝)에 명성이 있었던 것은 군(君)으로부터 두 세대였네 오직 덕(德)을 끼쳤으니 이에 앞으로 장구하고 커질 것이네 그렇게 될 줄 어찌 아는가 군(君)이 실로 훌륭한 아들을 두었도다,로다,True,로다,Level1
당송팔대가문초구양수4,224,1072,有韞于中不以施하고 一憤樂死其如歸라 豈其志之將衰리오 不然이면 世果可嫉其如斯로다,내면에 온축하였으나 펼치지 못하였고 한번 분노하여 마치 돌아가듯 죽음을 기꺼이 여겼네 어찌 그 뜻이 장차 쇠하리오 그렇지 않다면 세상은 과연 이와 같음을 싫어할 것이로다,로다,True,로다,Level1
당송팔대가문초구양수4,242,1159,徂徠之巖巖과 與子之德兮여 魯人之所瞻이로다 汶水之湯湯과 與子之道兮여 逾遠而彌長이로다,높디높은 조래산(徂徠山)과 그대의 덕이여 노인(魯人)들이 우러러보는 바이다 넘실대는 문수(汶水)와 그대의 도(道)여 세월이 지나도 더욱 장구하리라,로다,True,로다,Level1
당송팔대가문초구양수4,243,1162,此文은 極其變化로다,“이 글은 변화가 지극히 많다.”,로다,False,로다,Level1
당송팔대가문초구양수4,245,1170,及卽之與居하얀 愈久而愈可愛하고 間而出其所有어든 愈叩而愈無窮하니 嗚呼라 可謂純明篤實之君子也로다,"가까이서 함께 거처하면 시간이 지날수록 더욱 좋아할 만하였고 간혹 자신의 식견을 드러내면 물을수록 더욱 식견이 무궁하니, 아, 순명(純明)하고 독실(篤實)한 군자라 이를 만하다.",로다,True,로다,Level1
당송팔대가문초구양수4,251,1203,蘇顯唐世하니 實欒城人이라 以宦留眉하니 蕃蕃子孫이라 自其高曾으로 鄕里稱仁이라 偉歟明允은 大發於文하니 亦旣有文이요 而又有子라 其存不朽하고 其嗣彌昌하니 嗚呼明允이여 可謂不亡이로다,"소씨(蘇氏)는 당(唐)나라 때에 현달하였으니 실은 난성(欒城) 사람이었다 벼슬로 인해 미주(眉州)에 머물렀으니 자손이 번창하구나 고조(高祖)와 증조(曾祖)로부터 향리에서 인(仁)하다 칭송하였네 훌륭한 명윤(明允)은 크게 문장으로 발휘하였으니 또한 이미 문장이 있고 또 훌륭한 아들을 두었구나 문장은 보존되어 길이 남겨질 것이고 후손들은 더욱 창성할 것이니 아, 명윤(明允)이여 죽지 않았다고 할 만하도다",로다,True,로다,Level1
당송팔대가문초구양수4,268,1276,不戚其窮하며 不困其鳴이요 不躓于艱하고 不履于傾이라 養其和平하야 以發厥聲하니 震越渾鍠에 衆聽以驚이라 以揚其淸하며 以播其英이요 以成其名하며 以告諸冥이로다,자신의 곤궁을 슬퍼하지 않았고 자신의 곤경을 호소하지 않았네 어려운 일에도 좌절하지 않고 부정한 일을 행하지 않았네 화평한 마음을 잘 길러 그 시로 드러내니 큰 소리 진동함에 뭇사람들 듣고 놀랐네 청려(淸麗)함을 드날리고 영화(榮華)함을 전파하였으며 이로써 이름을 이루었고 이로써 저승에 고한다,로다,True,로다,Level1
당송팔대가문초구양수4,288,1349,總寫交游之情이로되 而自任及樂善이 宛然言外로다,교유(交游)의 정(情)을 모두 서술하면서도 자임(自任)하고 선(善)을 즐기는 뜻이 말 밖에 완연(宛然)히 드러난다.,로다,True,로다,Level1
당송팔대가문초구양수4,291,1359,初在洛時에 已哭堯夫而銘之하고 其後六年에 又哭希深而銘之하고 今又哭吾子野而銘하니 於是에 又知非徒相得之難이요 而善人君子를 欲使幸而久在於世라도 亦不可得하니 嗚呼라 可哀也已로다,"처음 낙양에서 지내던 때 이미 요부(堯夫)를 곡(哭)하고 명(銘)을 지었으며, 6년이 지난 뒤에 또 희심(希深)을 곡하고 명(銘)을 지었으며, 지금 다시 우리 자야(子野)를 곡하고 명(銘)을 지으니, 이에 서로 만나 어울리기 어려울 뿐만 아니라 선인(善人) 군자(君子)를 다행스럽게 오랫동안 세상에 살게 하고 싶어도 그럴 수 없음을 또 알았으니 아, 서글플 뿐이다.",로다,True,로다,Level1
당송팔대가문초구양수4,297,1377,可爲無後者之慰로다,후사(後嗣)가 없는 자의 위안(慰安)이 될 만하다.,로다,True,로다,Level1
당송팔대가문초구양수4,300,1395,爲簡肅公者可以無憾也로다,이로 보면 간숙공(簡肅公)의 입장에 유감(遺憾)이 없을 수 있겠다.,로다,False,로다,Level1
당송팔대가문초구양수4,358,1599,寧自混以爲高언정 不少屈以合世하니 可謂自重之士矣로다,"차라리 스스로 자취를 숨겨 고고하게 살지언정 조금도 자신을 굽혀 세상에 영합하지 않았으니, 자중(自重)하는 선비라 이를 만하도다.",로다,True,로다,Level1
당송팔대가문초구양수4,368,1653,予惟薛氏는 於絳爲著姓이요 簡肅公은 於公爲兄弟며 而公之世德을 予既見之銘이어늘 而其子又欲碣以昭顯于世하니 可謂孝矣로다,"내가 생각건대, 설씨는 강주(絳州)에서 드러난 성씨이고 간숙공은 공에게는 형제 사이이며 공의 세덕(世德)을 내가 이미 묘지명에 드러냈는데, 그 아들이 다시 비갈을 세워 세상에 밝게 드러내고자 하니 효성스럽다 이를 만하다.",로다,True,로다,Level1
당송팔대가문초구양수4,370,1660,長厚之行이요 長厚之言이로다,〈연처사의〉 근후(謹厚)한 행실에 〈구양공의〉 근후한 말이로다.,로다,True,로다,Level1
당송팔대가문초구양수4,529,2339,或集器皿하며 或屯几格하며 或醉醇酎하야 因之沒溺하며 或投熱羮하야 遂喪其魄하니 諒雖死而不悔라 亦可戒夫貪得이로다,"그릇에 모여들기도 하며 도마 위에 진을 치기도 하며 순주(醇酒)에 취하여 그대로 빠지기도 하며 뜨거운 국에 들어가 결국 그 넋을 잃으니, 참으로 비록 죽더라도 후회하지 않는지라 또한 탐욕을 부리는 자의 경계로 삼을 만하다.",로다,False,로다,Level1
당송팔대가문초구양수4,531,2350,誠可嫉而可憎이로다,참으로 미워할 만하고 증오할 만하다.,로다,False,로다,Level1
당송팔대가문초구양수4,538,2377,其昭然在上而萬物仰之者는 精氣之聚爾러니 及其斃也하얀 瓦礫之不若也로다,별이 밝게 하늘에 있어서 만물(萬物)이 우러르는 것은 정기(精氣)가 모인 것이기 때문인데 그 죽음에 이르러서는 기와나 돌만도 못하게 된다.,로다,True,로다,Level1
당송팔대가문초구양수4,549,2445,學者非韓不學也하니 可謂盛矣로다,학자(學者)들이 한유(韓愈)가 아니면 배우지 않게 되었으니 성행(盛行)한다고 이를 만하다.,로다,False,로다,Level1
당송팔대가문초구양수4,555,2468,若翶獨不然하야 其賦曰 衆囂囂而雜處兮여 咸歎老而嗟卑로다,"그러나 이고는 홀로 그렇지 않아서 그가 지은 부(賦)에 “무리가 떠들썩하게 어지러이 모여 있음이여, 모두들 늙음을 탄식하면서 지위가 낮음을 한탄하도다.",로다,True,로다,Level1
당송팔대가문초구양수5,30,213,通篇이 克用與全忠兩相搆釁處와 及莊宗所繼其父行事慷慨大略이니 歐公一一點綴生色並如畫로다,"편의 전체 내용은 이극용(李克用)과 주전충(朱全忠)이 서로 원한을 가져 틈이 벌어졌다는 대목과, 장종(莊宗)이 아버지의 행사를 계승하여 강개(慷慨)한 대략이니, 구양공(歐陽公)이 하나하나 묘사한 것이 마치 그림처럼 생동감이 있다.",로다,True,로다,Level1
당송팔대가문초구양수5,133,970,翔歎曰 李振은 謬爲丈夫矣로다,경상이 탄식하며 “이진은 그릇된 장부가 되었다.,로다,True,로다,Level1
당송팔대가문초구양수5,196,1323,其已破蜀에 因遣使者하야 以唐威德으로 風諭南詔諸蠻하야 欲因以綏來之하니 可謂有志矣로다,그가 촉(蜀)을 격파하고 나서 이어 사신을 보내어 당(唐)나라의 위무(威武)와 은덕(恩德)으로 남조(南詔)의 만족(蠻族)들에게 효유(曉諭)하여 이를 통해 그들을 안무(按撫)하고 내조(來朝)하게 하려 하였으니 큰 뜻이 있었다고 할 만하다.,로다,True,로다,Level1
당송팔대가문초구양수5,200,1333,雖其盡忠勞力이 時有補益이나 而恃功矜寵하야 威福自出호되 旁無賢人君子之助요 其獨見之慮가 禍釁所生이라 至於臣主俱傷하야 幾滅其族하니 斯其可哀者也로다,"비록 그가 충성(忠誠)을 다하고 심력(心力)을 기울인 일이 당시에 국가에 보탬이 있었으나, 공훈을 믿고 총애를 과시하면서 상벌(賞罰)을 마음대로 하면서도 곁에 현인(賢人)과 군자(君子)의 도움이 없었고 독단적인 견해로 꾸미는 계획이 재화(災禍)가 일어나는 근원인지라, 신하와 임금이 모두 해를 입어 거의 멸족(滅族)이 될 지경까지 이르렀으니 이것이 슬퍼할 만한 점이다.",로다,False,로다,Level1
당송팔대가문초구양수5,236,1603,吾不意五代時에 有戰將若此요 而歐陽公所當叙事處도 亦不下太史公之敘李廣傳也하니 可愛可愛로다,"내가 오대(五代) 시대에 이와 같은 장군이 있었으리라고는 생각하지 못했고, 구양공(歐陽公)이 이 일을 서술한 부분 역시 태사공(太史公)이 〈이광전(李廣傳)〉을 서술한 것에 손색이 없으니, 이 글이 참으로 마음에 든다.",로다,True,로다,Level1
당송팔대가문초구양수5,253,1699,夫能事其親以孝然後에 能事其君以忠이니 若烏震者는 可謂大不孝矣로다,무릇 효(孝)로써 자신의 어버이를 섬긴 뒤에 자신의 임금을 충(忠)으로써 섬길 수 있는 것이니 오진과 같은 자는 매우 불효하였다고 이를 만하다.,로다,False,로다,Level1
당송팔대가문초구양수5,297,2008,莊宗益怒하야 謂其嬖伶史彦瓊曰 我與群臣飮博에 須錢十餘萬이어늘 而憲以故紙紿我로다,"장종이 더욱 노하여 총애하는 영인(伶人) 사언경(史彦瓊)에게 이르기를 “내가 신하들과 술 마시고 유희를 즐기려면 10여만(餘萬) 전(錢)이 필요하거늘, 장헌이 묵은 종이를 가지고 나를 속이는구나.",로다,False,로다,Level1
당송팔대가문초구양수5,309,2093,晉之亟亡而維翰之及於難은 亦天道然爾로다,진(晉)이 빨리 망하고 상유한이 화를 당한 것은 또한 천도(天道)가 그러했기 때문일 뿐인 것이다.,로다,False,로다,Level1
당송팔대가문초구양수5,317,2138,自古禍福成敗之理가 未有如晉氏之明驗也하니 其始以契丹而興하고 終爲契丹所滅이로다,"예로부터 화복(禍福)과 성패(成敗)의 이치가 진(晉)의 경우처럼 분명하게 밝혀진 사례는 있지 않으니, 그 처음에는 거란(契丹)의 힘으로 일어났고 그 마지막에는 거란에 의해 멸망당하였다.",로다,False,로다,Level1
당송팔대가문초구양수5,337,2278,顧符存審曰 吾不惜澤州與梁이니 一州易得이어니와 約難得也로다,"그리고는 부존심(符存審)을 돌아보며 말하기를 “내가 택주를 양(梁)나라에 주는 것은 아깝지 않으니, 하나의 주(州)는 쉽게 얻을 수 있어도 배약 같은 사람은 얻기 어렵다.",로다,False,로다,Level1
당송팔대가문초구양수5,357,2402,從珂登城呼外兵而泣曰 吾從先帝二十年에 大小數百戰하야 甲不解體하고 金創滿身하니 士卒固嘗從我矣로다,"이종가가 성 위에 올라가 번진의 군대를 부르면서 울며 말하기를 “내가 선제(先帝)를 따른 20년 동안 크고 작은 수백 차례의 전투에 참전하여 갑옷을 벗지 않고 칼과 창 자국이 온몸에 가득하니, 〈여기 온 번진의〉 사졸(士卒)들은 본디 나를 따라 〈전투에 나섰던〉 이들이다.",로다,True,로다,Level1
당송팔대가문초구양수6,6,65,昻卽趨出하야 解官還于家하야 語其子曰 吾本不欲仕亂世러니 果爲刑人所辱이로다,석앙은 즉시 종종걸음으로 나와 관직을 벗어던지고 집으로 돌아와 자식에게 말하기를 “내가 본래 난세에 벼슬하고 싶지 않았는데 과연 환관(宦官)에게 욕을 당하는구나.,로다,True,로다,Level1
당송팔대가문초구양수6,11,98,可爲流涕者矣로다,눈물을 흘릴 만하구나.,로다,True,로다,Level1
당송팔대가문초구양수6,63,505,殆非宦者之言也로다,거의 환관의 말이 아니다.,로다,False,로다,Level1
당송팔대가문초구양수6,230,1553,若彥珣之惡而恬然不以爲怪하니 則晉出帝之絕其父에 宜其擧世不知爲非也로다,"이언순의 악행에 대해 태연하여 괴이한 일이라 여기지 않았으니, 진(晉) 출제(出帝)가 그 아비와 부자관계를 끊은 것에 대해 온 세상이 그 그릇됨을 알지 못한 것은 당연한 일이다.",로다,False,로다,Level1
시경집전(하),848,1855,攸介攸止에 烝我髦士로다,크게 여기고 그치는 바에 우리 준사(俊士)들을 나오게 하여 위로하도다,로다,True,로다,Level1
시경집전(하),852,1879,我田旣臧이 農夫之慶이로다,우리 토지가 이미 좋음이 농부(農夫)들의 복(福)이로다,로다,True,로다,Level1
시경집전(하),854,1881,以介我稷黍하여 以穀我士女로다,우리 서직(黍稷)을 크게 하여 우리 사녀(士女)들을 잘 기르리로다,로다,True,로다,Level1
시경집전(하),859,1896,攘其左右하여 嘗其旨否로다,좌우(左右)의 것을 취해서 맛이 있는가를 맛보도다,로다,True,로다,Level1
시경집전(하),861,1898,曾孫不怒하며 農夫克敏이로다,증손(曾孫)은 노하지 않으며 농부(農夫)는 민첩히 일하도다,로다,True,로다,Level1
시경집전(하),868,1911,報以介福하니 萬壽無疆이로다,큰 복으로써 보답하니 만수무강(萬壽無疆)하리로다,로다,True,로다,Level1
시경집전(하),874,1922,旣庭且碩이라 曾孫是若이로다,자라는 싹이 곧고 또 큰 지라 증손(曾孫)의 마음을 흡족하게 하도다,로다,True,로다,Level1
시경집전(하),883,1945,雨我公田이요 遂及我私로다,우리 공전(公田)에 비를 내리고 마침내 우리 사전(私田)에 미치도다,로다,True,로다,Level1
시경집전(하),885,1947,彼有遺秉하며 此有滯穗하니 伊寡婦之利로다,저기에는 버려진 볏단이 있고 여기에는 버려진 이삭이 있으니 이것은 과부(寡婦)의 이익이로다,로다,True,로다,Level1
시경집전(하),889,1962,饁彼南畝어늘 田畯至喜로다,저 남묘(南畝)에 밥을 내가거늘 전준(田畯)이 와서 기뻐하도다,로다,True,로다,Level1
시경집전(하),891,1964,以享以祀하니 以介景福이로다,제향을 올리고 제사를 올리니 큰 복을 크게 하리로다,로다,True,로다,Level1
시경집전(하),896,1978,瞻彼洛矣한대 維水泱泱이로다,저 낙수(洛水)를 보건대 물이 깊고도 너르도다,로다,True,로다,Level1
시경집전(하),897,1979,君子至止하시니 福祿如茨로다,군자(君子)가 이르시니 복록(福祿)이 이엉처럼 쌓였도다,로다,True,로다,Level1
시경집전(하),898,1980,韎韐有奭하니 以作六師로다,붉은 슬갑이 짙게 붉으니 육사(六師)를 일으키도다,로다,True,로다,Level1
시경집전(하),901,1994,瞻彼洛矣한대 維水泱泱이로다,저 낙수(洛水)를 보건대 물이 깊고도 너르도다,로다,True,로다,Level1
시경집전(하),902,1995,君子至止하시니 鞞琫有珌이로다,군자(君子)가 이르시니 칼집의 위아래에 장식한 옥(玉)이 있도다,로다,True,로다,Level1
시경집전(하),903,1996,君子萬年에 保其家室이로다,군자(君子)가 만년(萬年)토록 그 가실(家室)을 보전하리로다,로다,True,로다,Level1
시경집전(하),905,2000,瞻彼洛矣한대 維水泱泱이로다,저 낙수(洛水)를 보건대 물이 깊고도 너르도다,로다,True,로다,Level1
시경집전(하),906,2001,君子至止하시니 福祿旣同이로다,군자(君子)가 이르시니 복록(福祿)이 이미 모였도다,로다,True,로다,Level1
시경집전(하),907,2002,君子萬年에 保其家邦이로다,군자(君子)가 만년(萬年)토록 그 가방(家邦)을 보전하리로다,로다,True,로다,Level1
당송팔대가문초구양수4,396,1766,君夫人崔氏는 有賢行하야 能敎其子하니 而二子孝謹하야 克自樹立하야 卒能改葬君如吉卜하니 君其可謂有後矣로다,"군의 부인 최씨(崔氏)는 현숙(賢淑)한 행실이 있어 그 자식들을 잘 가르쳤으니, 두 아들은 효성스럽고 근신(謹愼)하여 자립하여 마침내 길한 장지(葬地)에 군을 개장(改葬)하니 군은 훌륭한 후사가 있다고 이를 만하다.",로다,True,로다,Level1
당송팔대가문초구양수4,447,1971,始脩將行에 期公餞我러니 今其去也에 來奠公觴이로다,처음 제가 떠나려 할 때에 공이 저를 전별해줄 것을 기대했는데 지금은 공이 떠났기에 와서 공에게 술 한 잔 올립니다.,로다,True,로다,Level1
당송팔대가문초구양수4,456,2016,窮山之崖와 野水之濱과 猿猱之窟과 麋鹿之群도 猶不容於其間兮여 遂卽萬鬼而爲隣이로다,"궁벽한 산언덕, 초야의 물가, 원숭이가 사는 굴, 사슴이 무리 지어 사는 곳에도 오히려 몸을 용납받지 못한지라 마침내 뭇 귀신들에게 나아가 이웃이 되었습니다.",로다,True,로다,Level1
당송팔대가문초구양수4,457,2021,乃學之力이로다,바로 학문의 힘입니다.,로다,True,로다,Level1
당송팔대가문초구양수4,457,2022,至其握手爲訣하며 隱几待終하얀 顔色不變하고 笑言從容하니 死生之間에 旣已能通於性命이라 憂患之至에 宜其不累於心胸이로다,"손을 잡고서 영결(永訣)하고 궤석(几席)에 누워 임종(臨終)을 기다릴 때에도 안색이 변치 않았고 웃고 말하는 것이 차분하였으니, 사생(死生)의 사이에 이미 성명(性命)의 이치를 통달한지라 우환(憂患)이 닥쳤을 때 흉금에 누가 되지 않는 것은 당연합니다.",로다,True,로다,Level1
당송팔대가문초구양수4,457,2024,惟其師友之益과 平生之舊는 情之難忘이니 言不可究로다,사우(師友)로써 유익함과 평소의 친분은 마음속에서 잊기 어려우니 말로는 다할 수 없습니다.,로다,True,로다,Level1
당송팔대가문초구양수4,459,2034,小人之幸이요 君子之嗟로다,소인(小人)은 다행이라 여기고 군자(君子)는 탄식합니다.,로다,True,로다,Level1
당송팔대가문초구양수4,461,2042,蘊而不見하야 遂以沒地하니 獨留文章하야 照耀後世로다,학문을 온축한 재능을 드러내지 못한 채 끝내 땅에 묻히고 말았으니 오직 문장(文章)만을 남겨두어 후세에 밝게 빛나고 있습니다.,로다,True,로다,Level1
당송팔대가문초구양수4,470,2075,嗚呼曼卿이여 盛衰之理는 吾固知其如此어니와 而感念疇昔에 悲涼悽愴하야 不覺臨風而隕涕者는 有媿乎太上之忘情이로다,"아, 만경(曼卿)이여 성쇠(盛衰)의 이치는 내 실로 이와 같은 줄 알지만 옛날을 회상해봄에 슬프고 처량하여 나도 모르게 멀리서 눈물을 흘리는 것은 잊는 것이 제일이라는 말에 부끄러웠기 때문입니다.",로다,True,로다,Level1
당송팔대가문초구양수4,511,2237,基構累積에 顯顯昌昌하야 益大而光하야 稱于三后之意하니 可謂至孝로다,"국가의 기틀이 다져져감에 환히 드러나고 창성하여 더욱 광대해지고 빛나서 세 분 선왕(先王)의 뜻에 걸맞으시니, 지극한 효도라 이를 만합니다.",로다,True,로다,Level1
당송팔대가문초구양수4,512,2243,地爽而潔하며 宇敞而邃하고 神靈杳冥하야 如來如宅하니 合於禮經孝子(警)［謦］咳思親之義로다,"자리 잡은 땅은 시원스럽고 정결하며 묘우(廟宇)는 높고 깊고 선왕들의 신령은 아득하고 그윽하여 오신 듯 머무르시는 듯하니, 예경(禮經)에 효자(孝子)가 어버이의 말씀이 들리는 듯이 어버이를 그리는 의리에 부합됩니다.",로다,True,로다,Level1
당송팔대가문초구양수4,515,2254,巍峨穹崇하야 奠京之東하니 有山而崧이요 奫淪道源하야 滙流而淵하니 有洛之川이로다,"우뚝하고 장대하여 서경(西京)의 동쪽에 터 잡고 있으니 숭산(崧山)이요, 깊고도 넓은 물줄기 수원(水源)에서 흘러 나와 물줄기 합쳐져 깊어지니 낙수(洛水)의 시내로다.",로다,True,로다,Level1
당송팔대가문초구양수4,515,2257,太祖太宗이요 眞宗之陵이로다,태조(太祖)와 태종(太宗)과 진종(眞宗)의 능이로다.,로다,False,로다,Level1
당송팔대가문초구양수4,515,2259,帝懷穹旻하야 受命我宋하야 造初于屯하며 帝念先烈하야 用顧余家하니 宣力以勤이로다,"상제(上帝)가 하늘에서 생각해주시어 우리 송나라가 천명(天命)을 받아 간난(艱難) 속에서 나라를 창업하였으며, 상제가 선왕들의 공렬을 생각하시어 우리 왕가를 돌아보시니 힘을 다하여 부지런히 애썼도다.",로다,True,로다,Level1
당송팔대가문초구양수4,515,2262,燕翼貽謀를 是惟永圖하니 其傳在予로다,연익(燕翼)의 계책을 남기는 일을 길이 도모하시니 그 전수받은 계책이 나에게 있도다.,로다,False,로다,Level1
당송팔대가문초구양수4,515,2272,家臣之來에 役夫萬名이라 三年有成이로다,황제께서 보내신 가신(家臣)이 당도함에 일하는 인부가 만 명인지라 3년 만에 궁을 완성하였도다.,로다,False,로다,Level1
당송팔대가문초구양수4,515,2281,亦孝天子로다,또한 효성스런 천자시도다.,로다,True,로다,Level1
당송팔대가문초구양수4,520,2301,若玄宗者는 方溺於此요 而又慕於彼하야 不勝其勞하니 是眞可笑也로다,현종과 같은 사람은 이 〈속세의 즐거움에도〉 빠지고 저 〈불교나 도교에서 추구하는 초월의 경지도〉 사모하여 그 수고로움을 이루 다할 수 없었으니 참으로 가소롭다.,로다,False,로다,Level1
당송팔대가문초구양수4,522,2304,歐陽子方夜讀書할새 聞有聲이 自西南來者하고 悚然而聽之曰 異哉로다,구양자(歐陽子)가 밤에 책을 읽을 때 어떤 소리가 서남(西南)쪽에서 들려오는 것을 듣고 오싹한 느낌으로 들으며 말하기를 “기이하구나.,로다,True,로다,Level1
당송팔대가문초구양수4,524,2311,此秋聲也로다,이는 가을의 소리로다.,로다,True,로다,Level1
시경집전(하),910,2006,裳裳者華여 其葉湑兮로다,상체(常棣)의 꽃이여 그 잎이 성하도다,로다,True,로다,Level1
시경집전(하),911,2007,我覯之子하니 我心寫兮로다,내 그대를 만나니 내 마음 모두 쏟아놓도다,로다,True,로다,Level1
시경집전(하),912,2008,我心寫兮하니 是以有譽處兮로다,내 마음 쏟아놓으니 이 때문에 즐거움과 편안함이 있도다,로다,True,로다,Level1
시경집전(하),915,2018,裳裳者華여 芸其黃矣로다,상체(常棣)의 꽃이여 짙게 누렇도다,로다,True,로다,Level1
시경집전(하),916,2019,我覯之子하니 維其有章矣로다,내 그대를 만나니 그 문장(文章)이 있도다,로다,True,로다,Level1
시경집전(하),917,2020,維其有章矣니 是以有慶矣로다,그 문장(文章)이 있으니 이 때문에 경사(慶事)가 있도다,로다,True,로다,Level1
시경집전(하),919,2024,裳裳者華여 或黃或白이로다,상체(常棣)의 꽃이여 혹 누렇고 혹 희도다,로다,True,로다,Level1
시경집전(하),920,2025,我覯之子하니 乘其四駱이로다,내 그대를 만나니 네 필의 낙마(駱馬)를 탔도다,로다,True,로다,Level1
시경집전(하),921,2026,乘其四駱하니 六轡沃若이로다,네 필의 낙마(駱馬)를 탔으니 여섯 고삐가 부드럽도다,로다,True,로다,Level1
시경집전(하),924,2030,右之右之에 君子有之로다,오른쪽으로 인도하고 오른쪽으로 인도함에 군자(君子)가 가지고 있도다,로다,False,로다,Level1
시경집전(하),925,2031,維其有之라 是以似之로다,그 모두를 가지고 있는지라 이 때문에 그와 같도다,로다,False,로다,Level1
시경집전(하),928,2037,交交桑扈여 有鶯其羽로다,이리저리 날으는 상호(桑扈)새여 그 깃이 아름답도다,로다,True,로다,Level1
시경집전(하),929,2038,君子樂胥하니 受天之祜로다,군자(君子)가 즐거워하니 하늘의 복을 받으리로다,로다,True,로다,Level1
시경집전(하),932,2047,交交桑扈여 有鶯其領이로다,이리저리 날으는 상호(桑扈)새여 그 목이 아름답도다,로다,True,로다,Level1
시경집전(하),933,2048,君子樂胥하니 萬邦之屛이로다,군자(君子)가 즐거워하니 만방(萬邦)의 번병(藩屛)이로다,로다,True,로다,Level1
시경집전(하),935,2052,之屛之翰하니 百辟爲憲이로다,번병(藩屛)이 되며 기둥이 되니 온갖 제후왕(諸侯王)들이 법(法)으로 삼도다,로다,True,로다,Level1
시경집전(하),938,2060,兕觥其觩하니 旨酒思柔로다,뿔잔이 굽어 있으니 맛있는 술이 부드럽도다,로다,True,로다,Level1
시경집전(하),939,2061,彼交匪敖하니 萬福來求로다,저 사귐에 오만하지 아니하니 만복(萬福)이 와서 구하도다,로다,True,로다,Level1
시경집전(하),942,2070,鴛鴦于飛하니 畢之羅之로다,원앙새가 날으니 작은 그물로 잡고 큰 그물로 잡도다,로다,False,로다,Level1
시경집전(하),943,2071,君子萬年에 福祿宜之로다,군자(君子)는 만년(萬年)토록 복록(福祿)이 마땅하리로다,로다,True,로다,Level1
시경집전(하),997,2181,鮮我覯爾호니 我心寫兮로다,내 너를 만남을 어렵게 여겼는데 ˂만나보니˃ 내 마음 쏟아지도다,로다,True,로다,Level1
시경집전(하),1000,2185,高山仰止며 景行行止로다,높은 산을 우러러 보며 큰 길을 행하도다,로다,True,로다,Level1
시경집전(하),1001,2186,四牡騑騑하니 六轡如琴이로다,사모(四牡)가 건장하고 건장하니 여섯 고삐가 거문고와 같도다,로다,True,로다,Level1
시경집전(하),1004,2194,"表記曰 小雅曰 高山仰止, 景行行止라한대 子曰 詩之好仁이 如此로다","≪예기(禮記)≫의 ˂표기(表記)˃에 이르기를 “소아(小雅)에 ‘고산(高山)을 우러러 보며 경행(景行)을 행한다’ 하였는데, 공자(孔子)께서 말씀하시기를 ‘시(詩)에서 인(仁)을 좋아함이 이와 같다.",로다,True,로다,Level1
시경집전(하),1006,2198,營營靑蠅이여 止于樊이로다,앵앵거리는 청승(靑蠅)이여 울타리에 앉았도다,로다,False,로다,Level1
시경집전(하),1010,2206,營營靑蠅이여 止于棘이로다,앵앵거리는 청승(靑蠅)이여 가시나무에 앉았도다,로다,False,로다,Level1
시경집전(하),1011,2207,讒人罔極하여 交亂四國이로다,참소하는 사람이 다함이 없어서 사국(四國)을 교란시키도다,로다,False,로다,Level1
시경집전(하),1013,2211,營營靑蠅이여 止于榛이로다,이리저리 날으는 청승(靑蠅)이여 개암나무에 앉았도다,로다,False,로다,Level1
시경집전(하),1014,2212,讒人罔極하여 構我二人이로다,참소하는 사람이 다함이 없어서 우리 두 사람을 교란시키도다,로다,False,로다,Level1
시경집전(하),1019,2219,酒旣和旨하여 飮酒孔偕로다,술이 이미 조화롭고 아름다워 술을 마심을 심히 함께 하도다,로다,True,로다,Level1
시경집전(하),1023,2223,發彼有的하여 以祈爾爵이로다,발사하되 저 과녁을 맞추어 너에게 벌주(罰酒)를 먹이기를 기원하도다,로다,False,로다,Level1
시경집전(하),1027,2254,烝衎烈祖하여 以洽百禮로다,나아가 열조(烈祖)를 즐겁게 하여 백례(百禮)에 합하도다,로다,False,로다,Level1
시경집전(하),1028,2255,百禮旣至하니 有壬有林이로다,백례(百禮)가 이미 지극하니 크며 성하도다,로다,False,로다,Level1
시경집전(하),1029,2256,錫爾純嘏하니 子孫其湛이로다,너에게 큰 복을 내려주니 자손(子孫)들이 편안하도다,로다,True,로다,Level1
시경집전(하),1030,2257,其湛曰樂하니 各奏爾能이로다,그 즐거움이 안락하니 각기 너의 능함을 아뢰도다,로다,False,로다,Level1
시경집전(하),1032,2259,酌彼康爵하여 以奏爾時로다,저 강작(康爵)에 술을 부어 너의 시제(時祭)를 올리도다,로다,False,로다,Level1
시경집전(하),1035,2278,賓之初筵엔 溫溫其恭이로다,손님이 처음 자리에 나갈적엔 온온(溫溫)히 공손하도다,로다,False,로다,Level1
시경집전(하),1041,2284,是曰旣醉라 不知其秩이로다,이것을 일러 이미 취한지라 그 차례를 모른다고 하는 것이로다,로다,False,로다,Level1
시경집전(하),1046,2294,是曰旣醉라 不知其郵로다,이것을 일러 이미 취한지라 그 허물을 모른다고 하는 것이로다,로다,False,로다,Level1
시경집전(하),1047,2295,側弁之俄하여 屢舞傞傞로다,기울어진 관이 삐딱하여 자주 춤추기를 그치지 않도다,로다,True,로다,Level1
당송팔대가문초구양수6,245,1687,則天下國家可從而知也로다,따라서 당시의 천하와 국가가 어떠했는지를 이를 통해 알 만하다.,로다,False,로다,Level1
당송팔대가문초소순1,133,837,其亦難矣로다,그 또한 어려웠을 것이다.,로다,True,로다,Level1
당송팔대가문초소순1,142,898,吁라 聖人之慮事也蓋詳이로다,"아, 성인(聖人)이 일을 염려함이 대체로 상세하도다.",로다,True,로다,Level1
당송팔대가문초소순1,145,926,亦旣薄矣로다,또한 이미 얼마나 박해졌는가!,로다,True,로다,Level1
당송팔대가문초소순1,145,929,又甚矣로다,또한 심하도다.,로다,True,로다,Level1
당송팔대가문초소순1,148,941,則夫子固曰 我可以賞罰人矣로다,부자(夫子)께서 실로 말씀하시기를 “나는 남에게 상줄 수도 있고 벌줄 수도 있다!”라 하였다.,로다,False,로다,Level1
당송팔대가문초소순1,171,1096,用力寡而成功博이니 其能爲春秋繼요 而使後之史無及焉者는 以是夫로다,"힘을 씀이 적은데 공은 넓으니 능히 ≪춘추(春秋)≫를 이을 수 있고, 나중의 역사가 거기에 미치지 못하게끔 하는 것은 이 때문이리라!",로다,True,로다,Level1
당송팔대가문초소순1,176,1128,李善王忳以深仁厚義한대 槪之獨行과 與夫前書張湯을 不載於酷吏하고 史記姚杜仇趙之徒를 不載於遊俠과 遠矣로다,"이선(李善)과 왕돈(王忳)은 인의(仁義)가 깊고 두터운데 〈독행전(獨行傳)〉에 개괄하여 넣었으니, ≪한서(漢書)≫에서 장탕(張湯)을 〈혹리전(酷吏傳)〉에 수록하지 않고 ≪사기(史記)≫에서 요씨(姚氏), 두씨(杜氏), 구씨(仇氏), 조씨(趙氏)의 무리를 〈유협전(遊俠傳)〉에 수록하지 않은 것과는 거리가 멀도다.",로다,False,로다,Level1
당송팔대가문초소순1,189,1185,致君之道는 盡於此矣로다,임금을 성군(聖君)으로 만드는 도(道)가 모두 여기에 있다.,로다,False,로다,Level1
당송팔대가문초소순1,193,1196,人之不能抗天觸神忤雷霆은 亦明矣로다,사람이 하늘에 맞서고 신(神)에 저촉하며 우레를 거스를 수 없음은 또한 명백하다!,로다,True,로다,Level1
당송팔대가문초소순1,402,2570,西人稽首하고 公我父兄이로다,"서쪽 사람들은 머리 조아리며, “장공(張公)은 우리의 부형(父兄)이다.” 하였네.",로다,False,로다,Level1
당송팔대가문초소순1,414,2637,卒也에 長公은 再以斥廢라가 僅而能免이나 而少公은 終得以遺老로 自解脫하여 攸攸卒歲하니 亦奇矣로다,"죽은 뒤에 장공(長公)은 두 번이나 내쫓겨 폐하여졌다가 겨우 면하게 되었으나, 소공(少公)은 끝까지 무사하게 은퇴한 원로로 스스로 굴레를 벗어나 유유히 일생을 마쳤으니 정말 신기하구나!",로다,True,로다,Level1
당송팔대가문초소식1,107,509,詩曰 譬彼舟流컨대 不知所屆로다,《시경(詩經)》에 이르기를 “저 흘러가는 배에 비유하건대 멈출 곳을 모르겠다.,로다,True,로다,Level1
당송팔대가문초소식1,127,615,秦人之歌曰 涇水一石에 其泥數斗로다,진(秦) 지방 사람들의 노래에 이르기를 “경수(涇水)는 탁류(濁流)여서 물 한 섬에 진흙이 몇 말이로다.,로다,True,로다,Level1
당송팔대가문초소식1,308,1432,此乃文忠公搏虎手處니 惜乎라 世不能用이로다,"이것은 바로 문충공(文忠公)(소식(蘇軾))이 호랑이를 맨손으로 때려잡는 솜씨가 나타나는 곳인데, 세상에서 이것을 쓰지 못한 것이 애석하다.",로다,True,로다,Level1
당송팔대가문초소식2,102,480,翟子威니 飯我豆하고 羹芋魁로다,"그는 적자위(翟子威)이니, 우리에게 〈쌀밥을 못 먹게 하고〉 콩밥을 먹고 토란국을 먹게 하도다.",로다,False,로다,Level1
당송팔대가문초소식2,354,1479,是殆見吾善者機也로다,이것은 아마도 나의 선기(善機)를 본 때문일 것입니다.,로다,False,로다,Level1
당송팔대가문초소식2,490,2113,可謂能定大事矣로다,능히 대사(大事)를 결정했다고 이를 만하다.,로다,False,로다,Level1
당송팔대가문초소식2,493,2122,予覽此文컨대 以遷之一字로 爲案하니 以無畏而遷者五요 以有畏而不果遷者二요 以畏而遷者六으로 共十三國이니 以錯證存亡處 如一線矣로다,"내가 이 글을 보건대, 천(遷)이라는 한 글자를 가지고 죄안(罪案)을 삼았으니, 두려움이 없이 그냥 천도한 경우가 다섯이고, 두려움이 있으면서도 천도를 결행하지 않은 경우가 둘이고, 두려움 때문에 천도한 경우가 여섯으로 모두 열세 나라인데, 이것을 가지고 존망(存亡)을 번갈아 증명한 부분이 한 줄의 선처럼 일관되어 있다.",로다,False,로다,Level1
당송팔대가문초소식3,152,584,亦危而難成矣로다,또한 위태로워 이루기가 어려웠다.,로다,False,로다,Level1
당송팔대가문초소식5,256,989,神母詔之는 匪亟匪徐로다,신모(神母)께서 명령하심은 빠르지도 않고 느리지도 않으셨다.,로다,True,로다,Level1
당송팔대가문초소식5,256,1002,士曰時哉로다,선비들은 말하기를 “좋은 시기가 왔도다.,로다,True,로다,Level1
당송팔대가문초소식5,256,1003,旣用君實하니 我後子先하야 時不可失이로다,"이미 군실(君實)(사마광(司馬光))을 등용하였으니, 내가 뒤에 서고 자네가 앞에 서서 이 좋은 시기를 잃지 말자.”라고 하였다.",로다,True,로다,Level1
당송팔대가문초소식5,256,1007,功則多矣하니 百年之思로다,공적(功績)이 많으니 백 년 동안 백성들이 그리워하도다.,로다,True,로다,Level1
당송팔대가문초소식5,256,1009,匪公之思요 神考是懷로다,공(公)을 그리워하는 것이 아니라 실제로는 신고(神考)(신종(神宗))를 그리워하는 것이다.,로다,True,로다,Level1
당송팔대가문초소식5,256,1011,薦于淸廟하니 神考之功이로다,"청묘(淸廟)에 제사하니, 이것은 신고(神考)의 공(功)이로다.",로다,False,로다,Level1
당송팔대가문초소식5,261,1027,吾以所見所聞所傳聞而考之컨대 其可必也審矣로다,"내가 본 바와 들은 바와 전해 들은 바를 가지고 상고하건대, 천도(天道)를 기필할 수 있음이 분명하다.",로다,True,로다,Level1
당송팔대가문초소식5,265,1040,魏公之業이 與槐俱萌이로다,위공(魏公)의 공업(功業)이 회화나무와 함께 싹텄도다.,로다,True,로다,Level1
당송팔대가문초소식5,265,1042,旣相眞宗하니 四方砥平이요 歸視其家호니 槐陰滿庭이로다,"진종(眞宗)을 도우니 사방이 숫돌처럼 평평하였고, 돌아와 집안을 보니 회화나무 그늘이 뜰에 가득하도다.",로다,True,로다,Level1
당송팔대가문초소식5,265,1049,惟德之符로다,덕의 상징이로다.,로다,False,로다,Level1
당송팔대가문초소식5,272,1074,惟師潞公이여 展也大成이로다,태사(太師) 노공(潞公)이여 참으로 크게 이루었도다.,로다,True,로다,Level1
당송팔대가문초소식5,272,1076,駕言三城에 河流不揚이로다,멍에하고 삼성(三城)으로 가시니 황하(黃河)에 파도가 일지 않도다.,로다,False,로다,Level1
당송팔대가문초소식5,303,1180,其盡萬物之態也로다,만물의 태도를 다 표현하였도다.,로다,True,로다,Level1
당송팔대가문초소식5,311,1214,古之眞人은 有化無死로다,옛날의 진인(眞人)은 화(化)할 뿐 죽지는 않는다네.,로다,True,로다,Level1
당송팔대가문초소식5,317,1234,愛莫起之로다,내 공(公)을 사랑해도 다시 세상에 나오게 할 수 없네.,로다,True,로다,Level1
당송팔대가문초소식5,324,1254,維周之虎로다,주(周)나라의 소호(召虎)로다.,로다,False,로다,Level1
당송팔대가문초소식5,335,1286,帝念民하사 乃下招라 籋(躡)歸雲하야 逝房妖로다,"상제(上帝)께서 백성을 염려하여 마침내 아래로 내려와 부르니, 돌아가는 구름을 밟고서 방요(房妖)의 별자리로 가도다.",로다,True,로다,Level1
당송팔대가문초소식5,347,1322,代佛出世하니 惟大弟子로다,부처님을 대신하여 세상에 나오니 참으로 큰 제자(弟子)로다.,로다,True,로다,Level1
당송팔대가문초소식5,355,1344,神馬尻輿하야 攝衣從之로다,정신을 말로 삼고 꽁무니(엉덩이)를 수레로 삼아서 옷깃을 잡고 따라간다.,로다,True,로다,Level1
당송팔대가문초소식5,398,1467,於是에 飮酒樂甚하야 扣舷而歌之하니 歌曰 桂棹兮蘭槳으로 擊空明兮泝流光이로다,"이에 술을 마시며 몹시 즐거워 뱃전을 두드리고 노래하니, 그 노래에 이르기를 ‘계수나무 노와 목란(木蘭) 상앗대로 물속에 비친 달그림자를 치며 흐르는 강물을 거슬러 올라간다.",로다,True,로다,Level1
시경집전(하),946,2079,鴛鴦在梁하니 戢其左翼이로다,원앙새가 어량에 있으니 왼쪽 날개를 접고 있도다,로다,False,로다,Level1
시경집전(하),947,2080,君子萬年에 宜其遐福이로다,군자(君子)는 만년(萬年)토록 오랜 복이 마땅하리로다,로다,True,로다,Level1
시경집전(하),949,2086,乘馬在廐하니 摧之秣之로다,승마(乘馬)가 마굿간에 있으니 여물을 먹이고 곡식을 먹이도다,로다,False,로다,Level1
시경집전(하),950,2087,君子萬年에 福祿艾之로다,군자(君子)는 만년(萬年)토록 복록(福祿)으로 기르리로다,로다,True,로다,Level1
시경집전(하),953,2093,乘馬在廐하니 秣之摧之로다,승마(乘馬)가 마굿간에 있으니 곡식을 먹이고 여물을 먹이도다,로다,True,로다,Level1
시경집전(하),954,2094,君子萬年에 福祿綏之로다,군자(君子)는 만년(萬年)토록 복록(福祿)으로 편안하리로다,로다,True,로다,Level1
시경집전(하),959,2100,豈伊異人이리오 兄弟라 匪他로다,어찌 다른 사람이리오 형제이지 타인이 아니로다,로다,True,로다,Level1
시경집전(하),960,2101,蔦與女蘿 施于松柏이로다,겨우살이와 여라(女蘿)가 송백(松柏)에 뻗어 있도다,로다,True,로다,Level1
시경집전(하),962,2103,旣見君子하니 庶幾說懌로다,이미 군자(君子)를 만나보니 거의 기쁘리로다,로다,True,로다,Level1
시경집전(하),967,2123,豈伊異人이리오 兄弟具來로다,어찌 다른 사람이리오 형제(兄弟)가 모두 왔도다,로다,True,로다,Level1
시경집전(하),968,2124,蔦與女蘿 施于松上이로다,겨우살이와 여라(女蘿)가 모두 소나무 위에 뻗어 있도다,로다,False,로다,Level1
시경집전(하),970,2126,旣見君子하니 庶幾有臧이로다,이미 군자(君子)를 만나보니 행여 좋음이 있으리로다,로다,True,로다,Level1
시경집전(하),972,2132,有頍者弁이여 實維在首로다,우뚝한 피변(皮弁)이여 실로 머리에 있도다,로다,False,로다,Level1
시경집전(하),974,2134,豈伊異人이리오 兄弟甥舅로다,어찌 다른 사람이리오 형제(兄弟)간과 구생(舅甥)간이로다,로다,False,로다,Level1
시경집전(하),977,2137,樂酒今夕하여 君子維宴이로다,술마시며 오늘 저녁을 즐거워하여 군자(君子)가 잔치를 할지로다,로다,True,로다,Level1
시경집전(하),980,2148,間關車之舝兮여 思變季女逝兮로다,간관(間關)하는 수레의 걸쇠여 아름다운 계녀(季女)를 생각하여 가도다,로다,True,로다,Level1
시경집전(하),985,2161,依彼平林에 有集維鷮로다,무성한 저 평림(平林)에 꿩이 앉아 있도다,로다,True,로다,Level1
시경집전(하),986,2162,辰彼碩女 令德來敎로다,제때에 알맞는 저 석녀(碩女)가 좋은 덕(德)으로 와서 가르쳐주도다,로다,True,로다,Level1
시경집전(하),987,2163,式燕且譽하여 好爾無射이로다,잔치하며 또 즐거워하여 너를 좋아하기를 끝없이 하노라,로다,True,로다,Level1
시경집전(하),996,2180,析其柞薪호니 其葉湑兮로다,갈참나무 장작을 쪼개니 그 잎이 무성하도다,로다,False,로다,Level1
당송팔대가문초소식3,266,1049,唐柳宗元이 非之曰 屈子以禮之末로 忍絶其父將死之言이로다,그런데 당(唐)나라의 유종원(柳宗元)은 이것을 비판하기를 “굴자(屈子)(굴건(屈建))가 예(禮)의 지엽적인 것을 가지고 아버지가 장차 죽으려 할 적에 내린 유언을 차마 끊어버렸도다.,로다,True,로다,Level1
당송팔대가문초소식3,319,1248,故로 受之以賁라하니 盡矣로다,"이 때문에 비괘(賁卦)로써 받았다.”라고 하였으니, 참으로 극진하도다.",로다,True,로다,Level1
당송팔대가문초소식4,9,32,求聖人之意컨대 若左氏면 可以有取焉이로다,성인(聖人)의 뜻을 찾아보건대 《춘추좌씨전(春秋左氏傳)》과 같다면 취할 점이 있다고 하겠다.,로다,True,로다,Level1
당송팔대가문초소식4,19,76,左氏得其正矣로다,그렇다면 좌씨(左氏)가 《춘추(春秋)》의 올바른 뜻을 이해한 것이다.,로다,True,로다,Level1
당송팔대가문초소식5,45,136,其木이 皆十圍요 岸谷隱然하야 凡園之百物이 無一不可人意者하니 信其用力之多且久也로다,"그리하여 수목들이 모두 열 아름이나 되고 벼랑과 골짝이 깊숙하여, 장원의 온갖 물건들이 하나도 사람의 뜻에 흡족하지 않은 것이 없으니, 참으로 많은 공력을 들이고 또 오랫동안 힘쓴 것이다.",로다,True,로다,Level1
당송팔대가문초소식5,76,234,曰 鶴飛去兮여 西山之缺이로다,학(鶴)이 날아가니 서산(西山)의 트인 곳으로 향하도다.,로다,True,로다,Level1
당송팔대가문초소식5,76,235,高翔而下覽兮여 擇所適이로다,높이 날다가 내려다보고 갈 곳을 선택하는구나.,로다,True,로다,Level1
당송팔대가문초소식5,76,237,忽何所見고 矯然而復擊이로다,갑자기 무엇을 보았는지 높이 나래를 치고 다시 올라간다.,로다,True,로다,Level1
당송팔대가문초소식5,76,238,獨終日於澗谷之間兮여 啄蒼苔而履白石이로다,홀로 산 개울 사이에서 종일토록 노닐며 푸른 이끼를 쪼아 먹고 흰 돌을 밟는구나.,로다,True,로다,Level1
당송팔대가문초소식5,76,239,鶴歸來兮여 東山之陰이로다,학(鶴)이 돌아오니 동산의 북쪽에서 오도다.,로다,True,로다,Level1
당송팔대가문초소식5,76,240,其下有人兮여 黃冠草屨요 葛衣而鼓琴이로다,그 아래 은사가 있으니 황관(黃冠)에 짚신을 신고 갈옷에 거문고를 타도다.,로다,True,로다,Level1
당송팔대가문초소식5,76,241,躬耕而食兮하야 其餘以汝飽로다,몸소 농사지어 먹고 나머지 곡식으로 너를 먹이는구나.,로다,True,로다,Level1
당송팔대가문초소식5,108,363,夏侯湛이 贊東方生云 開濟明豁하고 包含宏大로되 陵轢卿相하고 嘲哂豪傑이로다,하후담(夏侯湛)이 동방생(東方生)(동방삭(東方朔))을 칭찬하여 말하기를 “개제(開濟)하고 명활(明豁)하며 도량이 커서 포용하면서도 경상(卿相)을 능멸하고 호걸(豪傑)들을 조롱하였다.,로다,True,로다,Level1
당송팔대가문초소식5,144,487,乃歌曰 桓山之上에 維石嵯峨兮여 司馬之惡이 與石不磨兮로다,"나는 이에 노래하기를 “환산(桓山)의 위에 돌이 우뚝하니, 사마(司馬) 환퇴(桓魋)의 죄악이 저 돌과 함께 없어지지 않으리라.",로다,True,로다,Level1
당송팔대가문초소식5,180,650,庖丁之理解와 郢人之鼻斲이 信矣로다,"포정(庖丁)이 결에 따라 소를 해체하고, 영인(郢人)이 코에 백토를 칠하고 깎은 것이 사실이구나!”라고 하였다.",로다,False,로다,Level1
당송팔대가문초소식5,203,739,以此爲政한대 天下歌之曰 蕭何爲法에 顜(講)若畫一이러니 曹參代之하야 守而勿失이로다,"조참(曹參)이 이대로 정사(政事)를 하자, 천하 백성들이 칭송하여 노래하기를 “소하(蕭何)가 법(法)을 만들 적에 ‘일(一)’자를 그은 것처럼 엄정하였는데, 조참(曹參)이 대신하여 정승이 되어서 이것을 지키고 잃지 않는도다.",로다,True,로다,Level1
당송팔대가문초소식5,206,769,佑我文母와 及其孝孫이로다,우리 문모(文母)와 그 효손(孝孫)을 도우시도다.,로다,False,로다,Level1
당송팔대가문초소식5,206,770,孝孫來饗하시니 左右耆耈로다,효손(孝孫)이 와서 제향하니 좌우에는 나이 많은 원로대신들이 있도다.,로다,False,로다,Level1
당송팔대가문초소식5,206,772,多士爲祥하니 文母所培로다,많은 선비들이 상서(祥瑞)가 되니 문모(文母)께서 배양하신 바로다.,로다,True,로다,Level1
당송팔대가문초소식5,206,775,相以銘詩하니 震于四海로다,명시(銘詩)로 도우니 그 소리 사해(四海)에 진동하리로다!,로다,True,로다,Level1
시경집전(하),1049,2297,醉而不出하니 是謂伐德이로다,취하고도 나가지 않으니 이를 일러 덕(德)을 해친다고 하는 것이로다,로다,False,로다,Level1
시경집전(하),1064,2331,魚在在藻하니 有頒其首로다,고기가 마름풀에 있으니 그 머리가 크기도 하도다,로다,True,로다,Level1
시경집전(하),1068,2341,魚在在藻하니 有莘其尾로다,고기가 마름풀에 있으니 그 꼬리가 길기도 하도다,로다,False,로다,Level1
시경집전(하),1071,2345,魚在在藻하니 依于其蒲로다,고기가 마름풀에 있으니 그 부들에 의지해 있도다,로다,True,로다,Level1
시경집전(하),1075,2352,采菽采菽은 筐之筥之로다,콩을 거두고 콩을 거두기를 네모진 바구니와 둥근 바구니에 하도다,로다,True,로다,Level1
시경집전(하),1077,2354,雖無予之나 路車乘馬로다,비록 줄 것이 없으나 노거(路車)와 승마(乘馬)로다,로다,False,로다,Level1
시경집전(하),1078,2355,又何予之요 玄袞及黼로다,또 무엇을 줄꼬 현곤(玄袞) 및 보(黼)로다,로다,False,로다,Level1
시경집전(하),1084,2371,載驂載駟하니 君子所屆로다,참마(驂馬)가 있으며 사마(駟馬)가 있으니 군자(君子)가 이르렀도다,로다,False,로다,Level1
시경집전(하),1087,2380,赤芾在股요 邪幅在下로다,붉은 슬갑은 다리에 있고 사폭(邪幅)은 그 아래에 있도다,로다,True,로다,Level1
시경집전(하),1088,2381,彼交匪紓하니 天子所予로다,저 사귐에 느리지 아니하니 천자(天子)가 허여하는 바로다,로다,False,로다,Level1
시경집전(하),1089,2382,樂只君子여 天子命之로다,즐거운 군자(君子)여 천자(天子)가 명령하시도다,로다,False,로다,Level1
시경집전(하),1090,2383,樂只君子여 福祿申之로다,즐거운 군자(君子)여 복록(福祿)으로 거듭하도다,로다,True,로다,Level1
시경집전(하),1093,2391,維柞之枝여 其葉蓬蓬이로다,갈참나무 가지여 그 잎이 무성하도다,로다,False,로다,Level1
시경집전(하),1094,2392,樂只君子여 殿天子之邦이로다,즐거운 군자(君子)여 천자(天子)의 나라를 진정하리로다,로다,True,로다,Level1
시경집전(하),1095,2393,樂只君子여 萬福攸同이로다,즐거운 군자(君子)여 만복(萬福)이 모이는 바로다,로다,True,로다,Level1
시경집전(하),1096,2394,平平左右 亦是率從이로다,똑똑한 좌우(左右)들이 또한 따라오도다,로다,False,로다,Level1
시경집전(하),1099,2404,汎汎楊舟여 紼纚維之로다,둥둥 떠있는 버드나무 배여 동아줄로 묶어 매놓도다,로다,False,로다,Level1
시경집전(하),1100,2405,樂只君子여 天子葵之로다,즐거운 군자(君子)여 천자(天子)가 헤아리도다,로다,False,로다,Level1
시경집전(하),1101,2406,樂只君子여 福祿膍之로다,즐거운 군자(君子)여 복록(福祿)으로 후히 하도다,로다,True,로다,Level1
시경집전(하),1102,2407,優哉游哉라 亦是戾矣로다,넉넉하고 한가로운지라 또한 이에 이르렀도다,로다,True,로다,Level1
시경집전(하),1289,2768,漸漸之石이여 維其卒矣로다,높고 높은 돌이여 높기도 하도다,로다,True,로다,Level1
시경집전(하),1291,2770,武人東征이여 不遑出矣로다,무인(武人)이 동쪽으로 정벌감이여 나올 겨를이 없도다,로다,False,로다,Level1
시경집전(하),1294,2776,月離于畢하니 俾滂沱矣로다,달이 필성(畢星)에 걸려 있으니 비가 주룩주룩 내리리로다,로다,True,로다,Level1
시경집전(하),1295,2777,武人東征이여 不遑他矣로다,무인(武人)이 동쪽으로 정벌감이여 다른 일을 할 겨를이 없도다,로다,True,로다,Level1
시경집전(하),1299,2789,苕之華여 芸其黃矣로다,능초의 꽃이여 곱게 누렇기도 하도다,로다,True,로다,Level1
시경집전(하),1300,2790,心之憂矣여 維其傷矣로다,마음에 근심함이여 그 서글프도다,로다,True,로다,Level1
시경집전(하),1303,2795,苕之華여 其葉靑靑이로다,능초의 꽃이여 그 잎이 푸르고 푸르도다,로다,True,로다,Level1
시경집전(하),1306,2800,牂羊墳首며 三星在罶로다,암 양(羊)이 머리만 크며 삼성(三星)이 통발에 있도다,로다,True,로다,Level1
시경집전(하),1307,2801,人可以食이언정 鮮可以飽로다,사람들이 먹을 수는 있을지언정 배부른 이가 적도다,로다,True,로다,Level1
시경집전(하),1320,2827,哀我征夫 朝夕不暇로다,불쌍한 우리 정부(征夫)들은 조석(朝夕)에도 여가가 없도다,로다,True,로다,Level1
시경집전(하),1323,2831,有芃者狐여 率彼幽草로다,꼬리가 긴 여우여 저 그윽한 풀을 따르도다,로다,True,로다,Level1
시경집전(하),1324,2832,有棧之車여 行彼周道로다,사다리가 있는 수레여 저 큰 길에 가도다,로다,False,로다,Level1
시경집전(하),1329,2841,周雖舊邦이나 斯命維新이로다,주(周)나라가 비록 오래된 나라이나 천명(天命)은 새롭도다,로다,True,로다,Level1
시경집전(하),1337,2862,凡周之士도 不顯가 亦世로다,모든 주(周)나라의 선비들도 드러나지 않을까 또한 대대로 하리로다,로다,True,로다,Level1
시경집전(하),1340,2874,世之不顯가 厥猶翼翼이로다,대대로 전함이 드러나지 않을까 그 계책이 익익(翼翼)하도다,로다,False,로다,Level1
시경집전(하),1341,2875,思皇多士 生此王國이로다,훌륭한 많은 선비들이 이 왕국(王國)에 태어났도다,로다,True,로다,Level1
시경집전(하),1342,2876,王國克生하니 維周之楨이로다,왕국(王國)에서 능히 길러내니 주(周)나라의 정간(楨榦)이로다,로다,True,로다,Level1
시경집전(하),1349,2891,上帝旣命이라 侯于周服이로다,상제(上帝)가 이미 ˂주(周)나라에˃ 명한지라 주(周)나라에 복종하도다,로다,True,로다,Level1
시경집전(하),1354,2906,厥作祼將이여 常服黼冔로다,강신제를 돕는 자가 됨이여 항상 보상(黼裳)과 은(殷)나라 관(冠)을 쓰도다,로다,True,로다,Level1
시경집전(하),1357,2927,善不可不傳于後嗣로다,선(善)을 후사(後嗣)에게 물려주지 않으면 안된다.,로다,False,로다,Level1
시경집전(하),1211,2623,隰桑有阿하니 其葉有沃이로다,습지에 뽕나무가 아름다우니 그 잎이 윤택하도다,로다,True,로다,Level1
시경집전(하),1214,2627,隰桑有阿하니 其葉有幽로다,습지에 뽕나무가 아름다우니 그 잎이 검기도 하도다,로다,True,로다,Level1
시경집전(하),1215,2628,旣見君子호니 德音孜膠로다,이미 군자(君子)를 만나보니 덕음(德音)이 심히 견고하도다,로다,True,로다,Level1
시경집전(하),1227,2653,天步艱難이어늘 之子不猶로다,천운(天運)이 몹시 어렵거늘 그대는 도모하지 않도다,로다,False,로다,Level1
시경집전(하),1235,2669,維彼碩人이여 實勞我心이로다,저 석인(碩人)이여 실로 내 마음을 괴롭게 하도다,로다,False,로다,Level1
시경집전(하),1242,2682,有鶖在梁이어늘 有鶴在林이로다,두루미는 어량(魚梁)에 있거늘 학(鶴)은 숲속에 있도다,로다,False,로다,Level1
시경집전(하),1243,2683,維彼碩人이여 實勞我心이로다,저 석인(碩人)이여 실로 내 마음을 괴롭게 하도다,로다,False,로다,Level1
시경집전(하),1246,2691,鴛鴦在梁하니 戢其左翼이로다,원앙새가 어량(魚梁)에 있으니 그 왼쪽 날개를 거두었도다,로다,True,로다,Level1
시경집전(하),1247,2692,之子無良하여 二三其德이로다,그대가 선량(善良)하지 못하여 그 덕(德)을 이랬다 저랬다 하도다,로다,True,로다,Level1
시경집전(하),1250,2698,之子之遠이여 俾我疷兮로다,그대가 나를 멀리함이여 나로 하여금 병들게 하도다,로다,True,로다,Level1
시경집전(하),1254,2707,綿蠻黃鳥 止于丘阿로다,면만(綿蠻)히 우는 황조(黃鳥)가 언덕에 앉아 있도다,로다,True,로다,Level1
시경집전(하),1260,2718,綿蠻黃鳥 止于丘隅로다,면만(綿蠻)히 우는 황조(黃鳥)여 구우(丘隅)에 앉아 있도다,로다,True,로다,Level1
시경집전(하),1265,2726,綿蠻黃鳥 止于丘側이로다,면만(綿蠻)히 우는 황조(黃鳥)가 언덕 곁에 앉아 있도다,로다,True,로다,Level1
시경집전(하),1272,2736,君子有酒어늘 酌言嘗之로다,군자(君子)가 술자리를 두거든 술을 떠서 맛보도다,로다,False,로다,Level1
시경집전(하),1276,2744,君子有酒어늘 酌言獻之로다,군자(君子)가 술자리를 두거든 술을 떠서 올리도다,로다,False,로다,Level1
시경집전(하),1279,2750,君子有酒어늘 酌言酢之로다,군자(君子)가 술자리를 두거든 술을 떠서 권하도다,로다,False,로다,Level1
시경집전(하),1281,2754,有兎斯首를 燔之炮之라 君子有酒어늘 酌言醻之로다,"토끼 한 마리를, 구우며 그슬리는 지라, 군자(君子)가 술자리를 두거든, 술을 떠서 권하도다.",로다,False,로다,Level1
시경집전(하),1284,2760,漸漸之石이여 維其高矣로다,높고 높은 돌이여 그 높기도 하도다,로다,True,로다,Level1
시경집전(하),1285,2761,山川悠遠하니 維其勞矣로다,산천이 아득히 머니 수고롭기도 하도다,로다,True,로다,Level1
시경집전(하),1286,2762,武人東征이여 不遑朝矣로다,무인(武人)이 동쪽으로 정벌감이여 아침을 쉴 겨를도 없도다,로다,True,로다,Level1
당송팔대가문초소식5,398,1468,渺渺兮予懷여 望美人兮天一方이로다,"아득하고 아득한 내 그리움이여, 미인을 바라보니 하늘 한쪽에 있도다.’라고 하였다.",로다,True,로다,Level1
당송팔대가문초소식5,405,1493,顧而樂之하야 行歌相答이러니 已而요 歎曰 有客이면 無酒요 有酒면 無肴로다,"돌아보고 즐거워서 길을 걸으며 노래하여 서로 화답하였는데, 이윽고 탄식하기를 “손님이 있으면 술이 없고, 술이 있으면 안주가 없도다.",로다,True,로다,Level1
당송팔대가문초소식5,450,1652,茯苓麻麥이 有時而匱兮여 有則食하고 無則已者 與我無旣兮로다,"복령(茯苓)과 호마(胡麻)와 볶은 보리가루가 때로 부족하지만, 있으면 먹고 없으면 그만두니, 나에게 다함이 없도다.",로다,False,로다,Level1
당송팔대가문초소철1,243,1613,難哉로다,어려운 일이로다.,로다,False,로다,Level1
당송팔대가문초소철1,252,1671,性拙且懶하여 終不能奉咫尺之書하여 致慇懃於左右하고 乃使魯直以書先之하니 其爲愧恨을 可量也로다,"그런데 천성(天性)이 졸라(拙懶)하여 끝내 서신(書信)을 노직(魯直)에게 보내지 못하고 노직(魯直)이 먼저 서신(書信)을 철(轍)에게 보내오게 하였으니, 그에 대한 괴한(愧恨)을 가히 헤아릴 수 있을 것입니다.",로다,False,로다,Level1
당송팔대가문초소철1,298,1959,詩曰 蒹葭蒼蒼하니 白露爲霜이로다,"시(詩)에 이르기를 “갈대가 푸르고 푸르니, 흰 이슬이 서리가 되었도다.",로다,True,로다,Level1
당송팔대가문초소철1,310,2019,世之英雄은 其處於世에 亦有幸不幸耶로다,"역대 영웅(英雄)들은 세상에 처하여 행복을 누린 자도 있었고, 불행을 겪은 자도 있었도다.",로다,True,로다,Level1
당송팔대가문초소철2,27,142,其智慮曾不足以及其後世하니 此亦甚可怪也로다,그 지려(智慮)가 끝내는 후세(後世)에 미치기에 부족하였으니 이 또한 매우 괴상하게 여길 만한 일이로다.,로다,True,로다,Level1
당송팔대가문초소철2,48,269,難哉로다,곤란한 일이로다.,로다,True,로다,Level1
당송팔대가문초소철2,91,513,外戚宦官更相屠滅하여 至以外兵繼之하니 嗚呼殆哉로다,"외척(外戚)과 환관(宦官)이 번갈아 서로 도멸(屠滅)하기 때문에 외병(外兵)을 가지고 잇따르기까지 하니, 아! 위태롭도다.",로다,False,로다,Level1
당송팔대가문초소철2,102,558,惜其爲義不終하여 使獻帝不安於上하고 義士憤怨於下로다,그런데 애석하게도 처음부터 끝까지 도의(道義)를 행하지 못하여 헌제(獻帝)는 위에서 불안에 떨게 하고 의사(義士)는 아래에서 분원(憤怨)하게 하였다.,로다,False,로다,Level1
당송팔대가문초소철2,155,875,大雅之稱文王曰 殷之孫子 其麗不億이언만 上帝旣命이라 侯于周服이로다,≪시경(詩經)≫ 〈대아(大雅) 문왕(文王)〉에서 문왕(文王)을 일컫기를 “은(殷)(상(商))나라의 자손들이 그 수가 억(億)뿐만이 아니었건만 상제(上帝)가 이미 명(命)한지라 주(周)나라에 복종하였도다.,로다,False,로다,Level1
당송팔대가문초소철2,155,876,侯服于周하니 天命靡常이로다,주(周)나라에 복종하니 천명(天命)은 일정하지 않은 것이로다.,로다,False,로다,Level1
당송팔대가문초소철2,169,955,國險而民附하고 賢才爲用하니 諸葛孔明以爲可與爲援이요 而不可圖라하거늘 而曹公以劉琮待之하여 欲一擧而下之하니 難哉로다,"나라의 지형은 험준하고 백성들은 붙따르며 현재(賢才)들은 임용되고 있으니, 제갈공명(諸葛孔明)은 ‘더불어 지원할 수는 있어도 도모할 수는 없다.’라고 하였건만, 조공(曹公)은 유종(劉琮)으로 〈손권(孫權)을〉 대하여 일거(一擧)에 항복시키려고 하였으니, 곤란한 일이었다.",로다,False,로다,Level1
당송팔대가문초소철2,184,1055,世無孔孟하여 使楊墨塞路而莫之闢하니 吾則罪人爾矣로다,"세상에 공자와 맹자가 없어서 양주(楊朱)와 묵적(墨翟)이 길을 막게 놓아두고 물리치지 못하고 있으니, 우리는 죄인일 따름이로다.",로다,False,로다,Level1
당송팔대가문초소철2,229,1318,今管仲婾取一時之欲하여 而僥倖於長久하니 難哉로다,"그런데 지금 관중(管仲)은 한때의 욕심을 취하여 장구(長久)하기를 요행히 바랐으니, 곤란한 일이었다.",로다,False,로다,Level1
당송팔대가문초소철2,232,1329,棄民五世而欲一朝收之하니 宜其難哉로다,"5세(世) 동안 백성을 버려두었다가 하루아침에 민심을 수습하려고 하였으니, 어려운 일이었도다.",로다,True,로다,Level1
당송팔대가문초소철3,131,689,故曰 畟畟良耜로 俶載南畝하여 播厥百穀하니 實函斯活이로다,그러므로 “예리하고 좋은 보습으로 남쪽 이랑에서 일을 하여 백곡(百穀)을 파종하니 열매가 기를 머금고 나오도다.,로다,True,로다,Level1
당송팔대가문초소철3,131,693,而其終章曰 荼蓼朽止하니 黍稷茂止로다,그 종장(終章)에서는 “여뀌가 썩으니 서직(黍稷)이 무성하도다.,로다,True,로다,Level1
당송팔대가문초소철3,131,694,穫之挃挃하며 積之栗栗하니 其崇如墉이로다 其比如櫛하니 以開百室이로다,〈서직(黍稷)을〉 싹둑싹둑 베고 〈서직(黍稷)을〉 차곡차곡 쌓으니 그 높음 담과 같고 그 즐비함 빗살과 같은데 〈백실(百室)이 동시에〉 백실(百室)의 문을 열었도다.,로다,True,로다,Level1
시경집전(하),1106,2417,騂騂角弓이며 翩其反矣로다,조화로운 각궁(角弓)이여 편연(翩然)히 뒤집혔도다,로다,True,로다,Level1
시경집전(하),1114,2433,不令兄弟는 交相爲瘉로다,좋지 못한 형제(兄弟)들은 서로 폐해를 입히도다,로다,False,로다,Level1
시경집전(하),1118,2438,受爵不讓하나니 至于已斯亡이로다,작위(爵位)를 받고 사양하지 아니하나니 이 망함에 이르리로다,로다,False,로다,Level1
시경집전(하),1121,2443,老馬反爲駒하여 不顧其後로다,늙은 말이 도리어 젊은 말이라고 하여 그 뒤를 돌아보지 아니하도다,로다,False,로다,Level1
시경집전(하),1122,2444,如食宜饇어늘 如酌孔取로다,밥을 먹음에 마땅히 배부를 듯하거늘 술잔을 듦에 심히 취하는 것과 같도다,로다,False,로다,Level1
시경집전(하),1130,2457,莫肯下遺요 式居婁驕로다,폄하(貶下)하여 버리기를 즐겨하지 아니하고 지위에 거하여 자주 교만하게 하도다,로다,False,로다,Level1
시경집전(하),1147,2494,曷予靖之리오 居以凶矜이로다,어찌 내 나라를 안정시키리오 다만 흉함을 만나 가련할 뿐이로다,로다,True,로다,Level1
시경집전(하),1151,2506,彼都人士여 狐裘黃黃이로다,저 왕도(王都)의 인사(人士)여 여우 갖옷이 누렇고 누렇도다,로다,True,로다,Level1
시경집전(하),1155,2516,彼都人士여 臺笠緇撮이로다,저 왕도(王都)의 인사(人士)여 띠풀로 만든 갓에 치포관(緇布冠)이로다,로다,False,로다,Level1
시경집전(하),1156,2517,彼君子女여 綢直如髮이로다,저 군자(君子)의 여자여 머리털이 숱이 많고 실처럼 곧도다,로다,False,로다,Level1
시경집전(하),1159,2525,彼都人士여 充耳琇實이로다,저 왕도(王都)의 인사(人士)여 충이(充耳)를 옥돌로 채웠도다,로다,False,로다,Level1
시경집전(하),1160,2526,彼君子女여 謂之尹吉이로다,저 군자(君子)의 여자여 윤길(尹吉)이라 이르도다,로다,False,로다,Level1
시경집전(하),1163,2535,彼都人士여 垂帶而厲로다,저 왕도(王都)의 인사(人士)여 띠를 드리워 늘어져 있도다,로다,False,로다,Level1
시경집전(하),1164,2536,彼君子女여 卷髮如蠆로다,저 군자(君子)의 여자여 말려 올라간 머리털이 벌꼬리와 같도다,로다,False,로다,Level1
시경집전(하),1168,2545,匪伊卷之라 髮則有旟로다,머리털을 말아올리려 한 것이 아니라 머리털이 저절로 올라갔도다,로다,False,로다,Level1
시경집전(하),1184,2575,其釣維何오 維魴及鱮로다,그 낚은 것은 무엇인고 방어와 연어로다,로다,False,로다,Level1
시경집전(하),1188,2580,芃芃黍苗를 陰雨膏之로다,우북한 기장싹을 음우(陰雨)가 적셔주도다,로다,False,로다,Level1
시경집전(하),1189,2581,悠悠南行을 召伯勞之로다,유유(悠悠)한 남쪽 길을 소백(召伯)이 위로하도다,로다,True,로다,Level1
시경집전(하),1199,2599,烈烈征師를 召伯成之로다,열렬(烈烈)한 부역가는 무리를 소백(召伯)이 이루도다,로다,False,로다,Level1
시경집전(하),1207,2614,隰桑有阿하니 其葉有難로다,습지에 뽕나무가 아름다우니 그 잎이 무성하도다,로다,True,로다,Level1
당송팔대가문초왕안석1,365,1670,往者에 足下遽不棄絶하고 手書勤勤하야 尙告以其所不及하니 幸甚 幸甚이로다,"지난날에 족하께서 이러한 저를 바로 포기하시지 않고, 손수 쓰신 정성스러운 편지를 보내시어 오히려 그 모자란 점을 알려 주셨으니, 매우 감사하고 매우 감사합니다.",로다,False,로다,Level1
당송팔대가문초왕안석1,366,1681,某之事도 不幸而類此로다,모(某)가 치죄(治罪)한 일도 불행한 일이기는 하나 이와 유사한 것이었습니다.,로다,False,로다,Level1
당송팔대가문초왕안석1,370,1695,自涇至此가 蓋五百里요 而又有山川之阨이어늘 足下樂從所聞하야 而不以爲遠하니 亦有志矣로다,"경현(涇縣)에서 이곳에 이르기까지가 오백리(五百里)나 되고 또한 산천이 가로막고 있는데도, 족하께서 이름난 사람 따르기를 좋아하여 거리의 원근(遠近)을 따지지 않으니, 또한 훌륭한 목표를 가졌다 할 것이오.",로다,True,로다,Level1
당송팔대가문초왕안석1,380,1726,某는 鄙朴하야 未嘗得邂逅러니 而蒙以書辱於千里之遠하니 固已幸甚이로다,"모(某)는 비루하고 질박한 사람이라 일찍이 뵈올 기회가 없었는데, 천리나 멀리 떨어져 있으면서 보내 주신 편지를 받게 되니 진실로 큰 행운을 입은 것입니다.",로다,True,로다,Level1
당송팔대가문초왕안석1,386,1751,鞏在京師에 避兄而舍는 此雖某라도 亦辠之也니 宜足下深攻之也로다,"공(鞏)이 경사(京師)에 있을 때에 형을 피하여 머물렀다 하는데, 이 일은 비록 모(某)라도 또한 그를 꾸짖어야 할 것이니, 족하(足下)께서 심히 공격하시는 것이 당연합니다.",로다,True,로다,Level1
당송팔대가문초왕안석1,387,1766,家兄未嘗親鞏也는 顧亦過于聽耳어늘 足下乃欲引忌者怨者過於聽者之言하야 縣斷賢者之是非하니 甚不然也로다,"공(鞏)의 가형(家兄)이 공(鞏)을 친애한 일이 없다는 것도 돌이켜보건대 또한 잘못 들은 것일 뿐인데, 족하(足下)께서 곧 꺼리는 사람, 원망하는 사람, 잘 못 들은 사람의 말을 인용하여, 현자(賢者)의 옳고 그름을 그릇되게 판단하시니, 매우 잘못된 일입니다.",로다,False,로다,Level1
당송팔대가문초왕안석1,391,1781,夫顧而自忖其中則欿然이요 其爲貌言也 乃有以召君子之愛하니 宜乎不知其爲懼與媿也로다,"대저 스스로 속에 품은 마음을 돌이켜 헤아려 보아도 부족함이 많은데, 그 용모(容貌)와 언어(言語)가 곧 군자(君子)의 사랑을 불러들임이 있게 되었으니, 저도 모르게 두려움과 부끄러움을 느끼게 되는 것이 당연합니다.",로다,True,로다,Level1
당송팔대가문초왕안석1,396,1791,足下恥爲進士하고 貴其身 而以自娛於文하야 而貧無以自存하니 此尤所以爲難者로다,"족하께서는 벼슬에 나감을 부끄럽게 여기시고, 그 몸을 바르게 지킴을 귀하게 여기며 스스로 글짓기를 즐기시지만, 가난함은 자신의 생존이 불가능할 정도이시니, 이런 처신은 더욱 어려운 일이라고 여기는 바입니다.",로다,True,로다,Level1
당송팔대가문초왕안석1,402,1815,足下之賜過矣라 不敢當也로다,족하(足下)께서 내려 주신 은혜가 과분(過分)해서 감히 감당할 수가 없습니다.,로다,True,로다,Level1
당송팔대가문초왕안석1,431,1912,不得與夫虎豹翬翟之文章과 楩柟豫章竹箭之材하야 俱出而爲用於天下하고 顧藏其神奇하야 而與龍蛇로 雜此土以處也로다,"호랑이, 표범, 꿩과 같은 빛나는 문장과 편남(楩枏), 예장(豫章), 죽전(竹箭) 같은 훌륭한 재주를 모두 드러내어 세상에 쓰이지를 못하고, 이에 그의 신묘한 식견을 감추고 이 땅에서 용사(龍蛇)와 뒤섞여 지내었다.",로다,True,로다,Level1
당송팔대가문초왕안석1,434,1923,二百四十二年之間에 字而不名者는 十二人而已니 人有可貴로되 而不失其所以貴가 乃爾其少也로다,"《춘추(春秋)》에 기술(記述)된 242년 사이에 자(字)로 호칭(呼稱)하고 명(名)으로 호칭하지 않은 사람이 12인(人)에 불과할 뿐이니, 사람이 귀(貴)하게 대접받을 만한 신분이 있는데도 그 귀(貴)하게 대접받을 바를 잃지 않은 사람이 곧 그처럼 적었던 것이다.",로다,False,로다,Level1
당송팔대가문초왕안석1,448,1966,予在揚州에 朝之人過焉者 多堪大臣之事로되 可信而望者는 陳升之而已矣로다,"내가 양주(揚州)에 있을 때에 조정에서 벼슬하는 사람 가운데 이곳을 방문했던 사람 중에 대신의 직무를 감당할 만한 사람이 많이 있었지만, 신뢰하고 기대할 만한 사람은 오직 진승지(陳升之)뿐이었다.",로다,False,로다,Level1
당송팔대가문초왕안석1,456,1998,惜也不得志於君하야 使眞儒之效不白於當世라 然其於衆人也에 卓矣로다,"애석하게도 군주에게 뜻을 얻지 못하여 참다운 유학(儒學)의 효과를 당세(當世)에 밝게 드러나게 하지를 못하였지만, 그러나 보통 사람들보다는 크게 뛰어났던 것이다.",로다,False,로다,Level1
당송팔대가문초왕안석1,469,2079,太初는 於是無變今之法하고 而不失古之實하니 其不可以無傳也로다,"그런데 태초(太初)는 지금의 제도를 변경하지 않고 옛 제도의 실상(實狀)도 잃지 않으면서 공자의 제사와 학생의 교육을 병행할 수 있게 하였으니, 이런 업적을 후세에 전하지 않아서는 안 된다.",로다,True,로다,Level1
당송팔대가문초왕안석1,475,2108,夫吏者 無變今之法하고 而不失古之實하니 此는 有道者之所能也니 林君之爲 其幾於此矣로다,"대저 관리가 되어서 현재 시행되는 법을 변경하지 않고 옛 제도의 진실함도 실추시키지 않았으니, 이런 일은 도(道)를 지닌 사람만이 할 수 있는 것이니, 임군(林君)이 행한 것이 거의 이에 가깝도다!",로다,True,로다,Level1
당송팔대가문초왕안석1,490,2167,以至和元年八月에 始作하야 而以二年之六月에 成하니 夫其爲役이 亦大矣로다,"지화(至和) 원년(元年) 8월에 공사(工事)를 시작하여 2년(年) 6월에 완공(完工)하였으니, 대저 그 일이 또한 큰 역사(役事)였다.",로다,False,로다,Level1
당송팔대가문초왕안석1,491,2171,然則城郭者는 先王有之나 而非所以恃而爲存也로다,"그러므로 성곽(城郭)이라는 것을 선왕(先王)들도 가지고는 있었지만, 이것이 자신들을 보존하게 할 수 있을 것이라고 믿지는 않았던 것이다.",로다,False,로다,Level1
당송팔대가문초왕안석1,497,2200,公所以捄災補敗之政이 如此하니 其賢於世吏遠矣로다,"공(公)이 재난(災難)을 구제하고 무너진 것을 보완한 정치가 이와 같을 수 있었던 원인은, 세상의 일반 관리들보다 현명(賢明)함이 원대하였기 때문이었다.",로다,False,로다,Level1
당송팔대가문초왕안석1,501,2215,其仁民之心이 效見於事如此하니 亦可以已나 而猶自以爲未也라하고 又思有以告後之人하야 令嗣續而完之하야 以永其存하니 善夫로다,"그 백성을 사랑하는 마음이 사업(事業)에 효과로 드러남이 이와 같았으므로 또한 이를 완수(完遂)할 수가 있었는데도, 오히려 스스로 미흡(未洽)하다고 여기고, 또 후임자(後任者)에게 알려 주어 그로 하여금 자신을 계승하여 이를 유지 보수하여 영원히 보존(保存)되도록 도모하고 있으니, 참으로 훌륭하도다!",로다,True,로다,Level1
당송팔대가문초왕안석1,502,2223,其可歎也로다,탄식할 일입니다.,로다,True,로다,Level1
당송팔대가문초왕안석1,508,2243,此何足以盡吾沈君之才리오마는 抑可以觀其志矣로다,"지금까지 이룬 일들이 어찌 족히 심군(沈君)의 재능을 다 발휘한 것이라 할 수 있으리오마는, 또한 이로써 그의 큰 뜻은 살펴볼 수는 있을 것이다.",로다,True,로다,Level1
당송팔대가문초왕안석1,542,2383,蓋慧禮者를 予知之호니 其行謹潔하야 學博而才敏하고 而又卒之以不私하니 宜成此不難也로다,"대저 혜례(慧禮)라는 스님은 내가 아는 바로는 그 행실이 신중하고 고결하며 학식이 해박하고 재능이 민첩하므로, 또한 끝내 사재(私財)를 들이지 않고도 이를 이룸에 어려움이 없었을 것임이 마땅하다.",로다,False,로다,Level1
당송팔대가문초왕안석1,546,2402,智福은 有才略하고 善治其徒衆이로다,지복(智福)스님은 재략(才略)을 가진 분으로 그 도중(徒衆)을 잘 이끌었다.,로다,False,로다,Level1
당송팔대가문초왕안석1,555,2429,亦奇로다,이 문장 또한 기이(奇異)하다.,로다,True,로다,Level1
당송팔대가문초왕안석1,556,2435,雖然이나 子旣圖之矣니 余不可以無記也로다,"비록 그러나 그대가 이미 그림으로 그려 놓았으니, 나도 기(記)를 짓지 않을 수가 없구려.” 하였다.",로다,True,로다,Level1
당송팔대가문초왕안석2,4,14,荀卿이 生於亂世하야 不能考論先王之法하야 著之天下하고 而惑於亂世之俗하야 遂以爲聖世之士도 亦若是而已라하니 亦已過也로다,"순경(荀卿)은 난세(亂世)에 살았으므로 선왕(先王)이 세운 법도(法度)를 고찰하고 논증(論證)하여 이를 천하에 드러낼 수가 없었고, 난세(亂世)의 말속(末俗)에 현혹되어 드디어 성인(聖人)이 다스리던 시대의 사(士)도 이와 같았을 뿐이라고 여긴 것이니, 이 또한 과오를 범한 것이다.",로다,True,로다,Level1
당송팔대가문초왕안석2,7,25,所謂君子者는 貴其能不易乎世也라 荀卿이 生於亂世하야 而遂以亂世之事로 量聖人이로다,"이른바 군자(君子)는 세상 풍조(風潮)에 따라서 자신의 주견(主見)을 바꾸지 않을 수 있음을 귀하게 여기는데, 순경(荀卿)은 난세(亂世)에 생(生)을 영위하면서 드디어 난세의 일을 기준으로 하여 성인(聖人)을 헤아려본 것이로다.",로다,False,로다,Level1
당송팔대가문초왕안석2,18,60,以聖人觀之하면 猶太山之於岡陵이요 河海之於陂澤이니 然則聖人之事를 可知其大矣로다,"저 대현(大賢)의 일을 성인(聖人)의 경지에서 살펴본다면 태산(泰山)을 작은 산의 언덕과 비교하는 것과 같고, 하해(河海)를 작은 소택(沼澤)과 비교하는 것과 같을 뿐이니, 그런즉 성인(聖人)의 일이 얼마나 큰지를 알 만하다.",로다,False,로다,Level1
당송팔대가문초왕안석2,36,138,觀其言하고 迹其事컨댄 乃與夫儀秦軫代와 無以異也로다,"그 말을 관찰해보고 그 사실을 고찰해보면, 자공(子貢)은 바로 장의(張儀), 소진(蘇秦), 진진(陳軫), 소대(蘇代) 등 유세객(遊說客)의 무리와 다를 것이 없다.",로다,False,로다,Level1
당송팔대가문초왕안석2,48,193,然周之說이 其於道에 旣反之하니 宜其得罪於聖人之徒也로다,"그러나 장주(莊周)의 주장이 도(道)에 이미 어그러졌으니, 성인(聖人)의 뜻을 따르는 무리들에게 죄(罪)를 지은 것으로 보아야 함이 마땅하다.",로다,False,로다,Level1
당송팔대가문초왕안석2,49,198,周之能言而不通乎此也로다,장주(莊周)는 말은 잘하면서도 이런 이치에는 통달하지 못했던 것이로다!,로다,True,로다,Level1
당송팔대가문초왕안석2,60,248,故荀卿以爲特劫之法度之威하야 而爲之於外爾니 此亦不思之過也로다,"그러므로 순경(荀卿)은 특별히 법도(法道)의 위엄(威嚴)으로 겁(怯)을 주어서 겉으로만 이렇게 할 뿐이라고 여겼으니, 이는 또한 깊이 생각하지 않은 과오를 범한 것이다.",로다,False,로다,Level1
당송팔대가문초왕안석2,69,284,禮反其所自始요 樂反其所自生이니 吾於禮樂에 見聖人所貴其生也至矣로다,"예(禮)는 그 성(性)의 시초가 된 근원으로 되돌아가게 하는 것이고, 악(樂)은 생명(生命)의 근원으로 되돌아가는 것이니, 우리는 예(禮)와 악(樂)을 통하여 성인(聖人)이 그 생명(生命)을 귀(貴)하게 여김이 지극하였음을 보게 된다.",로다,False,로다,Level1
당송팔대가문초왕안석2,74,329,禮樂之意不傳이 久矣로다,예악(禮樂)의 본의(本意)가 전해지지 않은 지가 오래되었도다.,로다,True,로다,Level1
당송팔대가문초왕안석2,76,351,易에 曰 損은 先難而後獲이라하니 顔子之謂也로다,"≪주역(周易)≫에 이르기를 “손괘(損卦)의 의의(意義)는 어려운 일을 먼저 행한 후에 얻기를 도모함에 있다.” 하였으니, 이는 바로 안자(顔子)의 행위를 이른 것이로다!",로다,False,로다,Level1
당송팔대가문초왕안석2,90,439,今天下蓋嘗患無材로다,지금은 천하가 모두 인재가 없는 것만 근심하고 있도다!,로다,True,로다,Level1
당송팔대가문초왕안석2,122,567,其相似也適然이로다,그들이 서로 같아지는 것이 당연하다.,로다,False,로다,Level1
당송팔대가문초왕안석2,131,585,夫文公之好惡는 蓋所謂皆過其分者耳로다,대저 문공(文公)이 좋아하고 싫어한 것은 이른바 모두 그의 분수(分守)에 맞지 않는 것들이었다.,로다,False,로다,Level1
당송팔대가문초왕안석2,139,613,當李氏之危也하야 佑能切諫호되 鉉獨無一說하고 以佑見誅에 鉉又不能力諍하야 卒使其君으로 有殺忠臣之名하고 踐亡國之禍하니 皆鉉之由也로다,"남당(南唐)이 위태로운 지경에 처하자, 반우(潘佑)는 간절하게 간(諫)하였지만 서현(徐鉉)은 단 한마디 말도 하지 않았으며, 이 때문에 반우(潘佑)가 처형을 당하게 되었는데도 서현(徐鉉)은 또한 힘써 간쟁(諫諍)을 하지 않아서, 끝내 그의 임금으로 하여금 충신(忠臣)을 죽였다는 오명(汚名)을 지니고 망국(亡國)의 화(禍)를 입게 하였으니, 이는 모두 서현(徐鉉) 때문이었다.",로다,False,로다,Level1
당송팔대가문초왕안석2,152,642,此兩人者는 汚隱困約之時에 自貴其身하고 不妄願知하니 亦曰有待焉이로다,"이 두 사람은 천민들 속에 은둔해 있으면서 곤궁하게 지낼 때에 스스로 그 몸을 귀중하게 보존하고 함부로 알려지기를 바라지 않았으니, 또한 기다리는 것이 있었다고 말할 수 있다.",로다,False,로다,Level1
시경집전(하),1369,2958,"是詩는 首言文王在上於昭于天, 文王陟降在帝左右하고 而終之以此하니 其旨深矣로다","이 시(詩)는 맨 먼저 ‘문왕(文王)이 위에 계셔 하늘에 밝게 계심과 문왕(文王)의 오르내림이 상제(上帝)의 좌우(左右)에 있음’을 말하였고, 이것으로써 끝마쳤으니, 그 뜻이 깊도다.",로다,True,로다,Level1
시경집전(하),1394,3015,大邦有子하니 俔天之妹로다,큰 나라에서 따님을 두셨으니 하늘에 비길 만한 여인(女人)이로다,로다,True,로다,Level1
시경집전(하),1405,3038,矢于牧野하니 維予侯興이로다,목야(牧野)에 진을 치니 우리 군대가 흥기(興起)하도다,로다,True,로다,Level1
시경집전(하),1409,3050,牧野洋洋하니 檀車煌煌하며 駟騵彭彭이로다,목야(牧野)가 넓고 넓으니 박달나무 수레가 휘황하며 네 필의 원마(騵馬)가 건장하도다,로다,True,로다,Level1
시경집전(하),1411,3052,涼彼武王하여 肆伐大商하니 會朝淸明이로다,저 무왕(武王)을 도와 군대를 풀어 상(商)나라를 정벌하니 회전(會戰)하는 날 아침 날씨가 청명하도다,로다,True,로다,Level1
시경집전(하),1424,3100,周原膴膴하니 蓳茶如飴로다,주(周)땅의 언덕이 기름지고 비옥하니 오두(烏頭)와 씀바귀도 엿처럼 달도다,로다,True,로다,Level1
시경집전(하),1435,3127,縮版以載하니 作廟翼翼이로다,판자(板子)를 묶어 이으니 지은 사당이 엄정(嚴正)하도다,로다,True,로다,Level1
시경집전(하),1439,3136,百堵皆興하니 鼛鼓弗勝이로다,백도(百堵)가 모두 일어나니 고고(鼛鼓)가 감당하지 못하도다,로다,True,로다,Level1
시경집전(하),1443,3149,迺立冢土하니 戎醜攸行이로다,총토(冢土)를 세우니 큰 무리가 출행하리로다,로다,True,로다,Level1
시경집전(하),1447,3161,混夷駾矣하여 維其喙矣로다,곤이(昆夷)들이 도망하여 숨만 쉴 뿐이로다,로다,True,로다,Level1
시경집전(하),1457,3199,芃芃棫樸을 薪之槱之로다,무성한 떡갈나무를 섶으로 베어 쌓도다,로다,False,로다,Level1
시경집전(하),1458,3200,濟濟辟王이여 左右趣之로다,아름다운 군왕이여 좌우에서 달려오도다,로다,True,로다,Level1
시경집전(하),1461,3209,濟濟辟王이여 左右奉璋이로다,아름다운 군왕이여 좌우에서 장찬(璋瓚)을 받들어 올리도다,로다,True,로다,Level1
시경집전(하),1462,3210,奉璋峨峨하니 髦士攸宜로다,장찬(璋瓚)을 받들어 올리기를 높이 하니 준걸스런 선비의 마땅한 바로다,로다,True,로다,Level1
시경집전(하),1464,3216,淠彼涇舟를 烝徒楫之로다,떠가는 저 경수(涇水)의 배를 여러 사람들이 노를 젓도다,로다,False,로다,Level1
시경집전(하),1465,3217,周王于邁하시니 六師及之로다,주왕(周王)이 가시니 육사(六師)가 따라가도다,로다,False,로다,Level1
시경집전(하),1468,3224,倬彼雲漢이여 爲章于天이로다,큰 저 운한(雲漢)이여 하늘에 문장이 되었도다,로다,True,로다,Level1
시경집전(하),1471,3234,追琢其章이요 金玉其相이로다,잘 다듬은 그 문장이요 금옥(金玉) 같은 그 바탕이로다,로다,True,로다,Level1
시경집전(하),1472,3235,勉勉我王이여 綱紀四方이로다,힘쓰고 힘쓰는 우리 왕이시여 사방(四方)의 강기(綱紀)가 되시도다,로다,True,로다,Level1
시경집전(하),1477,3245,瞻彼旱麓한대 榛楛濟濟로다,저 한산(旱山)의 기슭을 보건대 개암나무와 싸리나무가 많고 많도다,로다,False,로다,Level1
당송팔대가문초소철3,131,695,百室盈止하니 婦子寧止로다,백실(百室)의 〈마당이〉 모두 가득하니 처자식들 편안하도다.,로다,True,로다,Level1
당송팔대가문초소철3,131,696,殺時犉牡하니 有捄其角이로다,입술 검은 수소를 잡으니 뿔이 굽은 놈이로다.,로다,False,로다,Level1
당송팔대가문초소철3,210,1140,詩曰 泂酌彼行潦하여 挹彼注玆라도 可以饙饎로다,"《시경(詩經)》에 이르기를 “멀리 저 길가의 빗물을 취하여, 저기에서 떠다가 여기에 붓더라도 고두밥과 서속밥을 지을 수 있도다.",로다,False,로다,Level1
당송팔대가문초소철3,231,1256,詩曰 卓彼甫田에 歲取十千이로다,《시경(詩經)》에 이르기를 “환한 저 큰 밭에서 해마다 10분 1의 조세를 취하도다.,로다,True,로다,Level1
당송팔대가문초소철3,306,1650,自開寶以來 得若干人에 而君之祖考伯父三人在焉이니 嗚呼盛哉로다,"개보(開寶) 이후로 약간 명을 찾아냈는데, 진군(陳君)의 조(祖)․고(考)․백부(伯父) 세 사람이 그중에 들어 있었으니, 아! 성대하도다.",로다,True,로다,Level1
당송팔대가문초왕안석1,1,4,譬則武丁之於傅說과 孔明之於昭烈에 不是過已로다,이를 옛 일에 비유하자면 은(殷)나라 무정(武丁)에 있어서의 부열(傅說)과 촉한(蜀漢) 소열제(昭烈帝)에 있어서의 제갈량(諸葛亮)도 이들의 관계보다 뛰어나다고 할 수 없을 것이다.,로다,True,로다,Level1
당송팔대가문초왕안석1,11,44,因言 唐太宗必得魏徵하고 劉備必得諸葛亮然後에 可以有爲하니 二子誠不世出之人也로다,"이어서 말하기를, “당(唐) 태종(太宗)은 반드시 명재상(名宰相) 위징(魏徵)을 얻고 유비(劉備)는 반드시 제갈량(諸葛亮)을 얻은 연후에야 큰일을 할 수 있었으니, 이 두 사람은 진실로 세상에 자주 나오지 않는 불세출(不世出)의 인물이라 할 수 있소.” 하였다.",로다,True,로다,Level1
당송팔대가문초왕안석1,72,452,而惜也로다,그러나 애석하도다!,로다,True,로다,Level1
당송팔대가문초왕안석1,72,455,及其位高而勢危하고 寵專而氣銳하야 所以材佞之士得投間以入하고 而平生所自喜者가 反爲左右所閼하야 而國家도 亦多故矣니 惜哉로다,"그의 지위가 높아질수록 형세는 위태롭게 되었고, 군왕의 총애(寵愛)를 받을수록 의기가 날카롭고 성하게 되어, 이것이 아첨하는 인물들이 틈을 비집고 끼어드는 원인이 되었으며, 평생 스스로 좋아하던 사람이 도리어 그의 좌우를 가로막아서, 국가도 또한 많은 변고(變故)를 겪게 되었으니, 애석한 일이로다!",로다,True,로다,Level1
당송팔대가문초왕안석1,227,1161,於是裳裳者華魚藻之詩가 作於時而曰 左之左之에 君子宜之요 右之右之에 君子有之로다,"이에 〈상상자화(裳裳者華)〉와 〈어조(魚藻)〉의 시(詩)가 그 시대에 지어졌는데, 〈상상자화(裳裳者華)〉에 이르기를, “좌보(左輔)가 보좌를 잘 하니 군자(君子)가 편안해지고, 우필(右弼)이 보좌를 잘 하니 군자가 이들을 등용(登用)하도다.",로다,False,로다,Level1
당송팔대가문초왕안석1,296,1414,上固欲公毋涉難冒險하고 以百全取勝하시니 如所喩면 甚善甚善이로다,"황상(皇上)께서 진실로 공(公)이 어려움을 겪으며 모험을 감행하지 말고 여러 가지 안전책(安全策)을 강구하여 승리를 취하기를 바라셨는데, 공이 말한 것과 같이 된다면 매우 좋고 매우 좋은 일입니다.",로다,False,로다,Level1
당송팔대가문초왕안석1,297,1420,自古以好坑殺人은 致畔하고 以能撫養은 收其用하니 皆公所覽見이로다,"예부터 사람을 산 채로 묻어 죽이기를 좋아하는 사람은 배반을 초래하였고, 감싸 길러줄 수 있었던 사람은 그들을 거두어 쓸 수 있었으니, 이는 모두 공(公)께서 역사를 통해 보아오신 바입니다.",로다,False,로다,Level1
당송팔대가문초왕안석1,297,1424,與討而驅之와 使堅附賊爲我患은 利害不侔也로다,"귀부(歸附)한 자들과 함께 토벌하여 적을 몰아내는 것과, 귀부한 자들이 적과 굳게 한편이 되어 우리의 근심거리가 되는 것은 국가에 이롭고 해로움이 동일하지 않습니다.",로다,False,로다,Level1
당송팔대가문초왕안석1,302,1441,譬由笙磬之音과 圭璋之器가 有節奏焉하고 有法度焉하야 雖庸耳라도 必知雅正之可貴하고 溫潤之可寶也로다,"이는 비유(譬喩)하건대 생황(笙簧)과 석경(石磬)으로 연주하는 음악이 절주(節奏)에 합당함이 있고, 규(圭)와 장(璋) 등 미옥(美玉)으로 만든 그릇이 법도(法度)에 맞음이 있어서, 비록 어리석은 사람의 귀이지만 반드시 아정(雅正)한 음악만이 존귀한 것이고 온윤한 옥(玉)그릇만이 보배가 됨을 알게 된 것과 같습니다.",로다,True,로다,Level1
당송팔대가문초왕안석1,317,1499,間閱足下之詩라가 竊有疑焉하니 不敢不以告로다,"근간에 족하의 시(詩)를 열람해보고, 내심(內心)에 의문이 생겼으므로 감히 알려주지 않을 수가 없소.",로다,False,로다,Level1
당송팔대가문초왕안석1,321,1531,議者多言 遽欲開納西人이면 則示之以弱하야 彼更倔强이라하나 以事情料之컨대 殆不如此로다,"비판자들이 대부분 말하기를, “서하(西夏) 사람들이 통호(通好)를 허락해 달라고 청하는 요구를 윤허(允許)한다면 우리의 약(弱)함을 보여서 저들을 혹 더욱 사납게 만들 것이다.”라고 하니, 사리(事理)를 근거로 헤아려 본다면 아마도 이같이 되지는 않을 듯합니다.",로다,False,로다,Level1
당송팔대가문초왕안석1,347,1623,無由會晤하니 不任區區向往之至로다,"서로 만날 기회가 없으므로, 지난날의 지극하셨던 보살핌을 감내하지 못하겠나이다.",로다,True,로다,Level1
당송팔대가문초왕안석1,361,1659,辱書勤勤하야 敎我以義命之說하니 此乃足下忠愛於故舊하야 不忍捐棄하고 而欲誘之以善也니 不敢忘不敢忘이로다,"보내 주신 편지가 정성스럽고 간절하여 의리(義理)와 천명(天命)에 관한 설명으로 나를 깨우쳐 주셨는데, 이는 곧 족하(足下)께서 옛 친구에 대한 성심(誠心)과 애정(愛情)을 차마 포기할 수가 없어서 선(善)으로 인도하려 하신 것이니, 감히 잊을 수가 없고 감히 잊을 수가 없습니다.",로다,True,로다,Level1
당송팔대가문초왕안석1,362,1664,顧非與足下久相從而熟講之하니 不足以盡也로다,"돌이켜보건대 족하(足下)와 더불어 오랫동안 서로 만나서 상세한 토론(討論)을 하지 못하였으므로, 서로 극진하게 이해하기에 부족한 점이 있습니다.",로다,True,로다,Level1
당송팔대가문초왕안석1,365,1669,此其所以爲不肖而得辠於君子者니 而足下之所知也로다,이것이 못난 사람이 되어서 군자(君子)들에게 죄를 짓게 된 소이(所以)임을 족하(足下)께서도 아시는 바입니다.,로다,False,로다,Level1
당송팔대가문초왕안석2,159,665,宜其歷年以千數로되 而聖人之經이 卒於不明하야 而學者莫能資其言하야 以施於世也로다,그렇게 지나온 세월이 천 년을 헤아리게 되자 성인(聖人)이 남겨놓으신 경전(經傳)이 끝내 분명하게 밝혀지지 않아서 배우는 사람들이 그 말씀을 바탕으로 하여 세상에 이를 시행할 수가 없게 된 것이다.,로다,True,로다,Level1
당송팔대가문초왕안석2,161,669,學者不知古之所以敎하고 而蔽於傳注之學也久矣로다,"배우는 사람들이 옛날에 가르치려 했던 근본 취지를 알지 못하고, 전주(傳注)의 학문에 함몰(陷沒)되어 버린 지가 오래되었도다!",로다,True,로다,Level1
당송팔대가문초왕안석2,175,818,是故로 不可以無銘也로다,이런 까닭으로 명(銘)을 지어 후세(後世)에 전하지 않을 수가 없는 것이다.,로다,False,로다,Level1
당송팔대가문초왕안석2,182,864,其可謂賢於人也已로다,보통사람들보다 현철(賢哲)하신 분들이라 이를 만하도다.,로다,True,로다,Level1
당송팔대가문초왕안석2,191,949,乃亦以詒其鄕里로다,또한 이로써 그 향리(鄕里)에 교훈이 될 수 있을 것이다.,로다,True,로다,Level1
당송팔대가문초왕안석2,197,976,千載之祠 如祠之初로다,천 년이 된 사당(祠堂)이 처음 지었을 때 그대로이네.,로다,True,로다,Level1
당송팔대가문초왕안석2,202,1000,又以爲詔令不宜偏出數易이라하야 請繇中書密院然後下하니 其所嘗言甚衆하야 不可悉數로다,"또 조령을 반포할 때에 한쪽 말만 듣거나 조령(詔令)을 자주 바꾸는 것은 합당한 처사가 아니니, 중서성(中書省)과 추밀원(樞密院)의 심의(審議)를 경유한 연후에 반포해야 한다고 청하기도 하였으니, 그분이 진언(進言)한 것들이 매우 많아서 일일이 다 헤아릴 수가 없을 정도였다.",로다,True,로다,Level1
당송팔대가문초왕안석2,240,1228,權彊所忌요 讒諂所讐로다,"권세 있고 강한 자들 공을 꺼렸고, 모함하고 아첨하는 자들 공을 원수로 여겼도다.",로다,True,로다,Level1
당송팔대가문초왕안석2,253,1303,於宋繼顯하니 自公攸始로다,"송대(宋代)에 이르러 연이어 현달(顯達)해졌으니, 공(公)으로부터 시작된 것이네.",로다,True,로다,Level1
당송팔대가문초왕안석2,265,1362,吏方操法以責士하니 則君之流離窮困하야 幾至老死하니 尙以得罪於言者도 亦其理也로다,"관리가 이제 법조항에 근거하여 사(士)의 책임을 물어서, 이에 군(君)이 궁곤하게 떠돌아다니면서 거의 늙어 죽음에 이르렀으니, 오히려 그를 비판한 자의 말 때문에 죄를 얻었다고 여기는 것도 이치에 맞다고 할 수 있다.",로다,False,로다,Level1
당송팔대가문초왕안석2,267,1373,嗚呼已矣라 卜此新宮이로다,"아아! 이승의 일 모두 끝나서, 이 새 유택(幽宅)에 복거(卜居)하게 되었도다!",로다,True,로다,Level1
당송팔대가문초왕안석2,271,1390,遇事强果하야 未嘗少屈하니 蓋孔子所謂剛者는 殆蘇君矣로다,"일을 처리하게 되면 과감하게 용단을 내리고 조금도 굽히는 일이 없었으니, 대체로 공자(孔子)께서 말씀하신 굳건한 사람이라는 것이 아마도 소군(蘇君) 같은 이를 이르는 것이리라.",로다,True,로다,Level1
당송팔대가문초왕안석2,280,1453,初에 公爲臨江軍에 先君爲之佐하고 其後二十五年에 某得主簿於淮南하야 而兄事之하니 仍世有好에 義不可以辭無銘也로다,"처음 공(公)이 임강군(臨江軍)에서 벼슬할 때에 선친(先親)이 보좌한 일이 있었고, 그 후 25년이 지나서 모(某)(왕안석(王安石) 자신(自身))가 회남주부(淮南主簿)가 되었을 때에 형으로 섬겼으니, 대(代)를 이어 친(親)하게 지냈기에 의리상(義理上) 명(銘) 짓기를 거절할 수가 없었다.",로다,False,로다,Level1
당송팔대가문초왕안석2,293,1538,其尤可以見公之志也로다,그것을 통하여 공(公)의 뜻을 더욱 잘 알 수 있게 되도다.,로다,False,로다,Level1
당송팔대가문초왕안석2,302,1591,正晝而隕하니 嗚呼可悲로다,"한창 나이에 돌아가셨으니, 아아! 슬픈 일이로다.",로다,True,로다,Level1
당송팔대가문초왕안석2,312,1659,始에 公自任以當世之重也하고 雖人望公則亦然이러니 及遭太宗하야 自謂志可行이라가 卒之閉於奸邪하니 彼誠有命焉이로다,"처음에 공(公)은 당세(當世)의 중임(重任)을 맡을 것이라고 자임(自任)하였고, 비록 다른 사람들이 공(公)에게 바라는 것도 이와 같았으나, 태종(太宗)을 만남에 이르러 스스로 뜻을 실현할 만하다고 여겼음에도 끝내 간사(奸邪)한 무리에게 가로막혀 버렸으니, 저런 일은 진실로 운명이 있는 것이다.",로다,True,로다,Level1
당송팔대가문초왕안석2,312,1663,雖其少枉이라도 合乎未可必也니 彼誠有命焉이로다,"비록 뜻을 조금 굽힌다 해도, 뜻이 맞는 사람 만나기를 반드시 기약할 수는 없으니, 그 또한 진실로 운명이 있는 것이로다.",로다,True,로다,Level1
당송팔대가문초왕안석2,318,1691,可謂賢已로다,현명한 분이라 이를 수 있을 뿐이로다.,로다,True,로다,Level1
당송팔대가문초왕안석2,319,1695,今又銘叔하니 嗚呼可哀로다,"이제 또 셋째 아드님의 명(銘)을 짓게 되었으니, 아아! 슬프도다.",로다,True,로다,Level1
당송팔대가문초왕안석2,325,1723,可悲也已로다,이를 슬퍼할 뿐이로다.,로다,True,로다,Level1
당송팔대가문초왕안석2,327,1726,又予以時로다,한때 이 세상에 휴가 얻어 내려왔던 것이로다.,로다,True,로다,Level1
당송팔대가문초왕안석2,327,1728,使驟而馳로다,말을 내달리게 하였도다.,로다,True,로다,Level1
당송팔대가문초왕안석2,327,1730,後有推之로다,뒤에는 밀어주는 이 있도다.,로다,True,로다,Level1
당송팔대가문초왕안석2,327,1736,書以余辭로다,내가 지은 사(辭)를 기록하였도다.,로다,True,로다,Level1
당송팔대가문초왕안석2,344,1889,以完歸親維有祉로다,이로써 저승에서도 해로하게 해드렸으니 복(福)을 받으리로다.,로다,True,로다,Level1
당송팔대가문초왕안석2,373,2009,君以此其材로 至白首無所遇로되 而恂恂自克하야 以考厥終하고 克有名子하야 載其行治하니 其可銘이로다,"군(君)은 이런 재능을 가지고 있으면서도 머리가 하얗게 세도록 알아주는 사람을 만나지 못하였지만, 온순(溫順)과 공근(恭謹)으로 자신을 완성하고, 이로써 장수(長壽)하고 고종명(考終命)하였고, 유명한 아들을 두어 그의 행위와 치적을 행장(行狀)에 등재(登載)할 수 있었으니, 이를 명(銘)에 새겨놓을 만하도다.” 하였다.",로다,True,로다,Level1
당송팔대가문초왕안석2,374,2012,視時弛張하야 以不悖于常하니 維士之良이로다,"시세(時勢)에 알맞게 늦추었다 당기었다 하며, 사납게 대하지 않는 것으로 법도를 삼았으니, 선비들 가운데 어진 분이셨도다!",로다,True,로다,Level1
당송팔대가문초왕안석2,379,2035,甚可悲也로다,심히 슬퍼할 일이로다.,로다,True,로다,Level1
당송팔대가문초왕안석2,381,2043,維其心之亨하야 以實其聲也로다,"그 마음은 형통(亨通)하여, 그의 명성(名聲)은 세상에 가득 찼어라!",로다,True,로다,Level1
당송팔대가문초왕안석2,387,2065,其若是하니 余不可以無銘이로다,이와 같으니 내가 명(銘)을 지어주지 않을 수가 없도다.,로다,True,로다,Level1
당송팔대가문초왕안석2,394,2112,惟其有命이라 故止於斯로다,"오직 그 운명(運命)이 그렇게 되어 있으므로, 그 때문에 이에서 멈춘 것이로다.",로다,False,로다,Level1
당송팔대가문초왕안석2,398,2134,君知此矣니 則其自信不屈은 宜以有所負而然이어늘 惜乎라 其未試也로다,"군(君)이 이것을 알았으니, 스스로 이를 확신하고 굽히지 않은 것은, 마땅히 자부(自負)함이 있어서 그렇게 한 것인데도, 애석하구나, 그 계책을 시험해볼 기회가 없었도다.",로다,True,로다,Level1
당송팔대가문초왕안석2,400,2141,天偶人觭로다,하늘이 좋은 자질 주었으나 인세(人世)의 운명은 험난하였네.,로다,True,로다,Level1
당송팔대가문초왕안석2,400,2142,翔其德音이어늘 而躓於時로다,"아름다운 명성(名聲)을 드날렸으나, 시대의 곤돈(困頓)을 겪으셨도다!",로다,True,로다,Level1
당송팔대가문초왕안석2,408,2244,此亦所謂未見其止而可惜者也로다,이 또한 이른바 그가 도달할 수 있는 경지를 보지 못하게 된 것이 애석할 뿐이로다.,로다,True,로다,Level1
당송팔대가문초왕안석2,413,2260,其可哀也已로다,슬퍼할 일이로다!,로다,True,로다,Level1
당송팔대가문초왕안석2,414,2261,士固有離世異俗하야 獨行其意라가 罵譏笑侮困辱而不悔는 彼皆無衆人之求요 而有所待於後世者也니 其齟齬固宜로다,"선비가 진실로 속인(俗人)들과 다른 뜻을 가지고 세상과 떨어져서 홀로 그의 뜻을 행하다가, 비난과 모멸과 곤욕을 당해도 후회하지 않는 것은, 저들이 모두 일반 사람들이 추구하는 것을 무시하고, 후세에 기대하는 바가 있는 사람이기 때문이니, 그들이 중인(衆人)들과 뜻이 맞지 않는 것은 본시 당연한 일이다.",로다,True,로다,Level1
당송팔대가문초왕안석2,414,2265,彼有所待而不悔者를 其知之矣로다,저 허군(許君)도 후세(後世)에 기대하는 바가 있어서 후회하지 않는 사람이었음을 알 수 있도다.,로다,True,로다,Level1
당송팔대가문초왕안석2,416,2271,有拔而起之라가 莫擠而止之로다,"발탁(拔擢)해주는 이가 있어서 일어났다가, 제지하는 자가 없는데도 그쳐버렸네.",로다,True,로다,Level1
당송팔대가문초왕안석2,429,2326,雖吾小人이나 與榮焉이요 無悔焉이니 不知子之兄可不可로다,"비록 내가 소인(小人)이지만 영예로운 일에 참여할 수 있고 후회가 없을 것인데, 그대의 형님이 가(可)하다고 하실지 불가(不可)하다고 하실지 모르겠습니다.” 하였다.",로다,True,로다,Level1
시경집전(하),1731,3913,君子萬年에 介爾景福이로다,군자(君子)가 만년(萬年)에 너는 큰 복을 크게 받으리로다,로다,True,로다,Level1
시경집전(하),1735,3921,君子萬年에 介爾昭明이로다,군자(君子)가 만년(萬年)에 너의 소명(昭明)함을 크게 하리로다,로다,True,로다,Level1
시경집전(하),1737,3926,昭明有融하니 高朗令終이로다,소명함이 매우 밝으니 고명(高明)하여 마침을 잘하리로다,로다,True,로다,Level1
시경집전(하),1738,3927,令終有俶하니 公尸嘉告로다,마침을 잘함이 시작이 있으니 공시(公尸)가 좋은 말로 고(告)하도다,로다,True,로다,Level1
시경집전(하),1741,3939,朋友攸攝이 攝以威儀로다,붕우(朋友)들의 검속(檢束)하는 바가 위의(威儀)로써 검속(檢束)하도다,로다,True,로다,Level1
시경집전(하),1744,3946,威儀孔時어늘 君子有孝子로다,위의(威儀)가 심히 제때에 맞거늘 군자(君子)가 효자(孝子)를 두었도다,로다,True,로다,Level1
시경집전(하),1745,3947,孝子不匱하니 永錫爾類로다,효자(孝子)가 다하지 아니하니 길이 너에게 좋음을 주리로다,로다,True,로다,Level1
시경집전(하),1747,3954,君子旣孝而嗣子又孝하니 其孝可謂源源不竭矣로다,"“군자(君子)가 이미 효도(孝道)하였는데 사자(嗣子)가 또 효도하니, 그 효도가 원원(源源)히 이어져 다하지 않는다고 이를 만하도다.”",로다,True,로다,Level1
시경집전(하),1748,3955,其類維何오 室家之壺이로다,그 좋음은 무엇인고 실가(室家)가 심원하고 엄숙하도다,로다,True,로다,Level1
시경집전(하),1749,3956,君子萬年에 永錫祚胤이로다,군자(君子)가 만년(萬年)에 길이 복록(福祿)과 자손(子孫)을 주리로다,로다,True,로다,Level1
시경집전(하),1752,3961,君子萬年에 景命有僕이로다,군자(君子)가 만년(萬年)에 큰 명(命)이 따르리로다,로다,True,로다,Level1
시경집전(하),1755,3965,其僕維何오 釐爾女士로다,그 따름은 무엇인고 너에게 훌륭한 여사(女士)를 줌이로다,로다,True,로다,Level1
시경집전(하),1756,3966,釐爾女士요 從以孫子로다,너에게 훌륭한 여사(女士)를 주고 훌륭한 자손(子孫)으로써 따르게 하리로다,로다,True,로다,Level1
시경집전(하),1759,3972,鳧鷖在涇이어늘 公尸來燕來寧이로다,부예(鳧鷖)가 경수(涇水)에 있거늘 공시(公尸)가 와서 잔치하며 편안히 계시도다,로다,True,로다,Level1
시경집전(하),1760,3973,爾酒旣淸하며 爾殽旣馨이로다,네 술이 이미 맑으며 네 안주가 이미 향기롭도다,로다,True,로다,Level1
시경집전(하),1761,3974,公尸燕飮하니 福祿來成이로다,공시(公尸)가 잔치에 술마시니 복록(福祿)이 와서 이루어지도다,로다,True,로다,Level1
시경집전(하),1764,3983,鳧鷖在沙어늘 公尸來燕來宜로다,부예(鳧鷖)가 모래에 있거늘 공시(公尸)가 와서 잔치하며 마땅하도다,로다,True,로다,Level1
시경집전(하),1765,3984,爾酒旣多하며 爾殽旣嘉로다,네 술이 이미 많으며 네 안주가 이미 아름답도다,로다,True,로다,Level1
시경집전(하),1766,3985,公尸燕飮하니 福祿來爲로다,공시(公尸)가 잔치에 술을 마시니 복록(福祿)이 와서 돕도다,로다,True,로다,Level1
시경집전(하),1768,3988,鳧鷖在渚어늘 公尸來燕來處로다,부예(鳧鷖)가 모래섬에 있거늘 공시(公尸)가 와서 잔치하며 거처하도다,로다,True,로다,Level1
시경집전(하),1478,3246,豈弟君子여 干祿豈弟로다,개제(豈弟)한 군자(君子)여 녹(祿)을 구함이 개제(豈弟)하도다,로다,True,로다,Level1
시경집전(하),1481,3256,瑟彼玉瓚에 黃流在中이로다,치밀한 저 옥찬(玉瓚)에 누런 술이 가운데 들어 있도다,로다,True,로다,Level1
시경집전(하),1482,3257,豈弟君子여 福祿攸降이이로다,개제(豈弟)한 군자(君子)여 복록(福祿)이 내리는 바로다,로다,True,로다,Level1
시경집전(하),1485,3265,鳶飛戾天이어늘 魚躍于淵이로다,솔개는 날아 하늘에 이르거늘 고기는 못에서 뛰놀도다,로다,True,로다,Level1
시경집전(하),1490,3274,以享以祀하여 以介景福이로다,올리며 제사하여 큰 복을 크게 하도다,로다,True,로다,Level1
시경집전(하),1492,3278,瑟彼柞棫은 民所燎矣로다,무성한 저 갈참나무와 떡갈나무는 백성들이 불 때는 바로다,로다,True,로다,Level1
시경집전(하),1493,3279,豈弟君子는 神所勞矣로다,개제(豈弟)한 군자(君子)는 신(神)이 위로하는 바로다,로다,True,로다,Level1
시경집전(하),1495,3284,莫莫葛藟여 施于條枚로다,무성한 칡넝쿨이여 나무가지에 뻗어 있도다,로다,True,로다,Level1
시경집전(하),1496,3285,豈弟君子여 求福不回로다,개제(豈弟)한 군자(君子)여 복(福)을 구함이 부정하지 않도다,로다,True,로다,Level1
시경집전(하),1532,3373,攘之剔之하니 其檿其柘로다,제거하고 베니 꾸지뽕나무와 산뽕나무로다,로다,False,로다,Level1
시경집전(하),1560,3459,無飮我泉이라 我泉我池로다,우리 샘물을 마시는 자가 없는지라 우리 샘물이요 우리 못이로다,로다,True,로다,Level1
시경집전(하),1572,3493,臨衝閑閑하니 崇墉言言이로다,임차(臨車)와 충차(衝車)가 느릿느릿 움직이니 숭(崇)나라 성(城)이 높고도 크도다,로다,True,로다,Level1
시경집전(하),1573,3494,執訊連連하며 攸馘安安이로다,신문할 자를 잡기를 계속하며 귀를 베어 바치기를 천천히 하도다,로다,False,로다,Level1
시경집전(하),1574,3495,是類是禡하여 是致是附하시니 四方以無侮로다,이에 유(類)제사를 지내고 마(禡)제사를 지내어 이에 오게 하며 따르게 하시니 사방(四方)에서 업신여기는 이가 없도다,로다,True,로다,Level1
시경집전(하),1575,3496,臨衝茀茀하니 崇墉仡仡이로다,임차(臨車)와 충차(衝車)가 강성하니 숭(崇)나라 성(城)이 견고하도다,로다,True,로다,Level1
시경집전(하),1576,3497,是伐是肆하며 是絶是忽하시니 四方以無拂이로다,이에 정벌하고 이에 군대를 풀어놓으며 이에 끊고 이에 멸망시키시니 사방(四方)에서 어기는 이가 없도다,로다,True,로다,Level1
시경집전(하),1582,3516,庶民攻之라 不日成之로다,서민(庶民)들이 일하는지라 하루가 못되어 완성하도다,로다,False,로다,Level1
시경집전(하),1583,3517,經始勿亟하시나 庶民子來로다,경영하여 시작하기를 빨리하지 말라 하시나 서민(庶民)들이 자식처럼 오도다,로다,True,로다,Level1
시경집전(하),1586,3528,王在靈囿하시니 麀鹿攸伏이로다,왕(王)이 영유(靈囿)에 계시니 암사슴과 사슴이 그 자리에 엎드려 있도다,로다,True,로다,Level1
시경집전(하),1587,3529,麀鹿濯濯이어늘 白鳥翯翯이로다,암사슴과 사슴이 살찌고 윤택하거늘 백조(白鳥)는 깨끗하고도 희도다,로다,True,로다,Level1
당송팔대가문초왕안석2,515,2718,爲吾能爲하니 已矣無悲로다,"내가 할 수 있는 일을 하였으니, 끝났는데 슬퍼할 것이 없다.",로다,True,로다,Level1
당송팔대가문초왕안석2,519,2736,夫人之德如是하니 是宜有銘者로다,"부인(夫人)의 덕(德)이 이와 같았으니, 이는 명(銘)에 기록해놓아야 마땅하도다!",로다,True,로다,Level1
당송팔대가문초왕안석2,520,2742,惟德之經이로다,"오직 그분만은 부덕(婦德)의 원칙을 준수하셨고,",로다,True,로다,Level1
당송팔대가문초왕안석2,523,2753,其可銘也로다,그런 분은 묘지명(墓誌銘)을 지어드릴 만하도다.,로다,True,로다,Level1
당송팔대가문초왕안석2,544,2852,良可悲也로다,진실로 슬픈 일이로다.,로다,True,로다,Level1
당송팔대가문초왕안석2,545,2855,歸孔昭兮로다,"크게 밝으신 인격을 지니셨으며,",로다,True,로다,Level1
당송팔대가문초왕안석2,545,2856,窈其爲德이요 婉有儀兮로다,"심원(深遠)한 인덕(仁德)은 준칙(準則)이 되었고, 유순(柔順)하면서 의태(儀態)가 계셨도다.",로다,True,로다,Level1
당송팔대가문초왕안석2,545,2857,命云如何오 壯則萎兮로다,"운명(運命)이 어떠하였기에, 장년(壯年)에 이르자마자 사거(死去)하셨는가?",로다,True,로다,Level1
당송팔대가문초왕안석2,545,2858,烝烝令子 悲慕思兮로다,"순후(淳厚)하고 훌륭한 아드님들, 슬퍼하며 연모(戀慕)하고 그리워하네.",로다,True,로다,Level1
당송팔대가문초왕안석2,545,2859,有嚴葬祔하야 祭配祗兮로다,"장엄하게 장례를 모셔 합장하고, 제사에 배향되어 공경(恭敬)을 받네.",로다,True,로다,Level1
당송팔대가문초왕안석2,545,2860,告哀無窮하야 銘此詩兮로다,"슬픔이 다함이 없음을 아뢰어, 이 시(詩)에 새겨놓았네.",로다,True,로다,Level1
당송팔대가문초왕안석2,554,2899,今湜能言其父之賢如此하니 問其州人與之游仕於此者면 乃以爲良然이로다,"이제 식(湜)이 그 부친(父親)의 현명(賢明)함이 이와 같다고 말할 수 있게 되었으니, 그 고을 사람으로 이곳에서 벼슬하고 유람할 수 있는 사람을 묻는다면 곧 진실로 이와 같은 이를 천거하였을 것이라고 여긴다.",로다,True,로다,Level1
당송팔대가문초왕안석2,558,2915,公賢遠矣로다,공(公)의 현명(賢明)함은 심원(深遠)하였도다.,로다,True,로다,Level1
당송팔대가문초왕안석2,616,3159,功名成就하고 不居而去하니 其出處進退는 又庶乎英魄靈氣 不隨異物腐散하야 而長在乎箕山之側과 與潁水之湄로다,"공명(功名)을 성취하고서는, 이를 누리지 않고 물러났으니, 그가 벼슬에 나가거나 물러난 처신이, 또한 특출하고 신령한 기상(氣象)으로, 다른 인물들에 휩쓸려 부패한 일이 없었으니, 길이 벼슬을 사양하고 기산(箕山)의 곁에서 은거(隱居)하며 영수(潁水)의 물에 귀를 씻었던 허유(許由)와 같았도다!",로다,True,로다,Level1
당송팔대가문초왕안석2,620,3181,能人所難하니 可謂君子로다,"남들이 어렵게 여기는 것을 잘 처리하였으니, 군자(君子)였다고 이를 만하네.",로다,True,로다,Level1
당송팔대가문초유종원1,53,392,豈說者過也로다,아마도 말한 자가 잘못 말해주었나 봅니다.,로다,False,로다,Level1
당송팔대가문초유종원1,69,518,東西來者 皆曰 海上多君子에 周爲倡焉이라하니 敢再拜稱賀로다,"동서의 각처에서 오는 사람들이 모두 말하기를 “해상(海上) 일대에 군자(君子)가 많은데 이는 주군소(周君巢)가 선도한 결과이다.”라고 하니, 감히 재배하며 축하드립니다.",로다,True,로다,Level1
당송팔대가문초유종원1,82,649,佞之惡 而恭反得罪로다,아첨을 증오하는 것이 지나친 나머지 공손함이 도리어 죄를 얻은 것이네.,로다,True,로다,Level1
당송팔대가문초유종원1,94,739,明天子賢宰相이 得史才如此而又不果하니 甚可痛哉로다,"밝으신 천자와 어진 재상이 이와 같은 사재(史才)를 얻었는데 성과가 없다니, 매우 가슴 아픈 일입니다.",로다,True,로다,Level1
당송팔대가문초유종원1,107,793,兄之學爲不負孔氏矣로다,형의 학문이 공씨(孔氏)(공자(孔子))를 저버리지 않았습니다.,로다,True,로다,Level1
당송팔대가문초왕안석2,430,2334,其卒也에 族分而貲衰하니 舜元爲善士로다,"그가 졸(卒)하자 친족들이 혈연의 원근에 따라 시마복(緦麻服)부터 참최복(斬衰服)까지 나누어 입고 상례(喪禮)를 거행하였으니, 순원(舜元)은 훌륭한 선비라 할 수 있다.",로다,True,로다,Level1
당송팔대가문초왕안석2,435,2351,芭稱雄書以爲勝周易이라하니 易不可勝也니 芭尙不爲知雄者로다,"후파(侯芭)는 양웅(揚雄)의 글이 《주역(周易)》보다도 더 낫다고 찬양하였으니, 《주역(周易)》보다 더 나은 글은 있을 수가 없으니, 후파(侯芭)는 오히려 양웅(揚雄)을 알지 못하는 사람이었던 것이다.",로다,False,로다,Level1
당송팔대가문초왕안석2,435,2357,天之生夫人也에 而命之如此하니 蓋非余所能知也로다,"하늘이 그 사람을 태어나게 하고 수명을 부여하기를 이와 같이 하였으니, 이는 내가 이해할 수 있는 바가 아니로다.",로다,True,로다,Level1
당송팔대가문초왕안석2,437,2370,莫吾知庸이나 亦莫吾侮로다,"사람들이 나를 임용할 줄 몰랐으나, 또한 나를 모멸하지는 못하였네.",로다,False,로다,Level1
당송팔대가문초왕안석2,437,2371,神則尙反이리니 歸形此土로다,"혼령이 장차 이곳에 돌아오리니, 이 땅에 육신(肉身)이 묻혔다오.",로다,True,로다,Level1
당송팔대가문초왕안석2,441,2391,今棄予而死矣하니 悲夫로다,"그런데 이제 나를 버리고 서거(逝去)하였으니, 슬픈 일이로다.",로다,True,로다,Level1
당송팔대가문초왕안석2,443,2400,樂以不罷하야 不怨以疑로다,"즐겁게 배양(培養)하여 중단하지 않으면서, 원망하거나 의심하지 않았구려.",로다,True,로다,Level1
당송팔대가문초왕안석2,443,2402,將在于玆로다,장차 이곳에 머물러 있겠지.,로다,True,로다,Level1
당송팔대가문초왕안석2,451,2435,孔子曰 秀而不實者 有矣夫하시니 漢臣幾是矣로다,"공자(孔子)께서 말씀하시기를 “이삭은 나왔으되 열매를 맺지 못하는 것도 있도다.” 하셨는데, 한신(漢臣)이 거의 이와 유사하게 된 것이로다.",로다,False,로다,Level1
당송팔대가문초왕안석2,464,2487,其可銘也已로다,이 때문에 명(銘)을 지어 남겨놓을 만하도다.,로다,False,로다,Level1
당송팔대가문초왕안석2,465,2493,匪佚之爲私라 維志之求로다,"은일(隱逸)함이 사익(私益)을 위해서가 아니라, 오직 자신(自身)의 지조(志操)를 추구한 것일 뿐이었도다.",로다,False,로다,Level1
당송팔대가문초왕안석2,469,2502,故其所稱述을 多所謂天之君子하니 若君者 似之矣로다,"그 때문에 그들이 말하고 기술한 것에, 이른바 자연스러운 군자(君子)(지인(至人)과 신인(神人))에 대한 것이 많으니, 군(君) 같은 사람이 그에 유사한 인물이라 하겠다.",로다,False,로다,Level1
당송팔대가문초왕안석2,478,2544,古所謂淑人君子者를 公於是可以當之矣로다,"옛날의 이른바 선량(善良)하고 덕(德)이 있는 숙인(淑人) 군자(君子)라는 것이 있으니, 공(公)이 이에 해당할 만하도다.",로다,False,로다,Level1
당송팔대가문초왕안석2,491,2621,其於義與命에 可謂能安之矣로다,"그가 의리와 운명에 합당하게 대처한 것은, 천명(天命)을 편안한 마음으로 따를 수 있었기 때문이라고 이를 수 있다.",로다,False,로다,Level1
당송팔대가문초왕안석2,498,2653,濤有學行하야 知名하고 旊斿는 亦皆嶷嶷有立하니 君祉所施 庶在於此로다,"사위 도(濤)는 학행(學行)이 있어서 이름이 알려졌고, 방(旊)과 유(斿)는 또한 모두 뛰어나게 총명하니, 군(君)의 복덕(福德)이 자손(子孫)에게 미쳐서 아마도 이에 이를 수 있게 된 듯하다.",로다,False,로다,Level1
당송팔대가문초왕안석2,502,2671,雖然이나 先生孝友最隆하야 委百世之重이어늘 而無所屬以傳이로다,"비록 그러하나 선생의 지극히 드높은 효성과 우애는, 백대(百代)가 지나도 중히 여길 만한데, 중요한 저작(著作)에 실어놓아 전하게 할 수가 없게 된 것이다.",로다,True,로다,Level1
당송팔대가문초왕안석2,503,2678,極矣로다,가혹함이 극심하도다.,로다,True,로다,Level1
당송팔대가문초왕안석2,508,2694,於呼鮮哉인저 可謂君子로다,"아아! 이는 드문 일이니, 군자(君子)라 이를 만하도다!",로다,True,로다,Level1
당송팔대가문초왕안석2,512,2704,夫其所以事親能如此하니 雖有不至라도 其亦可以無憾矣로다,대체로 그 모친을 섬김이 이와 같았으니 비록 지극하지 못한 것이 있어도 그 또한 유감(遺憾)스러울 것이 없다.,로다,False,로다,Level1
당송팔대가문초왕안석2,513,2713,悲夫로다,슬픈 일이로다!,로다,True,로다,Level1
시경집전(하),1588,3530,王在靈沼하시니 於牣魚躍이로다,"왕(王)이 영소(靈沼)에 계시니 아, 고기들이 가득히 뛰놀도다",로다,True,로다,Level1
시경집전(하),1591,3539,於論鼓鍾이여 於樂辟廱이로다,"아, 질서정연하게 종을 침이여 아, 즐거운 벽옹(辟廱)에서 하도다",로다,True,로다,Level1
시경집전(하),1593,3549,於論鼓鍾이여 於樂辟廱이로다,"아, 질서정연하게 종을 침이여 아, 즐거운 벽옹(辟廱)에서 하도다",로다,True,로다,Level1
시경집전(하),1594,3550,鼉鼓逢逢하니 矇瞍奏公이로다,악어가죽으로 만든 북이 화하게 울리니 악사(樂師)들이 일을 아뢰도다,로다,False,로다,Level1
시경집전(하),1617,3604,受天之祜하시니 四方來賀로다,하늘의 복을 받으시니 사방(四方)에서 와서 하례하도다,로다,True,로다,Level1
시경집전(하),1625,3620,甚大乎其有聲也로다,심히 크게 그 명성을 두셨도다.,로다,True,로다,Level1
시경집전(하),1637,3643,豊水東注하니 維禹之績이로다,풍수(豊水)가 동쪽으로 흐르니 우(禹)임금의 공적이로다,로다,True,로다,Level1
시경집전(하),1660,3720,神人之生에 而有以異於人을 何足怪哉리오하니 斯言이 得之矣로다,"신인(神人)이 태어남에 보통사람과 다름이 있음을 어찌 괴이하게 여길 것이 있겠는가.”하였으니, 이 말이 맞다.",로다,True,로다,Level1
시경집전(하),1669,3741,誕寘之寒冰한대 鳥覆翼之로다,찬 얼음 위에 버려두자 새가 날개로 덮어주고 깔아주도다,로다,True,로다,Level1
시경집전(하),1679,3768,誕后稷之穡이 有相之道로다,후직(后稷)의 농사는 재배하는 방법이 있도다,로다,False,로다,Level1
시경집전(하),1686,3788,誕降嘉種하니 維秬維秠며 維穈維芑로다,아름다운 종자를 내려주니 검은 기장과 검은 기장이며 붉은 차조와 흰 차조로다,로다,True,로다,Level1
시경집전(하),1694,3805,載燔載烈하여 以興嗣歲로다,불고기를 굽고 꼬치에 끼워 구워서 해를 일으키고 잇도다,로다,True,로다,Level1
시경집전(하),1696,3818,卬盛于豆하니 于豆于登이로다,내 제기(祭器)에 담으니 나무그릇에 하고 질그릇에 하도다,로다,False,로다,Level1
시경집전(하),1710,3860,肆筵設席하니 授几有緝御로다,자리를 펴고 그 위에 자리를 이중으로 펴니 궤를 주고 계속하여 모시는 이가 있도다,로다,False,로다,Level1
시경집전(하),1713,3863,嘉殽脾臄이며 或歌或咢이로다,아름다운 안주에 지라와 입술고기가 있으며 혹은 노래하고 혹은 북치도다,로다,True,로다,Level1
시경집전(하),1717,3876,舍矢旣均하니 序賓以賢이로다,화살을 발사하자 모두 적중되니 손님을 차례하되 화살을 잘 맞힘으로써 하도다,로다,False,로다,Level1
시경집전(하),1719,3878,四鍭如樹하니 序賓以不侮로다,네 화살촉이 꽂아놓은 듯이 꽂히니 손님을 차례하되 업신여기지 않음으로써 하도다,로다,False,로다,Level1
시경집전(하),1722,3893,曾孫維主하니 酒醴維醹로다,증손(曾孫)이 주인(主人)이니 술과 단술이 맛이 후(厚)하도다,로다,True,로다,Level1
시경집전(하),1723,3894,酌以大斗하여 以祈黃耉로다,큰 말로 떠서 황구(黃耉)를 기원하도다,로다,True,로다,Level1
시경집전(하),1725,3896,壽考維祺하여 以介景福이로다,수고(壽考)로 길하여 큰 복을 크게 하도다,로다,True,로다,Level1
시경집전(하),1841,4163,泂酌彼行潦하여 挹彼注玆라도 可以餴饎로다,멀리 저 길가의 빗물을 떠서 저것을 떠다가 여기에 주입하더라도 선밥과 술밥을 만들 수 있도다,로다,True,로다,Level1
시경집전(하),1842,4164,豈弟君子여 民之父母로다,개제(豈弟)한 군자(君子)여 백성의 부모(父母)로다,로다,True,로다,Level1
시경집전(하),1845,4174,泂酌彼行潦하여 挹彼注玆라도 可以濯罍로다,멀리 저 길가의 빗물을 떠서 저기에서 떠다가 여기에 주입하더라도 잔을 씻을 수 있도다,로다,True,로다,Level1
시경집전(하),1846,4175,豈弟君子여 民之攸歸로다,개제(豈弟)한 군자(君子)여 백성의 귀의하는 바로다,로다,True,로다,Level1
시경집전(하),1848,4178,泂酌彼行潦하여 挹彼注玆라도 可以濯漑로다,멀리 저 길가의 빗물을 떠서 저기에서 떠다가 여기에 주입하더라도 씻을 수 있도다,로다,True,로다,Level1
시경집전(하),1849,4179,豈弟君子여 民之攸墍로다,개제(豈弟)한 군자(君子)여 백성이 편안히 쉬는 바로다,로다,True,로다,Level1
시경집전(하),1852,4184,有卷者阿에 飄風自南이로다,굽은 언덕에 표풍(飄風)이 남쪽에서 불어오도다,로다,True,로다,Level1
시경집전(하),1853,4185,豈弟君子 來游來歌하여 以矢其音이로다,개제(豈弟)한 군자(君子)가 와서 놀며 노래하여 그 소리를 베풀도다,로다,True,로다,Level1
시경집전(하),1856,4192,伴奐爾游矣며 優游爾休矣로다,한가히 그대가 놀며 우유히 그대가 쉬도다,로다,True,로다,Level1
시경집전(하),1857,4193,豈弟君子아 俾爾彌爾性하여 似先公酋矣리로다,개제(豈弟)한 군자(君子)야 그대로 하여금 그대의 성명(性命)을 잘 마쳐서 선공(先公)의 마침과 같게 하리로다,로다,True,로다,Level1
시경집전(하),1860,4202,爾土宇昄章하니 亦孔之厚矣로다,그대의 사는 강토(疆土)가 크게 밝으니 또한 심히 후하도다,로다,True,로다,Level1
시경집전(하),1861,4203,豈弟君子아 俾爾彌爾性하여 百神爾主矣리로다,개제(豈弟)한 군자(君子)야 그대로 하여금 그대의 성명(性命)을 잘 마쳐서 백신(百神)들이 그대를 주인(主人)으로 삼게 하리로다,로다,True,로다,Level1
시경집전(하),1864,4208,爾受命長矣니 笰祿爾康矣로다,그대가 천명(天命)을 받음이 장구하니 복록(福祿)으로 그대가 편안하도다,로다,True,로다,Level1
시경집전(하),1865,4209,豈弟君子아 俾爾彌爾性하여 純嘏爾常矣리로다,개제(豈弟)한 군자(君子)야 그대로 하여금 그대의 성명(性命)을 잘 마쳐서 큰 복을 그대가 항상 누리게 하리로다,로다,True,로다,Level1
시경집전(하),1875,4230,鳳凰于飛하니 翽翽其羽라 亦集爰止로다,봉황(鳳凰)이 날으니 그 깃을 퍼덕여 또한 그칠 데에 앉도다,로다,True,로다,Level1
시경집전(하),1876,4231,藹藹王多吉士하시니 維君子使라 媚于天子로다,애애(藹藹)히 왕(王)께서 길사(吉士)가 많으시니 군자(君子)가 부리는지라 천자(天子)를 사랑하도다,로다,True,로다,Level1
시경집전(하),1879,4240,鳳凰于飛하니 翽翽其羽라 亦傅于天이로다,봉황(鳳凰)이 날으니 그 깃을 퍼덕여 또한 하늘에 이르도다,로다,True,로다,Level1
시경집전(하),1880,4241,藹藹王多吉人하시니 維君子命이라 媚于庶人이로다,애애(藹藹)히 왕(王)께서 길인(吉人)이 많으시니 군자(君子)가 명하는지라 서민(庶民)들을 사랑하도다,로다,True,로다,Level1
시경집전(하),1882,4244,鳳凰鳴矣니 于彼高岡이로다,봉황(鳳凰)이 우니 저 높은 뫼에서 하도다,로다,True,로다,Level1
시경집전(하),1883,4245,梧桐生矣니 于彼朝陽이로다,오동나무가 자라니 저 아침해가 뜨는 동산에서 하도다,로다,False,로다,Level1
시경집전(하),1769,3989,爾酒旣湑하며 爾殽伊脯로다,네 술이 이미 걸러졌으며 네 안주가 포(脯)로다,로다,True,로다,Level1
시경집전(하),1770,3990,公尸燕飮하니 福祿來下로다,공시(公尸)가 잔치에 술을 마시니 복록(福祿)이 와서 내리도다,로다,True,로다,Level1
시경집전(하),1772,3994,鳧鷖在潨이어늘 公尸來燕來宗이로다,부예(鳧鷖)가 물모인 곳에 있거늘 공시(公尸)가 와서 잔치하며 높이 계시도다,로다,True,로다,Level1
시경집전(하),1773,3995,旣燕于宗하니 福祿攸降이로다,이미 종묘(宗廟)에서 잔치하니 복록(福祿)이 내리는 바로다,로다,True,로다,Level1
시경집전(하),1774,3996,公尸燕飮하니 福祿來崇이로다,공시(公尸)가 잔치에 술을 마시니 복록(福祿)이 와서 높이 쌓이도다,로다,True,로다,Level1
시경집전(하),1776,4001,鳧鷖難亹이어늘 公尸來止熏熏이로다,부예(鳧鷖)가 물어귀에 있거늘 공시(公尸)가 와서 머물러 훈훈(熏熏)하도다,로다,True,로다,Level1
시경집전(하),1777,4002,旨酒欣欣하며 燔炙芬芬이로다,맛있는 술이 즐거우며 불고기와 산적이 향기롭고 향기롭도다,로다,True,로다,Level1
시경집전(하),1778,4003,公尸燕飮하니 無有後艱이로다,공시(公尸)가 잔치에 술을 마시니 뒤에 어려움이 없도다,로다,True,로다,Level1
시경집전(하),1781,4009,假樂君子여 顯顯令德이로다,아름답고 즐거운 군자(君子)여 드러나고 드러난 훌륭한 덕이로다,로다,True,로다,Level1
시경집전(하),1782,4010,宜民宜人이라 受祿于天이로다,백성에게 마땅하고 신하에게 마땅한지라 하늘에서 녹을 받도다,로다,True,로다,Level1
시경집전(하),1786,4019,干祿百福이라 子孫千億이로다,녹을 구하여 백복(百福)을 얻은지라 자손이 천(千)이며 억(億)이로다,로다,True,로다,Level1
시경집전(하),1788,4021,不愆不忘하여 率由舊章이로다,잘못하지 아니하며 잊지 아니하여 옛 전장(典章)을 따르도다,로다,False,로다,Level1
시경집전(하),1793,4031,受福無疆이라 四方之綱이로다,복을 받음이 무궁한지라 사방(四方)의 기강(紀綱)이로다,로다,True,로다,Level1
시경집전(하),1808,4075,旣庶旣繁하며 旣順迺宣하여 而無永嘆이로다,이미 거주하는 자들이 많으며 이미 편안하고 두루 퍼져 있어 길이 탄식함이 없도다,로다,False,로다,Level1
시경집전(하),1810,4077,何以舟之오 維玉及瑤과 鞞琫容刀로다,무엇을 허리에 찼는고 옥(玉)과 아름다운 옥(玉)과 비봉(鞞琫)에 장식한 칼이로다,로다,True,로다,Level1
시경집전(하),1821,4109,旣登乃依로다,이미 자리에 오르고 궤에 의지하도다,로다,False,로다,Level1
시경집전(하),1823,4111,食之飮之하며 君之宗之로다,밥을 먹이고 술을 마시게 하며 임금으로 받들고 종(宗)으로 높이도다,로다,True,로다,Level1
시경집전(하),1828,4126,觀其流泉하니 其軍三單이로다,흐르는 물을 관찰하니 그 군대가 삼단(三單)이로다,로다,False,로다,Level1
시경집전(하),1830,4128,度其夕陽하니 豳居允荒이로다,석양(夕陽)을 헤아리니 빈(豳)땅에 거주하는 것이 진실로 광대하도다,로다,True,로다,Level1
시경집전(하),1837,4146,止旅迺密이어늘 芮鞫之卽이로다,거주하는 무리가 빽빽하거늘 예수(芮水)의 가에 나아가 살도다,로다,False,로다,Level1
당송팔대가문초유종원1,130,916,今觀秀才所增益者에 不啻銖兩하니 吾固伏膺而俯矣로다,"지금 수재(秀才)가 늘린 무게를 살펴보면 한 돈이나 한 냥 정도가 아니니, 나는 본디 이미 충심으로 승복하여 고개를 숙였다네.",로다,True,로다,Level1
당송팔대가문초유종원1,167,1149,果於直道는 斯古人之所難이어늘 而兄行之로다,"곧은 도리를 과감히 견지하는 일은 옛사람도 그렇게 하기 어려웠던 점인데, 형이 실행하신 것입니다.",로다,True,로다,Level1
당송팔대가문초유종원1,170,1166,大謬妄矣로다,대단히 허황된 것이네.,로다,True,로다,Level1
당송팔대가문초유종원1,190,1254,贍望淸風에 若在天外하니 無任感激欣躍之至로다,"고결한 품격을 우러러 바라볼 제 마치 천상에 계시는 분 같으니, 깡충깡충 뛸 듯이 기쁜 희열을 가눌 수 없습니다.",로다,True,로다,Level1
당송팔대가문초유종원1,212,1412,凡我從事於文者 所宜追惜而悼慕也로다,우리들 문예(文藝)에 종사하는 사람들이 마땅히 애석해하고 슬퍼할 일이다.,로다,False,로다,Level1
당송팔대가문초유종원1,217,1430,嗚呼 有可惜哉로다,"아, 애석하다.",로다,True,로다,Level1
당송팔대가문초유종원1,253,1561,非所謂去名求實者矣로다,이것은 사람들이 표방하는 ‘허명(虛名)을 버리고 실제(實際)를 추구한다.’는 것이 아니다.,로다,True,로다,Level1
당송팔대가문초유종원1,255,1573,則其賢於爲莊墨申韓之言하여 而逐逐然唯印組爲務以相軋者에 其亦遠矣로다,그러니 장자(莊子)‧묵자(墨子)‧신불해(申不害)‧한비자(韓非子)의 학설을 신봉하여 오직 벼슬을 추구하는 것을 지상의 과제로 삼고 서로 배척하는 자들과 견주어볼 때 그들보다 훨씬 낫다고 하겠다.,로다,True,로다,Level1
당송팔대가문초유종원1,274,1679,是足爲佐天子相天下法矣니 物莫近乎此也로다,"이는 족히 천자(天子)를 보좌하여 천하를 돕는 자의 법이 될 만하니, 세상에 어떤 일도 이보다 더 비슷한 경우는 없다.",로다,True,로다,Level1
당송팔대가문초유종원1,282,1731,吾見蚩之有在也로다,내가 보기에는 멍청이가 따로 있다.,로다,False,로다,Level1
당송팔대가문초유종원1,318,1934,見公之作에 知公之志로다,“공께서 지으신 것을 보니 공의 뜻을 알겠다.,로다,False,로다,Level1
당송팔대가문초유종원1,322,1949,邦人이 悅是祥也하여 雜然謠曰 甿之熙熙여 崔公之來로다,"연주(連州) 사람들은 흥분하여 상서로운 일로 알고 모두가 노래 부르기를 “백성들이 화락함이여, 최공(崔公)이 오셨다네.",로다,True,로다,Level1
당송팔대가문초유종원1,322,1950,公化所徹에 土石蒙烈이로다,"공의 교화(敎化)가 미치어, 흙과 돌도 공을 입었다네.",로다,True,로다,Level1
당송팔대가문초유종원2,109,527,是非聖人之言이요 傳之者誤也果矣로다,그것은 분명 성인(聖人)의 말씀이 아니고 말을 전한 자가 잘못 전한 것이 분명하다.,로다,False,로다,Level1
당송팔대가문초유종원2,155,707,幸矣人之葆之者少러니 今元子又文之以指要하니 嗚呼라 其爲好術也過矣로다,"다행히도 이 책을 중시하는 사람의 숫자가 적었는데 지금 원기(元冀)가 또 《지요(指要)》를 편찬하여 이 책을 옹호하고 나서니, 아, 술수를 좋아하는 정도가 너무 지나치다 하겠다.",로다,False,로다,Level1
당송팔대가문초유종원2,183,829,今以蔣氏觀之하니 猶信이로다,그런데 이제 장씨(蔣氏)가 처한 상황으로 보니 그것이 사실임을 믿겠다.,로다,True,로다,Level1
당송팔대가문초유종원2,187,845,恒其道하고 一其志하여 不欺其心하니 斯固世之所難得也로다,"그 도리를 변함없이 유지하고 그 뜻을 하나같이 지켜 자신의 마음을 속이지 않으니, 이는 실로 인간세상에서는 찾아보기 어려운 일이다.",로다,True,로다,Level1
당송팔대가문초유종원2,213,1134,其蔑有加矣로다,더 이상은 없습니다.,로다,True,로다,Level1
당송팔대가문초유종원2,248,1397,遭世孔疚로다,위태하고 어려운 시대를 만났었네.,로다,True,로다,Level1
당송팔대가문초유종원2,248,1399,進御羔褏로다,"양 가죽 천한 옷이 좋다고 입었으며,",로다,False,로다,Level1
당송팔대가문초유종원2,248,1401,孤雄束咮로다,외론 수탉 밀려나 울지를 못하였네.,로다,True,로다,Level1
당송팔대가문초유종원2,248,1403,蒙耳大呂로다,아름다운 음악은 모두 귀를 닫았네.,로다,True,로다,Level1
당송팔대가문초유종원2,248,1405,焚棄稷黍로다,기장쌀 좋은 곡식 불태우고 버렸네.,로다,True,로다,Level1
당송팔대가문초유종원2,248,1407,宮庭之不處로다,궁전에서 마침내 거처하지 못했네.,로다,True,로다,Level1
당송팔대가문초유종원2,248,1409,榮若繡黼로다,"고운 예복(禮服) 입은 듯 영광으로 여겼고,",로다,True,로다,Level1
당송팔대가문초유종원2,248,1411,娛娛笑舞로다,쾌락에 빠져서는 웃으며 춤추었네.,로다,True,로다,Level1
당송팔대가문초유종원2,248,1413,惑以爲咸池로다,"고상한 신선(神仙) 음악 함지(咸池)로 여기었고,",로다,True,로다,Level1
당송팔대가문초유종원2,248,1415,美逾西施로다,아름답기 저 옛날 서시(西施)보다 낫다나.,로다,True,로다,Level1
당송팔대가문초유종원2,248,1417,反寘瑱而遠違로다,도리어 귀를 막고 저 멀리 피했다네.,로다,True,로다,Level1
당송팔대가문초유종원2,248,1419,進兪緩之不可爲로다,유부(兪跗) 진완(秦緩) 명의도 어찌할 수 없었네.,로다,False,로다,Level1
당송팔대가문초유종원2,249,1421,厲鍼石而從之로다,침석(鍼石)을 준비하여 병자 찾아 나섰네.,로다,True,로다,Level1
당송팔대가문초유종원2,249,1423,曰吾行之遲遲로다,"내 걸음 더디다고 일찍이 말했었고,",로다,True,로다,Level1
당송팔대가문초유종원2,249,1435,夫唯服道以守義로다,오직 도를 따르고 의리를 지키셨네.,로다,True,로다,Level1
당송팔대가문초유종원2,249,1437,滔大故而不貳로다,차라리 죽을망정 두 마음 안 품었네.,로다,True,로다,Level1
당송팔대가문초유종원2,267,1553,能是達矣니 余無以唁矣라 敢更以爲賀로다,"능히 이처럼 달관을 하였으니, 내가 위로할 것은 없겠고 감히 다시 축하드립니다.”",로다,True,로다,Level1
당송팔대가문초유종원2,290,1736,道合隆汙로다,치세이건 난세건 도가 맞았네.,로다,True,로다,Level1
당송팔대가문초유종원2,290,1740,不盈稱孤로다,군주가 된 뒤에도 아니 자만해.,로다,True,로다,Level1
당송팔대가문초유종원2,290,1748,文王爲徒로다,문왕(文王)과 대등하신 무리 되었네.,로다,True,로다,Level1
당송팔대가문초유종원2,290,1752,繼在後儒로다,후학들이 뒤이어 칭송한다네.,로다,True,로다,Level1
당송팔대가문초유종원2,381,2673,涇州野如赭하여 人且飢死어늘 而必得穀하고 又用大杖擊無罪者로다,"경주(涇州) 들판에 온통 가뭄이 들어 백성들이 굶어죽을 지경인데 너는 기어코 곡식을 받아내려고 했고, 게다가 큰 곤장으로 죄 없는 사람을 무자비하게 때리기까지 했다.",로다,False,로다,Level1
시경집전(하),1884,4246,菶菶萋萋하니 雝雝喈喈로다,오동나무가 무성하니 봉황(鳳凰)의 울음소리 화(和)하도다,로다,True,로다,Level1
시경집전(하),1887,4252,君子之馬 旣閑且馳로다,군자(君子)의 말이 이미 길들고 또 달리도다,로다,True,로다,Level1
시경집전(하),1897,4272,然이나 其憂時感事之意를 亦可見矣로다,그러나 그 세상을 걱정하고 일에 감동한 뜻을 또한 볼 수 있다.,로다,True,로다,Level1
시경집전(하),1940,4354,老夫灌灌이어늘 小子蹻蹻이로다,늙은 지아비는 정성을 다하거늘 소자(小子)는 교만하고 교만하도다,로다,True,로다,Level1
시경집전(하),1948,4370,喪亂蔑資라 曾莫惠我師로다,상란(喪亂)을 당하여 멸망함이 서글픈지라 일찍이 우리들을 사랑하는 이가 없도다,로다,True,로다,Level1
시경집전(하),1971,4424,疾威上帝는 其命多辟이로다,포학한 상제(上帝)는 그 명(命)에 사벽(邪僻)함이 많도다,로다,True,로다,Level1
시경집전(하),1985,4458,侯作侯祝 靡屆靡究로다,저주함이 끝이 없고 다함이 없도다,로다,True,로다,Level1
시경집전(하),1991,4470,爾德不明이라 以無陪無卿이로다,네 덕(德)이 밝지 못한지라 배관(陪官)이 없고 경(卿)이 없도다,로다,True,로다,Level1
시경집전(하),1994,4476,天不湎爾以酒어시늘 不義從式이로다,하늘이 너를 술에 빠지게 하지 않으셨거늘 불의(不義)한 일을 따라 쓰도다,로다,True,로다,Level1
시경집전(하),1996,4478,式號式呼하여 俾晝作夜로다,고함치고 소리쳐서 낮으로 밤을 삼도다,로다,True,로다,Level1
시경집전(하),2001,4486,內奰于中國하여 覃及鬼方이로다,안으로는 중국(中國)에서 노여움을 받아 뻗쳐 귀방(鬼方)에 이르도다,로다,True,로다,Level1
시경집전(하),2006,4495,曾是莫聽이라 大命以傾이로다,마침내 들어주지 않는지라 대명(大命)이 이 때문에 기울어지도다,로다,True,로다,Level1
시경집전(하),2019,4520,哲人之愚는 亦維斯戾로다,철인(哲人)의 어리석음은 이 상도(常道)에 위반되도다,로다,False,로다,Level1
시경집전(하),2057,4609,此는 正心誠意之極功이어늘 而武公及之하니 則亦聖賢之徒矣로다,"이는 정심(正心), 성의(誠意)의 지극한 공부인데, 무공(武公)이 이에 미쳤으니, 그 또한 성현(聖賢)의 무리로다.",로다,True,로다,Level1
시경집전(하),2069,4628,民各有心이로다,사람들이 각기 딴 마음이 있도다,로다,False,로다,Level1
시경집전(하),2077,4646,昊天孔昭하시니 我生靡樂이로다,호천(昊天)이 매우 밝으시니 우리 삶이 즐겁지 않도다,로다,True,로다,Level1
시경집전(하),2089,4667,今汝乃回遹其德하여 而使民至於困急하니 則喪厥國也必矣로다,"그런데 너는 마침내 그 덕(德)을 사벽(邪僻)하게 하여 백성으로 하여금 곤궁하고 위급한 지경에 이르게 하니, 그 나라를 망칠 것이 틀림없다.",로다,True,로다,Level1
시경집전(하),2093,4675,捋采其劉하여 瘼此下民이로다,잎을 한 번에 다 따서 하민(下民)들을 병들게 하도다,로다,True,로다,Level1
시경집전(하),2098,4688,四牡騤騤하니 旟旐有翩이로다,사모(四牡)가 건장하니 깃발이 펄럭이도다,로다,True,로다,Level1
시경집전(하),2100,4690,民靡有黎하여 具禍以燼이로다,백성들이 머리 검은 이가 없어서 모두 화(禍)를 입어 불타 없어지도다,로다,True,로다,Level1
시경집전(하),2101,4691,於乎有哀하니 國步斯頻이로다,"아, 가련하니 국운(國運)이 위급하도다",로다,True,로다,Level1
시경집전(하),2113,4715,多我覯痻이며 孔棘我圉로다,"많도다, 나의 폐해를 받음이며 심히 급하도다, 우리 변방이여",로다,True,로다,Level1
시경집전(하),2115,4721,爲謀爲毖나 亂況斯削이로다,도모하며 신중히 하나 난(亂)이 불어나 나라가 이 침삭되도다,로다,True,로다,Level1
시경집전(하),2118,4724,其何能淑고 載胥及溺이로다,그 어찌 선(善)할 수 있겠는가 서로 빠짐에 미칠 뿐이로다,로다,True,로다,Level1
시경집전(하),2121,4735,如彼逆風이라 亦孔之僾로다,저 바람을 향해 선 듯한지라 또한 심히 숨이 막히도다,로다,True,로다,Level1
시경집전(하),2124,4738,稼穡維寶며 代食維好로다,농사짓는 것이 보배로우며 녹식(祿食)을 대신함이 좋은 일이로다,로다,True,로다,Level1
시경집전(하),2128,4746,降此蟊賊하여 稼穡卒痒이로다,이 해충들을 내려서 농사가 모두 병들었도다,로다,True,로다,Level1
시경집전(하),2130,4748,靡有旅力이 以念穹蒼이로다,여력(旅力)이 하늘의 화를 생각할 수도 없도다,로다,True,로다,Level1
시경집전(하),2140,4770,朋友已譖하여 不胥以穀이로다,붕우(朋友)들이 이미 참소하여 서로 선(善)하게 하지 않도다,로다,True,로다,Level1
시경집전(하),2150,4787,民之貪亂이여 寧爲荼毒이로다,백성들이 난을 탐함이여 도독(荼毒)을 편안히 여기도다,로다,True,로다,Level1
시경집전(하),2153,4796,大風有隧하니 有空大谷이로다,대풍(大風)의 불어옴이 길이 있으니 빈 큰 골짝이로다,로다,True,로다,Level1
시경집전(하),2155,4798,維彼不順은 征以中垢로다,저 도리에 순종하지 않는 자는 가기를 중구(中垢)로써 하도다,로다,False,로다,Level1
시경집전(하),2158,4804,大風有隧하니 貪人敗類로다,대풍(大風)이 감에 길이 있으니 탐하는 사람들이 족류(族類)를 패(敗)하게 하도다,로다,True,로다,Level1
시경집전(하),2160,4806,匪用其良하여 覆俾我悖로다,선량(善良)한 사람을 등용하지 아니하여 도리어 나로 하여금 노망들게 하도다,로다,True,로다,Level1
시경집전(하),2176,4845,倬彼雲漢이여 昭回于天이로다,밝은 저 운한(雲漢)이여 빛이 하늘을 따라 돌도다,로다,True,로다,Level1
시경집전(하),2189,4882,旱旣大甚이라 則不可推로다,가뭄이 너무 심한지라 밀쳐낼 수가 없도다,로다,True,로다,Level1
시경집전(하),2193,4886,胡不相畏리오 先祖于摧로다,어찌 서로 두려워하지 않으리오 선조(先祖)의 제사가 끊기게 되었도다,로다,True,로다,Level1
시경집전(하),2195,4895,旱旣大甚이라 則不可沮로다,가뭄이 너무 심한지라 막을 수가 없도다,로다,True,로다,Level1
시경집전(하),2196,4896,赫赫炎炎하여 云我無所로다,열기가 혁혁(赫赫)하고 뜨거워서 내 용납될 곳이 없도다,로다,True,로다,Level1
시경집전(하),2201,4908,旱旣大甚이라 滌滌山川이로다,가뭄이 너무 심한지라 산천(山川)을 씻어낸 듯하도다,로다,True,로다,Level1
당송팔대가문초유종원2,382,2684,果不用吾言이로다,“끝내 내 말을 듣지 않았구나.”,로다,False,로다,Level1
당송팔대가문초증공1,56,376,甚矣其難也로다,"아, 도(道)를 파악한다는 것은 이처럼 어렵습니다.",로다,False,로다,Level1
당송팔대가문초증공1,65,428,故不敢望於衆人하고 而獨注心於大賢也로다,이 때문에 감히 다른 사람에게 기대하지 않고 유독 대현(大賢)께 마음을 기울이는 것입니다.,로다,False,로다,Level1
당송팔대가문초증공1,150,889,凡三千首이라 盛矣哉로다,작품이 모두 3천 수나 되니 훌륭합니다.,로다,True,로다,Level1
당송팔대가문초증공1,175,1019,則佛之徒 自以謂得諸內者는 亦可謂妄矣로다,그렇다면 불교도가 스스로 도를 마음에서 얻었다고 말하는 것은 거짓이라고 할 수 있다.,로다,True,로다,Level1
당송팔대가문초증공1,195,1162,本原事實에 其所繇致此는 有自也哉로다,이러한 사실의 내력을 추구해보면 이와 같은 정도까지 도달할 수 있었던 이유는 곧 그만한 근원이 있었기 때문이었다.,로다,False,로다,Level1
당송팔대가문초증공1,214,1258,然向數困於讒하되 而不改其操하니 與夫患失之者로 異矣라 可謂有志者也로다,"그러나 유향(劉向)은 여러 번 참소에 몰려 곤경에 처하였는데도 그 지조를 바꾸지 않아, 일단 부귀를 얻은 뒤에는 그것을 잃을까 근심하는 자들과는 다르니, 뜻이 있는 이라고 말할 만하다.",로다,True,로다,Level1
당송팔대가문초증공1,348,1912,噫라 亦其民之不幸也已로다,"아, 이 또한 남월(南越) 땅 백성들의 불행이다.",로다,True,로다,Level1
당송팔대가문초증공1,357,1975,予謂二君之於政이 可謂知所務矣로다,"내 생각에, 동군(董君)과 정군(鄭君)은 정사(政事)에 있어 무슨 일을 해야 하는지 안다고 할 수 있다.",로다,False,로다,Level1
당송팔대가문초증공1,374,2087,於是過子産矣로다,그러므로 그는 자산(子産)보다도 훌륭하다.,로다,False,로다,Level1
당송팔대가문초증공1,381,2132,由是言之컨대 則圖記皆謂齊之南山爲歷山이요 舜所耕處라 故其城名歷城이 爲信然也로다,"이를 통하여 말하자면, ≪제주도(齊州圖)≫와 ≪제주기(齊州記)≫에서 모두 제(齊)나라의 남쪽에 있는 산이 역산(歷山)이며, 순(舜)임금이 농사를 지었던 곳이기 때문에 여기에 있는 성(城)을 역성(歷城)으로 명명(命名)했다는 말은 신빙성이 있다.",로다,False,로다,Level1
당송팔대가문초증공1,410,2366,爲法令之所不及이니 是可謂有志者也로다,"법령(法令)에도 명시되지 않은 일을 행하였으니, 이는 뜻 있는 선비라고 말할 만하다.",로다,False,로다,Level1
당송팔대가문초증공1,423,2432,遂以名其亭하니 汪君之志與其識이 可謂協矣로다,마침내 음귀(飮歸)로 그 정자를 명명했으니 왕군(汪君)의 뜻과 현판 이름이 부합된다고 할 만하다.,로다,False,로다,Level1
당송팔대가문초증공1,428,2455,至於伐鼓鳴角하여는 以警昏昕하고 下漏數刻하여 以節晝夜하니 則又新是四器 列而棲之로다,"북을 치고 호각(號角)을 울려 황혼과 새벽을 알리고, 물시계의 물로 시간을 계산하여 밤낮을 구분하는 일에 있어서는 또 이것에 관한 네 가지 기물을 새롭게 만들어 제자리에 배치하였다.",로다,False,로다,Level1
당송팔대가문초증공1,459,2598,程公能因其地之善하여 以寓其耳目之樂하니 非獨忘其遠且險이요 又將抗其思於埃壒之外하니 其志壯哉로다,"그런데 정공(程公)은 능히 그 지방의 좋은 특성을 살려 거기에다 이목의 즐거움을 부쳤으니, 그 지역이 멀고 험난하다는 것을 잊었을 뿐만 아니라, 또 그의 생각을 속세의 밖에다가 높이 두었으니 그 뜻이 장대하다.",로다,True,로다,Level1
당송팔대가문초증공1,520,2922,前世崇飾非正之號者 其失如此어늘 而後世又謂宜如期親故事增官廣國者는 亦可謂皆不合於禮矣로다,"앞 세대에서 바르지 않은 호칭으로 높이고 꾸며준 잘못이 이와 같은데, 후세에 또 이르기를 “기복(期服) 존속에 대해 처리했던 전례처럼 관작과 나라로 높여줘야 한다.” 하니, 또한 모두 예서(禮書)에 부합하지 않는다고 할 만하다.",로다,False,로다,Level1
당송팔대가문초한유1,142,684,孔子之言曰 有德者必有言이라하니 信乎其有德且有言也로다,"공자(孔子)께서 “덕(德)이 있는 자는 반드시 훌륭한 말을 한다.”고 하셨는데, 합하(閤下)야말로 참으로 덕이 있어서 훌륭한 말을 하셨다고 하겠습니다.",로다,True,로다,Level1
당송팔대가문초한유1,142,685,揚子雲曰 商書灝灝爾요 周書噩噩爾라하니 信乎其能灝灝而且噩噩也로다,"양자운(揚子雲)이 “〈상서(商書)〉는 호호(灝灝)(뜻이 광대(廣大)함)하고, 〈주서(周書)〉는 악악(噩噩)(논조가 엄숙(嚴肅)하고 절직(切直)함)하다.”고 하였는데, 합하의 문장이야말로 참으로 호호(灝灝)하고도 악악(噩噩)하다 하겠습니다.",로다,True,로다,Level1
당송팔대가문초한유1,146,696,在彼中阿로다,저 언덕 가운데 있네.,로다,False,로다,Level1
당송팔대가문초한유1,146,701,載沈載浮로다,잠기는 물건도 싣고 뜨는 물건도 실었네.,로다,False,로다,Level1
시경집전(하),2202,4909,旱魁爲虐하여 如惔如焚이로다,한발(旱魃)이 사나워 속이 타는 듯하며 불을 놓은 듯하도다,로다,True,로다,Level1
시경집전(하),2208,4921,胡寧瘨我以旱고 憯不知其故로다,어찌 나를 병들게 하되 한해(旱害)로써 하는가 일찍이 그 연고를 알지 못하겠도다,로다,True,로다,Level1
시경집전(하),2213,4931,旱旣大甚이라 散無友紀로다,가뭄이 너무 심한지라 흩어져 기강(紀綱)이 없도다,로다,True,로다,Level1
시경집전(하),2216,4934,靡人不周하여 無不能止로다,사람마다 백성을 구원하지 않는 이가 없어 능하지 못하다 하여 그치는 이가 없도다,로다,True,로다,Level1
시경집전(하),2219,4949,瞻卬昊天한대 有嘒其星이로다,하늘을 우러러보니 밝은 그 별이로다,로다,True,로다,Level1
시경집전(하),2220,4950,大夫君子 昭假無贏이로다,대부(大夫)와 군자(君子)들이 하늘의 신(神)을 밝게 이르게 함이 남김이 없도다,로다,True,로다,Level1
시경집전(하),2227,4966,崧高維嶽이 駿極于天이로다,높은 산악이 높아서 하늘에 이르도다,로다,True,로다,Level1
시경집전(하),2228,4967,維嶽降神하여 生甫及申이로다,산악(山嶽)에서 신(神)을 내려 보후(甫侯)와 신후(申侯)를 내셨도다,로다,True,로다,Level1
시경집전(하),2230,4969,四國于蕃이며 四方于宣이로다,사국(四國)에 번병(藩屛)이며 사국(四國)에 덕택(德澤)을 베풀도다,로다,True,로다,Level1
시경집전(하),2236,4985,登是南邦하시니 世執其功이로다,이 남방(南邦)을 이루게 하시니 대대로 그 공(功)을 지키게 하도다,로다,True,로다,Level1
시경집전(하),2243,5007,申伯之功을 召伯是營이로다,신백(申伯)의 공(功)을 소백(召伯)이 경영하도다,로다,True,로다,Level1
시경집전(하),2246,5010,四牡蹻蹻하며 鉤膺濯濯이로다,사모(四牡)가 건장하며 갈고리와 가슴걸이가 선명하도다,로다,True,로다,Level1
시경집전(하),2248,5014,王遣申伯하시니 路車乘馬로다,왕(王)이 신백(申伯)을 보내시니 노거(路車)와 네필의 말이로다,로다,False,로다,Level1
시경집전(하),2249,5015,我圖爾居호니 莫如南土로다,내 너의 거처할 곳을 도모해 보니 남쪽 땅만한 곳이 없도다,로다,True,로다,Level1
시경집전(하),2254,5022,申伯還南하니 謝于誠歸로다,신백(申伯)이 남쪽으로 돌아가니 사읍(謝邑)으로 진실로 돌아가도다,로다,False,로다,Level1
시경집전(하),2256,5024,以峙其粻하니 式遄其行이로다,그 양식을 쌓게 하니 그 감을 빨리 하도다,로다,False,로다,Level1
시경집전(하),2260,5034,不顯가 申伯이여 王之元舅로소니 文武是憲이로다,"드러나지 않을까, 신백(申伯)이여 왕(王)의 큰 외숙이로소니 문무(文武)의 신하들이 이에 법(法)으로 삼도다",로다,False,로다,Level1
시경집전(하),2262,5042,申伯之德이여 柔惠且直이로다,신백(申伯)의 덕(德)이여 유순하고 또 정직하도다,로다,True,로다,Level1
시경집전(하),2263,5043,揉此萬邦하여 聞于四國이로다,이 만방(萬邦)을 다스려 사방 나라에 알려지도다,로다,True,로다,Level1
시경집전(하),2264,5044,吉甫作誦하니 其詩孔碩이로다,길보(吉甫)가 송시(誦詩)를 지으니 그 시(詩)가 심히 훌륭하도다,로다,True,로다,Level1
당송팔대가문초한유1,178,884,其亦不仁甚矣로다,그들 또한 매우 불인(不仁)하다 하겠습니다.,로다,False,로다,Level1
당송팔대가문초한유1,178,887,其亦不量其力이로다,이 또한 자신의 힘을 요량하지 못한 것입니다.,로다,False,로다,Level1
당송팔대가문초한유1,178,894,死罪로다,죽을죄를 지었습니다.,로다,False,로다,Level1
당송팔대가문초한유1,219,1059,愈之志 在古道하고 又甚好其言辭어늘 觀足下之書와 及十四篇之詩컨대 亦云有志於是矣로다,"나는 뜻이 옛 도(道)를 행하는 데 있고 또 옛 문장을 매우 좋아하는데, 족하(足下)의 서신(書信) 및 14편(篇)의 시(詩)를 보건대 족하 또한 옛 도와 옛 문장에 뜻을 두었다고 하겠습니다.",로다,True,로다,Level1
당송팔대가문초한유1,228,1099,然皆子之愛我多하고 重我厚하야 不酌時人待我之情하고 而以子之待我之意로 使我望於時人也로다,"그러나 이는 모두 그대가 나를 아끼는 마음이 많고 나를 존중하는 마음이 두터워서, 시속 사람들이 나를 대하는 마음이 어떤가는 헤아리지 않고 그대가 나를 대우하는 마음만 가지고 나로 하여금 시속 사람들에게 기대를 걸게 한 것이네.",로다,False,로다,Level1
당송팔대가문초한유1,236,1153,旣謂能麤知足下오도 而復懼足下之不我知하니 亦過也로다,"이미 족하를 대략 이해한다고 말해놓고서 다시 족하가 나를 이해하지 못하실까 걱정하니, 이 또한 나의 허물입니다.",로다,True,로다,Level1
당송팔대가문초한유1,268,1289,後世復有揚子雲이면 必好之矣리라 子雲死近千載로되 竟未有揚子雲하니 可歎也로다,"후세에 다시 양자운이 나오면 반드시 이 글을 좋아할 것이다.”라고 하였는데, 자운이 죽은 지 거의 천 년이 되었는데도 끝내 양자운이 나타나지 않았으니 한탄스럽습니다.",로다,True,로다,Level1
당송팔대가문초한유1,324,1567,其功實大하니 足下與濟父子俱宜牽連得書로다,견제 부자의 사적을 드러낸 족하(足下)의 공이 실로 크니 족하도 견제 부자와 함께 연달아 기재되는 것이 합당합니다.,로다,False,로다,Level1
당송팔대가문초한유1,342,1631,不復有斯人也로다,지금 세상에는 이런 사람을 다시 볼 수 없습니다.,로다,True,로다,Level1
당송팔대가문초한유1,354,1672,雨不止하야 薪芻價益高로다,장맛비가 그치지 않아 연료(燃料)와 마초(馬草)의 값이 더 올랐습니다.,로다,False,로다,Level1
당송팔대가문초한유2,4,12,而又侈之以詩書六藝之學과 先聖賢之德音하야 以成其文하고 以(附)［輔］其質하니 宜乎從事於是府而流聲實於天朝也로다,"게다가 또 ≪시(詩)≫‧≪서(書)≫ 등 육예(六藝)(육경(六經))의 학문과 선대(先代) 성현(聖賢)의 덕음(德音)(가르침)으로 〈지식과 행동의〉 범위를 넓혀［侈］ 그 문채(文采)를 이루고 타고난 질(質)을 보완하였으니, 호남부(湖南府)에서 종사(從事)(요속(僚屬)으로 있음)하면서 명성이 전파되어 조정에 가득 찬 것이 당연하다.",로다,False,로다,Level1
당송팔대가문초한유2,17,66,縣令不以言하고 連帥不以信하야 民就窮而斂愈急하니 吾見刺史之難爲也로다,"그런데도 현령(縣令)은 실정을 자사에게 말하지 않고 연수(連帥)는 자사의 말을 믿지 않아, 백성들의 생활은 갈수록 곤궁해지고 부세의 징수는 갈수록 더욱 급박해지니, 내가 보기에 자사는 참으로 하기 어려운 관직이다.",로다,False,로다,Level1
당송팔대가문초한유2,44,176,自朝之聞人以及五都之伯長群吏히 皆厚其餼賂하고 或作歌詩以嘉童子하니 童子亦榮矣로다,"조정에 명망 있는 사람으로부터 5도(都)의 백장(伯長)(장관(長官))과 군리(群吏)에 이르기까지 모두 그에게 음식과 재화(財貨)를 후하게 보내고, 혹은 시가(詩歌)를 지어 동자를 찬양하였으니, 동자 또한 영예롭다 하겠다.",로다,False,로다,Level1
당송팔대가문초한유2,48,188,以明經擧者는 誦數十萬言하고 又約通大義하며 徵辭引類하고 旁出入他經者는 又誦數十萬言이니 其爲業也勤矣로다,"명경과(明經科)에 응시(應試)하는 자는 수십만 자(字)의 글을 외고 또 그 뜻을 대략 이해해야 하며, 고인의 언사(言辭)나 유사한 사례(事例)를 끌어다가 증거로 삼고 널리 다른 경서(經書)를 넘나드는 자는 또 수십만 자의 글을 외야 하니, 그 학업(學業)이 수고롭다 하겠다.",로다,False,로다,Level1
당송팔대가문초한유2,48,189,登第於有司者는 去民畝而就吏祿하고 由是進而累爲卿相者가 常常有之하니 其爲獲也亦大矣로다,"그러나 유사(有司)에게 뽑혀 급제한 자는 農地［民畝］를 떠나 관리가 되어 봉록(俸祿)을 받고, 이로부터 승진을 거듭하여 경상(卿相)이 되는 자가 항상 있었으니, 얻는 것 또한 크다 하겠다.",로다,False,로다,Level1
당송팔대가문초한유2,71,280,三爲屬吏하야 經時五年에 觀道德於前後하고 聽敎誨於左右하니 可謂親薰而炙之矣로다,"나는 세 차례 상공(相公)의 속리(屬吏)(하관(下官))가 되어 5년을 보내는 동안, 상공의 앞뒤에서 상공의 도덕(道德)을 우러러보았고 상공의 좌우에서 상공의 가르침을 들었으니, 가까이서 영향을 받아 교화되었다고 할 수 있다.",로다,False,로다,Level1
당송팔대가문초한유2,72,283,其在門者可進賀也로다,〈그러니〉 그 문하(門下)에 있는 나로서는 축하를 올릴 만하다.,로다,False,로다,Level1
당송팔대가문초한유2,139,551,宜乎施諸樂章하고 紀諸冊書로다,악장(樂章)에 싣고 사책(史冊)에 기록함이 마땅하다.”,로다,False,로다,Level1
당송팔대가문초한유2,152,646,則滕王閣又無因而至焉矣로다,그래서 또 등왕각(滕王閣)에 갈 기회［因］가 없었다.,로다,False,로다,Level1
당송팔대가문초한유2,163,702,弘中之德이 與其所好로 可謂協矣로다,왕홍중(王弘中)의 덕(德)이 그가 좋아하는 바와 부합한다고 이를 수 있다.,로다,False,로다,Level1
당송팔대가문초한유2,163,703,智以謀之하고 仁以居之하니 吾知其去是而羽儀於天朝也不遠矣로다,"그는 지혜로 인해 일을 꾀함이 주밀(周密)하고 인으로 인해 직위(職位)에 거처함이 편안하니, 나는 그가 이곳을 떠나 천자의 조정에서 백관(百官)의 모범［羽儀］이 될 날이 머지않을 것으로 안다.",로다,False,로다,Level1
당송팔대가문초한유2,165,727,三公同時하야 千里相望하니 可謂盛矣로다,"세 공(公)은 동시에 〈높은 관직에 올라〉 천 리 밖에 있으니, 성대하다 할 만하다.",로다,True,로다,Level1
당송팔대가문초한유2,166,730,於其記可以知其畫之絶世矣로다,이 기(記)에서 그 그림이 세상에 흔치 않은 뛰어난 그림임을 알 수 있다.,로다,True,로다,Level1
당송팔대가문초한유2,193,843,惜乎라 蕃之居下하야 其可以施於人者不流也로다,애석하게도 하번(何蕃)은 지위가 낮아서 사람들에게 베풀 수 있는 것을 베풀지 못하였다.,로다,True,로다,Level1
당송팔대가문초한유2,204,916,上見其髮禿하고 又所摹畫不能稱上意하니 上嘻笑曰 中書君老而禿하니 不任吾用이로다,"상(上)은 그 머리털이 모지라진 것을 보고, 또 묘사(描寫)한 것이 상(上)의 뜻에 맞지 않으니, 상(上)이 웃으면서 “중서군(中書君)이 늙어서 털이 모지라졌으니 내가 시키는 일을 감당할 수 없겠구나.",로다,True,로다,Level1
당송팔대가문초한유2,208,941,彼以煦煦爲仁하고 孑孑爲義하니 其小之也則宜로다,"저 노자는 작은 은혜［煦煦］를 인(仁)으로 여기고 청고(淸高)［孑孑］한 것을 의(義)로 여겼으니, 그가 인의(仁義)를 작게 여긴 것이 당연하다.",로다,False,로다,Level1
당송팔대가문초한유2,209,952,不求其端하고 不訊其末이요 惟怪之欲聞이로다,"그 근본［端］을 탐구하지도, 그 말(末)을 묻지도 않고서 오직 괴이함만을 듣고 싶어 하누나.",로다,True,로다,Level1
당송팔대가문초한유2,210,953,古之爲民者四러니 今之爲民者六이요 古之敎者處其一이러니 今之敎者處其三이로다,"옛날의 백성은 〈사(士)‧농(農)‧공(工)‧상(商)〉 네 종류였는데, 지금의 백성은 〈사(士)‧농(農)‧공(工)‧상(商)‧승려(僧侶)‧도사(道士)〉 여섯 종류이고, 옛날의 교육은 담당하는 곳이 한 곳이었는데, 지금의 교육은 담당하는 곳이 세 곳(유(儒)‧불(彿)‧도(道))이다.",로다,True,로다,Level1
당송팔대가문초한유2,211,959,今其言曰 聖人不死면 大盜不止니 剖斗折衡이라야 而民不爭이라하니 嗚呼라 其亦不思而已矣로다,"지금 노자(老子)의 말에 “성인(聖人)이 죽지 않으면 큰 도둑이 그치지 않을 것이니, 말［斗］을 부수고 저울대를 꺾어야 백성이 다투지 않을 것이다.”라고 하였으니, 아, 그 또한 생각하지 않아서일 뿐이다.",로다,True,로다,Level1
당송팔대가문초한유2,212,966,"嗚呼라 其亦幸而出于三代之後하야 不見黜于禹, 湯, 文, 武, 周公, 孔子也요 其亦不幸而不出于三代之前하야 不見正於禹, 湯, 文, 武, 周公, 孔子也로다","아, 저들의 다행은 삼대(三代) 이후에 출생해서 우(禹)‧탕(湯)‧문(文)‧무(武)‧주공(周公)‧공자(孔子)의 내침을 받지 않은 것이고, 저들의 불행은 삼대(三代) 이전에 출생하지 않아 우(禹)‧탕(湯)‧문(文)‧무(武)‧주공(周公)‧공자(孔子)의 바로잡음을 받지 못한 것이다.",로다,True,로다,Level1
당송팔대가문초한유2,213,970,責饑之食者曰 曷不爲飮之之易也로다,배고파 밥을 먹는 자에게 “어찌하여 수월하게 물을 마시지 않느냐?”고 꾸짖는 것과 같은 꼴이로다.,로다,False,로다,Level1
당송팔대가문초한유2,214,972,然則古之所謂正心而誠意者는 將以有爲也어늘 今也欲治其心而外天下國家하고 滅其天常하야 子焉而不父其父하고 臣焉而不君其君하며 民焉而不事其事로다,"그렇다면 옛날에 이른바 마음을 바르게 하고 뜻을 성실히 한 것은 장차 유위(有爲)하기 위해서였는데, 지금 〈저들은〉 그 마음을 다스리고자 하면서 천하와 국가를 도외시하고 천상(天常)(천륜(天倫))을 끊어버려, 자식이면서 그 아비를 아비로 여기지 않고, 신하이면서 그 임금을 임금으로 여기지 않고, 백성이면서 백성의 본분을 일삼지 않는다.",로다,False,로다,Level1
당송팔대가문초한유2,227,1050,士之處此世而望名譽之光道德之行이 難已로다,선비가 이 세상에 살면서 명예가 빛나고 도덕이 행해지를 바라기가 참으로 어렵다.,로다,True,로다,Level1
당송팔대가문초한유2,250,1187,今議者謂學生之無所事와 謂齋郞之幸而進은 不本其意요 因謂可以代任其事而罷之도 蓋亦不得其理矣로다,"지금 논의하는 자들의 ‘학생(學生)은 하는 일이 없다.’는 말과, ‘재랑(齋郞)은 그저 요행으로 된 것이다.’라는 말은 그 뜻을 깊이 따지지 않고 하는 말이고, ‘그 일을 학생들에게 대신 맡기고 재랑(齋郞)을 파직하면 된다.’는 말 또한 사리에 맞지 않는다.",로다,False,로다,Level1
당송팔대가문초한유2,271,1322,"今世之士가 不務行曾參, 周公, 孔子之行하고 而諱親之名은 則務勝於曾參, 周公, 孔子하니 亦見其惑也로다","그런데 오늘날 세상의 선비들은 증삼(曾參)‧주공(周公)‧공자(孔子)의 행실은 행하기를 힘쓰지 않으면서, 부모의 이름을 피휘하는 것은 증삼(曾參)‧주공(周公)‧공자(孔子)를 초월［勝］하기를 힘쓰니, 또한 저들이 미혹(迷惑)되었음을 볼 수 있다.",로다,False,로다,Level1
당송팔대가문초한유2,278,1376,不可知면 則其謂之不祥也亦宜로다,알 수 없다면 그것을 상서롭지 못한 동물이라 해도 마땅하다.,로다,False,로다,Level1
당송팔대가문초한유2,278,1378,聖人者必知麟이니 麟之果不爲不祥也로다,"성인은 반드시 기린을 알 것이니, 기린은 과연 상서롭지 못한 동물이 아니다.",로다,True,로다,Level1
당송팔대가문초한유2,278,1380,麟之所以爲麟者는 以德不以形이니 若麟之出不待聖人이면 則謂之不祥也亦宜로다,"“기린이 기린(영물(靈物))이 된 까닭은 덕(德) 때문이지 모양 때문이 아니니, 만약 기린이 성인을 기다리지 않고 출현한다면 그것을 일러 상서롭지 못한 동물이라 해도 마땅하다.”",로다,True,로다,Level1
당송팔대가문초한유2,287,1402,愛其子에는 擇師而敎之로되 於其身也엔 則恥師焉하니 惑矣로다,"사랑하는 자기 자식에 대해서는 스승을 골라 가르치게 하면서 자신에 대해서는 스승에게 배우는 것을 수치로 여기니, 이는 미혹(迷惑)(사리를 분간하지 못함)이다.",로다,True,로다,Level1
당송팔대가문초한유2,288,1407,位卑則足羞요 官盛則近諛라하니 嗚呼라 師道之不復可知矣로다,"지위가 낮은 사람을 스승으로 삼으면 수치스럽다고 하고, 관직이 높은 사람을 스승으로 삼으면 아첨에 가깝다고 하니, 아, 사도(師道)가 회복되지 않을 것을 알 수 있다.",로다,True,로다,Level1
시경집전(하),2268,5053,天生烝民하시니 有物有則이로다,하늘이 여러 백성을 내시니 사물이 있음에 법(法)이 있도다,로다,True,로다,Level1
시경집전(하),2269,5054,民之秉彛라 好是懿德이로다,백성이 떳떳한 성품을 갖고 있는지라 이 아름다운 덕(德)을 좋아하도다,로다,True,로다,Level1
시경집전(하),2277,5072,天子是若하며 明命使賦로다,천자(天子)를 순히 하며 밝은 명(命)을 사방에 펴도다,로다,True,로다,Level1
시경집전(하),2283,5086,賦政于外하니 四方爰發이로다,밖에 정사(政事)를 베푸니 사방(四方)이 이에 호응하도다,로다,True,로다,Level1
시경집전(하),2287,5096,邦國若否을 仲山甫明之로다,나라의 좋고 나쁨을 중산보(仲山甫)가 밝히도다,로다,True,로다,Level1
시경집전(하),2289,5098,夙夜匪解하여 以事一人이로다,밤낮으로 게을리하지 아니하여 한 사람을 섬기도다,로다,True,로다,Level1
시경집전(하),2293,5109,不侮矜寡하며 不畏彊禦로다,홀아비와 과부를 업신여기지 아니하며 강포한 자를 두려워하지 않도다,로다,True,로다,Level1
시경집전(하),2295,5113,不茹柔라 故로 不侮矜寡하고 不吐剛이라 故로 不畏彊禦하니 以此觀之컨대 則仲山甫之柔嘉는 非軟美之謂요 而其保身은 未嘗枉道以徇人을 可知矣로다,"부드러운 것을 삼키지 않기 때문에 홀아비와 과부를 업신여기지 않고, 강한 것을 뱉지 않기 때문에 강포한 자를 두려워하지 않는 것이니, 이로써 본다면 중산보(仲山甫)의 ˂덕(德)이˃ 유순하고 아름다움은 연약하고 아름다운 것을 이름이 아니요, 그가 몸을 보전한 것은 도(道)를 굽혀 남을 따른 것이 아님을 알 수 있다.",로다,True,로다,Level1
시경집전(하),2297,5115,我儀圖之하니 維仲山甫擧之로소니 愛莫助之로다,내 헤아려 보고 도모해 보건대 오직 중산보(仲山甫)만이 덕(德)을 거행하노니 사랑하되 도와줄 수가 없도다,로다,True,로다,Level1
시경집전(하),2298,5116,袞職有闕이어든 維仲山甫補之로다,곤직(袞職)에 결함이 있거든 중산보(仲山甫)가 보좌하도다,로다,False,로다,Level1
시경집전(하),2302,5126,征夫捷捷하니 每懷靡及이로다,정부(征夫)들이 민첩하고 민첩하니 매양 생각함에 미치지 못할 듯이 하도다,로다,True,로다,Level1
시경집전(하),2307,5137,仲山甫徂齊하나니 式遄其歸로다,중산보(仲山甫)가 제(齊)나라에 가나니 그 돌아옴을 빨리하리로다,로다,True,로다,Level1
시경집전(하),2308,5138,吉甫作誦하니 穆如淸風이로다,길보(吉甫)가 송시(誦詩)를 지으니 의미 심장함이 청풍(淸風)과 같도다,로다,True,로다,Level1
시경집전(하),2319,5170,四牡奕奕하니 孔脩且張이로다,사모(四牡)가 크고 크니 심히 키가 크고 또 크도다,로다,True,로다,Level1
시경집전(하),2320,5171,韓侯入覲하니 以其介圭로 入覲于王이로다,한후(韓侯)가 들어와 뵈니 개규(介圭)로써 들어와 왕(王)을 뵙도다,로다,True,로다,Level1
시경집전(하),2322,5173,鉤膺鏤錫과 鞹鞃淺幭과 鞗革金厄이로다,갈고리와 가슴걸이와 조각한 당로(當盧)와 털없는 가죽고삐와 호피로 만든 덮개와 가죽고삐와 쇠고리로 묶은 것이로다,로다,False,로다,Level1
시경집전(하),2324,5189,韓侯出祖하니 出宿于屠로다,한후(韓侯)가 나가 노제(路祭)를 지내니 나가 도(屠)땅에서 유숙하도다,로다,True,로다,Level1
시경집전(하),2325,5190,顯父餞之하니 淸酒百壺로다,현보(顯父)가 전송하니 청주(淸酒)가 백병이로다,로다,True,로다,Level1
시경집전(하),2326,5191,其殽維何오 炰鼈鮮魚로다,그 안주는 무엇인가 삶은 자라와 생선이로다,로다,False,로다,Level1
시경집전(하),2327,5192,其蔌維何오 維筍及蒲로다,그 나물은 무엇인가 죽순과 포약나물이로다,로다,False,로다,Level1
시경집전(하),2328,5193,其贈維何오 乘馬路車로다,그 선물은 무엇인가 네 필의 말과 노거로다,로다,False,로다,Level1
시경집전(하),2329,5194,籩豆有且하니 侯氏燕胥로다,변두(籩豆)가 많기도 하니 제후(諸侯)들이 서로 잔치하도다,로다,True,로다,Level1
시경집전(하),2331,5204,韓侯取妻하니 汾王之甥이요 蹶父之子로다,한후(韓侯)가 아내를 취하니 분왕(汾王)의 생질이요 궐부(蹶父)의 자식이로다,로다,True,로다,Level1
시경집전(하),2332,5205,韓侯迎止하니 于蹶之里로다,한후(韓侯)가 맞이하니 궐(蹶)의 마을에서 하도다,로다,True,로다,Level1
시경집전(하),2334,5207,諸娣從之하니 祁祁如雲이로다,여러 여동생들이 따라서 시집오니 얌전하고 구름처럼 많도다,로다,False,로다,Level1
시경집전(하),2335,5208,韓侯顧之하니 爛其盈門이로다,한후(韓侯)가 이들을 돌아보니 찬란한 문에 가득하도다,로다,True,로다,Level1
시경집전(하),2338,5218,爲韓姞相攸하니 莫如韓樂이로다,한길(韓姞)을 위하여 시집보낼 만한 곳을 보니 한(韓)나라만큼 즐거운 곳이 없도다,로다,True,로다,Level1
시경집전(하),2341,5221,有熊有罷하며 有貓有虎로다,곰도 있고 큰 곰도 있으며 고양이도 있고 범도 있도다,로다,True,로다,Level1
시경집전(하),2342,5222,慶旣令居하니 韓姞燕譽로다,이미 좋은 거처를 소유함을 기뻐하니 한길(韓姞)이 편안하고 즐겁도다,로다,False,로다,Level1
시경집전(하),2344,5230,溥彼韓城이여 燕師所完이로다,큰 저 한(韓)나라의 성(城)이여 연(燕)나라 군대가 완전히 해준 바로다,로다,False,로다,Level1
시경집전(하),2346,5232,王錫韓侯하시니 其追其貊이로다,왕(王)께서 한후(韓侯)에게 내려주시니 그 추(追)와 맥(貊)이로다,로다,False,로다,Level1
시경집전(하),2349,5235,獻其貔皮와 赤豹黃罷로다,비휴(貔貅)가죽과 붉은 표범과 누런 곰을 바치도다,로다,True,로다,Level1
시경집전(하),2353,5246,江漢浮浮하니 武夫滔滔로다,강한(江漢)이 넘실넘실 흐르니 무부(武夫)들이 배를 타고 도도(滔滔)히 내려가도다,로다,True,로다,Level1
시경집전(하),2359,5256,江漢湯湯하니 武夫洸洸이로다,강한(江漢)이 넘실넘실 흐르니 무부(武夫)가 굳세고 굳세도다,로다,True,로다,Level1
시경집전(하),2360,5257,經營四方하여 告成于王이로다,사방(四方)을 경영하여 왕(王)께 성공을 아뢰도다,로다,False,로다,Level1
시경집전(하),2361,5258,四方旣平하니 王國庶定이로다,사방(四方)이 이미 평정되니 왕국(王國)이 행여 안정되리로다,로다,False,로다,Level1
시경집전(하),2368,5267,于疆于理하여 至于南海로다,큰 경계를 다스리고 작은 조리(條理)를 다스려서 남해(南海)에 이르도다,로다,True,로다,Level1
시경집전(하),2399,5332,不留不處하여 三事就緖로다,머무르지 아니하며 편안히 처하지 아니하여 삼사(三事)가 실마리를 찾아나가게 하도다,로다,True,로다,Level1
시경집전(하),2403,5341,王舒保作하사 匪紹匪遊하시니 徐方繹騷로다,왕(王)이 천천히 편안하게 출동하사 급히 하지 않으며 한가로이 놀지 않으시니 서방(徐方)이 연락(連絡)하여 소요(騷擾)하도다,로다,False,로다,Level1
시경집전(하),2404,5342,震驚徐方하니 如雷如霆하여 徐方震驚이로다,서방(徐方)을 진동하니 우레와 같고 벼락과 같아서 서방(徐方)이 진동하도다,로다,True,로다,Level1
당송팔대가문초한유2,301,1457,我思古人은 伊鄭之僑로다,내가 사모하는 옛사람은 정(鄭)나라의 공손교(公孫僑)이지.,로다,True,로다,Level1
당송팔대가문초한유2,301,1458,以禮相國이나 人未安其敎로다,예(禮)로써 국정(國政)을 도왔으나 사람들 그 가르침을 편안히 여기지 않았지.,로다,False,로다,Level1
당송팔대가문초한유2,312,1509,人之將死엔 其臟腑必有先受其病者요 引繩而絶之에도 其絶必有處어늘 觀者見其然하고 從而尤之하니 其亦不達於理矣로다,"사람이 죽을 때에는 그 사람의 오장(五臟)과 육부(六腑)에 반드시 먼저 병이 든 곳이 있기 때문이고, 노끈을 당겨 끊을 때에도 반드시 끊기는 곳이 있는데, 방관자(傍觀者)들은 이런 정황(죽고 끊김)만을 보고서 〈먼저 병이 든 부위와 끊어진 노끈만을〉 꾸짖으니, 이 또한 사리를 모르는 짓이다.",로다,False,로다,Level1
당송팔대가문초한유2,313,1517,當是時하야 棄城而圖存者를 不可一二數요 擅强兵하고 坐而觀者가 相環也로되 不追議此하고 而責二公以死守하니 亦見其自比於逆亂하야 設淫辭而助之攻也로다,"이때를 당하여 성을 버리고 도망가서 목숨을 보존하기를 도모한 자를 한둘로 셀 수 없고, 강성한 군대를 가지고도 앉아서 구경만 한 자가 사방에 널렸는데, 이런 무리들은 추구(追究)하지 않고 도리어 목숨을 걸고 성(城)을 지킨 두 공(公)을 꾸짖으니, 이에서 또한 저들은 자신을 난을 일으킨 반적(叛賊)에게 비유해 사실에 부합하지 않는 황당한 말을 만들어서 역적을 도와 두 분을 공격하는 것임을 볼 수 있다.",로다,False,로다,Level1
당송팔대가문초한유2,323,1577,吾不及其時進退揖讓于其間이로다,내 문왕(文王)과 주공(周公) 때에 태어나 그분들 사이에서 진퇴읍양(進退揖讓)하지 못한 것이.,로다,True,로다,Level1
당송팔대가문초한유2,329,1604,是必夫子信讒하야 有間於予也로다,이는 반드시 그대가 참언(讒言)을 믿고서 우리를 멀리［間］하려는 것이다.,로다,True,로다,Level1
당송팔대가문초한유2,331,1622,子知我名과 凡我所爲오도 驅我令去하니 小黠大癡로다,"“그대가 우리의 이름과 우리가 하는 일을 알고도 우리를 쫓아 보내려 하니, 조금은 슬기롭고 크게는 어리석다.",로다,True,로다,Level1
당송팔대가문초한유2,331,1626,携持琬琰하고 易一羊皮하며 飫於肥甘하야 慕彼糠糜로다,"완염(琬琰)(보옥(寶玉))을 가지고서 양가죽 한 장과 바꾸려 하고, 비감(肥甘)(맛난 음식)에 물려서 저 겨죽을 그리워하는구려.",로다,True,로다,Level1
당송팔대가문초한유2,340,1680,噫라 亦異之大者也로다,아! 이는 크게 괴이한 일이다.,로다,True,로다,Level1
당송팔대가문초한유2,342,1692,得之於功이라도 或失於德하며 得之於身이라도 或失於子孫이어늘 今夫功德如是하고 祥祉如是하니 其善持之也可知已로다,"공업(功業)으로 인해 그것을 얻었어도 덕(德)이 부족해 잃는 경우도 있고, 자신이 얻었어도 자손(子孫) 대에 잃는 경우도 있는데, 지금 〈북평왕(北平王)은〉 공덕(功德)이 이와 같고 길상(吉祥)과 복지(福祉)가 이와 같으니, 녹위(祿位)와 귀부(貴富)를 잘 지켰음을 알 수 있다.”라고 하였다.",로다,False,로다,Level1
당송팔대가문초한유2,344,1701,今之通都大邑이 介(然)於屈强之間이로되 而不知爲之備하니 噫라 亦惑矣로다,"지금 사통팔달하는 큰 도시가 방진(方鎭)［屈强］ 사이에 끼었으면서도 대비할 줄을 모르니, 아! 이 또한 미혹(迷惑)(사리분별을 못함)이로다.",로다,True,로다,Level1
당송팔대가문초한유2,357,1763,是則古之言通者는 通於道義요 今之言通者는 通於私曲이니 其亦異矣로다,"그렇다면 옛사람이 말한 ‘통달한 사람’이란 도덕(道德)과 절의(節義)에 통달한 자이고, 지금 사람이 말하는 ‘통달한 사람’이란 사곡(私曲)에 통달한 자이니, 이 둘은 서로 다르다.",로다,False,로다,Level1
당송팔대가문초한유2,357,1768,今之人行未能及乎賢而欲齊乎聖者는 亦見其病矣로다,"지금 사람들은 행실이 현인에도 미치지 못하면서 성인과 같아지기를 바라니, 이 또한 자기의 병폐(病弊)(결점)를 드러냄이다.",로다,False,로다,Level1
당송팔대가문초한유2,360,1793,苟如是면 先生之言過矣로다,‘만약 이와 같다면 선생의 말씀이 지나칩니다.,로다,False,로다,Level1
당송팔대가문초한유2,364,1837,故其爲政에 知所先後하니 可歌也已로다,그러므로 그가 정사를 함에 있어 먼저하고 뒤에 할 바를 알았으니 송가(頌歌)를 부를 만하다.,로다,True,로다,Level1
당송팔대가문초한유2,371,1882,刑德竝流하야 地方數千里에 不識盜賊하야 山行海宿에 不擇處所하니라 事神治人이 其可謂備至耳矣로다,"이에 형벌과 은덕이 동시에 거행되어 수천 리 지역이 도적을 모르게 되어, 산길을 가거나 바다에서 묵거나 처소를 가리지 않았으니, 〈공공(孔公)은〉 신(神)을 섬기고 사람을 다스린 것이 모두 지극했다고 할 수 있다.",로다,True,로다,Level1
당송팔대가문초한유2,372,1884,南海陰墟는 祝融之宅이라 卽祀于旁에 帝命南伯이라 吏惰不躬이러니 正自今公이라 明用享錫하야 右我家邦이라 惟明天子 惟愼厥使로다 我公在官하니 神人致喜로다,남해의 음허(陰墟)는 축융(祝融)의 저택(邸宅)이지 그 곁에서 제사 올릴 적에 황제께서 남백(南伯)에게 명하셨네 관리들 게을러 몸소 거행치 않더니 지금 공으로부터 바로잡혔네 신명(神明)이 황제가 내린 물건 흠향하고서 우리나라 도우셨네 영명하신 천자께서 사자를 신중히 선발하셨네 우리 공께서 관직에 계시니 신명과 백성들 크게 기뻐하였네,로다,True,로다,Level1
당송팔대가문초한유2,412,2158,帝哀征夫하야 命相往釐하시니 士飽而歌하고 馬騰於槽러라 試之新城하니 賊遇敗逃하야 盡抽其有하야 聚以防我어늘 西師躍入하니 道無留者로다,황제께서 출정한 병사들 가엾게 여겨 승상에게 명하여 가서 다스리게 하시니 병사들은 배가 불러 노래 부르고 말들은 힘이 넘쳐 마구에서 뛰었다 신성(新城)에서 이 말과 군대 시험해보니 적군들 교전하자마자 패배해 도주했네 적은 소유한 병력 다 뽑아다가 한곳에 집결시켜 우리를 막았네 서쪽의 군대 채주로 뛰어 들어가니 길에 낙오한 자 하나 없었네,로다,True,로다,Level1
당송팔대가문초한유2,412,2159,頟頟蔡城이 其疆千里러니 既入而有하니 莫不順俟라 帝有恩(信)［言］하야 相度來宣하니 誅止其魁하고 釋其下人이라 蔡之卒夫는 投甲呼舞하고 蔡之婦女는 迎門笑語로다 蔡人告饑어늘 船粟往哺하고 蔡人告寒이어늘 賜以繒布로다,높고 굳은 채주성은 그 영역이 천 리인데 들어가서 소유하니 귀순하지 않는 자 없었네 황제께서 내리신 은혜로운 말씀을 승상 배도(裵度)가 가져와서 선포하였는데 그 괴수만을 주살하고 아랫사람들은 석방하라 하셨네 채주의 병사들은 갑옷 던지고 환호하며 춤췄고 채주의 부녀들은 문에서 맞이하며 웃고 말하였네 채주 백성들 기근(饑饉)을 고하니 배에 곡식 싣고 가서 먹여주었고 채주 백성들 추위를 고하니 비단과 베를 내려주셨네,로다,True,로다,Level1
당송팔대가문초한유2,412,2160,始時蔡人이 禁不往來러니 今相從戲하고 里門夜開러라 始時蔡人이 進戰退戮이러니 今旰而起하야 左餐右粥이로다,종전에 채주 백성들은 통행을 금지해 왕래하지 못했는데 지금은 서로 어울려 즐겁게 놀고 밤에도 이문(里門)을 활짝 열어놓았네 종전에는 채주 백성들 나가면 전쟁하고 물러나면 죽임당했는데 지금은 느지막이 일어나서 좌우에 놓인 밥과 죽을 먹는다네,로다,True,로다,Level1
시경집전(하),2407,5352,王奮厥武하시니 如震如怒로다,왕(王)이 그 무력(武力)을 뽐내시니 벼락을 치는 듯하며 노한 듯하도다,로다,True,로다,Level1
시경집전(하),2408,5353,進厥虎臣하시니 闞如虓虎로다,북을 쳐서 범 같은 신하들을 진출시키시니 포효함이 성난 범과 같도다,로다,True,로다,Level1
시경집전(하),2410,5355,截彼淮浦여 王師之所로다,절연(截然)한 저 회포(淮浦)여 왕사(王師)가 계신 곳이로다,로다,True,로다,Level1
시경집전(하),2415,5367,不測不克하여 濯征徐國이로다,측량할 수 없고 감당할 수 없어서 서국(徐國)을 크게 정벌하도다,로다,True,로다,Level1
시경집전(하),2417,5376,王猶允塞하시니 徐方旣來로다,왕(王)의 도(道)가 진실로 충실하시니 서방(徐方)이 이미 와서 복종하도다,로다,True,로다,Level1
시경집전(하),2419,5378,四方旣平하니 徐方來庭이로다,사방(四方)이 이미 평정되니 서방(徐方)이 와서 조회하도다,로다,True,로다,Level1
시경집전(하),2428,5391,罪罟不收하여 靡有夷瘳로다,죄망을 거두지 아니하여 평하여 나음이 없도다,로다,True,로다,Level1
시경집전(하),2434,5404,彼宜有罪를 女覆說之로다,저 죄가 있는 사람을 네 도리어 놓아주도다,로다,True,로다,Level1
시경집전(하),2437,5408,懿厥哲婦 爲梟爲鴟로다,아름다운 철부(哲婦)가 올빼미가 되며 솔개가 되도다,로다,True,로다,Level1
시경집전(하),2438,5409,婦有長舌이여 維厲之階로다,부인이 말을 많이 함이여 난(亂)의 계제(階梯)로다,로다,False,로다,Level1
시경집전(하),2446,5433,婦無公事어늘 休其蠶織이로다,부인(婦人)은 공사(公事)가 없거늘 누에치고 베짜는 것을 쉬도다,로다,False,로다,Level1
시경집전(하),2452,5447,人之云亡이니 邦國殄瘁로다,선인(善人)이 없으니 나라가 끊기고 병들리로다,로다,False,로다,Level1
시경집전(하),2455,5455,天之降罔이여 維其優矣로다,하늘이 죄망을 내림이여 그 많기도 하도다,로다,True,로다,Level1
시경집전(하),2456,5456,人之云亡이여 心之憂矣로다,선인(善人)이 없음이여 마음에 근심하도다,로다,False,로다,Level1
시경집전(하),2457,5457,天之降罔이여 維其幾矣로다,하늘이 죄망을 내림이여 그 시기가 가까웠도다,로다,True,로다,Level1
시경집전(하),2458,5458,人之云亡이여 心之悲矣로다,선인(善人)이 없음이여 마음에 서글퍼하도다,로다,False,로다,Level1
시경집전(하),2460,5462,觱沸檻泉이여 維其深矣로다,용솟음쳐 나오는 함천(檻泉)이여 그 깊기도 하도다,로다,True,로다,Level1
시경집전(하),2462,5464,不自我先이며 不自我後로다,나로부터 먼저도 아니며 나로부터 뒤도 아니로다,로다,True,로다,Level1
시경집전(하),2469,5478,瘨我饑饉하여 民卒流亡하여 我居圉卒荒이로다,나를 기근(饑饉)으로 오랫동안 곤하게 하여 백성들이 모두 유망(流亡)하여 우리 서울과 변방이 모두 황폐하도다,로다,False,로다,Level1
시경집전(하),2473,5484,潰潰回遹이어늘 實靖夷我邦이로다,혼란하며 혼란하여 사벽(邪僻)하거늘 실로 우리나라를 치평(治平)하도다,로다,True,로다,Level1
시경집전(하),2477,5495,兢兢業業하여 孔塡不寧은 我位孔貶이로다,조심하고 두려워하여 심히 오랫동안 편치 못한 이는 우리 지위가 심히 폄출(貶黜)되도다,로다,True,로다,Level1
시경집전(하),2481,5502,我相此邦한대 無不潰止로다,내 이 나라를 보건대 혼란하지 않음이 없도다,로다,True,로다,Level1
시경집전(하),2483,5507,維昔之富에 不如時하며 維今之疚도 不如玆로다,옛날 부유할 때엔 이와 같지 않았으며 이제 병듦도 지금처럼 심한 적은 없었도다,로다,True,로다,Level1
시경집전(하),2493,5527,今也日蹙國百里로다,지금엔 날마다 나라가 백리(百里)씩 쭈그러들도다,로다,True,로다,Level1
시경집전(하),2518,5601,肇禋함으로 迄用有成하니 維周之禎이로다,처음 제사함으로부터 이룸이 있음에 이르렀으니 주(周)나라의 상서(祥瑞)로다,로다,True,로다,Level1
시경집전(하),2523,5611,惠我無疆하여 子孫保之로다,나를 사랑하기를 한이 없이 하여 자손(子孫)으로 보존하게 하도다,로다,True,로다,Level1
시경집전(하),2532,5626,於乎라 前王不忘이로다,"아, 전왕(前王)을 잊지 못하리로다",로다,True,로다,Level1
시경집전(하),2583,5736,鍾鼓喤喤하며 磬筦將將하니 降福穰穰이로다,종과 북이 화하게 울리며 경쇠와 피리가 쟁쟁히 울리니 복을 내림이 많고 많도다,로다,True,로다,Level1
시경집전(하),2586,5740,旣醉旣飽하여 福祿來反이로다,이미 취하고 배불러 복록(福祿)의 옴이 반복하도다,로다,True,로다,Level1
시경집전(하),2606,5780,命我衆人하여 庤乃錢鎛하라 奄觀銍艾리로다,우리 여러 농부들을 명하여 네 가래와 호미를 장만하라 곧 낫으로 수확함을 보리로다,로다,False,로다,Level1
시경집전(하),2617,5820,振鷺于飛하니 于彼西雝이로다,떼 지어 백로(白鷺)가 날아가니 저 서쪽 못에서 하도다,로다,True,로다,Level1
시경집전(하),2618,5821,我客戾止하니 亦有斯容이로다,우리 손님이 이르니 또한 이 용의(容儀)가 있도다,로다,True,로다,Level1
시경집전(하),2622,5831,庶幾夙夜하여 以永終譽리로다,거의 밤낮으로 노력하여 명예를 길이 마치리로다,로다,True,로다,Level1
시경집전(하),2628,5841,降福孔皆로다,복(福)을 내리심이 심히 두루하리로다,로다,True,로다,Level1
시경집전(하),2632,5851,有瞽有瞽여 在周之庭이로다,악사(樂師)여 악사(樂師)여 주(周)나라의 뜰에 있도다,로다,True,로다,Level1
시경집전(하),2635,5855,設業設虡하니 崇牙樹羽로다,업(業)을 설치하고 쇠북틀을 설치하니 숭아(崇牙)에 깃털을 꽂아 놓도다,로다,True,로다,Level1
시경집전(하),2637,5857,旣備乃奏하니 簫管備擧로다,갖추어 연주하니 퉁소와 피리가 구비하여 연주하도다,로다,True,로다,Level1
시경집전(하),2640,5870,我客戾止하여 永觀厥成이로다,우리 손님이 이르시어 그 음악이 끝남을 길이 보시도다,로다,True,로다,Level1
시경집전(하),2645,5878,以享以祀하여 以介景福이로다,이것을 올리며 제사하여 큰 복을 크게 하리로다,로다,True,로다,Level1
시경집전(하),2648,5886,有來雝雝하여 至止肅肅이로다,옴이 화(和)하고 화(和)하여 이르러서는 엄숙하고 엄숙하도다,로다,True,로다,Level1
시경집전(하),2668,5924,鞗革有鶬하니 休有烈光이로다,고삐에 달린 방울이 화하게 울리니 아름다워 열광(烈光)이 있도다,로다,True,로다,Level1
시경집전(하),2676,5943,俾緝熙于純嘏로다,이어 밝혀서 큰 복을 내리게 하도다,로다,False,로다,Level1
시경집전(하),2680,5950,有客有客이여 亦白其馬로다,"손님이여, 손님이여 흰 그 말이로다",로다,False,로다,Level1
시경집전(하),2681,5951,有萋有且하니 敦琢其旅로다,공경하고 삼가니 잘 가려뽑은 그 수행원이로다,로다,True,로다,Level1
시경집전(하),2688,5967,旣有淫威하니 降福孔夷로다,이미 큰 위엄을 두니 복을 내림이 심히 크도다,로다,True,로다,Level1
시경집전(하),2704,6006,於乎皇王이여 繼序思不忘이로다,"아, 황왕(皇王)이여 대를 이을 것을 생각하여 잊지 못하리로다",로다,True,로다,Level1
시경집전(하),2709,6013,於乎悠哉라 朕未有艾로다,"아, 아득히 먼지라 내 미칠 수 없노라",로다,True,로다,Level1
시경집전(하),2710,6014,將予就之나 繼猶判渙이로다,장차 나를 나아가게 하나 이음이 오히려 나누어지고 흩어지도다,로다,True,로다,Level1
시경집전(하),2729,6046,莫予荓蜂이랏다 自求辛螫이로다,내 벌을 부리지 말지어다 스스로 맵게 쏨을 구하는 것이로다,로다,False,로다,Level1
시경집전(하),2730,6047,肇允彼桃蟲이러니 拚飛維鳥로다,처음에 저 도충(桃蟲)으로 믿었더니 훨훨 날아가니 큰 새로다,로다,False,로다,Level1
시경집전(하),2736,6067,載芟載柞하니 其耕澤澤이로다,풀을 베고 나무를 베니 밭을 갊이 푸실푸실하도다,로다,False,로다,Level1
시경집전(하),2738,6071,千耦其耘하니 徂隰徂畛이로다,천 짝이 김을 매니 습한 곳에 가며 밭두둑에 가도다,로다,False,로다,Level1
시경집전(하),2742,6076,有略其耜로 俶載南畝로다,날카로운 보습으로 비로소 남쪽 이랑에서 일하도다,로다,False,로다,Level1
시경집전(하),2748,6091,厭厭其苗며 綿綿其麃로다,기운을 듬뿍 받은 그 싹이며 꼼꼼한 그 김맴이로다.,로다,True,로다,Level1
시경집전(하),2751,6095,爲酒爲醴하여 烝畀祖妣하여 以洽百禮로다,술을 만들고 단술을 만들어 조비(祖妣)에게 나아가 올려서 온갖 예를 두루하도다,로다,True,로다,Level1
시경집전(하),2754,6100,有椒其馨하니 胡考之寧이로다,후추가 향기로우니 호고(胡考)의 편안함이로다,로다,False,로다,Level1
시경집전(하),2756,6104,匪且有且며 匪今斯今이라 振古如玆로다,이곳에 있을 뿐만이 아니며 지금 뿐만이 아니라 예로부터 이와 같았도다,로다,True,로다,Level1
시경집전(하),2762,6114,播厥百穀하니 實函斯活이로다,저 백곡(百穀)을 파종하니 열매가 기운을 머금어 이에 나오도다,로다,True,로다,Level1
시경집전(하),2764,6116,或來瞻女하니 載筐及筥로소니 其饟伊黍로다,혹 와서 너를 보니 네모진 광우리와 둥근 광우리로소니 그 밥은 기장이로다,로다,False,로다,Level1
시경집전(하),2766,6119,其笠伊糾며 其鎛斯趙로소니 以薅荼蓼로다,그 삿갓이 가뿐하며 그 호미로 이에 땅을 파도소니 여뀌를 제거하도다,로다,False,로다,Level1
당송팔대가문초한유2,412,2163,淮蔡為亂이어늘 天子伐之하시고 既伐而饑어늘 天子活之로다,회서(淮西)의 채주가 반란 일으키자 천자께서 정벌하셨고 정벌한 뒤에 백성들 굶주리자 천자께서 양곡 주어 살리셨네,로다,True,로다,Level1
당송팔대가문초한유2,412,2164,始議伐蔡에 卿士莫隨하고 既伐四年에 小大並疑러니 不赦不疑는 由天子明이시니 凡此蔡功은 惟斷乃成이라 既定淮蔡하고 四夷畢來하니 遂開明堂하고 坐以治之로다,처음 채주 정벌을 의논할 적에 황제의 의견 따르는 경사(卿士) 없었고 4년 동안 정벌이 계속되자 대소(大小) 관원 모두 의심했지만 용서하지도 의심하지도 않으신 것은 천자의 밝으심에서 연유한 것이네 이번에 채주에서 세운 공은 과감한 결단력이 이룬 것이네 회서의 채주 평정하자 사방의 이민족 모두 귀순하니 드디어 명당(明堂)을 열고 앉아서 천하를 다스리시네,로다,True,로다,Level1
당송팔대가문초한유3,6,32,烏氏在唐하야 有家于初로다 (右)［左］武左領을 二祖紹居로다 中郞少卑하야 屬于尙書로다 不償其勞하니 乃相大夫로다 授我戎節하야 制有疆墟하고 數備禮登하야 以有宗廟로다,오씨(烏氏)는 당(唐)나라에 와서 비로소 명문가로 알려졌네 좌무위대장군(左武衛大將軍)과 좌령군위대장군(左領軍衛大將軍)의 관직에 두 할아버님이 서로 이어서 거하셨네 중랑장(中郞將)께선 지위가 좀 낮으셔서 상서공(尙書公)으로 이어졌네 공로를 보상받지 못하였으니 하늘이 대부(大夫)(오중윤(烏重胤))를 보우하셨네 우리 대부에게 병권을 주시어 강역을 통제하게 하시고 제수가 갖추어지고 예(禮)의 등급도 높아 종묘까지 가지시었네,로다,True,로다,Level1
당송팔대가문초한유3,8,39,襲訓集余러니 乃今有濟로다,"유훈(遺訓)을 계승할 책임이 내 몸에 있는데, 오늘에야 완수하였다.",로다,False,로다,Level1
당송팔대가문초한유3,10,71,又垂顯刻하야 以敎無忘하니 可謂大孝로다,또 공적을 드러낸 비석을 남겨 〈후손들에게〉 잊지 않도록 가르쳤으니 대효(大孝)라고 이를 수 있다.,로다,True,로다,Level1
당송팔대가문초한유3,22,126,荔子丹兮蕉黃하고 雜肴蔬兮進侯堂이라 侯之船兮兩旗하고 度中流兮風泊之로다 待侯不來兮여 不知我悲로다 侯乘駒兮入廟하야 慰我民兮不嚬以笑라 鵝之山兮柳之水에 桂樹團團兮白石齒齒로다,붉은 여지(荔枝)와 노란 향초(香蕉) 각종 어육(魚肉)과 채소를 유후(柳侯)의 사당에 올리네 유후 맞이할 배에 두 개의 기(旗) 세우고서 중류(中流)를 건너자 바람에 막혀 나아가지 못하고 정박하였네 유후를 기다려도 오지 않으니 우리의 슬픔을 모르는가 보다 유후께서 망아지 타고 사당으로 들어와서 우리 백성들 위로하여 찌푸리지 않고 웃게 하였네 아산(鵝山)과 유수(柳水)에는 계수나무 무성하고 흰 돌들 가지런히 놓여 있네,로다,True,로다,Level1
당송팔대가문초한유3,84,497,太傅之顯은 自其躬興이라 僕射童羈에 孰與之朋가 遭國之難하야 以節自發이라 致其勤艱하야 以復考烈이라 孝由忠立하니 爵名隨之라 銘此玄石하야 維昧之詒로다,태부(太傅)의 드러난 공명은 자신이 일으키신 것이네 복야공(僕射公)께선 어려서 구속되었으니 누가 공과 벗이 되려 하겠는가 국가가 위난(危難)한 때를 만나 절의(節義)로써 자신을 드러내셨네 괴롭고 어려운 일에 힘을 다하여 부친의 공적 회복하셨네 충성으로 효도를 이루시니 작위와 명성 뒤따랐네 이 지석(誌石)에 명문(銘文)을 새겨서 어두운 무덤 속에 남겨두네,로다,True,로다,Level1
당송팔대가문초한유3,106,621,公歎曰 公乃以是待我로다,그러자 공(公)은 탄식하며 말하기를 “공(公)은 끝내 나를 이렇게 대우하는가.,로다,True,로다,Level1
당송팔대가문초한유3,108,644,薛氏近世에 莫盛公門하니 公倫五人은 咸有顯聞이라 公之初志는 不以事累라 僶俛以隨도 亦貴於位라 無怨無惡하고 中以自寶하다 不能百年하니 曷足爲壽오 公宜有後하니 有二稚子로다 其祐成之하니 公食廟祀로다,설씨(薛氏)의 씨족 중에 근세에 공의 가문보다 번성한 가문 없으니 공의 형제 다섯 분은 모두 드러난 명성 지니셨네 공의 당초의 뜻은 벼슬에 속박되지 않는 것이었지 이형(李衡)을 억지로 따른 것도 조수(操守)를 벼슬보다 귀하게 여겨서이지 원망도 미움도 없이 중도(中道)를 보배로 여기셨지 백수(百壽)를 누리지 못하였으니 어찌 장수하셨다 하리오 공에게 후사 있음 당연하니 어린 두 아드님 있네 성장하도록 보우하여야 공께서 제사 받으리이다,로다,False,로다,Level1
당송팔대가문초한유3,135,815,生之艱이어니와 成之又艱이라 若有以爲러니 而止於斯로다,생장하기도 어렵지만 덕행을 이루기는 더욱 어렵네 큰일을 할 것 같았는데 여기서 그치고 말았구려,로다,True,로다,Level1
당송팔대가문초한유3,139,837,去官而人民思之하고 身死而親故無所怨議하야 哭之皆哀하니 又可尙也로다,"관직에서 떠났으되 인민(人民)들은 그를 그리워하고, 몸이 죽었으되 친구들은 그를 원망하거나 비방하지 않고서 모두 슬프게 통곡하였으니, 더욱 존경해 높일 만하다.",로다,True,로다,Level1
당송팔대가문초한유3,145,860,丁後母喪에 上使臨弔하고 又詔尙書公曰 父忠而子果孝로다,"후모(後母)의 상(喪)을 당하자 황상께서 사자를 보내어 조문(弔問)하고, 또 상서공(尙書公)에게 “아비가 충신이다 보니 아들도 과연 효자이다.",로다,False,로다,Level1
당송팔대가문초한유3,145,864,歷十一官而無宅于都하고 無田于野하야 無遺資以爲葬하니 斯其可銘也已로다,"열한 개의 관직을 거쳤으되 도성(都城) 안에는 집 한 채 없고, 들에는 밭 한 뙈기 없어서 장사 지낼 만한 재산을 남긴 것이 없었으니, 이것으로 그의 명(銘)을 지을 만하다.",로다,False,로다,Level1
당송팔대가문초한유3,174,1011,李觀은 本文士요 而又爲韓公之友어늘 不知發之何以如此其略也로다,"이관(李觀)은 본래 문사(文士)이고, 또 한공(韓公)의 벗인데, 어째서 그 행의(行誼)를 이처럼 간략하게 서술［發］했는지 모르겠다.”",로다,False,로다,Level1
당송팔대가문초한유3,195,1104,不贏其躬하고 以尙其後人이로다,자기의 수명 채우지 않고 후인들에게 보태주었네,로다,True,로다,Level1
당송팔대가문초한유3,200,1141,可哀也已로다,딱하고 불쌍하다.,로다,True,로다,Level1
당송팔대가문초한유3,200,1142,可哀也已로다,딱하고 불쌍하다.,로다,True,로다,Level1
당송팔대가문초한유3,205,1172,宦不遂는 歸譏於時어니와 身不得年은 又將尤誰오 世再絶而紹하니 祭以不隳로다,벼슬길 순조롭지 못했던 것은 시대의 탓으로 돌릴 수 있지만 자신이 수명 얻지 못한 것은 또 누구를 탓할 건가 대가 두 번 끊겼다가 이어졌으니 제사 끊이지 않으리라,로다,True,로다,Level1
당송팔대가문초한유3,210,1211,公待我一以朋友하고 不以幼壯先後致異하니 公可謂篤厚文行君子矣로다,"공(公)은 나를 한결같이 붕우(朋友)로 대하였고, 내가 어리거나 장성하거나 전후로 지위에 변화가 있다 하여 달리 대하지 않았으니, 문장과 덕행(德行)이 심후(深厚)한 군자라고 이를 만하다.",로다,False,로다,Level1
당송팔대가문초한유3,280,1527,土乎質이요 陶乎成器라 復其質이나 非生死類라 全斯用하니 毁不忍棄라 埋而識는 之仁之義라 硯乎硯乎여 與瓦礫異로다,흙으로 바탕 만들고 질그릇으로 구워서 그릇(벼루) 만들었더니 이제 바탕으로 돌아갔으나 죽고 사는 종류가 아니네 온전할 때에 사용했으니 망가졌다 해서 차마 버릴 수 없네 땅에 묻고 연명(硯銘)까지 지은 것은 인자하고 의로운 마음이네 벼루여 벼루여 기와 조각과는 다르지,로다,True,로다,Level1
맹자집주,691,2447,然而子葬其親厚하니 則是以所賤事親也로다,"그런데도 이자(夷子)는 그 어버이를 장례하기를 후(厚)하게 하였으니, 이는 천하게 여기는 것으로써 어버이를 섬긴 것이다.”",로다,False,로다,Level1
맹자집주,693,2461,且天之生物也는 使之一本이어늘 而夷子는 二本故也로다,"또 하늘이 물(物)을 냄은 그로 하여금 근본이 하나이게 하였거늘, 이자(夷子)는 근본이 둘이기 때문이다.”",로다,False,로다,Level1
맹자집주,708,2543,且子過矣로다,또한 자네가 잘못이다.,로다,False,로다,Level1
맹자집주,736,2649,曰否니이다 曰 然則子非食志也라 食功也로다,"팽경(彭更)이 “아닙니다.”하고 대답하자, 맹자(孟子)는 “그러면 그대는 뜻을 위주 하여 밥을 먹이는 것이 아니라, 공을 위주 하여 밥을 먹이는 것일세” 하셨다.",로다,False,로다,Level1
맹자집주,768,2771,今有人이 日攘其鄰之鷄者어늘 或告之曰 是非君子之道라한대 曰請損之하여 月攘一鷄하여 以待來年然後已로다,"“이제 어떤 사람이 날마다 이웃집의 닭을 훔치는 자가 있거늘 혹자(或者)가 그에게 ‘이는 군자(君子)의 도리가 아니다.’라고 하자, 대답하기를 ‘그 수를 줄여서 달마다 닭 한 마리를 훔쳐먹다가 내년(來年)을 기다린 뒤에 그만두겠다.’고 하는 것이로다.”",로다,False,로다,Level1
맹자집주,797,2881,"聖人救世立法之意가 其切如此하니 若以此意推之면 則不能攻討하고 而又唱爲不必攻討之說者는 其爲邪詖之徒,亂賊之黨을 可知矣로다","성인(聖人)이 세상을 구제하시고 법(法)을 세운 뜻이 그 간절함이 이와 같으시니, 만일 이 뜻을 가지고 미루어 본다면, 부정한 학설을 공토(攻討)하지 못하고, 또 굳이 공토(攻討)할 것이 없다는 말을 제창하는 자들은 그 사설(邪說)·피행(詖行)의 무리와 난신적자(亂臣賊子)의 도당이 됨을 알 수 있다.",로다,False,로다,Level1
맹자집주,803,2908,是未可知也로다,이것을 알 수 없구나!”,로다,True,로다,Level1
맹자집주,879,3104,詩云 商之孫子 其麗不億이언마는 上帝旣命이라 侯于周服이로다,"≪시경(詩經)≫에 이르기를 ‘상(商)나라의 자손(子孫)이 그 수가 억(億) 뿐만이 아니지만, 상제(上帝)가 이미 ˂천명(天命)을 주(周)나라에˃ 명한지라, 주(周)나라에 복종하는구나!",로다,True,로다,Level1
맹자집주,979,3397,子之從於子敖來는 徒餔啜也로다,“자네가 자오(子敖)를 따라 ˂제(齊)나라에˃ 온 것은 한갓 먹고 마시기 위해서이네.,로다,False,로다,Level1
맹자집주,1008,3469,惠而不知爲政이로다,“은혜로우나 정치를 하는 법을 알지 못하였도다.”,로다,False,로다,Level1
맹자집주,1015,3482,諸葛武侯嘗言 治世는 以大德이요 不以小惠라하니 得孟子之意矣로다,"제갈무후(諸葛武侯)가 일찍이 말하기를 “세상을 다스림은 대덕(大德)으로써 해야 하고, 작은 은혜로써 하지 않는다.” 하였으니, 맹자(孟子)의 뜻을 얻었다.",로다,False,로다,Level1
맹자집주,1107,3767,程子之言이 可謂深得此章之旨矣로다,정자(程子)의 말씀은 깊이 이 장(章)의 뜻을 알았다고 이를 만하다.,로다,False,로다,Level1
맹자집주,1110,3772,諸君子皆與驩言이어늘 孟子獨不與驩言하시니 是는 簡驩也로다,"“여러 군자(君子)들은 모두 나와 말씀하는데, 맹자(孟子)만이 홀로 나와 말씀하지 않으니, 이는 나를 소홀히 하는 것이다.”",로다,False,로다,Level1
맹자집주,1120,3790,有人於此하니 其待我以橫逆이어든 則君子必自反也하여 我必不仁也며 必無禮也로다,"여기에 어떤 사람이 있는데, 자신을 대하기를 횡역(橫逆)으로써 하면, 군자(君子)는 반드시 스스로 돌이켜서, 내 반드시 인(仁)하지 못하며 내 반드시 예(禮)가 없는가보다.",로다,False,로다,Level1
맹자집주,1218,4176,然이나 不可考矣로다,그러나 지금은 상고할 수가 없다.,로다,False,로다,Level1
맹자집주,1264,4327,莊周曰 百里奚는 爵祿이 不入於心이라 故로 飯牛而牛肥하여 使穆公으로 忘其賤而與之政이라하니 亦可謂知百里奚矣로다,"장주(莊周)가 말하기를 ‘백리해(百里奚)는 작록(爵祿)이 마음에 들어오지 않았으므로, 소를 먹임에 소가 살쪄서 목공(穆公)으로 하여금 신분의 천함을 잊고 그에게 정사(政事)를 맡기게 했다.’ 하였으니, 또한 백리해(百里奚)를 잘 알았다고 이를 만하다.",로다,False,로다,Level1
맹자집주,1364,4680,詩云 周道如底하니 其直如矢로다,"≪시경(詩經)≫에 이르기를 ‘주도(周道)가 평탄함이 숫돌과 같으니, 그 곧음이 화살과 같도다.",로다,True,로다,Level1
맹자집주,1400,4778,孟子以是折之하시니 其義精矣로다,"맹자(孟子)께서 이것으로써 꺾으셨으니, 그 의(義)가 정밀하다.",로다,False,로다,Level1
맹자집주,1416,4821,所敬은 在此하고 所長은 在彼하니 果在外라 非由內也로다,"“그렇다면 공경하는 것은 여기에 있고, 어른으로 높이는 것은 저기에 있으니, 의(義)는 과연 외면(外面)에 있는 것이요, 내면(內面)으로부터 나오는 것이 아니구나.”",로다,False,로다,Level1
맹자집주,1420,4836,敬叔父則敬하고 敬弟則敬하니 果在外라 非由內也로다,"“숙부(叔父)를 공경하게 되면 숙부(叔父)를 공경하고, 아우를 공경하게 되면 아우를 공경하니, 의(義)는 과연 외면(外面)에 있는 것이요, 내면(內面)에서 말미암는 것이 아니로구나.”",로다,False,로다,Level1
당송팔대가문초한유3,288,1560,詹今其死矣로다,구양첨(歐陽詹)이 이제 죽었구나.,로다,True,로다,Level1
당송팔대가문초한유3,304,1625,子之文章은 而不用世하야 乃令吾徒로 掌帝之制로다,그대의 문장(文章)이 세상에 쓰이지 않아서 도리어 우리로 하여금 제왕(帝王)의 조서(詔書)［制］를 기초(起草)하는 일을 맡으라 하네.,로다,True,로다,Level1
당송팔대가문초한유3,319,1717,未可以爲信也로다,도대체 믿을 수가 없구나.,로다,True,로다,Level1
당송팔대가문초한유3,319,1720,其信然矣로다,이것이 사실인 모양이로구나.,로다,True,로다,Level1
당송팔대가문초한유3,319,1723,所謂理者不可推요 而壽者不可知矣로다,"이른바 ‘사물의 이치란 미루어 생각해 밝힐 수 없고, 수명(壽命)이란 미리 알 수 없다.’는 것이다.",로다,True,로다,Level1
대학장구,18,57,昔에 尹和靖은 見伊川半年에 方得大學西銘看이러니 今人은 半年에 要讀多少書로다,"옛날에 윤화정(尹和靖)은 이천(伊川)을 뵌 지 반년(半年)만에 바야흐로 ≪대학(大學)≫과 ≪서명(西銘)≫을 볼 수 있었는데, 지금 사람들은 반년(半年)동안에 많은 책을 읽으려고 한다.",로다,False,로다,Level1
대학장구,72,187,詩云 瞻彼淇澳한대 菉竹猗猗로다,"≪시경(詩經)≫에 이르기를 ‘저 기수(淇水) 모퉁이를 보니, 푸른 대나무가 무성하구나!",로다,True,로다,Level1
대학장구,72,188,有斐君子여 如切如磋하며 如琢如磨로다,"문채나는 군자(君子)여, 잘라놓은 듯하고, 간 듯하며, 쪼아놓은 듯하고, 간듯하다.",로다,True,로다,Level1
대학장구,122,321,詩云 桃之夭夭여 其葉蓁蓁이로다,"≪시경(詩經)≫에 이르기를 ‘복숭아꽃이 예쁘고 예쁨이여, 그 잎이 무성하구나!",로다,True,로다,Level1
대학장구,137,358,詩云 節彼南山이여 維石巖巖이로다,"≪시경(詩經)≫에 이르기를 ‘깎아지른 저 남산(南山)이여, 돌이 암암(巖巖)하구나!",로다,True,로다,Level1
대학장구,152,396,因上文引文王詩之意而申言之하니 其丁寧反覆之意 益深切矣로다,"위 글에 ˂문왕시(文王詩)˃을 인용한 뜻을 인하여 거듭 말하였으니, 그 정녕(丁寧)하고 반복한 뜻이 더욱 깊고 간절하다.",로다,True,로다,Level1
대학장구,166,432,章內에 三言得失而語益加切하니 蓋至此而天理存亡之幾決矣로다,"이 장(章) 안에 득실(得失)을 세 번 말하였는데 말이 더욱더 간절하니, 이에 이름에 천리(天理)가 보존되고 멸망되는 기틀이 결판난다.",로다,True,로다,Level1
대학장구,177,456,此一節은 深明以利爲利之害하여 而重言以結之하니 其丁寧之意切矣로다,"이 한 절(節)은 이(利)를 이익으로 삼는 해(害)를 깊이 밝히고, 거듭 말씀하여 맺었으니, 그 정녕(丁寧)한 뜻이 간절하다.",로다,True,로다,Level1
맹자집주,12,51,歐陽永叔은 却言聖人之敎人에 性非所先이라하니 可謂誤矣로다,"그런데 구양영숙(歐陽永叔)은 ‘성인(聖人)이 사람을 가르침에 성(性)은 먼저 할 바가 아니다.’라고 말하였으니, 이것은 잘못되었다고 이를 만하다.",로다,False,로다,Level1
맹자집주,32,112,詩云 經始靈臺하여 經之營之하시니 庶民攻之라 不日成之로다,"≪시경(詩經)≫에 이르기를 ‘영대(靈臺)를 처음으로 경영(經營)하여 이것을 헤아리고 도모하시니, 서민(庶民)들이 와서 일하는지라 하루가 못 되어 완성되었도다.",로다,True,로다,Level1
맹자집주,32,113,經始勿亟하시나 庶民子來로다,경시(經始)하기를 급히 하지 말라고 하셨으나 서민(庶民)들은 아들이 아버지 일에 달려오듯이 하는도다.,로다,False,로다,Level1
맹자집주,32,114,王在靈囿하시니 麀鹿攸伏이로다,"왕(王)이 영유(靈囿)에 계시니, 사슴들이 그 곳에 가만히 엎드려 있도다.",로다,True,로다,Level1
맹자집주,32,115,麀鹿濯濯이어늘 白鳥鶴鶴이로다,사슴들은 탁탁(濯濯)하거늘 백조는 학학(鶴鶴)하도다.,로다,True,로다,Level1
맹자집주,46,215,孟子之論王道 不過如此하시니 可謂實矣로다,"“맹자(孟子)께서 왕도(王道)를 논하심이 이와 같음에 지나지 않았으니, 진실하다고 이를 수 있다.”",로다,False,로다,Level1
맹자집주,98,363,我非愛其財而易之以羊也언마는 宜乎百姓之謂我受也로다,내 재물을 아껴서 양으로써 바꾸게 한 것은 아니건마는 당연히 백성들은 나더러 재물을 아꼈다고 이르겠구나!”,로다,False,로다,Level1
맹자집주,1436,4873,詩曰 天生蒸民하시니 有物有則이로다,"≪시경(詩經)≫에 이르기를 ‘하늘이 여러 백성을 내시니, 사물이 있으면 법이 있도다.",로다,False,로다,Level1
맹자집주,1464,4976,無或乎王之不智也로다,“왕(王)의 지혜롭지 못함이 이상할 것이 없구나!”,로다,True,로다,Level1
맹자집주,1518,5107,一心之微를 衆欲攻之하니 其與存者가 嗚呼幾希로다,"한 마음의 작은 것을 여러 욕심들이 공격하니, 그 보존된 것이, 아! 얼마 되지 않는구나.",로다,True,로다,Level1
맹자집주,1623,5372,淳于髡이 未嘗知仁하고 亦未嘗識賢也하니 宜乎其言若是로다,"“순우곤(淳于髡)은 일찍이 인(仁)을 알지 못하였고, 또한 일찍이 현자(賢者)를 알지 못했으니, 그 말이 이와 같음이 당연하다.”",로다,False,로다,Level1
맹자집주,1659,5465,子之道는 貉道也로다,“그대의 방법은 오랑캐의 도(道)이다.”,로다,False,로다,Level1
맹자집주,1673,5487,子過矣로다,“그대가 지나치다.,로다,False,로다,Level1
맹자집주,1675,5490,是故로 禹는 以四海爲壑이어시늘 今에 吾子는 以鄰國爲壑이로다,"이 때문에 우왕(禹王)은 사해(四海)를 학(壑)으로 삼으셨는데, 지금 그대는 이웃나라를 학(壑)으로 삼았도다.",로다,True,로다,Level1
맹자집주,1677,5493,仁人之所惡也니 吾子過矣로다,"인인(仁人)이 미워하는 것이니, 그대가 지나치다.”",로다,False,로다,Level1
맹자집주,1928,6063,是猶或이 紾其兄之臂어든 子謂之姑徐徐云爾로다,“이는 혹자가 그 형의 팔뚝을 비틀거든 그대가 그에게 이르기를 ‘우선 천천히 하라.’고 말하는 것과 같다.,로다,False,로다,Level1
맹자집주,2008,6250,今之爲關也는 將以爲暴로다,지금에 관문(關門)을 만든 것은 장차 포악한 짓을 하려 함이로구나!,로다,False,로다,Level1
맹자집주,2050,6344,賢者는 以其昭昭로 使人昭昭어늘 今엔 以其昏昏으로 使人昭昭로다,"“현자(賢者)는 그 밝음으로써 남을 밝게 하는데, 지금에는 그 어둠으로써 남을 밝게 하려 하는구나.”",로다,False,로다,Level1
맹자집주,2052,6349,山徑之蹊間이 介然用之而成路하고 爲間不用이면 則茅塞之矣나니 今에 茅塞子之心矣로다,"“산(山)길에 사람들이 다니는 곳이 삽시간만 사용하면 길을 이루고, 한동안 사용하지 않으면 풀이 자라 길을 막나니, 지금에 띠풀이 그대의 마음을 꽉 막고 있구나!”",로다,True,로다,Level1
맹자집주,2063,6386,是爲馮婦也로다,“이것은 바로 풍부(馮婦)이다.,로다,False,로다,Level1
맹자집주,2069,6419,張子所謂 養則付命於天이요 道則責成於己니 其言이 約而盡矣로다,"장자(張子)의 이른바 ‘봉양은 하늘에 명(命)을 맡기고, 도(道)는 자신에게 이름을 책(責)한다.’는 것이니, 그 말씀이 요약하고도 극진하였다.”",로다,False,로다,Level1
맹자집주,2091,6461,今之與楊墨辯者는 如追放豚하니 旣入其苙이어든 又從而招之로다,"지금에 양주(楊朱)·묵적(墨翟)의 학자들과 변론하는 것은 마치 뛰쳐나간 돼지를 좇는 것과 같으니, 이미 그 우리로 돌아오거든 또 따라서 발을 묶어놓는구나.”",로다,False,로다,Level1
맹자집주,2169,6693,由孔子而來로 至於今이 百有餘歲니 去聖人之世가 若此其未遠也며 近聖人之居가 若此其甚也로되 然而無有乎爾하니 則亦無有乎爾로다,"공자(孔子)로부터 이래로 오늘에 이르기까지가 백여 년이니, 성인(聖人)의 세대와의 거리가 이와 같이 멀지 않으며, 성인(聖人)이 거주하신 곳과 가까움이 이와 같이 심하되, 그런데도 아무 것도 없으니, 그렇다면 또한 아무 것도 없겠구나!",로다,False,로다,Level1
맹자집주,2170,6699,故로 於篇終에 歷序群聖之統하시고 而終之以此하시니 所以明其傳之有在요 而又以俟後聖於無窮也시니 其旨深哉로다,"그러므로 편(篇)의 끝에 여러 성인(聖人)의 전통을 일일이 서술하고 이것을 마쳤으니, 그 전통이 있는 데가 있음을 밝힌 것이요, 또 후세의 성인(聖人)을 무궁(無窮)한 후대에 기다리신 것이니, 그 뜻이 깊다.",로다,True,로다,Level1
서경집전(상),151,1040,乃言이 底可績이로다,너의 말이 실행함에 이르면 공이 있을 것이다.” 하였다.,로다,False,로다,Level1
서경집전(상),199,1413,島夷는 皮服이로다,도이(島夷)가 피복(皮服)을 입고 와서 공물(貢物)을 바쳤다.,로다,False,로다,Level1
서경집전(상),211,1471,灉沮會同이로다,옹수(灉水)와 저수(沮水)가 모여 함께 흐른다.,로다,True,로다,Level1
시경집전(하),2843,6300,振振鷺여 鷺于下로다,떼지어 나는 백로 깃이여 백로가 내려 앉는 듯하도다,로다,True,로다,Level1
시경집전(하),2845,6302,于胥樂兮로다,서로 즐거워하도다,로다,False,로다,Level1
시경집전(하),2847,6312,有駜有駜하니 駜彼乘牡로다,말이 살찌고 살찌니 살찐 저 네 필의 숫말이로다,로다,True,로다,Level1
시경집전(하),2848,6313,夙夜在公하니 在公飮酒로다,이른 새벽부터 밤늦게까지 공소(公所)에 있으니 공소(公所)에서 술을 마시도다,로다,False,로다,Level1
시경집전(하),2849,6314,振振鷺여 鷺于飛로다,떼지어 나는 백로 깃이여 백로가 나는 듯하도다,로다,True,로다,Level1
시경집전(하),2851,6316,于胥樂兮로다,서로 즐거워하도다,로다,True,로다,Level1
시경집전(하),2853,6319,有駜有駜하니 駜彼乘駽이로다,말이 살찌고 살찌니 살찐 저 네 필의 철총이 말이로다,로다,False,로다,Level1
시경집전(하),2854,6320,夙夜在公하니 在公載燕이로다,이른 새벽부터 밤늦게까지 공소(公所)에 있으니 공소(公所)에서 잔치하도다,로다,False,로다,Level1
시경집전(하),2855,6321,自今以始하여 歲其有로다,지금으로부터 시작하여 연사(年事)가 풍년(豊年)이 들리로다,로다,True,로다,Level1
시경집전(하),2857,6323,于胥樂兮로다,서로 즐거워하도다,로다,False,로다,Level1
시경집전(하),2861,6333,魯侯戾止하시니 言觀其旂로다,노후(魯侯)가 이르시니 그 깃발을 보리로다,로다,True,로다,Level1
시경집전(하),2863,6335,無小無大히 從公于邁로다,작은 사람 큰 사람 없이 공(公)을 따라 가도다,로다,False,로다,Level1
시경집전(하),2866,6345,魯侯戾止하시니 其馬蹻蹻로다,노후(魯侯)가 이르시니 그 말이 성하고 성하도다,로다,True,로다,Level1
시경집전(하),2871,6352,魯侯戾止하시니 在泮飮酒로다,노후(魯侯)가 이르시니 반궁(泮宮)에서 술을 드시도다,로다,False,로다,Level1
시경집전(하),2872,6353,旣飮旨酒하시니 永錫難老로다,이미 맛있는 술을 드셨으니 길이 불로(不老)를 주리로다,로다,True,로다,Level1
시경집전(하),2881,6369,旣作泮宮하니 淮夷攸服이로다,이미 반궁(泮宮)을 지으니 회이(淮夷)들이 복종하는 바로다,로다,True,로다,Level1
시경집전(하),2883,6371,淑問如皐陶 在泮獻囚리로다,고요(皐陶)와 같이 신문을 잘하는 자가 반궁(泮宮)에서 죄수를 바치리로다,로다,False,로다,Level1
시경집전(하),2888,6382,不告于訩하여 在泮獻功이리로다,다툼을 고하지 아니하여 반궁(泮宮)에서 공(功)을 바치리로다,로다,False,로다,Level1
시경집전(하),2890,6389,角弓其觩하니 束矢其搜로다,각궁(角弓)이 힘차니 속시(束矢)가 그 빠르기도 하도다,로다,True,로다,Level1
시경집전(하),2891,6390,戎車孔博하니 徒御無斁이로다,융거(戎車)가 매우 크니 도어(徒御)들이 싫증냄이 없도다,로다,True,로다,Level1
맹자집주,132,540,雖以孟子反覆曉告하여 精切如此로되 而蔽固已深하여 終不能悟하니 是可歎也로다,"비록 맹자(孟子)께서 반복하여 깨우쳐 주셔서 정미하고 간절히 하기를 이와 같이 하셨는데도 가리움이 진실로 이미 깊어서 끝내 깨닫지 못하였으니, 가탄(可歎)스러운 일이다.",로다,True,로다,Level1
맹자집주,193,743,孟子之言이 可謂深切矣어늘 齊王이 不能推而用之하니 惜哉로다,"맹자(孟子)의 말씀은 깊고 간절하다고 이를 만한데, 제선왕(齊宣王)이 능히 미루어 쓰지 못하였으니, 애석하다.”",로다,True,로다,Level1
맹자집주,210,840,其憚於自責하고 恥於下問이 如此하니 不足與有爲를 可知矣로다,"그 자책하기를 꺼리고 아랫사람에게 묻기를 부끄러워함이 이와 같았으니, 그와 더불어 훌륭한 일을 할 수 없음을 알 수 있다.",로다,False,로다,Level1
맹자집주,290,1101,子誠齊人也로다,“그대는 진실로 제(齊)나라 사람이로다.,로다,True,로다,Level1
맹자집주,365,1378,以予觀於夫子컨대 賢於堯舜이 遠矣로다,‘나로서 부자(夫子)를 관찰하건대 요순(堯舜)보다 훨씬 나으시다.’,로다,True,로다,Level1
맹자집주,429,1553,子路는 人告之以有過則喜하니 亦可爲百世之師矣로다,"“자로(子路)는 사람들이 그에게 과실이 있음을 말해주면 기뻐하였으니, 또한 백세(百世)의 스승이라 할 만하다.”",로다,True,로다,Level1
맹자집주,477,1702,人君은 不以崇高富貴爲重하고 而以貴德尊士爲賢이면 則上下交而德業成矣로다,"인군(人君)은 숭고하고 부귀함으로써 중(重)함을 여기지 아니하고, 덕(德)을 귀히 여기고 선비를 높임으로써 어짊을 삼는다면, 상하(上下)가 사귀어져서 덕업(德業)이 이루어짐을 볼 수 있다.",로다,False,로다,Level1
맹자집주,491,1733,亦多矣로다,또한 많다.,로다,True,로다,Level1
맹자집주,524,1825,未也라 沈同이 問燕可伐與아하여늘 吾應之曰 可라하니 彼然而伐之也로다,"“아니다, 심동(沈同)이 ‘연(燕)나라를 정벌할 수 있습니까?’ 하고 묻기에 내 대답하기를 ‘가(可)하다’ 하였더니, 저 사람이 ˂내 말을˃ 옳게 여겨 정벌한 것이다.",로다,False,로다,Level1
맹자집주,533,1870,且古之君子는 過則改之러니 今之君子는 過則順之로다,"또 옛날의 군자(君子)들은 과실이 있으면 고쳤는데, 지금의 군자(君子)들은 과실이 있으면 그것을 이루는구나!",로다,False,로다,Level1
맹자집주,533,1872,又從而爲之辭로다,또 따라서 변명을 하는구나!”,로다,False,로다,Level1
맹자집주,570,1981,尹士聞之하고 曰士는 誠小人也로다,윤사(尹士)가 이 말을 듣고 말하였다. “나는 진실로 소인(小人)이다.”,로다,False,로다,Level1
맹자집주,600,2062,其所以擴前聖之未發 而有功於聖人之門이니 程子之言이 信矣로다,"전(前) 성인(聖人)들이 미처 발명(發明)하지 못한 것을 확충하여 성인(聖人)의 문하에 공(功)이 있는 것이니, 정자(程子)의 말씀이 참으로 옳다.",로다,False,로다,Level1
맹자집주,652,2257,是以로 雖當禮法廢壞之後하여 制度節文을 不可復考나 而能因略以致詳하고 推舊而爲新하여 不屑屑於旣往之迹 而能合乎先王之意하시니 眞可謂命世亞聖之才矣로다,"이 때문에 비록 예법(禮法)이 폐괴(廢壞)한 뒤를 당하여 제도(制度)와 절문(節文)을 다시 상고할 수 없었으나, 능히 소략한 것을 인하여 상세한 것을 다하였으며, 옛 것을 미루어 새 것을 만들어서 이미 지나간 자취에 급급하지 않으면서도 능히 선왕(先王)의 뜻에 부합하였으니, 참으로 명세아성(命世亞聖)의 재주라고 이를 만하다.",로다,True,로다,Level1
맹자집주,657,2275,陳相이 見許行而大悅하여 盡棄其學而學焉이러니 陳相이 見孟子하여 道許行之言曰 滕君則誠賢君也어니와 雖然이나 未聞道也로다,"진상(陳相)이 허행(許行)을 보고 크게 기뻐하여, 배운 것을 다 버리고 그에게 배우더니, 진상(陳相)이 맹자(孟子)를 보고서 허행(許行)의 말을 전하기를 “등(滕)나라 군주는 진실로 현군(賢君)이거니와, 그러나 아직 도(道)는 듣지 못하였습니다.",로다,True,로다,Level1
맹자집주,673,2375,惟天이 爲大어늘 惟堯則之하시니 蕩蕩乎民無能名焉이로다,"오직 하늘이 위대하거늘 요(堯)임금이 이것을 법받으셨으니, 탕탕(蕩蕩)하여 백성들이 능히 덕(德)을 명명(命名)할 수가 없도다.",로다,True,로다,Level1
맹자집주,679,2409,今也에 南蠻鴃舌之人이 非先王之道어늘 子倍子之師而學之하니 亦異於曾子矣로다,"지금에 남만(南蠻)의 왜가리소리 하는 사람이 선왕(先王)의 도(道)가 아니거늘, 그대는 그대의 스승을 배반하고 이를 배우니, 또한 증자(曾子)와 다르도다.",로다,False,로다,Level1
맹자집주,682,2413,小雅伐木之詩云 伐木丁丁이어늘 鳥鳴嚶嚶이로다,˂소아(小雅) 벌목(伐木)˃의 시(詩)에 이르기를 ‘나무 베기를 땅땅 하거늘 새 울음은 앵앵(嚶嚶)히 하도다.,로다,True,로다,Level1
맹자집주,683,2415,魯頌曰 戎狄是膺하니 荊舒是懲이라하니 周公이 方且膺之어시늘 子是之學하니 亦爲不善變矣로다,"˂노송(魯頌)˃에 이르기를 ‘융(戎)·적(狄)을 이에 치니, 형(荊)·서(舒)가 이에 징계되었다.’ 하였으니, 주공(周公)도 바야흐로 이들을 응징하셨거늘, 그대는 이것을 배우니, 또한 잘 변화하지 못하는 것이로다.”",로다,False,로다,Level1
맹자집주,687,2428,曰 夫物之不齊는 物之情也니 或相倍蓰하며 或相什伯하며 或相千萬이어늘 子比而同之하니 是는 亂天下也로다,"˂맹자(孟子)께서 말씀하였다.˃ “물건이 똑같지 않음은 물건의 실정이니, 값의 차이가 혹은 서로 배가 되고 5배가 되며, 혹은 서로 10배가 되고 백 배가 되며, 혹은 서로 천 배가 되고 만 배가 되거늘, 그대는 이것을 나란히 하여 똑같이 하려 하니, 이는 천하를 어지럽히는 짓이다.",로다,False,로다,Level1
시경집전(하),2768,6124,茶蓼朽止하니 黍稷茂止로다,여뀌가 썩으니 서직(黍稷)이 무성하도다,로다,True,로다,Level1
시경집전(하),2771,6127,其崇如墉하며 其比如櫛하니 以開百室이로다,그 높음이 담과 같으며 그 즐비함이 빗과 같으니 백실(百室)을 열도다,로다,True,로다,Level1
시경집전(하),2773,6133,百室盈止하니 婦子寧止로다,백실(百室)이 모두 가득하니 부자(婦子)들이 편안하도다,로다,True,로다,Level1
시경집전(하),2775,6135,殺時犉牡하니 有捄其角이로다,이 입술이 검은 숫짐승을 잡으니 굽어 있는 그 뿔이로다,로다,True,로다,Level1
시경집전(하),2776,6136,以似以續하여 續古之人이로다,이으며 계속하여 옛 사람을 계승하여 제사하도다,로다,True,로다,Level1
시경집전(하),2780,6142,絲衣其紑하니 載弁俅俅로다,생사로 만든 제복(祭服)이 깨끗하니 작변(爵弁)을 쓴 것이 공손하고 공손하도다,로다,True,로다,Level1
시경집전(하),2784,6146,不吳不敖하니 胡考之休로다,떠들지 아니하며 오만하지 아니하니 호고(胡考)의 아름다운 복을 누리리로다,로다,True,로다,Level1
시경집전(하),2791,6167,我龍受之하니 蹻蹻王之造로다,내 영광스럽게 이것을 받으니 굳세고 굳센 왕의 하신일이로다,로다,True,로다,Level1
시경집전(하),2792,6168,載用有嗣 實維爾公允師로다,곧 뒤를 잇는 자들이 실로 네 일을 진실로 스승 삼을 것이로다,로다,True,로다,Level1
시경집전(하),2797,6182,綏萬邦하시니 屢豊年이로다,만방(萬邦)을 편안히 하시니 여러번 풍년이 들도다,로다,True,로다,Level1
시경집전(하),2821,6246,有驪有黃하니 以車彭彭이로다,검은 말도 있고 누런 말도 있으니 수레에 사용함에 성하고 성하도다,로다,True,로다,Level1
시경집전(하),2822,6247,思無疆하니 思馬斯臧이로다,생각함이 그지 없으니 말을 생각함에 이에 좋도다,로다,True,로다,Level1
시경집전(하),2827,6259,有騂有騏하니 以車伾伾로다,붉은 말도 있고 얼룩말도 있으니 수레에 사용함에 힘차고 힘차도다,로다,True,로다,Level1
시경집전(하),2828,6260,思無期하니 思馬斯才로다,생각함이 한이 없으니 말을 생각함에 이에 재주있도다,로다,True,로다,Level1
시경집전(하),2832,6268,有駵有雒하니 以車繹繹이로다,월다말도 있고 가리온말도 있으니 수레에 사용함에 끊임없이 이어지도다,로다,True,로다,Level1
시경집전(하),2833,6269,思無斁하니 思馬斯作이로다,생각함에 싫음이 없으니 말을 생각함에 이에 떨쳐 일어나도다,로다,True,로다,Level1
시경집전(하),2837,6279,有驛有魚하니 以車祛祛로다,정갱이 흰 말도 있고 두 눈 흰 말도 있으니 수레에 사용함에 건장하고 건장하도다,로다,True,로다,Level1
시경집전(하),2838,6280,思無邪하니 思馬斯徂로다,생각함에 간사함이 없으니 말을 생각함에 이에 가도다,로다,True,로다,Level1
시경집전(하),2841,6298,有駜有駜하니 駜彼乘黃이로다,말이 살찌고 살찌니 살찐 저 네 필의 황마로다,로다,True,로다,Level1
시경집전(하),2842,6299,夙夜在公하니 在公明明이로다,이른 새벽부터 밤늦게까지 공소(公所)에 있으니 공소(公所)에서 일을 분명하게 처리하도다,로다,False,로다,Level1
서경집전(상),213,1480,桑土旣蠶하니 是降丘宅土로다,"뽕나무가 잘 자라는 곳에 이미 누에를 칠 수 있으니, 이에 언덕에서 내려와 평지에 산다.",로다,False,로다,Level1
서경집전(상),215,1487,厥土는 黑墳이니 厥草는 惟繇요 厥木은 惟條로다,"토질은 검고 분기(墳起)하니, 풀은 무성하고 나무는 자란다.",로다,False,로다,Level1
서경집전(상),218,1495,厥田은 惟中에 下요 厥賦는 貞이로소니 作十有三載라사 乃同이로다,"전(田)은 중(中)에 하(下)이고, 부(賦)는 정(貞)이니, 13년을 다스려야 다른 주(州)와 똑같게 된다.",로다,False,로다,Level1
서경집전(상),220,1503,厥貢은 漆絲요 厥篚는 織文이로다,공물(貢物)은 옻과 생사(生絲)이고 광주리에 담아서 바치는 폐백은 무늬 있는 직물이다.,로다,False,로다,Level1
서경집전(상),230,1533,厥土는 白墳이니 海濱은 廣斥이로다,"토질은 희고 분기(墳起)하니, 바닷가는 넓고 갯벌이다.",로다,False,로다,Level1
서경집전(상),232,1536,厥田은 惟上에 下요 厥賦는 中에 上이로다,"전(田)은 상(上)에 하(下)이고, 부(賦)는 중(中)에 상(上)이다.",로다,False,로다,Level1
서경집전(상),234,1538,厥貢은 鹽絺요 海物은 惟錯이로다,"공물(貢物)은 소금과 갈포요, 해물은 섞어 바친다.",로다,False,로다,Level1
서경집전(상),234,1539,岱畎에 絲枲와 鉛松과 怪石이로다,"대산(岱山)의 골짜기에서 나오는 생사(生絲)와 모시, 납과 소나무와 괴이한 돌이다.",로다,False,로다,Level1
서경집전(상),234,1540,萊夷作牧하니 厥篚는 檿絲로다,"내주(萊州)의 오랑캐가 방목을 하니, 광주리에 담아서 바치는 폐백은 산뽕나무에서 나오는 생사이다.",로다,False,로다,Level1
서경집전(상),248,1596,厥土는 赤埴墳이니 草木은 漸包로다,"토질은 붉고 차지고 분기(墳起)하니, 초목이 점점 자라 총생하였다.",로다,False,로다,Level1
서경집전(상),250,1602,厥田은 惟上에 中이요 厥賦는 中에 中이로다,"전(田)은 상(上)에 중(中)이고, 부(賦)는 중(中)에 중(中)이다.",로다,False,로다,Level1
서경집전(상),252,1604,厥貢은 惟土五色과 羽畎에 夏翟과 嶧陽에 孤桐과 泗濱에 浮磬이로다,공물(貢物)은 오색의 흙과 우산(羽山) 골짝의 여름철 꿩과 역산(嶧山) 남쪽의 우뚝이 자라는 오동나무와 사수(泗水)의 물가에 떠있는 경쇠이다.,로다,False,로다,Level1
서경집전(상),252,1605,淮夷는 蠙珠曁魚로소니 厥篚는 玄纖縞로다,"회수(淮水)의 오랑캐들은 조개와 구슬과 어물을 바치니, 광주리에 담아서 바치는 폐백은 검은 비단과 섬(纖)과 호(縞)이다.",로다,False,로다,Level1
서경집전(상),260,1650,陽鳥의 攸居로다,양조(陽鳥)가 사는 곳이다.,로다,False,로다,Level1
서경집전(상),267,1673,篠簜이 旣敷하니 厥草는 惟夭며 厥木은 惟喬요 厥土는 惟塗泥로다,"살대와 큰 대가 이미 퍼져 잘 자라니, 풀은 여리게 자라며 나무는 높이 자라고 흙은 진흙이다.",로다,False,로다,Level1
서경집전(상),269,1680,厥田은 惟下에 下요 厥賦는 下에 上이로소니 上錯이로다,"전(田)은 하(下)에 하(下)이고, 부(賦)는 하(下)에 상(上)이니, 위로 섞어 낸다.",로다,False,로다,Level1
서경집전(상),271,1684,厥貢은 惟金三品과 瑤琨篠簜과 齒革羽毛와 惟木이로다,공물(貢物)은 금속 세 가지와 요(瑤)와 곤(琨)과 살대와 큰 대와 상아와 가죽과 깃털과 털과 나무이다.,로다,False,로다,Level1
서경집전(상),271,1685,島夷는 卉服이로소니 厥篚는 織貝요 厥包橘柚는 錫貢이로다,"해도(海島)의 오랑캐는 훼복(卉服)을 입으니, 광주리에 담아서 바치는 폐백은 직패(織貝)이며, 싸가지고 오는 귤과 유자는 바치라는 명령을 내리면 바친다.",로다,False,로다,Level1
서경집전(상),286,1749,厥土는 惟塗泥니 厥田은 惟下에 中이요 厥賦는 上에 下로다,"토질(土質)은 진흙이니, 전(田)은 하(下)에 중(中)이고, 부(賦)는 상(上)에 하(下)이다.",로다,False,로다,Level1
서경집전(상),288,1752,厥貢은 羽毛齒革과 惟金三品과 杶榦栝柏과 礪砥砮丹이로다,"공물(貢物)은 깃과 털과 상아와 가죽, 금속의 세 종류와 참죽나무 줄기와 전나무와 잣나무, 거친 숫돌과 고운 숫돌과 화살촉과 단사(丹砂)이다.",로다,False,로다,Level1
시경집전(하),3014,6699,龍旂十乘로 大糦是承이로다,용기(龍旂)와 십승(十乘)으로 큰 서직(黍稷)을 이에 받들어 올리도다,로다,True,로다,Level1
시경집전(하),3017,6706,邦畿千里여 維民所止로소니 肇域彼四海로다,나라의 국경 천리여 백성들이 거주하는 바이니 저 사해(四海)에 국경을 비로소 열어 놓도다,로다,True,로다,Level1
시경집전(하),3020,6710,殷受命咸宜라 百祿是何로다,은(殷)나라가 명(命)을 받음이 모두 마땅한지라 온갖 복록을 이에 받도다,로다,True,로다,Level1
시경집전(하),3023,6721,濬哲維商에 長發其祥이로다,깊고 밝으신 상(商)나라에 그 상서가 발현됨이 장구하도다,로다,True,로다,Level1
시경집전(하),3029,6737,率履不越하시니 遂視旣發이로다,예를 따라 지나치지 아니하시니 마침내 백성들을 봄에 이미 호응하도다,로다,True,로다,Level1
시경집전(하),3030,6738,相土烈烈하시니 海外有截이로다,상토(相土)가 열렬(烈烈)하시니 해외(海外)가 절연(截然)히 정제(整齊)되도다,로다,True,로다,Level1
시경집전(하),3046,6785,如火烈烈하여 盼莫我敢曷이로다,불을 열렬(烈烈)히 타오르는 듯하여 나를 감히 막을 이가 없도다,로다,True,로다,Level1
시경집전(하),3048,6787,韋顧旣伐하시고 昆吾夏桀이로다,위(韋)와 고(顧)를 이미 정벌하시고 곤오(昆吾)와 하걸(夏桀)을 치도다,로다,True,로다,Level1
시경집전(하),3053,6801,實維阿衡이 實左右商王이로다,진실로 아형(阿衡)이 상왕(商王)을 좌우(左右)에서 도왔도다,로다,True,로다,Level1
시경집전(하),3076,6856,商邑翼翼하니 四方之極이로다,상(商)나라 도읍이 잘 정돈되어 있으니 사방의 표준이로다,로다,False,로다,Level1
시경집전(하),3082,6868,松桷有梴하며 旅楹有閑하니 寢成孔安이로다,소나무로 만든 서까래가 길기도 하며 여러 기둥이 크기도 하니 침묘(寢廟)가 이루어짐에 심히 편안하도다,로다,True,로다,Level1
예기집설대전2,1,1,檀弓篇首에 言子游하고 及篇內多言之하니 疑是其門人所記로다,"〈단궁(檀弓)〉의 편(篇) 머리에 자유(子游)를 말하고 편(篇) 안에도 그를 언급한 것이 많으니, 아마도 그의 문인(門人)이 기록한 것인 듯싶다.",로다,False,로다,Level1
예기집설대전2,11,16,伯子曰 仲子亦猶行古之道也로다,백자(伯子)가 대답하였다. “중자는 아마도 옛 도를 행하려고 했나보다.,로다,False,로다,Level1
예기집설대전2,12,17,昔者에 文王이 舍伯邑考而立武王하시며 微子舍其孫腯(돈)而立衍也하니 夫仲子亦猶行古之道也로다,"옛날에 문왕(文王)은 장자인 백읍고(伯邑考)를 버려두고 무왕(武王)을 세웠으며 미자(微子)는 적손인 돈(腯)을 버려두고 아우 연(衍)을 세웠으니, 중자는 그래도 옛 도를 행하려고 했나보다.”",로다,False,로다,Level1
예기집설대전2,61,76,皆不近人情하니 非禮明矣로다,모두 인정(人情)에 가깝지 않으니 예(禮)가 아닌 것이 분명하다.,로다,False,로다,Level1
예기집설대전2,223,317,曾子曰 爾之愛我也不如彼로다,증자가 말하였다. “네가 나를 사랑하는 것이 저 동자만도 못하구나.,로다,False,로다,Level1
예기집설대전2,228,331,於是에 必欲易之하사 易之而沒하시니 可謂斃於正矣로다,이에 반드시 그것을 바꾸고자 하여 대자리를 바꾸고서 운명하였으니 바른 데에서 돌아가셨다고 이를 수 있다.,로다,False,로다,Level1
예기집설대전2,324,466,夫子曰 嘻라 其甚也로다,"공자께서 말씀하시기를 “아! 심하구나.”라고 하시자,",로다,True,로다,Level1
예기집설대전2,391,563,徒使我不誠於伯高로다,공연히 나로 하여금 백고에게 성실하지 못하게 하였구나!”,로다,True,로다,Level1
예기집설대전2,427,616,吾過矣로다 吾過矣로다,"“내가 잘못하였네, 내가 잘못하였어!",로다,True,로다,Level1
시경집전(하),2892,6391,旣克淮夷하니 孔淑不逆이로다,이미 회이(淮夷)를 이기니 심히 선하여 명령을 어기지 않도다,로다,True,로다,Level1
시경집전(하),2896,6402,食我桑黮하고 懷我好音이로다,우리 뽕나무 오디를 먹고 나를 좋은 목소리로 회유하도다,로다,True,로다,Level1
시경집전(하),2898,6404,元龜象齒와 大賂南金이로다,큰 거북과 상아와 남쪽 지방에서 나는 금을 크게 바치도다,로다,False,로다,Level1
시경집전(하),2901,6415,閟宮有侐하니 實實枚枚로다,깊게 닫혀있는 사당 고요하기도 하니 견실하고 치밀하도다,로다,True,로다,Level1
시경집전(하),2905,6419,黍稷重穋과 稙穉菽麥이로다,늦고 이른 기장과 피며 이르고 늦은 콩과 보리로다,로다,True,로다,Level1
시경집전(하),2920,6456,錫之山川과 土田附庸이로다,산천(山川)과 토전(土田)과 부용(附庸)을 하사하도다,로다,False,로다,Level1
시경집전(하),2922,6458,龍旂承祀하시니 六轡耳耳로다,용 깃발로 제사를 계승하시니 여섯 고삐가 부드럽고 부드럽도다,로다,True,로다,Level1
시경집전(하),2931,6476,萬舞洋洋하니 孝孫有慶이로다,만(萬)으로 춤춤이 양양(洋洋)하니 효손(孝孫)이 경사가 있도다,로다,True,로다,Level1
시경집전(하),2937,6501,公車千乘이니 朱英綠縢이며 二矛重弓이로다,공(公)의 수레가 천승이니 붉은 창 꾸밈과 푸른 끈이며 두 창과 겹친 활이로다,로다,True,로다,Level1
시경집전(하),2940,6504,荊舒是懲하니 則莫我敢承이로다,형서(荊舒)를 이에 징계하니 우리를 감히 막을 이가 없도다,로다,False,로다,Level1
시경집전(하),2946,6534,泰山巖巖하니 魯邦所詹이로다,태산(泰山)이 높고 높으니 노(魯)나라가 우러러보는 바로다,로다,True,로다,Level1
시경집전(하),2954,6548,莫敢不諾하여 魯侯是若이로다,감히 응하지 않는 이가 없어서 노후(魯侯)를 이에 순히 하도다,로다,True,로다,Level1
시경집전(하),2965,6573,松桷有舃하니 路寢孔碩이로다,소나무로 만든 서까래가 크기도 하니 노침(路寢)이 매우 크도다,로다,False,로다,Level1
시경집전(하),2966,6574,新廟奕奕하니 奚斯所作이로다,새 사당이 혁혁(奕奕)하니 해사(奚斯)가 지은 바로다,로다,True,로다,Level1
시경집전(하),2967,6575,孔曼且碩하니 萬民是若이로다,심히 길고 또 크니 만민(萬民)의 기대에 이에 순히 하도다,로다,True,로다,Level1
시경집전(하),2971,6595,然이나 其存者亦多闕文疑義하니 今不敢强通也로다,"그러나 그 남아 있는 것도 또한 빠진 글과 의심스러운 뜻이 많으니, 이제 감히 억지로 통하게 할 수가 없다.",로다,False,로다,Level1
시경집전(하),2973,6598,奏鼓簡簡하니 衎我烈祖로다,북을 연주하기를 간간(簡簡)히 하니 우리 열조(烈祖)를 즐겁게 하도다,로다,True,로다,Level1
시경집전(하),2990,6645,嗟嗟烈祖 有秩斯祜하사 申錫無疆이라 及爾斯所로다,"아, 슬프다. 열조(烈祖)가 떳떳한 이 복을 두사 거듭 무강(無疆)한 후손에게 주신지라 네 이 곳에까지 미쳤도다",로다,True,로다,Level1
시경집전(하),2996,6657,綏我眉壽하여 黃耉無疆이로다,나를 편안히 하되 미수(眉壽)하여 황구(黃耉)가 무궁함으로 하도다,로다,True,로다,Level1
시경집전(하),3001,6670,來假來饗하여 降福無疆이로다,와서 이르시며 와서 흠향하사 복(福)을 내림이 무강(無疆)하도다,로다,True,로다,Level1
서경집전(상),288,1754,包匭菁茅며 厥篚는 玄纁璣組로소니 九江이 納錫大龜로다,"싸서 궤에 넣는 것은 청모(菁茅)이며, 광주리에 담아서 바치는 폐백은 현훈(玄纁)과 기(璣)와 끈이니, 구강(九江)에서는 큰 거북을 얻으면 바친다.",로다,True,로다,Level1
서경집전(상),296,1800,滎波旣豬로다,형수(滎水)와 파수(波水)가 이미 물이 모여 흐른다.,로다,True,로다,Level1
서경집전(상),300,1820,厥土는 惟壤이니 下土는 墳壚로다,토질은 양토(壤土)이며 낮은 지역은 분기(墳起)하고 성글다.,로다,False,로다,Level1
서경집전(상),302,1825,厥田은 惟中에 上이요 厥賦는 錯이로소니 上에 中이로다,"전(田)은 중(中)에 상(上)이고 부(賦)는 섞어 내니, 상(上)에 중(中)이다.",로다,False,로다,Level1
서경집전(상),304,1827,厥貢은 漆枲絺紵요 厥篚는 纖纊이로소니 錫貢磬錯이로다,"공물(貢物)은 옻과 삼베와 갈포와 모시이며 광주리에 담아서 바치는 폐백은 가는 솜이니, 경쇠를 연마하는 숫돌은 바치라는 명령이 있으면 바친다.",로다,True,로다,Level1
서경집전(상),321,1874,厥田은 惟下에 上이요 厥賦는 下에 中이로소니 三錯이로다,"전(田)은 하(下)에 상(上)이고 부(賦)는 하(下)에 중(中)이니, 3등(等)으로 섞어 낸다.",로다,True,로다,Level1
서경집전(상),323,1883,厥貢은 璆鐵과 銀鏤와 砮磬과 熊羆와 狐狸와 織皮로다,공물(貢物)은 옥경(玉磬)과 부드러운 쇠와 은(銀)과 강철과 노경(砮磬)과 곰과 큰곰과 이리와 살쾡이와 직피(織皮)이다.,로다,True,로다,Level1
서경집전(상),336,1941,灃水攸同이로다,풍수(灃水)가 함께 흐른다.,로다,False,로다,Level1
서경집전(상),348,1972,厥貢은 惟球琳琅玕이로다,공물(貢物)은 구림(球琳)과 낭간(琅玕)이다.,로다,True,로다,Level1
서경집전(상),385,2244,九山에 刊旅하며 九川에 滌源하며 九澤이 旣陂하니 四海會同이로다,"구주(九州)의 산에 깎아 여제사(旅祭祀)를 지내며, 구주(九州)의 내에 근원을 깊이 파며, 구주(九州)의 못이 이미 제방이 있으니 사해(四海)의 물이 모여 함께 흐른다.",로다,True,로다,Level1
서경집전(상),431,2426,惟彼陶唐으로 有此冀方하시니 今失厥道하여 亂其紀綱하여 乃底滅亡이로다,"“저 도당(陶唐)으로부터 이 기방(冀方)을 소유하셨는데, 이제 그 도(道)를 잃어 기강(紀綱)을 문란하게 해서 끝내 멸망함에 이르렀다.”",로다,True,로다,Level1
서경집전(상),434,2435,關石和鈞이 王府에 則有하니 荒墜厥緖하여 覆宗絶祀로다,"통하는 석(石)과 화평(和平)하는 균(鈞)이 왕부(王府)에 있는데, 그 전통을 폐하고 실추시켜 종족(宗族)을 전복시키고 후사(後祀)를 끊는구나.”",로다,True,로다,Level1
서경집전(상),617,3207,今汝聒聒하여 起信이 險膚하니 予不知乃所訟이로다,"이제 너희들은 시끄럽게 떠들어 백성들에게 신(信)을 일으킴이 험하고 얕으니, 나는 너희들이 다투는 바를 알지 못하겠다.",로다,False,로다,Level1
서경집전(상),627,3231,汝不和吉을 言于百姓하나니 惟汝自生毒이로다,"너희들이 화(和)함과 길(吉)함을 백성들에게 말하지 않으니, 너희들이 스스로 해독을 끼치는 것이다.",로다,False,로다,Level1
서경집전(상),649,3312,今予將試以汝遷하여 安定厥邦이어늘 汝不憂朕心之攸困이요 乃咸大不宣乃心하여 欽念以忱하여 動予一人하나니 爾惟自鞠自苦로다,"이제 나는 장차 너희들 때문에 천도하여 이 나라를 안정시키려 하는데, 너희들은 내 마음의 곤궁한 바를 걱정하지 않고 모두 크게 너희들의 마음을 펴서 공경하여 생각하되 정성으로써 하여 나 한 사람을 감동시키지 않으니, 이는 너희들 스스로 곤궁하고 너희들 스스로 괴롭게 하는 것이다.",로다,True,로다,Level1
서경집전(상),649,3314,爾忱이 不屬하니 惟胥以沈이로다,"너희들의 정성이 이어지지 않으니, 서로 침몰할 뿐이다.",로다,True,로다,Level1
서경집전(상),651,3324,汝不謀長하여 以思乃災하나니 汝誕勸憂로다,"너희들은 장구(長久)한 계책을 도모하여 너희들의 재앙을 생각하지 않으니, 이는 너희들이 크게 우환(憂患)으로 권면(勸勉)하는 것이다.",로다,True,로다,Level1
서경집전(상),746,3579,乃言이 惟服이로다,너의 말은 행할 수 있겠다.,로다,False,로다,Level1
서경집전(상),768,3654,高宗이 初以舟楫霖雨爲喩하고 繼以麴糵鹽梅爲喩하고 至此엔 又以股肱惟人爲喩하니 其所造益深에 所望益切矣로다,"고종(高宗)이 처음에는 배와 노, 장마비로 비유하였고, 이어서 누룩과 엿기름, 소금과 매실로 비유하였으며, 이에 이르러서는 또 팔다리가 있어야 사람이 됨으로 비유하였으니, 나아간 바가 더욱 깊어짐에 기대한 바가 더욱 간절하다.",로다,True,로다,Level1
서경집전(상),793,3738,上章은 言天棄殷하고 此章은 言民棄殷하니 祖伊之言이 可謂痛切明著矣로다,"상장(上章)은 하늘이 은(殷)나라를 버림을 말하였고, 이 장(章)은 백성들이 은(殷)나라를 버림을 말하였으니, 조이(祖伊)의 말은 통절(痛切)하고 명저(明著)하다고 이를 만하다.",로다,True,로다,Level1
시경집전(상),21,95,窈窕淑女를 鍾鼓樂之로다,요조(窈窕)한 숙녀(淑女)를 종과 북으로 즐겁게 하도다,로다,False,로다,Level1
시경집전(상),35,156,爲絺爲綌호니 服之無斁이로다,치(絺)를 만들고 격(綌)을 만드니 입음에 싫음이 없도다,로다,False,로다,Level1
시경집전(상),43,183,小序에 以爲后妃之本이라하니 庶幾近之로다,"소서(小序)에 ‘후비(后妃)의 근본(根本)’이라 하였으니, 거의 이에 가까울 것이다.",로다,True,로다,Level1
시경집전(상),61,228,南有樛木하니 葛藟纍之로다,남쪽에 규목(樛木)이 있으니 칡덩쿨이 감겨 있도다,로다,False,로다,Level1
시경집전(상),62,229,樂只君子여 福履綏之로다,즐거운 군자(君子)여 복록(福祿)으로 편안히 하도다,로다,False,로다,Level1
시경집전(상),65,240,南有樛木하니 葛藟荒之로다,남쪽에 규목(樛木)이 있으니 칡덩쿨이 덮혀 있도다,로다,False,로다,Level1
시경집전(상),66,241,樂只君子여 福履將之로다,즐거운 군자(君子)여 복록(福祿)이 도와주도다,로다,False,로다,Level1
시경집전(상),68,245,南有樛木하니 葛藟縈之로다,남쪽에 규목(樛木)이 있으니 칡덩쿨이 얽혀 있도다,로다,False,로다,Level1
시경집전(상),69,246,樂只君子여 福履成之로다,즐거운 군자(君子)여 복록(福祿)이 이루어주도다,로다,False,로다,Level1
시경집전(상),73,251,宜爾子孫이 振振兮로다,너의 자손이 번성함이 당연하도다,로다,False,로다,Level1
시경집전(상),77,261,宜爾子孫이 繩繩兮로다,너의 자손이 계속됨이 당연하도다,로다,False,로다,Level1
시경집전(상),80,265,宜爾子孫이 蟄蟄兮로다,너의 자손이 번성함이 당연하도다,로다,False,로다,Level1
시경집전(상),83,270,桃之夭夭여 灼灼其華로다,복숭아나무의 요요(夭夭)함이여 곱고 고운 그 꽃이로다,로다,True,로다,Level1
시경집전(상),84,271,之子于歸여 宜其室家로다,이 아가씨의 시집감이여 그 실가(室家)를 화순하게 하리로다,로다,False,로다,Level1
시경집전(상),87,282,桃之夭夭여 有蕡其實이로다,복숭아나무의 요요(夭夭)함이여 많고 많은 그 열매로다,로다,False,로다,Level1
시경집전(상),88,283,之子于歸여 宜其家室이로다,이 아가씨의 시집감이여 그 가실(家室)을 화순하게 하리로다,로다,False,로다,Level1
시경집전(상),90,287,桃之夭夭여 其葉蓁蓁이로다,복숭아나무의 요요(夭夭)함이여 그 잎이 무성하고 무성하도다,로다,False,로다,Level1
시경집전(상),91,288,之子于歸여 宜其家人이로다,이 아가씨의 시집감이여 그 집안 사람들을 화순하게 하리로다,로다,False,로다,Level1
시경집전(상),94,293,肅肅兎罝여 椓之丁丁이로다,정돈된 토끼 그물이여 말뚝 치기를 정정(丁丁)히 하도다,로다,False,로다,Level1
시경집전(상),95,294,赳赳武夫여 公侯干城이로다,굳세고 굳센 무부(武夫)여 공후(公侯)의 간성(干城)이로다,로다,True,로다,Level1
서경집전(상),798,3748,殷之卽喪이로소니 指乃功한대 不無戮于爾邦이로다,"은(殷)나라가 곧 멸망(滅亡)할 것이니, 네가 한 일을 지적하건대 죽임이 너의 나라에 없지 않을 것이다.”",로다,False,로다,Level1
서경집전(상),813,3813,召敵讐不怠하여 罪合于一하니 多瘠이라도 罔詔로다,"적수(敵讐)를 부르기를 게을리 하지 않아 죄(罪)가 모여 하나가 되었으니, 굶주려 죽는 이가 많은데도 하소연할 곳이 없도다.",로다,True,로다,Level1
서경집전(하),241,882,王이 執書以泣曰 其勿穆卜이로다,왕(王)이 책축(冊祝)한 글을 잡고 울며 말씀하기를 “목복(穆卜)을 할 것이 없다.,로다,True,로다,Level1
서경집전(하),251,928,西土人이 亦不靜이라하더니 越玆蠢이로다,"서토(西土) 사람들 또한 안정하지 못할 것이다’ 하였는데, 이에 미처 준동(蠢動)하는구나.",로다,True,로다,Level1
서경집전(하),271,1028,爾亦不知天命不易이로다,너희들이 또한 천명(天命)을 어길 수 없음을 알지 못하는구나.,로다,False,로다,Level1
서경집전(하),456,1796,公旣定宅하시고 伻來하여 來視予卜休恒吉하시니 我二人이 共貞이로다,"공(公)이 이미 집터를 정하시고 사람을 보내 와서 나에게 점괘가 아름다워 항상 길함을 보여주시니, 우리 두 사람이 함께 마땅할 것입니다.",로다,False,로다,Level1
서경집전(하),480,1891,惟公德이 明光于上下하며 勤施于四方하여 旁作穆穆迓衡하여 不迷文武勤敎하시니 予沖子는 夙夜에 毖祀로다,"공(公)의 덕(德)이 상하(上下)에 밝게 빛나고 사방(四方)에 부지런히 베풀어져서 널리 목목(穆穆)함을 지어 치평(治平)함을 맞이해서 문왕(文王)·무왕(武王)이 애쓰신 가르침을 혼미하지 않게 하시니, 나 충자(沖子)는 밤낮으로 제사(祭祀)만 삼갈 뿐입니다.”",로다,True,로다,Level1
서경집전(하),546,2098,予亦念天이 卽于殷하사 大戾하시니 肆不正이로다,"내가 또한 생각하니, 하늘이 은(殷)나라에 나아가 큰 재앙을 내리시니, 그러므로 바르지 못하였다.”",로다,False,로다,Level1
서경집전(하),653,2527,前言若玆誥라 故로 此言若玆多誥하니 周公之告召公에 其言語之際 亦可悲矣로다,"앞에서 “이와 같이 고한다.”고 말하였으므로 여기에 “이와 같이 고하기를 많이 한다.”고 한 것이니, 주공(周公)이 소공(召公)에게 고할 때에 그 언어의 즈음에 또한 슬퍼할 만하도다.",로다,True,로다,Level1
서경집전(하),969,3624,惟公이 克成厥終하여 三后協心하여 同底于道하여 道洽政治하여 澤潤生民하여 四夷左衽이 罔不咸賴하니 予小子는 永膺多福이로다,"공(公)이 능히 그 끝을 이루어서 세 후(后)가 마음을 합하여 함께 도(道)에 이르러, 도(道)가 흡족하고 정사가 다스려져서 은택이 생민(生民)들에게 윤택하여 좌임(左衽)한 사방의 오랑캐들이 모두 의뢰하지 않음이 없으니, 나 소자(小子)는 길이 많은 복을 응(應)할 것이다.",로다,True,로다,Level1
서경집전(하),1071,4076,徂玆淮夷徐戎이 竝興이로다,지난번에 회이(淮夷)와 서융(徐戎)들이 함께 일어났었다.,로다,False,로다,Level1
시경집전(상),7,51,鵲巢騶虞之德은 諸侯之風也니 先王之所以敎라 故로 繫之召公이라하니 斯言이 得之矣로다,"˂작소(鵲巢)˃과 ˂추우(騶虞)˃의 덕(德)은 제후(諸侯)의 풍(風)이니, 선왕(先王)이 가르친 것이므로 이것을 소공(召公)에 달았다.” 하였으니, 이 말이 맞다.",로다,False,로다,Level1
시경집전(상),8,52,關關雎鳩 在河之洲로다,관관(關關)히 우는 저구(雎鳩)새 하수(河水)의 모래섬에 있도다,로다,True,로다,Level1
시경집전(상),9,53,窈窕淑女 君子好逑로다,요조(窈窕)한 숙녀(淑女) 군자(君子)의 좋은 짝이로다,로다,True,로다,Level1
시경집전(상),11,73,夫然後에 可以配至尊而爲宗廟主니 此는綱紀之首요 王敎之端也라하니 可謂善說詩矣로다,"그러한 뒤에야 지존(至尊)에 짝하여 종묘(宗廟)의 주인이 될 수 있는 것이니, 이는 기강(紀綱)의 머리요, 왕교(王敎)의 단서이다.” 하였으니, 시(詩)를 잘 설명했다고 이를 만하도다.",로다,False,로다,Level1
시경집전(상),12,74,參差荇菜를 左右流之로다,들쭉날쭉한 마름나물을 좌우(左右)로 물길따라 취하도다,로다,False,로다,Level1
시경집전(상),13,75,窈窕淑女를 寤寐求之로다,요조(窈窕)한 숙녀(淑女)를 자나깨나 구하도다,로다,True,로다,Level1
시경집전(상),18,92,參差荇菜를 左右采之로다,들쭉날쭉한 마름나물을 좌우(左右)로 취하여 가리도다,로다,False,로다,Level1
시경집전(상),19,93,窈窕淑女를 琴瑟友之로다,요조(窈窕)한 숙녀(淑女)를 거문고와 비파로 친히 하도다,로다,True,로다,Level1
시경집전(상),20,94,參差荇菜를 左右芼之로다,둘쭉날쭉한 마름나물을 좌우(左右)로 삶아 올리도다,로다,False,로다,Level1
예기집설대전2,427,617,吾離群而索(삭)居가 亦已久矣로다,내가 여러 벗들을 떠나 홀로 거처한 지가 또한 이미 오래되었기 때문이라네.”,로다,False,로다,Level1
예기집설대전2,473,681,曰 其往也에 如慕하고 其反也에 如疑로다,"공자께서 말씀하시기를 “장사지내러 갈 때에는 사모하는 듯이 하였고, 돌아올 때에는 머뭇거리는 듯이 하였다.”라고 하셨다.",로다,True,로다,Level1
예기집설대전2,583,834,曾子聞之하시고 曰 多矣乎予出祖者로다,증자(曾子)께서 그 말을 들으시고 말씀하셨다. “자유의 말이 내가 ‘나가서 조전을 지낸다’고 한 말보다 낫구나.”,로다,True,로다,Level1
예기집설대전2,599,858,主人이 旣小斂하고 袒括髮이어늘 子游趨而出하야 襲裘帶絰而入한대 曾子曰 我過矣로다 我過矣로다,"상주(喪主)가 이미 소렴(小斂)을 마치고 어깨를 드러내놓고 머리를 묶자 자유가 종종걸음으로 나가서 검은 갖옷에 띠와 환질(環絰)을 두르고 들어가니, 증자께서 말씀하시기를 “내가 잘못했구나, 내가 잘못했어!",로다,True,로다,Level1
예기집설대전2,635,906,亡於禮者之禮也에 其動也가 中이로다,예문(禮文)에 없는 예에 있어 그 거동(擧動)이 절도에 맞는구나!”,로다,False,로다,Level1
예기집설대전2,705,1001,弁人이 有其母死而孺子泣者어늘 孔子曰哀則哀矣나 而難爲繼也로다,"변(弁) 땅의 사람 중에 그 어머니가 죽자 어린아이처럼 우는 이가 있었는데, 공자(孔子)께서 말씀하시기를 “슬프기는 슬프지만 계속하기가 어렵구나.",로다,True,로다,Level1
예기집설대전2,777,1105,曰 聞之矣로다,증자께서 말씀하셨다. “들어 보았네.,로다,False,로다,Level1
예기집설대전2,778,1107,有子曰 是非君子之言也로다,"유자가 말하길 “이는 군자(君子)의 말씀이 아니네.”라고 하자,",로다,False,로다,Level1
예기집설대전2,779,1109,有子又曰是는 非君子之言也로다,"유자가 또 말하길 “이는 군자의 말씀이 아니라네.”라고 하자,",로다,False,로다,Level1
예기집설대전2,780,1112,然則夫子有爲言之也로다,그렇다면 선생님께서는 까닭이 있어서 그렇게 말씀하셨을 것일세.”라고 하였다.,로다,False,로다,Level1
예기집설대전2,897,1301,專以禮許人이로다,멋대로 예(禮)를 남에게 허락하는구나.”라고 하였다.,로다,False,로다,Level1
예기집설대전2,998,1443,馬氏以小寢大寢으로 爲燕寢正寢하니 與舊說異로다,"마씨(馬氏)는 소침(小寢)과 대침(大寢)을 연침(燕寢)과 정침(正寢)이라고 하니, 구설(舊說)과는 다르다.",로다,False,로다,Level1
예기집설대전2,1121,1611,季武子寢疾이어늘 蟜固不［脫］齊衰而入見(현)曰 斯道也將亡矣로다,"계무자(季武子)가 병으로 누워있자, 교고(蟜固)가 자최복(齊衰服)을 벗지 않고 들어가서 뵙고 말하기를 “이 도(道)가 장차 없어지려나 보다.",로다,False,로다,Level1
예기집설대전2,1182,1694,凡經中言曾子失禮之事를 不可盡信이니 此亦可見이로다,"모든 경문(經文) 가운데 증자가 실례(失禮)한 일을 말한 것은 다 믿을 수가 없으니, 여기에서도 그 예를 볼 수 있다.",로다,False,로다,Level1
예기집설대전2,1191,1708,或人이 旣不知此王姬乃莊公舅之妻하고 而以爲外祖母라하고 又不知外祖母服小功하고 而以大功으로 爲外祖母之服이라하니 其亦妄矣로다,"그런데 혹자는 이미 이 왕희가 장공의 외삼촌의 아내였음을 모르고서 그를 외조모라 하였고, 또 외조모의 복은 소공(小功)임을 모르고 대공을 외조모의 복이라 하였으니, 그 또한 망령된 것이다.",로다,False,로다,Level1
예기집설대전2,1434,2047,季子之問은 有君子補過之心이요 而孟氏之對은 可謂小人之無忌憚者矣로다,"계자(季子)의 질문은 군자(君子)로서 과오를 고치려는 마음이 있는 것이고, 맹씨(孟氏)의 대답은 소인(小人)으로서 기탄(忌憚)함이 없는 것이라고 이를 수 있다.",로다,False,로다,Level1
예기집설대전2,1441,2057,曾子曰 晏子는 可謂知禮也已니 恭敬之有焉이로다,증자(曾子)께서 말씀하시기를 “안자(晏子)는 가히 예(禮)를 알았다고 이를 수 있으니 공경(恭敬)함이 있기 때문이다.”라고 하였다.,로다,False,로다,Level1
예기집설대전2,1611,2298,生無以爲養하며 死無以爲禮也로다,"살아계실 때에는 봉양할 것이 없고, 돌아가셨을 때에는 예(禮)를 행할 수가 없구나.”라고 하자,",로다,False,로다,Level1
예기집설대전2,1686,2404,故公室之窆棺을 視豊碑하고 大夫僭諸侯라 故三家之窆棺을 視桓楹하니 其陵替承襲之弊가 有自來矣로다,"그러므로 공실(公室)에서 하관(下棺)을 하면서 천자의 풍비(豊碑)에 비견하여 사용하였고, 대부(大夫)들은 제후의 예를 참람하게 행하였기 때문에 삼가(三家)가 하관을 하면서 제후의 환영(桓楹)에 비견하여 사용하였으니, 그 침체하여 답습한 폐단이 유래가 있는 것이다.",로다,False,로다,Level1
예기집설대전2,1749,2498,曾子曰 蕢尙이 不如杞梁之妻之知禮也로다,증자(曾子)께서 말하기를 “괴상(蕢尙)은 기량(杞梁)의 아내가 예(禮)를 안 것만도 못하도다.,로다,False,로다,Level1
예기집설대전2,1768,2529,先儒以爲紼은 失之矣로다,선유(先儒)가 ‘발(撥)’을 ‘불(紼)’이라고 한 것은 잘못이다.,로다,False,로다,Level1
예기집설대전2,1822,2602,苛政이 猛於虎也로다,가혹한 정치가 범보다 더 사나운 것이다.”라고 하셨다.,로다,True,로다,Level1
예기집설대전2,1911,2716,禮制若此하니 未詳其說이로다,"예의 제도가 이와 같으니, 그 내용을 자세히 알 수 없다.",로다,False,로다,Level1
예기집설대전2,1923,2731,邾婁定公之時에 有弑其父者어늘 有司以告한대 公이 瞿然失席曰是寡人之罪也로다,"주루(邾婁) 정공(定公) 시대에 그 아버지를 시해한 사람이 있었는데, 유사(有司)가 그 사실을 보고하니 정공이 깜짝 놀라 좌불안석(坐不安席)하면서 “이는 과인(寡人)의 잘못이다.”라고 하였다.",로다,True,로다,Level1
예기집설대전2,1931,2743,歌於斯하고 哭於斯하며 聚國族於斯로다,여기에서 제사지내며 노래부르고 여기에서 거상(居喪)하면서 곡(哭)하며 여기에서 국빈(國賓)과 종족(宗族)들을 모아 연회를 하겠구나!”라고 하였다.,로다,True,로다,Level1
예기집설대전2,1975,2808,則子罕在宋에 而天下不能當者信矣로다,그렇다면 “자한이 송나라에 있음에 천하에 그 누구도 당할 수 없다.”는 것은 참으로 옳은 말이다.,로다,False,로다,Level1
예기집설대전2,1993,2834,其有以深得聖人之處其所難處者矣로다,주자는 성인(聖人)이 난처(難處)한 일을 어떻게 처리하는지에 대해 깊게 터득했던 것이다.,로다,False,로다,Level1
자치통감강목1,247,599,先王之禮於斯盡矣로다,선왕(先王)의 예(禮)가 이때에 다 없어졌다.,로다,False,로다,Level1
자치통감강목1,257,691,使智伯有後而豫子爲之報仇면 其心을 未可知也어니와 智伯이 無後矣而讓也不忘國士之遇하고 以死許之하야 至再三而愈篤하니 則無所爲而爲之者라 (其)［眞］可謂義士矣로다,"가령 지백(智伯)이 후손이 있는데도 예양(豫讓)이 그를 위하여 원수를 갚았다면 그 마음을 알 수 없지마는, 지백이 후손이 없는데도 예양이 국사(國士)로 대우해준 은혜를 잊지 않고 목숨으로 원수를 갚으려고 하여 두 번 세 번씩 시도할수록 더욱 철저하게 하였으니, 이는 알아줄 사람이 없는데도 복수를 한 것이므로 참으로 의로운 사람이라고 할 수 있다.",로다,True,로다,Level1
자치통감강목1,261,721,臣在闕門之外하야 不敢當命이로다,신은 대궐 밖에 있는 소원한 사람으로 감히 명을 따를 수 없습니다.”라고 하였다.,로다,True,로다,Level1
자치통감강목1,262,745,吳公이 今又吮其子하니 妾不知其死所矣로다,오공이 지금 또 그 자식의 종기를 빨아주었으니 첩은 자식이 어느 곳에서 죽을지 모르겠습니다.”라고 하였다.,로다,False,로다,Level1
자치통감강목1,386,959,王이 出謂左右曰 公叔이 病甚하니 悲乎로다,왕이 나오면서 좌우의 신하들에게 이르기를 “공숙좌가 병이 심하니 슬프다.,로다,True,로다,Level1
자치통감강목1,421,1083,通鑑與史記不同 而考異에 不載其說하니 未詳所據로다,"《자치통감(資治通鑑)》이 《사기(史記)》와 같지 않은데, 《자치통감고이(資治通鑑考異)》에 그 설을 기록하지 않았으니 근거한 바가 자세하지 않다.",로다,False,로다,Level1
자치통감강목1,426,1128,惠王이 不恨不用孟子之言하고 而以不用公叔之言으로 爲恨하니 其亦可謂愚矣로다,"혜왕(惠王)이 맹자(孟子)의 말을 채용하지 않은 것을 한탄하지 않고, 공숙(公叔)의 말을 채용하지 않은 것으로 한탄을 하니, 그 또한 어리석다고 하겠다.”",로다,False,로다,Level1
자치통감강목1,450,1194,韓昭侯作高門이어늘 屈宜臼曰 君必不出此門이로다,"한(韓)나라 소후(昭侯)가 고문(高門)을 만들었는데, 굴의구(屈宜臼)가 말하기를 “임금께서는 반드시 이 문으로 나가지 못할 것입니다.",로다,False,로다,Level1
자치통감강목1,498,1319,孟嘗君은 可謂能用諫矣로다,“맹상군(孟嘗君)은 간언(諫言)을 잘 채용하였다고 할 수 있다.,로다,False,로다,Level1
자치통감강목1,498,1321,詩曰 采葑采菲無以下體라하니 孟嘗君有焉이로다,"≪시경(詩經)≫ 〈패풍(邶風) 곡풍(谷風)〉에 ‘순무를 캐고 순무를 캐는 것은 그 뿌리 때문이 아니다.’라고 하였으니, 맹상군이 그러하였다.”",로다,False,로다,Level1
자치통감강목1,523,1418,且古之君子는 過則改之러니 今之君子는 過則順之하고 又從而爲之辭로다,"또 옛날의 군자(君子)는 잘못이 있으면 고쳤는데, 요즘의 군자(君子)는 잘못이 있으면 그것을 이루고 또 따라서 변명을 하는구나.”라고 하였다.",로다,False,로다,Level1
자치통감강목1,537,1479,意者繆留於仲叔에 陰有所附하야 欲國柄이 歸一而不分이라 故危言以動其君耳로다,"생각하건대 목류가 공중(公仲)과 공숙(公叔)에 대하여 몰래 관련된 것이 있어서, 나라의 권력이 하나로 귀일되어 나뉘어지지 않게 하려고 하였으므로 위언(危言)으로 그 임금을 충동한 것이다.”",로다,False,로다,Level1
자치통감강목1,562,1578,而叔이 順中國之俗하고 惡變服之名하야 以忘鄗事之醜하니 非寡人之所望也로다,그런데 공숙이 중국(中國)의 풍속을 따르고 복장을 바꾼다는 명분을 싫어하여 호(鄗)의 일에 대한 부끄러움을 잊고자 하니 과인이 바라는 바가 아닙니다.”라고 하였다.,로다,False,로다,Level1
시경집전(상),170,458,之子于歸에 百兩成之로다,새아씨가 시집옴에 백량(百兩)으로 이루도다,로다,True,로다,Level1
시경집전(상),173,464,于以采蘩이 于沼于沚로다,이에 새밭쑥을 뜯기를 못가에서 하고 물가에서 하도다,로다,False,로다,Level1
시경집전(상),174,465,于以用之 公侯之事로다,이에 이것을 쓰기를 공후(公侯)의 세사에 하도다,로다,False,로다,Level1
시경집전(상),177,474,于以采蘩이 于澗之中이로다,이에 새밭쑥을 뜯기를 시내 가운데서 하도다,로다,False,로다,Level1
시경집전(상),178,475,于以用之 公侯之宮이로다,이에 이것을 쓰기를 공후(公侯)의 사당에서 하도다,로다,False,로다,Level1
시경집전(상),180,480,被之僮僮이여 夙夜在公이로다,머리꾸밈의 동동(僮僮)함이여 이른 새벽부터 밤늦도록 공소(公所)에 있도다,로다,False,로다,Level1
시경집전(상),181,481,被之祁祁여 薄言還歸로다,머리꾸밈의 기기(祁祁)함이여 잠깐 돌아가도다,로다,False,로다,Level1
시경집전(상),184,491,喓喓草蟲이며 趯趯阜螽이로다,요요(喓喓)히 우는 풀벌레며 펄쩍펄쩍 뛰는 메뚜기로다,로다,False,로다,Level1
시경집전(상),187,494,我心則降이로다,내 마음 가라앉으리로다,로다,True,로다,Level1
시경집전(상),193,508,我心則說이로다,내 마음 기쁘리로다,로다,True,로다,Level1
시경집전(상),198,516,我心則夷이로다,내 마음 화평(和平)해지리로다,로다,True,로다,Level1
시경집전(상),201,523,于以采蘋이 南澗之濱이로다 于以采藻 于彼行潦로다,이에 마름을 뜯기를 남간(南澗)의 물가에서 하도다 이에 마름을 뜯기를 저 흐르는 물에서 하도다,로다,False,로다,Level1
시경집전(상),204,530,于以盛之 維筐及筥로다,이에 담기를 네모진 광주리와 둥근 광주리에 하도다,로다,False,로다,Level1
시경집전(상),205,531,于以湘之 維錡及釜로다,이에 삶기를 세 발 가마솥과 가마솥에 하도다,로다,False,로다,Level1
시경집전(상),208,537,于以奠之 宗室牖下로다,이에 올리기를 종실(宗室)의 창문 아래에 하도다,로다,False,로다,Level1
시경집전(상),209,538,誰其尸之오 有齊季女로다,누가 이것을 주장하는고 공경하는 계녀(季女)로다,로다,False,로다,Level1
시경집전(상),238,599,羔羊之皮여 素絲五紽로다,고양(羔羊)의 가죽이여 흰 실로 다섯 곳을 궤맸도다,로다,False,로다,Level1
시경집전(상),239,600,退食自公하니 委蛇委蛇로다,물러와서 먹기를 공소(公所)로부터 하니 의젓하고 의젓하도다,로다,False,로다,Level1
시경집전(상),243,612,委蛇委蛇하니 自公退食이로다,의젖하고 의젓하니 공소(公所)로부터 물러와 먹도다,로다,False,로다,Level1
시경집전(상),245,616,羔羊之縫이여 素絲五總이로다,고양(羔羊)의 꿰맨 솔기여 흰 실로 다섯 곳을 꿰맸도다,로다,False,로다,Level1
자치통감강목1,605,1691,穿이 弗應한대 平原君이 問之하니 穿이 曰幾能令臧三耳矣로다,"천(穿)이 대응하지 않았는데, 평원군이 그 까닭을 물으니 천(穿)이 말하기를 “하마터면 노비는 귀가 셋이라고 할 뻔하였습니다.",로다,True,로다,Level1
자치통감강목1,620,1744,殺其父而劫其子로다,그 아비를 죽이고 그 자식을 협박하였도다.,로다,False,로다,Level1
자치통감강목1,620,1745,楚之不競也여 忍其父而昏其讐로다,"초(楚)나라의 강하지 못함이여, 그 아비의 일을 참고 원수와 혼인하였도다.",로다,True,로다,Level1
자치통감강목1,620,1748,故荀卿이 論之曰 夫道를 善用之면 則百里之地에 可以獨立이요 不善用之면 則楚以六千里로 而爲讐人役이라하니 信哉로다,"그러므로 순경(荀卿)이 논하기를 ‘무릇 도(道)를 잘 사용하면 100리(里)의 땅으로도 홀로 우뚝 설 수 있으며, 잘 사용하지 못하면 초(楚)나라처럼 6,000리의 땅으로도 원수에게 부림을 받는다.’라고 하였으니 믿을 만합니다.”",로다,True,로다,Level1
자치통감강목1,634,1772,小而生巨하니 必霸天下로다,작은 것이 큰 것을 낳았으니 반드시 천하를 제패(制霸)할 징조입니다.”라고 하였다.,로다,True,로다,Level1
자치통감강목1,732,2182,對曰 老臣은 竊以爲媼之愛燕后 賢於長安君이라하노이다 太后曰 君이 過矣로다,"좌사가 대답하기를 “저는 태후께서 연후(燕后)를 사랑하시는 것이 장안군에 대한 사랑보다 더하다고 생각합니다.” 하니, 태후가 말하기를 “그대가 잘못 보았다.",로다,False,로다,Level1
자치통감강목1,757,2298,樓緩曰 卿得其一이요 不得其二로다,누완(樓緩)이 말하기를 “경은 하나는 알고 둘은 모르는구려.,로다,False,로다,Level1
자치통감강목10,494,725,意者컨대 將軍이 殆臨事而懼로다,“생각건대 장군께서는 아마도 일에 임하여 두려워하시는 듯합니다.,로다,False,로다,Level1
자치통감강목10,835,1262,今吾所求無獲이요 而卿父子顯重하니 但爲卿所賣耳로다,"그런데 지금 내가 요구하는 바는 얻지 못하고 경(卿)의 부자는 현달(顯達)하여 요직을 차지하게 되었으니, 이는 다만 경(卿)이 나를 팔아먹은 것일 뿐이다.” 하였다.",로다,True,로다,Level1
자치통감강목10,880,1338,操與荀彧書曰 吾到安衆에 破繡必矣로다,조조가 순욱(荀彧)에게 편지를 써서 보내기를 “내가 안중(安衆)에 도착하면 장수의 군대를 틀림없이 격파할 것이다.” 하였다.,로다,False,로다,Level1
자치통감강목10,882,1341,他日에 彧問其故한대 操曰 虜遏吾歸師而與吾死地하니 吾是以로 知勝矣로다,"후일 순욱(荀彧)이 그 까닭을 물었는데, 조조(曹操)가 말하기를 “적군이 나의 돌아가는 군대를 막아서 나를 사지(死地)에 두니, 내가 이 때문에 이길 줄을 알았다.” 하였다.",로다,False,로다,Level1
자치통감강목10,1037,1618,良有以也로다,진실로 이유가 있어서 그러한 것입니다.” 하였다.,로다,False,로다,Level1
자치통감강목10,1048,1641,事去矣로다,일이 틀려버렸구나.” 하였다.,로다,True,로다,Level1
자치통감강목10,1111,1748,操聞其來하고 跣出迎之하여 撫掌笑曰 子卿이 遠來하니 吾事濟矣로다,"조조는 허유가 왔다는 소식을 듣고 맨발로 뛰어나가 그를 영접하여 손뼉을 치고 웃으며 말하기를 “자경(子卿)이 먼 곳에서 왔으니, 나의 일이 이루어질 것이다.” 하였다.",로다,True,로다,Level1
자치통감강목10,1125,1773,或謂田豐曰 君必見重矣로다,"어떤 사람이 전풍(田豐)에게 이르기를 “그대는 반드시 중용(重用)될 것이다.” 하였는데,",로다,False,로다,Level1
자치통감강목10,1206,1903,吳夫人曰 公瑾議是也로다,이에 오부인(吳夫人)이 말하기를 “공근(公瑾)의 의논이 옳다.,로다,False,로다,Level1
자치통감강목10,1265,2000,操又辟崔琰하여 爲别駕하고 謂曰 昨案户籍하니 可得三十萬衆이라 故爲大州也로다,"조조는 또 최염(崔琰)을 불러 별가(别駕)로 삼고 이르기를 “어제 호적(户籍)을 살펴보았는데, 30만의 병력을 얻을 수 있으니 진실로 큰 주(州)가 될 만하다.” 하자,",로다,False,로다,Level1
자치통감강목10,1387,2194,至是에 表謂備曰 不用君言故로 爲失此大會로다,이때에 유표가 유비에게 이르기를 “그대의 말을 따르지 않았기 때문에 이 큰 기회를 놓쳤다.” 하였다.,로다,False,로다,Level1
자치통감강목10,1440,2273,琰이 謂朗曰 君弟聰亮明允하고 剛斷英特이 非子所及也로다,"최염(崔琰)이 사마랑(司馬朗)에게 이르기를 “그대의 아우는 총명하고 진실하며 강하게 결단하고 영특하니, 그대가 미칠 바가 아니다.” 하였다.",로다,True,로다,Level1
자치통감강목10,1528,2427,今卿이 廓開大計하니 正與孤同이로다,"이제 경(卿)이 큰 계책을 크게 열어주니, 바로 나와 뜻이 같다.” 하였다.",로다,False,로다,Level1
시경집전(상),98,303,肅肅兎罝여 施于中逵로다,정돈된 토끼 그물이여 길 가운데 쳤도다,로다,True,로다,Level1
시경집전(상),99,304,赳赳武夫여 公侯好仇로다,굳세고 굳센 무부(武夫)여 공후(公侯)의 좋은 짝이로다,로다,True,로다,Level1
시경집전(상),101,310,肅肅兎罝여 施于中林이로다,정돈된 토끼 그물이여 숲 가운데 쳤도다,로다,True,로다,Level1
시경집전(상),102,311,赳赳武夫여 公侯腹心이로다,굳세고 굳센 무부(武夫)여 공후(公侯)의 복심(腹心)이로다,로다,True,로다,Level1
시경집전(상),116,332,南有喬木하니 不可休息로다,남쪽에 교목(喬木)이 있으니 가서 쉴 수가 없도다,로다,True,로다,Level1
시경집전(상),117,333,漢有遊女하니 不可求思로다,한수(漢水)에 놀러나온 여자가 있으니 구할 수 없도다,로다,False,로다,Level1
시경집전(상),119,335,江之永矣 不可方思로다,강수(江水)가 길어 뗏목으로 갈 수 없도다,로다,False,로다,Level1
시경집전(상),125,351,江之永矣 不可方思로다,강수(江水)가 길어 뗏목으로 갈 수 없도다,로다,False,로다,Level1
시경집전(상),131,362,江之永矣 不可方思로다,강수(江水)가 길어 뗏목으로 갈 수 없도다,로다,False,로다,Level1
시경집전(상),139,380,旣見君子호니 不我遐棄로다,이미 군자(君子)를 만나 보니 나를 멀리하여 버리지 않는도다,로다,True,로다,Level1
시경집전(상),142,386,魴魚頳尾어늘 王室如燬로다,방어의 꼬리가 붉거늘 왕실(王室)이 불타는 듯하도다,로다,True,로다,Level1
시경집전(상),148,406,于嗟麟兮로다,"아, 이들이 기린이로다",로다,True,로다,Level1
시경집전(상),152,416,于嗟麟兮로다,"아, 이들이 기린이로다",로다,True,로다,Level1
시경집전(상),155,422,于嗟麟兮로다,"아, 이들이 기린이로다",로다,True,로다,Level1
시경집전(상),160,437,今言詩者或乃專美后妃하고 而不本於文王하니 其亦誤矣로다,"지금 시(詩)를 말하는 자가 혹은 마침내 오로지 후비(后妃)만을 찬미하고 문왕(文王)에게 근본하지 않았으니, 또한 잘못이다.",로다,True,로다,Level1
시경집전(상),162,441,維鵲有巢에 維鳩居之로다,까치가 둥지를 둠에 비둘기가 살도다,로다,False,로다,Level1
시경집전(상),163,442,之子于歸에 百兩御之로다,새아씨가 시집옴에 백량(百兩)으로 맞이하도다,로다,False,로다,Level1
시경집전(상),166,452,維鵲有巢에 維鳩方之로다,까치가 둥지를 둠에 비둘기가 차지하도다,로다,False,로다,Level1
시경집전(상),167,453,之子于歸에 百兩將之로다,새아씨가 시집감에 백량(百兩)으로 전송하도다,로다,False,로다,Level1
시경집전(상),169,457,維鵲有巢에 維鳩盈之로다,까치가 둥지를 둠에 비둘기가 가득히 살도다,로다,False,로다,Level1
자치통감강목10,1542,2451,卿言至此하니 甚合孤心이로다,"경(卿)의 말이 이에 이르니, 나의 마음과 매우 부합한다.",로다,False,로다,Level1
자치통감강목10,1543,2454,此는 天以卿二人賛孤也로다,이는 하늘이 경(卿)과 자경(子敬) 두 사람으로 나를 돕게 한 것이다.,로다,True,로다,Level1
자치통감강목10,1547,2460,備曰 恨少로다,"유비가 말하기를 “병력이 적은 것이 한스럽다.” 하자,",로다,False,로다,Level1
자치통감강목11,12,26,曹操密遣辯士蔣幹하여 布衣葛巾으로 私行하여 說周瑜러니 瑜出迎하여 立謂之曰 子翼이 良苦로다,"조조(曹操)가 비밀리에 변사(辯士) 장간(蔣幹)을 보내어 포의(布衣)와 갈건(葛巾)을 착용하고 남몰래 길을 떠나 주유(周瑜)를 설득하게 하였는데, 주유가 나와 맞이하여 즉시 그에게 이르기를 “자익(子翼)이 참으로 고생한다.",로다,False,로다,Level1
자치통감강목11,29,99,及肅過尋陽에 與蒙議論하고 大驚曰 卿今者才略이 非復吳下阿蒙이로다,노숙(魯肅)이 심양(尋陽)을 지날 적에 여몽(呂蒙)과 의논을 하고 크게 놀라 말하기를 “경(卿)의 지금의 재주와 지략은 더 이상 오하(吳下)의 아몽(阿蒙)이 아니다.” 하였다.,로다,True,로다,Level1
자치통감강목11,50,191,巴郡太守嚴顔이 拊心歎曰 此所謂獨坐窮山하여 放虎自衛者也로다,파군태수(巴郡太守) 엄안(嚴顔)이 가슴을 치며 탄식하기를 “이는 이른바 홀로 궁벽한 산속에 앉아서 호랑이를 풀어놓아 자신을 호위하게 하는 것이다.” 하였다.,로다,False,로다,Level1
자치통감강목11,53,211,旣而요 聞昱之謀하고 甚悅曰 君은 非徒明於軍計라 又善處人父子之間이로다,얼마 후 조조는 이것이 정욱의 계책임을 듣고는 매우 기뻐하며 말하기를 “그대는 다만 군대의 계책에 밝을 뿐만 아니라 또 남의 부자간의 일을 잘 처리해주었다.” 하였다.,로다,True,로다,Level1
자치통감강목11,117,444,君知其一이요 未知其二로다,“그대는 하나만 알고 둘은 알지 못하도다.,로다,True,로다,Level1
자치통감강목11,272,1021,丕嘗出射雉하고 顧群臣하고 曰 樂哉로다,"조비(曹丕)가 일찍이 사냥하러 나가서 꿩을 쏘아 잡고는 여러 신하들을 돌아보고 말하기를 “즐겁다.” 하니,",로다,False,로다,Level1
자치통감강목11,305,1114,貞이 聞之하고 謂其徒曰 江東將相이 如此하니 非久下人者也로다,"형정은 이 말을 듣고 자신의 무리들에게 이르기를 “강동(江東)의 장수와 정승이 이와 같으니, 오랫동안 남에게 낮출 자가 아니다.” 하였다.",로다,False,로다,Level1
자치통감강목11,307,1119,禁이 將數萬衆하여 敗不能死하고 生降於敵이라가 旣而復歸하니 廢之可也요 殺之可也어늘 乃畫陵屋以辱之하니 斯不君矣로다,"“우금(于禁)이 수만 명의 병력을 거느리고서 싸움에 패하여 죽지 못하고 살아서 적(敵)에게 항복하였다가 이윽고 다시 돌아왔으니, 그를 폐출하는 것도 가(可)하고 죽이는 것도 가한데, 마침내 능(陵)의 지붕에 그림을 그려서 욕을 보였으니, 이는 임금답지 못한 짓이다.”",로다,False,로다,Level1
자치통감강목11,343,1228,初에 魏主丕 聞漢兵이 樹柵連營七百餘里하고 謂群臣曰 彼不曉兵이로다,처음에 위주(魏主) 조비(曹丕)는 촉한(蜀漢)의 군대가 성책(城柵)을 세워 700여 리에 진영(陣營)을 연결했다는 말을 듣고는 신하들에게 이르기를 “유비(劉備)는 병법(兵法)을 알지 못한다.,로다,False,로다,Level1
자치통감강목11,393,1393,丕臨望하고 嘆曰 魏雖有武騎千群이나 無所用之니 未可圖也로다,"조비(曹丕)는 장강(長江)을 멀리 굽어보며 탄식하기를 “위(魏)나라에 비록 용맹스러운 기병(騎兵) 천 개의 무리가 있다 하더라도 쓸 곳이 없으니, 도모할 수가 없다.” 하였다.",로다,False,로다,Level1
자치통감강목11,457,1582,而進人者 各務其所尙이어늘 今姚掾이 竝存剛柔하니 可謂博雅矣로다,"그런데 인재를 추천하는 자들은 각각 자기가 숭상하는 바에 따라 추천하는 데 힘쓰기 마련인데 지금 승상연(丞相掾)인 요주는 강(剛)(무(武))과 유(柔)(문(文))를 함께 보존하니, 박식하고 단아하다고 이를 만하다.”",로다,False,로다,Level1
자치통감강목11,593,2016,巧詐不如拙誠이 信矣로다,“공교롭고 간사한 속임수가 졸렬하고 진실함만 못하다는 말이 참으로 맞다.,로다,False,로다,Level1
자치통감강목11,608,2062,朕年六十에 世事難易를 靡所不嘗이로되 近爲鼠子所前却하니 令人氣踊如山이로다,"“짐(朕)의 나이 60세에 어렵고 쉬운 세상일을 겪지 않은 것이 없는데, 근래 쥐새끼 같은 자에 의해 앞으로 나아가기도 하고 뒤로 밀쳐지기도 하였으니, 사람(나)으로 하여금 분기(憤氣)가 산과 같이 일게 한다.",로다,False,로다,Level1
자치통감강목11,643,2170,亮이 嘗推演兵法하여 作八陣圖러니 至是하여 懿案行其營壘하고 嘆曰 天下奇才也로다,"제갈량이 일찍이 병법(兵法)을 부연해서 팔진도(八陣圖)를 만들었는데, 이때에 사마의가 그 진영(陣營)과 보루(堡壘)를 순행하여 살펴보고 감탄하기를 “천하에 기이한 재주이다.” 하였다.",로다,True,로다,Level1
자치통감강목11,651,2209,"可謂識治之良才요 管, 蕭之亞匹矣로다","그는 참으로 정치하는 방도를 아는 훌륭한 재주요, 관중(管仲)과 소하(蕭何)의 짝이라고 이를 만하다.”",로다,True,로다,Level1
자치통감강목11,652,2211,及亮薨에 立이 垂泣曰 吾終爲左衽矣로다,"제갈량이 훙(薨)하자, 요립은 눈물을 떨구며 말하기를 “나는 끝내 옷깃을 왼쪽으로 하는 오랑캐가 되겠구나.” 하였다.",로다,False,로다,Level1
자치통감강목11,659,2231,恪父瑾이 聞之하고 亦嘆曰 恪이 不大興吾家하고 將赤吾族也로다,"제갈각의 아버지 제갈근(諸葛瑾)도 이 말을 듣고 탄식하기를 “제갈각이 우리 집안을 크게 일으키지 못하고, 장차 우리 집안을 붉은 피로 물들이겠구나.” 하였다.",로다,False,로다,Level1
시경집전(상),246,617,委蛇委蛇하니 退食自公이로다,의젓하고 의젓하니 물러와서 먹기를 공소(公所)로부터 하도다,로다,False,로다,Level1
시경집전(상),263,645,摽有梅여 其實七兮로다,떨어지는 매실(梅實)이여 그 열매가 일곱이로다,로다,True,로다,Level1
시경집전(상),267,655,摽有梅여 其實三兮로다,떨어지는 매실(梅實)이여 그 열매가 셋이로다,로다,True,로다,Level1
시경집전(상),270,660,摽有梅여 頃筐墍之로다,떨어지는 매실(梅實)이여 광주리를 기울여 모두 담도다,로다,True,로다,Level1
시경집전(상),274,667,嘒彼小星이여 三五在東이로다,반짝이는 저 작은 별이여 세 개와 다섯 개가 동쪽에 있도다,로다,True,로다,Level1
시경집전(상),279,683,嘒彼小星이여 維參與昴로다,반짝이는 저 작은 별이여 삼성(參星)과 묘성(昴星)이로다,로다,True,로다,Level1
시경집전(상),287,697,其後也悔로다,그 뒤에는 뉘우쳤도다,로다,True,로다,Level1
시경집전(상),289,706,故로 媵見江水之有汜而因以起興하여 言 江猶有汜어늘 而之子之歸에 乃不我以로다,"그러므로 잉첩(媵妾)이 강수(江水)에 갈라진 물줄기가 있음을 보고, 인하여 기흥(起興)하여 말하기를 “강(江)에도 오히려 갈라진 물줄기가 있는데, 지자(之子)가 시집갈 때에 마침내 나를 데리고 가지 않았도다.",로다,True,로다,Level1
시경집전(상),292,710,其後也處로다,그 뒤에는 편안히 처하도다,로다,False,로다,Level1
시경집전(상),296,717,其嘯也歌로다,휘파람 불다가 즐거워 노래부르도다,로다,True,로다,Level1
시경집전(상),300,727,野有死麕이어늘 白茅包之로다,들에 죽은 노루가 있거늘 흰 띠풀로 싸도다,로다,False,로다,Level1
시경집전(상),301,728,有女懷春이어늘 吉士誘之로다,아가씨가 봄을 그리워하거늘 길사(吉士)가 유인하도다,로다,True,로다,Level1
시경집전(상),305,737,白茅純束하나니 有女如玉이로다,흰 띠풀로 묶으니 여자가 옥(玉)처럼 아름답도다,로다,True,로다,Level1
시경집전(상),312,756,何彼穠矣오 唐棣之華로다,어쩌면 저리도 상한가 당체(唐棣)의 꽃이로다,로다,True,로다,Level1
시경집전(상),313,757,曷不肅雝이리오 王姬之車로다,어찌 엄숙하고 화하지 않으리오 왕희(王姬)의 수레로다,로다,True,로다,Level1
시경집전(상),315,766,乃唐棣之華也로다,이것은 바로 당체(唐棣)의 꽃이로다.,로다,False,로다,Level1
시경집전(상),316,770,何彼穠矣오 華如桃李로다,어쩌면 저리도 성한가 꽃이 도리(桃李)와 같도다,로다,True,로다,Level1
시경집전(상),317,771,平王之孫과 齊侯之子로다,평왕(平王)의 손녀와 제후(齊侯)의 아들이로다,로다,False,로다,Level1
시경집전(상),319,777,其鈞維何오 維絲伊緡이로다,낚시하는 것이 무엇인가 실로 낚싯줄을 만들었도다,로다,False,로다,Level1
시경집전(상),320,778,齊侯之子와 平王之孫이로다,제후(齊侯)의 아들과 평왕(平王)의 손녀로다,로다,False,로다,Level1
시경집전(상),324,785,于乎騶虞로다,아 이것이 추우(騶虞)로다,로다,True,로다,Level1
시경집전(상),328,794,于嗟乎騶虞로다,아 이것이 추우(騶虞)로다,로다,True,로다,Level1
시경집전(상),338,829,汎彼柏舟여 亦汎其流로다,두둥실 떠있는 저 잣나무배여 또한 흐르는 물에 떠있도다,로다,True,로다,Level1
시경집전(상),350,851,威儀棣棣라 不可選也로다,위의(威儀)가 성하고 성하니 가릴 것이 없도다,로다,True,로다,Level1
시경집전(상),358,865,心之憂矣여 如匪澣衣로다,마음의 근심함이여 빨지 않은 옷을 입은 듯하노라,로다,True,로다,Level1
시경집전(상),363,876,綠兮衣兮여 綠衣黃裏로다,녹색 옷이여 녹색이 웃옷이요 황색이 속옷이로다,로다,True,로다,Level1
시경집전(상),367,885,綠兮衣兮여 綠衣黃裳이로다,녹색 옷이여 녹색이 웃옷이요 황색이 치마로다,로다,True,로다,Level1
시경집전(상),370,891,綠兮絲兮라 女所治兮로다,녹색 실이여 네가 다스리는 바로다,로다,False,로다,Level1
시경집전(상),371,892,我思古人하여 俾無訧兮로다,내 고인(古人)을 생각하여 허물이 없게 하노라,로다,True,로다,Level1
시경집전(상),374,900,絺兮綌兮여 凄其以風이로다,가는 갈포(葛布)와 굵은 갈포(葛布)여 쌀쌀한 바람 불어오도다,로다,True,로다,Level1
시경집전(상),375,901,我思古人호니 實獲我心이로다,내 고인(古人)을 생각하니 실로 내 마음을 아셨도다,로다,True,로다,Level1
시경집전(상),380,910,燕燕于飛여 差池其羽로다,제비와 제비의 날음이여 가지런하지 않은 그 깃이로다,로다,True,로다,Level1
시경집전(상),385,920,燕燕于飛여 頡之頏之로다,제비와 제비의 날음이여 오르내리도다,로다,True,로다,Level1
시경집전(상),389,927,燕燕于飛여 下上其音이로다,제비와 제비의 날음이여 오르내리는 그 소리로다,로다,True,로다,Level1
시경집전(상),393,933,仲氏任只하니 其心塞淵이로다,중씨(仲氏)가 미더우니 그 마음 진실하고 깊도다,로다,True,로다,Level1
시경집전(상),395,935,先君之思로 以勗寡人이로다,선군(先君)을 생각하라는 말로써 과인(寡人)을 권면하도다,로다,True,로다,Level1
시경집전(상),397,947,州吁之暴와 桓公之死와 戴嬀之去는 皆夫人失位하여 不見答於先君所致也어늘 而戴嬀猶以先君之思로 勉其夫人하니 眞可謂溫且惠矣로다,"“주우(州吁)의 포악함과 환공(桓公)의 죽음과 대규(戴嬀)의 떠남은 모두 부인(夫人)이 지위를 잃어 선군(先君)에게 보답을 받지 못한 소치(所致)인데도 대규(戴嬀)는 오히려 선군(先君)을 생각하라는 말로써 부인(夫人)을 권면하였으니, 참으로 온순하고 또 순하다고 이를 만하다.”",로다,True,로다,Level1
시경집전(상),409,968,乃如之人兮 德音無良이로다,이와 같은 사람이여 덕음(德音)이 좋지 못하도다,로다,False,로다,Level1
시경집전(상),419,985,謔浪笑敖라 中心是悼로다,해학하며 웃고 즐거워하는지라 중심(中心)에 이 슬퍼하노라,로다,True,로다,Level1
시경집전(상),423,996,莫往莫來라 悠悠我思로다,가지도 않고 오지도 않는지라 아득하고 아득한 내 그리움이로다,로다,True,로다,Level1
시경집전(상),426,1002,終風且曀요 不日有曀로다,하루내내 바람불고 또 음산하고는 하루가 못되어 또다시 음산하도다,로다,True,로다,Level1
시경집전(상),429,1010,曀曀其陰이며 虺虺其靁으로다,에에(曀曀)한 그 음산함이며 훼훼(虺虺)한 그 우레소리로다,로다,True,로다,Level1
시경집전(상),448,1046,于嗟闊兮여 不我活兮로다,아 멀리 떨어져 있음이여 우리 함께 살지 못하리로다,로다,True,로다,Level1
시경집전(상),449,1047,于嗟洵兮여 不我信兮로다,아 약속함이여 우리 이 약속 펴지 못하리로다,로다,True,로다,Level1
시경집전(상),453,1056,凱風自南로 吹彼棘心이로다,개풍(凱風)이 남쪽으로부터 저 극심(棘心)에 불어오도다,로다,True,로다,Level1
시경집전(상),457,1067,凱風自南으로 吹彼棘薪이로다,개풍(凱風)이 남쪽으로부터 저 극신(棘薪)에 불어오도다,로다,True,로다,Level1
시경집전(상),460,1073,復以聖善稱其母하고 而自謂無令人하니 其自責也 深矣로다,"다시 성선(聖善)으로써 그 어머니를 칭송하고, 스스로 훌륭한 사람이 없다고 말했으니, 그 자책(自責)함이 깊은 것이다.",로다,True,로다,Level1
시경집전(상),461,1074,爰有寒泉이 在浚之下로다,이에 차가운샘물이 준읍(浚邑)의 아래에 있도다,로다,True,로다,Level1
시경집전(상),465,1083,睍睆黃鳥 載好其音이로다,곱고 고운 황조(黃鳥)여 그 소리를 아름답게도 하도다,로다,True,로다,Level1
시경집전(상),470,1091,雄雉于飛여 泄泄其羽로다,숫꿩의 날음이여 느릿느릿한 그 날개로다,로다,True,로다,Level1
시경집전(상),471,1092,我之懷矣여 自詒伊阻로다,나의 그리워함이여 스스로 격조(隔阻)함을 끼치도다,로다,True,로다,Level1
시경집전(상),474,1098,雄雉于飛여 下上其音이로다,숫꿩의 날음이여 오르내리는 그 소리로다,로다,True,로다,Level1
시경집전(상),475,1099,展矣君子여 實勞我心이로다,진실로 군자(君子)여 실로 내 마음을 수고롭게 하도다,로다,True,로다,Level1
시경집전(상),477,1104,瞻彼日月호니 悠悠我思로다,저 해와 달을 보니 아득하고 아득한 내 그리움이로다,로다,True,로다,Level1
시경집전(상),485,1119,匏有苦葉이어늘 濟有深涉이로다,박에 쓴 잎이 있거늘 건너는 곳에 깊은 물턱이 있도다,로다,True,로다,Level1
시경집전(상),489,1129,有瀰濟盈이어늘 有鷕雉鳴이로다,건너는 곳에 물이 가득하거늘 요요(鷕鷕)히 암꿩이 울도다,로다,True,로다,Level1
시경집전(상),490,1130,濟盈不濡軌하며 雉鳴求其牡로다,물이 가득하되 수레바퀴 자국을 적시지 않으며 꿩이 울면서 숫짐승을 찾도다,로다,True,로다,Level1
시경집전(상),510,1175,誰謂茶苦오 其甘如薺로다,누가 씀바귀가 쓰다 하는가 그 달기가 냉이와 같도다,로다,True,로다,Level1
시경집전(상),531,1224,承上章하여 言我於女家에 勤勞如此어늘 而女旣不我養하고 而反以我爲仇讐로다,"상장(上章)을 이어 말하기를 “내 그대의 집에서 근로(勤勞)하기를 이와 같이 하였는데, 그대가 이미 나를 길러주지 않고 도리어 나를 원수로 여기는구나.",로다,True,로다,Level1
시경집전(상),535,1231,不念昔者에 伊余來墍로다,그 옛날에 내가 와서 쉬던 때를 생각하지 않는도다,로다,True,로다,Level1
자치통감강목12,356,1446,及是하여 瓘謂曰可以報江油之辱矣로다,이때에 와서 위관이 전속에게 말하기를 “강유에서 받은 모욕을 보복할 수 있다.”라고 하였다.,로다,True,로다,Level1
자치통감강목12,358,1460,會請其子琇하여 爲參軍한대 憲英憂曰 他日에 吾爲國憂이러니 今日에 難至吾家矣로다,종회가 신헌영의 아들 양수(羊琇)를 청하여 참군(參軍)으로 삼았는데 신헌영이 걱정하여 말하기를 “지난날에 내가 나라를 위하여 걱정하였는데 오늘에는 환난이 우리 집에 닥쳤구나.”라고 하였다.,로다,True,로다,Level1
자치통감강목12,465,1727,瓊聞之曰 廣休는 可謂不黨矣로다,정경이 이 말을 듣고 말하기를 “광휴(廣休)는 붕당(朋黨)을 짓지 않는다고 말할 수 있다.,로다,False,로다,Level1
자치통감강목12,570,2075,議者多有不同하되 賈充荀勖馮紞이 尤以伐吳爲不可하니 祜歎曰 天下不如意事十常居七八이로다,"논의하는 자들 가운데 의견이 같지 않은 자들이 대부분이었는데, 가충(賈充)‧순욱(荀勖)‧풍담(馮紞)이 더욱 오(吳)나라를 정벌하는 것이 불가하다고 하자, 양호가 탄식하여 말하기를 “천하의 일 가운데 뜻대로 되지 않는 것이 보통 열에 일고여덟이로다.",로다,True,로다,Level1
자치통감강목12,612,2200,然喜任俠하니 處士陳留董養이 見而謂之曰 君好亂樂禍하니 若天下有事면 不作士大夫矣로다,"그러나 임협(任俠)을 하는 것을 좋아하니, 처사(處士)인 진류(陳留) 사람 동양(董養)이 그를 보고 말하기를 “그대는 혼란을 좋아하고 화란을 즐기니, 만약 천하에 전란이 있게 되면 사대부가 되지 못할 것이다.”라고 하였다.",로다,False,로다,Level1
자치통감강목12,619,2238,晉主撫掌歡笑하고 召群臣謂曰 若從諸卿言이면 無涼州矣로다,진주(晉主)가 손바닥을 치며 즐겁게 웃으며 여러 신하들을 불러 말하기를 “만약 여러 경(卿)들의 말을 따랐다면 양주(涼州)를 잃었을 것이다.”라고 하였다.,로다,True,로다,Level1
자치통감강목13,39,172,"帝大笑曰 桓, 靈은 不聞此言이어늘 今朕有直臣하니 固爲勝之로다","황제가 크게 웃으며 말하기를 “환제와 영제는 이런 말을 모두 듣지 못했는데 지금 짐에게는 직언하는 신하가 있으니, 참으로 내가 그들보다 낫다.” 하였다.",로다,False,로다,Level1
자치통감강목13,80,326,衛瓘이 與書하여 曰 每與足下로 共論此事로되 日日未果하니 可謂瞻之在前이요 忽焉在後矣로다,"위관(衛瓘)이 그에게 편지를 보내기를 “매번 족하(足下)와 함께 이 일을 의논하였으나 나는 날마다 결행하지 못하였으니, ‘바라보면 앞에 있다가 갑자기 뒤에 있다.’고 이를 만하다.” 하였다.",로다,False,로다,Level1
자치통감강목13,124,489,大亂將作矣로다,큰 난리가 장차 일어날 것이다.”,로다,True,로다,Level1
자치통감강목13,187,704,關内侯索靖이 知天下將亂하고 指洛陽宮門銅駝하고 嘆曰 會見汝在荆棘中耳로다,관내후(關内侯) 삭정(索靖)은 천하가 장차 혼란할 줄을 알고 낙양(洛陽)의 궁문(宮門)에 있는 동(銅)으로 만든 낙타를 가리키며 탄식하기를 “마침내 네가 가시나무 덤불 속에 묻히는 것을 보겠구나.” 하였다.,로다,True,로다,Level1
자치통감강목13,207,786,閻纉이 撫張華尸하고 慟哭曰 早語君遜位而不肯이러니 今果不免하니 命也로다,"염찬(閻纉)은 장화(張華)의 시신을 어루만지고 통곡하며 말하기를 “내 일찍이 군(君)에게 직위를 내놓으라고 하였는데 따르지 않다가 지금 과연 화를 면치 못했으니, 이는 천명(天命)이다.” 하였다.",로다,True,로다,Level1
자치통감강목13,214,813,崇이 嘆曰 奴輩利吾財耳로다,"석숭이 탄식하기를 “종놈들이 나의 재물을 이롭게 여겼구나.” 하자,",로다,True,로다,Level1
자치통감강목13,281,1047,旣克張昌하니 劉弘이 謂曰 吾昔爲羊公參軍하니 謂吾後當居其處라하더니 今觀卿하니 必繼老夫矣로다,"도간이 장창(張昌)을 이기자, 유홍(劉弘)이 그에게 이르기를 “내가 옛날에 양공(羊公)의 참군(參軍)이 되었는데, 양공이 나더러 뒤에 마땅히 이 자리에 있을 것이다 하였는데, 지금 경(卿)을 보니 반드시 이 노부(老夫)의 뒤를 이을 것이다.” 하였다.",로다,False,로다,Level1
자치통감강목13,329,1223,劉淵이 聞穎去鄴하고 歎曰 不用吾言하여 遂自犇潰하니 眞奴才也로다,"유연(劉淵)은 사마영(司馬穎)이 업(鄴) 지역을 떠나갔다는 말을 듣고 탄식하기를 “내 말을 따르지 않아서 마침내 스스로 달아나 무너졌으니, 참으로 종놈의 재주이다.",로다,True,로다,Level1
자치통감강목13,417,1469,"語之曰 荆州는 有江, 漢之固하고 青州는 有負海之險이어늘 卿二人在外하고 而吾居中하니 足以為三窟矣로다","왕연이 이들에게 말하기를 “형주(荆州)는 장강(長江)과 한수(漢水)의 견고함이 있고, 청주(青州)는 바다를 등지고 있는 험함이 있는데, 경(卿) 두 사람이 밖에 있고 내가 중앙(조정)에 있으니, 3개의 굴이 되기에 충분하다.” 하였다.",로다,False,로다,Level1
자치통감강목13,478,1597,李憙見之하고 歎曰 望之엔 如可易라가 及至엔 肅如嚴君하니 可謂君子矣로다,"이희(李憙)가 그를 보고 감탄하기를 “멀리서 바라볼 때에는 소홀히 여겨도 될 듯하다가, 가까이 다가가 보면 엄숙함이 엄한 군주와 같으니 군자라고 이를 만하다.” 하였다.",로다,True,로다,Level1
자치통감강목13,532,1767,勒이 謂張賓曰 王公이 位重而言卑하니 其圖我必矣로다,"석륵이 장빈(張賓)에게 이르기를 “왕공(王公)이 지위가 높은데 말을 겸손하게 하니, 틀림없이 나를 도모하려는 것이다.” 하였다.",로다,False,로다,Level1
자치통감강목13,641,2121,勒이 撫几笑曰 王彭祖真可擒也로다,석륵이 안석을 어루만지고 웃으며 말하기를 “왕팽조(王彭祖)(왕준)를 참으로 사로잡을 수 있겠구나.” 하였다.,로다,False,로다,Level1
자치통감강목13,706,2330,聰이 以表示沈等하고 笑曰 群兒為元達所引하여 遂成癡兒로다,유총은 이 표문을 왕침 등에게 보여주고는 웃으며 말하기를 “여러 아이들이 진원달에게 유인되어 마침내 바보가 되었다.” 하였다.,로다,False,로다,Level1
자치통감강목13,761,2512,乂意輕平하여 視其屋하고 曰 可作馬廐로다 見大鑊하고 曰 可鑄鐵器로다,"은예는 마음속으로 장평을 무시하여, 그의 집을 보고는 “마구간으로 쓰면 좋겠다.”라고 하고, 큰 솥을 보고는 “철물을 주조하면 되겠다.”라고 하였다.",로다,False,로다,Level1
시경집전(상),552,1267,何其處也요 必有與也로다,어쩌면 그리도 편안히 있는고 반드시 여국(與國)이 있기 때문이로다,로다,True,로다,Level1
시경집전(상),553,1268,何其久也오 必有以也로다,어쩌면 그리도 오래 걸리는고 반드시 이유가 있으리로다,로다,True,로다,Level1
시경집전(상),557,1278,叔兮伯兮 靡所與同이로다,숙(叔)이여 백(伯)이여 더불어 마음이 같지 않아서로다,로다,True,로다,Level1
시경집전(상),560,1286,瑣兮尾兮 流離之子로다,자잘하며 자잘한 이 유리(流離)하는 사람이로다,로다,False,로다,Level1
시경집전(상),561,1287,叔兮伯兮 褎如充耳로다,숙(叔)이여 백(伯)이여 우연(褎然)히 귀를 막은 듯하도다,로다,True,로다,Level1
시경집전(상),563,1293,流離患難之餘에 而其言之有序而不迫이 如此하니 其人을 亦可知矣로다,"유리(流離)와 환난(患難)을 당한 뒤에도 그 말이 차례가 있고 박절하지 않음이 이와 같으니, 그 사람을 또한 알 만하다.",로다,True,로다,Level1
시경집전(상),570,1306,碩人俁俁하니 公庭萬舞로다,석인(碩人)이 크기도 하니 공정(公庭)에서 만(萬)으로 춤을 추도다,로다,True,로다,Level1
시경집전(상),571,1307,有力如虎며 執轡如組로다,힘이 범과 같으며 고삐를 잡기를 실끈처럼 하도다,로다,True,로다,Level1
시경집전(상),577,1325,山有榛이며 隰有苓이로다,산에는 개암이 있으며 습지에는 감초가 있도다,로다,True,로다,Level1
시경집전(상),578,1326,云誰之思오 西方美人이로다,누구를 그리워하는고 서방(西方)의 미인이로다,로다,True,로다,Level1
시경집전(상),579,1327,彼美人兮여 西方之人兮로다,저 미인이여 서방(西方)의 사람이로다,로다,True,로다,Level1
시경집전(상),585,1343,毖彼泉水도 亦流于淇로다,졸졸 흐르는 저 천수(泉水)도 기수(淇水)로 흐르도다,로다,True,로다,Level1
시경집전(상),601,1383,思須與漕호니 我心悠悠로다,수읍(須邑)과 조읍(漕邑)을 생각하니 내 마음 아득하고 아득하도다,로다,True,로다,Level1
시경집전(상),612,1407,王事適我어늘 政事一埤益我로다,국사(國事)가 나에게 몰려들거늘 정사가 한결같이 나에게 가(加)해지도다,로다,False,로다,Level1
시경집전(상),616,1417,室人이 至無以自安하여 而交徧讁我하니 則其困於內外極矣로다,"그리하여 집안식구들이 스스로 편안할 수가 없어서 서로 돌아가면서 나를 꾸짖음에 이르렀으니, 그 내외(內外)에 곤궁함이 지극한 것이다.",로다,True,로다,Level1
시경집전(상),617,1418,王事敦我어늘 政事一埤遺我로다,왕사(王事)가 나에게 던져지거늘 정사(政事)는 더더욱 나에게 가(加)해지도다,로다,True,로다,Level1
시경집전(상),623,1430,北風其凉이며 雨雪其雱이로다,북풍(北風)이 차갑게 불어오며 함박눈이 펑펑 내리도다,로다,True,로다,Level1
시경집전(상),625,1432,其虛其邪아 旣亟只且로다,여유 있으면 느리게 할 수 있으랴 이미 급박하게 되었도다,로다,False,로다,Level1
시경집전(상),628,1445,北風其喈며 雨雪其霏로다,북풍(北風)이 세차게 불어오며 함박눈이 흩어져 내리도다,로다,True,로다,Level1
시경집전(상),630,1447,其虛其邪아 旣亟只且로다,여유 있으며 느리게 할 수 있으랴 이미 급박하게 되었도다,로다,False,로다,Level1
자치통감강목11,727,2446,魏之群司 於是乎失正矣로다,위(魏)나라의 많은 신하가 이때에 바름을 잃었다.”,로다,False,로다,Level1
자치통감강목11,758,2583,好不經之擧하고 開拔奇之津하니 將使天下로 馳騁而起矣로다,"상규(常規)에 어긋나는 일을 좋아하고 기이한 사람을 발탁하는 나루터를 열어놓으니, 장차 천하(天下) 사람들로 하여금 다투어 치달려서 일어나게 할 것이다.”",로다,True,로다,Level1
자치통감강목11,787,2696,雍은 可謂長者矣로다,“고옹은 장자(長者)라고 이를 만하다.,로다,True,로다,Level1
자치통감강목12,4,7,死乃可忍이로다,죽음을 겨우 참고 있었노라.,로다,True,로다,Level1
자치통감강목12,6,21,然不思建德垂風하여 以固維城之基하고 至使大權偏據하고 社稷無衛하니 悲夫로다,"그러나 덕을 세우고 풍도를 남겨 종실의 기틀을 굳건히 할 것을 생각하지 않아서, 심지어 대권(大權)을 다른 사람의 수중에 떨어지게 하고 사직(社稷)을 보위할 사람이 없게 하였으니, 슬프다.”",로다,True,로다,Level1
자치통감강목12,11,40,督農楊敏嘗毁琬曰 作事憒憒하여 誠不及前人이로다,독농(督農) 양민(楊敏)이 일찍이 장완을 헐뜯기를 “일을 처리하는 것이 용렬하여 진실로 전임자에게 미치지 못한다.”라고 하였다.,로다,False,로다,Level1
자치통감강목12,51,137,君信可人이니 必能辦賊也로다,"그대는 확실히 일을 감당할 수 있는 사람이니, 반드시 적을 제압할 수 있을 것입니다.”",로다,True,로다,Level1
자치통감강목12,100,272,本謂明公이 匡輔魏室하여 以報明帝之託이러니 今社稷將危하여 天下兇兇하니 此所以不悦也로다,"본래 명공(明公)께서 위(魏)나라 황실을 바르게 보필하시어, 명제(明帝)의 의탁함에 보답하실 것이라 생각했는데, 지금 사직이 장차 위태로워서 천하가 흉흉하니, 이것이 기뻐하지 않는 까닭입니다.”",로다,True,로다,Level1
자치통감강목12,112,381,可謂要言不煩이로다,“말이 긴요하면서 간명하다고 할 수 있다.”,로다,False,로다,Level1
자치통감강목12,112,391,此老生之常譚이로다,“이런 말은 늙은 서생의 평범한 말이다.”,로다,False,로다,Level1
자치통감강목12,147,529,今君令恪十思하니 明恪之劣也로다,"지금 그대가 나에게 열 번을 생각하라 하니, 내 재능이 변변치 못함을 밝히는 것이다.”라고 하였다.",로다,False,로다,Level1
자치통감강목12,191,736,沖嘗與豐俱見畿하고 既退에 畿嘆曰 孝懿無子로다,"곽충이 일찍이 이풍(李豐)과 함께 두기를 만나보았는데, 물러난 뒤에 두기가 탄식하며 말하기를 “효의(孝懿)(이회)는 아들이 없겠구나.",로다,True,로다,Level1
자치통감강목12,191,738,君謀爲不死也라 其子足以繼其業이로다,"군모(君謀)(곽지)는 죽지 않을 것이니, 그 아들이 충분히 그 가업을 계승할 것이다.”라고 하였다.",로다,False,로다,Level1
자치통감강목12,272,1142,昭使其舅尙書荀顗로 召之한대 泰曰 論者가 以泰方舅러니 今舅不如泰也로다,"사마소가 진태의 외삼촌 상서(尙書) 순의(荀顗)를 시켜서 진태를 부르게 하였는데 진태가 말하기를 “논하는 이들이 저를 외삼촌과 견주었는데, 이제 외삼촌은 저만 못합니다.”라고 하였다.",로다,False,로다,Level1
자치통감강목12,294,1206,兵不戢하면 必自焚은 伯約之謂也로다,“전쟁을 멈추지 아니하면 반드시 자신을 불태워 자멸한다는 것은 바로 백약(伯約)(강유)을 말하는 것이다.,로다,True,로다,Level1
자치통감강목12,307,1248,從事中郎荀勖曰 明公爲天下宰하여 宜仗正義以伐違貳로되 而以刺客除賊은 非所以刑于四海也로다,종사중랑(從事中郎) 순욱(荀勖)이 말하기를 “명공(明公)께서는 천하를 주재하고 계시면서 마땅히 정의에 입각하여 반역한 자들을 정벌하셔야 하는데 자객으로 적을 제거하는 것은 사해(四海)에 본받도록 하는 방도가 아닙니다.”라고 하였다.,로다,False,로다,Level1
자치통감강목12,324,1297,從叔父衡은 有名當世호되 亦不知之하여 使守水碓하고 每嘆曰 舒堪數百户長이면 我願畢矣로다,종숙부(從叔父) 위형(魏衡)은 당시 세상에 유명하였는데도 또한 위서를 알아보지 못하여 위서에게 물레방아를 맡아보게 하고 매번 탄식하여 말하기를 “위서가 수백 호(戶)의 장(長)을 담당한다면 내 소원을 다 풀 수 있겠다.”라고 하였다.,로다,True,로다,Level1
자치통감강목12,325,1308,毓歎而謝曰 吾之不足以盡卿才이 有如此射矣로다,종육이 감탄하고 사과하면서 말하기를 “내가 경의 재주를 다 쓰지 못한 것이 이 활쏘기와 같을 것이다.”라고 하였다.,로다,True,로다,Level1
자치통감강목12,346,1393,會曰 君言遠矣라 我不能行이로다,종회(鍾會)가 말하기를 “그대의 말이 원대하므로 내가 실행할 수 없다.”라고 하니,로다,False,로다,Level1
자치통감강목12,352,1430,會驚曰 但取艾인댄 相國知我獨辦之어늘 今來太重하니 必覺我異矣로다,"종회가 놀라 말하기를 “단지 등애만을 잡는 것이라면 상국(相國)(사마소)은 내가 단독으로 일을 처리할 수 있을 것을 알 텐데, 지금 오는 것이 매우 엄중하니, 반드시 내가 변심한 것을 알아차린 것이다.",로다,False,로다,Level1
자치통감강목15,420,540,猛이 聞之하고 笑曰 慕容評은 眞奴才로다,왕맹은 이 말을 듣고 웃기를 “모용평은 참으로 노예의 재질이다.,로다,True,로다,Level1
자치통감강목15,432,562,猛之謂矣로다,왕맹을 두고 한 말이다.”,로다,False,로다,Level1
자치통감강목15,567,774,郗超卧帳中하여 聽其言이라가 風動帳開하니 安이 笑曰 郗生은 可謂入幕之賓矣로다,"치초(郗超)가 장막 가운데에 누워 그들이 말하는 것을 듣고 있었는데, 한 줄기 바람이 불어 장막이 열리니, 사안(謝安)이 웃으며 말하기를 “치생(郗生)은 장막에 들어온 손님이라고 이를 만하다.” 하였다.",로다,True,로다,Level1
자치통감강목15,595,816,無復遺로다,다시는 남은 종자가 없을 것이다.” 하였다.,로다,True,로다,Level1
자치통감강목15,704,968,秦王堅이 與群臣飲酒할새 以極醉爲限이어늘 趙整이 作酒歌曰 地列酒泉이요 天垂酒池로다,"진왕(秦王) 부견(符堅)이 여러 신하들과 술을 마실 적에 만취할 때까지 마시도록 하자, 조정(趙整)이 주덕가(酒德歌)를 짓기를 “땅에는 주천(酒泉)이 나열되어 있고, 하늘에는 주기(酒旗)가 드리워져 있도다.",로다,True,로다,Level1
자치통감강목15,704,969,杜康妙識이요 儀狄先知로다,"두강(杜康)이 술맛을 묘하게 알았고, 의적(儀狄)이 술맛을 먼저 알았도다.",로다,False,로다,Level1
자치통감강목15,704,970,紂喪殷邦하고 桀傾夏國이로다,"주왕(紂王)은 술로 인해 은(殷)나라를 망쳤고, 걸왕(桀王)은 하(夏)나라를 기울게 하였도다.",로다,False,로다,Level1
자치통감강목15,704,971,由此言之컨대 前危後則이로다,이것을 가지고 말하건대 앞 시대의 위태로움은 후세의 본보기가 된다.” 하였다.,로다,False,로다,Level1
자치통감강목15,851,1191,吾其左衽矣로다,〈결국 오랑캐의 통치를 받아〉 나는 아마도 옷깃을 왼쪽으로 여미게 될 것이다.” 하였다.,로다,False,로다,Level1
자치통감강목15,960,1362,楷留其老弱하여 置守宰以撫之하고 發其丁壯十餘萬하여 與晏詣鄴하니 垂大悅曰 汝兄弟才兼文武하니 足以繼先王矣로다,"모용해(慕容楷)는 노약자를 남겨두고서 수령을 어루만지게 하고, 장정(壯丁) 10여만 명을 징발하여 왕안과 함께 업성(鄴城)에 이르니, 모용수(慕容垂)가 크게 기뻐하기를 “너희 형제(모용소․모용해)의 재주가 문무(文武)를 겸하였으니, 충분히 선왕(先王)을 이을 수 있다.” 하였다.",로다,True,로다,Level1
자치통감강목15,1104,1547,堅이 歎曰 卿은 王景略之儔어늘 而朕不知하니 宜其亡也로다,"부견은 탄식하기를 “경은 왕경략(王景略)(왕맹(王猛))의 무리인데 짐이 알아보지 못했으니, 내가 망한 것이 당연하다.”라고 하였다.",로다,True,로다,Level1
자치통감강목15,1110,1556,堅이 似之矣로다,부견이 이와 비슷하다.”,로다,False,로다,Level1
자치통감강목15,1330,1878,萇이 聞之하고 謂諸將曰 此羌이 見登하니 事不成矣로다,"요장은 뇌악지가 갔다는 말을 듣고 여러 장수에게 말하기를 “이 강족(羌族)이 부등을 만나 보았으니, 일이 이루어지지 못할 것이다.”라고 하였다.",로다,False,로다,Level1
자치통감강목15,1409,1988,謂其將死러니 忽然復至로다,그가 장차 죽을 것이라고 생각했는데 갑자기 다시 살아 돌아왔다.,로다,True,로다,Level1
자치통감강목15,1416,2001,嘗於仲堪聽事前戲馬할새 以矟擬仲堪이어늘 參軍劉邁曰 馬矟은 有餘로되 精理不足이로다,"일찍이 은중감(殷仲堪)의 청사 앞에서 말馬을 달리며 놀 적에 은중감에게 창을 겨누었는데, 참군(參軍) 유매(劉邁)가 말하기를 “말을 타며 창질하는 데는 넉넉함이 있으나 정묘한 이치를 터득하는 데는 부족하다.”라고 하니,",로다,False,로다,Level1
자치통감강목15,1568,2226,旣而요 謂珣曰 比來視君하니 一似胡廣이로다,이윽고 왕공(王恭)이 왕순(王珣)에게 이르기를 “근래 그대를 보면 한결같이 호광(胡廣)과 같다.”라고 하였다.,로다,False,로다,Level1
자치통감강목17,4,12,日晚坐散에 中書令傅亮이 乃悟하고 叩扉請見曰 臣暫宜還都로다,"날이 저물어 자리가 파하자 중서령(中書令) 부량(傅亮)이 마침내 깨닫고는 문을 두드리며 뵙기를 청하여 말하기를 “신(臣)이 잠시 도읍으로 돌아가야겠습니다.”라고 하니,",로다,False,로다,Level1
자치통감강목17,8,31,天下之惡一也어늘 鄉論清議를 除之過矣로다,"천하에 악한 자는 모두 마찬가지인데, 향론(鄉論)과 청의(清議)를 저촉한 죄를 없애준 것은 지나치다.”",로다,False,로다,Level1
자치통감강목17,16,50,繇歎曰 大事去矣로다,송요가 말하기를 “큰일이 틀어져버렸구나.”라고 하였다.,로다,False,로다,Level1
자치통감강목17,17,52,蒙遜聞之曰 歆已入吾術中이로다,저거몽손(沮渠蒙遜)이 그 소식을 듣고 말하기를 “이흠이 이미 나의 계략 안으로 들어왔구나.,로다,False,로다,Level1
자치통감강목14,125,374,敦이 據石頭하고 歎曰 吾不復得爲盛徳事矣로다,"왕돈이 석두성을 점거하고서 탄식하기를 “내 다시는 성덕(盛德)의 일을 할 수 없게 되었다.” 하자,",로다,True,로다,Level1
자치통감강목14,128,390,敦이 笑曰 卿可謂能言이로다,왕돈이 웃으며 말하기를 “경(卿)은 말을 잘한다고 할 만하다.” 하였다.,로다,True,로다,Level1
자치통감강목14,128,391,又謂周顗曰 伯仁아 卿負我로다,"왕돈이 또다시 주의(周顗)에게 이르기를 “백인(伯仁)아, 경(卿)이 나를 저버렸다.” 하니,",로다,False,로다,Level1
자치통감강목14,167,505,長史氾禕請斬之어늘 岌曰 汜公은 糟粕書生이라 不思大計로다,"장사(長史) 범위(氾禕)가 마급을 참수할 것을 청하자, 마급이 말하기를 “범공(氾公)은 고인(古人)의 찌꺼기인 글만 읽은 서생(書生)이라서 큰 계책을 생각하지 않습니다.",로다,False,로다,Level1
자치통감강목14,223,729,群臣進璽에 導以疾不至어늘 壼이 正色於朝曰 王公은 非社稷之臣也로다,"여러 신하들이 옥새를 올릴 적에 왕도(王導)가 병이 있다 하여 조정에 나오지 않자, 변곤(卞壼)이 조정에서 정색을 하고 말하기를 “왕공(王公)은 사직(社稷)의 신하가 아니다.",로다,False,로다,Level1
자치통감강목14,358,1161,卿言太過로다,경(卿)의 말이 너무 지나치다.,로다,False,로다,Level1
자치통감강목14,359,1166,及聞留侯諫하고 乃曰 賴有此耳로다,유후(留侯)(장량(張良))가 간(諫)한 내용을 듣고는 말하기를 “여기에 힘입었기 때문이다.” 하였다.,로다,False,로다,Level1
자치통감강목14,361,1169,勒이 謂中書令徐光曰 大雅愔(음)愔하여 殊不似將家子로다,석륵(石勒)이 중서령(中書令) 서광(徐光)에게 이르기를 “대아(大雅)의 〈성품이〉 평안하고 온화하여 조금도 장수 집안의 자식과 같지 않다.” 하였다.,로다,True,로다,Level1
자치통감강목14,391,1266,卿은 正慮遂滅卿國耳로다,경(卿)은 바로 내가 마침내 경(卿)의 나라를 멸망시킬까 염려하는 것이다.” 하였다.,로다,False,로다,Level1
자치통감강목14,509,1623,信哉로다,참으로 그 말이 옳다.” 하였다.,로다,False,로다,Level1
자치통감강목14,619,1933,思明이 被收에 歎曰 國之不亡은 以我數人在也러니 今其殆矣로다,해사명이 체포될 때 탄식하기를 “나라가 망하지 않은 것은 우리 몇 사람이 남아 있었기 때문인데 이제는 위태로울 것이다.” 하였다.,로다,True,로다,Level1
자치통감강목14,654,2034,艾又破之하니 虎嘆曰 吾以偏師로 定九州러니 今以九州之力으로 困於枹罕하니 彼有人焉하여 未可圖也로다,"사애(謝艾)가 또다시 이들을 격파하니, 석호가 탄식하기를 “내가 한 군대로 9주(州)를 평정하였는데, 지금은 9주의 병력을 가지고 부한(枹罕)에서 곤궁하니, 저쪽에 훌륭한 인물이 있어서 대책(對策)을 세울 수 없구나.” 하였다.",로다,True,로다,Level1
자치통감강목14,660,2052,吾子失言이로다,“그대가 실언을 하였다.,로다,False,로다,Level1
자치통감강목14,747,2310,會稽王昱이 令曹曰 蔡公이 傲違上命하여 無人臣之禮하니 若人主卑屈於上하고 大義不行於下면 亦不復知所以爲政矣로다,"회계왕(會稽王) 사마욱(司馬昱)이 상서조(尙書曹)에 명령하기를 “채공(蔡公)이 오만하여 상(上)의 명령을 어겨서 신하의 예절이 없으니, 만약 인주(人主)가 위에서 낮추어 굽히고 대의(大義)가 아래에 행해지지 못한다면 또한 다시 정사(政事)하는 방법을 알 수 없다.” 하였다.",로다,False,로다,Level1
자치통감강목14,824,2515,"昱이 謂彪之曰 君言이 無不中하니 張, 陳이 無以過也로다","사마욱(司馬昱)이 왕표지(王彪之)에게 이르기를 “그대의 말은 맞지 않음이 없으니, 장량(張良)과 진평(陳平)도 이보다 뛰어나지는 못할 것이다.” 하였다.",로다,False,로다,Level1
자치통감강목14,912,2750,實時世之陵夷也로다,실로 한 시대의 도(道)를 침체시키는 것이다.” 하였다.,로다,False,로다,Level1
자치통감강목15,150,183,人言汝勝我러니 定不及也로다,"사람들은 네가 나보다 낫다고 말하지만, 내가 살펴보건대 너는 정녕 나에게 미치지 못한다.” 하였다.",로다,False,로다,Level1
자치통감강목15,196,237,沈勁이 恥父之惡하여 致死以滌之하여 變凶逆之族하여 爲忠義之門하니 可謂能爲子矣로다,"“심경(沈勁)은 아버지(심충(沈充))의 악행을 부끄러워하였기 때문에 목숨을 바쳐 아버지의 죄를 씻어 흉역(凶逆)의 집안을 충의(忠義)의 가문으로 변화시켰으니, 능히 훌륭한 자식이 되었다고 이를 만하다.”",로다,True,로다,Level1
자치통감강목15,370,467,初에 燕人이 許割虎牢以西賂秦이러니 晉兵旣退에 燕人이 謂曰 行人失辭로다,"처음에 연(燕)나라 사람이 호뢰관(虎牢關) 서쪽의 땅을 떼어 진(秦)나라에 주기로 하였는데, 진(晉)나라(동진(東晉)) 군대가 물러간 뒤에 연나라 사람이 진나라에 이르기를 “행인(行人)이 말을 잘못하였다.",로다,False,로다,Level1
자치통감강목15,412,526,申胤이 歎曰 鄴必亡矣로다,신윤(申胤)이 탄식하기를 “업성(鄴城)이 반드시 망할 것이다.,로다,True,로다,Level1
시경집전(상),634,1454,其虛其邪아 旣亟只且로다,여유 있으며 느리게 할 수 있으랴 이미 급박하게 되었도다,로다,False,로다,Level1
시경집전(상),640,1471,靜女其孌하니 貽我彤管이로다,얌전한 아가씨 아름답기도 한데 나에게 붉은 대통을 선물하도다,로다,True,로다,Level1
시경집전(상),643,1478,自牧歸荑하니 洵美且異로다,교외로부터 삐비를 선물하니 진실로 아름답고 또 특이하도다,로다,True,로다,Level1
시경집전(상),648,1489,新臺有泚하니 河水濔濔로다,신대(新臺)가 선명도 하니 하수(河水)가 넘실넘실 흐르도다,로다,True,로다,Level1
시경집전(상),649,1490,燕婉之求에 籧篨不鮮이로다,연완(燕婉)을 구했는데 거저(籧篨)가 적지 않도다,로다,False,로다,Level1
시경집전(상),652,1501,新臺有洒하니 河水浼浼로다,신대(新臺)가 높기도 하니 하수(河水)가 넘실넘실대도다,로다,False,로다,Level1
시경집전(상),653,1502,燕婉之求에 籧篨不殄이로다,연완(燕婉)을 구했는데 거저(籧篨)가 끊이지 않도다,로다,False,로다,Level1
시경집전(상),655,1507,魚網之設에 鴻則離之로다,고기 그물을 설치했는데 기러기가 걸렸도다,로다,False,로다,Level1
시경집전(상),656,1508,燕婉之求에 得此戚施로다,연완(燕婉)을 구했는데 이 척시(戚施)를 얻었도다,로다,False,로다,Level1
시경집전(상),661,1518,二子乘舟하니 汎汎其景이로다,두 사람이 배를 타고 가니 둥둥 떠가는 그 그림자로다,로다,False,로다,Level1
시경집전(상),665,1531,二子乘舟하니 汎汎其逝로다,두 사람이 배를 타고 가니 둥둥 떠 가도다,로다,False,로다,Level1
시경집전(상),671,1545,汎彼柏舟여 在彼中河로다,둥둥 떠있는 잣나무 배여 저 황하(黃河) 가운데 있도다,로다,True,로다,Level1
시경집전(상),677,1563,汎彼柏舟여 在彼河側이로다,둥둥 떠있는 잣나무 배여 저 황하(黃河)가에 있도다,로다,True,로다,Level1
시경집전(상),683,1573,牆有茨하니 不可掃也로다,담장에 납가새가 있으니 쓸어버릴 수 없도다,로다,True,로다,Level1
시경집전(상),684,1574,中冓之言이여 不可道也로다,중구(中冓)의 말이여 입에 올릴 수 없도다,로다,False,로다,Level1
시경집전(상),685,1575,所可道也인댄 言之醜也로다,만일 말할진댄 말이 추해지도다,로다,False,로다,Level1
시경집전(상),688,1583,牆有茨하니 不可襄也로다,담장에 납가새가 있으니 제거할 수가 없도다,로다,False,로다,Level1
시경집전(상),689,1584,中冓之言이여 不可詳也로다,중구(中冓)의 말이여 상세히 말할 수 없도다,로다,False,로다,Level1
시경집전(상),690,1585,所可詳也인댄 言之長也로다,상세히 말할진댄 말이 길어지도다,로다,False,로다,Level1
시경집전(상),692,1590,牆有茨하니 不可束也로다,담장에 납가새가 있으니 묶어서 제거할 수가 없도다,로다,False,로다,Level1
자치통감강목17,38,100,瞻驚駭하여 謂晦曰 汝名位未多어늘 而人歸趣乃爾로다,사첨이 놀라서 사회에게 말하기를 “너는 명성과 관직이 아직 높지 않은데 사람들이 쏠리는 것이 이와 같구나.,로다,True,로다,Level1
자치통감강목17,42,119,鄭鮮之歎曰 觀徐傅言論하니 不復以學問爲長이로다,"정선지(鄭鮮之)가 감탄하여 말하기를 “서선지와 부량의 언론을 보니, 다시는 학문을 가지고 훌륭한 점으로 삼지 못하겠다.”라고 하였다.",로다,True,로다,Level1
자치통감강목17,51,168,以此六人輔相太子하고 吾與汝曹로 巡行四境하여 伐叛柔服이면 足以得志於天下矣로다,"이 여섯 명으로 태자를 보좌하게 하고, 내가 너희들과 함께 사방의 지역을 순행하여 반역자를 정벌하고 복종하는 자를 편안하게 대하면 천하에서 뜻을 얻기에 충분하다.”라고 하였다.",로다,False,로다,Level1
자치통감강목17,102,349,義眞故吏范晏이 從容戒之한대 義眞曰 靈運空疎하고 延之隘薄하니 魏文帝所謂古今文人이 類不護細行者也로다,"유의진의 옛 부하 관리인 범안(范晏)이 조용히 그에게 경계하였는데, 유의진이 말하기를 “사영운(謝靈運)은 허황되고 경솔하며 안연지는 속이 좁으며 식견이 얕으니, 이것은 위(魏) 문제(文帝)(조비(曹丕))가 말했던 ‘고금의 문인들은 대부분 작은 절도를 지키지 않는다.’라는 것이다.",로다,False,로다,Level1
자치통감강목17,107,382,嗚呼라 有國有家는 其鑑之矣로다,아! 국가를 가진 자는 이를 거울삼아야 할 것이다.”,로다,True,로다,Level1
자치통감강목17,115,427,但殺人二兄而以之北面하여 挾震主之威하며 據上流之重하니 以古推今에 自免爲難이로다,"다만 남의 두 형을 죽이고서 북면(北面)을 하여, 군주를 흔드는 위세를 지니고 상류(上流)의 중진(重鎭)을 점거하고 있으니 옛날의 일을 가지고 지금의 일을 헤아려보면 스스로 화를 모면하기 어렵습니다.”라고 하였다.",로다,True,로다,Level1
자치통감강목17,159,559,會稽孔顗曰 遂有黑衣宰相하니 可謂冠屨失所矣로다,"회계(會稽) 사람 공기(孔覬)가 말하기를 “마침내 검은 옷을 입은 재상이 생겼으니, 관원의 관과 신발이 제자리를 잃었다고 말할 만하다.”라고 하였다.",로다,False,로다,Level1
자치통감강목17,263,914,絜等固請한대 乃聽之하니 勅勒皆驚曰 圏我於河西하니 欲殺我也로다,"유혈 등이 굳게 청하자 마침내 이주시키는 것을 허락하니, 칙륵이 모두 놀라서 말하기를 “우리들을 하서(河西)에 가두니, 우리들을 죽이려는 것이다.”라고 하고",로다,True,로다,Level1
자치통감강목17,269,950,諸賢不諳北土情偽하니 必堕其計로다,“그대들은 북방 사람들의 진위(眞僞)를 알지 못하니 반드시 그 계략에 빠질 것이다.,로다,False,로다,Level1
자치통감강목17,353,1217,道濟曰 卿非大丈夫로다,유도제가 말하기를 “경(卿)은 대장부(大丈夫)가 못 된다.,로다,False,로다,Level1
자치통감강목17,399,1354,景仁對親舊歎曰 引之令入이러니 入便噬人이로다,은경인(殷景仁)이 친구를 대면하면서 탄식하여 말하기를 “그를 천거하여 조정에 들어오게 하였더니 들어오자 바로 사람을 물어뜯는구나.”라고 하였다.,로다,True,로다,Level1
자치통감강목17,414,1403,道濟見收憤怒하니 目光如炬하고 脱幘投地曰 乃壊汝萬里長城이로다,"단도제가 붙잡혀서 성을 내니 눈빛이 횃불과 같았는데, 두건을 벗어 땅에 던지며 말하기를 “너희들이 너희들의 만리장성(萬里長城)을 허무는구나.”라고 하였다.",로다,True,로다,Level1
자치통감강목17,435,1456,頃之요 李氏卒에 尹氏撫之不哭曰 汝國破家亡하니 今死晚矣로다,"얼마 뒤에 이씨(李氏)가 졸(卒)하자 윤씨(尹氏)가 시체를 어루만지면서 곡(哭)하지 않고 말하기를 “너는 나라가 파멸하고 집안이 망하였으니, 지금의 죽음은 늦은 것이다.”라고 하였다.",로다,False,로다,Level1
자치통감강목17,456,1534,此言大爲欺誣矣로다,이 말은 크게 속이는 것이다.”라고 하였다.,로다,False,로다,Level1
자치통감강목17,459,1557,魏主見姑臧水草豐饒하고 由是恨李順하여 謂崔浩曰 卿言이 驗矣로다,위주(魏主)가 고장(姑臧)에 물과 풀이 풍요로운 것을 보고 이로 인해 이순(李順)을 원망하여 최호(崔浩)에게 말하기를 “경(卿)의 말이 증명되었다.”라고 하였다.,로다,False,로다,Level1
자치통감강목17,460,1564,伊馛弓馬之士로되 而所見乃與崔公同하니 此深可奇也로다,그러나 이발(伊馛)은 활을 쏘고 말을 타는 전사(戰士)인데 소견이 최공과 같으니 이는 매우 기이할 만하다고 하겠다.”라고 하였다.,로다,True,로다,Level1
자치통감강목17,473,1607,後歲餘에 浩謂允曰 先所論者 果如君言이로다,그 뒤에 1년이 넘어서 최호가 고윤에게 말하기를 “먼저 토론한 것은 과연 그대의 말이 맞다.,로다,False,로다,Level1
자치통감강목17,555,1895,如此則王安於上하고 身全於下矣어늘 道秀反之하니 宜其死也로다,"이와 같이 하였다면 왕은 위에서 편안하고 자신은 아래에서 온전할 것인데, 동도수가 그것을 반대로 하였으니 죽임을 당한 것이 마땅하다.”라고 하였다.",로다,False,로다,Level1
자치통감강목17,562,1917,魏主曰 果如吾言이로다,위주(魏主)가 말하기를 “과연 내 말과 같구나.,로다,False,로다,Level1
자치통감강목17,566,1935,而崇樹襁褓하여 迭據方岳하니 國之存亡이 旣不是係요 早肆民上하니 非善誨也로다,"그런데 어린 황자들을 높이 〈제후왕으로〉 봉하여 번갈아 지방의 장관에 임명하니, 이에 나라의 존망이 황자들에게 달려 있지 않게 되었고 일찍부터 백성의 위에서 제멋대로 굴게 하였으니, 훌륭한 가르침이 아니다.”",로다,False,로다,Level1
시경집전(상),693,1591,中冓之言이여 不可讀也로다,중구(中冓)의 말이여 되뇌일 수 없도다,로다,True,로다,Level1
시경집전(상),694,1592,所可讀也인댄 言之辱也로다,입으로 외울진댄 말이 욕되도다,로다,False,로다,Level1
시경집전(상),696,1600,聖人이 所以著之於經하여 使後世爲惡者로 知雖閨中之言이라도 亦無隱而不彰也시니 其爲訓戒深矣로다,"성인(聖人)이 이 때문에 이것을 경서(經書)에 드러내어 후세(後世)에 악행(惡行)을 하는 자들로 하여금 비록 규중(閨中)의 말이라도 또한 숨겨져 드러나지 않는 것이 없음을 알게 하신 것이니, 그 훈계함이 깊도다.”",로다,True,로다,Level1
시경집전(상),703,1620,玼兮玼兮하니 其之翟也로다,옥빛처럼 깨끗하고 깨끗하니 그 분의 적의(翟衣)로다,로다,True,로다,Level1
시경집전(상),704,1621,鬒髮如雲하니 不屑髢也로다,검은 머리 구름과 같으니 머리씌우개를 할 것이 없도다,로다,True,로다,Level1
시경집전(상),708,1637,瑳兮瑳兮하니 其之展也로다,선명하고 선명하니 그 분의 전의(展衣)로다,로다,True,로다,Level1
시경집전(상),710,1639,子之淸揚이며 揚且之顔也로다,그대의 맑고 훤칠한 미목(眉目)이며 훤칠하고 얼굴이 풍만하도다,로다,True,로다,Level1
시경집전(상),711,1640,展如之人兮여 邦之媛也로다,진실로 이와 같은 사람이여 나라의 아름다운 분이로다,로다,True,로다,Level1
시경집전(상),713,1655,辭益婉而意益深矣로다,말이 더욱 완곡하면서도 뜻이 더욱 깊다.”,로다,True,로다,Level1
시경집전(상),715,1658,爰采唐矣를 沬之鄕矣로다,당(唐)을 캐기를 매읍(沬邑)의 시골에서 하도다,로다,False,로다,Level1
시경집전(상),716,1659,云誰之思오 美孟姜矣로다,누구를 그리워하는고 아름다운 맹강(孟姜)이로다,로다,True,로다,Level1
시경집전(상),717,1660,期我乎桑中이며 要我乎上宮이요 送我乎淇之上矣로다,나와 상중(桑中)에서 만나기로 약속하였으며 나를 상궁(上宮)에서 맞이하였고 나를 기수(淇水)가에서 전송하였도다,로다,False,로다,Level1
시경집전(상),720,1670,爰采麥矣를 沬之北矣로다,이에 보리를 베기를 매읍(沬邑)의 북쪽에서 하도다,로다,False,로다,Level1
시경집전(상),721,1671,云誰之思오 美孟弋矣로다,누구를 그리워하는고 아름다운 맹익(孟弋)이로다,로다,True,로다,Level1
시경집전(상),722,1672,期我乎桑中이며 要我乎上宮이요 送我乎淇之上矣로다,나와 상중(桑中)에서 만나기로 약속하였으며 나를 상궁(上宮)에서 맞이하였고 나를 기수(淇水)가에서 전송하였도다,로다,False,로다,Level1
시경집전(상),724,1677,爰采葑矣를 沬之東矣로다,이에 순무를 캐기를 매읍(沬邑)의 동쪽에서 하도다,로다,False,로다,Level1
시경집전(상),725,1678,云誰之思오 美孟庸矣로다,누구를 그리워하는고 아름다운 맹용(孟庸)이로다,로다,True,로다,Level1
시경집전(상),726,1679,期我乎桑中이며 要我乎上宮이요 送我乎淇之上矣로다,나와 상중(桑中)에서 만나기로 약속하였으며 나를 상궁(上宮)에서 맞이하였고 나를 기수(淇水)가에서 전송하였도다,로다,False,로다,Level1
시경집전(상),737,1710,而近世有獻議하여 乞於經筵不以國風進講者하니 殊失聖經之旨矣로다,"그런데 근세(近世)에는 헌의(獻議)하여 경연(經筵)에서 국풍(國風)을 진강(進講)하지 말 것을 요청하는 자가 있으니, 이는 자못 성경(聖經)의 본지(本旨)를 잃은 것이다.”",로다,True,로다,Level1
시경집전(상),741,1714,樹之榛栗椅桐梓漆하니 爰伐琴瑟이로다,개암나무와 밤나무 가래나무와 오동나무 자나무와 옻나무를 심으니 이것을 베어 거문고와 비파를 만들도다,로다,False,로다,Level1
자치통감강목17,593,1998,此乃我負卿也로다,이는 내가 경을 저버린 것이다.”라고 하였다.,로다,True,로다,Level1
자치통감강목17,618,2091,宋主嘗與坦論金日磾曰 恨今無復此輩人이로다,송주(宋主)가 일찍이 두탄과 더불어 김일제(金日磾)를 논평하여 말하기를 “지금 다시 이런 사람들이 없는 것이 한탄스럽다.”라고 하였다.,로다,True,로다,Level1
자치통감강목17,649,2155,王玄謨尤好進言이어늘 宋主謂侍臣曰 觀玄謨所陳하니 令人有封狼居須意로다,"왕현모(王玄謨)가 더욱 진언하기를 좋아하였는데, 송주(宋主)가 시신(侍臣)에게 말하기를 “왕현모의 진언을 살펴보니, 사람(송주(宋主))에게 낭거수(狼居須)에서 봉선(封禪)하게 할 뜻을 갖게 한다.”라고 하였다.",로다,True,로다,Level1
자치통감강목17,667,2222,湛標又勸浩刊所譔國史于石하여 以彰直筆한대 允聞之하고 謂著作郞宗欽曰 湛標所營分寸之間이 恐爲崔門萬世之禍로다,"민담과 치표가 또 최호에게 그가 저술한 ≪국사(國史)≫를 돌에 새겨서 직필(直筆)을 빛내라고 권하였는데, 고윤이 이 소식을 듣고 저작랑(著作郞) 종흠(宗欽)에게 말하기를 “민담과 치표가 꾀한 일이 잠깐 사이에 최씨 가문에 만세의 재앙이 될까 두렵다.",로다,False,로다,Level1
자치통감강목17,686,2374,相去步武로되 恨不執手로다,지금 서로 간의 거리가 매우 가까운데도 손을 잡을 수 없는 것이 유감이다.”라고 하였다.,로다,True,로다,Level1
자치통감강목17,692,2410,宋主登石頭城하여 有憂色하여 謂江湛曰 北伐之計를 同議者少러니 今日士民勞怨하니 不得無慚이로다,"송주(宋主)가 석두성(石頭城)에 올라가 근심스런 낯빛으로 강담에게 말하기를 “북벌 계획에 찬동한 사람이 적었는데, 오늘날 병사들과 백성들이 수고롭고 원망하니 부끄러움이 없을 수가 없다.",로다,True,로다,Level1
자치통감강목17,744,2624,唯羽林郎中劉尼知之하고 勸愛立皇孫濬한대 愛驚曰 君大癡人이로다,"오직 우림낭중(羽林郎中) 유니(劉尼)만이 이를 알고 종애에게 권하여 황손(皇孫) 탁발준(拓跋濬)을 세우자고 하자, 종애가 놀라 말하기를 “그대는 매우 어리석은 사람이다.",로다,False,로다,Level1
자치통감강목17,774,2756,殿下何見疑之深고 駿起再拜曰 家國安危 皆在將軍이로다,"전하께서는 어찌 저에 대해서 깊은 의심을 하고 계십니까?”라고 하자, 유준이 일어나 재배하며 말하기를 “국가의 안위가 모두 장군에게 달렸습니다.”라고 하였다.",로다,False,로다,Level1
자치통감강목17,788,2858,義恭曰 殊當恨晚이로다,유의공이 말하기를 “늦게 온 것을 특별히 한스러워해야 하오.”라고 했다.,로다,True,로다,Level1
자치통감강목17,793,2870,方應伐逆이니 不容西還이로다,"지금은 반역자를 토벌해야 하니, 서쪽으로 돌아갈 수 없습니다.”라고 하니,",로다,False,로다,Level1
자치통감강목17,812,2959,秀見義宣하고 出하여 拊膺曰 吾兄誤我로다,노수가 유의선을 알현하고 나와서 가슴을 치며 말하기를 “우리 형이 나를 그르쳤구나.,로다,True,로다,Level1
자치통감강목17,812,2960,乃與癡人作賊하니 今年에 敗矣로다,"마침내 어리석은 사람과 역적이 되었으니, 올해에 패할 것이다.”라고 하였다.",로다,False,로다,Level1
자치통감강목18,19,47,常語竣曰 吾平生不喜見要人이러니 今不幸見汝로다,늘 안준에게 말하기를 “내가 평생 권력자를 만나기를 좋아하지 않았는데 이제 불행하게도 너를 만났구나.”라고 하였다.,로다,True,로다,Level1
자치통감강목18,27,79,君臣之際에 足以相保니 聊復(부)爲笑하여 伸卿眉頭耳로다,"임금과 신하 사이에 서로 보증할 수 있으니, 우선 다시 한번 웃고서 경(卿)의 눈살을 펴시오.”라고 하였다.",로다,False,로다,Level1
자치통감강목18,37,120,前史에 稱卓子康劉文饒之爲人한대 褊心者或不之信이나 余與髙子游處四十年에 未嘗見其喜愠之色하니 乃知古人爲不誣耳로다,"“이전 역사에서 탁자강(卓子康)과 유문요(劉文饒)의 사람됨을 칭찬하였는데 편협한 마음을 가진 사람들이 이를 믿지 않으나, 나는 고자(髙子)(고윤(高允))와 교유한 지 40년에 그가 기뻐하거나 노하는 기색을 본 적이 없으니 옛사람의 말이 거짓이 아님을 알겠다.",로다,False,로다,Level1
자치통감강목18,109,367,癡人自相惜이로다,어리석은 사람끼리 아끼는구나.”라고 하였다.,로다,False,로다,Level1
자치통감강목18,109,371,他日에 至妃墓하여 指石柱하고 謂智淵曰 此上에 不容有懐字로다,뒷날 은숙의의 능묘에 이르러서 석주(石柱)를 가리키고 강지연에게 말하기를 “이 석주(石柱) 위에 회자(懷字)가 있는 것을 용납할 수 없다.”라고 하였다.,로다,False,로다,Level1
자치통감강목18,113,384,蔡尙書今日에 可謂能負荷矣로다,채상서(蔡尙書)(채흥종(蔡興宗))는 오늘날 아버지를 계승했다고 말할 수 있습니다.”라고 하였다.,로다,False,로다,Level1
자치통감강목18,173,634,江州佐吏 得宋主所下令書하고 皆喜하여 共造鄧琬曰 暴亂既除하고 殿下又開黄閤하니 實爲大慶이로다,강주(江州)의 보좌관들이 송주(宋主)(유욱(劉彧))가 내린 영서(令書)를 보고 모두 기뻐하여 함께 등완(鄧琬)에게 가서 말하기를 “난폭한 군주(유자업(劉子業))가 이미 제거되고 전하(殿下)(유자훈(劉子勛))께서 또 황합(黄閤)을 여시니 실로 큰 경사입니다.”라고 하였다.,로다,True,로다,Level1
자치통감강목18,195,733,孝祖毎戰에 常以鼓蓋自随하니 軍中相謂호되 殷統軍은 可謂死將矣로다,"은효조(殷孝祖)는 전투할 때마다 늘 북과 일산(日傘)을 가지고 자신을 따르게 하니, 군중(軍中)에서 서로 말하기를 “은통군(殷統軍)은 죽은 장군이라고 말할 수 있다.",로다,False,로다,Level1
시경집전(상),744,1730,升彼虛矣하여 以望楚矣로다,저 옛 성터에 올라가 초구(楚丘)를 바라보노라,로다,True,로다,Level1
시경집전(상),746,1732,卜云其吉이러니 終焉允臧이로다,점괘에 길하자 하더니 끝내 진실로 좋도다,로다,False,로다,Level1
시경집전(상),751,1745,匪直也人의 秉心塞淵이라 騋牝三千이로다,다만 이 사람의 마음가짐이 착실하고 깊을 뿐만 아니라 큰 암말이 3천 필이나 되도다,로다,True,로다,Level1
시경집전(상),756,1766,蝃蝀在東하니 莫之敢指로다,무지개가 동쪽에 있으니 감히 이것을 가리킬 수 없도다,로다,True,로다,Level1
시경집전(상),760,1775,朝隮于西하니 崇朝其雨로다,아침에 무지개가 서쪽에 오르니 아침만 비가 오도다,로다,True,로다,Level1
시경집전(상),763,1783,乃如之人也여 懷昏姻也로다,이러한 사람이여 혼인(昏姻)을 생각하도다,로다,True,로다,Level1
시경집전(상),764,1784,大無信也하니 不知命也로다,크게 신의가 없으니 천명(天命)을 알지 못하도다,로다,True,로다,Level1
시경집전(상),779,1816,孑孑干旄여 在浚之郊로다,펄럭이는 간모(干旄)여 준읍(浚邑)의 교외에 있도다,로다,True,로다,Level1
시경집전(상),784,1830,孑孑干旟여 在浚之都로다,펄럭이는 간여(干旟)여 준읍(浚邑)의 도읍에 있도다,로다,True,로다,Level1
시경집전(상),788,1837,孑孑干旌이여 在浚之城이로다,펄럭이는 간정(干旌)이여 준읍(浚邑)의 성(城)에 있도다,로다,False,로다,Level1
시경집전(상),807,1876,許人尤之하니 衆穉且狂이로다,허(許)나라 사람들은 이를 허물하니 저 사람들 어리고 또 미쳤도다,로다,False,로다,Level1
시경집전(상),810,1887,我行其野호니 芃芃其麥이로다,내 들판을 걸어가니 우북한 보리로다,로다,False,로다,Level1
시경집전(상),818,1909,瞻彼淇奧한대 綠竹猗猗로다,저 기수(淇水) 벼랑을 보니 푸른 대나무 야들야들하도다,로다,True,로다,Level1
시경집전(상),819,1910,有匪君子여 如切如磋하며 如琢如磨로다,문채나는 군자(君子)여 잘라놓은 듯 다듬어 놓은 듯 쪼아놓은 듯 갈아놓은 듯하도다,로다,True,로다,Level1
시경집전(상),821,1912,有匪君子여 終不可諼兮로다,문채나는 군자(君子)여 끝내 잊을 수 없도다,로다,True,로다,Level1
시경집전(상),824,1926,瞻彼淇奧한대 綠竹靑靑이로다,저 기수(淇水) 벼랑을 보니 푸른 대나무 청청(靑靑)하도다,로다,True,로다,Level1
시경집전(상),825,1927,有匪君子여 充耳琇瑩이며 會弁如星이로다,문채나는 군자(君子)여 귀막이가 수영(琇瑩)이며 피변(皮弁)에 꿰맨 것이 별과 같도다,로다,True,로다,Level1
시경집전(상),827,1929,有匪君子여 終不可諼兮로다,문채나는 군자(君子)여 끝내 잊을 수 없도다,로다,True,로다,Level1
시경집전(상),830,1936,瞻彼淇奧한대 綠竹如簀이로다,저 기수(淇水) 벼랑을 보니 푸른 대나무가 살평상과 같도다,로다,True,로다,Level1
시경집전(상),831,1937,有匪君子여 如金如錫이며 如圭如璧이로다,문채나는 군자(君子) 금(金)과 같고 석(錫)과 같으며 규(圭)와 같고 벽(璧)과 같도다,로다,True,로다,Level1
시경집전(상),832,1938,寬兮綽兮하니 猗重較兮로다,"너그럽고 여유 있으니 아, 중각(重較)이로다",로다,True,로다,Level1
시경집전(상),833,1939,善戱謔兮하니 不爲虐兮로다,희학(戱謔)을 잘하니 지나침이 되지 않도다,로다,False,로다,Level1
시경집전(상),838,1958,考槃在㵎하니 碩人之寬이로다,고반(考槃)이 시냇가에 있으니 석인(碩人)의 마음이 넉넉하도다,로다,True,로다,Level1
시경집전(상),839,1959,獨寐寤言이나 永矢弗諼이로다,홀로 자고 깨어 말하나 길이 잊지 않기로 맹세하도다,로다,True,로다,Level1
시경집전(상),842,1966,考槃在阿하니 碩人之薖로다,고반(考槃)이 언덕에 있으니 석인(碩人)의 마음이 넉넉하도다,로다,True,로다,Level1
시경집전(상),843,1967,獨寐寐歌나 永矢不過로다,홀로 자고 깨어 노래하나 길이 이 악(樂)에 지나지 않기로 맹세하도다,로다,True,로다,Level1
시경집전(상),845,1973,考槃在陸하니 碩人之軸이로다,고반(考槃)이 높은 육지에 있으니 석인(碩人)이 한가로히 반환(盤桓)하도다,로다,True,로다,Level1
시경집전(상),846,1974,獨寐寤宿이나 永矢不告이로다,홀로 자고 깨었다가 다시 누웠으나 길이 이 악(樂)을 남에게 말하지 않기로 맹세하도다,로다,True,로다,Level1
시경집전(상),849,1981,碩人其頎하니 衣錦褧衣로다,석인(碩人)이 키가 훤칠하니 비단옷을 입고 그 위에 홑옷을 덧입었도다,로다,True,로다,Level1
시경집전(상),850,1982,齊侯之子요 衛侯之妻요 東宮之妹요 邢侯之姨요 譚公維私로다,제후(齊侯)의 자식이요 위후(衛侯)의 아내요 동궁(東宮)의 매씨(妹氏)요 형후(邢侯)의 이(姨)요 담공(譚公)이 사(私)로다,로다,False,로다,Level1
시경집전(상),855,1997,巧笑倩兮며 美目盼兮로다,예쁘게 웃음에 보조개가 보이며 아름다운 눈에 흑백(黑白)이 분명하도다,로다,True,로다,Level1
시경집전(상),858,2008,碩人敖敖하니 說于農郊로다,석인(碩人)이 키가 훤칠하니 농교(農郊)에 머물도다,로다,False,로다,Level1
시경집전(상),889,2095,桑之落矣니 其黃而隕이로다,뽕잎이 떨어지니 누렇게 되어 떨어지도다,로다,True,로다,Level1
시경집전(상),891,2097,淇水湯湯하니 漸車帷裳이로다,기수(淇水)가 넘실넘실 흐르니 수레의 휘장을 적시도다,로다,True,로다,Level1
시경집전(상),893,2099,士也罔極하니 二三其德이로다,남자가 극(極)이 없으니 그 마음을 이랬다 저랬다 하도다,로다,False,로다,Level1
시경집전(상),903,2122,及爾偕老러니 老使我怨이로다,그대와 백년해로하려 했더니 늙어서 나로 하여금 원망하게 하도다,로다,True,로다,Level1
시경집전(상),912,2141,豈不爾思리오마는 遠莫致之로다,어찌 이것을 생각지 않으리오마는 멀어서 이를 수가 없도다,로다,True,로다,Level1
시경집전(상),916,2148,女子有行이여 遠兄弟父母［叶滿彼反］로다,여자가 시집감이여 부모형제(父母兄弟)를 멀리하였도다,로다,True,로다,Level1
시경집전(상),923,2162,淇水滺滺하니 檜楫松舟로다,기수(淇水)가 유유히 흐르니 회(檜)나무로 만든 노이며 소나무로 만든 배로다,로다,True,로다,Level1
시경집전(상),928,2170,芄蘭之支여 童子佩觿로다,환란(芄蘭)의 가지여 동자(童子)가 뿔송곳을 찼도다,로다,True,로다,Level1
시경집전(상),929,2171,雖則佩觿나 能不我知로다,비록 뿔송곳을 차고 있으나 나보다 지혜롭지 못하도다,로다,True,로다,Level1
시경집전(상),930,2172,容兮遂兮하니 垂帶悸兮로다,늘어져 있으며 쳐져 있으니 드리운 띠가 늘어져 있도다,로다,True,로다,Level1
시경집전(상),932,2180,芄蘭之葉이여 童子佩韘이로다,환란(芄蘭)의 잎이여 동자(童子)가 깍지를 차고 있도다,로다,True,로다,Level1
시경집전(상),933,2181,雖則佩韘이나 能不我甲이로다,비록 깍지를 차고 있으나 나보다 뛰어나지 못하도다,로다,True,로다,Level1
시경집전(상),934,2182,容兮遂兮하니 垂帶悸兮로다,늘어져 있으며 쳐져 있으니 드리운 띠가 늘어져 있도다,로다,True,로다,Level1
시경집전(상),938,2192,誰謂河廣고 一葦杭之로다,누가 하수(河水)가 넓다 이르는고 한 갈대로 건널 수 있도다,로다,False,로다,Level1
시경집전(상),939,2193,誰謂宋遠고 跂予望之로다,누가 송(宋)나라가 멀다 이르는고 발돋움하면 내 바라볼 수 있도다,로다,True,로다,Level1
시경집전(상),942,2206,誰謂河廣고 曾不容刀로다,누가 하수(河水)가 넓다 이르는고 일찍이 거룻배도 용납하지 못하도다,로다,True,로다,Level1
시경집전(상),943,2207,誰謂宋遠고 曾不崇朝로다,누가 송(宋)나라가 멀다 이르는고 일찍이 하루아침 거리도 못되도다,로다,True,로다,Level1
시경집전(상),947,2222,伯兮朅兮하니 邦之桀兮로다,백(伯)이 굳세기도 하니 나라의 영걸이로다,로다,True,로다,Level1
시경집전(상),948,2223,伯也執殳하여 爲王前驅로다,백(伯)이 창을 잡고서 왕의 전구(前驅)가 되었도다,로다,True,로다,Level1
시경집전(상),955,2239,其雨其雨에 杲杲出日이로다,비가 오려나 비가 오려나 했는데 고고(杲杲)히 해가 나오도다,로다,True,로다,Level1
시경집전(상),956,2240,願言思伯이라 甘心首疾이로다,생각하여 백(伯)을 그리워하는지라 수질(首疾)을 마음에 달게 여기노라,로다,True,로다,Level1
시경집전(상),960,2246,願言思伯이라 使我心痗로다,생각하여 백(伯)을 그리워하는지라 내 마음 병들게 하도다,로다,True,로다,Level1
시경집전(상),965,2266,有狐綏綏하니 在彼淇梁이로다,여우가 수수(綏綏)히 걸어가니 저 기수(淇水)의 돌다리에 있도다,로다,True,로다,Level1
시경집전(상),966,2267,心之憂矣는 之子無裳이로다,마음의 근심은 지자(之子)가 치마가 없기 때문이로다,로다,False,로다,Level1
시경집전(상),969,2274,有狐綏綏하니 在彼淇厲로다,여우가 수수(綏綏)히 걸어가니 저 기수(淇水)의 건널목에 있도다,로다,True,로다,Level1
시경집전(상),972,2279,有狐綏綏하니 在彼淇側이로다,여우가 수수(綏綏)히 걸어가니 저 기수(淇水)가에 있도다,로다,True,로다,Level1
시경집전(상),989,2317,彼黍離離어늘 彼稷之苗로다,저 기장 이삭이 늘어져 있거늘 저 피는 싹이 났도다,로다,True,로다,Level1
시경집전(상),995,2336,彼黍離離어늘 彼稷之穗로다,저 기장 이삭이 늘어져 있거늘 저 피는 이삭이 패었도다,로다,True,로다,Level1
자치통감강목18,222,870,召還建康하여 宋主問以擧兵狀한대 對曰 臣이 唯知逆順이요 不識天命이로다,"소혜개를 건강(建康)으로 소환하여 송주(宋主)가 군대를 일으킨 상황을 물었는데, 대답하기를 “신(臣)이 오직 반역하거나 귀순할 줄만 알고, 천명(天命)을 알지 못하였습니다.”라고 하니",로다,True,로다,Level1
자치통감강목18,229,886,宋主召蔡興宗하여 以敗書示之曰 我愧卿甚이로다,송주(宋主)(유욱(劉彧))는 채흥종(蔡興宗)을 불러서 패전을 알리는 글을 그에게 보여주며 말하기를 “내가 경에게 매우 부끄럽다.”라고 하였다.,로다,False,로다,Level1
자치통감강목18,303,1075,上大怒하여 遣后起하니 后兄景文聞之曰 后在家劣弱이러니 今段에 遂能剛正如此로다,"상(上)이 화가 나서 황후를 일으켜 내보냈는데, 황후의 오빠 왕경문(王景文)이 그 일을 듣고는 말하기를 “황후가 집에 있을 때는 나약했는데, 지금에는 드디어 이처럼 강직하고 올바르게 되었구나.”라고 하였다.",로다,True,로다,Level1
자치통감강목18,323,1135,旣而幼主孤立하여 神器傾移하니 履霜堅冰이 所由來遠矣로다,"이윽고 어린 군주는 고립되어 신기(神器)는 기울어졌으니, 서리를 밟고 나면 두터운 얼음이 얼게 되는 것이 그 유래가 멀다.”",로다,True,로다,Level1
자치통감강목18,328,1149,道成被徵에 所親以朝廷方誅大臣으로 多勸勿行한대 道成曰 諸卿殊不見事로다,"소도성(蕭道成)이 송주(宋主)(유욱(劉彧))의 부름을 받았을 적에 그와 친한 자들이 조정에서 대신(大臣)을 죽이려 한다고 하여 대부분 가지 말라고 권하자, 소도성이 말하기를 “여러 경들은 전혀 일을 제대로 보지 못하고 있다.",로다,False,로다,Level1
자치통감강목18,411,1394,今年族矣로다,올해에 멸족을 당할 것입니다.”라고 하였다.,로다,False,로다,Level1
자치통감강목18,425,1464,今敗矣로다,이제 실패하고 말았소.”라고 하였다.,로다,False,로다,Level1
자치통감강목18,425,1466,王蘊聞秉走하고 歎曰 事不成矣로다,왕온(王蘊)이 유병이 달아났다는 소식을 듣고 탄식하여 말하기를 “일이 실패로 끝나겠구나.”라고 하였다.,로다,False,로다,Level1
자치통감강목18,426,1477,三才將換에 區區斗城之裏에 出萬死而不辭하니 蓋蹈匹夫之節而無棟梁之具矣로다,"삼재(三才)가 바뀌려고 할 적에 보잘것없는 작은 성안에 있다가 나와서 만 번을 죽는다 해도 사양하지 않았으니, 필부의 절개를 지켰지만, 동량(棟梁)의 재주는 갖추지 못했다.”",로다,True,로다,Level1
자치통감강목18,447,1546,道成曰 卿言不無理로다,"소도성이 말하기를 “그대의 말에도 일리가 없는 것은 아니다.”라고 하니,",로다,False,로다,Level1
자치통감강목18,459,1570,嘗與論魏晉故事할새 因曰 石苞不早勸晉文하고 死方慟哭하니 方之馮異컨대 非知機也로다,"한번은 그와 위(魏)나라와 진(晉)나라의 고사(故事)를 토론하였는데, 그로 인해 말하기를 “석포(石苞)는 일찍 진(晉) 문왕(文王)(사마소(司馬昭))에게 권고하지 않았다가 그가 죽자 통곡하였으니, 이를 풍이(馮異)에 비한다면 기회를 알지 못한 것이다.”라고 하였다.",로다,True,로다,Level1
자치통감강목18,522,1721,淵曰 寒士不遜이로다,"저연이 말하기를, “한사(寒士)가 불손하구나.”라고 하였다.",로다,False,로다,Level1
자치통감강목18,585,1893,文惠太子嘗出東田觀穫이러니 顧謂衆賓曰 刈此亦殊可觀이로다,문혜태자(文惠太子)가 한번은 동전(東田)으로 나가 수확하는 광경을 구경하고는 여러 빈객들을 돌아보며 말하기를 “곡식을 베는 광경도 제법 볼만하오.”라고 하였다.,로다,False,로다,Level1
자치통감강목18,592,1932,帝笑曰 肉汚貂로다,"황제가 웃으며 말하기를 “담비 꼬리가 고기 국물에 더럽혀졌구나.”라고 하니,",로다,False,로다,Level1
자치통감강목18,672,2162,太后謂群臣曰 文祖前自謂廉이러니 今竟犯法하니 人心信不可知로다,"풍태후가 신하들에게 말하기를 “여문조가 전에 스스로 청렴하다고 말하였었는데 지금 마침내 법을 어겼으니, 사람 마음을 진실로 알 수가 없다.”라고 하였다.",로다,False,로다,Level1
자치통감강목18,691,2252,朕在不言之地하여 不應如此喋喋이로다,짐(朕)이 말을 하지 않아야 하는 처지에 있어서 응당 이와 같이 말을 많이 해서는 안 될 것이다.,로다,False,로다,Level1
자치통감강목18,723,2371,所言過哀之咎니 諒爲未衷이로다,지나친 슬픔이 허물이라고 한 말은 참으로 적합하지 않다.”라고 하였다.,로다,False,로다,Level1
자치통감강목18,786,2528,魏主曰 任城은 吾之子房也로다,"위주(魏主)가 말하기를 “임성왕(任城王)은 나의 자방(子房)이로구나.”라고 하고,",로다,False,로다,Level1
자치통감강목18,788,2534,嘗夜直省中이어늘 撫案歎曰 爲爾寂寂하니 鄧禹笑人이로다,"한번은 밤에 성중(省中)에서 숙직한 적이 있었는데, 책상을 어루만지며 탄식하기를 “이처럼 쓸쓸하니 등우(鄧禹)가 사람을 비웃겠구나.”라고 하였다.",로다,True,로다,Level1
자치통감강목18,865,2851,永明巴東之亂에 世祖謂群臣曰 子響遂反이로다,영명(永明)(490) 파동(巴東)의 난리 때에 세조(世祖)(소색(蕭賾))가 신하들에게 말하기를 “소자향(蕭子響)이 마침내 반란을 일으켰구나.”라고 하였다.,로다,False,로다,Level1
서경집전(하),785,2985,陟은 升也라,척(陟)은 오름이다.,라,False,라(대조군),Level1
논어집주,389,1372,能勝物之謂剛이라,물건을 이길 수 있는 것을 강(剛)이라 한다.,라,False,라(대조군),Level1
자치통감강목11,9,20,周瑜攻曹仁歲餘에 所殺傷이 甚衆하니 仁이 委城走라,"주유(周瑜)가 조인(曹仁)을 공격한 지 1년여에 살상(殺傷)당한 병사가 매우 많으니, 조인이 성을 버리고 달아났다.",라,False,라(대조군),Level1
당송팔대가문초소순1,52,342,方是之時에 天下咸喜相慶이나 以爲閤下惟不爲宰相也라 故黙黙在此라,"바야흐로 이때가 되자 천하(天下)에서는 모두 기뻐하며 서로 경하(慶賀)하였는데, 합하(閤下)께서는 재상이 되지 않을 것이라 생각하였으므로 묵묵히 그 자리에 계셨습니다.",라,True,라(대조군),Level1
당송팔대가문초구양수4,338,1519,故尙書兵部員外郞知制誥知鄧州軍州事陽夏公之夫人은 姓高氏니 宣州宣城人也라,고(故) 상서병부원외랑(尙書兵部員外郞) 지제고(知制誥) 지등주군주사(知鄧州軍州事) 양하공(陽夏公)의 부인은 성(姓)이 고씨(高氏)니 선주(宣州) 선성(宣城) 사람이다.,라,False,라(대조군),Level1
서경집전(상),527,2905,阿는 倚요 衡은 平也라,"아(阿)는 의지함이요, 형(衡)은 균평함이다.",라,False,라(대조군),Level1
서경집전(하),137,566,"王之義, 王之道, 王之路는 皇極之所由行也라",왕지의(王之義)·왕지도(王之道)·왕지로(王之路)는 황극(皇極)이 이로 말미암아 행해지는 것이다.,라,False,라(대조군),Level1
당송팔대가문초한유2,221,1002,"其所以爲情者七이니 曰喜, 曰怒, 曰哀, 曰懼, 曰愛, 曰惡, 曰欲이라","정(情)을 이루고 있는 내용은 일곱 가지이니, 희(喜)‧노(怒)‧애(哀)‧구(懼)‧애(愛)‧악(惡)‧욕(欲)이다.",라,False,라(대조군),Level1
자치통감강목4,1262,2881,王賀亦爲繡衣御史하여 逐捕群盜하여 多所縱捨라,"왕하(王賀) 또한 수의어사(繡衣御史)가 되어서 여러 도적들을 추격하여 체포하였는데, 풀어준 사람이 많았다.",라,False,라(대조군),Level1
춘추좌씨전1,291,1884,三曰 婉而成章으로 曲從義訓하야 以示大順이니 諸所諱辟와 璧假許田之類 是也라,"셋째는 완곡(婉曲)하게 기술하여 장법(章法)(법칙(法則))을 이룬 것으로 문사(文辭)를 완곡하게 기술하여 의훈(義訓)을 따라 대순(大順)의 도리를 보인 것이니, 모든 휘피(諱避)와 “벽(璧)을 주고 허(許)를 빌렸다.”는 유(類)가 이에 해당한다.",라,False,라(대조군),Level1
당송팔대가문초구양수4,301,1397,某娶簡肅公之女하니 質夫之妹也라,나는 간숙공(簡肅公)의 딸을 아내로 맞았으니 질부(質夫)의 누이이다.,라,False,라(대조군),Level1
시경집전(상),1215,2831,射者는 男子之事요 而中饋는 婦人之職이라,"활쏘는 것은 남자의 일이요, 부엌에서 음식을 장만함은 부인(婦人)의 직분이다.",라,False,라(대조군),Level1
당송팔대가문초소식3,5,10,然而不能者는 有所蔽也일새라,그런데도 이렇게 하지 못하는 것은 가려진 바가 있기 때문이다.,라,False,라(대조군),Level1
자치통감강목15,1117,1563,顯은 庫仁之子也라,유현(劉顯)은 유고인(劉庫仁)의 아들이다.,라,False,라(대조군),Level1
예기집설대전2,818,1174,三代送葬之具質文相異라,삼대(三代) 시대에 장송하는 기물은 질박함과 문채남이 서로 달랐다.,라,False,라(대조군),Level1
예기집설대전1,553,1747,漢之時에 孝子見讐而不敢復은 則法失於太嚴이니 而孝悌之情을 無所伸矣라,〈그러나〉 한(漢)나라 때 효자(孝子)가 원수를 보고도 감히 복수하지 못한 것은 법이 지나치게 엄격한 것에서 잘못된 것이니 효제(孝悌)의 정리를 펴지 못한 것이다.,라,False,라(대조군),Level1
자치통감강목7,1875,2602,尋復聽舒하여 咎援失利하고 誣陷之言이 又自松口라,"얼마 후 다시 경서의 말을 듣고서 마원이 좋은 기회를 잃은 것을 허물하였으며, 게다가 무함하는 말이 또 양송의 입에서 나왔다.",라,False,라(대조군),Level1
당송팔대가문초증공1,371,2061,縣百四十餘年에 無城垣而濱大江하여 常編竹爲障以自固요 歲輒更之에 用材與力을 一取於民이라,"번창현(繁昌縣)은 140여 년 동안 성채가 없이 큰 강에 접해 있어 늘 대나무를 엮어 보루를 구축하여 자체적으로 강물이 범람하는 것을 대비하였고, 해마다 시설들을 다시 만들면서 그 자재와 노동력을 오로지 백성들로부터 징발하였다.",라,False,라(대조군),Level1
춘추좌씨전2,782,2367,凡勝國曰滅之요 獲大城焉曰入之라,범례(凡例)에 의하면 한 나라와 전쟁하여 승리하는 것을 ‘멸지(滅之)’라 하고 대성(大城)을 함락(陷落)하는 것을 ‘입지(入之)’라고 한다.,라,False,라(대조군),Level1
논어집주,2046,6344,曆數는 帝王相繼之次第니 猶歲時氣節之先後也라,"역수(曆數)는 제왕(帝王)들이 서로 계승하는 차례이니, 세시(歲時)와 절기(節氣)의 선후(先後)와 같기 때문이다.",라,False,라(대조군),Level1
당송팔대가문초소철1,73,456,議者 常患百貨輕重이 制在富民하여 少則貴賣以取贏하고 多則賤買以要利하니 利有所壅하여 商賈難通이라,"의논하는 자들은 “백화(百貨)의 경중(輕重)에 대한 제재권이 부민(富民)에게 있어서, 유통수량이 적으면 비싸게 팔아서 남은 이익을 취하고, 유통수량이 많으면 헐하게 사서 이익을 남기니, 이익에 막히는 바가 있어 상고(商賈)가 통하기 어려운 점이 항상 걱정스럽다.",라,False,라(대조군),Level1
춘추좌씨전4,161,396,國有大命하고 而有正卿이어늘 童子言焉하니 將爲戮矣리라,"국가(國家)에는 대명(大命)(출병(出兵)하는 대사(大事))이 있고 또 정경(正卿)이 있어 그 일을 주관(主管)하는데, 어린놈이 함부로 말하니, 장차 죽임을 당할 것이다.”고 하였다.",라,False,라(대조군),Level1
시경집전(하),639,1414,七襄은 未詳이라,칠양(七襄)은 미상(未詳)이다.,라,False,라(대조군),Level1
주역전의(상),782,2454,以陽剛居中正하여 盡比道之善者也니 以陽剛當尊位하여 爲君德은 元也요 居中得正은 能永而貞也라,"양강(陽剛)으로 중정(中正)에 처하여 친비(親比)하는 도(道)의 좋음을 다한 자이니, 양강(陽剛)으로 존위(尊位)에 거하여 군덕(君德)이 됨은 원(元)이요, 중(中)에 거하고 정(正)을 얻음은 능히 영구(永久)하고 정고(貞固)한 것이다.",라,True,라(대조군),Level1
당송팔대가문초구양수3,145,496,不必復自名其所作又爲繫辭也라,그러니 굳이 다시 공자 자신이 지은 글을 스스로 명명하여 또 계사(繫辭)라고 할 것이 없다.,라,False,라(대조군),Level1
서경집전(하),612,2349,嗚呼라,아!,라,True,라(대조군),Level1
주역전의(하),501,1504,君子之所解者는 謂退去小人也니 小人去則君子之道行이라,"군자(君子)가 풀어버리는 것은 소인(小人)을 물리쳐 버림을 이르니, 소인(小人)이 떠나가면 군자(君子)의 도(道)가 행해진다.",라,True,라(대조군),Level1
당송팔대가문초구양수1,281,1598,兀爾府州가 便爲孤壘하야 而自守不暇리니 是賊可以入據我城堡하고 耕牧我土田하야 夾河對岸이 爲其巢穴이라,"외로이 남은 부주(府州)는 곧 외로운 보루(堡壘)가 되고 말아서 자기를 지키기에도 겨를이 없을 터이니, 이렇게 되면 적이 우리 성과 보루에 들어와 점거하고 우리 땅과 농토에서 경작하고 목축할 수 있어서 황하 양쪽 기슭이 적의 소굴이 될 것입니다.",라,False,라(대조군),Level1
당송팔대가문초구양수6,218,1423,嗚呼라,오호라!,라,True,라(대조군),Level1
서경집전(상),640,3286,誕은 大요 亶은 誠也라,"탄(誕)은 큼이요, 단(亶)은 정성(精誠)이다.",라,True,라(대조군),Level1
서경집전(상),638,3280,自今以往으로 各敬汝事하여 整齊汝位하고 法度汝言하라,지금으로부터 이후로는 각기 너희들의 일을 공경하여 너희들의 자리를 정제(整齊)하고 너희들의 말을 법도(法度)에 맞게 하라.,라,False,라(대조군),Level1
당송팔대가문초소식4,358,1412,"故로 其學遂行하야 秦以是喪天下하고 陵夷至於勝, 廣, 劉, 項之禍하야는 死者十八九하야 天下蕭然하니 洪水之患이 蓋不至此也라","그러므로 그들의 학설이 마침내 행해져서 진(秦)나라는 이로써 천하를 잃었고, 침체하여 진승(陳勝)과 오광(吳廣), 유방(劉邦)과 항우(項羽)의 화(禍)에 이르러는 죽은 자가 10명에 8, 9명이 되어 천하가 쓸쓸해졌으니, 홍수(洪水)의 화(禍)도 이처럼 심하지는 않았다.",라,False,라(대조군),Level1
서경집전(상),448,2516,次는 位也니 官은 以職言이요 次는 以位言이라,"차(次)는 위차(位次)이니, 관(官)은 직책으로 말하였고 차(次)는 위차(位次)로 말한 것이다.",라,False,라(대조군),Level1
당송팔대가문초소순1,346,2191,若夫庸陋巽懦하여 不才나 而無過者면 漕刑이 雖賢明이라도 其勢不得易置하니 此는 猶弊車躄馬而求僕夫之善御也라,"만약 그들이 평범하고 나약하여 재능은 없지만 과오도 없는 자라면, 전운사(轉運使)가 현명하다 할지라도 그 형편상 그들을 바꿀 수가 없는 것이니, 이것은 마치 수레는 낡아빠졌고 말은 절름발이인데 마부가 수레를 잘 몰기를 바라는 것과 같다.",라,False,라(대조군),Level1
자치통감강목20,183,309,於是에 英雄이 散逸하고 才智가 不用하니 思有以振而發之나 而天下始多故矣라,"이에 영웅들이 흩어지고 재주와 지혜가 있는 자가 등용되지 못하니, 진작하여 분발하게 할 것을 생각하였지만 천하에 비로소 변고가 많게 되었다.",라,False,라(대조군),Level1
자치통감강목10,309,439,車服僭擬하고 召呼三臺하여 尙書以下詣府啓事하고 築塢於郿하니 高厚皆七丈이요 積榖三十年儲라,"동탁은 또 수레와 의복을 참람하게 황제와 똑같게 하고, 삼대(三臺)의 관리들을 불러서 상서(尙書) 이하가 태사부(太師府)에 나와 일을 아뢰게 하였으며, 미현(郿縣)에 오(塢)(소형 성보(城堡))를 쌓으니 높이와 두께가 모두 7장(丈)이었고 30년 먹을 곡식을 비축하였다.",라,False,라(대조군),Level1
자치통감강목4,1778,4062,臣敞等이 數進諫이나 不變更하고 日以益甚하니 恐危社稷하여 天下不安이라,"그러므로 신(臣) 양창(楊敞) 등은 자주 간언을 올렸으나 고 치지 않고 날로 더욱 심해지니, 사직(社稷)을 위태롭게 하여 천하가 불안할까 두려웠습니다.",라,False,라(대조군),Level1
서경집전(상),789,3726,格人은 猶言至人也니 格人元龜는 皆能先知吉凶者라,"격인(格人)은 지인(至人)이란 말과 같으니, 격인(格人)과 원귀(元龜)는 다 길흉(吉凶)을 먼저 아는 것들이다.",라,False,라(대조군),Level1
당송팔대가문초소식5,156,528,成都는 西南大都會也라,성도(成都)는 서남쪽 지방의 큰 도회지이다.,라,False,라(대조군),Level1
자치통감강목17,337,1161,國家積德이 當享年萬億이요 不待假名以爲益也라,"국가(國家)(황제)가 덕(德)을 쌓으면 〈역사에 수록되어〉 응당 억만년을 누릴 것이니, 만년(萬年)의 명칭을 빌어서 수명을 더하는 것을 바랄 필요가 없습니다.",라,True,라(대조군),Level1
당송팔대가문초한유2,110,433,人之稱大丈夫者를 我知之矣로라,“사람들이 대장부(大丈夫)라 칭하는 자를 나는 안다.,라,True,라(대조군),Level1
춘추좌씨전5,237,1213,王室故也라,왕실(王室)을 공고(鞏固)히 하기 위해서였습니다.,라,False,라(대조군),Level1
맹자집주,1431,4855,乃若은 發語辭라,내약(乃若)은 발어사(發語辭)이다.,라,False,라(대조군),Level1
당송팔대가문초소식2,221,935,竄流海國에 脫身羈鬼之林하고 洒掃眞祠하야 拜賜散人之號라,"섬 지방에 귀양 가 있다가 매어 있던 귀신의 숲에서 몸이 빠져나오고, 진군(眞君)의 사당을 깨끗이 청소하여 산인(散人)이라는 칭호를 받았습니다.",라,True,라(대조군),Level1
시경집전(상),1500,3438,沮洳는 水浸處下濕之地라,저여(沮洳)는 물에 잠기는 하습(下濕)한 땅이다.,라,False,라(대조군),Level1
논어집주,854,3035,此는 逸詩也니 於六義屬興이라 上兩句는 無意義요 但以起下兩句之辭耳라,"이 시(詩)는 일시(逸詩)로서 육의(六義)에 있어 흥(興)에 속하니, 위의 두 구(句)는 뜻이 없고, 다만 아래 두 구(句)의 말을 일으켰을 뿐이다.",라,False,라(대조군),Level1
주역전의(하),1827,5367,小險大易가 各隨所向이라,소(小)의 험함과 대(大)의 평탄함이 각기 향하는 바를 따른다.,라,False,라(대조군),Level1
서경집전(하),602,2307,綽은 大요 叢은 聚也라,"작(綽)은 큼이요, 총(叢)은 모임이다.",라,False,라(대조군),Level1
주역전의(하),1625,4828,居信之極而不知變하니 雖得其貞이나 亦凶道也라,"신(信)의 극(極)에 거하여 변통할 줄을 모르니, 비록 정(貞)을 얻더라도 흉한 도(道)이다.",라,False,라(대조군),Level1
주역전의(하),1693,5038,陰陽이 各得正位하니 所以爲旣濟也라,"음양(陰陽)이 각기 정위(正位)를 얻었으니, 이 때문에 기제(旣濟)가 된 것이다.",라,False,라(대조군),Level1
시경집전(상),2771,6426,諸侯春見天子曰朝요 夏見曰宗이라,"제후(諸侯)가 봄에 천자(天子)를 뵙는 것을 조(朝)라 하고, 여름에 뵙는 것을 종(宗)이라 한다.",라,False,라(대조군),Level1
당송팔대가문초왕안석1,380,1727,足下求免於今之世하고 而求合於古之人하며 不以問世之能言하고 而欲有取於不肖하니 此某之所以難於對也로라,"족하(足下)께서는 이 시대의 속견(俗見)에서 벗어나서 옛사람과 부합되기를 추구하시며, 이에 대하여 세상의 말 잘하는 사람에게 묻지 않고 이 못난 사람에게서 찾고자 하시니, 이것이 모(某)가 대답을 올리기 어려운 소이(所以)입니다.",라,False,라(대조군),Level1
시경집전(하),557,1232,豺虎不食이어든 投畀有北호리라,시호(豺虎)가 먹지 않거든 북방(北方)의 불모지에 던져주리라,라,False,라(대조군),Level1
시경집전(상),97,302,故로 詩人이 因其所事以起興而美之하니 而文王德化之盛을 因可見矣라,"그러므로 시인(詩人)이 그 일삼는 바를 인하여 기흥(起興)하여 찬미하였으니, 문왕(文王)의 덕화(德化)의 성함을 인하여 볼 수 있다.",라,True,라(대조군),Level1
서경집전(하),663,2581,故로 仲能掩前人之愆者는 惟在於忠孝而已라,그러므로 채중(蔡仲)이 전인의 허물을 가리울 수 있는 것은 오직 충효(忠孝)에 있을 뿐이다.,라,False,라(대조군),Level1
춘추좌씨전3,347,1001,其晉實有闕이라,이렇게 한다면 진(晉)나라는 실로 과오(過誤)를 범하는 것입니다.,라,False,라(대조군),Level1
자치통감강목5,1208,2779,中國四方에 皆有關梁障塞는 非獨以備塞外也요 亦以防中國姦邪放縱하여 出爲寇害라,"중국의 사방에 모두 관문과 교량, 성과 요새를 설치한 것은 단지 변방 밖의 침입을 수비하려는 것만이 아니요, 또한 중국의 간사한 자들이 변경을 나가 도둑질하고 해침을 막으려고 한 것이다.",라,False,라(대조군),Level1
당송팔대가문초유종원2,259,1509,殺鼠如丘하여 棄之隱處하니 臭數月乃已라,"잡아 죽인 쥐들이 언덕배기만큼 쌓여서 이것들을 사람이 없는 후미진 곳에 버렸는데, 썩는 냄새가 몇 달이 지나서야 사라졌다.",라,False,라(대조군),Level1
당송팔대가문초한유2,255,1222,古者諸侯五月而葬하고 大夫三月而葬하고 士逾月하니 無故히 未有過時而不葬者也라,"옛날에 제후(諸侯)는 다섯 달 만에 장사 지내고, 대부(大夫)는 석 달 만에 장사 지내고, 사(士)는 달을 넘겨 장사 지냈으니, 아무 까닭 없이 5개월이란 시한(時限)이 지나도록 장사 지내지 않은 경우는 없었다.",라,False,라(대조군),Level1
당송팔대가문초구양수5,2,7,惜也라,안타깝다.,라,True,라(대조군),Level1
서경집전(상),386,2245,隩는 隈也니 李氏曰 涯內近水爲隩라,"오(隩)는 물가이니, 이씨(李氏)가 말하기를 “물가의 안에 물과 가까운 곳을 오(隩)라 한다.” 하였다.",라,False,라(대조군),Level1
주역전의(상),964,2953,二以陽剛得中하여 上應於五하고 五以柔順得中하여 下應於二하여 君臣同德하니 是는 以剛中之才로 爲上所專任이라,"이(二)는 양강(陽剛)으로 중(中)을 얻어 위로 오(五)와 응하고, 오(五)는 유순함으로 중(中)을 얻어 아래로 이(二)와 응하여 군신(君臣)이 덕(德)을 함께 하니, 이는 강중(剛中)의 재질로 윗사람에게 전적으로 신임을 받는 것이다.",라,False,라(대조군),Level1
당송팔대가문초소식1,139,674,且夫常平之爲法也는 可謂至矣니 所守者約이요 而所及者廣이라,"또 상평(常平)의 법(法)은 아주 완벽하다고 이를 만하니, 지키는 것이 간략하면서도 미치는 혜택이 넓습니다.",라,False,라(대조군),Level1
당송팔대가문초한유3,87,513,朝廷選公卿於外하야 將徵以爲左丞하니 吏部已用薛尙書代之矣라,"조정에서 외직(外職)에 있는 공경(公卿)을 선용(選用)하고자 하여 왕공(王公)을 불러들여 좌승(左丞)으로 삼으려 하자, 이부(吏部)가 이미 설상서(薛尙書)를 임용하여 왕공(王公)의 대임(代任)으로 강남서도관찰사(江南西道觀察使)로 보냈다.",라,False,라(대조군),Level1
서경집전(상),55,434,金作贖刑者는 金은 黃金이요 贖은 贖其罪也니 蓋罪之極輕하여 雖入於鞭扑之刑이나 而情法猶有可議者也라,"금작속형(金作贖刑)은 금(金)은 황금이고 속(贖)은 그 죄를 속죄함이니, 죄가 지극히 가벼워서 비록 편복(鞭扑)의 형벌에 해당하나 정상과 법에 오히려 의논할 만함이 있는 자이다.",라,False,라(대조군),Level1
주역전의(하),558,1687,若不行其損하고 變而以剛陽之道로 益於下면 則无咎而得其正且吉也니 如是則宜有所往이니 往則有益矣라,"만일 덞을 행하지 않고 변하여 양강(陽剛)의 도(道)로써 아래에 더해주면 허물이 없어 바르고 또 길(吉)함을 얻을 것이니, 이와 같으면 마땅히 가는 바를 둘 것이니 가면 유익함이 있을 것이다.",라,False,라(대조군),Level1
자치통감강목11,364,1283,桓이 與諸君으로 共據高城하여 臨江背山하여 以逸待勞하고 以主制客이면 此百戰百勝之勢라,"내 제군들과 함께 높은 성을 점거하여 강물을 굽어보고 산을 등지고서 편안한 군대로 수고로운 적(敵)을 상대하고 주인으로서 객을 제어한다면, 이는 백전백승(百戰百勝)할 수 있는 형세이다.",라,True,라(대조군),Level1
맹자집주,1163,3894,良人은 夫也라,양인(良人)은 남편이다.,라,False,라(대조군),Level1
논어집주,1554,4979,修己以敬은 夫子之言이 至矣盡矣어늘 而子路少之라 故로 再以其充積之盛하여 自然及物者로 告之하시니 無他道也라,"‘경(敬)으로써 몸을 닦는다.’는 부자(夫子)의 말씀이 지극하고 다하였는데, 자로(子路)가 이것을 하찮게 여겼으므로, 다시 충적(充積)함이 성(盛)하여 자연히 남에게 미치는 것을 가지고 말씀하셨으니, 다른 방법이 있는 것은 아니다.",라,False,라(대조군),Level1
시경집전(하),420,920,不脫衣冠而寐曰假寐라,의관(衣冠)을 벗지 않고 자는 것을 가매(假寐)라 한다.,라,False,라(대조군),Level1
자치통감강목11,530,1812,庚戌年(230) 八年이라,경술년(庚戌年)(230) 강(綱) 한(漢)나라(촉한(蜀漢)) 후주(後主) 건흥(建興) 8년이다.,라,False,라(대조군),Level1
시경집전(하),1584,3518,賦也라,부(賦)이다.,라,False,라(대조군),Level1
논어집주,456,1663,然이나 其未至於聖人者는 守之也요 非化之也니 假之以年이면 則不日而化矣리라,"그러나 그 성인(聖人)의 경지에 도달하지 못한 것은 지킨 것이요 저절로 화(化)한 것이 아니기 때문이니, 몇 년만 수명을 연장해 주었다면 며칠이 되지 않아 저절로 화(化)하였을 것이다.",라,False,라(대조군),Level1
시경집전(하),894,1975,然이나 前篇엔 上之人이 以我田旣臧으로 爲農夫之慶하여 而欲報之以介福하고 此篇은 農夫以雨我公田하여 遂及私田하여 而欲其享祀以介景福이라,"그러나 전편(前篇)에서는 웃사람이 우리 토지가 이미 좋음을 농부(農夫)의 복(福)으로 여겨 큰 복으로써 보답하고자 하였고, 이 편은 농부가 우리 공전(公田)에 비를 내려 마침내 우리 사전(私田)에 미쳐서 향(享), 사(祀)를 올려 큰 복을 크게 하고자 하였다.",라,False,라(대조군),Level1
춘추좌씨전1,968,3325,若在異國이면 必姜姓也리라,만약 이국(異國)에서 있다면 반드시 강성(姜姓)의 나라일 것입니다.,라,False,라(대조군),Level1
당송팔대가문초소식2,522,2236,皆非所以論帝王王天下之大端也라,그러나 이것들은 모두 제왕이 천하에 왕 노릇하는 큰 단서를 논한 것이 아니다.,라,False,라(대조군),Level1
당송팔대가문초증공1,418,2404,羲之之書晩乃善하니 則其所能은 蓋亦以精力自致者요 非天成也라,"왕희지(王羲之)의 서법은 만년(晩年)에 들어서야 뛰어난 경지에 도달하였으니, 그렇다면 그의 이와 같은 재능은 또한 필생의 정력을 들여 얻어낸 것이지 저절로 이루어진 것이 아니다.",라,False,라(대조군),Level1
자치통감강목12,70,208,九年이라,9년이다.,라,False,라(대조군),Level1
자치통감강목1,700,2052,夫韓魏父子兄弟 接踵而死於秦者 將十世矣라,저 한(韓)나라와 위(魏)나라의 부자와 형제가 연이어 진(秦)나라에게 죽임을 당한 것이 거의 10대입니다.,라,False,라(대조군),Level1
서경집전(상),524,2896,勿以小善而不爲니 萬邦之慶이 積於小요 勿以小惡而爲之니 厥宗之墜 不在大하니 蓋善必積而後成이요 惡雖小而可懼라,"작은 선(善)이라고 하여 하지 않지 말아야 하니 만방(萬邦)의 경사(慶事)가 작은 데서 쌓이며, 작은 악(惡)이라고 하여 하지 말아야 하니 종사(宗社)가 실추됨이 큰 것에 있지 않으니, 선(善)은 반드시 쌓은 뒤에 이루어지고 악(惡)은 비록 작더라도 두려워할 만하다.",라,False,라(대조군),Level1
주역전의(상),1333,4025,山下有風하니 風遇山而回하면 則物皆散亂이라,"산(山) 아래에 바람이 있으니, 바람이 산(山)을 만나 돌면 물건이 다 흩어져 혼란해진다.",라,False,라(대조군),Level1
춘추좌씨전5,335,1717,季孫命杜洩한대 杜洩曰 卿喪自朝가 魯禮也라,"계손(季孫)이 두설(杜洩)에게 그렇게 하라고 명(命)하자, 두설(杜洩)은 “경(卿)의 상사(喪事)에 상여(喪輿)가 조문(朝門)으로 나가는 것이 노(魯)나라의 예(禮)입니다.",라,True,라(대조군),Level1
서경집전(상),701,3474,君薨이어든 百官總己하여 聽於冡宰하니 居憂亮陰不言은 禮之常也라,"임금이 죽으면 백관(百官)들이 자신의 직책을 총괄하여 총재(冡宰)에게 명령을 들으니, 양암(亮陰)에서 집상(執喪)하면서 말하지 않는 것은 떳떳한 예(禮)이다.",라,False,라(대조군),Level1
자치통감강목5,1513,3413,中國所以爲通厚蠻夷하여 㥦快其求者는 爲壤比而爲寇也라,“중국이 오랑캐들을 너그럽게 대우해서 그들의 요구를 채워주는 이유는 지역이 가까워 침략하기 때문입니다.,라,True,라(대조군),Level1
당송팔대가문초소식2,384,1613,揚雄이 好爲艱深之詞하야 以文淺易之說하니 若正言之면 則人人知之矣리라,"양웅(揚雄)은 어렵고 심오한 글을 짓기를 좋아해서 천근하고 쉬운 말에 문채를 입혀 어렵게 만들었으니, 만약 이것을 바로 말했으면 사람마다 그 내용을 알았을 것입니다.",라,False,라(대조군),Level1
예기집설대전2,1609,2295,以生者而從之於死면 則傷乎不仁하고 於死者而養之以生이면 則傷乎不知니 非君子之所當爲也라,"산 사람에게 죽은 자를 따르게 하면 불인(不仁)함에 상하게 되고, 죽은 자를 산 사람으로 봉양하게 하면 지혜롭지 못함에 상하게 되니, 군자가 마땅히 할 바가 아니다.",라,False,라(대조군),Level1
자치통감강목15,1077,1510,垂以桑椹爲軍糧하여 北趣中山할새 使農先驅하니 (胿)［眭］邃等이 皆來迎이라,"모용수(慕容垂)가 뽕나무 열매인 오디를 군량으로 삼아서 북쪽의 중산(中山)으로 달려갈 적에 모용농(慕容農)으로 하여금 먼저 가게 하니, 수수(眭邃) 등이 모두 와서 맞이하였다.",라,False,라(대조군),Level1
당송팔대가문초구양수6,122,870,富貴成敗는 人之常理요 錄功宥過는 霸者之事也라,‘부귀(富貴)와 성패(成敗)는 사람의 상리(常理)이고 공이 있는 사람을 녹용(錄用)하고 허물이 있는 사람을 용서하는 것은 패자(霸者)의 일입니다.,라,False,라(대조군),Level1
서경집전(상),800,3763,微子痛殷之將亡하여 謀於箕子比干이어늘 史錄其問答之語하니 亦誥體也라,"미자(微子)가 은(殷)나라가 장차 망하려 함을 애통하게 여겨 기자(箕子)와 비간(比干)에게 상의하였는데, 사관(史官)이 그 문답(問答)한 말을 기록하였으니, 또한 고체(誥體)이다.",라,True,라(대조군),Level1
주역전의(상),1323,4006,陽剛은 尊而在上者也어늘 今往居於上하고 陰柔는 卑而在下者也어늘 今來居於下라,"양강(陽剛)은 높아서 위에 있는 자인데 이제 가서 위에 거하고, 음유(陰柔)는 낮아서 아래에 있는 자인데 이제 와서 아래에 거하였다.",라,False,라(대조군),Level1
자치통감강목4,1543,3538,往時에 令民出馬러니 其止勿出하고 諸給中都官者를 減之하라,"지난번에 백성들로 하여금 말을 공출하게 하였는데, 이를 중지하여 공출하지 말게 하고 중도관(中都官)에 공급하는 것을 줄이라.”",라,False,라(대조군),Level1
시경집전(하),576,1279,興也라,흥(興)이다.,라,True,라(대조군),Level1
당송팔대가문초구양수2,313,1162,當堅之時하야 自晉而外에 天下莫不爲秦이라,부견(苻堅)의 시대에는 진(晉)나라 이외에는 천하가 모두 진(秦)나라가 되었다.,라,False,라(대조군),Level1
당송팔대가문초구양수2,58,201,比者伏遇尊號皇帝陛下 堯舜聰明이요 禹湯勤儉이라,근자에 존호(尊號) 황제 폐하께서 요순(堯舜)처럼 총명하시고 우탕(禹湯)처럼 근검하신 시대를 만났습니다.,라,True,라(대조군),Level1
자치통감강목19,950,1335,梁天監六年이요 魏正始四年이라,"양(梁)나라 고조(高祖) 무제(武帝) 소연(蕭衍) 천감(天監) 6년이고, 북위(北魏) 세종(世宗) 선무제(宣武帝) 원각(元恪) 정시(正始) 4년이다.",라,False,라(대조군),Level1
예기집설대전2,1547,2207,故稱王以別之니 亦猶王制於諸侯에 亦稱太子必稱群后以別之也라,"그러므로 왕(王)자를 붙여서 제후의 세자와 구별한 것이니, 또한 〈왕제(王制)〉에는 제후에 대해서도 세자를 태자라 일컬을 때는 반드시 군후(群后)(뭇 제후들)라고 칭하여 구별한 것과 같은 것이다.",라,False,라(대조군),Level1
시경집전(하),2559,5688,天은 卽帝也니 郊而曰天은 所以尊之也라,"천(天)은 바로 상제(上帝)이니, 교제(郊祭)에 천(天)이라고 말한 것은 높이는 것이다.",라,False,라(대조군),Level1
논어집주,65,285,恭은 致敬也요 禮는 節文也라,"공(恭)은 공경을 지극히 하는 것이요, 예(禮)는 절문(節文)이다.",라,False,라(대조군),Level1
당송팔대가문초구양수3,171,602,凡人之用智가 有短長하고 其施設各異라,무릇 사람이 지혜를 쓰는 것은 장단(長短)이 있고 그 베푸는 것도 각기 다르다.,라,False,라(대조군),Level1
자치통감강목17,756,2658,世祖克沮渠氏하고 得趙𢾺玄始曆하니 時人以爲密이라,세조(世祖) 태무제(太武帝)가 저거씨(沮渠氏)(북량(北涼))에게 승리하고 조(趙)𢾺(조비)가 편찬한 현시력(玄始曆)을 얻었는데 그 당시에 사람들이 정밀하다고 여겼다.,라,False,라(대조군),Level1
주역전의(하),402,1182,旣惡之甚則猜하여 成其罪惡하여 如見載鬼滿一車也라,이미 깊이 미워하면 시기(猜忌)하여 그 죄악(罪惡)을 이루어 마치 귀신(鬼神)이 한 수레에 가득히 실려 있음을 봄과 같은 것이다.,라,True,라(대조군),Level1
서경집전(하),868,3257,王有疾이라 故로 不悅懌이라,왕이 병이 있기 때문에 기쁘지 않은 것이다.,라,False,라(대조군),Level1
춘추좌씨전5,184,902,書曰莒人弑其君買朱鉏라하니 言罪之在也라,경(經)에 “거인(莒人)이 그 임금 매주서(買朱鉏)를 시해(弑害)하였다.”고 기록하였으니 이는 죄(罪)가 이비공(犂比公)에게 있다는 것을 말한 것이다.,라,False,라(대조군),Level1
주역전의(하),828,2454,凡象에 言有慶者는 如是則有福慶及於物也요 言有喜者는 事旣善而又有可喜也라,"무릇 상(象)에 ‘유경(有慶)’이라고 말한 것은 이와 같이 하면 복(福)과 경사(慶事)가 남에게 미친다는 것이요, ‘유희(有喜)’라고 말한 것은 일이 이미 선(善)하고 또 기뻐할 만한 일이 있는 것이다.",라,False,라(대조군),Level1
시경집전(하),1619,3606,賦也라,부(賦)이다.,라,False,라(대조군),Level1
예기집설대전2,528,760,練은 素錦也라,연(練)은 흰 비단이다.,라,True,라(대조군),Level1
자치통감강목10,1079,1696,遂卒하니 時年二十六이라,"손책이 마침내 죽으니, 당시 나이가 26세였다.",라,False,라(대조군),Level1
당송팔대가문초구양수4,201,954,言事者以謂自元昊反으로 一方用兵에 而天下之民弊하고 財絀於上而盜起於下라,일을 논하는 자들이 “원호(元昊)가 반란한 뒤로 한 방면에서 군대를 운용함에 천하의 백성이 피폐하고 위에는 재력(財力)이 부족하며 아래에는 도적이 일어나고 있다.,라,False,라(대조군),Level1
당송팔대가문초유종원2,282,1689,置吏奉貢하고 咸若采衛하니 冠帶憲令으로 進用文(事)［士］라,"그래서 관리를 배치하여 공물을 바치고 채복(采服)과 위복(衛服)이 모두 교화되자, 관을 쓰고 띠를 둘러 〈유자(儒者)의 복장으로〉 국법을 준수하고 문인들을 정계에 진출시켜 등용하였다.",라,False,라(대조군),Level1
시경집전(하),978,2139,阜는 猶多也라,부(阜)는 다(多)와 같다.,라,False,라(대조군),Level1
예기집설대전2,1698,2423,墓與祀는 人所易忽也어늘 而能加之敬하면 則無往而不用吾敬矣요 敬則無適而不安이라,"묘소와 제사지내는 단은 사람이 소홀히 여기기 쉬운 바인데, 능히 공경을 더한다면 가는 곳마다 나의 공경을 쓰지 않음이 없을 것이고, 공경하면 가는 곳마다 편안하지 않음이 없을 것이다.",라,False,라(대조군),Level1
당송팔대가문초구양수2,523,2069,故曰譏之也라,그러므로 비판했다고 한 것이다.,라,False,라(대조군),Level1
맹자집주,1250,4272,不然也라,그렇지 않다.,라,False,라(대조군),Level1
당송팔대가문초한유1,207,1013,梁擧八人에 無有失者요 其餘는 則王皆與謀焉이라,"양숙이 천거한 여덟 사람 중에는 잘못 천거된 자가 없었고, 그 나머지도 모두 왕초와 함께 상의해 천거한 자들입니다.",라,False,라(대조군),Level1
서경집전(하),640,2465,大無我責上에 疑有缺文이라,대무아책(大無我責)의 위에 의심컨대 빠진 글이 있는 듯하다.,라,False,라(대조군),Level1
당송팔대가문초구양수6,47,391,莊宗還洛에 進載鄴女千人以從하니 道路相屬하야 男女無別이라,"장종이 낙양으로 돌아갈 때 경진이 업의 여인 천 명을 수레에 싣고서 따르니, 도로에 그 행렬이 길게 이어져 남녀의 분별이 사라질 정도로 혼잡하였다.",라,True,라(대조군),Level1
시경집전(하),850,1873,此詩는 述公卿有田祿者力於農事하여 以奉方社田祖之祭라,이 시(詩)는 공경(公卿)으로서 전록(田祿)을 소유한 자가 농사에 힘써서 방사(方社)와 전조(田祖)의 제사를 받듦을 기술하였다.,라,False,라(대조군),Level1
서경집전(하),594,2279,變名易實하여 以眩觀者曰幻이라,명칭을 변하고 실제를 바꾸어 보는 자를 속이는 것을 환(幻)이라 한다.,라,False,라(대조군),Level1
자치통감강목13,265,987,十二月에 顒表至하니 冏이 大懼하여 會百官議之할새 尙書令王戎曰 二王兵盛하니 不可當也라,"12월에 사마옹(司馬顒)의 표문이 이르니, 사마경(司馬冏)이 크게 두려워해서 백관을 모아 의논할 적에 상서령(尙書令) 왕융(王戎)이 말하기를 “두 왕의 군대가 강성하니 당할 수가 없습니다.",라,False,라(대조군),Level1
자치통감강목5,556,1287,民函陰陽之氣하여 有仁義欲利之心하니 在敎化之所助라,"“백성들은 음과 양의 기운을 다 포함하고 있어서 인의(仁義)와 이익(利益)을 바라는 마음을 가지고 있으니, 교화로 돕는 바에 달려 있습니다.",라,False,라(대조군),Level1
당송팔대가문초소식3,5,13,販夫販婦得一金에 而不知其所措는 非智不若이요 所居之卑也일새라,"하찮은 물건을 파는 가난한 지아비와 지어미가 1금(金)을 얻었을 적에 어찌할 바를 모르는 것은 지혜가 천금(千金)을 소유한 집안의 자식만 못해서가 아니요, 거처하는 바가 비천해서이다.",라,False,라(대조군),Level1
예기집설대전2,179,243,註云 伯氏는 狐突이니 別氏者는 狐是總氏라,"정현(鄭玄)의 주(註)에 “백씨(伯氏)는 호돌(狐突)이니, 씨(氏)를 별도로 백(伯)이라고 한 것은 호(狐)가 호돌(狐突) 가문을 총괄하는 성씨이기 때문에 〈구별한〉 것이다.",라,False,라(대조군),Level1
자치통감강목14,592,1840,皝이 遣謂翰曰 涉夜干이 勇冠三軍하니 宜小避之하라,"모용황이 모용한을 보내면서 당부하기를 “섭야간의 용맹이 삼군에 으뜸이니, 마땅히 잠시 피해야 한다.” 하였다.",라,False,라(대조군),Level1
시경집전(상),1172,2724,大叔于田은 刺莊公也라,˂대숙우전(大叔于田)˃은 장공(莊公)을 풍자한 시(詩)이다.,라,True,라(대조군),Level1
당송팔대가문초소식4,240,945,古者立宗之道는 嫡子旣爲宗이면 則其庶子之嫡子 又各爲其庶子之宗하니 其法止於四나 而其實無窮이라,"옛날에 종(宗)을 세우는 방법은 적자(嫡子)가 이미 종자(宗子)가 되었으면 서자(庶子)의 적자(嫡子)들이 또 각각 그 서자(庶子)의 종자(宗子)가 되었으니, 그 법은 네 종류에 그치나 그 실제는 무궁하게 이어집니다.",라,False,라(대조군),Level1
맹자집주,694,2465,孟子言 人之愛其兄子與隣之子가 本有差等하니 書之取譬는 本爲小民無知而犯法이 如赤子無知而入井耳라,"맹자(孟子)께서 말씀하시기를 “사람이 그 형의 아들과 이웃집의 아들을 사랑함은 본래 차등이 있으니, ≪서경(書經)≫에서 비유를 취한 것은, 본래 소민(小民)들이 무지(無知)하여 법을 범하는 것이 적자(赤子)가 무지(無知)하여 우물에 빠져들어 가는 것과 같기 때문이다.",라,True,라(대조군),Level1
서경집전(상),42,310,美珠를 謂之璿이요 璣는 機也니 以璿飾璣는 所以象天體之轉運也라,"아름다운 구슬을 선(璿)이라 하고 기(璣)는 틀이니, 구슬로 틀을 꾸밈은 천체(天體)의 전운(轉運)을 형상한 것이다.",라,True,라(대조군),Level1
시경집전(상),144,395,孔은 甚이요 邇는 近也라,"공(孔)은 심함이요, 이(邇)는 가까움이다.",라,False,라(대조군),Level1
춘추좌씨전8,71,274,余爲渾良夫니 叫天無辜하리라,나는 바로 혼량부(渾良夫)이니 하늘에 무고(無辜)함을 부르짖겠노라.”고 하는 것을 보았다.,라,False,라(대조군),Level1
춘추좌씨전6,45,161,曰 詩云 陳錫載周라하니 能施也라,그리고 말하기를 “《시경(詩經)》에 ‘이익을 분배(分配)해 사람들에게 주었기 때문에 주(周)나라를 창조(創造)하였다.’고 하였으니 이는 시혜(施惠)를 잘하였기 때문이다.,라,True,라(대조군),Level1
주역전의(하),1657,4933,過臣之分이면 則其咎可知라,신하(臣下)의 분수를 넘으면 허물이 있음을 알 수 있다.,라,False,라(대조군),Level1
시경집전(하),1224,2648,我는 申后自我也라,아(我)는 신후(申后) 자신이다.,라,False,라(대조군),Level1
맹자집주,1476,5009,設使人無秉彝之良心이요 而但有利害之私情이면 則凡可以偸生免死者를 皆將不顧禮義而爲之矣리라,"가령 사람들이 병이(秉彝)의 양심(良心)이 없고, 다만 이해(利害)의 사정(私情)만 있다면, 모든 삶을 훔치고 죽음을 면할 수 있는 짓을 모두 장차 예의(禮義)를 돌아보지 않고 할 것이다.",라,False,라(대조군),Level1
당송팔대가문초왕안석1,456,1995,故其得志於君이면 則變時而之道 若反手然하니 彼其術素修 而志素定也일새라,"그러므로 그가 군주(君主)에게 뜻을 얻게 되면, 그릇된 시속(時俗)을 바꾸어 도(道)로 나가게 하는 것이 마치 손바닥 뒤집듯이 쉽게 이루어지나니, 그러한 군자는 그 방책을 평소에 닦아 놓았고 목표를 평소에 확정해 놓았기 때문인 것이다.",라,True,라(대조군),Level1
맹자집주,1708,5552,動心忍性은 謂竦動其心하고 堅忍其性也라,"동심인성(動心忍性)은 그 마음을 송동(竦動)시키고, 그 성질을 굳게 참는 것을 이른다.",라,False,라(대조군),Level1
주역전의(하),1042,3153,然其有陽剛之德하니 上聰明而下巽正하여 終必相得이라,"그러나 양강(陽剛)의 덕(德)을 소유하고 있으니, 위가 총명(聰明)하고 아래가 손정(巽正)하여 끝내 반드시 서로 만난다.",라,True,라(대조군),Level1
당송팔대가문초구양수4,552,2458,嗚呼라 韓氏之文之道는 萬世所共尊이요 天下所共傳而有也니 予於此本에 特以其舊物而尤惜之하노라,"아, 한씨(韓氏)의 문(文)과 도(道)는 만세(萬世)의 후인들이 함께 존숭(尊崇)하는 것이고 천하 사람들이 함께 전하면서 소유하는 것이니, 내가 이 본(本)에 대해 특히 유래가 오랜 서책이라는 이유로 더욱 아낀다.",라,True,라(대조군),Level1
예기집설대전1,713,2246,三月이 爲一時니 天氣小變이라,석 달은 한 절기에 해당하니 〈이 기간이면〉 천기(天氣)가 조금 변한다.,라,False,라(대조군),Level1
당송팔대가문초구양수3,251,937,明道二年十月十二日也라,명도(明道) 2년 10월 12일에 쓴다.,라,False,라(대조군),Level1
당송팔대가문초소순1,307,1947,吾嘗論 項籍은 有取天下之才나 而無取天下之慮요 曹操는 有取天下之慮나 而無取天下之量이요 劉備는 有取天下之量이나 而無取天下之才라,"나는 일찍이 “항우(項羽)는 천하를 취할 재능(才能)은 있으나 천하를 취할 책략(策略)이 없고, 조조(曹操)는 천하를 취할 책략(策略)은 있으나 천하를 취할 도량(度量)이 없으며, 유비(劉備)는 천하를 취할 도량(度量)은 있으나 천하를 취할 재능(才能)이 없었다.”라고 논평한 적이 있다.",라,False,라(대조군),Level1
서경집전(상),331,1919,程氏據西域傳하여 以弱水爲在條支라하여 援引甚悉이라,"정씨(程氏)는 ≪서역전(西域傳)≫을 근거해서 “약수(弱水)가 조지(條支)에 있다.” 하여, 증거를 끌어댄 것이 매우 자세하다.",라,True,라(대조군),Level1
주역전의(하),923,2750,井泥不食은 下也일새요 舊井无禽은 時舍也라,"“우물에 진흙이 있어 먹지 않음은 아래에 있기 때문이요, 옛 우물에 짐승이 없음은 때에 버려진 것이다.”",라,False,라(대조군),Level1
시경집전(상),1061,2483,爲此詩者 蓋猶及見西周之盛이라,이 시(詩)를 지은 자는 오히려 서주(西周)의 성함을 보았었다.,라,False,라(대조군),Level1
당송팔대가문초왕안석2,525,2767,纘我博士는 夫人之淑이라,우리 집안이 박사(博士)를 계승한 것은 현숙(賢淑)한 부인(夫人)의 덕(德)이었어라.,라,True,라(대조군),Level1
당송팔대가문초한유1,223,1078,與足下別久矣라,족하(足下)와 이별한 지 오래입니다.,라,True,라(대조군),Level1
자치통감강목18,817,2647,豫州刺史崔慧景은 高武舊將이라,예주자사(豫州刺史) 최혜경(崔慧景)은 제(齊)나라 고제(高帝)(소도성(蕭道成))와 무제(武帝)(소색(蕭賾))의 옛 장군이었다.,라,False,라(대조군),Level1
춘추좌씨전4,218,651,王叔之宰曰 篳門閨竇之人而皆陵其上하니 其難爲上矣라,"왕숙(王叔)의 재(宰)가 말하기를 “가시 삽짝에 벽을 뚫어 자그마하게 방문(房門)을 내고 살던 빈천(貧賤)한 사람이 모두 윗사람을 능멸(陵蔑)하니 윗사람 노릇 하기가 어렵다.”고 하자,",라,False,라(대조군),Level1
서경집전(하),331,1305,汝亦罔不克敬典하여 乃由裕民호되 惟文王之敬忌로하여 乃裕民이요 曰我惟有及이라하면 則予一人이 以懌호리라,"너는 또한 법을 공경하지 않음이 없어 이로 말미암아 백성들을 편안히 하되, 오직 문왕(文王)의 백성을 공경하고 조심함으로 하여 이 백성들을 편안히 하고, 말하기를 ‘내 문왕(文王)에게 미침이 있다’ 하면 나 한 사람이 기뻐할 것이다.”",라,False,라(대조군),Level1
서경집전(하),413,1639,洛邑事畢에 周公이 將歸宗周하시니 召公이 因陳戒成王할새 乃取諸侯贄見幣物하여 以與周公하고 且言其拜手稽首하여 所以陳王及公之意라,"“낙읍(洛邑)의 일이 끝나자 주공(周公)이 장차 종주(宗周)로 돌아가려 하니, 소공(召公)이 인하여 성왕(成王)에게 경계(警戒)의 말을 올릴 적에 제후(諸侯)들의 지현(贄見)의 폐백(幣帛)을 취하여 주공(周公)에게 주고, 또 배수계수(拜手稽首)하여 왕(王)과 주공(周公)에게 아뢴 뜻을 말한 것이다.”",라,True,라(대조군),Level1
자치통감강목8,124,175,藩國官屬이 出入宮省하여 與百僚無别이라,제후국［번국(藩國)］의 관속들이 궁성(宮省)을 출입하여 백관들과 구별이 없었다.,라,False,라(대조군),Level1
자치통감강목17,489,1664,今旣窮毒하니 無復此望이라,지금은 어머니의 상을 당하였으니 다시 이를 바랄 수 없다.,라,True,라(대조군),Level1
시경집전(상),93,292,不妬忌면 則男女以正하고 婚姻以時하여 國無鰥民也라,후비(后妃)가 투기(妬忌)하지 않으면 남녀(男女)가 바루어지고 혼인을 제 때에 하여 나라에 홀아비로 있는 백성이 없게 된다.,라,False,라(대조군),Level1
서경집전(상),638,3279,致告者는 使各相告戒也라,치고(致告)는 각기 서로 고(告)하여 경계하게 하는 것이다.,라,False,라(대조군),Level1
당송팔대가문초구양수4,216,1035,君用穀城之績하야 遷大理寺丞하고 知新州러니 至則丁母夫人鄭氏憂라,"군(君)은 곡성(穀城)에서의 치적(治積)으로 대리시승(大理寺丞)으로 옮겼고 지신주(知新州)가 되었는데, 신주(新州)에 이르자마자 어머니 정씨(鄭氏)의 상을 당하였다.",라,False,라(대조군),Level1
자치통감강목3,1359,3112,當今之世에 咸嘉生而惡死하여 厚葬以破業하고 重服以傷生하니 吾甚不取하노라,"지금 세상에 모두 사는 것을 좋게 여기고 죽는 것을 슬퍼해서 후장(厚葬)하여 가업(家業)을 파산하고 지나치게 상복을 입어 생명을 손상하니, 나는 심히 취하지 않노라.",라,False,라(대조군),Level1
주역전의(하),1024,3091,得妾以其子无咎는 六陰而卑라 故爲妾이니 得妾은 謂得其人也라,"‘득첩이기자무구(得妾以其子无咎)’는 육(六)이 음(陰)이고 낮으므로 첩(妾)이라 한 것이니, 첩(妾)을 얻음은 훌륭한 사람을 얻음을 이른다.",라,False,라(대조군),Level1
당송팔대가문초한유2,403,2084,告於叔父御史大夫鄜坊丹延觀察使恕하고 因其族弟進士群以来請銘이어늘 遂以其事銘하노라,"그 숙부(叔父) 어사대부(御史大夫) 부(鄜)‧방(坊)‧단(丹)‧연주관찰사(延州觀察使) 노서(路恕)에게 고(告)하고, 그 족제(族弟) 진사(進士) 노군(路群)에게 부탁［因］해 와서 비명(碑銘)을 청하기에 드디어 노공(路公)의 사적에 의거해 명(銘)을 지었다.",라,False,라(대조군),Level1
당송팔대가문초구양수5,340,2291,世宗攻壽州하야 圍之數重하고 以方舟載礮하야 自淝河中流擊其城이라,세종(世宗)이 수주(壽州)를 공격하여 성을 몇 겹으로 포위하고 방주(方舟)에 포(礮)를 싣고서 비하(淝河)에서부터 물결을 타고 가 성을 공격하였다.,라,False,라(대조군),Level1
당송팔대가문초구양수4,351,1561,以悲慨帶敍事라,슬픈 마음을 서사(敍事)에 실었다.,라,True,라(대조군),Level1
자치통감강목14,609,1895,今殿下拓地三千里하고 増民十萬戸한대 其無田者 十有三四라,"지금 전하께서는 3천 리의 영토를 개척하고 10만 호의 백성을 늘렸는데, 전지(田地)가 없는 자가 10명 중에 3, 4명에 이릅니다.",라,False,라(대조군),Level1
당송팔대가문초소식1,313,1454,臣又竊聞朝論호니 謂鬼章犯順하니 罪當誅死라,"신(臣)이 또 조정(朝廷)의 의논을 들어보니, “귀장(鬼章)이 순종하는 도리를 범했으니, 죄가 마땅히 죽어야 한다.",라,False,라(대조군),Level1
자치통감강목10,391,573,繇는 皓之曾孫也라,종요는 종호(鍾皓)의 증손이다.,라,False,라(대조군),Level1
당송팔대가문초구양수4,101,485,平生所爲文章이 有集十卷이라,평생 지은 문장(文章)이 문집 10권이다.,라,False,라(대조군),Level1
논어집주,858,3053,舊說에 凡一章이러니 今分爲十七節하노라,"구설(舊說)에는 모두 1장(章)이었으나, 이제 나누어 17절(節)로 만들었다.",라,False,라(대조군),Level1
서경집전(상),79,587,"夔, 龍은 二臣名이라",기(夔)와 용(龍)은 두 신하의 이름이다.,라,False,라(대조군),Level1
시경집전(상),244,614,革은 猶皮也라,혁(革)은 피(皮)와 같다.,라,True,라(대조군),Level1
당송팔대가문초소식3,183,704,荀卿이 明王道하고 述禮樂이어늘 而李斯以其學으로 亂天下하니 其高談異論이 有以激之也라,"순경(荀卿)이 왕도(王道)를 밝히고 예악(禮樂)을 기술하였는데, 이사(李斯)가 그의 학문을 가지고 천하를 어지럽혔으니, 이것은 순경(荀卿)의 고상한 말과 이론(異論)이 이사(李斯)를 격동시킴이 있었던 것이다.",라,False,라(대조군),Level1
주역전의(상),391,1339,"故로 名坤而象地요 重之又得坤焉이면 則是陰之純,順之至라","그러므로 곤(坤)이라고 이름하여 땅을 상징하였고, 이를 거듭하여 또 곤(坤)을 얻으면 이는 음(陰)이 순수하고 순함이 지극한 것이다.",라,False,라(대조군),Level1
당송팔대가문초증공1,338,1821,每歲少雨어든 田未病而湖蓋已先涸矣라,매년 강우량이라도 줄면 농지는 한해(旱害)를 당하지 않지만 감호(鑑湖)의 물은 먼저 말라버린다.,라,True,라(대조군),Level1
맹자집주,1890,5971,墊은 齊王之子也라,점(墊)은 제왕(齊王)의 아들이다.,라,False,라(대조군),Level1
당송팔대가문초왕안석1,472,2089,則士朝夕所見所聞이 無非所以治天下國家之道라,그렇게 되니 사(士)들이 조석(朝夕)으로 보고 듣는 것이 천하 국가를 다스리는 도(道)의 근본에 해당되지 않는 것이 없었다.,라,False,라(대조군),Level1
시경집전(하),224,490,褒姒는 幽王之嬖妾이니 褒國女요 姒姓也라,"포사(褒姒)는 유왕(幽王)의 폐첩(嬖妾)이니, 포국(褒國)의 딸이요, 사성(姒姓)이다.",라,False,라(대조군),Level1
당송팔대가문초소식5,385,1419,歸本於學하니 有見이라,"근본을 학문에 돌렸으니, 식견이 있다.",라,False,라(대조군),Level1
주역전의(상),206,929,初九者는 卦下陽爻之名이라,초구(初九)는 괘(卦)의 아래에 있는 양효(陽爻)의 명칭이다.,라,False,라(대조군),Level1
맹자집주,232,891,工師는 匠人之長이요 匠人은 衆工人也라,"공사(工師)는 장인(匠人)의 우두머리요, 장인(匠人)은 여러 공인(工人)들이다.",라,False,라(대조군),Level1
당송팔대가문초한유1,165,802,瀆冒威尊하니 惶恐無已로라,위엄을 모독하였으니 황공하기 그지없습니다.,라,True,라(대조군),Level1
당송팔대가문초왕안석1,297,1419,誠能使屬羌爲我用이면 則非特無內患이요 亦宜賴其力以乘外寇矣라,"진실로 귀부한 강족을 우리나라를 위해 활용할 수 있게 된다면, 다만 내환(內患)만 없게 할 뿐이 아니라 또한 그들의 힘을 이용하여 외구(外寇)를 방어하는 데에도 마땅하게 될 것입니다.",라,False,라(대조군),Level1
자치통감강목17,566,1933,習其險艱하면 利以任使요 逹其情僞하면 易以躬臨이라,"험난함에 익숙하면 다른 사람을 임용하고 부리는 데 이롭고, 진위(眞僞)에 통달하면 자신이 정사를 다스리는 데 용이하다.",라,False,라(대조군),Level1
당송팔대가문초구양수2,17,53,坐安優逸하야 未久歲時에 亟就易於方州하고 仍陟遷於秩序하니 有以見聖君之意가 未嘗忘言事之臣이라,"가만히 앉아서 편안하게 지낸 지 세월이 오래지 않았는데 더 다스리기 쉬운 지방으로 서둘러 옮겨주고 동시에 자급(資級)을 올려주시니, 성스러운 폐하의 뜻이 언관(言官)을 맡았던 이 사람을 잊은 적이 없으셨음을 알 수 있었습니다.",라,True,라(대조군),Level1
시경집전(상),1431,3274,無思遠人이어다 勞心怛怛이리라,멀리 있는 사람을 그리워하지 말지어다 마음에 애닳기를 달달(怛怛)히 하리라,라,True,라(대조군),Level1
당송팔대가문초왕안석1,551,2418,小小結搆에 自有遠山景態라,짧게 구성한 문장 속에 원산(遠山)의 경태(景態)가 잘 드러나 있다.,라,False,라(대조군),Level1
주역전의(상),399,1363,以含弘光大四者로 形容坤道하니 猶乾之剛健中正純粹也라,"함(含)·홍(弘)·광(光)·대(大) 네 가지로 곤도(坤道)를 형용하였으니, 건괘(乾卦)의 강(剛)·건(健)·중(中)·정(正)·순(純)·수(粹)와 같다.",라,False,라(대조군),Level1
당송팔대가문초구양수3,182,644,庶幾覽者知余有志於强健之時而未償於衰老之後하야 幸不譏其踐言之晩也하노라,"바라건대 이 글을 보는 자들이 내가 강건했던 시절에 은거할 뜻을 지녔으나 노쇠한 뒤에도 뜻을 이루지 못했음을 알아서, 그 말을 실천함이 늦었음을 나무라지 않으면 다행이겠다.",라,True,라(대조군),Level1
서경집전(상),511,2833,有命은 有天命者니 謂湯也라,"유명(有命)은 천명(天命)을 소유한 자이니, 탕왕(湯王)을 이른다.",라,False,라(대조군),Level1
시경집전(하),3008,6686,帝는 上帝也라,제(帝)는 상제(上帝)이다.,라,False,라(대조군),Level1
서경집전(하),358,1417,如是면 則庶幾能進饋祀니 爾亦可自副而用宴樂也라,"이와 같이 하면 거의 궤사(饋祀)를 올릴 수 있으니, 너희들이 또한 스스로 도와서 연악(宴樂)할 수 있을 것이다.",라,False,라(대조군),Level1
자치통감강목10,712,1056,朗이 負阻城守하니 難可卒拔이라,"“왕랑이 지형의 험조(險阻)함을 믿고 성(城)을 의지해 수비하니, 갑작스럽게 함락시키기 어렵다.",라,False,라(대조군),Level1
당송팔대가문초유종원2,64,264,今所謂東丘者는 奧之宜者也라,지금 이른바 동구(東丘)라는 곳은 으슥하다는 말에 걸맞는 지역이다.,라,False,라(대조군),Level1
자치통감강목10,436,640,"疇乃爲約束하여 相殺傷, 犯盗, 諍訟者를 随輕重抵罪하여 重者는 至死하니 凡二十餘條라","전주는 마침내 약속(約束)(규약(規約))을 만들어서 서로 죽이고 상해(傷害)하며 죄를 범하고 도둑질하는 자와 다투고 송사하는 자를 죄의 경중에 따라 처벌받게 하여 죄가 무거운 자는 사형에 이르게 하니, 약속이 모두 20여 조항이었다.",라,False,라(대조군),Level1
당송팔대가문초구양수2,384,1500,民有幸而不役於人하고 能有田而自耕者는 下自二頃至一頃히 皆以等書於籍하야 而公役之多者爲大役이요 少者爲小役이라,"백성 가운데 다행히 남에게 부림을 당하지 아니하고 능히 전지(田地)를 소유하여 스스로 경작하는 자가 있으면, 아래로 2경(頃)에서 1경(頃)에 이르기까지 모두 등급을 토지대장에 기재하여 공역(公役)이 많은 자는 대역(大役)이 되고 적은 자는 소역(小役)이 된다.",라,False,라(대조군),Level1
당송팔대가문초소식5,189,679,是時에 北方之爲佛者는 皆留於名利하고 囿於因果라,이때 북방에서 불교를 하는 자들은 모두 명예와 이익에 마음을 두고 인과응보설에 얽매여 있었다.,라,False,라(대조군),Level1
춘추좌씨전7,409,1352,登鐵上하야 望見鄭師衆하고 大子懼하야 自投于車下하니 子良授大子綏而乘之曰 婦人也라,"철구(鐵丘) 위로 올라가서 정군(鄭軍)이 많은 것을 바라보고는 위태자(衛太子)는 겁이 나서 스스로 병거(兵車) 아래로 굴러떨어지니, 자량(子良)이 태자(太子)에게 손잡이 끈을 쥐여주고 병거에 오르게 하며 말하기를 “여자처럼 겁이 많으십니다.”고 하였다.",라,False,라(대조군),Level1
예기집설대전2,674,956,行神之位가 在廟門西邊하야 當所毁宗之外하니 生時出行則爲壇幣告行神하고 告竟에 車躐行壇上而出하야 使道中安穩이 如在壇이니 今向毁宗處出하야 仍得躐行此壇을 如生時之出也라,"길 귀신의 위치가 사당 문의 서쪽에 있어서 담을 헐은 사당의 밖에 해당하니, 생시(生時)에 출행할 때에는 제단(祭壇)에 올리는 폐백을 만들어 길 귀신에게 고유(告由)하고, 고유를 마치면 수레가 제단 위를 넘고 나가서 도중(道中)에서 편안하기를 제단에 있을 때처럼 하는 것이니, 지금 사당의 담을 헐어낸 곳을 향하여 나가서 그대로 이 제단(祭壇)을 넘어가기를 생시(生時)에 나가듯이 하는 것이다.",라,False,라(대조군),Level1
시경집전(하),722,1567,雝은 猶蔽也요 重은 猶累也라,옹(雝)은 폐(蔽)와 같고 중(重)은 누(累)와 같다.,라,False,라(대조군),Level1
당송팔대가문초구양수4,11,57,去歲火而今又旱하니 其應在禮라,작년에 화재가 나고 올해 또 가뭄이 들었으니 감응하는 것이 예(禮)에 있다.,라,False,라(대조군),Level1
시경집전(하),627,1378,冽은 寒意也라,열(洌)은 차갑다는 뜻이다.,라,False,라(대조군),Level1
당송팔대가문초왕안석1,121,670,文有典刑이라,글 속에 일정한 법도가 있다.,라,False,라(대조군),Level1
자치통감강목11,303,1100,"權이 雖有雄才나 故漢票騎將軍, 南昌侯耳라",“손권은 비록 영웅의 재주가 있으나 옛날 한(漢)나라의 표기장군(票騎將軍) 남창후(南昌侯)일 뿐입니다.,라,False,라(대조군),Level1
주역전의(상),1835,5464,在大過之時하여 以中道巽說而行이라 故利有攸往하니 乃所以能亨也라,"대과(大過)의 때에 있어서 중도(中道)와 손순(巽順)·화열(和說)로 행하기 때문에 가는 바를 둠이 이로운 것이니, 이는 바로 형통(亨通)할 수 있는 것이다.",라,False,라(대조군),Level1
자치통감강목4,878,2029,六年이라,한(漢)나라 세종(世宗) 효무황제(孝武皇帝) 원정(元鼎) 6년이다.,라,False,라(대조군),Level1
당송팔대가문초구양수3,499,2184,怨家因之하야 中以事하야 左遷將作少監하야 分司南京이라,공을 원망하던 자가 이 일로 말미암아 일을 꾸며서 공을 중상모략하여 장작소감(將作少監)으로 좌천되어 남경(南京)의 분사(分司)가 되었다.,라,False,라(대조군),Level1
맹자집주,2137,6595,進取는 謂求望高遠이라,진취(進取)는 고원(高遠)한 것을 구하고 바람을 이른다.,라,True,라(대조군),Level1
자치통감강목7,1831,2539,二十五年이라,한(漢)나라 세조(世祖) 광무황제(光武皇帝) 건무(建武) 25년이다.,라,False,라(대조군),Level1
맹자집주,171,661,寵之四方은 寵異之於四方也라,총지사방(寵之四方)은 그를 사방의 여러 나라 중에 총애하고 특이하게 대우하는 것이다.,라,False,라(대조군),Level1
당송팔대가문초소식5,285,1119,嗟夫라,아!,라,True,라(대조군),Level1
자치통감강목9,48,64,暠乃手劍當車曰 太子는 國之儲副요 人命所係라,"충고는 손에 검을 들고 수레를 가로막으며 말하기를 “태자는 나라의 저부(儲副)(다음 대를 이을 임금)로, 백성들의 목숨이 달려 있는 분이다.",라,True,라(대조군),Level1
당송팔대가문초증공1,355,1965,以今之士로 於人所難至者에 旣幾矣라,오늘날 글을 읽은 자는 사람들이 도달하기 어려운 것에 대해서는 이미 거의 성취하였다.,라,True,라(대조군),Level1
당송팔대가문초왕안석2,429,2328,君子固成人之孝요 而吾與之又舊라 其何顧而辭리오하고 卽取吾所素知者하야 爲之誌而銘之하노라,"군자(君子)는 진실로 남의 효(孝)를 이루어주어야 하고, 내가 그와 사귄 지 오래되었으니 내가 어찌 고개를 돌리고 거절할 수 있으랴.” 하고, 즉시 내가 평소에 알고 있는 것을 취하여 그를 위해 지(誌)를 지어주어 새겨놓을 수 있게 하였다.",라,True,라(대조군),Level1
서경집전(하),53,220,洪은 大也라,홍(洪)은 큼이다.,라,False,라(대조군),Level1
당송팔대가문초소철2,370,1999,丁鴻之心은 存乎忠愛라,정홍(丁鴻)의 마음은 충애(忠愛)를 간직하였다.,라,True,라(대조군),Level1
주역전의(하),1368,4149,五는 君位나 人君은 无旅하니 旅則失位라,"오(五)는 군주(君主)의 자리이나, 인군(人君)은 나그네가 되는 법이 없으니, 나그네가 되면 지위를 잃는다.",라,False,라(대조군),Level1
서경집전(상),83,616,納言은 官名이라,납언(納言)은 관명이다.,라,False,라(대조군),Level1
당송팔대가문초소식3,157,613,夫以蠻夷伐國이면 民不予也하나니 皐如出公之事에 斷可見矣라,"오랑캐 나라의 힘을 빌려 자기 나라를 정벌하면 백성들이 찬성하지 않으니, 이것은 위(衛)나라 고여(皐如)와 출공(出公)의 일에서 분명하게 알 수 있는 것이다.",라,False,라(대조군),Level1
자치통감강목10,586,861,奉等이 乃輒攻煨營호되 不下러니 煨供給御膳하고 廩贍百官하여 無二意라,"양봉 등이 이에 곧 단외의 군영을 공격하였으나 함락시키지 못하였는데, 단외가 어선(御膳)을 공급하고 백관(百官)에게 양식과 물자를 제공하여 딴마음이 없었다.",라,False,라(대조군),Level1
춘추좌씨전7,473,1540,公使朱毛告於陳子曰 微子면 則不及此라,도공(悼公) 주모(朱毛)를 보내어 진자(陳子)에게 고하기를 “그대가 아니었으면 내가 이 자리에 이르지 못하였을 것이오.,라,True,라(대조군),Level1
논어집주,262,974,然이나 舜之德은 性之也요 又以揖遜而有天下하고 武王之德은 反之也요 又以征誅而得天下라 故로 其實有不同者라,"그러나 순(舜)임금의 덕(德)은 천성대로 한 것이요, 또 읍(揖)하고 사양함으로써 천하(天下)를 얻었고, 무왕(武王)의 덕(德)은 되찾은 것이요, 또 정벌(征伐)하고 주살(誅殺)함으로써 천하(天下)를 얻었으므로, 그 실제에 같지 않음이 있는 것이다.",라,True,라(대조군),Level1
자치통감강목12,418,1622,又左右率非其人이라 群黨相扶하여 害忠隱賢하니 此皆蠧政病民者也라,"또 좌우 측근들이 대부분 온당한 사람이 아니어서 여러 패거리들이 서로 협조하여 충성스런 사람을 해치고 현명한 사람을 매몰시키니, 이런 모든 것이 정치를 좀먹고 백성들을 괴롭게 하는 것입니다.",라,True,라(대조군),Level1
자치통감강목14,468,1463,事急矣라,사세가 급박하게 되었습니다.,라,False,라(대조군),Level1
당송팔대가문초구양수2,413,1643,難者曰 三子之說은 非其臆出也라 其得於所傳이 如此라,논란하는 자가 말하기를 “삼자(三子)의 설은 억측에서 나온 것이 아니라 전수받은 바가 이와 같은 것이다.,라,False,라(대조군),Level1
자치통감강목15,365,460,時에 太后侵擾國政하고 評이 貪昧無厭하여 貨賂上流하고 官非才擧하니 群下怨憤이라,"이때 연나라 태후(太后) 합족혼씨(可足渾氏)가 국정(國政)을 어지럽혔고, 모용평은 탐욕에 눈이 멀어 만족할 줄을 몰라 뇌물이 위로 집권자들에게 유입되고 관리가 재능에 따라 선발되지 않으니, 여러 아랫사람들이 원망하고 분노하였다.",라,True,라(대조군),Level1
주역전의(하),1684,5014,居過之終하여 弗遇於理而過之하여 過已亢極하니 其凶宜也라,"과(過)의 종(終)에 거하여 이치에 맞게 하지 못하고 지나쳐서 지나침이 이미 항극(亢極)하니, 그 흉함이 마땅하다.",라,False,라(대조군),Level1
자치통감강목4,145,346,凡爲人君이 莫不然矣라,무릇 인군(人君)이 된 자들이 그렇지 않은 자가 없다.,라,False,라(대조군),Level1
주역전의(상),1521,4541,占者以其柔來文剛하여 陽得陰助而離明於內라 故爲亨이요 以其剛上文柔而艮止於外라 故小利有攸往이라,"점치는 자는 유(柔)가 와서 강(剛)을 문식(文飾)하여 양(陽)이 음(陰)의 도움을 얻고 이(離)가 안에서 밝으므로 형통(亨通)한 것이요, 강(剛)이 올라가 유(柔)를 문식(文飾)하고 간(艮)이 밖에 멈춰 있으므로 가는 바를 둠이 조금 이로운 것이다.",라,False,라(대조군),Level1
자치통감강목14,351,1142,侍中荀奕曰 三朝之首에 宜明君臣之體라,시중(侍中) 순혁(荀奕)이 말하기를 “정월 초하루［三朝之首］에는 마땅히 군신간(君臣間)의 예의를 밝혀야 합니다.,라,True,라(대조군),Level1
주역전의(하),1528,4602,以卦體로 釋卦辭라,괘체(卦體)로 괘사(卦辭)를 해석하였다.,라,False,라(대조군),Level1
시경집전(상),848,1980,考槃은 刺莊公也니 不能繼先公之業하여 使賢者退而窮處라,"˂고반(考槃)˃은 장공(莊公)을 풍자한 시(詩)이니, 선공(先公)의 업(業)을 계승하지 못하여 현자(賢者)로 하여금 물러나 곤궁하게 살도록 해서였다.",라,False,라(대조군),Level1
당송팔대가문초구양수3,391,1467,初爲安定郡夫人이라가 追封榮國公夫人이라,처음에 안정군부인(安定郡夫人)이 되었다가 영국공부인(榮國公夫人)에 추봉되었다.,라,False,라(대조군),Level1
당송팔대가문초한유2,361,1810,位乎朝者吾取某與某而已요 在下者多于朝나 凡吾與者若干人이라,"조정에 있는 조관(朝官) 중에 나는 아무개와 아무개만을 취할 뿐이고, 하위(下位)에 있는 관원 중에는 취할 만한 자가 조관(朝官)보다 많으나, 내가 천거［與］한 자는 약간인(若干人)일 뿐이다.’",라,False,라(대조군),Level1
자치통감강목9,1580,2294,是以로 先爲不可勝하여 以待敵之可勝이라,이 때문에 먼저 적이 승리하지 못하도록 만들어놓고서 적을 공격하여 이길 틈을 기다리는 것이다.,라,False,라(대조군),Level1
시경집전(상),728,1684,按桑間은 卽此篇이라,"살펴보건대, ˂상간(桑間)˃은 바로 이 편(篇)이다.",라,False,라(대조군),Level1
시경집전(상),495,1141,雝雝은 聲之和也라,옹옹(雝雝)은 소리가 화함이다.,라,False,라(대조군),Level1
자치통감강목15,801,1106,今歲鎭이 守斗하니 福德在吳라,"“지금 세성(歲星)과 진성(鎭星)이 두수(斗宿)를 지키고 있으니, 복덕(福德)이 오(吳) 지방(동진(東晉))에 있습니다.",라,False,라(대조군),Level1
서경집전(상),51,409,敷는 陳이요 奏는 進也라,부(敷)는 폄이요 주(奏)는 아룀이다.,라,False,라(대조군),Level1
시경집전(상),2014,4584,政煩賦重하니 人不堪其苦하여 嘆其不如草木之無知而無憂也라,"정사가 번거롭고 부역이 무거우니, 사람들이 그 고통을 견디지 못하여, 초목(草木)이 무지(無知)하여 근심이 없음만 못함을 탄식한 것이다.",라,True,라(대조군),Level1
당송팔대가문초한유2,12,46,情已至而事不從은 小人之所不爲也라,정(情)이 이미 지극한데도 행사(行事)가 따르지 않는 것은 소인도 하지 않는 바이다.,라,False,라(대조군),Level1
자치통감강목11,60,228,又遣吏民有恩信者하여 告諭之하니 出者相繼라,"또 관리와 백성 중에 은혜와 신의가 있는 자를 보내서 적을 타이르게 하니, 산골짜기에서 나오는 적들이 서로 이어졌다.",라,False,라(대조군),Level1
당송팔대가문초증공1,149,886,書旨多蒼然之色과 幽然之思라,글의 취지에 예스러운 빛과 고상한 생각이 많은 편이다.,라,False,라(대조군),Level1
당송팔대가문초구양수4,387,1721,君은 諱慶이요 字貽孫이요 姓歐氏라,군은 휘(諱)가 경(慶)이고 자(字)가 이손(貽孫)이고 성(姓)이 구씨(歐氏)이다.,라,False,라(대조군),Level1
시경집전(하),2082,4654,諄諄은 詳熟也요 藐藐은 忽略貌라,"순순(諄諄)은 상세하고 익숙함이요, 막막(藐藐)은 소홀히 하고 간략히 하는 모양이다.",라,False,라(대조군),Level1
당송팔대가문초구양수6,301,2217,立斬其使以自絶하니 軍士聞之하고 皆感奮이라,그 자리에서 사자(使者)를 베어 단호히 거절하니 군사들이 이 일을 듣고 모두 감동하여 분발하였다.,라,True,라(대조군),Level1
자치통감강목10,319,454,卓이 入이어늘 以戟刺之하니 卓이 衷甲不入이라,"동탁이 들어오자 이들이 창으로 그를 찌르니, 동탁은 갑옷 위에 옷을 덧입은 상태였으므로 창이 들어가지 못하였다.",라,True,라(대조군),Level1
자치통감강목15,1424,2015,秦太初八이요 燕建興八이요 後秦建初八이요 魏登國八年이라,"진(秦)나라(전진(前秦)) 부등(符登) 태초(太初) 8년이고, 연(燕)나라(후연(後燕)) 세조(世祖) 모용수(慕容垂) 건흥(建興) 8년이고, 후진(後秦) 태조(太祖) 요장(姚萇) 건초(建初) 8년이고, 위(魏)나라(북위(北魏)) 태조(太祖) 도무제(道武帝) 탁발규(拓跋珪) 등국(登國) 8년이다.",라,False,라(대조군),Level1
시경집전(하),793,1715,特牲에 主人獻尸어든 賓長以肝從하고 主婦獻尸어든 兄弟以燔從이 是也라,"≪의례(儀禮)≫의 ˂특생(特牲)˃에 “주인(主人)이 시(尸)에게 술을 올리거든 손님 중에 어른이 자간(炙肝)을 따라 올리며, 주부(主婦)가 시(尸)에게 술잔을 올리거든 형제(兄弟)들이 불고기를 가지고 따른다.”는 것이 이것이다.",라,False,라(대조군),Level1
당송팔대가문초구양수6,214,1404,晉天福中에 以衛將軍으로 居京師한대 在禮已秉旄節이라가 罷鎭來朝라,"진(晉)나라 천복(天福) 연간(936~944)에 황보휘(皇甫暉)가 위장군(衛將軍)의 신분으로 경사(京師)에 머무르고 있었는데, 조재례(趙在禮)가 이미 절도사가 되었다가 절도사의 직무를 끝내고 조정으로 왔다.",라,False,라(대조군),Level1
자치통감강목18,803,2592,人主之於其國에 譬猶一身하니 視遠如視邇하고 在境如在庭이라,"“인주(人主)는 그 나라에 대하여 비유하면 한 몸과 같으니, 먼 곳을 보면서 마치 가까운 곳을 보는 것처럼 하며 변방에 있으면서 마치 조정에 있는 것처럼 해야 한다.",라,True,라(대조군),Level1
춘추좌씨전7,27,117,是鄭穆少妃姚子之子오 子貉之妺也라,하희(夏姬)는 바로 정목공(鄭穆公)의 소비(少妃) 요자(姚子)의 딸이고 자학(子貉)(정영공(鄭靈公))의 누이다.,라,False,라(대조군),Level1
당송팔대가문초한유2,23,84,"學班掾之文하야 其嚴緊이 如程不識, 李光弼之治兵이라","반연(班掾)의 문장을 배워서, 엄격(嚴格)함이 마치 정불식(程不識)과 이광필(李光弼)이 군대를 다스리는 것과 같다.",라,True,라(대조군),Level1
당송팔대가문초구양수2,426,1701,昔者에 孔子當衰周之際하야 患衆說紛紜하야 以惑亂當世라,옛적에 공자(孔子)가 주(周)나라가 쇠퇴한 때에 뭇 설이 분분해서 당세를 혼란스럽게 만들까 근심하였다.,라,True,라(대조군),Level1
당송팔대가문초유종원2,10,49,然後知吾嚮之未始游요 游於是乎始라,그런 뒤에야 내가 이전에는 노닌 적이 없었고 진정한 유람은 이 서산(西山)에서 비로소 시작하였다는 것을 알았다.,라,True,라(대조군),Level1
중용장구,20,66,命은 猶令也요 性은 卽理也라,"명(命)은 영(令)과 같으며, 성(性)은 바로 이(理)이다.",라,False,라(대조군),Level1
자치통감강목1,391,988,夫信者는 人君之大寶也라,“무릇 신(信)은 인군(人君)의 큰 보배이다.,라,True,라(대조군),Level1
당송팔대가문초소식5,73,219,山人이 有二鶴하니 甚馴而善飛라,"산인(山人)에게는 두 마리의 학(鶴)이 있었는데, 잘 길들여지고 날기를 잘하였다.",라,False,라(대조군),Level1
시경집전(상),2322,5387,賦也라,부(賦)이다.,라,False,라(대조군),Level1
주역전의(하),781,2335,往无咎는 上이 巽也일새라,“가서 허물이 없음은 상(上)이 공손하기 때문이다.”,라,False,라(대조군),Level1
당송팔대가문초소식5,234,895,天祚忠孝하야 世有爵邑하니 允文允武하야 子孫千億이라,"하늘이 충효(忠孝)한 분 도와서 대대로 관작(官爵)과 읍(邑)을 소유하게 하니, 진실로 문무(文武) 겸전하여 자손들이 천억이나 되었네.",라,True,라(대조군),Level1
당송팔대가문초증공1,466,2632,此亦是先生獨出一體니 在韓歐未有라,“이 또한 선생만의 독특한 한 문체로써 한유(韓愈)나 구양수(歐陽脩)에게는 없다.,라,False,라(대조군),Level1
논어집주,1370,4422,其義未詳이라,이 글의 뜻은 자세하지 않다.,라,False,라(대조군),Level1
주역전의(하),2163,5999,近取諸身에 如此라,가까이 자기 몸에 취함에 이와 같은 것이다.,라,False,라(대조군),Level1
당송팔대가문초구양수3,219,814,故山輝而白虹하며 水變而五色者는 至寶之所在也라,그러므로 산이 빛나 흰 무지개가 뜨며 물이 변하여 오색이 비치는 곳은 진귀한 보물이 보관된 곳이다.,라,True,라(대조군),Level1
맹자집주,201,792,無底曰橐이요 有底曰囊이니 皆所以盛餱糧也라,"밑이 없는 것을 탁(橐)이라 하고, 밑이 있는 것을 낭(囊)이라 하니, 두 가지는 모두 후량(餱糧)을 담는 것이다.",라,False,라(대조군),Level1
자치통감강목15,1603,2274,是爲南涼이라,이를 남량(南涼)이라 한다.,라,False,라(대조군),Level1
자치통감강목6,1340,2915,陿小漢家制度하여 欲更爲疏闊하여 乃自謂黃帝虞舜之後로 至齊王建孫濟北王安하여 失國하니 齊人이 謂之王家라하여 因以爲氏라,"한(漢)나라의 제도를 협소하게 여겨 바꾸어 크게 넓히고자 해서 마침내 스스로 황제(黃帝)와 우순(虞舜)의 후손으로 제왕(齊王) 전건(田建)의 손자인 제북왕(濟北王) 전안(田安)에 이르러 나라를 잃었는데, 제(齊)나라 사람들이 왕가(王家)라 하여 인하여 왕씨(王氏)로 삼았다고 말하였다.",라,False,라(대조군),Level1
당송팔대가문초구양수6,262,1896,子溫叟라,아들은 온수(溫叟)이다.,라,False,라(대조군),Level1
당송팔대가문초유종원1,170,1163,今視石文하니 署其年曰永嘉라하되 其書則今田野人所作也라,"지금 석각(石刻)의 글씨를 살펴보니, 그 연도는 영가(永嘉)로 표기되어 있으나 서체(書體)는 지금 촌부(村夫)들이 쓴 것이었네.",라,False,라(대조군),Level1
주역전의(하),1306,3985,豊之時而遇上六은 日中而見沬者也라,풍(豊)의 때에 상육(上六)을 만남은 대낮에 작은 별을 보는 것과 같은 것이다.,라,True,라(대조군),Level1
당송팔대가문초구양수1,415,2138,且闊厚三尺而長六尺이 已是一倍之功이니 在於人力에 已爲勞苦라,"이제 너비와 두께가 3척이고 길이가 6척인 것이 이미 배의 공력이 드는 것이니, 사람의 힘에 있어 이것도 너무 수고롭습니다.",라,False,라(대조군),Level1
주역전의(하),1917,5566,"此章은 言天地大衍之數,揲蓍求卦之法이라",이 장(章)은 천지(天地) 대연(大衍)의 수(數)와 시초(蓍草)를 세어 괘(卦)를 구하는 법을 말한 것이다.,라,False,라(대조군),Level1
예기집설대전2,1063,1527,菆은 叢也니 菆塗는 謂用木䕺棺而四面塗之也라,"추(菆)은 한데 모여서 쌓인 것叢이니, 추도(菆塗)는 나무를 관(棺) 주위에 쌓아 사면에 진흙을 바른다는 말이다.",라,False,라(대조군),Level1
시경집전(하),361,788,故로 所謀終亦不成이라,그러므로 꾀하는 바를 끝내 이루지 못하는 것이다.,라,False,라(대조군),Level1
자치통감강목15,658,903,庫仁은 勇而有智하고 衛辰은 狡猾多變하니 皆不可獨任이라,"유고인(劉庫仁)은 용맹하고 지혜가 있고, 유위신(劉衛辰)은 교활하여 변고가 많으니, 두 사람 모두 대(代)나라를 단독으로 맡길 수가 없습니다.",라,False,라(대조군),Level1
당송팔대가문초구양수2,370,1436,今佛之盛이 久矣니 乘其窮極之時하야 可以反而變之不難也라,"지금 불교가 성행한 지가 오래이니, 그 궁하고 지극한 때를 틈타 돌리고 변화시킬 수 있기가 어렵지 않습니다.",라,False,라(대조군),Level1
자치통감강목8,1298,1837,西域都護段禧等이 保龜玆나 道路隔塞하여 檄書不通이라,서역도호(西域都護) 단희(段禧) 등이 구자(龜玆)를 지켰으나 도로가 막혀서 격서(檄書)가 통하지 못하였다.,라,False,라(대조군),Level1
논어집주,1130,3701,曾點以冉求亦欲爲國이로되 而不見哂이라 故로 微問之에 而夫子之答이 無貶詞하시니 蓋亦許之라,"증점(曾點)은 염구(冉求)도 나라를 다스리고자 하였으나, 비웃음을 당하지 않았으므로 은미 하게 물었는데, 부자(夫子)의 대답이 폄(貶)하는 말씀이 없으셨으니, 이 또한 허여 하신 것이다.",라,False,라(대조군),Level1
시경집전(하),1510,3319,賦也라,부(賦)이다.,라,False,라(대조군),Level1
시경집전(하),494,1097,言 此讒人이 居下濕之地하여 雖無拳勇可以爲亂이나 而讒口交鬪하여 專爲亂之階梯라,이 참인(讒人)이 하습(下濕)한 땅에 거주하여 비록 힘과 용맹으로 난(亂)을 만들 수는 없고 참소하는 입으로 서로 다투어서 오로지 난(亂)의 계제(階梯)를 만들 뿐이다.,라,False,라(대조군),Level1
예기집설대전2,620,887,文子初言辱爲之服敢辭者는 辭其服也라,"문자가 처음에 “분에 넘치게 그를 위해 복(服)을 입어 주시니, 감히 사양하겠습니다.”라고 한 것은 자유가 복(服)을 입어줌을 사양한 것이다.",라,False,라(대조군),Level1
주역전의(하),893,2658,九五當困之時하여 上爲陰揜하고 下則乘剛이라 故有此象이라,구오(九五)가 곤(困)의 때를 당하여 위로는 음(陰)에게 가리워지고 아래로는 강(剛)을 탔기 때문에 이러한 상(象)이 있는 것이다.,라,False,라(대조군),Level1
자치통감강목14,804,2452,謝尙이 攻張遇于許昌이러니 秦人이 救之하니 尙等이 敗績이라,"사상(謝尙)이 장우(張遇)를 허창(許昌)에서 공격하였는데, 진(秦)나라(전진(前秦)) 사람이 구원하니, 사상 등이 크게 패하였다.",라,False,라(대조군),Level1
자치통감강목5,54,124,顯이 弑天下之母어늘 而光不發覺하니 則是與聞乎弑矣라,"“현(顯)이 천하의 국모(國母)를 시해하였는데 곽광(霍光)이 고발하지 않았으니, 이는 시해에 함께 참여한 것이다.",라,False,라(대조군),Level1
주역전의(하),1797,5318,坤은 順而靜하니 凡其所能이 皆從乎陽而不自作이라,곤(坤)은 순(順)하고 정(靜)하니 무릇 그 능한 바가 모두 양(陽)을 따르고 스스로 만들지 않는다.,라,False,라(대조군),Level1
당송팔대가문초왕안석1,460,2011,虔於江南에 地最曠하고 大山長谷이 荒翳險阻라,건주(虔州)는 강남(江南)에서 땅이 가장 넓고 큰 산과 긴 골짜기에 수목이 무성하고 험하게 막혀 있는 곳이다.,라,False,라(대조군),Level1
주역전의(하),1168,3546,天下之事에 進必以漸者 莫如女歸라,천하(天下)의 일에 나아가기를 반드시 점진(漸進)으로써 함은 여자가 시집가는 것보다 더함이 없다.,라,True,라(대조군),Level1
자치통감강목9,1015,1483,"逢의 從兄子閎이 少有操行하여 以耕學爲業하니 逢, 隗數饋之호되 無所受라","원봉(袁逢)의 종형(從兄)의 아들 원굉(袁閎)은 젊어서부터 조행(操行)이 있어서 농사지으며 학문하는 것을 업으로 여겼는데, 원봉(袁逢)과 원외(袁隗)가 자주 선물을 주었으나 받지 않았다.",라,True,라(대조군),Level1
서경집전(하),214,782,而周公愛兄之切하고 危國之至하여 忠誠懇懇於祖父之前하여 如下文所云者를 有不得盡焉하니 此其所以自以爲功也라,"주공(周公)이 형(兄)을 사랑함이 간절하고 나라를 위태롭게 여김이 지극하여, 조(祖)·부(父)의 앞에 충성스럽고 간절하여 하문(下文)에 말한 바와 같은 것을 다할 수 없음이 있었으니, 이 때문에 스스로 자신의 일로 삼은 것이다.",라,True,라(대조군),Level1
주역전의(하),1291,3914,折獄者는 必照其情實이니 唯明克允이요 致刑者는 以威於姦惡이니 唯斷乃成이라,"옥사(獄事)를 결단(決斷)하는 자는 반드시 그 실정을 비추어야 하니, 오직 밝아야 믿을 수 있고 형(刑)을 가하는 자는 간악(姦惡)한 자에게 위엄을 보이는 것이니, 오직 결단하여야 이룰 수 있다.",라,False,라(대조군),Level1
중용장구,223,629,本以悠遠致高厚하고 而高厚又悠久也니 此는 言聖人與天地同用이라,"본래는 유원(悠遠)으로써 고명(高明)과 박후(博厚)를 이루고, 고명(高明)하고 박후(博厚)하면 또 유구(悠久)하게 되니, 이는 성인(聖人)이 천지(天地)와 더불어 용(用)이 같음을 말씀한 것이다.",라,False,라(대조군),Level1
시경집전(하),2049,4584,子孫繩繩하여 萬民靡不承하리라,자손(子孫)들이 대대로 이어가서 만민(萬民)이 받들지 않음이 없으리라,라,True,라(대조군),Level1
자치통감강목8,702,1018,上違先帝聖心하고 下造無益之功하여 虛費國用하고 動搖百姓하니 非所以致和氣祈豐年也라,"이렇게 하면 위로는 선제(先帝)의 성심(聖心)을 어기고 아래로는 무익한 일을 만들어서 국가의 재정을 허비하고 백성들을 동요시킬 것이니, 이는 화기(和氣)를 불러오고 풍년을 기원하는 방법이 아닙니다.",라,True,라(대조군),Level1
주역전의(하),36,142,貞吉悔亡은 未感害也요 憧憧往來는 未光大也라,“‘정길회망(貞吉悔亡)’은 사사로운 감동에 해(害)를 당하지 않음이요 ‘동동왕래(憧憧往來)’는 광대(光大)하지 못한 것이다.”,라,True,라(대조군),Level1
당송팔대가문초구양수3,459,1903,自其高祖諱墉이 唐咸通中에 擧進士하고 卒官江西로 始著籍于高安이러니 其後三世不顯이라,"고조부 휘(諱) 용(墉)이 당(唐) 함통(咸通) 연간에 진사(進士)가 되고 마침내 강서(江西)에서 관직을 마침으로부터 비로소 고안(高安)을 관향(貫鄕)으로 삼았는데, 그 후 3세 동안 현달하지 못하였다.",라,False,라(대조군),Level1
자치통감강목3,26,58,楚地悉定호대 獨魯不下라,초(楚)나라 땅이 모두 평정되었으나 노(魯)나라 지역만은 항복하지 않았다.,라,False,라(대조군),Level1
서경집전(상),25,173,帝曰 疇咨若予采오 驩兜曰 都라,"제요(帝堯)가 말씀하기를 “누가 나의 일을 순히 할 수 있는가?” 하니, 환도(驩兜)가 말하기를 “아! 훌륭합니다.",라,True,라(대조군),Level1
당송팔대가문초유종원2,331,2152,而柳子銘之하니 過矣라,"그런데도 불구하고 유자후(柳子厚)가 묘지명(墓誌銘)을 썼으니, 잘못이다.",라,False,라(대조군),Level1
시경집전(하),1806,4068,舊說에 召康公이 以成王將涖政하니 當戒以民事라 故로 詠公劉之事以告之라,"구설(舊說)에 “소강공(召康公)은 성왕(成王)이 장차 정사에 임하려 하니, 마땅히 농사로써 경계해야 함으로 공류(公劉)의 일을 읊어 고(告)하였다.” 한다.",라,False,라(대조군),Level1
당송팔대가문초왕안석1,435,1924,閩人石仲卿이 來請字어늘 予以子正字之하니 附其名之義而爲之爾라,"민(閩) 땅 사람인 석중경(石仲卿)이 내게 찾아와 자(字)를 지어주기를 청(請)하기에 내가 ‘자정(子正)’으로 자(字)를 지어 주었으니, 그 명(名)의 뜻에 부합(附合)하게 지어 준 것일 뿐이다.",라,False,라(대조군),Level1
당송팔대가문초유종원1,86,693,時時讀書하여 不忘聖人之道하고 己不能用이라도 有我信者면 則以告之하리라,"그리고 수시로 책을 읽어 성인(聖人)의 도를 잊지 않고, 나 자신은 세상에 쓰이지 못하더라도 나를 믿어주는 자가 있으면 내 의견을 말해줄 생각이네.",라,False,라(대조군),Level1
당송팔대가문초증공1,101,630,其餘爲卿大夫하여 各任其事는 則馬周溫彦博杜正倫張行成李綱虞世南褚遂良之徒로 不可勝數라,그 나머지 경대부(卿大夫)가 되어 저마다 그 직무를 맡은 인물로는 마주(馬周)․온언박(溫彦博)․두정륜(杜正倫)․장행성(張行成)․이강(李綱)․우세남(虞世南)․저수량(褚遂良) 등 이루 헤아릴 수 없을 정도로 많습니다.,라,False,라(대조군),Level1
당송팔대가문초소식5,79,249,執筆熟視하야 乃見其所欲畫者하면 急起從之하야 振筆直遂하야 以追其所見호되 如兎起鶻落이니 少縱則逝矣라,"붓을 잡고 익숙히 보다가 마침내 그리고자 하는 대나무를 보면(구상하면) 급히 일어나 뒤따라 그려서, 붓을 휘둘러 곧바로 구상한 바를 따라 그리되, 마치 토끼가 놀라 일어나고 새매가 토끼를 잡기 위해 내려앉듯이 해야 하니, 조금이라도 느슨히 하면 제대로 그려지지 않는 것이다.",라,True,라(대조군),Level1
자치통감강목5,1497,3382,丞相王商이 多質有威重하고 容貌絶人이라,"승상(丞相) 왕상(王商)은 매우 질박하여 위엄과 중후함이 있으며, 용모가 보통 사람보다 빼어났다.",라,True,라(대조군),Level1
맹자집주,1530,5134,文繡는 衣之美者也라,문수(文繡)는 옷의 아름다운 것이다.,라,True,라(대조군),Level1
당송팔대가문초소식3,230,873,事有以拂乎吾心이면 則吾言이 忿然而不平하고 有以順適乎吾意면 則吾言이 優柔而不怒하나니 天下之人의 其喜怒哀樂之情을 可以一言而知也라,"일이 내 마음에 거슬리면 내 말이 노여워져서 불평해하는 기색이 드러나고, 일이 내 마음에 순하고 맞으면 내 말이 부드럽고 조용하여 노기를 띠지 않으니, 천하 사람들의 기뻐하고 노여워하고 슬퍼하고 기뻐하는 정(情)을 한마디 말로써 알 수 있는 것이다.",라,False,라(대조군),Level1
당송팔대가문초소순1,322,2026,吾未見機之可去也라,나는 기밀(機密)을 버린 것을 아직 보지 못하였다.,라,False,라(대조군),Level1
자치통감강목11,42,142,若吾入河東이면 賊必引守諸津하리니 則西河未可渡라,"“만약 내가 하동(河東)으로 들어갔으면 적이 반드시 군대를 이끌고 와서 여러 나루터를 지켰을 것이니, 이렇게 되면 우리가 서하(西河)를 건너갈 수가 없다.",라,False,라(대조군),Level1
맹자집주,923,3230,盍은 何不也라,합(盍)은 어찌 아니이다.,라,False,라(대조군),Level1
서경집전(상),654,3334,爾民은 當一心以聽上이요 無起穢惡以自臭敗하라,너희 백성들은 마땅히 한 마음으로 윗사람을 따를 것이요 더러움과 악(惡)함을 일으켜 스스로 냄새나고 부패하지 말도록 하라.,라,False,라(대조군),Level1
자치통감강목1,607,1699,十九年이라,주(周)나라 난왕(赧王) 19년이다.,라,False,라(대조군),Level1
주역전의(상),1206,3646,故爲和豫之義라,그러므로 화예(和豫)의 뜻이 된 것이다.,라,False,라(대조군),Level1
당송팔대가문초소식2,263,1091,以爲西漢之衰엔 其大臣이 守尋常而不務大略하고 東漢之末엔 士大夫多奇節而不循正道라,"생각하건대 서한(西漢)(전한(前漢))이 쇠퇴할 때에는 대신들이 평상시 늘 하던 일만을 지키고 대체(大體)를 힘쓰지 않았으며, 동한(東漢)(후한(後漢))의 말기에는 사대부들이 기이한 절개를 훌륭하게 여기고 정도(正道)를 따르지 않았습니다.",라,False,라(대조군),Level1
시경집전(상),603,1385,賦也라,부(賦)이다.,라,False,라(대조군),Level1
당송팔대가문초구양수2,172,655,蓋見其弊면 必見其所以弊之因이니 若賈生論秦之失에 而推古養太子之禮면 此可謂知其本矣라,"대개 그 폐단을 보았으면 반드시 폐단이 생긴 원인을 아는 법이니, 만약 가생(賈生)이 진(秦)나라의 실정(失政)을 논하면서 옛날에 태자(太子)를 양육하던 예(禮)를 미루어 말했다면 이는 그 근본을 알았다고 할 만할 것입니다.",라,False,라(대조군),Level1
논어집주,532,1961,庸은 平常也라,용(庸)은 평상(平常)이다.,라,False,라(대조군),Level1
주역전의(하),366,1065,男女異質은 睽也나 而相求之志則通也요 生物萬殊는 睽也나 然而得天地之和하고 禀陰陽之氣則相類也라,"남녀(男女)가 성질(性質)이 다름은 규(睽)이나 서로 구하는 뜻은 통하며, 생물(生物)이 만 가지로 다름은 규(睽)이나 천지(天地)의 화(和)를 얻고 음양(陰陽)의 기(氣)를 받은 것은 서로 같다.",라,False,라(대조군),Level1
시경집전(상),1993,4531,賦也라,부(賦)이다.,라,False,라(대조군),Level1
당송팔대가문초유종원2,349,2291,直道是陳이라,"바른 도를 황제께 바쳐 올리자,",라,False,라(대조군),Level1
맹자집주,923,3231,西伯은 卽文王也니 紂命爲西方諸侯之長하여 得專征伐이라 故로 稱西伯이라,"서백(西伯)은 바로 문왕(文王)이니, 주왕(紂王)이 ˂문왕(文王)을˃ 명령하여 서방(西方)에 있는 제후(諸侯)의 우두머리로 삼아 정벌(征伐)을 마음대로 할 수 있게 하였기 때문에 서백(西伯)이라 칭한 것이다.",라,False,라(대조군),Level1
서경집전(상),448,2524,言日月會次 不相和輯하여 而掩蝕於房宿也라,"일(日)·월(月)이 모이는 위차(位次)가 서로 화집(和輯)하지 못하여, 방수(房宿)에 가리워 먹힘을 말한 것이다.",라,False,라(대조군),Level1
주역전의(상),50,274,旣濟未濟라,기제(旣濟)와 미제(未濟)가 된다.,라,False,라(대조군),Level1
시경집전(하),770,1656,磬은 樂器이니 以石爲之라,"경(磬) 또한 악기이니, 돌로 만든다.",라,False,라(대조군),Level1
주역전의(상),681,2169,義旣不敵이라 故不能訟하고 歸而逋竄하여 避去其所也라,의리상 이미 대적할 수 없으므로 쟁송하지 못하고 돌아가 숨어서 그 자리를 피하여 떠나가는 것이다.,라,False,라(대조군),Level1
춘추좌씨전7,484,1573,畏大國也라,대국(大國)을 두려하기 때문입니다.,라,False,라(대조군),Level1
당송팔대가문초구양수4,477,2103,及其零落하얀 秖益悲傷하니 惟可喜者는 令名不忘이라,영락(零落)함에 이르면 단지 더욱 슬플 뿐이니 오직 기뻐할 만한 것은 아름다운 명성이 잊혀지지 않는 것입니다.,라,False,라(대조군),Level1
주역전의(상),1865,5557,九五는 陽過之極이어늘 又比過極之陰이라,구오(九五)는 양(陽)이 과(過)함이 지극한데 또 과극(過極)한 음(陰)을 가까이 하였다.,라,False,라(대조군),Level1
춘추좌씨전6,246,1063,聞免父之命이면 不可以莫之奔也오 親戚爲戮이면 不可以莫之報也라,"아버지를 사면(赦免)하겠다는 명(命)을 들었으면 달려가지 않을 수 없고, 친척(親戚)(부모(父母)를 이름)이 죽음을 당하였으면 원수(怨讐)를 갚지 않을 수 없다.",라,False,라(대조군),Level1
자치통감강목4,1785,4082,式이 對曰 臣以詩三百五篇으로 朝夕授王할새 至於忠臣孝子之篇하여는 未嘗不爲王反復誦之也하고 至於危亡失道之君하여는 未嘗不流涕爲王深陳之也호니 臣以三百五篇諫이라,"왕식이 대답하기를 “신(臣)이 ≪시경(詩經)≫ 305편을 가지고 아침저녁으로 왕(王)을 가르칠 적에, 충신과 효자를 읊은 시편(詩篇)에 이르러서는 일찍이 왕을 위해 반복하여 읊지 않은 적이 없었고, 나라를 위태롭게 하고 망하게 하는 도(道)를 잃은 군주의 시편에 이르러서는 일찍이 눈물을 흘리며 왕(王)을 위해 깊이 말씀드리지 않은 적이 없었으니, 신(臣)은 ≪시경(詩經)≫ 305편을 가지고 간하였다.",라,True,라(대조군),Level1
서경집전(상),216,1489,繇는 茂라,요(繇)는 무성함이다.,라,False,라(대조군),Level1
자치통감강목2,1017,2682,王이 默然良久曰 不如也로라,왕이 묵묵히 한참을 있다가 “그만 못하오.”라고 하였다.,라,True,라(대조군),Level1
시경집전(상),257,637,興也라,흥(興)이다.,라,True,라(대조군),Level1
당송팔대가문초왕안석2,478,2546,然讀余之所載면 則亦槪足以知公矣리라,"그러나 내가 기재해놓은 것만 읽어보아도, 또한 대체로 공(公)을 이해하기에는 충분할 것이다.",라,False,라(대조군),Level1
논어집주,1521,4885,不得於天而不怨天하고 不合於人而不尤人이요 但知下學而自然上達하니 此但自言其反己自修하여 循序漸進耳요 無以甚異於人而致其知也라,"하늘에게 ˂좋은 시운을˃ 얻지 못하여도 하늘을 원망하지 않으며, 사람에게 합하지 못하여도 사람을 탓하지 않고, 다만 아래로 인간의 일을 배우며, 자연히 위로 천리(天理)를 통달하는 것만 안다는 것이니, 이는 다만 자기 몸에 반성하고 자신을 닦아서 차례를 따라 점점 나아갈 뿐이요, 남보다 심히 다르게 하여 그 알아줌을 이루게 함이 없음을 말씀한 것이다.",라,False,라(대조군),Level1
춘추좌씨전2,631,2012,及菫陰하야 宣子曰 我若受秦이면 秦則賓也어니와 不受면 寇也라,근음(堇陰)에 이르러 선자(宣子)가 말하기를 “우리가 진(秦)나라가 호송(護送)해 오는 공자(公子) 옹(雍)을 받아들인다면 진군(秦軍)은 우리의 손님이지만 받아들이지 않는다면 진군(秦軍)은 우리의 구적(寇賊)이다.,라,False,라(대조군),Level1
당송팔대가문초유종원2,278,1671,驅韓魏以爲群鮫하여 以逐趙之肥魚하고 而不見其害라,그래서 한씨(韓氏)‧위씨(魏氏)를 몰아 상어 떼로 삼아서 조씨(趙氏)의 살진 고기를 쫓아가고 그 속에 잠재한 해로운 점은 보지 못했습니다.,라,False,라(대조군),Level1
당송팔대가문초유종원1,304,1846,點次陸水利害處如掌이라,육로(陸路)와 수로(水路) 어느 쪽이 이롭고 해로운가에 대해 살펴 서술한 것이 손바닥을 보는 것처럼 명료하다.,라,False,라(대조군),Level1
대학장구,113,301,然而國之所以事君事長使衆之道가 不外乎此하니 此所以家齊於上而敎成於下也라,"그러나 국가의 군주를 섬기고 장관(長官)을 섬기고 백성을 부리는 바의 도(道)가 여기에서 벗어나지 않으니, 이는 집안이 위에서 가지런해짐에 가르침이 아래에서 이루어지는 것이다.",라,False,라(대조군),Level1
춘추좌씨전2,219,677,震夷伯之廟하니 罪之也라,이백(夷伯)의 사당(祠堂)에 벼락이 쳤으니 이는 죄(罪)를 내린 것이다.,라,False,라(대조군),Level1
자치통감강목12,172,623,循欲刺帝로되 不得近이라,곽순은 황제(후주(後主))를 찔러 죽이려 하였으나 접근할 수가 없었다.,라,False,라(대조군),Level1
당송팔대가문초유종원1,340,2038,戴氏以泉池爲宅居하고 以雲物爲朋徒하여 攄幽發粹하여 日與之娛면 則行宜益高하고 文宜益峻하며 道宜益懋하리니 交相贊者也라,"대씨(戴氏)가 못을 거처로 삼고 구름을 벗으로 삼아 그윽한 멋과 순수한 품성을 펼쳐 날마다 이것들과 더불어 즐긴다면 품행은 더욱 고상해지고 문장은 더욱 뛰어나며 도덕은 더욱 성대해질 것이니, 이는 상호간에 도움을 주기 때문이다.",라,True,라(대조군),Level1
주역전의(상),1082,3288,二者는 衆陽所同欲也로되 獨三四有爭奪之義者는 二爻居二五之間也일새라,"육이(六二)는 모든 양(陽)이 함께 하고자 하는 바이나, 오직 삼(三)과 사(四)만이 쟁탈의 뜻이 있는 것은 이 두 효(爻)가 이(二)와 오(五)의 사이에 있기 때문이다.",라,False,라(대조군),Level1
예기집설대전2,496,718,夏后氏는 殯於東階之上하니 則猶在阼也요 殷人은 殯於兩楹之間하니 則與賓主로 夾之也요 周人은 殯於西階之上하니 則猶賓之也라,"하후씨(夏后氏)는 동쪽 섬돌 위에 빈소를 차렸으니, 이는 〈죽은 자가〉 아직은 주인의 자리인 동쪽 섬돌에 있음을 표시한 것이고, 은(殷)나라 사람은 두 기둥 사이에 빈소를 차렸으니, 이는 〈죽은 자가〉 손님의 자리와 주인의 자리 중간에 끼어 있음을 표시한 것이며, 주(周)나라 사람은 서쪽 섬돌 위에 빈소를 차렸으니, 이는 아직은 〈죽은 사람을〉 손님으로 여긴 것이다.",라,False,라(대조군),Level1
춘추좌씨전7,171,673,越入吳하니 吳在楚也라,"월군(越軍)이 오(吳)나라로 쳐들어갔으니, 이는 오군(吳軍)이 초(楚)나라에 들어가 있는 기회를 이용한 것이다.",라,False,라(대조군),Level1
춘추좌씨전7,356,1181,仲尼曰 賜不幸言而中하니 是使賜多言者也라,"중니(仲尼)가 말하기를 “사(賜)(자공(子貢))는 불행(不幸)하게도 말이 맞았으니, 이것이 사(賜)로 하여금 말이 많은 사람이 되게 할 것이다.”고 하였다.",라,False,라(대조군),Level1
춘추좌씨전6,174,729,王雖弗遂나 宴樂以早하니 亦非禮也라,주왕(周王)이 비록 수복(遂服)은 하지 않는다 하더라도 연회(宴會)를 열어 즐긴 것은 너무 일렀으니 이 또한 예(禮)가 아니다.,라,False,라(대조군),Level1
자치통감강목10,1105,1737,公이 以十分居一之衆으로 畫地而守之하여 搤其喉而不得進이 已半年矣라,공(公)이 원소군(袁紹軍)의 십분의 일 밖에 안 되는 병력으로 땅을 구획하여 지켜서 그 인후(咽喉)(요지(要地))를 죄어 나아갈 수 없게 한 지가 이미 반년입니다.,라,False,라(대조군),Level1
당송팔대가문초증공1,86,547,其君臣上下 相與之際如此하니 可謂至矣라,"그 당시에는 군주와 신하 위아래가 서로 돕고 어울리기를 이와 같이 하였으니, 성대하다고 말할 수 있겠습니다.",라,True,라(대조군),Level1
맹자집주,1319,4504,"交以道는 如餽贐,聞戒,周其飢餓之類요 接以禮는 謂辭命恭敬之節이라","도(道)로써 사귄다는 것은 노자를 주고, 경계한다는 말을 듣고 비용을 주며, 기아(飢餓)를 구휼해 주는 유(類)와 같은 것이요, 예(禮)로써 접한다는 것은 사명(辭命)이 공경(恭敬)한 예절을 이른다.",라,False,라(대조군),Level1
춘추좌씨전7,512,1673,冬十月이라,겨울 10월이다.,라,False,라(대조군),Level1
주역전의(상),324,1216,雖不在上位나 然天下已被其化라,비록 윗자리에 있지 않으나 천하가 이미 그 교화를 입는다.,라,True,라(대조군),Level1
주역전의(하),539,1629,二所謂利貞은 謂以中爲志也니 志存乎中則自正矣라,"이(二)의 이른바 ‘이정(利貞)’은 중(中)으로 뜻을 삼음을 이르니, 뜻이 중(中)에 있으면 저절로 바루어진다.",라,False,라(대조군),Level1
당송팔대가문초왕안석2,525,2766,山朝于躋인댄 其下惟谷이라,"산에 향을 올리려 오르려면, 낮은 골짜기에서부터 시작해야지.",라,False,라(대조군),Level1
당송팔대가문초구양수3,416,1673,議者以爲小故可許하고 雖天子亦將許之어늘 公爭以謂契丹所以與中國好者는 守先帝約也니 一切宜用故事라,"그러자 논의하는 자들이 사소한 일이므로 허락해도 된다고 말하고 천자조차도 허락하려고 하였는데, 공이 쟁집(爭執)하여 “거란이 중국과 사이좋게 지내는 까닭은 선제(先帝)와의 약속을 지켜서이니 모든 일을 고사(故事)대로 해야 합니다.",라,False,라(대조군),Level1
당송팔대가문초소식3,83,308,嗚呼라,슬프다!,라,True,라(대조군),Level1
서경집전(상),696,3449,此則直戒其所不可爲하고 勉其所當爲也라,"이는 곧바로 하지 말아야 할 것을 경계하고, 마땅히 해야 할 것을 권면한 것이다.",라,False,라(대조군),Level1
당송팔대가문초구양수1,16,99,故竊自謂有可以助萬一而塵聽覽者하야 謹條以聞하노니 惟陛下仁聖은 寬其狂妄之誅면 幸甚이라,"그래서 신의 계책이 만분의 일이라도 도움이 될 수 있다고 여겨 감히 성상의 이목을 더럽히며 삼가 조목조목 열거해 아뢰오니, 어질고 성스러우신 폐하께서는 광망(狂妄)한 죄를 너그러이 용서해주시면 매우 다행이겠습니다.",라,False,라(대조군),Level1
주역전의(상),986,3036,上은 泰之終이어늘 六以小人處之하니 行將否矣라,"상(上)은 태(泰)의 종(終)인데, 육(六)이 소인(小人)으로 여기에 처했으니, 장차 비색(否塞)해질 것이다.",라,False,라(대조군),Level1
당송팔대가문초소순1,312,1982,且彼未嘗見大險也니 彼以爲劒門者可以不亡也라,"게다가 그는 일찍이 이처럼 큰 험지를 본 적이 없었으니, 그는 검문(劒門)이란 곳을 의지하면 망하지 않을 수 있다고 생각한 것이다.",라,False,라(대조군),Level1
자치통감강목8,633,931,四年이라,한(漢)나라 숙종(肅宗) 효장황제(孝章皇帝) 건초(建初) 4년이다.,라,False,라(대조군),Level1
주역전의(하),1224,3722,婦人謂嫁曰歸요 妹는 少女也라,부인(婦人)이 시집감을 귀(歸)라 하고 매(妹)는 소녀(少女)이다.,라,False,라(대조군),Level1
주역전의(하),1217,3688,故其占爲如是則吉也라,그러므로 그 점(占)이 이와 같이 하면 길(吉)한 것이다.,라,False,라(대조군),Level1
시경집전(하),1444,3152,伉은 高貌라,항(伉)은 높은 모양이다.,라,False,라(대조군),Level1
주역전의(하),34,133,君子潛心精微之義하여 入於神妙는 所以致其用也니 潛心精微는 積也요 致用은 施也니 積與施는 乃屈信也라,"군자(君子)가 정미(精微)한 의(義)에 마음을 잠겨 신묘한 경지에 들어감은 그 씀을 지극히 하기 위한 것이니, 마음을 정미(精微)한 데에 잠김은 쌓음이요 씀을 지극히 함은 베풂이니, 쌓음과 베풂이 바로 굴신(屈伸)이다.",라,False,라(대조군),Level1
당송팔대가문초왕안석2,5,19,如其不能立法하고 而欲人人悅之면 則日亦不足矣리라,"만약 좋은 법을 세워놓지 못하고서, 사람마다 그를 좋아하게 하려 한다면, 아무리 노력해도 시간이 부족하게 될 것이다.",라,False,라(대조군),Level1
당송팔대가문초구양수3,482,2049,自邊制久墮로 至兵與將常不相識이러니 公始分延州兵하야 爲六將하야 訓練齊整하니 諸路皆用以爲法이라,"변방의 군제(軍制)가 오랫동안 무너진 뒤로 병졸과 장수가 늘 서로 알지 못하는 지경에 이르렀는데, 공이 비로소 연주(延州)의 병사를 나누어 육장(六將)으로 만들어 훈련하고 정비하니 제로(諸路)가 모두 공을 따라서 본보기로 삼았다.",라,True,라(대조군),Level1
서경집전(하),979,3652,若蹈虎尾는 畏其噬요 若涉春冰은 畏其陷이라,"범의 꼬리를 밟는 듯하다는 것은 물릴까 두려워하는 것이요, 봄에 살얼음을 건너는 듯하다는 것은 빠질까 두려워하는 것이다.",라,False,라(대조군),Level1
서경집전(하),477,1882,此下는 成王이 答周公及留公也니 大抵與上章參錯相應이라,"이 이하는 성왕(成王)이 주공(周公)에게 답하고 공(公)을 만류한 것이니, 대저 상장(上章)과 참착(參錯)하여 서로 응한다.",라,True,라(대조군),Level1
주역전의(상),1293,3902,三雖與初同體나 而切近於四라 故係於四也라,육삼(六三)은 비록 초구(初九)와 동체(同體)이나 사(四)와 매우 가깝기 때문에 사(四)에 얽매인 것이다.,라,False,라(대조군),Level1
논어집주,271,995,有所存이라야 斯不亡이요 有所理라야 斯不亂하여 未能無意也라,"그리하여 보존(保存)하는 바가 있어야 없어지지 않고, 다스리는 바가 있어야 혼란해지지 않아, 의식(意識)이 없지 못하다.",라,True,라(대조군),Level1
당송팔대가문초유종원1,301,1833,幢牙茸纛과 金節析羽와 旆旗旟旞 咸飾于下하고 鼓以鼖晉하고 金以鐸鐃라,당아(幢牙)‧용독(茸纛)‧ 금절(金節)‧석우(析羽)‧ 패기(旆旗)‧여수(旟旞) 등 의장대의 깃발이 모두 건물 아래를 장식한 가운데 큰 북과 작은 북을 두드리고 쇠방울과 징을 울려댔다.,라,True,라(대조군),Level1
논어집주,1914,5930,魯三卿에 季氏最貴하고 孟氏爲下卿이라,노(魯)나라 삼경(三卿) 중에 계씨(季氏)가 가장 귀(貴)하였고 맹씨(孟氏)가 하경(下卿)이 되었다.,라,False,라(대조군),Level1
당송팔대가문초증공1,101,627,降而至於唐하여는 唐之相曰房杜라,후대로 내려와 당(唐)나라 때에 이르러서는 당(唐)나라 재상 방현령(房玄齡)과 두여회(杜如晦)가 있었습니다.,라,True,라(대조군),Level1
자치통감강목10,518,766,策이 遂迎其母하여 詣曲阿하여 依舅氏하고 召募得數百人이러니 爲涇縣大帥祖郞所襲하여 幾至危殆라,"손책(孫策)이 마침내 그 모친을 맞이하여 곡아(曲阿)에 이르러서 외숙(오경(吳景))에게 의지하고 군대를 불러 모아 수백 명을 얻었는데, 경현(涇縣)의 대수(大帥) 조랑(祖郞)에게 습격을 받아 거의 위태로운 지경에 이르렀다.",라,True,라(대조군),Level1
맹자집주,1760,5673,吾語子遊하리라,내 그대에게 유세(遊說)하는 것을 말해 주겠다.”,라,False,라(대조군),Level1
당송팔대가문초소순1,390,2465,同間有澮하고 其地萬井而方百里라,"동(同) 가운데에는 회(澮)라는 배수구가 있고, 그 땅은 정(井)이 10,000개이며 사방 100리(里)이다.",라,False,라(대조군),Level1
시경집전(상),808,1880,善懷는 多憂思也니 猶漢書云 岸善崩也라,"선회(善懷)는 근심하는 생각이 많은 것이니, ≪한서(漢書)≫에 “강안(江岸)이 무너지기를 잘한다.〔岸善崩〕”는 것과 같다.",라,False,라(대조군),Level1
논어집주,399,1403,敏而好學하며 不恥下問이라,“명민(明敏)하면서도 배우기를 좋아하였으며 아랫사람에게 묻기를 부끄럽게 여기지 않았다.,라,True,라(대조군),Level1
예기집설대전2,1938,2752,聚國族은 燕集國賓聚會宗族也라,취국족(聚國族)은 연회에 국빈(國賓)을 모으고 종족(宗族)을 회합하는 것이다.,라,False,라(대조군),Level1
주역전의(하),1250,3802,守其幽貞하니 未失夫婦常正之道也라,"유정(幽貞)함을 지키니, 부부(夫婦)의 떳떳하고 바른 도(道)를 잃지 않는 것이다.",라,True,라(대조군),Level1
자치통감강목10,938,1451,然無他方規하고 自守而已라,그러나 별다른 방법과 법도는 없고 스스로 지킬 뿐입니다.,라,False,라(대조군),Level1
시경집전(상),1879,4294,今而忽之하니 是는 忘道也라,"그런데 이제 우리를 소홀히 하니, 이는 도(道)를 잊은 것이다.",라,False,라(대조군),Level1
서경집전(상),483,2685,諸侯之賢德者를 佑之輔之하고 忠良者를 顯之遂之는 所以善善也라,"제후(諸侯) 중에 어질고 덕(德)이 있는 자를 돕고 보조하며, 충량(忠良)한 자를 드러내고 이루어줌은 선(善)한 자를 좋게 여기는 것이다.",라,True,라(대조군),Level1
시경집전(하),17,42,永은 久也라,영(永)은 오램이다.,라,False,라(대조군),Level1
자치통감강목17,168,574,華與劉湛王曇首殷景仁俱爲侍中하니 風力局幹이 冠冕一時라,"왕화(王華)는 유담(劉湛)․왕담수(王曇首)․은경인(殷景仁)과 함께 모두 시중(侍中)이 되었는데, 풍채와 능력, 도량과 재간이 한 시대의 으뜸이었다.",라,True,라(대조군),Level1
논어집주,1928,5978,滔滔는 流而不反之意라,도도(滔滔)는 흘러가 돌아오지 않는다는 뜻이다.,라,False,라(대조군),Level1
주역전의(하),1764,5230,三以陰柔不中正之才而居險하여 不足以濟하니 未有可濟之道出險之用而征은 所以凶也라,"삼(三)은 음유(陰柔)이고 중정(中正)하지 못한 재질로 험함에 거하여 구제할 수 없으니, 구제할 수 있는 방도와 험함을 벗어날 수 있는 용(用)이 없으면서 감은 흉한 소이(所以)이다.",라,False,라(대조군),Level1
당송팔대가문초구양수1,440,2251,或云 就委轉運使라하니 此則但虛爲行遣爾라,"혹자는 “위무하는 일까지 전운사(轉運使)에게 다 위임했다.”하니, 이는 헛된 조처일 뿐입니다.",라,False,라(대조군),Level1
서경집전(하),860,3232,然此猶有堅制力蓄之意요 若洪裕寬綽하여 恢恢乎有餘地者는 斯乃德之大也라,"그러나 이것은 오히려 억지로 제재하고 힘써 저지하는 뜻이 있으며, 홍유(洪裕)하고 관작(寬綽)하여 회회(恢恢)하게 여지(餘地)가 있는 것으로 말하면 이는 바로 덕의 큼이다.",라,True,라(대조군),Level1
당송팔대가문초유종원1,115,850,今往僕所著賦頌碑碣文記議論書序之文凡四十八篇을 合爲一通하니 想令治書蒼頭로 吟諷之也하라,"이제 제가 저술한 부(賦)‧송(頌)‧비(碑)‧갈(碣)‧문(文)‧기(記)‧의(議)‧논(論)‧서(書)‧서(序) 등의 문장 48편을 하나로 묶어 보내니, 문서를 관리하는 하인에게 한번 읽어보게 하십시오.",라,False,라(대조군),Level1
당송팔대가문초구양수6,242,1656,而趙思綰先以京兆反하야 遣人以赭(자)黃衣遺守貞하니 守貞大喜하야 以爲天人皆應이라하고 乃發兵하야 西據潼關하야 招誘草寇하니 所在竊發이라,조사관(趙思綰)이 이보다 먼저 경조(京兆)를 가지고 반란을 일으키고서 사람을 보내 자황의(赭黃衣)를 이수정에게 보내니 이수정이 크게 기뻐하며 하늘과 사람이 모두 감응한다고 여기고 마침내 출병하여 서쪽으로 동관(潼關)을 점거하고서 산림(山林)의 도적들을 꾀어내 도처에서 몰래 난을 일으키게 했다.,라,True,라(대조군),Level1
주역전의(하),1772,5260,鬼方之伐은 貞之至也라,귀방(鬼方)을 정벌함은 정고(貞固)함이 지극한 것이다.,라,False,라(대조군),Level1
자치통감강목12,56,153,及允代禕에 始欲斅之호되 旬日之中에 已多愆滯라,동윤(董允)이 비위의 후임이 되어서는 처음에 그를 본받으려고 하였으나 열흘 사이에 이미 어긋나고 지체된 것이 많았다.,라,False,라(대조군),Level1
서경집전(하),13,63,受는 紂名也라,수(受)는 주왕(紂王)의 이름이다.,라,False,라(대조군),Level1
당송팔대가문초구양수2,505,2005,宋興因之하니 此中國之大略也라,"송(宋)이 일어나자 이를 그대로 이어받았으니, 이것이 중국(中國)의 대략이다.",라,False,라(대조군),Level1
당송팔대가문초소식2,370,1541,此後에 縱復出從人事라도 事已則心返하야 自不能廢矣리라,이후에 비록 다시 세상에 나가서 인사(人事)에 종사하더라도 일이 끝나면 마음이 돌아와서 자연히 그만둘 수 없을 것이오.,라,False,라(대조군),Level1
주역전의(하),132,388,往旣有危면 不若不往而晦藏하여 可免於災니 處微故也라,감에 이미 위험이 있으면 가지 않고 숨어 감추는 것만 못하여 재앙을 면할 수 있으니 미약함에 처했기 때문이다.,라,False,라(대조군),Level1
당송팔대가문초소식5,40,126,余雖不足以知君이나 願從與可하야 求君之昆弟子孫族屬朋友之象하야 而藏於吾室하야 以爲君之別館云이로라,"내 비록 차군(此君)을 충분히 알지는 못하나, 원컨대 문여가(文與可)를 따라 차군(此君)의 형제와 자손과 족속과 벗들의 모습을 구해서(그려내어) 내 방에 보관하여 차군(此君)의 별관으로 삼으려 한다.",라,False,라(대조군),Level1
당송팔대가문초유종원2,277,1653,猶以爲小라,하지만 오히려 이놈도 하찮다고 생각되었습니다.,라,False,라(대조군),Level1
주역전의(하),1789,5305,六十四卦之初는 剛柔兩畫而已니 兩相摩而爲四하고 四相摩而爲八하고 八相盪而爲六十四라,"육십사괘(六十四卦)의 시초(始初)는 강(剛)과 유(柔) 두 획일 뿐이니, 둘이 서로 갈려 사(四)가 되고, 사(四)가 서로 갈려 팔(八)이 되고, 팔(八)이 서로 섞여서 육십사괘(六十四卦)가 되었다.",라,False,라(대조군),Level1
논어집주,1317,4272,愚按 史記에 此蓋爲衛靈公不能用而發이라,"내가 살펴보니, ≪사기(史記)≫에 이 말씀은 위영공(衛靈公)이 등용해주지 못하기 때문에 하신 말씀이라 하였다.",라,False,라(대조군),Level1
춘추좌씨전7,393,1305,齊侯衛侯會于乾侯하니 救范氏也라,"제후(齊侯)와 위후(衛侯)가 건후(乾侯)에서 회합(會合)하였으니, 이는 범씨(范氏)를 구원하기 위함이었다.",라,False,라(대조군),Level1
시경집전(상),1531,3500,或曰 止는 獲也니 言無爲人所獲也라,"혹자는 말하기를 “지(止)는 잡힘이니, 남에게 잡히지 말라고 한 것이다.” 한다.",라,False,라(대조군),Level1
맹자집주,555,1940,繆公이 尊禮子思하여 常使人候伺하여 道達誠意於其側이라야 乃能安而留之也라,"목공(繆公)은 자사(子思)를 존경하고 예우하여 항상 사람으로 하여금 모시고 보살피게 해서, 자기의 성의를 그 곁에 전달하여야 편안히 머물 것으로 여긴 것이다.",라,False,라(대조군),Level1
서경집전(하),1038,3860,嗚呼라,“아!,라,False,라(대조군),Level1
자치통감강목4,195,481,上이 怒하여 下恢廷尉하니 當恢逗橈하여 當斬이라,"상(上)이 노하여 왕회를 정위(廷尉)에게 회부하자, 정위가 “왕회는 출격하는데 주저하고 두려워한 죄목에 해당하니, 요참형(腰斬刑)에 처해야 합니다.” 하였다.",라,False,라(대조군),Level1
춘추좌씨전5,181,875,其輸之면 則君之府實也어니와 非薦陳之하니 不敢輸也라,만약 수송(輸送)한다면 진군(晉君)의 부고(府庫) 안의 재물(財物)이 되겠지만 천진(薦陳)의 예(禮)를 거행(擧行)하지 않았으니 감히 수송(輸送)할 수도 없습니다.,라,False,라(대조군),Level1
당송팔대가문초한유3,13,84,維父子繼忠孝하니 予維寵嘉之하노라,저들 부자(父子)가 서로 이어 충성하고 효도하였으니 나는 저들을 가상히 여긴다.,라,True,라(대조군),Level1
춘추좌씨전3,652,1954,乙酉에 同盟于柯陵하니 尋戚之盟也라,"을유일(乙酉日)에 가릉(柯陵)에서 동맹(同盟)하였으니, 이는 척(戚)에서 맺은 맹약(盟約)을 중수(重修)하기 위함이었다.",라,False,라(대조군),Level1
춘추좌씨전7,495,1616,秋七月이라,가을 7월이다.,라,False,라(대조군),Level1
당송팔대가문초구양수3,586,2696,郭皇后廢하야 居瑤華宮이라가 有疾하니 上頗哀憐之라,곽황후(郭皇后)가 폐위(廢位)되어 요화궁(瑤華宮)에 머물다가 병이 들자 상이 매우 가련하게 여겼다.,라,True,라(대조군),Level1
주역전의(하),1084,3281,故後笑言啞啞也라,그러므로 뒤에 웃고 말함이 즐거운 것이다.,라,True,라(대조군),Level1
서경집전(상),22,156,故로 必以此餘日로 置閏月於其間然後에 四時不差而歲功得成하나니 以此로 信治百官而衆功皆廣也라,"그러므로 반드시 남는 날을 가지고 윤달을 그 사이에 둔 뒤에야 사시(四時)가 어그러지지 않고 세공(歲功)이 이루어지니, 이로써 진실로 백관을 다스려서 모든 공적이 다 넓혀지게 되는 것이다.",라,False,라(대조군),Level1
당송팔대가문초유종원2,393,2760,宜樂且欣이라,즐겁고도 기쁘시리.,라,True,라(대조군),Level1
서경집전(상),762,3640,言德雖造於罔覺이나 而法必監于先王이니 先王成法者는 子孫之所當守者也라,"덕(德)은 비록 자신도 깨닫지 못하는 사이에 나아가나 법(法)은 반드시 선왕(先王)을 보아야 하니, 선왕(先王)이 이루어 놓은 법(法)은 자손들이 마땅히 지켜야 할 바임을 말한 것이다.",라,False,라(대조군),Level1
자치통감강목12,245,1008,欽欲盡出北方人省食하고 與吳人堅守하니 誕不聽이라,"문흠이 북방 출신 군사들을 다 내보내어 양식을 절약하고 오(吳)나라 사람들과 굳게 지키려고 하니, 제갈탄이 따르지 않았다.",라,False,라(대조군),Level1
시경집전(상),626,1434,北風은 寒凉之風也라,북풍(北風)은 찬 바람이다.,라,False,라(대조군),Level1
주역전의(하),226,662,聖人이 恐後之人不達寬裕之義하여 居位者廢職失守以爲裕라,성인(聖人)은 후세(後世) 사람들이 관유(寬裕)의 뜻을 통달하지 못하여 지위에 있는 자가 직책을 폐하고 지킴을 잃는 것을 유(裕)라고 여길까 염려하였다.,라,True,라(대조군),Level1
서경집전(상),266,1669,震澤은 太湖也라 周職方에 揚州藪曰具區라하고 地志에 在吳縣西南五十里라하니 今蘇州吳縣也라,"진택(震澤)은 태호(太湖)이다 ≪주례(周禮)≫˂직방(職方)˃에 “양주(揚州)의 숲을 구구(具區)라 한다.” 하였고, ˂지지(地志)˃에 “오현(吳縣)의 서남쪽 50리 지점에 있다.” 하였으니, 지금의 소주(蘇州) 오현(吳縣)이다.",라,False,라(대조군),Level1
당송팔대가문초왕안석1,35,212,邊疆宿衛는 此乃天下之重任이요 而人主之所當愼重者也라,변방 수호나 궁성의 숙위는 이것이 곧 천하의 중요한 임무이고 군주가 신중하게 임용해야 할 자리입니다.,라,False,라(대조군),Level1
당송팔대가문초구양수2,454,1804,歷年未就하고 而銳卒에 蕭嵩代銳爲學士하고 奏起居舍人王仲丘撰定하니 爲一百五十卷이니 是爲大唐開元禮라,"그러나 해가 지나도록 완성하지 못하고 이예(李銳)가 죽자, 소숭(蕭嵩)이 이예(李銳)를 대신하여 학사(學士)가 되고 주기거사인(奏起居舍人) 왕중구(王仲丘)가 찬정(撰定)하여 #150권을 만드니, 이것이 대당개원례(大唐開元禮)이다.",라,False,라(대조군),Level1
당송팔대가문초한유2,13,56,愈於使君에 非燕游一朝之好也라,나는 사군과 술이나 마시며 즐겁게 논 한때의 벗이 아니다.,라,False,라(대조군),Level1
논어집주,1774,5565,問一得三하니 聞詩聞禮하고 又聞君子之遠其子也로라,"“하나를 물어서 셋을 들었으니, 시(詩)를 듣고 예(禮)를 들었으며, 또 군자(君子)가 그 아들을 멀리하는 것을 들었노라.”",라,False,라(대조군),Level1
주역전의(상),1243,3772,如此而專主於豫면 乃是任天下之事而致時於豫者也라,이와 같이 하고서 오로지 즐거움을 주장한다면 이는 바로 천하(天下)의 일을 맡아 세상을 즐거움에 이르게 하는 자이다.,라,False,라(대조군),Level1
당송팔대가문초한유1,197,973,愈雖不才나 其自處不敢後於恒人이라,제가 비록 재주는 없으나 감히 보통 사람들에 뒤진다고 자처하지 않습니다.,라,False,라(대조군),Level1
시경집전(상),2371,5504,酤는 買也라,고(酤)는 사오는 것이다.,라,False,라(대조군),Level1
자치통감강목5,670,1545,延壽卽部吏하여 案校望之在馮翊時에 稟犧官錢放散百餘萬이라,그러자 한연수는 즉시 부(部)의 관리를 데리고 소망지가 풍익(馮翊)으로 있을 적에 늠희(廩犧) 관전(官錢) 백여만 전(錢)을 방출하여 쓴 일을 조사하게 하였다.,라,False,라(대조군),Level1
당송팔대가문초한유2,234,1093,請試論之하노라,이를 한번 논(論)하고자 한다.,라,True,라(대조군),Level1
맹자집주,1708,5550,空은 窮也요 乏은 絶也라,"공(空)은 궁(窮)함이요, 핍(乏)은 다함이다.",라,True,라(대조군),Level1
맹자집주,447,1605,人和는 得民心之和也라,인화(人和)는 인심(人心)의 화(和)함을 얻음이다.,라,False,라(대조군),Level1
시경집전(상),1230,2865,將將은 聲也라,장장(將將)은 소리이다.,라,False,라(대조군),Level1
주역전의(하),108,327,爲卦 天下有山하니 天은 在上之物이요 陽性上進이며 山은 高起之物이요 形雖高起나 體乃止物이라,"괘(卦)됨이 하늘 아래에 산(山)이 있으니, 하늘은 위에 있는 물건이고 양(陽)의 성질은 위로 나아가며, 산(山)은 높이 일어난 물건이고 형체가 비록 높이 일어났으나 체(體)는 멈추는 물건이다.",라,True,라(대조군),Level1
자치통감강목2,586,1546,今王이 恃敵而不自恃하니 若跌而不振이면 悔無及也리라,"지금 왕께서는 적을 믿고 스스로를 믿지 않으시니, 만약 넘어져서 떨치지 못하게 된다면, 후회해도 소용이 없을 것입니다.”라고 하였다.",라,True,라(대조군),Level1
주역전의(상),1015,3111,不以道而身亨은 乃道之否也라,도(道)로써 하지 않고서 몸이 형통함은 바로 도(道)가 비색한 것이다.,라,False,라(대조군),Level1
당송팔대가문초왕안석1,472,2091,一日取以備公卿大夫百執事之選이면 則其材行이 皆已素定하고 而士之備選者는 其施設이 亦皆素所見聞而已요 不待閱習而後能者也라,"이렇게 양성된 인물을 어느 날 뽑아서 공(公)과 경(卿)과 백관(百官)의 선발에 대비하면, 그들의 능력과 행실이 모두 이미 평소에 평가받았던 대로 갖추어져 있고, 이렇게 사(士)로서 선발되어 충원된 사람들은 그들이 시행하는 일들이 또한 모두 평소에 보고 들었던 대로 할 뿐이니, 다시 훈련하고 연습하기를 기다린 이후에야 잘할 수 있는 사람들이 아니다.",라,False,라(대조군),Level1
당송팔대가문초구양수2,445,1764,此高祖太宗之所以盛也라,이것이 고조(高祖)와 태종(太宗) 시대가 융성했던 까닭입니다.,라,False,라(대조군),Level1
시경집전(상),1660,3766,興也라,흥(興)이다.,라,False,라(대조군),Level1
당송팔대가문초소식3,311,1222,"故로 悉論三代以來所以取守之術하야 使知禹湯文武之盛德이 亦儒者之極功이요 而陸賈, 叔孫通之流는 蓋儒術之粗也하노라","그러므로 나는 삼대(三代) 이후 천하를 취하고 지키는 방법을 자세히 논해서, 사람들로 하여금 우왕(禹王)과 탕왕(湯王), 문왕(文王)과 무왕(武王)의 성덕(盛德)은 또한 유자(儒者)의 지극한 공(功)이요, 육가(陸賈)와 숙손통(叔孫通)의 부류는 유술(儒術) 중의 아주 조악(粗惡)한 것임을 알게 하노라.",라,True,라(대조군),Level1
당송팔대가문초구양수6,230,1545,五代之亂이 其來遠矣라,오대(五代)의 혼란은 그 유래가 오래되었다.,라,False,라(대조군),Level1
춘추좌씨전7,560,1826,如是則以丘亦足矣어니와 若不度於禮而貪冒無厭이면 則雖以田賦라도 將又不足이리라,"이와 같이 하면 구부(丘賦)만으로도 충분하지만, 만약 예(禮)를 헤아리지 않고 탐욕(貪慾)하여 만족을 모른다면 비록 전묘(田畝)에 따라 부세(賦稅)를 징수(徵收)하더라도 도리어 부족할 것이다.",라,False,라(대조군),Level1
자치통감강목13,830,2727,"司空이 行伊, 霍之權하여 使朕及此하니 其功이 大矣라","사공(司空)(근준(靳準))이 이윤(伊尹)과 곽광(霍光)의 권한을 행하여 짐(朕)으로 하여금 이 황제의 자리에 오르게 하였으니, 그 공(功)이 매우 크다.",라,False,라(대조군),Level1
시경집전(하),229,502,陰雨則泥濘하여 而車易以陷也라,비가 내리면 진창이 되어 수레가 빠지기 쉽다.,라,False,라(대조군),Level1
당송팔대가문초왕안석2,597,3098,惟彼生者 可無甚悼라,"그 때문에 아직 살아 있는 사람들이, 심히 슬퍼하지 않을 수가 있다네.",라,True,라(대조군),Level1
서경집전(하),190,719,德之致는 謂上文所貢方物也라,덕(德)으로 이루었다는 것은 상문(上文)에 바친 바의 방물(方物)이다.,라,False,라(대조군),Level1
자치통감강목8,1293,1830,案月令에 孟夏에 斷薄刑者는 謂輕罪已正을 不欲久繫라,살펴보건대 ≪예기(禮記)≫ 〈월령(月令)〉에서 맹하에 작은 형벌을 결단하는 것은 이미 판결이 난 가벼운 죄인을 오랫동안 옥에 가두지 않으려는 것이었습니다.,라,False,라(대조군),Level1
자치통감강목4,1418,3258,朕不忍聞하노라,짐(朕)은 차마 들어줄 수가 없노라.,라,True,라(대조군),Level1
당송팔대가문초소순1,144,910,人之喜文하고 而惡質與忠也는 猶水之不肯避下而就高也라,사람들이 문채를 좋아하고 질박함과 충직함을 싫어하는 것은 물이 기꺼이 아래를 피하지 않고 높아지려고 하는 것과 같다.,라,False,라(대조군),Level1
시경집전(하),616,1357,言有饛簋飧則有捄棘匕요 周道如砥則其直如矢라,"그릇에 밥이 가득히 담겨져 있는데 가시나무 수저는 굽어 있으며, 주도(周道)는 숫돌처럼 판판한데 그 곧음은 화살과 같다.",라,True,라(대조군),Level1
시경집전(하),3026,6730,有娀은 契之母家也라,유융(有娀)은 설(契)의 모가(母家)이다.,라,False,라(대조군),Level1
자치통감강목20,1031,1690,魏文后旣爲尼하여 居别宮호되 悼后猶忌之라,"서위(西魏) 문후(文后)가 이미 비구니가 되고 나서 별궁에 살았는데, 도후(悼后)가 오히려 그녀를 시기하였다.",라,False,라(대조군),Level1
당송팔대가문초소식5,154,521,彼皆吾頭로되 而不能爲頭之用하고 彼皆吾身이로되 而不能具身之智면 則物有以亂之矣라,"저 머리털이 모두 다 내 머리인데 머리의 쓰임이 되지 못하고, 저 모공(毛孔)이 모두 다 내 몸통인데 몸통의 지혜를 갖추지 못한다면, 물건이 내 마음을 어지럽힐 수 있는 것이다.",라,True,라(대조군),Level1
자치통감강목9,306,442,韶曰 長이 活溝壑之人이라가 而以此伏罪면 含笑入地矣리라,"한소가 말하기를 “현장(縣長)인 내가, 굶어 죽어 시신이 골짜기에 들어갈 사람들을 살리다가 이로써 죄를 받는다면, 웃음을 머금고 지하로 들어가겠다.” 하였다.",라,True,라(대조군),Level1
서경집전(상),175,1291,庸은 用也라,용(庸)은 씀이다.,라,False,라(대조군),Level1
시경집전(상),2093,4737,言黍苗旣芃芃然矣어늘 又有陰雨以膏之요 四國旣有王矣어늘 而又有郇伯以勞之하니 傷今之不然也라,"기장 싹이 이미 무성히 자랐는데, 또 음우(陰雨)가 적셔줌이 있고, 사국(四國)에 이미 왕(王)이 있는데, 또 순백(郇伯)이 위로함이 있음을 말하였는데, 지금은 그렇지 못함을 서글퍼한 것이다.",라,True,라(대조군),Level1
자치통감강목14,70,199,訪이 善於撫納하니 士衆이 皆爲致死라,"주방(周訪)이 백성들을 어루만지고 받아들이기를 잘하니, 병사들이 모두 그를 위하여 사력(死力)을 다하였다.",라,True,라(대조군),Level1
당송팔대가문초구양수4,111,527,公素羸하고 性淡然寡所好欲하고 恂恂似不能言이나 而內勁果하야 遇事精明이라,"공(公)은 평소 몸이 야위고 성품이 담박(淡泊)하여 기욕(嗜慾)이 적었으며 신실(信實)하여 마치 말을 잘하지 못하는 것처럼 하였으나, 내면은 굳세고 과감하여 일을 만나면 정밀하고 분명하게 처리하였다.",라,True,라(대조군),Level1
시경집전(상),1020,2379,蓋笙竽는 皆以竹管植於匏中하고 而竅其管底之側하여 以薄金葉障之하며 吹則鼓之而出聲하니 所謂簧也라,"생(笙)과 우(竽)는 모두 대통을 박 속에 꽂아놓고 그 대통 밑의 옆에 구멍을 뚫어 얇은 금엽(金葉)으로 이 곳을 막아서 불면 ˂공기가˃ 이것을 두드려 소리를 내게 하니, 이른바 황(簧)이다.",라,False,라(대조군),Level1
맹자집주,203,816,胥는 相也라 宇는 居也라,"서(胥)는 봄이요, 우(宇)는 살 곳이다.",라,False,라(대조군),Level1
당송팔대가문초구양수5,38,257,巢且戰且走하야 至中牟하야 臨河未渡어늘 而克用追及之하니 賊衆驚潰라,"황소(黃巢)가 한편으로는 싸우고 한편으로는 달아나 중모(中牟)에 이르러 하수에 임하여 미처 건너지 못하였는데, 이극용이 추격해 오니, 적들이 놀라 흩어졌다.",라,False,라(대조군),Level1
맹자집주,321,1191,不受者는 不受其挫也라,받지 않는다는 것은 그 좌절(挫折)을 받지 않은 것이다.,라,False,라(대조군),Level1
당송팔대가문초소순1,199,1232,故로 自有天地而有日月로 以至于今히 而未嘗可以一日無焉이라,그러므로 천지(天地)가 있고 해와 달이 있어온 이래 지금까지 일찍이 하루라도 없게 할 수가 없었다.,라,True,라(대조군),Level1
자치통감강목12,185,706,和妃張氏는 恪甥也라,손화(孫和)의 비(妃) 장씨(張氏)는 제갈각(諸葛恪)의 생질녀(甥姪女)이다.,라,False,라(대조군),Level1
당송팔대가문초한유3,193,1098,山者艮이요 艮爲背라,“산(山)은 艮이니 艮은 등이다.,라,False,라(대조군),Level1
자치통감강목13,704,2317,太弟雅好待士하여 必不以此為嫌이니 輕薄小人이 不能無迎合為之謀者라,"그렇게 하면 태제가 평소 선비들을 대하기를 좋아하여 반드시 이것을 혐의하지 않을 것이니, 경박한 소인(小人)들 중에는 태제에게 영합하여 도모하는 자가 없지 않을 것입니다.",라,False,라(대조군),Level1
당송팔대가문초한유1,310,1495,王隱謗退死家하며 習鑿齒無一足하며 崔浩范曄赤誅하며 魏收夭絶하며 宋孝王誅死하며 足下所稱吳兢도 亦不聞身貴而令其後有聞也라,"왕은(王隱)은 비방을 받고 관직에서 물러나 집에서 죽었으며, 습착치(習鑿齒)는 한쪽 다리를 잃었으며, 최호(崔浩)와 범엽(范曄)은 멸족(滅族)을 당하였으며, 위수(魏收)는 요절(夭絶)하였으며, 송효왕(宋孝王)은 주살(誅殺)되었으며, 족하(足下)께서 칭찬하신 오긍(吳兢)도 생전에 몸이 귀해지고 사후에 아름다운 명성이 있었다는 말을 듣지 못하였습니다.",라,True,라(대조군),Level1
시경집전(하),1659,3712,育은 養也라,육(育)은 기름이다.,라,False,라(대조군),Level1
자치통감강목8,1920,2652,以王不恭이라하여 使相檢督이라,왕(王)의 불공(不恭)하다 하여 나로 하여금 조사하고 감독하게 하셨다.,라,True,라(대조군),Level1
자치통감강목1,404,1027,十七年이라,주(周)나라 현왕(顯王) 17년이다.,라,False,라(대조군),Level1
당송팔대가문초구양수1,35,254,故變法而刻利者는 適足使小商不來而爲大商賈積貨也라,그러므로 법을 바꾸어서 이익을 착취하는 것은 작은 상인을 오지 못하게 하고 큰 상인들을 위해 재물을 쌓아두는 셈입니다.,라,False,라(대조군),Level1
주역전의(상),1396,4195,陰柔而說體요 又處不中正하니 以甘說로 臨人者也라,"음유(陰柔)이면서 열체(說體)이고 또 처함이 중정(中正)하지 못하니, 달고 기쁨으로 남에게 임(臨)하는 자이다.",라,False,라(대조군),Level1
당송팔대가문초구양수3,392,1496,拜毋蹈舞라,절하실 때 무도(舞蹈)하지 않게 하셨네,라,False,라(대조군),Level1
자치통감강목12,612,2199,東萊王彌家世二千石이라 彌有學術勇略하고 善騎射하니 青州人謂之飛豹라,"동래(東萊) 사람 왕미(王彌)의 집안은 대대로 이천석(二千石)의 관직을 지냈는데, 왕미는 학술(學術)과 용략(勇略)이 있었으며 말 타고 활 쏘는 것을 잘하니, 청주(青州) 사람들이 그를 비표(飛豹)라고 불렀다.",라,False,라(대조군),Level1
춘추좌씨전3,201,445,昔歲入陳하고 今玆入鄭이로되 民不罷勞하야 君無怨讟하니 政有經矣라,"작년(昨年)에 진(陳)나라에 침입(侵入)하고 금년에 정(鄭)나라에 침입(侵入)하였으되, 백성들이 피로하지 않아 초군(楚君)을 원망하는 말이 없으니, 정령(政令)에 상도(常道)가 있다고 할 수 있습니다.",라,True,라(대조군),Level1
자치통감강목4,154,365,廣與不識이 俱以將兵으로 有名當時라,이광(李廣)과 정불식(程不識)이 모두 군대를 거느리는 것으로 당시에 이름이 났다.,라,False,라(대조군),Level1
당송팔대가문초한유2,6,16,予獨按昌黎序事는 絶不類史遷이요 亦不學史遷하니 自勒一家矣라,"내가 홀로 상고하건대, 창려(昌黎)의 서사문(敍事文)은 전혀 사마천(司馬遷)과 같지 않고, 또 사마천을 배우지도 않았으니 스스로 일가(一家)의 문장을 이룬 것이다.",라,False,라(대조군),Level1
주역전의(하),1106,3357,億度은 謂圖慮니 求不失中也라,"억탁(億度)은 도모하고 생각함을 이르니, 중(中)을 잃지 않음을 구하는 것이다.",라,False,라(대조군),Level1
춘추좌씨전5,232,1169,趙孟出曰 吾不復此矣리라,조맹(趙孟)이 나와서 말하기를 “나는 다시 이런 즐거움을 볼 수 없을 것이다.”고 하였다.,라,True,라(대조군),Level1
당송팔대가문초유종원2,271,1596,今汝獨招愚者居焉하여 久留而不去하니 雖欲革其名不可得矣리라,"지금 너는 유독 나 같은 어리석은 사람을 불러들여 이곳에 오래 머무르고 떠나지 않게 하였으니, 이 이름을 바꾸고 싶더라도 그럴 수 없을 것이다.",라,False,라(대조군),Level1
시경집전(하),505,1122,二人은 暴公與其徒也라,이인(二人)은 포공(暴公)과 그 무리이다.,라,False,라(대조군),Level1
논어집주,290,1046,蓋人之氣質不同이라,사람의 기질은 똑같지 않다.,라,False,라(대조군),Level1
맹자집주,2143,6613,牧皮는 未詳이라,목피(牧皮)는 자세하지 않다.,라,False,라(대조군),Level1
주역전의(하),129,382,微者는 易於晦藏하니 往旣有危면 不若不往之无災也라,"미약한 자는 숨어 감추기가 쉬우니, 감에 이미 위태로움이 있다면 가지 않음이 재앙이 없는 것만 못하다.",라,False,라(대조군),Level1
주역전의(상),445,1520,龍戰于野는 其道窮也라,“용이 들에서 싸우는 것은 그 도(道)가 궁극한 것이다.”,라,True,라(대조군),Level1
주역전의(상),604,1962,所以能然者는 以居天位而得正中也라,이러한 까닭은 천위(天位)에 거하여 정중(正中)을 얻었기 때문이다.,라,False,라(대조군),Level1
서경집전(하),946,3545,康王之十二年也라,강왕(康王)이 즉위(卽位)한 12년이다.,라,False,라(대조군),Level1
자치통감강목17,564,1925,汝往하여 脱有一事減之者면 遷代之譏 必歸於吾矣리라,네가 가서 만일 한 가지 일이라도 사호만 못한 것이 있으면 교대를 시킨 비난이 반드시 나에게 돌아올 것이다.”라고 하였다.,라,False,라(대조군),Level1
맹자집주,727,2621,妁은 亦媒也라,작(妁)은 또한 중매이다.,라,False,라(대조군),Level1
자치통감강목1,189,482,竊詳此言이면 則綱目之與凡例時或異同이 皆鈔錄傳刊之失也라,삼가 이 말씀을 자세히 살펴보면 ≪자치통감강목≫이 범례와 더불어 때에 따라 혹 차이가 나는 것은 모두 베끼어 쓰거나 판에 새길 때 잘못된 것이라는 뜻이다.,라,False,라(대조군),Level1
서경집전(상),751,3597,遯은 退也라,둔(遯)은 물러감이다.,라,False,라(대조군),Level1
당송팔대가문초구양수5,124,914,少好學하고 工書檄이라,어려서 학문을 좋아하였고 문서 기록을 공교롭게 잘하였다.,라,False,라(대조군),Level1
자치통감강목13,627,2082,浚이 名為晉臣이나 實欲廢晉自立이로되 但患四海英雄莫之從耳라,"“왕준이 명목상으로는 진(晉)나라 신하라고 하나 실제는 진(晉)나라 황제를 폐하고 스스로 즉위하고자 하는데, 다만 사해(四海)의 영웅들이 자신을 따르지 않을까 근심할 뿐입니다.",라,False,라(대조군),Level1
주역전의(상),1387,4175,咸臨貞吉은 志行正也라,“‘함림정길(咸臨貞吉)’은 뜻이 정도(正道)을 행하려 하는 것이다.”,라,False,라(대조군),Level1
당송팔대가문초구양수6,208,1374,安從進叛에 以行周爲襄州行營都部署하야 討平之하고 徙鎭歸德이러니 出帝時에 代景延廣爲侍衛親軍都指揮使라,안종진(安從進)이 반란을 일으키자 고행주(高行周)를 양주행영독부서(襄州行營都部署)로 삼아 토벌하여 평정하고 옮겨 귀덕(歸德)을 진수(鎭守)하게 하였는데 출제(出帝) 때에 경연광(景延廣)을 대신하여 시위친군도지휘사(侍衛親軍都指揮使)로 삼았다.,라,False,라(대조군),Level1
시경집전(상),311,755,天下大亂하니 彊暴相陵하여 遂成淫風이로되 被文王之化하여 雖當亂世나 猶惡無禮也라,"천하(天下)가 크게 혼란하여 강포(彊暴)한 자들이 서로 능멸하여 마침내 음풍(淫風)을 이루었는데, 문왕(文王)의 교화(敎化)를 입어 비록 난세(亂世)를 당했으나 오히려 무례(無禮)함을 미워한 것이다.",라,True,라(대조군),Level1
당송팔대가문초유종원1,20,104,宗元早歲에 與負罪者親善이라,종원(宗元)은 젊은 시절부터 이미 죄를 지은 그들과 친분이 있었습니다.,라,False,라(대조군),Level1
당송팔대가문초한유1,238,1172,僕無以自全活者라,나는 자력으로 생활을 보전할 수 없는 사람입니다.,라,False,라(대조군),Level1
당송팔대가문초소식2,512,2200,如使今世而尙用古之篆書簡策이면 則雖欲繁多나 其勢無由리라,만일 지금 세상에 아직도 옛날의 전서(篆書)와 죽간(竹簡)을 사용하고 있다면 비록 이런 것들을 번다(繁多)하게 사용하려고 하더라도 형편상 방법이 없을 것이다.,라,False,라(대조군),Level1
시경집전(하),2161,4810,然亦知其不能聽也라 故로 誦言而中心如醉하니 由王不用善人하여 而反使我至此悖眊也라,"그러나 또한 능히 들어주지 못할 줄을 앎으로 말을 하고는 중심(中心)에 취한 듯하니, 왕(王)이 선인(善人)을 등용하지 아니하여 도리어 나로 하여금 이 패모(悖眊)함에 이르게 한 것이다.",라,False,라(대조군),Level1
맹자집주,121,501,發政施仁은 所以王天之本也라,발정시인(發政施仁)은 천하(天下)에 왕노릇 하는 바의 근본이다.,라,False,라(대조군),Level1
당송팔대가문초왕안석2,538,2825,夫人者는 太子中允諱之武之子요 某官贈太常卿諱郁之孫이요 左贊善大夫諱質之曾孫이며 而太常博士王君諱逢之妻也라,"부인(夫人)은 태자중윤(太子中允) 휘(諱) 지무(之武)의 따님이고, 모관(某官)을 지내고 태상경(太常卿)에 추증(追贈)된 휘(諱) 욱(郁)의 손녀(孫女)이며, 좌찬선대부(左贊善大夫) 휘(諱) 질(質)의 증손녀(曾孫女)이고, 태상박사(太常博士) 왕군(王君) 휘(諱) 봉(逢)의 아내이다.",라,False,라(대조군),Level1
시경집전(하),922,2028,言其車馬威儀之盛이라,그 거마(車馬)와 위의(威儀)의 성함을 말한 것이다.,라,False,라(대조군),Level1
주역전의(상),1446,4322,故未至於失道也라,이 때문에 도(道)를 잃음에 이르지 않는 것이다.,라,False,라(대조군),Level1
자치통감강목11,242,934,是歲에 僭國一이라,이해에 참국(僭國)(혼란한 시기에 제위(帝位)를 찬탈하거나 지역에 웅거한 나라)이 하나이다.,라,False,라(대조군),Level1
당송팔대가문초소식5,211,785,衆生所愛는 無過身體어늘 父母有疾이면 割肉刺血하야 初無難色호되 若復隣人이 從其求乞이면 一爪一髮이라도 終不可得이라,"중생(衆生)들이 사랑하는(아끼는) 것은 신체보다 더한 것이 없는데, 부모가 질병이 있으면 살점을 떼어내고 몸을 찔러 피를 내어서 애당초 조금도 난색을 표하는 일이 없으나, 만일 또 이웃 사람이 이것을 요구하면 손톱 하나와 머리카락 하나도 끝내 〈주지 않아〉 얻을 수가 없다.",라,True,라(대조군),Level1
주역전의(하),1374,4169,陽剛이 自處於至高하여 始快其意라 故先笑요 旣而失安莫與라 故號咷하니 輕易以喪其順德은 所以凶也라,"양강(陽剛)이 스스로 지극히 높은 곳에 처하여 처음에는 그 뜻에 쾌(快)하므로 먼저는 웃는 것이요, 이윽고는 편안함을 잃고 더부는 이가 없으므로 울부짖는 것이니, 가벼이 하고 함부로 하여 순한 덕(德)을 잃음은 흉하게 되는 소이(所以)이다.",라,True,라(대조군),Level1
논어집주,540,2000,然이나 必五十乃衣帛하고 七十乃食肉하니 聖人之心에 非不欲少者亦衣帛食肉也언마는 顧其養有所不贍爾니 此病其施之不博也라,"그러나 반드시 50세(歲)가 되어야 비단 옷을 입을 수 있고, 70세(歲)가 되어야 고기를 먹을 수 있었으니, 성인(聖人)의 마음에 젊은 자 역시 비단 옷을 입고 고기를 먹게 하고 싶지 않은 것은 아니었으나, 다만 그 봉양(奉養)함에 부족(不足)한 바가 있기 때문이니, 이는 그 은혜를 베풂이 넓지 못함을 부족하게 여기신 것이다.",라,True,라(대조군),Level1
당송팔대가문초한유1,348,1652,奇氣라,기상이 예사롭지 않다.,라,False,라(대조군),Level1
당송팔대가문초구양수2,448,1772,古禮之亡이 久矣라 歐陽公於此에 亦無限悲慨라,고례(古禮)가 망실(亡失)된 지 오래인지라 구양공(歐陽公)이 여기에 대해 또한 무한히 비분 개탄했다.,라,True,라(대조군),Level1
주역전의(하),1787,5297,天地者는 陰陽形氣之實體요 乾坤者는 易中純陰純陽之卦名也라,"천(天)과 지(地)는 음(陰)·양(陽)과 형(形)·기(氣)의 실체이고, 건(乾)과 곤(坤)은 역(易) 가운데 순양(純陽)과 순음(純陰)의 괘(卦)이름이다.",라,True,라(대조군),Level1
당송팔대가문초구양수5,108,811,因陣兵橋北하야 下據胡牀而坐하야 使人召康義誠하니 而端門已閉요 叩左掖門하니 亦閉라,"인하여 천진교 북쪽에 진을 치고 말에서 내려 호상(胡床)에 걸터앉아 사람을 시켜 강의성(康義誠)을 부르니 단문(端門)(정문(正門))은 이미 닫혀 있었고, 좌측 액문(掖門)을 두드리니 역시 닫혀 있었다.",라,False,라(대조군),Level1
주역전의(상),1528,4563,又以卦德言之라,또 괘덕(卦德)으로 말하였다.,라,False,라(대조군),Level1
맹자집주,900,3162,淵은 深水也라,연(淵)은 깊은 물이다.,라,False,라(대조군),Level1
시경집전(하),2580,5726,賦也라,부(賦)이다.,라,True,라(대조군),Level1
주역전의(하),713,2130,然制之在己라 故猶可以无咎어니와 若不制而使遇於衆이면 則其爲害廣矣라,그러나 제지함이 자신에게 있기 때문에 오히려 허물이 없을 수 있으나 만약 제지하지 않아 여러 사람을 만나게 하면 해됨이 크다.,라,False,라(대조군),Level1
서경집전(상),313,1855,又地志에 漢中郡安陽縣에 灊谷水出西南入漢이라하니 灊은 音潛이요 安陽縣은 今洋州眞符縣也라,"또 ˂지지(地志)˃에 “한중군(漢中郡) 안양현(安陽縣)에 첨곡수(灊谷水)가 서남에서 나와 한수(漢水)로 들어간다.” 하였으니, 첨(灊)은 음(音)이 잠(潛)이며, 안양현(安陽縣)은 지금의 양주(洋州) 진부현(眞符縣)이다.",라,False,라(대조군),Level1
예기집설대전2,995,1439,小寢者는 高祖以下寢也니 王侯同이라,소침(小寢)은 고조(高祖) 이하의 정침인데 천자와 제후가 같다.,라,False,라(대조군),Level1
당송팔대가문초증공1,463,2613,衣食藥物과 廬舍器用과 箕筥碎細之間은 此予之所經營以養也라,의복․음식․약품과 집․가구에서부터 키와 광주리 등 자질구레한 것들은 곧 내 힘으로 마련하여 가족을 부양했던 물건들이다.,라,False,라(대조군),Level1
당송팔대가문초구양수2,101,349,馳封一馬에 使者在道而相望하고 翹首群英에 天下嚮風而咸靡라,"이에 말을 달려 조서를 보내느라 사자(使者)들이 길에 줄을 이었고, 뛰어난 영재(英才)들이 고개를 드니 천하 사람들이 멀리서 보고 모두 고개를 숙였습니다.",라,True,라(대조군),Level1
당송팔대가문초구양수4,535,2363,人獸生而有知라가 死則無知矣요 蓍龜生而無知라가 死然後有知也니 是皆不可窮詰이라,"사람과 짐승이 살아 있을 때에는 지각이 있다가 죽으면 지각이 없어지고, 시귀(蓍龜)가 살아 있을 때에는 지각이 없다가 죽은 뒤에야 지각이 있게 되니, 이는 모두 끝까지 따져 알 수 없는 문제이다.",라,True,라(대조군),Level1
주역전의(하),1534,4612,又以卦德卦體言之라,또 괘덕(卦德)과 괘체(卦體)로 말하였다.,라,False,라(대조군),Level1
자치통감강목5,1051,2409,三年이라,한(漢)나라 효원황제(孝元皇帝) 영광(永光) 3년이다.,라,False,라(대조군),Level1
당송팔대가문초소식1,265,1241,至於貢擧之法하야는 行之百年이나 治亂盛衰 初不由此라,"공거(貢擧)의 법(法)에 이르러는 시행한 지가 백 년이 되었으나, 나라의 치란(治亂)과 성쇠(盛衰)가 애당초 이 공거(貢擧)에 달려 있지 않습니다.",라,False,라(대조군),Level1
주역전의(하),1189,3598,故危懼而有言하니 蓋不知在下所以有進也요 用柔所以不躁也요 无應所以能漸也니 於義自无咎也라,"그러므로 위태롭게 여기고 두려워하여 말이 있는 것이니, 아랫자리에 있음은 나아감이 있는 것이요 유(柔)를 씀은 조급하지 않은 것이요 응(應)이 없음은 능히 점진(漸進)하는 것이어서 의(義)에 스스로 허물이 없음을 알지 못한다.",라,True,라(대조군),Level1
춘추좌씨전5,230,1134,魯叔孫豹可謂能矣니 請免之하야 以靖能者하노라,"노(魯)나라 숙손표(叔孫豹)는 이 두 일을 능히 해냈다고 할 수 있으니, 그를 사면(赦免)하여 그 일을 능히 해낸 자를 안정(安靖)시키기를 청(請)합니다.",라,False,라(대조군),Level1
서경집전(하),548,2104,朕은 不敢有後호리니 無我怨하라,"짐은 감히 뒤에 딴 명령을 내리지 않을 것이니, 후일에 나를 원망하지 말라.",라,False,라(대조군),Level1
서경집전(하),285,1101,斁은 厭也니 卽詩言在此無斁之意라,"역(斁)은 싫어함이니, ≪시경(詩經)≫에 “여기에 있음에 싫어함이 없다.”는 뜻이다.",라,True,라(대조군),Level1
자치통감강목5,1279,2937,孔子論詩에 以關雎爲始하시니 此는 紀綱之首요 王敎之端이니 自上世以來로 三代興廢 未有不由此者也라,"공자(孔子)께서 ≪시경(詩經)≫을 논할 적에 〈관저(關雎)〉를 시초로 삼으셨으니, 이는 기강(紀綱)의 첫 번째요 왕교(王敎)의 단서이니, 상고(上古)시대 이래로 삼대(三代)의 흥하고 망함이 여기에 연유하지 않은 적이 없습니다.",라,False,라(대조군),Level1
춘추좌씨전1,1036,3440,築郿하니 非都也라,미(郿)에 성을 쌓았다고 하였으니 도성(都城)이 아니기 때문에 ‘축(築)’이라 한 것이다.,라,False,라(대조군),Level1
당송팔대가문초왕안석2,409,2245,君은 某州之某縣人이니 曾祖曰某요 祖曰某요 考曰某라,"군(君)은 모주(某州)의 모현인(某縣人)이니, 증조(曾祖)를 모(某)라 하고, 조(祖)를 모(某)라 하며, 고(考)를 모(某)라 한다.",라,False,라(대조군),Level1
당송팔대가문초소순1,405,2589,幸而得不破折不腐면 則爲人之所材하여 而有斧斤之患이라,다행히 부서지거나 꺾어지지 않고 썩지도 않으면 곧 사람들에게 재목으로 여겨져 도끼에 찍히는 고통이 있게 된다.,라,False,라(대조군),Level1
예기집설대전2,1332,1909,周人弔於家는 示民不偝也라,주나라 사람이 집에서 조문한 것은 백성들에게 효를 저버리지 않음을 보여준 것이다.,라,False,라(대조군),Level1
시경집전(상),1355,3114,蓋賢妃當夙興之時하여 心常恐晩이라,현비(賢妃)가 일찍 일어날 때를 당하여 마음에 항상 늦을까 두려워하였다.,라,False,라(대조군),Level1
당송팔대가문초한유3,68,400,朅朅胡公이여 旣果以方이라 挾藝射科에 每發如望이라 人求於人이나 我己爲之라 自始訖終히 不降色辭하다 因官立事하고 隨有可載라 發跡餽軍이나 遭讒府介하야 去居陵下하야 爲吏爲隱이라,용감하고 씩씩하신 호공(胡公)이시여 과감하고 방정하셨네 예학(藝學)을 가지고 응시할 때마다 번번이 바람대로 되시었네 사람들은 남에게 구하지만 공은 자력으로 이르셨네 처음부터 끝까지 얼굴빛과 말씨 낮추지 않으셨네 관직에 따라 업적 세우셨고 가는 곳마다 기재할 만한 공 있으셨네 군량 수송하는 일로 공을 세웠으나 위공(魏公)의 부개(府介)로 있을 때 참소 만나서 헌릉(獻陵) 아래로 가서 살면서 관리 노릇도 하고 은사 노릇도 하였네,라,True,라(대조군),Level1
춘추좌씨전2,147,444,是吾利也라,이것은 우리에게 유리(有利)하다.”,라,False,라(대조군),Level1
당송팔대가문초구양수4,137,622,明年에 廣西區希範誘白崖山蠻蒙趕(간)하야 襲破環州하고 陷鎭寧帶溪普義하야 有衆數千으로 以攻桂管이라,"이듬해에 광남서로(廣南西路)의 구희범(區希範)이라는 자가 백애산(白崖山)의 만족(蠻族)인 몽간(蒙趕)을 꾀어 환주(環州)를 격파하고 진녕(鎭寧), 대계(帶溪), 보의(普義)를 함락시키고서 수천의 무리로 계관(桂管)을 공격하였다.",라,False,라(대조군),Level1
춘추좌씨전3,341,928,惜也라,“애석하다.,라,True,라(대조군),Level1
당송팔대가문초구양수2,464,1831,自六經焚於秦而復出於漢으로 其師傳之道中絶하고 而簡編脫亂訛缺하야 學者莫得其本眞이라,"진(秦)나라에서 육경(六經)이 불탔다가 한(漢)나라에서 다시 출현한 이래로 사전(師傳)의 도(道)가 중도에 끊어졌고, 간편(簡編)이 빠지거나 어질러지거나 잔결(殘缺)되어 학자들이 본래의 참모습을 찾을 수가 없었다.",라,False,라(대조군),Level1
시경집전(상),456,1063,衛之淫風流行하여 雖有七子之母나 猶不能安其室이라,위(衛)나라에 음풍(淫風)이 유행하여 비록 일곱 아들을 둔 어머니도 오히려 그 집안을 편안히 여기지 못하였다.,라,False,라(대조군),Level1
서경집전(하),559,2142,幹은 事요 止는 居也라,"간(幹)은 일이요, 지(止)는 거처이다.",라,False,라(대조군),Level1
주역전의(상),786,2464,无所親比하여 困屈以致凶은 窮之道也라,친비(親比)하는 바가 없어서 곤궁하고 굽혀 흉함을 이룸은 곤궁하게 되는 길이다.,라,False,라(대조군),Level1
논어집주,759,2705,拜下禮也어늘 今拜乎上하니 泰也라,"˂당(堂)˃ 아래에서 절하는 것이 ˂본래의˃ 예(禮)인데, 지금은 ˂당(堂)˃ 위에서 절하니, 이는 교만(驕慢)하다.",라,False,라(대조군),Level1
서경집전(하),899,3344,文貝는 有文之貝니 以飾几也라,"문패(文貝)는 무늬가 있는 조개이니, 이것으로 궤(几)를 꾸민 것이다.",라,False,라(대조군),Level1
중용장구,293,779,經綸은 皆治絲之事니 經者는 理其緖而分之요 綸者는 比其類而合之也라,"경(經)·윤(綸)은 모두 실을 다스리는 일이니, 경(經)은 그 실마리를 다스려 나눔이요, 윤(綸)은 그 유(類)를 나란히 하여 합하는 것이다.",라,False,라(대조군),Level1
주역전의(하),1633,4855,爲卦四陰在外하고 二陽在內하여 陰多於陽하니 小者過也라,"괘(卦)됨이 네 음(陰)이 밖에 있고 두 양(陽)이 안에 있어서 음(陰)이 양(陽)보다 많으니, 작은 것이 과(過)한 것이다.",라,False,라(대조군),Level1
시경집전(하),2802,6191,故로 屢獲豊年之祥이니 傳所謂周饑라가 克殷而年豊이 是也라,"그러므로 여러번 풍년(豊年)의 상서로움을 얻었으니, 전(傳)에 이른바 “주(周)나라가 흉년이 들다가 은(殷)나라를 이기고서야 풍년이 들었다.”는 것이 이것이다.",라,False,라(대조군),Level1
시경집전(상),866,2030,河는 在齊西衛東하니 北流入海라,"하(河)는 제(齊)나라의 서쪽, 위(衛)나라의 동쪽에 있으니, 북쪽으로 흘러 바다로 들어간다.",라,False,라(대조군),Level1
서경집전(상),403,2309,或以周服里數는 皆以方言이라하고 或以古今尺有長短이라하고 或以禹直方計어늘 而後世以人迹屈曲取之라하니 要之컨대 皆非的論이라,"혹자는 “주복(周服)의 이수(里數)는 모두 방(方)으로 말하였다.” 하고, 혹자는 “고금(古今)의 자가 장단(長短)의 차이가 있다.” 하고, 혹자는 “우왕(禹王) 때는 직방(直方)으로 계산하였는데 후세에는 사람 발자국의 굴곡(屈曲)으로 취했다.” 하니, 요컨대 모두 정확한 의논이 아니다.",라,False,라(대조군),Level1
시경집전(상),1343,3085,於是에 士女相與戲謔하고 且以勺藥爲贈而結恩情之厚也라,"이에 남자와 여자가 서로 희학(戲謔)을 하고, 또 작약(勺藥)을 선물하여 은혜로운 정의 두터움을 맺은 것이다.",라,False,라(대조군),Level1
당송팔대가문초증공1,285,1525,故道予之所慕於古者하니 庶乎其有以自發也라,"그러므로 내가 옛날의 학문에 대해 흠모하는 내용을 말하는 것이니, 그런대로 내 스스로 분발할 수 있을 것이다.",라,True,라(대조군),Level1
자치통감강목4,973,2233,於是에 幸東萊하여 宿留數日호되 無所見이라,이에 황제가 동래산(東萊山)에 가서 며칠 동안 머물며 기다렸으나 보이는 바가 없었다.,라,False,라(대조군),Level1
당송팔대가문초구양수1,36,266,然後에 一擧而滅之가 此萬全之策也라,그런 뒤에 일거에 섬멸하는 것이 만전(萬全)의 계책입니다.,라,False,라(대조군),Level1
주역전의(상),566,1864,又以諸爻皆陰이라 故로 云婦라,또 여러 효(爻)가 모두 음(陰)이므로 부(婦)라고 말하였다.,라,True,라(대조군),Level1
주역전의(하),1488,4491,初之柔順而託於剛中之才하여 以拯其渙하니 如得壯馬以致遠하여 必有濟矣라,"초(初)가 유순한데 강중(剛中)의 재질에게 의탁하여 환산(渙散)을 구원하니, 이는 마치 건장한 말을 얻어 먼 길을 가는 것과 같아 반드시 구제함이 있을 것이다.",라,True,라(대조군),Level1
논어집주,1532,4915,禮貌衰而去라,예모(禮貌)가 쇠하면 떠나는 것이다.,라,False,라(대조군),Level1
당송팔대가문초한유2,110,438,曲眉豐頰이요 淸聲而便體며 秀外而惠中이 飄輕裾하고 翳長袖하며 粉白黛綠者가 列屋而閑居하야 妬寵而負恃하고 爭姸而取憐이라,"반달 같은 눈썹에 통통한 볼, 맑은 목소리에 날렵한 몸매, 수려한 외모에 총명한 두뇌를 가진 〈미녀(美女)로서〉 가벼운 옷자락 나부끼며 긴소매로 햇볕을 가리고, 흰 분을 얼굴에 바르고 푸른 안료(顔料)로 눈썹 그린 여인들이 〈후원에〉 벌여 있는 방에서 한가로이 지내면서, 다른 여인이 받는 총애를 시샘하고 자기의 미모를 믿고서 아름다움을 다투어 총애를 취하려 한다.",라,True,라(대조군),Level1
당송팔대가문초한유2,409,2111,"今益以汝하노니 維是朔方, 義成, 陝, 益, 鳳翔, 延, 慶七軍之在行者를 汝皆將之하라","이제 너에게 여주(汝州)를 보태주노니, 행영(行營)에 있는 삭방(朔方)‧의성(義成)‧섬주(陝州)‧익주(益州)‧봉상(鳳翔)‧연주(延州)‧경주(慶州)의 7군(軍)을 네가 모두 통솔하라.”",라,False,라(대조군),Level1
맹자집주,496,1748,邑有先君之廟曰都라,읍(邑)에 선군(先君)의 사당이 있는 곳을 도(都)라 한다.,라,False,라(대조군),Level1
주역전의(하),303,903,文中子書에 以明內齊外爲義어늘 古今善之나 非取象之意也라,"문중자(文中子)의 책에는 안을 밝게 하고 밖을 깨끗이 함을 뜻으로 삼았는데, 고금(古今)에 이를 좋게 여기나 상(象)을 취한 뜻이 아니다.",라,False,라(대조군),Level1
주역전의(상),826,2567,言來者撫之하고 去者不追也라,이는 오는 자를 어루만지고 가는 자를 쫓지 않음을 말한 것이다.,라,False,라(대조군),Level1
서경집전(상),432,2428,堯授舜하고 舜授禹에 皆都冀州하니 言冀方者는 擧中以包外也라,"요(堯)는 순(舜)에게 전수하고 순(舜)은 우(禹)에게 전수하였는데 모두 기주(冀州)에 도읍하였으니, 기방(冀方)이라 말한 것은 중앙을 들어 밖을 포괄한 것이다.",라,False,라(대조군),Level1
시경집전(하),656,1453,"四月, 六月은 亦以夏正數之니 建巳建未之月也라","사월(四月)과 유월(六月)은 또한 하정(夏正)으로 센 것이니, 건사(建巳)와 건미(建未)의 달이다.",라,False,라(대조군),Level1
예기집설대전2,83,109,頎者는 惻隱之發也니 謂之至者는 以其哀常在於親하야 而敬暫施於人이 爲極自盡之道也라,"기(頎)이란 슬픔이 발로(發露)된 것이니, 그것을 ‘지극히 함至’이라고 이른 것은 그 슬픔은 항상 어버이에게 있으면서 공경은 잠시 남에게 베푸는 것이 스스로 정성을 다하는 도리를 극진히 함이 되기 때문이다.",라,True,라(대조군),Level1
시경집전(상),1874,4274,賦也라,부(賦)이다.,라,False,라(대조군),Level1
당송팔대가문초구양수6,274,2017,人情之動은 則可以言知之요 天道之動은 則當以數知之라,"사람의 뜻［정(情)］은 말을 통해 그 움직임을 알 수 있듯이, 천체의 운행［도(道)］은 마땅히 수(數)를 통해 그 움직임을 알 수 있습니다.",라,False,라(대조군),Level1
시경집전(상),2158,4959,室은 鳥自名其巢也라,실(室)은 새가 그 둥지를 스스로 이름한 것이다.,라,False,라(대조군),Level1
당송팔대가문초유종원2,382,2687,太尉曰 然終不以在吾第라하고 以如司農治事堂하여 棲之梁木上이라,"그러자 태위(太尉)는 “그러나 절대로 내 집에 둘 수는 없다.” 하고, 그것을 사농경(司農卿)의 대청으로 가지고 가서 대들보 위에 올려놓았다.",라,False,라(대조군),Level1
당송팔대가문초구양수6,216,1416,彥超鎭安遠軍할새 軍中有變이어늘 遣進馳奏京師라,부언초가 안원군(安遠軍)을 진수(鎭守)할 때 군중에서 변란이 일어났는데 왕진을 보내 경사(京師)에 급히 아뢰게 하였다.,라,False,라(대조군),Level1
주역전의(하),461,1400,解는 險以動이니 動而免乎險이 解라,"“해(解)는 험(險)하고 동(動)하니, 동하여 험함을 면함이 해(解)이다.",라,False,라(대조군),Level1
서경집전(상),89,643,徵은 召也라,징(徵)은 부름이다.,라,False,라(대조군),Level1
서경집전(하),261,961,允蠢이면 鰥寡哀哉나 予造는 天役이라,진실로 준동(蠢動)하면 환과(鰥寡)가 가엾지만 내가 하는 일은 하늘이 시키신 것이다.,라,True,라(대조군),Level1
당송팔대가문초소순1,309,1958,故로 籍雖遷沛公漢中이나 而卒都彭城하여 使沛公으로 得還定三秦하니 則天下之勢는 在漢不在楚라,"그래서 항우(項羽)는 비록 유방(劉邦)을 한중(漢中) 땅으로 옮기기는 하였지만, 그는 끝내 팽성(彭城)에 도읍을 정함으로써 유방(劉邦)이 다시 삼진(三秦)을 평정할 수 있게 하였으니, 그렇다면 천하의 대세는 한(漢)나라에 있었지 초(楚)나라에 있지 않았다.",라,False,라(대조군),Level1
맹자집주,1045,3561,事生을 固當愛敬이라,산 자를 섬김은 진실로 마땅히 사랑하고 공경하여야 할 것이다.,라,False,라(대조군),Level1
시경집전(상),1075,2510,世衰民散하여 有去其鄕里家族而流離失所者 作此詩以自歎이라,세상이 쇠하고 백성들이 흩어져서 그 향리(鄕里)와 가족(家族)을 버리고 유리(流離)하여 갈 곳을 잃은 자가 이 시(詩)를 지어서 스스로 탄식한 것이다.,라,True,라(대조군),Level1
당송팔대가문초구양수5,92,691,明宗已卽位에 圜率征蜀之師二萬하야 至京師하니 明宗撫慰라,"명종(明宗)이 이미 즉위함에 임환(任圜)이 촉(蜀)을 토벌하러 갔던 군사 2만을 거느리고 경사(京師)에 이르니, 명종이 위무(慰撫)하였다.",라,False,라(대조군),Level1
자치통감강목20,423,734,事不果하여 謀遂泄이라,일이 시행되지 못하여 도모한 것이 마침내 누설되었다.,라,False,라(대조군),Level1
주역전의(하),282,831,故曰不可疾貞이라하니 正之를 不可急也라,"그러므로 빨리 바로잡아서는 안 된다고 한 것이니, 바로잡기를 급하게 해서는 안 된다.",라,False,라(대조군),Level1
논어집주,966,3276,病臥에 不能著衣束帶하고 又不可以褻服見君이라,"병들어 누워 있어서 옷을 입고 띠를 맬 수 없으며, 또 평상복으로 임금을 뵐 수 없다.",라,False,라(대조군),Level1
당송팔대가문초구양수6,180,1217,晏球聞亂에 不俟命하고 率龍驤五百騎擊之하니 賊勢稍却이라,"왕안구(王晏球)는 난이 일어났다는 말을 듣자 명(命)을 기다리지 않고 용양군(龍驤軍) 5백 기병을 거느리고 격퇴하니, 적의 형세가 조금 꺾였다.",라,False,라(대조군),Level1
시경집전(하),704,1537,瘁는 病이요 已는 止也라,"췌(瘁)는 병듦이요, 이(已)는 그침이다.",라,False,라(대조군),Level1
서경집전(상),57,458,春秋傳所記四凶之名은 與此不同이라 說者以窮奇爲共工하고 渾敦爲驩兜하고 饕餮爲三苗하고 檮杌爲鯀이라하니 不知其果然否也로라,"≪춘추전(春秋傳)≫에 기록한 바 사흉의 이름이 여기와 같지 않은데, 해설하는 자는 궁기(窮奇)를 공공(共工)이라 하고 혼돈(渾敦)을 환도(驩兜)라 하고 도철(饕餮)을 삼묘(三苗)라 하고 도올(檮杌)을 곤(鯀)이라 하니, 그 말이 과연 옳은 지는 알 수 없다.",라,False,라(대조군),Level1
당송팔대가문초구양수1,436,2224,臣日夜思惟컨댄 方今之弊는 紀綱之壞가 非一日이며 政事之失이 非一端이요 水災至大하며 天譴至深은 亦非一事之所致라,"신은 밤낮으로 생각건대 지금의 폐해는 기강의 무너짐이 하루가 아니며 정사의 잘못이 한 가지가 아니고, 홍수의 재앙이 지극히 크고 하늘의 견책이 지극히 깊은 것은 또한 한 가지 일로 초래된 것이 아닙니다.",라,False,라(대조군),Level1
맹자집주,513,1794,充虞는 孟子弟子니 嘗董治作棺之事者也라,"충우(充虞)는 맹자(孟子)의 제자(弟子)이니, 일찍이 관(棺) 만드는 일을 감독하여 다스린 자이다.",라,False,라(대조군),Level1
당송팔대가문초구양수6,260,1867,以太子太傅致仕하고 卒하니 年六十이라,태자태부(太子太傅)로 치사(致仕)하고 졸하니 향년 60세였다.,라,False,라(대조군),Level1
당송팔대가문초소순1,336,2113,古者에 相見於天子면 天子는 爲之離席起立하고 在道면 爲之下輿하며 有病이면 親問하고 不幸而死면 親吊하니 待之如此其厚라,"옛날에 재상이 천자를 알현하면 천자는 앉았던 자리에서 일어나 맞이했고, 또 길을 가다 만나면 타고 가던 가마에서 내려 맞이했으며, 병이 나면 친히 방문하여 문병하고, 불행히 세상을 뜨면 천자가 친히 찾아가 조상하였으니, 천자가 재상을 대하는 것이 이처럼 정중했던 것이다.",라,False,라(대조군),Level1
당송팔대가문초소식2,390,1647,故로 勉作報書하노라,그러므로 억지로 답장을 쓰는 것입니다.,라,False,라(대조군),Level1
당송팔대가문초구양수1,422,2161,蓋其說有三하니 一曰畏大臣이요 二曰畏小人이요 三曰無奇策이라,"대개 그 이유가 세 가지 있으니, 첫째는 대신을 두려워하는 것이고, 둘째는 소인을 두려워하는 것이고, 셋째는 특별한 계책이 없는 것입니다.",라,False,라(대조군),Level1
당송팔대가문초구양수5,134,972,葛從周는 事梁爲大將하야 百戰不失하니 可謂兵之善者已라,"갈종주(葛從周)는 양(梁)나라에 벼슬하여 대장(大將)이 되어 수많은 전투에서 패배한 적이 없으니, 용병(用兵)에 능통한 사람이라 이를 만하다.",라,False,라(대조군),Level1
당송팔대가문초왕안석2,136,595,紂爲君이 至暴矣라,은(殷)의 주(紂)가 임금 노릇한 것은 지극히 포악(暴惡)하였다.,라,False,라(대조군),Level1
자치통감강목13,7,37,今日은 是我死日也라,오늘은 바로 내가 죽을 날이다.,라,False,라(대조군),Level1
주역전의(상),897,2792,以二體로 釋卦名義라,두 체(體)로 괘명(卦名)의 뜻을 해석하였다.,라,False,라(대조군),Level1
당송팔대가문초소식4,387,1508,幽憂憤歎之作이 蓋亦有之矣나 特恐死嶺外하야 而天子之恩을 不及報하야 以忝其父祖耳라,간혹 속으로 근심하고 분노하고 한탄한 작품도 있었지만 이는 다만 영외(嶺外)에서 죽어서 천자(天子)의 은혜를 미처 갚지 못하여 아버지와 할아버지를 욕되게 할까 두려워했을 뿐이었다.,라,True,라(대조군),Level1
주역전의(상),384,1324,君子所行이 柔順而利且貞하니 合坤德也라,"군자(君子)의 행하는 바가 유순하고 이롭고 또 정(貞)하니, 곤(坤)의 덕(德)에 합한다.",라,False,라(대조군),Level1
당송팔대가문초소식5,327,1264,其二는 在水하니 前者反顧하야 若以鼻語하고 後者不應하야 欲飮而留行이라,"그리고 나머지 두 마리는 물에 있는데, 앞에 있는 놈은 뒤를 돌아보면서 마치 코로 말하는 듯하고, 뒤에 있는 놈은 대꾸하지 않고서 물을 마시려고 걸음을 멈추고 있다.",라,True,라(대조군),Level1
당송팔대가문초한유3,310,1657,我預在此하니 與君俱膺하리라,나도 이곳에서 이 일에 참여하였으니 나도 그대와 함께 좋은 일을 만날 것이다.”라고 하였지요.,라,False,라(대조군),Level1
주역전의(하),681,2044,姤所以次夬也라,구괘(姤卦)가 이 때문에 쾌괘(夬卦)의 다음이 된 것이다.,라,False,라(대조군),Level1
시경집전(하),1665,3730,"坼, 副는 皆裂也라",탁(坼)과 부(副)는 모두 찢음이다.,라,False,라(대조군),Level1
주역전의(하),266,765,明夷之時엔 利於處艱厄而不失其貞正이니 謂能晦藏其明也라,"명이(明夷)의 때에는 간액(艱厄)에 처하더라도 정정(貞正)을 잃지 않음이 이로우니, 그 밝음을 감춤을 이른다.",라,False,라(대조군),Level1
논어집주,677,2427,臨淵은 恐墜요 履氷은 恐陷也라,"못에 임한 듯이 한다 함은 떨어질까 두려워하는 것이고, 얼음을 밟는 듯이 한다 함은 빠질까 두려워하는 것이다.",라,False,라(대조군),Level1
시경집전(하),470,1041,今涵容不斷하고 讒信不分이라,그런데 이미 불신(不信)의 말을 함용(涵容)하여 결단하지 아니하고 참언(讒言)과 신언(信言)을 구분하지 않는다.,라,False,라(대조군),Level1
당송팔대가문초구양수2,386,1513,故有支移之賦하며 有和糴之粟하며 有入中之粟하며 有和買之絹하며 有雜料之物하고 茶鹽山澤之利는 有榷有征이라,"그러므로 ‘지이(支移)’라는 부세가 있고, ‘화적(和糴)’이라는 곡식이 있고, ‘입중(入中)’이라는 곡식이 있고, ‘화매(和買)’라는 명주가 있고, ‘잡료(雜料)’라는 물건이 있으며, 차(茶)와 소금 등 산택(山澤)의 이익에 대해서는 전매(專賣)도 있고 부과(賦課)도 있다.",라,False,라(대조군),Level1
당송팔대가문초소순1,169,1079,苟遷擧而措之諸侯之末하니 則西戎獫狁亦或庶乎其間이라,실로 사마천(司馬遷)이 들어 제후의 끝에 두었으니 서융(西戎)과 험윤(獫狁) 또한 어쩌면 아마 그 사이에 놓일 것이다.,라,False,라(대조군),Level1
당송팔대가문초한유2,144,573,文極頓挫라,문장에 변화와 기복이 지극하다.,라,False,라(대조군),Level1
당송팔대가문초구양수5,49,355,其子存勖이 諫曰 此吾復振之時也라,그 아들 이존욱(李存勖)이 간하기를 “이는 우리들이 다시 세력을 떨칠 기회입니다.,라,False,라(대조군),Level1
논어집주,564,2076,故로 苟以禮來면 則無不有以敎之也라,그러므로 만일 예(禮)를 갖추고 찾아오면 가르쳐 주지 않음이 없었던 것이다.,라,False,라(대조군),Level1
주역전의(하),2031,5753,陽은 一君而二民이니 君子之道也요 陰은 二君而一民이니 小人之道也라,"양(陽)은 한 군주에 두 백성이니 군자(君子)의 도(道)이고, 음(陰)은 두 군주에 한 백성이니 소인(小人)의 도(道)이다.",라,False,라(대조군),Level1
시경집전(하),2564,5705,實右序有周라,실로 우리 주(周)나라를 높여 차례를 잇게 한지라,라,True,라(대조군),Level1
시경집전(상),138,379,遵彼汝墳하여 伐其條肄호라,저 여수(汝水)의 제방을 따라 가지와 다시 자란 가지를 베노라,라,False,라(대조군),Level1
서경집전(하),1079,4104,甲戌에 我惟征徐戎호리니 峙乃糗糧호되 無敢不逮하라,"갑술일(甲戌日)에 나는 서융(徐戎)을 정벌할 것이니, 네 구량(糗糧)을 준비하되 감히 미치지 못함이 없도록 하라.",라,False,라(대조군),Level1
논어집주,48,222,然이나 或吝於改過면 則終無以入德하여 而賢者未必樂告以善道라,그러나 혹 허물을 고치는데 인색하면 끝내 덕(德)에 들어갈 수 없어서 현자(賢者)들이 반드시 선(善)한 도(道)로써 말해주기를 좋아하지 않을 것이다.,라,False,라(대조군),Level1
맹자집주,1683,5507,曰 否라,“아니다.”,라,False,라(대조군),Level1
시경집전(상),482,1113,忮는 害요 求는 貪이요 臧은 善也라,"기(忮)는 해(害)함이요, 구(求)는 탐(貪)함이요, 장(臧)은 선(善)함이다.",라,False,라(대조군),Level1
당송팔대가문초구양수5,217,1450,有驍將陳章者가 號陳野叉어늘 常乘白馬被朱甲以自異하고 出入陣中에 求周陽五하야 欲必生致之라,"용맹한 장수 진장(陳章)이라는 자가 진야차(陳野叉)라고 불렸는데 항상 백마(白馬)를 타고 붉은 갑옷을 입어 다른 사람과 자신을 구별하고, 전장(戰場)을 출입할 때 주양오를 찾아다니며 반드시 그를 생포하려 하였다.",라,True,라(대조군),Level1
자치통감강목14,125,371,敦이 至石頭하여 欲攻隗어늘 杜弘曰 隗死士多하여 未易(이)可克이요 周札少恩하여 兵不爲用하니 攻之必敗라,"왕돈(王敦)이 석두성에 이르러 유외를 공격하려고 하자, 두홍(杜弘)이 말하기를 “유외에게는 사력(死力)을 다하여 싸우는 병사가 많아서 쉽게 이길 수가 없고, 주찰은 은혜가 적어서 병사들이 그를 위해 쓰이려고 하지 않을 것이니, 그를 공격하면 반드시 물리칠 수 있습니다.",라,False,라(대조군),Level1
맹자집주,1908,6016,言舜之心이 知有父而已요 不知有天下也라,"순(舜)임금의 마음은 아버지가 있음을 알 뿐이요, 천하가 있음을 알지 못함을 말씀한 것이다.",라,False,라(대조군),Level1
당송팔대가문초증공1,354,1953,故樂易敦朴之俗微하고 而詭欺薄惡之習勝이라,"때문에 즐겁고 평이하며 돈후하고 질박한 습속은 쇠퇴하고, 술수를 부리고 기만하며 야박하고 악렬한 습속이 우세해졌다.",라,False,라(대조군),Level1
당송팔대가문초구양수3,519,2302,而於選法에 未嘗有所更易하니 人或問之한대 公曰 選法具備하니 如權衡在執者不欺其輕重耳라,"관리를 선발하는 법을 결코 바꾼 적이 없으니, 어떤 이가 혹 이에 대해 질문하자 공이 말하기를 “관리를 선발하는 법이 구비되어 있으니 저울질은 저울을 잡은 자가 무게를 속이지 않는 것과 같다.",라,False,라(대조군),Level1
자치통감강목5,130,283,"治有異等之效하니 其賜成爵關內侯, 秩中二千石하라","다스림에 월등한 공로가 있으니, 왕성에게 관내후(關內侯)의 작위와 질(秩) 중이천석(中二千石)을 하사하라.”",라,False,라(대조군),Level1
당송팔대가문초구양수3,313,1166,大宋之興이 於今八十年이라,대송(大宋)이 흥기한 지 지금 80년이다.,라,False,라(대조군),Level1
자치통감강목3,1510,3437,路中大夫至하니 三國兵이 圍臨菑數重이라,"노중대부가 제(齊)나라에 이르니, 〈교서(膠西)‧임치(臨菑)‧제남(濟南)의〉 세 나라 군대가 임치성(臨菑城)을 몇 겹으로 포위하고 있었다.",라,False,라(대조군),Level1
자치통감강목15,1332,1880,十五年이라,진(晉)나라(동진(東晉)) 효무황제(孝武皇帝) 태원(太元) 15년이다.,라,False,라(대조군),Level1
당송팔대가문초소순1,108,698,自顧無分毫之功有益於世나 而王命至門에 不知辭讓하고 不畏簡書하여 朋友之譏나 而苟以爲榮이라,스스로 돌아보니 세상을 유익하게 한 조금의 공도 없으면서 왕명(王命)이 문에 이르자 사양할 줄도 모르고 이 간서(簡書)를 두려워하지도 않아 벗들이 나무랐으나 실로 영광(榮光)으로 생각했습니다.,라,False,라(대조군),Level1
맹자집주,920,3219,至는 極也라,지(至)는 지극함이다.,라,False,라(대조군),Level1
논어집주,125,475,安은 所樂也라,안(安)은 즐거워하는 것이다.,라,False,라(대조군),Level1
당송팔대가문초구양수5,275,1851,義誠已殺岳하고 又以從榮故로 與弘實有隙이라,강의성은 이미 손악을 죽인 데다 이종영에 대한 일 때문에 주홍실(朱弘實)과 틈이 있었다.,라,False,라(대조군),Level1
당송팔대가문초구양수1,289,1647,臣見自古蠻蜒爲害者를 不聞盡殺이요 須是招降이라,신이 보건대 예로부터 남쪽 오랑캐로서 해를 끼치는 자들을 다 죽였다는 말은 듣지 못하였고 반드시 불러 항복하게 했었습니다.,라,False,라(대조군),Level1
시경집전(하),2646,5879,賦也라,부(賦)이다.,라,False,라(대조군),Level1
당송팔대가문초구양수2,157,600,議者多云不便이로되 而聞理命若斯하니 必有以也라,"사람들이 대개 불편할 것이라 하지만 평소의 유언이 이와 같았다고 하니, 필시 까닭이 있을 것입니다.",라,False,라(대조군),Level1
예기집설대전2,58,73,成寢而夷人之墓가 不仁也요 不改葬而又請合焉이 亦非孝也요 許其合而又命之哭焉은 矯僞以文過也라,"정침(正寢)을 지으면서 남의 묘소를 평평하게 만드는 것은 불인(不仁)이고, 개장(改葬)하지 않고 또 합장(合葬)을 청하는 것도 효(孝)가 아니며, 합장을 허락하고 또 그에게 곡(哭)하도록 명령한 것은 기만과 거짓으로써 자기의 과오를 미화한 것이다.",라,True,라(대조군),Level1
예기집설대전2,293,419,及人可也나 不及人은 非禮矣라,남에게 미치는 것은 괜찮지만 남에게 미치지 못한 것은 예(禮)가 아니다.,라,False,라(대조군),Level1
당송팔대가문초구양수3,610,2839,州故多盜어늘 公按令하야 爲民立伍保而簡其法하니 民便安之하고 盜賊爲息이라,"주(州)에 예로부터 도적이 많았는데 공이 법령을 살펴 백성들을 위해 오보법(伍保法)을 제정하되 그 법을 간편하게 하니, 백성들이 편안하게 여겼고 도적들도 사라졌다.",라,False,라(대조군),Level1
당송팔대가문초유종원1,227,1465,韜涵太虛하고 澹灩里閭하니 誠游觀之佳麗者已라,"거기에는 허공의 그림자가 잠겨 있고 마을 모습도 물빛 속에서 흔들리고 있으니, 참으로 유람하기 좋고 아름다운 곳이다.",라,True,라(대조군),Level1
자치통감강목20,1471,2328,是時에 梁興四十七年에 境内無事러니 賊至猝迫하니 公私駭震이라,"이때는 양(梁)나라가 건립된 지 47년으로, 경내에 아무 일이 없었는데, 적들이 이르러 갑자기 들이닥치자 공사간에 놀라고 두려워하였다.",라,True,라(대조군),Level1
자치통감강목10,1370,2161,此道秋夏有水하여 淺不通車馬하고 深不載舟船하니 爲難이 久矣라,"“이 길은 가을과 여름에 홍수가 져서, 얕아도 수레와 말이 통행하지 못하고 깊어도 배가 통행하지 못하니, 길을 가기 어려운 지가 오랩니다.",라,False,라(대조군),Level1
당송팔대가문초구양수3,501,2194,公以謂智高는 交趾叛者니 宜聽出兵이요 毋沮其善意라하야 累疏論之하되 不報라,그러나 공은 ‘농지고는 교지에 반란을 일으킨 자이니 마땅히 그들이 출병하겠다는 청을 들어주어야지 그 선의(善意)를 막아서는 안 된다.’라고 생각하여 누차 상소하여 이에 대해 논하였으나 조정에서는 답하지 않았다.,라,False,라(대조군),Level1
논어집주,891,3117,戰色은 戰而色懼也라,전색(戰色)은 두려워하여 얼굴빛에 두려워하는 것이다.,라,False,라(대조군),Level1
논어집주,555,2055,道는 則人倫日用之間所當行者是也라,도(道)는 곧 인륜과 일상생활하는 사이에 마땅히 행하여야할 것이 이것이다.,라,False,라(대조군),Level1
당송팔대가문초구양수4,144,673,有文集十卷과 奏議集十二卷이라,문집 10권과 주의집(奏議集) 12권이 있다.,라,False,라(대조군),Level1
당송팔대가문초구양수3,390,1462,至于出入勤勞之節과 與其進退綢繆君臣之恩意하얀 可以褒勸後世가 如古詩書所載하니 皆應法可書라,"변경에 나가거나 조정에 들어와서 노력하고 수고한 절개와 출사하거나 물러나거나 상관없이 깊었던 군신 사이의 정의(情意)로 말하자면, 후세 사람들을 장려하고 권면할 수 있는 것이 마치 옛 시서(詩書)에 수록된 일들과 같으니 모두 본보기가 될 만하고 기록할 만합니다.",라,True,라(대조군),Level1
자치통감강목12,211,860,泰進軍隴西할새 諸將皆曰 王經이 新敗하고 蜀衆이 大盛하니 今以烏合之卒로 當之면 殆必不可라,"진태(陳泰)가 농서(隴西)로 진군할 적에 여러 장군들이 모두 말하기를 “왕경(王經)이 막 패배하고 촉한(蜀漢)의 군대가 매우 왕성하니, 지금 오합지졸로 그들에게 맞서면 필시 불가할 것입니다.",라,False,라(대조군),Level1
시경집전(하),229,501,比也라,비(比)이다.,라,False,라(대조군),Level1
주역전의(하),1497,4517,渙散之時엔 以合爲安하나니 二居險中하여 急就於初는 求安也라,"환산(渙散)의 때에는 합하는 것을 편안함으로 삼으니, 이(二)가 험한 가운데에 거하여 급히 초(初)에 나아감은 편안함을 구해서이다.",라,False,라(대조군),Level1
시경집전(상),203,529,南國이 被文王之化하여 大夫妻能奉祭祀하니 而其家人이 敍其事以美之也라,"남국(南國)이 문왕(文王)의 교화를 입어 대부(大夫)의 아내가 제사를 잘 받드니, 가인(家人)들이 그 일을 서술하여 찬미한 것이다.",라,True,라(대조군),Level1
당송팔대가문초소철3,103,529,此亦足以按兩漢重二千石之權之意요 而爲御史者는 不至於怙權作威也라하노라,"이것은 또한 족히 서한(西漢)과 동한시대(東漢時代)에 이천석(二千石)의 권한을 중시했던 의미를 참작할 수 있는 것이고, 따라서 어사(御史)가 된 자는 권력을 믿고 위엄을 부리는 지경에 이르지 않을 것이다.”라고 하노라.",라,False,라(대조군),Level1
맹자집주,1589,5272,宋은 姓이요 牼은 名이라,"송(宋)은 성(姓)이요, 경(牼)은 이름이다.",라,False,라(대조군),Level1
주역전의(상),752,2359,左次无咎는 未失常也라,“좌차(左次)하여 허물이 없음은 떳떳함을 잃은 것이 아니다.”,라,False,라(대조군),Level1
맹자집주,900,3165,鸇은 食雀者也라,전(鸇)은 참새를 잡아먹는 새이다.,라,False,라(대조군),Level1
주역전의(상),1341,4051,二는 巽體而處柔하여 順義爲多하니 幹母之蠱之道也라,"이(二)는 손체(巽體)로 유(柔)에 처하여 순한 뜻이 많으니, 어머니의 일을 주관하는 도(道)이다.",라,False,라(대조군),Level1
주역전의(상),1445,4320,觀我生進退하니 未失道也라,"“내가 내는 것을 보아 진퇴(進退)하니, 도(道)를 잃지 않다.”",라,False,라(대조군),Level1
주역전의(상),149,739,離則二體上下皆陽이요 陰實麗焉하니 陽之盛也라,이(離)는 두 체(體)의 위와 아래가 모두 양(陽)인데 음(陰)이 실제로 걸려 있으니 양(陽)이 성한 것이다.,라,False,라(대조군),Level1
당송팔대가문초소식3,286,1124,易者는 聖人之動이요 而卦者는 動之時也라,"역(易)이라는 것은 성인(聖人)의 동(動)함이고, 괘(卦)라는 것은 동(動)하는 때이다.",라,False,라(대조군),Level1
서경집전(하),121,507,肅乂哲謀聖者는 五德之用也니 肅者는 嚴正也요 乂者는 條理也요 哲者는 智也요 謀者는 度也요 聖者는 無不通也라,"숙(肅)·예(乂)·철(哲)·모(謀)·성(聖)은 오덕(五德)의 용(用)이니, 숙(肅)은 엄정(嚴正)함이요, 예(乂)는 조리(條理)요, 철(哲)은 지혜(智慧)요, 모(謀)는 헤아림이요, 성(聖)은 통하지 않음이 없는 것이다.",라,False,라(대조군),Level1
예기집설대전2,922,1330,故曾子以爲非古라,그렇기 때문에 증자(曾子)께서 옛날의 예가 아니라고 하신 것이다.,라,False,라(대조군),Level1
논어집주,159,577,故로 或人疑其不爲政也라,그러므로 혹자가 정사를 하지 않는다고 의아해 한 것이다.,라,False,라(대조군),Level1
시경집전(상),1518,3474,於是에 憂者重嗟歎之하여 以爲此之可憂는 初不難知어늘 彼之非我는 特未之思耳라,"이에 근심하는 자가 거듭 차탄(嗟歎)하여 이르기를, 이것이 근심스러울 만함은 애당초 알기가 어렵지 않거늘, 저들이 나를 비난함은 다만 생각하지 않아서이다.",라,True,라(대조군),Level1
논어집주,259,957,天下之無道也久矣라,천하(天下)에 도(道)가 없는 지 오래되었다.,라,True,라(대조군),Level1
논어집주,982,3300,式은 車前橫木이니 有所敬이면 則俯而憑之라,"식(式)은 수레 앞에 가로로 댄 나무이니, 공경할 일이 있으면 몸을 굽혀 기대는 것이다.",라,False,라(대조군),Level1
당송팔대가문초증공1,254,1420,深甫는 吾友也니 姓王氏요 諱回라,"심보(深甫)는 나의 벗이니, 성(姓)은 왕씨(王氏)이고 휘(諱)는 회(回)이다.",라,False,라(대조군),Level1
당송팔대가문초구양수3,531,2376,然在外所言이 如在朝廷而任言責者요 至其難言하얀 則人有所不敢言者라,"그러나 외직에서 말한 것이 조정에서 간관(諫官)의 직임을 맡은 자의 말과 같았고, 말하기 어려운 바를 말한 것에 이르러서는 사람들이 감히 말하지 못하는 것이 있었다.",라,False,라(대조군),Level1
자치통감강목18,424,1457,乃以謀告淵한대 淵即以告道成이라,"마침내 모의를 저연에게 알리자, 저연이 곧장 소도성에게 고하였다.",라,False,라(대조군),Level1
당송팔대가문초소순1,396,2503,靈師文暢之徒는 飮酒食肉以自絶於其敎라,영사(靈師)와 문창(文暢)은 술을 마시고 고기를 먹어 스스로 그들의 가르침을 끊었다.,라,False,라(대조군),Level1
춘추좌씨전5,261,1344,觀書於大史氏할새 見易象與魯春秋하고 曰 周禮盡在魯矣라,한선자(韓宣子)가 태사씨(太史氏)의 집에 가서 도서(圖書)를 구경할 때 《역상(易象)》과 《노춘추(魯春秋)》를 보고서 말하기를 “주례(周禮)가 모두 노(魯)나라에 있구나.,라,False,라(대조군),Level1
당송팔대가문초구양수2,303,1116,秦於是時에 旣平犬戎하고 因取周所賜岐豐之地러니 而繆公以來로 始東侵晉地하야 至于河하고 盡滅諸戎하야 拓國千里라,"진(秦)은 이때에 이미 견융(犬戎)을 평정하고 인하여 주(周)에서 내려 준 기(岐)․풍(豐) 지역을 취하였고, 목공(繆公) 이래로 비로소 동쪽으로 진(晉)나라 땅을 침략하여 황하(黃河) 유역까지 이르고, 여러 융(戎)들을 모두 섬멸하여 나라의 영토를 확장하여 천 리가 되게 하였다.",라,False,라(대조군),Level1
자치통감강목6,1169,2554,"明堂, 辟雍, 靈臺雜見於詩, 禮, 孝經, 孟子나 其制作之詳은 不可得而聞矣라","“명당(明堂)과 벽옹(辟雍), 영대(靈臺)는 ≪시경(詩經)≫과 ≪예기(禮記)≫, ≪효경(孝經)≫과 ≪맹자(孟子)≫에 뒤섞여 보이나 그 제작(制作)의 자세함은 들을 수가 없다.",라,False,라(대조군),Level1
자치통감강목11,480,1652,亮이 問鄧芝曰 箕谷軍退에 兵將이 初不相失은 何也오 芝曰 趙雲이 身自斷後하여 軍資什物이 略無所棄라,"제갈량(諸葛亮)이 등지(鄧芝)에게 묻기를 “기곡(箕谷)에서 군대가 후퇴할 적에 병사와 장수가 시종 질서정연했던 것은 어째서인가?” 하니, 등지가 대답하기를 “조운이 몸소 직접 후미가 되어 적의 추격을 막으니, 군수물자와 일용품이 조금도 버려진 것이 없었습니다.",라,False,라(대조군),Level1
자치통감강목12,298,1220,君特恐其道臣下姦慝이라 故不欲令入耳라,그대는 다만 위소 등이 신하들의 간특함을 말할까 두려워하므로 들어오지 못하게 하려는 것뿐이다.,라,False,라(대조군),Level1
서경집전(상),369,2122,又唐長慶中에 薛元鼎이 使吐蕃할새 自隴西成紀縣西南으로 出塞二千餘里하여 得河源於莫賀延積尾하니 曰閟磨黎山이라,"또 당(唐)나라 장경년간(長慶年間)에 설원정(薛元鼎)이 토번(吐蕃)에 사신(使臣)으로 갈 적에 농서(隴西)의 성기현(成紀縣) 서남쪽으로부터 변방 2천여 리를 나가서 하원(河源)을 막하(莫賀) 연적미(延積尾)에서 찾아내니, 비마려산(閟磨黎山)이라 칭한다.",라,False,라(대조군),Level1
서경집전(상),10,60,此는 言堯推其德하여 自身而家而國而天下하니 所謂放勳者也라,"이는 요(堯)가 그 덕을 미루어 자신으로부터 집에 이르고 나라에 이르고 천하에 이름을 말하였으니, 이른바 방훈(放勳)이라는 것이다.",라,True,라(대조군),Level1
자치통감강목1,29,171,至元後戊寅冬에 友人朱平仲晏이 歸自泗濱하야 明年春에 出其所錄之本하고 謂得於趙公繼清篔翁之子嘉績礙라하야 始獲披閱이라,"지원(至元) 후(後) 무인년(戊寅年)(1338) 겨울에 우인(友人) 주평중(朱平仲) 안(晏)이 사빈(泗濱)에서 돌아왔는데, 그 다음 해 봄에 그가 베껴온 책을 내보이면서 말하기를, “조공(趙公) 계청(繼淸) 운옹(篔翁)의 아들 가적(嘉績) 애(礙)에게서 얻었다.”라고 하여 비로소 책을 얻어 읽어보았다.",라,False,라(대조군),Level1
주역전의(하),1119,3405,行其庭不見其人은 庭除之間은 至近也니 在背則雖至近이나 不見하니 謂不交於物也라,"뜰에 가면서도 사람을 보지 못한다는 것은 정제(庭除)의 사이는 지극히 가까우니, 등에 있으면 비록 지극히 가까우나 보지 못하니, 외물(外物)과 사귀지 않음을 이른다.",라,False,라(대조군),Level1
자치통감강목5,1059,2429,若當望之飮鴆之後하여 稱疾而去면 則善矣리라,소망지(蕭望之)가 짐독(鴆毒)을 마신 뒤를 당하여 병을 칭탁하고 떠나갔으면 좋았을 것이다.”,라,True,라(대조군),Level1
당송팔대가문초구양수5,113,849,贇客將賈正等이 數目道하여 欲圖之한대 贇曰 勿草草하라,"유빈의 객장(客將) 가정(賈正) 등이 자주 풍도를 주시하며 그를 죽이려고 하였는데, 유빈이 말하기를 “경솔하게 행동하지 말라.",라,False,라(대조군),Level1
주역전의(상),778,2446,比는 輔也니 下順從也라,"비(比)는 돕는 것이니, 아래가 순히 따르는 것이다.",라,False,라(대조군),Level1
당송팔대가문초구양수4,276,1303,方其亡恙時에 爲理命數百言이러니 已而疾且革이라,군이 아직 병이 들지 않았을 때 유명(遺命) 수백 자를 지었는데 이윽고 질병이 위독해졌다.,라,True,라(대조군),Level1
주역전의(상),217,968,九陽四陰이니 居上之下하여 改革之際요 進退未定之時也라,"구(九)는 양(陽)이고 사(四)는 음위(陰位)이니, 상괘(上卦)의 아래에 있어서 개혁의 즈음이요 진퇴를 결정하지 못한 때이다.",라,False,라(대조군),Level1
시경집전(상),425,1000,雖云狂惑이나 然亦或惠然而肯來로되 但又有莫往莫來之時하니 則使我悠悠而思之라,"비록 광혹(狂惑)하다고는 하나 혹 혜연(惠然)히 즐겨 오기도 하는데, 다만 또 가지도 오지도 않을 때가 있으니, 나로 하여금 유유(悠悠)히 그립게 한다.",라,True,라(대조군),Level1
당송팔대가문초한유3,93,540,公諱道古요 字某니 曹成王子라,공(公)은 휘(諱)가 도고(道古)이고 자(字)가 아무개이니 조성왕(曹成王)의 아들이다.,라,False,라(대조군),Level1
시경집전(하),2064,4622,彼謂不必修德而可以服人者는 是牛羊之童者而求其角也니 亦徒潰亂汝而已라,"저 굳이 덕(德)을 닦지 않고도 남을 복종시킬 수 있다고 말하는 자는 이늘 뿔이 없는 소와 양에 그 뿔을 구하는 격이니, 또한 다만 너를 궤란(潰亂)시킬 뿐이다.",라,False,라(대조군),Level1
자치통감강목11,220,820,然이나 地勢陸通하여 今日取之라도 操後旬必來爭하리니 雖以七八萬人守之라도 猶當懷憂라,"그러나 서주는 지형이 사방의 육로와 통하여 금일에 점령하더라도 조조가 후일에 반드시 와서 다툴 것이니, 비록 7, 8만의 병력을 남겨두어 지키게 하더라도 오히려 근심해야 할 것입니다.",라,False,라(대조군),Level1
당송팔대가문초구양수1,120,816,使四夷聞天子皇叔薨而無錢出葬하야 遂輕中國而動心이 四也요 今天下物力雖乏이나 然凡百用度를 不能節費處多어늘 獨於皇叔之身에 有所裁損하야 傷陛下孝治之美가 五也라,"사이(四夷)로 하여금 천자의 황숙이 훙서(薨逝)했는데도 장사지낼 돈이 없다는 소문을 듣게 하여 마침내 중국을 업신여겨 침략할 마음을 내게 하는 것이 넷째이고, 지금 천하의 물력이 비록 궁핍하나 모든 용도에 비용을 절약할 수 없는 곳이 많거늘 유독 황숙의 몸에 비용을 줄여서 효치(孝治)하시는 폐하의 미덕을 손상하는 것이 다섯째입니다.",라,False,라(대조군),Level1
당송팔대가문초구양수2,348,1326,是以로 兵無制하며 用無節이면 國家無法度하야 一切苟且而已라,"이 때문에 군사를 제어하지 못하고 용도를 절약하지 못하면, 국가에 법도가 없어서 모든 것이 구차할 따름입니다.",라,False,라(대조군),Level1
당송팔대가문초소식1,298,1376,一使所獲이 率不下二十萬緡하니 使五六至면 而累年所罷歲賜를 可以坐復이라,"한 사신이 얻는 것이 대체로 2십만 민(緡) 이하가 되지 않으니, 사신이 대여섯 번만 오면 수년 동안 중지했던 세사전(歲賜錢)을 앉아서 회복할 수 있게 되었습니다.",라,False,라(대조군),Level1
맹자집주,163,632,詩는 周頌我將之篇이라,시(詩)는 ˂주송(周頌) 아장편(我將篇)˃이다.,라,False,라(대조군),Level1
춘추좌씨전6,16,37,其非唯我賀라 將天下實賀하리라,우리만이 축하할 뿐 아니라 장차 천하(天下)의 제후(諸侯)가 모두 와서 축하할 것이오.”라고 하였다.,라,True,라(대조군),Level1
맹자집주,2137,6593,盍은 何不也라,합(盍)은 어찌 아니이다.,라,False,라(대조군),Level1
시경집전(하),1980,4449,慆는 慢이요 興은 起也라,"도(慆)는 태만함이요, 흥(興)은 일어남이다.",라,False,라(대조군),Level1
당송팔대가문초소식5,468,1704,予飮酒終日호되 不過五合하니 天下之不能飮은 無在予下者라,"나는 하루 종일 술을 마시지만 다섯 홉에 지나지 않으니, 천하(天下)에 나만큼 술을 잘 마시지 못하는 사람은 없을 것이다.",라,True,라(대조군),Level1
시경집전(상),247,619,縫은 縫皮合之하여 以爲裘也라,"봉(縫)은 가죽을 꿰매어, 합쳐서 갖옷을 만드는 것이다.",라,False,라(대조군),Level1
시경집전(하),1695,3816,燔은 傅諸火也요 烈은 貫之而加于火也라,"번(燔)은 불에 대는 것이요, 열(烈)은 꼬치에 꿰어서 불에 올려 놓는 것이다.",라,False,라(대조군),Level1
주역전의(하),52,167,恒은 序卦에 夫婦之道는 不可以不久也라,항괘(恒卦)는 ˂서괘전(序卦傳)˃에 “부부(夫婦)의 도(道)는 오래하지 않을 수 없다.,라,False,라(대조군),Level1
서경집전(상),665,3363,玆予有亂政同位 具乃貝玉하면 乃祖乃父 丕乃告我高后하여 曰 作丕刑于朕孫이라하여 迪高后하여 丕乃崇降弗祥하리라,"나의 정사(政事)를 다스려 지위를 함께한 자들이 화패(貨貝)와 옥(玉)을 모으면 너희들의 조(祖)·부(父)가 크게 우리 고후(高后)에게 아뢰어  ‘나의 손자에게 큰 형벌을 내리소서.’라고 말하여, 고후(高后)를 인도(引導)하여 크게 상서(祥瑞)롭지 못함을 많이 내릴 것이다.",라,False,라(대조군),Level1
당송팔대가문초소식3,97,366,魏晉以來는 出於九品中正하고 隋唐至今은 出於科擧하니 雖不盡然이나 取其多者論之라,"위(魏)․진(晉) 이래로는 구품중정(九品中正)에서 나오고, 수(隋)․당(唐)으로부터 지금에 이르기까지는 과거(科擧)에서 나왔으니, 이는 비록 모두 그렇지는 않으나 그중에 많은 것을 취하여 논한 것이다.",라,False,라(대조군),Level1
주역전의(상),219,972,聖人이 旣得天位면 則利見在下大德之人하여 與共成天下之事요 天下固利見夫大德之君也라,"성인(聖人)이 이미 천위(天位)를 얻었으면 아래에 있는 대덕(大德)의 사람을 만나보아 함께 천하의 일을 이루는 것이 이롭고, 천하 사람들은 진실로 대덕(大德)의 군주를 만남이 이롭다.",라,False,라(대조군),Level1
주역전의(상),579,1892,四以陰柔而蒙闇하고 无剛明之親援하여 无由自發其蒙하니 困於昏蒙者也니 其可吝甚矣라,"사(四)는 음유(陰柔)로서 몽매하고 강명(剛明)한 이가 가까이에서 원조해 줌이 없어서 스스로 몽매함을 개발할 길이 없으니, 혼몽함에 곤궁한 자이니, 부끄러울 만함이 심하다.",라,True,라(대조군),Level1
당송팔대가문초소식5,310,1207,"也延州來季子, 張子房은 皆不死者라",연주래(延州來) 계자(季子)와 장자방(張子房)은 모두 죽지 않은 자이다.,라,False,라(대조군),Level1
시경집전(하),1824,4114,"蹌蹌, 濟濟는 群臣有威儀貌라",창창(蹌蹌)과 제제(濟濟)는 군신(群臣)들이 위의(威儀)가 있는 모양이다.,라,False,라(대조군),Level1
당송팔대가문초구양수3,597,2757,將終에 口授其弟純臣遺奏하야 以宗廟至重儲嗣未立爲憂하니 天子愍然이라,임종(臨終)할 때에 아우인 순신에게 유주(遺奏)를 불러주면서 종묘(宗廟)가 매우 귀중한데 태자를 세우지 않은 것을 근심하니 천자가 매우 슬퍼하였다.,라,True,라(대조군),Level1
시경집전(상),1444,3300,偲는 多鬚之貌니 春秋傳所謂于思 卽此字니 古通用耳라,"시(偲)는 수염이 많은 모양이니, ≪춘추전(春秋傳)≫에 이른바 ‘우사(于思)’가 바로 이 자(字)이니, 옛날에 통용되었다.",라,False,라(대조군),Level1
당송팔대가문초유종원1,294,1792,自武功西至于好畤은 其驛三이니 其蔽曰鳳翔府요 其關曰隴關이라,무공현(武功縣)에서 서쪽으로 호치현(好畤縣)까지는 역참이 3개소인데 이들을 관할하는 곳은 봉상부(鳳翔府)이고 그 관문은 농관(隴關)이다.,라,False,라(대조군),Level1
당송팔대가문초왕안석2,118,553,故疑此非周公之法也라하노라,그 때문에 이것은 주공(周公)이 만든 법이 아닐 것이라고 의심하는 것이다.,라,False,라(대조군),Level1
서경집전(하),266,991,言天之所以否閉艱難하여 國家多難者는 乃我成功之所在니 我不敢不極卒武王所圖之事也라,"하늘이 부폐(否閉)하고 간난(艱難)하여 국가(國家)가 어려움이 많은 까닭은 바로 우리가 성공할 수 있는 소재(所在)이니, 내 감히 무왕(武王)이 도모하신 일을 지극히 마치지 않을 수 없는 것이다.",라,False,라(대조군),Level1
시경집전(상),940,2194,賦也라,부(賦)이다.,라,False,라(대조군),Level1
예기집설대전2,2007,2851,文子는 晉大夫니 名武라,문자(文子)는 진(晉)나라 대부(大夫)로 이름은 무(武)이다.,라,False,라(대조군),Level1
서경집전(상),165,1155,蓋射는 所以觀德이니 頑愚讒說之人이 其心不正이면 則形乎四體하고 布乎動靜하여 其容體必不能比於禮하고 其節奏必不能比於樂하여 其中이 必不能多하리니 審如是면 則其爲頑愚讒說也必矣라,"활쏘기는 덕(德)을 관찰하는 것이니, 완우(頑愚)하고 참설하는 사람이 그 마음이 바르지 못하면 사지(四肢)에 드러나고 동정(動靜)에 베풀어져서 그 용체(容體)가 반드시 예(禮)에 맞지 못하고 절주(節奏)가 반드시 음악에 맞지 못하여 과녁을 맞춤이 반드시 많지 못할 것이니, 참으로 이와 같다면 완우한 참설임이 분명하다.",라,True,라(대조군),Level1
자치통감강목5,207,449,又諸儒生이 多窶人子라 遠客饑寒하여 喜妄說狂言하여 不避忌諱하니 大將軍이 常讐之라,"또 여러 유생들은 대부분 가난한 사람들의 자식이어서 멀리 나그네가 되어 서울에 와서 굶주림과 추위에 시달리므로 허망한 말을 하기 좋아해서 기휘(忌諱)를 피하지 않으니, 대장군이 이것을 미워하여 원수처럼 여겼었다.",라,False,라(대조군),Level1
당송팔대가문초구양수3,609,2834,公在開封에 數以職事辨爭하야 或有不得이면 則輒請引去하니 天子惜之라,공이 개봉부에 있을 적에 자주 직무와 관련된 일로 쟁변을 하여 혹 받아들여지지 않으면 문득 벼슬에서 물러나기를 청하니 천자가 애석해하였다.,라,True,라(대조군),Level1
자치통감강목10,998,1549,若有歸民이어든 以供給之하여 勤耕積粟하여 以豐殖關中이면 遠民聞之하고 必日夜競還이라,"만약 돌아온 백성이 있으면 이것을 공급하여 힘써 경작하고 곡식을 모아서 관중의 재화를 풍족하게 하면, 먼 곳에 있는 백성들이 이것을 듣고는 반드시 밤낮으로 다투어 돌아올 것입니다.",라,False,라(대조군),Level1
시경집전(상),230,584,家는 謂以媒聘으로 求爲室家之禮也라,가(家)는 중매로써 맞이하여 실가(室家)의 예(禮)를 구함을 이른다.,라,False,라(대조군),Level1
당송팔대가문초구양수4,440,1952,於是에 相與論著君之大節하야 伐石紀辭하야 以表見於後世하야 庶幾以慰其思焉하노라,이에 더불어 군의 대절(大節)을 논술하여 돌을 깎아 글을 기록하여 후세에 드러내어 군을 사모하는 마음을 위로하고자 하노라.,라,True,라(대조군),Level1
주역전의(상),1940,5776,以卦體로 釋卦辭라,괘체(卦體)로 괘사(卦辭)를 해석하였다.,라,False,라(대조군),Level1
시경집전(상),1819,4141,惴惴는 懼貌라,췌췌(惴惴)는 두려워하는 모양이다.,라,False,라(대조군),Level1
주역전의(상),1477,4413,上行은 謂居尊位요 雖不當位는 謂以柔居五 爲不當이라,"‘상행(上行)’은 존위(尊位)에 거함을 이르고, ‘수불당위(雖不當位)’는 유(柔)로서 오(五)에 거함이 마땅하지 않음이 됨을 이른다.",라,False,라(대조군),Level1
당송팔대가문초소식3,214,813,惟其天下旣安이면 君民之勢 闊遠而不同이라,오직 천하가 이미 편안해지면 군주와 백성과의 세력에 차이가 커져서 동등하지 못하였다.,라,False,라(대조군),Level1
시경집전(상),2083,4721,故로 以寒泉下流而苞稂見傷爲比하고 遂興其愾然以念周京也라,그러므로 차가운 샘물이 아래로 흘러 우북히 자란 가라지가 해로움을 당함으로써 비(比)하고 마침내 개연(愾然)히 주(周)나라 서울을 생각함을 흥(興)한 것이다.,라,True,라(대조군),Level1
당송팔대가문초구양수3,542,2437,大纛高牙라,대독(大纛)과 고아(高牙)를 휘날렸네,라,True,라(대조군),Level1
자치통감강목3,1501,3411,吳攻梁急한대 梁數使使求救호되 亞夫不許하니 又愬於上이라,"오(吳)나라가 양(梁)나라를 맹렬히 공격하니, 양(梁)나라가 여러 번 사자(使者)를 보내어 구원병을 청하였으나 주아부(周亞夫)가 허락하지 않자, 또다시 상(上)에게 하소연하였다.",라,False,라(대조군),Level1
시경집전(하),2846,6306,振振은 群飛貌라,진진(振振)은 떼지어 나는 모양이다.,라,False,라(대조군),Level1
맹자집주,1095,3733,乘矢는 四矢也라,승시(乘矢)는 네 개의 화살이다.,라,False,라(대조군),Level1
서경집전(상),457,2566,格하라,“이리 오라.,라,False,라(대조군),Level1
당송팔대가문초구양수2,180,679,脩白하노라,수(脩)는 말씀드립니다.,라,False,라(대조군),Level1
자치통감강목7,952,1314,因辭歸하여 謂囂曰 子陽은 井底蛙耳라,그대로 하직하고 돌아와서 외효(隗囂)에게 이르기를 “자양(子陽)(공손술)은 우물 안 개구리입니다.,라,False,라(대조군),Level1
서경집전(하),915,3423,大圭는 天子之守니 長尺有二寸이라,"대규(大圭)는 천자가 지키는 것이니, 길이가 1척 2촌이다.",라,False,라(대조군),Level1
주역전의(상),391,1340,故로 其名與象이 皆不易也라,그러므로 그 이름과 상(象)이 모두 바뀌지 않은 것이다.,라,False,라(대조군),Level1
당송팔대가문초구양수3,129,434,雖有魁壘拔出之材라도 其一累黍不中尺度면 則棄不敢取라,비록 뛰어나고 특출한 인재가 있더라도 그 문장이 조금이라도 기준에 맞지 않으면 버리고 취하지 않았다.,라,False,라(대조군),Level1
주역전의(하),975,2901,蓋剛不中而體躁에 所不足者는 中與順也니 當以中順自固而无妄動이면 則可也라,"강(剛)하고 중(中)하지 못하면서 체(體)가 조급함에 부족한 것은 중(中)과 순(順)이니, 마땅히 중순(中順)으로써 스스로 견고(堅固)히 하고 망동(妄動)함이 없으면 가(可)하다.",라,False,라(대조군),Level1
춘추좌씨전2,366,1212,凡師能左右之曰以라,범례(凡例)에 의하면 군대를 좌지우지(左之右之)하는 것을 ‘이(以)’라 한다.,라,False,라(대조군),Level1
논어집주,424,1516,伯夷叔齊는 孤竹君之二子라,백이(伯夷)와 숙제(叔齊)는 고죽국(孤竹國) 임금의 두 아들이다.,라,False,라(대조군),Level1
자치통감강목13,144,545,深五寸이라,깊이가 5촌(寸)이었다.,라,False,라(대조군),Level1
자치통감강목7,1485,2067,大戰하여 岑이 三合三勝호되 自旦至日中에 軍士不得食하여 竝疲라,크게 싸워 연잠이 세 번 싸워 모두 이겼으나 아침부터 점심까지 병사들이 밥을 먹지 못하여 모두 피곤하였다.,라,False,라(대조군),Level1
대학장구,156,404,此兩節은 又明不外本而內末之意라,이 두 절(節)은 또 근본을 밖으로 하고 말(末)을 안으로 하지 않는 뜻을 밝힌 것이다.,라,False,라(대조군),Level1
당송팔대가문초증공1,211,1241,曰 向采傳記百家所載行事之迹하여 以爲此書奏之는 欲以爲法戒라, 유향이 전기(傳記)와 백가서(百家書)에 수록된 행사(行事)의 자취를 채집하여 이 책을 만들고 천자에게 올린 것은 권선징악(勸善徵惡)의 소재로 삼고자 해서이다.,라,False,라(대조군),Level1
주역전의(상),448,1523,坤之用六은 猶乾之用九하니 用陰之道也라,"곤괘(坤卦)의 용육(用六)은 건괘(乾卦)의 용구(用九)와 같으니, 음(陰)을 쓰는 방법이다.",라,False,라(대조군),Level1
당송팔대가문초구양수1,282,1610,然且約舊數라도 尙不至冗費라,그러나 우선 예전의 수로 제한하더라도 쓸데없는 비용이 드는 데 이르지는 않을 것입니다.,라,False,라(대조군),Level1
당송팔대가문초구양수4,535,2360,由是言之컨대 謂竹爲有知不可며 謂爲無知亦不可요 謂其有知無知皆不可知然後可라,"이를 통해 말한다면 대나무가 지각이 있다고 하는 것도 안 되고 대나무가 지각이 없다고 해서도 안 되며, 대나무가 지각이 있는지 지각이 없는지는 다 알 수 없다고 한 뒤에야 옳은 것이다.",라,True,라(대조군),Level1
시경집전(하),2997,6664,蓋古聲은 奏族相近하니 族聲轉平而爲鬷耳이라,"옛 음은 주(奏)와 족(族)이 서로 비슷하였으니, 족(族)의 음이 평성(平聲)으로 바뀌어 종(鬷)이 된 것이다.",라,False,라(대조군),Level1
논어집주,671,2410,無禮則無節文이라 故로 有四者之弊라,예(禮)가 없으면 절문(節文)이 없으므로 네 가지의 폐단이 있는 것이다.,라,False,라(대조군),Level1
당송팔대가문초구양수6,75,560,故로 鎔年雖少나 藉其世家以取重하니 自四方諸鎭廢立承繼로 有請於唐者면 皆因鎔以聞이라,"이 때문에 왕용은 나이가 비록 어렸지만, 그의 세가(世家)에 힘입어 중요한 지위를 차지하니 사방 제진(諸鎭)에서 폐위(廢位)와 계승(繼承) 문제로 당(唐)나라에게 청할 것이 있으면 모두 왕용을 통해 천자(天子)에게 아뢰었다.",라,False,라(대조군),Level1
예기집설대전2,812,1168,示民無知者는 使民知死者之無知也니 爲其無知라 故以不堪用之器送之요 爲其有知라 故以祭器之可用者送之요 疑者는 不以爲有知요 亦不以爲無知也라,"백성들에게 지각이 없음을 보인 것이라는 말은 백성들로 하여금 죽은 자는 지각이 없음을 알게 했다는 것이니, 지각이 없기 때문에 사용할 수 없는 기물(器物)로 그를 보내주고, 지각이 있기 때문에 사용할 수 있는 제기(祭器)를 이용하여 그를 보내주며, 의혹을 갖는다는 것은 지각이 있다고 여기지도 않고 또한 지각이 없다고도 여기지 않는 것이다.",라,False,라(대조군),Level1
주역전의(하),1725,5134,二五皆有孚誠中正之德이로되 二在濟下하여 尙有進也라 故受福이요 五處濟極하여 无所進矣니 以至誠中正守之면 苟未至於反耳라,"이효(二爻)와 오효(五爻)가 모두 부성(孚誠)과 중정(中正)의 덕(德)이 있으나 이(二)는 기제(旣濟)의 아래에 있어서 아직 나아갈 곳이 있으므로 복(福)을 받고, 오(五)는 기제(旣濟)의 극(極)에 처하여 나아갈 곳이 없으니, 지성(至誠)과 중정(中正)으로 지키면 진실로 뒤집힘에 이르지 않을 뿐이다.",라,False,라(대조군),Level1
서경집전(상),169,1207,十二師者는 每州立十二諸侯하여 以爲之師하여 使之相牧하여 以糾群后也라,12사(師)는 매주(每州)에 12명의 제후를 세워 사(師)를 삼아서 이들로 하여금 서로 살펴 제후들을 바로잡게 한 것이다.,라,False,라(대조군),Level1
시경집전(하),118,255,賦也라,부(賦)이다.,라,False,라(대조군),Level1
서경집전(하),981,3657,忝은 辱也라,첨(忝)은 욕됨이다.,라,False,라(대조군),Level1
당송팔대가문초소식4,23,87,先儒之說은 區區於叛人之過惡하니 其論이 固已狹矣라,"그런데 선유(先儒)들의 말은 배반한 사람의 과악(過惡)에 대해 구구하게 말하고 있으니, 그 의논이 진실로 너무 좁다.",라,False,라(대조군),Level1
논어집주,441,1588,已矣乎者는 恐其終不得見而歎之也라,이의호(已矣乎)란 끝내 그러한 사람을 만나보지 못할까 두려워하여 탄식하신 것이다.,라,True,라(대조군),Level1
중용장구,91,267,以己之心으로 度人之心에 未嘗不同하니 則道之不遠於人者를 可見이라,"자기의 마음으로써 남의 마음을 헤아려 봄에 일찍이 똑같지 않음이 없으니, 그렇다면, 도(道)가 사람에게서 멀리 있지 않음을 알 수 있다.",라,False,라(대조군),Level1
당송팔대가문초구양수6,294,2140,吳曁南唐은 姦豪竊攘이라,오(吳)나라와 남당(南唐)은 간웅(姦雄)이 정권을 쟁탈(爭奪)하였다.,라,False,라(대조군),Level1
당송팔대가문초증공1,305,1618,周君은 與先人으로 俱天聖二年進士요 與余舊且好也라,"주군(周君)은 내 선친과 함께 천성(天聖) 2년에 진사(進士)가 되었고, 나와는 오래전부터 알고 지낸데다 친한 사이이다.",라,False,라(대조군),Level1
시경집전(하),566,1262,敬而聽之라하여 使在位知戒也라하니 其說不同이라,"공경히 들으라.’하여 지위에 있는 자들로 하여금 경계함을 알게 하였다.” 하였으니, 그 말이 똑같지 않다.",라,False,라(대조군),Level1
서경집전(상),67,496,一說에 亮은 相也라,일설(一說)에 “양(亮)은 도움이다.”라고 한다.,라,False,라(대조군),Level1
예기집설대전2,1150,1655,弔後에 主人當親往拜謝니 喪家若無主後면 必使以次疏親往拜하고 若又無疏親이면 則死者之朋友及同州同里及喪家典舍之人이 往拜亦可也라,"조문한 뒤에는 주인이 마땅히 친히 가서 절하고 사례해야 되는데, 상가(喪家)에 만약 상주의 후계자가 없으면 반드시 다음 가는 소원한 친척으로 하여금 가서 절하도록 하고, 만약 또 소원한 친척도 없다면 죽은 사람의 친구 및 한 고을이나 한 마을 및 초상집의 집안일을 맡아보는 사람이 가서 절하는 것도 좋다.",라,False,라(대조군),Level1
시경집전(상),1718,3886,百歲之後에나 歸于其居호리라,백세(百歲)의 뒤에나 그 무덤으로 돌아가리라,라,True,라(대조군),Level1
당송팔대가문초소순1,235,1568,匈奴謂中國怯久矣라하여 以吾爲終不敢與之抗하고 且其心은 嘗欲固前好하여 而得厚賂以養其力이라,"거란(契丹)은 중국이 겁을 먹은 지 오래되어 우리가 끝내 그들에게 감히 대항하지 못할 것이라 여기고, 또 그들의 마음은 늘 이전의 우호관계를 공고히 해서 많은 세폐(歲幣)를 받아 그들의 힘을 기르고자 한다.",라,False,라(대조군),Level1
자치통감강목15,1142,1602,麟이 攻博陵하니 城中이 糧竭矢盡이라,"모용린(慕容麟)이 박릉(博陵)을 공격하니, 성안에 양식이 떨어지고 화살이 다하였다.",라,False,라(대조군),Level1
주역전의(상),1328,4016,方天下壞亂之際하여 宜涉艱險以往而濟之하니 是往有所事也라,"천하(天下)가 괴란(壞亂)하는 즈음을 당하여 마땅히 어려움과 험함을 건너고 가서 구제하여야 하니, 이는 가서 일하는 바가 있어야 하는 것이다.",라,False,라(대조군),Level1
주역전의(하),1054,3192,二有剛中之德하니 陽體剛이요 中色黃이라,"이(二)는 강중(剛中)의 덕(德)이 있으니, 양(陽)의 체(體)는 강(剛)하고 중(中)의 색깔은 황색(黃色)이다.",라,False,라(대조군),Level1
당송팔대가문초구양수2,36,127,悖慢者警而肅恪하고 昏愚者知有誅夷하니 銷沮姦萌하고 震揚威令이라,"이에 모반하여 날뛰던 자들은 놀라 자숙하고 혼매하고 어리석은 자들은 죽임을 당하게 될 줄 알았으니, 이에 간특한 생각을 저지하고 조정의 위령(威令)을 크게 떨쳤습니다.",라,False,라(대조군),Level1
당송팔대가문초구양수1,350,1895,今乃斷絶商旅하니 此其爲害二也라,"그런데 지금은 상인들의 판매를 단절하니, 이것이 둘째 해로운 점입니다.",라,False,라(대조군),Level1
맹자집주,1968,6144,物은 謂禽獸草木이라,물(物)은 금수(禽獸)와 초목(草木)을 이른다.,라,False,라(대조군),Level1
자치통감강목1,254,669,趙亡則韓魏爲之次矣리라,조(趙)가 망하면 한(韓)과 위(魏)가 다음 차례가 될 것입니다.”라고 하였다.,라,False,라(대조군),Level1
당송팔대가문초소식1,30,142,周公豳詩는 王業也로되 而係之國風하고 宣王北伐은 大事也로되 而載之小雅라,"주공(周公)의 〈빈풍(豳風)〉 시(詩)는 왕업(王業)을 읊었는데도 〈국풍(國風)〉에 실렸고, 주(周)나라 선왕(宣王)이 북쪽을 정벌한 것은 국가의 대사였는데도 〈소아(小雅)〉에 기재되었다.",라,False,라(대조군),Level1
논어집주,63,274,禮勝則離라,“예(禮)가 치우치면 지리(支離)해진다.,라,False,라(대조군),Level1
당송팔대가문초소순1,286,1844,人見乎徒智之可以成也면 則擧而棄乎信이라,"사람들이 지모(智謀)만으로도 성공할 수 있는 것을 보게 되면, 모두가 신의(信義)를 버리게 된다.",라,False,라(대조군),Level1
자치통감강목13,603,2005,今僚屬이 皆承西臺餘弊하여 養望自高하니 是는 前車已覆이어늘 而後車又將隨之也라,"지금 관속들이 모두 서대(西臺)(낙양)의 남은 병폐를 계승하여 허명(虛名)을 길러 높은 체하니, 이는 앞의 수레가 이미 전복되었는데 뒤의 수레가 또 그 전철(前轍)을 뒤따라 밟으려 하는 꼴입니다.",라,False,라(대조군),Level1
예기집설대전2,1350,1934,几는 所以依神이요 筵은 坐神之席也니 席敷陳曰筵이라,"안석几은 신을 의지하게 하는 것이요, 자리筵는 신을 앉히는 돗자리이니, 자리를 펴는 것을 연(筵)이라고 한다.",라,False,라(대조군),Level1
주역전의(하),933,2783,賢才見用이면 則己得行其道요 君得享其功이요 下得被其澤이니 上下並受其福也라,"현재(賢才)가 등용되면 자신은 그 도를 행하게 되고 군주(君主)는 그 공(功)을 누리게 되고 하민(下民)은 그 은택(恩澤)을 입게 되니, 이는 상하(上下)가 모두 그 복(福)을 받는 것이다.",라,False,라(대조군),Level1
시경집전(상),1158,2685,具는 俱也라,구(具)는 모두이다.,라,False,라(대조군),Level1
주역전의(상),920,2842,六三은 眇能視며 跛能履라,육삼(六三)은 애꾸눈이 보며 절름발이가 걷는 것이다.,라,False,라(대조군),Level1
당송팔대가문초구양수6,278,2055,黃道者는 日軌也라,황도(黃道)는 태양의 운행 궤도입니다.,라,True,라(대조군),Level1
주역전의(상),886,2743,旣雨는 和也요 旣處는 止也라,기우(旣雨)는 화(和)함이요 기처(旣處)는 그침이다.,라,False,라(대조군),Level1
자치통감강목8,2158,2994,六年이라,한(漢)나라 효순황제(孝順皇帝) 영화(永和) 6년이다.,라,False,라(대조군),Level1
당송팔대가문초유종원1,83,675,今吾先盡陳者는 不欲足下如吾更訕辱하고 被稱號하여 已不信於世하고 而後知慕中道하여 費力而多害라 故勤勤焉云爾而不已也로라,"〈그런데도 불구하고〉 지금 내가 미리 모든 것을 말하는 이유는, 족하(足下)가 나처럼 비난과 굴욕을 겪고 나쁜 평판을 얻어 이미 세상으로부터 불신을 당하고 난 뒤에 중용(中庸)의 도를 흠모함으로써 힘을 부질없이 소비하고 피해를 많이 받는 것을 원하지 않기 때문이니, 그래서 이렇게 멈추지 않고 간곡하게 당부하는 것이네.",라,True,라(대조군),Level1
주역전의(하),1017,3069,五居中하고 而又以柔而應剛하니 爲得中道라,"오(五)가 중(中)에 거하고 또 유(柔)로서 강(剛)에게 응(應)하니, 중도(中道)를 얻음이 된다.",라,True,라(대조군),Level1
춘추좌씨전7,153,583,曹는 文之昭也오 晉은 武之穆也로되 曹爲伯甸하니 非尙年也어늘 今將尙之하니 是反先王也라,"조(曹)나라는 문왕(文王)의 소(昭)(아들)이고, 진(晉)나라는 무왕(武王)의 목(穆)(아들)인데, 조(曹)나라는 백작(伯爵)으로 전복(甸服)의 〈작은〉 제후(諸侯)가 되었으니, 이 또한 연치(年齒)를 중시한 것이 아닌데, 지금 연치(年齒)를 중시하려 하니, 이는 선왕(先王)의 법을 위반(違反)하는 것입니다.",라,True,라(대조군),Level1
당송팔대가문초왕안석1,475,2102,今劉君在中하야 言於州하고 使民出錢하야 將修而作之라가 未及爲而去하니 時慶曆某年也라,"이제 유군(劉君)이 그 가운데 있으면서 주(州)에 건의하고 백성들로 하여금 돈을 출연(出捐)하도록 하여 수리하고 증축하고자 하였지만, 일을 시행함에 이르지 못하고 떠나니 이때가 경력(慶曆) 모년(某年)이다.",라,False,라(대조군),Level1
맹자집주,1431,4856,情者는 性之動也라,정(情)은 성(性)이 동(動)한 것이다.,라,False,라(대조군),Level1
시경집전(하),2237,4988,纘은 繼也니 使之繼其先世之事也라,"찬(纘)은 계속함이니, 그로 하여금 선대(先代)의 일을 계속하게 하는 것이다.",라,False,라(대조군),Level1
자치통감강목12,472,1747,此六國所以并於秦이며 西楚所以屈於漢也라,"이는 전국시대(戰國時代)의 6국(國)이 진(秦)나라에게 합병된 까닭이고, 서초(西楚)(항우(項羽))가 한(漢)나라에게 굴복한 까닭입니다.",라,False,라(대조군),Level1
당송팔대가문초한유1,353,1670,情本悃愊하고 而有深思處하니 堪把翫이라,"정(情)이 지극한 성심(誠心)에서 나왔고, 깊이 생각한 곳이 있으니, 손에 들고 감상할 만하다.",라,True,라(대조군),Level1
당송팔대가문초소식2,230,963,眷此東州는 下臨北徼하니 俗近齊魯之厚하고 迹皆秦漢之陳이라,"돌아보건대 이 동쪽 고을인 등주(登州)는 아래로 북쪽 변방과 접해 있으니, 풍속은 제(齊)나라와 노(魯)나라의 후덕함에 가깝고 자취는 모두 진(秦)․한(漢) 시대(時代)의 옛것입니다.",라,False,라(대조군),Level1
주역전의(상),1582,4721,卦有順止之象하니 乃處剝之道니 君子當觀而體之라,"괘(卦)가 순히 하여 멈추는 상(象)이 있으니, 이는 박(剝)에 대처하는 도(道)이므로 군자(君子)가 마땅히 이를 보고 체행(體行)하여야 한다.",라,False,라(대조군),Level1
맹자집주,141,563,獨樂이 不若與人이요 與少樂이 不若與衆은 亦人之常情也라,"홀로 즐김이 남과 더불어 하는 것만 같지 못하고, 적은 사람과 즐김이 많은 사람과 더불어 즐기는 것만 같지 못함은 또한 사람의 떳떳한 정(情)이다.",라,True,라(대조군),Level1
당송팔대가문초유종원1,22,133,近世禮重拜掃어늘 今已闕者四年矣라,근대의 예법(禮法)은 성묘(省墓)를 중시하는데 저는 지금 성묘하지 못한 지 4년이 지났습니다.,라,False,라(대조군),Level1
서경집전(상),516,2849,嗚呼라,아!,라,True,라(대조군),Level1
자치통감강목14,7,13,時에 漢兵이 疲弊라,이때 한(漢)나라 군대가 지치고 궁핍하였다.,라,False,라(대조군),Level1
춘추좌씨전6,130,489,有主而無謀가 三也오 有謀而無民이 四也오 有民而無德이 五也라,"셋째는 의지할 세력(勢力)이 있으되 지모(智謀)가 없는 것이고, 넷째는 지모(智謀)는 있으되 백성의 지지(支持)가 없는 것이고, 다섯째는 백성의 지지(支持)는 있으되 덕(德)이 없는 것입니다.",라,False,라(대조군),Level1
시경집전(상),1335,3066,瀼瀼은 亦露多貌라,양양(瀼瀼)은 또한 이슬이 많은 모양이다.,라,False,라(대조군),Level1
당송팔대가문초유종원1,121,874,平居에 望外遭齒舌不少나 獨欠爲人師耳라,"내 평소에 뜻하지 않게 구설수를 만난 일이 적지 않았으나, 남의 스승이 되었다는 말만큼은 없었네.",라,True,라(대조군),Level1
서경집전(상),295,1789,地志에 言 伊水出弘農盧氏之熊耳者는 非是라,˂지지(地志)˃에  “이수(伊水)는 홍농군(弘農郡) 노씨현(盧氏縣) 웅이산(熊耳山)에서 나온다.” 한 것은 잘못이다.,라,False,라(대조군),Level1
주역전의(상),124,623,如書는 便眞箇有這政事謀謨라야 方做出書來하고 詩는 便眞箇有這人情風俗이라야 方做出詩來로되 易은 却都无這已往底事하고 只是懸空做底라,"예컨대 ≪서경(書經)≫은 곧 참으로 정사(政事)와 모모(謀謨)가 있어야 비로소 ≪서경(書經)≫을 지어내었고, ≪시경(詩經)≫은 참으로 인정(人情)과 풍속(風俗)이 있어야 비로소 ≪시경(詩經)≫을 지어내었으나, ≪주역(周易)≫은 모두 이왕(已往)에 이러한 일이 없었고 다만 가공(架空)하여 만들어낸 것이다.",라,True,라(대조군),Level1
자치통감강목12,370,1501,危不能安하고 急而棄之를 君子不爲也니 畢命於此矣리라,"백성들의 위태로움을 안정시키지 못하고 급박할 때에 그들을 버리는 것은 군자(君子)는 하지 않으니, 이곳에서 목숨을 마칠 것이다.”라고 하였다.",라,True,라(대조군),Level1
주역전의(하),271,782,翼見傷이라 故垂朶하니 凡小人之害君子는 害其所以行者라,"날개가 상(傷)함을 당했기 때문에 늘어뜨리는 것이니, 무릇 소인(小人)이 군자(君子)를 해침은 감을 해치는 것이다.",라,False,라(대조군),Level1
시경집전(하),2151,4788,賦也라,부(賦)이다.,라,False,라(대조군),Level1
당송팔대가문초유종원2,326,2076,下之得罪於人하여 以謫徙醜地하고 上之得罰於天하여 以降被罪疾하니 余無以禦也라,"아래로는 주위 사람에게 죄를 얻어 변방 황무지로 유배되었고, 위로는 하늘로부터 벌을 받아 나쁜 병이 이 몸에 내려졌으니, 나는 어떻게 막을 수가 없습니다.",라,True,라(대조군),Level1
자치통감강목1,281,783,六年이라,주(周)나라 안왕(安王) 6년이다.,라,False,라(대조군),Level1
시경집전(상),2498,5798,亦笙詩也라,이 또한 생시(笙詩)이다.,라,False,라(대조군),Level1
시경집전(상),1170,2718,鬯은 弓囊也니 與韔同이라,"창(鬯)은 활집이니, 창(韔)과 같다.",라,False,라(대조군),Level1
논어집주,1753,5520,言人之氣質不同이 大約有此四等이라,사람의 기질(氣質)이 같지 않음이 대략 이 네 가지 등급(等級)이 있음을 말씀한 것이다.,라,False,라(대조군),Level1
맹자집주,1076,3656,時異勢殊라 故로 其事或有所不合이나 思而得之면 則其理初不異矣라,"때가 다르고 세(勢)가 다르기 때문에 그 일에 혹 부합되지 않는 바가 있으나, 생각하여 터득하면 그 이치가 애당초 다르지 않다.",라,False,라(대조군),Level1
시경집전(하),2985,6634,言恭敬之道는 古人所行이니 不可忘也라,"공경(恭敬)하는 도(道)는 옛 사람이 행하신 바이니, 잊을 수 없음을 말한 것이다.",라,True,라(대조군),Level1
자치통감강목14,358,1162,"朕若遇髙祖면 當北面事之하여 與韓, 彭比肩이요 若遇光武면 當竝驅中原하여 未知鹿死誰手라","짐이 만약 한(漢)나라 고조(高祖)를 만났으면 마땅히 북면(北面)하여 그를 섬겨서 한신(韓信), 팽월(彭越)과 어깨를 나란히 했을 것이요, 만약 광무제(光武帝)를 만났으면 마땅히 함께 중원(中原)을 다투어서 사슴이 누구의 손에 죽었을지 모른다.",라,True,라(대조군),Level1
시경집전(하),3035,6754,賦也라,부(賦)이다.,라,False,라(대조군),Level1
시경집전(상),1020,2384,只且는 語助辭라,지차(只且)는 어조사(語助辭)이다.,라,False,라(대조군),Level1
예기집설대전2,1370,1959,孫必祔祖者는 昭穆之位同하니 所謂以其班也라,"손자를 반드시 조부에게 부제하는 것은 소목(昭穆)의 위치가 같기 때문이니, 이른바 “그 소목(昭穆)의 반열로써 부제를 지낸다.”는 것이다.",라,False,라(대조군),Level1
자치통감강목1,397,999,十四年이라,주(周)나라 현왕(顯王) 14년이다.,라,False,라(대조군),Level1
당송팔대가문초구양수1,515,2524,此其可納三也라,이것이 받아들여야 하는 셋째 이유입니다.,라,False,라(대조군),Level1
시경집전(상),2069,4689,興也라,흥(興)이다.,라,False,라(대조군),Level1
시경집전(하),1739,3930,朗은 虛明也라,낭(朗)은 허명(虛明)한 것이다.,라,False,라(대조군),Level1
주역전의(하),1475,4456,又以巽木坎水는 舟楫之象이라 故利涉大川이라,또 손(巽)의 목(木)과 감(坎)의 수(水)는 주즙(舟楫)의 상(象)이므로 대천(大川)을 건넘이 이로운 것이다.,라,False,라(대조군),Level1
맹자집주,442,1586,阨은 困也라,액(阨)은 곤함이다.,라,False,라(대조군),Level1
시경집전(상),718,1666,"桑中, 上宮, 淇上은 又妹鄕之中小地名也라","상중(桑中), 상궁(上宮), 기상(淇上)은 또한 매향(沬鄕)의 가운데 작은 지명이다.",라,False,라(대조군),Level1
맹자집주,559,1952,尹士는 齊人也라,윤사(尹士)는 제(齊)나라 사람이다.,라,False,라(대조군),Level1
주역전의(상),426,1466,含而不爲는 不盡忠者也라,머금고 하지 않는 것은 충성을 다하지 않는 자이다.,라,False,라(대조군),Level1
주역전의(하),916,2729,剛中은 以二五而言이라,강중(剛中)은 이(二)와 오(五)로써 말한 것이다.,라,False,라(대조군),Level1
서경집전(상),49,404,但止就祖廟하여 共用一牛하여 不如時祭各設主於其廟也라하시니 二說이 未知孰是일새 今兩存之하노라,"다만 조묘(祖廟)에 나아가 함께 한 마리의 소를 써서 시제(時祭)에 각기 그 사당에 신주를 설치하는 것과는 같지 않다.” 하였으니, 두 해설이 어느 것이 옳은지 알 수 없으므로 이제 두 가지를 모두 두는 바이다.",라,False,라(대조군),Level1
예기집설대전2,1659,2367,正祭之明日又祭를 謂之繹이니 繹者는 如繹絲然하야 以其續之而不絶故也라,"정제(正祭)를 지낸 다음날 또 지내는 제사를 역제(繹祭)라 하는데, 역(繹)이라고 한 것은 실을 자아내는 것과 같이 연속되어 끊어지지 않기 때문이다.",라,False,라(대조군),Level1
당송팔대가문초소순1,345,2183,嗚呼라,아!,라,True,라(대조군),Level1
맹자집주,45,209,歲는 謂歲之豊凶也라,세(歲)는 연사(年事)의 풍흉(豐凶)을 이른다.,라,True,라(대조군),Level1
주역전의(상),399,1370,其動也剛하나 不害其爲柔也라,그 동함이 강(剛)하나 유순함이 됨에는 무방하다.,라,False,라(대조군),Level1
맹자집주,1032,3531,樂有賢父兄者는 樂其終能成己也라,어진 부형(父兄)이 있음을 좋아하는 것은 그 마침내 자기를 이루어 줄 수 있음을 좋아하는 것이다.,라,True,라(대조군),Level1
자치통감강목7,788,1078,至是에 徵寵한대 寵이 益自疑하니 其妻固勸無受徵이라,"이때에 이르러 황제가 팽총을 부르자 팽총이 더욱 스스로 의심하니, 그의 아내는 황제의 부르는 명을 받지 말라고 간곡하게 권하였다.",라,False,라(대조군),Level1
논어집주,413,1460,崔子는 齊大夫니 名杼라,"최자(崔子)는 제(齊)나라 대부(大夫)이니, 이름은 저(杼)이다.",라,False,라(대조군),Level1
서경집전(상),169,1196,創은 懲也니 禹自言懲丹朱之惡하여 而不敢以慢遊也라,"창(創)은 징계함이니, 우(禹)가 스스로 말씀하기를 “단주의 악행을 징계하여 감히 만유(慢遊)하지 않았다.”고 한 것이다.",라,False,라(대조군),Level1
자치통감강목11,238,915,夫惟明智君子 深識長慮然後에 知其爲益之大而收功之遠也라,오직 밝고 지혜로운 군자(君子)는 깊이 알고 길게 생각한 뒤에 〈교화와 풍속이〉 유익함이 크고 공(功)을 거둠이 원대함을 안다.,라,False,라(대조군),Level1
당송팔대가문초소식5,282,1113,我銘斯亭하야 以砭世盲하노라,내 이 정자(亭子)에 명문(銘文)을 지어서 세상의 눈먼 자들을 치료해주노라.,라,False,라(대조군),Level1
맹자집주,1277,4378,玉은 磬也요 振은 收也니 如振河海而不洩之振이라,"옥(玉)은 경쇠이고, 진(振)은 거둠이니, ˂≪중용(中庸)≫에˃ ‘하해(河海)를 거두어도 새지 않는다.’는 진자(振字)와 같다.",라,False,라(대조군),Level1
주역전의(하),953,2829,鼂氏云 收는 鹿盧收繘者也라하니 亦通이라,"조씨(鼂氏)가 이르기를 “수(收)는 녹로(鹿盧)로써 두레박끈을 거두는 것이다.” 하니, 또한 통한다.",라,False,라(대조군),Level1
자치통감강목7,833,1142,元元塗炭하여 無所依訴라,백성들이 도탄에 빠져서 의지하고 하소연할 곳이 없다.,라,True,라(대조군),Level1
자치통감강목5,214,479,臣敞은 願於廣朝에 白發其端이로되 直守遠郡하여 其路無由라,신(臣) 장창(張敞)은 여러 신하들이 크게 조회하는 넓은 조정에서 이 일을 제기하여 여쭙고 싶으나 먼 군(郡)을 맡고 있어서 방법이 없습니다.,라,False,라(대조군),Level1
당송팔대가문초소식2,365,1521,聊復次韻하야 以爲一笑하노라,애오라지 다시 차운(次韻)하여 한번 웃게 하는 바이오.,라,True,라(대조군),Level1
맹자집주,99,364,異는 怪也라,이(異)는 괴이함이다.,라,False,라(대조군),Level1
자치통감강목19,520,760,魏鎭南將軍元英이 上書曰 蕭寶巻이 驕縱日甚하여 虐害無辜하고 其雍州刺史蕭衍이 掃土興兵하여 順流東下하니 唯有孤城이요 更無重衛라,"북위(北魏) 진남장군(鎭南將軍) 원영(元英)이 글을 올리기를 “소보권(蕭寶卷)은 교만과 방종이 갈수록 심하여 무고한 사람들을 학대하거나 해치고, 그의 옹주자사(雍州刺史) 소연(蕭衍)은 옹주(雍州)의 모든 군사를 동원하여 물길을 따라 동쪽으로 내려갔으니, 오직 텅 빈 양양성(襄陽城)만 남아 있고 다시 많은 병사로 지킬 수 없습니다.",라,False,라(대조군),Level1
당송팔대가문초왕안석2,203,1009,謹撰次如右하야 謹狀하노라,삼가 위와 같이 차례로 엮어서 행장(行狀)을 짓게 된 것이다.,라,False,라(대조군),Level1
서경집전(상),614,3196,衆者는 臣民咸在也라,중(衆)은 신하(臣下)와 백성들이 모두 있는 것이다.,라,False,라(대조군),Level1
맹자집주,1327,4558,衛靈公은 衛侯元也라,위영공(衛靈公)은 위(衛)나라 임금인 원(元)이다.,라,False,라(대조군),Level1
주역전의(상),1079,3277,乘其墉하여 欲攻之로되 知義不直而不克也하니 苟能自知義之不直而不攻이면 則爲吉也라,"담에 올라가 공격하고자 하나, 의(義)가 곧지 못함을 알아 능히 하지 못하니, 만일 의(義)가 곧지 못함을 스스로 알고서 공격하지 않는다면 길(吉)함이 된다.",라,False,라(대조군),Level1
자치통감강목8,619,914,三年이라,한(漢)나라 숙종(肅宗) 효장황제(孝章皇帝) 건초(建初) 3년이다.,라,False,라(대조군),Level1
주역전의(상),1336,4031,初六이 雖居最下나 成卦由之하여 有主之義라,초육(初六)이 비록 가장 낮은 곳에 거하였으나 괘(卦)가 이 효(爻)로 말미암아 이루어져서 주관하는 뜻이 있다.,라,False,라(대조군),Level1
서경집전(상),672,3395,試는 用也라,시(試)는 써이다.,라,False,라(대조군),Level1
자치통감강목5,1121,2566,法曰 道人始去에 寒涌水爲災라하더니 至七月에 涌水出이어늘 臣弟子姚平이 謂臣曰 涌水已出하니 道人當逐死라,"점후법(占候法)에 ‘도인(道人)이 처음 제거되면 날씨가 춥고 물이 솟구쳐 올라 재앙이 된다.’ 하였는데, 7월에 이르러 물이 용솟음쳐 나오자, 신(臣)의 제자인 요평(姚平)이 신(臣)에게 이르기를 ‘물이 이미 용솟음쳐 나왔으니, 도인(道人)이 마땅히 쫓겨나 죽을 것입니다.",라,False,라(대조군),Level1
주역전의(상),305,1196,言未爲時用也라,때에 쓰임이 되지 못함을 말한 것이다.,라,False,라(대조군),Level1
시경집전(하),2174,4843,言得其情하고 且事已著明하여 不可揜覆也라,이는 그 실정을 알고 또 일이 이미 드러나고 밝아서 가리우고 덮을 수가 없음을 말한 것이다.,라,False,라(대조군),Level1
서경집전(하),11,55,萬物之生에 惟人이 得其秀而靈하여 具四端하고 備萬善하여 知覺이 獨異於物이요 而聖人은 又得其最秀而最靈者라,만물(萬物)이 생겨날 적에 오직 사람만이 그 빼어남을 얻어 영특해서 사단(四端)을 구비하고 만선(萬善)을 갖추어 지각(知覺)이 유독 물건과 다르며 성인(聖人)은 또 가장 빼어남을 얻어 가장 영특하다.,라,True,라(대조군),Level1
당송팔대가문초구양수5,214,1441,至崇韜重誨爲之하야 始復唐樞密之名이나 然權侔于宰相矣라,곽숭도(郭崇韜)와 안중회(安重誨)가 이 직책을 맡게 되면서 비로소 당(唐)나라의 추밀사라는 명칭을 회복하였으나 그 권세가 재상에 버금갔다.,라,False,라(대조군),Level1
시경집전(하),2318,5168,序에 亦以爲尹吉甫作이라하니 今未有據라,"서(序)에 또한 “윤길보(尹吉甫)가 지었다.”하였으니, 이제 분명한 근거가 있지 않다.",라,False,라(대조군),Level1
서경집전(상),132,927,七旬은 七十日也라,칠순(七旬)은 70일이다.,라,False,라(대조군),Level1
자치통감강목14,3,5,"舊大國一이요 成, 涼小國二이요 新大國一이니 凡四僭國이라","옛날의 큰 나라(전조(前趙))가 하나이고, 작은 나라가 성(成)나라(성한(成漢))와 양(涼)나라(전량(前涼)) 둘이고, 새로 생긴 큰 나라(후조(後趙))가 하나이니, 합하여 참국(僭國)이 넷이다.",라,False,라(대조군),Level1
시경집전(상),1751,3951,阪則有漆矣요 隰則有栗矣라,"산비탈에는 옻나무가 있고, 습지에는 밤나무가 있다.",라,False,라(대조군),Level1
자치통감강목8,1125,1614,其勿復議하라,다시는 의논하지 말라.” 하였다.,라,False,라(대조군),Level1
당송팔대가문초구양수1,19,136,隋唐은 突厥吐蕃이 常與中國相勝敗하야 擊而勝之有矣요 未有擧而滅者라,수(隋)‧당(唐) 때는 돌궐(突厥)과 토번(吐藩)이 늘 중국과 서로 승패를 주고받아 중국이 공격하여 승리하는 경우는 있으되 군사를 일으켜 멸망시킨 경우는 없었습니다.,라,False,라(대조군),Level1
맹자집주,1321,4517,言殺人而顚越之하고 因取其貨하여 閔然不知畏死를 凡民이 無不怨之라,사람을 죽여 그를 쓰러뜨리고 인하여 그 재물을 취해서 완강하여 죽음을 두려워할 줄 모르는 자를 모든 사람들이 원망하지 않는 자가 없다고 말한 것이다.,라,False,라(대조군),Level1
당송팔대가문초구양수3,539,2419,眞宗卽位에 問公何在한대 左右具言所以然하니 卽時召之라,진종(眞宗)이 즉위하고 나서 공이 어디에 있는지 하문하자 모시고 있는 이들이 자초지종을 갖추어 아뢰니 즉시 공을 불렀다.,라,False,라(대조군),Level1
맹자집주,741,2669,授는 與也라,수(授)는 줌이다.,라,False,라(대조군),Level1
당송팔대가문초소식4,227,895,其弊皆起於分民而爲兵하야 兵不得休하야 使老弱不堪之卒로 拱手而就戮이라,"이 병폐는 모두 백성을 나누어 병사로 만들어 병사들이 휴식할 수가 없어서, 늙고 약하여 전쟁을 감당할 수 없는 자들로 하여금 손을 모우고 죽음에 나아가게 한 데서 비롯되었습니다.",라,False,라(대조군),Level1
당송팔대가문초구양수4,319,1464,先生一子大年은 尙幼라,선생의 외아들 대년(大年)은 아직 어리다.,라,False,라(대조군),Level1
시경집전(하),1412,3057,駵馬白腹曰騵이라,검은 말에 배가 흰 것을 원(騵)이라 한다.,라,False,라(대조군),Level1
주역전의(상),48,249,是故로 一分爲二하고 二分爲四하고 四分爲八하고 八分爲十六하고 十六分爲三十二하고 三十二分爲六十四하니 猶根之有榦하고 榦之有枝하여 愈大則愈少하고 愈細則愈繁이라,"이 때문에 1이 나뉘어 2가 되고 2가 나뉘어 4가 되고 4가 나뉘어 8이 되고 8이 나뉘어 16이 되고 16이 나뉘어 32가 되고 32가 나뉘어 64가 되니, 뿌리에 줄기가 있고 줄기에 가지가 있는 것과 같아서 더욱 커질수록 더욱 적어지고 더욱 세세해질수록 더욱 많아진다.",라,True,라(대조군),Level1
서경집전(상),369,2102,洛汭는 洛水交流之內니 在今河南府鞏縣之東이라,"낙예(洛汭)는 낙수(洛水)가 교류하는 지점의 안이니, 지금의 하남부(河南府) 공현(鞏縣)의 동쪽에 있다.",라,False,라(대조군),Level1
당송팔대가문초구양수6,56,449,晉王兵擊王行瑜할새 承業數往來兵間한대 晉王喜其爲人이라,진왕(晉王)(이극용(李克用))의 병사가 왕행유(王行瑜)를 공격할 때 장승업이 자주 양군 사이를 왕래하였는데 진왕이 그 사람됨을 좋아하였다.,라,False,라(대조군),Level1
자치통감강목13,201,752,"大臣이 將起大事어늘 而公이 名奉事中宮하여 與賈, 郭親善하여 太子之廢에 皆云豫知라","대신(大臣)이 장차 큰일을 일으키려 하는데, 공(公)은 명분상 중궁(中宮)을 받들어 섬겨서 가씨(賈氏)와 곽씨(郭氏)와 매우 친하여 태자(太子)가 폐위될 적에 모두 ‘미리 알았다.’고 말을 합니다.",라,False,라(대조군),Level1
자치통감강목13,100,388,則謹密網以羅微罪하여 使奏劾相接하니 狀似盡公이나 實則撓法이라,"그렇게 되면 법망(法網)을 삼가 치밀하게 하여 하찮은 죄까지 망라하여 탄핵하는 주청을 이어지게 하니, 겉보기에는 공정함을 다한 듯하나 실은 법을 파괴하는 것입니다.",라,False,라(대조군),Level1
시경집전(상),1599,3646,故로 作是詩以閔之하여 欲其及時以禮自虞樂也라,그러므로 이 시(詩)를 지어 민망히 여겨 그 때에 미처 예(禮)로써 스스로 즐거워하고자 한 것이다.,라,False,라(대조군),Level1
자치통감강목11,750,2528,黃初之際에 天兆其戒하여 異類之鳥 育長燕巢하니 此大異也라,"황초(黃初) 연간에 하늘이 경계하는 조짐을 보여 종류가 다른 새가 제비의 둥지에서 자랐으니, 이는 큰 이변(異變)입니다.",라,True,라(대조군),Level1
시경집전(상),668,1539,此與晉太子申生이 不敢明驪姬之過同하니 俱惡傷父之志라,"이것은 진(晉)나라 태자(太子) 신생(申生)이 감히 여희(驪姬)의 과실을 밝히지 못한 내용과 같으니, 모두 아버지의 뜻을 상할까 두려워해서였다.",라,False,라(대조군),Level1
당송팔대가문초구양수1,419,2151,大抵今河之勢가 負三決之虞하니 復故道면 上流必決이요 開六塔이면 上流亦洪이요 今河下流를 若不浚使入海면 則上流亦決이라,"대저 지금 황하(黃河)의 형세는 세 곳이 터질 우려를 등에 지고 있으니, 옛 물길을 회복시키면 상류에 반드시 제방이 터질 것이고 육탑하(六塔河)에 물길을 열면 상류에 홍수가 생길 것이고, 지금 황하 하류를 만약 준설하여 바다로 물이 흘러들게 하지 않으면 상류에 제방이 터질 것입니다.",라,True,라(대조군),Level1
시경집전(하),2991,6646,賦也라,부(賦)이다.,라,False,라(대조군),Level1
맹자집주,119,495,齊集有其一은 言集合齊地면 其方千里니 是는 有天下九分之一也라,"제집유기일(齊集有其一)은 제(齊)나라 땅을 집합하면 그 방(方)이 천리이니, 이는 천하의 9분의 1을 소유함을 말한다.",라,False,라(대조군),Level1
주역전의(하),40,148,脢는 背肉也니 與心相背而所不見也라,"매(脢)는 등살이니, 심장과 서로 등져서 보이지 않는 곳이다.",라,False,라(대조군),Level1
춘추좌씨전1,411,2245,夫舞는 所以節八音而行八風이라,춤은 팔음(八音)을 절주(節奏)로 삼아 팔방(八方)의 풍기(風氣)를 나타내는 것입니다.,라,False,라(대조군),Level1
논어집주,175,636,或曰 忍은 容忍也니 蓋深疾之之辭라,"혹자는 “인(忍)은 용인(容忍)하는 것이다” 하니, 그를 깊이 미워하신 말씀이다.",라,False,라(대조군),Level1
자치통감강목14,231,746,趙光初九요 後趙八年이라,"조주(趙主)(전조(前趙)) 유요(劉曜) 광초(光初) 9년이고, 후조(後趙) 고조(高祖) 석륵(石勒) 8년이다.",라,False,라(대조군),Level1
주역전의(하),1284,3899,勿憂宜日中은 宜照天下也라,‘물우의일중(勿憂宜日中)’은 천하(天下)에 비춤이 마땅하다.,라,False,라(대조군),Level1
당송팔대가문초소순1,221,1355,視天下之所宜尙하여 而固執之하여 以此而始하고 以此而終하니 不朝文而暮質하여 以自潰亂이라,"천하 사람들이 마땅히 숭상할 바를 살피고 정하여 그것을 고집스럽게 집행하여 그것으로 시작하고 그것으로 끝났으니, 아침에는 문(文)을 숭상하다가 저녁이면 질(質)을 숭상하여 스스로 무너져 혼란에 빠지지 않았다.",라,False,라(대조군),Level1
자치통감강목4,307,757,靑이 雖出於奴虜나 然善騎射하고 材力絶人하며 遇士大夫以禮하고 與士卒有恩하니 衆樂爲用하여 有將帥材라,"위청이 비록 노예 출신이었으나 말타기와 활쏘기를 잘하고 재주와 능력이 사람들보다 뛰어나며, 사대부(士大夫)를 예우(禮遇)하고 사졸에게 은혜를 베푸니, 사람들이 그에게 쓰이는 것을 좋아하여 장수의 재주가 있었다.",라,False,라(대조군),Level1
주역전의(하),154,445,嘉遯貞吉은 以正志也라,“‘가돈정길(嘉遯貞吉)’은 뜻을 바르게 하기 때문이다.”,라,False,라(대조군),Level1
주역전의(상),121,604,只是某卦有某象하니 如乾有乾之象하고 坤有坤之象而已라,"다만 아무 괘(卦)에는 아무 상(象)이 있었을 뿐이니, 건괘(乾卦)는 건괘(乾卦)의 상(象)이 있고 곤괘(坤卦)는 곤괘(坤卦)의 상(象)이 있을 뿐임과 같다.",라,False,라(대조군),Level1
당송팔대가문초한유3,262,1453,於戲貞曜여 維執不猗하고 維出不訾로다 維卒不施나 以昌其詩리라,아 정요선생(貞曜先生)이시여 지조 지켜 남에게 의지하지 않으셨고 걸출한 재능 적지 않으셨네 끝내 시행하지 못하셨으나 시가(詩歌)는 성대하게 칭송되리라,라,True,라(대조군),Level1
당송팔대가문초한유2,301,1459,遊于鄕之校하야 衆口囂囂하니 或謂子産호되 毁鄕校則止라,"사람들 향교(鄕校)로 나와 놀면서 시끄럽게 떠들어대니, 어떤 자가 자산(子産)에게 “향교를 헐어버리면 시끄러움이 그칠 것이다.”라고 하였지.",라,False,라(대조군),Level1
서경집전(하),909,3397,上刃은 刃外嚮也라,상인(上刃)은 칼날이 밖을 향하게 한 것이다.,라,False,라(대조군),Level1
서경집전(하),438,1736,王其德之用하여 而祈天以歷年也라,왕(王)은 덕(德)을 써서 하늘에게 역년(歷年)을 빌어야 할 것이다.,라,True,라(대조군),Level1
시경집전(상),2030,4609,誰將西歸오 懷之好音호리라,누가 장차 서쪽으로 돌아갈꼬 그를 좋은 목소리로 위로하리라,라,True,라(대조군),Level1
당송팔대가문초왕안석1,521,2282,宋文之格이 不入西漢處가 正在此요 而宋人之所自以爲得도 亦在此라,"송(宋)나라 문장의 풍격(風格)이 서한(西漢) 시대의 풍격에 들 수 없는 것이 바로 이런 문장에 있고, 송대(宋代)의 문장가(文章家)가 스스로 터득한 경지(境地)도 또한 이 문장에 들어 있다.",라,False,라(대조군),Level1
당송팔대가문초구양수2,345,1308,以此知制之不立也라,이것을 가지고 법제(法制)가 확립되지 않았다는 것을 알 수 있습니다.,라,False,라(대조군),Level1
당송팔대가문초증공1,368,2043,其上에 爲敵樓戰屋이 凡四千六百間이라,"그 위에 방어용 구조물을 총 4,600칸으로 지었다.",라,False,라(대조군),Level1
당송팔대가문초구양수4,513,2249,如此數年에 而道路之民이 徒見興爲之功하니 恐愚無以識上意라,"이와 같이 하기를 수년 동안에 길 위의 백성들이 공역이 일어나는 것만 보았으니, 어리석은 백성들이 성상의 뜻을 알지 못할까 두렵습니다.",라,True,라(대조군),Level1
당송팔대가문초한유2,8,26,其南州는 皆岸大海하야 多洲島하고 颿風一日踔數千里하야 漫瀾不見蹤跡이라,"남방의 주(州)들은 모두 큰 바다 연안에 위치해 도서(島嶼)가 많고, 빠른 바람을 만나면 하루에도 수천 리를 달려 아득히 넓은 바다로 나아가니 종적을 찾을 수가 없다.",라,True,라(대조군),Level1
시경집전(하),767,1646,鼛는 大鼓也라,고(鼛)는 큰 북이다.,라,False,라(대조군),Level1
춘추좌씨전6,187,765,宣子有環이러니 其一在鄭商이라,"선자(宣子)에게 옥환(玉環)이 있었는데, 그 한 짝은 정(鄭)나라 상인(商人)에게 있었다.",라,False,라(대조군),Level1
주역전의(하),749,2229,若時之厚而交物以薄이면 乃不享其豊美니 天下莫之與而悔吝生矣리라,"만일 때가 풍후(豊厚)한데 물건을 사귀기를 박하게 하면 이것은 풍부하고 아름다움을 누리지 못하는 것이니, 천하(天下)가 친하지 아니하여 뉘우침과 부끄러움이 생길 것이다.",라,False,라(대조군),Level1
춘추좌씨전5,119,617,爲之歌齊한대 曰 美哉라,"그를 위해 제풍(齊風)을 노래하게 하자, 계찰(季札)은 “아름답습니다.",라,True,라(대조군),Level1
당송팔대가문초유종원2,332,2156,淑之父曰總이니 旣孕而卒이라 故淑爲南康謳者라,"마숙(馬淑)의 부친은 총(總)으로, 마숙(馬淑)을 잉태시키고 죽었기 때문에 마숙(馬淑)은 남강(南康)의 가기(歌妓)가 되었다.",라,False,라(대조군),Level1
서경집전(상),331,1911,柳宗元曰 西海之山에 有水焉하니 散渙無力하여 不能負芥하여 投之則委靡墊沒하여 及底而後止라,"유종원(柳宗元)이 말하기를 “서해(西海)의 산에 물이 있으니, 흩어져 힘이 없어서 지푸라기도 띄우지 못하여 지푸라기를 던지면 쓰러지고 가라앉아 밑바닥에 이른 뒤에 멈춘다.",라,False,라(대조군),Level1
서경집전(상),47,369,群后는 卽侯牧也라,군후(群后)는 곧 후(侯)와 목(牧)이다.,라,False,라(대조군),Level1
서경집전(하),302,1185,止能不廢王命하여 才可免過而已니 此見人臣職分之難盡이라,"그러나 다만 왕명(王命)을 폐하지 않아 겨우 허물을 면할 뿐이었으니, 이는 인신(人臣)의 직분이 다하기 어려움을 나타낸 것이다.",라,False,라(대조군),Level1
자치통감강목6,594,1278,趙魏亦爲隄호되 去河二十五里하니 雖非其正이나 水尙有所遊盪하여 時至而去면 則塡淤肥美라,"조(趙)나라와 위(魏)나라 또한 황하에서 25리 떨어진 곳에 제방을 만들었으니, 비록 이렇게 하는 것이 올바른 방법은 아니나 그래도 물이 흘러 갈 곳이 있어서 때로 홍수가 닥쳤다가도 지나가면 진흙이 메워져서 땅이 비옥해졌습니다.",라,False,라(대조군),Level1
서경집전(상),135,944,皐陶此言은 所以推廣允迪謨明之義라,고요의 이 말은 ‘진실로 그 덕을 실행하면 도모하는 것이 밝아진다.’는 뜻을 미루어 넓힌 것이다.,라,False,라(대조군),Level1
당송팔대가문초구양수6,217,1418,漢高祖爲侍衛親軍指揮使하야 以進爲軍校라,한(漢) 고조(高祖)가 시휘친군지휘사(侍衛親軍指揮使)로 있으면서 왕진을 군교(軍校)로 삼았다.,라,True,라(대조군),Level1
맹자집주,1584,5263,磯는 水激石也니 不可磯는 言微激之而遽怒也라,"기(磯)는 물이 부딪치는 돌이니, 불가기(不可磯)는 조금만 격(激)하여도 대번에 노함을 말한다.",라,False,라(대조군),Level1
당송팔대가문초유종원2,208,1021,觀其四散惝怳하여 開合萬狀에 喜者鵲厲하고 怒者人搏이라,"살펴보면, 사방으로 흩어져 미친 듯이 서로 모였다 합쳐졌다 하며 온갖 형상을 연출하는데, 말이 즐거울 때 달리는 모습은 까치가 나래를 펴고 하늘을 나는 듯하고, 성이 나 날뛰는 모습은 사람이 서로 발로 차면서 싸우는 듯합니다.",라,True,라(대조군),Level1
주역전의(상),602,1958,此는 以卦德으로 釋卦名義라,이는 괘덕(卦德)으로 괘명(卦名)의 뜻을 해석한 것이다.,라,False,라(대조군),Level1
당송팔대가문초왕안석1,303,1445,今樂安公의 懿文茂行은 超越朝右어늘 復得足下以宏識淸議하야 相須光潤이라,"이제 낙안공(樂安公)의 우미(優美)한 문장(文章)과 성덕(盛德)에 맞는 행실(行實)은 조정의 고관들을 초월하게 되었으며, 이에 다시 족하(足下)의 광범한 학식과 분명한 정론(正論)을 얻게 되어, 서로 어울려서 휘황한 광채를 발하게 되었습니다.",라,True,라(대조군),Level1
시경집전(상),792,1848,小序之言이 疑亦有所本云이라,소서(小序)의 말도 의심컨대 또한 근본한 바가 있는 듯하다.,라,False,라(대조군),Level1
당송팔대가문초유종원1,245,1529,有來求者면 則爲講說하니 從而化者 皆知佛之爲大와 法之爲廣과 菩薩大士之爲雄과 修而行之者爲空과 蕩而無之者爲礙라,"찾아와 가르침을 구하는 자가 있으면 그를 위해 진리를 설명해주니, 그로 인해 교화된 사람은 모두 부처의 크심과 불법(佛法)의 광활함과 보살대사(菩薩大士)의 웅대함을 알게 되었고, 불법을 수행한 자는 공(空)이 되고, 방탕하여 아무것도 없는 자는 애(礙)가 된다는 것에 대해 알게 되었다.",라,True,라(대조군),Level1
주역전의(하),60,203,剛柔皆應은 一卦剛柔之爻 皆相應하니 剛柔相應은 理之常也라,"‘강(剛)과 유(柔)가 모두 응한다’는 것은 한 괘(卦)의 강(剛)·유(柔)의 효(爻)가 모두 서로 응하니, 강(剛)과 유(柔)가 서로 응함은 이치의 떳떳함이다.",라,True,라(대조군),Level1
당송팔대가문초구양수5,113,847,贇謂道曰 寡人此來에 所恃者는 以公三十年舊相이라,유빈이 풍도에게 말하기를 “과인이 이곳에 올 때에 믿었던 것은 공이 30년 동안 재상(宰相)의 자리에 있었기 때문이다.,라,True,라(대조군),Level1
시경집전(하),2194,4890,如霆如雷는 言畏之甚也라,여정여뢰(如霆如雷)는 두려워함이 심함을 말한 것이다.,라,False,라(대조군),Level1
당송팔대가문초소식3,53,189,嗚呼라,아!,라,True,라(대조군),Level1
서경집전(하),415,1646,此下는 皆告成王之辭니 託周公하여 達之王也라,"이 이하는 모두 성왕(成王)에게 고한 말이니, 주공(周公)에게 의탁하여 왕(王)에게 전달하게 한 것이다.",라,False,라(대조군),Level1
당송팔대가문초소식5,245,938,或以千金與人而人不喜로되 或以一言使人而人死之者는 誠與不誠故也요 稽天之潦 不能終朝로되 而一綫(線)之溜 可以達石者는 一與不一故也라,"혹은 천금(千金)을 남에게 주어도 그 사람이 기뻐하지 않는데, 혹은 한마디 말로써 사람을 부리면 그 사람이 죽음을 바치는 것은 성실함과 성실하지 못함 때문이요, 하늘에까지 이르는 홍수가 하루아침을 마치지 못하는데 한 올의 실오라기와 같은 낙숫물이 돌을 뚫을 수 있는 것은 한결같음과 한결같지 못함 때문이다.",라,False,라(대조군),Level1
자치통감강목15,429,554,"猛이 馳就許之하니 羌이 乃大飲帳中하고 與張蚝, 徐成等으로 跨馬運矛하여 馳赴燕陳하여 出入數四호되 旁若無人하여 所殺傷數百이라","왕맹이 달려가서 사예의 자리를 주기로 허락하니, 등강은 마침내 장막 안에서 크게 술을 마시고 장자(張蚝)와 서성(徐成) 등과 함께 말을 타고 창을 휘두르며 연나라 진영으로 달려가서  옆에 아무 사람이 없는 것처럼 거리낌 없이 서너 차례 출입하며 적병 수백 명을 살상하였다.",라,False,라(대조군),Level1
맹자집주,1141,3826,此章은 言聖賢이 心無不同이요 事則所遭或異라,"이 장(章)은 성현(聖賢)은 마음은 같지 않음이 없고, 일은 만나는 바가 혹 다르다.",라,True,라(대조군),Level1
예기집설대전2,1860,2653,時服은 隨死時之寒暑所衣也라,시복(時服)은 죽었을 때의 추위와 더위에 맞추어 입었던 옷을 따른 것이다.,라,False,라(대조군),Level1
당송팔대가문초구양수3,255,948,然人力出於州兵하고 而石出乎南山하야 作大役而民不知하니 是爲政者之私我也라,"그러나 사주(泗州)의 군사를 내어 인력으로 쓰고 남산(南山)에서 돌을 캐내어 큰 역사(役事)를 일으켰는데도 백성은 역사(役事)를 일으켰는지조차 알지 못하니, 이는 정사를 펴는 사람이 우리를 보살펴준 것이다.",라,True,라(대조군),Level1
당송팔대가문초소식5,378,1401,第十七尊者는 臨水側坐하야 仰觀飛鶴하니 其一旣下集矣어늘 侍者以手拊之하고 有童子提竹籃하야 取果實投水中이라,"열일곱 번째 존자(尊者)는 물가에 임하여 비스듬히 앉아서 날아가는 학(鶴)을 우러러보니, 이 가운데 한 마리는 이미 내려앉았으므로 시자(侍者)가 손으로 어루만지고, 동자(童子)는 대바구니를 들어서 과일을 집어 물속에 던진다.",라,True,라(대조군),Level1
당송팔대가문초구양수1,411,2113,故河流已棄之道는 自是難復이라,그러므로 황하의 흐름이 이미 끊긴 물길은 본래 회복하기 어려운 것입니다.,라,True,라(대조군),Level1
당송팔대가문초구양수1,14,92,子는 發奕棐辨이라,"아들은 발(發), 혁(奕), 비(棐), 변(辨)이다.",라,False,라(대조군),Level1
논어집주,1464,4743,沐浴齊戒以告君은 重其事而不敢忽也라,목욕 재계하고 임금에게 아뢴 것은 그 일을 중히 여겨 감히 소홀히 하지 못하신 것이다.,라,True,라(대조군),Level1
논어집주,163,595,車無此二者면 則不可以行이니 人而無信이면 亦猶是也라,"수레에 이 두 가지가 없으면 갈 수가 없으니, 사람으로서 신(信)이 없으면 또한 이와 같은 것이다.",라,False,라(대조군),Level1
자치통감강목9,1166,1697,爾其勉之하라,너는 부디 충의에 힘써라.” 하였다.,라,True,라(대조군),Level1
논어집주,952,3248,阼階는 東階也라,조계(阼階)는 동쪽 섬돌이다.,라,False,라(대조군),Level1
당송팔대가문초왕안석2,191,945,歙之爲州 在山嶺澗谷崎嶇之中하야 自去五代之亂百年으로 名士大夫亦往往而出이나 然不能多也라,"흡주(歙州)라는 고을은 산봉우리와 골짜기가 험준한 가운데 있어서, 오대(五代)의 난(亂)을 거치면서부터 100년 동안 명사(名士)나 대부(大夫)가 더러 배출되기도 하였으나 많이 배출되지는 못하였다.",라,False,라(대조군),Level1
자치통감강목15,1434,2029,謂太子興曰 有毁此諸公者어든 愼勿受之하라,태자 요흥(姚興)에게 이르기를 “이 공(公)들을 훼방하는 자가 있거든 부디 받아들이지 말라.,라,False,라(대조군),Level1
당송팔대가문초한유2,259,1256,然而禮文繁漫하야 所執各殊라,그러나 예문(禮文)이 번다하여 주장하는 바가 각기 달랐습니다.,라,False,라(대조군),Level1
자치통감강목4,1800,4121,曾孫이 因依倚廣漢兄弟及史氏하여 受詩於東海澓中翁하니 高材好學이라,"증손은 이로 인하여 허광한의 형제와 사씨(史氏) 집안에 의지하여 살며 동해(東海) 복중옹(澓中翁)에게 ≪시경(詩經)≫을 배웠는데, 재주가 높고 학문을 좋아하였다.",라,False,라(대조군),Level1
시경집전(하),1345,2887,文王之國에 能生此衆多之士하니 則足以爲國之榦하여 而文王亦賴以爲安矣라하니 蓋言文王得人之盛하니 而宜其傳世之顯也라,"문왕(文王)의 나라에 능히 이 많은 선비들을 배출하였으니, 족히 나라의 정간(楨榦)이 되어 문왕(文王) 또한 이들에 힘입어서 편안한 것이다.” 하였으니, 문왕(文王)이 인재 얻기를 많이 하니, 마땅히 그 대대로 전함이 드러날 것임을 말한 것이다.",라,True,라(대조군),Level1
서경집전(상),171,1249,九成者는 樂之九成也라,구성(九成)은 음악이 아홉번 끝난 것이다.,라,False,라(대조군),Level1
당송팔대가문초구양수5,109,825,乾祐元年에 拜贇徐州節度使하고 承訓早卒에 追封魏王이라,"건우(乾祐) 원년(948)에 빈(贇)을 서주절도사(徐州節度使)에 배수하였고, 승훈(承訓)이 일찍 졸하자 위왕(魏王)에 추봉(追封)되었다.",라,False,라(대조군),Level1
당송팔대가문초구양수5,250,1682,及莊宗之崩하야는 不能自決하고 而反逃死以求生이라가 終於被執而見殺이라,그러나 장종(莊宗)이 붕어(崩御)하였을 때에는 자결(自決)하지 못하고 도리어 죽음을 피하여 살길을 찾다가 끝내 붙잡혀 죽임을 당하였다.,라,False,라(대조군),Level1
주역전의(상),208,938,田은 地上也니 出見於地上하여 其德已著하니 以聖人言之하면 舜之田漁時也라,"전(田)은 지상(地上)이니, 지상(地上)에 출현(出現)하여 그 덕(德)이 이미 드러났으니, 성인(聖人)으로 말한다면 순(舜)임금이 농사짓고 고기잡던 때이다.",라,True,라(대조군),Level1
주역전의(하),1170,3558,漸之進也는 女歸의 吉也라,“점(漸)의 나아감은 여자가 시집감에 길(吉)한 것이다.,라,False,라(대조군),Level1
논어집주,530,1953,厭은 棄絶也라,염(厭)은 버리고 끊는 것이다.,라,False,라(대조군),Level1
논어집주,1047,3463,仍은 因也요 貫은 事也라,"잉(仍)은 그대로 따르는 것이요, 관(貫)은 일이다.",라,False,라(대조군),Level1
당송팔대가문초한유2,221,1003,上焉者之於七也에 動而處其中하고 中焉者之於七也에 有所甚有所亡이라 然而求合其中者也라 下焉者之於七也에 亡與甚하야 直情而行者也니 情之於性視其品이라,"상등인의 정(情)은 일곱 가지에 있어 항상［動］ 중(中)을 취(取)하고, 중등인의 정(情)은 이 일곱 가지에 있어 지나침［甚］이 있기도 하고 미치지 못함［亡］이 있기도 하지만 중(中)에 부합하기를 구하고, 하등인의 정은 일곱 가지에 있어 미치지 못하거나 지나침이 있어서 감정 내키는 대로 행동하니, 정(情)의 등급은 성(性)의 등급으로 인해 결정된다.",라,False,라(대조군),Level1
당송팔대가문초구양수6,216,1414,爲人勇悍하야 走及奔馬라,사람됨이 용맹하고 날쌔서 내달리는 말을 따라잡을 수 있었다.,라,False,라(대조군),Level1
시경집전(상),2152,4938,藏冰開冰은 亦聖人輔相燮調之一事耳요 不專恃此以爲治也라,"“얼음을 보관하고 얼음을 꺼내는 것은 또한 성인(聖人)이 보상(輔相)하고 섭조(燮調)하는 한가지 일일 뿐이요, 오로지 이것을 믿고 정사를 한 것은 아니다.”",라,False,라(대조군),Level1
주역전의(하),844,2491,階는 升之易者라,계단은 오름에 쉬운 것이다.,라,False,라(대조군),Level1
자치통감강목15,1317,1854,今以十六爲全丁하고 十三爲半丁하니 傷天理하고 困百姓이라,"그런데 지금 16세를 전정(全丁)으로 삼고 13세를 반정(半丁)으로 삼으니, 이는 천리(天理)를 손상하고 백성을 곤궁하게 하는 것입니다.",라,False,라(대조군),Level1
주역전의(상),626,2017,故云自我라,그러므로 ‘나로부터’라고 말한 것이다.,라,False,라(대조군),Level1
주역전의(하),1063,3226,不曰動者는 震有動而奮發震驚之義일새라,그런데 동(動)이라고 말하지 않은 것은 진(震)은 동하고 분발하며 진경(震驚)하는 뜻이 있기 때문이다.,라,False,라(대조군),Level1
자치통감강목14,581,1811,殷君驕豪는 亦似由有佳兒라,“은군(殷君)이 교만하고 방자함은 또한 아름다운 아들(은호(殷浩))이 있기 때문인 듯합니다.,라,False,라(대조군),Level1
자치통감강목1,442,1180,三十五年이라,주(周)나라 현왕(顯王) 35년이다.,라,False,라(대조군),Level1
서경집전(하),1088,4143,雖則云然이나 尙猷詢玆黃髮하면 則罔所愆하리라,비록 그러하나 오히려 거의 황발(黃髮)에게 물을 것을 도모하면 잘못되는 바가 없을 것이다.,라,False,라(대조군),Level1
시경집전(상),709,1638,蒙彼縐絺하니 是紲袢也로라,저 갈포(葛布)옷 위에 덧입으니 이것을 단단히 동여매도다,라,False,라(대조군),Level1
당송팔대가문초구양수2,222,835,幸足下少思焉하라,족하는 조금 생각해주시기 바랍니다.,라,False,라(대조군),Level1
자치통감강목18,696,2278,宋文帝鑄四銖하니 至景和에 錢益輕하여 雖有周郭이나 而鎔冶不精이라,"송(宋) 문제(文帝)가 사수전(四銖錢)을 주조하니, 경화(景和)(465) 연간에 이르러 동전이 더욱 가벼워져서 비록 주곽(周郭)이 있었지만 제련(製鍊)하는 것이 정밀하지 않았던 것입니다.",라,False,라(대조군),Level1
예기집설대전1,552,1734,殺而不義則殺者當死라,사람을 죽인 것이 의롭지 못한 경우에는 죽인 자는 죽는 것이 마땅하다.,라,False,라(대조군),Level1
당송팔대가문초왕안석1,46,292,蓋古者有賢不肖之分하야 而無流品之別이라,아마도 옛날에는 현자(賢者)와 불초자(不肖者)를 구분하는 기준으로 유외(流外) 출신이냐와 구품(九品) 출신이냐에 따라 차별을 두지는 않았던 듯합니다.,라,False,라(대조군),Level1
자치통감강목13,185,685,帝爲人이 戇騃라,황제는 사람됨이 어리석고 미련하였다.,라,False,라(대조군),Level1
당송팔대가문초한유1,300,1455,抑其中有宜復者라 故不可遂已로라,"그러나 그대의 말 중에 마땅히 대답해야 할 내용이 있으므로, 드디어 이대로 논의를 종결(終結)해서는 안 되겠기에 〈다시 답신을 보내는 바이오.〉",라,False,라(대조군),Level1
시경집전(상),695,1595,讀은 誦言也라,독(讀)은 외워서 말하는 것이다.,라,False,라(대조군),Level1
시경집전(하),1251,2701,俾는 使요 疷는 病也라,"비(俾)는 하여금이요, 저(疷)는 병듦이다.",라,False,라(대조군),Level1
예기집설대전2,1557,2223,在堂은 在殯也라,‘당(堂)에 있다’는 것은 지도자의 시신이 빈소(殯所)에 있다는 말이다.,라,False,라(대조군),Level1
당송팔대가문초유종원2,309,1935,元和十三年에 孤來章始壯하여 自襄州徒行求其葬이나 不得이라,원화(元和) 13년에 그의 아들 내장(來章)이 비로소 장성하여 양주(襄州)로부터 걸어서 유주(柳州)로 와 아버지의 장지를 수소문하였으나 찾지 못했다.,라,False,라(대조군),Level1
자치통감강목1,240,573,燕閔公三十一年이라,연(燕)나라 민공(閔公) 31년이다.,라,False,라(대조군),Level1
당송팔대가문초구양수4,144,671,故其子孫이 皆守儒學而多聞人이라,그러므로 그 자손들이 모두 유학(儒學)의 가풍을 지켜 명성이 난 사람이 많다.,라,False,라(대조군),Level1
자치통감강목13,218,823,孫秀議加倫九錫하니 吏部尙書劉頌曰 昔에 漢之錫魏와 魏之錫晉은 皆一時之用이니 非可通行이라,"손수(孫秀)가 조왕(趙王) 사마륜(司馬倫)에게 구석(九錫)을 가(加)할 것을 의논하니, 이부상서(吏部尙書) 유송(劉頌)이 말하기를 “옛날 한(漢)나라에서 위(魏)나라에게 준 것과 위(魏)나라에서 진(晉)나라에게 준 것은 모두 한때 임시로 사용한 것이니, 통행(通行)할 수 있는 것이 아닙니다.",라,False,라(대조군),Level1
논어집주,443,1598,故로 言此以勉人이라,그러므로 이것을 말씀하여 사람들을 힘쓰게 하신 것이다.,라,False,라(대조군),Level1
당송팔대가문초구양수3,151,521,吾未之信也로라,나는 그리할 수 있을 것이라고는 믿지 않는다.,라,False,라(대조군),Level1
주역전의(상),531,1752,故로 小貞則吉也니 小貞은 則漸正之也라,"그러므로 조금씩 바로잡으면 길한 것이니, 소정(小貞)은 점점 바로 잡는 것이다.",라,False,라(대조군),Level1
서경집전(상),34,273,溫은 和粹也라,온(溫)은 화하고 순수함이다.,라,False,라(대조군),Level1
시경집전(하),2369,5271,徹은 井其田也라,철(徹)은 토지를 정전(井田)으로 만드는 것이다.,라,False,라(대조군),Level1
당송팔대가문초소순1,221,1361,故로 享世長遠하고 而民不苟簡이라,"그래야 누리는 세월이 장구할 것이고, 백성들도 구차하고 대수롭게 여기지 않을 것이다.",라,False,라(대조군),Level1
당송팔대가문초증공1,458,2590,其城之內外皆涂어늘 旁有溝하고 溝通潮汐하여 舟載者晝夜屬于門庭이라,그곳의 성은 안팎에 모두 도로가 있고 도로가에는 도랑이 있으며 도랑은 강과 바다로 통하여 손님과 짐을 실은 배들이 밤낮으로 문 앞에 모여든다.,라,True,라(대조군),Level1
서경집전(하),939,3518,今予一二伯父는 尙胥曁顧綏爾先公之臣服于先王하여 雖爾身在外하나 乃心은 罔不在王室하여 用奉恤厥若하여 無遺鞠子羞하라,"지금 우리 한두 명의 백부(伯父)들은 부디 서로 더불어 너희들의 선공(先公)이 선왕(先王)께 신복(臣服)했던 것을 돌아보고 편안히 하여, 비록 너희들의 몸은 밖에 있으나 너희들의 마음은 왕실에 있지 않음이 없어, 근심함을 받들어 순히 이어서 국자(鞠子)에게 부끄러움을 끼치지 말도록 하라.”",라,False,라(대조군),Level1
당송팔대가문초소식2,85,400,熙寧中에 兩浙市易이 出錢百萬緡하야 民無貧富히 皆得取用이로되 而米不可得이라,희령(熙寧) 연간에 양절(兩浙)(절동(浙東)과 절서(浙西))의 시역무(市易務)에서 돈 백만 민(緡)을 방출해서 백성들이 빈부를 막론하고 모두 이 돈을 갖다 쓸 수 있었으나 쌀을 구할 수가 없었습니다.,라,False,라(대조군),Level1
당송팔대가문초구양수4,27,126,往時에 閩人多好學하되 而專用賦以應科擧러니 公得先生周希孟하야 以經術傳授하니 學者常至數百人이라,"과거에는 민주(閩州)의 사람들 대부분 학문을 좋아하였지만 전적으로 부(賦)로 과거에 응시하였는데, 공이 선생 주희맹(周希孟)을 얻어 경술(經術)로 전수하니 배우는 사람들이 늘 수백 명이나 되었다.",라,False,라(대조군),Level1
자치통감강목8,1905,2629,"安定,北地,上郡이 山川險阨하고 沃野千里라",“안정(安定)과 북지(北地)와 상군(上郡)은 산천(山川)이 험하고 비옥한 들이 천 리나 됩니다.,라,False,라(대조군),Level1
주역전의(상),675,2153,柔弱居下하여 才不能訟하니 雖不永所事나 旣訟矣면 必有小災라 故小有言也요 旣不永其事하고 又上有剛陽之正應하여 辯理之明이라 故終得其吉也라,"유약함으로 아래에 거하여 재질이 쟁송할 수 없으니, 비록 다투는 일을 영구히 하지 않으나 이미 쟁송을 하였다면 반드시 작은 재앙이 있게 되므로 다소 말이 있는 것이며, 이미 다투는 일을 영구히 하지 않고 또 위에 강양(剛陽)의 정응(正應)이 있어서 분별하고 다스려주기를 밝게 하므로 끝내 그 길함을 얻은 것이다.",라,False,라(대조군),Level1
자치통감강목9,1413,2043,勳이 素與正和有仇라,갑훈은 평소 소정화와 원한이 있었다.,라,False,라(대조군),Level1
자치통감강목10,120,179,國家西遷이면 必孤天下之望하여 以成山東之釁하리니 臣不知其可也로라,"“국가가 서쪽(장안(長安))으로 천도하면 반드시 천하 사람들의 바람을 저버려서 산동 지방과 틈이 생기게 될 것이니, 신(臣)은 이렇게 하는 것이 옳은지 알지 못하겠습니다.”",라,False,라(대조군),Level1
시경집전(상),695,1594,束은 束而去之也라,속(束)은 묶어서 제거함이다.,라,False,라(대조군),Level1
당송팔대가문초구양수4,350,1560,此銘與前作이 皆是善生發處하니 此是作女人文字之法也라,“이 명(銘)과 앞 작품이 모두 자식이 발신(發身)한 근본을 잘 끄집어내어 서술하였으니 이는 부인에 대한 글을 짓는 법도이다.”,라,False,라(대조군),Level1
맹자집주,41,169,"農時는 謂春耕,夏耘,秋收之時니 凡有興作에 不違此時하고 至冬乃役之也라","농시(農時)는 봄에 밭 갈고 여름에 김매고 가을에 수확하는 때를 이르니, 모든 ˂토목공사(土木工事)˃ 를 일으킴에 이때를 놓치지 않게 하고 겨울에 이르러서야 부역을 시키는 것이다.",라,False,라(대조군),Level1
시경집전(하),2884,6377,蓋古者出兵에 受成於學하고 及其反也에 釋奠於學하고 而以訊馘告라,"옛날에 출병(出兵)할 때에는 학궁(學宮)에서 이루어진 법(法)을 받고, 돌아옴에 미쳐서는 학궁(學宮)에서 석전(釋奠)하고 신문할 자와 왼쪽 귀를 베어온 것을 고유(告諭)하였다.",라,False,라(대조군),Level1
예기집설대전2,783,1119,靡는 侈也라,미(靡)는 사치함이다.,라,False,라(대조군),Level1
주역전의(상),1379,4148,故聖人爲之戒云 陽雖方長이나 然至于八月則消而凶矣라,그러므로 성인(聖人)이 경계하기를 “양(陽)이 비록 자라나고 있으나 팔월(八月)에 이르면 사라져 흉할 것이다.”라고 한 것이다.,라,False,라(대조군),Level1
논어집주,223,831,二代는 夏商也니 言其視二代之禮而損益之라,"이대(二代)는 하(夏)나라와 은(殷)나라이니, ˂주(周)나라는˃ 이대(二代)의 예(禮)를 보아 증손(增損)하였음을 말씀한 것이다.",라,False,라(대조군),Level1
주역전의(상),1709,5093,可貞固守此하니 自无咎也라,"정고(貞固)히 이를 지킬 수 있으니, 이는 스스로 허물이 없는 것이다.",라,True,라(대조군),Level1
논어집주,2000,6207,言君子之道非以其末爲先而傳之요 非以其本爲後而倦敎라,"군자(君子)의 도(道)는 지엽적인 것을 먼저라 하여 전수하는 것도 아니며, 근본적인 것을 뒤라 하여 가르치기를 게을리 하는 것도 아니다.",라,False,라(대조군),Level1
당송팔대가문초증공1,245,1388,其在幕府에 魏公每上奏天子以歲時慶賀候問과 及爲書記通四方之好에 幾聖爲屬藁草하니 必聲比字屬하여 曲當繩墨이라,"기성(幾聖)이 위공(魏公)의 막부(幕府)에 있을 적에 위공(魏公)은 천자에게 명절을 축하하고 안부를 묻는 표문을 올린다거나 사방의 친지들에게 서신(書信)을 보낼 때 기성(幾聖)에게 초고를 부탁하였는데, 기성(幾聖)의 글은 항상 성조(聲調)가 고르고 자구(字句)가 이어져 법도에 들어맞았다.",라,True,라(대조군),Level1
주역전의(하),1106,3355,故當億度하여 无喪失其所有之事而已니 所有之事는 謂中德이라,"그러므로 마땅히 억탁(億度)하여 소유(所有)하고 있는 일을 상실(喪失)하지 않을 뿐이니, 소유(所有)하고 있는 일이란 중덕(中德)을 이른다.",라,True,라(대조군),Level1
당송팔대가문초구양수2,196,729,旣而持以問人曰 是不能乎書者邪아 曰非不能也라 書之法이 當爾邪아 曰非也라,"이윽고 내가 그것을 가지고 남에게 묻기를 “이는 글씨를 잘 쓰지 못한 것인가?”라고 하니 “잘 쓰지 못한 것이 아니다.”라고 하였고, “서법(書法)에 맞는가?”라고 하니 “그렇지 않다.”라고 하였고,",라,False,라(대조군),Level1
맹자집주,255,973,穆公은 鄒君也라,목공(穆公)은 추(鄒)나라 군주이다.,라,False,라(대조군),Level1
시경집전(상),2749,6383,中澤은 澤中也라,중택(中澤)은 못 가운데이다.,라,False,라(대조군),Level1
예기집설대전1,620,1954,介는 甲也라,개(介)는 갑옷이다.,라,False,라(대조군),Level1
당송팔대가문초구양수1,484,2406,蓋往年以不知邊事之謀臣으로 馭不識干戈之將하고 用驕兵執朽器하야 以當桀黠新興之虜하니 此所以敗也라,"대개 왕년에는 변방의 일을 알지 못하는 모신(謀臣)으로써 전투를 알지 못하는 장수를 부리고 교만한 군병으로 낡은 무기를 잡게 하여 새로 일어난 교활한 도적을 막았으니, 이것이 패배한 까닭입니다.",라,False,라(대조군),Level1
자치통감강목7,553,733,"銅馬,赤眉之屬이 數十輩요 輩數十百萬人이라","동마(銅馬)와 적미(赤眉)의 등속이 수십 개의 무리이고, 무리마다 병력이 수십만에서 백만 명에 이릅니다.",라,False,라(대조군),Level1
자치통감강목15,572,779,宏以示王彪之한대 彪之歎其文辭之美하고 因曰 卿固大才라,"원굉은 작성한 초고를 왕표지(王彪之)에게 보여주자, 왕표지가 문사(文辭)의 아름다움에 감탄하고 인하여 말하기를 “경(卿)은 참으로 뛰어난 글재주를 가졌다.",라,True,라(대조군),Level1
자치통감강목17,458,1548,魏主問以方略한대 對曰 姑臧城旁에 有四部鮮卑하니 皆臣祖父舊民이라,위주(魏主)가 방략(方略)을 물었는데 원하가 대답하기를 “고장성(姑臧城) 옆에는 4부(部)의 선비족(鮮卑族)이 있으니 모두 신(臣)의 조부(祖父)가 다스리던 옛 백성들입니다.,라,False,라(대조군),Level1
당송팔대가문초구양수5,94,707,願歸衛天子라하니 行欽釋之라,원컨대 돌아가 천자를 호위할 수 있게 해달라.”라고 하니 원행흠이 풀어주었다.,라,False,라(대조군),Level1
당송팔대가문초구양수1,77,575,實不欲因拯而壞之者는 爲朝廷惜也라,그래서 실로 포증(包拯)으로 말미암아 이것을 무너뜨리길 바라지 않는 것은 조정을 위해 애석하게 여기는 것입니다.,라,True,라(대조군),Level1
서경집전(하),1,2,書凡三十二篇이라,주서(周書)는 모두 32편(篇)이다.,라,False,라(대조군),Level1
당송팔대가문초소순1,270,1753,昔者에 六國이 嘗攻函谷矣나 而秦將이 敗之요 曹操가 嘗攻長江矣나 而周瑜가 走之요 鐘會가 嘗攻劒閣矣나 而姜維가 拒之라,"옛날 육국(六國)이 일찍이 함곡관(函谷關)을 공격하였지만 진(秦)나라 장수들이 그들을 물리쳤고, 조조(曹操)가 일찍이 장강(長江)을 공격하였지만 주유(周瑜)가 그를 내쫒았고, 종회(鐘會)가 일찍이 검각(劒閣)을 공격했지만 강유(姜維)가 그를 막았다.",라,False,라(대조군),Level1
시경집전(상),1745,3942,寺人은 內小臣也라,시인(寺人)은 궁내(宮內)의 작은 신하이다.,라,False,라(대조군),Level1
주역전의(상),1621,4829,陽은 君子之道니 陽消極而復反은 君子之道消極而復長也라,"양(陽)은 군자(君子)의 도(道)이니, 양(陽)의 사라짐이 지극하다가 다시 돌아옴은 군자(君子)의 도(道)가 사라짐이 지극하다가 다시 자라나는 것이다.",라,False,라(대조군),Level1
시경집전(상),2287,5305,翩翩은 飛貌라,편편(翩翩)은 나는 모양이다.,라,False,라(대조군),Level1
예기집설대전2,1066,1532,畢은 盡也라,필(畢)은 다함이다.,라,False,라(대조군),Level1
대학장구,164,424,好善而惡惡은 人之性也니 至於拂人之性이면 則不仁之甚者也라,"선(善)을 좋아하고 악(惡)을 미워함은 사람의 성(性)이니, 사람의 성(性)을 어김에 이르면 불인(不仁)이 심한 자이다.",라,False,라(대조군),Level1
시경집전(하),600,1325,罔은 無요 極은 窮也라,"망(罔)은 없음이요, 극(極)은 다함이 없는 것이다.",라,True,라(대조군),Level1
주역전의(하),2041,5773,然不知者는 往而屈也요 自致者는 來而信也니 是亦感應自然之理而已라,"그러나 알지 못함은 가서 굽힘이요 스스로 이룸은 와서 펴짐이니, 이 또한 감응(感應)하는 자연의 이치일 뿐이다.",라,True,라(대조군),Level1
당송팔대가문초왕안석2,539,2835,其封曰永嘉縣君이요 其卒於蘇州하니 以治平二年十一月九日로 年三十八이라,"그 봉호(封號)를 영가현군(永嘉縣君)이라 하였고, 부인이 소주(蘇州)에서 졸(卒)한 때가 치평(治平) 2년 11월 9일이었으며, 향년(享年)이 38세였다.",라,False,라(대조군),Level1
서경집전(하),497,1950,師는 衆也라,사(師)는 무리이다.,라,True,라(대조군),Level1
춘추좌씨전5,232,1167,子皮賦野有死麕之卒章하고 趙孟賦常棣하다 且曰 吾兄弟比以安이면 尨也可使無吠리라,"자피(子皮)가 〈야유사균(野有死麕)〉의 졸장(卒章)을 읊으니, 조맹(趙孟)이 〈상체(常棣)〉시(詩)를 읊고서 말하기를 “우리 형제(兄弟) 나라들이 친밀(親密)하게 지내며 안정(安定)을 추구한다면 삽살개도 짖지 않게 할 수 있을 것입니다.”고 하니,",라,True,라(대조군),Level1
시경집전(하),1131,2460,晛은 日氣也라,현(晛)은 해 기운이다.,라,False,라(대조군),Level1
자치통감강목9,1281,1866,四年이라,한(漢)나라 효령황제(孝靈皇帝) 광화(光和) 4년이다.,라,False,라(대조군),Level1
자치통감강목13,724,2396,曜斬而送之하고 曰 帝王之師는 以義行也라,유요가 사자를 참수하고서 그 시신을 보내며 말하기를 “제왕의 군대는 의(義)로써 일을 행하는 것이다.,라,False,라(대조군),Level1
당송팔대가문초유종원1,54,404,想復再上하여 故少佐筆端耳라,다시 또 조정에 건의할 것이라고 생각되기 때문에 이 글이 조금이나마 필력(筆力)에 도움이 되었으면 합니다.,라,False,라(대조군),Level1
자치통감강목7,19,24,五年이라,신(新)나라 왕망(王莽) 시건국(始建國) 5년이다.,라,False,라(대조군),Level1
자치통감강목5,795,1840,天子采之하여 詔曰 匈奴單于稱北蕃하고 朝正朔하니 朕之不德이 不能弘覆라,"천자는 그의 말을 채택해서 조령(詔令)을 내리기를 “흉노(匈奴)의 선우(單于)가 북번(北藩)이라 칭하고 정월 초하루에 조회하려 하니, 덕(德)이 없는 짐(朕)이 크게 비호하지 못한다.",라,True,라(대조군),Level1
시경집전(상),1553,3550,雖欲自食其力이나 而不可得矣라,그렇다면 비록 자기의 능력으로 먹고자 하나 될 수가 없는 것이다.,라,False,라(대조군),Level1
서경집전(하),677,2628,宗周는 鎬京也라,종주(宗周)는 호경(鎬京)이다.,라,False,라(대조군),Level1
당송팔대가문초소식2,168,731,無競維人이니 勢已加於九鼎이요 惟德其物이니 恩有重於千金이라,"인재를 등용하는 것보다 더 강한 것이 없으니 권세가 이미 구정(九鼎)보다도 더하고, 오직 그 물건을 덕으로 여기니 은혜가 천금(千金)보다도 중합니다.",라,True,라(대조군),Level1
논어집주,770,2739,今我旣得與於此文하니 則是天未欲喪此文也라,"그러나 지금 나는 이미 이 문(文)에 참여하였으니, 그렇다면 이는 하늘이 아직 이 문(文)을 없애려고 하지 않으신 것이다.",라,True,라(대조군),Level1
예기집설대전2,406,584,已는 太也라,이(已)는 너무함이다.,라,False,라(대조군),Level1
당송팔대가문초구양수6,220,1449,繫之數月에 稍爲獄吏所獲이라,옥에 갇힌 지 수개월에 차츰 옥리(獄吏)의 마음을 얻었다.,라,False,라(대조군),Level1
예기집설대전2,1865,2659,陰陽은 氣也요 命者는 氣之所鍾也라,"음과 양은 기(氣)이고, 명(命)이라는 것은 기가 모인 것이다.",라,True,라(대조군),Level1
춘추좌씨전5,71,384,宋鄭必饑리라,그러므로 송(宋)나라와 정(鄭)나라에 반드시 기근(饑饉)이 들 것이다.,라,True,라(대조군),Level1
예기집설대전2,1314,1882,卒窆而歸하야 乃反哭於祖廟니 其二廟者는 則先祖後禰(녜)라,"봉분을 쓰는 것을 마치고 돌아와 마침내 선조 사당에서 반곡(反哭)을 하니, 사당이 둘인 자는 조부의 사당에서 먼저하고 아버지의 사당에서 뒤에 한다.",라,True,라(대조군),Level1
예기집설대전2,437,631,蓋曾子正己以律人하고 愛人以德而不以姑息하니 君子之道가 固如此也라,"대개 증자는 자신을 바르게 하여 다른 사람을 바로잡고, 덕(德)으로 사람을 사랑하지 고식적(姑息的)으로 사랑하지 않았으니, 군자(君子)의 도(道)는 진실로 이와 같은 것이다.",라,True,라(대조군),Level1
자치통감강목7,870,1198,朕이 今遣卿歸營勒兵하여 鳴鼓相攻하여 決其勝負하리니 不欲彊相服也하노라,"짐(朕)이 이제 경(卿)들을 진영으로 돌려보내 군대를 무장하게 하여 북을 울리며 서로 공격해서 승부를 결단할 것이니, 억지로 복종시키고자 하지 않노라.” 하니,",라,False,라(대조군),Level1
시경집전(하),1628,3627,作邑은 徙都也라,작읍(作邑)은 도읍을 옮긴 것이다.,라,False,라(대조군),Level1
주역전의(상),1365,4115,故地上有水則爲比요 澤上有地則爲臨也라,"그러므로 땅 위에 물이 있으면 비괘(比卦)가 되고, 못 위에 땅이 있으면 임괘(臨卦)가 된 것이다.",라,True,라(대조군),Level1
서경집전(상),20,118,朔方은 北荒之地니 謂之朔者는 朔之爲言은 蘇也니 萬物至此면 死而復蘇하니 猶月之晦而有朔也라,"삭방(朔方)은 북쪽의 황폐한 땅이니, 삭(朔)이라 이른 것은 삭(朔)이란 말은 소생한다는 뜻이니, 만물이 이에 이르면 죽었다가 다시 소생하니, 달이 그믐이 되었다가 초하루가 있는 것과 같다.",라,True,라(대조군),Level1
시경집전(하),1315,2817,周室將亡에 征役不息하니 行者苦之라,"주(周)나라 왕실(王室)이 장차 망하려 함에 정역(征役)이 쉬지 아니하니, 부역가는 자들이 이를 괴로워하였다.",라,False,라(대조군),Level1
시경집전(하),2899,6411,賂는 遺也라,뇌(賂)는 줌이다.,라,False,라(대조군),Level1
당송팔대가문초증공1,387,2184,廣倍於舊하고 而高倍於舊三之二이라,"너비는 이전보다 두 배나 되었고, 높이도 예전보다 두 배가 되는 곳이 전체의 3분의 2였다.",라,False,라(대조군),Level1
주역전의(하),1545,4645,尾生之信은 水至不去하니 不知通塞也라,"미생(尾生)의 신(信)은 물이 닥쳐오는 데도 떠나가지 않았으니, 이는 통함과 막힘을 알지 못한 것이다.",라,True,라(대조군),Level1
당송팔대가문초소순1,431,2718,蘇氏之先은 出於高陽하니 高陽之子曰稱이요 稱之子曰老童이며 老童은 生重黎及吳回라,소씨(蘇氏)의 선조는 고양(高陽)에서 나왔으니 고양(高陽)의 아들은 칭(稱)이고 칭의 아들은 노동(老童)이며 노동(老童)은 중려(重黎)와 오회(吳回)를 낳았다.,라,False,라(대조군),Level1
당송팔대가문초증공1,537,3036,其指事析理와 引物託諭 侈能盡之約하고 遠能見之近하며 大能使之微하고 小能使之著하며 煩能不亂하며 肆能不流라,"사물의 이치를 분석하거나 어떤 사물을 빌어 드러내고픈 생각을 가탁한 것을 살펴보면, 풍부한 내용을 능히 간결한 문자로 표현하고 심원한 도리를 능히 쉬운 문자로 전달하고, 큰 일을 능히 미세하게 만들고 작은 일을 능히 드러나게 하였으며, 내용이 번잡하더라도 능히 어지럽지 않게 하고 기세가 자유분방하더라도 능히 일정한 범위를 벗어나지 않게 하였다.",라,True,라(대조군),Level1
자치통감강목15,279,338,秦建元五요 燕建熙十年이라,진(秦)나라(전진(前秦)) 부견(符堅) 건원(建元) 5년이고 연(燕)나라(전연(前燕)) 유제(幽帝) 모용위(慕容暐) 건희(建熙) 10년이다.,라,False,라(대조군),Level1
주역전의(하),993,2954,故有孚則改命吉이라,그러므로 믿음이 있으면 명(命)을 고쳐 길한 것이다.,라,False,라(대조군),Level1
중용장구,310,846,不若文王之詩所言上天之載無聲無臭니 然後에 乃爲不顯之至耳라,"˂문왕시(文王詩)˃에 말한 ‘상천(上天)의 일은 소리도 없고 냄새도 없다.’고 한 것만 못하니, 이렇게 표현한 뒤에야 불현(不顯)의 덕(德)을 지극히 형용한 것이 된다.” 하였다.",라,True,라(대조군),Level1
당송팔대가문초한유2,235,1103,言猶未至也라,이는 아직 지극하지 못했음을 말씀하신 것이다.,라,False,라(대조군),Level1
주역전의(상),1415,4241,觀은 序卦에 臨者는 大也니 物大然後可觀이라 故受之以觀이라하니 觀所以次臨也라,"관괘(觀卦)는 ˂서괘전(序卦傳)˃에 “임(臨)은 큼이니, 물건이 큰 뒤에 볼 만하므로 관괘(觀卦)로 받았다.” 하였으니, 관괘(觀卦)가 이 때문에 임괘(臨卦) 다음이 된 것이다.",라,False,라(대조군),Level1
당송팔대가문초구양수6,313,2314,蓋王者之興에 天下必歸于一統하니 其可來者來之하고 不可者伐之하야 僭僞假竊을 期于掃蕩一平而後已라,대개 제왕(帝王)이 흥기(興起)할 때엔 천하(天下)가 반드시 일통(一統)으로 귀착(歸着)하게 되니 내부(來附)하게 할 만한 자는 내부하게 하고 그렇지 못한 자는 정벌하여 제왕을 참칭(僭稱)하고 도적질한 자를 기어코 소탕하고 평정하고야 만다.,라,False,라(대조군),Level1
당송팔대가문초구양수4,333,1509,孫男六人은 曰夷仲 曰虞仲 曰于仲 曰南仲 曰武仲 曰延仲이라,"손자 여섯 사람은 이중(夷仲), 우중(虞仲), 우중(于仲), 남중(南仲), 무중(武仲), 연중(延仲)이다.",라,False,라(대조군),Level1
서경집전(상),732,3553,按古者에 公侯伯子男은 爵之於侯國하고 公卿大夫士는 爵之於朝廷이어늘 此言庶官하니 則爵爲公卿大夫士也라,"살펴보건대 옛날에 공(公)·후(侯)·백(伯)·자(子)·남(男)은 제후국(諸侯國)에 대한 작위(爵位)이고 공(公)·경(卿)·대부(大夫)·사(士)는 조정(朝廷)에 대한 작위(爵位)인데, 여기에 서관(庶官)이라고 말했으니, 이 작(爵)은 공(公)·경(卿)·대부(大夫)·사(士)인 것이다.",라,False,라(대조군),Level1
당송팔대가문초증공1,75,479,繇漢以降으로 至于陳隋하고 復繇高宗以降으로 至于五代하여는 其史甚完이나 其君臣無如此謀議는 決也라,"그러나 한(漢)나라 이후 진(陳)․수(隋)까지와 다시 당(唐) 고종(高宗) 이후 오대(五代)까지는 그 역사기록이 매우 완전한데, 그 군신(君臣)들이 태종(太宗) 때처럼 국사를 도모하고 의논한 경우가 없었다는 것은 확실합니다.",라,False,라(대조군),Level1
당송팔대가문초한유2,241,1139,或曰否라,혹자가 말하였다. “아니다.,라,True,라(대조군),Level1
당송팔대가문초구양수2,147,563,彼之敢爾者는 蓋先審知其人之可用然後果 而不可易也라,"저 조중령이 감히 이렇게 할 수 있었던 것은, 그 사람들이 임용할 만함을 미리 살펴서 안 뒤에 과감히 결단하여 그 주장을 바꿀 수 없었기 때문입니다.",라,False,라(대조군),Level1
서경집전(상),85,623,周官에 言內有百揆四岳하고 外有州牧侯伯이라하니 蓋百揆者는 所以統庶官이요 而四岳者는 所以統十二牧也라,"˂주관(周官)˃에 “안에는 백규(百揆)와 사악(四岳)이 있고 밖에는 주목(州牧)과 후백(侯伯)이 있다.” 하였으니, 백규는 여러 관직을 통솔하는 것이요, 사악은 12목을 통솔하는 것이다.",라,False,라(대조군),Level1
당송팔대가문초구양수1,18,130,誠能豐財積粟하야 以紓西人하고 而完國壯兵하면 則賊謀沮而廟筭得矣리라,진실로 재물을 풍족히 갖추고 식량을 잘 비축하여 서쪽 변방 사람들을 편안히 풀어주고 국가를 완전하게 하고 군병을 씩씩하게 하면 적의 계책이 꺾이고 묘당의 계책이 이루어질 것입니다.,라,False,라(대조군),Level1
춘추좌씨전7,15,69,猶有鬼神이면 此必敗也리라,만약 귀신(鬼神)이 있다면 이들이 반드시 실패(失敗)할 것입니다.,라,False,라(대조군),Level1
당송팔대가문초한유3,199,1128,此可以爲誡者也라,이들은 사람들이 경계로 삼을 만한 자들이다.,라,False,라(대조군),Level1
당송팔대가문초구양수5,53,397,十年十月에 劉守光請降하여 王如幽州한대 守光背約不降하니 攻破之라,"천우 10년(913) 10월에 유수광이 항복을 청하여 왕이 유주(幽州)로 가자 유수광이 약속을 어기고 항복하지 않으니, 공격하여 격파하였다.",라,False,라(대조군),Level1
주역전의(하),840,2481,以順而升은 登祭于山之象이라,순함으로써 올라감은 산(山)에 올라가 제사(祭祀)하는 상(象)이다.,라,True,라(대조군),Level1
주역전의(하),1415,4286,十干에 戊己爲中하니 過中則變이라,"십간(十干)에 무기(戊己)가 중간이니, 중(中)을 넘으면 변한다.",라,False,라(대조군),Level1
논어집주,1986,6167,學은 所以致其道也라,“학문(學問)은 그 도(道)를 극진히 하려고 해서이다.,라,False,라(대조군),Level1
당송팔대가문초한유2,276,1357,"玉札, 丹砂와 赤箭, 靑芝와 牛溲, 馬勃과 敗鼓之皮를 俱收竝蓄하야 待用無遺者는 醫師之良也라",옥찰(玉札)‧단사(丹砂)와 적전(赤箭)‧청지(靑芝)와 우수(牛溲)‧마발(馬勃)과 망가진 북의 가죽을 모두 거두어 간직하여 쓰일 때를 기다리고 버리지 않는 것은 훌륭한 의사(醫師)이다.,라,True,라(대조군),Level1
자치통감강목14,895,2699,行者比肩하니 未足爲希라,"그러나 길 가는 자들이 어깨를 나란히 하니, 사람이 적다고 말할 수 없다.",라,False,라(대조군),Level1
당송팔대가문초한유3,105,610,尙書娶吳郡陸景融女하야 有子五人하니 皆有名蹟하고 其達者四人이라,"상서공(尙書公)은 오군(吳郡) 육경융(陸景融)의 따님을 아내로 맞이해 아들 다섯을 두었는데, 모두 명성과 업적이 있었고, 영달한 분이 넷이었다.",라,False,라(대조군),Level1
당송팔대가문초구양수3,554,2497,而三人者遂欲盡革衆事하야 以修紀綱하니 而小人權倖皆不悅이로되 獨公爲相佐佑라,세 사람이 마침내 여러 일을 다 개혁하여 기강을 바로잡고자 하니 권세 있고 총애 받는 소인배들은 다 기뻐하지 않았지만 오직 공만이 세 사람의 보좌가 되어 도왔다.,라,False,라(대조군),Level1
자치통감강목12,40,115,魏正始四年이요 吳赤烏六年이라,"위주(魏主) 조방(曹芳) 정시(正始) 4년이고, 오(吳)나라 대제(大帝) 손권(孫權) 적오(赤烏) 6년이다.",라,False,라(대조군),Level1
주역전의(상),758,2382,又戒占者專於委任이니 若使君子任事하고 而又使小人參之면 則是使之輿尸而歸라,"또 점치는 자에게 위임하기를 전일(專一)하게 하여야 함을 경계하였으니, 만일 군자(君子)로 하여금 일을 맡기고 또 소인(小人)으로 하여금 참여하게 하면 이는 시신을 수레에 싣고 돌아오게 하는 것이다.",라,False,라(대조군),Level1
논어집주,885,3100,攝은 摳也요 齊는 衣下縫也라,"섭(攝)은 잡는 것이고, 자(齊)는 옷의 아랫자락이다.",라,False,라(대조군),Level1
당송팔대가문초소식2,423,1786,純乎名故로 晉梁之得天下를 其名曰正統이나 而其弑君之實은 惟天下後世之所加요 而吾不爲之齊(劑)量焉이라,"명(名)에 순수하기 때문에, 진(晉)과 후량(後梁)이 천하를 얻은 것에 대해 그 명(名)(명칭)을 정통(正統)이라고 하나 군주를 시해한 실(實)(실제)은 오직 천하 사람들과 후세 사람들이 가하는 대로 맡겨두고 나는 여기에 대해 제량(齊量)(참작)하지 않는다.",라,False,라(대조군),Level1
당송팔대가문초구양수1,422,2162,今執政之臣이 用心於河事亦勞矣라,지금 집정대신들이 황하(黃河)의 일에 마음을 쓰는 것이 또한 수고롭습니다.,라,False,라(대조군),Level1
당송팔대가문초한유2,81,323,此篇文字錯綜하야 立論乃爾奇하니 則筆力固不可到也라,"“이 편은 대우(對偶)를 피하기 위해 고의로 글자의 순서를 뒤바꿔가면서［錯綜］ 논리를 세운 것이 이처럼 기묘하니, 창려(昌黎)의 필력(筆力)에 참으로 미칠 수 없다.”",라,True,라(대조군),Level1
당송팔대가문초소식5,174,627,軾曰 未也라,“이것 가지고도 안 된다.,라,False,라(대조군),Level1
당송팔대가문초구양수4,213,1011,漢旁之民이 惟鄧穀爲富縣일새 尙書銓吏常邀厚賂以售貪令이라,한수(漢水) 주변의 백성 중에는 오직 등주(鄧州)와 곡성(穀城)만이 부유한 현(縣)이므로 상서전리(尙書銓吏)가 늘 후한 뇌물을 요구하여 두 현의 영(令)을 탐하는 자들에게 매관(賣官)하였다.,라,False,라(대조군),Level1
시경집전(상),2566,5921,寫는 輸寫也라,사(寫)는 쏟음이다.,라,False,라(대조군),Level1
예기집설대전2,1751,2502,且于는 莒邑名이라,저우(且于)는 거(莒)나라의 읍(邑) 이름이다.,라,False,라(대조군),Level1
자치통감강목7,1735,2410,諸將은 見戰陳不利하면 或多惶懼하여 失其常度로되 漢은 意氣自若하여 方整厲器械하여 激揚吏士라,"장수들은 전황의 불리함을 보면 모두 두려워하여 떳떳한 법도를 잃는 자가 많았으나, 오한은 의기(意氣)가 한결같이 태연자약하여 막 병기를 정돈하고 수선하며 관리와 군사들을 격려하였다.",라,True,라(대조군),Level1
서경집전(하),901,3349,雕는 刻鏤也라,조(雕)는 조각한 것이다.,라,False,라(대조군),Level1
시경집전(상),2727,6331,差는 擇이니 齊其足也라,"차(差)는 가림이니, 그 발을 똑고르게 하는 것이다.",라,False,라(대조군),Level1
당송팔대가문초증공1,270,1470,是時에 公雖少나 所學 已皆知治亂得失興壞之理하고 其爲文 閎深雋美하되 而長於諷諭하니 今類次樂府已下是也라,"그런데 이때 공(公)은 비록 어린 나이였으나 학문은 이미 모두 치란(治亂), 득실(得失), 흥패(興敗)의 이치를 알았고, 짓는 문장은 내용이 넓고 깊으며 표현이 아름다웠는데 특히 풍자와 비유를 잘하였으니, 지금 악부(樂府) 이하에 분류하여 편집해놓은 것들이 여기에 해당하는 작품이다.",라,True,라(대조군),Level1
서경집전(상),212,1478,二說이 未詳孰是라,두 말이 누가 옳은지 상세하지 않다.,라,False,라(대조군),Level1
당송팔대가문초구양수3,190,672,然而風霜兵火에 湮沒磨滅하야 散棄於山崖墟莽之間하야 未嘗收拾者는 由世之好者少也일새라,그러나 풍상(風霜)과 병화(兵火)에 사라지고 마멸되어 산비탈과 황야 사이에 흩어지고 버려져 수습된 적이 없는 것은 세상에 그것을 좋아하는 자가 적기 때문이다.,라,False,라(대조군),Level1
당송팔대가문초소철3,287,1562,仰以嘉其先人하고 而俯以善其子孫이니 則雖洛陽之多大家世族이나 蓋未易以園囿相高也리라,"위로는 그 선인(先人)을 찬양하고 아래로는 자손(子孫)을 칭찬하였으니, 비록 낙양(洛陽)의 많은 대가(大家)․세족(世族)이라 할지라도 아마 쉽게 원유(園囿)를 가지고 서로 높은 체하지 못할 것이다.",라,False,라(대조군),Level1
당송팔대가문초소식5,17,56,軾이 自海南還할새 過南安하야 見聞其事爲詳이라,나는 해남도(海南島)에서 돌아올 적에 남안(南安)을 지나면서 이 일을 자세히 보고 들었다.,라,False,라(대조군),Level1
논어집주,1360,4386,今之從政者는 蓋如魯三家之屬이라,지금 정사에 종사하는 자란 노(魯)나라 삼가(三家)와 같은 따위이다.,라,False,라(대조군),Level1
맹자집주,257,983,充은 滿也라,충(充)은 충만한 것이다.,라,False,라(대조군),Level1
맹자집주,1530,5130,詩는 大雅旣醉之篇이라,시(詩)는 ˂대아(大雅) 기취편(旣醉篇)˃이다.,라,False,라(대조군),Level1
자치통감강목5,1200,2751,夷狄之情이 困則卑順하고 彊則驕逆이라,"오랑캐들의 실정은 곤궁하면 자신을 낮추어 순종하고, 강하면 교만하여 반역합니다.",라,False,라(대조군),Level1
자치통감강목20,94,154,且寶寅이 不藉刺史爲榮이라,또 소보인은 자사(刺史) 직책을 맡은 것을 영광으로 여기지 않는다.,라,False,라(대조군),Level1
시경집전(하),2032,4553,興은 尙也라,흥(興)은 숭상함이다.,라,False,라(대조군),Level1
서경집전(상),291,1784,不徑浮江漢하고 兼用沱潛者는 隨其貢物所出之便하여 或由經流하고 或循枝派하여 期於便事而已라,“곧바로 강수(江水)·한수(漢水)에 띄우지 않고 겸하여 타수(沱水)·잠수(潛水)를 쓴 것은 나오는 공물(貢物)의 편리함에 따라 혹은 경류(經流)를 따르고 혹은 지파(枝派)를 따라서 일을 편리하게 함을 기약할 뿐이다.”,라,False,라(대조군),Level1
시경집전(하),2474,5485,賦也라,부(賦)이다.,라,False,라(대조군),Level1
당송팔대가문초증공1,120,734,天下吾賴하고 萬世吾師라도 而不爲大요 天下吾違하고 萬世吾異라도 而不爲貶也라,"천하가 나를 의지하고 만대가 나를 스승으로 받들더라도 위대함이 되지 않고, 천하가 나를 어기고 만대가 나를 도외시하더라도 폄하가 되지 않습니다.",라,False,라(대조군),Level1
당송팔대가문초유종원1,68,514,此子厚不好仙家者之言이나 然大倨라,이 문장은 자후(子厚)가 선가(仙家)를 좋아하지 않아서 하는 말이긴 하나 너무 오만하다.,라,False,라(대조군),Level1
자치통감강목5,313,701,聞古天子之名이 難知而易諱也라하니 其更諱詢하노라,"“들으니 옛날 천자(天子)의 이름은 알기 어려워 휘(諱)하기가 쉬웠다고 하니, 휘를 순(詢)으로 바꾸노라.”",라,False,라(대조군),Level1
당송팔대가문초구양수3,101,360,東陽徐生이 少從予學爲文章하야 稍稍見稱於人이러니 旣去而與群士試於禮部하야 得高第하니 由是知名이라,"동양(東陽)의 서생(徐生)이 어려서부터 나에게서 문장 짓는 것을 배워 차츰차츰 사람들에게 일컬어졌는데, 떠나간 뒤 그가 여러 선비와 함께 예부(禮部)에서 과거(科擧)를 보아 높은 순위로 급제하니 이 때문에 이름이 알려졌다.",라,False,라(대조군),Level1
시경집전(하),831,1816,陰陽和하고 萬物遂하여 而人心歡悅하여 以奉宗廟하면 則神降之福이라,음양(陰陽)이 화(和)하고 만물(萬物)이 이루어져서 인심(人心)이 기뻐하여 종묘(宗廟)를 받들면 신(神)이 복을 내린다.,라,True,라(대조군),Level1
당송팔대가문초소식5,175,633,若其聞是而不悛하야 不惟一觀而已요 將必取之然後에 爲快면 則其人之賢愚가 與廣明之焚此者로 一也라,"만일 이러한 말을 듣고도 고치지 아니하여 한 번 구경할 뿐만이 아니요, 장차 반드시 취한 뒤에야 만족하고자 한다면, 그 사람의 어리석음은 광명(廣明) 연간에 이것을 불태운 자와 똑같다.",라,False,라(대조군),Level1
자치통감강목15,1823,2586,玄이 知之하고 亦有取佺期之志하여 乃屯於夏口하여 引卞範之爲謀主라,환현은 이것을 알고서 또한 양전기를 취할 뜻이 있어서 마침내 하구(夏口)에 군대를 주둔하고서 변범지(卞範之)를 데려다가 모주(謀主)로 삼았다.,라,False,라(대조군),Level1
주역전의(상),1194,3609,故不富而能有其隣也라,그러므로 부유하지 않으면서도 이웃을 소유한 것이다.,라,False,라(대조군),Level1
당송팔대가문초증공1,472,2655,此吾之所任乎天與人者라,이것이 곧 내가 자연의 운명을 따르면서 세상 사람들의 행위에 대해서는 무시해버리는 이유이다.,라,False,라(대조군),Level1
자치통감강목1,250,634,簡子가 謂無恤曰 晉國이 有難이어든 而無以尹鐸으로 爲少하며 無以晉陽으로 爲遠하고 必以爲歸호라,조간자가 무휼에게 “진(晉)나라에 어려운 일이 발생하거든 너는 윤탁을 가볍게 보지 말고 또 진양을 멀다고 생각하지도 말고 반드시 귀의(歸依)할 곳으로 생각하라.”라고 하였다.,라,False,라(대조군),Level1
자치통감강목13,264,983,齊王이 越親而專政하니 朝廷側目이라,제왕이 소원한 친족인데도 정권을 독점하니 조정의 신하들이 두려워하여 곁눈질하고 있습니다.,라,False,라(대조군),Level1
자치통감강목7,262,324,將軍之先은 爲漢信臣이라,그런데 장군의 선대는 한(漢)나라의 신실한 신하였습니다.,라,False,라(대조군),Level1
당송팔대가문초소식4,409,1568,公은 諱希亮이요 字公弼이요 姓陳氏니 眉之靑神人이라,"공(公)은 휘(諱)가 희량(希亮)이고 자(字)가 공필(公弼)이고 성(姓)이 진씨(陳氏)이니, 미주(眉州)의 청신(靑神) 사람이다.",라,False,라(대조군),Level1
시경집전(상),160,432,其詞雖主於后妃나 然其實則皆所以著明文王身修家齊之效也라,"그 내용은 비록 후비(后妃)를 위주로 하였으나, 그 실제는 모두 문왕(文王)의 몸이 닦여지고 집안이 가지런해진 효험을 드러내어 밝힌 것이다.",라,False,라(대조군),Level1
자치통감강목2,1230,3233,韓信이 使人言於漢王曰 齊는 偽詐多變反覆之國也라,한신(韓信)이 사람을 보내어 한왕(漢王)에게 말하기를 “제(齊)나라는 거짓말을 잘하고 변화가 많아 자주 번복하는 나라입니다.,라,False,라(대조군),Level1
당송팔대가문초유종원2,368,2502,從令無譁라,아무런 불평 없이 명에 응했네.,라,False,라(대조군),Level1
자치통감강목5,694,1606,三年이라,한(漢)나라 중종(中宗) 효선황제(孝宣皇帝) 오봉(五鳳) 3년이다.,라,False,라(대조군),Level1
자치통감강목7,319,402,諸將軍이 幸欲尊立宗室하니 甚厚라,"“장군들이 다행히 우리 종실(宗室)을 높이 세우고자 하니, 매우 고마운 일이다.",라,False,라(대조군),Level1
춘추좌씨전5,228,1113,夫弗及而憂와 與可憂而樂과 與憂而弗害는 皆取憂之道也니 憂必及之리라,대체로 자기에게 미치지 않은 일을 근심하는 것과 근심해야 할 일을 즐거워하는 것과 우환이 닥쳐도 해(害)가 되지 않는다고 여기는 것은 모두 우환(憂患)을 자초(自招)하는 길이니 우환(憂患)이 반드시 미칠 것입니다.,라,False,라(대조군),Level1
주역전의(하),1189,3594,水鳥止於水之湄하니 水至近也니 其進이 可謂漸矣라,"수조(水鳥)가 물가에 멈추니, 물에서 지극히 가까우니, 그 나아감이 점점하다고 이를 만하다.",라,True,라(대조군),Level1
당송팔대가문초왕안석1,183,971,中多感悟主上之言이라,글 가운데 군주를 감동시켜 깨닫게 할 만한 말이 많이 들어 있다.,라,False,라(대조군),Level1
시경집전(하),738,1595,譴怒는 罪責也라,견노(譴怒)는 죄책이다.,라,True,라(대조군),Level1
시경집전(하),1175,2557,自旦及食時를 爲終朝라,아침부터 밥먹을 때까지를 종조(終朝)라 한다.,라,False,라(대조군),Level1
주역전의(하),1542,4633,故戒之謹守하여 至於不出戶庭이면 則无咎也라,그러므로 삼가 지켜서 호정(戶庭)을 나가지 않음에 이르면 허물이 없다고 경계한 것이다.,라,False,라(대조군),Level1
시경집전(상),988,2308,周室之初에 文王居豊하시고 武王居鎬러시니 至成王하여 周公始營洛邑하여 爲時會諸侯之所하시니 以其土中하여 四方來者道里均故也라,"주(周)나라 초기에 문왕(文王)은 풍(豊)땅에 거주하고 무왕(武王)은 호경(鎬京)에 거주하셨는데, 성왕(成王) 때에 이르러 주공(周公)이 비로소 낙읍(洛邑)을 경영하여 때로 제후(諸侯)들을 만나는 장소로 삼으셨으니, 이는 지역의 한 중앙이어서 사방에서 오는 자의 도리(道里)가 균등하기 때문이었다.",라,False,라(대조군),Level1
당송팔대가문초소식1,16,71,軾密疏호되 朝廷이 不宜深罪하야 爲仁政累라하니 宣仁后心善其言이나 而不能用이라,"이에 소식(蘇軾)은 은밀히 상소(上疏)하여, “조정(朝廷)에서 그를 무겁게 처벌하여 인정(仁政)에 누(累)가 되게 해서는 안 됩니다.”라고 하였는데, 선인황후(宣仁皇后)는 마음속으로는 그 말을 좋게 여겼으나 쓰지 못하였다.",라,False,라(대조군),Level1
주역전의(상),38,181,所問先天圖曲折은 細詳圖意컨대 若自乾一로 橫排至坤八하면 此則全是自然이라,“물은 내용에 선천도(先天圖)의 곡절은 도(圖)의 뜻을 자세히 살펴보건대 만약 건일(乾一)로부터 횡으로 배열하여 곤팔(坤八)에 이르면 이는 완전히 자연스러운 것이다.,라,False,라(대조군),Level1
서경집전(하),987,3684,若은 順이요 對는 答이요 配는 匹也라,"약(若)은 순함이요, 대(對)는 답함이요, 배(配)는 짝함이다.",라,False,라(대조군),Level1
주역전의(상),417,1440,乾坤은 純體니 以位相應이로되 二는 坤之主라,"건(乾)과 곤(坤)은 순체(純體)라서 자리로써 서로 응하는데, 이(二)는 곤(坤)의 주체이다.",라,False,라(대조군),Level1
주역전의(하),201,571,易는 容易之易니 言忽然不覺其亡也라,"이(易)는 용이(容易)하다는 이자(易字)이니, 갑작스러워 그 없어짐을 깨닫지 못함을 말한 것이다.",라,False,라(대조군),Level1
당송팔대가문초소식5,22,72,天之生是人也에 將使任天下之重이면 則寒者求衣하고 饑者求食하야 凡不獲者求得하나니 苟有以與之면 將不勝其求라,"하늘이 사람을 낼 적에 장차 그로 하여금 천하(天下)의 중임(重任)을 맡기려 하면, 추운 자는 그에게 옷을 요구하고 굶주린 자는 그에게 밥을 요구하여 얻지 못한 모든 것을 얻으려 할 것이니, 만일 이들에게 이것을 주면 장차 그 요구를 감당할 수 없을 것이다.",라,False,라(대조군),Level1
자치통감강목5,1585,3573,吾幸得以同姓末屬으로 累世蒙漢厚恩하여 身爲宗室遺老하여 歷事三主라,내 다행히 동성(同姓)의 먼 친족으로 여러 대(代) 동안 한(漢)나라의 두터운 은혜를 입어서 몸이 종실(宗室)의 유로(遺老)가 되어 세 군주를 차례로 섬겼다.,라,True,라(대조군),Level1
시경집전(하),2608,5796,於是에 命甸徒하여 具農器하여 以治其新畬하라,이에 전도(甸徒)에게 명하여 “농기구를 장만해서 신여(新畬)를 다스려라.,라,False,라(대조군),Level1
맹자집주,795,2870,"三聖은 禹,周公,孔子也라",삼성(三聖)은 우왕(禹王)·주공(周公)·공자(孔子)이다.,라,False,라(대조군),Level1
서경집전(하),43,173,揚은 擧요 侵은 入也라,"양(揚)은 듦이요, 침(侵)은 들어감이다.",라,False,라(대조군),Level1
자치통감강목18,323,1133,太祖之於義康에 以呵訓之微行으로 成滅親之大禍하여 開端樹隙하여 垂之後人이라,“태조(太祖)(유의륭(劉義隆))는 팽성왕(彭城王) 유의강(劉義康)에 대해 화를 내고 훈계해야 마땅한 작은 행동으로 친 아우를 죽이는 큰 재앙을 저질러 실마리를 열고 틈을 만들어 후세 사람들에게 전하였다.,라,False,라(대조군),Level1
당송팔대가문초소식3,119,453,賈生은 王者之佐로되 而不能自用其才也라,가생(賈生)은 왕자(王者)를 보좌할 만한 재주를 가졌으나 스스로 그 재주를 잘 활용하지 못하였다.,라,False,라(대조군),Level1
자치통감강목15,859,1203,牢之直前渡水하여 擊成하여 大破斬之하고 分兵斷其歸津하니 秦歩騎崩潰하여 赴淮死者 萬五千人이라,"유뇌지가 곧장 앞으로 물을 건너가서 양성을 공격하여 대파해서 참수하고 군대를 나누어 진군(秦軍)이 되돌아갈 나루터를 차단하니, 진(秦)나라 보병과 기병이 붕괴하여 회수(淮水)에 뛰어들어 죽은 자가 1만 5천 명이었다.",라,False,라(대조군),Level1
당송팔대가문초구양수2,391,1534,曰從其一之可信者라,믿을 만한 한 가지 설을 따라야 한다.,라,True,라(대조군),Level1
자치통감강목19,1528,2059,將死에 與故知書曰 太后見廢北宮하고 淸河横受屠酷하며 主上은 幼年에 獨在前殿이라,"죽음에 앞서 친구에게 편지를 보내 “호태후(胡太后)가 북궁(北宮)에 유폐당하고, 청하왕(淸河王)(원역(元懌))이 뜻밖에 도륙을 당하고 주상(主上)은 어린 나이에 홀로 정전(正殿) 위에 놓여 있다.",라,True,라(대조군),Level1
예기집설대전1,496,1567,"朱氏가 曰호대 君子는 有守하니, 必將之以禮라",주씨(朱氏) : 군자는 지키는 바가 있으니 반드시 예로써 주어야 한다.,라,True,라(대조군),Level1
춘추좌씨전3,358,1110,告事而已오 不獻其功하니 所以敬親暱禁淫慝也라,"이런 경우에는 승리(勝利)한 일만을 보고(報告)할 뿐 부로(俘虜)는 바치지 않으니, 이는 친닐(親暱)을 존경(尊敬)하고 음특(淫慝)을 금지(禁止)하기 위함이다.",라,False,라(대조군),Level1
주역전의(하),726,2167,遠民者는 己遠之也니 爲上者 有以使之離也라,"백성(百姓)을 멀리함은 자신이 멀리한 것이니, 윗사람이 된 자가 이반(離反)하게 한 것이다.",라,True,라(대조군),Level1
당송팔대가문초구양수3,318,1176,脩旣治滁之明年夏에 始飮滁水而甘일새 問諸滁人하니 得於州南百步之近이라,"내가 저주(滁州)를 다스린 이듬해 여름에 비로소 저주의 물을 마셔보게 되었는데 그 맛이 좋은지라, 저주 사람에게 물어보니 주(州) 남쪽으로 100보 되는 가까운 거리에서 가져온 물이라고 하였다.",라,False,라(대조군),Level1
서경집전(하),485,1911,攷之費誓컨대 東郊不開는 乃在周公東征之時하니 則伯禽就國이 蓋已久矣라,"˂비서(費誓)˃를 상고해보면 동교(東郊)가 개통되지 않은 것이 바로 주공(周公)이 동정(東征)할 때에 있었으니, 백금(伯禽)이 노(魯)나라로 나아간 지가 이미 오래이다.",라,False,라(대조군),Level1
시경집전(상),800,1864,視爾不臧이나 我思不遠호라,너에게 좋지 않게 여김을 당한 내 그리움은 잊을 수 없노라,라,True,라(대조군),Level1
자치통감강목5,44,105,皇后免身後에 衍이 取附子하여 幷合太醫大丸하여 以飮皇后한대 有頃에 曰 我頭岑岑也로라,"황후가 분만한 뒤에 순우연이 부자(附子)를 태의(太醫)가 만든 대환(大丸)과 섞어서 황후에게 마시게 하자, 잠시 후에 황후가 묻기를 “내 머리가 아프다.",라,True,라(대조군),Level1
당송팔대가문초구양수3,129,433,廣文曾生이 來自南豐하야 入太學하야 與其諸生으로 群進於有司하니 有司斂群材하고 操尺度하야 槪以一法하야 考其不中者而棄之라,"광문(廣文) 증생(曾生)이 남풍(南豐)에서 와서 태학(太學)에 들어가 여러 생도와 함께 시관(試官)에게 무리 지어 나아가니, 시관이 인재를 모으고 시권(試券)을 평가하는 기준을 가지고서 동일한 방법으로 가늠하여 그 기준에 맞지 않는 것을 살펴서 버렸다.",라,False,라(대조군),Level1
주역전의(상),1517,4530,爲卦 山下有火하니 山者는 草木百物之所聚也요 下有火하면 則照見其上하여 草木品彙皆被其光彩하니 有賁飾之象이라,"괘(卦)됨이 산(山) 아래에 불이 있으니, 산(山)은 초목(草木)과 온갖 물건이 모이는 곳이요, 아래에 불이 있으면 그 위를 비춰서 초목(草木)과 물건들이 모두 그 광채를 입으니, 꾸미는 상(象)이 있다.",라,True,라(대조군),Level1
논어집주,1952,6067,摯는 其名也라,지(摯)는 그의 이름이다.,라,False,라(대조군),Level1
서경집전(상),495,2747,肆台小子 將天命明威하여 不敢赦일새 敢用玄牡하여 敢昭告于上天神后하여 請罪有夏하고 聿求元聖하여 與之戮力하여 以與爾有衆으로 請命호라,이러므로 나 소자(小子)는 하늘이 명(命)하신 밝은 위엄을 받들어 감히 용서할 수가 없기에 검은 희생(犧牲)을 써서 상천(上天)과 신후(神后)에게 밝게 아뢰어 유하(有夏)에게 죄(罪)를 내릴 것을 청하고 마침내 원성(元聖)을 찾아서 그와 더불어 힘을 다해서 너희 무리들과 함께 명(命)을 청하였노라.,라,True,라(대조군),Level1
주역전의(하),176,498,趾는 在下而進動之物也라,지(趾)는 아래에 있으면서 나아가 동하는 물건이다.,라,False,라(대조군),Level1
자치통감강목13,808,2653,琨曰 與公同盟하여 庶雪國家之恥하니 若兒書密達이라도 亦終不以一子之故로 負公而忘義也로라,"유곤이 말하기를 “내 공(公)과 동맹을 맺고서 국가의 치욕을 설욕하려 하니, 만약 내 자식의 편지가 나에게 은밀히 전달되었다 하더라도, 나는 끝내 자식 하나 때문에 공(公)을 저버리고 의(義)를 잊지 않을 것이다.” 하였다.",라,True,라(대조군),Level1
서경집전(상),20,135,何承天이 以爲太過라하여 乃倍其年이나 而又反不及이러니 至隋劉焯하여 取二家中數七十五年하니 爲近之라,"하승천(何承天)은 이것이 너무 과하다 하여 그 연수(年數)를 곱절로 하였으나 또 도리어 미치지 못하였는데, 수(隋)나라의 유작(劉焯)에 이르러 두 사람의 중간수인 75년을 취하였으니, 근사하다.",라,False,라(대조군),Level1
시경집전(하),1200,2600,賦也라,부(賦)이다.,라,False,라(대조군),Level1
서경집전(하),497,1956,此는 周公이 以治洛之事로 自效也라,이는 주공(周公)이 낙읍(洛邑)을 다스리는 일로 스스로 책임진 것이다.,라,False,라(대조군),Level1
당송팔대가문초한유2,42,165,謂之出身이라,이들을 일러 출신(出身)이라 한다.,라,False,라(대조군),Level1
당송팔대가문초소순1,352,2233,所宜哀其才而貰其過하여 無使爲刀筆吏所困이면 則庶乎盡其才矣라,"당연히 그 재능을 아끼고 그 죄를 사면해서, 하급관리인 도필리(刀筆吏)에게 곤욕을 당하지 않게 하면, 대체로 그 재능을 다 발휘할 것이다.",라,False,라(대조군),Level1
당송팔대가문초소식4,107,401,"後之所謂中庸者는 循循焉爲衆人之所能爲하야 斯以爲中庸矣라하니 此는 孔子, 孟子之謂鄕原也라","그런데 후세에서 말하는 중용(中庸)은 고분고분하여 보통 사람들도 행할 수 있는 것을 하면서 이것을 중용(中庸)이라고 하니, 이는 공자(孔子)와 맹자(孟子)가 말씀한 향원(鄕原)이라는 것입니다.",라,False,라(대조군),Level1
시경집전(상),491,1131,比也라,비(比)이다.,라,False,라(대조군),Level1
자치통감강목19,1003,1402,及吳平侯昞在職峻切하여 官曹肅然이라,"오평후(吳平侯) 소병(蕭昞)이 영군장군의 지위에 있으면서 엄격하고 분명하게 다스리자, 관부(官府)의 관리들이 숙연해졌다.",라,True,라(대조군),Level1
당송팔대가문초구양수2,92,307,句句校勘絶佳之作이라,구절마다 교감해서 쓴 매우 좋은 작품이다.,라,True,라(대조군),Level1
주역전의(하),450,1344,五有中正之德而二亦中正하니 雖大蹇之時나 不失其守하고 蹇於蹇하여 以相應助하니 是는 以其中正之節也라,"오(五)가 중정(中正)의 덕(德)이 있는데 이(二) 또한 중정(中正)이니, 비록 크게 어려운 때이나 그 지킴을 잃지 않고, 어려움에 어려워 서로 응(應)하고 도와주니, 이는 그 중정(中正)한 절도(節度)로써 하는 것이다.",라,True,라(대조군),Level1
당송팔대가문초구양수1,140,936,其可惜者는 斥逐諫臣이 非朝廷美事요 阻塞言路가 不爲國家之利어늘 而介等盡忠守節하되 未蒙憐察也라,"가석한 것은 간신(諫臣)을 축출한 것이 조정의 아름다운 일이 아니고 언로(言路)를 막는 것이 국가의 이익이 되지 않되, 당개 등은 충성을 다하고 절개를 지키고도 어여삐 살펴주시는 은혜를 입지 못했다는 것입니다.",라,True,라(대조군),Level1
중용장구,6,28,熹自蚤歲로 則嘗受讀而竊疑之하여 沈潛反復이 蓋亦有年이러니 一旦에 恍然似有得其要領者라,"희(熹)는 이른 나이로부터 일찍이 받아 읽고, 저으기 의심하여 침잠(沈潛)하고 반복(反復)함이 또한 여러 해였는데, 하루 아침에 황연(恍然)히 그 요령(要領)을 터득함이 있는 듯하였다.",라,True,라(대조군),Level1
당송팔대가문초구양수6,227,1501,延光初無必反意라 及銳等敗하야 延光遣牙將王知新하야 齎表自歸어늘 高祖不見하고 以知新屬武德司라,범연광은 애초에 반드시 반란을 일으키려는 뜻은 없었으므로 손예 등이 패하자 범연광이 아장(牙將) 왕지신(王知新)을 보내 표문(表文)을 가지고 가서 스스로 귀순하려고 하였는데 고조가 접견하지 않고 왕지신을 무덕사(武德司)에 맡겼다.,라,False,라(대조군),Level1
당송팔대가문초증공1,311,1664,故不得專一精思修治具하여 以宣布天子及下之仁하여 而爲後世可守之法也라,그렇기 때문에 관리가 통치수단을 정비하는 데 전념함으로써 천자가 백성들에게 베푸는 어진 정치를 선양하여 후세 사람들이 지킬 수 있는 법을 만들지 못하게 된다.,라,False,라(대조군),Level1
주역전의(상),757,2376,弟子는 凡非長者也라,아우와 아들은 장자(長子)가 아닌 모든 사람이다.,라,False,라(대조군),Level1
시경집전(하),2416,5370,翰은 羽요 苞는 本也라,"한(翰)은 깃이요, 포(苞)는 뿌리이다.",라,False,라(대조군),Level1
논어집주,286,1036,故로 難得而見之也라,그러므로 그런 사람을 얻어서 보기 어려운 것이다.,라,False,라(대조군),Level1
당송팔대가문초구양수5,96,713,嗚呼라,오호라!,라,True,라(대조군),Level1
춘추좌씨전6,130,507,亡十九年에 守志彌篤이라,망명(亡命)해 외국(外國)에 있는 19년 동안 초지(初志)를 더욱 독실하게 지켰습니다.,라,True,라(대조군),Level1
예기집설대전2,265,377,於兩軍之戰而殺有所止하니 禮使然也라,"양국의 군대가 전쟁을 하더라도 사람을 죽임에 멈추는 바가 있으니, 이는 예가 그렇게 하도록 한 것이다.",라,True,라(대조군),Level1
주역전의(상),155,779,仰觀俯察하사 始畫奇偶하시고 敎之卜筮하여 以斷可否라,우러러 보고 굽어 살피시어 비로소 기(奇)와 우(偶)를 그으시고 복서(卜筮)를 가르쳐 가부(可否)를 결단하게 하였다.,라,True,라(대조군),Level1
자치통감강목17,388,1327,彊弱之勢異也라,이것은 강약의 형세가 다르기 때문입니다.,라,False,라(대조군),Level1
서경집전(하),316,1249,要囚를 服念五六日하며 至于旬時하여서 丕蔽要囚하라,"“요수(要囚)를 5∼6일 동안 가슴속에 두고 생각하며, 열흘이나 한 철에 이르러서 요수(要囚)를 크게 결단하라.”",라,False,라(대조군),Level1
주역전의(상),1085,3295,故後笑也라,그러므로 뒤에는 웃는 것이다.,라,False,라(대조군),Level1
자치통감강목19,917,1283,朱僧勇胡辛生拔劍曰 欲退自退하라,주승용(朱僧勇)과 호신생(胡辛生)이 검을 뽑고서 말하기를 “후퇴하고 싶으면 스스로 후퇴하십시오.,라,False,라(대조군),Level1
당송팔대가문초소식5,81,256,幷得其法이로라,아울러 그림 그리는 방법까지 알고 있다.,라,False,라(대조군),Level1
춘추좌씨전3,476,1385,晉士燮來聘하야 言伐郯也하니 以其事吳故라,"진(晉)나라 사섭(士燮)이 와서 빙문(聘問)하고서 담국(郯國) 토벌(討伐)에 출병(出兵)할 것을 말하였으니, 이는 담국(郯國)이 오(吳)나라를 섬기기 때문이었다.",라,False,라(대조군),Level1
주역전의(상),34,163,或說一爲儀요 二爲象이요 三爲卦라,혹자는 말하기를 ‘1은 양의(兩儀)가 되고 2는 사상(四象)이 되고 3은 팔괘(八卦)가 된다.,라,False,라(대조군),Level1
서경집전(상),71,527,"五敎는 父子有親, 君臣有義, 夫婦有別, 長幼有序, 朋友有信이니 以五者當然之理로 而爲敎令也라","오교(五敎)는 부자유친(父子有親)·군신유의(君臣有義)·부부유별(夫婦有別)·장유유서(長幼有序)·붕우유신(朋友有信)이니, 다섯 가지의 당연한 도리로써 교령(敎令)을 삼은 것이다.",라,False,라(대조군),Level1
시경집전(하),704,1536,燕燕은 安息貌라,연연(燕燕)은 편안히 쉬는 모양이다.,라,False,라(대조군),Level1
당송팔대가문초증공1,312,1667,道塗所次에 升降之倦과 衝冒之虞를 無有接於其形하며 動於其慮라,"그래서 부임하러 가는 도중에 머물러 밤을 넘기거나 산을 오르내리느라 겪는 고생이라든가, 매서운 바람 찬 서리를 맞는 어려운 일들을 몸으로 직접 접하고 마음으로 느낄 일이 없다.",라,False,라(대조군),Level1
춘추좌씨전8,46,146,利其祿하니 必救其患하리라,나는 공씨(孔氏)의 녹(祿)을 이익으로 여겼으니 반드시 공씨(孔氏)를 환난(患難)에서 구제(救濟)하겠소.”라고 하였다.,라,False,라(대조군),Level1
시경집전(상),1320,3033,縞는 白色이요 綦는 蒼艾色이라,"호(縞)는 백색이요, 기(綦)는 푸른 쑥색이다.",라,False,라(대조군),Level1
주역전의(상),142,710,"故로 得之於精神之運,心術之動하여 與天地合其德하며 與日月合其明하며 與四時合其序하며 與鬼神合其吉凶然後에 可以謂之知易也라",그러므로 정신(精神)의 운용과 심술(心術)의 움직임에서 터득하여 천지(天地)와 더불어 덕(德)이 합하고 일월(日月)과 더불어 밝음이 합하고 사시(四時)와 더불어 차례가 합하고 귀신(鬼神)과 더불어 길흉(吉凶)이 합한 뒤에야 역(易)을 안다고 말할 수 있는 것이다.,라,True,라(대조군),Level1
당송팔대가문초구양수3,302,1118,學校는 王政之本也라,학교는 왕정(王政)의 근본이다.,라,False,라(대조군),Level1
맹자집주,2099,6488,君子는 道其常而已라,“군자(君子)는 그 상도(常道)를 말할 뿐이다.,라,False,라(대조군),Level1
주역전의(하),323,944,閑有家는 志未變也라,“유가(有家)를 방한(防閑)함은 뜻이 아직 변치 않았을 때에 하는 것이다.”,라,False,라(대조군),Level1
당송팔대가문초구양수5,73,561,因而濁亂宮中하야 軍士分崩하고 以至君上하얀 身弑國亡이라,"이로 인해 궁중을 혼탁하고 혼란하게 만들어 군사들이 분열되고, 군상(君上)에 이르러서는 자신은 시해당하고 나라가 망하였다.",라,False,라(대조군),Level1
자치통감강목14,746,2306,"於是에 帝臨軒하여 遣侍中, 黄門徴之한대 謨陳疾篤하니 自旦至申히 使者十餘返이라","이에 황제(진(晉) 목제(穆帝))가 헌(軒)에 임하여 시중(侍中)과 황문(黃門)을 보내어 불렀으나, 채모가 병이 위독하다고 아뢰니, 아침부터 저녁까지 사자가 10여 번 갔다가 왔다.",라,False,라(대조군),Level1
당송팔대가문초구양수5,167,1150,已而오 太祖疾作하야 乃還이라,이윽고 태조가 병이 나서 회군(回軍)하였다.,라,False,라(대조군),Level1
예기집설대전2,1490,2125,但舞斯慍一句는 終是可疑니 今且據疏하노라,"다만 ‘춤추고 나면 화가 난다.’는 한 구(句)는 끝내 의심할 만하니, 지금 또한 소(疏)에 근거하여 해석한다.",라,False,라(대조군),Level1
당송팔대가문초구양수1,130,866,其稱譽昌朝以爲可用者는 不過宦官左右之人爾라,창조를 칭찬하여 기용할 만하다고 하는 자는 환관이나 폐하의 측근 사람들에 불과할 것입니다.,라,False,라(대조군),Level1
서경집전(상),339,1953,惇物은 地志에 古文은 以垂山爲惇物하니 在扶風武功縣이라하니 今永興軍武功縣也라,"돈물(惇物)은 ˂지지(地志)˃에 “고문(古文)은 수산(垂山)을 돈물(惇物)이라 하였는데 부풍군(扶風郡) 무공현(武功縣)에 있다.” 하였으니, 지금의 영흥군(永興軍) 무공현(武功縣)이다.",라,False,라(대조군),Level1
논어집주,434,1556,憾은 恨也라,감(憾)은 유감스럽게 여기는 것이다.,라,False,라(대조군),Level1
자치통감강목20,1519,2395,安南侯駿이 見景軍退하고 以爲走라하여 卽與壯士逐之한대 景旋軍擊之하니 駿敗走하여 趣綸軍이라,"안남후(安南侯) 소준(蕭駿)이 후경의 군대가 퇴각하는 것을 보고는 달아나는 것으로 여기고 즉시 장사(壯士)들과 추격하였는데, 후경이 군대를 돌려 그들을 공격하자 소준이 패배하여 달아나 소륜의 군대가 있는 곳으로 달려갔다.",라,False,라(대조군),Level1
당송팔대가문초구양수2,45,154,伏念臣 本以一介之賤으로 叨塵二府之聯하야 知直道以事君하고 每師心而自信이라,"삼가 생각건대 신은 본래 일개 미천한 사람으로, 외람되게 이부(二府)의 관직에 올라 곧은 도(道)로 임금을 섬길 줄만 알고 늘 자기 마음에 비추어 자신을 믿고 행동했습니다.",라,False,라(대조군),Level1
당송팔대가문초구양수4,41,201,是歲에 天子卜以孟冬祫하야 旣廷告에 丞相用故事하야 率文武官하야 加上天子尊號라,이해에 천자가 맹동(孟冬)의 협제(祫祭)를 지낼 날을 잡고서 공표하자 승상(丞相)이 고사(故事)에 따라 문무관을 이끌고 천자의 존호(尊號)를 더할 것을 청하였다.,라,False,라(대조군),Level1
당송팔대가문초소식3,53,190,春秋以來로 用捨進退 未有如蠡之全者也로되 而不足於此라,춘추시대 이래로 용사(用捨)와 진퇴(進退)가 범려(范蠡)처럼 온전한 자가 있지 않았으나 여기에는 부족하였다.,라,False,라(대조군),Level1
자치통감강목6,594,1277,作隄호되 去河二十五里하니 河水東抵齊隄하면 則西泛趙魏라,"그리하여 제(齊)나라는 황하에서 25리 떨어진 곳에 제방을 만들었으니, 황하가 동쪽으로 흘러 제(齊)나라 제방에 이르면 서쪽으로 역류하여 조(趙)나라와 위(魏)나라 지역에 물이 범람하였습니다.",라,False,라(대조군),Level1
자치통감강목20,568,1007,魏楊播及弟椿津이 皆有名德하니 播는 剛毅하고 椿津은 謙恭이라,북위(北魏) 양파(楊播)와 그의 아우 양춘(楊椿)과 양진(楊津)은 모두 명성과 덕망이 있었으니 양파는 힘차고 굳세며 양춘과 양진은 겸손하고 공손했다.,라,False,라(대조군),Level1
맹자집주,916,3210,反身不誠은 反求諸身而其所以爲善之心이 有不實也라,반신불성(反身不誠)은 자기 몸에 돌이켜 찾아봄에 선(善)을 하려는 마음이 성실하지 못함이 있는 것이다.,라,False,라(대조군),Level1
당송팔대가문초소식1,2,5,入哲宗朝하야 召爲兩制하고 及謫海南以後에는 殆古之曠達하야 遊方之外者已라,철종조(哲宗朝)에 조정에 불려 들어와 양제(兩制)가 되고 또 해남(海南)으로 폄적(貶謫)된 이후에는 거의 옛날에 광달(曠達)하여 방외(方外)에서 노닐던 자와 같았다.,라,False,라(대조군),Level1
당송팔대가문초소식5,131,435,廢興成毁 相尋於無窮하니 則臺之復爲荒草野田을 皆不可知也라,"폐하고 흥하고 이루어지고 허물어짐이 서로 이어져 무궁하게 순환하니, 이 대(臺)가 다시 황폐한 풀과 들밭이 될지를 모두 알 수 없습니다.",라,True,라(대조군),Level1
당송팔대가문초구양수4,129,595,有文三十卷하니 曰大隱集이요 又五卷하니 曰西垣集이라,"문집 30권이 있으니 ≪대은집(大隱集)≫이고, 또 5권이 있으니 ≪서원집(西垣集)≫이다.",라,False,라(대조군),Level1
주역전의(상),487,1621,"震은 一陽이 動於二陰之下라 故로 其德이 爲動이요 其象이 爲雷며 坎은 一陽이 陷於二陰之間이라 故로 其德이 爲陷,爲險이요 其象이 爲雲,爲雨,爲水라","진(震)은 한 양(陽)이 두 음(陰)의 아래에서 동하므로 그 덕(德)은 동함이 되고 그 상(象)은 우레가 되며, 감(坎)은 한 양(陽)이 두 음(陰)의 사이에 빠져 있으므로 그 덕(德)은 빠짐이 되고 험난함이 되며 그 상(象)은 구름이 되고 비가 되고 물이 된다.",라,True,라(대조군),Level1
서경집전(하),1050,3939,蘇氏謂 五刑疑를 各入罰不降은 當因古制라하나 非也라,"소씨(蘇氏)는 이르기를 “오형(五刑)에 의심스러운 것을 각기 벌금형에 넣고 강등하지 않은 것은 마땅히 옛 제도를 따랐을 것이다.” 하였는데, 이는 잘못이다.",라,False,라(대조군),Level1
주역전의(하),1399,4240,史巫者는 通誠意於神明者也요 紛若은 多也라,"사무(史巫)는 성의(誠意)를 신명(神明)에게 통하는 자이며, 분약(紛若)은 많음이다.",라,False,라(대조군),Level1
자치통감강목2,697,1869,往說梁曰 陳勝이 敗固當이라,"항량(項梁)을 찾아가서 유세하기를, “진승(陳勝)이 패망한 것은 참으로 당연합니다.",라,False,라(대조군),Level1
당송팔대가문초왕안석2,265,1361,議今之法이면 則獨可守死爾나 論古之道하면 則有不去以死하며 有去之以生이라,"지금의 법으로 따진다면 지키다가 죽었어야 옳거니와, 옛 도(道)를 적용해본다면 떠나지 않고 죽는 것도 도(道)에 합치됨이 있고 떠나서 백성들을 살리는 것도 도(道)에 합치됨이 있는 것이다.",라,False,라(대조군),Level1
맹자집주,760,2736,"文侯,繆公이 欲見此二人이로되 而二人不肯見之하니 蓋未爲臣也라","문후(文侯)와 목공(繆公)이 두 사람을 만나보고자 하였으나, 이들 두 사람은 만나보기를 즐겨하지 않았으니, 신하가 되지 않았을 때이다.",라,False,라(대조군),Level1
당송팔대가문초소식2,61,272,是知人之善惡이 本無常性하야 若御得其道하면 則向之姦猾이 盡是忠良이라,이로써 사람의 선(善)과 악(惡)이 본래 일정한 본성(本性)이 없어서 만약 어거함이 올바른 방도를 얻으면 지난날 간사하고 교활한 자들도 모두 어질고 훌륭한 인재가 된다는 것을 알 수 있습니다.,라,False,라(대조군),Level1
당송팔대가문초구양수4,239,1144,以是行於己하며 亦以是敎於人이라,이로써 스스로 실천하고 또한 이로써 남을 가르쳤다.,라,False,라(대조군),Level1
당송팔대가문초구양수3,427,1718,明年에 改武勝軍節度使하야 猶在北京하고 又改鎭安軍節度使라,이듬해에 무승군절도사(武勝軍節度使)로 개차(改差)되어 여전히 북경(北京)에 있었고 또 진안군절도사(鎭安軍節度使)로 개차되었다.,라,False,라(대조군),Level1
당송팔대가문초증공1,439,2509,民病而後圖之와 與夫先事而爲計者는 則有間矣요 不習而有爲와 與夫素得之者는 則有間矣라,"백성들이 병든 뒤에 해결책을 도모하는 것과 일이 일어나기 전에 대책을 세우는 것에는 차이가 있고, 익히는 과정을 거치지 않고 우연히 무슨 일을 하는 사람과 평소에 의식을 갖고 경험을 쌓은 사람은 차이가 있다.",라,False,라(대조군),Level1
당송팔대가문초구양수1,379,1992,臣謂宜於今而可行者는 立爲三舍가 可也요 復五經博士가 可也라 特創新學은 雖不若卽舊而修廢나 然未有甚害하니 創之亦可也라,"신은 생각건대 오늘에 마땅하여 실행할 수 있는 것은 삼사(三舍)를 세우는 것이 좋고 오경박사(五經博士)를 복구하는 것이 좋으며, 새 학교를 특별히 세우는 것은 비록 옛 학교에다 폐지된 제도를 다시 정비하는 것만 못하지만 그다지 해로울 건 없으니 새로 세워도 좋을 것입니다.",라,False,라(대조군),Level1
서경집전(하),919,3441,"顧命에 有敬迓天威,嗣守文武大訓之語라",고명(顧命)에 “공경히 하늘의 위엄을 맞이하고 문왕(文王)·무왕(武王)의 큰 가르침을 이어 지키라.”는 말이 있었다.,라,False,라(대조군),Level1
주역전의(상),1628,4856,又自五月姤卦一陰始生으로 至此七爻而一陽來復하니 乃天運之自然이라,"또 5월의 구괘(姤卦)에 한 음(陰)이 처음 생김으로부터 이 일곱 효(爻)에 이르면 한 양(陽)이 와서 회복하니, 이는 바로 천운(天運)의 자연이다.",라,True,라(대조군),Level1
시경집전(상),1895,4332,子仲之子는 子仲氏之女也라,자중지자(子仲之子)는 자중씨(子仲氏)의 딸이다.,라,False,라(대조군),Level1
시경집전(상),63,231,南은 南山也라,남(南)은 남산(南山)이다.,라,False,라(대조군),Level1
자치통감강목12,15,53,瑜兄子偏將軍峻이 卒이어늘 全琮이 請使峻子護로 領其兵한대 權曰 聞護性行危險하니 用之適爲作禍耳라,"주유(周瑜)의 형의 아들 편장군(偏將軍) 주준(周峻)이 졸(卒)하자, 전종(全琮)이 주준의 아들 주호(周護)로 주준의 병사를 거느리게 할 것을 청하였는데, 손권이 말하기를 “주호는 성품과 행실이 위험하다는 말을 들었으니, 그를 임용하면 다만 화를 만들 뿐이다.",라,False,라(대조군),Level1
주역전의(하),1106,3356,苟不失中이면 雖有危라도 不至於凶也라,만일 중(中)을 잃지 않으면 비록 위태로움이 있더라도 흉함에 이르지 않을 것이다.,라,False,라(대조군),Level1
서경집전(상),747,3586,說之言은 譬如藥石하니 雖散而不一이나 然一言一藥하여 皆足以治天下之公患이니 所謂古之立言者라,"“부열(傅說)의 말은 비유하면 약석(藥石)과 같으니, 비록 흩어져서 한결같지 않으나 한 마디 말이 한 가지 약(藥)이 되어 모두 천하의 공적(公的)인 병통을 다스릴 수 있으니, 이른바 옛날에 훌륭한 말을 세운 자일 것이다.”",라,True,라(대조군),Level1
맹자집주,1034,3536,有不爲는 知所擇也라,“하지 않음이 있는 것은 가릴 바를 아는 것이다.,라,False,라(대조군),Level1
시경집전(하),2630,5849,"言其收入之多하여 至於可以供祭祀, 備百禮하여 而神降之福이 將甚徧也라",그 거둬들임이 많아서 제사에 바치고 백례(百禮)를 구비함에 이르러 신(神)이 복을 내림이 장차 심히 두루할 것이라고 말한 것이다.,라,True,라(대조군),Level1
자치통감강목7,170,211,吏民이 陷於湯火之中하니 非國家之民也라,"그리하여 관리와 백성들이 끓는 물과 불구덩이에 빠지고 있으니, 이미 국가의 백성이라고 할 수 없습니다.",라,True,라(대조군),Level1
당송팔대가문초왕안석1,446,1959,上下交疑로되 誠有堪大臣之事者하야 而莫之或任하니 幸欲任이나 則左右小人이 得引前日之所竢하야 懲之矣리라,"윗사람이나 아랫사람이 모두 의심하게 되었는데도 진실로 대신의 직무를 제대로 수행할 수 있어서, 혹 업적을 남길 수 있게 된 사람은 있었던 일이 없으니, 요행히 임무를 수행하고자 해도 좌우에 있는 하급 관리들이 전일에 기대했던 바를 근거로 하여 제재(制裁)를 가하게 될 것이다.",라,False,라(대조군),Level1
서경집전(하),711,2735,五年은 必有指實而言이니 孔氏牽合歲月者는 非是라,"5년은 반드시 실제를 가리켜 말한 것일 것이니, 공씨(孔氏)가 세월을 억지로 끌어다대어 부합시킨 것은 옳지 않다.",라,False,라(대조군),Level1
춘추좌씨전3,612,1780,楚懼不可用也라,초군(楚軍)은 아마도 신뢰(信賴)할 수 없을 듯합니다.”라고 하였다.,라,False,라(대조군),Level1
당송팔대가문초구양수3,483,2056,賊失計하야 乃引去라,적은 작전이 실패하자 군사를 이끌고 떠나갔다.,라,False,라(대조군),Level1
시경집전(하),3055,6811,大禘之祭는 所及者遠이라 故로 其詩歷言商之先后하고 又及其卿士伊尹하니 蓋與祭於禘者也라,"“대체(大禘)의 제사는 미치는 바가 멀기 때문에 그 시(詩)에 상(商)나라의 선왕(先王)들을 일일이 말하였고, 또 그 경사(卿士)인 이윤(伊尹)을 언급하였으니, 체(禘)에 참여하여 제사한 자이다.”",라,False,라(대조군),Level1
자치통감강목13,167,614,故로 悖吉凶之禮하고 忽容止之表하며 瀆長幼之序하고 混貴賤之級하여 無所不至라,"그러므로 길흉의 예(禮)를 무너뜨리고 행동거지의 의표(儀表)를 소홀히 하며, 장유(長幼)의 질서를 문란하게 하고, 귀천의 등급을 혼란하게 하여 못 하는 짓이 없다.",라,False,라(대조군),Level1
당송팔대가문초소순1,158,1022,由是史與經이 皆憂小人而作이니 其義一也라,이로 말미암아 역사와 경서는 모두 소인을 근심하여 지었는데 그 뜻은 마찬가지이다.,라,False,라(대조군),Level1
자치통감강목11,205,748,夫立王業者는 所用非一이라,“왕업(王業)을 세우는 자는 사람을 등용하는 방법이 한 가지가 아닙니다.,라,False,라(대조군),Level1
맹자집주,1384,4731,桮棬은 屈木所爲니 若巵匜之屬이라,"배권(桮棬)은 나무를 구부려 만든 것이니, 치(巵)와 이(匜)같은 등속이다.",라,False,라(대조군),Level1
시경집전(상),1310,3016,兄弟는 婚姻之稱이니 禮所謂不得嗣爲兄弟是也라,"형제(兄弟)는 혼인(婚姻)한 사람 사이의 칭호이니, ≪예기(禮記)≫에 이른바 “계속하여 형제(兄弟)가 될 수 없다.”는 것이 이것이다.",라,False,라(대조군),Level1
자치통감강목6,756,1668,玄이 言 事已前決하니 得無不宜아 博曰 已許孔鄕侯矣로라,"조현이 말하기를 “일이 이미 이전에 결정되었으니, 불가하지 않겠습니까?” 하자, 주박이 말하기를 “내 이미 공향후에게 허락하였노라.",라,False,라(대조군),Level1
맹자집주,814,2942,離婁는 古之明目者라,이루(離婁)는 옛날에 눈이 밝은 자이다.,라,False,라(대조군),Level1
맹자집주,1691,5518,優는 有餘裕也니 言雖治天下라도 尙有餘力也라,"우(優)는 여유가 있는 것이니, 비록 천하를 다스리더라도 오히려 여력(餘力)이 있음을 말씀한 것이다.",라,False,라(대조군),Level1
주역전의(상),552,1823,發而後禁이면 則扞格而難勝이니 養正於蒙은 學之至善也라,"개발된 뒤에 금하면 거부하여 감당하기 어려우니, 어릴 때에 바름을 기르는 것이 배움에 지극히 좋은 것이다.",라,False,라(대조군),Level1
주역전의(상),472,1578,故로 爲隔絶之象이라,그러므로 막히고 끊긴 상(象)이 된다.,라,False,라(대조군),Level1
주역전의(상),1881,5605,坎中實과 水就下는 皆爲信義니 有孚也라,"감(坎)이 가운데가 실(實)함과 물이 아래로 내려감은 모두 신의(信義)가 되니, 부신(孚信)이 있는 것이다.",라,False,라(대조군),Level1
당송팔대가문초유종원2,39,152,其上深山幽林逾峭嶮하고 道狹하여 不可窮也라,그 위쪽으로는 깊은 산과 우거진 숲이 더욱 가파르고 험하며 길이 좁아 갈 수가 없다.,라,False,라(대조군),Level1
당송팔대가문초소순1,270,1755,其爲之守備者 素也라,그들이 그곳을 수비한 것이 일상적인 일이었기 때문이다.,라,False,라(대조군),Level1
춘추좌씨전4,475,1498,八月에 叔孫豹帥師救晉하야 次于雍楡하니 禮也라,8월에 숙손표(叔孫豹)가 군대를 거느리고 진(晉)나라를 구원(救援)하러 가서 옹유(雍楡)에 주둔(駐屯)하였으니 예(禮)에 맞았다.,라,False,라(대조군),Level1
당송팔대가문초소식2,413,1737,一身之正은 是天下之私正也요 天下有君은 是天下之公正也니 吾無取乎私正也라,"자기 한 몸의 정(正)은 바로 천하의 사적(私的)인 정(正)이고, 천하에 군주가 있는 것은 천하의 공적(公的)인 정(正)이니, 나는 사적(私的)인 정(正)을 취하지 않는다.",라,False,라(대조군),Level1
자치통감강목10,239,343,鮑信이 謂曹操曰 袁紹爲盟主에 因權專利하여 將自生亂하리니 是는 復有一卓也라,"포신(鮑信)이 조조(曹操)에게 이르기를 “원소(袁紹)가 맹주(盟主)가 되면 권력을 이용하여 이익을 독점해서 장차 스스로 난(亂)을 일으킬 것이니, 이는 다시 한 명의 동탁(董卓)이 있게 되는 것이다.",라,False,라(대조군),Level1
자치통감강목3,218,534,初에 秦悉內六國禮儀하여 擇其尊君抑臣者存之러니 及通制禮에 頗有所增損이나 大抵皆襲秦故라,"처음에 진(秦)나라가 육국(六國)의 예의를 모두 받아들여 그중에 군주를 높이고 신하를 억제하는 것만을 채택해서 남겨두었는데, 숙손통이 예를 제정하면서 추가하고 삭제한 것이 상당히 있었지만 대체적으로는 모두 진(秦)나라의 옛것을 따랐다.",라,False,라(대조군),Level1
당송팔대가문초유종원2,299,1832,其術自儒墨名法으로 至於狗彘草木이라,그 학술의 범위가 유가(儒家)‧묵가(墨家)‧명가(名家)‧법가(法家)에서부터 개‧돼지와 풀‧나무 등 동식물에 관한 것까지 포함되었다.,라,False,라(대조군),Level1
당송팔대가문초유종원1,64,486,是與向之兩事者無毫末差矣라,이는 앞에서 말한 두 가지 일과 털끝만큼도 다를 것이 없습니다.,라,False,라(대조군),Level1
당송팔대가문초소식4,417,1606,飢寒且死라,그리하여 이들은 굶주리고 추워서 장차 죽게 되었다.,라,False,라(대조군),Level1
중용장구,235,657,不顯은 猶言豈不顯也라,불현(不顯)은 기불현(豈不顯)이란 말과 같다.,라,False,라(대조군),Level1
당송팔대가문초소순1,283,1831,而武之所爲는 反如是하니 書之不足信也 固矣라,"그러나 손무(孫武)가 한 일은 이와 반대였으니, 책은 족히 믿을 것이 못 되는 게 분명하다.",라,False,라(대조군),Level1
자치통감강목11,770,2618,光曰 今天下未定하니 智意爲先이라,"이에 맹광이 “지금 천하(天下)가 아직 평정되지 않았으니, 지혜로운 생각이 최우선이다.",라,False,라(대조군),Level1
서경집전(상),169,1190,罔水行舟는 如奡盪舟之類라,망수행주(罔水行舟)는 오(奡)가 배를 육지로 끌고 다닌 것과 같은 따위이다.,라,False,라(대조군),Level1
당송팔대가문초한유2,388,1997,民老幼婦女不驚하고 市賈不變하며 田之果榖에 下無一跡이라,"민간의 늙은이나 어린이, 부녀자들이 놀라지 않았고 시장의 물가에 변동이 없었으며, 과일나무 밑이나 곡식을 심은 전지에는 사람 발자국이 나지 않았다.",라,False,라(대조군),Level1
당송팔대가문초왕안석2,604,3119,南北幾時오 相見悲歡이라,"남북으로 헤어져 지낸 지가 얼마였던가, 서로 만나면 슬픔과 기쁨을 함께 나누었었네.",라,True,라(대조군),Level1
당송팔대가문초소순1,423,2672,吾日以壯大하여 乃能感悟하여 摧折復學이라,나는 날로 성장하여 이에 느끼고 깨달아 과거의 습관을 꺾고 다시 학문(學問)을 하였다.,라,True,라(대조군),Level1
자치통감강목2,37,122,夫是之謂五權이라,이것을 일컬어 오권(五權)이라고 합니다.,라,False,라(대조군),Level1
자치통감강목5,374,841,所易新吏 又未必賢하여 或不如其故면 徒相益爲亂이라,"게다가 바꾸어 새로 부임해온 관리가 또 반드시 어질지는 못하여 혹 옛사람만 못하면, 한갓 서로 더욱 혼란하게 할 뿐이다.",라,True,라(대조군),Level1
자치통감강목3,702,1587,時에 太尉勃이 不得主兵이라,이때 태위(太尉) 주발(周勃)은 군대를 주관할 수가 없었다.,라,True,라(대조군),Level1
시경집전(하),1742,3943,攝은 檢也라,섭(攝)은 검속함이다.,라,False,라(대조군),Level1
자치통감강목12,204,836,司隷主簿程咸이 議曰 女適人者가 已産育則成他家之母라,사예주부(司隷主簿) 정함(程咸)이 논의하기를 “시집간 여자가 이미 아이를 낳아 길렀으면 다른 집의 어미가 된 것입니다.,라,True,라(대조군),Level1
시경집전(상),851,1984,碩人은 指莊姜也라,석인(碩人)은 장강(莊姜)을 가리킨 것이다.,라,False,라(대조군),Level1
당송팔대가문초유종원2,380,2656,命持馬者去라가 旦日來하라하고 遂臥軍中이라,말을 끌던 군졸에게 다음날 아침에 오라 명하고 군중에 누워 잤다.,라,False,라(대조군),Level1
논어집주,1146,3812,仁者는 心存而不放이라,인자(仁者)는 마음이 보존되어 방심하지 않는다.,라,False,라(대조군),Level1
주역전의(상),553,1829,以剛中者는 以剛而中이라 故로 能告而有節也라,‘이강중(以剛中)’은 강(剛)하고 중도(中道)에 맞기 때문에 능히 고해줌에 절도가 있는 것이다.,라,False,라(대조군),Level1
서경집전(상),171,1268,其樂之傳이 歷千餘載로되 孔子聞之於齊하시고 尙且三月不知肉味하사 曰不圖爲樂之至於斯라하시니 則當時感召를 從可知矣라,"음악이 전해진 지가 천여 년이 넘었는데도 공자(孔子)께서 이것을 제(齊)나라에서 들으시고는 오히려 ˂배우는˃ 3개월 동안 고기 맛을 모르시며 말씀하기를 “음악을 만든 것이 이러한 경지에 이를 줄은 생각하지 못했다.” 하였으니, 당시에 감동시키고 부른 것을 따라서 알 수 있다.",라,True,라(대조군),Level1
논어집주,1928,5979,以는 猶與也라,이(以)는 여(與)와 같다.,라,False,라(대조군),Level1
당송팔대가문초소식5,168,599,獨喜則之勤苦하야 從事於有爲하야 篤志守節하야 老而不衰하야 異夫爲大以欺佛者라,"그런데 유독 거칙(居則)만이 부지런히 수고하여 큰 일에 종사하면서 뜻을 돈독히 하고 절개를 지켜서 늙도록 쇠하지 아니하여, 잘난 체해서 부처님을 속이는 자들과 달랐으니, 나는 그의 이러한 점을 좋아하였다.",라,True,라(대조군),Level1
시경집전(상),1099,2563,穀則異室이나 死則同穴호리라,살아서는 집을 달리하나 죽어서는 묘혈(墓穴)을 함께 하리라,라,True,라(대조군),Level1
주역전의(하),665,1998,然當決之時하여 志在上進하여 必不能也니 占者聞其言而信이면 則轉凶而吉矣리라,"그러나 결단(決斷)할 때를 당하여 뜻이 위로 나아감에 있어 반드시 능하지 못할 것이니, 점치는 자가 이 말을 듣고서 믿으면 흉(凶)함을 바꾸어 길(吉)하게 할 것이다.",라,False,라(대조군),Level1
당송팔대가문초유종원2,251,1465,曰吾言之不行이라,내 말이 행해지지 않기 때문이라네.,라,True,라(대조군),Level1
당송팔대가문초구양수1,164,1048,若靑之忠孝出處如一하야 事權旣去에 流議漸消하면 則其誠節可明하야 可以永保終始라,만약 적청의 충효와 출처(出處)가 한결같아서 직권이 떠남에 따라 유언비어가 점차 사라지면 그 충성과 절개가 명백하여 시종 자신을 보전할 수 있을 것입니다.,라,False,라(대조군),Level1
당송팔대가문초소식3,324,1264,秦之取天下는 非天下心服而臣之也라,진(秦)나라가 천하(天下)를 점령한 것은 천하(天下) 사람들이 심복하여 신하 노릇한 것이 아니다.,라,False,라(대조군),Level1
서경집전(하),513,2012,曰 今朕作大邑于玆洛은 予惟四方罔攸賓이며 亦惟爾多士攸服하여 奔走臣我多遜者는 言遷民而後作洛也라,"‘지금 짐(朕)이 큰 도읍을 이 낙읍(洛邑)에 만든 것은 내가 사방에서 온 제후들이 손님으로 머물 곳이 없으며, 또 너희 많은 사(士)들이 일하여 분주히 우리의 공손함이 많은 자들에게 신하노릇하기 때문이다.’라는 것은 백성을 옮긴 뒤에 낙읍(洛邑)을 만듦을 말한 것이다.",라,False,라(대조군),Level1
주역전의(상),1219,3672,旣言豫順之道矣나 然其旨味淵永하여 言盡而意有餘也라,이미 예순(豫順)의 도(道)를 말하였으나 그 뜻과 맛이 깊고 길어서 말은 다해도 뜻이 유여(有餘)하다.,라,True,라(대조군),Level1
주역전의(상),562,1853,治蒙之始에 立其防限하고 明其罪罰은 正其法也니 使之由之하여 漸至於化也라,"몽매함을 다스리는 초기에 방한(防限)을 세우고 죄와 벌을 밝힘은 그 법을 바로잡는 것이니, 그로 하여금 이것을 따르게 하여 점점 교화에 이르게 하는 것이다.",라,False,라(대조군),Level1
주역전의(하),1065,3232,故震則有亨이라,그러므로 진(震)에 형통(亨通)함이 있는 것이다.,라,False,라(대조군),Level1
시경집전(상),1274,2949,褧은 禪也라,경(褧)은 홑 옷이다.,라,True,라(대조군),Level1
당송팔대가문초소식5,448,1636,嵇中散이 作幽憤詩하니 知不免矣로되 而卒章에 乃曰 采薇山阿하고 散髮巖岫하야 永嘯長吟하야 頤性養壽者라하니 悼此志之不遂也라,"혜중산(嵇中散)(혜강(嵇康))이 〈유분(幽憤)〉 시(詩)를 지었는데 화를 면치 못할 줄을 알면서도 마지막 장(章)에 말하기를 “산언덕에서 고사리를 채취하고, 바위 동굴에서 산발한 채, 길게 휘파람 불고 읊조리면서, 본성을 기르고 수명을 기른다.”라고 하였으니, 이 뜻을 이루지 못함을 서글퍼한 것이다.",라,True,라(대조군),Level1
시경집전(상),2468,5732,卉는 草也라,훼(卉)는 풀이다.,라,True,라(대조군),Level1
당송팔대가문초한유2,163,700,今其意乃若不足이라,그런데도 지금 그의 생각에는 도리어 부족하게 여기는 듯하다.,라,False,라(대조군),Level1
당송팔대가문초한유1,364,1706,但不敢果於貌定이라,그러나 감히 용모만 보고서 과감히 사람을 평정(評定)할 수 없었습니다.,라,False,라(대조군),Level1
당송팔대가문초구양수4,97,472,玉淸昭應宮災라 坐火事하야 劾當死者百餘人이어늘 公疏言天災可畏니 不可反以罪人而重天怒라,옥청소응궁(玉淸昭應宮)에 화재가 난지라 화재에 연루되어 사형에 처해야 한다고 탄핵받은 이가 백여 명이었는데 공(公)이 상소하여 “천재(天災)를 두려워해야 하니 도리어 사람들에게 죄를 주어 하늘의 노여움을 더해서는 안 됩니다.,라,False,라(대조군),Level1
논어집주,1183,3921,故로 有若請但專行徹法하니 欲公節用以厚民也라,"그러므로 유약(有若)은 단지 오로지 철법(徹法)을 행하라고 한 것이니, 공(公)이 재용(財用)을 절약하여 백성을 후히 하게 하고자 한 것이다.",라,False,라(대조군),Level1
맹자집주,2095,6472,然이나 布縷는 取之於夏하고 粟米는 取之於秋하고 力役은 取之於冬하여 當各以其時하니 若幷取之면 則民力이 有所不堪矣라,"그러나 베와 실은 여름에 취하고, 곡식은 가을에 취하고, 힘으로 부역함은 겨울에 취하여, 각기 때에 맞게 하여야 하니, 만일 한꺼번에 아울러 취한다면 백성의 힘이 감당해 내지 못하는 바가 있을 것이다.",라,False,라(대조군),Level1
시경집전(상),433,1017,遭州吁之暴하여 見侮慢而不能正也라,주우(州吁)의 포악함을 만나 모만(侮慢)을 당하면서 바로잡지 못해서였다.,라,False,라(대조군),Level1
당송팔대가문초소식3,267,1056,夫死生之際는 聖人嚴之하야 薨於路寢하고 不死於婦人之手하며 至於結冠纓 啓手足之末하야도 不敢不勉하니 其於死生之變에 亦重矣라,"사람이 죽고 사는 즈음은 성인(聖人)이 매우 엄격하게 여겨서 노침(路寢)에서 죽되 부인(婦人)의 손에서는 죽지 않으며, 갓끈을 매고 수족을 열어 보이는 등의 작은 일에 이르러서도 감히 태만하게 하지 못하였으니, 그 죽고 사는 변고에 있어서 또한 중한 것이다.",라,False,라(대조군),Level1
자치통감강목9,18,23,嬰이 聞하고 泣下曰 荒裔愚民이 不堪侵枉하여 相聚偸生하니 若魚遊釜中이라,"장영이 이 말을 듣고는 눈물을 흘리며 말하기를 “먼 변방의 어리석은 백성이 침탈을 당하는 억울함을 견디지 못하여 서로 모여 근근이 목숨을 부지하고 있으니, 마치 물고기가 가마솥 안에 노는 것과 같습니다.",라,True,라(대조군),Level1
주역전의(상),1315,3974,風遇山而回면 物皆撓亂하니 是爲有事之象이라,"바람이 산(山)을 만나 돌면 물건이 모두 흔들리고 혼란해지니, 이는 일이 있는 상(象)이 된다.",라,True,라(대조군),Level1
당송팔대가문초소식3,3,4,夫以天下之大로도 而不足以動其心이면 則天下之大節이 有不足立이요 而大事有不足辦者矣라,"큰 천하를 가지고도 그 마음을 동요시킬 수 없다면, 천하의 큰 절개를 굳이 세울 것이 없고 천하의 큰일에 굳이 힘쓸 것이 없는 것이다.",라,True,라(대조군),Level1
당송팔대가문초한유1,148,721,今有人生七年而學聖人之道하야 以修其身이 積二十年이어늘 不得已一朝而毁之면 是亦不獲其所矣라,"지금 어떤 사람이 7세 때부터 성인(聖人)의 도(道)를 학습하여 그 몸을 수양한 지가 20년이 되었는데, 부득이 하루아침에 그동안 해오던 일을 버려야 한다면 이 또한 편안히 생활할 수 있는 처소를 얻지 못한 것입니다.",라,False,라(대조군),Level1
서경집전(상),68,513,黎民이 阻飢일새 汝后稷이니 播時百穀하라,"여민들이 곤궁하고 굶주리므로 너를 후직(后稷)으로 삼으니, 이 백곡을 파종하도록 하라.”",라,False,라(대조군),Level1
자치통감강목1,392,994,十一年이라,주(周)나라 현왕(顯王) 11년이다.,라,False,라(대조군),Level1
춘추좌씨전4,356,1090,魯人莒人皆請以車千乘으로 自其鄕入이어늘 旣許之矣라,노인(魯人)과 거인(莒人)이 모두 병거(兵車) 천승(千乘)을 거느리고 각기 자기들의 고장에서 제(齊)나라로 쳐들어가기를 청하기에 우리가 이미 허락하였다.,라,False,라(대조군),Level1
시경집전(상),765,1787,昏姻은 謂男女之欲이라,혼인(婚姻)은 남녀간의 정욕(情欲)을 이른다.,라,False,라(대조군),Level1
당송팔대가문초유종원2,233,1233,追咎厥始하니 惟物之殘이라,지금 그 잘못된 원인을 따져보니 재료에 결함이 있었다.,라,False,라(대조군),Level1
당송팔대가문초구양수4,196,933,子男四人이니 長曰宗顔이요 次曰宗閔이요 其二早亡이라,"자식은 아들이 네 사람이니 장남은 종안(宗顔), 차남은 종민(宗閔)이고, 나머지 두 아들은 요절하였다.",라,False,라(대조군),Level1
시경집전(상),2228,5133,之子는 指其妻而言也라,지자(之子)는 그 아내를 가리켜 말한 것이다.,라,False,라(대조군),Level1
주역전의(상),137,680,某之易이 簡略者는 當時에 只是略搭記요 兼文義는 伊川及諸儒皆說了일새 某只就語脈中하여 略牽過這意思로라,"나의 역(易)이 간략한 까닭은 당시에 다만 간략히 기록하였고, 게다가 글뜻은 이천(伊川)과 제유(諸儒)들이 모두 설명하였기 때문에 나는 다만 어맥(語脈) 속에 나아가 간략히 이러한 뜻을 끌어냈을 뿐이다.",라,False,라(대조군),Level1
당송팔대가문초증공1,135,815,不宣이라,이만 줄입니다.,라,False,라(대조군),Level1
논어집주,1039,3444,死生人鬼는 一而二요 二而一者也라,"사(死)와 생(生), 인(人)과 귀(鬼)는 하나이면서 둘이고, 둘이면서 하나이다.",라,True,라(대조군),Level1
자치통감강목11,651,2208,終於邦域之內에 畏而愛之하여 刑政雖峻而無怨者는 以其用心平而勸戒明也라,"그리하여 끝내는 나라 안에서 모두 그를 두려워하고 사랑하여 형정(刑政)이 비록 준엄하나 원망하는 자가 없었으니, 이는 그의 마음 씀이 공평하고 권면과 경계가 분명하기 때문이었다.",라,True,라(대조군),Level1
춘추좌씨전5,90,520,楚屈建卒커늘 趙文子喪之如同盟하니 禮也라,초(楚)나라 굴건(屈建)이 졸(卒)하자 진(晉)나라 조문자(趙文子)가 동맹국(同盟國)의 예(例)에 따라 조상(弔喪)하였으니 예(禮)에 맞았다.,라,False,라(대조군),Level1
주역전의(상),1385,4170,他卦는 初上爻에 不言得位失位하니 蓋初終之義爲重也요 臨則以初得位居正爲重이라,"다른 괘(卦)에서는 초효(初爻)와 상효(上爻)에 득위(得位)와 실위(失位)를 말하지 않았으니, 이는 초(初)와 종(終)의 뜻이 중하기 때문이고, 임괘(臨卦)는 초효(初爻)가 지위를 얻고 정(正)에 거함을 중함으로 삼은 것이다.",라,False,라(대조군),Level1
맹자집주,741,2667,放而不祀는 放縱無道하여 不祀先祖也라,방탕하여 제사하지 않았다는 것은 방종(放縱)하고 무도(無道)하여 선조(先祖)에게 제사하지 않은 것이다.,라,False,라(대조군),Level1
춘추좌씨전4,161,392,唯子産不順曰 小國無文德而有武功하니 禍莫大焉이라,"유독 자산(子産)만은 덩달아 기뻐하지 않으며 말하기를 “소국(小國)이 문덕(文德)이 없으면서 무공(武功)을 세웠으니, 이보다 큰 화(禍)가 없습니다.",라,False,라(대조군),Level1
자치통감강목13,334,1243,元達이 少有志操라,진원달(陳元達)은 젊어서부터 지조가 있었다.,라,False,라(대조군),Level1
자치통감강목10,1163,1830,韙旣敗死에 其黨巴郡太守龎羲欲爲亂하여 遣吏程祁하여 宣旨於其父漢昌令畿러니 不得이라,"조위(趙韙)가 싸움에 져서 죽은 뒤에 그 무리인 파군태수(巴郡太守) 방희(龎羲)가 난을 일으키고자 하여, 속리(屬吏) 정기(程祁)를 그의 아버지 한창령(漢昌令) 정기(程畿)에게 보내어 〈군대를 징발하려는〉 자신의 뜻을 전달하였으나 뜻을 이루지 못하였다.",라,False,라(대조군),Level1
논어집주,648,2323,魯는 蓋夫子父母之國이요 昭公은 魯之先君也라,"“노(魯)나라는 공자(孔子)의 부모지국(父母之國)이요, 소공(昭公)은 노(魯)나라의 선군(先君)이다.",라,False,라(대조군),Level1
서경집전(상),402,2299,流는 流放罪人之地니 蔡與流皆所以處罪人이나 而罪有輕重이라 故로 地有遠近之別也라,"유(流)는 죄인(罪人)을 유방(流放)하는 땅이니, 살(蔡)과 유(流)가 모두 죄인(罪人)을 거처하게 하는 곳이나 죄(罪)에 경중(輕重)이 있으므로 땅에 원근(遠近)의 구별이 있는 것이다.",라,False,라(대조군),Level1
당송팔대가문초유종원1,33,237,每聞人大言이면 則蹶氣震怖하여 撫心按膽하되 不能自止라,매번 남의 거창한 담론(談論)을 들을 적에는 기세가 꺾여 놀라고 두려워서 심장을 달래고 간담을 다독여보지만 그 현상을 스스로 멈출 수 없습니다.,라,True,라(대조군),Level1
자치통감강목11,59,222,馮翊鄭渾曰 興等이 破散하여 藏竄山谷하니 雖有隨者나 率脅從耳라,"풍익(馮翊) 정혼(鄭渾)은 말하기를 “양흥 등이 격파당하고 흩어져 산골짜기에 도망해 숨어 있으니, 비록 따르는 자가 있으나 대부분 위협에 못 이겨 따르는 것일 뿐이다.",라,False,라(대조군),Level1
서경집전(상),496,2748,肆는 故也라,사(肆)는 고(故)이다.,라,False,라(대조군),Level1
당송팔대가문초유종원2,87,379,於是有諸侯之列하니 則其爭又有大者焉이라,"그리하여 제후(諸侯)의 반열이 생겨났으니, 그 분쟁의 규모가 더욱 커졌다.",라,False,라(대조군),Level1
춘추좌씨전4,216,635,合諸侯以益恥는 不如死니 我將獨進하리라,제후(諸侯)와 연합(聯合)해 와서 우리의 치욕(恥辱)을 증가(增加)시키는 것은 죽느니만 못하니 나는 혼자서라도 진격(進擊)하겠습니다.”라고 하였다.,라,True,라(대조군),Level1
주역전의(하),333,977,嘻嘻之甚이면 則致敗家之凶이어늘 但云吝者는 可吝之甚則至於凶이라 故未遽言凶也라,"희희(嘻嘻)함이 심하면 집안을 망치는 흉(凶)함을 이루는데, 다만 부끄럽다고만 말한 것은 부끄러움이 심해지면 흉(凶)함에 이르므로 대번에 흉(凶)하다고 말하지 않은 것이다.",라,False,라(대조군),Level1
주역전의(상),929,2865,蓋九雖剛而志柔하고 四雖近而不處라 故能兢愼畏懼면 則終免於危而獲吉也라,"구(九)가 비록 강(剛)이나 뜻이 유순(柔順)하고 사(四)가 비록 가까우나 머물지 않으므로, 능히 조심하고 두려워하면 마침내 위태로움을 면하여 길(吉)함을 얻는 것이다.",라,False,라(대조군),Level1
서경집전(상),789,3727,言天旣已絶我殷命하여 格人元龜 皆無敢知其吉者라하니 甚言凶禍之必至也라,"‘하늘이 이미 우리 은(殷)나라의 명(命)을 끊어 격인(格人)과 원귀(元龜)가 모두 감히 그 길(吉)함을 아는 자가 없다.’하였으니, 흉화(凶禍)가 반드시 이를 것임을 심하게 말한 것이다.",라,True,라(대조군),Level1
당송팔대가문초증공1,62,408,若是者는 所見殆不減百千人이라,"이와 같은 처지에 있는 자를 제가 본 것이 거의 백 명, 천 명에 밑돌지 않을 정도였습니다.",라,False,라(대조군),Level1
당송팔대가문초유종원2,381,2674,段公은 仁信大人也어늘 而汝不知敬이라,단공(段公)은 인자하고 진실한 대인(大人)인데 너는 존경할 줄도 모른다.,라,True,라(대조군),Level1
춘추좌씨전2,455,1525,不速行이면 將無及也리라,빨리 가지 않는다면 아마도 미치지 못할 것이다.”고 하였다.,라,False,라(대조군),Level1
시경집전(상),189,504,南國이 被文王之化하여 諸侯大夫行役在外에 其妻獨居할새 感時物之變하어 而思其君子如此하니 亦若周南之卷耳也라,"남국(南國)이 문왕(文王)의 교화를 입어 제후(諸侯)의 대부(大夫)가 부역을 가서 밖에 있자, 그 아내가 홀로 거처하면 시물(時物)의 변화에 감동하여 그 남편을 생각하기를 이와 같이 한 것이니, 또한 주남(周南)의 ˂권이(卷耳)˃과 같은 것이다.",라,True,라(대조군),Level1
주역전의(상),733,2302,出師之道는 當謹其始니 以律則吉이요 不臧則凶이니 戒占者當謹始而守法也라,"군대를 출동하는 도(道)는 마땅히 그 시초를 삼가야 하니, 규율(規律)에 맞으면 길하고 불선(不善)하면 흉하니, 점치는 자에게 마땅히 시작을 삼가고 법을 지키라고 경계한 것이다.",라,False,라(대조군),Level1
당송팔대가문초소식5,97,314,始에 參爲齊相하야 召長老諸先生하야 問所以安集百姓한대 而齊故諸儒以百數에 言人人殊하야 參未知所定이라,"조참(曹參)이 처음 제(齊)나라 정승이 되어서 장로(長老)와 여러 선생(先生)들을 불러 백성들을 편안히 살게 하는 방법을 물었으나, 제(齊)나라의 옛 학자들이 백 명으로 헤아려졌는데 사람마다 말이 달라서 조참(曹參)이 결정할 바를 알지 못하였다.",라,False,라(대조군),Level1
주역전의(상),757,2369,五는 君位니 興師之主也라 故言興師任將之道라,오(五)는 군주(君主)의 자리이니 군대를 일으키는 주체이므로 군대를 일으키고 장수(將帥)를 임명하는 도리를 말하였다.,라,False,라(대조군),Level1
춘추좌씨전3,281,810,凡稱弟는 皆母弟也라,모든 곳의 ‘제(弟)’라 칭(稱)한 것은 모두 모제(母弟)이다.,라,False,라(대조군),Level1
당송팔대가문초유종원2,271,1590,汝誠無其實이라,“너는 진정 분명 어리석지는 않다.,라,False,라(대조군),Level1
당송팔대가문초유종원2,18,71,其石之突怒偃蹇負土而出하여 爭爲奇狀者를 殆不可數라,여기에는 노기가 충천하여 기세당당하게 땅을 뚫고 튀어나와 각종 기괴한 형상을 드러내는 바위들이 거의 헤일 수 없을 정도로 많다.,라,True,라(대조군),Level1
서경집전(하),455,1787,洛師는 猶言京師也라,낙사(洛師)는 경사(京師)라는 말과 같다.,라,False,라(대조군),Level1
당송팔대가문초소식5,256,995,萬人環之하야 如渴赴泉이라,수만 명이 에워싸서 마치 목마른 자들이 샘물에 달려가듯이 하였다.,라,True,라(대조군),Level1
주역전의(하),14,55,以量而容之하고 擇合而受之는 非聖人有感必通之道也라,헤아려서 수용하고 합할 상대를 가려 받아들임은 성인(聖人)이 감동함에 반드시 통하는 도(道)가 아니다.,라,False,라(대조군),Level1
시경집전(하),1714,3873,歌者는 比於琴瑟也요 徒擊鼓曰咢이라,"가(歌)는 거문고와 비파에 맞추는 것이요, 다만 북만 치는 것을 악(咢)이라 한다.",라,False,라(대조군),Level1
자치통감강목15,592,810,秦太史令張孟이 言尾箕는 燕分이요 東井은 秦分也라,"진(秦)나라(전진(前秦)) 태사령(太史令) 장맹(張孟)이 말하기를 “미수와 기수는 연(燕)나라 분야이고, 동정은 진나라 분야입니다.",라,False,라(대조군),Level1
당송팔대가문초구양수6,47,385,莊宗初入洛하야 居唐故宮室한대 而嬪御未備라,장종(莊宗)이 처음 낙양(洛陽)에 들어와 당(唐)나라의 옛 궁실에 거처하였는데 임금을 모실 빈첩(嬪妾)이 갖추어지지 않았다.,라,False,라(대조군),Level1
시경집전(하),660,1460,興也라,흥(興)이다.,라,True,라(대조군),Level1
당송팔대가문초구양수6,275,2032,過之者를 謂之氣盈이요 不及者를 謂之朔虛니 至於應變分用에 無所不通이라,"이보다 넘치는 수를 기영(氣盈)이라 하고 이에 못 미치는 수를 삭허(朔虛)라고 하는데, 변화하는 상황에 알맞게 구분하여 사용하면 통하지 않는 곳이 없습니다.",라,False,라(대조군),Level1
춘추좌씨전3,346,982,遂自徐關入하야 齊侯見保者曰 勉之하라,"마침내 서관(徐關)을 경유(經由)해 제(齊)나라로 들어가서 제후(齊侯)가 성(城)을 지키는 사람을 보고 말하기를, “힘써 성(城)을 지켜라.",라,False,라(대조군),Level1
논어집주,1142,3805,顔冉之學이 其高下淺深을 於此可見이라,안자(顔子)와 염자(冉子)의 학문(學問)은 그 높고 낮음과 얕고 깊음을 여기에서 볼 수 있다.,라,False,라(대조군),Level1
자치통감강목8,359,520,夏四月에 詔發卒數十萬하여 遣景하여 與將作謁者王吳로 修汴渠堤하니 自滎陽으로 東至千乗海口千餘里라,"여름 4월에 조령(詔令)을 내려 수십만의 병졸을 동원해서 왕경을 보내 장작알자(將作謁者) 왕오(王吳)와 함께 변수(汴水)의 제방을 수리하게 하니, 형양(滎陽)으로부터 동쪽으로 천승(千乗)의 바다 입구에 이르기까지 천여 리가 되었다.",라,False,라(대조군),Level1
주역전의(상),1417,4250,盥은 謂祭祀之始에 盥手酌鬱鬯於地하여 求神之時也요 薦은 謂獻腥獻熟之時也라,"관(盥)은 제사하는 초기에 손을 씻고 울창주(鬱鬯酒)를 땅에 부어 신(神)을 구하는 때를 이르고, 천(薦)은 날고기를 올리고 익은 고기를 올리는 때를 이른다.",라,False,라(대조군),Level1
당송팔대가문초소순1,239,1610,余不欲刪其文하여 故幷存之라,나는 그 글을 잘라내고 싶지 않아서 함께 실어놓는다.,라,True,라(대조군),Level1
서경집전(하),352,1390,毋常於酒요 其飮을 惟於祭祀之時라,술에 항상하지 말고 술을 마심을 오직 제사 때에만 하여야 한다.,라,False,라(대조군),Level1
서경집전(상),415,2357,御非其馬之正은 猶王良所謂詭遇也라,어(御)가 말을 바르게 몰지 않는다는 것은 왕량(王良)의 이른바 궤우(詭遇)와 같은 것이다.,라,False,라(대조군),Level1
당송팔대가문초소순1,263,1725,不知老弱之兵도 兵家에 固亦不可無라,그들은 노약한 병사들도 병가(兵家)에서 진실로 없어서는 안 되는 것임을 모른다.,라,False,라(대조군),Level1
주역전의(하),707,2110,繫于金柅는 柔道牽也일새라,“쇠고동목에 매어 놓음은 유(柔)의 도(道)가 끌고서 나아가기 때문이다.”,라,True,라(대조군),Level1
맹자집주,929,3251,鳴鼓而攻之는 聲其罪而責之也라,북을 울리며 공토(攻討)한다는 것은 그 죄를 소리로 말하고 꾸짖는 것이다.,라,False,라(대조군),Level1
서경집전(상),568,3048,自此는 乃伊尹畫一以告太甲也라,“여기부터는 바로 이윤(伊尹)이 하나를 그어서 태갑(太甲)에게 고한 것이다.”,라,False,라(대조군),Level1
당송팔대가문초소순1,391,2486,要之數世면 富者之子孫에 或不能保其地하여 以至於貧하여 而彼嘗已過吾限者가 散而入於他人矣요 或者는 子孫出而分之以無幾矣라,"요컨대 수 세대(世代)가 지나면 부자의 자손들 가운데 어떤 사람은 그 경지를 보존할 수 없어 가난해져서 이미 우리가 정한 한계를 넘었던 것이 다른 사람에게 흩어져 들어갈 것이고, 어떤 사람은 자손들이 분가하여 나가면서 그것을 나누어 가져 남는 것이 거의 없을 것이다.",라,False,라(대조군),Level1
당송팔대가문초소식3,283,1112,聖人以爲不重則不可以變이라,성인(聖人)이 생각하기를 ‘거듭하지 않으면 변할 수가 없다.’고 여기셨다.,라,False,라(대조군),Level1
자치통감강목3,314,758,然이나 卒用趙堯之策하니 可謂以金注也라,"그러나 끝내 조요(趙堯)의 계책을 따랐으니, 금주(金注)의 미혹이라고 할 만하다.",라,False,라(대조군),Level1
시경집전(상),2541,5881,君子는 指賓客也라,군자(君子)는 빈객(賓客)을 가리킨다.,라,False,라(대조군),Level1
자치통감강목17,599,2015,宋元嘉二十三年이요 魏太平眞君七年이라,"송(宋)나라 태조(太祖) 문제(文帝) 유의륭(劉義隆) 원가(元嘉) 23년이고, 북위(北魏) 세조(世祖) 태무제(太武帝) 탁발도(拓跋燾) 태평진군(太平眞君) 7년이다.",라,False,라(대조군),Level1
자치통감강목17,496,1713,迹其亂階컨대 正由劉湛權利之心이 無有厭已라,어지럽게 된 계기를 찾아보건대 바로 유담(劉湛)의 권세와 이익을 탐하는 마음이 만족하여 그침이 없는 데에서 말미암은 것이다.,라,False,라(대조군),Level1
예기집설대전2,169,222,且禮文之制에 曾申獨擧幕하고 而不擧其他하니 則其他推是而可知矣라,"또 예문(禮文)의 제도에 대하여 증신(曾申)이 유독 장막만을 거론하고 그 외의 것은 거론하지 않았으니, 나머지는 이것을 미루어 알 수 있다.",라,False,라(대조군),Level1
당송팔대가문초소순1,303,1937,使其尙在면 則呂祿不可紿요 太尉不得入北軍矣리라,"그가 살아 있었더라면, 여산(呂産)과 여록(呂祿)을 속여 넘길 수가 없었을 것이고, 태위(太尉)인 주발(周勃)이 북군(北軍)으로 들어가지 못했을 것이다.",라,False,라(대조군),Level1
당송팔대가문초구양수3,178,625,其詩曰 優游琴酒逐漁釣하고 上下林壑相攀躋라,"그때 지은 시에 “거문고와 술을 한가로이 즐기며 어부를 따라 낚시질하고, 숲과 골짝 오르내릴 제 서로 이끌어주리.",라,True,라(대조군),Level1
당송팔대가문초구양수5,44,302,二年에 河中王重榮卒하니 其諸子珂珙爭立이라,건녕 2년(895)에 하중(河中)의 왕중영(王重榮)이 졸하자 그 아들인 왕가(王珂)와 왕공(王珙)이 자리를 놓고 다투었다.,라,False,라(대조군),Level1
춘추좌씨전6,120,411,十三年春에 叔弓圍費나 不克하고 敗焉하다 平子怒하야 令見費人執之하야 以爲囚俘하니 冶區夫曰 非也라,"13년 봄에 숙궁(叔弓)이 비읍(費邑)을 포위(包圍)하였으나 승리(勝利)하지 못하고 도리어 패전(敗戰)하자, 평자(平子)가 노(怒)하여 ‘비인(費人)을 만나거든 잡아서 포로(捕虜)로 삼으라.’고 영(令)을 내리니, 야구부(冶區夫)가 말하기를 “옳지 않습니다.",라,False,라(대조군),Level1
주역전의(상),525,1737,初는 陽剛之賢이요 乃是正應이니 己之婚媾也라,"초(初)는 양강(陽剛)의 현자(賢者)요 바로 정응(正應)이니, 자기의 혼구(婚媾)이다.",라,False,라(대조군),Level1
맹자집주,1220,4182,禹之子는 賢하고 而益相은 不久하니 此啓所以有天下 而益不有天下也라,"우(禹)의 아들은 어질고, 익(益)이 정승노릇한 것은 오래지 못하였으니, 이것이 계(啓)가 천하를 소유하고, 익(益)이 천하를 소유하지 못한 이유이다.",라,False,라(대조군),Level1
시경집전(상),240,607,自公은 從公門而出也라,자공(自公)은 공문(公門)으로부터 나오는 것이다.,라,False,라(대조군),Level1
시경집전(하),2343,5229,燕은 安이요 譽는 樂也라,"연(燕)은 편안함이요, 예(譽)는 즐거움이다.",라,False,라(대조군),Level1
시경집전(하),843,1846,賦也라,부(賦)이다.,라,False,라(대조군),Level1
중용장구,28,92,位者는 安其所也요 育者는 遂其生也라,"위(位)는 그 자리를 편안히 함이요, 육(育)은 그 삶을 이루는 것이다.",라,False,라(대조군),Level1
당송팔대가문초소순1,278,1796,明君賢將之所上者는 上智之間也라,총명한 임금과 현명한 장수가 숭상하는 바는 최고 지혜(智慧)의 간자(間者)이다.,라,False,라(대조군),Level1
당송팔대가문초증공1,336,1793,曾公之文이 固雄이로되 而其經世之略을 亦槪見矣라,"증공(曾鞏)의 문장이 본디 웅건하지만, 세상을 경영하는 지략도 대체적으로 살펴볼 수 있다.",라,False,라(대조군),Level1
당송팔대가문초유종원2,294,1762,卒爲忠信하여 奉職輸賦하니 進比華人하여 無敢不龔이라,"그리고는 마침내 충성하고 믿을 만한 백성이 되어 본연의 직무를 수행하고 세금을 바치니, 그 바쳐 올리는 세금이 중원(中原) 지역과 대등하였고 감히 누락하는 일이 없었다.",라,False,라(대조군),Level1
서경집전(하),135,552,有能은 有才智者요 羞는 進也니 使進其行이면 則官使者皆賢才而邦國昌盛矣라,"유능(有能)은 재주와 지혜가 있는 자이고, 수(羞)는 나아감이니, 그 행함에 나아가게 하면 관직(官職)을 맡겨 부리는 자가 모두 현재(賢才)여서 나라가 창성(昌盛)할 것이다.",라,False,라(대조군),Level1
시경집전(상),159,429,周南之國은 十一篇에 三十四章이요 百五十九句라,"주남(周南) 국풍(國風)은 11편(篇)에 34장(章)이요, 159구(句)이다.",라,False,라(대조군),Level1
서경집전(하),252,934,及此하여 果蠢蠢然而動하니 其卜可驗이 如此라,"지금에 미쳐 과연 준준연(蠢蠢然)히 동하니, 그 점이 징험할 만함이 이와 같다.",라,False,라(대조군),Level1
자치통감강목19,1396,1891,梁天監十七年이요 魏神龜元年이라,양(梁)나라 고조(高祖) 무제(武帝) 소연(蕭衍) 천감(天監) 17년이고 북위(北魏) 숙종(肅宗) 효명제(孝明帝) 원후(元詡) 신귀(神龜) 원년이다.,라,False,라(대조군),Level1
서경집전(하),727,2791,周官은 多以胥以伯以正爲名하니 胥伯小大衆多之正은 蓋殷多士授職於洛하여 共長治遷民者也라,"주(周)나라 관직은 서(胥)와 백(伯)과 정(正)으로 이름을 삼은 것이 많으니, 서(胥)와 백(伯)과 대소(大小)의 많은 정(正)은 은(殷)나라의 많은 선비로 낙읍(洛邑)에서 직책을 주어 옮겨온 백성들을 함께 다스리는 자이다.",라,False,라(대조군),Level1
주역전의(상),1142,3467,五之孚信而履其上은 爲蹈履誠信之義요 五有文明之德이어늘 上能降志以應之는 爲尙賢崇善之義라,"오(五)가 부신(孚信)인데 그 위를 밟고 있음은 성신(誠信)을 이행하는 뜻이 되고, 오(五)가 문명(文明)한 덕(德)이 있는데 상(上)이 뜻을 낮추어 그에게 응함은, 현자(賢者)를 높이고 선(善)을 숭상하는 뜻이 된다.",라,False,라(대조군),Level1
당송팔대가문초증공1,489,2732,安能必世百年하여 爲敎化之漸하여 而待遲久之功哉리오하여 相薰以此라,"어찌 평생 동안 쉬지 않고 교화를 베풀어 먼 후일에 성과가 있기를 기다릴 수 있겠는가.” 하여, 서로간에 이와 같이 영향을 끼친다.",라,True,라(대조군),Level1
서경집전(상),102,715,九州之外 世一見曰王이라,구주(九州)의 밖에서 한 대(代)에 한 번 와서 뵘을 왕(王)이라 한다.,라,False,라(대조군),Level1
서경집전(상),377,2188,始發源王屋山頂崖下하니 曰沇水요 旣見而伏하여 東出於今孟州濟源縣하니 二源이라,"처음 왕옥산(王屋山) 산정(山頂)의 벼랑 밑에서 발원(發源)하니 연수(沇水)라 칭하고, 나타났다가 다시 숨어서 동쪽으로 지금의 맹주(孟州) 제원현(濟源縣)으로 나오니 근원이 둘이다.",라,True,라(대조군),Level1
자치통감강목5,929,2156,捐之는 誼曾孫也라,가연지는 가의(賈誼)의 증손(曾孫)이다.,라,False,라(대조군),Level1
당송팔대가문초유종원1,203,1350,竊感荀罃如實出己之德하여 敢希豫讓國士遇我之報라,"실제로 자기를 구출해준 것처럼 여겨 잘 대우했던 순앵(荀罃)의 덕에 삼가 고마움을 느끼고, 국사(國士)로 자기를 대우해줬기에 자기도 그에 맞게 보답하려 했던 예양(豫讓)이 되자고 감히 다짐합니다.",라,True,라(대조군),Level1
당송팔대가문초소순1,52,347,嗚呼라,아아!,라,True,라(대조군),Level1
서경집전(상),79,580,典은 主也라,전(典)은 주관함이다.,라,False,라(대조군),Level1
당송팔대가문초유종원1,163,1100,不惟充賦稅養祿秩足己而已요 獨以庶富且敎爲大任하니 甚盛甚盛이라,"그저 부세(賦稅)를 징수하고 녹봉(祿俸)을 보전하여 자기의 욕구를 만족시키고 마는 정도에 그치지 않고, 인구를 늘리고 부유하게 해주며 교화를 베푸는 것을 큰 임무로 여겼으니, 매우 훌륭합니다.",라,True,라(대조군),Level1
서경집전(하),535,2075,商先王이 以明德而天丕建이러니 則商後王이 不明德而天不畀矣라,"상(商)나라의 선왕(先王)들은 덕(德)을 밝혔으므로 하늘이 크게 세워주었는데, 상(商)나라의 후왕(後王)은 덕(德)을 밝히지 아니하여 하늘이 주지 않은 것이다.",라,False,라(대조군),Level1
춘추좌씨전6,359,1557,生은 好物也오 死는 惡物也라,생(生)은 사람들이 좋아하는 사물(事物)이고 사(死)는 사람들이 싫어하는 사물(事物)입니다.,라,False,라(대조군),Level1
주역전의(하),259,749,爲卦下離上坤하니 日入地中하여 明而見傷之象이라,"괘(卦)됨이 아래는 이(離)이고 위는 곤(坤)이니, 해가 지중(地中)으로 들어가서 밝으나 상(傷)함을 당하는 상(象)이다.",라,False,라(대조군),Level1
자치통감강목12,344,1388,今吳人未賓하여 勢與蜀連하니 不可拘常以失事機라,지금 오(吳)나라가 복종하지 아니하여 지세가 촉(蜀)과 연결되어 쳐들어올 것이니 상규(常規)에 구애되어 일의 기회를 놓쳐서는 안 됩니다.,라,False,라(대조군),Level1
당송팔대가문초소철2,53,293,蓋古之聖人은 惟其得而居之라,옛적의 성인(聖人)은 그곳을 얻어서 거하였다.,라,False,라(대조군),Level1
자치통감강목8,1286,1820,孝安皇帝永初元年이라,한(漢)나라 효안황제(孝安皇帝) 영초(永初) 원년이다.,라,False,라(대조군),Level1
당송팔대가문초구양수5,60,458,自處月以來로 居此磧하야 號沙陀突厥이요 而夷狄無文字傳記하고 朱邪又微不足錄이라,처월로부터 이래로 이 사막에 거처하여 사타돌궐(沙陀突厥)이라 불렀는데 이적(夷狄)은 문자로 기록을 전한 것이 없는 데다 주야는 더 작은 부족이므로 기록이 없었다.,라,False,라(대조군),Level1
주역전의(상),1382,4162,无疆은 廣大无疆限也라,무강(无疆)은 광대하여 한계가 없는 것이다.,라,False,라(대조군),Level1
당송팔대가문초구양수5,328,2209,五代之際에 不可以爲無人이니 吾得全節之士三人焉하야 作死節傳하노라,"오대(五代) 시절에 사람이 없었다고 할 수 없으니, 내가 절조(節操)를 온전히 한 선비 세 사람을 얻어 〈사절전(死節傳)〉을 짓는다.",라,False,라(대조군),Level1
당송팔대가문초유종원1,12,60,有與此宜者면 更致數物하라,이와 같은 증상에 적합한 것이 있으면 또 몇 가지 약물을 보내주십시오.,라,False,라(대조군),Level1
주역전의(상),1824,5433,大過者는 陽過也라,대과(大過)는 양(陽)이 과한 것이다.,라,False,라(대조군),Level1
당송팔대가문초왕안석2,347,1894,處州之麗水는 公所生也요 明州之鄞은 後所遷也라,"처주(處州)의 여수(麗水)는 공(公)이 태어난 곳이고, 명주(明州)의 은현(鄞縣)은 공(公)이 옮겨 살았던 곳이다.",라,False,라(대조군),Level1
당송팔대가문초소식4,28,109,故로 雖怨刺幷興이나 而未列于國風者는 以爲猶有王政存焉이라,그러므로 비록 원망과 풍자가 함께 일어났으나 〈열국풍(列國風)〉에 나열되지 않은 것은 그래도 아직 왕정(王政)이 존재한다고 여겼기 때문이다.,라,False,라(대조군),Level1
서경집전(상),770,3658,保는 安也니 保衡은 猶阿衡이라,"보(保)는 편안함이니, 보형(保衡)은 아형(阿衡)과 같다.",라,False,라(대조군),Level1
당송팔대가문초소식3,90,328,善乎라,훌륭하다!,라,True,라(대조군),Level1
주역전의(상),1716,5107,以九五之无妄으로 如其有疾인댄 勿以藥治則有喜也라,구오(九五)의 무망(无妄)으로 만약 병이 있다면 약으로 치료하지 않으면 기쁜 일이 있을 것이다.,라,False,라(대조군),Level1
춘추좌씨전5,147,746,不過十年矣리라,10년을 넘기지 못할 것입니다.”고 하였다.,라,False,라(대조군),Level1
춘추좌씨전5,30,137,故夏書曰 與其殺不辜론 寧失不經이라하니 懼失善也라,그러므로 〈하서(夏書)〉에 ‘무고(無辜)한 사람을 죽이기보다 차라리 상법(常法)을 어기는 잘못을 범하겠다.’고 하였으니 이는 선인(善人)을 잃을까 두려워한 것입니다.,라,True,라(대조군),Level1
시경집전(하),2824,6256,故로 美之曰 思無疆하니 則思馬斯臧矣라하니 衛文公秉心塞淵而騋牝三千이 亦此意也라,"그러므로 찬미하여 이르기를 “생각함이 그지 없으니 말을 생각함에 이에 좋다.” 한 것이니, 위문공(衛文公)이 마음을 잡기를 착실하고 깊게 함에 큰 암말이 3천필이라는 것도 또한 이러한 뜻이다.",라,True,라(대조군),Level1
주역전의(하),783,2337,九四는 大吉이라야 无咎리라,구사(九四)는 대길(大吉)하여야 허물이 없으리라.,라,False,라(대조군),Level1
당송팔대가문초소순1,233,1535,削亦反이요 不削이라도 亦反이라,"땅을 삭감하여도 반란할 것이요, 삭감하지 않아도 반란할 것이다.",라,False,라(대조군),Level1
논어집주,645,2314,相助匿非曰黨이라,서로 도와 나쁜 짓을 숨겨주는 것을 당(黨)이라 한다.,라,False,라(대조군),Level1
시경집전(하),327,721,哀哉不能言이여 匪舌是出이라,가엾다 말을 잘하지 못하는 이여 혀로 말을 낼 뿐만 아니라,라,False,라(대조군),Level1
주역전의(하),447,1327,大蹇之時而二在下하여 以中正相應하니 是其朋助之來也라,"크게 어려운 때에 이(二)가 아래에 있어 중정(中正)으로 서로 응(應)하니, 이는 그 벗의 도움이 오는 것이다.",라,False,라(대조군),Level1
시경집전(하),2979,6612,假은 與格同하니 言奏樂以格于祖考也라,"가(假)은 격(格)과 같으니, 음악을 연주하여 조고(祖考)에게 이름을 말한 것이다.",라,False,라(대조군),Level1
당송팔대가문초유종원2,196,891,然而子厚揣摩하니 亦綽有入思緻處라,"하지만 유자후(柳子厚)는 이리저리 따져보았으니, 사색을 치밀하게 한 부분이 충분히 있다고 하겠다.",라,False,라(대조군),Level1
서경집전(하),621,2376,太戊는 太甲之孫이요 伊陟은 伊尹之子라,"태무(太戊)는 태갑(太甲)의 손자이고, 이척(伊陟)은 이윤(伊尹)의 아들이다.",라,False,라(대조군),Level1
당송팔대가문초왕안석2,611,3144,請著君德하야 銘之九幽하노라,"이에 군(君)의 덕행(德行)을 기록하여, 묘혈(墓穴)에 새겨 넣고자 하노라.",라,True,라(대조군),Level1
당송팔대가문초증공1,21,164,宋興以來로 戚里宦臣과 曰將曰相이 未嘗得以擅事也하니 所以謹其操柄者如此라,"그러나 송(宋)나라가 일어난 뒤로는 외척이나 환관, 장수나 재상들이 국가대사를 함부로 독단하게 한 적이 없으니, 권력을 잡는 일을 신중히 하기를 이와 같이 하였습니다.",라,False,라(대조군),Level1
자치통감강목10,991,1537,"關中諸將이 以袁, 曹方爭이라하여 皆中立顧望이라",관중(關中)의 장수들이 원소(袁紹)와 조조(曹操)가 한창 싸운다 하여 모두 중립하여 지켜만 보고 있었다.,라,False,라(대조군),Level1
논어집주,1124,3685,詠은 歌也라,영(詠)은 노래하는 것이다.,라,False,라(대조군),Level1
당송팔대가문초한유1,335,1603,故遂始終托元賓하야 以寫兩與之情이라,그러므로 시종 원빈에 의탁하여 둘 사이의 정을 서술하였다.,라,False,라(대조군),Level1
시경집전(상),2745,6377,且其劬勞者 皆鰥寡可哀憐之人也라,또 몹시 수고로운 자들은 모두 환과(鰥寡)여서 애처롭고 가련한 사람이다.” 하였다.,라,True,라(대조군),Level1
주역전의(상),1857,5532,剛强之過면 則不能取於人하고 人亦不能親輔之하니 如棟橈折하여 不可支輔也라,"강강(剛强)이 지나치면 남에게 취하지 못하고 남들 또한 친히 돕지 못하니, 마치 기둥이 휘어지고 부러져서 지탱하고 돕지 못하는 것과 같다.",라,True,라(대조군),Level1
자치통감강목5,686,1576,有過에 輒奏免하고 薦其有行能者하니 郞官이 化之하여 莫不自厲라,"그리고 관리들에게 잘못이 있으면 번번이 황제에게 상주(上奏)하여 면직시키고, 관리 중에 행실이 훌륭하고 재능이 있는 자를 천거하니, 낭관들이 교화되어 스스로 힘쓰지 않는 자가 없었다.",라,False,라(대조군),Level1
서경집전(하),549,2105,時는 是也니 指上文殷大戾而言이라,"시(時)는 이것이니, 상문(上文)에 은(殷)나라의 큰 재앙을 가리켜 말한 것이다.",라,False,라(대조군),Level1
서경집전(상),169,1200,呱呱는 泣聲이라,고고(呱呱)는 우는 소리이다.,라,False,라(대조군),Level1
자치통감강목18,723,2365,十月에 謁永固陵할새 毁瘠尤甚이어늘 司空穆亮諫曰 王者爲天地所子요 爲萬民父母라,"10월에 위주(魏主)(탁발굉(拓跋宏))가 영고릉(永固陵)을 배알할 적에 몸이 아주 수척해지자, 사공(司空) 목량(穆亮)이 간언하기를 “왕자(王者)는 하늘과 땅에게 아들이 되고 만민에게는 부모(父母)가 됩니다.",라,True,라(대조군),Level1
당송팔대가문초구양수3,540,2430,孫五人은 一早亡하고 次皆已仕라,손자 다섯 사람은 첫째는 요절하였고 나머지는 모두 이미 벼슬길에 나섰다.,라,False,라(대조군),Level1
춘추좌씨전1,489,2389,夏에 公會鄭伯于郲하니 謀伐許也라,"여름에 은공(隱公)이 정백(鄭伯)과 내(郲)에서 회합하였으니, 이는 허국(許國)에 대한 토벌을 모의하기 위해서였다.",라,True,라(대조군),Level1
춘추좌씨전2,553,1822,是以魯頌曰 春秋匪解하야 享祀不忒하니 皇皇后帝와 皇祖后稷이라하야늘 君子曰 禮라하니 謂其后稷親而先帝也라,"그러므로 〈노송(魯頌)〉에 ‘춘추(春秋)로 제사를 게을리 하지 않아 제사를 지내는 일에 어그러짐이 없이 황황(皇皇)한 후제(后帝)와 황조(皇祖) 후직(后稷)께’라고 하였는데, 군자(君子)가 이를 예(禮)에 맞는다고 하였으니, 이는 후직(后稷)이 조상(祖上)인데도 하늘에 먼저 지냈기 때문이다.",라,True,라(대조군),Level1
예기집설대전2,1307,1868,與神交之道는 則心主乎敬이라,신(神)과 교접하는 도는 마음에 경(敬)을 위주로 해야 한다.,라,True,라(대조군),Level1
시경집전(하),746,1605,奧은 暖이요 蹙은 急이요 詒는 遺요 戚은 憂요 興은 起也라,"욱(奧)은 따뜻함이요, 축(蹙)은 급박함이요, 이(詒)는 끼침이요, 척(戚)은 근심이요, 흥(興)은 일어남이다.",라,True,라(대조군),Level1
당송팔대가문초왕안석2,566,2950,日月行矣니 不卽論次면 懼將卒於無傳也일새 吾願以此屬子矣로라,"세월은 흘러가는데 선후(先後)의 사적(事績)을 논정(論定)해놓지 않는다면 장차 끝내는 전(傳)해지는 일이 없게 될까 두렵기에, 저는 이 일을 그대에게 위촉(委囑)하고자 합니다.” 하였다.",라,True,라(대조군),Level1
주역전의(상),1139,3458,下之志는 從乎上者也니 上以孚信接於下하면 則下亦以誠信事其上이라,"아래의 뜻은 위를 따르는 것이니, 윗사람이 부신(孚信)으로 아랫사람을 대하면 아랫사람 또한 성신(誠信)으로 윗사람을 섬긴다.",라,False,라(대조군),Level1
서경집전(하),421,1679,無遺壽耉는 蓋君天下者之要務라,수구(壽耉)를 버리지 않는 것은 천하(天下)에 군주(君主)노릇 하는 자의 중요한 일이다.,라,False,라(대조군),Level1
주역전의(상),1525,4548,先儒說天文上에 當有剛柔交錯四字라하니 理或然也라,"선유(先儒)가 말하기를 “천문(天文)의 위에 마땅히 ‘강유교착(剛柔交錯)’ 네 글자가 있어야 한다.” 하였으니, 이치가 혹 그럴 듯하다.",라,False,라(대조군),Level1
당송팔대가문초유종원2,168,751,蟲之生而物益壞하니 食齧之하고 攻穴之하여 蟲之禍物也滋甚이라,"벌레가 생겨나면 생물은 더 큰 손상을 입으니, 깨물어 먹고 갉아먹고 구멍을 뚫는 등 벌레가 생물에 위해(危害)를 가하는 정도가 더욱 심해집니다.",라,False,라(대조군),Level1
당송팔대가문초구양수6,76,563,鎔求救於李匡威어늘 匡威來救하니 晉軍解去라,왕용(王鎔)이 이광위(李匡威)에게 원병을 요청하자 이광위가 와서 구원하니 진군(晉軍)이 포위를 풀고 떠났다.,라,False,라(대조군),Level1
당송팔대가문초구양수4,561,2491,與漢之蘇李와 魏之曹劉는 得其正始러니 宋齊而下는 得其浮淫流佚하고 唐之時에 子昻李杜沈宋王維之徒가 或得其淳古淡泊之聲하며 或得其舒和高暢之節이요 而孟郊賈島之徒는 又得其悲愁鬱堙之氣라,"한(漢)나라의 소무(蘇武)와 이릉(李陵), 위(魏)나라의 조식(曹植)과 유정(劉楨)은 그 정시(正始)의 음을 얻었는데, 송(宋)과 제(齊) 이하로는 그 부음(浮淫)하고 부음(流佚)한 것만을 얻었고, 당대(唐代)에는 진자앙(陳子昻), 이백(李白), 두보(杜甫), 심전기(沈佺期), 송지문(宋之問), 왕유(王維)의 무리가 혹은 그 순고(淳古)하고 담박(淡泊)한 소리를 얻기도 하며 혹은 그 서화(舒和)하고 고창(高暢)한 절주(節奏)를 얻기도 하였고, 맹교(孟郊)와 가도(賈島)의 무리는 더욱 그 슬퍼하고 근심하며 억울하고 답답해하는 기격(氣格)을 얻었다.",라,True,라(대조군),Level1
논어집주,173,627,通前篇末二章하여 皆論禮樂之事라,전편(前篇) 끝의 2장(章)을 통합하여 모두 예악(禮樂)의 일을 논(論)하였다.,라,False,라(대조군),Level1
자치통감강목12,338,1366,朝吏以爲호되 諸夷阻兵하니 不可以軍驚擾라,조리(朝吏)(군(郡)의 관리)들이 말하기를 “여러 이족(夷族)들이 무력에 의지하고 있으니 군대를 써서 그들을 놀라게 하여 소요를 일으켜서는 안 됩니다.,라,False,라(대조군),Level1
주역전의(상),900,2798,以卦德으로 釋彖辭라,괘덕(卦德)으로 단사(彖辭)를 해석하였다.,라,False,라(대조군),Level1
춘추좌씨전6,130,495,先神命之하고 國民信之라,선조(先祖)의 신(神)이 그를 임명(任命)하였고 백성들이 그를 신임(信任)합니다.,라,True,라(대조군),Level1
춘추좌씨전1,1024,3411,王使召伯廖賜齊侯命하고 且請伐衛하니 以其立子頹也라,"주왕(周王)이 소백(召伯) 료(廖)를 사신으로 보내어 제후(齊侯)에게 후백(侯伯)의(제후(諸侯)의 장(長)) 명을 내리고 위(衛)나라를 토벌하라고 청하였으니, 위(衛)나라가 왕자(王子) 퇴(頹)를 주왕(周王)으로 세웠기 때문이다.",라,False,라(대조군),Level1
자치통감강목19,556,806,天下須共容之니 勿以兵威陵辱하라,천하 사람들이 반드시 모두 그를 용납해야 할 것이니 군대의 위세로 능욕하지 말라.”라고 하였다.,라,False,라(대조군),Level1
주역전의(상),239,1027,乾道變化에 生育萬物하여 洪纖高下가 各以其類는 各正性命也라,건도(乾道)가 변화하여 만물을 낳고 길러서 크고 작음과 높고 낮음이 각기 그 유(類)를 따르는 것이 각기 성명(性命)을 바루는 것이다.,라,True,라(대조군),Level1
예기집설대전2,1064,1529,以槨者는 此叢木象槨之形也라,이곽(以槨)이란 이 쌓아놓은 나무가 외곽(外槨)의 모양을 닮았다는 뜻이다.,라,False,라(대조군),Level1
서경집전(하),366,1454,用安逸而喪其威儀하니 史記에 受爲酒池肉林하여 使男女로 裸而相逐이라하니 其威儀之喪이 如此라,"안일(安逸)로써 그 위의(威儀)를 상실하였으니, ≪사기(史記)≫에 “수(受)가 주지육림(酒池肉林)을 만들고는 남녀(男女)들로 하여금 옷을 벗고 서로 따르게 했다.” 하였으니, 그 위의(威儀)를 잃음이 이와 같았다.",라,False,라(대조군),Level1
당송팔대가문초구양수3,476,2010,公生二歲而孤하니 母夫人貧無依하야 再適長山朱氏라,"공은 태어나 2살 때에 아버지를 잃었으니, 모부인(母夫人)이 가난하고 의지할 곳이 없어 장산(長山) 주씨(朱氏)에게 개가(改嫁)하였다.",라,False,라(대조군),Level1
시경집전(하),2290,5101,將은 奉行也라,장(將)은 받들어 행함이다.,라,True,라(대조군),Level1
당송팔대가문초유종원2,340,2208,敍事處整則하고 敍情處悲弔라,"사실을 말한 부분은 질서가 있고, 심정을 말한 부분은 비통하다.",라,True,라(대조군),Level1
당송팔대가문초유종원1,202,1337,然則擧甲乙歷科第는 固爲末而已矣라,그렇다면 갑과(甲科)와 을과(乙科)에 급제하고 과제(科第)를 통과하려고 하는 것은 진정 말단일 뿐입니다.,라,False,라(대조군),Level1
당송팔대가문초소식5,35,108,雖知其然이나 而君子之養身也에 凡可以久生而緩死者를 無不用하고 其治國也에 凡可以存存而救亡者를 無不爲하야 至於不可奈何而後已하니 此之謂知命이라,"비록 이런 줄은 알지만, 군자(君子)가 몸을 수양할 적에 오래 살고 죽음을 늦출 수 있는 모든 방법을 사용하지 않음이 없고, 나라를 다스릴 적에 보존되는 것들을 보존하고 망하는 것들을 구원하는 모든 방법을 하지 않음이 없어서, 어쩔 수 없는 지경에 이른 뒤에야 그만두니, 이것을 일러 천명(天命)을 안다고 하는 것이다.”",라,True,라(대조군),Level1
춘추좌씨전7,55,270,若爲三師以肄焉하야 一師至면 彼必皆出하리라,"만약 군대를 세 부대(部隊)로 만들어 갑자기 습격(襲擊)하고 신속(迅速)하게 후퇴(後退)하게 하고서, 한 부대(部隊)가 초(楚)나라 땅에 쳐들어가면 저들은 전군(全軍)이 다 출동(出動)할 것입니다.",라,False,라(대조군),Level1
주역전의(상),1061,3235,初九는 同人于門이니 无咎리라,"초구(初九)는 사람과 함께 하되 문을 나가서 하니, 허물이 없으리라.",라,False,라(대조군),Level1
시경집전(상),1370,3146,茂는 美也라,무(茂)는 아름다움이다.,라,False,라(대조군),Level1
맹자집주,373,1404,"霸은 若齊桓,晉文이 是也라",패(霸)는 제환공(齊桓公)과 진문공(晉文公) 같은 이가 이들이다.,라,False,라(대조군),Level1
당송팔대가문초구양수3,168,593,宜其學必至焉耳라,그러니 그 학문이 반드시 지극해짐은 당연한 일이다.,라,False,라(대조군),Level1
시경집전(하),1817,4095,賦也라,부(賦)이다.,라,False,라(대조군),Level1
서경집전(상),377,2209,南豊曾氏齊州二堂記云 泰山之北은 與齊之東南諸谷之水로 西北匯于黑水之灣하고 又西北匯于柏崖之灣하여 而至于渴馬之崖하니 蓋水之來也衆이라,"남풍증씨(南豊曾氏)의 ˂제주이당기(齊州二堂記)˃에 “태산(泰山)의 북쪽은 제주(齊州)의 동남쪽 여러 골짝 물과 서북쪽으로 흑수만(黑水灣)으로 돌아 나오고, 또 서북쪽으로 백애만(柏崖灣)으로 돌아 나와 갈마(渴馬)의 벼랑에 이르니, 물이 오는 것이 많다.",라,True,라(대조군),Level1
주역전의(상),1874,5581,故爲坎陷之義라,그러므로 감함(坎陷)의 뜻이 된 것이다.,라,False,라(대조군),Level1
당송팔대가문초소식4,380,1482,公爲布衣에 則頎然已有公輔之望이라,공(公)은 포의(布衣)로 있을 적에 이미 우뚝하게 공보(公輔)의 명망이 있었다.,라,False,라(대조군),Level1
자치통감강목9,962,1405,蠻夷戎狄이 氣類雖殊나 其就利避害하고 樂生惡死는 亦與人同耳라,"“만이(蠻夷)와 융적(戎狄)은 기류(氣類)가 비록 다르나, 이익에 나아가고 해로움을 피하며 사는 것을 좋아하고 죽는 것을 싫어하는 것은 또한 보통 사람(한(漢)나라 사람)과 똑같다.",라,False,라(대조군),Level1
주역전의(상),1957,5821,大耋은 傾沒也라,대질(大耋)은 기울고 지는 것이다.,라,False,라(대조군),Level1
서경집전(상),8,45,且又首以欽之一字爲言하니 此書中開卷第一義也라,"또 첫번에 한 흠자(欽字)를 말씀하였으니, 이는 책 가운데에 권을 시작하는 첫번째 뜻이다.",라,False,라(대조군),Level1
당송팔대가문초구양수1,108,766,而今所欲定者正名號爾니 至於立廟京師干亂統紀之事하얀 皆非朝廷本議라하면 庶幾群疑可釋이라,"지금 결정하고자 하는 것은 명호(名號)를 바로잡는 것일 뿐, 경사에 사당을 세워 왕통(王統)의 질서를 어지럽히는 일은 모두 조정의 본래 의논이 아니다.”하시면 아마도 사람들의 의심이 풀릴 수 있을 것입니다.",라,False,라(대조군),Level1
당송팔대가문초구양수1,376,1985,今若外方專以文學貢士어늘 而京師獨以德行取人이면 則實行素履가 著於鄕曲하야 而守道丘園之士는 皆反見遺리니 此其不可五也라,"지금 만약 지방에서는 오로지 문학으로 선비를 천거해 올리거늘 경사에서는 덕행으로 사람을 뽑는다면, 평소의 행실이 향리(鄕里)에 드러나고 초야에서 도를 지키며 사는 선비들은 모두 도리어 누락하고 말 것이니, 이것이 다섯째 불가한 점입니다.",라,False,라(대조군),Level1
춘추좌씨전4,263,790,楚子疾에 告大夫曰 不穀不德으로 少主社稷호라,초자(楚子)가 병(病)을 앓을 때 대부(大夫)에게 고(告)하기를 “나는 덕(德)도 없는 몸으로 어린 나이에 사직(社稷)을 주지(主持)하는 임금이 되었다.,라,False,라(대조군),Level1
당송팔대가문초구양수5,204,1351,明宗遣回鶻侯三하야 馳傳至其國하니 侯三至醴泉縣한대 縣素僻하야 無驛馬요 其令劉知章出獵하야 不時給馬라,"명종이 회흘(回鶻) 사람 후삼(侯三)을 보내 전신(傳信)을 가지고 달려 그 나라에 가게 하니, 후삼이 예천현(醴泉縣)에 이르자 예천현이 본래 궁벽(窮僻)하여 역마(驛馬)가 없었던 데다 현령(縣令) 유지장(劉知章)이 사냥하러 나가 제때에 역마를 대지 못하였다.",라,False,라(대조군),Level1
시경집전(하),1392,3010,大邦은 莘國也라,대방(大邦)은 신(莘)나라이다.,라,False,라(대조군),Level1
자치통감강목18,421,1425,至是하여 以道成名位素出己下라가 一旦專制朝權이어늘 心不平하여 謂元琰曰 吾寧爲王陵死언정 不爲賈充生하리라,"이때에 이르러, 명예와 지위가 자기보다 낮았던 소도성이 하루아침에 조정의 권세를 좌지우지 하자 마음이 편하지 않아 심원염(沈元琰)에게 말하기를 “내가 차라리 왕릉(王淩)처럼 되어 죽을지언정 가충(賈充)처럼 살지는 않을 것이다.”라고 하였다.",라,True,라(대조군),Level1
시경집전(상),2427,5635,魚는 獸名이니 似猪요 東海有之하니 其皮背上斑文하고 腹下純靑하니 可爲弓鞬矢服也라,"어(魚)는 짐승의 이름이니, 돼지와 비슷하고 동해(東海)에 있으니, 그 가죽이 등 위에는 얼룩무늬가 있고, 배 밑은 순청색(純靑色)인데, 활집과 화살통을 만들 수 있다.",라,False,라(대조군),Level1
당송팔대가문초소순1,358,2268,長吏一怒면 不問罪否하고 袒而笞之라가 喜而接之면 乃反與交手爲市라,장리(長吏)가 한번 노하면 죄의 여부를 묻지도 않고 웃통을 벗겨 매질을 하다가 기쁠 때에 만나면 반대로 저자거리에서도 공수(拱手)하며 예(禮)를 차린다.,라,False,라(대조군),Level1
당송팔대가문초한유1,361,1701,若獨有愛於是요 而非仕之謂ᄂ댄 則愈也嘗學之矣니 請繼今以言하리라,"만약 단지 고문(古文)을 좋아해서 왔을 뿐이고, 벼슬하기 위해 온 것이 아니라면 내가 일찍이 고문을 배운 적이 있으니, 오늘 이후로 계속해 말해드리겠습니다.",라,False,라(대조군),Level1
주역전의(상),286,1121,旣處无過之地면 則唯在閑邪니 邪旣閑則誠存矣라,"이미 과실이 없는 곳에 처했으면 오직 사(邪)를 막음에 있을 뿐이니, 이미 사(邪)를 막았으면 성(誠)이 보존된다.",라,False,라(대조군),Level1
춘추좌씨전6,327,1452,子常必亡郢이리라,“자상(子常)은 반드시 영(郢)을 잃을 것이다.,라,False,라(대조군),Level1
자치통감강목4,178,426,今以陛下之威로 海內爲一이로되 然匈奴侵盜不已者는 無他라,그런데 지금 폐하의 위엄으로 해내(海內)가 하나가 되었는데도 흉노의 침범이 계속되는 것은 다른 이유가 없습니다.,라,False,라(대조군),Level1
시경집전(상),1713,3878,域은 塋域也라,역(域)은 영역(塋域)이다.,라,False,라(대조군),Level1
서경집전(하),285,1096,此는 因戒勉之也라,이는 인하여 경계하고 권면한 것이다.,라,False,라(대조군),Level1
맹자집주,664,2321,君子는 無小人則飢하고 小人은 無君子則亂하니 以此相易은 正猶農夫陶冶가 以粟與械器相易이니 乃所以本濟요 而非所以相病也라,"군자(君子)는 소인(小人)이 없으면 굶주리고, 소인(小人)은 군자(君子)가 없으면 혼란하니, 이것을 가지고 서로 교역함은 바로 농부(農夫)와 도야(陶冶)가 곡식과 계기(械器)를 가지고 서로 교역함과 같으니, 이는 마침내 서로 구제하는 것이요, 서로 해롭게 하는 것이 아니다.",라,False,라(대조군),Level1
주역전의(하),632,1909,下健而上說은 是健而能說이요 決而能和니 決之至善也라,"아래는 굳세고 위는 기뻐함은 이는 굳세고 기뻐하며, 결단(決斷)하고 화함이니, 결단(決斷)함의 지극히 좋은 것이다.",라,True,라(대조군),Level1
당송팔대가문초소식4,368,1443,吾是以로 知二宗之聖也로라,나는 이 때문에 태종(太宗)과 진종(眞宗) 두 임금의 성(聖)스러움을 알겠다.,라,True,라(대조군),Level1
자치통감강목10,992,1540,袁公은 寬而不斷하고 好謀而少決하니 不斷則無威요 少決則後事라,"“원공(袁公)은 관대하지만 과단하지 못하고 계획하기를 좋아하지만 결단력이 부족하니, 과단하지 못하면 위엄이 없고 결단력이 부족하면 일의 시기를 놓치게 된다.",라,False,라(대조군),Level1
당송팔대가문초유종원1,40,299,獨喜思謙之徒 遭時言道니 道之行이면 物得其利라,"다만 기쁜 것은 사겸(思謙) 같은 사람이 나라를 다스리는 도를 토론할 수 있는 시기를 만났다는 점이니, 나라를 다스리는 도가 행해지면 만물이 그 이익을 얻을 것입니다.",라,False,라(대조군),Level1
자치통감강목10,1331,2106,四患旣蠲하고 五政又立하여 行之以誠하고 守之以固하여 簡而不怠하고 疎而不失이면 垂拱揖讓而海内平矣리라,"네 가지 병통이 제거되고 다섯 가지 정사가 또 확립되어, 성실로써 행하고 견고함으로써 지켜서 간략하면서도 태만하지 않고 소략하면서도 잘못하지 않으면, 의상(衣裳)을 드리우고 팔짱을 끼고 읍양(揖讓)만 하고서도 해내(海内)가 평정될 것이다.”",라,False,라(대조군),Level1
주역전의(상),1229,3701,窮은 謂滿極이라,궁(窮)은 자만함이 지극함을 이른다.,라,False,라(대조군),Level1
자치통감강목13,462,1567,劉琨이 遣軍救之호되 不克이라,유곤(劉琨)이 군대를 보내어 호관을 구원하게 하였으나 이기지 못하였다.,라,True,라(대조군),Level1
주역전의(상),1275,3862,君子以嚮晦入宴息은 君子晝則自强不息이라가 及嚮昏晦則入居於內하여 宴息以安其身하니 起居隨時하여 適其宜也라,"‘군자이향회입연식(君子以嚮晦入宴息)’은 군자(君子)가 낮에는 스스로 힘쓰고 쉬지 않다가 날이 어둠을 향하면 안에 들어가 거처하여 편안히 쉬어서 몸을 편안히 하니, 일어남과 앉음을 때에 따라 마땅함에 맞게 하는 것이다.",라,False,라(대조군),Level1
당송팔대가문초증공1,104,651,若鞏者는 誠鄙且賤이나 然常從事於書하여 而得聞古聖賢之道라,저와 같은 자는 실로 식견이 얕고 좁으며 지위가 미천합니다만 일찍이 글을 읽어 옛 성현의 도를 들었습니다.,라,False,라(대조군),Level1
자치통감강목20,894,1487,歡이 每號令軍士할새 其語鮮卑엔 則曰 漢民이 是汝奴라,"고환(髙歡)이 군사들에게 호령(號令)을 내릴 때, 선비족(鮮卑族)에게 말할 경우는  “한(漢)나라 사람이 너희의 종이다.",라,False,라(대조군),Level1
서경집전(하),198,736,己之志를 以道而寧이면 則不至於妄發이요 人之言을 以道而接이면 則不至於妄受라,"자기의 뜻을 도(道)로써 편안하게 하면 망령되이 발함에 이르지 않고, 남의 말을 도(道)로써 대하면 망령되이 받음에 이르지 않는다.",라,True,라(대조군),Level1
자치통감강목1,19,87,又俾方子書其所爲刻之故일새 方子固不得而辭也라,"또 나에게 이 책을 판각하게 된 까닭을 서술하게 하였는데, 내가 참으로 사양할 수가 없었다.",라,False,라(대조군),Level1
자치통감강목9,527,764,"而徐璜, 左悺이 欲從規求貨호되 規終不答하니 璜等이 陷以前事하여 下吏라","서황(徐璜)과 좌관(左悺)이 황보규에게서 뇌물을 받고자 하였으나 황보규가 끝내 응하지 않으니, 서황 등은 예전의 일로 모함해서 황보규를 옥리(獄吏)에게 회부하였다.",라,False,라(대조군),Level1
시경집전(상),2758,6400,其는 語辭라,기(其)는 어조사이다.,라,False,라(대조군),Level1
주역전의(하),450,1346,漢李固王允과 晉周顗王導之徒是也라,한(漢)나라의 이고(李固)·왕윤(王允)과 진(晉)나라의 주의(周顗)·왕도(王導)의 무리가 이 경우이다.,라,False,라(대조군),Level1
예기집설대전1,482,1537,五十은 始衰라,50이면 몸이 쇠하기 시작한다.,라,False,라(대조군),Level1
당송팔대가문초구양수6,45,375,莊宗大驚하야 問其故하니 對曰 陛下開國하야 改元同光하니 天下皆謂陛下同光帝라,"장종이 크게 놀라 그 까닭을 물으니, 대답하기를 “폐하께서 개국하여 연호를 동광(同光)으로 고치니, 천하 사람들이 모두 폐하를 동광제(同光帝)라고 부릅니다.",라,True,라(대조군),Level1
맹자집주,1191,4047,"幽州,崇山,三危,羽山,有庳는 皆地名也라",유주(幽州)·숭산(崇山)·삼위(三危)·우산(羽山)·유비(有庳)는 모두 지명(地名)이다.,라,False,라(대조군),Level1
서경집전(하),905,3365,琬琰은 圭名이라,완염(琬琰)은 규(圭)의 이름이다.,라,False,라(대조군),Level1
주역전의(하),623,1878,益之極이면 必決而後止니 理无常益하여 益而不已면 已乃決也니 夬所以次益也라,"더함이 지극하면 반드시 터진 뒤에 그치니, 이치는 항상 더함이 없어서 더하고 그치지 않으면 끝내는 터지니, 쾌괘(夬卦)가 이 때문에 익괘(益卦)의 다음이 된 것이다.",라,False,라(대조군),Level1
당송팔대가문초구양수6,318,2343,其還也에 自閬(랑)州로 浮江而上할새 龍舟畫舸가 照耀江水어늘 所在供億을 人不堪命이라,돌아오는 길에 낭주(閬州)로부터 강(江)을 따라 올라갈 때 용주(龍舟)와 채선(彩船)이 강물에 비춰 번쩍였는데 가는 곳마다 공물을 바치도록 한 명령을 사람들이 감당할 수가 없었다.,라,True,라(대조군),Level1
당송팔대가문초구양수3,106,379,故予作琴說以贈其行하고 且邀道滋하야 酌酒進琴以爲別하노라,그래서 내가 금설(琴說)을 지어 그가 가는 길에 주고 또 손도자(孫道滋)를 맞이하여 술을 따르고 금(琴)을 올려 작별하고자 한다.,라,False,라(대조군),Level1
춘추좌씨전4,384,1173,季武子以所得於齊之兵作林鐘하야 而銘魯功焉한대 臧武仲謂季孫曰 非禮也라,"계무자(季武子)가 제(齊)나라와의 전쟁(戰爭)에서 노획(鹵獲)한 병기(兵器)를 녹여 임종(林鐘)을 만들어 노(魯)나라의 무공(武功)을 새기려 하자, 장무중(臧武仲)이 계손(季孫)에게 말하기를 “예(禮)가 아닙니다.",라,False,라(대조군),Level1
시경집전(하),892,1965,賦也라,부(賦)이다.,라,False,라(대조군),Level1
시경집전(하),24,53,爾公爾侯하여 逸豫無期케하리라,그대를 공(公)으로 삼고 그대를 후(侯)로 삼아 편안하고 즐거움을 무한하게 하리라,라,True,라(대조군),Level1
자치통감강목8,2086,2890,先帝舊典에 貢稅多少所由來久矣니 今猥增之하면 必有怨叛이라,"선제(先帝)의 옛 법에 공세(貢稅)의 많고 적음이 유래(由來)가 있은 지 오래되었으니, 지금 갑자기 공세를 올리면 오랑캐들이 반드시 원망하여 배반하는 일이 있을 것입니다.",라,False,라(대조군),Level1
당송팔대가문초소식5,394,1449,麟이 因收大小使臣十二人하야 付君幷按하고 且盡斬之한대 君持不可라,"사린(謝麟)이 인(因)하여 크고 작은 사신(使臣) 열두 사람을 체포하여 군(君)에게 맡겨 함께 조사하고 또 모두 참수하게 하자, 군(君)은 불가하다고 주장하였다.",라,False,라(대조군),Level1
자치통감강목2,1115,2916,趙空壁逐我어든 卽疾入趙壁하야 拔其幟而易之하라,“조(趙)나라의 군사가 성벽을 비우고 우리를 쫓거든 즉시 조(趙)나라의 성으로 빨리 들어가서 조(趙)나라의 깃발을 뽑아버리고 가지고 간 깃발로 바꾸라.”,라,False,라(대조군),Level1
당송팔대가문초왕안석1,541,2381,噫라,아아!,라,True,라(대조군),Level1
자치통감강목13,490,1630,今日尚可救어니와 後則無及矣리라,"오늘은 그래도 구원할 수 있지만, 뒤늦으면 어찌할 도리가 없을 것이다.” 하였는데,",라,False,라(대조군),Level1
당송팔대가문초한유2,149,624,大似烈士膽이요 圓如戰馬纓(師服)이라 上比香爐尖이요 下與鏡面平(喜)이라 秋瓜未落蒂로되 凍芋彊抽萌(彌明)이라,크기는 열사(烈士)의 쓸개만 하고 둥글기는 전마(戰馬)의 가슴걸이 같네(유사복(劉師服)) 위는 향로처럼 뾰족하고 아래는 거울처럼 평평하네(후희(侯喜)) 가을 오이는 아직 꼭지가 떨어지지 않았는데 겨울 토란은 이제 막 싹이 올라오네(헌원미명(軒轅彌明)),라,True,라(대조군),Level1
당송팔대가문초유종원2,208,1025,其小者則連牽繳繞라가 仰乳俯齕하며 蟻雜螽集하여 啾啾潗潗하고 旅走叢立이라,"망아지들은 어미를 따라다니며 맴돌다가 머리 들어 젖을 빨고 머리 숙여 풀을 뜯으며, 개미나 메뚜기처럼 무리를 지어 히히힝 울어대면서 함께 내달리기도 하고 또 떼 지어 서 있기도 합니다.",라,False,라(대조군),Level1
당송팔대가문초구양수6,305,2243,九月에 梁兵攻破襄州하니 趙匡凝奔于行密이라,9월에 양(梁)나라 군대가 양주(襄州)를 격파하니 조광응(趙匡凝)이 양행밀(楊行密)에게 망명하였다.,라,False,라(대조군),Level1
당송팔대가문초한유2,255,1229,近代以來로 事與古異하야 或游或仕在千里之外하고 或子幼妻稚而不能自還하며 甚者拘以陰陽畏忌하야 遂葬於其土라,"근대 이래로는 일이 옛날과 달라서 혹은 유람하거나 혹은 사환(仕宦)하러 천 리 밖에 나가 있다가 〈죽은 자가 있기도 한데,〉 혹은 자식이 어리고 아내가 어리석어 자력으로 상구(喪柩)를 모시고 고향으로 돌아올 수 없는 경우도 있으며, 심한 경우에는 음양(陰陽)이나 외기(畏忌)에 구애되어 마침내 그곳에 장사 지내기도 한다.",라,False,라(대조군),Level1
서경집전(상),180,1327,故星土之法은 則有九野하고 而在地者는 必有高山大川이 爲之限隔하여 風氣爲之不通하니 民生其間에 亦各異俗이라,"그러므로 성토(星土)의 법에는 구야(九野)가 있고, 땅에 있는 것은 반드시 고산(高山)과 대천(大川)이 있어 한격(限隔)이 되어서 풍기(風氣)가 이 때문에 통하지 않으니, 백성들이 그 사이에 살아 또한 각기 풍속이 다르다.",라,False,라(대조군),Level1
서경집전(상),417,2366,言若不用命이면 不但戮及汝身이라 將倂汝妻子而戮之라,“만약 명령을 따르지 않으면 단지 죽음이 네 몸에 미칠 뿐만 아니라 장차 너의 처자까지 아울러 죽일 것이다.”라고 말한 것이다.,라,False,라(대조군),Level1
시경집전(하),1986,4459,賦也라,부(賦)이다.,라,False,라(대조군),Level1
서경집전(상),65,486,"言當厚有德, 信仁人하고 而拒奸惡也라",마땅히 덕이 있는 자를 후대하고 인(仁)한 사람을 믿으며 간악한 자를 거절하여야 함을 말한 것이다.,라,False,라(대조군),Level1
시경집전(상),309,748,舒는 遲緩也요 脫脫는 舒緩貌라,"서(舒)는 느림이요, 태태(脫脫)는 느린 모양이다.",라,False,라(대조군),Level1
맹자집주,123,514,故로 雖無恒産이라도 而有常心이어니와 民則不能然矣라,"그러므로 비록 떳떳이 살 수 있는 생업(生業)이 없더라도 떳떳한 마음을 가지고 있거니와, 백성인즉 그렇지 못한 것이다.",라,False,라(대조군),Level1
주역전의(하),3,14,咸은 感也니 不曰感者는 咸有皆義하여 男女交相感也일새라,"함(咸)은 감동함이니, 감(感)이라고 말하지 않은 것은 함(咸)에는 ‘모두’의 뜻이 있어 남녀(男女)가 서로 감동하기 때문이다.",라,False,라(대조군),Level1
당송팔대가문초구양수5,314,2117,三將被圍數重일새 帝自禦軍救之하니 三將得出하야 皆泣訴라,세 장수가 몇 겹으로 포위를 당하게 되자 황제가 친히 군사를 이끌고 가서 구원하니 세 장수가 탈출하여 모두 눈물을 흘리며 하소연하였다.,라,True,라(대조군),Level1
주역전의(하),554,1677,六五元吉은 自上祐也라,“육오(六五)의 원길(元吉)은 위로부터 도와주는 것이다.”,라,False,라(대조군),Level1
자치통감강목17,714,2513,及魏主臨江에 問宋使者曰 盧度世亡命하고 已應至彼리라,"위주(魏主)가 장강(長江)에 이르렀을 적에 송(宋)나라 사신에게 묻기를 “노도세가 망명을 하여 이미 그곳에 이르렀을 것이다.”라고 하니,",라,False,라(대조군),Level1
당송팔대가문초구양수1,184,1146,朝廷每用一人에 必當使天下人服이어늘 今每一差遣이면 則物議沸騰하야 累日不息이라,"조정은 한 사람을 쓸 때마다 반드시 천하 사람들로 하여금 심복(心服)하게 해야 하거늘, 지금 한 번 차임해 보낼 때마다 물의가 들끓어 여러 날 동안 그치지 않습니다.",라,False,라(대조군),Level1
서경집전(상),448,2521,遐는 遠也니 遠棄其所司之事也라,"하(遐)는 멂이니, 맡은 바의 일을 멀리 버린 것이다.",라,False,라(대조군),Level1
당송팔대가문초왕안석2,87,418,惟其遇事而事治하고 畫策而利害得하야 治國而國安利하나니 此其所以異於人也라,"오직 그런 사람은 할 일을 만나면 그 일을 완벽하게 처리하고, 계책을 도모하면 이해(利害)에 적합하게 처리하여, 나라를 다스리게 되면 나라가 평안하고 이로워지나니, 이런 점이 다른 사람보다 특이한 것이다.",라,True,라(대조군),Level1
서경집전(하),957,3578,旌別淑慝하여 表厥宅里하며 彰善癉惡하여 樹之風聲하며 弗率訓典이어든 殊厥井疆하여 俾克畏慕하며 申畫郊圻하며 愼固封守하여 以康四海하라,"선(善)과 악(惡)을 표창하고 구별하여 거주하는 마을을 정표(旌表)하며, 선(善)을 표창하고 악(惡)을 병들게 하여 풍성(風聲)을 세워주며, 가르치는 법을 따르지 않거든 정강(井疆)을 달리하여 두려워하고 사모하게 하며, 거듭 교기(郊圻)를 구획하며 봉강(封疆)의 지킴을 삼가고 튼튼히 하여 사해(四海)를 편안하게 하라.",라,True,라(대조군),Level1
예기집설대전2,1525,2168,斬祀는 伐祠祀之木也요 殺厲는 殺疫病之人也라,"참사(斬祀)는 사당의 나무를 베어버린 것이요, 살려(殺厲)는 역병에 걸린 사람을 죽인 것이다.",라,False,라(대조군),Level1
논어집주,1937,6009,故로 先去之하여 以滅其跡하니 亦接輿之意也라,"그러므로 먼저 떠나가 그 종적을 없앤 것이니, 또한 접여(接輿)의 뜻이다.",라,False,라(대조군),Level1
당송팔대가문초구양수6,140,984,又使葬其平生所服衮冕通天冠絳紗袍各二하되 其一은 于京師하고 其一은 于澶州하고 又葬其劒甲各二하되 其一于河中하고 其一于大名者하니 莫能原其旨也라,"또 자신이 평소 입었던 곤면(衮冕), 통천관(通天冠), 강사포(絳紗袍) 각 두 벌을 수장(隨葬)하게 하였는데 하나는 경사(京師)에 매장(埋葬)하고 하나는 전주(澶州)에 매장(埋葬)하게 하였으며, 검과 갑옷 각 두 개를 수장(隨葬)하게 하였는데 하나는 하중(河中)에 매장(埋葬)하고 하나는 대명(大名)에 매장(埋葬)하게 한 것은 그 뜻을 알 수 없다.",라,True,라(대조군),Level1
당송팔대가문초한유2,82,324,此篇將牽合入天成하니 乃是筆力神巧는 與毛頴傳同이나 而雄邁過之라,"이 편은 억지로 끌어다 맞춘 것이 저절로 이루어진 듯한 경지에 들었으니, 필력의 신묘함은 〈모영전(毛頴傳)〉과 같으나 웅장하고 호매(豪邁)(호방)함은 〈모영전〉보다 더 뛰어나다.",라,True,라(대조군),Level1
자치통감강목1,433,1152,書曰 恃德者昌이요 恃力者亡이라하니 此數者는 非恃德也라,≪서경(書經)≫에 ‘덕(德)을 믿는 자는 번창하고 힘을 믿는 자는 패망한다.’라고 하였으니 위의 몇 가지는 덕(德)을 믿는 것이 아닙니다.,라,False,라(대조군),Level1
당송팔대가문초구양수4,421,1851,六年八月三日에 廬陵歐陽脩述하노라,가우(嘉祐) 6년(1061) 8월 3일에 여릉(廬陵) 구양수(歐陽脩)는 짓노라.,라,False,라(대조군),Level1
주역전의(상),676,2156,九二는 不克訟이니 歸而逋하여 其邑人이 三百戶면 无眚하리라,"구이(九二)는 쟁송하지 못함이니, 돌아가 도망하여 읍(邑) 사람이 3백 호(戶)인 것처럼 하면 허물이 없으리라.",라,False,라(대조군),Level1
당송팔대가문초구양수2,394,1554,夫三子者는 皆學乎聖人이요 而傳은 所以述經也니 經文隱而意深이어늘 三子者從而發之라,"세 사람은 모두 성인(聖人)에게 배웠고 전(傳)은 경(經)의 내용을 서술한 글이니, 경(經)은 글이 은미하고 뜻이 깊은데 세 사람이 이에 의거하여 의미를 밝혀낸 것이다.",라,False,라(대조군),Level1
춘추좌씨전3,554,1604,曰 吾與女同好棄惡하야 復修舊德하야 以追念前勳하리라,"‘나는 그대와 서로 우호(友好)하여 원한(怨恨)을 버리고, 다시 지난날의 우호(友好)를 중수(重修)하여 선군(先君)의 공덕(功德)을 추념(追念)하고자 한다.’고 하였습니다.",라,True,라(대조군),Level1
당송팔대가문초구양수5,112,842,王峻이 慮贇左右生變하야 遣侍衛馬軍指揮使郭崇하야 以兵七百騎로 衛贇이라,왕준(王峻)이 유빈의 주변 사람이 변란을 일으킬까 염려하여 시위마군지휘사(侍衛馬軍指揮使) 곽숭(郭崇)을 보내 7백 명의 기마병으로 유빈을 호위하게 하였다.,라,False,라(대조군),Level1
시경집전(하),1805,4057,賦也라,부(賦)이다.,라,False,라(대조군),Level1
자치통감강목1,4,12,大綱槪擧而監戒昭矣요 衆目畢張而幾微著矣라,"대강(大綱)이 모두 거론되어 감계(鑑戒)를 밝혔으며, 중목(衆目)이 모두 펼쳐져서 기미(幾微)를 드러내었다.",라,False,라(대조군),Level1
서경집전(하),414,1643,嗚呼라,아!,라,True,라(대조군),Level1
당송팔대가문초구양수6,260,1851,重誨前騶過御史臺門할새 殿直馬延誤衝之어늘 重誨卽臺門斬延而後奏라,안중회의 전추(前騶)가 어사대(御史臺)의 문을 지날 때 전직(殿直)인 마연(馬延)이 잘못하여 충돌하였는데 안중회가 즉시 어사대의 문 앞에서 마연을 참수한 뒤 그 일을 상주(上奏)하였다.,라,False,라(대조군),Level1
당송팔대가문초소순1,374,2337,然이나 要其終亦能使民勉爲仁義라,그러나 요컨대 그 최종목표 또한 백성들이 힘써 인의(仁義)를 행할 수 있도록 함이었다.,라,False,라(대조군),Level1
당송팔대가문초한유3,278,1521,瘞硯一段光景이 頗奇氣라,벼루를 묻은 한 단락의 광경은 기상이 매우 범상치 않다.,라,True,라(대조군),Level1
당송팔대가문초소식1,35,164,今也에 猶以道遠爲歎하시니 則是陛下未知勤也라,"그런데도 지금 도(道)가 멀다고 탄식하시니, 이는 폐하께서 정사(政事)에 부지런히 힘쓸 줄을 모르시는 것입니다.",라,True,라(대조군),Level1
시경집전(상),866,2042,庶士는 謂媵臣이라,서사(庶士)는 잉신(媵臣)을 이른다.,라,False,라(대조군),Level1
서경집전(하),999,3723,周禮에 太僕은 下大夫也라,≪주례(周禮)≫에 태복(太僕)은 하대부(下大夫)이다.,라,False,라(대조군),Level1
맹자집주,1830,5823,睟然은 淸和潤澤之貌요 盎은 豐厚盈溢之意라,"수연(睟然)은 청화(淸和)하고 윤택한 모양이요, 앙(盎)은 풍후(豐厚)하고, 가득 차 넘치는 뜻이다.",라,True,라(대조군),Level1
서경집전(상),280,1724,洞庭이 正在其西北하니 則洞庭之爲九江이 審矣라,"동정호(洞庭湖)가 바로 그 서북쪽에 있으니, 동정호(洞庭湖)가 구강(九江)이 됨은 분명하다.",라,False,라(대조군),Level1
당송팔대가문초구양수3,401,1548,公在相位十餘年에 外無夷狄之虞하야 兵革不用하야 海內富實하고 群工百司가 各得其職이라,공이 재상의 자리에 있던 10여 년 동안에 밖으로 외적이 침범할 걱정이 없어 군대를 쓰지 않아 해내(海內)가 부유하고 충실해졌으며 군공(群工)과 백사(百司)가 저마다 자기 직책을 잘 수행할 수 있었다.,라,True,라(대조군),Level1
자치통감강목6,1172,2568,夫辟은 君也요 雍은 和也니 言人君有和德이면 則天地之和應之하여 而天下之心服之也라,"벽(辟)은 군주이고 옹(雍)은 화함이니, 인군(人君)이 화(和)한 덕(德)이 있으면 천지의 화기(和氣)가 응하여 천하 사람들이 심복함을 말한 것이다.",라,True,라(대조군),Level1
당송팔대가문초구양수4,292,1360,子野之世는 曰贈太子太師諱某는 曾祖也요 宣徽北院使樞密副使累贈尙書令諱遜은 皇祖也요 尙書比部郞中諱敏中은 皇考也라,"자야(子野)의 세계(世系)는, 증태자태사(贈太子太師) 휘(諱) 모(某)는 증조(曾祖)이고, 선휘북원사(宣徽北院使) 추밀부사(樞密副使)로 누차 증직되어 상서령(尙書令)이 된 휘(諱) 손(遜)은 조부이고, 상서비부낭중(尙書比部郞中) 휘(諱) 민중(敏中)은 황고(皇考)이다.",라,False,라(대조군),Level1
주역전의(하),3,20,如夫婦之以淫姣와 君臣之以媚說과 上下之以邪僻은 皆相感之不以正也라,부부간(夫婦間)에 음란함으로 좋아함과 군신간(君臣間)에 아첨하여 기뻐함과 상하간(上下間)에 사벽(邪僻)으로 대함은 모두 서로 감동하기를 바름으로써 하지 않는 것이다.,라,False,라(대조군),Level1
자치통감강목14,135,425,卓이 雖慕忠義나 性이 多疑少决이라,감탁은 비록 충의(忠義)를 사모하였으나 천성이 의심이 많고 결단력이 부족하였다.,라,False,라(대조군),Level1
자치통감강목11,564,1905,至於臣者하여는 人道絶緒하고 禁錮明時하여 婚媾不通하고 兄弟乖隔하며 又以一切之制로 永無朝覲之望이라,"그러나 신(臣)과 같은 자에 이르러는 사람의 도(道)가 끊기고 좋은 시절에 금고(禁錮)를 당하여 혼인한 인척끼리 서로 왕래하지 못하고 형제들이 헤어져 만나지 못하며, 또 임시로 만든 제도 때문에 조회하고 알현할 희망이 영원히 없습니다.",라,True,라(대조군),Level1
당송팔대가문초소식4,55,203,君以利使臣이면 則其臣皆小人也니 幸而得其人이라도 亦不過健於才而薄於德者也요 君以禮使臣이면 則其臣皆君子也니 不幸而非其人이라도 猶不失廉恥之士也라,"군주가 신하를 이익(利益)으로 부리면 신하들이 모두 소인(小人)이 되니, 다행히 훌륭한 사람을 얻더라도 재주에는 뛰어나나 덕에는 부족한 자에 불과할 뿐이요, 군주가 예(禮)로써 신하를 부리면 신하들이 모두 군자(君子)가 되니, 불행히 훌륭한 사람이 아니더라도 염치(廉恥)를 아는 선비를 잃지는 않는다.",라,False,라(대조군),Level1
맹자집주,816,2953,先王之道는 仁政이 是也라,선왕(先王)의 도(道)는 인정(仁政)이 이것이다.,라,False,라(대조군),Level1
서경집전(하),146,603,臣之有作福作威玉食하면 其害于而家하며 凶于而國하여 人用側頗僻하며 民用僭忒하리라,"신하(臣下)가 복(福)을 짓고 위엄(威嚴)을 짓고 옥식(玉食)함이 있으면 네 집에 해롭고 네 나라에 흉(凶)하여 사람들이 바르지 못하고 기울고 편벽되며, 백성들이 참람하고 지나치게 될 것이다.",라,False,라(대조군),Level1
논어집주,161,582,書云孝乎者는 言書之言孝如此也라,서운효호(書云孝乎)라는 것은 ≪서경(書經)≫에 효도(孝道)를 말한 것이 이와 같다는 것이다.,라,False,라(대조군),Level1
주역전의(상),103,519,潔靜精微之謂易이니 自是不惹着事요 只懸空說一樣道理하니 不比似他書의 各着事上說이라,"깨끗하고 고요하고 정미한 것을 역(易)이라 이르니, 이는 어떤 일에 고착되어 있지 않고 다만 한 가지의 도리를 가공(架空)하여 말하였으니, 다른 책에서 각각 어떤 일에 고착하여 설명한 것과는 비할 수 없다.",라,False,라(대조군),Level1
당송팔대가문초구양수2,282,1033,某嘗誦於此而私自爲恨者가 有日矣라,저는 일찍이 이 말을 되뇌면서 스스로 한스럽게 여긴 지가 오래입니다.,라,True,라(대조군),Level1
맹자집주,826,2980,仁者는 有仁心仁聞而能擴而充之하여 以行先王之道者也라,"인자(仁者)란, 인심(仁心)과 인문(仁聞)이 있으면서 이것을 확충(擴充)하여 선왕(先王)의 도(道)를 행하는 자이다.",라,False,라(대조군),Level1
당송팔대가문초구양수1,130,873,陛下視聽漸熟하야 簡在于聖心하고 及將用之時하얀 則不必與謀也라,"그러면 폐하께서 보고 들음이 점차 익숙해져서 마침내 폐하의 마음에서 간택하여, 기용할 때에 미쳐서는 신하들과 의논할 필요가 없게 되는 것입니다.",라,False,라(대조군),Level1
당송팔대가문초구양수1,323,1785,臣聞士不忘身이면 不爲忠이요 言不逆耳면 不爲諫이라,"신은 듣건대 선비가 일신을 잊지 않으면 충신이 되지 못하고, 말이 귀에 거슬리지 않으면 간언(諫言)이 되지 못한다고 하였습니다.",라,False,라(대조군),Level1
서경집전(하),1079,4105,汝則有大刑하리라,너는 큰 형벌이 있을 것이다.,라,False,라(대조군),Level1
당송팔대가문초구양수4,462,2044,一世之短이요 萬世之長이니 其間得失은 不待較量이라,"일생은 짧았지만 만세에 길이 전해질 것이니, 그사이 득실은 따질 필요가 없을 것입니다.",라,True,라(대조군),Level1
맹자집주,1606,5314,物은 幣也라,물(物)은 폐백이다.,라,False,라(대조군),Level1
당송팔대가문초구양수6,241,1651,契丹寇鎭定하니 守貞等軍于中渡라가 遂與重威降(항)于契丹이라,거란이 진주(鎭州)와 정주(定州)를 침공하니 이수정 등이 중도(中渡)에 주둔하고 있다가 마침내 두중위와 함께 거란에 투항하였다.,라,False,라(대조군),Level1
당송팔대가문초왕안석2,584,3034,藥之養之하야 內外完好라,"치료해주고 길러주어서, 변방의 안과 밖(한족(漢族)과 강족(羌族))이 완전하게 안정되었네.",라,False,라(대조군),Level1
당송팔대가문초구양수4,97,465,於是에 豪勢者屈而善弱者伸하니 縣以大治라,"이에 힘 있고 권세(權勢) 있는 자들은 굴복하고, 선하고 미약한 자들은 살 만하게 되니 동명현(東明縣)이 크게 다스려졌다.",라,False,라(대조군),Level1
맹자집주,384,1441,言其縱欲偸安을 亦惟日不足也라,욕심을 부리고 구차히 편안하기를 또한 날마다 하되 부족하게 여김을 말씀한 것이다.,라,False,라(대조군),Level1
당송팔대가문초왕안석2,59,234,嗚呼라,아아!,라,True,라(대조군),Level1
서경집전(하),202,747,呂氏曰 此는 卽謹德工夫라,여씨(呂氏)가 말하기를 “이는 곧 덕(德)을 삼가는 공부이다.” 하였다.,라,False,라(대조군),Level1
당송팔대가문초구양수5,299,2018,左右告憲曰 今魏兵南嚮하고 主上存亡未可知라,좌우에서 장헌에게 고하기를 “지금 위(魏)의 병사들은 남쪽으로 향하고 황제의 생사(生死)는 알 수 없습니다.,라,False,라(대조군),Level1
주역전의(하),1426,4316,正乎凶은 言必凶이라,‘정호흉(正乎凶)’은 반드시 흉함을 말한 것이다.,라,False,라(대조군),Level1
춘추좌씨전7,283,1017,冬에 及鄭平하니 始叛晉也라,"겨울에 정(鄭)나라와 화평(和平)하였으니, 비로소 진(晉)나라를 배반(背叛)한 것이다.",라,False,라(대조군),Level1
당송팔대가문초구양수5,196,1318,當崇韜用事時하야 自宰相豆盧革韋悅等으로 皆傾附之라,곽숭도(郭崇韜)가 권세를 잡았을 때에는 재상(宰相) 두로혁(豆盧革)‧위열(韋悅) 등을 비롯하여 모두 그에게 빌붙었다.,라,False,라(대조군),Level1
예기집설대전2,562,802,故出則免之라,그렇기 때문에 밖으로 나갈 때에는 수질을 벗는 것이다.,라,False,라(대조군),Level1
당송팔대가문초소철3,79,402,愚故曰 古今來之에 將權之太輕이 莫有甚於今日也라하노라,그래서 어리석은 소견으로 말하기를 “고금 이래로 장수의 권한이 몹시 가벼운 것이 오늘날보다 더 심한 적은 없었다.”고 하노라.,라,False,라(대조군),Level1
시경집전(하),113,248,蓑笠은 所以備雨라,사(蓑)와 입(笠)은 비를 대비하는 것이다.,라,False,라(대조군),Level1
서경집전(하),286,1104,魯實侯爵이어늘 乃以天子禮樂으로 祀周公하니 亦旣不謹矣라,"노(魯)나라는 실로 후작(侯爵)이었는데 천자(天子)의 예악(禮樂)으로 주공(周公)을 제사(祭祀)하였으니, 또한 이미 삼가지 못한 것이다.",라,False,라(대조군),Level1
자치통감강목19,1795,2408,順은 澄之子也라,원순은 원징(元澄)의 아들이다.,라,False,라(대조군),Level1
자치통감강목1,503,1331,孰能一之오하야늘 對曰不嗜殺人者가 能一之라호라,다시 ‘누가 천하를 통일할 수 있을까요.’ 하므로 답하기를 ‘살인(殺人)을 좋아하지 않는 사람이 통일할 수 있겠지요.’라고 하였다.,라,False,라(대조군),Level1
당송팔대가문초한유2,40,153,今君所請田은 皆故秦漢時郡縣地로 其課績又已驗白하니 若從其言이면 其利未可遽以一二數也리라,"지금 한군(韓君)이 둔전(屯田)으로 개간하겠다고 청한 곳은 모두 옛날 진(秦)나라와 한(漢)나라 때의 군현(郡縣)이었던 땅으로 징세(徵稅)했던 실적(實績)을 이미 분명하게 증험(證驗)할 수 있으니, 만약 그의 건의를 따른다면 그 이로움을 한둘로 계산할 수 없을 것이다.",라,False,라(대조군),Level1
당송팔대가문초한유2,293,1422,其所憑依는 乃其所自爲也라,용(龍)이 빙의하는 물건(구름)은 바로 자기가 스스로 만든 것이다.,라,True,라(대조군),Level1
주역전의(하),1325,4046,不覿은 謂尙不見人이니 蓋不變也라,"만나보지 못한다는 것은 아직도 사람을 만나지 못함을 이르니, 변하지 않은 것이다.",라,False,라(대조군),Level1
자치통감강목10,1366,2155,今千里襲人에 輜重多하니 難以趨利라,"지금 천 리 멀리 적을 습격함에 치중(輜重)이 너무 많으니, 승기(勝機)를 잡기가 어렵습니다.",라,True,라(대조군),Level1
시경집전(하),1042,2290,秩은 常也라,질(秩)은 떳떳함이다.,라,True,라(대조군),Level1
자치통감강목18,117,390,宋主爲人이 機警勇决하고 記問博洽하고 文章華敏하고 又善騎射而奢欲無度라,"송주(宋主)(효무제(孝武帝))는 사람됨이 기민하고 과감하게 결단하며 학문이 넓으며 문장이 화려하고 민첩하며, 또 말타기와 활쏘기를 잘하면서 사치스런 욕심에 절도가 없었다.",라,True,라(대조군),Level1
맹자집주,760,2735,段干木은 魏文侯時人이요 泄柳는 魯繆公時人이라,"단간목(段干木)은 위(魏)나라 문후(文侯) 때 사람이요, 설류(泄柳)는 노(魯)나라 목공(繆公) 때 사람이다.",라,False,라(대조군),Level1
당송팔대가문초유종원2,194,886,誨之吾戚也라,회지(誨之)는 나의 인척이다.,라,False,라(대조군),Level1
자치통감강목15,259,312,宜命皇甫眞하여 引幷冀之衆하여 徑趨蒲坂하고 吳王垂는 引許洛之兵하여 馳解廋圍하고 太傅는 總京師虎旅하여 爲二軍後繼하여 傳檄三輔하여 示以禍福이면 彼必望風響應하리라,"마땅히 황보진(皇甫眞)에게 명하여 병주(幷州)와 기주(冀州)의 병력을 이끌고서 곧바로 포판(蒲坂)으로 달려가고, 오왕(吳王) 모용수(慕容垂)에게 명하여 허창(許昌)과 낙양(洛陽)의 군대를 이끌고서 달려가 부수(符廋)의 포위를 풀고, 태부(太傅) 모용평(慕容評)에게 명하여 경사(京師)의 금위군(禁衛軍)을 총괄하여 두 군대의 지원 부대가 되고서 삼보(三輔) 지방에 격문을 돌려 화복(禍福)을 분명히 보여주면, 저들은 반드시 풍문만 듣고도 호응할 것이다.”",라,False,라(대조군),Level1
당송팔대가문초구양수1,87,613,自古人君이 必有儲副는 所以承宗社之重而不可闕者也라,예로부터 임금이 반드시 황태자를 두는 것은 종묘사직의 중임(重任)을 이어받게 하는 바로 빠뜨릴 수 없기 때문입니다.,라,False,라(대조군),Level1
당송팔대가문초구양수6,173,1189,軍發之日에 不給兵甲하고 惟以長竿繫旗幟以表隊伍하니 軍士頗自疑惑이라,"군대(軍隊)가 출발하는 날에 병기와 갑주를 지급하지 않고 오직 긴 장대에 기치(旗幟)만 매달아 대오(隊伍)를 구분하니, 군사(軍士)들이 퍽 스스로 의혹(疑惑)스럽게 여겼다.",라,False,라(대조군),Level1
주역전의(하),1264,3843,然女德之盛이 无以加此라 故又爲月幾望之象이요 而占者如之則吉也라,"그러나 여덕(女德)의 성함이 이보다 더할 수 없으므로 또 달이 거의 보름이 된 상(象)이 되니, 점치는 자가 이와 같이 하면 길할 것이다.",라,True,라(대조군),Level1
서경집전(상),130,884,會는 徵會也라,회(會)는 불러 모음이다.,라,False,라(대조군),Level1
시경집전(상),576,1318,執籥秉翟者는 文舞也라,피리를 잡고 꿩깃을 잡는 것은 문무(文舞)이다.,라,True,라(대조군),Level1
당송팔대가문초유종원1,157,1073,就令哀而顧之者라도 不過攀木俯首하고 深矉太息이라가 良久而去耳니 其卒無可奈何라,"설령 그를 불쌍히 여겨 돌아보는 사람이라 해도 나무를 부여잡고 고개를 숙여 걱정하는 눈으로 쳐다보고 탄식만 하다가 한참 후에 가버리니, 결국 어찌할 도리가 없었습니다.",라,True,라(대조군),Level1
서경집전(상),161,1116,此는 言臣所以爲隣之義也라,이는 신하가 이웃이 되는 뜻을 말한 것이다.,라,False,라(대조군),Level1
시경집전(하),1967,4416,衍은 寬縱之意라,연(衍)은 관종(寬縱)의 뜻이다.,라,False,라(대조군),Level1
중용장구,196,559,成功一也之下에 有公曰 子之言이 美矣至矣나 寡人이 實固不足以成之也라,"‘성공일야(成功一也)’의 아래에 “애공(哀公)이 말씀하기를 ‘선생(先生)의 말씀이 아름답고 지극하나, 과인(寡人)이 실로 고루(固陋)하여 이것을 이룰 수 없습니다.’” 하는 내용이 있다.",라,False,라(대조군),Level1
논어집주,1587,5074,衡은 軛也라,형(衡)은 멍에이다.,라,False,라(대조군),Level1
당송팔대가문초유종원2,322,2050,今尙有五丈夫子라,지금 다섯 아들이 남아 있다.,라,False,라(대조군),Level1
서경집전(상),150,1032,明者는 顯其善이요 畏者는 威其惡이라,명(明)은 선한 자를 드러냄이요 외(畏)는 악한 자에게 위엄을 보이는 것이다.,라,False,라(대조군),Level1
당송팔대가문초구양수5,82,622,莊宗이 東幸汴州할새 從駕兵二萬五千이러니 及至萬勝하야 不得進而還하니 軍士離散하야 所失太半이라,"장종(莊宗)이 동쪽으로 변주(汴州)로 행행할 때에 군사 2만5천 명으로 어가(御駕)를 호종하게 하였는데 만승(萬勝)에 도착하여 더 이상 나아가지 못하고 돌아오니, 군사들이 이산(離散)하여 잃은 군사가 태반이었다.",라,False,라(대조군),Level1
자치통감강목9,1433,2078,不如徹圍하고 幷兵入城이니 忠見圍解하면 勢必自出이라,"우리가 포위망을 풀고 군대를 모아 성안으로 들어가는 것만 못하니, 한충(韓忠)은 포위망이 풀린 것을 보면 형편상 반드시 스스로 나올 것이다.",라,False,라(대조군),Level1
자치통감강목8,1293,1831,故로 時斷之也라,그러므로 때에 맞게 결단한 것입니다.,라,False,라(대조군),Level1
춘추좌씨전7,314,1092,子臣하니 可以免이라,그대는 신하의 도리를 잘 지키니 화(禍)를 면할 수 있습니다.,라,False,라(대조군),Level1
시경집전(상),712,1649,淸은 視淸明也요 揚은 眉上廣也요 顔은 額角豐滿也라,"청(淸)은 보는 것이 청명함이요, 양(揚)은 눈썹 위가 넓은 것이요, 안(顔)은 이마 모서리가 풍만한 것이다.",라,True,라(대조군),Level1
서경집전(하),216,799,又按 死生有命이어늘 周公이 乃欲以身으로 代武王之死하시니 或者疑之라,"또 살펴보건대 죽고 삶은 천명(天命)에 있는데 주공(周公)이 자신으로 무왕(武王)의 죽음을 대신하고자 하였으니, 혹자는 이를 의심한다.",라,True,라(대조군),Level1
논어집주,479,1758,牖는 南牖也라,유(牖)는 남쪽 창이다.,라,False,라(대조군),Level1
시경집전(상),774,1808,俟는 待也라,사(俟)는 기다림이다.,라,False,라(대조군),Level1
시경집전(하),2641,5873,成은 樂闋也니 如簫韶九成之成이라,"성(成)은 음악이 끝나는 것이니, 소소구성(簫韶九成)의 성(成)과 같다.",라,False,라(대조군),Level1
춘추좌씨전5,72,386,夏에 齊侯陳侯蔡侯北燕伯杞伯胡子沈子白狄朝于晉하니 宋之盟故也라,여름에 제후(齊侯)‧진후(陳侯)‧채후(蔡侯)‧북연백(北燕伯)‧기백(杞伯)‧호자(胡子)‧심자(沈子)‧백적(白狄)이 진(晉)나라에 조현(朝見)하였으니 송(宋)나라에서의 결맹(結盟) 때문이다.,라,False,라(대조군),Level1
당송팔대가문초구양수1,246,1415,或人戶無力하고 或頑猾拖延하야 本料尙未送納了當하니 若令又請次料合俵錢數하면 則積壓轉多하야 必難催索이라,혹 인호(人戶)가 그럴 능력이 없기도 하고 혹 모질고 교활하여 납부 시일을 오래 끌기도 하여 그 기간에 납부할 청묘전의 분량도 오히려 납부하지 않고 있을 터에 또 다음 기간 청묘전을 지급해달라고 청구한다면 누적된 액수가 점점 많아져서 필시 독촉하기 어려워질 것입니다.,라,False,라(대조군),Level1
주역전의(상),892,2777,不曰剛履柔而曰柔履剛者는 剛乘柔는 常理니 不足道라,"강(剛)이 유(柔)를 밟았다고 말하지 않고 유(柔)가 강(剛)에게 밟혔다고 말한 것은 강(剛)이 유(柔)를 타는 것은 떳떳한 이치이니, 굳이 말할 것이 없다.",라,False,라(대조군),Level1
자치통감강목18,248,967,紹先이 不尙苛察하고 務擧大綱하여 敎民治生禦冦而已라,신소선이 가혹하게 살펴서 다스리는 것을 숭상하지 않고 큰 강령만을 힘써 거행하여 백성을 교화하고 생업을 다스리고 도적을 막을 뿐이었다.,라,False,라(대조군),Level1
춘추좌씨전4,251,747,冬에 楚子囊秦庶長無地伐宋하야 師于楊梁하니 以報晉之取鄭也라,"겨울에 초(楚)나라 자낭(子囊)과 진(秦)나라 서장(庶長) 무지(無地)가 송(宋)나라를 토벌하고서 양량(楊梁)에 주둔(駐屯)하였으니, 이는 진(晉)나라가 정(鄭)나라를 취(取)한 것을 보복(報復)하기 위함이었다.",라,False,라(대조군),Level1
춘추좌씨전5,363,1848,猶求聖哲之上과 明察之官과 忠信之長과 慈惠之師하니 民於是乎可任使也하야 而不生禍亂이라,"그러고도 오히려 성철(聖哲)한 경(卿)과 명찰(明察)한 관원(官員)과 충신(忠信)한 향장(鄕長)과 자혜(慈惠)로운 스승을 구하여 〈백성을 다스리고 가르치게 하니〉, 백성들이 이에 믿고 부릴 만하게 되어 화란(禍亂)이 생기지 않았습니다.",라,True,라(대조군),Level1
당송팔대가문초소식2,303,1255,秦之衰也에 時人이 莫不貪利而不仁하니 秦雖欲其仁이나 而不可得也라,"진(秦)나라가 쇠약할 적에 당시 사람들이 이익을 탐하지 않는 이가 없어서 어질지 못하였으니, 진(秦)나라가 비록 어질게 하고자 하였으나 될 수가 없었습니다.",라,True,라(대조군),Level1
자치통감강목12,499,1818,宜即時赴討하여 不可失也라,의당 때에 맞춰 토벌하러 나아가야지 기회를 잃어서는 안 됩니다.”라고 하였다.,라,False,라(대조군),Level1
서경집전(상),590,3099,僭은 差也라,참(僭)은 어그러짐이다.,라,False,라(대조군),Level1
시경집전(하),542,1199,言因萋斐之形而文致之하여 以成貝錦하여 以比讒人者因人之小過而飾成大罪也라,"처비(萋斐)의 형상을 인하여 문채(文彩)를 내어 패금(貝錦)을 이룸을 말하여, 남을 참소하는 자가 사람의 작은 허물로 인하여 큰 죄를 꾸며 이룸을 비유한 것이다.",라,False,라(대조군),Level1
중용장구,293,782,惟聖人之德이 極誠無妄이라 故로 於人倫에 各盡其當然之實하여 而皆可以爲天下後世法하니 所謂經綸之也라,"오직 성인(聖人)의 덕(德)은 지극히 성실하고 망령됨이 없기 때문에 인륜(人倫)에 있어, 각기 당연(當然) 함의 실제를 다하여 모두 천하(天下)와 후세(後世)의 법이 될 만하니, 이른바 경륜(經綸)이란 것이다.",라,True,라(대조군),Level1
주역전의(상),688,2180,或從王事라도 无成이리라,혹 왕사(王事)에 종사하더라도 이룸이 없으리라.,라,False,라(대조군),Level1
시경집전(상),599,1381,然이나 豈不害於義理乎아하니 疑之而不敢遂之辭也라,"그러나 어찌 의리에 해가 되지 않겠는가.”라고 말하였으니, 의심하여 감히 이루지 못하는 말이다.",라,False,라(대조군),Level1
당송팔대가문초한유1,204,1001,其爲人溫良誠信하야 無邪佞詐妄之心하며 彊志而婉容하고 和平而有立하며 其趨事靜以敏하야 著美名 而負屈稱者가 其日已久矣라,"그 사람됨이 온화하고 선량하고 성실하여, 간사한 말로 아첨하거나 거짓말로 속이려는 마음이 없으며, 뜻은 강하면서도 용모는 온순하고, 마음은 온화하면서도 주견이 뚜렷하며, 일을 처리함이 조용하면서도 민첩하여, 아름다운 명성이 드러났는데도 그에 걸맞는 대우를 받지 못해 억울해한 지가 이미 오래입니다.",라,True,라(대조군),Level1
자치통감강목1,646,1830,三十二年이라,주(周)나라 난왕(赧王) 32년이다.,라,True,라(대조군),Level1
자치통감강목1,19,78,歲在庚午에 方子始獲傳此於嗣子寺正君而服膺焉이라,지난 경오년(庚午年)(1210)에 내가 비로소 사자(嗣子) 시정군(寺正君)에게서 이 책을 전수받고 마음으로 신봉하였다.,라,True,라(대조군),Level1
당송팔대가문초한유1,100,464,宜特下詔云 蔡州自吳少誠已來로 相承爲節度使하고 亦微有功效ᄅ새 少陽之歿에 朕亦本擬與元濟나 恐其年少하야 未能理事라,"그러니 특별히 “채주(蔡州)는 오소성(吳少誠) 이후로 서로 계승해 절도사가 되었고, 또 약간의 공적이 있었기에, 오소양(吳少陽)이 죽은 뒤에 짐(朕)도 처음에는 오원제를 후임(後任)으로 삼을까도 생각하였으나, 그 나이가 어려 정사(政事)를 처리하지 못할 것이 우려되었다.",라,False,라(대조군),Level1
주역전의(하),118,354,雖遯之時라도 君子處之면 未有必遯之義라,비록 돈(遯)의 때라도 군자(君子)가 이에 처하면 반드시 은둔하는 의(義)가 있는 것은 아니다.,라,False,라(대조군),Level1
자치통감강목15,1434,2031,四者不失이면 吾無憂矣로라,이 네 가지를 잃지 않으면 나는 근심이 없다.”라고 하였다.,라,False,라(대조군),Level1
당송팔대가문초구양수6,223,1465,彜超不受代하니 以兵攻之어늘 久不克이라,이이초가 이를 받아들이지 않으니 병사를 보내 공격하였는데 오랫동안 이기지 못하였다.,라,False,라(대조군),Level1
자치통감강목10,398,584,四年이라,한(漢)나라 효헌황제(孝獻皇帝) 초평(初平) 4년이다.,라,False,라(대조군),Level1
맹자집주,787,2838,故로 無君이요 墨子는 愛無差等하여 而視其至親을 無異衆人이라,"그러므로 군주가 없는 것이요, 묵자(墨子)는 사랑함에 차등(差等)이 없어 지친(至親)을 보기를 중인(衆人)과 다름이 없게 하였다.",라,False,라(대조군),Level1
논어집주,178,647,三家는 魯大夫孟孫叔孫季孫之家也라,삼가(三家)는 노(魯)나라 대부(大夫)인 맹손(孟孫)·숙손(叔孫)·계손(季孫)의 세 집안이다.,라,False,라(대조군),Level1
서경집전(하),556,2131,告爾殷多士하노라,“너희 은(殷)나라의 다사(多士)들에게 고하노라.,라,False,라(대조군),Level1
맹자집주,1622,5369,故로 不以女樂去 而以膰肉行하시니 其見幾明決 而用意忠厚하시니 固非衆人所能識也라,"그러므로 여악(女樂) 때문에 떠나지 아니하고, 제사고기를 구실 삼아 떠나셨으니, 그 기미(幾微)를 봄이 밝고 결단성이 있으며, 뜻을 씀이 충후(忠厚)하시니, 진실로 중인(衆人)들이 능히 알 수 있는 바가 아니다.”하신 것이다.",라,True,라(대조군),Level1
주역전의(하),1434,4339,卦有剛中之德하니 能貞者也라,"괘(卦)에 강중(剛中)의 덕(德)이 있으니, 정(貞)할 수 있는 자이다.",라,True,라(대조군),Level1
예기집설대전2,839,1206,子思之意以爲雖有齊衰期之禮나 然財不足以備禮면 則行之必有所不備요 若有其禮有其財하야 可以行矣로대 而非道隆之時면 亦弗可以備行也라,"자사(子思)의 생각은 비록 자최(齊衰) 기년복(期年服)의 예가 있지만, 재물이 예를 갖추기에 부족하면 시행함에 반드시 갖추지 못함이 있을 것이고, 만약 그 예가 있고 그 재물이 있어서 행할 수 있지만 도(道)가 융성한 때가 아니면, 또한 제대로 갖추어 행할 수 없다고 여긴 것이다.",라,False,라(대조군),Level1
시경집전(하),1296,2778,賦也라,부(賦)이다.,라,False,라(대조군),Level1
춘추좌씨전1,462,2338,秋 七月이라,가을 7월이다.,라,False,라(대조군),Level1
예기집설대전2,931,1346,故欲擇不可墾耕之地而葬焉이니 其意慊然不自足이나 其言依於謙儉이니 蓋亦可謂賢已라,"그러므로 개간하고 경작할 수 없는 땅을 가려 거기에 묻히고자 한다.”고 말한 것이니, 그의 뜻에는 겸연하여 스스로 만족할 만한 것은 아니지만 그의 말은 겸손함과 검소함에 따른 것이니, 또한 현명한 자라고 이를 수 있다.",라,False,라(대조군),Level1
예기집설대전2,1310,1873,親喪歠粥之時라,어버이 상(喪)에 죽을 먹을 때이다.,라,True,라(대조군),Level1
시경집전(상),436,1026,漕는 衛邑名이라,조(漕)는 위(衛)나라의 읍(邑) 이름이다.,라,False,라(대조군),Level1
자치통감강목7,719,971,及更始敗에 相與議曰 今天下擾亂하여 未知所歸라,"경시(更始)가 패망하자, 서로 의논하기를 “지금 천하가 소란하여 귀의할 바를 알지 못한다.",라,True,라(대조군),Level1
서경집전(상),40,304,上日은 朔日也라,상일(上日)은 초하루이다.,라,False,라(대조군),Level1
시경집전(하),415,906,舊說에 幽王太子宜臼被廢而作此詩라,구설(舊說)에 “유왕(幽王)의 태자(太子) 의구(宜臼)가 폐출(廢黜)을 당하고 이 시(詩)를 지었다.”하였다.,라,False,라(대조군),Level1
자치통감강목3,1150,2655,臣又聞用兵之急者三이니 一曰得地形요 二曰卒服習이요 三曰器用利라,"신이 또 들으니 ‘용병(用兵)의 급선무가 세 가지이니, 첫 번째는 유리한 지형을 얻는 것이요, 두 번째는 병사들이 훈련을 익히는 것이요, 세 번째는 병기와 장비가 예리한 것이다.’ 하였습니다.",라,True,라(대조군),Level1
자치통감강목1,667,1897,趙王이 歸하야 以相如爲上卿하니 位在廉頗右라,조(趙)나라 왕이 귀국하여 인상여(藺相如)를 상경(上卿)으로 삼으니 지위가 염파(廉頗)의 위였다.,라,False,라(대조군),Level1
논어집주,1644,5251,若其惡惡은 則已緩矣라,악(惡)을 미워함으로 말하면 이미 느슨하다.,라,False,라(대조군),Level1
당송팔대가문초구양수1,18,126,夫訓兵養士하야 伺隙乘便하야 用間出奇가 此將帥之職也니 所謂閫外之事而君不御者可也라,"대저 병졸을 훈련하고 군사를 양성하고서 틈을 엿보고 형편을 타서 간첩을 쓰고 기계(奇計)를 내는 것이 바로 장수(將帥)의 직분(職分)이니, 이른바 곤외(閫外)의 일로서 임금이 다스리지 않는 것이 옳습니다.",라,False,라(대조군),Level1
당송팔대가문초구양수1,472,2360,一曰不忠於陛下者 欲急和하며 二曰無識之人 欲急和하며 三曰姦邪之人 欲急和하며 四曰疲兵懦將 欲急和하며 五曰陝西之民 欲急和라,"첫째는 폐하께 불충한 자가 강화를 서두르고자 하며, 둘째는 식견 없는 사람이 강화를 서두르고자 하며, 셋째는 간사한 사람이 강화를 서두르고자 하며, 넷째는 피로한 병졸과 나약한 장수가 강화를 서두르고자 하며, 다섯째는 섬서(陝西) 지방 사람들이 강화를 서두르고자 합니다.",라,False,라(대조군),Level1
당송팔대가문초한유2,412,2153,外多失朝하야 曠不嶽狩하고 百隷怠官하야 事亡其舊어늘 帝時繼位하야 顧瞻咨嗟라 惟汝文武아 孰恤予家오 既斬吳蜀하고 旋取山東이라 魏將首義하야 六州降從이라,조근(朝覲)하지 못하는 외신(外臣) 많아 천자가 순수(巡狩)하지 못한 지 오래되었고 백관들 직무에 태만하여 일에 옛날의 법도 없네 헌종(憲宗)께서 이때 제위에 오르시어 옛날을 회고하며 탄식하셨네 너희 문무백관들아 누가 우리 왕가(王家) 구제하였나 오(吳)와 촉(蜀)의 반적 목을 베고 이내 다시 산동(山東)을 취하였네 위장(魏將)이 솔선해 의거하여 여섯 주 가지고 귀순하였네,라,True,라(대조군),Level1
당송팔대가문초소식2,465,1998,是知鑄而不知收也일새라,주조할 줄만 알고 갈무리할 줄을 몰라서이다.,라,False,라(대조군),Level1
당송팔대가문초구양수3,486,2069,及呂公復相하야 公亦再起被用이라,여공(呂公)이 다시 재상이 됨에 이르러 공도 다시 등용되었다.,라,False,라(대조군),Level1
주역전의(하),741,2205,物相會遇則成群하니 萃所以次姤也라,"물건이 서로 만나면 무리를 이루니, 췌괘(萃卦)가 이 때문에 구괘(姤卦)의 다음이 된 것이다.",라,False,라(대조군),Level1
자치통감강목14,39,94,悉獨官이 聞之하고 曰 翰不入城하니 或能爲患이라,"실독관(悉獨官)이 이 소식을 듣고 말하기를 “모용한(慕容翰)이 성으로 들어가지 않으니, 어쩌면 〈뒤에서 우리의〉 근심이 될 수도 있다.",라,False,라(대조군),Level1
시경집전(상),54,211,我姑酌彼兕觥하여 維以不永傷호리라,내 우선 저 뿔잔에 술을 부어 길이 서글퍼하지 않으리라,라,True,라(대조군),Level1
당송팔대가문초구양수6,121,862,晉遣太原少尹李承勳賀冊尙父러니 至燕而守光已僭號라,진(晉)나라가 태원소윤(太原少尹) 이승훈(李承勳)을 보내 상보(尙父)에 책봉된 것을 축하하려 하였는데 연(燕)에 이르렀을 때에 유수광이 이미 황제의 칭호를 참칭하였다.,라,False,라(대조군),Level1
자치통감강목9,93,126,殤帝卽位踰年이요 安帝承襲統業이어늘 而前世令恭陵在康陵之上하니 失其次序라,"“상제(殤帝)는 즉위하여 해를 넘겼고, 안제(安帝)가 대통(大統)을 이었는데, 전대(前代)에 공릉(恭陵)(안제의 릉)을 강릉(康陵)(상제의 릉)의 위에 있게 하였으니, 올바른 차서(次序)를 잃었다.",라,False,라(대조군),Level1
당송팔대가문초유종원1,13,62,永州於楚爲最南하고 狀與越相類라,영주(永州)는 초(楚) 지역에서 가장 남쪽에 위치하여 그 여건이 남월(南越)과 비슷합니다.,라,False,라(대조군),Level1
당송팔대가문초소순1,338,2125,伊尹太公은 非賢於湯武也어늘 而二聖人者는 特不顧以師友之하니 以明有尊也라,"이윤(伊尹)과 태공(太公)은 탕왕(湯王)과 무왕(武王)보다도 현명하지 않았음에도 두 성인은 오히려 돌아보지 아니하고 그들을 사우(師友)로 삼았으니, 존경해야 할 사람이 있음을 밝힌 것이다.",라,False,라(대조군),Level1
맹자집주,302,1137,由湯으로 至於武丁히 賢聖之君六七이 作하여 天下歸殷이 久矣니 久則難變也라,"탕왕(湯王)으로부터 무정(武丁)에 이르기까지 어질고 성스러운 군주가 6, 7명이 나와서 천하가 은(殷)나라에 돌아간 지가 오래되었으니, 오래면 변하기 어렵다.",라,False,라(대조군),Level1
중용장구,131,358,申은 重也라,신(申)은 중(重)이다.,라,False,라(대조군),Level1
당송팔대가문초구양수6,235,1579,而姑息重榮하야 不能詰이라,그러나 안중영은 우선 그대로 두고서 꾸짖지 못했다.,라,False,라(대조군),Level1
시경집전(하),1419,3083,此亦周公戒成王之詩라,이 또한 주공(周公)이 성왕(成王)을 경계한 시(詩)이다.,라,True,라(대조군),Level1
시경집전(상),635,1456,狐는 獸名이니 似犬하고 黃赤色이요 烏는 鵶니 黑色이라,"호(狐)는 짐승의 이름이니, 개와 같고 황적색(黃赤色)이며, 오(烏)는 까마귀로 흑색(黑色)이다.",라,False,라(대조군),Level1
서경집전(하),930,3477,曰一二臣衛는 一二는 見非一也니 爲王蕃衛故로 曰臣衛라,"‘한두 명의 신위(臣衛)’라고 말한 것은, 일이(一二)는 하나가 아님을 나타낸 것이니, 왕(王)의 번위(蕃衛)가 되었기 때문에 신위(臣衛)라고 한 것이다.",라,False,라(대조군),Level1
서경집전(하),820,3100,令出은 惟行이라 弗惟反이니 以公滅私하면 民其允懷하리라,"명령을 냄은 행하려 함이요 역행하려 함이 아니니, 공(公)으로 사(私)를 멸하면 백성들이 믿고 복종할 것이다.",라,True,라(대조군),Level1
춘추좌씨전6,89,289,十二年春에 齊高偃納北燕伯款于唐하니 因其衆也라,12년 봄에 제(齊)나라 고언(高偃)이 북연백(北燕伯) 관(款)을 당(唐)으로 들여보냈으니 이는 당읍(唐邑) 사람들의 요구(要求)에 따른 것이다.,라,False,라(대조군),Level1
논어집주,1136,3736,蓋心之全德이 莫非天理나 而亦不能不壞於人欲이라,마음의 온전한 덕(德)은 천리(天理) 아님이 없으나 또한 인욕(人慾)에 파괴되지 않을 수 없다.,라,True,라(대조군),Level1
당송팔대가문초소순1,195,1213,末世不然하여 遷其賞於不諫하고 遷其刑於諫하니 宜乎臣之噤口卷舌하여 而亂亡隨之也라,"말세(末世)에는 그렇지 않아 간언(諫言)하지 않는 자에게 상(賞)을 옮기어 주고 간언하는 자에게는 형벌(刑罰)을 옮기어 주니, 신하가 입을 다물고 혀를 말아 넣어 어지럽고 망함이 뒤따르는 것은 당연하다.",라,False,라(대조군),Level1
당송팔대가문초구양수6,3,31,遨乃入少室山爲道士하니 其妻數(삭)以書勸遨還家어늘 輒投之於火라,"정오는 이에 소실산(少室山)으로 들어가 도사가 되니, 그의 아내가 자주 서신을 보내 집으로 돌아오라고 정오에게 권하였는데 그때마다 서신을 불속에 던져 넣었다.",라,False,라(대조군),Level1
논어집주,1368,4418,承은 進也라,승(承)은 올림이다.,라,False,라(대조군),Level1
서경집전(상),274,1705,順流而下曰沿이라,물결을 따라 내려감을 연(沿)이라 한다.,라,False,라(대조군),Level1
시경집전(상),377,904,絺綌而遇寒風은 猶己之過時而見棄也라,치격(絺綌)이 찬 바람을 만난 것은 자기가 때가 지나 버림을 받음과 같다.,라,True,라(대조군),Level1
자치통감강목4,532,1272,"公卿이 請逮捕賜治한대 賜는 自剄死하고 王后, 太子及孝는 皆棄市하니 凡二獄所連引列侯, 二千石, 豪傑等死者 數萬人이라","공경(公卿)들이 형산왕(衡山王) 유사(劉賜)를 체포하여 치죄(治罪)할 것을 청하자, 유사는 스스로 목을 찔러 죽었고, 왕후(王后)와 태자(太子) 및 유효(劉孝)는 모두 기시형(棄市刑)을 당하니, 무릇 두 옥사(獄事)에 연루되어 죽은 열후(列侯)와 이천석(二千石), 호걸(豪傑) 등이 수만 명이었다.",라,False,라(대조군),Level1
자치통감강목20,119,194,放은 叡之子也라,위방은 위예(韋叡)의 아들이다.,라,False,라(대조군),Level1
시경집전(상),165,449,故로 嫁於諸侯에 而其家人美之曰 維鵲有巢면 則鳩來居之라,그러므로 제후(諸侯)에게 시집감에 그 가인(家人)들이 찬미하기를 “까치가 둥지를 두면 비둘기가 와서 거(居)한다.,라,True,라(대조군),Level1
주역전의(상),1928,5735,以陰柔而自處極險之地하니 是其失道也라,"음유(陰柔)로서 스스로 지극히 험한 자리에 처하였으니, 이는 도(道)를 잃은 것이다.",라,False,라(대조군),Level1
주역전의(상),1181,3568,雖使知謙之善하여 勉而爲之라도 若矜負之心不忘이면 則不能常久하니 欲其有終이나 不可得也라,"비록 겸손(謙巽)함의 좋음을 알아 힘써서 하더라도 만약 자랑하고 자부하는 마음을 잊지 못하면 항상하고 오래하지 못하니, 끝마침을 두고자 하나 될 수 없을 것이다.",라,False,라(대조군),Level1
당송팔대가문초구양수5,127,929,昭宗이 遷洛陽하야 宴崇勳殿할새 酒半에 起하야 使人召太祖入內殿하니 將有所託일새라,"소종이 낙양(洛陽)으로 천도(遷都)하고 숭훈전(崇勳殿)에서 연회를 베풀 때 술이 몇 차례 돌자 〈소종이〉 일어나 사람을 시켜 태조를 불러 내전(內殿)으로 들게 하니, 장차 부탁할 일이 있었기 때문이다.",라,False,라(대조군),Level1
당송팔대가문초증공1,424,2434,夫治固不可以不兼文武나 而施澤於堂廡之上하여 服冕搢笏하여 使士民化하고 奸宄息者는 固亦在彼而不在此也라,"대체로 백성을 다스리는 것은 본디 문무를 겸비하지 않을 수 없으나, 묘당(廟堂) 위에서 어려운 백성들에게 은택을 베풀어 관복 차림에 홀을 띠에 꽂고서 사민(士民)을 교화시키고 악한 무리들이 사라지게 하는 것은 진실로 또한 문치(文治)에 있지 무치(武治)에 있지 않다.",라,False,라(대조군),Level1
당송팔대가문초구양수4,358,1601,然欲與共大事立奇功인댄 非得難合自重之士면 不可爲也라,"그러나 큰일을 함께하고 뛰어난 공적을 세우고자 할진댄, 세상에 합치되기 어렵고 자중하는 선비를 얻지 못하면 할 수가 없다.",라,True,라(대조군),Level1
당송팔대가문초소철3,49,238,惟無重臣이라,그런데 중신(重臣)이 없었습니다.,라,False,라(대조군),Level1
시경집전(하),793,1709,賦也라,부(賦)이다.,라,False,라(대조군),Level1
당송팔대가문초구양수4,366,1645,公은 諱塾이요 字宗道요 姓薛氏니 資政殿學士兵部尙書簡肅公之弟라,"공은 휘(諱)가 숙(塾)이고 자(字)가 종도(宗道)이고 성(姓)이 설씨(薛氏)이니, 자정전학사(資政殿學士) 병부상서(兵部尙書) 간숙공(簡肅公)(설규(薛奎))의 아우이다.",라,False,라(대조군),Level1
시경집전(상),27,115,關雎는 后妃之德也요 風之始也니 所以風天下而正夫婦也라,"˂관저(關雎)˃는 후비(后妃)의 덕(德)을 읊은 것이요 풍화(風化)의 시초이니, 천하(天下)를 풍동(風動)하고 부부(夫婦)를 바로잡는 것이다.",라,True,라(대조군),Level1
서경집전(하),938,3513,文武務德不務罰之心을 推行而底其至하고 兼盡而極其誠하여 內外充實이라,"문왕(文王)·무왕(武王)이 덕을 힘쓰고 형벌을 힘쓰지 않는 마음을 미루어 행해서 지극함을 이루고, 겸하여 다해서 성신(誠信)을 지극히 하여 내외(內外)가 충실하였다.",라,True,라(대조군),Level1
논어집주,1122,3663,宗廟之事는 謂祭祀라,종묘(宗廟)의 일은 제사(祭祀)를 말한다.,라,True,라(대조군),Level1
서경집전(상),67,495,奮은 起요 熙는 廣이요 載는 事요 亮은 明이요 惠는 順이요 疇는 類也라,"분(奮)은 일으킴이요 희(熙)는 넓힘이요, 재(載)는 일이요 양(亮)은 밝힘이요 혜(惠)는 순함이요 주(疇)는 무리이다.",라,False,라(대조군),Level1
자치통감강목5,697,1614,近觀漢相하면 高祖開基에 蕭曹爲冠하고 孝宣中興에 丙魏有聲이라,"근래 한(漢)나라 정승을 살펴보면, 고조(高祖)가 기업(基業)을 창건하자 소하(蕭何)와 조참(曹參)이 으뜸이 되었고, 효선제(孝宣帝)가 중흥(中興)하자 병길(丙吉)과 위상(魏相)이 명성이 있었다.",라,False,라(대조군),Level1
예기집설대전2,1123,1617,點은 字가 晳이니 曾子父也라,"점(點)의 자(字)는 석(晳)으로, 증자(曾子)의 아버지이다.",라,False,라(대조군),Level1
당송팔대가문초유종원2,77,314,其國無有三惡八難하고 衆寶以爲飾하며 其人無有十纏九惱하고 群聖以爲友라,"그 나라에는 세 가지 죄악과 여덟 가지 고난이 없고 온갖 보석으로 몸을 치장하며, 그곳 사람들은 열 가지 구속과 아홉 가지 번뇌가 없고 뭇 성인(聖人)을 벗으로 삼는다.",라,True,라(대조군),Level1
주역전의(하),1070,3250,震驚百里는 以雷言이라,진동(震動)이 백리(百里)를 놀라게 한다는 것은 우레로써 말한 것이다.,라,False,라(대조군),Level1
당송팔대가문초소순1,161,1037,使後人不通經而傳史면 則稱讚不知所法하고 懲勸不知所沮라,후인(後人)들로 하여금 경(經)에 통하지 않고 역사(歷史)를 전하게 한다면 칭찬(稱讚)을 본받을 줄 모르고 징권(懲勸)을 그만둘 줄 모른다.,라,False,라(대조군),Level1
당송팔대가문초유종원2,208,1022,決然坌躍하여 千里相角이라,그러다가 갑자기 모두 함께 뛰면서 천 리 길을 경주합니다.,라,False,라(대조군),Level1
당송팔대가문초소식4,37,138,明辯이라,변론이 명쾌하다.,라,False,라(대조군),Level1
맹자집주,670,2366,易는 治也라,이(易)는 다스림이다.,라,False,라(대조군),Level1
시경집전(상),1642,3735,今夕何夕고 見此良人호라,오늘밤은 어떤 밤인고 이 양인(良人)을 만났노라,라,True,라(대조군),Level1
자치통감강목13,793,2614,裴嶷曰 晉室衰微하여 介居江表하니 中原之亂이 非明公이면 不能拯也라,"배억(裴嶷)이 말하기를 “진(晉)나라가 쇠약하여 장강(長江) 이남에 외로이 머물고 있으니, 중원(中原)의 혼란은 명공(明公)이 아니면 구제할 수가 없습니다.",라,False,라(대조군),Level1
당송팔대가문초소순1,406,2596,不破折不腐而不爲人所材以及於斧斤하고 出於湍沙之間이나 而不爲樵夫野人之所薪而後에 得至乎此하니 則其理似不偶然也라,"부서지거나 꺾어지지 아니하고 썩지도 아니하면서 사람들에게 재목(材木)으로 여겨져 도끼에 찍히는 데도 미치지 아니하고, 여울과 모래 사이에 드러나도 나무꾼이나 촌사람들의 땔감이 되지 아니하여, 여기까지 이를 수 있었으니 그 이치가 우연은 아닌 것 같다.",라,True,라(대조군),Level1
시경집전(하),1197,2596,徒는 步行者요 御는 乘車者라,"도(徒)는 보행하는 자요, 어(御)는 수레를 탄 자이다.",라,True,라(대조군),Level1
서경집전(상),787,3719,祖는 姓이요 伊는 名이니 祖己後也라,"조(祖)는 성(姓)이고 이(伊)는 이름이니, 조기(祖己)의 후손이다.",라,False,라(대조군),Level1
시경집전(하),1338,2867,哉는 語辭라,재(哉)는 어조사(語助辭)이다.,라,True,라(대조군),Level1
서경집전(상),161,1144,汝聽者는 言汝當審樂하여 而察政治之得失者也라,여청(汝聽)은 네가 마땅히 음악을 살펴 정치의 득실을 살피라는 말이다.,라,False,라(대조군),Level1
서경집전(상),771,3664,惟后는 非賢이면 不乂하고 惟賢은 非后면 不食하나니 其爾克紹乃辟于先王하여 永綏民하라,"임금은 현자(賢者)가 아니면 다스리지 못하고, 현자(賢者)는 임금이 아니면 먹지 못하니, 너는 네 군주(君主)를 선왕(先王)에게 이어서 백성들을 길이 편안하게 하라.”",라,False,라(대조군),Level1
주역전의(하),1632,4853,過以就之는 蓋順理也니 過而順理면 其吉必大라,"과(過)하게 하여 ˂중(中)에˃ 나아감은 이치를 순히 함이니, 과하게 하여 이치에 순하면 길(吉)함이 반드시 크다.",라,True,라(대조군),Level1
춘추좌씨전2,827,2481,十八年春에 齊侯戒師期하고 而有疾하니 醫曰 不及秋하야 將死하리라,"18년 봄에 제후(齊侯)가 출병시기(出兵時期)를 명(命)하고서 병이 생기니, 의원(醫員)이 “아마도 가을이 되기 전에 죽을 것이다.”고 하였다.",라,False,라(대조군),Level1
당송팔대가문초소식4,351,1390,公之功德은 蓋不待文而顯이요 其文亦不待序而傳이라,"공(公)의 공덕(功德)은 문장을 기다리지 않고도 세상에 드러나고, 문장 또한 나의 서문(序文)을 기다리지 않고도 후세에 전해진다.",라,False,라(대조군),Level1
중용장구,35,115,變和言庸者는 游氏曰 以性情言之면 則曰中和요 以德行言之면 則曰中庸이라하니 是也라,"화(和)를 변하여 용(庸)이라고 말한 것은, 유씨(游氏)가 말하기를 ‘성정(性情)으로써 말하면 중화(中和)라 하고, 덕행(德行)으로써 말하면 중용(中庸)이라 한다.’ 하였으니, 그 말이 옳다.",라,False,라(대조군),Level1
시경집전(하),2400,5333,賦也라,부(賦)이다.,라,False,라(대조군),Level1
서경집전(상),600,3139,伊尹이 歎息言 德政修否 見於後世하고 服乎當時하여 有不可掩者如此라,이윤(伊尹)이 탄식하고 말하기를 “덕정(德政)이 닦이고 닦이지 못함이 후세(後世)에 나타나고 당시(當時)에 감복(感服)하여 가리울 수 없음이 이와 같다.”고 한 것이다.,라,True,라(대조군),Level1
예기집설대전2,1275,1828,哀素는 言哀痛無飾也라,애소(哀素)는 애통하여 꾸밈이 없다는 말이다.,라,False,라(대조군),Level1
당송팔대가문초소순1,270,1757,岑彭이 攻公孫述에 自江州로 泝都江하여 破侯丹兵하고 徑拔武陽하고 繞出延岑軍後하여 疾以精騎로 赴廣都하니 距成都는 不數十里라,"잠팽(岑彭)은 공손술(公孫述)을 공격할 때에, 강주(江州)에서 도강(都江)을 거슬러 올라가 후단(侯丹)의 군대를 깨고, 곧장 무양(武陽)을 취하고, 연잠(延岑)의 군대 뒤를 우회하여 신속히 정예의 기병(騎兵)으로 광도(廣都)로 달려가니, 성도(成都)와는 불과 수십여 리였다.",라,True,라(대조군),Level1
당송팔대가문초유종원2,207,999,大鹵之金과 棠谿之工으로 火化水淬하면 器備以充하니 爲棘爲矛하고 爲鎩爲鉤하고 爲鏑爲鏃하고 爲槊爲鍭라,"“대로(大鹵)에서 나오는 쇠붙이와 당계(棠谿) 고장의 기술로 불에 불리고 물에 담금질하여 만들면 장비가 갖추어지니, 끝이 좌우로 갈라진 미륙 창, 긴 자루 창, 양날 창, 갈고랑이, 날아갈 때 소리 나는 화살촉과 일반 화살촉, 자루가 1장 8척인 긴 창, 쇠뇌에 쓰는 화살 등을 만듭니다.",라,False,라(대조군),Level1
시경집전(하),2323,5180,鏤는 刻金也라,누(鏤)는 금(金)을 조각한 것이다.,라,False,라(대조군),Level1
예기집설대전2,1990,2829,數其母死而歌면 則壤當絶이요 叩其夷踞之脛인댄 則壤猶故人耳라,"그 어머니가 죽었을 때 노래 부른 것을 헤아려 본다면 원양(原壤)과 절교하는 것이 마땅하고, 그의 걸터앉은 정강이를 쳤다면 원양은 그래도 친구인 것이다.",라,True,라(대조군),Level1
서경집전(하),632,2430,"閎,散,泰,南宮은 皆氏요 夭, 宜生, 顚, 括은 皆名이라","굉(閎)·산(散)·태(泰)·남궁(南宮)은 모두 씨(氏)이고, 요(夭)·의생(宜生)·전(顚)·괄(括)은 모두 이름이다.",라,False,라(대조군),Level1
맹자집주,1896,5993,言仲子設若非義而與之齊國이라도 必不肯受리니 齊人이 皆信其賢이라,"중자(仲子)는 설령 의(義)가 아닌 것으로 제(齊)나라를 주더라도 반드시 받기를 즐겨하지 않을 것이니, 제(齊)나라 사람들이 모두 그의 어짊을 믿고 있다.",라,False,라(대조군),Level1
서경집전(하),907,3389,"周禮典路云 若有大祭祀면 則出路하고 大喪,大賓客에도 亦如之라하니 是大喪出輅는 爲常禮也라","≪주례(周禮)≫의 ˂전로(典路)˃에 “만약 큰 제사가 있으면 수레를 내고, 큰 초상과 큰 빈객에도 또한 이와 같이 한다.” 하였으니, 이 대상(大喪)에 수레를 냄은 떳떳한 예(禮)이다.",라,False,라(대조군),Level1
주역전의(상),1338,4044,幹父之蠱는 意承考也라,“아버지의 일을 주관함은 뜻이 아버지의 일을 이으려고 해서이다.”,라,False,라(대조군),Level1
당송팔대가문초구양수1,150,972,老成典刑之見이라,노성(老成)하여 전범(典範)이 되는 분의 견해이다.,라,False,라(대조군),Level1
당송팔대가문초한유2,386,1981,斂兵荆黔洪桂伐之나 二年尤張이라,"〈이에 조정에서는〉 형주(荆州)‧검주(黔州)‧홍주(洪州)‧계주(桂州)의 군대를 불러모아 반군(叛軍)을 토벌하였으나, 2년이 되도록 〈평정되지 않고〉 그 세력이 더욱 커졌다.",라,False,라(대조군),Level1
주역전의(하),78,249,初與四爲正應하니 理之常也라,"초(初)는 사(四)와 정응(正應)이 되니, 이치의 떳떳함이다.",라,False,라(대조군),Level1
자치통감강목12,200,784,昔에 關羽有北向爭天下之志러니 孫權襲取其將士家屬하니 羽衆이 瓦解라,"“과거에 관우(關羽)가 북쪽을 향하여 천하를 쟁취할 뜻이 있었는데, 손권(孫權)이 그의 장사(將士)들의 가솔들을 습격해 탈취하니, 관우의 군사들이 와해되었습니다.",라,False,라(대조군),Level1
시경집전(상),1060,2480,吪는 動也라,와(吪)는 움직임이다.,라,False,라(대조군),Level1
춘추좌씨전3,633,1929,位於七人之下하야 而求掩其上하니 怨之所聚오 亂之本也라,"지위(地位)가 7인(人)의 아래면서도 그 윗사람의 공(功)을 엄폐(掩蔽)하기를 구(求)하니, 이는 원망(怨望)을 쌓는 일이고 화란(禍亂)의 뿌리이다.",라,True,라(대조군),Level1
맹자집주,627,2174,孟子嘗言 文王治岐에 耕者九一하며 仕者世祿이라하시니 二者는 王政之本也라,"맹자(孟子)께서 일찍이 말씀하시기를 “문왕(文王)이 기주(岐周)를 다스릴 적에 경작하는 자들에게는 9분의 1 세법(稅法)을 썼으며, 벼슬하는 자들에게는 대대로 녹(祿)을 주었다.” 하셨으니, 이 두 가지는 왕정(王政)의 근본이다.",라,False,라(대조군),Level1
당송팔대가문초구양수2,255,955,州人至에 蒙惠書及補注周易하니 甚善이라,"주(州)의 사람이 오는 편에 보내신 편지 및 《주역(周易)》을 보주(補注)하신 것을 받았으니, 매우 좋습니다.",라,False,라(대조군),Level1
시경집전(상),1552,3546,狩亦獵也라,수(狩) 또한 사냥이다.,라,False,라(대조군),Level1
서경집전(상),359,2037,桐柏은 地志에 在南陽郡平氏縣東南이라하니 今唐州桐柏縣也라,동백(桐柏)은 ˂지지(地志)˃에 “남양군(南陽郡) 평씨현(平氏縣) 동남쪽에 있다.” 하였으니 지금의 당주(唐州) 동백현(桐柏縣)이다.,라,False,라(대조군),Level1
예기집설대전2,1870,2664,然爲疑辭而不爲決辭者는 蓋季子乃隨時處中之道니 稱其有無而不盡拘乎禮者也라,"그러나 의문하는 말을 하시고 단정적인 말을 하지 않으신 것은, 아마도 계자가 결국 때에 따라서 중(中)에 처하는 도리를 따른 것이니, 가산의 형편에 알맞게 하고 예에 다 구애받지는 않았기 때문인 듯싶다.",라,False,라(대조군),Level1
시경집전(하),2968,6585,萬民是若은 順萬民之望也라,만민시약(萬民是若)은 만민(萬民)의 소망을 순히 하는 것이다.,라,False,라(대조군),Level1
당송팔대가문초구양수2,438,1744,不能使小人不爲極惡大罪하고 而一日之恩이 能使視死如歸而存信義하니 此又不通之論也라,"그런데도 소인으로 하여금 극악대죄(極惡大罪)를 짓지 않게 하지 못하고, 하루아침의 은혜로 죽음 보기를 집으로 돌아가는 것처럼 여기게 하여 신의(信義)를 보존하게 한다는 것은 사리에 닿지 않는 의론이다.”라고 하였다.",라,False,라(대조군),Level1
당송팔대가문초구양수1,419,2152,臣請選知水利之臣하야 就其下流하야 求其入海之路而浚之니 不然하야 下流梗澁이면 則終虞上決에 爲患無涯라,"신은 청컨대 수리(水利)를 잘 아는 신하를 선발하여 황하의 하류에 나아가 바다로 물이 흘러드는 길을 찾아서 준설하게 해야 할 것이니, 그렇게 하지 않아 하류가 막히면 마침내 상류의 제방이 터짐에 그 우환이 한량없을 것입니다.",라,False,라(대조군),Level1
당송팔대가문초구양수2,117,427,脩頓首再拜하고 白司諫足下하노라,수(脩)는 머리를 조아려 재배하고 사간(司諫) 족하께 말씀드립니다.,라,False,라(대조군),Level1
주역전의(하),27,86,九三은 咸其股라,구삼(九三)은 감동함이 그 다리이다.,라,True,라(대조군),Level1
주역전의(하),413,1234,以卦才로 言處蹇之道也니 上險而下止는 見險而能止也라,"괘재(卦才)로 건(蹇)에 처하는 방도를 말한 것이니, 위가 험하고 아래가 멈춤은 험함을 보고 멈춘 것이다.",라,False,라(대조군),Level1
자치통감강목2,790,2151,君이 急取之하라,그러니 당신께서는 속히 진여가 주는 인수를 받으십시오.”라고 하였다.,라,False,라(대조군),Level1
자치통감강목10,1438,2269,長吏還者 垢面羸衣로 獨乘柴車하고 軍吏入府에 朝服徒行하니 吏潔於上하고 俗移於下라,"장리(長吏)를 지내고 조정으로 돌아가는 자는 때가 낀 얼굴에 해진 옷으로 섶나무를 싣는 수레를 혼자서 타고 가고, 군리(軍吏)는 부(府)에 들어올 적에 조복(朝服)을 입고 도보로 걸어가니, 관리들은 위에서 깨끗하고 백성들의 풍속이 아래에서 바뀌었다.",라,False,라(대조군),Level1
시경집전(하),2839,6287,徂는 行也라,저(徂)는 감이다.,라,False,라(대조군),Level1
당송팔대가문초구양수3,41,148,而歐陽公序之에 只道其故舊凋落之意하니 隱然可見이라,그래서 구양공(歐陽公)이 서문을 지을 때에 단지 고구(故舊)들이 조락(凋落)했다는 뜻만 말하였으니 문장이 뛰어나지 않음을 은연중에 볼 수 있다.,라,False,라(대조군),Level1
당송팔대가문초소순1,99,625,而余公은 適亦有成功於南方하고 執事與蔡公은 復相繼登於朝하며 富公은 復自外入爲宰相하시니 其勢將復合爲一이라,"그리고 여정 공께서는 마침 남방(南方)에서 공(功)을 이루셨고, 집사와 채양 공은 다시 연이어 조정으로 올라오시고, 부필 공은 다시 밖으로부터 들어와 재상(宰相)이 되셨으니, 그 형세(形勢)는 다시 합쳐져 하나로 되는 것입니다.",라,False,라(대조군),Level1
자치통감강목15,1577,2238,魏東平公儀 攻鄴이어늘 燕范陽王德이 使南安王青等으로 夜撃破之하니 魏軍이 退屯新城이라,"위(魏)나라 동평공(東平公) 탁발의(拓跋儀)가 업성(鄴城)을 공격하자, 연(燕)나라 범양왕(范陽王) 모용덕(慕容德)이 남안왕(南安王) 모용청(慕容青) 등으로 하여금 밤중에 탁발의를 격파하게 하니, 위나라 군대가 후퇴하여 신성(新城)에 주둔하였다.",라,False,라(대조군),Level1
자치통감강목13,522,1733,秦王業은 吳孝王晏之子요 藩甥也라,"진왕(秦王) 사마업(司馬業)은 오효왕(吳孝王) 사마안(司馬晏)의 아들이고, 순번의 생질이다.",라,False,라(대조군),Level1
시경집전(상),2363,5473,許許는 衆人共力之聲이라,허허(許許)는 여러 사람이 함께 힘을 쓰는 소리이다.,라,False,라(대조군),Level1
시경집전(상),1490,3415,要는 裳要요 襋은 衣領이라,"요(要)는 치마의 허리요, 극(襋)은 옷의 옷깃이다.",라,False,라(대조군),Level1
주역전의(상),1204,3636,故不勝其切하여 至於鳴也라,그러므로 간절함을 이기지 못하여 우는 데에 이른 것이다.,라,True,라(대조군),Level1
중용장구,118,327,洋洋은 流動充滿之意라,양양(洋洋)은 유동(流動)하고 충만(充滿)하다는 뜻이다.,라,False,라(대조군),Level1
춘추좌씨전5,51,293,書先晉은 晉有信也라,경(經)에 진(晉)나라를 먼저 기록한 것은 진(晉)나라가 신의(信義)가 있었기 때문이다.,라,False,라(대조군),Level1
시경집전(상),41,171,薄은 猶少也라,박(薄)은 소(少)와 같다.,라,False,라(대조군),Level1
당송팔대가문초유종원1,275,1686,猶梓人畫宮於堵 而績于成也라,이는 마치 재인(梓人)이 담에 설계도를 그리고 그에 따라 건축을 완성하는 것과 같다.,라,False,라(대조군),Level1
춘추좌씨전6,390,1721,以告平子曰 有君子白皙鬒鬚眉하며 甚口라한대 平子曰 必子彊也라,"염수(冉豎)가 평자(平子)에게 고(告)하기를 “군자(君子)를 만났는데, 피부(皮膚)가 희고 두발(頭髮)과 수염과 눈썹이 아름다우며 구변(口辯)이 매우 좋았습니다.”고 하니, 평자(平子)가 말하기를 “반드시 자강(子彊)이었을 것이다.",라,False,라(대조군),Level1
서경집전(상),261,1651,陽鳥는 隨陽之鳥니 謂雁也라,"양조(陽鳥)는 양지(陽地)를 따르는 새이니, 기러기를 이른다.",라,False,라(대조군),Level1
당송팔대가문초소순1,359,2275,苟一之以進士制策이면 是使奇才絶智有時而窮也요 使吏胥之人으로 得出爲長吏면 是使一介之才로 無所逃也라,"만약 그들을 진사(進士)․제책(制策)과 같은 방법으로 일률적으로 선발한다면 이것은 걸출한 재능(才能)과 절세의 지모(智謀)를 가진 사람들이 때때로 나아갈 길이 없게 하는 것이요, 서리(胥吏)들이 장리(長吏)로 나아갈 수 있게 한다면 이것은 하나의 작은 재능을 가진 인재마저도 피하여 숨지 않게 하는 것이다.",라,False,라(대조군),Level1
당송팔대가문초구양수5,294,1991,明宗知而不問하고 爲下詔하야 坐圜與守殷通書而言涉怨望이라,명종(明宗)은 이를 알고도 따지지 않고 조서를 내려 임환이 주수은과 서신(書信)을 주고받으며 원망하는 말을 하였다는 이유로 죄를 주었다.,라,False,라(대조군),Level1
당송팔대가문초증공1,494,2753,雖歸之輔敎警世라도 然考之中庸或過矣라,이는 비록 교화를 돕고 세상을 경계하는 것에 속하는 것이긴 해도 ≪중용(中庸)≫의 가르침으로 살펴보면 혹 지나치다.,라,False,라(대조군),Level1
주역전의(하),1774,5267,君子德輝之盛而功實稱之는 有孚也라,군자(君子)가 덕휘(德輝)가 성하고 공(功)이 실제로 이에 걸맞음은 진실함이 있는 것이다.,라,False,라(대조군),Level1
시경집전(상),1854,4209,袍는 襺也라,포(袍)는 햇솜을 둔 것이다.,라,False,라(대조군),Level1
자치통감강목20,235,406,反經合道는 先儒가 釋經之言而道之蠧也라,“‘반경합도(反經合道)(상도(常道)에는 위배되나 도(道)에는 부합함)’는 선유(先儒)가 ‘경(經)’을 해석한 말로 도(道)에 해가 되는 것이다.,라,False,라(대조군),Level1
당송팔대가문초구양수3,291,1080,壯哉라,장엄하도다.,라,True,라(대조군),Level1
주역전의(하),712,2120,陰柔之質은 鮮克貞固하니 二之於初에 難得其誠心矣니 所遇不得其誠心이면 遇道之乖也라,"음유(陰柔)의 질(質)은 정고(貞固)함이 드무니, 이(二)가 초(初)에 있어 그 성심(誠心)을 얻기 어려우니, 만나는 바에 그 성심을 얻지 못한다면 만나는 도(道)가 어그러진 것이다.",라,False,라(대조군),Level1
맹자집주,99,365,隱은 痛也라,은(隱)은 아프게 여김이다.,라,False,라(대조군),Level1
주역전의(하),102,309,婦人은 以從爲正하고 以順爲德하니 當終守於從一이어니와 夫子則以義制者也어늘 從婦人之道면 則爲凶也라,"부인(婦人)은 따름을 정(正)으로 삼고 순함을 덕(德)으로 삼으니, 마땅히 끝내 하나만 따름을 지켜야 하나 부자(夫子)는 의(義)로써 제재하는 자인데, 부인(婦人)의 도(道)를 따르면 흉(凶)함이 되는 것이다.",라,False,라(대조군),Level1
당송팔대가문초유종원2,206,988,混潰后土하여 濆濁糜沸하니 黿鼉詭怪 于于汨汨에 騰倒䭿越하고 委泊涯涘하여 呀呷欱納하여 摧雜失墜라,"강물은 황토를 무너뜨려 진흙탕을 뿜어내고 죽처럼 들끓으니, 큰 자라와 악어 같은 기괴한 동물들이 콸콸 흐르는 강물에 떠올라 뒤집어지고 넘어지다가 물가에 내던져져 가쁜 숨을 몰아쉬면서 이리저리 뒤섞여 맥이 빠져 있습니다.",라,True,라(대조군),Level1
자치통감강목10,1191,1879,是將軍一擧에 斷袁氏之臂하고 解一方之急이라,이는 장군이 한 번 움직임에 원씨의 팔을 자르고 하동 한 지역의 위급함을 구해주는 것입니다.,라,False,라(대조군),Level1
시경집전(하),2802,6190,大軍之後에 必有凶年이로되 而武王克商은 則除害以安天下라,"대군(大軍)의 뒤에는 반드시 흉년(凶年)이 드는데, 무왕(武王)이 상(商)나라를 이김은 해독을 제거하여 천하(天下)를 편안히 하신 것이다.",라,False,라(대조군),Level1
춘추좌씨전6,273,1211,窕則不咸하고 槬則不容하야 心是以感하니 感實生疾이라,"소리가 너무 가늘면 사람들의 마음에 만족하지 않고, 소리가 너무 굵으면 사람들이 용납(容納)할 수 없어서 마음이 이로 인해 불안해지니 불안이 실로 병(病)을 만드는 것이다.",라,True,라(대조군),Level1
당송팔대가문초구양수1,89,642,以此見臣民盡忠은 蒙陛下之德厚하고 愛陛下之意深이라 故爲陛下之慮遠也라,이로써 신민이 충성을 다함은 폐하께 입은 덕택이 두텁고 폐하를 사랑하는 뜻이 깊으므로 폐하를 위하는 염려가 심원(深遠)한 것임을 알 수 있습니다.,라,False,라(대조군),Level1
자치통감강목12,158,562,帝王之尊은 與天同位라,“제왕(帝王)의 존귀함은 하늘과 같습니다.,라,True,라(대조군),Level1
당송팔대가문초구양수1,144,950,司封員外郞呂公著는 是夷簡之子니 器識深遠하고 沈靜寡言하며 富貴不染其心하고 利害不移其守라,"사봉원외랑(司封員外郞) 여공저(呂公著)는 여이간(呂夷簡)의 아들로 기국(器局)과 식견이 심원하고 침착하여 말이 적으며, 부귀가 그 마음을 더럽히지 못하고 이해(利害)가 그 지조를 흔들지 못합니다.",라,True,라(대조군),Level1
당송팔대가문초구양수5,297,2007,又問憲庫錢幾何오한대 憲上庫簿有錢三萬緡이라,"또 장헌에게 창고(倉庫)의 금전(金錢)이 얼마나 되는지 물었는데, 장헌이 창고의 장부에 3만(萬) 민(緡)이 있다고 아뢰었다.",라,False,라(대조군),Level1
논어집주,1942,6037,少連은 東夷人이라,소련(少連)은 동이(東夷) 사람이다.,라,False,라(대조군),Level1
논어집주,1394,4496,可以爲難矣어니와 仁則吾不知也로라,"“어렵다고 할 수는 있으나, 인(仁)인지는 내 알지 못하겠다.”",라,False,라(대조군),Level1
자치통감강목11,464,1607,議者多與朗同이라,의논하는 자들이 대부분 사도 왕낭의 의견과 같았다.,라,False,라(대조군),Level1
시경집전(하),444,973,相은 視요 投는 奔이요 行은 道요 墐은 埋요 秉은 執이요 隕은 墜也라,"상(相)은 봄이요, 투(投)는 달아남이요, 행(行)은 길이요, 근(墐)은 묻음이요, 병(秉)은 잡음이요, 운(隕)은 떨어짐이다.",라,False,라(대조군),Level1
맹자집주,1646,5442,魯地之大는 皆幷呑小國而得之니 有王者作이면 則必在所損矣리라,"노(魯)나라 땅이 커진 것은 모두 작은 나라들을 병탄(幷呑)하여 얻은 것이니, 왕자(王者)가 나온다면 반드시 덜어내야 할 쪽에 있을 것이다.",라,False,라(대조군),Level1
당송팔대가문초증공1,365,2019,宜黃之學者 固多良士러니 而李君之爲令에 威行愛立하여 訟淸事擧하고 其政又良也라,"의황현(宜黃縣)의 학생들 중에는 사실 우수한 인재가 많았는데, 이군(李君)이 현령(縣令)으로 부임하여 위엄이 서고 사랑이 베풀어져 송사가 투명하게 이루어지고 일처리는 잘되어 현령(縣令)으로서의 정사(政事)가 또한 훌륭하였다.",라,True,라(대조군),Level1
당송팔대가문초소식3,72,259,故로 曰 天子之兵은 莫大於御將이라하노라,그러므로  나는 “천자(天子)의 군대는 장수를 통제하는 것보다 더 큰 것이 없다.”라고 말하는 것이다.,라,False,라(대조군),Level1
시경집전(하),849,1867,蓋后稷爲田에 一畝三畎하되 廣尺深尺하여 而播種於其中하여 苗葉以上이어든 稍耨壟草하고 因壝其土하여 以附苗根하니 壟盡畎平이면 則根深而能風與旱也라,"후직(后稷)이 밭을 만들적에 한 이랑에 세 두둑을 만들되 넓이가 한 자, 깊이가 한 자로 하여, 그 가운데 파종해서 묘(苗)가 싹이 나서 이미 올라오거든 차츰 두둑의 풀을 김매고 인하여 그 흙을 북돋아 묘(苗)의 뿌리에 붙이니, 두둑이 다하여 고랑이 평평해지면 뿌리가 깊어져서 바람과 가뭄을 견뎌내게 된다.",라,False,라(대조군),Level1
당송팔대가문초증공1,388,2189,山之上爲廟하니 一以祠神之主此湖者요 一以祠吏之有功於此湖者라,"두 산 위에 사당을 세웠는데, 하나는 광덕호(廣德湖)를 주관하는 신에게 제를 올리는 곳이고, 다른 하나는 광덕호(廣德湖)에 공을 세운 관리들에게 제를 올리는 곳이다.",라,False,라(대조군),Level1
주역전의(하),386,1129,六三이 上九正應 而三居二陽之間하여 後爲二所曳하고 前爲四所掣하고 而當睽之時하여 上九猜狠方深이라 故又有髡劓之傷이라,"육삼(六三)은 상구(上九)와 정응(正應)인데 삼(三)이 두 양(陽)의 사이에 거하여 뒤로는 이(二)에게 끌림을 당하고 앞으로는 사(四)에게 저지를 당하며, 규(睽)의 때를 당하여 상구(上九)가 시기(猜忌)하고 원망함이 깊기 때문에 머리가 깎이고 코가 베이는 상(傷)함이 있는 것이다.",라,True,라(대조군),Level1
맹자집주,248,940,兩引書는 皆商書仲虺之誥文也니 與今書文으로 亦小異라,"두 번 인용한 ≪서경(書經)≫은 모두 ˂상서(商書) 중훼지고(仲虺之誥)˃에 있는 글이니, 지금 ≪서경(書經)≫의 글과는 또한 약간 다르다.",라,False,라(대조군),Level1
자치통감강목17,215,746,監軍侍御史安頡曰 受詔滅賊이어늘 今更(갱)爲賊所困하니 若不爲賊殺이면 當坐法誅라,"감군시어사(監軍侍御史) 안힐(安頡)이 말하기를 “조서를 받들어 적을 섬멸해야 하는데 지금 도리어 적에게 곤궁함을 당하고 있으니, 만일 적에게 죽지 않더라도 마땅히 법에 의해 죽임을 당할 것입니다.",라,False,라(대조군),Level1
자치통감강목17,196,661,六月朔에 日食이라,6월 초하루에 일식이 있었다.,라,True,라(대조군),Level1
시경집전(하),2607,5791,銍은 穫禾短鎌也라,질(銍)은 벼를 수확하는 짧은 낫이다.,라,False,라(대조군),Level1
주역전의(상),661,2122,訟者는 求辯其是非也니 辯之當이 乃中正也라,"송(訟)은 그 옳고 그름을 분별해 주기를 구하는 것이니, 분별함이 마땅한 것이 바로 중정(中正)이다.",라,False,라(대조군),Level1
자치통감강목14,728,2270,"初에 趙將麻秋 爲苻洪所獲하여 以爲軍師將軍이러니 説(세)洪曰 冉閔, 石祗方相持하니 中原을 未可平也라","처음에 조(趙)나라 장수 마추(麻秋)가 부홍(苻洪)에게 사로잡혀 군사장군(軍師將軍)이 되었는데, 부홍을 설득하기를 “염민(冉閔)과 석지(石祗)가 막 서로 대치하고 있으니, 〈일거에〉 중원을 평정할 수 없을 것입니다.",라,False,라(대조군),Level1
자치통감강목20,1860,2850,初에 東魏遣牒雲洛等하여 迎鄱陽世子嗣하여 使鎭皖城이어늘 未行에 侯景遣任約하여 將兵寇江州한대 洛等引去하니 嗣失援敗死라,"애초에 동위(東魏)에서 첩운락(牒雲洛) 등을 보내어 파양왕(鄱陽王)의 세자(世子) 소사(蕭嗣)를 맞이하여 환성(皖城)에 진수(鎭守)하게 하였는데, 〈소사가〉 출발하기 전에 후경(侯景)이 임약(任約)을 보내어 병사를 이끌고 강주(江州)를 공격하자, 첩운락 등이 몸을 빼어 떠나니, 소사는 마침내 원조해줄 세력을 잃게 되어 패배하여 죽었다.",라,False,라(대조군),Level1
맹자집주,1195,4067,語云 盛德之士는 君不得而臣하며 父不得而子라,"“옛말에 이르기를 ‘덕(德)이 성대한 선비는 군자가 그를 신하로 삼을 수 없으며, 아비가 자식으로 삼을 수 없다.",라,False,라(대조군),Level1
주역전의(상),1302,3937,居近君之位而有獲이면 其義固凶이로되 能有孚而在道則无咎하니 蓋明哲之功也라,"군주(君主)와 가까운 자리에 거하여 얻음이 있으면 의리상(義理上) 진실로 흉할 것이나 정성이 있고 도(道)에 있으면 허물이 없으니, 이는 명철(明哲)한 공(功)이다.",라,False,라(대조군),Level1
논어집주,795,2821,末은 無也라,말(末)은 없음이다.,라,False,라(대조군),Level1
자치통감강목3,444,1088,上曰 煩公하노니 幸卒調護太子하라,"상(上)이 말하기를 “공들에게 번거롭게 당부하노니, 부디 끝까지 태자를 잘 가르치고 보좌하라.” 하였다.",라,False,라(대조군),Level1
시경집전(하),831,1814,言 其田整飭而穀茂盛者는 皆曾孫之穡也라,그 토지(土地)가 정칙(整飭)하고 곡식이 무성한 것은 모두 증손(曾孫)의 농사이다.,라,False,라(대조군),Level1
주역전의(상),757,2370,師之興은 必以蠻夷猾夏하고 寇賊姦宄하여 爲生民之害하여 不可懷來然後에 奉辭以誅之니 若禽獸入于田中하여 侵害稼穡하여 於義宜獵取則獵取之니 如此而動이라야 乃得无咎라,"군대를 일으킴은 반드시 오랑캐가 중국(中國)을 어지럽히고 도적들이 간사한 짓을 하여 생민(生民)들의 폐해가 되어서 회유하여 오게 할 수 없은 뒤에야 말을 받들어 토벌하여야 하니, 마치 금수(禽獸)가 밭 가운데 들어와 농사를 침해하여 의리에 마땅히 사냥하여 잡아야 하면 사냥하여 잡는 것과 같으니, 이렇게 동하여야 비로소 허물이 없을 수 있다.",라,True,라(대조군),Level1
예기집설대전2,1363,1948,主人不親舍奠而使有司代之者는 欲速反而修虞事故也라,상주가 직접 음식을 차리지 않고 유사(有司)에게 대신 시키는 이유는 신속히 돌아와 우제의 일을 준비하고자 해서이다.,라,False,라(대조군),Level1
서경집전(상),235,1544,林氏曰 旣總謂之海物이면 則固非一物矣라,임씨(林氏)는 말하기를 “이미 총괄하여 해물이라고 일렀으면 진실로 한 물건이 아닌 것이다.,라,False,라(대조군),Level1
서경집전(상),339,1951,"終南, 惇物, 鳥鼠는 亦皆山名이라",종남(終南)과 돈물(惇物)과 조서(鳥鼠)는 또한 모두 산 이름이다.,라,False,라(대조군),Level1
자치통감강목4,383,927,是以로 民服事其上而下無覬覦러니 周室旣微에 禮樂征伐이 自諸侯出하니 桓文之後에 大夫世權하고 陪臣執命이라,"이 때문에 백성은 윗사람을 섬기고 아랫사람은 분수에 넘치는 것을 바라는 일이 없었는데, 주(周)나라 왕실이 미약해진 뒤에는 예악(禮樂)과 정벌(征伐)이 제후로부터 나오니, 제(齊) 환공(桓公)과 진(晉) 문공(文公) 이후에 대부(大夫)가 대대로 권세를 잡고 배신(陪臣)이 정권을 장악하였다.",라,False,라(대조군),Level1
당송팔대가문초왕안석2,611,3145,以馳我哀하니 不在醪羞라,"이로써 나의 슬픔을 표현할 뿐, 술과 음식은 올리지 못하였노라.",라,True,라(대조군),Level1
당송팔대가문초소식5,26,83,古之君子는 其處己也厚하고 其取名也廉이라,옛날 군자(君子)들은 자기 몸을 단속하는 것에는 철저하고 명예를 취하는 것에는 간략하였다.,라,False,라(대조군),Level1
시경집전(하),1811,4079,胥는 相也라,서(胥)는 봄이다.,라,False,라(대조군),Level1
자치통감강목15,976,1386,且燕室之罪人也니 不足復顧라,"또 연(燕)나라 황실의 죄인이니, 나를 다시 돌아볼 것이 없다.",라,True,라(대조군),Level1
시경집전(하),937,2055,翰은 幹也이니 所以當墻兩邊障土者也라,"한(翰)은 기둥이니, 담의 두 가를 담당하여 흙을 막는 것이다.",라,False,라(대조군),Level1
당송팔대가문초유종원1,40,305,儻因賊平慶賞之際하여 得以見白하여 使受天澤餘潤이면 雖朽枿敗腐 不能生植이라도 猶足蒸出芝菌하여 以爲瑞物하리라,혹시 역적을 평정하고 상을 내리는 때에 맞추어 어느 누가 황제께 고하여 저에게 하늘 같은 은택을 조금이라도 받게 해준다면 썩은 나무가 이미 깨지고 부패하여 왕성하게 번성하지는 못하더라도 오히려 영지버섯을 솟아나오게 하기에 족하여 상서로운 물건이 될 것입니다.,라,True,라(대조군),Level1
자치통감강목9,1196,1743,察其風聲하니 將爲國患이라,그의 성색(聲色)과 행동거지를 살펴보건대 장차 국가의 환란이 될 것입니다.,라,True,라(대조군),Level1
자치통감강목13,490,1629,帝謂使者曰 為我하여 語諸征鎭하라,황제가 사자에게 이르기를 “나를 위하여 사정(四征)과 사진(四鎭)의 장수들에게 말하라.,라,False,라(대조군),Level1
당송팔대가문초한유1,311,1506,若有鬼神이면 將不福人이리라,만약 귀신이 있다면 아마도 복을 주지 않을 것입니다.,라,True,라(대조군),Level1
예기집설대전2,642,917,深衣는 卽間傳所言麻衣也라,심의(深衣)는 바로 〈간전(間傳)〉에서 말한 마의(麻衣)이다.,라,False,라(대조군),Level1
맹자집주,1737,5621,在我者는 謂仁義禮智凡性之所有者라,자신에게 있다는 것은 인(仁)·의(義)·예(禮)·지(智) 등 모든 성(性)에 있는 것을 이른다.,라,False,라(대조군),Level1
주역전의(하),340,991,陽은 主義하고 陰은 主利하니 以陰居陰而在上位하여 能富其家者也라,"양(陽)은 의(義)를 주장하고 음(陰)은 이(利)를 주장하니, 음(陰)으로서 음위(陰位)에 거하고 상위(上位)에 있어 그 집안을 부유하게 하는 자이다.",라,False,라(대조군),Level1
서경집전(상),280,1722,九江은 卽今之洞庭也라,구강(九江)은 곧 지금의 동정호(洞庭湖)이다.,라,False,라(대조군),Level1
자치통감강목7,552,731,王郞雖破나 天下兵革이 乃始耳라,"“왕랑이 비록 격파되었으나, 천하의 전쟁은 이제 시작되었습니다.",라,True,라(대조군),Level1
서경집전(하),95,364,曰者는 擧武王告神之語라,왈(曰)은 무왕(武王)이 신(神)에게 고유(告由)한 말씀을 든 것이다.,라,False,라(대조군),Level1
시경집전(상),351,852,賦也라,부(賦)이다.,라,False,라(대조군),Level1
당송팔대가문초구양수4,543,2405,其大節은 乃篤於仁義하야 窮達禍福에 不媿古人하니 其事不可徧擧라,그 대절(大節)은 바로 인의(仁義)에 독실(篤實)하여 궁달(窮達)과 화복(禍福)에 있어 옛사람에게 부끄럽지 않았으니 그 사례들은 일일이 들 수가 없었다.,라,True,라(대조군),Level1
당송팔대가문초구양수5,38,263,七月에 至于太原하야 訟其事于京師하야 請加兵於汴하고 遣弟克修하야 將兵萬人하야 屯于河中以待라,"7월에 태원(太原)에 이르러 경사(京師)에 이 일에 대해 소송(訴訟)하고서 변주에 병사를 더 보내줄 것을 요청하고, 아우인 이극수(李克修)를 보내 병사 1만을 거느리고서 하중(河中)에서 주둔하고 대기하게 하였다.",라,False,라(대조군),Level1
자치통감강목2,124,305,吾已全己니 無違人臣之義矣라,"내 이미 개인의 의리를 온전히 하였으니, 신하로서의 의리를 어기지 않으리라.",라,True,라(대조군),Level1
논어집주,564,2072,脩는 脯也니 十脡爲速이라,수(脩)는 포(脯)이니 10개를 속(束)이라 한다.,라,False,라(대조군),Level1
당송팔대가문초소식5,308,1197,哀公之元年에 吳王夫差 敗越於夫椒러니 句踐이 使大夫種으로 因太宰嚭하야 以行成於吳한대 吳王許之라,"애공(哀公) 원년(B.C. 494)에 오왕(吳王) 부차(夫差)가 월(越)나라를 부초(夫椒)에서 패퇴시키자, 월왕(越王) 구천(句踐)이 대부(大夫) 문종(文種)으로 하여금 오(吳)나라 태재(太宰) 백비(伯嚭)를 통하여 오(吳)나라에게 화친을 청하니, 오왕(吳王)이 이를 허락하였다.",라,False,라(대조군),Level1
주역전의(상),1048,3213,此三字는 羨文이라,이 세 글자는 연문(羨文)이다.,라,False,라(대조군),Level1
논어집주,1861,5778,氣失其平則爲疾이라,기운(氣運)이 화평(和平)함을 잃으면 병〔疾〕이 된다.,라,False,라(대조군),Level1
당송팔대가문초소식3,313,1226,本屬時論이로되 却能按經傳事情하야 化腐爲新하니 擧子輩得此法이면 可以橫四海矣리라,"본래 시론(時論)에 속하나 경전과 사정을 잘 살펴서 진부한 것을 변화시켜 새로운 것으로 만들었으니, 거자(擧子)(과생(科生))들이 이런 방법을 배운다면 사해(四海)를 횡행할 수 있을 것이다.",라,False,라(대조군),Level1
시경집전(상),2390,5545,享은 獻也라,향(享)은 올림이다.,라,False,라(대조군),Level1
주역전의(하),331,965,故爲婦人之貞吉也라,그러므로 부인(婦人)의 정길(貞吉)이 되는 것이다.,라,True,라(대조군),Level1
자치통감강목17,591,1980,曄猶疑未決이러니 熙先曰 又有過於此者호되 愚則未敢道耳로라,"범엽이 여전히 의심하며 결정을 하지 못하자, 공희선이 말하기를 “또 이것보다 심한 것이 있으나, 저는 감히 말하지 못할 뿐입니다.”라고 하였다.",라,False,라(대조군),Level1
당송팔대가문초한유1,234,1139,將息之道는 當先理其心이라,건강을 지키는 방법은 먼저 마음부터 다스려야 합니다.,라,False,라(대조군),Level1
예기집설대전2,1708,2439,商陽自言位卑禮薄하니 如此亦可以稱塞矣라,"상양(商陽)이 스스로 “지위가 낮고 예(禮)가 박(薄)하니, 이 정도로도 책임을 다했다고 할 수 있다.”고 말한 것이다.",라,False,라(대조군),Level1
당송팔대가문초구양수2,352,1344,議論正大하고 知見得大頭腦處라,의론이 정대(正大)하고 대체(大體)의 핵심을 알았다.,라,False,라(대조군),Level1
당송팔대가문초왕안석1,346,1611,蓋儒者所爭이 尤在於名實하니 名實已明이면 而天下之理得矣라,"대체로 유자(儒者)들이 다투는 바는, 가장 중요한 것이 명분(名分)과 실제(實際)에 관한 것이니, 명분과 실제가 이미 분명해졌다면 천하(天下)의 공리(公理)를 얻게 된 것입니다.",라,False,라(대조군),Level1
서경집전(하),186,705,西旅는 西方蠻夷國名이라,서려(西旅)는 서방(西方)의 만이(蠻夷)의 나라 이름이다.,라,False,라(대조군),Level1
자치통감강목6,380,811,問中山王호되 獨從傅在何法令고하니 不能對하고 令誦尙書하니 又廢라,"중산왕에게 “사부(師傅)만을 수행하게 한 것이 어느 법령(法令)에 있는가?” 하고 물으니 대답하지 못하였고, ≪상서(尙書)≫를 외우게 하니 또 중간에 잊고 외우지 못하였다.",라,False,라(대조군),Level1
주역전의(하),363,1058,故二必遇主于巷하고 五噬膚則无咎也라,그러므로 이효(二爻)는 반드시 군주(君主)를 골목에서 만나고 오효(五爻)는 살을 깨물듯이 하면 허물이 없는 것이다.,라,False,라(대조군),Level1
서경집전(하),372,1501,然必立法者는 欲人畏而不敢犯也라,그러나 반드시 법(法)을 세우는 것은 사람들이 두려워하여 감히 범하지 않게 하고자 해서이다.,라,False,라(대조군),Level1
당송팔대가문초한유1,134,648,凡五藏之繫絡甚微하야 坐立必懸垂於胸臆之間이어늘 而以之顚頓馳騁하니 嗚呼其危哉라,"대체로 오장(五臟)은 매우 약하게 붙어 있어, 앉거나 서면 반드시 가슴 사이에 매달려 있는데, 그런 오장을 뒤흔들며 달리니, 아! 위험하다 하겠습니다.",라,True,라(대조군),Level1
자치통감강목19,1237,1701,梁天監十四年이요 魏延昌四年이라,"양(梁)나라 고조(高祖) 무제(武帝) 소연(蕭衍) 천감(天監) 14년이고, 북위(北魏) 세종(世宗) 선무제(宣武帝) 원각(元恪) 연창(延昌) 4년이다.",라,False,라(대조군),Level1
자치통감강목18,229,884,尉元이 邀其前하고 薛安都 乗其後하여 大破永等於呂梁之東하니 死者以萬數라,울원(尉元)은 그 선두를 요격하고 설안도(薛安都)는 그 후미를 쳐서 여량(呂梁) 동쪽에서 장영 등을 크게 격파하니 죽은 자가 1만 명으로 추산되었다.,라,False,라(대조군),Level1
주역전의(상),1184,3587,夫君子履謙은 乃其常行이요 非爲保其位而爲之也어늘 而言存其位者는 蓋能致恭이 所以能存其位니 言謙之道如此라,"군자(君子)가 겸(謙)을 행함은 바로 떳떳한 행실이요 지위를 보존하기 위하여 하는 것이 아닌데, ‘그 지위를 보존한다’고 말한 것은 능히 공손함을 지극히 함이 지위를 보존하는 것이기 때문이니, 겸(謙)의 도(道)가 이와 같음을 말한 것이다.",라,False,라(대조군),Level1
서경집전(하),127,521,以至一事一物之接과 一言一動之發에 無不極其義理之當然하여 而無一毫過不及之差면 則極建矣라,일사일물(一事一物)을 접(接)함과 일언일동(一言一動)을 발(發)함에 이르기까지 의리의 당연함을 지극히 하지 않음이 없어서 일호(一毫)라도 과(過)하거나 불급(不及)한 차이가 없게 하면 극(極)이 세워지는 것이다.,라,False,라(대조군),Level1
자치통감강목20,1356,2154,弼曰 天下大務가 莫過賞罰이라,두필이 말하기를 “천하의 큰일은 상을 주고 벌을 내리는 것보다 더한 것이 없습니다.,라,False,라(대조군),Level1
당송팔대가문초소식4,372,1454,非公着意文이로되 却亦澹宕而有深思云이라,공(公)이 뜻을 두어 지은 글이 아닌데도 담박하고 호탕하면서 깊은 생각이 있다.,라,False,라(대조군),Level1
서경집전(하),326,1290,汝乃其速由玆義하여 率殺하라,너는 빨리 이 의(義)를 따라 모두 죽이도록 하라.,라,False,라(대조군),Level1
당송팔대가문초구양수4,364,1638,余聞古之有德於民者歿하면 則鄕人祭於其社라,내가 듣기로 옛날에 백성에게 덕이 있는 자가 죽으면 향인(鄕人)들이 그 고을의 사(社)에 제사 지낸다고 하였다.,라,False,라(대조군),Level1
당송팔대가문초소식1,356,1642,今所行이 皆非周禮라,지금에 시행하는 것은 모두 주(周)나라 예(禮)가 아닙니다.,라,False,라(대조군),Level1
당송팔대가문초구양수6,307,2262,煜本末不足觀이로되 而歐公序次其驕侈削弱處는 可涕라,이욱(李煜)의 일생(一生)의 본말(本末)은 족히 볼 만한 것이 없지만 구양공(歐陽公)이 그가 교만하고 사치하여 쇠망(衰亡)하게 된 것을 서술한 부분은 눈물 흘릴 만하다.,라,True,라(대조군),Level1
자치통감강목11,329,1171,若有不利면 損我大勢니 非小故也라,"만약 승리하지 못하면 우리의 큰 형세를 손상하게 될 것이니, 작은 일이 아니다.",라,False,라(대조군),Level1
자치통감강목7,1857,2571,有兩道可入호되 從壺頭면 則路近而水險하고 從充이면 則塗夷而運遠이라,"무릉(武陵)으로 들어갈 수 있는 두 길이 있었는데, 호두산(壺頭山)을 따르면 길이 가까우나 물이 험하고, 충(充)을 따라 들어가면 길이 평탄하나 운송로가 멀었다.",라,False,라(대조군),Level1
자치통감강목11,699,2362,魏靑龍四年이요 吳嘉禾五年이라,"위(魏)나라 명제(明帝) 조예(曹叡) 청룡(靑龍) 4년이고, 오(吳)나라 대제(大帝) 손권(孫權) 가화(嘉禾) 5년이다.",라,False,라(대조군),Level1
당송팔대가문초증공1,285,1524,治平三年夏에 得洪君於京師하여 始合同舍之士하여 聽其琴於相國寺之維摩院이라 洪君之於琴에 非特能其音이라 又能其意者也니 予將就學焉이라,"그러다가 치평(治平) 3년 여름, 도성에서 홍군(洪君)을 만나 처음으로 같은 관사(館舍)에 머물고 있던 선비들과 함께 상국사(相國寺) 유마원(維摩院)에서 거문고 연주를 듣게 되었는데, 연주를 들어보니 홍군(洪君)은 가락을 잘 탈 뿐만 아니라 그 뜻에도 조예가 깊은 사람이니, 내 장차 그에게 가 거문고를 배우려 한다.",라,True,라(대조군),Level1
춘추좌씨전3,51,110,三進하야 及溜하니 而後視之曰 吾知所過矣니 將改之하리라,"사회(士會)가 세 차례 예(禮)를 행하며 나아가서 옥류(屋霤)에 미치니, 그제야 영공(靈公)이 비로소 바라보면서 “내 잘못을 아니, 장차 고치겠다.”고 하였다.",라,False,라(대조군),Level1
춘추좌씨전4,286,903,告亡而已오 無告無罪하라,그러니 도망가는 것만을 고(告)하고 죄(罪)가 없다고는 고(告)하지 말라.”고 하였다.,라,False,라(대조군),Level1
서경집전(하),283,1087,"恪謹克孝, 肅恭神人은 指微子實德而言이니 抱祭器歸周 亦其一也라","공경하고 삼가 능히 효도하고 신(神)과 사람에게 숙공(肅恭)하였다는 것은 미자(微子)의 실제 덕(德)을 가리켜 말한 것이니, 제기(祭器)을 안고 주(周)나라로 돌아온 것이 또한 그 한 가지이다.",라,False,라(대조군),Level1
맹자집주,139,557,今樂은 世俗之樂이요 古樂은 先王之樂이라,"지금 음악은 세속(世俗)의 음악이요, 옛 음악은 선왕(先王)의 음악이다.",라,False,라(대조군),Level1
당송팔대가문초구양수4,17,89,公自爲進士로 知名于時라,공은 진사(進士) 때부터 당시에 이름이 알려졌다.,라,False,라(대조군),Level1
주역전의(상),1215,3667,以卦德으로 釋卦辭라,괘덕(卦德)으로 괘사(卦辭)를 해석하였다.,라,False,라(대조군),Level1
주역전의(하),1938,5611,神物은 謂蓍龜라,신물(神物)은 시초(蓍草)와 거북점을 이른다.,라,False,라(대조군),Level1
자치통감강목9,833,1218,孝靈皇帝建寧元年이라,한(漢)나라 효령황제(孝靈皇帝) 건녕(建寧) 원년이다.,라,False,라(대조군),Level1
당송팔대가문초구양수5,290,1950,圜與崇韜素相善하고 又爲其司馬일새 崇韜因以鎭州事託之어늘 而圜多所違異라,임환이 평소 곽숭도와 사이가 좋았던 데다 그의 사마(司馬)가 되므로 곽숭도가 이에 진주(鎭州)의 일을 그에게 맡겼는데 임환이 그와 서로 의견이 충돌할 때가 많았다.,라,False,라(대조군),Level1
시경집전(하),371,809,但王不用善하니 則雖有善者나 不能自存이니 將如泉流之不反하여 而淪胥以至於敗矣라,"다만 왕(王)이 선(善)한 말을 쓰지 아니하니, 비록 선한 자가 있으나 스스로 보존하지 못할 것이니, 장차 흘러가는 물이 돌아오지 못함과 같아서 빠져서 서로 패함에 이르고 만다.”고 말한 것이다.",라,False,라(대조군),Level1
당송팔대가문초한유3,75,444,夫人은 邠國夫人武功蘇氏라,부인(夫人)은 분국부인(邠國夫人) 무공(武功) 소씨(蘇氏)이다.,라,False,라(대조군),Level1
당송팔대가문초구양수3,337,1238,順流之舟가 頃刻數百里라가 不及顧視하야 一失毫釐하야 與崖石遇면 則糜潰漂沒하야 不見蹤迹이라,"물길을 따라가던 배가 순식간에 수백 리를 가다가 미처 살피지 못하고서 한번 털끝만큼이라도 실수하여 바위와 부딪히게 되면, 배가 산산조각이 나 파편은 뜨고 선체며 사람은 가라앉아 자취를 찾을 수 없게 된다.",라,False,라(대조군),Level1
시경집전(상),565,1297,黎之臣子以責於衛也라,이에 여(黎)나라의 신자(臣子)들이 위(衛)나라를 꾸짖은 것이다.,라,True,라(대조군),Level1
예기집설대전2,835,1200,有其禮는 謂禮所得爲者라,“그 예(禮)가 있다.”는 것은 예를 행할 수 있는 것을 말한다.,라,False,라(대조군),Level1
당송팔대가문초소순1,233,1523,項籍死에 天下定이나 而諸將之地는 因遂不可削이라,"항우(項羽)가 죽자 천하는 안정되었지만, 여러 장수들의 땅은 끝내 삭감할 수가 없었다.",라,False,라(대조군),Level1
당송팔대가문초구양수5,87,654,然繼岌雖爲都統이나 而軍政號令이 一出崇韜라,그러나 이계급이 비록 도통(都統)이라고는 하지만 군정(軍政)과 호령(號令)은 모두 곽숭도에게서 나왔다.,라,False,라(대조군),Level1
당송팔대가문초소순1,88,543,從士而逆數之하여 至於天子면 其積也甚厚하고 其爲變也甚難이라,선비에서부터 거꾸로 헤아려 천자에까지 이르면 그 쌓임은 매우 두텁고 그 변함은 매우 어렵습니다.,라,True,라(대조군),Level1
당송팔대가문초구양수1,513,2513,由是로 河西之人이 皆怒朝廷不納하고 而痛山遇以忠而赤族이라,이로부터 하서(河西) 사람들이 모두 우리 조정이 산우를 받아들이지 않은 데 대해 분노하고 산우가 충성을 바치다가 일족이 몰살당한 것을 애통해하였습니다.,라,True,라(대조군),Level1
자치통감강목6,1428,3103,"於是에 更作金銀龜貝錢布之品하여 名曰寶貨라하니 凡五物, 六名에 二十八品이라","이에 다시 금(金)과 은(銀), 귀(龜)와 패(貝), 전(錢)과 포(布)의 종류를 만들어 ‘보화(寶貨)’라 이름하니, 모두 다섯 가지 물건과 여섯 가지 이름에 28종류였다.",라,True,라(대조군),Level1
당송팔대가문초구양수6,130,924,明年에 河中節度使王重盈卒하니 其諸子珂珙爭立이라,"이듬해에 하중절도사(河中節度使) 왕중영(王重盈)이 졸(卒)하니, 그의 아들 왕가(王珂)와 왕공(王珙)이 자리를 놓고 다투었다.",라,True,라(대조군),Level1
시경집전(하),3002,6671,"約軝錯衡, 八鸞은 見采芑篇하고 鶬은 見載見篇하니 言助祭之諸侯 乘是車하여 以假以享于祖宗之廟也라","약기(約軝), 착형(錯衡), 팔란(八鸞)은 ˂채기편(采芑篇)˃에 보이고, 창(鶬)은 ˂재견편(載見篇)˃에 보이니, 제사를 돕는 제후(諸侯)가 이 수레를 타고서 조종(祖宗)의 사당에 이르러 제향을 올림을 말한 것이다.",라,False,라(대조군),Level1
자치통감강목5,1219,2805,其以少傅로 爲御史大夫하라,소부(少傅)를 어사대부(御史大夫)로 삼아라.”,라,False,라(대조군),Level1
당송팔대가문초구양수1,312,1735,所以落賊姦便하야 敗軍殺將하니 可爲痛心이라,"그런 까닭에 적의 간계에 빠져 군대는 패하고 장수는 죽었으니, 애통한 일입니다.",라,True,라(대조군),Level1
자치통감강목7,1698,2353,其封彊爲東海王하고 立陽爲皇太子하고 改名莊하노라,"유강을 봉하여 동해왕(東海王)으로 삼으며, 유양을 세워 황태자로 삼고 이름을 장(莊)으로 고친다.”",라,False,라(대조군),Level1
서경집전(하),384,1541,恒은 常也라,항(恒)은 항상이다.,라,False,라(대조군),Level1
주역전의(하),1734,5160,故爲未濟라,그러므로 미제(未濟)라 한 것이다.,라,False,라(대조군),Level1
당송팔대가문초구양수3,374,1364,記明因塔에 以因無他戒行及有禪慧라 故特本其所言하야 以感慨今古云이라,"〈명인대사탑기(明因大師塔記)〉를 지음에 그에게 다른 계행(戒行)이나 선혜(禪慧)가 없었으므로, 단지 그가 말한 내용에 근본하여 고금(古今)에 대해 감개(感慨)한 것이다.",라,True,라(대조군),Level1
자치통감강목7,1587,2211,切直之言은 非人臣之利요 乃國家之福이라,“간절하고 정직한 말은 인신(人臣)의 이로움이 아니라 바로 국가의 복이다.,라,False,라(대조군),Level1
주역전의(상),1382,4157,物之相臨與含容이 无若水之在地라,물건이 서로 임(臨)함과 함용(含容)함이 물이 땅에 있는 것만 한 것이 없다.,라,True,라(대조군),Level1
당송팔대가문초소식1,23,109,弱冠에 父子兄弟至京師하니 一日而聲名赫然하야 動於四方이라,"약관(弱冠)에 부자(父子)와 형제(兄弟)가 경사(京師)에 이르니, 하루아침에 명성이 혁혁(赫赫)하여 사방에 진동하였다.",라,True,라(대조군),Level1
당송팔대가문초구양수4,318,1459,先生在太學時에 爲大理評事라,선생은 태학(太學)에 있을 때 대리평사(大理評事)가 되었다.,라,False,라(대조군),Level1
당송팔대가문초한유3,41,272,長慶三年十一月十七日에 薨於洪州하니 年六十二라,장경(長慶) 3년(823) 11월 17일에 홍주(洪州)에서 훙서(薨逝)하시니 향년이 62세셨다.,라,True,라(대조군),Level1
주역전의(하),895,2665,盡其誠意를 如祭祀然하여 以求天下之賢이면 則能亨天下之困 而享受其福慶也라,성의(誠意)를 다하기를 제사(祭祀)지낼 때와 같이하여 천하의 현자(賢者)를 구하면 천하의 곤함을 형통(亨通)하게 하여 복(福)과 경사를 받아 누릴 수 있을 것이다.,라,False,라(대조군),Level1
주역전의(상),1778,5284,夫物旣畜聚면 則必有以養之니 无養則不能存息이니 頤所以次大畜也라,"물건이 이미 모이면 반드시 길러줌이 있어야 하니, 길러줌이 없으면 생존하고 번식할 수 없으니, 이괘(頤卦)가 이 때문에 대축괘(大畜卦)의 다음이 된 것이다.",라,False,라(대조군),Level1
자치통감강목15,848,1184,遂命駕하여 出遊山墅하니 親朋이 畢集이라,"사안은 마침내 말에 멍에를 하도록 명하여 조정에서 나와 산의 별장에서 노니, 친구들이 다 모였다.",라,False,라(대조군),Level1
당송팔대가문초구양수5,361,2441,光遠卽斬敬達降이라,그러자 양광원이 즉시 장경달의 목을 베고 투항하였다.,라,False,라(대조군),Level1
맹자집주,1604,5306,言儲子는 但爲齊相하니 不若季子攝守君位라,"‘저자(儲子)는 다만 제(齊)나라의 정승이 되었으니, 계자(季子)가 대리하여 군주의 지위를 지킨 것과는 같지 못합니다.",라,False,라(대조군),Level1
맹자집주,1530,5135,仁義充足而聞譽彰著는 皆所謂良貴也라,인의(仁義)가 충족되고 명예가 드러남은 모두 이른바 양귀(良貴)라는 것이다.,라,False,라(대조군),Level1
예기집설대전2,1366,1951,是日也以虞易奠者는 以虞之禮漸吉故也라,이날에 우제(虞祭)로써 상전(喪奠)을 대체하는 것은 우제를 지내는 예법이 점차 길례(吉禮)로 변하기 때문이다.,라,False,라(대조군),Level1
당송팔대가문초소식2,308,1279,夫唐永泰之間에 姦臣執政하야 政以賄成이러니 德宗發憤하야 而用常袞한대 袞一切用法하야 四方奏請이 莫有獲者라,"당(唐)나라 영태(永泰) 연간에 간신들이 정권을 잡아 정사(政事)가 뇌물로 이루어졌는데, 덕종(德宗)이 분발하여 상곤(常袞)을 등용하자 상곤(常袞)은 일체 모든 일에 법을 적용하여 사방에서 일을 하게 해달라고 주청하였으나 누구도 소원을 이루지 못했습니다.",라,False,라(대조군),Level1
춘추좌씨전1,529,2488,三月에 鄭伯以璧假許田하니 爲周公祊故也라,"3월에 정백(鄭伯)이 벽(璧)을 주고서 허전을 가차(假借)하였으니, 이는 주공(周公)과 팽(祊) 때문이었다.",라,False,라(대조군),Level1
시경집전(상),606,1397,故로 作是詩以自見也라,그러므로 이 시(詩)를 지어 자신의 서글픈 심정을 나타낸 것이다.,라,True,라(대조군),Level1
당송팔대가문초한유1,302,1464,今夫二氏行乎中土也가 蓋六百年有餘矣라,지금 저 노불(老佛)의 사설(邪說)이 중국에 유행한 지가 대체로 600여 년이 되었소.,라,False,라(대조군),Level1
자치통감강목12,174,642,今猥以勞役之後로 興師出征하니 民疲力屈하고 遠主가 有備라,"지금 외람되이 생각건대, 노역(勞役)이 있은 뒤에 군사를 일으켜 출정하려 하시니, 백성들이 피로하여 힘이 고갈될 것이고, 먼 나라 임금이 대비를 하게 될 것입니다.",라,False,라(대조군),Level1
당송팔대가문초구양수3,608,2828,獨公以謂元昊雖名藩臣이나 而實夷狄이니 其服叛荒忽不常이라,"그러나 공만은 “원호가 비록 번신(藩臣)이라고는 하지만 실제로는 이적(夷狄)이니, 그가 복종과 반란을 반복함이 일정하지 않다.",라,False,라(대조군),Level1
서경집전(하),690,2680,言桀於義民에 不能用하고 其所敬之多士는 率皆不義之民이니 上文所謂叨懫日欽者라,"걸왕(桀王)이 의민(義民)에 있어서는 등용하지 못하고, 공경하는 많은 선비들은 대체로 모두 의롭지 않은 백성이었으니, 상문(上文)에 이른바 ‘탐욕스럽고 분해 하는 자들을 날로 공경했다.’는 것이다.",라,False,라(대조군),Level1
서경집전(상),169,1208,薄은 迫也라,박(薄)은 이름이다.,라,False,라(대조군),Level1
당송팔대가문초구양수3,224,826,夫老與佛之學이 皆行於世가 久矣라,대저 도가(道家)와 불가(佛家)의 학문이 모두 세상에 유행한 지 오래되었다.,라,False,라(대조군),Level1
서경집전(상),281,1734,反復參攷컨대 則九江은 非尋陽이 明甚이니 本朝胡氏以洞庭爲九江者得之라,"반복하여 참고해 보면 구강(九江)은 심양(尋陽)이 아님이 매우 분명하니, 본조(本朝)의 호씨(胡氏)가 동정호(洞庭湖)를 구강(九江)이라고 한 것이 맞다.",라,False,라(대조군),Level1
당송팔대가문초유종원1,118,855,二十一日에 宗元白하노라,21일에 종원(宗元)은 고하네.,라,False,라(대조군),Level1
당송팔대가문초소식5,53,155,凡物之可喜하야 足以悅人而不足以移人者는 莫若書與畫라,모든 물건 중에 좋아할 만하여 사람을 기쁘게 할 수 있으나 사람의 마음을 바꿀 수 없는 것은 글씨와 그림만 한 것이 없다.,라,True,라(대조군),Level1
당송팔대가문초구양수3,574,2632,是時에 繼明方信用하야 其勢傾動中外라,이때 황보계명이 바야흐로 상의 신임을 얻어 기용되어 그 권세가 중외(中外)를 경동시켰다.,라,False,라(대조군),Level1
당송팔대가문초증공1,432,2472,世之老於官者는 或不樂於歸하고 幸而有樂之者라도 無以爲歸라,"“세상에 관직생활로 늙은 자들은 간혹 귀향하는 것을 좋아하지 않고, 다행히 좋아하는 자가 있더라도 돌아가 의지할 만한 전장(田莊)이 없습니다.",라,True,라(대조군),Level1
당송팔대가문초유종원2,227,1212,凡汝之言은 吾所極知라,네 말뜻은 내가 잘 알고 있다.,라,False,라(대조군),Level1
주역전의(상),579,1893,吝은 不足也니 謂可少也라,"인(吝)은 부족함이니, 하찮게 여길 만함을 이른다.",라,True,라(대조군),Level1
자치통감강목17,259,902,宋元嘉七年이요 魏神䴥三年이라,"송(宋)나라 태조(太祖) 문제(文帝) 유의륭(劉義隆) 원가(元嘉) 7년이고, 북위(北魏) 세조(世祖) 태무제(太武帝) 탁발도(拓跋燾) 신가(神䴥) 3년이다.",라,False,라(대조군),Level1
자치통감강목17,16,45,蒙遜非汝之敵이라,저거몽손은 그대가 맞설 상대가 아니다.,라,False,라(대조군),Level1
주역전의(하),1836,5390,範圍天地之化而不過하며 曲成萬物而不遺하며 通乎晝夜之道而知라,"천지(天地)의 조화를 범위(範圍)하여 지나치지 않으며, 만물(萬物)을 곡진히 이루어 빠뜨리지 않으며, 주(晝)·야(夜)의 도(道)를 겸하여 안다.",라,True,라(대조군),Level1
시경집전(하),1881,4243,媚于庶人은 順愛于民也라,미우서인(媚于庶人)은 백성들에게 순(順)하게 하고 사랑하는 것이다.,라,False,라(대조군),Level1
주역전의(하),1715,5107,三年克之는 言其久而後克이니 戒占者不可輕動之意라,"3년만에 이겼다는 것은 오랜 뒤에 이겼음을 말한 것이니, 점치는 자에게 가벼이 동하지 말라는 뜻을 경계한 것이다.",라,False,라(대조군),Level1
춘추좌씨전5,280,1435,陳氏三量皆登一焉하니 鍾乃大矣라,"그런데 진씨(陳氏) 집에서 사용(私用)하는 세 양구(量具)는 모두 1배씩을 추가(追加)하였으니, 종(鍾)이 공용(公用)의 종(鍾)보다 큽니다.",라,True,라(대조군),Level1
주역전의(상),1232,3729,"微與彰,柔與剛은 相對者也니 君子見微則知彰矣요 見柔則知剛矣라","미(微)와 창(彰), 유(柔)와 강(剛)은 상대이니, 군자(君子)는 기미를 보면 드러남을 알고, 유(柔)를 보면 강(剛)을 안다.",라,False,라(대조군),Level1
당송팔대가문초왕안석2,201,990,莊懿明肅太后의 起二陵於河南할새 不取一物於民而足하니 皆公力也라,"장의태후(莊懿太后)와 명숙태후(明肅太后) 두 분의 능(陵)을 하남(河南)에 세울 때에, 백성들에게 단 하나의 물건도 취하지 않고 일을 여유있게 처리하였으니, 이는 모두 공(公)의 능력으로 이루어진 것이었다.",라,True,라(대조군),Level1
당송팔대가문초구양수5,269,1804,後月餘에 文遇獨直할새 帝夜召之하야 語罷敬瑭事하니 文遇曰 臣聞作舍道邊이면 三年不成이라호니 國家之事는 斷在陛下라,"한 달 남짓 지난 뒤 설문우(薛文遇)가 혼자 숙직할 때 폐제(廢帝)가 밤에 그를 불러 석경당(石敬瑭)을 파면하는 일을 말하니, 설문우가 아뢰기를 “신(臣)이 듣건대 길가에 집을 지으면 3년이 지나도 이루지 못한다고 하니 국가(國家)의 대사(大事)는 폐하(陛下)의 결단에 달려 있습니다.",라,False,라(대조군),Level1
당송팔대가문초소식5,16,52,其建是學也에 以身任其責하야 不擇劇易하고 期於必成하니 士以此感奮하야 不勸而力하고 費於官者 爲錢九萬三千이요 而助者不貲라,"그가 학교(學校)를 세울 적에 몸소 책임을 맡아서 일의 어렵고 쉬움을 가리지 않고 반드시 완성할 것을 기약하니, 선비들이 이 때문에 감격하고 분발하여 권면하지 않아도 힘썼으며, 관(官)에서 돈을 소비한 것이 9만3천 전(錢)이고, 민간에서 도운 것도 적지 않게 많았다.",라,True,라(대조군),Level1
주역전의(하),1127,3433,不相與則相背하니 爲艮其背는 止之義也라,"서로 더불지 않으면 서로 등지니, 등에 그침은 그치는 뜻이다.",라,False,라(대조군),Level1
당송팔대가문초왕안석2,428,2320,荊公峭岸每如此라,형공(荊公)의 예리(銳利)하고 엄정(嚴正)함이 매양 이와 같다.,라,False,라(대조군),Level1
맹자집주,1518,5105,往古來今에 孰無此心이리오마는 心爲形役하여 乃獸乃禽이라,"지나간 옛날과 오는 지금에 누가 이 마음이 없겠는가마는, 마음이 형체(形體)에 사역되어 마침내 금수(禽獸)가 되는 것이다.",라,True,라(대조군),Level1
시경집전(상),866,2034,濊濊은 罟入水聲也라,예예(濊濊)은 그물이 물에 들어가는 소리이다.,라,False,라(대조군),Level1
춘추좌씨전1,668,2758,莫敖曰 盍請濟師於王고 對曰 師克在和요 不在衆이라,"막오(莫敖)가 말하기를 “어찌 초왕(楚王)에게 증원군(增援軍)을 요청하지 않는가?”라고 하니, 투렴(鬪廉)이 대답하기를 “전쟁의 승리는 군대의 화합에 있지 군대의 다과(多寡)에 있지 않습니다.",라,False,라(대조군),Level1
자치통감강목12,343,1379,然大擧之後에 將士疲勞하니 不可便用이라,"그러나 크게 거병을 하고 난 뒤라 장병들이 피로하니, 바로 전쟁에 동원할 수 없습니다.",라,False,라(대조군),Level1
서경집전(상),112,775,舜言 惟此臣庶 無或有干犯我之政者는 以爾爲士師之官하여 能明五刑하여 以輔五品之敎하여 而期我以至於治니 其始엔 雖不免於用刑이나 而實所以期至於無刑之地라,"제순(帝舜)이 말씀하기를 “이 신하와 백성들이 혹시라도 나의 정사를 범하는 자가 없는 것은 네가 사사(士師)의 관원이 되어서 오형(五刑)을 밝혀 오품(五品)의 가르침을 도와 나를 다스려짐에 이르도록 기약하였기 때문이니, 처음에는 비록 형벌을 씀을 면치 못하나 실로 형벌이 없는 경지에 이를 것을 기약하였다.",라,False,라(대조군),Level1
주역전의(하),1202,3637,故其象如此요 而其占은 夫征則不復하고 婦孕則不育하니 凶莫甚焉이라,"그러므로 그 상(象)이 이와 같고, 점(占)은 남자는 가면 돌아오지 않고, 부인(婦人)은 잉태(孕胎)하면 생육(生育)하지 못하니, 흉함이 이보다 심함이 없다.",라,False,라(대조군),Level1
주역전의(상),598,1941,雖險无難矣라,비록 험하더라도 어려움이 없을 것이다.,라,False,라(대조군),Level1
자치통감강목8,2102,2911,三年이라,한(漢)나라 효순황제(孝順皇帝) 영화(永和) 3년이다.,라,False,라(대조군),Level1
춘추좌씨전5,228,1112,國子代人憂하고 子招樂憂하고 齊子雖憂弗害라,국자(國子)는 남을 대신해 근심하겠다고 하였고 자초(子招)는 근심을 즐긴다고 하였으며 제자(齊子)는 비록 우환(憂患)이 있어도 해(害)가 되지 않는다고 하였습니다.,라,False,라(대조군),Level1
서경집전(상),632,3262,玆我大享于先王할새 爾祖도 亦以功而配食於廟라,내 선왕(先王)에게 크게 제향(祭享)할 적에 너희들의 선조(先祖) 또한 공로로써 사당(祠堂)에서 배식(配食)한다.,라,False,라(대조군),Level1
시경집전(하),2169,4832,回遹은 邪僻也라,회휼(回遹)은 사벽(邪僻)함이다.,라,False,라(대조군),Level1
당송팔대가문초유종원1,348,2058,日出扶桑하고 雲飛蒼梧하며 海霞島霧 來助游物이라,해는 부상(扶桑)에서 떠오르고 구름은 창오산(蒼梧山)에서 날리는 가운데 바다 노을과 섬 안개가 시야에 들어와 구경하는 사람의 흥취를 도와준다.,라,True,라(대조군),Level1
주역전의(상),377,1312,知其理勢如是而處之以道면 則不至於有悔矣니 固非計私以避害者也라,"이치와 형세가 이와 같음을 알고 도(道)로써 대처하면 뉘우침이 있음에 이르지 않는 것이니, 진실로 사사로움을 계산하여 해(害)를 피하려고 하는 것은 아니다.",라,False,라(대조군),Level1
당송팔대가문초한유1,273,1307,愈白進士劉君足下하노라,유(愈)는 진사(進士) 유군(劉君) 족하(足下)에게 아룁니다.,라,False,라(대조군),Level1
당송팔대가문초소식1,359,1662,若帷城幔屋은 盛夏則有風雨之虞라,예를 들면 장막으로 성(城)을 만들고 장막으로 지붕을 만드는 것은 무더운 여름철에는 비바람이 몰아칠 우려가 있어 할 수 없는 것이다.,라,False,라(대조군),Level1
자치통감강목3,828,1910,及擧賢良方正能直言極諫者하여 以匡朕之不逮하라,그리고 현량(賢良)하고 방정(方正)하여 직언(直言)하고 극간(極諫)할 수 있는 자를 천거해서 짐의 뜻과 생각이 미치지 못하는 부분을 바로잡도록 하라.,라,False,라(대조군),Level1
당송팔대가문초왕안석1,396,1793,今者足下乃先貶損而存之하고 賜之書하야 詞盛指過하니 不敢受而有也로라,"이제 족하께서 먼저 자신을 낮추고 존문(存問)을 하시며 편지를 보내셔서 성대한 말씀으로 지나치게 찬미해 주시니, 감히 받아들여 간직할 수가 없나이다.",라,False,라(대조군),Level1
논어집주,1076,3530,庶는 近也니 言近道也라,"서(庶)는 가까움이니, 도(道)에 가까움을 말한다.",라,False,라(대조군),Level1
춘추좌씨전2,634,2026,酆舒問於賈季曰 趙衰趙盾孰賢고 對曰 趙衰는 冬日之日也오 趙盾은 夏日之日也라,"풍서(酆舒)가 가계(賈季)에게 “조최(趙衰)와 조돈(趙盾) 중에 누가 더 현명(賢明)한가?”라고 묻자, 가계(賈季)는 “조최(趙衰)는 겨울 햇볕이고 조돈(趙盾)은 여름 햇볕이다.”고 대답하였다.",라,False,라(대조군),Level1
당송팔대가문초구양수3,113,395,遭時奮身하야 竊位于朝하야 守其貧賤之節하되 其臨利害禍福之際에 常恐其奪也라,좋은 때를 만나 일신(一身)을 분발하여 무능한 몸으로 조정에서 관직을 차지하고서 그 빈천한 절조(節操)를 지키되 그 이해(利害)와 화복(禍福)의 기로에 처하여서는 항상 그 절조를 잃을까 염려하였다.,라,False,라(대조군),Level1
시경집전(상),183,490,采蘩은 夫人不失職也니 夫人可以奉祭祀면 則不失職矣라,"˂채번(采蘩)˃은 부인(夫人)이 직분을 잃지 않았음을 읊은 것이니, 부인(夫人)이 제사를 받들면 직분을 잃지 않은 것이다.",라,False,라(대조군),Level1
자치통감강목2,1232,3247,幸爲信謝項王하라,저를 대신하여 항왕에게 말씀해주시면 다행이겠습니다.”라고 하였다.,라,False,라(대조군),Level1
자치통감강목3,58,113,置酒洛陽南宮할새 上曰 徹侯諸將은 毋敢隱朕하고 皆言其情하라,"낙양(洛陽)의 남궁(南宮)에서 술자리를 베풀었는데, 상(上)이 말하기를 “철후(徹侯)와 여러 장수들은 감히 짐(朕)에게 숨기지 말고, 모두 자신의 실제 생각을 말하도록 하라.",라,False,라(대조군),Level1
당송팔대가문초한유2,100,397,吾觀於人컨대 有不得志면 則非其上者衆矣요 亦莫計其身之短長也라,"내가 사람들을 살펴보건대, 뜻을 얻지 못하면 그 윗사람을 비방하는 자가 많고, 또 자신의 장단(長短)은 따지지도 않는다.",라,False,라(대조군),Level1
시경집전(하),2968,6584,曼은 長이요 碩은 大也라,"만(曼)은 긺이요, 석(碩)은 큼이다.",라,False,라(대조군),Level1
논어집주,768,2733,玆는 此也니 孔子自謂라,"자(玆)는 이것이니, 공자(孔子)께서 자신을 일컬으신 것이다.",라,False,라(대조군),Level1
당송팔대가문초유종원1,300,1828,其外는 更衣之次와 膳食之宇요 列觀以游目하고 偶亭以展聲하니 彌望極顧에 莫究其往이라,"그 밖에 탈의실과 주방 건물이 있고, 누각을 늘어 세워 경치를 둘러볼 수 있게 하고 정자를 확대하여 음악소리가 퍼지게 하였는데, 이리저리 둘러봐도 막힌 데가 없다.",라,False,라(대조군),Level1
주역전의(하),737,2193,以此求遇면 固可吝也라,이러한 태도로 만나기를 구하면 진실로 부끄러울 만하다.,라,False,라(대조군),Level1
당송팔대가문초유종원1,210,1394,謂宜藏於簡冊也라,이로 인해 간책(簡冊)에 써서 서적으로 수장(收藏)하기에 적합하다고 말한다.,라,False,라(대조군),Level1
자치통감강목12,361,1469,及入에 顗拜而祥獨長揖하니 昭謂祥曰 今日然後에 知君見顧之重也와라,"들어가고 나서 순의는 절을 하고 왕상은 홀로 길게 읍만 하니, 사마소가 왕상에게 말하기를 “오늘에서야 그대가 살피고 돌아보는 것이 신중하다는 것을 알겠다.”라고 하였다.",라,False,라(대조군),Level1
시경집전(상),2530,5862,瓠有甘有苦하니 甘瓠則可食者也라,"“박은 단 것과 쓴 것이 있으니, 단 박은 먹을 수 있는 것이다.",라,False,라(대조군),Level1
당송팔대가문초유종원1,317,1925,始命芟其蕪하고 行其塗하니 積之丘如하고 蠲之瀏如라,그리하여 비로소 명을 내려 잡초를 베어내고 막힌 진흙을 긁어내니 베어낸 것은 언덕만큼 쌓이고 흙탕물이 맑아졌다.,라,False,라(대조군),Level1
주역전의(하),420,1259,非聖賢이면 不能이니 其用이 可謂大矣라,"성현(聖賢)이 아니면 불가능하니, 그 쓰임이 크다고 이를 만하다.",라,False,라(대조군),Level1
주역전의(상),1122,3416,若小人處之면 則專其富有하여 以爲私하여 不知公己奉上之道라,만약 소인(小人)이 여기에 처하면 그 부유함을 독점하여 사유물(私有物)로 여겨서 자신을 공변되게 하고 위를 받드는 도리를 알지 못한다.,라,False,라(대조군),Level1
당송팔대가문초왕안석2,362,1966,孫男女十八人이라,손자와 손녀가 18인(人)이다.,라,False,라(대조군),Level1
당송팔대가문초구양수2,165,626,脩本愚無似하야 固不足以希執友之遊라,수(脩)는 본래 어리석고 못나 진실로 벗으로 사귀어주길 바랄 수 없습니다.,라,False,라(대조군),Level1
서경집전(하),167,643,廡는 豊茂라,무(廡)는 풍무(豊茂)함이다.,라,False,라(대조군),Level1
서경집전(하),821,3103,言敬汝所主之職하고 謹汝所出之令하라,너희가 맡은 바의 직책을 공경하고 너희가 내는 바의 명령을 삼가라.,라,False,라(대조군),Level1
서경집전(상),311,1846,嶓冡山은 地志云 在隴西郡氐道縣이라하니 漾水所出이요 又云在西縣이라하니 今興元府西縣三泉縣也라,"파총산(嶓冡山)은 ˂지지(地志)˃에 “농서군(隴西郡) 저도현(氐道縣)에 있다.” 하였으니, 양수(漾水)가 나오는 곳이며, 또 “서현(西縣)에 있다.” 하였으니, 지금의 흥원부(興元府) 서현(西縣)과 삼천현(三泉縣)이다.",라,False,라(대조군),Level1
당송팔대가문초유종원1,216,1426,而多擧六經聖人之大旨하여 發言成章에 有可觀者라,대부분 육경(六經) 속 성인(聖人)의 요지를 끌어와 논리를 전개하고 문장을 이루어 읽어볼 만하였다.,라,False,라(대조군),Level1
맹자집주,65,266,盡己之謂忠이요 以實之謂信이라,"자기 마음을 다함을 충(忠)이라 이르고, 성실히 함을 신(信)이라 이른다.",라,False,라(대조군),Level1
맹자집주,787,2842,充塞仁義는 謂邪說徧滿하여 妨於仁義也라,인이의(人二義)를 꽉 막는다는 것은 부정한 학설이 두루 가득해서 인의(仁義)를 해침을 이른다.,라,False,라(대조군),Level1
주역전의(상),768,2411,比는 親輔也니 人之類는 必相親輔然後能安이라,"비(比)는 친보(親輔)하는 것이니, 사람의 무리는 반드시 서로 친보(親輔)한 뒤에 편안할 수 있다.",라,False,라(대조군),Level1
당송팔대가문초유종원2,9,43,縈靑繚白이 外與天際로 四望如一이라,뿐만 아니라 이리저리 감아 도는 푸른 산과 흰 강이 아스라이 하늘과 합쳐진 모양은 사방 어디를 둘러보아도 다 동일하였다.,라,True,라(대조군),Level1
시경집전(상),888,2092,故로 遂戒鳩無食桑葚하여 以興下句戒女無與士耽也라,"그러므로 마침내 비둘기는 뽕나무 오디를 먹지 말라고 경계하여, 아래 구(句)에 여자는 남자와 더불어 놀아나지 말라고 경계한 말을 흥(興)한 것이다.",라,True,라(대조군),Level1
시경집전(상),2205,5076,愚謂 完은 謂全師而歸하여 無死傷之苦요 思는 謂未至而思하여 有愴恨之懷라,"내 생각컨대 완(完)은 군대를 온전히 보존하고 돌아와 죽거나 부상한 괴로움이 없음을 말한 것이요, 사(思)는 집에 이르기 전에 그리워하여 창한(愴恨)의 회포가 있음을 말한 것이다.",라,False,라(대조군),Level1
시경집전(상),31,144,葛은 草名이니 蔓生하고 可爲絺綌者라,"갈(葛)은 풀 이름이니, 만생(蔓生)하고 치격(絺綌)을 만들 수 있는 것이다.",라,False,라(대조군),Level1
당송팔대가문초소식5,288,1132,予故作漢鼎銘하야 以遺後世君子하노라,그러므로 나는 〈한정명(漢鼎銘)〉을 지어서 후세의 군자(君子)에게 남겨주는 것이다.,라,True,라(대조군),Level1
주역전의(상),1798,5350,若求養於丘면 則往必有凶하니 丘는 在外而高之物이니 謂上九也라,"만약 언덕에게 길러지기를 구한다면 감에 반드시 흉함이 있을 것이니, 구(丘)는 밖에 있으면서 높은 물건이므로 상구(上九)를 이른다.",라,False,라(대조군),Level1
당송팔대가문초구양수1,163,1037,大抵小人不能成事而能爲患者多矣라,대저 소인은 일을 이루지 못하고 우환거리가 되는 자가 많습니다.,라,False,라(대조군),Level1
당송팔대가문초구양수4,104,493,子眞子充은 皆早卒이라,자진(子眞)과 자충(子充)은 모두 요절하였다.,라,False,라(대조군),Level1
당송팔대가문초구양수2,479,1901,惟不沒其實하야 以著其罪하야 而信乎後世하고 與其爲君而不掩其惡하야 以息人之爲惡하니 能知春秋之此意然後에 知予不僞梁之旨也라,"오직 사실을 없애지 않아 그 죄를 드러내어 후세에 미덥게 하고, 임금 된 것과 더불어 그 악을 덮지 않아 사람의 행악(行惡)을 종식시키니, ≪춘추≫의 이러한 의도를 능히 안 뒤에야 내가 양(梁)을 위조(僞朝)라고 하지 않은 뜻을 알 것이다.”",라,False,라(대조군),Level1
당송팔대가문초구양수1,450,2287,然大抵皆謂就和則難하고 不和則易니 不和則害少하고 和則害多라,"그러나 대저 모두 강화를 하기는 어렵고 강화하지 않기는 쉬우니, 강화하지 않으면 해가 적고 강화하면 해가 많다고 여기는 것입니다.",라,False,라(대조군),Level1
시경집전(하),664,1470,穀은 善也라,곡(穀)은 좋음이다.,라,False,라(대조군),Level1
주역전의(하),1365,4139,九以剛明之才로 欲得時而行其志라 故雖得資斧하여 於旅爲善이나 其心志未快也라,구(九)가 강명(剛明)한 재질로 때를 얻어 뜻을 행하고자 하기 때문에 비록 물자(物資)와 도끼를 얻어 나그네의 입장에는 좋음이 되나 그 심지(心志)는 쾌(快)하지 못한 것이다.”,라,False,라(대조군),Level1
당송팔대가문초한유3,100,571,公諱溪요 字惟深이니 丞相贈太師隴西恭惠公第二子라,공(公)은 휘가 계(溪)이고 자(字)가 유심(惟深)이니 승상(丞相) 증태사(贈太師) 농서(隴西) 공혜공(恭惠公)의 둘째 아들이시다.,라,False,라(대조군),Level1
시경집전(하),1577,3500,馘은 割耳也라,괵(馘)은 귀를 벰이다.,라,False,라(대조군),Level1
예기집설대전1,270,876,"故로 毋箕하며, 正其衣冠이라","그러므로 다리를 쭉 벌리고 앉지 말아야 하며, 의관을 바르게 한다.",라,False,라(대조군),Level1
주역전의(상),478,1586,黃中은 文居中也니 君子文中而達於理하고 居正位而不失爲下之體라,"황중(黃中)은 문채가 가운데에 있는 것이니, 군자(君子)는 문채가 가운데에 있고 이치에 통달하며, 바른 자리에 거하여 아랫사람이 된 체(體)를 잃지 않는다.",라,False,라(대조군),Level1
당송팔대가문초구양수5,206,1359,明宗卽位에 鏐遣使朝京師하야 寓書重誨할새 其禮慢이라,그런데 명종(明宗)이 즉위하자 전류가 사신을 보내 경사(京師)에 조현(朝見)하면서 안중회(安重誨)에게 서신을 전할 때 그 예절이 거만하였다.,라,False,라(대조군),Level1
주역전의(하),1378,4185,巽所以次旅也라,손괘(巽卦)가 이 때문에 여괘(旅卦)의 다음이 된 것이다.,라,False,라(대조군),Level1
당송팔대가문초소식3,106,402,吾嘗論義帝는 天下之賢主也라,"내 일찍이 논하건대, 의제(義帝)는 천하(天下)의 어진 군주였다.",라,False,라(대조군),Level1
대학장구,89,242,謙은 快也며 足也라,"겸(謙)은 쾌(快)함이며, 만족함이다.",라,False,라(대조군),Level1
당송팔대가문초구양수1,91,665,臣伏覩詔書에 曰 悉心以陳하야 無有所諱라,신이 삼가 조서(詔書)를 보건대 “진실한 마음으로 아뢰고 숨기는 바가 없도록 하라.”하셨습니다.,라,False,라(대조군),Level1
자치통감강목20,100,163,聞獲이 引兵迎僧智하니 去此八十里라,소문에 유획이 병사를 이끌고 가서 담승지를 맞이한다고 하니 이곳에서 거리가 80리이다.,라,False,라(대조군),Level1
춘추좌씨전3,554,1608,白狄及君同州나 君之仇讐오 而我昏姻也라,"백적(白狄)이 군(君)과 같은 옹주(雍州)에 살고 있지만 군(君)과는 원수(怨讐)이고 우리와는 혼인(婚姻)한 사이인데,",라,False,라(대조군),Level1
서경집전(하),897,3338,"周禮에 吉事變几,凶事仍几 是也라",≪주례(周禮)≫에 “길사(吉事)에는 궤(几)를 변하고 흉사(凶事)에는 궤(几)를 그대로 둔다.”는 것이 이것이다.,라,True,라(대조군),Level1
시경집전(상),182,487,祁祁는 舒遲貌니 去事有儀也라,"기기(祁祁)는 펴지고 느린 모양이니, 일을 마침에 위의(威儀)가 있는 것이다.",라,False,라(대조군),Level1
자치통감강목17,421,1426,丕將從之러니 中書侍郎高允曰 如諸將之謀면 是傷其向化之心이라,"탁발비가 제장들의 의견을 따르려고 하였는데, 중서시랑(中書侍郎) 고윤(高允)이 말하기를 “만약 제장들의 모의대로 한다면 이는 귀순(歸順)하는 마음을 손상하게 할 것입니다.",라,False,라(대조군),Level1
주역전의(하),523,1589,"或損,或益,或盈,或虛를 唯隨時而已라",혹 덜고 혹 더하며 혹 채우고 혹 비움을 오직 때에 따라 할 뿐이다.,라,False,라(대조군),Level1
주역전의(하),1236,3755,又以卦體로 釋卦辭라,또 괘체(卦體)로 괘사(卦辭)를 해석하였다.,라,True,라(대조군),Level1
서경집전(상),504,2773,簡은 閱也라,간(簡)은 간열(簡閱)함이다.,라,False,라(대조군),Level1
주역전의(상),500,1652,上文은 言天地生物之義하고 此는 言時事라,"윗글은 천지(天地)가 물건을 낳는 뜻을 말하였고, 이 글은 때의 일을 말한 것이다.",라,False,라(대조군),Level1
자치통감강목2,902,2455,竊爲將軍不取也하노라,삼가 장군을 위하여 그런 계책은 따르지 않겠습니다.”라고 하였다.,라,False,라(대조군),Level1
당송팔대가문초유종원2,287,1718,故在易曰 箕子之明夷라하니 正蒙難也라,"그러므로 《주역(周易)》에 “기자(箕子)의 밝음이 묻혔다.” 하였으니, 이는 바른 도를 따르다가 어려움을 당한 것이다.",라,False,라(대조군),Level1
당송팔대가문초구양수5,76,576,其父가 聞劉氏已貴하고 詣魏宮上謁이라,후(后)의 아비가 유씨(劉氏)가 이미 귀하게 되었다는 말을 듣고는 위주(魏州)의 궁(宮)으로 가서 알현하였다.,라,False,라(대조군),Level1
시경집전(하),700,1528,彭彭然不得息也요 傍傍然不得已也라,"방방연(彭彭然)히 쉴 수 없고, 방방연(傍傍然)히 그칠 수 없는 것이다.",라,True,라(대조군),Level1
당송팔대가문초소식3,97,363,故로 先王이 分天下之富貴하야 與此四者共之하시니 此四者不失職이면 則民靖矣라,"그러므로 선왕(先王)이 천하의 부귀를 나누어 이 네 부류의 사람들과 함께하셨으니, 이 네 부류의 사람들이 직책을 잃지 않고 길러짐이 있으면 백성들이 안정된다.",라,False,라(대조군),Level1
춘추좌씨전1,341,2081,天子七月而葬하니 同軌畢至하고 諸侯五月하니 同盟至하고 大夫三月하니 同位至하고 士踰月하니 外姻至라,"천자(天子)는 7개월 만에 장사 지내니 동궤(同軌)가 모두 오고, 제후는 5개월 만에 장사 지내니 동맹국(同盟國)이 오고, 대부(大夫)는 3개월 만에 장사 지내니 같은 지위에 있는 관원(官員)이 오고, 사(士)는 달을 넘겨 장사 지내니 인척이 온다.",라,False,라(대조군),Level1
주역전의(상),75,418,朱漢上易卦變은 只變到三爻而止하여 於卦辭에 多有不通處러니 某更推盡去하여 方通이라,"주한상(朱漢上)의 역괘변(易卦變)은 다만 변함이 세 효(爻)에만 그쳐서 괘사(卦辭)에 통하지 않는 부분이 많이 있었는데, 내 다시 미루어 다해서 비로소 통하게 되었다.",라,False,라(대조군),Level1
서경집전(하),167,651,小明之詩首章云 我征徂西 二月初吉이라하고 三章云 昔我往矣엔 日月方燠이라하니 夫以二月爲燠이면 則燠之爲春爲木이 明矣라,"˂소명(小明)˃시(詩) 수장(首章)에 ‘내가 정벌하러 서쪽으로 갈 때는 2월 초하루였다.’ 하였고, 3장(章)에 ‘옛날 내가 정벌하러 갈 때에는 일월(日月)이 막 따뜻했다.’ 하였으니, 2월을 따뜻하다고 했다면 욱(燠)이 봄이 되고 목(木)이 됨이 분명하다.",라,True,라(대조군),Level1
자치통감강목1,365,909,是爲顯王이라,이가 바로 현왕(顯王)이다.,라,False,라(대조군),Level1
서경집전(상),47,362,諸侯始受命이면 天子錫以圭하나니 圭頭斜銳하고 其冒下斜刻하되 小大長短廣狹如之라가 諸侯來朝어든 天子以刻處로 冒其圭頭하여 有不同者면 則辨其僞也라,"제후가 처음 명을 받으면 천자가 규(圭)를 하사하는데, 규(圭)의 머리는 비스듬하고 뾰족하며 모(冒)의 아래에는 비스듬히 새기되 대소(大小)와 장단(長短)과 광협(廣狹)을 똑같이 하였다가 제후가 조회오면 천자가 새긴 곳을 규(圭)의 머리에 덮어 씌워 같지 않은 것이 있으면 거짓임을 분변한다.",라,False,라(대조군),Level1
당송팔대가문초소식1,4,11,"軾은 幼穎悟有識이러니 比冠에 博通經史하고 好賈誼, 陸贄, 莊子書라","소식(蘇軾)은 어려서 영오(穎悟)하여 지식이 있었는데, 관례(冠禮)할 때에 이르자 경사(經史)를 널리 통달하고 가의(賈誼)와 육지(陸贄)와 장자(莊子)의 책을 좋아하였다.",라,False,라(대조군),Level1
자치통감강목2,532,1400,此天下重任也라,이것은 천하의 중대한 임무입니다.,라,False,라(대조군),Level1
시경집전(상),2254,5214,如又不然이면 則雅頌之中에 凡爲農事而作者를 皆可冠以豳號라,만일 또 그렇지 않다면 아(雅)·송(頌)의 가운데에 모든 농사를 위하여 지은 것은 모두 빈(豳)이라는 칭호를 앞에 놓을 수 있을 것이다.,라,False,라(대조군),Level1
당송팔대가문초소순1,78,503,論葬禮甚透하니 當與劉向昌陵疏參看이라,"장례(葬禮)를 논함이 매우 투철하며, 마땅히 유향(劉向)의 〈창릉소(昌陵疏)〉와 참작하여 보아야 한다.",라,False,라(대조군),Level1
서경집전(하),426,1700,以人事言하면 則四方朝聘貢賦에 道里均焉이라,그리고 인사(人事)로 말하면 사방(四方)에서 조빙(朝聘)하고 공부(貢賦)함에 도로(道路)의 이수(里數)가 균등하다.,라,False,라(대조군),Level1
자치통감강목1,518,1397,六年이라,주(周)나라 신정왕(愼靚王) 6년이다.,라,False,라(대조군),Level1
당송팔대가문초유종원1,103,782,足下取二家言觀之면 則見畢子董子膚末於學而遽云云也리라,족하(足下)께서 두 학자가 한 말을 구하여 살펴본다면 필자(畢子)와 동자(董子)가 학문을 피상적으로 익히고서 함부로 운운하였다는 것을 알 수 있을 것입니다.,라,False,라(대조군),Level1
시경집전(상),593,1363,禰亦地名이니 皆自衛來時所經之處也라,"예(禰) 또한 지명이니, 모두 위(衛)나라로부터 시집올 때에 경유했던 곳이다.",라,False,라(대조군),Level1
당송팔대가문초구양수4,331,1501,李氏世家湖南하니 其父諱昭文은 官至國子博士하고 贈工部侍郞이라,이씨(李氏)는 대대로 호남(湖南)에 거주하였는데 그 부친 휘(諱) 소문(昭文)은 관직이 국자박사(國子博士)에 이르렀고 공부시랑(工部侍郞)에 추증(追贈)되었다.,라,False,라(대조군),Level1
논어집주,592,2160,怨은 猶悔也라,원(怨)은 후회〔悔〕와 같다.,라,False,라(대조군),Level1
주역전의(상),1881,5601,習坎者는 謂重險也니 上下皆坎은 兩險相重也라,"습감(習坎)은 중험(重險)을 이르니, 위아래가 모두 감(坎)인 것은 두 험함이 서로 중복된 것이다.",라,False,라(대조군),Level1
당송팔대가문초구양수1,162,1031,然則靑之流言이 軍士所喜는 亦其不得已而勢使之然也라,그렇고 보면 적청(狄靑)에 관한 유언비어가 생긴 것을 군사들이 좋아하는 것은 역시 부득이 형세가 그렇게 시킨 것입니다.,라,False,라(대조군),Level1
자치통감강목4,1193,2719,宜皆降之라하고 召武受辭라,"모두 강제로 항복시켜야 한다.” 하고는, 소무를 불러 답변하는 말(조사)을 받게 하였다.",라,False,라(대조군),Level1
서경집전(상),367,2089,其所稱西珥河者는 却與漢志葉楡澤으로 相貫이요 廣處可二十里니 旣足以界別二州라,"서이하(西珥河)라고 칭한 것은 ≪한지(漢志)≫의 엽유택(葉楡澤)과 서로 통하고, 넓은 곳은 20리쯤 되니, 이미 두 주(州)를 경계하여 구별할 수 있다.",라,False,라(대조군),Level1
당송팔대가문초유종원2,97,455,而二姓陵替하니 不聞延祚라,하지만 이들 두 성씨의 천하는 급속도로 쇠락하였으니 국운이 오래 유지되었다는 말은 듣지 못했다.,라,False,라(대조군),Level1
춘추좌씨전6,357,1535,政在季氏三世矣오 魯君喪政四公矣라,"정권(政權)이 계씨(季氏)에게 돌아간 지가 이미 3대(代)이고, 노군(魯君)이 정권(政權)을 상실(喪失)한 지가 이미 4대(代)입니다.",라,False,라(대조군),Level1
당송팔대가문초구양수1,52,412,是破其素定之約하고 乖其剋日之期라,이는 이미 정해놓은 적들의 약속을 깨뜨리고 정해놓은 적의 공격 시기를 어긋나게 하는 것입니다.,라,False,라(대조군),Level1
당송팔대가문초유종원1,22,140,皆付受所重이라 常繫心腑로되 然無可爲者라,이 책은 우리에게 넘겨준 사람이나 받은 우리나 모두 소중히 여기는 것이기에 항상 가슴속에서 떠나지 않음에도 불구하고 어떻게 해볼 도리가 없습니다.,라,False,라(대조군),Level1
주역전의(상),409,1403,地는 坤之象이니 亦一而已라,"땅은 곤(坤)의 상(象)이니, 역시 덕(德)이 똑같을 뿐이다.",라,False,라(대조군),Level1
당송팔대가문초왕안석2,442,2394,夫人吳氏니 亦有賢行하고 於是方娠也하니 未知其子之男女라,"부인(夫人) 오씨(吳氏) 또한 어진 행실이 있고, 지금 임신(姙娠) 중인데 아들을 낳을지 딸을 낳을지 알 수가 없다.",라,False,라(대조군),Level1
춘추좌씨전5,76,400,若不免이면 必由其子리라,만약 그가 화(禍)를 면하지 못한다면 그 화(禍)는 반드시 그 자식에게서 나올 것이다.,라,False,라(대조군),Level1
자치통감강목13,178,648,夫關中은 帝王所居니 未聞戎狄宜在此土也라,"관중(關中)은 제왕(帝王)이 거주하는 곳이니, 서융(西戎)과 북적(北狄)이 이 지역에 있어야 한다는 말을 듣지 못하였다.",라,False,라(대조군),Level1
당송팔대가문초구양수1,47,347,旣多是老病小怯之人이요 又無訓齊精練之法하니 此有敎兵之虛名 而無訓兵之實藝也라,"이미 노약자‧병자‧왜소한 자‧겁약한 자가 대부분이고 게다가 제대로 훈련하는 법도 없으니, 이는 군사를 훈련한다는 허명만 있고 군사를 훈련하는 실제 기예(技藝)는 없는 것입니다.",라,True,라(대조군),Level1
주역전의(하),1464,4424,孚于剝은 位正當也일새라,“박(剝)을 믿음은 자리가 바로 이에 해당되기 때문이다.”,라,False,라(대조군),Level1
시경집전(하),1570,3476,懷는 眷念也라,회(懷)는 돌아보고 생각함이다.,라,True,라(대조군),Level1
당송팔대가문초왕안석2,166,692,以宰仁和에 人譽用多라,인화현(仁和縣)의 재(宰)가 되자 사람들의 많은 칭찬을 받으셨네.,라,True,라(대조군),Level1
당송팔대가문초한유1,344,1638,愈少駑怯하야 於他藝能에 自度無可努力하고 又不通時事하야 而與世多齟齬하니 念終無以樹立이라,"나는 어려서부터 노둔하고 겁이 많아서, 다른 기예(技藝)에 노력해도 성공할 수 없다는 것을 스스로 헤아렸고, 또 세상일에 어두워서 세상 사람들과 맞지 않는 점이 많으니 끝내 아무것도 수립(樹立)할 수 없다고 생각하였습니다.",라,False,라(대조군),Level1
맹자집주,1865,5913,賊은 害也라,적(賊)은 해침이다.,라,False,라(대조군),Level1
맹자집주,828,2991,"君子,小人은 以位而言也라",군자(君子)와 소인(小人)은 지위로써 말한 것이다.,라,False,라(대조군),Level1
당송팔대가문초구양수5,39,265,光啓元年에 河中王重榮이 與宦者田令孜有隙하야 徙重榮兗州하고 以定州王處存爲河中節度使하고 詔克用하야 以兵護處存之鎭이라,광계(光啓) 원년(885)에 하중(河中) 왕중영(王重榮)이 환관인 전영자(田令孜)와 사이가 좋지 않아 왕중영을 연주(兗州)로 옮기고 정주(定州)의 왕처존(王處存)을 하중절도사(河中節度使)로 삼고 이극용(李克用)에게 조서(詔書)를 보내 병사를 동원해 왕처존의 진(鎭)을 호위하게 하였다.,라,False,라(대조군),Level1
당송팔대가문초구양수4,385,1718,有子曰損이니 試將作監主簿라,아들 손(損)은 장작감주부(將作監主簿)에 임용되었다.,라,False,라(대조군),Level1
시경집전(하),206,447,具는 俱也라,구(具)는 모두이다.,라,False,라(대조군),Level1
당송팔대가문초유종원1,283,1744,然而居朝廷 居官府 居庠塾鄕黨하여 以士大夫自名者는 反爭爲之不已하니 悲夫라,"그런데 조정에 있거나 관청에 있거나 또는 고을 학교와 향리에 있으면서 자칭 사대부(士大夫)라 하는 자들은 〈그와는 달리〉 도리어 앞다투어 〈이익을 중시하는〉 행위를 서슴없이 하고 있으니, 서글프다.",라,True,라(대조군),Level1
서경집전(하),485,1907,蓋洛邑之作은 周公이 本欲成王遷都하여 以宅天下之中이어늘 而成王之意는 則未欲捨鎬京而廢祖宗之舊라,"낙읍(洛邑)을 만든 것은 주공(周公)이 본래 성왕(成王)이 천도(遷都)하여 천하(天下)의 중앙에 머물게 하고자 한 것이었는데, 성왕(成王)의 뜻은 호경(鎬京)을 버려 조종(祖宗)의 옛 터전을 폐하려고 하지 않았다.",라,False,라(대조군),Level1
당송팔대가문초왕안석2,404,2222,隆親篤友하며 遇物愛慈라,"친족을 융숭하게 대하고, 벗들을 독실하게 대하였으며, 사람들을 자애롭게 대하였네.",라,True,라(대조군),Level1
주역전의(상),1812,5399,顚頤之吉은 上施光也일새라,“전이(顚頤)의 길(吉)함은 위의 베풂이 빛나기 때문이다.”,라,False,라(대조군),Level1
시경집전(하),1824,4113,依는 安也라,의(依)는 편안함이다.,라,False,라(대조군),Level1
시경집전(하),2102,4692,賦也라,부(賦)이다.,라,False,라(대조군),Level1
시경집전(상),2294,5323,獨言將母者는 因上章之文也라,홀로 장모(將母)라고만 말한 것은 상장(上章)의 글을 인한 것이다.,라,False,라(대조군),Level1
당송팔대가문초한유1,170,819,欲事干謁하니 則患不能小書하야 困於投刺하고 欲學爲佞하니 則患言訥詞直하야 卒事不成하고 徒使其躬儳焉 而不終日이라,"벼슬을 구하기 위해 고관(高官)을 만나보려니 소자(小字)를 잘 쓰지 못하는 탓에 명함(名銜)을 전하기가 곤란하고, 아첨을 배우려니 말이 굼뜨고 솔직한 탓에 끝내 뜻한 일은 이루지 못하고 한갓 몸만을 천하게 만들어 하루도 편히 살지 못하게 될 것입니다.",라,False,라(대조군),Level1
중용장구,201,575,贊은 猶助也라,찬(贊)은 조(助)와 같다.,라,False,라(대조군),Level1
당송팔대가문초구양수3,504,2206,公至則移檄交趾하야 召其臣費嘉祐하야 詰責之한대 嘉祐皇恐하야 對曰 種落犯邊하니 罪當死라,"공이 도착함에 교지에 격문(檄文)을 보내 그 신하 비가우(費嘉祐)를 불러들여 힐문하자, 가우(嘉祐)가 황공해하면서 대답하기를 “부락 사람들이 변경을 침범하였으니 죄가 죽어 마땅합니다.",라,False,라(대조군),Level1
자치통감강목13,80,325,舒所爲에 必先行而後言하니 遜位之際에 莫有知者라,"위서는 무슨 일을 할 적에 반드시 행동을 먼저 하고 말을 뒤에 하니, 자리를 사양할 적에 아는 자가 없었다.",라,False,라(대조군),Level1
서경집전(하),915,3422,介는 大也라,개(介)는 큼이다.,라,False,라(대조군),Level1
자치통감강목18,727,2377,璉壽百餘歳라,고련(高璉)은 향년이 100여 세였다.,라,False,라(대조군),Level1
논어집주,1733,5465,三桓은 三家니 皆桓公之後라,"삼환(三桓)은 삼가(三家)이니, 모두 환공(桓公)의 후손이다.",라,False,라(대조군),Level1
시경집전(하),1549,3428,比于는 至于也라,비우(比于)는 지우(至于)이다.,라,False,라(대조군),Level1
자치통감강목10,150,222,使君이 誅其無道하고 撫而用之하면 一州之人이 有樂存之心하여 聞君威德하고 必襁負而至矣리라,사군(使君)께서 그중에 무도한 자를 주살하고 어루만져서 쓰면 한 주(州)의 모든 사람들이 살아남은 것을 즐거워하는 마음이 있어서 군(君)의 위엄과 덕망을 듣고는 반드시 강보(襁褓)로 아이를 싸서 등에 업고 올 것입니다.,라,False,라(대조군),Level1
주역전의(상),1005,3086,否之時엔 在下者君子也라,비(否)의 때에는 아래에 있는 자가 군자(君子)이다.,라,False,라(대조군),Level1
당송팔대가문초증공1,151,897,乃所以怠且蔽之也라,이는 곧 저로 하여금 학문을 게을리 하고 또 앞으로 진보하는 길을 잃어버리게 하는 것이기 때문입니다.,라,True,라(대조군),Level1
시경집전(상),1505,3450,公行은 卽公路也니 以其主兵車之行列이라 故로 謂之公行也라,"공행(公行)은 바로 공로(公路)이니, 병거(兵車)의 행렬(行列)을 주관하기 때문에 공행(公行)이라 이른 것이다.",라,False,라(대조군),Level1
자치통감강목4,1130,2580,二年이라,한(漢)나라 세종(世宗) 효무황제(孝武皇帝) 태초(太初) 2년이다.,라,False,라(대조군),Level1
시경집전(하),1244,2685,鶖는 禿鶖也라,추(鶖)는 독추(禿鶖)이다.,라,False,라(대조군),Level1
서경집전(하),1039,3874,且刑獄은 非所恃以爲治也니 天以是整齊亂民하여 使我爲一日之用而已라,"또 형옥(刑獄)은 믿고서 다스릴 수 있는 것이 아니니, 하늘이 이로써 어지러운 백성들을 정제(整齊)하여 나로 하여금 하루의 씀을 하게 할 뿐이다.",라,False,라(대조군),Level1
예기집설대전2,773,1100,周官에 凡施於神者는 皆曰明이라,≪주례(周禮)≫ 〈추관(秋官) 사훼씨(司烜氏)〉에서는 신에게 베풀어지는 모든 물품은 모두 명(明)자를 붙여서 불렀다.,라,False,라(대조군),Level1
논어집주,550,2038,此弟子善形容聖人處也라,“이것은 제자(弟子)가 성인(聖人)을 잘 형용한 부분이다.,라,False,라(대조군),Level1
춘추좌씨전1,1021,3402,原仲은 季友之舊也라,원중은 계우(季友)의 벗이다.,라,False,라(대조군),Level1
당송팔대가문초구양수3,65,224,居相國浮圖하야 不出其戶가 十五年이라,상국사(相國寺)에 거처하며 문을 나서지 않은 지 15년이 되었다.,라,False,라(대조군),Level1
춘추좌씨전7,267,941,齊侯從之한대 孔丘以公退曰 士는 兵之하라,"제후(齊侯)가 그의 말을 받아들여 그렇게 하자, 공구(孔丘)는 정공(定公)을 모시고 물러가면서 말하기를 “병사(兵士)들은 저 내인(萊人)을 공격하라.",라,False,라(대조군),Level1
당송팔대가문초유종원2,1,3,非子厚之困且久면 不能以搜巖穴之奇요 非巖穴之怪且幽면 亦無以發子厚之文이라,"곤궁한 처지에다 또 오래 거주한 자후(子厚)가 아니면 바위굴의 기묘한 경관을 더듬어 찾을 수 없고, 기괴하고 또 유심(幽深)한 바위굴이 아니면 자후(子厚)의 문장을 밖으로 드러낼 수 없었을 것이다.” 하였다.",라,True,라(대조군),Level1
주역전의(하),242,705,鼫鼠貞厲는 位不當也일새라,“‘서서정려(鼫鼠貞厲)’는 자리가 마땅하지 않기 때문이다.”,라,False,라(대조군),Level1
당송팔대가문초구양수2,161,612,竊復自念 好嗜與俗異馳라,다시 스스로 생각해보건대 나는 기호(嗜好)가 세상 사람들과 매우 다릅니다.,라,False,라(대조군),Level1
예기집설대전2,86,112,拜而后稽顙은 先致敬也요 稽顙而後拜는 先致哀也라,"‘절한 뒤에 머리를 조아리는 것’은 먼저 공경을 지극히 하는 것이며, ‘머리를 조아린 뒤에 절하는 것’은 먼저 슬픔을 지극히 하는 것이다.",라,False,라(대조군),Level1
논어집주,1067,3507,可以見其爲人矣라,그 인품을 알 수 있다.,라,False,라(대조군),Level1
당송팔대가문초유종원1,202,1336,有樂行其政者하니 以理天下爲悅者也라,"자기가 정치를 행하는 것을 즐거워하는 자가 있으니, 천하를 다스리는 것을 기쁨으로 삼는 자입니다.",라,True,라(대조군),Level1
당송팔대가문초소순1,345,2176,凡朝廷稍所優異者는 不復官之廣南川峽하고 而其人亦以廣南川峽之官爲失職庸人하여 無所歸하여 故로 常聚於此라,"조정에서 조금이라도 우수하거나 특별한 재능을 가진 자는 더 이상 광남(廣南)․천협(川峽)의 관리로 가지 않고, 그곳 사람 또한 광남(廣南)․천협(川峽)으로 오는 관리들이 실직한 평범한 사람들로 갈 곳이 없어 늘 이곳으로 모인다고 생각한다.",라,False,라(대조군),Level1
당송팔대가문초구양수2,291,1069,故曰 由不正與不一然後에 正統之論作也라하노라,그러므로 “바르지 못하고 통일되지 않은 것으로 말미암은 연후에 정통(正統)의 논의가 일어나게 되는 것이다.”라고 말했던 것이다.,라,False,라(대조군),Level1
맹자집주,675,2383,吾聞用夏變夷者요 未聞變於夷者也로라,"나는 중화(中華)의 법을 써서 오랑캐의 도(道)를 변화시켰다는 말은 들었고, 오랑캐에게 변화 당했다는 말은 듣지 못하였노라.",라,True,라(대조군),Level1
시경집전(상),963,2259,故로 其民悅而忘死라,그러므로 백성들이 좋아하여 죽음을 잊었던 것이다.,라,True,라(대조군),Level1
주역전의(하),852,2510,升者는 自下而上이니 自下升上은 以力進也니 不已면 必困矣라,"승(升)은 아래로부터 올라가는 것이니, 아래로부터 위로 오름은 힘으로써 나아감이니, 그치지 않으면 반드시 곤(困)하다.",라,False,라(대조군),Level1
당송팔대가문초구양수1,395,2044,況如懷德은 在法非輕하고 於事體又重이라,하물며 회덕 같은 자는 법에 있어 그 죄가 가볍지 않고 일의 체통에 있어서도 중대합니다.,라,False,라(대조군),Level1
당송팔대가문초소순1,399,2524,外亂不作이나 變且中起니 不可以文令이요 又不可以武競이라,"외란(外亂)이 일어나지는 않았으나, 변고가 안에서 일어날 수도 있으니, 문덕(文德)으로 교화할 수도 없고 또 무력(武力)으로 억누를 수도 없는 형편이다.",라,False,라(대조군),Level1
당송팔대가문초한유3,151,893,君弟復도 亦進士라 佐汴宋에 得疾하야 變易喪心하야 驚惑不常이라,"장군(張君)의 아우 장복(張復)도 진사(進士)로 변(汴)‧송(宋)(의무절도사(宜武節度使))을 보좌하였는데, 정신병에 걸려 행동이 평소와 다르고 겁을 냈다 의심했다 하는 것이 일정하지 않았다.",라,False,라(대조군),Level1
자치통감강목17,502,1739,是皆不勝其忿而有增於疾疢也라,이는 모두 그 분노를 견디지 못하고 병을 더 증대시키는 것이다.,라,False,라(대조군),Level1
서경집전(하),210,768,李氏曰 穆者는 敬而有和意니 穆卜은 猶言共卜也라,"이씨(李氏)가 말하기를 “목(穆)은 공경하고 화한 뜻이 있으니, 목복(穆卜)은 공복(恭卜)이란 말과 같다.” 하였다.",라,False,라(대조군),Level1
자치통감강목3,650,1494,六年이라,한(漢)나라 고황후(高皇后) 여씨(呂氏) 6년이다.,라,False,라(대조군),Level1
논어집주,1549,4963,總己는 謂總攝己職이라,총기(總己)는 자기의 직책을 총괄하는 것이다.,라,False,라(대조군),Level1
주역전의(하),1833,5383,陰精陽氣가 聚而成物은 神之伸也요 魂游魄降하여 散而爲變은 鬼之歸也라,"음(陰)의 정(精)과 양(陽)의 기(氣)가 모여서 물건을 이룸은 신(神)의 펴짐이요, 혼(魂)이 돌아다니고 백(魄)이 내려와서 흩어져 변(變)이 됨은 귀(鬼)의 돌아감이다.",라,True,라(대조군),Level1
예기집설대전2,1197,1719,故言孺子其圖之也라,그러므로 ‘유자(孺子)는 그것을 도모하라’고 말한 것이다.,라,False,라(대조군),Level1
주역전의(하),888,2636,金車爲九二象은 未詳하니 疑坎有輪象也라,"금거(金車)가 구이(九二)의 상(象)이 됨은 자세하지 않으니, 의심컨대 감(坎)에 수레바퀴의 상(象)이 있는 듯하다.",라,False,라(대조군),Level1
당송팔대가문초왕안석1,461,2030,待之以歲月之久로되 而終不化면 則放棄殺戮之刑이 隨其後하니 此舜所謂威之者也라,"오랜 세월을 기다려도 끝내 교화(敎化)되지 않으면 유배형(流配刑)과 사형(死刑)이 뒤따르게 하였으니, 이것이 순임금이 이른바 그들을 두려워하게 하였다는 것이다.",라,False,라(대조군),Level1
춘추좌씨전2,336,1128,天子凶服이면 降名이 禮也라,천자(天子)가 흉복(凶服)을 입으면 명칭(名稱)을 낮추는 것이 예(禮)이다.,라,True,라(대조군),Level1
주역전의(상),934,2873,五以陽剛乾體로 居至尊之位하여 任其剛決而行者也니 如此則雖得正이나 猶危厲也라,"오(五)는 양강(陽剛) 건체(乾體)로 지극히 높은 지위에 거하여 강결(剛決)에 맡겨 행하는 자이니, 이와 같이하면 비록 정(正)을 얻더라도 오히려 위태롭다.",라,False,라(대조군),Level1
서경집전(상),113,780,罪疑는 惟輕하시고 功疑는 惟重하시며 與其殺不辜론 寧失不經이라하사 好生之德이 洽于民心이라,"죄가 의심스러운 것은 가볍게 형벌하시고 공이 의심스러운 것은 중하게 상주시며, 불고(不辜)한 사람을 죽이기보다는 차라리 떳떳한 법대로 하지 않은 실수를 범하겠다 하시어 살려주기를 좋아하는 덕(德)이 민심에 흡족하십니다.",라,True,라(대조군),Level1
시경집전(하),2317,5161,受命은 蓋卽位除喪하여 以士服入見天子而聽命也라,명(命)을 받았다는 것은 즉위(卽位)하여 상(喪)을 마치고서 선비의 복장을 입고 들어와 천자(天子)를 뵙고 명령을 듣는 것이다.,라,False,라(대조군),Level1
시경집전(하),2700,5994,造는 成也라,조(造)는 이룸이다.,라,False,라(대조군),Level1
시경집전(하),1660,3716,故로 作此詩하여 以推本其始生之祥하여 明其受命於天이 固有以異於常人也라,그러므로 이 시(詩)를 지어 그 처음 태어날 때의 상서로움을 미루어 근본하여 하늘에서 명(命)을 받음이 진실로 보통사람과 다름이 있음을 밝힌 것이다.,라,False,라(대조군),Level1
춘추좌씨전1,542,2505,君子以督爲有無君之心而後動於惡이라,송독(宋督)이 공보(孔父)를 먼저 죽였는데도 경(經)에 시군(弑君)을 먼저 기록한 것에 대해 군자(君子)는 “독(督)이 먼저 임금을 무시하는 마음이 있었기 때문에 뒤에 대신(大臣)을 죽이는 못된 행동을 한 것이다.,라,False,라(대조군),Level1
맹자집주,2160,6665,君子는 反經而已矣니 經正이면 則庶民興하고 庶民興이면 斯無邪慝矣리라,"군자(君子)는 떳떳한 도(道)를 회복할 뿐이니, 경도(經道)가 바루어지면 서민(庶民)이 ˂선(善)에˃ 흥기 하고, 서민(庶民)이 흥기 하면 사특(邪慝)함이 없어질 것이다.”",라,False,라(대조군),Level1
당송팔대가문초한유3,144,855,男三人이니 璟質皆旣冠이요 其季始六歲니 曰充郞이라,"아들 셋을 두었는데, 경(璟)과 質은 모두 관례(冠禮)를 거행하였고, 막내는 이제 막 여섯 살로 이름은 충랑(充郞)이다.",라,True,라(대조군),Level1
서경집전(상),169,1204,疆理宇內는 乃人君之事니 非人臣之所當專者라,"우내(宇內)를 구획하고 다스림은 바로 군주의 일이니, 신하가 독단할 수 있는 것이 아니다.",라,False,라(대조군),Level1
시경집전(하),225,492,言 我心之憂如結者는 爲國政之暴惡故也라,“내 마음의 근심이 맺혀 있는 듯한 것은 국정이 포악하기 때문이다.,라,True,라(대조군),Level1
시경집전(상),1854,4211,王于興師는 以天子之命而興師也라,왕우흥사(王于興師)는 천자(天子)의 명령에 따라 군대를 일으키는 것이다.,라,False,라(대조군),Level1
서경집전(상),143,993,師師는 相師法也니 言百僚皆相師法하여 而百工이 皆及時以趨事也라,"사사(師師)는 서로 스승삼고 법받는 것이니, 백료(百僚)가 모두 서로 스승삼고 법받아서 백공(百工)이 다 때에 미쳐 일에 달려가는 것이다.",라,False,라(대조군),Level1
시경집전(하),535,1181,反側은 反覆不正直也라,반측(反側)은 반복하여 정직(正直)하지 않은 것이다.,라,False,라(대조군),Level1
당송팔대가문초소순1,128,807,而君父兄이 又不可以不得其臣子弟之拜而徒爲其君父兄이니 於是에 聖人者가 又有術焉以厭服其心하여 而使之肯拜其君父兄이라,"그러나 임금과 아비, 형은 또한 그 신하와 아들, 아우의 절을 받지 못하면서 다만 그 임금과 아비, 형이 될 수는 없으니, 이에 성인(聖人)이 또 술책을 가지고 그 마음을 눌러 복종시켜 그들로 하여금 기꺼이 임금과 아비, 형에게 절을 하게 한 것이다.",라,False,라(대조군),Level1
논어집주,1615,5163,鄭聲佞人은 能使人喪其所守라,정(鄭)나라 음악과 말 잘하는 사람은 사람으로 하여금 그 지킬 바를 상실하게 한다.,라,False,라(대조군),Level1
자치통감강목6,1089,2406,司直陳崇이 劾奏寶하여 事下三公하니 卽訊寶에 對如章이라,"사직(司直) 진숭(陳崇)이 손보를 탄핵하여 아뢰자 이 일을 삼공(三公)에게 회부하였는데, 나아가 손보를 신문하니, 탄핵한 글과 똑같다고 대답하였다.",라,False,라(대조군),Level1
당송팔대가문초왕안석1,311,1478,某則以謂 大人之窮達에 能이라도 無悅戚於吾心이오 不能이라도 毋欲達이라,"모(某)는 생각하기를, 대인(大人)의 궁달(窮達)에 대한 태도는, 잘되어도 내 마음에 기쁨이나 슬픔이 없고 잘못되어도 현달을 추구하고자 함이 없는 것이오.",라,False,라(대조군),Level1
시경집전(상),1748,3947,旣見君子라 竝坐鼓瑟호라,이미 군자(君子)를 만났기에 함께 앉아 비파를 타노라,라,True,라(대조군),Level1
당송팔대가문초한유2,168,736,凡人之事三十有二요 爲人大小百二十有三이나 而莫有同者焉이라,"사람들의 행위를 그린 것이 모두 서른두 가지이고, 어른과 어린아이가 모두 백스물세 사람인데, 같은 것이 하나도 없다.",라,False,라(대조군),Level1
시경집전(하),1051,2305,出은 去요 伐은 害요 孔은 甚이요 令은 善也라,"출(出)은 떠남이요, 벌(伐)은 해침이요, 공(孔)은 심함이요, 영(令)은 좋음이다.",라,True,라(대조군),Level1
자치통감강목9,263,380,冀州民饑하여 流亡이 數十萬戶라,기주(冀州)의 백성들이 굶주려서 유리(流離)하여 도망한 자가 수십만 호(戶)였다.,라,True,라(대조군),Level1
춘추좌씨전2,312,950,書曰子라하니 杞夷也라,‘자(子)’라고 기록하였으니 이는 기(杞)나라가 오랑캐의 예(禮)를 행하였기 때문이다.,라,False,라(대조군),Level1
시경집전(하),2650,5888,賦也라,부(賦)이다.,라,True,라(대조군),Level1
자치통감강목3,1532,3487,四年이라,한(漢)나라 효경황후(孝景皇后) 4년이다.,라,False,라(대조군),Level1
시경집전(상),1243,2897,此는淫女之詞라,이는 음탕한 여자의 말이다.,라,False,라(대조군),Level1
시경집전(하),1252,2702,有扁然而卑之石은 則履之者亦卑矣니 如妾之賤이면 則寵之者亦賤矣라,"편연(扁然)히 낮은 돌은 밟는 자도 또한 낮아지니, 첩(妾)이 천하면 그를 총애(寵愛)하는 자도 또한 낮아지는 것과 같다.",라,False,라(대조군),Level1
당송팔대가문초유종원2,86,364,有初爲近이라,원시단계가 있었다는 주장이 실제정황에 근접할 것이라고 말이다.,라,True,라(대조군),Level1
당송팔대가문초구양수6,255,1784,其兄珽은 唐末에 擧進士及第하야 爲監察御史라,그의 형 이정(李珽)은 당(唐)나라 말엽에 진사시(進士試)에 응시하여 급제하여 감찰어사(監察御史)가 되었다.,라,False,라(대조군),Level1
자치통감강목14,459,1428,代髙祖什翼犍建國元年이라,대(代)나라 고조(髙祖) 탁발십익건(拓跋什翼犍) 건국(建國) 원년이다.,라,False,라(대조군),Level1
서경집전(하),44,181,乃一德一心하여 立定厥功하여 惟克永世하라,너희들은 덕(德)을 한결같이 하고 마음을 한결같이 하여 공을 세워 능히 세상을 영원토록 하라.”,라,True,라(대조군),Level1
자치통감강목10,1468,2316,備過辭表墓하고 涕泣而去러니 比到當陽에 衆이 十餘萬人이요 輜重이 數千兩이라,"유비(劉備)가 유표(劉表)의 묘에 들러 하직하고 눈물을 흘리며 떠나갔는데, 당양(當陽)에 이르자 무리가 10여만 명이고 치중(輜重)(짐수레)이 수천 대였다.",라,True,라(대조군),Level1
시경집전(하),274,613,方處는 方居其所하여 未變徙也라,방처(方處)는 막 그곳에 거처하여 변하거나 옮기지 않는 것이다.,라,False,라(대조군),Level1
맹자집주,343,1283,是以로 無所愧怍하여 而此氣自然發生於中이요 非由只行一事가 偶合於義하여 便可掩襲於外而得之也라,"이 때문에 마음에 부끄러운 바가 없어서 이 호연지기(浩然之氣)가 자연히 심중에 발생되는 것이요, 다만 한 가지 일을 행한 것이 우연히 의(義)에 합함으로 말미암아 곧 밖에서 엄습하여 얻어지는 것이 아니다.",라,True,라(대조군),Level1
주역전의(상),617,1992,坎爲水하니 水近則有沙라,"감(坎)은 물이 되니, 물이 가까우면 모래가 있다.",라,False,라(대조군),Level1
자치통감강목17,646,2151,宋元嘉二十六年이요 魏太平眞君十年이라,"송(宋)나라 태조(太祖) 문제(文帝) 유의륭(劉義隆) 원가(元嘉) 26년이고, 북위(北魏) 세조(世祖) 태무제(太武帝) 탁발도(拓跋燾) 태평진군(太平眞君) 10년이다.",라,False,라(대조군),Level1
자치통감강목7,749,1016,或이 以告太守銚期한대 期召問熊하니 熊首服이라,"혹자가 이 사실을 태수(太守) 요기(銚期)에게 고하자, 요기가 이웅을 불러 물으니, 이웅이 자백하였다.",라,False,라(대조군),Level1
당송팔대가문초유종원2,322,2047,崔氏世嗣文章하니 君又益工하고 博知古今事하여 給數敏辯이라,"최씨(崔氏)는 대대로 문장 솜씨를 계승했는데 최군(崔君)은 그중에서도 더욱 뛰어났으며, 고금의 역사사실을 두루 알아 민첩하고 언변이 뛰어났다.",라,True,라(대조군),Level1
예기집설대전2,351,504,觀其將死喜幸之言하면 足以見其平生恐懼之意니 正學者가 所當用力也라,"자장이 죽으려 할 때 기뻐하고 다행으로 여긴 말을 살펴보면 그가 평소에 두려워한 뜻을 충분히 볼 수 있으니, 바로 배우는 자가 마땅히 힘써야 할 바인 것이다.",라,False,라(대조군),Level1
춘추좌씨전8,26,64,君憚告子ᄅ새 野曰 嘗私焉이라하니 君欲速이라,"그러면서도 임금님께서 직접 좌사(左師)께 말하기를 어려워하시기에, 내가 ‘한번 사사로이 말해보겠습니다.’라고 하였더니, 임금님께서는 속히 다녀오기를 바라셨습니다.",라,False,라(대조군),Level1
시경집전(상),2058,4668,朝隮는 雲氣升騰也라,조제(朝隮)는 구름기운이 위로 올라가는 것이다.,라,True,라(대조군),Level1
주역전의(상),998,3071,陰柔在內하고 陽剛在外하며 君子往居於外하고 小人來處於內하니 小人道長하고 君子道消之時也라,"음유(陰柔)가 안에 있고 양강(陽剛)이 밖에 있으며, 군자(君子)가 가서 밖에 거하고 소인(小人)이 와서 안에 처하니, 소인(小人)의 도(道)가 자라나고 군자(君子)의 도(道)가 사라지는 때이다.",라,False,라(대조군),Level1
당송팔대가문초구양수6,253,1777,世宗取淮南하고 定三關하니 威武之振이 自高平始라,세종이 회남(淮南)을 취하고 삼관(三關)을 평정하였는데 위무(威武)가 떨쳐지기 시작한 것은 고평 전투에서부터였다.,라,False,라(대조군),Level1
서경집전(하),2,5,上篇은 未渡河作이요 後二篇은 旣渡河作이라,"상편(上篇)은 하수(河水)를 건너기 전에 지은 것이고, 뒤의 두 편(篇)은 이미 하수(河水)를 건넌 뒤에 지은 것이다.",라,False,라(대조군),Level1
당송팔대가문초한유3,253,1407,以爲諫議大夫하야 命且下에 遂病以卒하니 年若干이라,그를 간의대부(諫議大夫)로 삼고서 임명장(任命狀)을 내리려 하였는데 마침내 병으로 졸(卒)하였으니 향년이 약간(若干) 세(歲)였다.,라,False,라(대조군),Level1
자치통감강목6,849,1881,陛下爲天牧養元元하시니 視之를 當如一이라,"폐하께서는 하늘을 위해서 선량한 백성들을 기르시니, 백성들을 마땅히 똑같이 보셔야 합니다. ",라,False,라(대조군),Level1
당송팔대가문초구양수2,95,321,歲月其忽에 徒有志於分陰이요 英俊竝遊에 方問途而孤進이라,"세월은 덧없이 흐르니 한갓 촌음(寸陰)을 아낄 생각은 있지만, 영재(英才)들과 함께 노닐면서 바야흐로 길을 물어 홀로 나아갔습니다.",라,True,라(대조군),Level1
당송팔대가문초유종원2,220,1167,乾坤之量이 包含海岳이로되 臣身甚微 無所投足이라,천지의 도량이 바다와 산악도 포용하지만 신의 작디작은 이 몸은 발붙일 곳이 없습니다.,라,True,라(대조군),Level1
당송팔대가문초구양수1,99,706,臣請爲陛下條列而辨之하리라,신이 폐하를 위해 조목조목 변별할까 합니다.,라,False,라(대조군),Level1
자치통감강목6,772,1702,"孝文時에 吏居官者 或長子孫하여 以官爲氏하니 倉氏, 庫氏는 則倉庫吏之後也라","효문제(孝文帝) 때에 관리로서 관직을 맡았던 자 중에 혹자는 자손에게까지 연장하여 관직을 씨(氏)로 삼았으니, 창씨(倉氏)와 고씨(庫氏)는 바로 창고를 맡은 관리의 후손입니다.",라,False,라(대조군),Level1
시경집전(상),990,2318,行邁靡靡하여 中心搖搖호라,길 가기를 더디고 더디하여 중심에 울렁거리노라,라,True,라(대조군),Level1
자치통감강목18,169,604,初에 子業既殺諸公에 恐群下謀己하여 以直閤將軍宗越沈攸之等有勇力이라하여 引爲爪牙하고 賞賜充牣하니 越等皆爲盡力이라,"예전에 유자업이 여러 공(公)들을 주살하고 나서 아랫사람들이 자신을 도모할까 두려워하여 직합장군(直閤將軍) 종월(宗越), 심유지(沈攸之) 등이 용력(勇力)이 있다고 하여 그들을 불러와서 조아(爪牙)(심복)로 삼고 포상이 가득하니 종월(宗越) 등이 유자업을 위해 진력을 다하였다.",라,False,라(대조군),Level1
당송팔대가문초유종원2,270,1585,彼得之而不辭하여 窮萬世而不變者는 有其實也라,"저것들이 이처럼 나쁜 이름을 얻고도 거부하지 못하고, 천만 대가 지나도 바꾸지 못하는 것은, 그 실제정황과 명칭이 서로 부합하기 때문이다.",라,False,라(대조군),Level1
시경집전(하),2381,5297,周는 岐周也라,주(周)는 기주(岐周)이다.,라,False,라(대조군),Level1
시경집전(하),1085,2375,芹은 水草可食이라,근(芹)은 수초(水草)로써 먹을 수 있다.,라,False,라(대조군),Level1
서경집전(하),876,3275,奠은 定이요 麗는 依也라,"전(奠)은 정함이고, 여(麗)는 의지함이다.",라,False,라(대조군),Level1
당송팔대가문초증공1,348,1903,談者謂南越偏且遠하여 其風氣與中州異라,담론하는 사람들은 다음과 같이 말한다. 남월(南越)은 구석진데다 먼 곳에 위치해 있어 그곳의 풍토와 기후는 중원과 다르다.,라,False,라(대조군),Level1
예기집설대전2,1168,1674,故命己子爲主하야 受弔拜賓也라,그러므로 자기의 아들에게 명해서 상주가 되도록 하여 조문을 받고 손님에게 절을 하도록 한 것이다.,라,False,라(대조군),Level1
맹자집주,1279,4391,見孔子는 巧力俱全而聖智兼備하고 三子則力有餘而巧不足이라,"공자(孔子)는 재주와 힘이 모두 온전하여 성(聖)과 지(智)를 겸비하셨고, 세 분인즉 힘은 유여(有餘)하나 재주가 부족하였다.",라,False,라(대조군),Level1
서경집전(상),430,2421,峻은 高大也요 宇는 棟宇也요 彫는 繪飾也라,"준(峻)은 높고 큼이요, 우(宇)는 동우(棟宇)요, 조(彫)는 그리고 꾸미는 것이다.",라,False,라(대조군),Level1
논어집주,1021,3404,葬可以無槨이요 驂可以脫而復求며 大夫不可以徒行이요 命車不可以與人而鬻諸市也라,"이번 초상에는 외관이 없어도 되고 곁말은 벗겼다가 다시 구할 수도 있으며, 대부(大夫)는 걸어다닐 수 없고, ˂임금께서 하사한˃ 명거(命車)는 남에게 주어서 시장에 팔게 할 수 없기 때문이다.",라,False,라(대조군),Level1
당송팔대가문초구양수4,16,85,初娶吳氏는 追封蘭陵郡夫人하고 再娶何氏는 封南康郡夫人이라,"초취(初娶) 오씨(吳氏)는 난릉군부인(蘭陵郡夫人)에 추봉되었고, 재취(再娶) 하씨(何氏)는 남강군부인(南康郡夫人)에 봉해졌다.",라,False,라(대조군),Level1
자치통감강목5,964,2217,乘船은 危하고 就橋는 安이라,배를 타는 것은 위태롭고 다리로 건너가는 것은 편안합니다.,라,False,라(대조군),Level1
춘추좌씨전2,639,2054,八年春王正月이라,8년 봄 주왕(周王) 정월(正月)이다.,라,False,라(대조군),Level1
주역전의(상),940,2890,是以元吉이라,이 때문에 크게 선(善)하고 길(吉)한 것이다.,라,True,라(대조군),Level1
당송팔대가문초소식2,36,153,謹按 澈所論은 文指雅馴하고 考驗經史하야 皆有援據하니 此乃內舍生員之優者라,"삼가 살펴보건대, 마철(馬澈)이 논한 것은 글 뜻이 고상하고 잘 다듬어졌으며 경전과 역사책을 상고하고 징험하여 모두 근거가 있으니, 이는 바로 내사생원(內舍生員) 중에 우수한 자입니다.",라,False,라(대조군),Level1
당송팔대가문초구양수5,50,373,存勖은 年十一에 從克用하야 破王行瑜라,이존욱은 나이 11세에 이극용을 따라 왕행유(王行瑜)을 격파하였다.,라,False,라(대조군),Level1
주역전의(상),178,860,此第三營之半이라,이것이 제 3영(營)의 반(半)이다.,라,True,라(대조군),Level1
서경집전(하),813,3079,掌刑을 不曰刑而曰禁者는 禁於未然也라,형(刑)을 관장함을 형(刑)이라고 말하지 않고 금(禁)이라고 말한 것은 미연에 금하기 때문이다.,라,False,라(대조군),Level1
자치통감강목12,202,804,兵聞拙速이요 未覩巧久라,“군대는 서툴러도 신속히 하여 승리한다는 말은 들었어도 정교하게 오래도록 지체하는 것은 보지 못하였습니다.,라,False,라(대조군),Level1
서경집전(상),157,1099,帝深然之하시고 而禹又推其所以謹在位之意하시니 如下文所云也라,"제순(帝舜)이 이 말씀을 깊이 옳게 여기고, 우(禹)가 또 제위(帝位)에 있음을 삼가라는 뜻을 미루었으니, 하문(下文)에 말한 바와 같다.",라,False,라(대조군),Level1
자치통감강목4,290,719,氣同則從하고 聲比則應하나니 今人主和德於上이면 百姓和合於下라,"기운이 같으면 따르고 음성이 온화하면 응하니, 지금 임금이 위에서 온화한 덕이 있으면 백성들이 아래에서 임금의 덕에 화합합니다.",라,False,라(대조군),Level1
자치통감강목12,449,1692,有司固請한대 詔曰 患在不能篤孝니 勿以毁傷爲憂하라,"유사가 강력하게 요청하니 조서를 내리기를 “우려되는 점은 효도를 돈독하게 할 수 없을까 하는 데에 있으니, 몸이 수척해져 손상될까 하는 것은 근심하지 말라.",라,False,라(대조군),Level1
당송팔대가문초구양수6,122,865,守光被圍經年에 累戰常敗하야 乃遣客將王遵化致書於德威曰 予得罪於晉이어늘 迷而不復이라,유수광(劉守光)이 포위된 지 한 해가 지나도록 여러 번 싸워 늘 패하자 이에 객장(客將) 왕준화(王遵化)를 보내 주덕위(周德威)에게 편지를 보내 말하기를 “내가 진(晉)나라에 죄를 지었는데 어리석어 뉘우치지 못하였습니다.,라,False,라(대조군),Level1
당송팔대가문초소식2,422,1780,嗚呼라,아!,라,True,라(대조군),Level1
주역전의(하),775,2305,二應五而雜於二陰之間하니 必牽引以萃라야 乃吉而无咎요 又二中正柔順으로 虛中以上應하고 九五剛健中正으로 誠實而下交라,"이(二)는 오(五)와 응(應)하는데 두 음(陰)의 사이에 섞여 있으니, 반드시 끌어당겨 모여야 비로소 길(吉)하여 허물이 없을 것이요, 또 이(二)는 중정유순(中正柔順)으로 마음을 비우고 위에 응(應)하며, 구오(九五)는 강건중정(剛健中正)으로 성실하여 아래와 사귄다.",라,False,라(대조군),Level1
자치통감강목13,745,2464,曰 王室有事하니 不忘投軀하여 前遣賈騫하여 瞻公舉動이러니 中被符命하여 勅騫還軍이라,"“황실(皇室)에 위태로운 일이 있으므로 몸을 바쳐 충성할 것을 잊지 아니하여, 지난번에 가건(賈騫)을 보내서 공(公)의 거동을 살펴보게 하였는데, 중간에 내려보낸 부절(符節)을 받고서 가건에게 명하여 군대를 돌아오게 하였습니다.",라,False,라(대조군),Level1
당송팔대가문초구양수3,28,94,予讀此文에 往往欲流涕라,내가 이 글을 읽음에 왕왕 눈물이 나려고 하였다.,라,True,라(대조군),Level1
자치통감강목10,1044,1628,諸將이 皆曰 與公爭天下者袁紹也라,장수들이 모두 말하기를 “공(公)과 천하(天下)를 다투는 자는 원소(袁紹)입니다.,라,False,라(대조군),Level1
자치통감강목20,1734,2684,京進食할새 寘刀盤下殺之하니 元康以身蔽澄이라가 亦被傷이라,"난경이 음식을 올릴 적에 칼을 쟁반 아래에 숨겨 고징을 죽였는데, 진원강이 몸으로 고징을 가려서 보호하다가 상해를 입었다.",라,False,라(대조군),Level1
당송팔대가문초유종원2,129,608,且夫不忘讐는 孝也요 不愛死는 義也라,"그리고 복수할 것을 잊지 않는 것은 효도(孝道)이고, 생명을 아끼지 않는 것은 의리(義理)입니다.",라,False,라(대조군),Level1
시경집전(상),2111,4808,故로 其許嫁之女 預以將及公子同歸而遠其父母로 爲悲也라,그러므로 시집가기로 허락한 여자가 미리 장차 공자(公子)와 함께 돌아가 부모(父母)를 멀리하게 됨을 서글퍼한 것이다.,라,True,라(대조군),Level1
시경집전(상),2094,4742,陰道極盛之時엔 其亂을 可知니 亂極則自當思治라,"음도(陰道)가 지극히 성한 때에는 그 혼란함을 알 수 있으니, 난(亂)이 극에 달하면 스스로 마땅히 다스려지기를 생각한다.",라,False,라(대조군),Level1
서경집전(상),339,1954,鳥鼠는 地志에 在隴西郡首陽縣西南이라하니 今渭州渭源縣西也니 俗呼爲靑雀山이라,"조서(鳥鼠)는 ˂지지(地志)˃에 “농서군(隴西郡) 수양현(首陽縣) 서남쪽에 있다.” 하였으니, 지금의 위주(渭州) 위원현(渭源縣) 서쪽이니, 세속에서 청작산(靑雀山)이라 부른다.",라,False,라(대조군),Level1
당송팔대가문초소식2,500,2147,嗚呼라,아!,라,True,라(대조군),Level1
당송팔대가문초구양수6,58,464,莊宗以語侵之하니 承業怒曰 臣은 老勅使라 非爲子孫計니 惜此庫錢하야 佐王成霸業爾라,"장종이 장승업에게 모욕적인 언사를 하자 장승업이 화를 내며 말하기를 “신은 늙은 칙사(勅使)로 자손을 위한 계획을 세우지 않으니, 이 창고의 돈을 아껴 왕을 도와 패업(霸業)을 완수할 뿐입니다.",라,False,라(대조군),Level1
당송팔대가문초구양수4,79,385,公好學有文하고 尤喜爲詩라,공은 학문을 좋아하고 문장이 훌륭하였는데 특히 시 짓기를 좋아하였다.,라,False,라(대조군),Level1
자치통감강목1,301,818,起曰 治百官親萬民實府庫는 子孰與起오 文曰 不如子로라,"오기가 말하기를 “백관(百官)을 다스리고 만민(萬民)을 친애하며 부고(府庫)를 충실하게 하는 것이 그대가 어찌 나만 같겠는가?”라고 하니, 전문이 대답하기를 “당신만 못합니다.”라고 하였다.",라,False,라(대조군),Level1
당송팔대가문초소순1,177,1134,夫三國鼎立稱帝하며 魏之不能有吳蜀은 猶吳蜀之不能有魏也라,"대체로 삼국(三國)은 정립(鼎立)하여 칭제(稱帝)하였으며, 위(魏)나라가 오(吳)나라와 촉(蜀)나라를 가질 수 없었던 것은 오(吳)나라와 촉(蜀)나라가 위(魏)나라를 가질 수 없었던 것과 같다.",라,False,라(대조군),Level1
주역전의(하),1311,4011,蓋非陽剛中正이면 不能致天下之豊也라,양강중정(陽剛中正)이 아니면 천하(天下)의 풍성(豊盛)함을 이루지 못하는 것이다.,라,False,라(대조군),Level1
주역전의(상),758,2383,故雖貞而亦不免於凶也라,그러므로 비록 정(貞)하더라도 또한 흉함을 면치 못하는 것이다.,라,False,라(대조군),Level1
주역전의(상),1681,5007,故初爲无妄之主라,그러므로 초구(初九)는 무망(无妄)의 주체가 된다.,라,False,라(대조군),Level1
당송팔대가문초왕안석1,476,2112,杜君者는 越之隱君子니 其學行이 宜爲人師者也라,스승으로 모신 두군(杜君)은 월(越) 땅에 은거(隱居)하던 군자(君子)로 그의 학문과 행실이 사람들의 스승이 되기에 합당한 분이다.,라,False,라(대조군),Level1
주역전의(상),409,1404,故로 不言重而言其勢之順하니 則見其高下相因之无窮하여 至順極厚而无所不載也라,"그러므로 ‘중곤(重坤)’이라 말하지 않고 그 세(勢)가 순하다고만 말하였으니, 그 높고 낮음이 서로 인하여 다함이 없어서 지극히 순하고 지극히 후하여 싣지 않는 바가 없음을 나타낸 것이다.",라,False,라(대조군),Level1
당송팔대가문초구양수6,238,1624,重威兵至城下하니 重榮裨將이 自城東水碾(년)門으로 引官軍以入하야 殺守城二萬餘人이라,두중위의 병사가 성 아래에 이르니 안중영의 비장(裨將)이 성 동쪽의 수년문(水碾門)으로 관군(官軍)을 끌어 들여 수비병 2만여 명을 죽였다.,라,False,라(대조군),Level1
시경집전(상),2131,4864,窒은 塞也라,질(窒)은 막음이다.,라,False,라(대조군),Level1
당송팔대가문초왕안석2,67,267,視之能必見하고 聽之能必聞하고 行之能必至하고 思之能必得은 是誠之所至也라,"시각(視覺)으로는 반드시 볼 수 있고, 청각(聽覺)으로는 반드시 들을 수 있고, 가면 반드시 도달할 수 있고, 사고(思考)하면 반드시 얻을 수 있는 것, 이것은 성(誠)이 도달한 지극한 경지(境地)이다.",라,False,라(대조군),Level1
춘추좌씨전7,67,309,左司馬戌右司馬稽帥師救弦하야 及豫章이어늘 吳師還하니 始用子胥之謀也라,"초(楚)나라 좌사마(左司馬) 술(戌)과 우사마(右司馬) 계(稽)가 군대를 거느리고 현(弦)을 구원하기 위해 출발하여 예장(豫章)에 이르자, 오군(吳軍)은 돌아갔으니, 비로소 자서(子胥)의 계모(計謀)를 사용한 것이다.",라,False,라(대조군),Level1
당송팔대가문초왕안석2,249,1273,然欲有所掃除變更하고 興起法度하야 使百姓得完其蓄積하고 而縣官亦以有餘는 在上與執政所爲요 而主計者 不能獨任也라,"그러나 옛 제도를 개혁하여 변경하고 새로운 법도(法度)를 세우며, 백성들로 하여금 재화(財貨)의 축적을 온전하게 하고 조정 또한 풍부하게 하고자 하는 일은, 황상(皇上)과 집정(執政)이 할 일이지 회계를 주관하는 사람이 독단적으로 맡아 처리할 수 있는 것이 아니다.’라고 생각하였다.",라,False,라(대조군),Level1
시경집전(상),1060,2476,雉性耿介라,꿩의 성질은 경개(耿介)하다.,라,False,라(대조군),Level1
자치통감강목13,126,491,亮이 欲悅衆하여 論誅楊駿功하여 督將侯者 千八十一人이라,"사마량(司馬亮)은 여러 사람들에게 환심을 사고자 하여 양준(楊駿)을 주살한 공(功)을 의논하여 독(督)과 장수로서 후(侯)가 된 자가 1,081명이었다.",라,False,라(대조군),Level1
시경집전(상),867,2044,言齊地廣饒하여 而夫人之來에 士女佼好하고 禮儀盛備가 如此하니 亦首章之意也라,"제(齊)나라 땅이 넓고 비옥하여 부인(夫人)이 시집올 때에 사녀(士女)들이 아름답고 예의(禮儀)가 성하게 구비됨이 이와 같음을 말한 것이니, 또한 수장(首章)의 뜻이다.",라,False,라(대조군),Level1
당송팔대가문초구양수4,335,1515,嗚呼라 於夫人에 無不足矣나 而其子若孫皆曰未也라 謂必有以示永久而不沒者라야 庶幾以慰無窮之哀라하야 乃來請銘以葬이라,"아, 부인의 입장으로서는 부족함이 없겠으나 그 자손들은 모두 아직 미진하다고 하면서 반드시 영구히 드러내어 사라지지 않게 함이 있어야 끝이 없는 저희의 슬픔을 위로할 수 있을 것이라고 하여, 마침내 나에게 찾아와 명(銘)을 청해 받아서 장사 지내고자 하였다.",라,True,라(대조군),Level1
자치통감강목1,300,809,魏武侯浮西河而下러니 顧謂吳起曰 美哉라,"위(魏)나라 무후(武侯)가 서하(西河)에 배를 띄워 내려갈 때에 오기(吳起)를 돌아보며 이르기를, “아름답다.",라,True,라(대조군),Level1
시경집전(상),2082,4718,愾는 歎息之聲也라,개(愾)는 탄식하는 소리이다.,라,False,라(대조군),Level1
당송팔대가문초유종원1,64,476,亦不能得碩師하고 獨得國故書하여 伏而攻之하되 其勤若向之爲琴者하고 而年又倍焉이라,그 또한 큰 스승을 만나지 못하고 혼자 옛날 책을 구해 열심히 익혔는데 그 부지런함이 예전에 비파를 배우던 사람과 같았고 익힌 햇수는 두 배였습니다.,라,False,라(대조군),Level1
주역전의(상),1668,4963,自成은 謂成其中順之德이라,스스로 이룬다는 것은 중순(中順)한 덕(德)을 이룸을 이른다.,라,False,라(대조군),Level1
예기집설대전2,444,642,察其人之居면 則人之得失可知니 皆由乎常而觀之라,"그 사람이 거처하는 태도를 살펴보면 그 사람의 잘잘못을 알 수 있으니, 모두 일정함을 따라 살펴보기 때문이다.",라,False,라(대조군),Level1
논어집주,2042,6329,榮은 謂莫不尊親이요 哀는 則如喪考妣라,"영(榮)은 높이고 친애하지 않는 이가 없음을 말하고, 애(哀)는 어버이를 잃은 것과 같이 슬퍼함이다.",라,False,라(대조군),Level1
시경집전(상),940,2195,葦는 蒹葭之屬이라,위(葦)는 겸가(蒹葭)의 등속이다.,라,False,라(대조군),Level1
주역전의(상),1163,3520,謙爲卑巽也나 而其道尊大而光顯하고 自處雖卑屈이나 而其德實高하여 不可加尙하니 是不可踰也라,"겸(謙)은 낮추고 공손히 하는 것이나 그 도(道)가 존대(尊大)하고 광현(光顯)하며, 자처(自處)하기를 비록 비굴(卑屈)하게 하나 그 덕(德)이 실제로 높아서 더할 수가 없으니, 이는 넘을 수가 없는 것이다.",라,False,라(대조군),Level1
자치통감강목11,48,179,今指與吾水火者는 曹操也라,“지금 나와 물과 불처럼 서로 반대된다고 지목되는 자는 조조(曹操)이다.,라,False,라(대조군),Level1
서경집전(상),390,2260,錫土姓者는 言錫之土하여 以立國하고 錫之姓하여 以立宗이니 左傳所謂天子建德하여 因生以賜姓하고 胙之土而命之氏者也라,"토지(土地)와 성(姓)을 준다는 것은 토지(土地)를 주어서 나라를 세우고, 성(姓)을 주어서 종(宗)을 세우게 함을 말한 것이니, ≪좌전(左傳)≫에 이른바 “천자(天子)가 덕(德)을 세워서 태어남으로 인하여 성(姓)을 주고 토지(土地)를 주어 씨(氏)를 명(命)한다.”는 것이다.",라,False,라(대조군),Level1
논어집주,1295,4209,禮義信은 大人之事也라,예(禮)·의(義)·신(信)은 대인(大人)〔爲政者〕의 일이다.,라,False,라(대조군),Level1
시경집전(상),1343,3086,此詩는 淫奔者自敍之詞라,이 시(詩)는 음분(淫奔)한 자가 스스로 서술한 말이다.,라,False,라(대조군),Level1
당송팔대가문초유종원1,165,1125,若富者雖益賦라도 而其實輸當其十一이면 猶足安其堵하여 雖驅之不肯易也리라,만약 부자에게 비록 부세(賦稅)가 늘어나더라도 정말 소득의 10분의 1만 내도록 한다면 오히려 충분히 그 속에서 안주하고 〈공상업(工商業)으로〉 내몰더라도 본업(本業)을 바꾸려 하지 않을 것입니다.,라,False,라(대조군),Level1
주역전의(상),1608,4780,剝牀以膚는 切近災也라,“‘박상이부(剝牀以膚)’는 재앙에 매우 가까운 것이다.”,라,False,라(대조군),Level1
자치통감강목13,296,1110,冰이 遣其將拒玘어늘 玘擊斬之하니 冰이 自臨淮로 退趨壽春이라,"석빙이 그의 장수를 보내어 주기를 막자, 주기가 공격하여 그를 참수하니, 석빙이 임회(臨淮)에서 후퇴하여 수춘(壽春)으로 달려갔다.",라,False,라(대조군),Level1
당송팔대가문초구양수2,514,2032,人之貪滿者多禍하고 其守約者多福하니 鬼神은 吾不知요 吾見人之禍福者矣라,"사람이 탐욕하고 오만한 자는 화(禍)가 많고 검약함을 지키는 자는 복(福)이 많으니, 귀신은 내가 알지 못하나 나는 사람이 화와 복을 받는 것을 본다.",라,False,라(대조군),Level1
당송팔대가문초구양수1,21,149,故臣以謂通漕運 盡地利 權商賈 三術竝施하면 則財用足而西人紓하며 國力完而兵可久하야 以守以攻이 惟上所使라,"그러므로 신은 생각건대 조운을 소통하는 것, 지리(地利)를 다하는 것, 상인들의 이익을 공평하게 해주는 것, 이 세 가지 방법을 다 시행하면 재용이 풍족하여 서쪽 지방 사람들이 넉넉해질 것이며 국력이 완전하여 군사를 오래 유지할 수 있어, 수비든 공격이든 윗사람이 시키는 대로 할 수 있을 것입니다.",라,False,라(대조군),Level1
논어집주,1594,5097,故로 曰君子라,그러므로 군자(君子)라고 말씀하신 것이다.,라,True,라(대조군),Level1
시경집전(상),230,585,速은 召致也라,속(速)은 불러들임이다.,라,False,라(대조군),Level1
춘추좌씨전3,201,461,且成師以出이라가 聞敵彊而退는 非夫也라,또 대군(大軍)을 이끌고 왔다가 적(敵)이 강(强)하다는 말을 듣고 물러가는 것은 대장부(大丈夫)가 할 일이 아닙니다.,라,False,라(대조군),Level1
시경집전(하),3055,6813,今按 大禘는 不及群廟之主하니 此宜爲祭之詩라,"이제 상고해보건대 대체(大禘)에는 여러 사당의 신주(神主)에는 미치지 아니하니, 이는 마땅히 협제(祫祭)의 시(詩)가 되어야 할 것이다.",라,False,라(대조군),Level1
서경집전(하),952,3564,當今之政은 旌別淑慝之時也니 苟不善其善이면 則民無所勸慕矣라,"당금(當今)의 정사는 선(善)과 악(惡)을 표창하고 구별해야 할 때이니, 만약 선을 선하게 여기지 않으면 백성들이 권면되고 사모하는 바가 없을 것이다.",라,True,라(대조군),Level1
서경집전(상),666,3366,其祖父亦告我成湯하여 作丕刑于其子孫이라하여 啓成湯하여 丕乃崇降弗祥而不赦也라,그 조(祖)·부(父) 또한 우리 성탕(成湯)에게 아뢰어 “자손에게 큰 형벌(刑罰)을 내리소서.” 라고 말하여 성탕(成湯)을 계도(啓導)하여 크게 상서(祥瑞)롭지 못함을 많이 내려 용서하지 않을 것이다.,라,False,라(대조군),Level1
자치통감강목15,1597,2262,乾歸曰 軍之勝敗는 在於巧拙이요 不在衆寡라,"걸복건귀는 말하기를 “군대의 승패는 군대를 잘 운용하느냐 잘못 운용하느냐에 달려 있고, 병력의 많고 적음에 달려 있지 않다.",라,False,라(대조군),Level1
당송팔대가문초구양수1,42,303,故又須責臣下以功實이니 然後號令不虛出하고 而賞罰不濫行이라,,라,False,라(대조군),Level1
자치통감강목5,955,2201,永光元年이라,한(漢)나라 효원황제(孝元皇帝) 영광(永光) 원년이다.,라,False,라(대조군),Level1
주역전의(하),1178,3570,其位는 剛得中也라,그 자리는 강(剛)이 중(中)을 얻었다.,라,False,라(대조군),Level1
춘추좌씨전6,205,863,火出而見하고 今玆火出而章하니 必火入而伏하리라,작년에 대화성(大火星)이 출현할 때 혜성(彗星)이 나타났고 금년에 대화성(大火星)이 출현할 때는 그 빛이 더욱 밝으니 반드시 대화성(大火星)이 들어가는 시기(時期)가 되어야 혜성(彗星)이 잠복(潛伏)할 것이다.,라,True,라(대조군),Level1
당송팔대가문초소철3,302,1634,元豐五年三月二十日에 眉山蘇轍은 記하노라,원풍(元豐) 5년 3월 20일에 미산(眉山) 소철(蘇轍)은 기문을 쓰노라.,라,False,라(대조군),Level1
시경집전(상),2665,6153,芑는 苦菜也니 靑白色이요 摘其葉하면 有白汁出하니 肥可生食이요 亦可蒸爲茹하니 卽今苦蕒菜라,"기(芑)는 쓴나물이니 청백색(靑白色)이요, 그 잎을 따면 백즙(白汁)이 나오는데 살져서 생식(生食)할 수 있고, 또한 삶아서 먹을 수도 있으니, 바로 지금의 고매채(苦蕒采)이다.",라,False,라(대조군),Level1
당송팔대가문초소식5,264,1036,由此觀之컨대 王氏之福이 蓋未艾也라,이로 말미암아 살펴보면 왕씨(王氏)의 복이 아직 다하지 않은 것이다.,라,False,라(대조군),Level1
당송팔대가문초유종원2,211,1076,俄然決源釃流하여 交灌互澍면 若枝若股하여 委曲延布하고 脈寫膏浸하여 潗濕滑汨하여 彌高掩庳하여 漫壟冒塊라,"별안간 발원지를 터 물길을 인도하여 이리저리 흘려보내면 마치 나뭇가지인 양 팔다리인 양 구불구불 퍼져나가고 핏줄에 피가 돌 듯 축축하게 젖어들어, 높고 낮은 곳을 채우고 덮어버려 밭이랑과 언덕배기에 넘실거립니다.",라,True,라(대조군),Level1
춘추좌씨전7,82,381,魯文公薨에 而東門遂殺適立庶하니 魯君於是乎失國하야 政在季氏가 於此君也에 四公矣라,"노문공(魯文公)이 훙(薨)하자 동문수(東門遂)가 적자(適子)를 죽이고 서자(庶子)를 세우니, 노군(魯君)은 이때부터 국가(國家)의 정권(政權)을 상실(喪失)하여, 정권(政權)이 계씨(季氏)에게 돌아간 것이 이 소공(昭公)(임금)에 이르기까지 네 임금이었습니다.",라,False,라(대조군),Level1
시경집전(하),3040,6770,綴은 猶結也요 旒는 旗之垂者也니 言爲天子而爲諸侯所係屬하니 如旗之縿이 爲旒所綴著也라,"철(綴)은 결(結)과 같고, 유(旒)는 기(旗)가 아래로 늘어져 있는 것이니, 천자(天子)가 되어서 제후(諸侯)들에게 매이고 소속되는 바가 되니, 기(旗)의 기폭이 기의 술에 매여있고 붙어있는 바와 같은 것이다.",라,False,라(대조군),Level1
당송팔대가문초구양수6,315,2324,建正室周氏는 號昭聖皇后어늘 後建數日而卒이라,왕건의 정실(正室) 주씨(周氏)는 소성황후(昭聖皇后)로 칭하였는데 왕건이 졸한 며칠 뒤에 졸하였다.,라,False,라(대조군),Level1
당송팔대가문초구양수2,111,402,非材且賢者면 不能爲也라,재주가 있고 어진 인재가 아니면 할 수 없을 것입니다.,라,False,라(대조군),Level1
시경집전(하),2629,5845,亦은 助語辭라,역(亦)은 어조사(語助辭)이다.,라,False,라(대조군),Level1
서경집전(상),618,3210,今爾는 在內則伏小人之攸箴하고 在外則不和吉을 言于百姓하여 譊譊多言하여 凡起信於民者 皆險陂膚淺之說이니 我不曉汝所言이 果何謂也라,"지금 너희들은 안에서는 소인(小人)들의 경계하는 말을 숨기고, 밖에서는 화(和)하고 길(吉)하지 않은 것을 백성들에게 말해서 시끄럽게 말을 많이 하여 무릇 백성들에게 신(信)을 일으킴이 모두 험피(險陂)하고 부천(膚淺)한 말이니, 나는 너희들이 말하는 바가 과연 무엇을 이르는 것인지 깨닫지 못하겠다.” 한 것이다.",라,False,라(대조군),Level1
논어집주,108,416,禮는 卽理之節文也라,예(禮)는 곧 이(理)의 절문(節文)이다.,라,False,라(대조군),Level1
당송팔대가문초왕안석2,49,197,惜乎라,애석하도다!,라,True,라(대조군),Level1
시경집전(상),1218,2836,知子之好之인댄 雜佩以報之호리라,그대가 좋아하는 분임을 알진댄 잡패(雜佩)로 보답하리라,라,False,라(대조군),Level1
당송팔대가문초소순1,103,667,古之以一能稱과 一善書者를 愚未嘗敢忽也라,옛날부터 한 가지 능한 것으로 칭송(稱頌)되거나 한 가지 훌륭함으로 기록(記錄)된 분들을 저는 일찍이 감히 소홀하게 보지 않았습니다.,라,False,라(대조군),Level1
당송팔대가문초구양수4,285,1340,夢升은 諱注라,몽승(夢升)은 휘(諱)가 주(注)이다.,라,False,라(대조군),Level1
시경집전(하),2475,5493,言此蟊賊昏椓者 皆潰亂邪僻之人이어늘 而王乃使之治平我邦하니 所以致亂也라,"이 모적(蟊賊)과 혼탁(昏椓)한 자들은 모두 궤란(潰亂)하고 사벽(邪僻)한 사람인데, 왕(王)이 마침내 이들로 하여금 우리나라를 치평(治平)하게 하니, 이 때문에 난(亂)을 초래함을 말한 것이다.",라,False,라(대조군),Level1
당송팔대가문초구양수1,267,1514,夫自古帝王致太平이 皆自有道하니 得其道則太平이요 失其道則危亂이라,"예로부터 제왕이 태평을 이룬 데는 모두 스스로 도가 있었으니, 그 도를 얻으면 태평하고 그 도를 잃으면 위란(危亂)했습니다.",라,False,라(대조군),Level1
당송팔대가문초구양수3,93,324,四陽雖盛이나 而猶有二陰이라,네 개의 양효(陽爻)가 비록 성대하기는 하지만 아직 두 개의 음효(陰爻)가 있다.,라,False,라(대조군),Level1
당송팔대가문초유종원1,213,1416,大略千鈞之弩는 難以再發也라,대체로 천균(千鈞)의 무게가 나가는 쇠뇌는 함부로 쏘기가 어려운 법이다.,라,False,라(대조군),Level1
당송팔대가문초구양수4,231,1099,又喜行草書하니 皆可愛라,또 행서(行書)와 초서(草書)를 좋아하였으니 모두 아낄 만하였다.,라,False,라(대조군),Level1
논어집주,1118,3644,因은 仍也라,인(因)은 따라서이다.,라,False,라(대조군),Level1
논어집주,260,960,封人은 掌封疆之官이니 蓋賢而隱於下位者也라,"봉인(封人)은 국경을 관장하는 관원이니, 그는 어질면서 낮은 벼슬자리에 숨은 자일 것이다.",라,False,라(대조군),Level1
자치통감강목14,150,467,肅宗明皇帝太寧元年이라,진(晉)나라(동진(東晉)) 숙종(肅宗) 명황제(明皇帝) 태령(太寧) 원년이다.,라,False,라(대조군),Level1
당송팔대가문초소순1,122,768,蠶而後衣하고 耕而後食하니 率天下而勞之라,누에를 치고 난 다음에 입고 밭을 갈고 난 다음에 먹게 하니 온 천하가 수고롭게 되었다.,라,False,라(대조군),Level1
자치통감강목14,756,2328,將軍張春이 乞師於姚弋仲하니 弋仲이 遣其子襄하여 救之할새 誡襄曰 冉閔이 棄仁背義하여 屠滅石氏라,"장군 장춘(張春)이 요익중(姚弋仲)에게 군대를 청하니, 요익중이 아들 요양(姚襄)을 보내어 구원할 적에 요양에게 경계하기를 “염민이 인(仁)을 버리고 의(義)를 배반하여 석씨(石氏)를 도륙해서 멸망시켰다.",라,False,라(대조군),Level1
시경집전(하),1502,3301,百男은 擧成數而言其多也라,백남(百男)은 성수(成數)를 들어 그 많음을 말한 것이다.,라,False,라(대조군),Level1
당송팔대가문초유종원2,304,1869,奇琛良貨 溢於玉府하고 殊俗異類 盈於藁街하니 優詔累旌其忠良하고 太史嗣書其功烈이라,"진기한 보물과 값진 재물이 옥부(玉府)에 넘쳐나고 풍속이 다른 지역의 이민족이 고가(藁街)에 가득하게 되자, 황제께서는 치하하는 명을 내려 여러 차례 그 충성과 재능을 표창하였고 태사(太史)는 역사서에 연이어 그 업적을 기록했다.",라,False,라(대조군),Level1
자치통감강목13,172,632,"由是로 散在梁, 益하여 不可禁止라",이로 말미암아 유민들이 양주(梁州)와 익주(益州)로 흩어지게 되어 금지할 수가 없었다.,라,False,라(대조군),Level1
서경집전(하),628,2418,天無私壽하여 惟至平通格于天者則壽之하나니 伊尹而下六臣이 能盡平格之實이라,"하늘은 사사로이 수(壽)하게 함이 없어 오직 지극히 공평하여 하늘을 통하는 자이면 수(壽)하게 하니, 이윤(伊尹) 이하 여섯 신하가 능히 평격(平格)의 실제를 다하였다.",라,False,라(대조군),Level1
시경집전(상),2676,6200,二千五百人爲師요 五百人爲旅니 此는 言將戰에 陳其師旅而誓告之也라,"2천 5백인(人)을 사(師)라하고, 5백인(人)을 여(旅)라 하니, 이는 장차 싸울 적에 그 사려(師旅)를 진열하고 서고(誓告)함을 말한 것이다.",라,True,라(대조군),Level1
주역전의(상),156,806,旣得初爻어든 復合前蓍하여 四十有九를 如前之爲라,이미 초효(初爻)를 얻었거든 다시 앞의 시초를 합해서 49개를 앞에서 한 것과 같이 한다.,라,False,라(대조군),Level1
자치통감강목15,1464,2072,定이 帥衆三萬하여 與崇共攻乾歸라가 大敗見殺하니 符氏遂亡이라,"양정이 3만 병사를 인솔하고 부숭과 함께 걸복건귀를 공격하다가 대패하여 죽임을 당하니, 부씨(符氏)가 마침내 망하였다.",라,False,라(대조군),Level1
당송팔대가문초구양수4,10,49,明年에 王則以貝州叛이어늘 公又以爲登萊는 視京師爲東北隅니 乃少陽之位也라,이듬해에 왕칙(王則)이 패주(貝州)를 거점으로 해서 반란을 일으키자 공이 또 이르기를 “등주(登州)와 내주(萊州)는 경사(京師)를 기점으로 보면 동북쪽 모퉁이이니 바로 소양(少陽)의 자리이다.,라,False,라(대조군),Level1
시경집전(상),2082,4714,冽은 寒也라,열(冽)은 차가움이다.,라,False,라(대조군),Level1
주역전의(하),1054,3189,鼎之擧措在耳하니 爲鼎之主也라,"솥을 들고 놓음은 귀에 달려 있으니, 솥의 주체가 된다.",라,False,라(대조군),Level1
시경집전(하),2212,4926,黽勉畏去는 出無所之也라,민면외거(黽勉畏去)는 나감에 갈 곳이 없는 것이다.,라,False,라(대조군),Level1
시경집전(상),1797,4089,賦也라,부(賦)이다.,라,False,라(대조군),Level1
대학장구,9,33,若大學은 却只統說이라 論其功用之極인댄 至於平天下라,"그런데 ≪대학(大學)≫으로 말하면 통합하여 말씀하였으니, 그 공용(功用)의 지극함을 논할진댄 천하(天下)를 평(平)함에 이른다.",라,False,라(대조군),Level1
춘추좌씨전8,56,191,請伐鄭이어늘 子西曰 楚未節也라 不然이면 吾不忘也라,"승(勝)이 정(鄭)나라 토벌하기를 청하자, 자서(子西)가 말하기를 “초(楚)나라는 아직 모든 제도가 정상(正常)으로 돌아오지 않아서 국가(國家)가 안정되지 못하여 〈출병(出兵)할 수가 없소.〉 그렇지 않다면 나도 정(鄭)나라에 대한 토벌(討伐)을 잊지 않았을 것이오.”라고 하였다.",라,False,라(대조군),Level1
당송팔대가문초구양수3,472,1975,天子曰噫라,"천자가 말씀하기를, 아!",라,True,라(대조군),Level1
맹자집주,754,2718,齊는 齊語也라,제(齊)는 제(齊)나라 말이다.,라,False,라(대조군),Level1
당송팔대가문초구양수3,6,16,堯舜夏商周는 皆同出於黃帝하고 堯之崩也에 下傳其四世孫舜하고 舜之崩也에 復上傳其四世祖禹하되 而舜禹皆壽百歲라,"요(堯)‧순(舜)‧하(夏)‧상(商)‧주(周)는 모두 똑같이 황제(黃帝)에게서 나왔고, 요(堯)가 붕어(崩御)함에 아래로 4세손(世孫)인 순(舜)에게 전해졌고, 순(舜)이 붕어(崩御)함에 다시 위로 4세조(世祖)인 우(禹)에게 전해졌는데, 순(舜)과 우(禹)는 모두 장수하여 100세를 살았다.",라,False,라(대조군),Level1
당송팔대가문초소순1,128,806,夫無故而使之拜其君하고 無故而使之拜其父하며 無故而使之拜其兄이면 則天下之人은 將復嗤笑하고 以爲迂怪而不從이라,"대체로 까닭 없이 그로 하여금 그 임금에게 절을 시키고, 까닭 없이 그로 하여금 그 아비에게 절을 시키며, 까닭 없이 그로 하여금 그 형에게 절을 시킨다면, 천하(天下)의 사람들은 다시 비웃고 괴상하다고 여겨 따르지 않을 것이다.",라,False,라(대조군),Level1
서경집전(하),615,2360,弗克恭故로 不能嗣前人之恭德이요 遏佚前人光故로 不能嗣前人之明德이라,"“능히 공손하지 못하므로 전인의 공손한 덕(德)을 잇지 못하고, 전인의 빛나는 업적을 끊고 실추하므로 전인의 밝은 덕(德)을 잇지 못하는 것이다.”",라,False,라(대조군),Level1
시경집전(하),2165,4822,張子曰 陰往密告於女어늘 反謂我來恐動也라하니 亦通이라,"장자(張子)가 말씀하기를 “몰래 가서 은밀히 너에게 고하거늘 도리어 나에게 와서 공동(恐動)시킨다.” 하였으니, 또한 통(通)한다.",라,False,라(대조군),Level1
자치통감강목15,678,929,超曰 吾嘗與玄으로 共在桓公府하여 見其使才호니 雖履屐間이나 未嘗不得其任이라,"치초가 말하기를 “내 일찍이 사현과 함께 환공(桓公)(환온(桓溫))의 막부에 있을 적에 그가 사람의 재주를 부리는 것을 보니, 비록 사소한 가죽신과 나막신을 담당하는 자라도 그 적임자를 얻지 않은 적이 없었다.",라,False,라(대조군),Level1
당송팔대가문초소순1,231,1471,古者에 匈奴之彊은 不過冒頓이라,옛날 흉노(匈奴)의 강성함은 묵특선우(冒顿單于)를 능가한 적은 없다.,라,False,라(대조군),Level1
서경집전(하),934,3500,然守成之世엔 多溺宴安하여 而無立志하나니 苟不詰爾戎兵하여 奮揚武烈이면 則廢弛怠惰하여 而陵遲之漸이 見矣라,"그러나 수성(守成)의 세대에는 연안(宴安)에 빠져서 입지(立志)가 없는 경우가 많으니, 만약 너의 융병(戎兵)을 다스려 무열(武烈)을 뽐내고 드날리지 않는다면 폐이(廢弛)하고 태타(怠惰)하여 능지(陵遲)의 징조가 나타난다.",라,False,라(대조군),Level1
주역전의(상),1963,5840,至於死棄는 禍之極矣라,죽고 버림받음에 이름은 화가 지극하다.,라,True,라(대조군),Level1
예기집설대전2,676,958,絰之所用은 男子重首하고 婦人重腰하야 皆用其所重이요 非徒爲虛名而已라,"질(絰)을 사용하는 것은 남자는 수질(首絰)을 중시하고, 부인은 요질(腰絰)을 중시하여 모두 중시하는 것을 사용한 것이지, 비단 허명(虛名)일 뿐만은 아니다.",라,False,라(대조군),Level1
자치통감강목5,974,2238,分曹爲黨하여 往往群朋이 將同心以陷正臣하리니 正臣進者는 治之表也요 正臣陷者는 亂之機也라,"편을 나누어 당파를 만들어서 왕왕 여러 붕당들이 장차 마음을 함께하여 정직한 신하를 모함하려 할 것이니, 정직한 신하가 등용되는 것은 다스려짐의 징조요, 정직한 신하가 모함을 당하는 것은 혼란의 기미입니다.",라,False,라(대조군),Level1
주역전의(하),1415,4279,處得中正하여 盡巽之善이나 然巽者는 柔順之道니 所利在貞하니 非五之不足이요 在巽에 當戒也라,"처함이 중정(中正)을 얻어 손(巽)의 선(善)을 다하였으나 손(巽)은 유순(柔順)한 도(道)이니, 이로운 바가 정(貞)에 있으니, 오(五)가 부족한 것이 아니요 손(巽)에 있기 때문에 마땅히 경계해야 하는 것이다.",라,True,라(대조군),Level1
서경집전(하),469,1846,往新邑하여 使百工으로 知上意嚮하여 各就有僚하며 明白奮揚而赴功하고 惇厚博大以裕俗이면 則王之休聞이 亦永有辭于後世矣라,"새 도읍에 가서 백관(百官)들로 하여금 상(上)의 의향을 알아 각기 관직에 나아가게 하며, 명백(明白)히 하고 분양(奮揚)하여 사공(事功)에 달려가게 하며, 돈후(敦厚)하고 박대(博大)하여 풍속을 넉넉하게 한다면 왕(王)의 아름다운 명성(名聲)이 또한 길이 후세에 말함이 있을 것이다.",라,True,라(대조군),Level1
춘추좌씨전1,290,1875,其微顯闡幽하야 裁成義類者는 皆據舊例而發義하고 指行事以正褒貶이라,"그리고 경(經)에 드러낸 일은 세미(細微)하게 기록하고 경(經)에 숨긴 일은 드러내 밝혀서 의례(義例)를 만든 것은, 모두 구례(舊例)에 의거해 경(經)의 뜻을 드러내고 행사(行事)의 시비(是非)를 지적해 포폄(褒貶)을 바룬 것이다.",라,True,라(대조군),Level1
자치통감강목1,513,1363,夫諸侯之約從에 盟洹水之上하야 結爲兄弟하야 以相堅也어니와 今親兄弟同父母 尙有爭錢財相殺傷이어든 而欲恃反復蘇秦之餘謀하니 其不可成이 亦明矣라,"제후(諸侯)들이 합종(合從)을 약속할 때에 원수(洹水) 가에서 맹세하여 형제(兄弟)관계를 맺어 서로 우호를 견고하게 하였으나, 지금 친형제(親兄弟)로 같은 부모(父母)를 둔 자가 오히려 돈과 재물을 다투고 서로 살상(殺傷)을 하는 자가 있는데 번복하는 소진(蘇秦)의 남은 계책을 믿으려고 하시니 성공할 수 없음이 또한 분명합니다.",라,False,라(대조군),Level1
당송팔대가문초유종원1,21,123,今抱非常之罪하여 居夷獠之鄕하니 卑濕昏霧라,"그런데 지금 범상치 않은 죄를 안고 동남방 오랑캐의 고장에 머무르고 있노라니, 지대가 낮아 습도가 높고 안개 기운이 짙게 깔려 있습니다.",라,True,라(대조군),Level1
시경집전(상),1219,2846,贈은 送이요 順은 愛요 問은 遺也라,"증(贈)은 보내주는 것이요, 순(順)은 사랑함이요, 문(問)은 주는 것이다.",라,False,라(대조군),Level1
자치통감강목19,850,1189,梁天監五年이요 魏正始三年이라,"양(梁) 고조(高祖) 무제(武帝) 소연(蕭衍) 천감(天監) 5년이고, 북위(北魏) 세종(世宗) 선무제(宣武帝) 원각(元恪) 정시(正始) 3년이다.",라,True,라(대조군),Level1
당송팔대가문초한유2,205,927,及蒙將軍拔中山之豪하고 始皇封諸管城하야 世遂有名이나 而姬姓之毛無聞이라,"몽장군(蒙將軍)이 중산(中山)의 〈토끼 중에〉 털이 긴 놈을 뽑고, 진(秦) 시황(始皇)이 관성(管城)에 봉(封)함에 미쳐 드디어 세상에 이름이 났으나, 희성(姬姓)의 모씨(毛氏)는 알려짐이 없었다.",라,False,라(대조군),Level1
자치통감강목14,294,978,對曰 曜不能進臨襄國하고 更守金墉하니 此其無能爲를 可知也라,"서광이 대답하기를 “유요가 능히 양국(襄國)으로 진격하여 오지 못하고 다시 금용(金墉)을 지키고 있으니, 이로써 그가 무슨 일을 할 수 없음을 알 수 있습니다.",라,False,라(대조군),Level1
시경집전(상),1685,3817,比也라,비(比)이다.,라,False,라(대조군),Level1
당송팔대가문초증공1,315,1685,文之典刑이니 雍容雅頌이라,"문장의 전범(典範)으로, 온화한 아송(雅頌)과도 같은 작품이다.",라,True,라(대조군),Level1
자치통감강목7,1829,2537,帝笑曰 常勝之家는 難與慮敵하니 吾方自思之호리라,"황제는 웃으며 말하기를 “항상 승리한 사람과는 적을 도모하기 어려우니, 내 바야흐로 스스로 생각해보겠다.” 하였다.",라,True,라(대조군),Level1
시경집전(하),2406,5351,至是而天子自將하여 以征不庭할새 其師始出에 不疾不徐하니 而徐方之人이 皆已震動하여 如雷霆作於其上하여 不遑安矣라,"이 때에 이르러 천자(天子)가 스스로 군대를 거느리고 조회(朝會)오지 않는 나라를 정벌할 적에 그 군대가 처음 출동함에 빠르지도 않고 느리지도 아니하니, 서방(徐方)의 사람들이 모두 이미 진동하여 우레와 벼락이 그 위에서 일어나는 듯이 여겨서 편안할 겨를이 없었던 것이다.",라,True,라(대조군),Level1
자치통감강목11,213,784,後에 植이 以驕縱見疏로되 脩亦不敢自絶이라,"뒤에 조식(曹植)이 교만하고 방종하다 하여 조조(曹操)로부터 소외를 당하였으나, 양수(楊脩)는 감히 그와의 관계를 끊지 못하였다.",라,False,라(대조군),Level1
당송팔대가문초구양수5,333,2236,是時에 莊宗在魏하고 以朱守殷守夾寨한대 聞彦章爲招討使하고 驚曰 彦章驍勇이라 吾嘗避其鋒하니 非守殷敵也라,"이때에 장종(莊宗)이 위주(魏州)에 있으면서 주수은(朱守殷)에게 협채(夾寨)를 수비하게 하였는데, 왕언장(王彦章)이 초토사(招討使)가 되었다는 말을 듣고 놀라면서 말하기를 “언장은 날래고 용맹하여 내가 그 예봉(銳鋒)을 피해왔으니 수은이 대적할 상대가 아니다.",라,True,라(대조군),Level1
서경집전(상),253,1615,嶧은 山名이라,역(嶧)은 산 이름이다.,라,False,라(대조군),Level1
서경집전(상),556,3010,湯之得民心也如此하니 卽仲虺后來其蘇之事라,"탕왕(湯王)이 민심(民心)을 얻음이 이와 같았으니, 이는 곧 ˂중훼지고(仲虺之誥)˃에 “우리 임금님께서 오시니 소생할 것이다.”는 일이다.",라,True,라(대조군),Level1
당송팔대가문초구양수1,169,1087,然後密諭滬曰 汝違大將指揮하니 自合有罪로되 朝廷以汝於水洛展效로 望汝成功이라,"그런 뒤에 유호에게 밀지를 내려 타이르기를 “네가 대장의 지휘를 어겼으니 응당 죄가 있어야 할 것이로되, 조정은 네가 수락성을 쌓는 데 노고가 있음을 알기에 네가 일을 완수하기를 바란다.",라,False,라(대조군),Level1
시경집전(상),210,545,祭祀之禮는 主婦主薦豆하니 實以菹醢라,"제사(祭祀)의 예(禮)는 주부(主婦)가 두(豆)를 올리는 것을 주장하는데, 두(豆)에는 김치와 젓갈을 담는다.",라,False,라(대조군),Level1
시경집전(하),1454,3193,言昆夷旣服하고 而虞芮來質其訟之成하니 於是에 諸侯歸周者衆하여 而文王由此하여 動其興起之勢하시니 是雖其德之盛이나 然亦由有此四臣之助而然이라,"곤이(昆夷)가 이미 복종하고 우(虞), 예(芮)가 와서 송사의 해결을 질정하자, 이에 제후로서 주(周)나라로 귀의한 자가 많아져서 문왕(文王)이 이로 말미암아 그 흥기(興起)하는 세(勢)를 동함을 말하였으니, 이는 비록 그 덕(德)이 성(盛)하기 때문이었으나 또한 이 네 신하의 도움이 있어서 그러한 것이다.",라,False,라(대조군),Level1
시경집전(상),1759,3967,此亦前篇之意也라,이 또한 전편(前篇)의 뜻이다.,라,False,라(대조군),Level1
자치통감강목15,272,330,堅이 泣曰 汝素長者니 固知非汝心也라,"부견은 울며 말하기를 “너는 평소 너그러운 장자(長者)이니, 나는 진실로 네 진심이 아님을 안다.",라,True,라(대조군),Level1
서경집전(하),348,1371,穆은 敬也니 詩曰 穆穆文王이 是也라,"목(穆)은 공경함이니, ≪시경(詩經)≫에 “목목(穆穆)하신 문왕(文王)” 이라 한 것이 이것이다.",라,False,라(대조군),Level1
중용장구,311,849,右는 第三十三章이라,우(右)는 제33장(第三十三章)이다.,라,False,라(대조군),Level1
서경집전(하),1009,3754,穆王卒章之命에 望於伯冏者 深且長矣러니 此心不繼하여 造父爲御하여 周遊天下하여 將必有車轍馬迹하여 導其侈者 果出於僕御之間하니 抑不知伯冏猶在職乎否也로라,"“목왕(穆王)이 마지막 장(章)의 명령에 백경(伯冏)에게 바란 것이 깊고 또 길었는데, 이 마음이 이어지지 아니하여 조보(造父)를 마부로 삼아 천하를 주유(周遊)하여 장차 반드시 수레바퀴 자국과 말 발자국이 있어, 사치함으로 인도한 자가 과연 복어(僕御)의 사이에서 나왔으니, 백경(伯冏)이 이 때까지도 직책에 있었는지 알 수 없다.",라,True,라(대조군),Level1
서경집전(상),339,1955,擧三山而不言所治者는 蒙上旣旅之文也라,세 산을 들고 다스린 바를 말하지 않은 것은 위에 이미 여(旅)제사를 지냈다는 글을 받았기 때문이다.,라,True,라(대조군),Level1
자치통감강목8,1766,2442,朝廷이 廣開言路故로 且一切假貸하노니 若懷迷不反이면 當顯明刑書호리라,"조정이 언로를 크게 열고 있기 때문에 우선 모두 다 용서하노니, 만약 혼미한 마음을 고집하고서 되돌리지 않으면 마땅히 분명하게 국법에 따라 징치(懲治)하겠다.” 하였다.",라,False,라(대조군),Level1
서경집전(하),615,2358,命不易保하여 天難諶信하니 乃其墜失天命者는 以不能經歷繼嗣前人之恭明德也라,"천명(天命)은 보존하기가 쉽지 않아 하늘을 믿기 어려우니, 천명(天命)을 실추하는 것은 전인(前人)이 공손히 하고 밝힌 덕(德)을 경력(經歷)하여 계승하지 못하기 때문이다.",라,False,라(대조군),Level1
자치통감강목8,1795,2479,詩皆許諾호되 辭以衆少라,풍시가 모두 이를 허락하였으나 병력이 적다고 변명하였다.,라,False,라(대조군),Level1
중용장구,186,523,誠身이 有道하니 不明乎善이면 不誠乎身矣리라,"몸을 성실히 함이 방법이 있으니, 선(善)을 밝게 알지 못하면 몸을 성실히 하지 못할 것이다.",라,False,라(대조군),Level1
자치통감강목15,1072,1505,遂撤圍北遁이어늘 牢之引兵追之하여 疾趨二百里하여 至五橋澤하여 爭燕輜重이러니 垂邀擊大破之라,"모용수가 마침내 포위망을 풀고 북쪽으로 달아나자 유뇌지가 군대를 이끌고 추격하여 200리를 급히 달려가서 오교택(五橋澤)에 이르러 앞다투어 연나라의 군수품을 빼앗고 있었는데, 모용수가 맞받아 공격하여 대파하였다.",라,False,라(대조군),Level1
당송팔대가문초구양수1,327,1798,四人爲性이 旣各不同하니 雖皆歸於盡忠이나 而其所見各異라,"이 네 사람의 성품이 이미 각각 다르니, 비록 충성을 다한다는 점에서는 결국 다 같아도 그 소견은 저마다 다릅니다.",라,False,라(대조군),Level1
논어집주,592,2162,故로 子貢不斥衛君하고 而以夷齊爲問이어늘 夫子告之如此하시니 則其不爲衛君을 可知矣라,"그러므로 자공(子貢)이 위(衛)나라 군주(君主)를 곧바로 지척(指斥)하지 않고 백이(伯夷)·숙제(叔齊)를 들어 질문을 한 것인데, 부자(夫子)의 대답이 이와 같았으니, 그렇다면 위(衛)나라 군주(君主)를 돕지 않으실 것을 알 수 있다.",라,False,라(대조군),Level1
자치통감강목19,69,97,乃夜分兵爲二部하여 伏於營外하고 又以瓢貯火하여 密使人으로 於深處置之하고 戒曰 見火起하면 則亦然之하라,"이에 밤중에 병사들을 나누어 2부대로 만들어 군영 밖에 매복시키고, 또 표주박에 불씨를 넣어서 은밀하게 사람을 시켜 물이 깊은 곳에 두게 하고 경계하기를 “〈적군이 표시한〉 불이 일어나는 것을 보면 또한 표주박에 불을 붙여라.”라고 하였다.",라,False,라(대조군),Level1
당송팔대가문초구양수2,274,1011,先人在太宗時하야 以文辭爲名進士하고 以對策爲賢良方正이러니 旣而守道純正하야 爲賢待制하고 逢時太平하야 奮身揚名하니 宜其言之所載와 文之所行이 大而可恃以傳也라,"선친은 태종(太宗) 때 문장으로 이름난 진사가 되셨고 대책(對策)으로 현량방정(賢良方正)이 되었는데, 이윽고 도(道)를 지킴이 순정(純正)하여 어진 대제(待制)가 되었고 태평한 시대를 만나 분발하여 이름을 떨쳤으니, 의당 그 말이 싣고 있는 내용과 글이 세상에 행해지는 것이 커서 의지하여 후세에 전할 만합니다.",라,True,라(대조군),Level1
당송팔대가문초구양수3,559,2536,天子曰咨라,천자께서 말씀하셨네 “아 훌륭하도다,라,True,라(대조군),Level1
당송팔대가문초소식4,238,938,而自使其嫡子後之면 則爲大宗이니 族人宗之하야 雖百世라도 而宗子死면 則爲之服齊衰九月이라,"스스로 자기 적자(嫡子)로 하여금 자신의 뒤를 잇게 하면 이것을 대종(大宗)이라 하였으니, 족인(族人)들이 그를 높여서 비록 백세가 지나더라도 종자(宗子)가 죽으면 종자(宗子)를 위하여 자최(齊衰) 9개월 복(服)을 입었습니다.",라,False,라(대조군),Level1
서경집전(상),448,2529,嗇夫는 小臣也니 漢有上林嗇夫라,"색부(嗇夫)는 낮은 신하이니, 한(漢)나라는 상림(上林)에 색부(嗇夫)가 있었다.",라,False,라(대조군),Level1
당송팔대가문초구양수4,155,728,爲政務淸淨하고 平居斂色而坐를 如對大賓하야 終日不少懈弛하니 人用憚之라,"정무를 볼 적에는 청렴하고 평상시 거처할 적에는 마치 중요한 손님을 마주한 것처럼 용모를 가다듬고 앉아 종일토록 조금도 해이하지 않으니, 사람들이 두려워하였다.",라,False,라(대조군),Level1
논어집주,284,1026,言君子爲仁이 自富貴貧賤取舍之間으로 以至於終食造次顚沛之頃에 無時無處而不用其力也라,"군자(君子)가 인(仁)을 함은 부귀(富貴)와 빈천(貧賤)을 취하고 버리는 사이로부터 밥을 먹는 시간과 조차(造次)·전패(顚沛)의 상황에 이르기까지 어느 때이든, 어느 곳이든 그 힘을 쓰지 않음이 없음을 말씀한 것이다.",라,True,라(대조군),Level1
당송팔대가문초구양수6,241,1649,因請與重威俱北이라,이어서 두중위와 함께 북쪽으로 출병하기를 청하였다.,라,False,라(대조군),Level1
당송팔대가문초구양수3,130,441,予初駭其文이러니 又壯其志하노라,내가 처음에 그 문장에 놀랐었는데 또 지금 그의 뜻을 장하게 여긴다.,라,True,라(대조군),Level1
춘추좌씨전5,124,658,適衛하야 說蘧瑗史狗史鰌公子荊公叔發公子朝하야 曰 衛多君子하니 未有患也라,위(衛)나라에 가서 거원(蘧瑗)‧사구(史狗)‧사추(史鰌)‧공자(公子) 형(荊)‧공숙(公叔) 발(發)‧공자(公子) 조(朝)를 좋아하여 말하기를 “위(衛)나라에는 군자(君子)가 많으니 환난(患難)이 없을 것입니다.”고 하였다.,라,True,라(대조군),Level1
서경집전(상),155,1083,艱은 難也니 水平播種之初에 民尙艱食也라,"간(艱)은 어려움이니, 홍수가 다스려져 파종하는 초기에는 백성들이 아직도 어렵게 농사지어 먹은 것이다.",라,True,라(대조군),Level1
맹자집주,1226,4200,程子曰 古人은 謂歲爲年하니 湯崩時에 外丙은 方二歲요 仲壬은 方四歲요 惟太甲差長이라 故로 立之也라하시니 二說이 未知孰是라,"정자(程子)가 말씀하기를 “옛사람은 세(歲)를 년(年)이라 하였으니, 탕왕(湯王)이 붕어할 때에 외병(外丙)은 나이가 2세였고, 중임(仲壬)은 4세였으며, 오직 태갑(太甲)이 나이가 조금 많았으므로 그를 세웠다.” 하였으니, 두 분의 말씀이 누가 옳은지는 알 수 없다.",라,False,라(대조군),Level1
주역전의(상),711,2235,以訟受服이 亦不足敬也라,“쟁송으로 관복을 받은 것은 또한 공경할 만한 것이 못된다.”,라,False,라(대조군),Level1
당송팔대가문초구양수3,174,618,而注者汨之하야 或失其意라,그런데 주석을 내는 자들이 원의를 혼란시켜서 그 참뜻을 잃기도 하였다.,라,False,라(대조군),Level1
자치통감강목15,608,833,秦建元十一年이라,진(秦)나라(전진(前秦)) 부견(符堅) 건원(建元) 11년이다.,라,False,라(대조군),Level1
당송팔대가문초소식1,123,591,今上自宰相大臣으로 旣已辭免不爲하니 則外之議論을 斷亦可知라,"지금 위로 재상과 대신으로부터 이미 관직을 사임하고 직책을 맡으려 하지 않으니, 그렇다면 바깥사람들의 의논을 또한 확연하게 알 수 있습니다.",라,False,라(대조군),Level1
주역전의(상),918,2839,幽人貞吉은 中不自亂也라,“‘유인정길(幽人貞吉)’은 마음속이 스스로 어지럽히지 않기 때문이다.”,라,False,라(대조군),Level1
당송팔대가문초소순1,80,509,蓋漢昭卽位에 休息百役하고 與天下更始라,대개 한(漢) 소제(昭帝)는 즉위(卽位)하자 백 가지 요역(徭役)을 그만두게 하고 천하와 더불어 다시 새로운 정치를 시작하였습니다.,라,False,라(대조군),Level1
논어집주,411,1453,然이나 其所以三仕三已而告新令尹者가 未知其皆出於天理而無人欲之私也라,그러나 그가 세 번 벼슬하였다가 세 번 그만두고 물러나면서 새로 부임해온 영윤(令尹)에게 옛 정사를 말해준 것이 모두 천리(天理)에서 우러나와 인욕(人慾)의 사사로움이 없었는지 알 수 없다.,라,False,라(대조군),Level1
주역전의(하),1692,5034,利貞은 剛柔正而位當也일새라,정(貞)함이 이로움은 강유(剛柔)가 바르고 자리가 마땅하기 때문이다.,라,True,라(대조군),Level1
당송팔대가문초유종원2,19,81,枕席而臥하니 則淸冷之狀與目謀하고 瀯瀯之聲與耳謀하며 悠然而虛者與神謀하고 淵然而靜者與心謀라,"자리를 깔고 누우니 맑고 싱그러운 형상이 눈 안에 들어오고, 졸졸졸 흐르는 시냇물소리가 고막을 울리는 가운데, 한가로워 공허한 느낌이 정신과 어울리고, 깊어 고요한 기분이 마음과 통하였다.",라,True,라(대조군),Level1
당송팔대가문초구양수2,84,279,昨日伏蒙知府龍圖卽席寵示五言詩一章者라,작일(昨日)에 지부(知府) 용도(龍圖)께서 영광스럽게도 즉석에서 오언시(五言詩) 한 편을 주심을 삼가 받았습니다.,라,False,라(대조군),Level1
시경집전(상),798,1859,宣姜之女 爲許穆公夫人이라,선강(宣姜)의 딸이 허목공(許穆公)의 부인(夫人)이 되었다.,라,False,라(대조군),Level1
당송팔대가문초한유2,327,1590,不相用이면 不足爲孔墨이라,만약 서로 채용하지 않았다면 공자(孔子)와 묵자(墨子)가 될 수 없었을 것이다.,라,False,라(대조군),Level1
자치통감강목13,716,2361,允性仁厚하여 無威斷하고 喜以爵位悅人이라,"국윤은 성품이 지나치게 인자하고 후덕하여 위엄과 과단성이 없었고, 작위를 가지고 남의 환심을 사기를 좋아하였다.",라,False,라(대조군),Level1
시경집전(하),3027,6732,言商世世有濬哲之君하여 其受命之祥이 發見也久矣라,상(商)나라가 대대로 준철(濬哲)한 군주(君主)가 있어서 그 명(命)을 받는 상서가 발견(發見)됨이 장구(長久)하였다.,라,False,라(대조군),Level1
주역전의(하),729,2177,自古로 人君至誠降屈하여 以中正之道로 求天下之賢이면 未有不遇者也라,예로부터 인군(人君)이 지성(至誠)으로 몸을 낮추고 굽혀서 중정(中正)한 도(道)로 천하(天下)의 현자(賢者)를 구하면 만나지 못한 자가 있지 않았다.,라,True,라(대조군),Level1
춘추좌씨전1,681,2787,故與鄭伯盟于武父하고 遂帥師而伐宋하야 戰焉하니 宋無信也라,"그러므로 환공(桓公)은 정백(鄭伯)과 무보(武父)에서 결맹(結盟)하고 드디어 군대를 거느리고 가서 송나라를 토벌하고 전쟁하였으니, 이는 송나라가 신의(信義)가 없기 때문이었다.",라,False,라(대조군),Level1
서경집전(상),752,3602,爾惟訓于朕志하여 若作酒醴어든 爾惟麴糱이며 若作和羹이어든 爾惟鹽梅라,"너는 짐(朕)의 뜻을 가르쳐서 만약 술과 단술을 만들거든 네가 누룩과 엿기름이 되며, 만약 간을 맞춘 국을 만들거든 네가 소금과 매실이 되어야 한다.",라,False,라(대조군),Level1
맹자집주,2101,6495,蓋館人所作을 置之牖上而失之也라,여관주인이 만들던 것을 창 위에 놓아두었다가 잃어버린 것이다.,라,False,라(대조군),Level1
맹자집주,123,512,恒産은 可常生之業也요 恒心은 人所常有之善心也라,"항산(恒産)은 떳떳이 살 수 있는 생업(生業)이요, 항심(恒心)은 사람이 떳떳이 가지고 있는 선심(善心)이다.",라,True,라(대조군),Level1
시경집전(하),1763,3981,故로 言鳧鷖則在涇矣요 公尸則來燕來寧矣라,"그러므로 말하기를 “부예(鳧鷖)는 경수(涇水)에 있고, 공시(公尸)는 와서 잔치하고 와서 편안하시다.",라,False,라(대조군),Level1
시경집전(하),343,760,雨無正은 大夫刺幽王也라,˂우무정(雨無正)˃은 대부(大夫)가 유왕(幽王)을 풍자한 시(詩)이다.,라,True,라(대조군),Level1
자치통감강목10,468,684,夫布는 麤中少親하고 剛而無禮하니 匹夫之雄耳요 宮等이 以勢假合하니 不能相君也라,"저 여포는 타고난 성품이 거칠어서 친한 자가 적고 강퍅하여 무례하니 그저 용맹한 필부(匹夫)일 뿐이요, 진궁(陳宮) 등은 형세 때문에 잠시 여포와 연합하였으니 서로 군신(君臣) 간이 될 수는 없을 것이다.",라,False,라(대조군),Level1
당송팔대가문초유종원2,388,2726,今復往矣니 吾道息矣라,그런데 지금 화광(化光)께서 또 떠나가시니 우리의 도는 다 되었습니다.,라,False,라(대조군),Level1
서경집전(하),423,1688,小民雖至微나 而至爲可畏니 王當不敢緩於敬德하여 用顧畏于民之碞險이可也라,"소민(小民)들이 비록 지극히 미천하나 지극히 두려울 만하니, 왕(王)은 마땅히 덕(德)을 공경함을 늦추지 아니하여 백성들의 험함을 돌아보고 두려워하여야 한다.",라,False,라(대조군),Level1
자치통감강목20,1101,1789,初에 泰召王思政於玉壁하여 將使鎭虎牢러니 未至而敗라,"예전에 우문태(宇文泰)가 왕사정(王思政)을 옥벽(玉壁)에서 불러들여 호뢰(虎牢) 지역을 지키게 하려고 하였는데, 부임하기 전에 우문태가 패배하였다.",라,False,라(대조군),Level1
춘추좌씨전7,229,814,虎曰 盡客氣也라,그러자 양호(陽虎)가 말하기를 “모두 객기(客氣)이다.”고 하였다.,라,False,라(대조군),Level1
당송팔대가문초소식3,5,9,讓天下는 與讓簞食豆羹으로 無以異也요 治天下는 與治一鄕으로 亦無以異也라,"천하(天下)를 사양하는 것은 한 그릇 밥과 한 그릇 국을 사양하는 것과 차이가 없고, 천하를 다스리는 것은 한 고을을 다스리는 것과 또한 차이가 없다.",라,False,라(대조군),Level1
당송팔대가문초유종원2,51,212,我公之德은 宜受玆錫이라,우리 공의 덕으로는 마땅히 이와 같은 상을 받아야 합니다.,라,False,라(대조군),Level1
서경집전(하),1035,3840,敬忌之至하여 無有擇言在身하면 大公至正하여 純乎天德하여 無毫髮不可擧以示人者하리니 天德在我하면 則大命自我作하여 而配享在下矣라,"공경하고 조심함이 지극하여 가릴 말이 몸에 없으면 대공(大公)하고 지정(至正)하여 천덕(天德)에 순수해서 털끝만큼이라도 들어서 남에게 보일 수 없는 것이 없을 것이니, 천덕(天德)이 자신에게 있으면 큰 명(命)이 자신으로부터 만들어져서 짝하여 누려 아래에 있을 것이다.",라,True,라(대조군),Level1
맹자집주,1310,4475,禮에 妻父曰外舅니 謂我舅者를 吾謂之甥이라하니 堯以女妻舜이라 故로 謂之甥이라,"예(禮)에 ‘처부(妻父)를 외구(外舅)라 하니, 나를 구(舅)라고 이르는 자를, 내가 그를 생(甥)이라 이른다.’ 하였으니, 요(堯)가 딸을 순(舜)에게 시집보냈으므로 그를 생(甥)이라 이른 것이다.",라,False,라(대조군),Level1
주역전의(상),1501,4481,九四陽德剛直하여 爲得剛直之道하니 雖用剛直之道나 利在克艱其事而貞固其守 則吉也라,"구사(九四)가 양덕(陽德)으로 강직(剛直)하여 강직(剛直)한 도(道)를 얻음이 되니, 비록 강직(剛直)한 도(道)를 쓰나 이로움이 일을 어렵게 여기고 지킴을 정고(貞固)히 함에 있으니, 이렇게 하면 길(吉)하다.",라,True,라(대조군),Level1
자치통감강목1,594,1648,十七年이라,주(周)나라 난왕(赧王) 17년이다.,라,False,라(대조군),Level1
자치통감강목6,1186,2600,乃奏하여 以爲西海郡하고 增法五十條하여 犯者를 徙之하니 以千萬數라,"이에 아뢰어 이곳을 서해군(西海郡)으로 삼고 50조항의 법을 증가하여 죄를 범한 자를 이곳으로 이주시키니, 이주한 자가 천이나 만으로 헤아려졌다.",라,False,라(대조군),Level1
자치통감강목2,139,339,乃使卒爲之하야 注塡閼之水하야 漑舃鹵之地하니 四萬餘頃이라,"이에 그로 하여금 마침내 수로를 완성토록 하여 막혔던 물길을 끌어다 개펄에 물을 대니, 4만여 경(頃)이었다.",라,False,라(대조군),Level1
당송팔대가문초소식4,402,1547,"方山子는 光, 黃間隱人也라",방산자(方山子)는 광주(光州)와 황주(黃州) 사이에 은둔한 사람이다.,라,False,라(대조군),Level1
시경집전(하),1080,2367,又言今雖無以予之나 然已有路車乘馬玄袞及黼之賜矣어늘 其言如此者는 好之無已하여 意猶以爲薄也라,"또 말하기를 “지금 비록 줄 것이 없으나, 그러나 이미 노거(路車)와 승마(乘馬)와 현곤(玄袞)과 보(黼)의 하사품이 있다.” 하였는데, 그 말하기를 이와 같이 한 것은 그 좋아함이 그침이 없어서 뜻에 오히려 박하다고 여긴 것이다.",라,False,라(대조군),Level1
자치통감강목3,1656,3705,獄疑者를 讞有司하고 有司所不能決을 移廷尉하여 讞而後에 不當이라도 讞者不爲失하여 欲令治獄者로 務先寬하노라,"형옥 중에 의심스러운 것을 유사(有司)에게 평의(平議)하게 하고, 유사가 해결하지 못하는 것을 정위(廷尉)에게 이송하여 평의한 뒤에 유사의 평의가 합당하지 못하더라도 평의한 자를 탓하지 않아서, 형옥을 다스리는 자로 하여금 너그러움을 먼저 힘쓰게 하고자 하노라.”",라,False,라(대조군),Level1
당송팔대가문초한유1,299,1451,而云云者는 乃從而爲之辭라,그런데도 이러이러하다고 말한 것은 장적(張籍)의 말에 따라 변명한 것이다.,라,False,라(대조군),Level1
주역전의(상),572,1878,三以陰柔로 處蒙闇하여 不中不正하니 女之妄動者也라,"삼(三)은 음유(陰柔)로서 몽매함에 처하여 중정(中正)하지 못하니, 여자로서 망동(妄動)하는 자이다.",라,True,라(대조군),Level1
자치통감강목4,1738,3966,王曰 我嗌痛하여 不能哭이로라,그러나 왕(王)은 “나는 목이 아파 곡하지 못한다.” 하고 거절하였다.,라,False,라(대조군),Level1
당송팔대가문초유종원1,146,1002,此又足下之賜也라 幸甚幸甚이라,"이 또한 족하(足下)가 나에게 은혜를 내린 것이니, 너무도 고맙습니다.",라,True,라(대조군),Level1
시경집전(상),43,181,故로 無贊美之詞라,그러므로 찬미(贊美)한 말이 없다.,라,True,라(대조군),Level1
당송팔대가문초증공1,228,1314,故其書不得不貴라 因爲之定著하여 以俟夫論禮者考而擇焉하노라,"그러므로 이 책을 귀하게 여기지 않을 수 없는 것이니, 이 때문에 이 책을 편집하여 예(禮)를 논하는 자들이 살펴서 취하기를 기다린다.",라,False,라(대조군),Level1
당송팔대가문초한유3,311,1666,鉤登大鮎하니 怒頰豕豞라,거대한 메기를 낚아 올리니 아가미 벌렁거리며 돼지 우는 소리 냈지요.,라,False,라(대조군),Level1
당송팔대가문초유종원1,293,1786,徵令賜予로 布政于下國者는 出于甸服하고 而後按行成列하여 以就諸侯之館이라,또 〈황제가 무엇을〉 징수하거나 하사하는 조서를 가지고 전국에 정령(政令)을 반포하는 사자(使者)는 전복(甸服)으로 나간 후에 대오를 형성하여 제후들의 역참(驛站)으로 나아간다.,라,False,라(대조군),Level1
춘추좌씨전6,124,451,觀從謂子干曰 不殺棄疾이면 雖得國이라도 猶受禍也리이다 子干曰 余不忍也로라,"관종(觀從)이 자간(子干)에게 일러 말하기를 “기질(棄疾)을 죽이지 않으면 비록 나라를 얻더라도 도리어 화(禍)를 받을 것입니다.”고 하니, 자간(子干)이 “나는 차마 그를 죽일 수 없다.”고 하였다.",라,False,라(대조군),Level1
예기집설대전2,1921,2729,今之君子之急於祿食也하야 嗟而不去하고 不謝而食者多矣니 視餓者에 有愧也라,"지금의 군자들이 녹봉을 먹기에 급급해서 쯧쯧거리는데도 떠나지 않고 사과하지 않는데도 밥을 먹는 자가 많으니, 굶어죽은 자와 비교해 보면 부끄러움이 더 크다.",라,False,라(대조군),Level1
당송팔대가문초왕안석2,29,106,此棄人齊物之道니 吾儒之罪人也라,"이들은 인륜(人倫)을 버리고, 나와 만물이 동일하다는 제물(齊物)의 도(道)를 따른 것이니, 이는 우리 유자(儒者)들의 관점에서는 죄인(罪人)들인 것이다.",라,False,라(대조군),Level1
당송팔대가문초소식3,299,1172,"君臣, 父子, 上下 莫不由禮而定其位하야 至以爲有禮則生하고 無禮則死라","군신간(君臣間)과 부자간(父子間)과 상하간(上下間)의 관계가 예(禮)를 따라 그 자리를 정하지 않음이 없어서, 심지어는 “예(禮)가 있으면 살고 예(禮)가 없으면 죽는다.”라고까지 말씀하였다.",라,True,라(대조군),Level1
당송팔대가문초소식5,158,559,以我無心故라,자신이 무심하기 때문이다.,라,False,라(대조군),Level1
자치통감강목19,1202,1659,崇沈深寛厚有方略하여 得士心이라,이숭은 마음이 깊고 관대하고 후덕하였으며 방략(方略)을 가지고 있어 병사들의 마음을 얻었다.,라,True,라(대조군),Level1
자치통감강목7,1247,1721,英雄이 誠知覺寤하고 遠覽深識하여 審神器之有授하여 毋貪不可冀하면 則福祚流于子孫하여 天祿其永終矣리라,"영웅이 참으로 알고 깨달으며 멀리 보고 깊이 알아서 신기(神器)를 전수함이 있음을 알아 바랄 수 없는 것을 탐하지 않는다면, 자손들에게 복이 흘러 퍼져서 하늘의 녹을 영원히 마칠 수 있을 것이다.”",라,True,라(대조군),Level1
주역전의(하),1730,5148,故言其窮至於濡首하니 危可知也라,"그러므로 그 궁극함이 머리를 적심에 이른다고 말하였으니, 위태로움을 알 수 있다.",라,False,라(대조군),Level1
자치통감강목13,310,1149,于時에 流民在荆州者 十餘萬戸니 羈旅貧乏하여 多爲盜賊이라,"이때 유민으로서 형주(荆州)에 있는 자가 10여 만 호(戶)였는데, 우거(寓居)하며 가난하고 궁핍해서 도적질을 많이 하였다.",라,False,라(대조군),Level1
춘추좌씨전2,583,1881,詩曰 畏天之威하야 于時保之라하니 敬主之謂也라,시(詩)에 ‘하늘의 위엄(威嚴)을 두려워하여 내주(內主)를 보전(保全)한다.’고 하였으니 이는 내주(內主)를 존경(尊敬)하라는 말이다.”,라,False,라(대조군),Level1
주역전의(하),1604,4781,故通而相應이라,그러므로 통하여 서로 응(應)하는 것이다.,라,False,라(대조군),Level1
춘추좌씨전5,338,1747,謙不足일새 飛不翔하고 垂不峻일새 翼不廣이라,"겸(謙)은 부족(不足)이므로 날되 멀리 날지 못하고, 날개를 늘어뜨렸으므로 멀리 날지 못하는 것입니다.",라,False,라(대조군),Level1
예기집설대전2,14,21,伯邑考는 文王長子라,백읍고(伯邑考)는 문왕(文王)의 장자(長子)이다.,라,False,라(대조군),Level1
춘추좌씨전2,835,2523,昔高陽氏有才子八人하니 蒼舒隤凱檮戭大臨尨降庭堅仲容叔達이라,옛날에 고양씨(高陽氏)에게 재덕(才德)이 있는 아들 여덟이 있었는데 창서(蒼舒)‧퇴개(隤凱)‧도연(檮戭)‧대림(大臨)‧방강(尨降)‧정견(庭堅)‧중용(仲容)‧숙달(叔達)입니다.,라,False,라(대조군),Level1
시경집전(하),3044,6778,小共大共駿厖之義는 未詳이라,"소공(小共), 대공(大共), 준방(駿厖)의 뜻은 미상(未詳)이다.",라,False,라(대조군),Level1
자치통감강목20,1294,2061,夢固非一端이나 武帝之夢은 想所生也라,"“꿈이란 그 단서가 한 가지가 아니지만, 무제(武帝)(소연(蕭衍))의 꿈은 평소의 생각이 잠결에 나타난 것이다.",라,False,라(대조군),Level1
주역전의(하),3,21,取女吉은 以卦才言也라,‘취녀길(取女吉)’은 괘(卦)의 재질(才質)로써 말한 것이다.,라,False,라(대조군),Level1
주역전의(하),305,907,夫夫婦婦而家道正이어늘 獨云利女貞者는 夫正者는 身正也요 女正者는 家正也니 女正則男正을 可知矣라,"남편은 남편답고 부인(婦人)은 부인(婦人)다움에 가도(家道)가 바루어지는데, 홀로 여정(女貞)이 이롭다고만 말한 것은 남편이 바름은 자기 몸이 바른 것이요, 여자(女子)가 바름은 집안이 바른 것이니, 여자(女子)가 바르면 남자(男子)가 바름을 알 수 있다.",라,False,라(대조군),Level1
맹자집주,1780,5715,皡皡는 廣大自得之貌라,호호(皡皡)는 광대(廣大)하여 스스로 만족해하는 모양이다.,라,False,라(대조군),Level1
당송팔대가문초소식5,215,810,南珠大貝皆東傾이라,남쪽 지방의 진주와 큰 자개가 모두 동쪽 지방으로 몰려왔네.,라,False,라(대조군),Level1
당송팔대가문초구양수2,273,1009,故其言之所載者大且文이면 則其傳也章하고 言之所載者不文而又小면 則其傳也不章이라,"따라서 그 말이 싣고 있는 내용이 크고 또 문장으로 표현되어 있으면 그 전해지는 것이 드러나고, 말이 싣고 있는 것이 문장으로 표현되지 않고 또 작으면 그 전해지는 것도 드러나지 않는 법입니다.",라,False,라(대조군),Level1
당송팔대가문초한유1,341,1622,然足下與僕交久니 僕之所守는 足下之所熟知라,"그러나 족하(足下)는 나와 사귄 지 오래이니, 내가 지키는 바는 족하도 잘 아실 것입니다.",라,False,라(대조군),Level1
자치통감강목9,271,393,夫天之與帝와 帝之與民은 猶頭之與足이 相須而行也라,"“하늘과 황제, 황제와 백성은 머리와 발이 서로 의존하여 다니는 것과 같습니다.",라,False,라(대조군),Level1
당송팔대가문초한유1,192,943,夫位益尊이면 則賤者日隔하고 伺候於門牆者日益進이면 則愛博而情不專이라,"지위가 더욱 높아지면 천(賤)한 자는 날로 사이가 막히고, 대문 밖에 기다리는 사람이 날로 늘어나면 오로지 한 사람에게만 마음을 쓸 수 없습니다.",라,False,라(대조군),Level1
주역전의(하),1266,3846,以帝乙歸妹之道言이라,‘제을귀매(帝乙歸妹)’의 도리로써 말하였다.,라,False,라(대조군),Level1
예기집설대전2,183,251,是雖於親有所不從이나 而於義無所不順이요 於親或不我愛나 而於鄕閭無所得罪니 此古之所謂孝子也라,"이는 비록 어버이에게는 순종하지 않는 것이지만 의리에 있어서는 순종하지 않음이 없는 것이고, 어버이가 혹 나를 사랑해주시지 않더라도 향려(鄕閭)에서 죄를 얻음이 없게 하는 것이니, 이것이 옛날의 이른바 효자(孝子)인 것이다.",라,False,라(대조군),Level1
춘추좌씨전5,306,1579,祭寒而藏之하고 獻羔而啓之하야 公始用之하고 火出而畢賦하니 自命夫命婦至於老疾히 無不受冰이라,"사한(司寒)에 제사 지내고서 얼음을 저장(貯藏)하고, 양(羊)을 바치고서 빙실(冰室)을 열어 국군(國君)이 먼저 사용하고, 화성(火星)이 출현(出現)하면 얼음을 나누어 주는 일을 마쳤으니, 명부(命夫) 명부(命婦)로부터 노질자(老疾者)에 이르기까지 얼음을 받지 않은 자가 없었습니다.",라,False,라(대조군),Level1
당송팔대가문초소식4,388,1511,又念昔者에 定國이 過余於彭城하야 留十日하야 往返作詩幾百篇하니 余苦其多하고 畏其敏하고 而服其工也라,"또 생각하니, 옛날에 왕정국(王定國)이 나를 팽성(彭城)으로 방문하여 열흘 동안 머물 적에 오가며 시(詩)를 지은 것이 수백 편이었는데, 나는 그 많음을 괴로워하고 그 민첩함을 두려워하고 그 공교함에 탄복하였다.",라,True,라(대조군),Level1
시경집전(하),1570,3482,鉤援은 鉤梯也니 所以鉤引上城이니 所謂雲梯者也라,"구원(鉤援)은 구제(鉤梯)이니, 갈고리를 걸어 끌어올려 성(城) 위로 올라가게 하는 것이니, 이른바 운제(雲梯)라는 것이다.",라,False,라(대조군),Level1
서경집전(하),321,1265,小子는 幼小之稱이니 言年雖少나 而心獨善也라,"소자(小子)는 어림을 칭하니, 나이는 비록 어리나 마음이 홀로 선(善)함을 말한 것이다.",라,False,라(대조군),Level1
시경집전(상),63,232,木下曲曰樛라,나무가 아래로 굽어 있는 것을 규(樛)라 한다.,라,False,라(대조군),Level1
당송팔대가문초유종원2,29,105,音若衣褐之褐이라,그 음은 ‘의갈(衣褐)’의 ‘갈(褐)’과 같다.,라,False,라(대조군),Level1
논어집주,1202,3969,君之所以君과 臣之所以臣과 父之所以父와 子之所以子는 是必有道矣라,“임금이 임금이 된 소이(所以)와 신하가 신하된 소이(所以)와 아버지가 아버지된 소이(所以)와 자식이 자식된 소이(所以)는 반드시 도(道)가 있는 것이다.,라,False,라(대조군),Level1
예기집설대전2,125,164,有終身之憂는 仁也요 無一朝之患은 義也라,"종신의 근심을 갖는 것은 인(仁)이며, 하루아침의 근심이 없도록 하는 것은 의(義)이다.",라,False,라(대조군),Level1
논어집주,883,3096,"位는 君之虛位니 謂門屛之間, 人君宁立之處니 所謂宁也라","위(位)는 임금의 빈자리인 바, 문과 병풍의 사이로서 인군(人君)이 ˂조회볼 때에 신하들을˃ 기다리며 서 있는 곳을 이름이니, 이른바 저(宁)라는 것이다.",라,False,라(대조군),Level1
당송팔대가문초소식2,529,2259,魏武는 長於料事나 而不長於料人이라,"위(魏) 무제(武帝)는 일을 헤아리는 데에는 뛰어났으나, 사람을 헤아리는 데는 뛰어나지 못하였다.",라,False,라(대조군),Level1
주역전의(하),609,1828,此는 言以益下爲心 而合於中行이면 則告公而見從矣라,이는 아래를 유익(有益)하게 함으로 마음을 삼고 중도(中道)에 합하면 공(公)에게 아룀에 따라줌을 말한 것이다.,라,False,라(대조군),Level1
시경집전(하),2110,4712,憂心慇慇하여 念我土宇하노라,마음에 근심하기를 은은(慇慇)히 하여 우리 토우(土宇)를 생각하노라,라,True,라(대조군),Level1
주역전의(상),620,2002,衍은 寬綽也라,연(衍)은 너그러움이다.,라,False,라(대조군),Level1
춘추좌씨전5,76,398,吾曰 猶將更之러니 今還에 受享而惰하니 乃其心也라,"그러나 나는 도리어 앞으로 고칠 것으로 여겼는데, 지금 돌아오는 길에 접대(接待)를 받으면서도 태만(怠慢)하니, 이는 그의 마음이 본래 그런 것이다.",라,False,라(대조군),Level1
주역전의(상),757,2373,"若秦皇,漢武는 皆窮山林以索禽獸者也요 非田有禽也라","진시황(秦始皇)과 한무제(漢武帝) 같은 이는 모두 산림을 뒤져서 금수를 찾은 자이며, 밭에 짐승이 있어서 농사를 침해한 경우가 아니다.",라,False,라(대조군),Level1
시경집전(상),1835,4173,又按史記컨대 秦武公卒에 初以人從死하여 死者六十六人이러니 至穆公하여 遂用百七十七人하여 而三良與焉하니 蓋其初特出於戎狄之俗이어늘 而無明王賢伯이 以討其罪라,"또 ≪사기(史記)≫를 살펴보면, 진무공(秦武公)이 죽음에 처음으로 사람을 따라 죽게 하여 죽은 자가 66명이었는데, 목공(穆公) 때에 이르러는 마침내 1백 77명을 사용하여 삼량(三良)이 거기에 끼었으니, 처음에는 다만 융적(戎狄)의 풍속에서 나온 것이었는데, 명왕(明王)과 현백(賢伯)이 그 죄를 토벌하는 자가 없었다.",라,False,라(대조군),Level1
당송팔대가문초유종원1,196,1276,載文筆而都儒林者 匪親乃舊라 率皆攜撫相示하고 談笑見昵하여 喔咿逡巡하여 爲達者嗤라,"문필(文筆)의 재능을 지니고 유림(儒林)을 주도하는 자들이 저의 친척이 아니면 친지였기에 모두 저를 이끌어주고 서로 보살펴줌으로 인해, 이들과 담소(談笑)를 나누고 친하게 지내면서 비위를 맞추고 어리광을 부렸던 것이 높은 자들의 비웃음의 대상이 되었습니다.",라,False,라(대조군),Level1
자치통감강목10,1090,1712,先王이 辨九服之賦하여 以殊遠近하고 制三典之刑하여 以平治亂이라,"“선왕(先王)이 구복(九服)의 부세(賦稅)를 분별하여 원근(遠近)에 따라 달리하였고, 삼전(三典)의 형벌을 제정하여 치란(治亂)을 고르게 하였습니다.",라,False,라(대조군),Level1
자치통감강목14,459,1429,"舊大國一이요 漢, 涼小國二요 新小國一이니 凡四僭國이라","옛날의 큰 나라(후조(後趙))가 하나이고 작은 나라가 한(漢)나라(성한(成漢))와 양(涼)나라(전량(前涼)) 둘이고 새로운 작은 나라(대(代)나라)가 하나이니, 합하여 참국(僭國)이 넷이다.",라,False,라(대조군),Level1
시경집전(상),2699,6261,赤芾은 諸侯之服이요 金舃은 赤舃而加金飾이니 亦諸侯之服也라,"적불(赤芾)은 제후(諸侯)의 의복이요, 금석(金舃)은 붉은 신에 금으로 장식을 가한 것이니, 또한 제후(諸侯)의 의복이다.",라,False,라(대조군),Level1
당송팔대가문초구양수4,182,865,每歲終에 會計來朝어든 天子必加恩禮라,매해 연말에 세금을 결산하여 와서 조회하면 천자가 반드시 은례(恩禮)를 더하였다.,라,False,라(대조군),Level1
주역전의(하),440,1310,六四는 往하면 蹇하고 來하면 連이리라,육사(六四)는 가면 어렵고 오면 연합(連合)하리라.,라,False,라(대조군),Level1
서경집전(상),777,3683,惟天監民以下는 格王之言이요 王司敬民以下는 正事之言也라,"‘유천감민(惟天監民)’ 이하는 왕(王)을 바로잡는 말이고, ‘왕사경민(王司敬民)’ 이하는 일을 바로잡는 말이다.",라,False,라(대조군),Level1
논어집주,1236,4054,內主忠信而所行合宜하고 審於接物而卑以自牧하니 皆自修於內요 不求人知之事라,"안으로 충신(忠信)을 주장하고 행하는 바가 의(宜)에 합하며 남을 대하는 데에 살펴하고 겸손함으로써 자신을 기름은, 다 스스로 안을 닦고 남이 알아주기를 구하지 않는 일이다.",라,False,라(대조군),Level1
예기집설대전2,174,233,重耳又勸其奔他國호대 而申生不從也라,중이(重耳)가 또 다른 나라로 달아날 것을 권유하였지만 신생(申生)이 따르지 않았다.,라,False,라(대조군),Level1
논어집주,590,2145,衛君은 出公輒也라,위(衛)나라 군주(君主)는 출공(出公) 첩(輒)이다.,라,False,라(대조군),Level1
시경집전(상),1088,2535,"蕭는 荻也니 白葉, 莖麤요 科生, 有香氣하니 祭則焫以報氣라","소(蕭)는 적(荻)이니, 잎이 희고 줄기가 거칠며 무더기로 자라고 향기가 있으니, 제사에 이것을 태워 기(氣)에 알린다.",라,True,라(대조군),Level1
주역전의(상),1512,4514,繫辭所謂惡積而不可掩이요 罪大而不可解者也라,˂계사전(繫辭傳)˃에 이른바 ‘악이 쌓여 가릴 수 없고 죄가 커서 풀 수 없다’는 것이다.,라,False,라(대조군),Level1
당송팔대가문초유종원1,263,1608,其始則皆類也러니 房子一書之而輕重若是라,"처음에는 〈바둑알들이〉 모두 똑같은 것이었으나, 방생(房生)이 한번 색깔을 칠하자 경중(輕重)이 그처럼 달라졌다.",라,False,라(대조군),Level1
자치통감강목1,760,2318,秦은 貪暴之國也라,진(秦)나라는 탐욕스럽고 포악한 나라이다.,라,False,라(대조군),Level1
주역전의(하),892,2644,赤紱은 臣下之服이니 取行來之義라 故以紱言이라,"‘적불(赤紱)’은 신하의 의복이니, 걸어오는 뜻을 취하였으므로 불(紱)로써 말한 것이다.",라,True,라(대조군),Level1
서경집전(상),171,1240,大射禮에 樂人이 宿縣于阼階東호되 笙磬西面이요 其南은 笙鐘이며 西階之西엔 頌磬東面이요 其南은 頌鐘이라하니 頌鐘은 卽鏞鐘也라,"˂대사례(大射禮)˃에 “악공(樂工)이 미리 동쪽 섬돌의 동쪽에 악기를 매달되 생경(笙磬)은 서향을 하고 그 남쪽에는 생종(笙鐘)을 진열하며, 서쪽 뜰의 서쪽에는 송경(頌磬)은 동향을 하고 그 남쪽에는 송종(頌鐘)을 진열한다.” 하였으니, 송종(頌鐘)은 곧 용종(鏞鐘)이다.",라,False,라(대조군),Level1
맹자집주,1686,5513,丑問也라,공손추(公孫丑)가 물은 것이다.,라,False,라(대조군),Level1
당송팔대가문초구양수6,33,280,梁太祖嘗遣人招降嗣昭하니 嗣昭斬其使者하고 閉城拒守라,양(梁) 태조(太祖)가 일찍이 사람을 보내 이사소에게 항복하라고 권유하니 이사소가 그 사자를 참수하고 성문을 굳게 닫아걸고 항거하며 수비하였다.,라,False,라(대조군),Level1
당송팔대가문초구양수4,295,1374,自曾祖已來로 家京師하야 而葬開封하니 今爲開封人也라,증조(曾祖)로부터 경사(京師)에서 세거(世居)하여 개봉(開封)에 장사(葬事)를 지내니 지금은 개봉(開封) 사람이 되었다.,라,False,라(대조군),Level1
자치통감강목14,849,2567,以其嘗墜馬折齒라하여 更名曰𡙇이러니 尋以其應讖文이라하여 更名曰垂라하고 遷侍中하고 録留臺事라가 徙鎮龍城하니 垂大得東北之和라,"일찍이 모용패가 말에 떨어져 이가 부러졌다고 하여 이름을 결(𡙇)로 바꾸었는데, 얼마 후 그의 이름이 도참서(圖讖書)에 응한다 하여 이름을 수(垂)로 바꾸고는 시중(侍中)으로 옮기고 유대(留臺)의 일을 다스리게 하다가 용성(龍城)으로 옮겨 진주하게 하니, 모용수(慕容垂)가 동북 지방에서 큰 추대(推戴)를 받았다.",라,False,라(대조군),Level1
당송팔대가문초한유1,210,1022,以某在公之宇下가 非一日이요 而又辱居姻婭之後하니 是生于匠石之園이요 長于伯樂之廐者也라,"저로 말하면 공(公)의 그늘 아래에 있은 지가 하루 이틀이 아니고 또 부끄럽게도 인척(姻戚)의 후배(後輩)가 되었으니, 이는 장석의 정원에서 생장한 나무와 같고 백락의 마구에서 자란 말과 같습니다.",라,False,라(대조군),Level1
주역전의(하),1533,4610,當位以節은 五居尊은 當位也요 在澤上은 有節也니 當位而以節은 主節者也라,"‘당위이절(當位以節)’은 오(五)가 존위(尊位)에 거함은 지위를 담당한 것이요 못 위에 있음은 절제(節制)가 있는 것이니, 지위를 담당하여 절제(節制)함은 절(節)을 주관하는 자이다.",라,False,라(대조군),Level1
주역전의(하),1106,3354,當君位하여 爲動之主하니 隨宜應變하여 在中而已라,"군위(君位)를 당하여 동(動)의 주체(主體)가 되었으니, 마땅함에 따라 변(變)에 응(應)하여 중도(中道)에 있게 할 뿐이다.",라,False,라(대조군),Level1
자치통감강목11,287,1055,及卽位에 郭貴嬪이 有寵이라,그러나 조비가 즉위하고 난 뒤에는 곽귀빈(郭貴嬪)이 총애를 받았다.,라,False,라(대조군),Level1
당송팔대가문초한유2,217,987,"明先王之道以道之하고 鰥, 寡, 孤, 獨, 廢疾者有養也면 其亦庶乎其可也리라",선왕(先王)의 도(道)를 밝혀 〈그들을〉 인도하고 홀아비‧과부‧고아‧자식 없는 늙은이‧불치병에 걸린 자들을 부양하게 한다면 거의 좋은 세상이 될 것이다.”,라,True,라(대조군),Level1
주역전의(하),1034,3120,我仇는 謂初라,아구(我仇)는 초육(初六)을 이른다.,라,False,라(대조군),Level1
주역전의(상),899,2797,以此履行이면 其亨을 可知라,이러한 방식으로 이행(履行)하면 그 형통함을 알 수 있다.,라,False,라(대조군),Level1
주역전의(하),1120,3408,其象이 爲山하니 取坤地而隆其上之狀이요 亦止於極而不進之意也라,"그 상(象)이 산(山)이 되니, 곤(坤)의 땅에 그 위가 높이 솟은 상(象)을 취하였고, 또한 극(極)에 멈추어 나아가지 않는 뜻이다.",라,True,라(대조군),Level1
자치통감강목5,270,598,此는 天地之大義요 生人之大倫이니 不可得而變易者也라,"이는 하늘과 땅의 큰 의리요 인민(人民)의 큰 윤리이니, 바꿀 수가 없는 것이다.",라,False,라(대조군),Level1
당송팔대가문초한유3,312,1674,生闊死休니 吞不復宣하리라,"살아서의 이별이 죽어서야 끝났으니, 내 슬픔을 삼키고서 다시 말하지 않겠소.",라,True,라(대조군),Level1
주역전의(하),477,1430,方解之初하여 宜安靜以休息之니 爻之辭寡는 所以示意라,"해(解)의 초기를 당하여 마땅히 안정해서 휴식하여야 하니, 효(爻)의 말이 적음은 이러한 뜻을 나타낸 것이다.",라,False,라(대조군),Level1
시경집전(상),1785,4055,厹矛는 三隅矛也라,구모(厹矛)는 세모진 창이다.,라,False,라(대조군),Level1
당송팔대가문초유종원2,380,2650,敢譁者死리라,감히 소란을 피우는 자는 죽음을 면치 못할 것이다.”,라,False,라(대조군),Level1
맹자집주,444,1596,隘는 狹窄也요 不恭은 簡慢也라,"애(隘)는 협착(狹窄)한 것이요, 불공(不恭)은 간략하고 거만한 것이다.",라,False,라(대조군),Level1
당송팔대가문초증공1,182,1045,臣等以相校하여 至八年七月하여 陳書三十六篇者 始校定하니 可傳之學者라,"우리는 이것을 가지고 상호 대조 교감하여 8년 7월에 이르러 ≪진서(陳書)≫ 36편에 대한 교감을 마쳤으니, 이제 학문에 종사하는 자들에게 전해줄 수 있게 되었다.",라,False,라(대조군),Level1
맹자집주,452,1618,得道者는 多助하고 失道者는 寡助라,"도(道)를 얻은 자는 도와주는 이가 많고, 도(道)를 잃은 자는 도와주는 이가 적다.",라,False,라(대조군),Level1
춘추좌씨전4,279,856,荀偃令曰 雞鳴而駕하야 塞井夷竈하고 唯余馬首是瞻하라 欒黶曰 晉國之命에 未是有也라,"순언(荀偃)이 영(令)을 내리기를 “닭이 울거든 전거(戰車)에 말을 매고서 우물을 메우고 부뚜막을 허물고서 오직 나의 말머리가 향하는 쪽을 보라.”고 하니, 난염(欒黶)이 말하기를 “진(晉)나라에 이런 명(命)(군령(軍令))이 있은 적은 없었다.",라,False,라(대조군),Level1
시경집전(하),1535,3377,作은 拔起也요 屛은 去之也라,"작(作)은 뽑아 일으킴이요, 병(屛)은 제거함이다.",라,False,라(대조군),Level1
예기집설대전2,1196,1716,恒於斯는 言常在此死生交代之際也라,‘항상 이 때에 있다恒於斯’는 것은 항상 이 삶과 죽음이 교차하는 사이에 달려 있다는 말이다.,라,False,라(대조군),Level1
당송팔대가문초유종원2,18,70,梁之上有丘焉하여 生竹樹라,어량(魚梁) 위쪽에 자그마한 구릉 하나가 있는데 대나무와 수목이 자라고 있다.,라,False,라(대조군),Level1
시경집전(상),1342,3076,賦而興也라,부이흥(賦而興)이다.,라,False,라(대조군),Level1
당송팔대가문초한유3,157,924,然其詳而信者는 宜莫若吾先人之友라,그러나 상세하고 신빙할 만한 내용을 알고 있는 이로는 아마도［宜］ 우리 선인(先人)의 벗만 한 분이 없을 것이다.,라,False,라(대조군),Level1
주역전의(상),689,2181,柔는 從剛者也요 下는 從上者也라,유(柔)는 강(剛)을 따르는 자이고 아래는 위를 따르는 자이다.,라,False,라(대조군),Level1
시경집전(상),2421,5617,常은 常棣也라,상(常)은 상체(常棣)이다.,라,False,라(대조군),Level1
당송팔대가문초소식5,112,371,吾州之俗에 有近古者三이라,우리 고을의 풍속에 옛날과 가까운 것이 세 가지가 있다.,라,False,라(대조군),Level1
당송팔대가문초구양수4,45,233,若其規切人主하야 直言逆耳하고 至於從容進見하야 開導聰明하고 賢否人物이 其事不聞于外廷者하야는 其補益尤多라,"그리고 인주(人主)에게 규간(規諫)하여 귀에 거슬리는 말을 직언(直言)하고, 조용히 나아가 인주(人主)를 뵙고 인주(人主)의 총명함을 개도(開導)하고 인물의 현부(賢否)를 판단하는 등 그 일이 외정(外廷)에 알려지지 않은 것에 이르러서는 보익(補益)한 바가 더욱 많았다.",라,False,라(대조군),Level1
시경집전(상),2489,5779,以卜筮終之는 言思之切而無所不爲也라,“복서(卜筮)로써 끝맺은 것은 생각함이 간절하여 하지 않는 바가 없음을 말한 것이다.”,라,False,라(대조군),Level1
춘추좌씨전2,50,120,虢必亡矣리라,“괵(虢)나라는 반드시 망(亡)할 것이다.,라,False,라(대조군),Level1
당송팔대가문초한유3,309,1646,南上湘水하니 屈氏所沈이요 二妃行迷하야 淚蹤染林이라,"남쪽의 상수(湘水)로 올라가니 굴원(屈原)이 빠져 죽은 곳이고, 이비(二妃)(아황(娥皇)‧여영(女英))가 길을 헤매다가 통곡하며 흘린 눈물의 흔적이 대나무를 물들인 곳이기도 하지요.",라,True,라(대조군),Level1
서경집전(하),946,3547,成周는 下都也라,성주(成周)는 하도(下都)이다.,라,False,라(대조군),Level1
시경집전(하),2595,5761,是以로 無有遠近彼此之殊하고 而得以陳其君臣父子之常道於中國也라,"이 때문에 원근(遠近)과 피차(彼此)의 다름이 없게 하였고 그 군신(君臣), 부자(父子)의 떳떳한 도(道)를 중국(中國)에 펼 수 있었다고 말한 것이다.",라,False,라(대조군),Level1
서경집전(상),185,1341,故로 次兗次靑次徐次揚次荊次豫次梁次雍이니 兗最下라 故로 所先이요 雍最高라 故로 獨後라,"그러므로 다음은 연주(兗州), 청주(靑州), 서주(徐州), 양주(揚州), 형주(荊州), 예주(豫州), 양주(梁州), 옹주(雍州)의 순서였으니, 연주(兗州)가 가장 지역이 낮으므로 먼저 하였고, 옹주(雍州)가 가장 지역이 높으므로 홀로 뒤에 하였다.",라,False,라(대조군),Level1
당송팔대가문초증공1,339,1825,一雨則放聲以動州縣하여 而斗門輒發이라,그래서 비가 한번 오려고 하면 백성들이 목소리를 내어 월주(越州)와 현(縣)에 압력을 넣어서 닫았던 갑문(閘門)을 그 때마다 열게 한다.,라,False,라(대조군),Level1
서경집전(상),173,1285,允諧者는 信皆和諧也니 庶尹諧면 則人無不和를 可知矣라,"윤해(允諧)는 진실로 모두 화합함이니, 서윤이 화합하면 사람들이 화합하지 않음이 없음을 알 수 있다.",라,False,라(대조군),Level1
춘추좌씨전4,212,615,書曰盜는 言無大夫焉이라,경(經)에 ‘도(盜)’라고 기록한 것은 반란(叛亂)을 일으킨 자 중에 대부(大夫)가 없었기 때문이다.,라,False,라(대조군),Level1
자치통감강목4,1140,2596,旣至에 左大都尉 欲發而覺이라,"조파노가 준계산에 도착하였는데, 흉노의 좌대도위(左大都尉)가 군대를 출동하여 반란을 하고자 하다가 발각되었다.",라,False,라(대조군),Level1
주역전의(하),2181,6024,"荀九家엔 有爲鼻,爲虎,爲狐라","순구가(荀九家)에는 코가 되고, 범이 되고, 여우가 된다는 내용이 있다.",라,False,라(대조군),Level1
맹자집주,279,1053,孟子所論을 自世俗觀之면 則可謂無謀矣라,“맹자(孟子)께서 의논하신 것을 세속의 입장에서 본다면 무모(無謀)하다고 이를 만하다.,라,False,라(대조군),Level1
논어집주,1964,6098,四者는 皆君子之事니 忠厚之至也라,"“네 가지는 모두 군자(君子)의 일이니, 충후(忠厚)함이 지극한 것이다.”",라,False,라(대조군),Level1
자치통감강목14,796,2432,閔이 素有勇名하고 所將兵精鋭하니 燕人이 憚之라,"염민은 평소 용맹하다는 명성이 있었고 휘하의 병사가 정예로우니, 연(燕)나라 사람들이 그를 두려워하였다.",라,False,라(대조군),Level1
당송팔대가문초구양수4,548,2439,能者取科第擅名聲하야 以誇榮當世요 未嘗有道韓文者라,이 시문(時文)을 잘 짓는 이는 과제(科第)에 급제하고 명성(名聲)을 차지하여 당세(當世)에 영화를 뽐냈고 한유(韓愈)의 문장을 말하는 자들은 있지 않았다.,라,False,라(대조군),Level1
당송팔대가문초왕안석1,218,1126,時荊公이 托爲擇便地以養母하니 其書之情旨가 深厚婉曲이라,"당시에 형공(荊公)이 어머니 봉양에 편리한 땅을 택할 수 있도록 부탁한 것이니, 편지 속에 드러난 뜻이 심후(深厚)하고 완곡(婉曲)하다.",라,False,라(대조군),Level1
시경집전(하),2725,6040,佛은 弼通이라,필(佛)은 필(弼)과 통한다.,라,False,라(대조군),Level1
주역전의(하),1539,4623,澤之容水有限하여 過則盈溢하나니 是有節이라,"못이 물을 용납함은 한계가 있어서 지나치면 가득차 넘치니, 이는 절도(節度)가 있는 것이다.",라,False,라(대조군),Level1
시경집전(상),2233,5141,興也라,흥(興)이다.,라,False,라(대조군),Level1
당송팔대가문초소식2,49,212,貧民販鹽에 不過一兩貫錢本하야 偸稅則賞重하고 納稅則利輕하며 欲爲農夫면 又値凶歲하니 若不爲盜면 惟有忍饑라,"가난한 백성들이 소금을 팔 적에 본전(本錢)이 한두 관(貫)에 지나지 않아서 세금을 도둑질하면 이익이 많이 남고 세금을 제대로 바치면 이익이 적으며, 소금 장사를 그만두고 농부가 되고자 하면 또 흉년을 만나니, 만약 도둑질을 하지 않으면 오직 굶주림을 참을 수밖에 없습니다.",라,False,라(대조군),Level1
당송팔대가문초유종원2,276,1626,智氏旣滅范中行에 志益大하여 合韓魏圍趙하고 水晉陽이라,지백(智伯)이 범씨(范氏)와 중항씨(中行氏)를 섬멸한 뒤에 야심이 더욱 커져 한강자(韓康子)‧위환자(魏桓子)와 연합하여 진양(晉陽)에서 조양자(趙襄子)를 포위하고 진양성(晉陽城) 안으로 강물을 흘려보냈다.,라,True,라(대조군),Level1
당송팔대가문초증공1,164,947,將以是非得失과 興壞理亂之故로 而爲法戒면 則必得其所託이라,시비득실(是非得失)과 치란흥망(治亂興亡)의 까닭을 천명하여 법도와 귀감으로 삼기 위해서는 반드시 그 일을 충분히 맡을 만한 사람을 얻어야 한다.,라,False,라(대조군),Level1
당송팔대가문초구양수5,334,2249,及楊劉之敗也에 凝乃上書言彦章使酒輕敵而至於敗라하니 趙巖等從中日夜毁之하야 乃罷彦章하고 以凝爲招討使라,"양류(楊劉)에서 패배하자 단응이 글을 올려 왕언장이 술에 빠져 적을 가볍게 여겨 패배하게 되었다고 하니, 조암 등이 중간에서 밤낮으로 헐뜯어 마침내 왕언장을 파직하고 단응을 초토사(招討使)로 삼았다.",라,True,라(대조군),Level1
시경집전(상),2287,5306,鵻는 夫不也니 今鵓鳩也라,"추(鵻)는 부불(夫不)이니, 지금의 발구(鵓鳩)이다.",라,False,라(대조군),Level1
서경집전(하),134,548,人之有能有爲를 使羞其行하면 而邦이 其昌하리라,사람 중에 재능이 있고 시위(施爲)함이 있는 자를 그 행함에 나아가게 하면 나라가 번창할 것이다.,라,True,라(대조군),Level1
당송팔대가문초구양수3,442,1811,公以謂晉自前世爲險國하니 常先叛而後服者는 恃此也라하야 其在河東에 鑿澤州路하고 後徙河北에 鑿懷州路하니 而太行之險通이라,"공이 “진(晉)은 옛날부터 험고(險固)한 나라였으니 항상 먼저 반란하고 늦게야 항복한 것은 이 험고함을 믿어서였다.”라고 여기고서 하동(河東)에 있을 적에 택주로(澤州路)를 뚫었고, 뒤에 하북(河北)으로 옮겼을 때 회주로(懷州路)를 뚫으니 험고한 태항산에 길이 통하게 되었다.",라,False,라(대조군),Level1
춘추좌씨전5,53,313,子大叔賦野有蔓草한대 趙孟曰 吾子之惠也라,자태숙(子太叔)이 〈야유만초편(野有蔓草篇)〉을 읊자 조맹(趙孟)이 “그대의 은혜입니다.”고 하였다.,라,False,라(대조군),Level1
자치통감강목14,131,406,敦曰 若不爾면 正當誅爾리라,"왕돈이 말하기를 “만일 그렇지 않다면 바로 주벌(誅伐)을 당할 뿐이다.” 하였는데,",라,False,라(대조군),Level1
시경집전(하),527,1161,伯氏吹壎이어든 仲氏吹篪라,백씨(伯氏)가 질나팔을 불거든 중씨(仲氏)는 젓대를 부는지라,라,False,라(대조군),Level1
춘추좌씨전6,281,1289,靈王殺隱大子어늘 其子與君同惡하니 德君必甚이라,"영왕(靈王)이 은태자(隱太子)(동국(東國)의 아버지)를 살해(殺害)하였으니, 그 아들 동국(東國)은 영왕(靈王)을 원수로 여겨 미워하는 마음이 임금님과 같을 것인데, 〈임금님께서 그 원수를 갚아주었으니〉 임금님을 은덕(恩德)으로 여기는 마음이 클 것입니다.",라,False,라(대조군),Level1
당송팔대가문초한유2,92,350,吾常以爲孔子之道는 大而能博하야 門弟子不能徧觀而盡識也라,나는 항상 ‘공자(孔子)의 도(道)(학술(學術))는 크고도 넓어서 문하의 제자들이 두루 보고 다 알 수가 없었다.,라,True,라(대조군),Level1
당송팔대가문초구양수1,254,1449,是自空其地하야 引惹北人하야 歲歲爭界니 其害三也라,"이는 스스로 우리 땅을 비워두어 북계(北界)의 사람들을 들어오게 만들어서 해마다 국경의 땅을 놓고 다투는 것이니, 그 셋째 해로운 것입니다.",라,False,라(대조군),Level1
자치통감강목9,452,665,梁冀旣誅에 爕이 乃還鄕里하여 追行喪服하니 姊弟相見하고 悲感傍人이라,"양기(梁冀)가 주살을 당하자 이섭(李爕)이 마침내 향리(鄕里)로 돌아와서 뒤늦게 상복(喪服)을 입었는데, 누이(문희(文姬))와 아우가 서로 만나보니 옆 사람들이 슬퍼하고 감동하였다.",라,True,라(대조군),Level1
춘추좌씨전6,93,311,晉侯享諸侯에 子産相鄭伯이러니 辭於享하고 請免喪而後聽命한대 晉人許之하니 禮也라,"진후(晉侯)가 연회(宴會)를 열어 제후(諸侯)를 접대(接待)할 때 자산(子産)이 정백(鄭伯)을 보좌(輔佐)하였더니, 연향(宴享)에 참석(參席)하기를 사양하고서 상(喪)을 벗은 뒤에 진군(晉君)의 명령(命令)을 따르겠다고 청(請)하자, 진인(晉人)이 허락하였으니 예(禮)에 맞았다.",라,False,라(대조군),Level1
예기집설대전2,524,755,孔子之喪에 公西赤이 以飾棺榮夫子라,공자(孔子)의 상(喪)에 공서적(公西赤)이 관(棺)을 장식해서 공자를 영화롭게 하였다.,라,True,라(대조군),Level1
당송팔대가문초구양수4,6,23,與人言에 必思而後對라 故其蒞官臨事에 愼重不輒發하고 發亦不可回止로되 而其趣要歸於仁厚라,"남과 이야기할 때에는 반드시 생각한 뒤에 대답을 하였기 때문에 관직에 있으면서 일을 처리할 때에는 신중하여 대뜸 발언하지 않았고, 발언하면 또한 바꾸거나 중지하게 할 수 없었지만 주된 뜻은 인후(仁厚)한 데로 귀결되었다.",라,False,라(대조군),Level1
당송팔대가문초소식5,46,140,於是에 有違親絶俗之譏와 懷祿苟安之弊라,"이에 은둔한 자들은 어버이를 버리고 세상을 끊는다는 비난이 있고, 출사한 자들은 녹봉을 그리워하고 구차하게 편안함을 탐하는 병폐가 있는 것이다.",라,False,라(대조군),Level1
주역전의(상),1876,5588,維心亨은 維其心誠一이라 故能亨通이라,‘유심형(維心亨)’은 마음이 정성스럽고 전일하기 때문에 형통(亨通)할 수 있는 것이다.,라,False,라(대조군),Level1
당송팔대가문초소순1,266,1731,按古傳記하여 論奇道伏道處는 古今名言也라,옛 전기(傳記)에 의거해서 기도(奇道)와 복도(伏道)를 논한 부분은 고금의 명언(名言)이다.,라,False,라(대조군),Level1
시경집전(상),949,2224,賦也라,부(賦)이다.,라,False,라(대조군),Level1
시경집전(하),622,1372,至於以葛屨履霜하며 而其貴戚之臣이 奔走往來하여 不勝其勞하여 使我心憂而病也라,"그리하여 칡신으로써 서리를 밟음에 이르렀으며, 귀척(貴戚)의 신하들도 분주히 왕래하여 그 수고로움을 이기지 못해서 나로 하여금 마음에 근심하여 병들게 했다고 말한 것이다.",라,False,라(대조군),Level1
예기집설대전2,478,689,善其哀慕니 虞祭는 雖遲不害라,"그의 애통해하고 사모하는 마음을 훌륭하게 여긴 것이니, 우제(虞祭)는 비록 더디게 지내더라도 해가 되지 않는다.",라,True,라(대조군),Level1
시경집전(상),1242,2894,"叔, 伯은 男子之字也라","숙(叔), 백(伯)은 남자의 자(字)이다.",라,False,라(대조군),Level1
당송팔대가문초왕안석2,167,754,公開南昌하야 勳爵第一이라,공(公)은 남창군(南昌郡) 개국공(開國公)이 되어 훈급(勳級)과 작위(爵位)가 으뜸이셨네.,라,True,라(대조군),Level1
춘추좌씨전6,258,1136,入이면 復而所하리라,네가 다시 조정(朝廷)으로 들어오면 너의 옛 관직(官職)을 회복(恢復)시켜 주겠다.”고 하였다.,라,False,라(대조군),Level1
당송팔대가문초왕안석2,138,606,予甚怪焉이로라,나는 이를 매우 괴이하게 여긴다.,라,True,라(대조군),Level1
당송팔대가문초유종원2,309,1949,辛亥啓土하니 有木焉하고 發之하니 緋衣緅衾 凡自家之物皆在라,"신해일에 흙을 파니 널이 그 속에 있었고, 뚜껑을 열었더니 붉은 관복과 검붉은 이불을 위시하여 자기 집의 물건들이 모두 있었다.",라,True,라(대조군),Level1
주역전의(하),385,1128,掣는 從制從手하니 執止之義也라,"철(掣)은 제(制)를 따르고 수(手)를 따랐으니, 잡아 멈추는 뜻이다.",라,True,라(대조군),Level1
자치통감강목14,146,458,帝恭儉有餘나 而明斷不足이라,황제는 매우 공손하고 검소하였으나 시비를 밝게 가리고 과감하게 결단하는 능력은 부족하였다.,라,False,라(대조군),Level1
당송팔대가문초한유3,312,1672,解手背面이 遂十一年이라,우리가 서로 헤어진 지가 드디어 11년이 되었구려.,라,True,라(대조군),Level1
춘추좌씨전6,253,1103,旣出에 聞衛亂하고 使請所聘하니 公曰 猶在竟內하니 則衛君也라,"공손(公孫) 청(靑)은 출발한 뒤에 위(衛)나라에 변란(變亂)이 났다는 소식을 듣고서 〈본국(本國)으로〉 사람을 보내어 빙문(聘問)할 상대를 묻게 하니, 제경공(齊景公)이 “위군(衛君)이 아직 위(衛)나라 경내(境內)에 있으니 그 가 위(衛)나라 임금이다.”고 하였다.",라,False,라(대조군),Level1
논어집주,816,2898,天地之化는 往者過하고 來者續하여 無一息之停하니 乃道體之本然也라,"천지(天地)의 조화(造化)는 가는 것은 지나가고 오는 것이 이어져서 한 순간의 그침이 없으니, 바로 도체(道體)의 본연(本然)이다.",라,True,라(대조군),Level1
자치통감강목18,145,477,淵은 湛之之子也라,저연은 저담지(褚湛之)의 아들이다.,라,False,라(대조군),Level1
예기집설대전2,574,823,柩旣反則婦人復升堂以避柩라가 至明日에 乃復還柩向外하고 降婦人於階間而後行遣奠之禮라,"널을 이미 되돌려놓았으니 부인은 다시 마루로 올라가서 널을 피했다가, 다음날에 이르러 다시 관(棺)을 되돌려 밖을 향하게 하고, 부인을 섬돌 사이로 내려오게 한 뒤에 견전(遣奠)의 예(禮)를 거행한다.",라,False,라(대조군),Level1
서경집전(하),1039,3868,此는 告同姓諸侯也라,이것은 동성(同姓)의 제후(諸侯)에게 고한 것이다.,라,False,라(대조군),Level1
맹자집주,1198,4098,不臣堯는 不以堯爲臣하여 使北面而朝也라,불신요(不臣堯)는 요(堯)를 신하로 삼아 북면(北面)하고 조회하게 하지 않는 것이다.,라,False,라(대조군),Level1
논어집주,1356,4375,此는 本立而材不足者라,이것은 근본이 확립되었으나 재질이 부족한 자이다.,라,False,라(대조군),Level1
서경집전(상),154,1051,汝亦昌言하라 禹拜曰 都라,"너도 창언(昌言)을 하라.” 하시니, 우(禹)가 절하고 말씀하기를 “아! 훌륭합니다.",라,True,라(대조군),Level1
시경집전(하),26,57,思는 語詞也라,사(思)는 어조사(語助詞)이다.,라,False,라(대조군),Level1
당송팔대가문초구양수5,65,496,諸將多言乘勝以取靑齊라하니 嗣源曰 彦章之敗를 凝猶未知하니 使其聞之면 遲疑定計가 亦須三日이라,"장수들이 승기를 타고 청주(靑州)와 제주(齊州)를 취해야 한다고 많이들 말하니 이사원이 말하기를 “왕언장이 패배한 것을 단응은 아직 모르고 있으니, 만일 이 사실을 알게 한다면 주저하다 계획을 확정하는 데에 또한 3일 정도 소요될 것입니다.",라,False,라(대조군),Level1
시경집전(상),1094,2550,菼은 蘆之始生也라,담(菼)은 갈대가 처음 나온 것이다.,라,False,라(대조군),Level1
시경집전(상),562,1291,褎는 多笑貌요 充耳는 塞耳也니 耳聾之人은 恒多笑라,"우(褎)는 웃음이 많은 모양이요, 충이(充耳)는 귀를 막은 것이니, 귀먹은 사람은 항상 웃음이 많다.",라,False,라(대조군),Level1
춘추좌씨전4,142,346,吾多與而役하리라,내 그대에게 역부(役夫)를 많이 주겠다.”고 하였다.,라,False,라(대조군),Level1
서경집전(상),446,2507,規는 正也니 相規云者는 胥敎誨也라,"규(規)는 바로잡음이니, 서로 바로잡는다는 것은 서로 교회(敎誨)함이다.",라,False,라(대조군),Level1
서경집전(하),833,3152,敬爾有官하며 亂爾有政하여 以佑乃辟하여 永康兆民하여 萬邦이 惟無斁케하라,"네가 보유한 관직을 공경히 수행하며, 네가 보유한 정사를 다스려서 너희 군주를 도와 길이 조민(兆民)을 편안히 해서 만방(萬邦)이 싫어함이 없게 하라.”",라,False,라(대조군),Level1
당송팔대가문초소순1,80,508,古者에 天子卽位면 天下之政은 必有所不及安席而先行之者라,옛날에는 천자(天子)가 즉위(卽位)하면 천하(天下)의 정치에는 반드시 자리에 편안히 앉을 겨를 없이 먼저 행해야 할 것이 있었습니다.,라,True,라(대조군),Level1
시경집전(상),379,909,妾上僭하여 夫人失位하여 而作是詩也라,"첩(妾)이 위로 참람하여 부인(夫人)이 지위를 잃자, 이 시(詩)를 지은 것이다.",라,False,라(대조군),Level1
자치통감강목11,69,261,彧이 行義修整而有智謀하고 好推賢進士라,순욱은 행의(行義)가 정돈되고 지모(智謀)가 있었으며 어진 이를 추천하고 선비를 등용하기를 좋아하였다.,라,False,라(대조군),Level1
주역전의(상),1678,4994,故有匪正則爲過眚이라,그러므로 바르지 않으면 허물이 되는 것이다.,라,True,라(대조군),Level1
당송팔대가문초소식5,5,14,臣不及見其人矣나 而識其爲人호니 其流風遺俗을 可得而稱者는 以世考之也일새라,"나는 미처 그 인물을 보지 못했으나 그 사람됨을 아니, 그의 유풍(流風)과 유속(遺俗)을 지금도 말할 수 있는 것은 이분이 살았던 세대(인종(仁宗)의 시대)를 가지고 고찰하기 때문이다.",라,False,라(대조군),Level1
당송팔대가문초소철2,335,1831,彼其弱者는 不敢獨戰이라,저 약한 나라는 감히 홀로 전쟁을 할 수 없다.,라,False,라(대조군),Level1
주역전의(상),1931,5750,人之所麗는 利於貞正하니 得其正則可以亨通이라,"사람의 붙음은 정정(貞正)함이 이로우니, 바름을 얻으면 형통(亨通)하다.",라,False,라(대조군),Level1
서경집전(상),155,1075,故로 必循山伐木하여 通蔽障하고 開道路而後에 水工可興也라,그러므로 반드시 산을 따라 나무를 베어서 가리고 막힌 곳을 통하게 하며 도로를 개통한 뒤에야 홍수를 다스리는 일을 일으킬 수 있었다.,라,False,라(대조군),Level1
당송팔대가문초증공1,210,1238,此篇精神融液處는 不如新序戰國策諸篇이라,이 편은 작자의 정신이 녹아든 점이 〈신서목록서(新序目錄序)〉와 〈전국책목록서(戰國策目錄序)〉 등 기타 여러 편만 못하다.,라,False,라(대조군),Level1
주역전의(하),2109,5914,右는 第十章이라,이상은 제10장이다.,라,False,라(대조군),Level1
자치통감강목18,888,2909,今新遷之民이 扶老携幼하여 居無一椽之室하고 食無甔(담)石之儲이라,"지금 새로 옮겨온 백성들이 노인을 부축하고 어린애의 손을 잡고서 거처에는 서까래 하나 걸친 방이 없고, 식량은 한 섬이나 한 석의 저축도 없습니다.",라,True,라(대조군),Level1
당송팔대가문초구양수1,445,2277,衆口紛紛하야 各有論議라,그래서 많은 사람들이 분분히 말하여 저마다 의논을 내고 있습니다.,라,False,라(대조군),Level1
춘추좌씨전8,63,233,與卜人比하야 而告公曰 君有大臣在西南隅하니 弗去면 懼害로라,"복인(卜人)과 결탁(結託)해 〈한통속이 되어〉 위장공(衛莊公)에게 고하기를 “임금님의 신하 중에 도성(都城)의 서남쪽 모퉁이에 거주(居住)하는 자가 있는데, 이 자를 제거(除去)하지 않으면 임금님을 위해(危害)할까 두렵습니다.”라고 하였다.",라,False,라(대조군),Level1
서경집전(상),470,2621,天生聰明은 所以爲之主하여 而治其爭亂者也라,하늘이 총명한 사람을 낸 것은 그를 군주(君主)로 삼아 그 쟁란(爭亂)을 다스리려 한 것이다.” 하였다.,라,True,라(대조군),Level1
서경집전(하),905,3364,弘璧은 大璧也라,홍벽(弘璧)은 큰 벽옥(璧玉)이다.,라,False,라(대조군),Level1
시경집전(하),2539,5636,高山은 謂岐山也라,고산(高山)은 기산(岐山)을 이른다.,라,True,라(대조군),Level1
서경집전(하),1031,3824,皐陶不與三后之列하여 遂使後世로 以刑官爲輕이라,"“고요(皐陶)가 세 후(后)의 열에 참여되지 아니하여, 마침내 후세로 하여금 형관(刑官)을 경시하게 하였다.",라,False,라(대조군),Level1
주역전의(하),846,2495,君道之升은 患无賢才之助爾니 有助則猶自階而升也라,"군주(君主)의 도(道)가 올라감은 현재(賢才)의 도움이 없음을 근심할 뿐이니, 도와주는 이가 있다면 계단을 말미암아 올라가는 것과 같을 것이다.",라,False,라(대조군),Level1
당송팔대가문초소식3,171,660,孝悌足而王道備하니 此固非有深遠而難見하고 勤苦而難行者也라,"효제(孝悌)가 충분하면 왕도(王道)가 구비되니, 이것은 진실로 심원하여 보기 어렵고 몹시 괴로워 행하기 어려운 것이 아니다.",라,False,라(대조군),Level1
시경집전(하),2188,4877,臨은 享也라,임(臨)은 흠향함이다.,라,False,라(대조군),Level1
서경집전(하),230,839,管叔은 名鮮이니 武王弟요 周公兄也라,"관숙(管叔)은 이름이 선(鮮)이니, 무왕(武王)의 동생이고 주공(周公)의 형(兄)이다.",라,False,라(대조군),Level1
논어집주,1289,4198,夫子告之之詳如此로되 而子路終不喩也라,부자(夫子)께서 상세하게 말씀해 주신 것이 이와 같았는데도 자로(子路)는 끝내 깨닫지 못하였다.,라,False,라(대조군),Level1
당송팔대가문초구양수4,109,520,由是로 罷洙而釋滬러라 洙는 公平生所善者也라,이 때문에 윤수(尹洙)를 파직하고 유호(劉滬)를 석방하였는데 윤수(尹洙)는 공(公)이 평소 친하게 지내던 자였다.,라,True,라(대조군),Level1
자치통감강목18,722,2361,有司上言하여 求卜祥日이어늘 詔曰 筮日求吉은 旣乖敬事之志하고 又違永慕之心하니 今直用晦日하라,"유사(有司)가 글을 올려 점을 쳐서 소상(小祥)의 날짜를 잡자고 말하였는데, 조서를 내리기를 “날을 점쳐서 길일(吉日)을 구하는 것은 이미 일을 공경히 하는 뜻에 어긋나고, 또 영원히 사모하는 마음에도 어긋나니, 지금 바로 그믐날로써 하라.”라고 하였다.",라,False,라(대조군),Level1
논어집주,1687,5354,不同은 如善惡邪正之類라,"부동(不同)은 선(善)과 악(惡), 사(邪)와 정(正)과 같은 종류이다.",라,False,라(대조군),Level1
당송팔대가문초구양수1,68,529,其人이 至難得也요 至可重也라,이런 사람은 지극히 얻기 어렵고 지극히 존중할 만합니다.,라,True,라(대조군),Level1
주역전의(하),966,2876,革而能照察事理하고 和順人心이면 可致大亨而得貞正이니 如是면 變革이 得其至當이라,"개혁(改革)하여 사리(事理)에 비추어 살피고 인심(人心)에 화하고 순하면 대형(大亨)을 이루고 정정(貞正)함을 얻을 수 있으니, 이와 같으면 변혁(變革)함이 지극히 마땅함을 얻게 된다.",라,False,라(대조군),Level1
논어집주,31,149,時는 謂農隙之時라,시(時)는 농사짓는 틈의 때를 이른다.,라,False,라(대조군),Level1
자치통감강목13,556,1860,且臣家若能奉武皇帝之業하여 九族敦睦이면 陛下何由得之리잇고 聰이 喜하여 以小劉貴人妻帝하고 曰 此名公之孫也니 卿은 善遇之하라,"또 신(臣)의 집안이 만약 무황제(武皇帝)(사마염(司馬炎))의 대업(大業)을 받들어서 구족(九族)이 화목하였으면, 폐하가 어떻게 천하를 얻을 수 있었겠습니까.” 하니, 유총은 기뻐하여 작은 유귀인(劉貴人)을 황제에게 주어 처(妻)를 삼게 하고는, 말하기를 “이는 명공(名公)의 손녀이니, 경(卿)은 잘 대우하라.” 하였다.",라,False,라(대조군),Level1
당송팔대가문초구양수6,215,1410,周師征淮하니 景以暉爲北面行營應援使하야 屯淸流關한대 爲周師所敗하야 幷其都監姚鳳으로 皆被擒이라,주(周)나라 군대가 회(淮)를 정벌하자 이경이 황보휘를 북면행영응원사(北面行營應援使)로 삼아 청류관(淸流關)에 주둔하였는데 주나라 군대에게 패배하여 도감(都監) 요봉(姚鳳)과 함께 모두 사로잡혔다.,라,False,라(대조군),Level1
춘추좌씨전4,381,1164,而視하니 不可含이라,그런데 눈을 뜨고 입을 굳게 다물어 반함(飯含)을 할 수 없었다.,라,False,라(대조군),Level1
예기집설대전2,1003,1450,布者는 分列而暴乾之也라,포(布)는 구분해서 벌여놓아 햇볕에 쬐어 말리는 것이다.,라,False,라(대조군),Level1
당송팔대가문초왕안석1,384,1739,婉曲多波瀾이라,글이 완곡하면서도 곡절이 많다.,라,True,라(대조군),Level1
자치통감강목15,654,896,庶長子寔君이 遂殺諸弟하고 倂弑什翼犍이어늘 秦兵이 趨雲中하니 部衆이 逃潰하여 國中이 大亂이라,"서장자(庶長子)인 탁발식군(拓跋寔君)이 마침내 여러 아우를 죽이고 아울러 탁발십익건을 시해하자, 진(秦)나라 군대가 운중(雲中)으로 달려가니, 부락의 무리들이 흩어져 도망하여 대(代)나라 안이 크게 혼란하였다.",라,False,라(대조군),Level1
시경집전(하),1097,2401,率은 循也라,솔(率)은 따름이다.,라,False,라(대조군),Level1
당송팔대가문초구양수6,273,2006,五代之初에 因唐之故하야 用崇玄曆이러니 至晉高祖時하야 司天監馬重績始更(경)造新曆하야 不復(부)推古上元甲子冬至七曜之會하고 而起唐天寶十四載乙未爲上元하고 用正月雨水爲氣首라,오대(五代) 초기에 당(唐)나라의 옛 역법(曆法)을 인습(因襲)하여 ≪숭현력(崇玄曆)≫을 쓰다가 진(晉) 고조(高祖) 때에 이르러 사천감(司天監) 마중적(馬重績)이 비로소 고쳐서 새로운 역법을 만들어 다시 상고(上古) 때 상원(上元)의 갑자(甲子)와 동지(冬至)에 칠요(七曜)가 모이는 때를 추산하지 않고서 당(唐)나라 천보(天寶) 14년(755)인 을미년(乙未年)을 상원(上元)으로 삼고 정월(正月)의 우수(雨水)를 기수(氣首)로 삼았다.,라,False,라(대조군),Level1
주역전의(상),1181,3566,旣能勞謙하고 又須君子行之有終이면 則吉이라,이미 공로가 있으면서도 겸손하고 또 모름지기 군자(君子)가 행함에 끝마침을 두면 길(吉)한 것이다.,라,False,라(대조군),Level1
서경집전(상),98,686,故로 自其大而化之而言이면 則謂之聖이요 自其聖而不可知而言이면 則謂之神이요 自其威之可畏而言이면 則謂之武요 自其英華發外而言이면 則謂之文이라,"그러므로 대인(大人)이면서 저절로 화함을 가지고 말하면 성(聖)이라 이르고, 성(聖)스러워서 알 수 없음을 가지고 말하면 신(神)이라 이르며, 위엄이 두려울 만함을 가지고 말하면 무(武)라 이르고, 영화(英華)가 밖에 드러남을 가지고 말하면 문(文)이라 이른다.",라,True,라(대조군),Level1
서경집전(상),394,2268,五百里者는 王城之外에 四面이 皆五百里也라,5백 리는 왕성(王城)의 밖에 사면(四面)이 모두 5백 리인 것이다.,라,False,라(대조군),Level1
자치통감강목7,1699,2355,"夫建太子는 所以重宗統, 一民心也니 非有大惡於天下면 不可移也라","“태자(太子)를 세우는 것은 종통(宗統)을 중히 여기고 민심(民心)을 통일하는 것이니, 천하에 큰 죄악이 있는 자가 아니면 바꿀 수 없는 것이다.",라,False,라(대조군),Level1
자치통감강목18,159,538,四海重責이 將有所歸리라,사해(四海)의 무거운 문책이 장차 공(公)에게 돌아갈 것입니다.,라,True,라(대조군),Level1
당송팔대가문초구양수4,447,1974,徒有淚而浪浪이라,한갓 눈물만 주룩주룩 흐릅니다.,라,True,라(대조군),Level1
당송팔대가문초소식4,223,880,故로 其無事而田獵이면 則未嘗發老弱之民하고 兵行而饋糧이면 則未嘗食無用之卒이라,"그러므로 일(전쟁)이 없어서 사냥을 하게 되면 일찍이 노약한 백성들을 징발하지 않고, 군대가 출동하여 양식을 공급하게 되면 일찍이 쓸모없는 병졸을 먹이지 않았습니다.",라,False,라(대조군),Level1
서경집전(상),10,50,擧近以該遠하니 五服異姓之親도 亦在其中也라,"가까운 것을 들어 먼 것을 다하였으니, 오복(五服)의 성(姓)이 다른 친척도 이 가운데에 들어있다.",라,False,라(대조군),Level1
시경집전(하),530,1170,三物은 犬豕鷄也니 刺其血하여 以詛盟也라,"삼물(三物)은 개, 돼지, 닭이니, 찔러 그 피를 내어서 맹약(盟約)을 하는 것이다.",라,False,라(대조군),Level1
당송팔대가문초소식5,375,1394,聞法最先하고 事佛亦久하니 耄然衆中에 是亦長老라,"불법(佛法)을 가장 먼저 듣고 부처 또한 오래 섬겼으니, 나이 많은 중생(衆生)들 가운데 이 사람이 또한 장로(長老)이다.",라,False,라(대조군),Level1
중용장구,76,223,故로 於篇首에 卽以大舜顔淵子路之事로 明之하시니 舜은 知也요 顔淵은 仁也요 子路는 勇也니 三者에 廢其一이면 則無以造道而成德矣라,"그러므로 책머리에 곧 대순(大舜)·안연(顔淵)·자로(子路)의 일로써 밝히셨으니, 순(舜)은 지(智)요, 안연(顔淵)은 인(仁)이요, 자로(子路)는 용(勇)이니, 이 세 가지 중에 한 가지라도 없으면 도(道)에 나아가 덕(德)을 이루지 못한다.",라,False,라(대조군),Level1
시경집전(상),1846,4196,山則有苞櫟矣요 隰則有六駁矣어늘 未見君子하니 則憂心靡樂矣라,"산에는 총생(叢生)하는 떡갈나무가 있고, 진펄에는 육박(六駁)이 있는데, 군자(君子)를 보지 못하니, 마음에 근심하여 즐겁지 못하다.",라,True,라(대조군),Level1
당송팔대가문초소순1,379,2375,三代之時엔 擧天下之民이 皆兵也라,삼대(三代) 때에는 온 천하의 백성들이 다 병사(兵士)였다.,라,False,라(대조군),Level1
서경집전(상),710,3506,若金이어든 用汝하여 作礪하며 若濟巨川이어든 用汝하여 作舟楫하며 若歲大旱이어든 用汝하여 作霖雨하리라,"만약 금(金)이라면 너를 사용하여 숫돌을 삼으며, 만약 큰 내를 건넌다면 너를 사용하여 배와 노를 삼으며, 만약 해가 대한(大旱)이 든다면 너를 사용하여 장마비를 삼을 것이다.",라,False,라(대조군),Level1
주역전의(하),1602,4775,"故有鶴鳴子和, 我爵爾靡之象이라",그러므로 학이 욺에 새끼가 화답하고 나의 벼슬을 그대가 연모하는 상(象)이 있는 것이다.,라,True,라(대조군),Level1
당송팔대가문초한유1,341,1624,然僕退而思之하니 雖無以獲罪於天이나 亦有以獲罪於人者로라,"그러나 물러나와 생각해보니, 비록 하늘에게 죄를 얻을 만한 일은 없었으나 사람들에게 죄를 얻을 만한 일은 있었습니다.",라,True,라(대조군),Level1
맹자집주,913,3198,人人이 親其親하며 長其長이면 而天下平하리라,사람마다 각기 그 어버이를 친히 하고 그 어른을 어른으로 섬기면 천하가 평해질 것이다.”,라,False,라(대조군),Level1
자치통감강목17,473,1600,允曰 漢元年十月에 五星聚東井이라하니 案星傳컨대 太白辰星이 常附日而行이라,"고윤이 말하기를 “한(漢)나라 초기 10월에 오성(五星)이 동정수(東井宿)에 모였다고 하였는데, 성전(星傳)(〈오행지(五行志)〉)을 살펴보면 태백성(太白星)(금성(金星))과 진성(辰星)(수성(水星))이 항상 태양에 붙어서 운행합니다.",라,False,라(대조군),Level1
자치통감강목20,1185,1906,各出其事하여 具以奏聞하고 富國彊兵之術과 息民省役之宜를 竝宜具列하라,"각각 그 일을 말하여 갖추어 아뢰고, 나라를 부유하게 하고 군대를 강성하게 하는 술법과 백성을 쉬게 하고 부역을 줄이는 마땅한 방법을 함께 갖추어 열거하시오.",라,False,라(대조군),Level1
주역전의(하),443,1317,往蹇來連은 當位實也일새라,“가면 어렵고 오면 연합(連合)함은 당한 자리가 성실하기 때문이다.”,라,False,라(대조군),Level1
당송팔대가문초한유2,363,1827,句龍棄以功이요 孔子以德이니 固自有次第哉ㄴ저 自古多有以功德得其位者가 不得常祀나 句龍棄孔子는 皆不得位而得常祀라,"구룡(句龍)과 기(棄)는 공(功)이 있기 때문이고, 공자(孔子)는 덕(德)이 있기 때문이니, 본래 등급이 〈같지 않다.〉 예로부터 공업(功業)과 덕행(德行)으로 위(位)를 얻은 자가 상사(常祀)(고정된 제사)를 얻지 못한 경우가 많았으나, 구룡(句龍)과 기(棄)와 공자(孔子)는 모두 위(位)는 얻지 못하였으나 상사(常祀)를 얻었다.",라,False,라(대조군),Level1
춘추좌씨전5,307,1595,王曰 吾用齊桓하리라,초왕(楚王)은 “나는 제환공(齊桓公)의 예(禮)를 쓰겠다.”고 하였다.,라,False,라(대조군),Level1
당송팔대가문초구양수3,10,30,遣中貴人趣送閣門하야 使卽受命하니 嗚呼라,"상(上)이 환관을 파견하여 부필(富弼)이 있는 각문(閣門)에 급히 보내 즉시 명을 받게 하였으니, 아!",라,True,라(대조군),Level1
당송팔대가문초구양수4,395,1758,初以辟爲其府推官이라가 既罷에 又辟司錄하니 河南人多賴之라,이보다 앞서 군이 초빙으로 하남부의 추관(推官)이 되었다가 직을 그만두고서 다시 사록(司祿)에 초빙되니 하남 사람들이 군의 덕택을 많이 입었다.,라,False,라(대조군),Level1
춘추좌씨전4,387,1193,晉士匄侵齊하야 及穀이라가 聞喪而還하니 禮也라,진(晉)나라 사개(士匄)가 제(齊)나라를 침공(侵攻)하여 곡(穀)에 이르렀다가 제(齊)나라에 상(喪)이 났다는 말을 듣고는 환군(還軍)하였으니 예(禮)에 맞았다.,라,False,라(대조군),Level1
시경집전(하),701,1532,言 王之所以使我者는 善我之未老而方壯하여 旅力이 可以經營四方耳라하니 猶上章之言獨賢也라,"“왕(王)이 나를 부리는 까닭은 내 아직 늙지 아니하고 바야흐로 건장함을 좋게 여겨 여력(旅力)이 사방(四方)을 경영할 수 있다고 여겨서이다.”한 것이니, 상장(上章)에 독현(獨賢)이라고 말한 것과 같다.",라,False,라(대조군),Level1
서경집전(상),324,1888,後世에 蜀之卓氏程氏以鐵冶로 富擬封君하니 則梁之利尤在於鐵也라,"후세에 촉(蜀)땅의 탁씨(卓氏)와 정씨(程氏)가 쇠를 불리는 것으로써 부유함이 봉군(封君)에 비견되었으니, 양주(梁州)의 이익이 더욱 쇠에 있었던 것이다.",라,False,라(대조군),Level1
맹자집주,2161,6670,世衰道微하여 大經不正이라,세상이 쇠하고 도(道)가 쇠미해져서 큰 경도(經道)가 바루어지지 못하였다.,라,True,라(대조군),Level1
자치통감강목19,1151,1592,梁天監十一年이요 魏延昌元年이라,"양(梁)나라 고조(高祖) 무제(武帝) 소연(蕭衍) 천감(天監) 11년이고, 북위(北魏) 세종(世宗) 선무제(宣武帝) 원각(元恪) 연창(延昌) 원년(元年)이다.",라,False,라(대조군),Level1
당송팔대가문초한유3,223,1271,改河南令이어늘 而河南尹適君平生所不好者라,"하남현령(河南縣令)으로 옮겼는데, 하남윤(河南尹)이 마침 장군이 평소에 좋아하지 않던 자였다.",라,False,라(대조군),Level1
주역전의(하),941,2797,四雖陰柔而處正하고 上承九五之君하니 才不足以廣施利物이로되 亦可自守者也라,"사(四)가 비록 음유(陰柔)이나 정(正)에 처하였고 위로 구오(九五)의 군주(君主)를 받드니, 재주가 널리 베풀어 물건을 이롭게 할 수는 없으나 또한 스스로 지킬 수 있는 자이다.",라,False,라(대조군),Level1
당송팔대가문초구양수5,320,2165,得吳則桂廣皆爲內臣이요 岷蜀可飛書而召之라,"오(吳)를 얻으면 계주(桂州)와 광주(廣州)도 모두 내신(內臣)이 될 것이고, 민촉(岷蜀)은 글을 보내 부를 수 있게 될 것입니다.",라,False,라(대조군),Level1
서경집전(상),701,3475,高宗이 喪父小乙이러니 惟旣免喪而猶弗言하니 群臣이 以其過於禮也라 故로 咸諫之라,"고종(高宗)이 아버지 소을(小乙)의 상(喪)을 당하였는데 이미 상(喪)을 벗고도 말하지 않으니, 군신(群臣)들이 예(禮)에 과하다고 생각하였으므로 모두 간(諫)한 것이다.",라,False,라(대조군),Level1
주역전의(하),293,864,然易之取義 變動隨時라,그러나 역(易)의 뜻을 취함은 변동하여 때에 따른다.,라,False,라(대조군),Level1
자치통감강목14,420,1351,"其夷, 趙百姓이 樂事佛者를 特聽之하노라",오랑캐와 조(趙)나라 백성들 중에 부처를 섬기기 좋아하는 자에게는 특별히 섬기는 것을 허락하노라.”,라,False,라(대조군),Level1
당송팔대가문초왕안석2,82,387,古者에 官師相規하고 工執藝事以諫하니 其或不能諫이면 謂之不恭이요 則有常刑이라,"옛적에는 여러 관리들이 서로 과실을 사리에 맞게 간(諫)하고, 각종 기술자들은 자기가 맡은 기예(技藝)를 기준으로 하여 간(諫)하였으니, 그런 경우에 혹 간(諫)하지 않으면 이를 공손하지 않다고 이르고, 일정한 형벌을 부과(賦課)함이 있었다.",라,False,라(대조군),Level1
서경집전(하),390,1574,旣는 盡也라,기(旣)는 모두이다.,라,False,라(대조군),Level1
주역전의(상),799,2490,言比之初六者는 比之道在乎始也니 始能有孚면 則終致有他之吉이라,"비괘(比卦)의 초육(初六)이라고 말한 것은 비(比)의 도(道)가 처음에 있기 때문이니, 처음에 성신(誠信)이 있으면 종말에 다른 길함을 이룰 것이다.",라,False,라(대조군),Level1
시경집전(하),542,1198,時有而被宮刑하여 爲巷伯者 作此詩라,이때 참소를 만나 궁형(宮刑)을 당하여 항백(巷伯)이 된 자가 있어서 이 시(詩)를 지었다.,라,True,라(대조군),Level1
당송팔대가문초소순1,125,781,凡人之所以見信者는 以其中에 無所不可測者也요 人之所以獲尊者는 以其中에 有所不可窺者也라,"무릇 사람이 남에게 신뢰받는 것은 그 속에 헤아릴 수 없는 것이 없기 때문이며, 사람들에게 높임을 얻는 것은 그 속에 엿볼 수 없는 것이 있기 때문이다.",라,False,라(대조군),Level1
춘추좌씨전4,179,466,體仁足以長人이오 嘉德足以合禮오 利物足以和義오 貞固足以幹事라,"인(仁)을 체현(體現)하면 사람들의 장(長)이 될 수 있고, 아름다운 모임은 예(禮)에 부합(符合)할 수 있고, 만물(萬物)을 이롭게 하면 도의(道義)와 조화(調和)될 수 있고, 성실(誠實)하고 견고(堅固)하면 일을 주간(主幹)할 수 있다.",라,False,라(대조군),Level1
서경집전(하),917,3431,成王顧命之言은 書之冊矣니 此는 太史口陳者也라,"성왕(成王)의 고명(顧命)한 말씀은 책에 썼으니, 이는 태사(太史)가 입으로 진술한 것이다.",라,False,라(대조군),Level1
시경집전(상),1615,3676,興也라,흥(興)이다.,라,False,라(대조군),Level1
당송팔대가문초한유3,149,880,張御史忠義하여 必爲其帥告此리라,"장어사는 충성스럽고 의로운 분이니, 반드시 절도사를 위해 이런 계책을 고하였을 것이다.",라,True,라(대조군),Level1
논어집주,1928,5982,辟人은 謂孔子요 辟世는 桀溺自謂라,"피인(辟人)은 공자(孔子)를 이른 것이고, 피세(辟世)는 걸닉(桀溺)이 자신을 이른 것이다.",라,False,라(대조군),Level1
주역전의(하),558,1683,損己從人은 徙於義也요 自損益人은 及於物也요 行損道以損於人은 行其義也니 各因其時하여 取大者言之라,"자기를 덜어 남을 따름은 의(義)로 옮김이요, 스스로 덜어 남에게 더해줌은 남에게 미침이요, 손도(損道)를 행하여 남에게서 덞은 의(義)를 행함이니, 각각 그 때에 따라 큰 것을 취하여 말한 것이다.",라,True,라(대조군),Level1
서경집전(상),470,2624,桀爲民主而反行昏亂하여 陷民於塗炭하니 旣失其所以爲主矣라,"걸(桀)이 백성의 군주(君主)가 되어 도리어 혼란함을 행해서 백성들을 도탄에 빠뜨리니, 이미 군주(君主)가 된 소이(所以)를 잃은 것이다.",라,False,라(대조군),Level1
자치통감강목12,241,996,今我與彼가 皆傳國易世矣라,지금 우리와 상대방은 모두 나라를 전하고 세대를 바꿨습니다.,라,False,라(대조군),Level1
시경집전(상),2117,4819,條桑은 枝落之하여 采其葉也라,조상(條桑)은 가지를 떨어뜨려 그 잎을 따는 것이다.,라,False,라(대조군),Level1
시경집전(상),372,893,比也라,비(比)이다.,라,False,라(대조군),Level1
주역전의(상),28,129,太陽數九요 少陰數八이요 少陽數七이요 太陰數六이니 初亦不知其數如何恁地요 元來只是十數라,"태양(太陽)의 수는 9이고 소음(少陰)의 수는 8이며 소양(少陽)의 수는 7이고 태음(太陰)의 수는 6이니, 처음에는 또한 그 수가 어찌하여 이렇게 되었는지는 알지 못하였고 원래 다만 10이었다.",라,False,라(대조군),Level1
시경집전(하),615,1350,砥는 礪石이니 言平也요 矢는 言直也라,"지(砥)는 숫돌이니, 판판함을 말한 것이요, 시(矢)는 곧음을 말한 것이다.",라,False,라(대조군),Level1
시경집전(상),2737,6352,豕牝曰豝라,멧돼지의 암컷을 파(豝)라 한다.,라,False,라(대조군),Level1
당송팔대가문초소식2,422,1783,聞天下之父에 嘗有曰堯者하고 而曰 必堯而後父니 少不若堯면 而降爲兄이라하면 則瞽鯀이 懼至僕妾焉이라,"천하의 아버지 중에 일찍이 요(堯)임금처럼 훌륭한 아버지가 있었다는 말을 듣고 말하기를 “반드시 요(堯)임금과 같은 뒤에야 아버지라고 부를 수 있으니, 조금이라도 요(堯)임금처럼 하지 못하면 낮추어 형이라고 불러야 한다.”라고 할 경우, 고수(瞽瞍)와 곤(鯀)은 노복과 첩에 이를까 두렵다.",라,False,라(대조군),Level1
서경집전(상),658,3343,言我思念我先神后之勞爾先人하니 我大克羞養爾者는 用懷念爾故也라,"“나는 우리 선후(先后)께서 너희 선인(先人)들을 수고롭게 하였음을 사념(思念)하노니, 내가 크게 너희들을 길러줌은 너희들을 생각하기 때문이다.”라고 말한 것이다.",라,False,라(대조군),Level1
시경집전(하),1339,2871,其德不已라 故로 今旣沒而其令聞猶不已也라 令聞不已라,그 덕(德)이 그치지 아니하였으므로 지금 이미 별세하였으나 훌륭한 명성이 그치지 않았다.,라,True,라(대조군),Level1
주역전의(하),1942,5621,易者는 陰陽之變이요 太極者는 其理也라,"역(易)은 음양(陰陽)의 변(變)이요, 태극(太極)은 그 이치이다.",라,False,라(대조군),Level1
주역전의(상),697,2200,"旣義不克訟이니 若能克其剛忿欲訟之心하여 復卽就於命하여 革其心,平其氣하여 變而爲安貞則吉矣라","이미 의리상 쟁송을 할 수 없으니, 만일 강분(剛忿)하여 쟁송하고자 하는 마음을 극복하여 돌아가 천명(天命)에 나아가서 마음을 고치고 기운을 화평하게 하여, 변하여 안정(安貞)하면 길(吉)할 것이다.",라,False,라(대조군),Level1
당송팔대가문초소식4,375,1468,先生은 諱太初요 字醇之요 姓顔氏니 先師兗公之四十七世孫云이라,"선생(先生)은 휘(諱)가 태초(太初)이고 자(字)가 순지(醇之)이고 성(姓)이 안씨(顔氏)이니, 선사(先師) 연국공(兗國公)의 47세손이다.",라,False,라(대조군),Level1
예기집설대전2,1957,2775,行者遠은 猶言感動之大也라,행자원(行者遠)은 감동시킴이 크다는 말과 같다.,라,False,라(대조군),Level1
시경집전(하),1838,4148,館은 客舍也라,관(館)은 객사(客舍)이다.,라,True,라(대조군),Level1
논어집주,1118,3641,率爾는 輕遽之貌라,솔이(率爾)는 경솔하고 급한 모양이다.,라,False,라(대조군),Level1
주역전의(하),2186,6030,故受之以屯하니 屯者는 盈也니 屯者는 物之始生也라,"그러므로 둔(屯)으로써 받았으니, 둔(屯)은 가득함이니 둔(屯)은 물건이 처음 나온 것이다.",라,False,라(대조군),Level1
당송팔대가문초소순1,414,2636,按此는 老泉이 所以逆探兩公之終身也라,살펴보건대 이 글은 노천(老泉)이 두 아들의 일생을 미리 헤아려본 것이다.,라,False,라(대조군),Level1
당송팔대가문초소순1,261,1696,兵之有上中下也니 是兵之有三權也라,"병사(兵士)는 상(上)․중(中)․하(下)가 있으니, 용병(用兵)에도 세 가지 권변(權變)이 있다.",라,True,라(대조군),Level1
자치통감강목18,424,1459,道成曰 所以遣卿은 正爲能盡臨事之宜하여 使我無西顧之憂耳라,소도성이 말하기를 “경(卿)을 보내는 이유는 일에 임해 마땅한 처사를 다하여 나로 하여금 서쪽을 돌아보는 근심을 없애기 위함이다.,라,False,라(대조군),Level1
주역전의(상),616,1990,九二는 需于沙라,구이(九二)는 모래에서 기다림이다.,라,False,라(대조군),Level1
맹자집주,2147,6620,掩은 覆也라,엄(掩)은 덮음이다.,라,True,라(대조군),Level1
당송팔대가문초유종원1,70,531,視世之亂若理하고 視人之害若利하고 視道之悖若義하여 我壽而生하고 彼夭而死라하여 固無能動其肺肝焉이라,"그들은 세상이 혼란해도 치세(治世)로 보고, 사람들이 피해를 당해도 이익을 얻는 것으로 보고, 정도(正道)가 어긋나도 의(義)가 실현된 것으로 보는가 하면, 자기는 장수하여 살아남고 신선을 믿지 않는 다른 자는 단명하여 죽을 것이라고 하여, 세상의 어떤 일도 그 마음을 움직일 수 없습니다.",라,True,라(대조군),Level1
당송팔대가문초한유3,328,1823,故有言於人無不信이라,그러므로 사람들에게 말을 하면 믿지 않는 자가 없었다.,라,False,라(대조군),Level1
당송팔대가문초소식5,206,771,無競惟人하야 以燕我後라,더할 나위 없이 훌륭한 인재로써 우리 후손을 편안히 하시도다.,라,True,라(대조군),Level1
주역전의(하),741,2206,爲卦 兌上坤下하니 澤上於地는 水之聚也라 故爲萃라,"괘(卦)됨이 태(兌)가 위에 있고 곤(坤)이 아래에 있으니, 못이 땅 위에 올라가 있으면 물이 모이므로 췌(萃)라 한 것이다.",라,False,라(대조군),Level1
시경집전(상),2615,6036,此亦燕飮賓客之詩라,이 또한 빈객(賓客)을 연음(燕飮)하는 시(詩)이다.,라,False,라(대조군),Level1
자치통감강목2,1061,2787,然躶身來하니 不受金이면 無以爲資라,그러나 맨몸으로 왔으니 금을 받지 않으면 살아갈 수가 없었습니다.,라,False,라(대조군),Level1
당송팔대가문초구양수6,303,2232,每與茂章等戰에 必命中而後發하니 以此吳兵畏之하야 不敢近이라,그리고 왕무장 등과 싸울 때마다 반드시 화살을 명중(命中)시킨 뒤에야 출병(出兵)하니 이 때문에 오(吳)나라 군대가 안인의를 두려워하여 감히 가까이 가지 못하였다.,라,True,라(대조군),Level1
주역전의(하),913,2721,二五之爻 剛中之德이 其常乃如是하니 卦之才與義合也라,"이효(二爻)와 오효(五爻)의 강중(剛中)의 덕(德)이 그 항상함이 이와 같으니, 괘재(卦才)가 의(義)와 합한 것이다.",라,False,라(대조군),Level1
당송팔대가문초소식5,46,138,譬之飮食컨대 適於飢飽而已라,이것을 음식(飮食)에 비유하면 형편에 따라 굶주림과 배부름에 맞게 할 뿐인 것과 같은 것이다.,라,False,라(대조군),Level1
당송팔대가문초왕안석2,627,3217,嗟屯怨窮하고 閔命不長호라,"액운(厄運)을 탄식하고 궁곤(窮困)함을 원망하며, 장수(長壽)하지 못하였음을 안타까워하노라.",라,True,라(대조군),Level1
당송팔대가문초구양수5,101,751,太僕少卿何澤이 上書하야 請立從榮爲皇太子라,태복소경(太僕少卿) 하택(何澤)이 글을 올려 이종영(李從榮)을 황태자(皇太子)로 책립(冊立)할 것을 청하였다.,라,False,라(대조군),Level1
시경집전(하),1592,3540,賦也라,부(賦)이다.,라,False,라(대조군),Level1
당송팔대가문초구양수3,364,1336,畫已百餘年矣라 完之에 復可百年이라,"공의 화상이 이미 백여 년의 세월을 지나왔으니, 보수하여 완전하게 만들면 다시 백 년 세월을 갈 수 있을 것이다.",라,True,라(대조군),Level1
당송팔대가문초구양수1,195,1207,臣以庸繆로 過蒙任使하야 俾陪宰輔之後라 然平日論議 不能無異同하고 雖日奉天威나 又不得從容曲盡拙訥이라,"신은 용렬한 몸으로 과분한 신임을 받아서 재상의 뒤에서 모시게 되었으나 평소의 의논은 재상과 다른 곳이 없을 수 없었으며, 게다가 비록 날마다 성상을 모시지만 조용히 서툴고 어눌한 말이나마 다하지 못하였습니다.",라,False,라(대조군),Level1
당송팔대가문초구양수2,417,1669,聖人之意가 皎然乎經이나 惟明者見之요 不爲他說蔽者見之也라,"성인의 뜻이 경(經)에 명백하게 드러났으나 눈이 밝은 자만이 볼 수 있고, 다른 설에 가려진 자는 보지 못할 것이다.”라고 하였다.",라,True,라(대조군),Level1
자치통감강목5,1279,2935,臣又聞之師호니 曰 妃匹之際는 生民之始요 萬福之原이라,"신(臣)이 또 스승에게 들으니,  배필의 즈음은 생민(生民)의 시작이요, 만복의 근원이다.",라,True,라(대조군),Level1
주역전의(상),1645,4900,唯失之不遠而復이면 則不至於悔니 大善而吉也라,"오직 잃기를 멀리 하지 않고 돌아오면 뉘우침에 이르지 않으니, 이는 크게 선(善)하여 길(吉)한 것이다.",라,False,라(대조군),Level1
시경집전(상),2152,4940,滌場者는 農事畢而掃場地也라,척장(滌場)은 농사를 마치고 마당을 깨끗이 쓰는 것이다.,라,True,라(대조군),Level1
자치통감강목8,65,88,三十一年이라,한(漢)나라 세조(世祖) 광무황제(光武皇帝) 건무(建武) 31년이다.,라,False,라(대조군),Level1
논어집주,766,2726,畏者는 有戒心之謂라,외(畏)란 경계하는 마음을 품고 있음을 말한다.,라,False,라(대조군),Level1
당송팔대가문초한유3,41,274,某日歸葬於某處라,아무 날에 아무 곳에 귀장(歸葬)하였다.,라,False,라(대조군),Level1
춘추좌씨전1,394,2201,曰 陳桓公方有寵於王하고 陳衛方睦하니 若朝陳使請이면 必可得也리라,"석자가 말하기를 “진환공(陳桓公)이 바야흐로 천왕(天王)의 총애(寵愛)를 받고 있고, 진(陳)나라와 위(衛)나라는 바야흐로 화목하니, 만약 주우가 진환공에게 조현(朝見)하여 진(陳)을 시켜 대신 천왕(天王)에게 요청하게 한다면 반드시 천왕을 조현(朝見)할 수 있을 것이다.”고 하니,",라,False,라(대조군),Level1
서경집전(상),1,2,嗚呼라,아!,라,True,라(대조군),Level1
맹자집주,747,2694,臣附는 歸服也라,신부(臣附)는 돌아와 복종하는 것이다.,라,False,라(대조군),Level1
자치통감강목3,1715,3820,衆庶街巷有馬하여 乘字牝者를 擯而不得聚會하고 守閭閻者食粱肉하며 爲吏者長子孫하고 居官者以爲姓號라,"평민들도 가항(街巷)에 말이 있어서 암말을 타는 자를 물리쳐 모임에 참여할 수 없게 하였고, 여염(閭閻)(여항의 문)을 지키는 자들도 고량(膏粱)과 고기를 먹었으며, 관리가 된 자는 자손이 장성하도록 한 직임에 오래 근무하였고, 관직에 있는 자는 관직의 명칭을 성씨(姓氏)의 칭호로 삼았다.",라,False,라(대조군),Level1
춘추좌씨전5,279,1426,君有辱命하니 惠莫大焉이라,그런데 제군(齊君)께서 이렇게 명(命)하시니 은혜(恩惠)가 더없이 큽니다.,라,True,라(대조군),Level1
예기집설대전2,82,105,此는 言喪拜之次序也라,이는 상중(喪中)에 절하는 차서(次序)를 말하였다.,라,False,라(대조군),Level1
자치통감강목5,731,1690,人生行樂耳니 須富貴何時오호라,인생(人生)은 행락(行樂)을 즐길 뿐이니 부귀(富貴)를 어느 때에 기다리겠는가.’ 하였노라.,라,True,라(대조군),Level1
주역전의(하),1412,4274,巽於上下하여 如田之獲三品而遍及上下하면 成巽之功也라,상하(上下)에 공손(恭巽)하여 사냥하여 삼품(三品)을 얻어 상하(上下)에 두루 미치듯이 하면 손(巽)의 공(功)을 이룰 것이다.,라,False,라(대조군),Level1
당송팔대가문초구양수4,239,1139,先生自閒居徂徠하고 後官于南京으로 嘗以經術敎授하고 及在大學하얀 益以師道自居에 門人弟子從之者甚衆하니 太學之興은 自先生始라,"선생(先生)이 조래산(徂徠山)에서 한가롭게 거처하고 훗날 남경(南京)에서 벼슬살이할 때로부터 일찍이 경술(經術)로 학생들을 가르쳤고, 태학(太學)에 있을 때에는 더욱 사도(師道)로 자처함에 선생을 따르는 문인(門人)과 제자가 매우 많았으니, 태학(太學)이 흥성(興盛)하게 된 것은 선생으로부터 시작되었다.",라,False,라(대조군),Level1
주역전의(상),126,633,所以聖人經旨 愈見不明이라,이 때문에 성인(聖人)의 경지(經旨)가 더욱 밝지 못하게 됨을 보는 것이다.,라,False,라(대조군),Level1
자치통감강목12,330,1334,今大敵已近하니 群心無可保者라,"지금 강대한 적이 이미 가까이에 있으니, 대중들의 인심을 보장할 수 없습니다.",라,False,라(대조군),Level1
서경집전(하),280,1072,嗚呼라,아!,라,True,라(대조군),Level1
자치통감강목10,1042,1624,五年이라,한(漢)나라 효헌황제(孝獻皇帝) 건안(建安) 5년이다.,라,False,라(대조군),Level1
논어집주,175,630,季氏는 魯大夫季孫氏也라,계씨(季氏)는 노(魯)나라 대부(大夫) 계손씨(季孫氏)이다.,라,True,라(대조군),Level1
당송팔대가문초유종원2,89,406,時則有叛人而無叛吏하니 人怨於下而吏畏於上이라,"당시에는 반역하는 백성은 있어도 반역하는 관리는 없었으니, 백성은 하부에서 그들 머리 위의 진(秦)나라를 원망하였으나 관리들은 진(秦)나라를 두려워하였다.",라,True,라(대조군),Level1
시경집전(상),351,854,選은 簡擇也라,선(選)은 간택(簡擇)함이다.,라,True,라(대조군),Level1
중용장구,298,794,承上章而言大德之敦化하니 亦天道也라,"상장(上章)을 이어 대덕(大德)의 돈화(敦化)를 말씀하였으니, 이 또한 천도(天道)이다.",라,True,라(대조군),Level1
예기집설대전2,1426,2034,服與不服이 所以異也라,복을 입어주거나 복을 입어주지 않음이 이 때문에 달라지는 것이다.,라,True,라(대조군),Level1
맹자집주,690,2440,夷는 姓이요 之는 名이라,"이(夷)는 성(姓)이요, 지(之)는 이름이다.",라,True,라(대조군),Level1
서경집전(하),1011,3759,蓋舜典所謂贖者는 官府學校之刑爾요 若五刑則固未嘗贖也라,"˂순전(舜典)˃에 이른바 ‘속형(贖刑)’이라는 것은 관부(官府)와 학교(學校)의 형(刑)일 뿐이요, 오형(五刑)으로 말하면 진실로 일찍이 속죄(贖罪)해 주지 않았다.",라,False,라(대조군),Level1
주역전의(하),34,107,感者는 人之動也라,감동은 사람이 동하는 것이다.,라,False,라(대조군),Level1
자치통감강목15,1386,1959,所以得建立功業하여 驅策諸賢者는 正望算略中有片長耳로라,그런데도 〈내가〉 공업을 세워서 여러 현자인 그대들을 책려할 수 있던 것은 바로 계략 가운데에 조금 장점이 있었기를 바랄 뿐이다.”,라,False,라(대조군),Level1
시경집전(상),1580,3599,勞는 勤苦也니 謂不以我爲勤勞也라,"노(勞)는 근고(勤苦)함이니, 나를 근로한다고 여기지 않음을 이른다.",라,False,라(대조군),Level1
당송팔대가문초소식4,404,1556,前十有九年에 余在岐山하야 見方山子하니 從兩騎하고 挾二矢하야 游西山할새 鵲起于前이어늘 使騎逐而射之호되 不獲이라,"19년 전에 내가 기산(岐山)에 있으면서 보니, 방산자(方山子)가 말을 탄 사람 두 명을 대동하고, 자신은 두 개의 화살만 가지고서 서산(西山)에서 놀았는데, 까치가 앞에서 날자 말을 탄 사람들로 하여금 쫓아가 활을 쏘아 잡게 하였으나 잡지 못하였다.",라,True,라(대조군),Level1
당송팔대가문초소순1,281,1807,孫武十三篇은 兵家擧以爲師라,≪손자병법(孙子兵法)≫ 13편(篇)은 병가(兵家)에서는 모두가 모범으로 여긴다.,라,True,라(대조군),Level1
주역전의(하),293,866,故不專以君位言이요 上六은 陰暗傷明之極이라 故以爲明夷之主라,"그러므로 오로지 군위(君位)로써 말씀하지 않았고, 상육(上六)은 음암(陰暗)으로 밝음을 상(傷)함이 지극하기 때문에 밝음을 상(傷)하는 군주가 된 것이다.",라,True,라(대조군),Level1
춘추좌씨전3,264,763,詩曰 戰戰兢兢하야 如臨深淵하고 如履薄冰이라하니 善人在上也라,"《시경(詩經)》에 ‘두려워하고 경계하여 깊은 물가에 임한 듯이, 얇은 얼음을 밟은 듯이 한다.’고 하였으니, 이는 선인(善人)이 윗자리에 있기 때문이다.",라,True,라(대조군),Level1
당송팔대가문초유종원2,74,304,或異照之居於斯하되 而不蚤爲是也어늘 余謂昔之上人者는 不起宴坐로되 足以觀於空色之實하여 而游乎物之終始라,"어떤 사람은 각조(覺照)가 이곳에 거처하면서도 일찍 그렇게 하지 못한 것을 이상하게 여기므로, 내가 그에게 말하기를 “옛날 고승(高僧)은 자리에서 일어나지 않고도 공(空)과 색(色)의 실체를 충분히 보고 만물의 근원에서 노닐었다.",라,True,라(대조군),Level1
중용장구,57,174,然이나 皆倚於一偏이라 故로 資之近而力能勉者는 皆足以能之어니와 至於中庸하여는 雖若易能이나 然이나 非義精仁熟而無一毫人欲之私者면 不能及也라,"그러나 모두 한쪽에 치우쳐 있기 때문에 자품(資禀)이 이에 가깝고 공력(功力)을 힘쓰는 자는 다 족히 할 수 있거니와, 중용(中庸)에 이르러서는 비록 능히 하기 쉬울 것 같으나 의(義)가 정하고 인(仁)이 익숙하여 일호(一毫)의 사욕(私慾)이 없는 자가 아니면 미치지 못한다.",라,True,라(대조군),Level1
당송팔대가문초구양수2,203,760,世之有好學其書而悅之者는 與嗜飮茗閱畫圖無異라,"세상 사람들이 그들의 글씨를 배우기 좋아하고 기뻐하는 것은, 차를 마시고 그림을 구경하기를 좋아하는 것과 다를 바 없습니다.",라,False,라(대조군),Level1
춘추좌씨전2,72,157,爾貢包茅不入하야 王祭不共이라 無以縮酒하니 寡人是徵하노라,"그런데 초(楚)나라는 포모(包茅)를 바치지 않아 축주(縮酒)할 수가 없어 천왕(天王)의 제사를 지내지 못하게 하였으니, 과인(寡人)은 이 죄를 묻노라.",라,False,라(대조군),Level1
당송팔대가문초소식2,505,2168,予覽志林十三首하고 按年譜하니 子瞻이 由南海後所作이라,"내가 《지림(志林)》의 13수(首)를 보고 연보를 살펴보니, 이것은 자첨(子瞻)이 남해(南海)로부터 돌아온 뒤에 지은 것이었다.",라,False,라(대조군),Level1
자치통감강목7,1388,1928,全之면 則文得其計요 殺之면 則峻亡其膽이라,황보문을 살려주면 그가 자기 계책을 이루게 되고 그를 죽이면 고준이 간담(肝膽)을 잃게 된다.,라,True,라(대조군),Level1
당송팔대가문초구양수3,429,1728,自秦漢以來로 世有其人하야 程氏必顯하되 而各以其所居著姓하고 後世因之하야 至唐尤盛하니 號稱中山程氏者는 皆祖魏安鄕侯昱이라,"진(秦)‧한(漢) 이래로 대대로 인물이 있어 정씨(程氏)가 꼭 현달하였는데 각기 살던 곳을 가지고 관향을 삼아 성(姓)을 드러내었고, 후세에 이를 그대로 따라 당(唐)나라에 이르러 더욱 번성하였으니 중산(中山) 정씨(程氏)라고 일컫는 이들은 모두 위(魏) 안향후(安鄕侯) 욱(昱)을 선조로 한다.",라,False,라(대조군),Level1
당송팔대가문초소식2,464,1988,夫今之世도 亦與明者로 熟策之而已라,지금 세상에도 또한 현명한 자와 함께 계책을 익숙하게 논할 뿐이다.,라,False,라(대조군),Level1
주역전의(하),1147,3494,艮其限이라,“한계(限界)에 멈추었다.,라,True,라(대조군),Level1
당송팔대가문초구양수3,305,1133,今州縣之吏는 不得久其職而躬親於敎化也라,오늘날 주현(州縣)의 관리들은 직무에 오래 있으면서 교화(敎化)를 몸소 펼칠 수 없는 실정이다.,라,False,라(대조군),Level1
자치통감강목13,344,1274,漢元熙二年이라,한(漢)나라(전조(前趙)) 고조(高祖) 유연(劉淵) 원희(元熙) 2년이다.,라,False,라(대조군),Level1
예기집설대전2,680,964,宗則生時於之以祭享이로대 躐行必毁宗은 以示不復祭享於此故也라,"사당은 생시에는 이곳에서 제사를 지냈지만, 상여가 넘어갈 때 반드시 사당의 담을 허무는 것은 다시는 이곳에서 제사지내지 않을 것임을 보여주기 위해서 그러는 것이다.",라,False,라(대조군),Level1
자치통감강목11,159,606,臣이 非敢曲理玠以枉大倫也라,“신이 감히 사사롭게 모개를 변호하여 군신 간의 큰 윤리를 굽히는 것이 아닙니다.,라,False,라(대조군),Level1
시경집전(하),1427,3108,飴는 餳也라,이(飴)는 엿이다.,라,False,라(대조군),Level1
자치통감강목10,1196,1889,援은 繇之甥也라,곽원은 종요의 생질이다.,라,False,라(대조군),Level1
시경집전(하),1470,3228,雲漢은 天河也니 在箕斗二星之間하여 其長竟天이라,"운한(雲漢)은 하늘의 은하(銀河)이니, 기성(箕星)과 두성(斗星) 두 별 사이에 있어서 그 긺이 하늘을 다한다.",라,True,라(대조군),Level1
논어집주,429,1539,巧言令色足恭을 左丘明恥之러니 丘亦恥之하노라,"“말을 잘하고 얼굴빛을 좋게 하고 공손을 지나치게 함을 옛날 좌구명(左丘明)이 부끄럽게 여겼는데, 나 또한 이를 부끄러워하노라.",라,False,라(대조군),Level1
시경집전(상),2737,6353,壹矢而死曰殪라,한 발의 화살로 죽이는 것을 에(殪)라 한다.,라,False,라(대조군),Level1
당송팔대가문초구양수4,550,2449,雖蔽于暫이나 而終耀于無窮者는 其道當然也라,비록 잠시 동안은 가려지더라도 끝내 무궁한 후세에 밝게 빛나는 것은 그 도(道)가 마땅히 그러한 것이다.,라,True,라(대조군),Level1
당송팔대가문초소식5,300,1169,我觀世人컨대 生非實中하야 以寤爲正하고 以寐爲夢하야 忽寐所遇하고 執寤所遭라,"내가 세상 사람들을 관찰해보건대, 사는 것이 실제 가운데 있는 것이 아니어서, 깨어 있는 것을 바르다 하고 잠자는 것을 꿈이라고 하여, 갑자기 자다가 만나는 것을 소홀히 하고 깨었을 때에 만난 것을 집착한다.",라,False,라(대조군),Level1
예기집설대전2,851,1221,爲孟虎著(착)齊衰之服者는 虎是文之叔父也요 又爲孟皮著齊衰之服者는 文是皮之叔父也니 言滕伯이 上爲叔父하고 下爲兄弟之子하야 皆著齊衰也라,"자최복(齊衰服)을 입어준 것은 맹호(孟虎)가 문(文)의 숙부(叔父)이기 때문이고, 또 맹피를 위해서 자최복을 입어준 것은 문(文)이 맹피(孟皮)의 숙부이기 때문이니, 등나라 백작이 위로는 숙부를 위하고 아래로는 형제의 아들을 위해서 모두 자최복을 입어주었다는 말이다.",라,False,라(대조군),Level1
시경집전(상),988,2315,然이나 其王號未替也라 故로 不曰周而曰王이라,그러나 왕(王)의 칭호가 변하지 않았기 때문에 주(周)라고 말하지 않고 왕(王)이라고 말한 것이다.,라,False,라(대조군),Level1
논어집주,388,1367,多嗜慾이면 則不得爲剛矣라,기욕(嗜慾)이 많으면 강(剛)함이 될 수 없는 것이다.,라,False,라(대조군),Level1
중용장구,308,837,承上文하여 言 天子有不顯之德하여 而諸侯法之면 則其德愈深而效愈遠矣라,"위 글을 이어서,  천자(天子)가 드러나지 않는 덕(德)이 있어 제후(諸侯)들이 법받으면 그 덕(德)이 더욱 깊어 효험이 더욱 원대(遠大)함을 말씀하였다.",라,False,라(대조군),Level1
당송팔대가문초소순1,295,1895,燕趙之君은 始有遠略하여 能守其土하고 義不賂秦이라,"연(燕)나라와 조(趙)나라의 임금은 처음엔 원대한 계략이 있어, 각자의 땅을 잘 지킬 수 있었고, 의리를 지키며 진(秦)나라에 뇌물을 바치지 않았다.",라,True,라(대조군),Level1
당송팔대가문초구양수1,482,2398,而我方恬然不以爲慮하고 待其謀成兵具하야 一旦反書來上然後에 茫然不知所措하야 中外震駭에 擧動倉惶하니 所以用兵之初에 有敗而無勝也라,"우리는 바야흐로 편안히 여겨서 염려하지 않고 저들의 계책이 이루어지고 병력이 갖추어져서 하루아침에 반란을 통고하는 국서(國書)가 올라온 뒤에야 망연자실(茫然自失)하여 어찌할 줄 모르고 중외(中外)가 크게 놀라 거동에 경황이 없으니, 그런 까닭에 전쟁하던 당초에 패배만 있고 승리는 없었습니다.",라,True,라(대조군),Level1
주역전의(하),123,367,"若有可變之道, 可亨之理면 更不假言也니 此는 處遯時之道也라","만일 변할 수 있는 방도와 형통할 수 있는 이치가 있다면 다시 말할 필요가 없으니, 이는 돈(遯)의 때에 대처하는 도(道)이다.",라,False,라(대조군),Level1
당송팔대가문초유종원1,274,1681,其執役者는 爲徒隷爲鄕師里胥요 其上은 爲下士요 又其上은 爲中士爲上士요 又其上은 爲大夫爲卿爲公하니 離而爲六職이요 判而爲百役이라,"그 직무를 수행하는 자를 살펴보면, 노복(奴僕)이 있고 향사(鄕師)와 이서(里胥)가 있으며, 그 위에는 하사(下士)가 있고 또 그 위에는 중사(中士)가 있고 상사(上士)가 있으며, 또 그 위에는 대부(大夫)가 있고 경(卿)이 있고 공(公)이 있는데, 이것이 나뉘어 육직(六職)이 되고 세분화되어 백관이 된다.",라,False,라(대조군),Level1
주역전의(하),1217,3686,儀는 羽旄旌纛之飾也라,의(儀)는 우모(羽旄)와 정독(旌纛)의 꾸밈이다.,라,False,라(대조군),Level1
주역전의(하),648,1942,故以勝負言이라,그러므로 승부(勝負)로써 말한 것이다.,라,False,라(대조군),Level1
당송팔대가문초구양수3,22,73,大約本韓昌黎詩序中來라,대략 〈한창려시서(韓昌黎詩序)〉에 근본한 것이다.,라,False,라(대조군),Level1
춘추좌씨전5,286,1488,豐氏故主韓氏라,풍씨(豐氏)가 옛날에 한씨(韓氏)를 주인(主人)으로 삼았다.,라,False,라(대조군),Level1
춘추좌씨전7,334,1134,還타가 卒於陘하니 去檇李七里라,합려(闔廬)는 돌아가다가 형(陘)에서 졸(卒)하였으니 취리(檇李)에서 칠리(七里)의 거리(距離)였다.,라,False,라(대조군),Level1
자치통감강목6,94,200,"久之요 成都侯商이 又請分戶邑封莽하고 當世名士戴崇, 金涉, 陳湯이 亦咸爲莽言이라","오랜 뒤에 성도후(成都侯) 왕상(王商)이 또다시 청하여 자신의 봉호(封戶)와 고을을 나누어 왕망에게 봉하게 하였고, 당세의 명사(名士)인 대숭(戴崇)과 김섭(金涉), 진탕(陳湯)이 또한 모두 왕망을 위하여 말하였다.",라,False,라(대조군),Level1
당송팔대가문초한유2,315,1533,籍大曆中에 於和州烏江縣見嵩하니 嵩時年六十餘矣라,"내［籍］가 대력(大曆) 연간에 화주(和州) 오강현(烏江縣)에서 우숭(于嵩)을 만났는데, 그때 우숭(于嵩)의 나이가 60여 세였다.",라,False,라(대조군),Level1
시경집전(하),2587,5742,反은 覆也라,반(反)은 반복(反覆)함이다.,라,False,라(대조군),Level1
당송팔대가문초한유1,128,618,凡執事之擇於愈者는 非爲其能晨入夜歸也라 必將有以取之리라,"대체로 집사(執事)께서 저를 택하신 것은 제가 새벽에 출근하여 밤늦게 퇴근하는 것이 아니라, 반드시 달리 취할 것이 있어서일 것입니다.",라,False,라(대조군),Level1
당송팔대가문초구양수2,247,935,因人還草率호라,편지를 갖고 온 사람이 돌아가기에 대략 씁니다.,라,False,라(대조군),Level1
자치통감강목6,122,257,初에 解萬年이 自詭昌陵을 三年可成이러니 卒不能就하니 群臣이 多言其不便者라,"처음에 해만년(解萬年)이 3년이면 창릉(昌陵)을 완성할 수 있다고 호언장담하였는데 끝내 완성하지 못하니, 여러 신하들이 대부분 그 불편함을 말하였다.",라,False,라(대조군),Level1
시경집전(하),2968,6577,"徂來, 新甫는 二山名이라","저래(徂來), 신보(新甫)는 두 산의 이름이다.",라,False,라(대조군),Level1
당송팔대가문초소철3,286,1551,伊洛瀍澗은 流出平地라,"이하(伊河), 낙하(洛河), 전수(瀍水), 간수(澗水)는 평지에서 흘러나간다.",라,False,라(대조군),Level1
당송팔대가문초증공1,279,1504,然古之學者必能此하니 亦可謂難矣라,그러나 옛날 학자(學者)들은 반드시 이것들을 충분히 수행해냈으니 또한 따라가기가 어렵다고 할 만하다.,라,False,라(대조군),Level1
논어집주,1868,5799,覆은 傾敗也라,복(覆)은 기울고 망하게 하는 것이다.,라,False,라(대조군),Level1
당송팔대가문초한유2,196,866,夫鏝易能하야 可力焉이요 又誠有功하야 取其直니 雖勞無愧하야 吾心安焉이라,"흙손질은 하기가 쉬워서 힘을 쓰기만 하면 되고, 또 진실로 공(功)이 있어서 대가(품삯)를 받을 수 있으니, 몸은 비록 수고롭지만 부끄럽지 않아서 나는 마음이 편안하다.",라,False,라(대조군),Level1
자치통감강목10,771,1159,子若見能不已면 非吾徒也니 吾與子絶矣리라,"그대가 만약 유표에게 재능을 보이는 것을 그치지 않으면 나의 무리가 아니니, 나는 그대와 절교할 것이다.” 하였다.",라,True,라(대조군),Level1
당송팔대가문초왕안석2,429,2323,居數月에 語吾弟曰 吾釋父之殯하고 跋山浮江하야 從子之兄于海旁하야 願有謁也久矣로되 不敢以言호라,"몇 개월이 지나서 그가 내 아우에게 말하기를 “내가 돌아가신 아버지를 빈(殯)만 한 대로 놔두고, 산을 넘고 강을 건너서 바닷가에 이르러 그대의 형님을 따르면서, 뵙고 말씀드리기를 바란 지 오래되었으면서도 감히 이를 말씀드리지 못하고 있습니다.",라,True,라(대조군),Level1
당송팔대가문초소식4,192,768,如此면 則其敎化天下之實이 固已立矣라,이와 같이 하면 천하(天下)를 교화하는 실제가 진실로 이미 확립된 것입니다.,라,False,라(대조군),Level1
예기집설대전2,863,1243,故小斂畢에 乃徹帷라,그러므로 소렴(小斂)이 끝나면 이에 휘장을 걷는다.,라,False,라(대조군),Level1
당송팔대가문초한유1,237,1163,未可知也로라,도대체 알 수가 없습니다.,라,False,라(대조군),Level1
주역전의(상),1184,3581,有勞而不自矜伐하고 有功而不自以爲德은 是其德弘厚之至也니 言以其功勞而自謙以下於人也라,"공로(功勞)가 있어도 스스로 자랑하지 않고 공(功)이 있어도 스스로 덕(德)으로 여기지 않음은 그 덕(德)이 넓고 후함이 지극한 것이니, 공로가 있으면서도 스스로 겸손(謙巽)하여 남에게 낮춤을 말한다.",라,True,라(대조군),Level1
당송팔대가문초구양수6,275,2034,百者는 數之節也니 隨法進退에 不失舊位라,100은 수의 마디(자릿수의 마디)이니 이 법(法)(기준 수(數). 100)에 따라 자릿수를 전진시키거나 물리면 자릿수만 변할 뿐 본래 숫자의 배열순서는 변하지 않습니다.,라,False,라(대조군),Level1
서경집전(하),979,3651,緖는 統緖也라,서(緖)는 통서(統緖)이다.,라,True,라(대조군),Level1
당송팔대가문초유종원2,219,1164,兩旗開張하면 中星耀芒하고 靈氣翕歘하니 玆辰之良이라,"두 기성(旗星)이 길을 활짝 열어 제치면 가운데 있는 별이 빛을 발하고 신령한 기운이 번뜩이는데, 그 좋은 때가 바로 지금입니다.",라,True,라(대조군),Level1
논어집주,23,114,蓋仁은 是性也요 孝弟는 是用也라,"인(仁)은 본성(本性)이요, 효제(孝弟)는 용(用)이다.",라,False,라(대조군),Level1
당송팔대가문초유종원2,46,178,馮空拒江하면 江化爲湖하고 衆山橫環에 嶛闊瀴灣이라,"허공에 의지해 강물을 주시하면 강이 호수로 변한 것 같고, 많은 산들이 에워싸고 있는 강물이 드넓어 아련하였다.",라,True,라(대조군),Level1
주역전의(하),804,2397,卦自解來하여 柔上居四하여 內巽外順하고 九二剛中而五應之라,"괘(卦)가 해괘(解卦)로부터 와서 유(柔)가 위로 올라가 사(四)에 거하여 안이 공손하고 밖이 순하며, 구이(九二)가 강중(剛中)인데 오(五)가 응(應)한다.",라,False,라(대조군),Level1
맹자집주,668,2358,然이나 無敎면 則亦放逸怠惰而失之라,그러나 가르침이 없으면 또한 방일(放逸)하고 태타(怠惰)하여 이것을 잃는다.,라,False,라(대조군),Level1
주역전의(하),1600,4767,我有好爵하여 吾與爾靡之하노라,내가 좋은 벼슬을 두어 내 그대와 함께 이에 매어 있노라.,라,False,라(대조군),Level1
시경집전(하),340,743,賦也라,부(賦)이다.,라,False,라(대조군),Level1
서경집전(하),376,1508,有者는 不忘之也라,유(有)는 ˂기억하여˃ 잊지 않는 것이다.,라,False,라(대조군),Level1
논어집주,1293,4206,小人은 謂細民이니 孟子所謂小人之事者也라,"소인(小人)은 벼슬이 없는 일반 서민(庶民)들을 이르니, 맹자(孟子)가 말씀한 바 ‘소인(小人)의 일’이란 것이다.",라,False,라(대조군),Level1
당송팔대가문초구양수1,332,1832,今此數人이 一旦罷去하야 而使群邪相賀於內하고 四夷相賀於外면 此臣所爲陛下惜之也라,"이제 이 몇 사람이 하루아침에 파면되어 조정을 떠나감으로써 사특한 무리들로 하여금 안에서 서로 축하하게 하고 사방 오랑캐로 하여금 밖에서 서로 축하하게 한다면, 이는 신이 폐하를 위해 애석하게 여기는 바입니다.",라,True,라(대조군),Level1
춘추좌씨전5,317,1634,莒亂하야 著丘公立而不撫鄫하니 鄫叛而來라,"거(莒)나라가 혼란(混亂)하여 저구공(著丘公)이 즉위(卽位)한 뒤로 증국(鄫國)을 위무(慰撫)하지 않으니, 증(鄫)나라가 거(莒)나라를 배반(背叛)하고 노(魯)나라에 귀순(歸順)하였다.",라,False,라(대조군),Level1
당송팔대가문초소순1,315,1992,始吾作權書하여 以爲其用可以至於無窮하고 而亦可以至於無用하여 於是에 又作衡論十篇하노라,"처음 내가 〈권서(權書)〉를 짓고서, 그 쓰임이 무궁할 수도 있겠고, 또 쓸모가 없을 수도 있겠다 생각되어, 이에 다시 〈형론(衡論)〉 10편을 짓는다.",라,False,라(대조군),Level1
논어집주,1783,5587,失時는 謂不及事幾之會라,때를 놓친다는 것은 일의 기회에 미치지 못하는 것을 말한다.,라,False,라(대조군),Level1
주역전의(하),450,1343,朋者는 其朋類也라,붕(朋)은 그 붕류(朋類)이다.,라,False,라(대조군),Level1
당송팔대가문초한유2,129,512,夫不知者는 非其人之罪也요 知而不爲者는 惑也며 悅乎故하야 不能卽乎新者는 弱也며 知而不以告人者는 不仁也며 告而不以實者는 不信也라,"알지 못하는 것은 그 사람의 죄가 아니고, 알면서도 행하지 않는 것은 미혹해서이며, 옛것을 좋아하여 새로운 것으로 나아가지 않는 것은 나약해서이고, 알면서도 남에게 일러주지 않는 것은 인자하지 못해서이며, 일러주되 진실을 말해주지 않는 것은 신실(信實)하지 못해서이다.",라,False,라(대조군),Level1
주역전의(하),1096,3326,占者若因懼而能行하여 以去其不正이면 則可以无眚矣리라,점치는 자가 만일 두려움으로 인하여 능히 가서 부정(不正)함을 떠나면 허물이 없으리라.,라,False,라(대조군),Level1
주역전의(하),956,2837,革은 序卦에 井道는 不可不革이라,혁괘(革卦)는 ˂서괘전(序卦傳)˃에 “우물의 도(道)는 변혁(變革)하지 않을 수 없다.,라,False,라(대조군),Level1
주역전의(상),910,2823,賢者則安履其素하여 其處也樂하고 其進也將有爲也라,현자(賢者)는 그 본분을 편안히 행하여 그 처함에 즐겁고 그 나아감은 장차 훌륭한 일을 하려 해서이다.,라,True,라(대조군),Level1
당송팔대가문초구양수5,56,417,六月에 渡水擊彦章하야 破其四寨라,6월에 물을 건너 사언장을 공격하여 4개의 목책을 격파하였다.,라,True,라(대조군),Level1
자치통감강목17,722,2531,今殿下國之儲貳하여 萬方所則(칙)이어늘 而營立私田하고 畜養雞犬하여 乃至酤販市廛하고 與民争利하니 謗聲流布면 不可追掩이라,"지금 전하(殿下)께서는 국가의 태자(太子)가 되어서 만방(萬方)이 모범으로 삼는데 사전(私田)을 경영하고 닭과 개를 길러서 마침내 시전(市廛)에서 판매하고 백성과 이익을 다투는 데 이르렀으니, 비방하는 말이 널리 유포되면 추후에 덮을 수 없습니다.",라,False,라(대조군),Level1
당송팔대가문초왕안석2,124,570,子固作懷友一首하야 遺予하니 其大略은 欲相扳以至乎中庸而後已요 正之蓋亦嘗云爾라,"자고(子固)가 〈회우(懷友)〉 한 수(首)를 지어서 나에게 주었는데, 그 글의 대략은 서로 이끌어주어서 중용(中庸)의 경지에 이른 뒤에야 그만두고자 하는 것이었고, 정지(正之)도 일찍이 그렇게 말한 일이 있었다.",라,False,라(대조군),Level1
시경집전(하),3021,6713,景員維河之義는 未詳이라,경원유하(景員維河)의 뜻은 미상(未詳)이다.,라,False,라(대조군),Level1
당송팔대가문초소순1,424,2678,富貴不足怪나 吾於昌言獨自有感也하니 大丈夫生不爲將이면 得爲使하여 折衝口舌之間도 足矣라,"부귀(富貴)는 괴이하게 여길 것이 없지만 내가 창언(昌言)에게 유독 스스로 느낀 점이 있었으니, 대장부 일생에 장수가 되지 않으면 사신이 되어 변론(辯論)으로 상대를 제압하는 것도 족하다.",라,False,라(대조군),Level1
당송팔대가문초한유3,335,1897,享年七十六이라,향년은 76세이다.,라,False,라(대조군),Level1
주역전의(상),1955,5810,所以元吉者는 以其得中道也니 不云正者는 離以中爲重일새라,"크게 선(善)하고 길(吉)한 까닭은 중도(中道)를 얻었기 때문이니, 정(正)을 말하지 않은 것은 이(離)는 중(中)을 중하게 여기기 때문이다.",라,False,라(대조군),Level1
당송팔대가문초왕안석1,74,457,荊公建變法之議가 存之라,형공(荊公)이 변법(變法)의 시행을 건의한 논리가 이 글에 간직되어 있다.,라,False,라(대조군),Level1
당송팔대가문초구양수1,40,275,雖有納諫之明이나 而無力行之果斷이면 則言愈多而聽愈惑이라,비록 간언(諫言)을 받아들이는 현명함이 있다 하더라도 힘써 실행(實行)하는 과단성(果斷性)이 없으면 올라오는 말이 많을수록 임금의 귀는 더욱 현혹됩니다.,라,False,라(대조군),Level1
논어집주,633,2277,不知而作은 不知其理而妄作也라,부지이작(不知而作)은 그 이치를 알지 못하고서 함부로 행동하는 것이다.,라,False,라(대조군),Level1
서경집전(하),51,209,郊는 所以祭天이요 社는 所以祭地라,"교(郊)는 하늘에 제사(祭祀)하는 것이요, 사(社)는 땅에 제사(祭祀)하는 것이다.",라,False,라(대조군),Level1
당송팔대가문초구양수2,109,393,然縣越其封하고 郡逾其境이면 雖賢守長이라도 不得行은 以其有守也요 吏部之官이 不得理兵部하며 鴻臚之卿이 不得理光祿은 以其有司也라,"그러나 현(縣)은 그 고을의 강역(疆域)을 넘고 군(郡)은 경계(境界)를 넘으면 비록 유능한 수령일지라도 자기 뜻대로 다스릴 수 없는 것은 지키는 지역이 있기 때문이며, 이부(吏部)의 관원이 병부(兵部)를 다스릴 수 없고 홍려시(鴻臚寺)의 관원이 광록시(光祿寺)를 다스리지 못하는 것은 맡은 부서가 있기 때문입니다.",라,False,라(대조군),Level1
시경집전(상),1987,4515,儼은 矜莊貌라,엄(儼)은 씩씩한 모양이다.,라,False,라(대조군),Level1
논어집주,1995,6193,言人能先立乎其大者면 則小節은 雖或未盡合理라도 亦無害也라,사람이 먼저 큰 것을 확립시키면 작은 일은 혹 다 이치에 부합되지 않더라도 또한 무방함을 말한 것이다.,라,False,라(대조군),Level1
시경집전(상),1029,2402,戍는 屯兵以守也라,수(戍)는 군대를 주둔하여 지키는 것이다.,라,False,라(대조군),Level1
당송팔대가문초소순1,415,2639,老泉便描出許多變態來하니 令人目眩이라,노천(老泉)만이 곧 여기서 수없이 변화하는 모습을 묘사해냈으니 사람들의 눈을 휘둥그레지게 만든다.,라,True,라(대조군),Level1
당송팔대가문초구양수6,19,176,是時에 梁太祖已弑昭宗하고 立哀帝하니 唐之舊臣이 皆憤惋(완)切齒하야 或俛(부)首畏禍하고 或去不仕어늘 而循特傅會梁하야 以希進用이라,"이때 양(梁) 태조(太祖)가 이미 소종(昭宗)을 시해하고 애제(哀帝)를 옹립하니 당나라의 구신(舊臣)이 모두 분개하고 이를 갈면서 어떤 이는 머리를 숙이고 화를 입을까 두려워하였고 어떤 이는 조정을 떠나 벼슬하지 않았는데, 소순만은 양나라에 빌붙으면서 등용되기를 바랐다.",라,False,라(대조군),Level1
당송팔대가문초증공1,344,1886,故曰 此好辯之士爲樂聞苟簡者言之요 而又非實知利害者也라하노라,"그러므로 둑을 증축하자는 주장은 궤변을 늘어놓길 좋아하는 자가 어물어물 넘긴다는 말을 듣는 것을 좋아하는 자를 위해 하는 말로, 또 이해(利害)를 실제로 아는 사람이 아니라고 말한 것이다.",라,False,라(대조군),Level1
서경집전(하),415,1649,今王受命이 固有無窮之美나 然亦有無窮之憂라,이제 왕(王)이 천명(天命)을 받음은 진실로 무궁한 아름다움이 있으나 또한 무궁한 걱정이 있다.,라,True,라(대조군),Level1
춘추좌씨전3,171,363,書曰崔氏라하니 非其罪也오 且告以族하고 不以名이라,"경(經)에 ‘최씨(崔氏)’라고 기록하였으니, 이는 그의 죄(罪)가 아니고, 또 제(齊)나라가 족(族)으로 통고(通告)하고 그 이름으로 통고(通告)하지 않았기 때문이다.",라,False,라(대조군),Level1
자치통감강목8,11,16,時에 禁罔尙疏하여 諸王이 皆在京師하여 競修名譽하고 招游士라,이때에 법망(法網)이 아직 엉성하여 여러 왕들이 모두 경사(京師)에 있으면서 다투어 명예를 닦고 유협(游俠)하는 선비들을 초치하였다.,라,False,라(대조군),Level1
주역전의(상),1382,4156,澤之上有地하니 澤岸也는 水之際也라,"못 위에 땅이 있으니, 못 언덕은 물가이다.",라,False,라(대조군),Level1
춘추좌씨전4,278,843,季札辭曰 曹宣公之卒也에 諸侯與曹人不義曹君하야 將立子臧한대 子臧去之하고 遂弗爲也하야 以成曹君하니 君子曰 能守節이라,"계찰(季札)이 사양하며 말하기를 “조선공(曹宣公)이 죽었을 때 제후(諸侯)와 조인(曹人)은 조군(曹君)(조성공(曹成公))을 의롭지 못한 사람으로 여겨 그 아우 자장(子臧)을 임금으로 세우려 하자, 자장(子臧)은 조(曹)나라를 떠나 〈송(宋)나라로 도망가서〉 드디어 임금이 되지 않고 조군(曹君)을 도왔으니, 군자(君子)는 ‘능히 절조(節操)를 지켰다.’고 평론(評論)하였습니다.",라,True,라(대조군),Level1
자치통감강목13,723,2387,曜逼長安하니 安定太守焦嵩과 新平太守竺恢 引兵來救로되 皆畏漢兵彊하여 不敢進이라,"유요(劉曜)가 장안(長安)을 압박하니, 안정태수(安定太守) 초숭(焦嵩)과 신평태수(新平太守) 축회(竺恢)가 구원하려고 군대를 이끌고 왔으나, 모두 한(漢)나라(전조(前趙)) 군대의 강성함을 두려워하여 감히 전진하지 못하였다.",라,False,라(대조군),Level1
주역전의(상),1615,4796,群陰이 消剝於陽하여 以至於極하니 六五若能長率群陰하고 騈首順序하여 反獲寵愛於陽이면 則終无過尤也라,"여러 음(陰)이 양(陽)을 소박(消剝)하여 극(極)에 이르렀으니, 육오(六五)가 만약 우두머리가 되어 여러 음(陰)을 거느리고 머리를 나란히 하여 순서를 따라서 도리어 양(陽)에게 총애를 받는다면 끝내 허물이 없을 것이다.",라,False,라(대조군),Level1
주역전의(상),1919,5716,以九五剛中之才로 居尊位면 宜可以濟於險이나 然下无助也라,구오(九五)의 강중(剛中)한 재질로 존위(尊位)에 거했으면 마땅히 험함을 구제할 수 있을 것이나 아래에 돕는 이가 없다.,라,False,라(대조군),Level1
자치통감강목1,2,2,先正溫國司馬文正公이 受詔編集資治通鑑하야 旣成에 又撮其精要之語하야 別爲目錄三十巻하야 幷上之라,선정(先正) 온국(溫國) 사마문정공(司馬文正公)(사마광(司馬光))이 황제의 명을 받고 《자치통감(資治通鑑)》을 편찬하여 완성한 뒤에 또 그 정요(精要)한 말을 뽑아서 따로 《자치통감목록(資治通鑑目錄)》 30권을 만들어 아울러 황제에게 올렸다.,라,False,라(대조군),Level1
예기집설대전2,1656,2362,婦人之廟에 亦不應獨用武舞也라,부인의 사당에서도 응당 무무만을 추게 할 수 없다.,라,False,라(대조군),Level1
춘추좌씨전7,423,1392,南宮敬叔至하야 命周人하야 出御書하야 俟於宮하고 曰 庀女하리니 而不在면 死하리라,"남궁경숙(南宮敬叔)이 와서 주인(周人)에게 명(命)하여 어서(御書)를 구출(救出)하여 궁(宮)에서 기다리게 하고서 말하기를 “불이 잡힌 뒤에 너에게 이 어서(御書)를 챙겨 올리게 할 것이니, 그때 만약 손실(損失)된 것이 있으면 사죄(死罪)로 다스릴 것이다.”고 하였다.",라,False,라(대조군),Level1
맹자집주,490,1726,平陸은 齊下邑라,평륙(平陸)은 제(齊)나라의 하읍(下邑)이다.,라,False,라(대조군),Level1
시경집전(하),836,1826,瓜成이면 剝削淹漬以爲菹하여 而獻皇祖하니 貴四時之異物하고 順孝子之心也라,"오이가 성숙하면 깎아 담가 김치를 만들어서 황조(皇祖)에게 올리니, 사시(四時)의 색다른 물건을 귀히 하고, 효자(孝子)의 마음을 순히 하는 것이다.",라,False,라(대조군),Level1
예기집설대전2,988,1427,作은 起爲也니 復으로 至帷堂六事一時竝起라 故云竝作也라,"작(作)은 행위를 일으킨다는 뜻이니, 고복(皐復)으로부터 유당(帷堂)에 이르기까지 여섯 가지 일이 일시에 나란히 거행되기 때문에 병작(竝作)이라고 한 것이다.",라,False,라(대조군),Level1
당송팔대가문초왕안석1,193,1014,覽子瞻所代張方平諫用兵書면 則多涕洟요 覽荊公賀表면 又多矜奮이라,"소자첨(蘇子瞻)의 〈장방평(張方平)을 대신해서 용병(用兵)하는 것을 간하는 글〉을 읽으면 눈물을 많이 흘리게 되고, 왕형공(王荊公)의 하표(賀表)를 읽으면 또한 긍지를 가지고 분발하려는 뜻을 많이 가지게 된다.",라,True,라(대조군),Level1
당송팔대가문초구양수3,212,778,吾爲此名은 聊以志吾之樂爾로라,내가 이러한 이름을 지은 것은 애오라지 이로써 나의 즐거움을 표명한 것일 뿐이라오.”,라,False,라(대조군),Level1
논어집주,439,1579,至於夫子하여는 則如天地之化工이 付與萬物而己不榮焉하니 此聖人之所爲也라,"부자(夫子)에 이르러서는 마치 천지(天地)의 화공(化工)〔造物主〕이 모든 사물에 맡겨주고 자신은 수고롭지 않은 것과 같으니, 이는 성인(聖人)의 행하시는 바이다.",라,True,라(대조군),Level1
당송팔대가문초구양수4,266,1265,乃命編修唐書한대 書成에 未奏而卒하니 享年五十有九라,"이에 ≪신당서(新唐書)≫를 편수할 것을 명하였는데, 책이 완성됨에 천자께 올리기도 전에 졸(卒)하니 향년 59세였다.",라,False,라(대조군),Level1
주역전의(상),1182,3573,卦唯一陽이 居下之上하여 剛而得正하니 上下所歸요 有功勞而能謙하니 尤人所難이라,"괘(卦)가 오직 한 양(陽)이 하괘(下卦)의 위에 거하여 강(剛)하면서 정(正)을 얻었으니 상하(上下)가 돌아오는 바이며, 공로(功勞)가 있으면서도 겸손(謙巽)하니 더욱 사람이 하기 어려운 바이다.",라,True,라(대조군),Level1
자치통감강목10,1165,1833,今雖羹祁以賜畿라도 畿啜之矣리라,"지금 비록 정기(程祁)를 죽여 국을 끓여서 나에게 주더라도 나는 그것을 마시겠다.” 하니,",라,True,라(대조군),Level1
맹자집주,409,1500,辭는 解使去己也요 讓은 推以與人也라,"사(辭)는 풀어서 자기에게서 떠나가게 하는 것이요, 양(讓)은 미루어서 남에게 주는 것이다.",라,False,라(대조군),Level1
시경집전(상),2103,4767,火는 大火心星也니 以六月之昏에 加於地之南方하나니 至七月之昏이면 則下而西流矣라,"화(火)는 대화심성(大火心星)이니, 유월(六月)의 저녁에 땅의 남방(南方)에 가(加)하니, 칠월(七月)의 저녁에 이르면 아래로 내려가 서쪽으로 처진다.",라,True,라(대조군),Level1
맹자집주,1839,5848,易는 治也라,이(易)는 다스림이다.,라,True,라(대조군),Level1
주역전의(상),1317,3980,如卦之才以治蠱면 則能致元亨也라,괘(卦)의 재질과 같이 고(蠱)를 다스리면 크게 선(善)하여 형통함을 이룰 수 있다.,라,False,라(대조군),Level1
당송팔대가문초유종원2,364,2412,余懼州吏之逸其辭也하여 私爲之誄하여 以志其行하노라,나는 주(州)의 관리가 군(君)의 행적을 올리는 글에서 중요한 내용을 빠뜨릴까 염려하여 개인적으로 뇌문(誄文)을 써 그 행적을 기록한다.,라,False,라(대조군),Level1
서경집전(상),76,567,往哉汝諧하라,가서 네 직책을 화하게 수행하라.” 하였다.,라,False,라(대조군),Level1
시경집전(하),2482,5506,相은 視요 潰는 亂也라,"상(相)은 봄이요, 궤(潰)는 어지러움이다.",라,False,라(대조군),Level1
당송팔대가문초한유3,142,844,篇中에 特序世系及拜官爵과 卒年月日與葬處하고 篇末에 次行事하니 皆虛景이라,"편중(篇中)에 다만 세계(世系) 및 제수된 관작(官爵), 졸(卒)한 연월일(年月日)과 장사 지낸 곳만을 서술하고, 편말(篇末)에 행사(行事)를 서술하였는데, 모두 허경(虛景)(상상 속의 경물(景物))이다.",라,False,라(대조군),Level1
당송팔대가문초구양수6,159,1098,是時梁將劉鄩(심)等與莊宗相距澶魏之間하야 兵數敗라,이때에 양(梁)나라 장수 유심(劉鄩) 등이 장종(莊宗)과 전주(澶州)와 위주(魏州) 사이에서 서로 대치하여 양나라 군사가 수차례 패하였다.,라,False,라(대조군),Level1
주역전의(하),1206,3652,木은 漸高矣而有不安之象하니 鴻趾連하여 不能握枝라 故不木棲라,"나무는 점점 높아 불안한 상(象)이 있으니, 기러기는 발가락이 연결되어 나뭇가지를 잡지 못하므로 나뭇가지에 깃들지 않는다.",라,True,라(대조군),Level1
당송팔대가문초구양수4,169,792,蓋君以至和元年五月某日로 卒于長安하니 享年四十有六이라,"진군은 지화(至和) 원년(1054) 5월 모일(某日)에 장안에서 임종하였으니, 향년 46세였다.",라,False,라(대조군),Level1
서경집전(하),54,232,嗚呼라,아!,라,True,라(대조군),Level1
주역전의(하),484,1452,大抵此爻 爲卜田之吉占이요 亦爲去邪媚而得中直之象이니 能守其正이면 則无不吉矣리라,"대저 이 효(爻)는 사냥을 점치는 길점(吉占)이 되고 또 사미(邪媚)를 제거하여 중직(中直)을 얻는 상(象)이 되니, 그 바름을 지키면 길(吉)하지 않음이 없으리라.",라,True,라(대조군),Level1
당송팔대가문초한유3,49,287,公諱弘이라,공(公)은 휘(諱)가 홍(弘)이다.,라,False,라(대조군),Level1
예기집설대전2,1233,1773,苟過於哀而不知變이면 則或以死傷生矣라,만일 애통함이 지나쳐 변통할 줄 모르면 죽은 사람 때문에 산 사람을 해치게 될 것이다.,라,False,라(대조군),Level1
당송팔대가문초소식3,122,474,是故로 非聰明睿哲不惑之主면 則不能全其用이라,이 때문에 총명(聰明)하고 지혜가 밝아서 미혹되지 않는 군주가 아니면 인재를 온전하게 활용하지 못하는 것이다.,라,False,라(대조군),Level1
서경집전(상),147,1020,典禮雖天所敍秩이나 然正之하여 使敍倫而益厚하고 用之하여 使品秩而有常은 則在我而已라,전(典)과 예(禮)는 비록 하늘이 펴고 차례한 것이나 이것을 바로잡아 차례로 펴서 더욱 후하게 하고 이것을 써서 질서있게 차례하여 떳떳하게 함은 나에게 달려 있을 뿐이다.,라,False,라(대조군),Level1
논어집주,1207,3983,小邾射이 以句繹奔魯하여 曰 使季路要我면 吾無盟矣라하니 千乘之國이 不信其盟而信子路之一言하니 其見信於人을 可知矣라,"“소주역(小邾射)이 구역(句繹)땅을 가지고 노(魯)나라로 망명 와서 말하기를 ‘계로(季路)로 하여금 나와 약속하게 하면 나는 맹약을 않겠다.’하였으니, 천승(千乘)의 나라가 그 맹약을 믿지 않고 자로(子路)의 한 마디 말을 믿었으니, 자로(子路)가 남에게 신임 받은 것을 알 수 있다.",라,False,라(대조군),Level1
자치통감강목17,353,1221,賊揚言方明已死하니 城中大恐이라,적도들이 소리를 높여 배방명이 이미 죽었다고 하니 성안이 크게 두려워하였다.,라,False,라(대조군),Level1
당송팔대가문초구양수5,218,1460,莊宗使人以喪及克寧之難으로 告德威하고 且召其軍이라,장종이 사신을 보내 국상(國喪) 및 이극녕의 난을 주덕위에게 알려주고 그 군대를 소환하였다.,라,False,라(대조군),Level1
시경집전(상),1460,3331,茀은 車後戶也라,불(茀)은 수레 뒤의 창문이다.,라,False,라(대조군),Level1
당송팔대가문초한유3,313,1678,屈拜後生하니 憤所不堪이라,굴욕을 참아가며 날마다 후생(後生)에게 절을 하자니 울분을 견딜 수 없으셨지요.,라,True,라(대조군),Level1
당송팔대가문초왕안석1,217,1125,譬之入幽谷邃壑하야 令人神解而興不窮하니 中有歐蘇輩所不及處라,"비유하자면 으슥하고 깊은 골짜기에 들어간 듯 사람들로 하여금 신묘(神妙)한 깨달음을 느끼게 하면서 흥취(興趣)가 다함이 없으니, 문장 가운데는 구양수(歐陽脩)나 소식(蘇軾)의 무리가 미칠 수 없는 경지도 있다.",라,True,라(대조군),Level1
주역전의(하),644,1930,觀其決潰之象이면 則以居德則忌하나니 居德은 謂安處其德이요 則은 約也요 忌는 防也니 謂約立防禁이니 有防禁則无潰散也라,"그 터지는 상(象)을 보면 덕(德)에 거하여 금기(禁忌)사항을 법제화하니, 거덕(居德)은 덕(德)에 편안히 처함이고 칙(則)은 약조(約條)를 만드는 것이고 기(忌)는 방지함이니, 방금(防禁)을 약조(約條)로 만들어 세움을 이르니, 방금(防禁)이 있으면 터져 흩어짐이 없게 된다.",라,False,라(대조군),Level1
당송팔대가문초소식4,28,110,故로 曰 小雅者는 兼乎周之盛衰者也라하노라,그러므로  “〈소아(小雅)〉는 주(周)나라의 성쇠(盛衰)를 겸했다.”라고 말하는 것이다.,라,False,라(대조군),Level1
주역전의(상),970,2982,物理如循環하여 在下者必升하고 居上者必降하니 泰久而必否라,"물건의 이치는 고리를 따라 도는 것과 같아서 아래에 있는 것은 반드시 위로 올라가고, 위에 있는 것은 반드시 아래로 내려오니, 태(泰)가 오래되면 반드시 비색(否塞)해진다.",라,False,라(대조군),Level1
당송팔대가문초소식5,280,1098,我欲卽之하야 爲館爲堂호되 近水而搆하면 夏潦所襄이요 遠水而築하면 邈焉相望이라,"내 이곳에 나아가 관(館)을 만들고 당(堂)을 만들고 싶은데, 물에 가까이 지으면 여름 장맛물이 올라오고 물에서 멀리 지으면 물을 멀리서 바라보게 된다.",라,False,라(대조군),Level1
주역전의(상),809,2513,比於匪人이면 其失可知니 悔吝을 不假言也라,"비인(匪人)을 가까이 하면 그 잘못을 알 수 있으니, 후회와 부끄러움을 굳이 말할 것이 없다.",라,False,라(대조군),Level1
당송팔대가문초구양수2,23,67,形神若此하니 志意可知라,"몸과 정신이 이와 같으니, 마음과 뜻이 어떠한지 알 수 있을 것입니다.",라,False,라(대조군),Level1
당송팔대가문초구양수2,3,7,然其爲言也가 質而不文하면 則不足以行遠而昭聖謨요 麗而不典하면 則不足以示後而爲世法하니 居是職者는 古難其人이어늘 乃以愚臣而當此選이라,"그러나 그 언어가 질박하기만 하고 꾸밈이 없으면 멀리 전달되어 임금의 계책을 밝힐 수 없으며, 아름답기만 하고 전아(典雅)하지 못하면 후세에 보여 세상의 법이 될 수 없으니, 이 직책을 맡는 자는 옛날에도 적임자를 얻기 어려웠거늘 어리석은 신을 이 자리에 선발하셨습니다.",라,False,라(대조군),Level1
서경집전(상),264,1657,又按 蘇氏謂 岷山之江을 爲中江하고 嶓冡之江을 爲北江하고 豫章之江을 爲南江하니 卽導水所謂東爲北江하고 東爲中江者라,"또 살펴보건대, 소씨(蘇氏)는 이르기를 “민산(岷山)의 강(江)을 중강(中江)이라 하고, 파총(嶓冡)의 강을 북강(北江)이라 하고, 예장(豫章)의 강을 남강(南江)이라 하니, 이는 곧 도수(導水)에 이른바 ‘동쪽으로 북강(北江)이 되고, 동쪽으로 중강(中江)이 되었다.’는 것이다.",라,False,라(대조군),Level1
서경집전(하),715,2747,文武善承其衆하여 克堪用德하시니 是誠可以爲神天之主矣라,"문왕(文王)과 무왕(武王)은 그 무리를 잘 이어서 능히 덕(德)을 이겨 쓰시니, 이는 진실로 신(神)과 하늘의 주장이 될 수 있었다.",라,True,라(대조군),Level1
당송팔대가문초소순1,239,1611,然이나 學者於此에 參之以孫武十三篇이면 則於兵事에 思過半矣라,그러나 배우는 자는 여기에 손무(孫武)의 병법(兵法) 13편(篇)을 참고하면 군사(軍事)에 관한 일에 절반을 넘게 생각한 것이다.,라,False,라(대조군),Level1
자치통감강목2,1239,3271,故臣이 竊以爲足下必漢王之不危已亦誤矣라하노라,그래서 제가 삼가 족하가 한왕이 반드시 족하를 위태롭게 하지 않을 것이라고 믿는 것이 역시 잘못되었다고 생각하는 것입니다.,라,False,라(대조군),Level1
자치통감강목15,931,1320,於是에 赴者相繼라,이에 달려오는 자가 앞뒤로 이어졌다.,라,False,라(대조군),Level1
맹자집주,672,2372,分人以財는 小惠而已요 敎人以善은 雖有愛民之實이나 然이나 其所及이 亦有限而難久라,"남에게 재물을 나누어줌은 작은 은혜일 뿐이요, 남에게 선(善)을 가르쳐 줌은 비록 백성을 사랑하는 실제가 있으나, 미치는 바가 또한 한계가 있고 오래하기 어렵다.",라,True,라(대조군),Level1
당송팔대가문초구양수6,152,1064,後生弩工이 皆不識其器어늘 珝(후)創意理之하니 弓矢激五百步에 人馬皆洞이라,"후대의 궁노를 만드는 공인(工人)들은 모두 그 무기를 알지 못하였는데, 조후(趙珝)가 고안하여 그것들을 수리하니 화살이 500보 거리를 날아가 사람과 말을 모두 관통하였다.",라,True,라(대조군),Level1
주역전의(상),846,2628,剛中而志行이라 乃亨하리라,강(剛)이 중도(中道)에 맞고 뜻이 행해지므로 마침내 형통하리라.,라,True,라(대조군),Level1
서경집전(상),36,288,穆穆은 和之至也니 左氏所謂無凶人也니 此는 蓋又兼四岳之官也라,"목목(穆穆)은 화함이 지극한 것이니, 좌씨(左氏)의 이른바 ‘흉한 사람이 없다.’는 것이니, 이는 또 사악(四岳)의 벼슬을 겸한 것이다.",라,False,라(대조군),Level1
주역전의(하),2170,6008,"坤은 爲地,爲母,爲布,爲釜,爲吝嗇,爲均,爲子母牛,爲大輿,爲文,爲衆,爲柄이요 其於地也에 爲黑이라","곤(坤)은 땅이 되고, 어머니가 되고, 삼베가 되고, 가마솥이 되고, 인색함이 되고, 균등함이 되고, 새끼를 많이 기른 어미 소가 되고, 큰 수레가 되고, 문(文)이 되고, 무리가 되고, 자루가 되며, 땅에 있어서는 흑색이 된다.",라,True,라(대조군),Level1
시경집전(하),300,662,十月之交는 大夫刺幽王也라,˂시월지교(十月之交)˃는 대부(大夫)가 유왕(幽王)을 풍자한 시(詩)이다.,라,False,라(대조군),Level1
자치통감강목19,374,562,忱이 曰 朝廷이 狂悖日滋하니 雍州之事는 且藉以相斃耳라,"유침이 말하기를 “조정(朝廷)(황제)이 횡포함이 날로 심해지니, 옹주를 토벌하는 일은 또 이를 구실로 삼아 우리 두 주(州)를 서로 죽게 하려는 것일 뿐입니다.",라,False,라(대조군),Level1
시경집전(상),1182,2755,中軍은 謂將在鼓下하여 居車之中이니 卽高克也라,"중군(中軍)은 북 아래에 있어 수레의 한 가운데에 있는 장군(將軍)을 이르니, 바로 고극(高克)이다.",라,False,라(대조군),Level1
서경집전(상),709,3500,此下는 命說之辭라,이 이하(以下)는 부열(傅說)에게 명한 말이다.,라,False,라(대조군),Level1
서경집전(상),634,3269,意當時老成孤幼 皆有言當遷者라,짐작컨대 당시에 노성(老成)한 사람과 외로운 어린이는 모두 “마땅히 천도(遷都)해야 한다.”고 말하는 자가 있었던 듯하다.,라,False,라(대조군),Level1
시경집전(하),2232,4979,言嶽山高大하여 而降其神靈和氣하여 以生甫侯申伯하니 實能爲周之楨榦屛蔽하여 而宣其德澤於天下也라,"악산(嶽山)이 높고 커서 그 신령(神靈)과 화기(和氣)를 내려 보후(甫侯)와 신백(申伯)을 내니, 실로 주(周)나라의 정간(楨榦)과 번병(藩屛)이 되어서 그 덕택(德澤)을 천하(天下)에 베풂을 말한 것이다.",라,True,라(대조군),Level1
시경집전(하),2247,5011,賦也라,부(賦)이다.,라,False,라(대조군),Level1
예기집설대전2,1745,2491,或者忌字只是忌日이니 懿伯是敬叔從祖라,"아마도 기(忌)자는 다만 기일일 것이니, 의백은 바로 경숙의 종조였다.",라,False,라(대조군),Level1
주역전의(하),1575,4711,內外皆實而中虛는 爲中孚之象이요 又二五皆陽中實이니 亦爲孚義라,"안과 밖이 모두 실(實)하고 가운데가 비어 있음은 중부(中孚)의 상(象)이 되고, 또 이효(二爻)와 오효(五爻)가 모두 양(陽)이어서 중(中)이 실(實)하니, 또한 부신(孚信)의 뜻이 된다.",라,False,라(대조군),Level1
당송팔대가문초구양수2,354,1351,故救天下之患者는 亦必推其患之所自來 而治其受患之處라,그러므로 천하의 우환을 구제하는 자 역시 반드시 우환이 어디에서 왔는지를 찾아서 그 우환이 생기게 된 근원을 다스려야 합니다.,라,False,라(대조군),Level1
자치통감강목1,732,2175,曰食得毋衰乎잇가 曰恃粥耳로라,"좌사가 “드시는 것은 줄지 않으셨습니까?”라고 하니, “죽에만 의지하고 있다.”라고 하였다.",라,False,라(대조군),Level1
예기집설대전2,359,514,凡哭必爲位者는 所以敍親疏恩紀之差니 嫂叔이 疑於無服而不爲位라,"무릇 곡(哭)할 때 반드시 위차(位次)를 만드는 것은 친함과 소원함, 은혜와 기강의 차등을 매기기 위해서이니, 형수와 시아주버니 사이에는 상복이 없으므로 곡하는 자리도 만들지 않는다고 의심하였다.",라,False,라(대조군),Level1
맹자집주,192,735,招는 舜樂也라,초(招)는 순(舜)임금의 음악이다.,라,False,라(대조군),Level1
당송팔대가문초구양수4,411,1810,今列侍從하며 居諫官이라,지금은 시종신(侍從臣)의 반열에 있으며 간관(諫官)이 되었다.,라,False,라(대조군),Level1
대학장구,58,159,湯이 以人之洗濯其心以去惡은 如沐浴其身以去垢라,탕왕(湯王)은 사람이 그 마음을 깨끗이 씻어서 악(惡)을 제거하는 것은 마치 그 몸을 목욕(沐浴)하여 때를 버리는 것과 같다고 여겼다.,라,True,라(대조군),Level1
예기집설대전1,951,2890,埽灑者는 有家之事니 不如是면 不足以配大夫라 故曰備埽灑라하니 凡此는 皆主人之謙辭耳라,소쇄(埽灑)라는 것은 집을 가진 사람의 일이니 이처럼 하지 않으면 대부의 배필이 되지 못하는 까닭에 ‘마당 쓸고 물 뿌릴 사람에 충당하도록 드립니다.’라고 한 것이니 무릇 이 모든 것은 주인이 겸손하게 하는 말이다.,라,True,라(대조군),Level1
논어집주,1920,5959,殆는 危也라,태(殆)는 위험한 것이다.,라,False,라(대조군),Level1
자치통감강목8,1123,1610,會에 貴人姊上書自訟하니 乃知貴人枉殁之狀이라,"마침 양귀인의 언니가 상서(上書)하여 직접 사정을 말하니, 황제는 그제야 귀인이 억울하게 죽은 정황을 알게 되었다.",라,False,라(대조군),Level1
시경집전(상),1695,3846,不敢以當侯伯之命하여 得受六命之服하여 比於天子之卿도 亦幸矣라,감히 후백(侯伯)의 명(命)을 감당할 수가 없어서 육명(六命)의 의복을 받아 천자(天子)의 경(卿)에 비할 수만 있어도 또한 다행이라고 한 것이다.,라,False,라(대조군),Level1
당송팔대가문초구양수1,86,606,又聞城外墳冡이 亦被浸注하야 棺椁浮出하고 骸骨漂流하니 此皆聞之可傷이요 見之可憫이라,"또 듣건대 성 밖의 분묘(墳墓)들도 물에 잠겨서 관곽(棺槨)이 물 위에 둥둥 떠오르고 해골이 물 위에 떠다닌다 하니, 이는 모두 들으면 슬프고 보면 불쌍한 것입니다.",라,True,라(대조군),Level1
중용장구,58,177,亦承上章以起下章이라,이 또한 상장(上章)을 이어서 하장(下章)을 일으킨 것이다.,라,False,라(대조군),Level1
당송팔대가문초소순1,215,1316,則齊之治也를 吾不曰管仲而曰鮑叔이라하며 及其亂也는 吾不曰竪刁易牙開方而曰管仲이라하노라,"그렇다면 제(齊)나라가 잘 다스려졌던 것을 나는 관중(管仲) 때문이 아니라 포숙(鮑叔) 때문이었다 할 것이며, 제(齊)나라가 혼란하게 된 것은 나는 수조(竪刁)․역아(易牙)․개방(開方) 때문이 아니라 관중(管仲) 때문이었다 할 것이다.",라,False,라(대조군),Level1
당송팔대가문초유종원2,233,1235,託地墝垤하여 反時燠寒이라,뿌리를 붙인 땅은 척박한 언덕이었고 추위와 더위도 제철에 어긋났다.,라,True,라(대조군),Level1
자치통감강목7,480,618,耿況이 遣其子弇하여 詣長安하니 弇이 時年二十一이라,"경황(耿況)이 그의 아들 경감(耿弇)을 장안(長安)에 보내니, 경감은 이때 나이가 21세였다.",라,False,라(대조군),Level1
당송팔대가문초구양수4,448,1976,交似疎而感獨深이라,교분은 깊지 않은 듯하지만 슬픈 감정은 유독 깊다.,라,True,라(대조군),Level1
당송팔대가문초왕안석2,619,3164,嗚呼라,아아!,라,True,라(대조군),Level1
논어집주,1939,6021,然이나 謂之義면 則事之可否와 身之去就를 亦自有不可苟者라,"그러나 그것을 일러 의(義)라고 하였다면, 일의 가부(可否)와 몸의 거취(去就)를 또한 스스로 구차스럽게 할 수 없음이 있다.",라,False,라(대조군),Level1
당송팔대가문초구양수2,460,1825,加以驕君昏主와 姦吏邪臣이 取濟一時하야 屢更其制하야 而經常之法이 蕩然盡矣라,게다가 거만한 군주 어리석은 임금과 간악한 벼슬아치 간사한 신하가 한 시대를 주물러 누차 제도를 변경하여 경상(經常)의 법이 쓸어버린 듯 모두 없어졌다.,라,False,라(대조군),Level1
주역전의(하),1306,3979,三은 明體而反暗於四者는 所應이 陰暗故也라,삼(三)은 밝은 체(體)인데 도리어 사(四)보다 어두운 것은 응(應)한 바가 음암(陰暗)이기 때문이다.,라,False,라(대조군),Level1
당송팔대가문초구양수2,500,1994,故其兵驕則逐帥하고 帥彊則叛上하야 土地爲其世有하고 干戈起而相侵하니 天下之勢가 自玆而分이라,"그러므로 그 병사들이 교만하면 장수(將帥)를 축출하고 장수가 강하면 위를 배반하여 토지가 대대로 그의 소유가 되고 전란을 일으켜 침범하였으니, 천하의 형세가 이로부터 나뉘었다.",라,False,라(대조군),Level1
주역전의(상),202,897,上古聖人이 始畫八卦하니 三才之道備矣요 因而重之하여 以盡天下之變이라 故로 六畫而成卦라,"상고(上古)의 성인(聖人)이 처음 팔괘(八卦)를 그으니 삼재(三才)의 도(道)가 구비되었고, 인하여 이것을 거듭하여 천하의 변화를 다하였으므로 여섯 번 그어 괘(卦)를 이루었다.",라,False,라(대조군),Level1
자치통감강목2,728,1958,今坐朝廷하야 譴擧有不當이면 則見短於大臣하리니 非所以示神明於天下也라,"그런데 지금 조정에 앉아서 사람을 올려주거나 내칠 적에 마땅치 않은 점이 있으면, 이것은 대신들에게 단점을 보이는 것으로, 천하에 신명함을 보이는 방도가 아닙니다.",라,False,라(대조군),Level1
서경집전(상),57,457,聖人은 以天下之怒爲怒라 故로 天下咸服之라,성인(聖人)은 천하의 노여움으로 노여움을 삼기 때문에 천하가 다 복종하는 것이다.”,라,True,라(대조군),Level1
시경집전(하),2200,4901,沮는 止也라,저(沮)는 그침이다.,라,False,라(대조군),Level1
자치통감강목19,323,488,咺之曰 正當復有赦耳라,왕훤지가 말하기를 “바로 다시 사면이 있을 것이다.”라고 하였다.,라,False,라(대조군),Level1
주역전의(하),383,1117,本其正應이요 非有邪也라,본래 정응(正應)이요 사(邪)가 있는 것이 아니다.,라,False,라(대조군),Level1
당송팔대가문초구양수4,69,339,公先娶潘氏는 早卒하고 後娶趙氏는 今封金城郡夫人이라,"공의 선취(先娶) 반씨(潘氏)는 일찍 졸하였고, 후취(後娶) 조씨(趙氏)는 지금 금성군부인(金城郡夫人)에 봉해졌다.",라,True,라(대조군),Level1
춘추좌씨전7,45,189,古者畜龍이라,옛날에는 집에서 용을 길렀습니다.,라,True,라(대조군),Level1
주역전의(상),573,1883,占者遇之면 則其取女에 必得如是之人하리니 无所利矣라,점치는 자가 이 괘(卦)를 만나면 여자를 취함에 반드시 이와 같은 사람을 얻을 것이니 이로운 바가 없다.,라,False,라(대조군),Level1
시경집전(하),2834,6270,賦也라,부(賦)이다.,라,False,라(대조군),Level1
자치통감강목14,777,2389,撫軍司馬高崧이 爲昱草書曰 宼難宜平이요 時會宜接이니 此實爲國遠圖요 經略大筭이라,"무군사마(撫軍司馬) 고숭(高崧)이 사마욱(司馬昱)을 위하여 다음과 같은 편지를 초(草)하여 〈환온(桓溫)에게 보내었다.〉 “오랑캐의 난은 마땅히 평정해야 하고 이런 기회에 마땅히 호응해야 하니, 이는 실로 나라를 위한 큰 계책이요 경략(經略)하는 큰 방법입니다.",라,False,라(대조군),Level1
시경집전(상),2165,4987,室家는 巢也라,실가(室家)는 둥지이다.,라,True,라(대조군),Level1
시경집전(상),1604,3657,宛은 坐見貌라,완(宛)은 앉아서 보는 모양이다.,라,True,라(대조군),Level1
춘추좌씨전6,29,93,翼戴天子하야 而加之以共이라,천자(天子)를 보좌(輔佐)하고 추대(推戴)하며 더욱 공경(恭敬)하셨습니다.,라,True,라(대조군),Level1
춘추좌씨전5,284,1472,賜女州田하야 以胙乃舊勲하노라,너에게 주현(州縣)의 토지(土地)를 주어 네 아버지의 옛 공훈(功勳)에 보답(報答)하노라.”고 하였다.,라,False,라(대조군),Level1
주역전의(상),68,382,故로 夫子釋帝出乎震一章에 又以先天으로 說六子之用也하시고 邵子는 以帝出乎震으로 爲文王所定이라,"그러므로 부자(夫子)는 ‘제출호진(帝出乎震)’ 한 장(章)을 설명할 적에 또 선천(先天)으로 육자(六子)의 쓰임을 말씀하였고, 소자(邵子)는 ‘제출호진(帝出乎震)’을 문왕(文王)이 정한 것이라 하였으니,",라,False,라(대조군),Level1
자치통감강목15,99,123,昔中宗龍飛에 非惟信順이 協於天人이라 實頼萬里長江하여 畫而守之耳라,"“옛날 중종(中宗)(진(晉) 원제(元帝))이 등극하였을 적에 성신(誠信)과 화순(和順)함이 하늘의 뜻과 사람의 바람에 화합했을 뿐만 아니라, 실로 만 리의 장강(長江)에 의지하여 이 지역을 경계로 삼아 지켰습니다.",라,True,라(대조군),Level1
맹자집주,989,3423,知而弗去는 則見之明而守之固矣라,‘알고 버리지 않는다.’는 것은 보기를 분명히 하고 지키기를 굳게 하는 것이다.,라,False,라(대조군),Level1
자치통감강목14,588,1828,趙建武十年이라,조(趙)나라(후조(後趙)) 태조(太祖) 석호(石虎) 건무(建武) 10년이다.,라,False,라(대조군),Level1
당송팔대가문초구양수6,240,1641,守貞與重威等으로 攻下秦州하고 破滿城하야 殺二千餘人이라,이수정이 두중위 등과 함께 진주(秦州)를 공격하여 함락하고 만성(滿城)을 격파하여 2천여 명을 살해하였다.,라,False,라(대조군),Level1
당송팔대가문초한유2,171,745,座有趙侍御者하니 君子人也라,그 자리에 조시어(趙侍御)란 자가 있었는데 군자(君子)였다.,라,False,라(대조군),Level1
주역전의(하),1670,4971,或曰 弗過遇之는 若以六二爻例 則當如此說이어니와 若依九三爻例則過遇는 當如過防之義라하니 未詳孰是라,"혹자는 말하기를 “‘불과우지(弗過遇之)’는 만약 육이효(六二爻)의 준례로 보면 마땅히 이 말과 같아야 하겠지만 만약 구삼효(九三爻)의 준례에 따른다면 과우(過遇)는 마땅히 과방(過防)의 뜻과 같이 하여야 한다.” 하니, 누가 옳은지 자세하지 않다.",라,False,라(대조군),Level1
당송팔대가문초왕안석2,174,811,女四人이니 長適大理評事柳安期하고 次適右班殿直王允懿하고 次尙幼也라,"딸이 넷인데, 장녀는 대리평사(大理評事) 유안기(柳安期)에게 출가하였고, 차녀는 우반전직(右班殿直) 왕윤의(王允懿)에게 출가하였으며, 나머지는 아직 어려서 출가하지 않았다.",라,False,라(대조군),Level1
당송팔대가문초증공1,150,887,提刑都官閣下하노라,제형도관(提刑都官) 각하(閣下)께 올립니다.,라,False,라(대조군),Level1
예기집설대전2,371,530,縮은 直也라,축(縮)은 곧음(세로)이다.,라,False,라(대조군),Level1
당송팔대가문초왕안석2,596,3088,星日脫敗하고 山傾谷圮라,"별들이 궤도를 벗어나 떨어지기도 하고, 산이 기울고 골짜기가 무너지기도 한다네.",라,True,라(대조군),Level1
당송팔대가문초한유2,311,1498,城陷而虜하야 與巡死先後異耳라,성(城)이 함락되자 사로잡혀 〈죽었는데〉 장순과는 단지 먼저 죽고 뒤에 죽은 차이만이 있을 뿐이었다.,라,True,라(대조군),Level1
춘추좌씨전1,419,2259,六年春에 鄭人來渝平하니 更成也라,6년 봄에 정인(鄭人)이 와서 과거의 원한을 버리고 화평하였으니 과거의 원한을 화평으로 변경한 것이다.,라,False,라(대조군),Level1
시경집전(하),831,1817,故로 壽考萬年也라,그러므로 수고(壽考)가 만년(萬年)을 누리게 되는 것이다.,라,True,라(대조군),Level1
시경집전(하),177,387,節南山은 家父剌幽王也라,˂절남산(節南山)˃은 가보(家父)가 유왕(幽王)을 풍자한 시(詩)이다.,라,True,라(대조군),Level1
시경집전(상),2031,4611,漑는 滌也라,개(漑)는 씻음이다.,라,False,라(대조군),Level1
당송팔대가문초구양수3,406,1579,日者上書言宮禁事하야 坐誅라 籍其家하야 得朝士所與往還占問吉凶之說이라,"일자(日者)가 상서(上書)하여 궁금(宮禁)의 일을 발설하여 처형되게 된지라, 그 가산(家産)을 적몰(籍沒)하면서 조사(朝士)들이 일자(日者)와 더불어 주고받으며 길흉(吉凶)을 점친 글들을 발견하였다.",라,False,라(대조군),Level1
예기집설대전1,270,872,"故로 毋淫視하며, 氣容欲肅이라","그러므로 눈을 이리저리 굴리며 곁눈질하지 말며, 기세(氣勢)는 엄숙해야 한다.",라,False,라(대조군),Level1
서경집전(상),289,1755,荊之貢은 與揚州로 大抵多同이라,형주(荊州)의 공물(貢物)은 양주(揚州)와 대체로 같은 것이 많다.,라,False,라(대조군),Level1
자치통감강목1,530,1446,自某至某히 廣袤六里라,어디부터 어디까지 너비와 길이가 6리입니다.”라고 하였다.,라,False,라(대조군),Level1
주역전의(하),1758,5220,"唐之郭子儀,李晟이 當艱危未濟之時하여 能極其恭順하니 所以爲得正而能保其終吉也라","당(唐)나라의 곽자의(郭子儀)와 이성(李晟)은 어렵고 위태로운 미제(未濟)의 때를 당하여 공순(恭順)함을 다하였으니, 이 때문에 정(正)을 얻음이 되어 끝내 길(吉)함을 보존한 것이다.",라,True,라(대조군),Level1
당송팔대가문초소식4,247,965,昔者三代之制는 度地以居民하야 民各以其夫家之衆寡로 而受田於官호되 一夫而百畝하야 民不可以多得尺寸之地하고 而地亦不可以多得一介之民이라,"옛날 삼대(三代)의 제도는 땅을 헤아려 백성들을 거주하게 해서 백성들이 각각 가장별(家長別)(세대별)로 남녀의 많고 적음에 따라 관(官)에서 전지(田地)를 받되 가장(家長) 한 명이 100묘(畝)를 받아서, 백성들이 한 자나 한 치의 땅을 더 얻을 수 없고, 땅 또한 한 명의 백성도 더 얻을 수 없었습니다.",라,False,라(대조군),Level1
당송팔대가문초유종원1,202,1331,又其次則曰 吾未嘗擧甲乙也하고 未嘗歷科第也면 彼朝廷之位를 吾何修而可以登之乎아하여 必求擧是科也하고 然後得而登之라,"또 그 다음은 ‘내가 갑과(甲科)와 을과(乙科)에 합격하지도 않고 과제(科第)에 합격하지도 않는다면 저 조정의 벼슬자리에 내가 어떻게 올라갈 수 있겠는가.’라고 생각하여, 반드시 과거에 합격하는 길을 추구하고 그런 다음에 벼슬자리에 오르는 것입니다.",라,False,라(대조군),Level1
당송팔대가문초한유1,302,1466,自文王沒로 武王周公成康相與守之하야 禮樂皆在하니 及乎夫子未久也요 自夫子而及乎孟子未久也요 自孟子而及乎揚雄도 亦未久也라,"문왕(文王)이 죽은 뒤로 무왕(武王)‧주공(周公)‧성왕(成王)‧강왕(康王)이 함께 지켜 예악(禮樂)이 모두 보존되었으니, 그로부터 부자(夫子)에 이르기까지는 시대가 오래되지 않았고, 부자로부터 맹자(孟子)에 이르기까지도 시대가 오래되지 않았으며, 맹자로부터 양웅(揚雄)에 이르기까지도 시대가 오래되지 않았소.",라,False,라(대조군),Level1
당송팔대가문초증공1,256,1430,其文有片言半簡이면 非大義所存라도 皆附而不去者는 所以明深甫之於其細行도 皆可傳於世也라,"그의 글은 대의(大義)가 담겨 있지 않은 한두 마디 말이라 하더라도 모두 그대로 놓아두고 삭제하지 않았으니, 이는 심보(深甫)의 작은 행위 하나까지도 모두 후세에 전할 만한 것임을 밝히기 위해서이다.",라,True,라(대조군),Level1
자치통감강목11,177,661,植은 旣任性而行하여 不自彫飾하고 丕는 御之以術하여 矯情自飾하니 宮人左右 竝爲之稱說이라,"조식은 이미 성질대로 행동하여 스스로 꾸미지 않았고, 조비는 교묘한 방법을 사용하여 실정을 숨기고 스스로 꾸미니, 궁인(宮人)과 좌우 측근들이 모두 그를 위하여 칭송하였다.",라,False,라(대조군),Level1
맹자집주,1469,4989,致는 極也라,치(致)는 지극함이다.,라,False,라(대조군),Level1
주역전의(상),1433,4293,初六은 陰柔在下하여 不能遠見하여 童觀之象이니 小人之道요 君子之羞也라,"초육(初六)은 음유(陰柔)로서 아래에 있어 멀리 보지 못하여 동관(童觀)의 상(象)이니, 소인(小人)의 도(道)이고 군자(君子)의 부끄러움이다.",라,False,라(대조군),Level1
맹자집주,2048,6334,詩는 邶風柏舟及大雅綿之篇也라,시(詩)는 ˂패풍(邶風) 백주편(柏舟篇)˃과 ˂대아(大雅) 면편(綿篇)˃이다.,라,False,라(대조군),Level1
시경집전(하),1483,3259,瑟은 縝密貌라,슬(瑟)은 치밀한 모양이다.,라,False,라(대조군),Level1
