hanja,hyeonto,cooccur_count,hanja_count,hyeonto_count,pmi
乎,아,1413,3952,2954,5.47
何,오,1010,3907,2241,5.401
乎,잇가,290,3952,647,5.376
何,리오,729,3907,2019,5.081
至,하여는,375,6585,738,4.821
矣,리라,370,6060,872,4.68
及,하여는,183,4008,738,4.502
何,잇가,127,3907,647,4.202
必,리라,171,3926,872,4.193
故,로,2137,6906,7466,3.924
矣,로다,235,6060,952,3.899
曰,호대,389,14316,778,3.677
月,에,2728,4062,20869,3.559
焉,리오,176,3049,2019,3.388
然,나,849,6302,5073,3.282
何,며,76,3907,752,3.244
若,면,711,3413,8230,3.213
吾,라하고,96,3686,1225,2.961
晉,할새,56,3243,908,2.8
言,호되,139,7503,995,2.769
焉,하노라,42,3049,743,2.763
於,하여는,235,17777,738,2.714
可,로다,156,9245,952,2.698
亦,리라,71,4602,872,2.696
自,로,1006,7614,7466,2.696
州,라가,95,3948,1394,2.66
何,아,199,3907,2954,2.659
年,에,2185,6075,20869,2.658
謂,로다,84,5258,952,2.62
時,엔,50,4223,708,2.615
是,로,898,7292,7466,2.595
州,할새,59,3948,908,2.592
將,할새,79,5323,908,2.582
可,아,446,9245,2954,2.58
將,리라,75,5323,872,2.565
于,하다,947,4860,12378,2.527
矣,로되,186,6060,1954,2.524
世,엔,42,3916,708,2.472
十,와,201,5743,2395,2.42
乃,잇가,32,3432,647,2.4
亦,아,195,4602,2954,2.393
焉,하라,34,3049,794,2.363
矣,니라,359,6060,4236,2.357
晉,하다,561,3243,12378,2.356
矣,라하고,101,6060,1225,2.317
可,잇가,81,9245,647,2.31
亦,잇가,40,4602,647,2.299
欲,한대,128,3821,2501,2.294
也,니라,1494,26664,4236,2.276
非,요,453,4326,8043,2.253
于,할새,57,4860,908,2.242
可,니이다,571,9245,4802,2.236
者,는,5528,21101,20443,2.231
亦,로다,56,4602,952,2.227
士,가,165,4026,3256,2.205
也,니이다,1607,26664,4802,2.2
如,오,163,5821,2241,2.194
吾,하노라,34,3686,743,2.185
則,리라,103,9567,872,2.177
若,오,94,3413,2241,2.17
乎,리오,98,3952,2019,2.169
謂,라하여,42,5258,654,2.161
無,하라,93,9706,794,2.144
十,에,1429,5743,20869,2.126
矣,니이다,344,6060,4802,2.114
能,리오,136,5699,2019,2.114
吾,리라,38,3686,872,2.114
以,라하여,267,34619,654,2.111
能,아,198,5699,2954,2.107
皆,러라,84,5714,1251,2.106
侯,하다,606,4218,12378,2.088
矣,니,542,6060,7760,2.078
時,에,1014,4223,20869,2.075
亦,니라,222,4602,4236,2.06
又,리오,96,4202,2019,2.051
乃,하다,480,3432,12378,2.049
必,하라,35,3926,794,2.04
使,한대,205,7315,2501,2.037
師,하다,483,3481,12378,2.037
可,리라,90,9245,872,2.032
上,호되,61,5497,995,2.03
者,도,140,21101,599,2.02
使,로,603,7315,7466,2.016
也,오,656,26664,2241,2.007
侯,할새,42,4218,908,2.006
及,엔,31,4008,708,2.0
後,에,1159,5088,20869,1.999
吾,로다,38,3686,952,1.988
以,로,2796,34619,7466,1.986
未,니이다,225,4332,4802,1.986
可,라하고,122,9245,1225,1.98
焉,하니라,89,3049,2711,1.979
此,잇가,56,8103,647,1.968
若,하면,41,3413,1137,1.952
此,니이다,411,8103,4802,1.952
爲,라하여,158,22901,654,1.95
死,리라,29,3155,872,1.949
王,이,1153,8165,13390,1.949
師,할새,33,3481,908,1.935
乎,며,31,3952,752,1.934
世,하여는,30,3916,738,1.927
謂,라하니라,37,5258,678,1.926
已,로다,38,3851,952,1.924
可,며,72,9245,752,1.923
皆,로되,115,5714,1954,1.915
亦,니이다,227,4602,4802,1.911
下,하시니,66,10574,611,1.903
有,어든,135,16242,817,1.898
已,니이다,188,3851,4802,1.897
非,아,130,4326,2954,1.897
非,면,360,4326,8230,1.889
太,할새,35,3822,908,1.885
矣,러라,75,6060,1251,1.857
可,니라,387,9245,4236,1.856
將,한대,131,5323,2501,1.849
非,니라,179,4326,4236,1.839
已,니라,159,3851,4236,1.836
必,라하여,25,3926,654,1.834
非,니이다,202,4326,4802,1.832
知,로다,57,6165,952,1.831
能,어든,45,5699,817,1.824
者,가,663,21101,3256,1.821
上,이,705,5497,13390,1.811
吾,리오,71,3686,2019,1.805
士,도,23,4026,599,1.804
州,러니,123,3948,3273,1.802
欲,나,184,3821,5073,1.798
矣,라하니라,39,6060,678,1.798
二,와,117,5144,2395,1.798
與,로,496,7002,7466,1.797
矣,라,1728,6060,30042,1.797
也,라,7597,26664,30042,1.796
後,엔,34,5088,708,1.789
必,라하니라,25,3926,678,1.782
也,라하니라,169,26664,678,1.775
無,리라,79,9706,872,1.773
吾,라하니라,23,3686,678,1.753
今,엔,33,5115,708,1.739
可,라하여,55,9245,654,1.736
非,어든,32,4326,817,1.729
軍,라가,40,3184,1394,1.723
可,요,668,9245,8043,1.718
夫,는,1049,5744,20443,1.71
已,잇가,22,3851,647,1.693
得,리오,123,6911,2019,1.691
死,라하고,34,3155,1225,1.688
故,하노라,45,6906,743,1.683
焉,며,20,3049,752,1.676
欲,호되,33,3821,995,1.668
四,에,572,3183,20869,1.657
若,어든,24,3413,817,1.656
日,에,665,3756,20869,1.636
者,를,536,21101,2996,1.635
此,하면,78,8103,1137,1.633
二,에,907,5144,20869,1.63
無,니이다,393,9706,4802,1.627
也,로다,214,26664,952,1.626
能,잇가,31,5699,647,1.622
已,니,251,3851,7760,1.621
民,하니이다,24,3618,791,1.619
必,라하니,67,3926,2035,1.619
言,라하여,41,7503,654,1.614
上,라하여,30,5497,654,1.612
可,라하니,157,9245,2035,1.612
非,며,27,4326,752,1.604
道,라하니라,23,4092,678,1.602
非,로되,70,4326,1954,1.601
也,며,166,26664,752,1.6
曰,라하고,145,14316,1225,1.598
非,잇가,23,4326,647,1.589
未,엔,25,4332,708,1.578
死,어든,21,3155,817,1.577
五,에,548,3226,20869,1.576
書,하노라,29,4799,743,1.575
已,오,70,3851,2241,1.571
也,니,1677,26664,7760,1.57
欲,러니,101,3821,3273,1.564
從,할새,24,3309,908,1.549
公,하다,1127,11407,12378,1.548
出,라가,47,4231,1394,1.545
無,잇가,50,9706,647,1.544
欲,어늘,154,3821,5066,1.543
此,니라,272,8103,4236,1.537
三,와,102,5380,2395,1.536
所,니이다,481,12656,4802,1.535
焉,리라,21,3049,872,1.532
五,와,61,3226,2395,1.532
必,니,240,3926,7760,1.529
吾,라하여,19,3686,654,1.529
有,라도,181,16242,1421,1.522
謂,호되,41,5258,995,1.521
如,러라,57,5821,1251,1.519
天,하시니,43,9000,611,1.518
死,라도,35,3155,1421,1.516
用,리오,69,4385,2019,1.513
未,니라,143,4332,4236,1.513
皆,하니이다,35,5714,791,1.504
吾,아,84,3686,2954,1.498
十,러라,55,5743,1251,1.487
四,와,58,3183,2395,1.478
則,요,582,9567,8043,1.47
子,하라,102,17119,794,1.458
矣,며,34,6060,752,1.45
軍,하다,293,3184,12378,1.445
亦,하니이다,27,4602,791,1.442
使,라도,77,7315,1421,1.44
十,며,32,5743,752,1.44
將,리오,79,5323,2019,1.429
則,도,42,9567,599,1.424
欲,하시니,17,3821,611,1.415
必,라하고,35,3926,1225,1.414
得,아,148,6911,2954,1.409
所,니라,388,12656,4236,1.406
亦,라,999,4602,30042,1.404
非,라,938,4326,30042,1.402
諸,할새,24,3669,908,1.4
也,라하고,235,26664,1225,1.398
可,라하니라,45,9245,678,1.395
可,어든,54,9245,817,1.389
及,리라,25,4008,872,1.389
如,어든,34,5821,817,1.389
得,리라,43,6911,872,1.386
亦,러라,41,4602,1251,1.383
可,니,511,9245,7760,1.383
所,를,270,12656,2996,1.383
則,를,204,9567,2996,1.382
侯,한대,75,4218,2501,1.381
于,라가,48,4860,1394,1.376
焉,러라,27,3049,1251,1.374
事,를,161,7598,2996,1.373
如,면,338,5821,8230,1.37
今,하시니,22,5115,611,1.366
明,하시니,14,3261,611,1.364
必,요,222,3926,8043,1.364
已,요,217,3851,8043,1.359
能,라하여,26,5699,654,1.353
其,하여는,158,30717,738,1.352
君,하노라,36,6963,743,1.35
民,이,337,3618,13390,1.349
吾,라하니,52,3686,2035,1.344
後,하여는,26,5088,738,1.342
書,호되,33,4799,995,1.34
未,러니,98,4332,3273,1.34
皆,하니라,107,5714,2711,1.339
禮,니라,98,3359,4236,1.335
焉,로다,20,3049,952,1.335
今,하면,40,5115,1137,1.333
是,에,1047,7292,20869,1.333
先,하시니,13,3097,611,1.331
諸,한대,63,3669,2501,1.33
州,하다,335,3948,12378,1.328
非,니,230,4326,7760,1.327
不,어든,204,36502,817,1.325
能,리라,34,5699,872,1.325
於,엔,86,17777,708,1.323
謂,라하고,44,5258,1225,1.323
而,도,146,35709,599,1.322
不,니이다,1195,36502,4802,1.32
其,아,618,30717,2954,1.319
則,니라,276,9567,4236,1.319
其,엔,148,30717,708,1.317
言,하면,58,7503,1137,1.316
軍,한대,54,3184,2501,1.312
焉,라하니라,14,3049,678,1.31
也,엔,127,26664,708,1.301
從,라가,31,3309,1394,1.299
臣,이,578,6439,13390,1.296
州,한대,66,3948,2501,1.292
三,에,750,5380,20869,1.291
夫,가,125,5744,3256,1.291
則,니,496,9567,7760,1.291
是,라하니라,33,7292,678,1.29
則,며,48,9567,752,1.289
已,러라,32,3851,1251,1.282
見,하면,33,4395,1137,1.274
不,니라,1021,36502,4236,1.274
師,라가,32,3481,1394,1.272
下,잇가,45,10574,647,1.268
在,엔,20,4310,708,1.263
不,아,706,36502,2954,1.262
能,며,28,5699,752,1.259
今,도,20,5115,599,1.257
知,리오,81,6165,2019,1.253
然,아,121,6302,2954,1.251
吾,하라,19,3686,794,1.249
不,잇가,153,36502,647,1.246
必,니이다,122,3926,4802,1.245
文,도,17,4388,599,1.244
所,도,49,12656,599,1.243
此,라하고,64,8103,1225,1.24
曰,가,300,14316,3256,1.237
有,면,860,16242,8230,1.236
不,리라,204,36502,872,1.231
亦,라하니라,20,4602,678,1.231
故,라하니라,30,6906,678,1.23
知,니라,167,6165,4236,1.228
王,와,125,8165,2395,1.227
知,로되,77,6165,1954,1.227
太,라가,34,3822,1394,1.225
未,로되,54,4332,1954,1.224
何,가,81,3907,3256,1.221
也,요,1364,26664,8043,1.22
未,라하여,18,4332,654,1.218
用,하니이다,22,4385,791,1.216
行,하시니,19,4901,611,1.216
之,와,1056,69570,2395,1.215
亦,니,226,4602,7760,1.213
而,니라,954,35709,4236,1.208
使,하다,571,7315,12378,1.208
民,를,68,3618,2996,1.2
夫,와,86,5744,2395,1.195
又,잇가,17,4202,647,1.195
事,하여는,35,7598,738,1.193
者,잇가,85,21101,647,1.189
又,호되,26,4202,995,1.187
焉,니라,80,3049,4236,1.182
能,러라,44,5699,1251,1.176
爲,하노라,105,22901,743,1.176
得,며,32,6911,752,1.173
禮,라하니라,14,3359,678,1.171
吾,며,17,3686,752,1.167
于,하니,635,4860,21328,1.166
中,라가,48,5639,1394,1.161
在,잇가,17,4310,647,1.159
一,면,384,7673,8230,1.155
死,하니라,52,3155,2711,1.155
如,라하니라,24,5821,678,1.155
死,라하니라,13,3155,678,1.154
日,하니이다,18,3756,791,1.15
欲,호대,18,3821,778,1.149
而,하시니,132,35709,611,1.148
而,니이다,1037,35709,4802,1.147
晉,한대,49,3243,2501,1.146
不,면,1814,36502,8230,1.145
所,니,592,12656,7760,1.142
臣,니이다,186,6439,4802,1.139
道,니라,104,4092,4236,1.136
已,라,694,3851,30042,1.135
公,한대,171,11407,2501,1.134
得,하면,47,6911,1137,1.131
也,리라,139,26664,872,1.131
知,니이다,177,6165,4802,1.131
用,하시니,16,4385,611,1.129
官,라가,26,3125,1394,1.128
所,요,607,12656,8043,1.127
則,니이다,274,9567,4802,1.127
又,아,74,4202,2954,1.126
以,하노라,153,34619,743,1.123
可,리오,111,9245,2019,1.123
謂,오,70,5258,2241,1.121
而,잇가,137,35709,647,1.119
民,니이다,103,3618,4802,1.118
無,라하니라,39,9706,678,1.118
未,러라,32,4332,1251,1.113
得,면,336,6911,8230,1.113
謂,라하니,63,5258,2035,1.109
州,하니라,63,3948,2711,1.108
乃,하노라,15,3432,743,1.107
將,러니,102,5323,3273,1.1
又,하니,524,4202,21328,1.098
矣,라하니,72,6060,2035,1.096
欲,라가,31,3821,1394,1.092
日,리라,19,3756,872,1.087
兵,할새,22,4184,908,1.085
不,며,159,36502,752,1.085
官,호되,18,3125,995,1.084
無,아,166,9706,2954,1.084
未,어늘,127,4332,5066,1.084
不,하니이다,167,36502,791,1.083
未,나,127,4332,5073,1.082
所,며,55,12656,752,1.082
可,라,1601,9245,30042,1.078
謂,니,235,5258,7760,1.077
能,니라,139,5699,4236,1.076
及,에,481,4008,20869,1.075
世,라도,32,3916,1421,1.075
師,한대,50,3481,2501,1.073
吾,니,164,3686,7760,1.07
而,면,1683,35709,8230,1.069
從,러니,62,3309,3273,1.068
出,할새,22,4231,908,1.068
已,어든,18,3851,817,1.067
文,라하니라,17,4388,678,1.065
必,니라,95,3926,4236,1.065
人,이,1470,19215,13390,1.065
是,니라,176,7292,4236,1.061
從,하니라,51,3309,2711,1.058
書,라가,38,4799,1394,1.057
子,한대,243,17119,2501,1.056
至,로되,73,6585,1954,1.055
曰,라하니라,55,14316,678,1.053
將,라가,42,5323,1394,1.052
一,도,26,7673,599,1.051
世,라하니라,15,3916,678,1.049
禮,하여는,14,3359,738,1.048
兵,한대,59,4184,2501,1.046
皆,호되,32,5714,995,1.044
明,도,11,3261,599,1.044
亦,하니라,70,4602,2711,1.039
皆,니이다,154,5714,4802,1.039
得,라도,55,6911,1421,1.036
知,아,102,6165,2954,1.036
皆,니,248,5714,7760,1.034
此,는,925,8103,20443,1.032
知,러라,43,6165,1251,1.03
至,엔,26,6585,708,1.03
死,어늘,89,3155,5066,1.028
故,하니라,104,6906,2711,1.025
有,로되,176,16242,1954,1.022
皆,니라,134,5714,4236,1.02
今,는,579,5115,20443,1.02
軍,할새,16,3184,908,1.019
四,러라,22,3183,1251,1.017
矣,요,269,6060,8043,1.015
爲,며,95,22901,752,1.015
無,라하여,35,9706,654,1.014
與,할새,35,7002,908,1.012
能,면,258,5699,8230,1.01
見,로다,23,4395,952,1.009
未,라,714,4332,30042,1.007
使,면,330,7315,8230,1.005
焉,라,502,3049,30042,1.005
是,아,118,7292,2954,1.004
十,요,252,5743,8043,0.999
皆,라,933,5714,30042,0.993
四,며,13,3183,752,0.992
國,잇가,19,5416,647,0.99
得,니이다,180,6911,4802,0.99
必,며,16,3926,752,0.989
而,하면,220,35709,1137,0.989
天,를,146,9000,2996,0.988
年,라,987,6075,30042,0.986
於,하니이다,76,17777,791,0.985
則,라하니,105,9567,2035,0.982
行,할새,24,4901,908,0.982
此,리오,88,8103,2019,0.978
天,도,29,9000,599,0.978
至,하니이다,28,6585,791,0.977
無,니라,221,9706,4236,0.977
可,로되,97,9245,1954,0.976
未,어든,19,4332,817,0.975
諸,를,59,3669,2996,0.975
將,오,64,5323,2241,0.974
乃,러라,23,3432,1251,0.972
欲,라도,29,3821,1421,0.968
禮,라,539,3359,30042,0.968
無,하니이다,41,9706,791,0.968
是,로다,37,7292,952,0.965
死,로다,16,3155,952,0.964
兵,라가,31,4184,1394,0.961
公,할새,55,11407,908,0.96
之,도,221,69570,599,0.958
見,어든,19,4395,817,0.954
今,가,88,5115,3256,0.952
軍,러니,55,3184,3273,0.951
之,를,1099,69570,2996,0.949
能,니이다,144,5699,4802,0.946
非,오,51,4326,2241,0.946
文,하여는,17,4388,738,0.943
與,러니,120,7002,3273,0.939
太,한대,50,3822,2501,0.938
乃,아,53,3432,2954,0.937
相,로되,47,4601,1954,0.937
將,잇가,18,5323,647,0.937
自,라하여,26,7614,654,0.935
明,에,355,3261,20869,0.934
能,로되,58,5699,1954,0.932
知,리라,28,6165,872,0.932
其,로다,152,30717,952,0.929
而,아,548,35709,2954,0.928
民,라하고,23,3618,1225,0.926
已,아,59,3851,2954,0.926
不,라하고,232,36502,1225,0.926
用,면,187,4385,8230,0.924
其,하면,181,30717,1137,0.924
必,리오,41,3926,2019,0.922
士,라가,29,4026,1394,0.92
有,나,425,16242,5073,0.918
知,러니,104,6165,3273,0.917
使,하노라,28,7315,743,0.916
從,하다,211,3309,12378,0.916
書,하니라,67,4799,2711,0.915
而,하니이다,145,35709,791,0.911
民,잇가,12,3618,647,0.909
人,도,59,19215,599,0.909
欲,면,161,3821,8230,0.907
不,하며,657,36502,3517,0.906
相,러니,77,4601,3273,0.905
今,로되,51,5115,1954,0.902
見,한대,56,4395,2501,0.9
天,라하여,30,9000,654,0.9
于,러니,81,4860,3273,0.899
能,나,147,5699,5073,0.897
知,나,159,6165,5073,0.897
諸,하다,231,3669,12378,0.897
爲,러니,381,22901,3273,0.896
與,잇가,23,7002,647,0.895
皆,요,233,5714,8043,0.893
若,며,13,3413,752,0.891
謂,며,20,5258,752,0.889
下,도,32,10574,599,0.888
然,면,262,6302,8230,0.888
是,니,286,7292,7760,0.888
軍,호되,16,3184,995,0.887
欲,아,57,3821,2954,0.887
無,요,394,9706,8043,0.886
一,라도,55,7673,1421,0.885
與,하라,28,7002,794,0.883
謂,요,213,5258,8043,0.883
太,하다,238,3822,12378,0.882
此,러라,51,8103,1251,0.882
於,아,264,17777,2954,0.881
無,면,401,9706,8230,0.878
天,가,147,9000,3256,0.877
無,라하니,99,9706,2035,0.876
曰,라하니,146,14316,2035,0.876
矣,나,154,6060,5073,0.875
先,라하고,19,3097,1225,0.875
有,아,240,16242,2954,0.873
軍,이,213,3184,13390,0.872
乃,라하고,21,3432,1225,0.871
有,라하여,53,16242,654,0.87
師,어늘,88,3481,5066,0.87
焉,하니,324,3049,21328,0.868
兵,하여,802,4184,38494,0.867
已,라하니,39,3851,2035,0.866
君,로다,33,6963,952,0.866
民,하시니,11,3618,611,0.866
天,니이다,215,9000,4802,0.865
後,리라,22,5088,872,0.861
國,엔,19,5416,708,0.86
爲,러라,142,22901,1251,0.86
所,는,1281,12656,20443,0.859
從,한대,41,3309,2501,0.859
子,가,276,17119,3256,0.859
從,하라,13,3309,794,0.858
非,라하여,14,4326,654,0.858
其,리오,307,30717,2019,0.858
若,라도,24,3413,1421,0.858
又,라가,29,4202,1394,0.858
人,라도,135,19215,1421,0.857
從,하시니,10,3309,611,0.857
乃,하여,653,3432,38494,0.856
皆,어늘,143,5714,5066,0.855
欲,하노라,14,3821,743,0.853
則,라도,67,9567,1421,0.852
一,하면,43,7673,1137,0.852
者,아,307,21101,2954,0.851
已,어늘,96,3851,5066,0.85
君,어든,28,6963,817,0.85
知,요,244,6165,8043,0.85
使,하시니,22,7315,611,0.85
非,나,108,4326,5073,0.85
此,라,1197,8103,30042,0.849
未,며,16,4332,752,0.847
未,하시니,13,4332,611,0.847
如,라하고,35,5821,1225,0.846
兵,어늘,104,4184,5066,0.845
臣,는,645,6439,20443,0.844
道,도,12,4092,599,0.842
以,니라,718,34619,4236,0.842
知,라가,42,6165,1394,0.84
在,니이다,101,4310,4802,0.838
道,아,59,4092,2954,0.838
道,며,15,4092,752,0.836
不,라하니,362,36502,2035,0.836
日,라도,26,3756,1421,0.835
以,하시니,103,34619,611,0.835
無,하며,166,9706,3517,0.833
從,호되,16,3309,995,0.832
于,한대,59,4860,2501,0.83
焉,한대,37,3049,2501,0.829
得,라하고,41,6911,1225,0.827
王,하다,489,8165,12378,0.825
以,니이다,804,34619,4802,0.825
將,아,76,5323,2954,0.824
事,도,22,7598,599,0.824
焉,가,48,3049,3256,0.824
臣,하시니,19,6439,611,0.823
世,로다,18,3916,952,0.822
死,라하니,31,3155,2035,0.822
下,니이다,245,10574,4802,0.821
欲,로되,36,3821,1954,0.82
生,라도,22,3215,1421,0.818
十,로되,54,5743,1954,0.817
使,호되,35,7315,995,0.816
君,오,75,6963,2241,0.816
天,잇가,28,9000,647,0.816
諸,하라,14,3669,794,0.816
君,이,448,6963,13390,0.815
不,요,1409,36502,8043,0.814
乎,로다,18,3952,952,0.809
其,도,88,30717,599,0.809
必,하며,66,3926,3517,0.808
則,라하니라,31,9567,678,0.808
於,잇가,55,17777,647,0.808
其,잇가,95,30717,647,0.808
後,니라,103,5088,4236,0.807
吾,하면,20,3686,1137,0.805
爲,라하니라,74,22901,678,0.804
行,도,14,4901,599,0.804
下,가,164,10574,3256,0.803
未,리라,18,4332,872,0.803
兵,라하여,13,4184,654,0.799
又,며,15,4202,752,0.798
知,며,22,6165,752,0.797
國,어든,21,5416,817,0.797
於,에,1760,17777,20869,0.797
其,리라,127,30717,872,0.796
禮,면,131,3359,8230,0.795
又,라하여,13,4202,654,0.793
道,하면,22,4092,1137,0.792
吾,로되,34,3686,1954,0.79
官,하니라,40,3125,2711,0.79
州,며,14,3948,752,0.788
未,요,164,4332,8043,0.786
使,라가,48,7315,1394,0.786
出,하니라,54,4231,2711,0.786
此,면,314,8103,8230,0.786
至,리라,27,6585,872,0.784
下,를,149,10574,2996,0.784
太,와,43,3822,2395,0.783
謂,아,73,5258,2954,0.783
之,엔,231,69570,708,0.78
晉,하니,324,3243,21328,0.779
行,라하여,15,4901,654,0.777
又,하시니,12,4202,611,0.775
相,하니이다,17,4601,791,0.775
夫,엔,19,5744,708,0.775
亦,로되,42,4602,1954,0.774
有,리오,153,16242,2019,0.773
三,로되,49,5380,1954,0.771
上,한대,64,5497,2501,0.77
及,하다,231,4008,12378,0.77
王,한대,95,8165,2501,0.769
相,라하여,14,4601,654,0.769
若,와,38,3413,2395,0.768
已,로되,35,3851,1954,0.768
得,라하여,21,6911,654,0.767
得,니라,136,6911,4236,0.767
軍,하고,425,3184,28730,0.767
乎,리라,16,3952,872,0.766
謂,호대,19,5258,778,0.766
世,니라,77,3916,4236,0.765
太,러니,58,3822,3273,0.764
今,에,495,5115,20869,0.764
知,라,858,6165,30042,0.763
無,라하고,55,9706,1225,0.76
則,하고,1271,9567,28730,0.76
大,하다,535,9361,12378,0.758
有,니이다,360,16242,4802,0.757
民,도,10,3618,599,0.757
書,와,53,4799,2395,0.756
文,이,271,4388,13390,0.756
兵,러니,63,4184,3273,0.753
所,라,1748,12656,30042,0.752
使,러니,110,7315,3273,0.751
謂,니이다,116,5258,4802,0.751
與,아,95,7002,2954,0.75
無,로되,87,9706,1954,0.748
禮,가,50,3359,3256,0.744
世,로되,35,3916,1954,0.744
所,가,188,12656,3256,0.741
士,러니,60,4026,3273,0.738
臣,로,219,6439,7466,0.738
此,라하니라,25,8103,678,0.737
而,하며,571,35709,3517,0.736
五,요,118,3226,8043,0.736
死,면,118,3155,8230,0.735
乃,한대,39,3432,2501,0.735
官,와,34,3125,2395,0.734
見,하고,573,4395,28730,0.733
公,도,31,11407,599,0.733
行,라가,31,4901,1394,0.733
吾,도,10,3686,599,0.73
者,어든,78,21101,817,0.729
與,리오,64,7002,2019,0.729
出,하여,737,4231,38494,0.729
不,라하여,108,36502,654,0.728
亦,리오,42,4602,2019,0.727
二,요,187,5144,8043,0.727
而,하니,3443,35709,21328,0.727
禮,오,34,3359,2241,0.726
如,잇가,17,5821,647,0.725
焉,라하니,28,3049,2035,0.725
有,며,55,16242,752,0.722
四,로되,28,3183,1954,0.721
又,로다,18,4202,952,0.721
然,니라,120,6302,4236,0.719
子,하시니,47,17119,611,0.719
將,어늘,121,5323,5066,0.717
已,며,13,3851,752,0.717
不,라하니라,111,36502,678,0.716
欲,어든,14,3821,817,0.716
子,하다,949,17119,12378,0.714
有,하니,1552,16242,21328,0.714
五,러라,18,3226,1251,0.708
於,할새,72,17777,908,0.708
生,로되,28,3215,1954,0.707
從,라하니라,10,3309,678,0.707
州,러라,22,3948,1251,0.706
將,라하고,29,5323,1225,0.704
能,하니이다,20,5699,791,0.7
將,이,316,5323,13390,0.699
于,하노라,16,4860,743,0.698
能,요,203,5699,8043,0.698
無,라,1290,9706,30042,0.696
如,하여는,19,5821,738,0.696
如,니라,109,5821,4236,0.695
諸,이,217,3669,13390,0.694
禮,하며,52,3359,3517,0.689
太,라하여,11,3822,654,0.689
是,요,258,7292,8043,0.688
矣,어늘,135,6060,5066,0.687
世,가,56,3916,3256,0.686
人,니,654,19215,7760,0.684
諸,호되,16,3669,995,0.683
禮,로다,14,3359,952,0.681
相,호되,20,4601,995,0.678
官,하며,48,3125,3517,0.678
士,러라,22,4026,1251,0.678
言,러라,41,7503,1251,0.678
君,는,622,6963,20443,0.678
自,며,25,7614,752,0.677
未,로다,18,4332,952,0.677
是,라하고,39,7292,1225,0.677
君,가,99,6963,3256,0.677
無,러라,53,9706,1251,0.677
行,면,176,4901,8230,0.676
師,하니,324,3481,21328,0.676
又,하여,705,4202,38494,0.675
文,나,97,4388,5073,0.674
十,라,751,5743,30042,0.673
大,할새,37,9361,908,0.673
可,나,204,9245,5073,0.672
則,라,1249,9567,30042,0.67
用,하며,67,4385,3517,0.67
臣,와,67,6439,2395,0.67
如,하니이다,20,5821,791,0.67
一,요,268,7673,8043,0.669
年,러라,33,6075,1251,0.669
君,하라,24,6963,794,0.669
大,하여는,30,9361,738,0.669
中,러니,80,5639,3273,0.667
故,오,67,6906,2241,0.665
必,잇가,11,3926,647,0.665
其,며,100,30717,752,0.665
先,니,104,3097,7760,0.664
在,요,150,4310,8043,0.664
臣,잇가,18,6439,647,0.662
其,니이다,637,30717,4802,0.661
不,러라,197,36502,1251,0.66
死,러라,17,3155,1251,0.658
見,로되,37,4395,1954,0.658
下,하니이다,36,10574,791,0.657
天,니라,164,9000,4236,0.656
事,러니,107,7598,3273,0.656
焉,면,108,3049,8230,0.656
在,하니,395,4310,21328,0.654
如,니이다,120,5821,4802,0.653
與,도,18,7002,599,0.652
世,러라,21,3916,1251,0.651
先,라하니,27,3097,2035,0.65
之,하시니,182,69570,611,0.649
有,잇가,45,16242,647,0.649
有,하니이다,55,16242,791,0.649
出,하다,224,4231,12378,0.647
也,라하니,232,26664,2035,0.647
爲,아,289,22901,2954,0.646
皆,하다,302,5714,12378,0.645
使,하고,897,7315,28730,0.644
謂,니라,95,5258,4236,0.643
以,하니라,400,34619,2711,0.642
知,잇가,17,6165,647,0.642
從,하여,542,3309,38494,0.64
在,러니,60,4310,3273,0.639
軍,하여,521,3184,38494,0.639
是,하노라,23,7292,743,0.637
此,리라,30,8103,872,0.637
則,리오,82,9567,2019,0.637
則,오,91,9567,2241,0.636
死,오,30,3155,2241,0.636
矣,어든,21,6060,817,0.635
師,하니라,40,3481,2711,0.634
吾,오,35,3686,2241,0.634
天,엔,27,9000,708,0.634
以,하니이다,116,34619,791,0.634
有,리라,60,16242,872,0.634
諸,엔,11,3669,708,0.633
師,하여,567,3481,38494,0.632
官,할새,12,3125,908,0.631
是,라,926,7292,30042,0.63
用,니이다,89,4385,4802,0.63
夫,리오,49,5744,2019,0.63
事,라하여,21,7598,654,0.63
不,라,4632,36502,30042,0.629
此,아,101,8103,2954,0.628
禮,요,114,3359,8043,0.628
無,로다,39,9706,952,0.628
在,라하니,37,4310,2035,0.628
如,라하니,50,5821,2035,0.628
公,이,644,11407,13390,0.627
已,라하니라,11,3851,678,0.626
其,니라,548,30717,4236,0.625
若,리오,29,3413,2019,0.624
使,하면,35,7315,1137,0.624
天,로되,74,9000,1954,0.624
則,가,131,9567,3256,0.623
所,로되,104,12656,1954,0.623
用,로되,36,4385,1954,0.622
有,로다,65,16242,952,0.622
晉,라가,19,3243,1394,0.622
不,니,1190,36502,7760,0.622
吾,라도,22,3686,1421,0.621
能,라,718,5699,30042,0.619
禮,는,288,3359,20443,0.619
乃,하니라,39,3432,2711,0.618
生,하노라,10,3215,743,0.616
無,나,206,9706,5073,0.616
人,로되,157,19215,1954,0.615
文,라하여,12,4388,654,0.615
之,하노라,216,69570,743,0.614
已,리라,14,3851,872,0.611
必,로되,32,3926,1954,0.611
至,하여,1057,6585,38494,0.611
所,하면,60,12656,1137,0.611
有,어늘,343,16242,5066,0.61
得,하니라,78,6911,2711,0.608
士,로,125,4026,7466,0.607
從,리라,12,3309,872,0.607
出,하면,20,4231,1137,0.606
生,도,8,3215,599,0.605
臣,도,16,6439,599,0.603
此,로다,32,8103,952,0.603
其,하라,101,30717,794,0.601
之,니라,1220,69570,4236,0.6
大,가,126,9361,3256,0.598
無,니,311,9706,7760,0.597
行,하니이다,16,4901,791,0.596
非,로다,17,4326,952,0.596
所,와,125,12656,2395,0.595
五,로되,26,3226,1954,0.595
五,며,10,3226,752,0.594
此,니,259,8103,7760,0.593
人,러라,99,19215,1251,0.593
如,하니라,65,5821,2711,0.593
一,니,245,7673,7760,0.592
於,니라,310,17777,4236,0.592
有,하며,235,16242,3517,0.591
知,하니이다,20,6165,791,0.587
四,요,105,3183,8043,0.587
君,면,235,6963,8230,0.587
文,는,368,4388,20443,0.587
可,하니이다,30,9245,791,0.587
子,도,42,17119,599,0.585
軍,어늘,66,3184,5066,0.583
及,하여,631,4008,38494,0.583
爲,하니라,254,22901,2711,0.583
出,하니,369,4231,21328,0.583
吾,면,124,3686,8230,0.582
不,로다,142,36502,952,0.582
爲,니이다,449,22901,4802,0.58
五,니,102,3226,7760,0.577
之,하라,225,69570,794,0.577
大,엔,27,9361,708,0.577
知,라하니라,17,6165,678,0.575
未,에,367,4332,20869,0.572
後,라하니,42,5088,2035,0.571
能,라하니,47,5699,2035,0.57
皆,하니,494,5714,21328,0.57
大,하니이다,30,9361,791,0.569
以,리오,283,34619,2019,0.568
大,로되,74,9361,1954,0.567
爲,리오,187,22901,2019,0.567
年,로되,48,6075,1954,0.566
爲,요,744,22901,8043,0.565
在,오,39,4310,2241,0.564
與,가,92,7002,3256,0.563
得,하니이다,22,6911,791,0.56
得,잇가,18,6911,647,0.56
而,며,108,35709,752,0.559
諸,가,48,3669,3256,0.557
用,하여는,13,4385,738,0.557
日,호되,15,3756,995,0.556
吾,나,75,3686,5073,0.555
三,러라,27,5380,1251,0.555
見,하여는,13,4395,738,0.554
國,어늘,110,5416,5066,0.554
上,할새,20,5497,908,0.553
國,를,65,5416,2996,0.553
在,니라,73,4310,4236,0.55
文,와,42,4388,2395,0.55
十,니,178,5743,7760,0.549
出,로되,33,4231,1954,0.548
及,러라,20,4008,1251,0.547
子,할새,62,17119,908,0.547
今,라도,29,5115,1421,0.547
而,하니라,386,35709,2711,0.546
今,이,273,5115,13390,0.546
天,라도,51,9000,1421,0.546
欲,하여,586,3821,38494,0.545
得,러니,90,6911,3273,0.543
謂,라,628,5258,30042,0.542
在,니,133,4310,7760,0.542
民,하고,413,3618,28730,0.541
將,라하니,43,5323,2035,0.54
後,하노라,15,5088,743,0.539
出,어늘,85,4231,5066,0.538
以,라하니라,93,34619,678,0.537
禮,며,10,3359,752,0.536
時,하여,643,4223,38494,0.535
之,하면,313,69570,1137,0.535
之,니이다,1322,69570,4802,0.535
民,니,111,3618,7760,0.534
師,리라,12,3481,872,0.534
至,니이다,125,6585,4802,0.534
先,라하여,8,3097,654,0.533
州,어늘,79,3948,5066,0.533
官,를,37,3125,2996,0.533
行,하면,22,4901,1137,0.532
於,니이다,337,17777,4802,0.532
不,나,730,36502,5073,0.53
官,하고,354,3125,28730,0.53
用,며,13,4385,752,0.53
死,하니,265,3155,21328,0.528
如,하시니,14,5821,611,0.528
事,하면,34,7598,1137,0.527
一,로되,59,7673,1954,0.527
故,니라,115,6906,4236,0.526
相,하니라,49,4601,2711,0.525
子,라하여,44,17119,654,0.525
子,로다,64,17119,952,0.524
大,와,88,9361,2395,0.524
兵,이,220,4184,13390,0.524
諸,하니,307,3669,21328,0.523
三,호되,21,5380,995,0.523
有,니라,270,16242,4236,0.523
爲,라하고,110,22901,1225,0.522
士,로다,15,4026,952,0.519
侯,러니,54,4218,3273,0.519
此,요,255,8103,8043,0.519
官,러니,40,3125,3273,0.518
後,라하여,13,5088,654,0.517
爲,니라,379,22901,4236,0.517
在,에,351,4310,20869,0.515
事,면,244,7598,8230,0.515
道,가,52,4092,3256,0.515
在,라하여,11,4310,654,0.515
此,하니이다,25,8103,791,0.514
死,로되,24,3155,1954,0.512
世,아,45,3916,2954,0.511
晉,리라,11,3243,872,0.51
能,니,172,5699,7760,0.51
行,하며,67,4901,3517,0.509
自,러라,37,7614,1251,0.509
行,를,57,4901,2996,0.508
兵,하고,466,4184,28730,0.506
士,하여,601,4026,38494,0.506
死,라하여,8,3155,654,0.506
與,호되,27,7002,995,0.505
如,하니,481,5821,21328,0.505
于,하니라,51,4860,2711,0.503
夫,로,166,5744,7466,0.503
皆,라하니,45,5714,2035,0.503
能,로다,21,5699,952,0.503
文,하니라,46,4388,2711,0.502
乃,라하니,27,3432,2035,0.502
未,니,130,4332,7760,0.502
後,가,64,5088,3256,0.501
國,이,280,5416,13390,0.5
得,라,802,6911,30042,0.5
從,라하니,26,3309,2035,0.5
州,하고,438,3948,28730,0.5
一,하노라,22,7673,743,0.499
道,요,127,4092,8043,0.499
世,라,454,3916,30042,0.499
太,하시니,9,3822,611,0.497
國,와,50,5416,2395,0.497
不,하니라,381,36502,2711,0.496
其,면,972,30717,8230,0.494
士,라도,22,4026,1421,0.494
軍,라하고,15,3184,1225,0.494
大,러라,45,9361,1251,0.493
兵,하다,199,4184,12378,0.493
以,라하고,163,34619,1225,0.493
于,라하니,38,4860,2035,0.493
道,니,122,4092,7760,0.493
得,라하니,54,6911,2035,0.492
天,며,26,9000,752,0.492
一,하시니,18,7673,611,0.492
不,리오,283,36502,2019,0.492
道,는,321,4092,20443,0.491
天,니,268,9000,7760,0.491
士,와,37,4026,2395,0.491
事,하니라,79,7598,2711,0.49
諸,하면,16,3669,1137,0.49
於,하니,1453,17777,21328,0.489
爲,하다,1086,22901,12378,0.489
將,하여,785,5323,38494,0.489
書,한대,46,4799,2501,0.489
相,하며,62,4601,3517,0.489
公,러니,143,11407,3273,0.488
道,면,129,4092,8230,0.488
禮,호대,10,3359,778,0.487
不,로되,273,36502,1954,0.487
能,라도,31,5699,1421,0.487
之,가,866,69570,3256,0.486
今,하니,417,5115,21328,0.485
然,리라,21,6302,872,0.485
三,호대,16,5380,778,0.485
而,니,1058,35709,7760,0.484
下,하노라,30,10574,743,0.484
州,호되,15,3948,995,0.484
日,로되,28,3756,1954,0.483
知,하고,676,6165,28730,0.483
君,라하니라,18,6963,678,0.482
先,라하니라,8,3097,678,0.481
然,하니이다,19,6302,791,0.481
一,에,610,7673,20869,0.48
王,하시니,19,8165,611,0.48
又,한대,40,4202,2501,0.479
然,러라,30,6302,1251,0.479
知,면,193,6165,8230,0.478
臣,라하여,16,6439,654,0.477
若,는,265,3413,20443,0.476
天,요,275,9000,8043,0.476
禮,니,99,3359,7760,0.476
夫,하다,270,5744,12378,0.476
皆,나,110,5714,5073,0.475
天,하니이다,27,9000,791,0.474
明,잇가,8,3261,647,0.474
相,하니,372,4601,21328,0.473
如,로다,21,5821,952,0.473
兵,하니,338,4184,21328,0.472
者,러라,100,21101,1251,0.472
公,호되,43,11407,995,0.472
從,아,37,3309,2954,0.471
所,잇가,31,12656,647,0.471
兵,하면,18,4184,1137,0.471
從,면,103,3309,8230,0.47
夫,도,13,5744,599,0.469
五,하여는,9,3226,738,0.469
世,하노라,11,3916,743,0.469
而,라,4054,35709,30042,0.469
生,하니,259,3215,21328,0.468
吾,요,112,3686,8043,0.468
爲,로되,169,22901,1954,0.468
君,니,204,6963,7760,0.467
民,하며,48,3618,3517,0.466
侯,하니,339,4218,21328,0.465
明,니이다,59,3261,4802,0.464
不,하시니,84,36502,611,0.464
君,하시니,16,6963,611,0.462
于,하고,525,4860,28730,0.462
三,니,157,5380,7760,0.462
焉,하시니,7,3049,611,0.461
道,를,46,4092,2996,0.459
君,라하고,32,6963,1225,0.458
及,와,36,4008,2395,0.458
不,하고,3934,36502,28730,0.458
非,라하니라,11,4326,678,0.458
下,니라,168,10574,4236,0.458
非,라하니,33,4326,2035,0.457
日,하면,16,3756,1137,0.456
民,하여는,10,3618,738,0.456
未,라하니라,11,4332,678,0.456
皆,라하여,14,5714,654,0.456
夫,로되,42,5744,1954,0.455
其,하며,404,30717,3517,0.454
者,니이다,379,21101,4802,0.454
然,니이다,113,6302,4802,0.452
之,라도,369,69570,1421,0.451
爲,라하니,174,22901,2035,0.451
焉,하니이다,9,3049,791,0.451
自,하니라,77,7614,2711,0.45
以,하니,2753,34619,21328,0.449
生,가,39,3215,3256,0.448
世,는,298,3916,20443,0.447
得,어든,21,6911,817,0.446
以,한대,322,34619,2501,0.446
死,에,245,3155,20869,0.446
而,라하니라,90,35709,678,0.445
下,하여는,29,10574,738,0.445
至,어든,20,6585,817,0.445
吾,니라,58,3686,4236,0.444
子,러니,208,17119,3273,0.443
諸,어늘,69,3669,5066,0.443
死,도,7,3155,599,0.44
夫,며,16,5744,752,0.44
夫,하시니,13,5744,611,0.44
於,리오,133,17777,2019,0.44
言,나,141,7503,5073,0.44
以,라하니,261,34619,2035,0.44
子,라하니,129,17119,2035,0.439
道,라,455,4092,30042,0.439
得,러라,32,6911,1251,0.439
使,하여,1041,7315,38494,0.437
至,에,508,6585,20869,0.437
日,라하고,17,3756,1225,0.436
民,하여,514,3618,38494,0.435
與,라가,36,7002,1394,0.434
士,로되,29,4026,1954,0.433
則,하며,124,9567,3517,0.433
出,러니,51,4231,3273,0.432
以,하면,145,34619,1137,0.432
欲,하면,16,3821,1137,0.432
無,하니,762,9706,21328,0.431
然,에,484,6302,20869,0.431
在,로되,31,4310,1954,0.431
民,로되,26,3618,1954,0.43
有,라,1795,16242,30042,0.43
三,엔,14,5380,708,0.429
臣,가,77,6439,3256,0.428
世,나,73,3916,5073,0.428
得,요,204,6911,8043,0.427
相,하여,650,4601,38494,0.427
從,하니,259,3309,21328,0.427
諸,하노라,10,3669,743,0.426
必,라,432,3926,30042,0.424
先,를,34,3097,2996,0.424
二,하노라,14,5144,743,0.424
事,잇가,18,7598,647,0.423
從,하노라,9,3309,743,0.423
在,라가,22,4310,1394,0.423
見,하니,343,4395,21328,0.422
禮,라하니,25,3359,2035,0.422
亦,라하여,11,4602,654,0.421
見,니라,68,4395,4236,0.42
王,어늘,151,8165,5066,0.419
三,요,158,5380,8043,0.419
君,엔,18,6963,708,0.419
生,니,91,3215,7760,0.418
公,러라,52,11407,1251,0.416
爲,하니이다,66,22901,791,0.416
四,니,90,3183,7760,0.416
諸,도,8,3669,599,0.415
諸,와,32,3669,2395,0.415
欲,잇가,9,3821,647,0.415
一,며,21,7673,752,0.415
見,러라,20,4395,1251,0.414
之,니,1964,69570,7760,0.414
士,며,11,4026,752,0.412
下,로되,75,10574,1954,0.411
乃,로,93,3432,7466,0.411
相,와,40,4601,2395,0.411
如,라도,30,5821,1421,0.41
者,니라,324,21101,4236,0.409
能,라하니라,14,5699,678,0.408
言,한대,68,7503,2501,0.408
師,하고,362,3481,28730,0.407
焉,니이다,53,3049,4802,0.407
其,를,333,30717,2996,0.406
得,니,194,6911,7760,0.406
知,오,50,6165,2241,0.406
者,엔,54,21101,708,0.405
之,는,5138,69570,20443,0.404
後,러라,23,5088,1251,0.404
焉,어든,9,3049,817,0.404
下,는,781,10574,20443,0.404
者,로되,149,21101,1954,0.404
已,하니이다,11,3851,791,0.403
上,하여,764,5497,38494,0.403
死,하다,141,3155,12378,0.403
官,하여,434,3125,38494,0.402
天,라하니라,22,9000,678,0.401
禮,와,29,3359,2395,0.401
而,리오,260,35709,2019,0.401
人,요,557,19215,8043,0.4
兵,호되,15,4184,995,0.4
已,라하고,17,3851,1225,0.4
未,하니,333,4332,21328,0.4
子,호대,48,17119,778,0.4
死,가,37,3155,3256,0.4
欲,라하니,28,3821,2035,0.399
又,하니라,41,4202,2711,0.398
於,로되,125,17777,1954,0.398
中,하니라,55,5639,2711,0.398
時,러라,19,4223,1251,0.397
若,니라,52,3413,4236,0.397
兵,와,36,4184,2395,0.396
在,라,465,4310,30042,0.395
於,하니라,173,17777,2711,0.395
行,한대,44,4901,2501,0.395
是,하니라,71,7292,2711,0.395
知,와,53,6165,2395,0.395
一,와,66,7673,2395,0.395
世,러니,46,3916,3273,0.394
以,요,998,34619,8043,0.392
能,라하고,25,5699,1225,0.391
謂,는,385,5258,20443,0.391
事,니,211,7598,7760,0.39
與,와,60,7002,2395,0.39
爲,잇가,53,22901,647,0.39
得,하니,527,6911,21328,0.389
如,리오,42,5821,2019,0.388
先,하고,318,3097,28730,0.388
爲,하고,2349,22901,28730,0.387
是,라하니,53,7292,2035,0.387
可,오,74,9245,2241,0.387
者,라도,107,21101,1421,0.386
得,나,125,6911,5073,0.385
晉,하여,445,3243,38494,0.385
民,가,42,3618,3256,0.385
今,면,150,5115,8230,0.384
出,호되,15,4231,995,0.384
事,니이다,130,7598,4802,0.384
人,를,205,19215,2996,0.383
事,가,88,7598,3256,0.382
欲,하니,290,3821,21328,0.382
相,하라,13,4601,794,0.382
人,아,202,19215,2954,0.382
又,하면,17,4202,1137,0.382
人,호되,68,19215,995,0.381
先,어든,9,3097,817,0.381
生,라하고,14,3215,1225,0.381
亦,나,83,4602,5073,0.381
所,면,370,12656,8230,0.38
則,잇가,22,9567,647,0.38
以,하고,3532,34619,28730,0.379
乃,하니,260,3432,21328,0.379
如,아,61,5821,2954,0.378
太,하여,522,3822,38494,0.378
於,나,320,17777,5073,0.378
至,니라,99,6585,4236,0.378
國,니,149,5416,7760,0.377
今,나,92,5115,5073,0.377
州,하여,539,3948,38494,0.377
人,는,1393,19215,20443,0.377
時,하면,17,4223,1137,0.375
官,요,89,3125,8043,0.375
言,하니이다,21,7503,791,0.374
中,에,416,5639,20869,0.373
以,며,92,34619,752,0.372
無,어든,28,9706,817,0.371
子,라하니라,41,17119,678,0.371
晉,어늘,58,3243,5066,0.371
已,나,69,3851,5073,0.371
時,하여는,11,4223,738,0.37
與,하니라,67,7002,2711,0.37
下,라도,53,10574,1421,0.369
行,니이다,83,4901,4802,0.369
此,오,64,8103,2241,0.368
於,라도,89,17777,1421,0.368
用,잇가,10,4385,647,0.368
知,도,13,6165,599,0.367
至,러라,29,6585,1251,0.367
在,하니이다,12,4310,791,0.366
行,하여,664,4901,38494,0.366
之,라하니라,166,69570,678,0.366
于,하여,658,4860,38494,0.365
如,로되,40,5821,1954,0.365
五,를,34,3226,2996,0.365
國,가,62,5416,3256,0.365
世,라하여,9,3916,654,0.364
爲,니,624,22901,7760,0.363
兵,라하고,18,4184,1225,0.363
士,는,289,4026,20443,0.363
於,어든,51,17777,817,0.363
夫,면,166,5744,8230,0.363
見,할새,14,4395,908,0.362
之,리오,493,69570,2019,0.362
者,오,166,21101,2241,0.362
相,하노라,12,4601,743,0.362
國,라도,27,5416,1421,0.362
也,하여는,69,26664,738,0.361
也,러라,117,26664,1251,0.361
日,하다,163,3756,12378,0.361
後,로,133,5088,7466,0.359
未,하니이다,12,4332,791,0.359
文,로되,30,4388,1954,0.358
君,아,72,6963,2954,0.358
能,하고,573,5699,28730,0.358
於,하시니,38,17777,611,0.358
用,니라,65,4385,4236,0.358
無,하니라,92,9706,2711,0.357
太,하고,384,3822,28730,0.357
事,하니이다,21,7598,791,0.356
天,라하니,64,9000,2035,0.356
其,하고,3081,30717,28730,0.355
諸,로되,25,3669,1954,0.353
以,러니,395,34619,3273,0.352
道,라하니,29,4092,2035,0.351
太,며,10,3822,752,0.35
於,하고,1777,17777,28730,0.35
焉,라하고,13,3049,1225,0.35
禮,를,35,3359,2996,0.349
事,할새,24,7598,908,0.349
天,는,640,9000,20443,0.349
其,라,3207,30717,30042,0.348
夫,로다,19,5744,952,0.348
士,한대,35,4026,2501,0.348
先,하노라,8,3097,743,0.348
至,하니,488,6585,21328,0.348
也,로되,181,26664,1954,0.347
用,라하니,31,4385,2035,0.347
自,하면,30,7614,1137,0.344
乎,니라,58,3952,4236,0.343
太,이,177,3822,13390,0.341
民,면,103,3618,8230,0.341
在,하여는,11,4310,738,0.341
君,리라,21,6963,872,0.341
明,와,27,3261,2395,0.34
書,하여,638,4799,38494,0.339
用,라,455,4385,30042,0.339
君,를,72,6963,2996,0.338
太,요,106,3822,8043,0.337
將,어든,15,5323,817,0.337
自,어늘,133,7614,5066,0.337
乃,하고,340,3432,28730,0.337
事,하시니,16,7598,611,0.336
不,어늘,637,36502,5066,0.335
自,니라,111,7614,4236,0.334
生,하니라,30,3215,2711,0.334
相,하면,18,4601,1137,0.334
從,하니이다,9,3309,791,0.333
以,면,980,34619,8230,0.333
故,라,713,6906,30042,0.332
日,하니라,35,3756,2711,0.332
以,잇가,77,34619,647,0.332
國,며,14,5416,752,0.332
之,면,1968,69570,8230,0.332
從,가,37,3309,3256,0.331
於,면,502,17777,8230,0.33
爲,하시니,48,22901,611,0.329
如,며,15,5821,752,0.328
師,러니,39,3481,3273,0.326
中,하여,743,5639,38494,0.326
太,호되,13,3822,995,0.324
欲,라하고,16,3821,1225,0.324
三,도,11,5380,599,0.322
如,하다,246,5821,12378,0.322
國,면,152,5416,8230,0.321
有,니,430,16242,7760,0.321
子,는,1194,17119,20443,0.321
爲,오,175,22901,2241,0.321
世,도,8,3916,599,0.321
下,하면,41,10574,1137,0.321
禮,하시니,7,3359,611,0.321
其,하니라,284,30717,2711,0.321
君,요,191,6963,8043,0.321
先,하면,12,3097,1137,0.32
用,하면,17,4385,1137,0.32
四,라,326,3183,30042,0.32
行,라하니,34,4901,2035,0.32
以,하며,415,34619,3517,0.32
五,라,330,3226,30042,0.318
今,로,130,5115,7466,0.318
者,며,54,21101,752,0.318
所,로다,41,12656,952,0.318
見,라,449,4395,30042,0.317
如,라,595,5821,30042,0.317
禮,라하고,14,3359,1225,0.317
軍,하니,231,3184,21328,0.317
太,로,97,3822,7466,0.316
已,하시니,8,3851,611,0.316
無,하고,948,9706,28730,0.316
得,하고,675,6911,28730,0.316
用,리라,13,4385,872,0.316
世,며,10,3916,752,0.315
爲,라,2336,22901,30042,0.314
自,니이다,124,7614,4802,0.313
見,리라,13,4395,872,0.313
師,라하니라,8,3481,678,0.312
國,도,11,5416,599,0.312
國,라하여,12,5416,654,0.311
之,며,177,69570,752,0.309
事,어든,21,7598,817,0.309
所,라하니라,29,12656,678,0.308
然,라,640,6302,30042,0.308
明,할새,10,3261,908,0.307
之,잇가,152,69570,647,0.306
知,어든,17,6165,817,0.306
於,하며,211,17777,3517,0.306
王,할새,25,8165,908,0.304
見,하노라,11,4395,743,0.303
言,면,208,7503,8230,0.303
大,하여,1213,9361,38494,0.302
事,러라,32,7598,1251,0.302
用,하니라,40,4385,2711,0.301
二,며,13,5144,752,0.3
軍,하니라,29,3184,2711,0.299
有,라하니,111,16242,2035,0.299
自,라하니,52,7614,2035,0.298
師,도,7,3481,599,0.298
焉,로되,20,3049,1954,0.298
爲,하라,61,22901,794,0.297
用,하여,566,4385,38494,0.296
一,니라,109,7673,4236,0.296
者,요,569,21101,8043,0.296
自,하여,982,7614,38494,0.295
兵,를,42,4184,2996,0.295
又,라,423,4202,30042,0.295
公,라하여,25,11407,654,0.295
者,니,548,21101,7760,0.294
有,러라,68,16242,1251,0.294
以,러라,145,34619,1251,0.294
州,가,43,3948,3256,0.293
世,하시니,8,3916,611,0.292
已,리오,26,3851,2019,0.292
以,어늘,586,34619,5066,0.291
之,요,1868,69570,8043,0.29
言,도,15,7503,599,0.29
出,엔,10,4231,708,0.29
與,를,70,7002,2996,0.289
書,하고,460,4799,28730,0.289
先,하니라,28,3097,2711,0.288
大,어늘,158,9361,5066,0.287
出,면,116,4231,8230,0.287
用,와,35,4385,2395,0.287
及,도,8,4008,599,0.287
士,하고,385,4026,28730,0.286
生,라하여,7,3215,654,0.286
下,라하여,23,10574,654,0.285
民,어늘,61,3618,5066,0.285
今,를,51,5115,2996,0.285
死,아,31,3155,2954,0.285
如,하면,22,5821,1137,0.284
君,호대,18,6963,778,0.283
生,를,32,3215,2996,0.283
所,하여는,31,12656,738,0.282
亦,러니,50,4602,3273,0.282
非,리오,29,4326,2019,0.282
明,라하니,22,3261,2035,0.28
民,러라,15,3618,1251,0.279
與,한대,58,7002,2501,0.278
民,며,9,3618,752,0.277
生,며,8,3215,752,0.277
人,면,523,19215,8230,0.276
世,와,31,3916,2395,0.276
有,요,432,16242,8043,0.276
下,하여,1344,10574,38494,0.274
乃,니라,48,3432,4236,0.274
晉,라하여,7,3243,654,0.273
晉,러니,35,3243,3273,0.272
先,면,84,3097,8230,0.271
君,라하여,15,6963,654,0.271
從,리오,22,3309,2019,0.27
諸,하여,465,3669,38494,0.27
言,를,74,7503,2996,0.27
道,어든,11,4092,817,0.269
將,하노라,13,5323,743,0.268
及,하니,281,4008,21328,0.268
是,니이다,115,7292,4802,0.266
二,니,131,5144,7760,0.265
用,러라,18,4385,1251,0.265
後,도,10,5088,599,0.265
軍,와,25,3184,2395,0.264
自,하다,309,7614,12378,0.264
州,와,31,3948,2395,0.264
用,하고,413,4385,28730,0.264
書,라하니,32,4799,2035,0.263
以,니,880,34619,7760,0.263
而,리라,102,35709,872,0.263
三,하여는,13,5380,738,0.262
先,가,33,3097,3256,0.261
如,하며,67,5821,3517,0.261
文,러니,47,4388,3273,0.261
與,하시니,14,7002,611,0.261
國,라하니라,12,5416,678,0.259
大,라하여,20,9361,654,0.259
於,러니,190,17777,3273,0.258
在,라도,20,4310,1421,0.258
國,라하니,36,5416,2035,0.258
事,한대,62,7598,2501,0.257
文,할새,13,4388,908,0.257
二,러라,21,5144,1251,0.257
皆,며,14,5714,752,0.255
官,로,76,3125,7466,0.255
日,어든,10,3756,817,0.255
國,하라,14,5416,794,0.254
下,리라,30,10574,872,0.253
言,호대,19,7503,778,0.253
士,하시니,8,4026,611,0.252
而,는,2372,35709,20443,0.251
於,로다,55,17777,952,0.251
君,며,17,6963,752,0.25
行,하고,457,4901,28730,0.249
二,도,10,5144,599,0.249
州,하니,273,3948,21328,0.248
是,오,53,7292,2241,0.248
明,하여,407,3261,38494,0.248
兵,하여는,10,4184,738,0.246
大,하고,871,9361,28730,0.246
與,니라,96,7002,4236,0.245
用,니,110,4385,7760,0.244
言,하노라,18,7503,743,0.242
夫,잇가,12,5744,647,0.242
中,하고,523,5639,28730,0.242
文,니라,60,4388,4236,0.241
禮,에,226,3359,20869,0.24
人,라하니라,42,19215,678,0.24
有,하니라,142,16242,2711,0.24
公,로다,35,11407,952,0.239
事,라하고,30,7598,1225,0.239
在,라하고,17,4310,1225,0.238
乃,호되,11,3432,995,0.238
人,어늘,313,19215,5066,0.236
上,하고,508,5497,28730,0.236
諸,라하니라,8,3669,678,0.236
從,며,8,3309,752,0.236
明,하고,301,3261,28730,0.235
三,며,13,5380,752,0.235
謂,가,55,5258,3256,0.235
有,와,125,16242,2395,0.235
使,하니,501,7315,21328,0.234
與,면,185,7002,8230,0.234
生,라하니라,7,3215,678,0.234
事,라가,34,7598,1394,0.233
皆,러니,60,5714,3273,0.233
用,라도,20,4385,1421,0.233
將,호되,17,5323,995,0.233
乃,할새,10,3432,908,0.233
用,하니,300,4385,21328,0.232
非,라하고,17,4326,1225,0.232
至,라도,30,6585,1421,0.232
以,라,3334,34619,30042,0.231
無,하시니,19,9706,611,0.231
如,라가,26,5821,1394,0.231
亦,라하니,30,4602,2035,0.23
明,요,84,3261,8043,0.23
未,라하고,17,4332,1225,0.23
道,하시니,8,4092,611,0.229
大,하니,639,9361,21328,0.229
先,할새,9,3097,908,0.229
得,라하니라,15,6911,678,0.229
國,리오,35,5416,2019,0.229
道,하고,376,4092,28730,0.228
夫,를,55,5744,2996,0.227
中,하다,223,5639,12378,0.227
亦,라하고,18,4602,1225,0.226
是,리오,47,7292,2019,0.225
文,라,420,4388,30042,0.223
禮,라하여,7,3359,654,0.223
於,라,1702,17777,30042,0.223
太,하니라,33,3822,2711,0.222
國,하니,368,5416,21328,0.222
自,할새,22,7614,908,0.221
生,하고,294,3215,28730,0.221
必,오,28,3926,2241,0.221
書,하다,189,4799,12378,0.221
有,라하니라,35,16242,678,0.219
然,도,12,6302,599,0.219
使,어든,19,7315,817,0.219
出,하고,386,4231,28730,0.218
從,로다,10,3309,952,0.217
能,하니라,49,5699,2711,0.216
若,요,87,3413,8043,0.215
至,와,50,6585,2395,0.215
用,아,41,4385,2954,0.213
事,하니,513,7598,21328,0.213
三,를,51,5380,2996,0.213
一,라,729,7673,30042,0.212
事,엔,17,7598,708,0.211
民,하면,13,3618,1137,0.211
得,하여,840,6911,38494,0.21
將,로다,16,5323,952,0.21
知,니,151,6165,7760,0.209
先,러니,32,3097,3273,0.209
上,하니라,47,5497,2711,0.208
人,하다,750,19215,12378,0.208
官,이,132,3125,13390,0.208
行,잇가,10,4901,647,0.208
無,며,23,9706,752,0.207
諸,호대,9,3669,778,0.207
與,라하고,27,7002,1225,0.205
子,라하고,66,17119,1225,0.205
道,리오,26,4092,2019,0.205
侯,라하니라,9,4218,678,0.205
公,라가,50,11407,1394,0.204
軍,도,6,3184,599,0.204
生,하니이다,8,3215,791,0.204
是,라하여,15,7292,654,0.204
死,니,77,3155,7760,0.204
自,하라,19,7614,794,0.203
皆,라하고,22,5714,1225,0.203
與,로되,43,7002,1954,0.203
其,요,776,30717,8043,0.202
於,며,42,17777,752,0.202
死,리오,20,3155,2019,0.201
用,라하여,9,4385,654,0.201
國,니라,72,5416,4236,0.201
道,하여,494,4092,38494,0.2
世,라하니,25,3916,2035,0.2
大,이,393,9361,13390,0.199
死,엔,7,3155,708,0.199
國,는,347,5416,20443,0.199
道,나,65,4092,5073,0.198
國,오,38,5416,2241,0.197
自,러니,78,7614,3273,0.197
以,라가,151,34619,1394,0.196
相,러라,18,4601,1251,0.196
將,하다,206,5323,12378,0.195
其,오,215,30717,2241,0.194
其,러라,120,30717,1251,0.194
民,라하니,23,3618,2035,0.194
夫,아,53,5744,2954,0.194
其,라하니라,65,30717,678,0.193
臣,호되,20,6439,995,0.193
又,니이다,63,4202,4802,0.193
以,아,319,34619,2954,0.192
人,라,1800,19215,30042,0.192
先,하니,206,3097,21328,0.192
無,라도,43,9706,1421,0.191
大,한대,73,9361,2501,0.191
吾,하니,245,3686,21328,0.191
必,어든,10,3926,817,0.191
事,하여,912,7598,38494,0.191
人,며,45,19215,752,0.19
士,하니라,34,4026,2711,0.19
謂,로되,32,5258,1954,0.19
在,어늘,68,4310,5066,0.19
天,어늘,142,9000,5066,0.19
得,하노라,16,6911,743,0.19
事,나,120,7598,5073,0.189
世,요,98,3916,8043,0.188
而,라하니,226,35709,2035,0.188
大,니,226,9361,7760,0.188
之,로다,206,69570,952,0.188
相,하고,411,4601,28730,0.187
爲,하니,1518,22901,21328,0.187
乃,어늘,54,3432,5066,0.186
焉,러니,31,3049,3273,0.186
君,라하니,44,6963,2035,0.185
不,라도,161,36502,1421,0.185
爲,하여,2733,22901,38494,0.183
焉,하다,117,3049,12378,0.183
天,하여,1074,9000,38494,0.183
死,러니,32,3155,3273,0.183
後,로다,15,5088,952,0.182
而,하고,3177,35709,28730,0.182
之,하여는,159,69570,738,0.182
事,로되,46,7598,1954,0.182
如,를,54,5821,2996,0.181
從,로되,20,3309,1954,0.18
以,하라,85,34619,794,0.179
其,가,309,30717,3256,0.178
君,로되,42,6963,1954,0.177
至,어늘,103,6585,5066,0.177
在,며,10,4310,752,0.176
有,러니,164,16242,3273,0.176
四,하시니,6,3183,611,0.176
二,로되,31,5144,1954,0.176
明,호되,10,3261,995,0.175
民,오,25,3618,2241,0.175
行,하라,12,4901,794,0.175
與,러라,27,7002,1251,0.175
能,어늘,89,5699,5066,0.175
吾,가,37,3686,3256,0.175
與,하니,460,7002,21328,0.174
不,하니,2398,36502,21328,0.174
亦,요,114,4602,8043,0.174
相,니라,60,4601,4236,0.173
行,호되,15,4901,995,0.172
以,로되,208,34619,1954,0.171
將,하시니,10,5323,611,0.171
爲,라가,98,22901,1394,0.169
無,어늘,151,9706,5066,0.169
死,라,291,3155,30042,0.169
世,를,36,3916,2996,0.168
一,니이다,113,7673,4802,0.168
夫,할새,16,5744,908,0.168
能,하니,373,5699,21328,0.168
天,나,140,9000,5073,0.167
死,하면,11,3155,1137,0.167
官,니이다,46,3125,4802,0.167
夫,하여는,13,5744,738,0.167
之,한대,533,69570,2501,0.166
死,나,49,3155,5073,0.165
士,요,99,4026,8043,0.163
行,나,76,4901,5073,0.163
大,요,230,9361,8043,0.162
見,어늘,68,4395,5066,0.162
自,어든,19,7614,817,0.162
生,요,79,3215,8043,0.162
及,어든,10,4008,817,0.161
相,이,188,4601,13390,0.16
兵,면,105,4184,8230,0.159
相,어늘,71,4601,5066,0.158
侯,호대,10,4218,778,0.158
用,도,8,4385,599,0.158
生,어든,8,3215,817,0.158
其,하여,3601,30717,38494,0.157
乃,라,314,3432,30042,0.157
而,가,354,35709,3256,0.157
臣,라하고,24,6439,1225,0.156
事,하고,664,7598,28730,0.156
焉,어늘,47,3049,5066,0.156
文,를,40,4388,2996,0.156
士,어든,10,4026,817,0.155
世,하니,254,3916,21328,0.155
事,는,472,7598,20443,0.154
在,하시니,8,4310,611,0.154
上,도,10,5497,599,0.153
後,할새,14,5088,908,0.15
日,하며,40,3756,3517,0.149
矣,라하여,12,6060,654,0.149
然,는,390,6302,20443,0.149
公,하니,736,11407,21328,0.148
文,라하니,27,4388,2035,0.147
今,잇가,10,5115,647,0.146
行,하노라,11,4901,743,0.146
然,가,62,6302,3256,0.146
州,에,249,3948,20869,0.146
子,하니,1103,17119,21328,0.146
兵,하니이다,10,4184,791,0.146
爲,한대,173,22901,2501,0.146
所,라하여,25,12656,654,0.146
者,라,1914,21101,30042,0.145
生,이,130,3215,13390,0.145
人,라하니,118,19215,2035,0.144
子,리라,45,17119,872,0.143
行,라도,21,4901,1421,0.143
不,하면,125,36502,1137,0.141
天,하여는,20,9000,738,0.141
今,어늘,78,5115,5066,0.141
民,리오,22,3618,2019,0.141
乃,라하니라,7,3432,678,0.14
皆,하고,494,5714,28730,0.14
臣,하여,746,6439,38494,0.14
三,라도,23,5380,1421,0.14
又,면,104,4202,8230,0.139
中,엔,12,5639,708,0.138
見,가,43,4395,3256,0.138
先,며,7,3097,752,0.138
之,라,6280,69570,30042,0.138
又,리라,11,4202,872,0.137
國,하여는,12,5416,738,0.137
而,러라,134,35709,1251,0.136
然,로다,18,6302,952,0.136
若,로되,20,3413,1954,0.135
及,를,36,4008,2996,0.135
下,니,246,10574,7760,0.135
國,니이다,78,5416,4802,0.135
王,라하여,16,8165,654,0.134
所,하니이다,30,12656,791,0.134
先,잇가,6,3097,647,0.133
行,러니,48,4901,3273,0.132
侯,리라,11,4218,872,0.131
太,라하고,14,3822,1225,0.131
可,어늘,140,9245,5066,0.131
而,를,320,35709,2996,0.131
見,러니,43,4395,3273,0.131
書,하니,306,4799,21328,0.131
道,라하여,8,4092,654,0.131
自,하니이다,18,7614,791,0.13
其,니,712,30717,7760,0.13
先,라,278,3097,30042,0.13
時,나,64,4223,5073,0.13
死,하노라,7,3155,743,0.129
先,는,189,3097,20443,0.129
禮,하고,288,3359,28730,0.128
士,를,36,4026,2996,0.128
大,며,21,9361,752,0.128
從,어늘,50,3309,5066,0.127
之,로되,405,69570,1954,0.126
軍,하여는,7,3184,738,0.126
道,하여는,9,4092,738,0.126
將,와,38,5323,2395,0.126
出,하라,10,4231,794,0.125
知,라하여,12,6165,654,0.124
見,호되,13,4395,995,0.123
三,는,327,5380,20443,0.123
有,가,157,16242,3256,0.121
天,와,64,9000,2395,0.121
相,니,106,4601,7760,0.121
是,잇가,14,7292,647,0.12
乃,니,79,3432,7760,0.119
明,하며,34,3261,3517,0.119
以,하다,1271,34619,12378,0.119
下,나,159,10574,5073,0.118
道,할새,11,4092,908,0.117
使,니이다,104,7315,4802,0.117
民,라하여,7,3618,654,0.116
日,로,83,3756,7466,0.116
從,어든,8,3309,817,0.116
先,니이다,44,3097,4802,0.116
焉,니,70,3049,7760,0.116
將,하고,452,5323,28730,0.114
下,로,233,10574,7466,0.112
生,라,285,3215,30042,0.112
知,라하니,37,6165,2035,0.111
未,라하니,26,4332,2035,0.111
諸,잇가,7,3669,647,0.111
官,가,30,3125,3256,0.111
下,러라,39,10574,1251,0.111
用,요,104,4385,8043,0.111
所,어늘,189,12656,5066,0.11
於,하여,2015,17777,38494,0.109
人,라하여,37,19215,654,0.109
先,하여,351,3097,38494,0.109
臣,하니이다,15,6439,791,0.109
所,아,110,12656,2954,0.108
日,면,91,3756,8230,0.108
夫,라도,24,5744,1421,0.107
得,하여는,15,6911,738,0.107
國,요,128,5416,8043,0.106
不,러니,351,36502,3273,0.106
有,하고,1371,16242,28730,0.106
日,니이다,53,3756,4802,0.106
今,하여,578,5115,38494,0.104
天,아,78,9000,2954,0.104
已,러니,37,3851,3273,0.104
三,라,474,5380,30042,0.103
明,라,287,3261,30042,0.101
書,러니,46,4799,3273,0.101
國,로되,31,5416,1954,0.101
下,라하니라,21,10574,678,0.101
諸,하고,308,3669,28730,0.098
有,하시니,29,16242,611,0.098
出,잇가,8,4231,647,0.098
用,나,65,4385,5073,0.098
於,어늘,263,17777,5066,0.097
必,하시니,7,3926,611,0.096
王,러니,78,8165,3273,0.096
大,하니라,74,9361,2711,0.095
而,라도,148,35709,1421,0.095
禮,하니,209,3359,21328,0.095
君,리오,41,6963,2019,0.095
與,하여,786,7002,38494,0.095
禮,어든,8,3359,817,0.094
諸,러니,35,3669,3273,0.094
以,리라,88,34619,872,0.094
一,를,67,7673,2996,0.094
侯,가,40,4218,3256,0.093
三,로,117,5380,7466,0.093
事,라,665,7598,30042,0.093
二,라,450,5144,30042,0.093
此,라하니,48,8103,2035,0.092
又,하며,43,4202,3517,0.092
大,는,557,9361,20443,0.092
時,로되,24,4223,1954,0.091
於,니,401,17777,7760,0.09
在,면,103,4310,8230,0.089
爲,어늘,337,22901,5066,0.089
相,도,8,4601,599,0.088
臣,라하니,38,6439,2035,0.087
則,라하고,34,9567,1225,0.087
行,하니,303,4901,21328,0.086
後,라하니라,10,5088,678,0.086
者,면,503,21101,8230,0.085
下,하니,653,10574,21328,0.085
所,리오,74,12656,2019,0.085
士,하며,41,4026,3517,0.085
三,러니,51,5380,3273,0.085
先,니라,38,3097,4236,0.085
能,하며,58,5699,3517,0.084
自,라하고,27,7614,1225,0.084
能,러니,54,5699,3273,0.084
行,니,110,4901,7760,0.083
下,러니,100,10574,3273,0.082
亦,며,10,4602,752,0.082
於,요,413,17777,8043,0.081
君,잇가,13,6963,647,0.08
一,하니라,60,7673,2711,0.079
中,하니,347,5639,21328,0.079
與,하노라,15,7002,743,0.078
至,하다,235,6585,12378,0.078
出,하여는,9,4231,738,0.078
又,와,29,4202,2395,0.078
若,라하니,20,3413,2035,0.077
則,이,369,9567,13390,0.077
至,러니,62,6585,3273,0.075
文,하여,485,4388,38494,0.073
先,이,119,3097,13390,0.072
日,하니,230,3756,21328,0.072
臣,하면,21,6439,1137,0.071
而,요,824,35709,8043,0.071
書,라하여,9,4799,654,0.071
相,한대,33,4601,2501,0.071
日,하노라,8,3756,743,0.07
人,어든,45,19215,817,0.07
必,하고,323,3926,28730,0.069
自,니,169,7614,7760,0.067
夫,이,220,5744,13390,0.067
及,하시니,7,4008,611,0.066
侯,호되,12,4218,995,0.066
天,어든,21,9000,817,0.065
於,한대,127,17777,2501,0.065
爲,리라,57,22901,872,0.064
吾,라,316,3686,30042,0.064
一,나,111,7673,5073,0.063
文,하니,267,4388,21328,0.063
得,를,59,6911,2996,0.062
夫,하라,13,5744,794,0.062
其,하노라,65,30717,743,0.061
與,며,15,7002,752,0.061
有,호되,46,16242,995,0.06
自,아,64,7614,2954,0.059
言,라,641,7503,30042,0.059
五,라하여,6,3226,654,0.059
則,나,138,9567,5073,0.058
及,리오,23,4008,2019,0.058
所,러라,45,12656,1251,0.058
然,하여,689,6302,38494,0.057
世,에,232,3916,20869,0.056
民,는,210,3618,20443,0.056
於,리라,44,17777,872,0.056
言,하시니,13,7503,611,0.055
曰,오,91,14316,2241,0.055
死,요,72,3155,8043,0.055
出,한대,30,4231,2501,0.054
中,러라,20,5639,1251,0.054
大,라가,37,9361,1394,0.054
吾,로,78,3686,7466,0.054
自,라,648,7614,30042,0.053
若,나,49,3413,5073,0.052
是,리라,18,7292,872,0.052
君,라도,28,6963,1421,0.052
言,라하고,26,7503,1225,0.051
非,어늘,62,4326,5066,0.051
言,는,434,7503,20443,0.051
時,하며,42,4223,3517,0.05
大,하라,21,9361,794,0.049
而,로다,96,35709,952,0.049
民,하니,218,3618,21328,0.049
明,니라,39,3261,4236,0.048
臣,니,141,6439,7760,0.047
又,니,92,4202,7760,0.047
天,하고,729,9000,28730,0.046
下,어늘,151,10574,5066,0.046
行,로되,27,4901,1954,0.046
事,오,48,7598,2241,0.046
臣,나,92,6439,5073,0.045
官,는,180,3125,20443,0.045
之,아,579,69570,2954,0.045
死,하고,255,3155,28730,0.043
諸,리라,9,3669,872,0.043
中,와,38,5639,2395,0.043
三,하니라,41,5380,2711,0.042
皆,리라,14,5714,872,0.041
也,라하여,49,26664,654,0.041
然,하니라,48,6302,2711,0.041
無,리오,55,9706,2019,0.04
士,엔,8,4026,708,0.04
又,라하니라,8,4202,678,0.04
相,라가,18,4601,1394,0.04
先,어늘,44,3097,5066,0.039
死,하니이다,7,3155,791,0.039
所,어든,29,12656,817,0.039
文,하면,14,4388,1137,0.039
至,하면,21,6585,1137,0.039
大,로다,25,9361,952,0.039
道,리라,10,4092,872,0.038
至,하니라,50,6585,2711,0.037
三,라가,21,5380,1394,0.036
夫,호되,16,5744,995,0.036
道,니이다,55,4092,4802,0.036
其,하니이다,68,30717,791,0.036
言,아,62,7503,2954,0.035
道,어늘,58,4092,5066,0.035
王,는,467,8165,20443,0.035
世,니,85,3916,7760,0.035
則,아,79,9567,2954,0.034
道,하니라,31,4092,2711,0.033
兵,는,239,4184,20443,0.033
日,하여,404,3756,38494,0.033
見,면,101,4395,8230,0.032
若,가,31,3413,3256,0.031
之,오,435,69570,2241,0.031
用,러니,40,4385,3273,0.03
子,아,141,17119,2954,0.03
官,로되,17,3125,1954,0.028
書,도,8,4799,599,0.027
四,하니라,24,3183,2711,0.027
後,라,425,5088,30042,0.026
焉,오,19,3049,2241,0.026
已,라하여,7,3851,654,0.026
用,라가,17,4385,1394,0.026
下,면,242,10574,8230,0.026
此,하니라,61,8103,2711,0.024
又,어늘,59,4202,5066,0.022
自,호되,21,7614,995,0.022
書,로되,26,4799,1954,0.022
夫,어든,13,5744,817,0.021
焉,라도,12,3049,1421,0.021
事,하며,74,7598,3517,0.02
與,라,582,7002,30042,0.019
世,하여,417,3916,38494,0.019
十,러니,52,5743,3273,0.019
官,하다,107,3125,12378,0.019
州,라,328,3948,30042,0.018
非,라도,17,4326,1421,0.018
世,니이다,52,3916,4802,0.018
與,하면,22,7002,1137,0.017
已,하니,227,3851,21328,0.017
明,를,27,3261,2996,0.017
禮,어늘,47,3359,5066,0.017
禮,잇가,6,3359,647,0.016
上,하니이다,12,5497,791,0.015
君,와,46,6963,2395,0.015
乃,로다,9,3432,952,0.013
如,요,129,5821,8043,0.013
明,라하고,11,3261,1225,0.012
先,하며,30,3097,3517,0.012
及,나,56,4008,5073,0.012
三,하니,316,5380,21328,0.012
一,어늘,107,7673,5066,0.012
書,할새,12,4799,908,0.012
言,하니라,56,7503,2711,0.012
天,로,185,9000,7466,0.012
大,라,774,9361,30042,0.011
而,오,220,35709,2241,0.01
人,하니,1127,19215,21328,0.01
若,하며,33,3413,3517,0.01
行,어든,11,4901,817,0.009
下,하고,835,10574,28730,0.009
士,호되,11,4026,995,0.008
官,하니,183,3125,21328,0.008
五,라하니라,6,3226,678,0.007
自,요,168,7614,8043,0.007
於,라가,68,17777,1394,0.007
用,를,36,4385,2996,0.005
亦,하니,269,4602,21328,0.005
使,도,12,7315,599,0.004
三,하시니,9,5380,611,0.004
先,에,177,3097,20869,0.004
諸,라가,14,3669,1394,0.004
得,로다,18,6911,952,0.003
先,엔,6,3097,708,0.003
言,오,46,7503,2241,0.003
書,는,268,4799,20443,0.001
人,가,171,19215,3256,0.001
民,엔,7,3618,708,0.001
事,요,167,7598,8043,0.001
國,하며,52,5416,3517,-0.0
至,면,148,6585,8230,0.0
士,하다,136,4026,12378,-0.001
下,요,232,10574,8043,-0.001
未,하니라,32,4332,2711,-0.003
所,나,175,12656,5073,-0.003
之,하니이다,150,69570,791,-0.003
使,어늘,101,7315,5066,-0.003
矣,러니,54,6060,3273,-0.004
見,며,9,4395,752,-0.004
與,하다,236,7002,12378,-0.004
兵,로,85,4184,7466,-0.005
相,하다,155,4601,12378,-0.005
于,어늘,67,4860,5066,-0.005
見,라도,17,4395,1421,-0.005
天,라하고,30,9000,1225,-0.005
能,하여,597,5699,38494,-0.005
言,라도,29,7503,1421,-0.006
又,라하고,14,4202,1225,-0.006
自,나,105,7614,5073,-0.006
若,잇가,6,3413,647,-0.007
明,하니라,24,3261,2711,-0.008
生,하여,336,3215,38494,-0.008
國,로다,14,5416,952,-0.008
自,면,170,7614,8230,-0.009
國,라하고,18,5416,1225,-0.009
而,하노라,72,35709,743,-0.009
皆,하여,597,5714,38494,-0.009
爲,나,315,22901,5073,-0.01
也,리오,146,26664,2019,-0.01
兵,하라,9,4184,794,-0.011
在,를,35,4310,2996,-0.011
大,를,76,9361,2996,-0.011
而,어든,79,35709,817,-0.012
欲,를,31,3821,2996,-0.012
又,하니이다,9,4202,791,-0.012
死,니이다,41,3155,4802,-0.013
文,하고,341,4388,28730,-0.014
乎,라,321,3952,30042,-0.014
中,이,204,5639,13390,-0.015
民,러니,32,3618,3273,-0.015
世,로,79,3916,7466,-0.015
君,하니,401,6963,21328,-0.016
天,면,200,9000,8230,-0.016
國,하다,181,5416,12378,-0.016
君,라,565,6963,30042,-0.016
公,하여,1186,11407,38494,-0.016
見,니이다,57,4395,4802,-0.016
及,잇가,7,4008,647,-0.017
王,라하고,27,8165,1225,-0.017
然,잇가,11,6302,647,-0.017
臣,를,52,6439,2996,-0.019
文,요,95,4388,8043,-0.021
夫,하고,444,5744,28730,-0.021
一,하니,440,7673,21328,-0.022
言,하니,430,7503,21328,-0.023
與,니,146,7002,7760,-0.023
至,라하니라,12,6585,678,-0.023
下,와,68,10574,2395,-0.024
出,라,341,4231,30042,-0.025
已,면,85,3851,8230,-0.026
二,는,282,5144,20443,-0.026
國,하여,559,5416,38494,-0.026
此,어늘,110,8103,5066,-0.027
上,하시니,9,5497,611,-0.027
上,로,110,5497,7466,-0.027
大,라하니라,17,9361,678,-0.028
書,호대,10,4799,778,-0.028
若,아,27,3413,2954,-0.028
行,에,274,4901,20869,-0.028
必,로다,10,3926,952,-0.029
王,호대,17,8165,778,-0.029
天,리라,21,9000,872,-0.029
國,하고,416,5416,28730,-0.03
乃,라하여,6,3432,654,-0.031
天,에,502,9000,20869,-0.031
使,하니라,53,7315,2711,-0.031
官,도,5,3125,599,-0.032
世,어늘,53,3916,5066,-0.032
其,나,416,30717,5073,-0.033
日,하고,288,3756,28730,-0.033
爲,면,503,22901,8230,-0.033
相,면,101,4601,8230,-0.034
是,로되,38,7292,1954,-0.034
中,요,121,5639,8043,-0.034
明,어늘,44,3261,5066,-0.036
相,라,368,4601,30042,-0.037
下,호되,28,10574,995,-0.037
相,어든,10,4601,817,-0.038
自,하니,432,7614,21328,-0.038
亦,어늘,62,4602,5066,-0.038
事,하노라,15,7598,743,-0.039
上,어늘,74,5497,5066,-0.039
從,러라,11,3309,1251,-0.039
君,로,138,6963,7466,-0.041
在,하니라,31,4310,2711,-0.042
之,하고,5297,69570,28730,-0.043
其,하니,1735,30717,21328,-0.044
諸,면,80,3669,8230,-0.044
一,하여는,15,7673,738,-0.044
公,로되,59,11407,1954,-0.045
謂,잇가,9,5258,647,-0.046
則,하니이다,20,9567,791,-0.047
書,를,38,4799,2996,-0.047
下,며,21,10574,752,-0.048
君,러라,23,6963,1251,-0.048
諸,는,198,3669,20443,-0.049
自,라가,28,7614,1394,-0.05
兵,니이다,53,4184,4802,-0.05
君,도,11,6963,599,-0.05
世,리라,9,3916,872,-0.051
公,와,72,11407,2395,-0.051
此,를,64,8103,2996,-0.051
及,라도,15,4008,1421,-0.052
行,하니라,35,4901,2711,-0.052
之,이,2452,69570,13390,-0.053
道,하노라,8,4092,743,-0.053
道,라가,15,4092,1394,-0.054
非,하니이다,9,4326,791,-0.054
人,리오,102,19215,2019,-0.055
子,니,349,17119,7760,-0.056
五,엔,6,3226,708,-0.056
行,아,38,4901,2954,-0.057
之,하니라,495,69570,2711,-0.057
天,라,709,9000,30042,-0.058
下,하라,22,10574,794,-0.059
四,를,25,3183,2996,-0.059
死,니라,35,3155,4236,-0.06
生,리오,17,3215,2019,-0.06
王,에,446,8165,20869,-0.061
禮,러라,11,3359,1251,-0.061
上,러라,18,5497,1251,-0.061
可,면,199,9245,8230,-0.062
三,하면,16,5380,1137,-0.062
五,로,63,3226,7466,-0.062
後,며,10,5088,752,-0.063
死,하며,29,3155,3517,-0.063
日,하시니,6,3756,611,-0.063
有,라하고,52,16242,1225,-0.063
而,러니,305,35709,3273,-0.065
從,니,67,3309,7760,-0.066
出,니이다,53,4231,4802,-0.066
非,와,27,4326,2395,-0.067
從,라,259,3309,30042,-0.068
行,하다,158,4901,12378,-0.068
與,하고,524,7002,28730,-0.068
欲,하며,35,3821,3517,-0.068
禮,니이다,42,3359,4802,-0.069
言,요,157,7503,8043,-0.07
子,로되,87,17119,1954,-0.07
然,하시니,10,6302,611,-0.072
先,호되,8,3097,995,-0.073
與,라하니,37,7002,2035,-0.073
然,를,49,6302,2996,-0.073
于,로다,12,4860,952,-0.074
子,하노라,33,17119,743,-0.074
爲,하며,209,22901,3517,-0.074
若,하니라,24,3413,2711,-0.074
四,러니,27,3183,3273,-0.075
言,로되,38,7503,1954,-0.075
人,라하고,61,19215,1225,-0.075
明,라도,12,3261,1421,-0.076
官,어늘,41,3125,5066,-0.076
此,로되,41,8103,1954,-0.077
見,하니이다,9,4395,791,-0.077
道,하니,226,4092,21328,-0.077
後,하니,281,5088,21328,-0.077
天,리오,47,9000,2019,-0.078
與,니이다,87,7002,4802,-0.078
明,로,63,3261,7466,-0.078
也,어늘,349,26664,5066,-0.08
世,하니이다,8,3916,791,-0.08
事,와,47,7598,2395,-0.08
使,하라,15,7315,794,-0.08
諸,아,28,3669,2954,-0.08
皆,라하니라,10,5714,678,-0.081
至,잇가,11,6585,647,-0.081
一,리오,40,7673,2019,-0.081
如,도,9,5821,599,-0.081
年,로,117,6075,7466,-0.082
道,라도,15,4092,1421,-0.082
於,라하여,30,17777,654,-0.082
言,가,63,7503,3256,-0.082
乃,하니이다,7,3432,791,-0.083
十,하노라,11,5743,743,-0.083
四,하니,175,3183,21328,-0.083
行,어늘,64,4901,5066,-0.083
矣,오,35,6060,2241,-0.083
晉,라하니,17,3243,2035,-0.084
君,니라,76,6963,4236,-0.084
用,엔,8,4385,708,-0.084
及,면,85,4008,8230,-0.084
大,호되,24,9361,995,-0.084
如,나,76,5821,5073,-0.085
文,엔,8,4388,708,-0.085
大,리라,21,9361,872,-0.086
大,라하니,49,9361,2035,-0.086
人,하니라,134,19215,2711,-0.086
生,는,169,3215,20443,-0.087
而,엔,65,35709,708,-0.087
乃,하라,7,3432,794,-0.088
上,엔,10,5497,708,-0.088
二,가,43,5144,3256,-0.089
其,로되,154,30717,1954,-0.09
文,라도,16,4388,1421,-0.09
士,라하니라,7,4026,678,-0.091
曰,라하여,24,14316,654,-0.091
及,어늘,52,4008,5066,-0.092
侯,하여,416,4218,38494,-0.092
行,요,101,4901,8043,-0.092
禮,라가,12,3359,1394,-0.092
於,와,109,17777,2395,-0.093
自,리라,17,7614,872,-0.093
自,하고,559,7614,28730,-0.096
四,하여는,6,3183,738,-0.096
州,요,81,3948,8043,-0.098
上,를,42,5497,2996,-0.099
臣,요,132,6439,8043,-0.099
時,라가,15,4223,1394,-0.1
出,에,225,4231,20869,-0.1
事,에,404,7598,20869,-0.1
將,하여는,10,5323,738,-0.101
生,하시니,5,3215,611,-0.101
見,요,90,4395,8043,-0.101
之,하니,3772,69570,21328,-0.103
得,어늘,89,6911,5066,-0.103
師,하니이다,7,3481,791,-0.103
書,하여는,9,4799,738,-0.104
事,아,57,7598,2954,-0.105
道,러니,34,4092,3273,-0.105
明,나,42,3261,5073,-0.105
中,할새,13,5639,908,-0.105
時,라,322,4223,30042,-0.105
五,하시니,5,3226,611,-0.106
下,엔,19,10574,708,-0.106
吾,를,28,3686,2996,-0.107
軍,하노라,6,3184,743,-0.107
時,라하여,7,4223,654,-0.107
故,니이다,84,6906,4802,-0.108
後,니,100,5088,7760,-0.109
民,라,275,3618,30042,-0.11
焉,호대,6,3049,778,-0.11
將,하니,287,5323,21328,-0.111
大,라하고,29,9361,1225,-0.111
無,오,55,9706,2241,-0.111
與,하니이다,14,7002,791,-0.111
夫,하며,51,5744,3517,-0.113
晉,로되,16,3243,1954,-0.113
及,하니이다,8,4008,791,-0.114
未,하고,314,4332,28730,-0.114
於,하면,51,17777,1137,-0.114
言,로다,18,7503,952,-0.116
文,호되,11,4388,995,-0.116
事,어늘,97,7598,5066,-0.116
至,라,498,6585,30042,-0.117
民,로,68,3618,7466,-0.117
得,로되,34,6911,1954,-0.117
于,하며,43,4860,3517,-0.118
吾,잇가,6,3686,647,-0.118
軍,를,24,3184,2996,-0.118
國,라가,19,5416,1394,-0.118
其,와,185,30717,2395,-0.119
軍,러라,10,3184,1251,-0.121
于,하여는,9,4860,738,-0.122
將,도,8,5323,599,-0.122
公,하고,822,11407,28730,-0.123
能,오,32,5699,2241,-0.124
天,이,302,9000,13390,-0.124
明,는,167,3261,20443,-0.124
相,아,34,4601,2954,-0.126
三,하노라,10,5380,743,-0.126
諸,라하여,6,3669,654,-0.127
一,러라,24,7673,1251,-0.127
士,어늘,51,4026,5066,-0.127
十,라가,20,5743,1394,-0.128
師,로되,17,3481,1954,-0.128
知,어늘,78,6165,5066,-0.129
出,라도,15,4231,1421,-0.13
二,러니,42,5144,3273,-0.13
君,어늘,88,6963,5066,-0.13
兵,니,81,4184,7760,-0.13
將,니,103,5323,7760,-0.131
及,니이다,48,4008,4802,-0.131
將,로,99,5323,7466,-0.132
者,라하니,107,21101,2035,-0.132
行,라,367,4901,30042,-0.132
士,하니,214,4026,21328,-0.132
故,한대,43,6906,2501,-0.133
後,라도,18,5088,1421,-0.133
相,하시니,7,4601,611,-0.133
有,하면,46,16242,1137,-0.133
亦,하시니,7,4602,611,-0.133
大,로,174,9361,7466,-0.133
書,요,96,4799,8043,-0.135
及,하니라,27,4008,2711,-0.136
大,어든,19,9361,817,-0.136
至,하고,470,6585,28730,-0.136
相,나,58,4601,5073,-0.136
後,면,104,5088,8230,-0.137
故,라하고,21,6906,1225,-0.138
至,리오,33,6585,2019,-0.138
天,하니,476,9000,21328,-0.139
子,하고,1220,17119,28730,-0.139
先,로되,15,3097,1954,-0.14
爲,로다,54,22901,952,-0.141
事,리오,38,7598,2019,-0.141
民,요,72,3618,8043,-0.142
及,니라,42,4008,4236,-0.142
侯,와,25,4218,2395,-0.142
其,라도,108,30717,1421,-0.142
又,러니,34,4202,3273,-0.143
言,니,144,7503,7760,-0.143
十,로,106,5743,7466,-0.143
文,로,81,4388,7466,-0.143
行,와,29,4901,2395,-0.144
言,잇가,12,7503,647,-0.144
一,하니이다,15,7673,791,-0.144
四,라하니,16,3183,2035,-0.145
三,라하니라,9,5380,678,-0.146
以,호되,85,34619,995,-0.146
晉,하고,230,3243,28730,-0.146
見,나,55,4395,5073,-0.147
今,로다,12,5115,952,-0.148
上,하니,289,5497,21328,-0.148
其,라하니,154,30717,2035,-0.148
後,하니라,34,5088,2711,-0.148
君,하고,493,6963,28730,-0.148
吾,어늘,46,3686,5066,-0.149
亦,하라,9,4602,794,-0.149
故,잇가,11,6906,647,-0.149
生,하면,9,3215,1137,-0.149
已,하여는,7,3851,738,-0.149
欲,니,73,3821,7760,-0.149
王,하여,774,8165,38494,-0.149
今,하라,10,5115,794,-0.149
此,며,15,8103,752,-0.15
人,하여,1819,19215,38494,-0.151
十,엔,10,5743,708,-0.151
見,라하니,22,4395,2035,-0.151
從,하여는,6,3309,738,-0.152
道,호되,10,4092,995,-0.153
生,어늘,40,3215,5066,-0.153
君,호되,17,6963,995,-0.154
欲,니이다,45,3821,4802,-0.155
文,라가,15,4388,1394,-0.155
侯,하고,297,4218,28730,-0.156
子,오,94,17119,2241,-0.156
事,며,14,7598,752,-0.156
中,어늘,70,5639,5066,-0.156
之,라하니,347,69570,2035,-0.156
人,러니,154,19215,3273,-0.157
官,면,63,3125,8230,-0.157
是,면,147,7292,8230,-0.157
見,라가,15,4395,1394,-0.157
二,하라,10,5144,794,-0.157
先,요,61,3097,8043,-0.157
相,라도,16,4601,1421,-0.158
大,니이다,110,9361,4802,-0.158
子,하여,1613,17119,38494,-0.158
民,하니라,24,3618,2711,-0.158
又,호대,8,4202,778,-0.158
大,하시니,14,9361,611,-0.158
下,하며,91,10574,3517,-0.158
兵,로되,20,4184,1954,-0.159
兵,하며,36,4184,3517,-0.159
日,와,22,3756,2395,-0.159
若,도,5,3413,599,-0.159
民,라하니라,6,3618,678,-0.159
人,니라,199,19215,4236,-0.159
則,와,56,9567,2395,-0.16
必,러라,12,3926,1251,-0.16
如,어늘,72,5821,5066,-0.161
吾,는,184,3686,20443,-0.161
未,면,87,4332,8230,-0.162
從,하고,232,3309,28730,-0.162
中,라하여,9,5639,654,-0.162
在,하고,302,4310,28730,-0.163
其,는,1531,30717,20443,-0.163
出,리라,9,4231,872,-0.163
在,로다,10,4310,952,-0.164
夫,한대,35,5744,2501,-0.164
欲,며,7,3821,752,-0.165
在,아,31,4310,2954,-0.165
下,아,76,10574,2954,-0.166
不,오,199,36502,2241,-0.167
子,어든,34,17119,817,-0.168
官,한대,19,3125,2501,-0.168
太,어늘,47,3822,5066,-0.17
然,라하여,10,6302,654,-0.17
官,하니이다,6,3125,791,-0.17
于,라하니라,8,4860,678,-0.17
侯,로되,20,4218,1954,-0.17
言,하며,64,7503,3517,-0.171
國,러니,43,5416,3273,-0.171
及,로되,19,4008,1954,-0.171
皆,하라,11,5714,794,-0.171
之,리라,147,69570,872,-0.172
文,며,8,4388,752,-0.172
以,오,188,34619,2241,-0.172
於,하노라,32,17777,743,-0.173
已,라가,13,3851,1394,-0.173
出,나,52,4231,5073,-0.173
之,하며,592,69570,3517,-0.174
言,어늘,92,7503,5066,-0.174
禮,아,24,3359,2954,-0.175
臣,엔,11,6439,708,-0.178
一,하여,713,7673,38494,-0.178
中,한대,34,5639,2501,-0.18
日,라,272,3756,30042,-0.18
然,오,34,6302,2241,-0.182
公,에,573,11407,20869,-0.182
子,호되,41,17119,995,-0.182
而,어늘,435,35709,5066,-0.183
見,니,82,4395,7760,-0.184
五,하니라,21,3226,2711,-0.185
知,하노라,11,6165,743,-0.185
與,로다,16,7002,952,-0.186
先,리오,15,3097,2019,-0.187
而,라하여,56,35709,654,-0.187
相,니이다,53,4601,4802,-0.187
下,라,762,10574,30042,-0.187
日,를,27,3756,2996,-0.187
後,라가,17,5088,1394,-0.188
至,라가,22,6585,1394,-0.188
臣,할새,14,6439,908,-0.189
謂,하라,10,5258,794,-0.189
在,리라,9,4310,872,-0.189
死,하라,6,3155,794,-0.189
知,하니,315,6165,21328,-0.189
道,라하고,12,4092,1225,-0.19
王,하고,561,8165,28730,-0.191
臣,어늘,78,6439,5066,-0.191
從,하면,9,3309,1137,-0.191
子,엔,29,17119,708,-0.191
從,니이다,38,3309,4802,-0.191
言,니라,76,7503,4236,-0.191
五,할새,7,3226,908,-0.192
其,어든,60,30717,817,-0.192
將,엔,9,5323,708,-0.193
之,하여,6392,69570,38494,-0.194
侯,어늘,51,4218,5066,-0.194
言,니이다,86,7503,4802,-0.194
日,요,72,3756,8043,-0.196
臣,로되,30,6439,1954,-0.196
明,이,104,3261,13390,-0.197
若,하여는,6,3413,738,-0.197
世,라가,13,3916,1394,-0.197
之,에,3456,69570,20869,-0.198
侯,라가,14,4218,1394,-0.198
上,하며,46,5497,3517,-0.199
而,라하고,104,35709,1225,-0.2
道,로되,19,4092,1954,-0.201
生,로,57,3215,7466,-0.201
軍,하라,6,3184,794,-0.202
明,하니,165,3261,21328,-0.203
是,며,13,7292,752,-0.204
大,니라,94,9361,4236,-0.204
公,라하니,55,11407,2035,-0.205
民,어든,7,3618,817,-0.205
中,도,8,5639,599,-0.205
得,하시니,10,6911,611,-0.205
爲,하여는,40,22901,738,-0.206
今,와,29,5115,2395,-0.206
日,어늘,45,3756,5066,-0.207
而,하여,3252,35709,38494,-0.207
子,어늘,205,17119,5066,-0.208
大,면,182,9361,8230,-0.209
乎,라하니,19,3952,2035,-0.209
及,러니,31,4008,3273,-0.209
年,라가,20,6075,1394,-0.209
後,를,36,5088,2996,-0.209
之,로,1227,69570,7466,-0.209
行,니라,49,4901,4236,-0.21
者,하노라,37,21101,743,-0.21
公,하니라,73,11407,2711,-0.21
言,이,237,7503,13390,-0.211
禮,리오,16,3359,2019,-0.211
生,오,17,3215,2241,-0.211
相,하여는,8,4601,738,-0.213
夫,니,105,5744,7760,-0.213
世,하니라,25,3916,2711,-0.214
兵,라도,14,4184,1421,-0.214
謂,리오,25,5258,2019,-0.214
于,하면,13,4860,1137,-0.215
在,가,33,4310,3256,-0.216
爲,어든,44,22901,817,-0.216
生,하라,6,3215,794,-0.216
然,하니,316,6302,21328,-0.216
言,하라,14,7503,794,-0.217
人,나,229,19215,5073,-0.217
晉,에,159,3243,20869,-0.217
故,라하니,33,6906,2035,-0.218
王,라하니,39,8165,2035,-0.218
書,에,235,4799,20869,-0.219
明,라하여,5,3261,654,-0.22
三,나,64,5380,5073,-0.22
若,러라,10,3413,1251,-0.221
用,오,23,4385,2241,-0.222
用,어늘,52,4385,5066,-0.222
今,며,9,5115,752,-0.223
行,리라,10,4901,872,-0.223
又,가,32,4202,3256,-0.223
臣,면,124,6439,8230,-0.223
子,를,120,17119,2996,-0.223
上,호대,10,5497,778,-0.224
二,를,36,5144,2996,-0.225
今,하고,343,5115,28730,-0.226
此,나,96,8103,5073,-0.226
以,나,410,34619,5073,-0.226
從,잇가,5,3309,647,-0.226
欲,리오,18,3821,2019,-0.227
君,니이다,78,6963,4802,-0.227
在,나,51,4310,5073,-0.227
焉,하며,25,3049,3517,-0.228
行,라하고,14,4901,1225,-0.228
書,러라,14,4799,1251,-0.228
時,면,81,4223,8230,-0.229
所,라하니,60,12656,2035,-0.229
國,리라,11,5416,872,-0.229
大,라도,31,9361,1421,-0.229
死,를,22,3155,2996,-0.23
時,가,32,4223,3256,-0.231
年,엔,10,6075,708,-0.232
吾,어든,7,3686,817,-0.232
中,라,394,5639,30042,-0.232
民,로다,8,3618,952,-0.233
從,나,39,3309,5073,-0.233
於,라하니라,28,17777,678,-0.233
相,를,32,4601,2996,-0.234
也,하노라,46,26664,743,-0.234
師,하노라,6,3481,743,-0.235
事,하라,14,7598,794,-0.235
故,를,48,6906,2996,-0.235
兵,요,78,4184,8043,-0.236
時,어든,8,4223,817,-0.236
太,하니,189,3822,21328,-0.236
及,하고,267,4008,28730,-0.236
大,러니,71,9361,3273,-0.237
與,라하니라,11,7002,678,-0.237
事,라도,25,7598,1421,-0.238
四,가,24,3183,3256,-0.238
若,하고,227,3413,28730,-0.238
國,하니라,34,5416,2711,-0.238
兵,라,291,4184,30042,-0.238
夫,요,107,5744,8043,-0.238
太,라하니,18,3822,2035,-0.239
王,로,141,8165,7466,-0.239
出,어든,8,4231,817,-0.239
者,하여는,36,21101,738,-0.24
五,하니,159,3226,21328,-0.241
道,로다,9,4092,952,-0.241
晉,나,38,3243,5073,-0.241
從,라하여,5,3309,654,-0.241
將,니이다,59,5323,4802,-0.242
君,하여,618,6963,38494,-0.244
以,로다,76,34619,952,-0.244
言,며,13,7503,752,-0.245
師,면,66,3481,8230,-0.245
若,니,61,3413,7760,-0.246
官,러라,9,3125,1251,-0.246
及,가,30,4008,3256,-0.248
欲,라,264,3821,30042,-0.248
使,라하여,11,7315,654,-0.248
未,하며,35,4332,3517,-0.249
師,러라,10,3481,1251,-0.25
二,하니라,32,5144,2711,-0.251
禮,할새,7,3359,908,-0.251
使,러라,21,7315,1251,-0.251
言,라하니,35,7503,2035,-0.252
國,나,63,5416,5073,-0.252
使,하며,59,7315,3517,-0.252
今,니,91,5115,7760,-0.252
文,니,78,4388,7760,-0.253
後,하며,41,5088,3517,-0.253
此,하니,396,8103,21328,-0.253
及,라하여,6,4008,654,-0.254
出,를,29,4231,2996,-0.255
人,한대,110,19215,2501,-0.255
出,하며,34,4231,3517,-0.257
五,가,24,3226,3256,-0.257
行,러라,14,4901,1251,-0.258
中,면,106,5639,8230,-0.258
三,하고,353,5380,28730,-0.258
言,어든,14,7503,817,-0.258
子,하니라,106,17119,2711,-0.258
至,도,9,6585,599,-0.259
知,하면,16,6165,1137,-0.259
者,리라,42,21101,872,-0.259
若,라,234,3413,30042,-0.259
今,니이다,56,5115,4802,-0.26
見,와,24,4395,2395,-0.26
日,러니,28,3756,3273,-0.262
是,가,54,7292,3256,-0.264
此,가,60,8103,3256,-0.264
大,나,108,9361,5073,-0.264
軍,로,54,3184,7466,-0.265
在,어든,8,4310,817,-0.265
人,로,326,19215,7466,-0.265
以,하여,3029,34619,38494,-0.265
焉,하고,199,3049,28730,-0.265
如,할새,12,5821,908,-0.266
一,러니,57,7673,3273,-0.267
出,와,23,4231,2395,-0.267
將,에,252,5323,20869,-0.267
非,하시니,6,4326,611,-0.267
時,니이다,46,4223,4802,-0.268
生,니이다,35,3215,4802,-0.268
國,라,369,5416,30042,-0.268
道,잇가,6,4092,647,-0.269
二,로,87,5144,7466,-0.269
此,엔,13,8103,708,-0.269
如,하고,379,5821,28730,-0.269
者,어늘,242,21101,5066,-0.27
中,니,99,5639,7760,-0.271
兵,나,48,4184,5073,-0.272
若,하여,297,3413,38494,-0.272
子,로,289,17119,7466,-0.272
明,라하니라,5,3261,678,-0.272
上,요,100,5497,8043,-0.272
知,하며,49,6165,3517,-0.273
公,는,527,11407,20443,-0.273
今,요,93,5115,8043,-0.273
不,라가,115,36502,1394,-0.273
如,니,102,5821,7760,-0.274
禮,하니이다,6,3359,791,-0.274
師,라하니,16,3481,2035,-0.274
人,하고,1246,19215,28730,-0.275
與,는,323,7002,20443,-0.275
明,로다,7,3261,952,-0.276
出,니,74,4231,7760,-0.277
必,하니이다,7,3926,791,-0.277
爲,가,168,22901,3256,-0.277
太,는,176,3822,20443,-0.278
見,하여,381,4395,38494,-0.278
下,리오,48,10574,2019,-0.28
文,어늘,50,4388,5066,-0.28
先,로,52,3097,7466,-0.28
若,를,23,3413,2996,-0.28
相,라하니,21,4601,2035,-0.284
中,하니이다,10,5639,791,-0.284
人,하면,49,19215,1137,-0.284
又,하노라,7,4202,743,-0.284
月,로,68,4062,7466,-0.284
臣,하니,308,6439,21328,-0.284
士,라,271,4026,30042,-0.285
是,는,334,7292,20443,-0.285
天,러니,66,9000,3273,-0.285
及,라하고,11,4008,1225,-0.285
一,리라,15,7673,872,-0.285
一,라하니,35,7673,2035,-0.285
有,하여,1401,16242,38494,-0.285
州,로,66,3948,7466,-0.286
上,하면,14,5497,1137,-0.286
書,가,35,4799,3256,-0.286
言,러니,55,7503,3273,-0.286
文,가,32,4388,3256,-0.286
吾,러니,27,3686,3273,-0.287
則,라하여,14,9567,654,-0.287
爲,호되,51,22901,995,-0.287
生,러라,9,3215,1251,-0.287
人,와,103,19215,2395,-0.287
生,한대,18,3215,2501,-0.287
將,면,98,5323,8230,-0.288
天,호되,20,9000,995,-0.29
用,라하고,12,4385,1225,-0.29
下,하니라,64,10574,2711,-0.29
生,라가,10,3215,1394,-0.291
文,라하고,12,4388,1225,-0.291
又,로,70,4202,7466,-0.291
生,면,59,3215,8230,-0.292
諸,하시니,5,3669,611,-0.292
五,하여,277,3226,38494,-0.292
下,라하니,48,10574,2035,-0.292
死,호되,7,3155,995,-0.292
上,어든,10,5497,817,-0.294
如,하여,499,5821,38494,-0.294
國,호되,12,5416,995,-0.294
上,라하고,15,5497,1225,-0.294
之,나,786,69570,5073,-0.294
能,를,38,5699,2996,-0.295
所,라도,40,12656,1421,-0.296
今,하니이다,9,5115,791,-0.296
上,러니,40,5497,3273,-0.297
後,러니,37,5088,3273,-0.297
人,니이다,205,19215,4802,-0.298
民,니라,34,3618,4236,-0.3
中,하며,44,5639,3517,-0.3
死,는,143,3155,20443,-0.301
將,라하니라,8,5323,678,-0.301
用,이,130,4385,13390,-0.303
從,니라,31,3309,4236,-0.304
書,라하고,13,4799,1225,-0.304
生,아,21,3215,2954,-0.304
及,라하니라,6,4008,678,-0.306
欲,로,63,3821,7466,-0.306
及,라하니,18,4008,2035,-0.307
王,하니,384,8165,21328,-0.308
二,하니,242,5144,21328,-0.308
子,니라,160,17119,4236,-0.308
人,엔,30,19215,708,-0.308
時,며,7,4223,752,-0.309
無,러니,70,9706,3273,-0.309
見,를,29,4395,2996,-0.31
世,면,71,3916,8230,-0.31
書,하면,12,4799,1137,-0.312
與,어늘,78,7002,5066,-0.312
出,며,7,4231,752,-0.312
用,는,197,4385,20443,-0.313
之,러니,500,69570,3273,-0.314
若,니이다,36,3413,4802,-0.314
禮,하니라,20,3359,2711,-0.314
師,라하여,5,3481,654,-0.314
生,엔,5,3215,708,-0.314
之,러라,191,69570,1251,-0.315
一,하고,484,7673,28730,-0.315
王,로되,35,8165,1954,-0.316
者,로다,44,21101,952,-0.318
年,며,10,6075,752,-0.319
官,니,53,3125,7760,-0.321
世,하고,246,3916,28730,-0.321
吾,하여,310,3686,38494,-0.322
十,하니라,34,5743,2711,-0.322
亦,호되,10,4602,995,-0.322
見,하니라,26,4395,2711,-0.323
在,리오,19,4310,2019,-0.323
五,호되,7,3226,995,-0.324
故,라가,21,6906,1394,-0.324
吾,호되,8,3686,995,-0.324
時,니라,39,4223,4236,-0.325
五,하다,87,3226,12378,-0.326
生,에,146,3215,20869,-0.327
君,에,316,6963,20869,-0.328
侯,라하여,6,4218,654,-0.328
之,어늘,766,69570,5066,-0.329
之,라하고,185,69570,1225,-0.331
禮,나,37,3359,5073,-0.331
諸,하며,28,3669,3517,-0.332
出,라하여,6,4231,654,-0.333
官,하여는,5,3125,738,-0.333
欲,하고,238,3821,28730,-0.333
是,어늘,80,7292,5066,-0.334
與,오,34,7002,2241,-0.334
後,어든,9,5088,817,-0.335
中,하여는,9,5639,738,-0.336
生,하다,86,3215,12378,-0.337
若,라하니라,5,3413,678,-0.338
非,를,28,4326,2996,-0.338
其,러니,217,30717,3273,-0.339
必,나,43,3926,5073,-0.339
師,와,18,3481,2395,-0.339
從,오,16,3309,2241,-0.34
大,하며,71,9361,3517,-0.34
有,를,105,16242,2996,-0.34
知,하여,512,6165,38494,-0.34
三,한대,29,5380,2501,-0.341
文,로다,9,4388,952,-0.342
後,는,224,5088,20443,-0.342
官,하노라,5,3125,743,-0.343
與,하며,53,7002,3517,-0.343
言,하고,464,7503,28730,-0.343
又,하다,112,4202,12378,-0.343
文,에,197,4388,20869,-0.344
日,나,41,3756,5073,-0.344
自,로되,32,7614,1954,-0.344
時,요,73,4223,8043,-0.345
國,에,243,5416,20869,-0.345
夫,라,371,5744,30042,-0.345
人,하며,145,19215,3517,-0.348
四,로,51,3183,7466,-0.348
行,로다,10,4901,952,-0.349
軍,하며,24,3184,3517,-0.349
已,하고,237,3851,28730,-0.35
道,와,21,4092,2395,-0.35
吾,라가,11,3686,1394,-0.351
生,리라,6,3215,872,-0.351
與,나,76,7002,5073,-0.352
大,도,12,9361,599,-0.352
故,라도,21,6906,1421,-0.352
民,라도,11,3618,1421,-0.352
能,라가,17,5699,1394,-0.352
在,하여,355,4310,38494,-0.352
文,하며,33,4388,3517,-0.353
日,니라,34,3756,4236,-0.354
時,를,27,4223,2996,-0.356
夫,라하고,15,5744,1225,-0.357
而,라가,106,35709,1394,-0.359
使,아,46,7315,2954,-0.359
亦,어든,8,4602,817,-0.36
日,러라,10,3756,1251,-0.36
太,하여는,6,3822,738,-0.36
國,로,86,5416,7466,-0.361
者,하면,51,21101,1137,-0.361
上,와,28,5497,2395,-0.361
明,리오,14,3261,2019,-0.361
公,요,195,11407,8043,-0.361
生,하며,24,3215,3517,-0.363
以,도,44,34619,599,-0.364
四,하여,260,3183,38494,-0.364
中,라도,17,5639,1421,-0.364
自,하노라,12,7614,743,-0.364
於,를,113,17777,2996,-0.364
然,라도,19,6302,1421,-0.364
士,니이다,41,4026,4802,-0.365
太,에,169,3822,20869,-0.366
今,아,32,5115,2954,-0.367
人,하여는,30,19215,738,-0.368
能,호되,12,5699,995,-0.368
將,로되,22,5323,1954,-0.368
事,호되,16,7598,995,-0.368
以,라도,104,34619,1421,-0.369
中,로,89,5639,7466,-0.369
州,도,5,3948,599,-0.369
爲,하면,55,22901,1137,-0.37
明,리라,6,3261,872,-0.372
未,아,27,4332,2954,-0.372
與,라도,21,7002,1421,-0.372
師,어든,6,3481,817,-0.372
自,오,36,7614,2241,-0.372
師,라하고,9,3481,1225,-0.372
死,며,5,3155,752,-0.374
四,나,34,3183,5073,-0.375
于,로되,20,4860,1954,-0.375
禮,엔,5,3359,708,-0.377
若,라가,10,3413,1394,-0.378
後,요,86,5088,8043,-0.378
不,하노라,57,36502,743,-0.378
如,라하여,8,5821,654,-0.378
日,라가,11,3756,1394,-0.378
十,호되,12,5743,995,-0.379
皆,한대,30,5714,2501,-0.379
夫,어늘,61,5744,5066,-0.381
禮,하면,8,3359,1137,-0.382
及,한대,21,4008,2501,-0.382
時,라하니,18,4223,2035,-0.383
明,니,53,3261,7760,-0.383
欲,러라,10,3821,1251,-0.384
出,하니이다,7,4231,791,-0.385
出,라하니,18,4231,2035,-0.385
人,잇가,26,19215,647,-0.385
生,러니,22,3215,3273,-0.385
太,가,26,3822,3256,-0.386
上,라가,16,5497,1394,-0.387
之,라하여,95,69570,654,-0.387
然,하고,378,6302,28730,-0.387
見,라하여,6,4395,654,-0.387
明,면,56,3261,8230,-0.388
先,라가,9,3097,1394,-0.389
五,러니,22,3226,3273,-0.39
此,라도,24,8103,1421,-0.39
人,로다,38,19215,952,-0.394
生,와,16,3215,2395,-0.394
出,러라,11,4231,1251,-0.394
時,와,21,4223,2395,-0.395
時,니,68,4223,7760,-0.396
公,라하고,29,11407,1225,-0.396
使,하니이다,12,7315,791,-0.397
一,아,47,7673,2954,-0.397
至,하며,48,6585,3517,-0.398
五,도,4,3226,599,-0.4
諸,오,17,3669,2241,-0.401
出,니라,37,4231,4236,-0.403
二,니라,45,5144,4236,-0.403
臣,라하니라,9,6439,678,-0.405
下,이,292,10574,13390,-0.405
子,하여는,26,17119,738,-0.408
四,하며,23,3183,3517,-0.41
夫,라하니라,8,5744,678,-0.411
子,라가,49,17119,1394,-0.411
天,하면,21,9000,1137,-0.412
日,할새,7,3756,908,-0.412
其,어늘,319,30717,5066,-0.414
子,라,1053,17119,30042,-0.415
下,에,452,10574,20869,-0.415
書,하시니,6,4799,611,-0.416
然,리오,26,6302,2019,-0.418
在,할새,8,4310,908,-0.418
公,로,174,11407,7466,-0.418
知,가,41,6165,3256,-0.419
必,면,66,3926,8230,-0.419
三,하다,136,5380,12378,-0.419
自,엔,11,7614,708,-0.42
在,하면,10,4310,1137,-0.42
先,하니이다,5,3097,791,-0.42
在,러라,11,4310,1251,-0.421
將,니라,46,5323,4236,-0.421
明,며,5,3261,752,-0.421
君,나,72,6963,5073,-0.422
下,라가,30,10574,1394,-0.424
先,하다,78,3097,12378,-0.424
故,니,109,6906,7760,-0.425
乎,오,18,3952,2241,-0.426
謂,를,32,5258,2996,-0.427
中,하시니,7,5639,611,-0.427
師,가,23,3481,3256,-0.428
出,요,69,4231,8043,-0.429
行,는,203,4901,20443,-0.43
時,러니,28,4223,3273,-0.431
諸,리오,15,3669,2019,-0.431
一,로,116,7673,7466,-0.431
皆,호대,9,5714,778,-0.432
與,요,114,7002,8043,-0.432
禮,한대,17,3359,2501,-0.432
二,니이다,50,5144,4802,-0.432
先,와,15,3097,2395,-0.433
後,하여,396,5088,38494,-0.434
於,라하고,44,17777,1225,-0.434
臣,하고,374,6439,28730,-0.434
事,니라,65,7598,4236,-0.435
用,라하니라,6,4385,678,-0.436
三,어늘,55,5380,5066,-0.436
也,아,159,26664,2954,-0.436
士,니,63,4026,7760,-0.437
欲,할새,7,3821,908,-0.437
道,하며,29,4092,3517,-0.438
民,나,37,3618,5073,-0.438
使,가,48,7315,3256,-0.438
臣,라,390,6439,30042,-0.438
三,하여,417,5380,38494,-0.439
子,라도,49,17119,1421,-0.439
上,면,91,5497,8230,-0.441
中,니라,48,5639,4236,-0.442
用,하라,7,4385,794,-0.442
夫,에,241,5744,20869,-0.442
四,한대,16,3183,2501,-0.442
時,하니라,23,4223,2711,-0.443
諸,라하니,15,3669,2035,-0.443
侯,엔,6,4218,708,-0.443
下,라하고,26,10574,1225,-0.444
二,라하니라,7,5144,678,-0.444
州,이,106,3948,13390,-0.445
用,한대,22,4385,2501,-0.445
能,하면,13,5699,1137,-0.445
則,하여,738,9567,38494,-0.446
乃,리라,6,3432,872,-0.446
中,라하니,23,5639,2035,-0.446
於,가,116,17777,3256,-0.446
年,하니라,33,6075,2711,-0.447
子,면,282,17119,8230,-0.448
時,라도,12,4223,1421,-0.449
子,와,82,17119,2395,-0.449
所,라하고,31,12656,1225,-0.45
亦,하여,354,4602,38494,-0.45
夫,라가,16,5744,1394,-0.45
時,로,63,4223,7466,-0.451
以,를,207,34619,2996,-0.452
王,가,53,8165,3256,-0.454
五,호대,5,3226,778,-0.455
必,하여,301,3926,38494,-0.455
王,하여는,12,8165,738,-0.455
師,라,208,3481,30042,-0.457
曰,요,229,14316,8043,-0.457
至,하시니,8,6585,611,-0.458
禮,도,4,3359,599,-0.458
之,하다,1712,69570,12378,-0.458
生,라하니,13,3215,2035,-0.459
欲,하니이다,6,3821,791,-0.46
年,요,97,6075,8043,-0.46
侯,는,171,4218,20443,-0.461
至,호되,13,6585,995,-0.461
從,로,49,3309,7466,-0.461
言,하여,573,7503,38494,-0.461
天,로다,17,9000,952,-0.461
也,하라,42,26664,794,-0.461
言,리오,30,7503,2019,-0.463
其,이,814,30717,13390,-0.464
焉,호되,6,3049,995,-0.465
日,리오,15,3756,2019,-0.465
自,가,49,7614,3256,-0.466
時,도,5,4223,599,-0.466
得,하며,48,6911,3517,-0.467
上,니라,46,5497,4236,-0.467
至,나,66,6585,5073,-0.467
三,니이다,51,5380,4802,-0.468
世,잇가,5,3916,647,-0.468
自,를,45,7614,2996,-0.469
自,도,9,7614,599,-0.469
上,하여는,8,5497,738,-0.47
也,잇가,34,26664,647,-0.47
如,리라,10,5821,872,-0.471
後,와,24,5088,2395,-0.471
臣,라도,18,6439,1421,-0.473
士,하면,9,4026,1137,-0.474
與,라하여,9,7002,654,-0.474
言,라하니라,10,7503,678,-0.474
又,니라,35,4202,4236,-0.474
後,니이다,48,5088,4802,-0.475
臣,에,264,6439,20869,-0.475
後,한대,25,5088,2501,-0.475
然,니,96,6302,7760,-0.476
此,어든,13,8103,817,-0.476
四,오,14,3183,2241,-0.476
所,하니,530,12656,21328,-0.476
生,나,32,3215,5073,-0.477
中,호되,11,5639,995,-0.478
中,가,36,5639,3256,-0.478
上,하노라,8,5497,743,-0.479
天,할새,16,9000,908,-0.48
中,나,56,5639,5073,-0.48
官,라하여,4,3125,654,-0.48
使,할새,13,7315,908,-0.48
官,어든,5,3125,817,-0.48
者,라하여,27,21101,654,-0.481
乎,니,60,3952,7760,-0.481
二,하여,387,5144,38494,-0.482
至,아,38,6585,2954,-0.483
然,하면,14,6302,1137,-0.483
如,가,37,5821,3256,-0.484
大,아,54,9361,2954,-0.484
之,어든,111,69570,817,-0.484
所,하여,951,12656,38494,-0.484
欲,요,60,3821,8043,-0.484
相,라하고,11,4601,1225,-0.485
書,라,281,4799,30042,-0.486
然,로되,24,6302,1954,-0.486
所,하고,709,12656,28730,-0.486
如,하라,9,5821,794,-0.488
子,요,268,17119,8043,-0.488
師,하여는,5,3481,738,-0.488
故,러니,44,6906,3273,-0.488
君,하여는,10,6963,738,-0.489
子,에,694,17119,20869,-0.491
三,가,34,5380,3256,-0.492
其,라하여,39,30717,654,-0.492
子,며,25,17119,752,-0.492
知,라도,17,6165,1421,-0.493
侯,하시니,5,4218,611,-0.493
兵,하니라,22,4184,2711,-0.493
者,러니,134,21101,3273,-0.493
明,하니이다,5,3261,791,-0.494
又,하고,234,4202,28730,-0.494
二,면,82,5144,8230,-0.495
自,라하니라,10,7614,678,-0.495
在,도,5,4310,599,-0.496
侯,라하고,10,4218,1225,-0.497
上,며,8,5497,752,-0.497
士,아,23,4026,2954,-0.498
能,는,225,5699,20443,-0.5
軍,가,20,3184,3256,-0.501
出,라하고,10,4231,1225,-0.501
見,엔,6,4395,708,-0.502
則,는,377,9567,20443,-0.502
後,라하고,12,5088,1225,-0.504
太,로다,7,3822,952,-0.505
相,라하니라,6,4601,678,-0.506
二,엔,7,5144,708,-0.507
州,하니이다,6,3948,791,-0.507
無,하여,718,9706,38494,-0.507
不,하여,2700,36502,38494,-0.507
士,잇가,5,4026,647,-0.508
若,하시니,4,3413,611,-0.509
其,하시니,36,30717,611,-0.509
用,로다,8,4385,952,-0.511
焉,요,47,3049,8043,-0.511
從,를,19,3309,2996,-0.511
士,할새,7,4026,908,-0.512
今,어든,8,5115,817,-0.512
已,로,55,3851,7466,-0.513
夫,하여,423,5744,38494,-0.513
文,한대,21,4388,2501,-0.513
在,하며,29,4310,3517,-0.513
年,러니,38,6075,3273,-0.515
士,나,39,4026,5073,-0.516
生,니라,26,3215,4236,-0.516
乃,하시니,4,3432,611,-0.517
三,오,23,5380,2241,-0.517
君,하니라,36,6963,2711,-0.518
人,라가,51,19215,1394,-0.52
四,하고,174,3183,28730,-0.521
又,러라,10,4202,1251,-0.521
無,하면,21,9706,1137,-0.521
三,이,137,5380,13390,-0.522
侯,면,66,4218,8230,-0.522
民,리라,6,3618,872,-0.522
太,라,218,3822,30042,-0.524
國,호대,8,5416,778,-0.524
世,리오,15,3916,2019,-0.525
吾,하고,201,3686,28730,-0.525
使,라하고,17,7315,1225,-0.525
三,면,84,5380,8230,-0.525
四,니이다,29,3183,4802,-0.525
五,어든,5,3226,817,-0.525
書,로,68,4799,7466,-0.525
故,하시니,8,6906,611,-0.526
中,를,32,5639,2996,-0.528
臣,하여는,9,6439,738,-0.528
從,하며,22,3309,3517,-0.531
四,는,123,3183,20443,-0.531
不,는,1409,36502,20443,-0.532
公,하노라,16,11407,743,-0.532
者,라하니라,27,21101,678,-0.533
此,라하여,10,8103,654,-0.533
禮,라도,9,3359,1421,-0.534
及,하라,6,4008,794,-0.534
士,하니이다,6,4026,791,-0.535
中,는,217,5639,20443,-0.537
夫,라하니,22,5744,2035,-0.537
臣,하노라,9,6439,743,-0.538
五,는,124,3226,20443,-0.538
若,러니,21,3413,3273,-0.539
上,라하니,21,5497,2035,-0.541
國,아,30,5416,2954,-0.542
事,라하니,29,7598,2035,-0.542
世,어든,6,3916,817,-0.542
然,라하니라,8,6302,678,-0.544
先,오,13,3097,2241,-0.544
公,를,64,11407,2996,-0.544
使,를,41,7315,2996,-0.546
明,아,18,3261,2954,-0.547
將,요,80,5323,8043,-0.547
得,라가,18,6911,1394,-0.547
師,나,33,3481,5073,-0.547
故,가,42,6906,3256,-0.548
乎,라하니라,5,3952,678,-0.549
至,라하니,25,6585,2035,-0.55
文,하시니,5,4388,611,-0.55
禮,하여,241,3359,38494,-0.551
侯,라하니,16,4218,2035,-0.551
于,라,272,4860,30042,-0.552
諸,로,51,3669,7466,-0.553
行,이,122,4901,13390,-0.555
師,요,52,3481,8043,-0.556
軍,라하니라,4,3184,678,-0.559
亦,하며,30,4602,3517,-0.559
若,하니이다,5,3413,791,-0.56
於,라하니,67,17777,2035,-0.56
此,로,112,8103,7466,-0.561
自,라도,20,7614,1421,-0.563
故,하다,158,6906,12378,-0.563
諸,하여는,5,3669,738,-0.564
道,하라,6,4092,794,-0.564
而,하다,816,35709,12378,-0.565
書,라하니라,6,4799,678,-0.566
王,라가,21,8165,1394,-0.566
欲,는,144,3821,20443,-0.567
侯,이,104,4218,13390,-0.568
可,를,51,9245,2996,-0.568
子,이,422,17119,13390,-0.569
若,하니,134,3413,21328,-0.569
文,하노라,6,4388,743,-0.569
得,엔,9,6911,708,-0.57
君,한대,32,6963,2501,-0.571
自,한대,35,7614,2501,-0.571
則,러라,22,9567,1251,-0.571
書,하며,31,4799,3517,-0.572
書,하라,7,4799,794,-0.572
言,리라,12,7503,872,-0.574
一,호되,14,7673,995,-0.574
禮,로,46,3359,7466,-0.574
上,는,206,5497,20443,-0.575
至,요,97,6585,8043,-0.576
故,하니이다,10,6906,791,-0.577
士,라하니,15,4026,2035,-0.577
官,나,29,3125,5073,-0.578
已,라도,10,3851,1421,-0.579
五,라하니,12,3226,2035,-0.579
已,하면,8,3851,1137,-0.58
爲,는,855,22901,20443,-0.58
官,에,119,3125,20869,-0.582
五,하고,169,3226,28730,-0.583
而,하여는,48,35709,738,-0.584
未,라가,11,4332,1394,-0.584
自,리오,28,7614,2019,-0.584
至,한대,30,6585,2501,-0.584
晉,라하니라,4,3243,678,-0.586
死,라가,8,3155,1394,-0.586
晉,로,44,3243,7466,-0.587
公,어늘,105,11407,5066,-0.588
必,하니,152,3926,21328,-0.589
中,로되,20,5639,1954,-0.589
于,하라,7,4860,794,-0.59
所,리라,20,12656,872,-0.591
爲,라도,59,22901,1421,-0.591
國,하시니,6,5416,611,-0.591
事,리라,12,7598,872,-0.592
見,하며,28,4395,3517,-0.592
公,라하니라,14,11407,678,-0.593
公,리라,18,11407,872,-0.594
一,라하고,17,7673,1225,-0.594
是,하면,15,7292,1137,-0.594
師,하라,5,3481,794,-0.594
五,니이다,28,3226,4802,-0.595
言,하여는,10,7503,738,-0.596
先,러라,7,3097,1251,-0.596
四,이,77,3183,13390,-0.596
五,이,78,3226,13390,-0.597
公,가,67,11407,3256,-0.598
則,하니,368,9567,21328,-0.598
臣,러니,38,6439,3273,-0.599
以,어든,51,34619,817,-0.599
相,가,27,4601,3256,-0.599
十,를,31,5743,2996,-0.6
官,라도,8,3125,1421,-0.6
四,리라,5,3183,872,-0.6
一,가,45,7673,3256,-0.6
王,를,44,8165,2996,-0.602
晉,라,175,3243,30042,-0.604
子,리오,62,17119,2019,-0.606
如,와,25,5821,2395,-0.607
然,엔,8,6302,708,-0.607
爲,를,123,22901,2996,-0.607
侯,하라,6,4218,794,-0.608
皆,하며,36,5714,3517,-0.608
及,라가,10,4008,1394,-0.609
見,에,164,4395,20869,-0.611
所,엔,16,12656,708,-0.613
書,어든,7,4799,817,-0.613
大,하면,19,9361,1137,-0.613
年,하여는,8,6075,738,-0.614
州,는,144,3948,20443,-0.614
日,니,52,3756,7760,-0.614
夫,나,52,5744,5073,-0.614
相,요,66,4601,8043,-0.614
其,에,1143,30717,20869,-0.615
其,한대,137,30717,2501,-0.615
乃,러니,20,3432,3273,-0.617
將,나,48,5323,5073,-0.619
下,한대,47,10574,2501,-0.62
時,하니,160,4223,21328,-0.62
師,에,129,3481,20869,-0.621
文,아,23,4388,2954,-0.622
死,한대,14,3155,2501,-0.622
則,어늘,86,9567,5066,-0.622
及,하며,25,4008,3517,-0.623
今,라,272,5115,30042,-0.625
欲,가,22,3821,3256,-0.627
書,어늘,43,4799,5066,-0.627
軍,라,169,3184,30042,-0.628
其,호되,54,30717,995,-0.628
曰,니,196,14316,7760,-0.63
事,로,100,7598,7466,-0.631
兵,라하니라,5,4184,678,-0.632
兵,라하니,15,4184,2035,-0.632
晉,라하고,7,3243,1225,-0.632
然,하며,39,6302,3517,-0.634
用,할새,7,4385,908,-0.635
使,호대,10,7315,778,-0.636
時,하고,213,4223,28730,-0.637
十,하니,215,5743,21328,-0.637
亦,하노라,6,4602,743,-0.638
又,라하니,15,4202,2035,-0.638
得,와,29,6911,2395,-0.64
用,가,25,4385,3256,-0.641
王,요,115,8165,8043,-0.641
君,라가,17,6963,1394,-0.641
事,라하니라,9,7598,678,-0.644
之,호되,121,69570,995,-0.644
官,라,164,3125,30042,-0.644
焉,나,27,3049,5073,-0.645
道,오,16,4092,2241,-0.646
出,가,24,4231,3256,-0.648
出,라하니라,5,4231,678,-0.648
與,하여는,9,7002,738,-0.649
時,로다,7,4223,952,-0.649
臣,한대,28,6439,2501,-0.651
乃,요,48,3432,8043,-0.651
諸,니라,27,3669,4236,-0.652
欲,하니라,18,3821,2711,-0.652
知,는,219,6165,20443,-0.652
者,하니이다,29,21101,791,-0.652
然,요,88,6302,8043,-0.653
故,러라,15,6906,1251,-0.653
及,라,209,4008,30042,-0.654
二,오,20,5144,2241,-0.654
三,라하니,19,5380,2035,-0.654
知,하니라,29,6165,2711,-0.654
已,도,4,3851,599,-0.655
夫,하니라,27,5744,2711,-0.655
今,라하니라,6,5115,678,-0.658
民,와,15,3618,2395,-0.658
今,라하니,18,5115,2035,-0.659
時,어늘,37,4223,5066,-0.659
可,러라,20,9245,1251,-0.659
所,오,49,12656,2241,-0.66
而,하라,49,35709,794,-0.66
晉,이,75,3243,13390,-0.661
從,라하고,7,3309,1225,-0.661
其,라하고,65,30717,1225,-0.661
已,하여,256,3851,38494,-0.661
書,나,42,4799,5073,-0.662
月,하니라,19,4062,2711,-0.662
道,엔,5,4092,708,-0.662
以,는,1221,34619,20443,-0.662
謂,나,46,5258,5073,-0.663
諸,하니이다,5,3669,791,-0.664
公,라,590,11407,30042,-0.665
知,라하고,13,6165,1225,-0.666
二,하니이다,7,5144,791,-0.666
上,하다,117,5497,12378,-0.667
見,하라,6,4395,794,-0.667
兵,러라,9,4184,1251,-0.667
故,하고,341,6906,28730,-0.668
皆,하시니,6,5714,611,-0.668
文,면,62,4388,8230,-0.669
死,하여는,4,3155,738,-0.669
子,나,149,17119,5073,-0.67
知,하다,131,6165,12378,-0.67
十,라도,14,5743,1421,-0.671
使,와,30,7315,2395,-0.673
在,라하니라,5,4310,678,-0.674
日,호대,5,3756,778,-0.674
三,니라,39,5380,4236,-0.674
一,는,268,7673,20443,-0.676
非,하며,26,4326,3517,-0.676
上,니이다,45,5497,4802,-0.68
其,라가,73,30717,1394,-0.68
乎,하노라,5,3952,743,-0.681
于,나,42,4860,5073,-0.681
官,며,4,3125,752,-0.682
以,와,141,34619,2395,-0.683
從,는,115,3309,20443,-0.684
乃,니이다,28,3432,4802,-0.685
先,로다,5,3097,952,-0.687
於,호되,30,17777,995,-0.687
者,하니,762,21101,21328,-0.689
故,도,7,6906,599,-0.69
兵,니라,30,4184,4236,-0.69
得,도,7,6911,599,-0.691
者,리오,72,21101,2019,-0.692
見,리오,15,4395,2019,-0.692
時,오,16,4223,2241,-0.692
如,는,201,5821,20443,-0.693
太,니이다,31,3822,4802,-0.693
官,하면,6,3125,1137,-0.693
兵,엔,5,4184,708,-0.694
士,이,91,4026,13390,-0.694
然,며,8,6302,752,-0.694
明,러니,18,3261,3273,-0.695
生,하여는,4,3215,738,-0.696
乎,로되,13,3952,1954,-0.698
自,하며,45,7614,3517,-0.7
于,라하고,10,4860,1225,-0.701
若,리라,5,3413,872,-0.701
世,이,88,3916,13390,-0.702
見,라하니라,5,4395,678,-0.702
相,호대,6,4601,778,-0.704
禮,로되,11,3359,1954,-0.704
日,하라,5,3756,794,-0.704
亦,호대,6,4602,778,-0.704
相,할새,7,4601,908,-0.705
君,하며,41,6963,3517,-0.706
天,하며,53,9000,3517,-0.706
士,하노라,5,4026,743,-0.708
軍,며,4,3184,752,-0.709
民,호되,6,3618,995,-0.712
師,니,45,3481,7760,-0.713
時,호되,7,4223,995,-0.713
後,아,25,5088,2954,-0.715
者,라하고,43,21101,1225,-0.715
明,하여는,4,3261,738,-0.716
所,하며,74,12656,3517,-0.716
書,며,6,4799,752,-0.716
今,오,19,5115,2241,-0.72
不,가,197,36502,3256,-0.72
軍,하면,6,3184,1137,-0.72
將,하라,7,5323,794,-0.721
月,하노라,5,4062,743,-0.721
若,엔,4,3413,708,-0.722
年,니,78,6075,7760,-0.723
太,하니이다,5,3822,791,-0.723
明,하노라,4,3261,743,-0.726
欲,로다,6,3821,952,-0.727
是,나,61,7292,5073,-0.728
則,로다,15,9567,952,-0.729
焉,라가,7,3049,1394,-0.729
於,하다,362,17777,12378,-0.731
者,하니라,94,21101,2711,-0.733
後,하고,240,5088,28730,-0.734
乃,로되,11,3432,1954,-0.735
夫,하노라,7,5744,743,-0.735
二,이,113,5144,13390,-0.735
其,로,376,30717,7466,-0.736
文,러라,9,4388,1251,-0.736
先,아,15,3097,2954,-0.736
必,아,19,3926,2954,-0.737
與,리라,10,7002,872,-0.737
故,하니,241,6906,21328,-0.739
上,라,270,5497,30042,-0.74
國,하니이다,7,5416,791,-0.741
二,로다,8,5144,952,-0.741
生,로다,5,3215,952,-0.741
以,가,184,34619,3256,-0.742
使,요,96,7315,8043,-0.743
晉,니,41,3243,7760,-0.745
爲,호대,29,22901,778,-0.746
行,며,6,4901,752,-0.746
日,라하여,4,3756,654,-0.746
王,며,10,8165,752,-0.746
已,하니라,17,3851,2711,-0.746
如,러니,31,5821,3273,-0.747
無,라가,22,9706,1394,-0.748
至,라하여,7,6585,654,-0.748
未,라도,10,4332,1421,-0.749
未,하면,8,4332,1137,-0.749
中,아,27,5639,2954,-0.752
文,하다,88,4388,12378,-0.753
焉,하여,190,3049,38494,-0.754
將,라,259,5323,30042,-0.754
之,라가,157,69570,1394,-0.754
於,러라,36,17777,1251,-0.754
太,잇가,4,3822,647,-0.755
人,하시니,19,19215,611,-0.755
故,하여,430,6906,38494,-0.755
侯,하며,24,4218,3517,-0.755
見,아,21,4395,2954,-0.755
行,리오,16,4901,2019,-0.756
王,하면,15,8165,1137,-0.757
將,가,28,5323,3256,-0.757
此,하시니,8,8103,611,-0.757
兵,에,141,4184,20869,-0.758
相,에,155,4601,20869,-0.758
兵,가,22,4184,3256,-0.758
與,엔,8,7002,708,-0.759
書,라도,11,4799,1421,-0.759
吾,에,124,3686,20869,-0.76
年,어든,8,6075,817,-0.76
太,하면,7,3822,1137,-0.761
至,라하고,13,6585,1225,-0.761
能,와,22,5699,2395,-0.761
一,잇가,8,7673,647,-0.761
人,하노라,23,19215,743,-0.761
公,엔,13,11407,708,-0.762
知,할새,9,6165,908,-0.764
欲,니라,26,3821,4236,-0.765
謂,라도,12,5258,1421,-0.766
諸,라,177,3669,30042,-0.766
乎,요,51,3952,8043,-0.767
時,아,20,4223,2954,-0.768
使,니,91,7315,7760,-0.768
爲,도,22,22901,599,-0.768
是,를,35,7292,2996,-0.769
乎,라도,9,3952,1421,-0.769
及,이,86,4008,13390,-0.769
而,한대,143,35709,2501,-0.77
自,하여는,9,7614,738,-0.77
出,아,20,4231,2954,-0.771
士,리오,13,4026,2019,-0.772
乎,면,52,3952,8230,-0.772
天,하니라,39,9000,2711,-0.773
軍,는,104,3184,20443,-0.773
於,도,17,17777,599,-0.774
二,하고,236,5144,28730,-0.774
是,하여,448,7292,38494,-0.775
兵,도,4,4184,599,-0.775
夫,러니,30,5744,3273,-0.775
今,라하고,10,5115,1225,-0.775
一,라하여,8,7673,654,-0.776
所,이,270,12656,13390,-0.777
臣,오,23,6439,2241,-0.777
然,라가,14,6302,1394,-0.777
三,어든,7,5380,817,-0.778
夫,하니,195,5744,21328,-0.779
而,로되,111,35709,1954,-0.779
先,라도,7,3097,1421,-0.78
於,호대,22,17777,778,-0.78
謂,도,5,5258,599,-0.782
有,에,538,16242,20869,-0.783
州,하며,22,3948,3517,-0.785
故,요,88,6906,8043,-0.785
乎,하며,22,3952,3517,-0.787
大,하노라,11,9361,743,-0.788
王,하니라,35,8165,2711,-0.788
乃,와,13,3432,2395,-0.788
如,한대,23,5821,2501,-0.789
文,리오,14,4388,2019,-0.789
亦,하다,90,4602,12378,-0.789
四,호되,5,3183,995,-0.79
出,도,4,4231,599,-0.791
上,에,181,5497,20869,-0.791
及,니,49,4008,7760,-0.793
而,호되,56,35709,995,-0.793
及,는,129,4008,20443,-0.794
十,하여,348,5743,38494,-0.795
師,는,112,3481,20443,-0.795
所,하니라,54,12656,2711,-0.795
官,라하니,10,3125,2035,-0.796
人,하라,24,19215,794,-0.796
及,로다,6,4008,952,-0.796
道,로,48,4092,7466,-0.797
一,오,27,7673,2241,-0.798
日,라하니라,4,3756,678,-0.798
士,면,52,4026,8230,-0.799
故,나,55,6906,5073,-0.799
五,하니이다,4,3226,791,-0.801
至,니,80,6585,7760,-0.803
兵,하시니,4,4184,611,-0.803
臣,하라,8,6439,794,-0.803
不,를,171,36502,2996,-0.804
死,하여,190,3155,38494,-0.804
相,는,147,4601,20443,-0.805
道,한대,16,4092,2501,-0.805
事,하다,147,7598,12378,-0.805
于,하니이다,6,4860,791,-0.807
二,리라,7,5144,872,-0.807
是,하니이다,9,7292,791,-0.807
中,하면,10,5639,1137,-0.808
然,라하니,20,6302,2035,-0.808
諸,나,29,3669,5073,-0.809
與,이,146,7002,13390,-0.81
用,로,51,4385,7466,-0.81
後,하다,98,5088,12378,-0.811
五,라가,7,3226,1394,-0.811
王,엔,9,8165,708,-0.811
必,러니,20,3926,3273,-0.811
人,오,67,19215,2241,-0.811
公,나,90,11407,5073,-0.812
然,라하고,12,6302,1225,-0.813
二,한대,20,5144,2501,-0.813
後,어늘,40,5088,5066,-0.815
亦,오,16,4602,2241,-0.816
然,러니,32,6302,3273,-0.816
是,엔,8,7292,708,-0.817
時,하시니,4,4223,611,-0.817
故,라하여,7,6906,654,-0.817
士,에,130,4026,20869,-0.819
出,하시니,4,4231,611,-0.819
公,하라,14,11407,794,-0.821
諸,니,44,3669,7760,-0.821
使,라하니,23,7315,2035,-0.822
公,하여는,13,11407,738,-0.822
欲,라하니라,4,3821,678,-0.823
侯,나,33,4218,5073,-0.824
禮,하다,64,3359,12378,-0.827
二,하면,9,5144,1137,-0.827
四,어든,4,3183,817,-0.828
一,라하니라,8,7673,678,-0.828
軍,어든,4,3184,817,-0.828
及,하면,7,4008,1137,-0.83
是,러라,14,7292,1251,-0.831
相,엔,5,4601,708,-0.831
用,하노라,5,4385,743,-0.831
軍,에,102,3184,20869,-0.831
二,어늘,40,5144,5066,-0.831
十,하면,10,5743,1137,-0.834
見,이,90,4395,13390,-0.836
故,하면,12,6906,1137,-0.837
大,오,32,9361,2241,-0.84
上,니,65,5497,7760,-0.842
事,호대,9,7598,778,-0.843
臣,어든,8,6439,817,-0.844
所,러니,63,12656,3273,-0.844
於,는,553,17777,20443,-0.844
王,라,373,8165,30042,-0.845
吾,이,75,3686,13390,-0.846
無,가,48,9706,3256,-0.846
一,하며,41,7673,3517,-0.846
師,하면,6,3481,1137,-0.849
王,잇가,8,8165,647,-0.85
是,어든,9,7292,817,-0.854
相,리오,14,4601,2019,-0.857
皆,라가,12,5714,1394,-0.858
明,가,16,3261,3256,-0.858
於,오,60,17777,2241,-0.858
下,어든,13,10574,817,-0.86
日,엔,4,3756,708,-0.86
行,가,24,4901,3256,-0.86
自,하시니,7,7614,611,-0.86
及,호되,6,4008,995,-0.86
行,라하니라,5,4901,678,-0.86
而,이,719,35709,13390,-0.861
從,요,40,3309,8043,-0.861
時,이,85,4223,13390,-0.861
言,와,27,7503,2395,-0.862
十,면,71,5743,8230,-0.862
有,하여는,18,16242,738,-0.863
皆,로,64,5714,7466,-0.864
師,로,39,3481,7466,-0.864
將,며,6,5323,752,-0.865
侯,하니이다,5,4218,791,-0.866
乎,하고,170,3952,28730,-0.867
時,하니이다,5,4223,791,-0.867
君,하다,129,6963,12378,-0.867
一,라가,16,7673,1394,-0.868
人,리라,25,19215,872,-0.872
人,할새,26,19215,908,-0.874
諸,에,114,3669,20869,-0.875
及,요,48,4008,8043,-0.875
從,라도,7,3309,1421,-0.875
將,하면,9,5323,1137,-0.877
見,라하고,8,4395,1225,-0.878
後,하라,6,5088,794,-0.879
官,잇가,3,3125,647,-0.88
者,에,653,21101,20869,-0.881
故,하며,36,6906,3517,-0.881
未,하여,247,4332,38494,-0.882
已,에,119,3851,20869,-0.883
欲,엔,4,3821,708,-0.885
太,엔,4,3822,708,-0.885
則,호대,11,9567,778,-0.886
今,니라,32,5115,4236,-0.887
吾,와,13,3686,2395,-0.891
王,나,61,8165,5073,-0.891
人,호대,22,19215,778,-0.892
明,한대,12,3261,2501,-0.892
及,로,44,4008,7466,-0.893
吾,하여는,4,3686,738,-0.893
皆,로다,8,5714,952,-0.893
死,잇가,3,3155,647,-0.894
與,호대,8,7002,778,-0.895
士,니라,25,4026,4236,-0.897
若,이,67,3413,13390,-0.897
侯,잇가,4,4218,647,-0.898
用,호대,5,4385,778,-0.898
能,도,5,5699,599,-0.899
以,할새,46,34619,908,-0.9
者,라가,43,21101,1394,-0.901
後,리오,15,5088,2019,-0.903
師,이,68,3481,13390,-0.904
得,하라,8,6911,794,-0.905
下,할새,14,10574,908,-0.905
王,리오,24,8165,2019,-0.907
禮,러니,16,3359,3273,-0.908
得,호되,10,6911,995,-0.909
使,며,8,7315,752,-0.909
將,라도,11,5323,1421,-0.909
于,가,23,4860,3256,-0.91
故,와,24,6906,2395,-0.912
十,니이다,40,5743,4802,-0.913
又,에,127,4202,20869,-0.915
是,라도,15,7292,1421,-0.916
相,며,5,4601,752,-0.918
子,잇가,16,17119,647,-0.919
日,하여는,4,3756,738,-0.92
師,호되,5,3481,995,-0.92
生,잇가,3,3215,647,-0.921
軍,라하여,3,3184,654,-0.922
軍,리라,4,3184,872,-0.922
中,니이다,39,5639,4802,-0.923
而,와,123,35709,2395,-0.925
州,를,17,3948,2996,-0.926
使,로다,10,7315,952,-0.927
一,어든,9,7673,817,-0.927
十,하고,237,5743,28730,-0.927
及,아,17,4008,2954,-0.927
若,라하고,6,3413,1225,-0.928
可,하니,283,9245,21328,-0.928
然,호되,9,6302,995,-0.928
者,하고,868,21101,28730,-0.931
諸,로다,5,3669,952,-0.932
五,면,38,3226,8230,-0.932
王,도,7,8165,599,-0.932
又,를,18,4202,2996,-0.933
臣,니라,39,6439,4236,-0.933
謂,와,18,5258,2395,-0.934
所,호되,18,12656,995,-0.934
道,에,122,4092,20869,-0.935
未,잇가,4,4332,647,-0.936
州,로되,11,3948,1954,-0.937
有,호대,18,16242,778,-0.939
侯,를,18,4218,2996,-0.939
所,하시니,11,12656,611,-0.941
天,러라,16,9000,1251,-0.942
民,호대,4,3618,778,-0.942
矣,라가,12,6060,1394,-0.943
晉,가,15,3243,3256,-0.943
得,오,22,6911,2241,-0.943
先,한대,11,3097,2501,-0.943
士,라하고,7,4026,1225,-0.944
王,니라,49,8165,4236,-0.947
官,라하니라,3,3125,678,-0.947
日,며,4,3756,752,-0.947
師,라도,7,3481,1421,-0.948
者,하며,105,21101,3517,-0.949
師,오,11,3481,2241,-0.953
師,하시니,3,3481,611,-0.953
侯,리오,12,4218,2019,-0.954
三,하니이다,6,5380,791,-0.954
文,잇가,4,4388,647,-0.955
官,아,13,3125,2954,-0.955
後,로되,14,5088,1954,-0.955
必,어늘,28,3926,5066,-0.956
諸,하니라,14,3669,2711,-0.956
見,잇가,4,4395,647,-0.957
上,잇가,5,5497,647,-0.958
軍,요,36,3184,8043,-0.958
使,라,309,7315,30042,-0.958
三,하라,6,5380,794,-0.959
欲,오,12,3821,2241,-0.962
子,러라,30,17119,1251,-0.963
先,나,22,3097,5073,-0.963
能,가,26,5699,3256,-0.963
此,하라,9,8103,794,-0.965
夫,오,18,5744,2241,-0.965
侯,하니라,16,4218,2711,-0.965
日,로다,5,3756,952,-0.966
太,를,16,3822,2996,-0.967
上,로되,15,5497,1954,-0.967
上,가,25,5497,3256,-0.967
臣,호대,7,6439,778,-0.967
夫,니라,34,5744,4236,-0.967
用,어든,5,4385,817,-0.968
也,에,776,26664,20869,-0.969
可,가,42,9245,3256,-0.969
二,라가,10,5144,1394,-0.969
公,아,47,11407,2954,-0.969
民,하라,4,3618,794,-0.972
夫,러라,10,5744,1251,-0.972
月,엔,4,4062,708,-0.973
得,하다,119,6911,12378,-0.973
四,라하니라,3,3183,678,-0.974
日,가,17,3756,3256,-0.974
王,니,88,8165,7760,-0.975
王,하라,9,8165,794,-0.976
未,를,18,4332,2996,-0.977
無,하노라,10,9706,743,-0.978
月,라,169,4062,30042,-0.979
日,한대,13,3756,2501,-0.98
晉,니라,19,3243,4236,-0.981
不,하다,625,36502,12378,-0.981
者,나,148,21101,5073,-0.982
二,하다,88,5144,12378,-0.982
行,하여는,5,4901,738,-0.982
四,하면,5,3183,1137,-0.983
二,나,36,5144,5073,-0.985
自,로다,10,7614,952,-0.985
將,를,22,5323,2996,-0.985
無,도,8,9706,599,-0.989
大,리오,26,9361,2019,-0.989
也,나,186,26664,5073,-0.99
是,도,6,7292,599,-0.991
晉,는,91,3243,20443,-0.992
此,하여,428,8103,38494,-0.993
州,니,42,3948,7760,-0.994
以,하여는,35,34619,738,-0.995
兵,리라,5,4184,872,-0.995
今,하니라,19,5115,2711,-0.995
臣,하며,31,6439,3517,-0.996
則,하시니,8,9567,611,-0.997
三,라하고,9,5380,1225,-1.0
臣,러라,11,6439,1251,-1.0
能,로,58,5699,7466,-1.002
知,한대,21,6165,2501,-1.003
可,하라,10,9245,794,-1.003
然,이,115,6302,13390,-1.003
然,어든,7,6302,817,-1.006
爲,엔,22,22901,708,-1.009
使,니라,42,7315,4236,-1.01
王,호되,11,8165,995,-1.012
從,이,60,3309,13390,-1.012
故,에,195,6906,20869,-1.013
皆,잇가,5,5714,647,-1.014
至,가,29,6585,3256,-1.014
將,러라,9,5323,1251,-1.015
爲,와,74,22901,2395,-1.017
晉,면,36,3243,8230,-1.018
故,며,7,6906,752,-1.019
天,하노라,9,9000,743,-1.021
日,는,103,3756,20443,-1.025
十,어늘,39,5743,5066,-1.026
中,하라,6,5639,794,-1.027
亦,하고,177,4602,28730,-1.028
臣,라가,12,6439,1394,-1.03
是,하니,208,7292,21328,-1.03
已,호대,4,3851,778,-1.032
諸,라하고,6,3669,1225,-1.032
諸,어든,4,3669,817,-1.033
所,로,126,12656,7466,-1.034
無,와,31,9706,2395,-1.034
者,로,210,21101,7466,-1.035
是,하고,279,7292,28730,-1.036
也,어든,29,26664,817,-1.036
師,잇가,3,3481,647,-1.036
夫,라하여,5,5744,654,-1.037
之,할새,84,69570,908,-1.038
故,이,123,6906,13390,-1.038
此,하노라,8,8103,743,-1.039
及,며,4,4008,752,-1.041
上,나,37,5497,5073,-1.041
大,에,259,9361,20869,-1.042
不,도,29,36502,599,-1.042
有,는,440,16242,20443,-1.043
非,리라,5,4326,872,-1.043
如,호대,6,5821,778,-1.043
其,하다,503,30717,12378,-1.045
年,리라,7,6075,872,-1.047
三,하며,25,5380,3517,-1.047
大,잇가,8,9361,647,-1.048
皆,면,62,5714,8230,-1.05
欲,하라,4,3821,794,-1.05
二,하여는,5,5144,738,-1.052
今,하노라,5,5115,743,-1.053
則,하라,10,9567,794,-1.053
太,니,39,3822,7760,-1.054
無,엔,9,9706,708,-1.06
五,라도,6,3226,1421,-1.061
日,라하니,10,3756,2035,-1.062
用,하다,71,4385,12378,-1.062
師,하며,16,3481,3517,-1.063
晉,엔,3,3243,708,-1.063
日,오,11,3756,2241,-1.063
世,하며,18,3916,3517,-1.063
侯,에,115,4218,20869,-1.064
見,하다,71,4395,12378,-1.065
以,엔,32,34619,708,-1.065
中,로다,7,5639,952,-1.066
人,에,523,19215,20869,-1.066
一,이,134,7673,13390,-1.066
已,를,15,3851,2996,-1.071
國,하면,8,5416,1137,-1.072
四,면,34,3183,8230,-1.073
將,는,141,5323,20443,-1.075
若,로,33,3413,7466,-1.076
可,라도,17,9245,1421,-1.077
王,면,87,8165,8230,-1.077
所,하라,13,12656,794,-1.078
王,라도,15,8165,1421,-1.079
書,이,83,4799,13390,-1.08
然,하여는,6,6302,738,-1.082
可,러니,39,9245,3273,-1.083
太,라도,7,3822,1421,-1.083
一,엔,7,7673,708,-1.083
太,나,25,3822,5073,-1.083
明,하다,52,3261,12378,-1.084
至,오,19,6585,2241,-1.085
十,이,99,5743,13390,-1.085
王,로다,10,8165,952,-1.086
後,하시니,4,5088,611,-1.086
侯,아,16,4218,2954,-1.088
十,라하니라,5,5743,678,-1.088
公,니라,62,11407,4236,-1.09
乃,하면,5,3432,1137,-1.092
則,어든,10,9567,817,-1.094
至,로다,8,6585,952,-1.097
可,하고,339,9245,28730,-1.097
所,하노라,12,12656,743,-1.097
矣,잇가,5,6060,647,-1.098
時,하노라,4,4223,743,-1.099
死,로,30,3155,7466,-1.1
出,하노라,4,4231,743,-1.102
所,에,336,12656,20869,-1.102
知,이,105,6165,13390,-1.102
君,러니,29,6963,3273,-1.102
在,는,112,4310,20443,-1.103
侯,로,40,4218,7466,-1.104
侯,오,12,4218,2241,-1.105
二,라하고,8,5144,1225,-1.105
見,는,114,4395,20443,-1.106
言,로,71,7503,7466,-1.107
得,는,179,6911,20443,-1.108
月,호대,4,4062,778,-1.109
君,하면,10,6963,1137,-1.112
從,와,10,3309,2395,-1.114
者,하여,1024,21101,38494,-1.115
在,와,13,4310,2395,-1.116
今,리오,13,5115,2019,-1.117
于,라하여,4,4860,654,-1.118
明,로되,8,3261,1954,-1.121
已,하며,17,3851,3517,-1.121
太,러라,6,3822,1251,-1.122
其,할새,35,30717,908,-1.122
公,니,111,11407,7760,-1.123
世,오,11,3916,2241,-1.123
晉,아,12,3243,2954,-1.124
必,가,16,3926,3256,-1.125
五,하노라,3,3226,743,-1.125
侯,하면,6,4218,1137,-1.126
未,하여는,4,4332,738,-1.126
爲,할새,26,22901,908,-1.127
生,호되,4,3215,995,-1.127
二,호대,5,5144,778,-1.128
州,라도,7,3948,1421,-1.13
五,오,9,3226,2241,-1.133
然,하다,97,6302,12378,-1.135
乎,가,16,3952,3256,-1.135
後,하니이다,5,5088,791,-1.136
而,나,225,35709,5073,-1.136
出,로다,5,4231,952,-1.137
二,라하니,13,5144,2035,-1.137
于,호되,6,4860,995,-1.138
故,어든,7,6906,817,-1.138
自,는,193,7614,20443,-1.139
後,나,32,5088,5073,-1.139
非,하고,154,4326,28730,-1.14
晉,오,9,3243,2241,-1.141
十,하다,88,5743,12378,-1.141
有,라가,28,16242,1394,-1.143
大,호대,9,9361,778,-1.144
日,잇가,3,3756,647,-1.145
月,와,12,4062,2395,-1.146
公,라도,20,11407,1421,-1.146
有,도,12,16242,599,-1.147
後,이,84,5088,13390,-1.147
也,하니라,89,26664,2711,-1.149
明,오,9,3261,2241,-1.149
故,면,70,6906,8230,-1.149
可,하며,40,9245,3517,-1.15
臣,리오,16,6439,2019,-1.15
矣,아,22,6060,2954,-1.152
後,오,14,5088,2241,-1.153
使,이,120,7315,13390,-1.156
五,나,20,3226,5073,-1.16
侯,니,40,4218,7760,-1.16
死,호대,3,3155,778,-1.16
必,하니라,13,3926,2711,-1.161
先,하라,3,3097,794,-1.162
國,할새,6,5416,908,-1.162
年,면,61,6075,8230,-1.162
此,이,132,8103,13390,-1.166
民,한대,11,3618,2501,-1.167
若,어늘,21,3413,5066,-1.169
出,는,105,4231,20443,-1.169
年,라하니,15,6075,2035,-1.17
年,라하니라,5,6075,678,-1.17
軍,호대,3,3184,778,-1.173
無,는,240,9706,20443,-1.175
臣,아,23,6439,2954,-1.175
師,로다,4,3481,952,-1.178
非,가,17,4326,3256,-1.178
太,로되,9,3822,1954,-1.18
年,하니,156,6075,21328,-1.181
故,는,170,6906,20443,-1.181
欲,와,11,3821,2395,-1.184
吾,하니라,12,3686,2711,-1.185
得,가,27,6911,3256,-1.186
十,라하니,14,5743,2035,-1.189
夫,리라,6,5744,872,-1.189
今,라하여,4,5115,654,-1.191
夫,니이다,33,5744,4802,-1.191
中,하노라,5,5639,743,-1.194
時,하라,4,4223,794,-1.195
四,하니이다,3,3183,791,-1.196
十,니라,29,5743,4236,-1.196
二,어든,5,5144,817,-1.199
民,라가,6,3618,1394,-1.199
使,로되,17,7315,1954,-1.199
侯,도,3,4218,599,-1.201
吾,니이다,21,3686,4802,-1.203
諸,요,35,3669,8043,-1.203
後,호되,6,5088,995,-1.204
軍,면,31,3184,8230,-1.207
得,로,61,6911,7466,-1.208
有,한대,48,16242,2501,-1.208
是,라가,12,7292,1394,-1.21
中,며,5,5639,752,-1.212
與,에,172,7002,20869,-1.214
十,가,22,5743,3256,-1.215
時,리오,10,4223,2019,-1.219
二,호되,6,5144,995,-1.22
此,하여는,7,8103,738,-1.222
出,리오,10,4231,2019,-1.222
見,호대,4,4395,778,-1.223
可,는,221,9245,20443,-1.224
年,나,36,6075,5073,-1.225
十,나,34,5743,5073,-1.226
者,와,59,21101,2395,-1.226
在,호되,5,4310,995,-1.228
至,를,23,6585,2996,-1.228
又,어든,4,4202,817,-1.229
書,면,46,4799,8230,-1.229
相,로,40,4601,7466,-1.23
者,하시니,15,21101,611,-1.231
謂,러니,20,5258,3273,-1.232
子,하며,70,17119,3517,-1.232
非,라가,7,4326,1394,-1.234
乎,라하여,3,3952,654,-1.234
使,오,19,7315,2241,-1.236
于,라도,8,4860,1421,-1.237
必,는,93,3926,20443,-1.237
太,라하니라,3,3822,678,-1.238
公,하면,15,11407,1137,-1.239
如,하노라,5,5821,743,-1.24
焉,하면,4,3049,1137,-1.243
行,엔,4,4901,708,-1.244
上,라도,9,5497,1421,-1.245
于,러라,7,4860,1251,-1.246
太,아,13,3822,2954,-1.246
諸,라도,6,3669,1421,-1.247
公,하시니,8,11407,611,-1.25
乎,나,23,3952,5073,-1.251
言,라가,12,7503,1394,-1.251
故,리오,16,6906,2019,-1.251
是,와,20,7292,2395,-1.254
矣,리오,14,6060,2019,-1.255
而,로,305,35709,7466,-1.255
士,리라,4,4026,872,-1.261
晉,하니라,10,3243,2711,-1.263
也,하니이다,24,26664,791,-1.263
言,에,178,7503,20869,-1.264
年,어늘,35,6075,5066,-1.264
侯,러라,6,4218,1251,-1.264
三,라하여,4,5380,654,-1.264
至,는,153,6585,20443,-1.265
道,이,62,4092,13390,-1.271
此,에,191,8103,20869,-1.274
然,어늘,36,6302,5066,-1.276
也,도,18,26664,599,-1.277
謂,어늘,30,5258,5066,-1.278
皆,아,19,5714,2954,-1.278
禮,하라,3,3359,794,-1.279
世,할새,4,3916,908,-1.279
軍,로되,7,3184,1954,-1.279
于,에,114,4860,20869,-1.281
世,하면,5,3916,1137,-1.282
民,아,12,3618,2954,-1.282
今,라가,8,5115,1394,-1.283
今,리라,5,5115,872,-1.284
天,하라,8,9000,794,-1.286
必,하면,5,3926,1137,-1.286
人,하니이다,17,19215,791,-1.288
于,니라,23,4860,4236,-1.289
民,하노라,3,3618,743,-1.291
是,하여는,6,7292,738,-1.292
五,한대,9,3226,2501,-1.292
以,호대,30,34619,778,-1.294
不,하여는,30,36502,738,-1.294
侯,라,141,4218,30042,-1.295
乎,하면,5,3952,1137,-1.295
將,하니라,16,5323,2711,-1.3
非,러라,6,4326,1251,-1.3
公,하니이다,10,11407,791,-1.301
兵,잇가,3,4184,647,-1.301
士,오,10,4026,2241,-1.301
君,할새,7,6963,908,-1.302
然,로,52,6302,7466,-1.305
使,나,41,7315,5073,-1.305
乎,하여,168,3952,38494,-1.306
明,라가,5,3261,1394,-1.312
于,면,44,4860,8230,-1.312
年,를,20,6075,2996,-1.313
時,잇가,3,4223,647,-1.314
五,니라,15,3226,4236,-1.315
自,와,20,7614,2395,-1.316
王,니이다,43,8165,4802,-1.316
一,로다,8,7673,952,-1.318
書,로다,5,4799,952,-1.319
于,며,4,4860,752,-1.319
王,오,20,8165,2241,-1.321
侯,요,37,4218,8043,-1.324
五,하면,4,3226,1137,-1.324
軍,리오,7,3184,2019,-1.326
公,면,102,11407,8230,-1.33
從,에,75,3309,20869,-1.33
時,리라,4,4223,872,-1.33
中,어든,5,5639,817,-1.331
月,하니,94,4062,21328,-1.331
有,하라,14,16242,794,-1.331
吾,하며,14,3686,3517,-1.338
則,하니라,28,9567,2711,-1.339
子,하면,21,17119,1137,-1.34
故,아,22,6906,2954,-1.34
至,로,53,6585,7466,-1.341
可,하니라,27,9245,2711,-1.342
有,하노라,13,16242,743,-1.342
而,에,802,35709,20869,-1.343
不,한대,98,36502,2501,-1.347
上,라하니라,4,5497,678,-1.347
州,엔,3,3948,708,-1.347
夫,하면,7,5744,1137,-1.349
有,오,39,16242,2241,-1.35
下,하다,140,10574,12378,-1.352
師,아,11,3481,2954,-1.352
乃,어든,3,3432,817,-1.352
何,와,10,3907,2395,-1.353
禮,이,48,3359,13390,-1.355
無,를,31,9706,2996,-1.357
故,로다,7,6906,952,-1.359
又,오,10,4202,2241,-1.362
知,하시니,4,6165,611,-1.363
然,와,16,6302,2395,-1.365
今,하여는,4,5115,738,-1.366
故,어늘,37,6906,5066,-1.368
使,잇가,5,7315,647,-1.37
乎,와,10,3952,2395,-1.37
四,어늘,17,3183,5066,-1.373
書,하니이다,4,4799,791,-1.374
日,이,53,3756,13390,-1.374
不,와,92,36502,2395,-1.376
四,도,2,3183,599,-1.38
與,어든,6,7002,817,-1.38
州,나,21,3948,5073,-1.381
時,라하니라,3,4223,678,-1.382
者,호되,22,21101,995,-1.382
是,러니,25,7292,3273,-1.382
年,하여,245,6075,38494,-1.382
上,아,17,5497,2954,-1.383
子,니이다,86,17119,4802,-1.384
吾,호대,3,3686,778,-1.384
中,라하니라,4,5639,678,-1.384
文,리라,4,4388,872,-1.385
乃,라가,5,3432,1394,-1.386
官,라하고,4,3125,1225,-1.386
時,할새,4,4223,908,-1.388
世,라하고,5,3916,1225,-1.389
乃,오,8,3432,2241,-1.392
何,하여는,3,3907,738,-1.392
四,하다,41,3183,12378,-1.392
可,와,23,9245,2395,-1.394
故,로되,14,6906,1954,-1.396
又,요,35,4202,8043,-1.399
國,러라,7,5416,1251,-1.402
世,하다,50,3916,12378,-1.404
晉,와,8,3243,2395,-1.407
州,하여는,3,3948,738,-1.407
晉,도,2,3243,599,-1.407
何,로,30,3907,7466,-1.409
必,하노라,3,3926,743,-1.409
民,하다,46,3618,12378,-1.411
四,라하고,4,3183,1225,-1.412
禮,리라,3,3359,872,-1.415
州,하노라,3,3948,743,-1.417
矣,면,51,6060,8230,-1.417
公,하며,41,11407,3517,-1.418
在,한대,11,4310,2501,-1.42
乎,하니,86,3952,21328,-1.42
所,라가,18,12656,1394,-1.42
則,로되,19,9567,1954,-1.426
使,리오,15,7315,2019,-1.427
自,잇가,5,7614,647,-1.428
三,리오,11,5380,2019,-1.431
于,하시니,3,4860,611,-1.434
自,이,103,7614,13390,-1.434
使,라하니라,5,7315,678,-1.437
年,라하여,4,6075,654,-1.439
曰,라,433,14316,30042,-1.439
一,호대,6,7673,778,-1.442
又,라도,6,4202,1421,-1.442
焉,라하여,2,3049,654,-1.445
乎,니이다,19,3952,4802,-1.447
焉,아,9,3049,2954,-1.45
用,에,91,4385,20869,-1.457
國,하노라,4,5416,743,-1.458
書,니,37,4799,7760,-1.459
一,한대,19,7673,2501,-1.464
四,로다,3,3183,952,-1.464
太,하라,3,3822,794,-1.466
晉,러라,4,3243,1251,-1.47
世,호대,3,3916,778,-1.471
非,하여,164,4326,38494,-1.471
行,로,36,4901,7466,-1.473
今,호되,5,5115,995,-1.475
已,하라,3,3851,794,-1.477
軍,오,7,3184,2241,-1.477
臣,로다,6,6439,952,-1.48
五,어늘,16,3226,5066,-1.48
天,한대,22,9000,2501,-1.482
無,하여는,7,9706,738,-1.482
爲,에,467,22901,20869,-1.483
三,로다,5,5380,952,-1.484
乃,도,2,3432,599,-1.489
時,는,84,4223,20443,-1.489
謂,면,42,5258,8230,-1.492
下,오,23,10574,2241,-1.492
相,오,10,4601,2241,-1.493
五,하며,11,3226,3517,-1.494
民,에,73,3618,20869,-1.498
時,라하고,5,4223,1225,-1.498
將,호대,4,5323,778,-1.499
世,하라,3,3916,794,-1.501
四,니라,13,3183,4236,-1.502
未,와,10,4332,2395,-1.502
國,한대,13,5416,2501,-1.509
師,를,10,3481,2996,-1.51
士,호대,3,4026,778,-1.511
師,니이다,16,3481,4802,-1.512
侯,하노라,3,4218,743,-1.512
天,라가,12,9000,1394,-1.513
則,에,191,9567,20869,-1.513
公,리오,22,11407,2019,-1.515
晉,잇가,2,3243,647,-1.518
兵,며,3,4184,752,-1.518
欲,하다,45,3821,12378,-1.521
侯,니라,17,4218,4236,-1.521
皆,와,13,5714,2395,-1.523
出,오,9,4231,2241,-1.524
此,하고,221,8103,28730,-1.524
公,잇가,7,11407,647,-1.526
道,하다,48,4092,12378,-1.527
兵,리오,8,4184,2019,-1.528
年,하고,165,6075,28730,-1.53
見,로,31,4395,7466,-1.531
五,아,9,3226,2954,-1.532
可,하여,336,9245,38494,-1.532
使,에,144,7315,20869,-1.533
使,리라,6,7315,872,-1.537
已,는,74,3851,20443,-1.539
非,하여는,3,4326,738,-1.539
亦,라가,6,4602,1394,-1.546
必,를,11,3926,2996,-1.546
書,니라,19,4799,4236,-1.547
月,하니이다,3,4062,791,-1.548
年,니라,24,6075,4236,-1.55
謂,어든,4,5258,817,-1.552
亦,로,32,4602,7466,-1.552
軍,니,23,3184,7760,-1.553
州,어든,3,3948,817,-1.554
未,오,9,4332,2241,-1.558
道,하니이다,3,4092,791,-1.559
年,라도,8,6075,1421,-1.559
使,하여는,5,7315,738,-1.56
晉,를,9,3243,2996,-1.56
爲,이,284,22901,13390,-1.56
若,로다,3,3413,952,-1.564
皆,하면,6,5714,1137,-1.564
兵,호대,3,4184,778,-1.567
年,한대,14,6075,2501,-1.567
於,하라,13,17777,794,-1.568
月,니,29,4062,7760,-1.569
十,는,108,5743,20443,-1.57
世,한대,9,3916,2501,-1.571
不,로,250,36502,7466,-1.574
書,아,13,4799,2954,-1.574
于,리오,9,4860,2019,-1.574
晉,리오,6,3243,2019,-1.575
天,하다,102,9000,12378,-1.576
軍,니이다,14,3184,4802,-1.576
文,오,9,4388,2241,-1.577
時,호대,3,4223,778,-1.58
相,로다,4,4601,952,-1.58
後,잇가,3,5088,647,-1.583
出,호대,3,4231,778,-1.583
如,이,71,5821,13390,-1.584
諸,니이다,16,3669,4802,-1.588
太,리오,7,3822,2019,-1.59
十,한대,13,5743,2501,-1.593
官,엔,2,3125,708,-1.595
王,라하니라,5,8165,678,-1.596
欲,리라,3,3821,872,-1.601
公,오,23,11407,2241,-1.602
王,어든,6,8165,817,-1.602
未,로,29,4332,7466,-1.607
吾,할새,3,3686,908,-1.607
若,라하여,2,3413,654,-1.608
于,는,89,4860,20443,-1.608
夫,호대,4,5744,778,-1.609
下,로다,9,10574,952,-1.611
二,라하여,3,5144,654,-1.614
及,오,8,4008,2241,-1.616
未,호대,3,4332,778,-1.617
日,도,2,3756,599,-1.619
四,엔,2,3183,708,-1.621
軍,엔,2,3184,708,-1.622
必,로,26,3926,7466,-1.622
之,호대,48,69570,778,-1.622
可,하시니,5,9245,611,-1.625
四,라도,4,3183,1421,-1.626
又,는,76,4202,20443,-1.626
無,로,64,9706,7466,-1.628
焉,는,55,3049,20443,-1.63
月,로되,7,4062,1954,-1.63
也,러니,77,26664,3273,-1.63
王,러라,9,8165,1251,-1.632
知,하여는,4,6165,738,-1.635
可,하여는,6,9245,738,-1.635
兵,어든,3,4184,817,-1.638
于,니,33,4860,7760,-1.642
欲,도,2,3821,599,-1.644
太,도,2,3822,599,-1.644
于,엔,3,4860,708,-1.647
諸,러라,4,3669,1251,-1.648
王,아,21,8165,2954,-1.649
有,하다,175,16242,12378,-1.649
侯,어든,3,4218,817,-1.649
有,엔,10,16242,708,-1.651
使,는,130,7315,20443,-1.651
亦,한대,10,4602,2501,-1.652
晉,라도,4,3243,1421,-1.653
二,리오,9,5144,2019,-1.656
知,를,16,6165,2996,-1.656
軍,나,14,3184,5073,-1.656
乃,리오,6,3432,2019,-1.657
出,이,49,4231,13390,-1.659
太,니라,14,3822,4236,-1.659
而,호대,24,35709,778,-1.66
是,하다,78,7292,12378,-1.66
是,하라,5,7292,794,-1.661
皆,라도,7,5714,1421,-1.663
能,하시니,3,5699,611,-1.664
將,라하여,3,5323,654,-1.664
文,하라,3,4388,794,-1.665
于,와,10,4860,2395,-1.668
未,하다,46,4332,12378,-1.67
年,니이다,25,6075,4802,-1.672
皆,어든,4,5714,817,-1.672
天,호대,6,9000,778,-1.672
可,하면,9,9245,1137,-1.673
師,리오,6,3481,2019,-1.677
可,라가,11,9245,1394,-1.678
又,로되,7,4202,1954,-1.679
十,어든,4,5743,817,-1.679
下,호대,7,10574,778,-1.682
未,는,75,4332,20443,-1.689
四,하노라,2,3183,743,-1.691
乎,를,10,3952,2996,-1.693
州,니이다,16,3948,4802,-1.694
自,호대,5,7614,778,-1.694
一,하다,80,7673,12378,-1.697
也,는,459,26664,20443,-1.697
無,하다,101,9706,12378,-1.7
則,호되,8,9567,995,-1.7
月,하며,12,4062,3517,-1.701
文,어든,3,4388,817,-1.706
晉,하여는,2,3243,738,-1.708
王,하며,24,8165,3517,-1.708
者,하라,14,21101,794,-1.708
侯,라도,5,4218,1421,-1.711
年,하니이다,4,6075,791,-1.714
矣,하라,4,6060,794,-1.716
州,면,27,3948,8230,-1.716
自,에,132,7614,20869,-1.717
乎,는,67,3952,20443,-1.719
年,하라,4,6075,794,-1.719
無,호되,8,9706,995,-1.721
不,하라,24,36502,794,-1.721
有,이,180,16242,13390,-1.722
年,호되,5,6075,995,-1.723
乎,라하고,4,3952,1225,-1.725
及,할새,3,4008,908,-1.728
王,하노라,5,8165,743,-1.728
謂,이,58,5258,13390,-1.729
中,잇가,3,5639,647,-1.732
一,하라,5,7673,794,-1.734
曰,는,240,14316,20443,-1.735
晉,며,2,3243,752,-1.735
是,이,80,7292,13390,-1.737
謂,라가,6,5258,1394,-1.738
三,할새,4,5380,908,-1.738
太,하며,11,3822,3517,-1.738
三,아,13,5380,2954,-1.739
謂,로,32,5258,7466,-1.744
者,한대,43,21101,2501,-1.745
中,리라,4,5639,872,-1.747
師,엔,2,3481,708,-1.751
能,하다,57,5699,12378,-1.757
晉,요,21,3243,8043,-1.762
乃,이,37,3432,13390,-1.762
何,하며,11,3907,3517,-1.77
欲,라하여,2,3821,654,-1.771
然,하라,4,6302,794,-1.772
十,리라,4,5743,872,-1.773
不,호되,29,36502,995,-1.774
故,할새,5,6906,908,-1.776
月,요,26,4062,8043,-1.779
又,도,2,4202,599,-1.781
無,호대,6,9706,778,-1.781
天,오,16,9000,2241,-1.783
十,하며,16,5743,3517,-1.785
者,호대,13,21101,778,-1.786
曰,하라,9,14316,794,-1.786
非,는,70,4326,20443,-1.786
州,오,7,3948,2241,-1.787
如,에,96,5821,20869,-1.789
二,아,12,5144,2954,-1.79
得,이,73,6911,13390,-1.791
若,하노라,2,3413,743,-1.792
明,호대,2,3261,778,-1.792
行,호대,3,4901,778,-1.795
又,할새,3,4202,908,-1.796
故,하여는,4,6906,738,-1.799
則,로,56,9567,7466,-1.8
何,러니,10,3907,3273,-1.804
道,러라,4,4092,1251,-1.805
五,하라,2,3226,794,-1.806
非,하니,72,4326,21328,-1.807
晉,하니이다,2,3243,791,-1.808
從,호대,2,3309,778,-1.813
王,하니이다,5,8165,791,-1.818
使,엔,4,7315,708,-1.822
曰,호되,11,14316,995,-1.822
何,호되,3,3907,995,-1.823
月,하고,90,4062,28730,-1.824
未,도,2,4332,599,-1.825
世,호되,3,3916,995,-1.826
必,호되,3,3926,995,-1.83
謂,하니,86,5258,21328,-1.832
事,이,78,7598,13390,-1.833
爲,로,131,22901,7466,-1.833
至,하라,4,6585,794,-1.836
月,하여,119,4062,38494,-1.843
可,호되,7,9245,995,-1.843
知,로,35,6165,7466,-1.844
見,도,2,4395,599,-1.846
文,니이다,16,4388,4802,-1.846
士,라하여,2,4026,654,-1.846
五,라하고,3,3226,1225,-1.847
已,와,7,3851,2395,-1.847
所,한대,24,12656,2501,-1.849
于,어든,3,4860,817,-1.854
是,할새,5,7292,908,-1.854
言,엔,4,7503,708,-1.858
其,호대,18,30717,778,-1.858
明,어든,2,3261,817,-1.863
乎,어늘,15,3952,5066,-1.866
月,면,25,4062,8230,-1.868
相,리라,3,4601,872,-1.869
侯,로다,3,4218,952,-1.87
乎,하니라,8,3952,2711,-1.871
又,이,42,4202,13390,-1.871
謂,하여,151,5258,38494,-1.872
見,하시니,2,4395,611,-1.874
故,호대,4,6906,778,-1.875
必,와,7,3926,2395,-1.875
先,리라,2,3097,872,-1.882
月,를,9,4062,2996,-1.885
若,하라,2,3413,794,-1.887
知,에,95,6165,20869,-1.887
得,에,106,6911,20869,-1.893
明,러라,3,3261,1251,-1.893
亦,가,11,4602,3256,-1.895
在,하다,39,4310,12378,-1.901
若,에,52,3413,20869,-1.903
故,호되,5,6906,995,-1.908
月,라하니라,2,4062,678,-1.911
亦,와,8,4602,2395,-1.911
乎,라가,4,3952,1394,-1.911
年,하면,5,6075,1137,-1.915
日,아,8,3756,2954,-1.921
二,하며,13,5144,3517,-1.926
月,니이다,14,4062,4802,-1.928
乃,가,8,3432,3256,-1.931
官,오,5,3125,2241,-1.935
已,하다,34,3851,12378,-1.937
中,오,9,5639,2241,-1.939
五,리라,2,3226,872,-1.941
十,라하고,5,5743,1225,-1.942
見,오,7,4395,2241,-1.942
有,로,86,16242,7466,-1.945
能,하노라,3,5699,743,-1.946
非,러니,10,4326,3273,-1.951
月,라가,4,4062,1394,-1.951
至,이,62,6585,13390,-1.957
中,리오,8,5639,2019,-1.958
是,하며,18,7292,3517,-1.96
謂,하고,106,5258,28730,-1.96
晉,하며,8,3243,3517,-1.961
言,하다,65,7503,12378,-1.964
十,오,9,5743,2241,-1.965
公,며,6,11407,752,-1.965
未,호되,3,4332,995,-1.972
必,에,57,3926,20869,-1.973
得,한대,12,6911,2501,-1.976
年,는,86,6075,20443,-1.979
何,하여,104,3907,38494,-1.981
後,하면,4,5088,1137,-1.982
用,호되,3,4385,995,-1.99
于,를,10,4860,2996,-1.991
生,할새,2,3215,908,-1.995
曰,어든,8,14316,817,-1.997
中,호대,3,5639,778,-1.998
非,하니라,8,4326,2711,-2.001
官,니라,9,3125,4236,-2.006
而,할새,22,35709,908,-2.009
者,할새,13,21101,908,-2.009
四,라가,3,3183,1394,-2.014
年,이,55,6075,13390,-2.014
公,호대,6,11407,778,-2.014
公,니이다,37,11407,4802,-2.015
則,라가,9,9567,1394,-2.017
非,이,39,4326,13390,-2.02
士,하여는,2,4026,738,-2.02
是,하시니,3,7292,611,-2.02
太,호대,2,3822,778,-2.021
相,잇가,2,4601,647,-2.023
及,하노라,2,4008,743,-2.024
也,가,58,26664,3256,-2.031
州,하면,3,3948,1137,-2.031
今,하며,12,5115,3517,-2.033
此,하며,19,8103,3517,-2.034
何,니라,11,3907,4236,-2.039
年,하노라,3,6075,743,-2.039
焉,이,27,3049,13390,-2.046
軍,로다,2,3184,952,-2.049
又,나,14,4202,5073,-2.056
謂,리라,3,5258,872,-2.061
可,로,45,9245,7466,-2.066
知,호되,4,6165,995,-2.066
五,로다,2,3226,952,-2.068
書,오,7,4799,2241,-2.069
曰,며,7,14316,752,-2.07
又,하여는,2,4202,738,-2.082
公,어든,6,11407,817,-2.084
兵,하노라,2,4184,743,-2.086
曰,니라,39,14316,4236,-2.086
于,니이다,15,4860,4802,-2.087
侯,하여는,2,4218,738,-2.087
二,할새,3,5144,908,-2.088
然,하노라,3,6302,743,-2.091
將,하며,12,5323,3517,-2.091
兵,오,6,4184,2241,-2.093
乎,하니이다,2,3952,791,-2.094
死,이,27,3155,13390,-2.095
月,니라,11,4062,4236,-2.095
年,하다,48,6075,12378,-2.097
行,오,7,4901,2241,-2.099
得,할새,4,6911,908,-2.099
二,하시니,2,5144,611,-2.101
月,하다,32,4062,12378,-2.101
于,잇가,2,4860,647,-2.102
官,리오,4,3125,2019,-2.107
出,로,20,4231,7466,-2.109
侯,며,2,4218,752,-2.115
臣,하니라,11,6439,2711,-2.115
州,리오,5,3948,2019,-2.122
矣,하니이다,3,6060,791,-2.125
以,이,290,34619,13390,-2.126
四,리오,4,3183,2019,-2.133
可,하다,71,9245,12378,-2.138
州,라하고,3,3948,1225,-2.138
此,라가,7,8103,1394,-2.14
臣,며,3,6439,752,-2.14
書,리오,6,4799,2019,-2.141
乎,러니,8,3952,3273,-2.142
此,도,3,8103,599,-2.143
軍,라하니,4,3184,2035,-2.145
乃,에,44,3432,20869,-2.152
何,러라,3,3907,1251,-2.153
故,엔,3,6906,708,-2.154
民,할새,2,3618,908,-2.165
何,어늘,12,3907,5066,-2.171
至,며,3,6585,752,-2.172
欲,이,31,3821,13390,-2.172
可,한대,14,9245,2501,-2.173
此,러니,16,8103,3273,-2.178
二,잇가,2,5144,647,-2.184
太,리라,2,3822,872,-2.186
又,하라,2,4202,794,-2.187
禮,호되,2,3359,995,-2.19
在,호대,2,4310,778,-2.195
非,호대,2,4326,778,-2.2
侯,니이다,12,4218,4802,-2.204
則,엔,4,9567,708,-2.209
在,로,19,4310,7466,-2.209
月,러라,3,4062,1251,-2.21
在,이,34,4310,13390,-2.213
書,엔,2,4799,708,-2.214
言,할새,4,7503,908,-2.217
文,호대,2,4388,778,-2.221
在,하라,2,4310,794,-2.224
也,면,128,26664,8230,-2.227
可,하노라,4,9245,743,-2.229
州,리라,2,3948,872,-2.233
矣,라도,5,6060,1421,-2.233
不,엔,15,36502,708,-2.234
亦,를,8,4602,2996,-2.235
乃,하며,7,3432,3517,-2.235
中,라하고,4,5639,1225,-2.237
皆,할새,3,5714,908,-2.239
文,하니이다,2,4388,791,-2.245
則,러니,18,9567,3273,-2.248
太,면,18,3822,8230,-2.255
十,하시니,2,5743,611,-2.26
時,한대,6,4223,2501,-2.265
月,는,47,4062,20443,-2.27
月,리라,2,4062,872,-2.274
則,하노라,4,9567,743,-2.279
則,면,44,9567,8230,-2.289
非,로,18,4326,7466,-2.293
亦,면,21,4602,8230,-2.3
曰,와,19,14316,2395,-2.301
未,한대,6,4332,2501,-2.302
事,로다,4,7598,952,-2.304
也,하시니,9,26664,611,-2.305
臣,하다,44,6439,12378,-2.306
則,하면,6,9567,1137,-2.308
矣,도,2,6060,599,-2.309
不,이,269,36502,13390,-2.311
年,도,2,6075,599,-2.313
必,라가,3,3926,1394,-2.317
皆,오,7,5714,2241,-2.32
曰,아,23,14316,2954,-2.328
年,할새,3,6075,908,-2.328
也,하며,51,26664,3517,-2.328
何,하고,61,3907,28730,-2.329
吾,한대,5,3686,2501,-2.332
晉,하면,2,3243,1137,-2.332
可,도,3,9245,599,-2.334
上,리오,6,5497,2019,-2.337
矣,하시니,2,6060,611,-2.338
明,하면,2,3261,1137,-2.34
先,도,1,3097,599,-2.341
以,에,389,34619,20869,-2.342
何,로다,2,3907,952,-2.344
于,이,35,4860,13390,-2.344
曰,나,39,14316,5073,-2.346
何,라,63,3907,30042,-2.347
月,어늘,11,4062,5066,-2.353
臣,리라,3,6439,872,-2.353
於,이,127,17777,13390,-2.356
何,니이다,10,3907,4802,-2.357
死,와,4,3155,2395,-2.367
于,호대,2,4860,778,-2.368
月,러니,7,4062,3273,-2.375
官,하시니,1,3125,611,-2.382
月,라도,3,4062,1421,-2.393
焉,에,33,3049,20869,-2.396
乃,나,9,3432,5073,-2.401
謂,하여는,2,5258,738,-2.405
軍,하시니,1,3184,611,-2.409
曰,로다,7,14316,952,-2.41
于,요,20,4860,8043,-2.416
必,한대,5,3926,2501,-2.423
何,요,16,3907,8043,-2.423
未,할새,2,4332,908,-2.425
乎,호되,2,3952,995,-2.425
焉,잇가,1,3049,647,-2.429
從,도,1,3309,599,-2.436
今,호대,2,5115,778,-2.442
於,로,66,17777,7466,-2.457
此,호되,4,8103,995,-2.46
月,호되,2,4062,995,-2.464
月,한대,5,4062,2501,-2.472
于,아,7,4860,2954,-2.485
謂,하며,9,5258,3517,-2.488
乃,를,5,3432,2996,-2.489
四,잇가,1,3183,647,-2.491
曰,리오,14,14316,2019,-2.495
月,라하니,4,4062,2035,-2.496
年,와,7,6075,2395,-2.505
四,라하여,1,3183,654,-2.507
五,잇가,1,3226,647,-2.511
已,가,6,3851,3256,-2.513
書,리라,2,4799,872,-2.514
可,할새,4,9245,908,-2.519
欲,에,38,3821,20869,-2.519
何,하다,23,3907,12378,-2.521
能,하여는,2,5699,738,-2.522
將,하니이다,2,5323,791,-2.523
師,니라,7,3481,4236,-2.524
十,하여는,2,5743,738,-2.533
于,리라,2,4860,872,-2.533
能,이,36,5699,13390,-2.533
皆,하노라,2,5714,743,-2.535
曰,하노라,5,14316,743,-2.538
矣,엔,2,6060,708,-2.55
五,리오,3,3226,2019,-2.568
曰,이,88,14316,13390,-2.572
上,하라,2,5497,794,-2.575
謂,러라,3,5258,1251,-2.582
年,가,9,6075,3256,-2.585
何,나,9,3907,5073,-2.588
十,호대,2,5743,778,-2.609
矣,하노라,2,6060,743,-2.62
吾,하시니,1,3686,611,-2.62
曰,라도,9,14316,1421,-2.626
軍,라도,2,3184,1421,-2.627
夫,하니이다,2,5744,791,-2.633
十,하니이다,2,5743,791,-2.633
焉,를,4,3049,2996,-2.641
謂,에,48,5258,20869,-2.642
先,하여는,1,3097,738,-2.642
所,할새,5,12656,908,-2.65
月,하면,2,4062,1137,-2.657
今,할새,2,5115,908,-2.665
皆,가,8,5714,3256,-2.667
乃,는,30,3432,20443,-2.675
從,엔,1,3309,708,-2.677
三,리라,2,5380,872,-2.679
若,하다,18,3413,12378,-2.68
也,를,34,26664,2996,-2.682
必,도,1,3926,599,-2.683
無,이,55,9706,13390,-2.69
年,호대,2,6075,778,-2.69
乎,도,1,3952,599,-2.692
王,리라,3,8165,872,-2.696
能,한대,6,5699,2501,-2.697
時,하다,22,4223,12378,-2.698
何,라하고,2,3907,1225,-2.708
知,호대,2,6165,778,-2.711
已,한대,4,3851,2501,-2.717
所,하다,65,12656,12378,-2.718
晉,하노라,1,3243,743,-2.718
先,호대,1,3097,778,-2.718
無,한대,10,9706,2501,-2.729
官,호대,1,3125,778,-2.731
二,라도,3,5144,1421,-2.734
何,한대,4,3907,2501,-2.738
知,하라,2,6165,794,-2.74
然,호대,2,6302,778,-2.743
有,할새,6,16242,908,-2.747
也,하니,231,26664,21328,-2.749
上,오,5,5497,2241,-2.75
四,호대,1,3183,778,-2.757
官,하라,1,3125,794,-2.76
月,하시니,1,4062,611,-2.761
皆,는,47,5714,20443,-2.763
月,라하고,2,4062,1225,-2.764
禮,하노라,1,3359,743,-2.769
生,호대,1,3215,778,-2.772
晉,호대,1,3243,778,-2.784
四,하라,1,3183,794,-2.787
乃,하여는,1,3432,738,-2.79
此,한대,8,8103,2501,-2.79
何,에,32,3907,20869,-2.799
州,잇가,1,3948,647,-2.802
何,라하여,1,3907,654,-2.803
者,하다,102,21101,12378,-2.806
月,나,8,4062,5073,-2.814
晉,하라,1,3243,794,-2.814
乃,며,1,3432,752,-2.817
州,라하여,1,3948,654,-2.818
能,할새,2,5699,908,-2.821
明,하라,1,3261,794,-2.822
十,할새,2,5743,908,-2.832
上,로다,2,5497,952,-2.837
月,잇가,1,4062,647,-2.843
然,한대,6,6302,2501,-2.843
無,에,77,9706,20869,-2.845
何,라하니라,1,3907,678,-2.855
若,호대,1,3413,778,-2.858
月,라하여,1,4062,654,-2.859
者,이,106,21101,13390,-2.864
乃,호대,1,3432,778,-2.866
年,하며,8,6075,3517,-2.866
州,라하니라,1,3948,678,-2.87
州,라하니,3,3948,2035,-2.87
師,호대,1,3481,778,-2.887
如,로,16,5821,7466,-2.891
何,라가,2,3907,1394,-2.894
于,오,4,4860,2241,-2.894
年,오,5,6075,2241,-2.894
官,리라,1,3125,872,-2.895
已,엔,1,3851,708,-2.896
故,하라,2,6906,794,-2.904
何,이,19,3907,13390,-2.91
諸,며,1,3669,752,-2.913
何,엔,1,3907,708,-2.917
焉,할새,1,3049,908,-2.918
此,와,7,8103,2395,-2.92
必,엔,1,3926,708,-2.924
州,니라,6,3948,4236,-2.928
必,라도,2,3926,1421,-2.929
于,로,13,4860,7466,-2.93
乎,엔,1,3952,708,-2.934
欲,하여는,1,3821,738,-2.945
曰,하니이다,4,14316,791,-2.951
太,하노라,1,3822,743,-2.955
若,한대,3,3413,2501,-2.958
謂,하니라,5,5258,2711,-2.961
曰,도,3,14316,599,-2.964
已,하노라,1,3851,743,-2.966
死,할새,1,3155,908,-2.968
書,니이다,8,4799,4802,-2.976
也,로,69,26664,7466,-2.978
四,할새,1,3183,908,-2.98
年,로다,2,6075,952,-2.981
如,호되,2,5821,995,-2.983
必,하여는,1,3926,738,-2.984
未,리오,3,4332,2019,-2.993
州,아,4,3948,2954,-2.993
亦,이,21,4602,13390,-3.002
官,로다,1,3125,952,-3.022
又,엔,1,4202,708,-3.022
曰,하니라,13,14316,2711,-3.027
曰,에,100,14316,20869,-3.028
也,하고,256,26664,28730,-3.031
何,니,10,3907,7760,-3.049
何,호대,1,3907,778,-3.053
也,와,21,26664,2395,-3.054
未,이,19,4332,13390,-3.059
必,호대,1,3926,778,-3.06
月,며,1,4062,752,-3.06
年,리오,4,6075,2019,-3.066
何,하니,27,3907,21328,-3.075
何,하니이다,1,3907,791,-3.077
必,이,17,3926,13390,-3.078
若,할새,1,3413,908,-3.081
何,하라,1,3907,794,-3.082
書,잇가,1,4799,647,-3.084
及,호대,1,4008,778,-3.09
軍,아,3,3184,2954,-3.098
乃,면,9,3432,8230,-3.099
此,호대,2,8103,778,-3.105
道,호대,1,4092,778,-3.12
士,하라,1,4026,794,-3.126
晉,호되,1,3243,995,-3.139
不,에,234,36502,20869,-3.152
亦,엔,1,4602,708,-3.153
可,엔,2,9245,708,-3.16
所,호대,3,12656,778,-3.164
矣,하니라,5,6060,2711,-3.165
謂,한대,4,5258,2501,-3.166
乎,이,16,3952,13390,-3.175
月,어든,1,4062,817,-3.18
曰,하며,15,14316,3517,-3.196
也,하면,9,26664,1137,-3.201
軍,니라,4,3184,4236,-3.203
子,하니이다,4,17119,791,-3.208
月,이,16,4062,13390,-3.214
皆,를,5,5714,2996,-3.225
非,하라,1,4326,794,-3.229
十,도,1,5743,599,-3.232
也,라도,11,26664,1421,-3.234
非,에,26,4326,20869,-3.245
可,에,55,9245,20869,-3.26
吾,하다,13,3686,12378,-3.261
年,아,5,6075,2954,-3.293
可,호대,2,9245,778,-3.296
是,호되,2,7292,995,-3.308
何,는,22,3907,20443,-3.309
此,할새,2,8103,908,-3.328
曰,면,32,14316,8230,-3.33
乎,로,8,3952,7466,-3.332
月,할새,1,4062,908,-3.332
謂,엔,1,5258,708,-3.345
皆,에,32,5714,20869,-3.347
十,라하여,1,5743,654,-3.358
州,로다,1,3948,952,-3.359
曰,니이다,18,14316,4802,-3.382
何,로되,2,3907,1954,-3.382
已,호되,1,3851,995,-3.387
能,에,31,5699,20869,-3.389
皆,리오,3,5714,2019,-3.392
晉,니이다,4,3243,4802,-3.41
何,를,3,3907,2996,-3.413
後,호대,1,5088,778,-3.434
何,라하니,2,3907,2035,-3.44
也,하여,258,26664,38494,-3.441
兵,로다,1,4184,952,-3.443
皆,이,19,5714,13390,-3.459
曰,어늘,18,14316,5066,-3.46
月,리오,2,4062,2019,-3.485
如,엔,1,5821,708,-3.492
亦,할새,1,4602,908,-3.512
今,러니,4,5115,3273,-3.515
十,아,4,5743,2954,-3.534
可,이,29,9245,13390,-3.543
太,오,2,3822,2241,-3.548
曰,를,10,14316,2996,-3.55
月,가,3,4062,3256,-3.59
乎,하다,11,3952,12378,-3.602
矣,하여는,1,6060,738,-3.61
月,오,2,4062,2241,-3.636
焉,로,5,3049,7466,-3.636
十,하라,1,5743,794,-3.638
曰,하고,90,14316,28730,-3.641
吾,러라,1,3686,1251,-3.654
曰,잇가,2,14316,647,-3.661
未,가,3,4332,3256,-3.682
四,아,2,3183,2954,-3.682
亦,는,20,4602,20443,-3.683
不,호대,6,36502,778,-3.692
矣,하니,27,6060,21328,-3.708
上,리라,1,5497,872,-3.71
乃,라도,1,3432,1421,-3.735
至,하노라,1,6585,743,-3.74
非,하면,1,4326,1137,-3.747
矣,에,25,6060,20869,-3.788
曰,엔,2,14316,708,-3.791
曰,하니,60,14316,21328,-3.797
至,호대,1,6585,778,-3.806
亦,하면,1,4602,1137,-3.837
也,라가,7,26664,1394,-3.858
亦,에,18,4602,20869,-3.865
得,호대,1,6911,778,-3.876
非,한대,2,4326,2501,-3.885
曰,하면,3,14316,1137,-3.889
十,로다,1,5743,952,-3.9
乎,에,15,3952,20869,-3.908
也,하다,60,26664,12378,-3.909
君,하니이다,1,6963,791,-3.911
不,할새,6,36502,908,-3.915
曰,로되,5,14316,1954,-3.933
是,호대,1,7292,778,-3.953
十,리오,2,5743,2019,-3.985
曰,러라,3,14316,1251,-4.027
至,할새,1,6585,908,-4.029
謂,하면,1,5258,1137,-4.029
月,아,2,4062,2954,-4.034
兵,아,2,4184,2954,-4.077
則,하다,19,9567,12378,-4.089
曰,리라,2,14316,872,-4.091
今,한대,2,5115,2501,-4.126
已,이,8,3851,13390,-4.138
亦,라도,1,4602,1421,-4.158
曰,라가,3,14316,1394,-4.183
矣,하여,35,6060,38494,-4.186
一,할새,1,7673,908,-4.25
則,하여는,1,9567,738,-4.269
矣,하며,3,6060,3517,-4.278
焉,와,1,3049,2395,-4.318
矣,한대,2,6060,2501,-4.371
曰,하다,23,14316,12378,-4.395
曰,하시니,1,14316,611,-4.578
無,할새,1,9706,908,-4.589
曰,로,12,14316,7466,-4.604
矣,이,9,6060,13390,-4.622
矣,를,2,6060,2996,-4.632
是,한대,2,7292,2501,-4.638
曰,러니,5,14316,3273,-4.677
曰,하여,56,14316,38494,-4.748
乎,한대,1,3952,2501,-4.754
何,하니라,1,3907,2711,-4.854
此,하다,9,8103,12378,-4.927
矣,하고,15,6060,28730,-4.986
則,한대,2,9567,2501,-5.03
必,하다,4,3926,12378,-5.052
今,하다,5,5115,12378,-5.112
也,호되,2,26664,995,-5.179
也,한대,5,26664,2501,-5.187
也,이,26,26664,13390,-5.229
矣,는,9,6060,20443,-5.232
矣,와,1,6060,2395,-5.309
何,면,2,3907,8230,-5.456
曰,한대,2,14316,2501,-5.611
矣,가,1,6060,3256,-5.752
矣,로,2,6060,7466,-5.949
謂,하다,1,5258,12378,-7.473
矣,하다,1,6060,12378,-7.678
