x,y,boundary_type,cluster_id,z
12.205057,-7.8545833,Sentence,1,9.15382
11.410065,-6.448838,Sentence,2,8.160956
13.603459,-4.2697263,Sentence,2,8.720439
11.525203,-6.887206,Sentence,0,7.5606456
11.443384,-8.518873,Sentence,1,9.237316
11.444831,-7.3220453,Sentence,2,9.606821
9.700098,-8.0582905,Sentence,2,8.425027
12.7771,-5.905017,Sentence,2,8.986373
9.3747425,-8.197129,Sentence,0,7.966842
13.047749,-6.72513,Sentence,2,9.554609
9.729443,-8.323783,Sentence,1,8.799955
11.93855,-8.107049,Sentence,1,10.067277
11.509263,-5.8387704,Sentence,0,7.519726
10.156554,-8.828039,Sentence,1,8.789408
11.78879,-4.646086,Sentence,2,11.206104
10.404968,-6.2081647,Sentence,1,9.481551
11.796935,-8.2196245,Sentence,1,8.398734
12.924049,-6.427968,Sentence,2,10.667027
10.504203,-8.697696,Sentence,1,8.428306
12.16071,-8.359697,Sentence,1,7.5991826
12.91121,-6.6805997,Sentence,2,10.1444845
10.3736105,-8.167058,Sentence,2,9.015501
10.208432,-5.1045594,Sentence,0,7.8839736
10.862811,-8.523275,Sentence,1,9.230038
12.028033,-5.958017,Sentence,2,10.057368
11.816649,-5.4546237,Sentence,0,7.5085006
10.014335,-7.058278,Sentence,0,8.692311
10.974673,-5.7393613,Sentence,2,9.893189
11.220359,-7.858646,Sentence,1,8.655575
12.18845,-7.037097,Sentence,2,9.715631
12.580577,-7.443155,Sentence,1,7.908566
11.002036,-7.7640634,Sentence,0,7.375425
7.7458158,-3.9146812,Sentence,0,7.22914
12.706995,-5.589958,Sentence,2,8.845369
12.715458,-7.62493,Sentence,1,8.928952
11.007055,-8.385283,Sentence,1,8.636558
9.971058,-8.854684,Sentence,0,8.5216675
13.455474,-4.874304,Sentence,0,8.599816
11.782096,-5.912751,Sentence,0,8.031347
10.998269,-5.6910295,Sentence,0,7.0652924
10.983749,-5.244766,Sentence,0,6.956967
10.85771,-5.490202,Sentence,0,6.7918406
10.255194,-6.1707177,Sentence,0,8.2789345
10.328281,-6.0408344,Sentence,1,9.144198
12.045802,-8.067826,Sentence,1,9.345111
11.556959,-7.510646,Sentence,1,7.6214495
12.7168665,-7.040388,Sentence,2,10.442058
12.583914,-8.147976,Sentence,1,8.537305
11.003146,-8.647793,Sentence,1,8.487722
10.963891,-8.858186,Sentence,1,8.562037
12.54191,-8.32604,Sentence,1,9.761174
10.779381,-6.8126197,Sentence,0,9.495189
11.133659,-5.9492683,Sentence,2,9.648636
13.117593,-4.5716357,Sentence,0,7.3728514
12.368242,-7.3935943,Sentence,2,9.521513
11.285923,-8.813076,Sentence,1,9.163684
11.868778,-8.650392,Sentence,1,8.75007
14.306848,-5.192287,Sentence,0,7.9033957
12.286338,-6.1859713,Sentence,2,9.746508
13.326103,-8.337752,Sentence,2,8.988966
11.49844,-5.7654386,Sentence,0,7.4316645
11.514849,-6.707322,Sentence,2,9.760573
12.568569,-6.2764215,Sentence,0,7.1721897
12.3979,-7.6518064,Sentence,1,8.3734865
12.515882,-7.219957,Sentence,2,10.223488
11.803558,-8.533796,Sentence,1,9.68658
12.602994,-6.1259594,Sentence,2,9.324358
12.408309,-6.920775,Sentence,2,10.867009
12.26574,-5.8862824,Sentence,0,7.560926
10.408054,-8.10759,Sentence,1,9.209261
13.546813,-4.2084947,Sentence,0,8.258721
12.337275,-5.816176,Sentence,2,8.569546
12.487998,-7.5130243,Sentence,2,10.360131
10.20505,-4.102238,Sentence,0,10.172048
12.631311,-6.498366,Sentence,2,9.24716
13.723303,-4.5915937,Sentence,0,8.206563
7.9704595,-4.122723,Sentence,0,7.250808
12.51481,-7.978701,Sentence,1,8.419283
12.969988,-5.692376,Sentence,2,9.479898
12.209988,-8.509798,Sentence,1,9.03914
10.830258,-7.02904,Sentence,2,9.807943
13.144171,-6.0216503,Sentence,2,9.295661
13.21491,-4.371181,Sentence,0,9.149727
12.034457,-7.085046,Sentence,1,8.521579
11.912737,-6.3602386,Sentence,2,10.663864
11.221937,-5.3797946,Sentence,0,8.183038
11.847658,-7.448449,Sentence,0,8.211463
12.104099,-6.0310087,Sentence,0,7.9267473
10.037449,-7.160242,Sentence,0,8.804793
12.243451,-6.5046964,Sentence,0,8.578171
10.33922,-5.331175,Sentence,0,7.919447
11.991557,-5.623729,Sentence,0,9.023695
12.329903,-8.2681675,Sentence,1,8.45774
12.598442,-5.678978,Sentence,2,9.905661
12.837043,-8.109867,Sentence,1,9.185536
12.251846,-8.489809,Sentence,1,8.061707
13.083284,-6.6753,Sentence,2,10.089455
12.709372,-6.0296426,Sentence,2,10.553843
11.8365345,-7.0903616,Sentence,1,8.990047
11.991741,-7.556174,Sentence,2,10.523918
11.271832,-7.3332586,Sentence,0,8.616314
12.258937,-5.232211,Sentence,2,10.57415
12.548993,-8.087317,Sentence,1,8.87949
12.503358,-6.9639926,Sentence,2,10.586449
12.45938,-8.231697,Sentence,1,9.804815
12.33628,-8.691132,Sentence,1,8.463121
12.383426,-6.5544147,Sentence,2,10.2266035
10.781203,-8.130199,Sentence,1,8.549664
12.05753,-8.709305,Sentence,1,9.473198
12.331075,-5.177174,Sentence,2,10.55308
12.684849,-7.995804,Sentence,1,9.432648
13.590227,-4.2636895,Sentence,0,8.700921
12.369966,-8.692655,Sentence,1,8.767179
11.871544,-7.0699472,Sentence,0,8.441664
11.216005,-6.3724356,Sentence,2,10.461232
11.206886,-8.688909,Sentence,1,9.28348
11.865632,-7.9280562,Sentence,1,9.274859
11.709879,-7.9795513,Sentence,0,8.834953
12.579382,-8.376542,Sentence,1,8.472277
11.437153,-8.391901,Sentence,1,9.075766
12.525086,-6.85551,Sentence,2,10.687054
11.239587,-8.058857,Sentence,1,8.7879505
11.874267,-7.9163947,Sentence,1,9.832638
12.325311,-8.469508,Sentence,1,9.714963
11.93728,-5.982396,Sentence,2,9.438547
13.098449,-7.913461,Sentence,2,8.6213875
12.565266,-7.7125597,Sentence,2,9.849519
12.4029045,-7.569818,Sentence,1,9.534294
10.354929,-8.605719,Sentence,1,9.080911
10.314406,-8.178714,Sentence,1,8.846313
11.796922,-6.460624,Sentence,0,7.658737
11.768981,-6.8783116,Sentence,2,10.268532
12.259473,-8.543341,Sentence,1,9.083367
11.012532,-3.459863,Sentence,0,7.0065613
10.4939165,-4.624024,Sentence,0,6.3443165
12.473305,-8.002032,Sentence,1,8.994364
12.35632,-4.8276896,Sentence,2,9.947562
10.626492,-5.2059317,Sentence,0,9.759661
12.38458,-7.901036,Sentence,1,9.643106
12.060855,-8.500844,Sentence,1,9.449231
11.954894,-8.836287,Sentence,1,8.24253
12.172431,-8.566704,Sentence,1,8.738589
12.365028,-8.347238,Sentence,1,8.067814
11.814226,-8.096844,Sentence,1,9.583468
12.528241,-7.6425595,Sentence,2,10.33982
12.427802,-6.2264147,Sentence,0,8.367801
11.382893,-5.7588663,Sentence,2,8.815578
12.58779,-8.287601,Sentence,1,8.475188
10.406444,-6.9862876,Sentence,0,8.757099
12.902422,-7.263796,Sentence,2,9.921952
10.667594,-8.725191,Sentence,1,8.384067
10.932735,-8.790588,Sentence,1,8.955177
10.9745655,-8.836037,Sentence,1,8.54241
11.668692,-7.9076514,Sentence,1,8.1737995
13.989852,-3.8655224,Sentence,0,7.5521564
10.860469,-8.3779125,Sentence,1,9.255734
12.794555,-7.012526,Sentence,1,8.704879
11.220844,-7.940689,Sentence,1,8.2960825
11.516793,-8.329779,Sentence,1,9.588473
10.692033,-4.0906687,Sentence,0,9.957018
10.440248,-5.483719,Sentence,0,8.092462
11.854084,-6.9907637,Sentence,2,8.7302885
12.119662,-5.9269767,Sentence,2,10.827714
10.305187,-5.5657725,Sentence,0,8.097596
12.7224245,-8.18624,Sentence,1,9.100193
13.431072,-8.344364,Sentence,0,9.07291
12.414461,-7.87694,Sentence,2,10.316145
12.458818,-8.469647,Sentence,1,9.353833
12.435792,-5.762825,Sentence,2,10.430619
13.119936,-6.4267874,Sentence,1,10.347414
12.373911,-6.6173153,Sentence,2,10.914167
11.89937,-8.581262,Sentence,1,9.652357
12.38533,-6.8705244,Sentence,2,10.739142
12.135875,-8.249361,Sentence,2,10.179586
11.008348,-8.687636,Sentence,1,8.76796
12.842306,-5.9850435,Sentence,2,10.376819
12.3031435,-8.19279,Sentence,1,9.680198
12.901456,-8.246477,Sentence,1,9.048481
12.978576,-7.7564087,Sentence,2,9.190884
11.058585,-7.1365423,Sentence,0,7.930695
10.369663,-6.093309,Sentence,0,8.237652
11.9629135,-6.6125245,Sentence,0,7.195152
11.866123,-5.2510214,Sentence,2,10.219105
11.218572,-5.99726,Sentence,0,8.9584
11.961392,-8.859501,Sentence,1,8.741639
12.510472,-7.560325,Sentence,2,10.219072
12.343097,-8.16643,Sentence,1,9.812301
12.533011,-7.771548,Sentence,1,8.404992
12.075262,-6.125543,Sentence,2,9.59893
14.305055,-5.186988,Sentence,0,7.907707
13.147331,-6.6706395,Sentence,2,9.448274
12.322607,-7.665652,Sentence,1,8.835147
11.192773,-4.501157,Sentence,0,11.099751
10.086155,-8.716553,Sentence,0,8.827084
10.364789,-8.732567,Sentence,1,8.6496105
12.004142,-5.3682094,Sentence,2,9.325981
11.932255,-8.243052,Sentence,1,8.164698
12.085766,-7.019044,Sentence,0,7.6427765
14.998642,-3.137005,Sentence,0,8.263971
11.808031,-7.967439,Sentence,1,10.240079
12.389824,-7.149235,Sentence,2,10.423715
12.561091,-6.5221434,Sentence,2,10.43408
12.01226,-8.753463,Sentence,1,9.299244
12.819847,-6.8174787,Sentence,2,10.334628
12.365529,-6.553675,Sentence,2,10.9259405
11.898212,-7.740962,Sentence,0,7.4280987
12.34653,-8.376521,Sentence,1,9.602122
13.0420265,-6.7582517,Sentence,2,10.045891
12.5122385,-7.1994934,Sentence,2,10.382893
12.9425535,-6.647271,Sentence,2,10.378352
11.148095,-4.3943586,Sentence,0,10.045616
11.69415,-7.3508167,Sentence,0,8.383267
11.729753,-5.813808,Sentence,0,7.9706745
12.458452,-6.392713,Sentence,0,7.836577
11.155337,-7.785707,Sentence,1,7.8026795
10.904626,-7.682526,Sentence,0,7.4318047
12.208332,-5.878516,Sentence,0,7.1839676
12.696712,-7.708049,Sentence,2,9.858403
12.334343,-6.782347,Sentence,0,8.332572
12.777863,-5.4088917,Sentence,0,8.346099
9.893474,6.525339,Sentence,0,6.8827963
14.088432,-3.9743056,Sentence,0,7.814638
13.170265,-6.98372,Sentence,2,9.331828
12.480616,-8.372803,Sentence,1,8.372444
11.905586,-8.476176,Sentence,1,9.5487585
12.189672,-8.455211,Sentence,1,9.42165
11.684092,-8.300476,Sentence,1,9.271062
12.019398,-8.452737,Sentence,1,9.811298
15.030006,-3.116409,Sentence,0,8.259872
11.248026,-5.953069,Sentence,0,8.231389
13.105709,-4.602071,Sentence,2,8.638261
11.822102,-7.4981885,Sentence,0,8.193663
10.689826,-5.1806192,Sentence,0,8.290373
11.533883,-7.8148465,Sentence,1,9.091875
13.830291,-4.263123,Sentence,0,8.84311
9.893417,6.5259438,Sentence,0,6.8826056
12.819234,-6.467151,Sentence,0,8.218765
11.623786,-8.96799,Sentence,1,7.7567515
12.1493225,-8.336846,Sentence,1,7.665008
12.02948,-7.4769063,Sentence,1,9.176523
13.534602,-8.3943615,Sentence,0,9.106844
12.475653,-7.5727463,Sentence,1,10.149383
12.48441,-7.6543565,Sentence,1,10.217991
11.137403,-8.211555,Sentence,1,8.018447
12.001078,-4.8040433,Sentence,2,10.94711
13.520797,-8.363491,Sentence,2,9.101682
11.935056,-8.226389,Sentence,1,9.367413
12.03853,-6.9163265,Sentence,0,7.8583965
13.110567,-5.6050735,Sentence,0,8.021874
12.586544,-6.1111727,Sentence,2,10.2619295
10.983219,-8.737932,Sentence,0,8.851779
12.3652,-7.8680596,Sentence,1,8.837196
12.474754,-6.793723,Sentence,2,10.834794
12.5551815,-6.215683,Sentence,0,7.9009023
10.563865,-6.398891,Sentence,0,8.712089
11.677812,-6.7945666,Sentence,0,7.717806
12.589789,-6.7541847,Sentence,2,10.522552
12.691614,-8.155511,Sentence,1,8.923904
12.014831,-8.762479,Sentence,1,8.362919
11.696415,-6.681075,Sentence,0,7.6829267
12.373864,-8.266776,Sentence,1,9.803577
12.825348,-8.263637,Sentence,2,8.716032
12.65895,-6.6029515,Sentence,2,9.578033
11.568838,-6.9495063,Sentence,2,10.027702
13.260831,-8.344603,Sentence,1,8.952085
11.789292,-8.571907,Sentence,1,9.595486
12.942574,-5.7483463,Sentence,2,8.405932
11.928173,-8.295383,Sentence,1,9.864452
10.767593,-8.730302,Sentence,1,9.190685
12.506647,-6.3949695,Sentence,0,7.650009
11.815205,-8.036789,Sentence,1,8.862303
10.974936,-6.330709,Sentence,2,8.522002
12.649129,-7.1056232,Sentence,2,10.135777
11.597059,-5.8914704,Sentence,0,7.5340495
12.2389,-8.345638,Sentence,1,8.593654
12.3936825,-5.1342564,Sentence,2,8.044403
11.845723,-6.1566496,Sentence,0,7.253221
10.135119,-5.677513,Sentence,0,8.2587595
12.770799,-6.7116,Sentence,2,10.51693
12.638703,-8.07957,Sentence,1,8.969559
10.454014,-4.2257385,Sentence,0,9.528588
13.0809765,-6.8354855,Sentence,2,9.072025
12.091869,-8.268185,Sentence,1,8.917099
12.176863,-7.869456,Sentence,1,9.864935
11.578935,-6.155819,Sentence,0,7.9382544
13.45362,-8.296724,Sentence,1,9.025506
12.61952,-7.1775956,Sentence,2,10.0927725
11.1849375,-6.6440644,Sentence,2,10.227144
11.712442,-8.184509,Sentence,1,9.417432
13.105144,-6.3291306,Sentence,2,10.464062
12.022436,-8.437877,Sentence,1,8.454062
11.190587,-4.4463887,Sentence,0,10.999287
10.34919,-5.3805037,Sentence,0,8.109544
12.127573,-8.271578,Sentence,1,10.032158
11.446556,-6.312357,Sentence,0,9.01549
12.192415,-5.7395344,Sentence,0,7.185689
12.650924,-7.322838,Sentence,1,8.19248
11.570708,-8.914201,Sentence,0,7.584456
11.164864,-7.013635,Sentence,2,9.259571
12.363209,-6.9752398,Sentence,2,10.055481
10.193889,-5.9579797,Sentence,0,8.222617
12.352446,-7.7129254,Sentence,0,7.938627
12.507638,-7.694347,Sentence,2,9.150609
12.742874,-7.0665846,Sentence,2,9.405216
12.510014,-7.845718,Sentence,2,10.1536875
11.754136,-8.790339,Sentence,1,9.428733
12.263824,-7.673443,Sentence,1,10.182309
10.680036,-8.688246,Sentence,1,8.6410885
12.207435,-7.777562,Sentence,1,8.240005
10.836506,-8.69755,Sentence,2,9.362475
12.9712925,-7.3440666,Sentence,2,9.7955265
11.466267,-8.64379,Sentence,1,9.541307
10.862887,-6.665763,Sentence,0,8.295967
10.679329,-8.164491,Sentence,1,8.940121
11.769053,-8.534311,Sentence,1,8.772394
12.960742,-7.4334574,Sentence,2,9.06817
11.803112,-8.630604,Sentence,1,8.672359
9.893564,6.526148,Sentence,0,6.8825126
12.379845,-7.043034,Sentence,2,9.096925
9.726481,-8.264434,Sentence,1,8.339676
12.2307415,-7.5654726,Sentence,1,8.9350195
12.376522,-8.485371,Sentence,1,8.319087
12.794086,-6.3819823,Sentence,2,9.740382
10.728794,-6.9543657,Sentence,0,9.604239
12.420224,-5.0182495,Sentence,1,9.707928
12.166723,-4.9893694,Sentence,2,10.695749
11.300224,-5.8293314,Sentence,0,7.0474353
12.692983,-7.6510487,Sentence,2,8.990093
10.778631,-7.6020384,Sentence,0,7.365313
10.865744,-5.4287095,Sentence,1,8.892809
11.005117,-4.618831,Sentence,0,7.281656
11.419792,-8.057971,Sentence,1,9.288855
11.394997,-8.690535,Sentence,1,9.023298
11.58007,-7.297501,Sentence,2,9.015435
11.241814,-8.139311,Sentence,1,9.244927
12.725691,-6.2933044,Sentence,2,9.61782
10.240742,-5.4669094,Sentence,0,8.082772
12.587754,-7.7230616,Sentence,1,8.397702
12.424391,-8.361354,Sentence,1,8.611687
12.950174,-7.880059,Sentence,1,8.837617
12.904718,-7.3304377,Sentence,2,9.328678
12.969543,-6.237639,Sentence,2,10.641924
12.557638,-7.6963086,Sentence,2,10.212168
12.864515,-7.0522614,Sentence,2,10.185014
11.607934,-6.649942,Sentence,0,7.356354
12.366538,-8.674269,Sentence,1,9.054953
10.5106325,-8.250939,Sentence,0,9.293986
11.19606,-5.54623,Sentence,0,7.2677426
13.5781145,-8.370338,Sentence,0,9.073939
10.996376,-8.527888,Sentence,1,8.453631
10.110015,-7.768535,Sentence,0,8.502974
10.763001,-6.843517,Sentence,0,8.150234
12.842603,-6.952352,Sentence,2,9.830923
12.3407,-8.194266,Sentence,1,9.0582285
11.839736,-6.209892,Sentence,2,9.2687025
11.515693,-8.030848,Sentence,1,9.686908
13.113978,-6.2922897,Sentence,2,9.455078
12.126569,-8.123908,Sentence,1,10.029425
10.785482,-3.971725,Sentence,0,10.01339
10.026041,-5.1965775,Sentence,0,8.102747
12.353103,-5.258424,Sentence,2,10.328207
12.6847315,-8.386598,Sentence,1,9.096204
11.820114,-5.3268228,Sentence,2,10.564556
11.279452,-6.1765423,Sentence,2,10.039661
10.174123,-4.1320767,Sentence,0,5.7143555
12.887884,-8.022993,Sentence,1,9.233851
12.393992,-6.2205467,Sentence,0,8.151511
10.750228,-4.869265,Sentence,0,6.755397
11.2518835,-6.765913,Sentence,0,7.525635
12.757791,-7.1098857,Sentence,2,9.476484
12.435651,-7.465693,Sentence,1,10.00964
12.384006,-8.64797,Sentence,1,8.636612
12.164105,-7.2462535,Sentence,2,10.05442
11.548478,-5.3894053,Sentence,0,8.638674
11.939313,-6.639303,Sentence,0,7.6145988
12.573718,-7.4241085,Sentence,1,8.301082
12.441121,-7.054152,Sentence,2,10.097712
13.120957,-4.570313,Sentence,0,7.3743215
12.341355,-7.337819,Sentence,2,9.921772
9.87,-5.0379844,Sentence,0,8.089727
12.517793,-7.01006,Sentence,2,10.517233
12.148312,-8.655497,Sentence,1,9.073442
12.057915,-8.045859,Sentence,1,7.7655454
10.881474,-8.368916,Sentence,1,9.162793
10.91036,-7.3513527,Sentence,0,8.046354
11.6863165,-8.678341,Sentence,1,8.88882
12.461236,-7.817061,Sentence,2,10.258702
12.384077,-5.577559,Sentence,2,10.823799
12.0717535,-7.8708024,Sentence,1,9.585077
12.319131,-6.0571165,Sentence,2,10.041559
12.988103,-6.8643646,Sentence,2,9.611002
12.74634,-6.976973,Sentence,2,9.803255
12.476836,-8.226147,Sentence,1,9.764868
12.948873,-7.0696397,Sentence,2,9.858534
12.077653,-5.3479786,Sentence,0,10.5974865
12.471593,-5.419419,Sentence,2,10.01318
11.938779,-8.7123375,Sentence,1,9.104491
10.431061,-6.2486777,Sentence,0,9.290555
12.667831,-8.272563,Sentence,1,8.937015
12.73827,-6.6233935,Sentence,2,10.6288595
12.84891,-7.171753,Sentence,0,8.408677
12.621285,-7.343404,Sentence,2,10.136967
12.078486,-6.1784644,Sentence,2,8.837435
12.0460825,-6.578444,Sentence,0,7.45034
9.893434,6.525448,Sentence,0,6.8829226
11.202942,-8.529458,Sentence,1,9.119913
11.143198,-8.626322,Sentence,1,8.82242
11.625528,-8.513545,Sentence,1,9.409638
12.269289,-8.251923,Sentence,0,7.6725097
12.358009,-7.02586,Sentence,2,9.126616
10.530455,-7.024752,Sentence,1,9.738573
12.219255,-6.770235,Sentence,2,10.005478
11.5085125,-5.7934155,Sentence,0,8.599518
10.988358,-4.9806776,Sentence,0,7.0742035
11.595354,-7.6701183,Sentence,1,9.628185
12.509123,-4.7499604,Sentence,2,10.009388
6.737297,-2.7988064,Sentence,0,14.415439
10.886392,-8.328056,Sentence,1,9.262564
12.843825,-6.874783,Sentence,2,9.961458
10.427556,-8.593303,Sentence,0,8.537285
12.381032,-8.365422,Sentence,1,9.8074255
11.284391,-6.21966,Sentence,0,6.6751914
13.133578,-6.2782483,Sentence,2,9.296206
12.279602,-7.2984242,Sentence,0,7.6463194
12.301229,-8.378841,Sentence,1,8.221661
11.724967,-8.729909,Sentence,1,9.438319
12.320383,-5.5816846,Sentence,2,10.369073
12.314823,-5.391906,Sentence,2,10.731875
11.464321,-6.0729904,Sentence,2,9.64338
10.228806,-5.523746,Sentence,0,8.208589
11.003405,-8.732856,Sentence,1,8.6887455
12.57575,-7.8919325,Sentence,1,8.779958
12.075667,-8.308619,Sentence,1,9.576889
12.329604,-4.719161,Sentence,2,9.872861
10.6008835,-8.724702,Sentence,1,9.016252
10.769588,-5.552812,Sentence,0,7.871231
11.289854,-4.6436925,Sentence,2,11.024426
10.630953,-6.195597,Sentence,0,8.993106
12.992182,-7.605556,Sentence,1,9.547775
11.454761,-8.26524,Sentence,1,8.476052
12.017945,-7.8556247,Sentence,1,10.391469
12.9465885,-5.9026647,Sentence,2,8.867774
13.22695,-7.2732897,Sentence,2,9.86974
11.073585,-8.637375,Sentence,1,9.50047
12.872175,-7.533878,Sentence,2,9.132717
12.869693,-7.444043,Sentence,2,10.162625
10.612998,-4.995636,Sentence,0,9.410336
12.823781,-8.372236,Sentence,1,9.429533
12.136214,-8.35496,Sentence,1,8.730689
12.344391,-8.176502,Sentence,1,10.235135
11.720267,-5.699753,Sentence,0,8.858496
11.897028,-7.6084447,Sentence,1,9.512654
12.098554,-6.17305,Sentence,0,7.991407
11.393778,-7.3142557,Sentence,1,9.060094
15.5061455,-1.669884,Sentence,0,10.260712
12.4822,-8.7201,Sentence,1,9.173352
10.15647,-8.416285,Sentence,0,9.416588
12.115447,-6.273885,Sentence,2,10.739955
11.975704,-6.664114,Sentence,2,10.287541
10.903044,-6.903075,Sentence,2,9.452711
11.575418,-6.674333,Sentence,0,9.7884865
12.270697,-8.23179,Sentence,1,7.8012886
10.677394,-4.703351,Sentence,0,6.652398
11.816676,-5.2551713,Sentence,2,11.133491
12.712331,-8.158945,Sentence,1,9.1654215
13.549797,-8.373032,Sentence,2,9.092191
12.436923,-7.091096,Sentence,0,8.100084
10.740893,-6.743931,Sentence,0,7.627187
10.774501,-7.4966245,Sentence,0,8.286271
12.556702,-8.844597,Sentence,1,8.649845
11.429502,-8.307944,Sentence,1,8.046573
11.923617,-7.098849,Sentence,2,10.485741
12.588887,-7.4949164,Sentence,1,8.902294
11.898353,-8.37028,Sentence,1,8.845802
11.178696,-6.5842977,Sentence,1,9.046453
9.961771,-8.627121,Sentence,0,9.315706
12.327352,-7.1294136,Sentence,2,10.441229
12.385891,-8.039433,Sentence,1,8.168333
12.48843,-7.137411,Sentence,2,10.472258
11.899065,-7.2838397,Sentence,0,8.195184
10.088565,-8.607196,Sentence,1,9.284761
12.998019,-5.5464373,Sentence,0,8.549675
10.742753,-7.5689144,Sentence,0,7.4799123
12.074742,-8.320967,Sentence,2,9.919658
12.351076,-8.097568,Sentence,1,8.401197
11.329874,-6.0662136,Sentence,2,10.449909
11.882041,-8.354762,Sentence,1,8.684255
9.893505,6.52531,Sentence,0,6.8829536
10.993012,-8.380811,Sentence,1,8.881338
12.923927,-6.9330797,Sentence,2,10.362332
11.731941,-8.728899,Sentence,1,8.779953
11.291708,-6.3727055,Sentence,2,9.039457
11.407108,-5.387864,Sentence,0,8.208438
11.31708,-7.000063,Sentence,2,8.910102
9.592549,-7.575518,Sentence,0,7.1704826
11.926081,-6.0907617,Sentence,2,9.538236
10.713377,-8.340638,Sentence,1,9.135595
11.239551,-4.4778085,Sentence,0,11.028705
11.444787,-7.433385,Sentence,1,9.268474
11.21284,-7.407017,Sentence,1,7.372054
14.56899,-3.5141773,Sentence,0,8.327255
11.050731,-6.129484,Sentence,2,9.93775
11.549612,-8.3586855,Sentence,1,9.446215
9.888968,-8.252222,Sentence,1,8.440342
11.715801,-6.328799,Sentence,2,10.276141
12.154825,-8.203979,Sentence,1,10.154942
11.051282,-5.5886707,Sentence,0,7.9737144
12.125315,-6.490631,Sentence,2,10.809543
12.513128,-6.796537,Sentence,2,10.662548
11.248021,-7.1662636,Sentence,1,9.010562
12.5323715,-6.6341066,Sentence,2,9.765642
11.322922,-5.7672276,Sentence,0,7.186797
11.8740425,-8.821187,Sentence,1,9.099602
12.312263,-7.754401,Sentence,1,10.261501
11.551802,-8.139296,Sentence,1,9.891642
11.980303,-4.986593,Sentence,0,7.7718964
11.910721,-6.7529364,Sentence,2,9.925654
12.560543,-6.884702,Sentence,2,10.703427
12.285824,-5.706162,Sentence,0,7.9072685
12.883442,-4.8848057,Sentence,2,8.055668
12.380585,-5.0535955,Sentence,2,10.374139
10.434297,-5.339184,Sentence,0,7.9143896
12.485295,-8.231061,Sentence,1,9.888533
11.621486,-4.3324733,Sentence,0,10.421895
13.481059,-8.366739,Sentence,2,9.087193
11.891799,-7.0634274,Sentence,0,7.66113
12.877353,-7.230435,Sentence,2,9.1940565
11.977502,-8.427477,Sentence,1,9.532343
11.056406,-8.815077,Sentence,1,8.990444
11.852543,-6.4584107,Sentence,0,7.739783
12.354902,-8.111451,Sentence,1,9.799425
11.964253,-5.619123,Sentence,2,9.811773
12.14766,-7.083785,Sentence,0,7.6322393
10.804925,-8.676427,Sentence,0,8.728276
13.2748375,-6.6674027,Sentence,2,9.895341
10.1742325,-8.743504,Sentence,1,8.935704
12.55228,-6.2554474,Sentence,0,7.2048926
13.06556,-7.305955,Sentence,2,9.551079
12.638287,-6.715193,Sentence,2,9.752652
9.848095,-8.200534,Sentence,1,8.372979
11.660778,-7.9078646,Sentence,1,9.496147
11.53008,-8.279573,Sentence,1,8.939543
12.402557,-8.328414,Sentence,1,9.798162
12.301549,-6.64263,Sentence,0,9.24994
12.726737,-7.903687,Sentence,2,9.673525
11.7834835,-7.085238,Sentence,0,7.1799498
11.199212,-8.634525,Sentence,1,9.208423
12.399995,-6.177091,Sentence,2,10.811939
9.893357,6.525566,Sentence,0,6.8830705
9.493501,-7.2881227,Sentence,0,6.939564
12.401669,-7.27119,Sentence,2,9.725401
11.002877,-8.432776,Sentence,1,8.323192
9.61002,-8.325755,Sentence,0,9.1390085
11.499408,-6.05711,Sentence,0,8.36076
9.895284,6.5277867,Sentence,0,6.881136
12.1649,-6.7966433,Sentence,0,7.9498467
11.083897,-5.031869,Sentence,0,8.064492
11.418312,-4.1975327,Sentence,2,10.583356
11.764517,-8.508857,Sentence,1,9.448441
12.054116,-7.2982426,Sentence,0,8.071682
12.520263,-8.21026,Sentence,1,9.056218
11.493474,-7.577313,Sentence,2,9.894565
12.55651,-7.8984313,Sentence,1,8.069959
11.050333,-6.3062887,Sentence,1,8.563152
10.314145,-8.597205,Sentence,1,9.326506
11.763771,-7.281556,Sentence,2,10.417114
12.163366,-6.267726,Sentence,0,8.1939945
10.808719,-7.893974,Sentence,1,7.885276
9.697263,-8.461435,Sentence,0,8.67155
12.269145,-7.2497716,Sentence,2,9.703446
12.209585,-8.318812,Sentence,1,9.032646
12.548663,-7.911715,Sentence,1,9.654122
12.661773,-7.5691934,Sentence,1,9.797026
11.933677,-8.463313,Sentence,1,9.056983
11.629423,-7.9787173,Sentence,1,9.394332
12.038222,-8.858838,Sentence,1,8.985207
11.081952,-7.7798905,Sentence,1,8.921004
12.883511,-6.700663,Sentence,2,10.108587
10.301832,-5.048241,Sentence,0,8.168206
12.280643,-8.070562,Sentence,1,8.779731
11.732413,-8.251195,Sentence,1,9.995344
9.982574,-8.535034,Sentence,0,8.981439
12.098288,-7.3176403,Sentence,0,7.271196
9.819917,-7.71692,Sentence,1,7.458826
12.4362755,-6.068198,Sentence,2,10.914988
12.100363,-8.757858,Sentence,1,9.454397
12.011945,-7.7138133,Sentence,1,9.163561
11.883043,-7.4464283,Sentence,1,9.755769
10.779115,-4.9533453,Sentence,0,6.7701473
10.629424,-8.761807,Sentence,0,8.290182
12.613198,-7.0474424,Sentence,2,10.581705
11.913271,-5.891651,Sentence,0,7.46877
12.444781,-6.6080613,Sentence,2,10.84635
13.502838,-4.4926724,Sentence,2,8.438696
10.937187,-5.2563825,Sentence,0,7.648552
12.083976,-8.720409,Sentence,1,8.816725
14.347195,-5.2125664,Sentence,0,7.8732486
13.337296,-4.3689365,Sentence,2,8.328007
11.946782,-8.456183,Sentence,1,8.579783
14.293732,-5.339615,Sentence,1,7.937548
11.254045,-8.426079,Sentence,1,9.090695
12.090197,-7.456031,Sentence,1,9.179004
12.195362,-8.2440195,Sentence,1,8.232213
11.965645,-6.0952115,Sentence,2,10.686746
12.438267,-6.8944206,Sentence,2,10.735337
12.243162,-8.389095,Sentence,1,9.527679
12.154433,-8.07921,Sentence,2,10.073556
11.946044,-4.7728825,Sentence,0,7.5684247
11.721881,-6.9218197,Sentence,1,9.1484165
12.225558,-8.040659,Sentence,1,10.266894
12.591275,-8.407998,Sentence,1,8.419219
10.813374,-8.514025,Sentence,1,9.418229
14.247138,-3.6433535,Sentence,0,8.520862
11.493387,-8.46631,Sentence,1,9.004011
12.409426,-7.150533,Sentence,1,8.173422
12.290809,-5.2604074,Sentence,2,10.170747
11.603465,-6.3862305,Sentence,0,9.600922
12.008597,-7.8745666,Sentence,2,10.242102
12.852109,-7.8764606,Sentence,1,9.652541
12.830211,-8.089774,Sentence,2,9.329695
10.001608,-8.420595,Sentence,0,9.168678
12.676845,-8.210937,Sentence,1,8.676473
10.567687,-7.2263393,Sentence,0,8.888855
11.266978,-4.3128285,Sentence,0,10.301205
12.653715,-7.156136,Sentence,2,10.476541
12.751246,-6.8479447,Sentence,2,10.257042
10.404106,-5.36174,Sentence,0,7.974934
10.26909,-7.574374,Sentence,0,8.637166
12.345741,-8.420298,Sentence,1,10.042263
12.6839,-6.6339345,Sentence,2,8.5007515
10.363528,-8.652042,Sentence,0,8.582632
10.689432,-7.5245605,Sentence,0,7.600876
12.563842,-7.672466,Sentence,1,9.244877
11.711397,-8.021348,Sentence,1,9.394156
12.813153,-8.124232,Sentence,1,8.593687
12.646602,-6.493024,Sentence,2,10.742823
12.246941,-7.3501167,Sentence,2,10.219469
12.993564,-6.736292,Sentence,2,10.218061
12.3045635,-7.2888784,Sentence,1,8.005684
12.326931,-4.0572553,Sentence,0,8.371852
11.941251,-8.392789,Sentence,1,8.834445
12.245882,-6.6638474,Sentence,0,7.794998
12.02969,-8.394908,Sentence,1,8.335505
12.195497,-8.587638,Sentence,1,9.570978
11.768034,-8.007146,Sentence,1,10.175856
11.595864,-8.333278,Sentence,2,10.071041
10.84652,-5.7671804,Sentence,0,7.613012
10.919001,-4.4153595,Sentence,0,9.31081
12.477038,-7.164859,Sentence,2,10.572064
11.836888,-5.1323223,Sentence,0,8.048606
11.175232,-7.6150827,Sentence,1,8.406482
10.250196,-5.621564,Sentence,0,8.126178
12.733859,-8.269229,Sentence,1,8.202893
11.853963,-6.9173813,Sentence,2,9.713235
12.161379,-7.822204,Sentence,1,8.544003
12.8552265,-7.169897,Sentence,2,9.859008
9.553592,-7.6953106,Sentence,0,7.239097
11.914345,-8.522034,Sentence,1,8.285955
11.975218,-7.1300683,Sentence,2,9.705906
11.311711,-8.477333,Sentence,1,9.63469
10.892383,-5.364485,Sentence,0,6.8750877
9.952728,-4.900017,Sentence,0,7.964061
10.699176,-7.480614,Sentence,1,8.82416
11.757258,-4.162606,Sentence,2,10.425753
13.559171,-4.2573133,Sentence,0,8.687474
12.385051,-8.410979,Sentence,1,8.036269
12.279562,-5.529921,Sentence,2,10.831775
12.286893,-7.107209,Sentence,0,7.455328
10.765778,-7.022675,Sentence,0,8.813226
10.919061,-7.010451,Sentence,2,9.615365
11.680299,-6.8097596,Sentence,1,7.973495
10.651581,-8.177913,Sentence,1,9.1689415
11.717997,-5.906212,Sentence,0,7.7112365
10.55424,-5.420432,Sentence,0,7.8155165
12.304414,-6.9879336,Sentence,0,7.480148
12.6236315,-5.739425,Sentence,2,10.551029
12.083996,-5.9995184,Sentence,2,10.517293
12.435067,-8.351056,Sentence,1,7.9494724
12.407867,-6.8876214,Sentence,2,10.125188
11.40053,-7.632331,Sentence,1,9.552583
10.864008,-7.0551496,Sentence,1,9.353497
11.6888275,-7.763394,Sentence,1,9.852716
11.588718,-5.885641,Sentence,0,7.6795554
11.988794,-5.254333,Sentence,2,10.9622345
12.1282425,-7.162909,Sentence,2,10.127706
12.151801,-7.318445,Sentence,0,7.5377355
12.437567,-8.636759,Sentence,1,9.01275
12.160646,-5.9319777,Sentence,0,7.9166136
10.997438,-8.11611,Sentence,2,9.710338
9.89217,6.524227,Sentence,0,6.884353
12.71927,-6.6731744,Sentence,0,8.268179
11.449782,-5.742698,Sentence,0,8.080928
11.215867,-6.313538,Sentence,0,7.347938
12.952896,-6.0939536,Sentence,2,7.739172
12.366574,-6.950285,Sentence,2,10.669432
11.0829525,-8.684599,Sentence,1,9.092238
12.376481,-8.326005,Sentence,1,7.826537
12.807285,-7.766708,Sentence,2,8.662606
12.532619,-7.189985,Sentence,1,8.617477
12.198455,-8.274448,Sentence,1,9.241571
12.636247,-7.5124145,Sentence,2,9.984385
12.684624,-8.531996,Sentence,1,9.06608
9.994749,-8.0938835,Sentence,0,8.658458
11.644348,-6.628007,Sentence,0,7.4885216
12.784766,-6.933693,Sentence,2,8.93763
11.596526,-8.5295725,Sentence,1,9.61247
12.978349,-5.584915,Sentence,2,8.674456
12.340779,-5.1686625,Sentence,2,9.835304
12.727278,-7.8343577,Sentence,1,8.59215
11.475211,-7.491449,Sentence,1,9.317568
12.297437,-7.043444,Sentence,2,10.618413
12.66061,-6.5014167,Sentence,0,8.265995
11.0249405,-6.4554734,Sentence,1,10.452768
11.65805,-7.420244,Sentence,1,9.29686
12.4768715,-8.6272955,Sentence,1,8.754536
11.80234,-8.457788,Sentence,0,7.9095364
12.815666,-8.020828,Sentence,1,9.374644
10.884885,-8.707641,Sentence,1,8.234198
12.380242,-8.254612,Sentence,1,7.8314157
10.792471,-7.644298,Sentence,0,7.302701
12.385708,-6.9313827,Sentence,2,10.678249
11.472614,-8.315938,Sentence,1,8.106452
12.338174,-6.9378147,Sentence,1,7.990297
11.578495,-8.563948,Sentence,1,9.185555
12.634364,-6.8661265,Sentence,0,7.4836407
11.771281,-7.7806125,Sentence,1,8.250616
11.873383,-5.8690543,Sentence,2,10.7930155
13.646594,-4.1169295,Sentence,0,8.70431
11.492444,-8.520681,Sentence,1,9.245201
14.869711,-3.2672231,Sentence,0,8.25335
12.944116,-6.821263,Sentence,2,9.827624
12.91575,-8.036728,Sentence,1,9.2035675
10.737292,-8.284137,Sentence,1,8.911151
11.054212,-6.183528,Sentence,0,9.531001
10.397167,-7.6183248,Sentence,0,8.344031
11.358123,-6.9348187,Sentence,0,8.406045
12.697842,-8.424038,Sentence,1,9.35017
11.507764,-7.350922,Sentence,0,7.591686
12.760513,-6.7971554,Sentence,2,10.678659
10.319289,-6.3994756,Sentence,0,7.615688
12.708627,-6.4703546,Sentence,2,9.664674
12.7879715,-5.7500544,Sentence,2,9.881926
11.505461,-7.4083247,Sentence,2,10.184631
12.90492,-8.329384,Sentence,1,8.956149
12.912097,-3.7770803,Sentence,2,8.630226
11.654768,-8.379355,Sentence,1,9.3625345
12.147818,-7.1762877,Sentence,2,10.188218
11.88091,-7.941211,Sentence,1,9.966047
11.745109,-8.100226,Sentence,1,9.356485
11.831466,-5.434672,Sentence,0,6.9753747
11.96163,-8.084297,Sentence,1,8.981557
11.922373,-8.271614,Sentence,1,8.387344
10.204901,-5.9830794,Sentence,1,8.381258
12.86457,-8.221757,Sentence,1,8.417229
11.147549,-8.331092,Sentence,1,9.737266
10.835301,-8.862055,Sentence,1,8.639183
12.400458,-7.133666,Sentence,2,9.985872
10.179681,-4.136629,Sentence,0,5.7195435
10.35836,-6.556467,Sentence,0,9.036202
9.916373,-7.9302287,Sentence,1,8.432951
11.97485,-7.678696,Sentence,2,9.501756
10.988129,-8.298867,Sentence,1,9.475725
12.13627,-8.375955,Sentence,1,10.022605
12.246157,-5.977313,Sentence,2,10.914151
11.076274,-5.4442234,Sentence,0,8.061981
11.918005,-5.461611,Sentence,0,7.9641056
12.506306,-7.4684477,Sentence,2,9.3685055
10.5879135,-5.482502,Sentence,0,9.643845
10.601671,-8.826781,Sentence,0,8.118748
13.010015,-7.691553,Sentence,1,9.087284
12.361965,-7.1226263,Sentence,2,10.376129
10.177435,-7.126886,Sentence,0,7.542914
13.037466,-6.347525,Sentence,1,10.700764
12.523102,-6.3647413,Sentence,2,10.098969
12.103367,-6.94083,Sentence,1,7.4807386
11.1536875,-6.212999,Sentence,2,10.256314
10.839245,-4.8969107,Sentence,0,6.8377867
10.101339,-4.9825,Sentence,0,8.064363
12.58261,-6.910351,Sentence,2,10.79145
13.851448,-4.017866,Sentence,0,8.362925
13.070284,-6.4787755,Sentence,2,9.628481
10.565373,-5.384267,Sentence,0,7.652921
12.953402,-7.3085504,Sentence,2,9.940117
10.631326,-7.2429833,Sentence,0,8.084738
12.339543,-7.0486627,Sentence,1,8.687387
12.103007,-8.179787,Sentence,1,8.376998
11.5668955,-7.854649,Sentence,1,9.212847
12.6994295,-8.382297,Sentence,1,9.428836
10.261937,-8.582336,Sentence,1,8.916973
10.189229,-8.856184,Sentence,1,8.400717
11.695544,-7.497022,Sentence,2,10.408614
12.234523,-6.877009,Sentence,2,10.097772
10.11439,-8.833322,Sentence,1,8.72648
12.689373,-7.5647874,Sentence,1,9.224424
10.822928,-5.219996,Sentence,0,6.6971035
12.525911,-7.8944745,Sentence,2,9.9376335
11.71258,-8.284852,Sentence,1,7.8848596
12.348704,-7.476044,Sentence,2,9.338869
12.345595,-8.040227,Sentence,1,8.557965
12.25252,-7.0076146,Sentence,0,8.60129
12.124818,-8.488022,Sentence,1,8.525734
12.086325,-7.4386954,Sentence,1,7.680684
12.446054,-6.347194,Sentence,2,9.549923
12.122869,-8.054453,Sentence,1,9.598394
12.090692,-4.899961,Sentence,0,7.7816725
10.733296,-8.563773,Sentence,0,8.263468
12.667604,-8.4714985,Sentence,1,8.692899
11.70189,-8.514991,Sentence,1,9.632085
12.545039,-5.6474395,Sentence,2,9.927235
12.6265135,-5.850531,Sentence,2,10.130833
12.064813,-6.8471146,Sentence,1,8.4700985
10.964007,-5.5464797,Sentence,0,9.080537
12.458125,-7.980983,Sentence,1,9.096868
11.884927,-8.764143,Sentence,1,9.143829
12.49981,-7.6585627,Sentence,2,9.805619
9.44069,-8.254149,Sentence,0,8.355842
12.206514,-8.2901125,Sentence,1,8.474999
12.010109,-6.976895,Sentence,2,10.391815
11.382081,-8.714323,Sentence,1,9.57079
11.810864,-7.5651436,Sentence,2,9.693167
12.526136,-8.6710615,Sentence,1,8.534828
12.162272,-8.481489,Sentence,1,8.3930435
11.839018,-8.244796,Sentence,1,8.918299
10.609588,-7.4626765,Sentence,0,8.27702
13.873368,-3.9579687,Sentence,0,8.221513
11.683276,-8.614609,Sentence,1,8.550365
12.578877,-6.7163253,Sentence,0,7.9138465
10.730221,-2.8787792,Sentence,0,3.083991
12.955217,-6.902648,Sentence,2,10.046629
11.987072,-7.3110642,Sentence,1,9.2292385
11.856007,-6.487088,Sentence,2,9.192873
12.696748,-7.348339,Sentence,0,8.372033
11.871711,-7.2126765,Sentence,0,7.622936
10.729985,-2.8785877,Sentence,0,3.0836737
12.441067,-6.5209346,Sentence,2,10.7108135
12.443166,-7.6844444,Sentence,1,9.280584
11.81476,-6.4438176,Sentence,0,7.91921
12.295943,-5.9651093,Sentence,0,7.9555855
12.651933,-6.5082483,Sentence,2,10.501013
11.774855,-6.953521,Sentence,2,9.536146
13.011159,-7.6230865,Sentence,2,9.439676
11.0233555,-8.677736,Sentence,1,9.19046
11.208704,-6.260959,Sentence,0,7.379695
10.8041525,-8.523623,Sentence,0,8.3255
11.481877,-8.065896,Sentence,2,9.817827
11.873267,-8.560614,Sentence,1,9.484107
12.201437,-5.302576,Sentence,2,10.572681
12.380675,-7.3043222,Sentence,1,7.524079
11.105462,-7.4079356,Sentence,1,8.914804
11.161556,-8.772495,Sentence,1,9.1016445
12.973312,-5.556086,Sentence,0,8.545107
11.277031,-5.920445,Sentence,0,7.3138685
11.940566,-7.061784,Sentence,2,10.300705
13.062839,-5.9073534,Sentence,2,10.599932
10.08662,-8.267738,Sentence,0,8.57277
12.328541,-7.185966,Sentence,2,8.714755
12.949823,-7.531571,Sentence,1,8.955338
12.34243,-8.560949,Sentence,1,8.420882
12.099564,-8.438286,Sentence,1,7.79833
11.520264,-8.857249,Sentence,1,8.891178
12.679105,-8.257584,Sentence,1,9.236928
12.865283,-5.747208,Sentence,1,7.9316053
11.015644,-5.0729055,Sentence,0,7.7290053
11.928059,-8.48833,Sentence,1,9.632132
10.897961,-8.471368,Sentence,2,9.434209
12.187772,-5.58343,Sentence,0,7.7598357
10.431317,-6.1389866,Sentence,0,7.1414104
12.652326,-6.850104,Sentence,1,7.971137
12.624058,-6.104835,Sentence,2,9.860727
10.343806,-4.6458454,Sentence,0,6.168079
12.235376,-8.853125,Sentence,1,8.6505375
10.170588,-8.449166,Sentence,1,8.739121
12.158097,-8.250265,Sentence,1,10.151145
13.511964,-8.3565855,Sentence,2,9.08579
12.080726,-8.11953,Sentence,1,8.453058
11.092902,-5.7831287,Sentence,0,7.196781
13.73786,-3.6423008,Sentence,0,8.169954
15.032119,-3.1144152,Sentence,0,8.261325
12.225761,-8.7443495,Sentence,1,9.155105
10.770872,-8.751395,Sentence,1,8.178048
11.3396225,-8.201084,Sentence,1,9.940229
12.3475065,-6.847445,Sentence,2,10.832734
12.756666,-8.163311,Sentence,1,8.919964
12.670939,-5.7490377,Sentence,2,9.822823
10.2313,-8.280792,Sentence,1,8.467666
12.136536,-8.054872,Sentence,1,8.202034
12.447817,-8.307295,Sentence,1,9.803444
11.166304,-8.331179,Sentence,2,9.5636015
10.453325,-8.775254,Sentence,0,8.081897
12.325534,-6.6490545,Sentence,0,8.019407
13.455039,-4.8847046,Sentence,0,8.598021
11.9191065,-7.7782526,Sentence,1,10.223023
12.224496,-7.028318,Sentence,0,7.803388
12.351387,-5.921104,Sentence,2,10.883363
11.968177,-8.300968,Sentence,1,9.927929
12.469355,-7.0428348,Sentence,2,10.477143
10.017616,-5.217517,Sentence,0,8.167558
12.466109,-7.5141478,Sentence,2,9.561218
11.126706,-8.345488,Sentence,1,9.723365
10.750951,-8.719521,Sentence,1,9.326108
12.38578,-8.118226,Sentence,1,8.563389
10.225287,-8.4171505,Sentence,0,8.643069
10.851421,-8.628179,Sentence,2,9.582124
11.79323,-5.348241,Sentence,2,10.623141
11.572548,-4.947341,Sentence,0,10.639355
10.944939,-6.4811583,Sentence,0,9.929386
11.892128,-5.8359466,Sentence,0,8.884689
6.737186,-2.7987394,Sentence,0,14.415579
11.608987,-8.263747,Sentence,1,9.101763
10.899975,-7.6933413,Sentence,1,8.880146
11.891722,-6.8236957,Sentence,0,9.009069
12.334965,-8.42677,Sentence,1,9.498532
12.654633,-8.260692,Sentence,1,8.531746
12.777479,-6.9018703,Sentence,2,10.103558
12.637248,-7.655302,Sentence,1,8.679461
11.030868,-6.2992325,Sentence,0,8.550196
11.551939,-6.3241878,Sentence,2,10.271585
12.556098,-5.9021835,Sentence,2,10.600678
11.758726,-7.0988526,Sentence,0,7.616382
13.113645,-5.903178,Sentence,2,9.384397
10.910507,-8.093878,Sentence,1,9.513795
11.191942,-5.699848,Sentence,0,7.496542
11.478553,-8.480157,Sentence,1,9.2331
11.152028,-4.6465445,Sentence,0,8.29068
12.463911,-6.537716,Sentence,0,8.152183
12.097112,-7.457865,Sentence,1,7.635204
11.472008,-6.8234262,Sentence,0,9.968534
11.320176,-6.6827083,Sentence,0,8.439129
12.768812,-7.634455,Sentence,2,9.854334
12.864975,-6.3716903,Sentence,2,9.158673
12.193943,-8.128075,Sentence,1,9.81799
12.970504,-6.544387,Sentence,2,10.203476
12.712435,-6.6004477,Sentence,2,9.404418
12.387812,-8.477902,Sentence,1,8.376348
11.518202,-6.9385934,Sentence,2,10.054401
13.824775,-4.0454454,Sentence,0,8.458359
10.581434,-6.2038074,Sentence,0,8.504661
11.67826,-7.6682143,Sentence,1,9.143758
11.644215,-8.437397,Sentence,1,9.794137
12.626928,-7.3363833,Sentence,1,7.9047713
10.69419,-7.0736794,Sentence,0,8.9154005
9.835868,-8.575761,Sentence,2,8.927416
13.116433,-6.6816125,Sentence,2,10.086965
11.673838,-6.9435043,Sentence,1,7.630004
12.646068,-8.347261,Sentence,1,8.932159
12.017544,-6.142767,Sentence,2,9.736432
11.08163,-8.044782,Sentence,1,8.730675
12.1058855,-7.8631034,Sentence,1,8.490438
12.245749,-7.807236,Sentence,2,10.074427
12.271411,-6.9575133,Sentence,0,7.907563
12.192709,-8.099067,Sentence,1,9.748264
12.527771,-7.0159197,Sentence,2,10.729079
12.159182,-4.9961896,Sentence,2,9.75314
11.812055,-7.749455,Sentence,1,8.816261
11.039929,-8.628813,Sentence,1,9.219578
11.694887,-8.305642,Sentence,1,9.778873
12.409331,-8.457139,Sentence,1,9.828068
11.4588,-7.5522265,Sentence,1,8.595299
11.933465,-6.233421,Sentence,2,9.644149
12.3405075,-5.138533,Sentence,2,10.105491
12.409658,-7.696381,Sentence,2,10.288311
11.320027,-6.8134522,Sentence,2,9.996593
13.405685,-8.426783,Sentence,1,9.065304
12.82098,-6.3219237,Sentence,2,10.784913
11.626537,-7.802479,Sentence,1,9.765247
12.178188,-8.246984,Sentence,1,8.549594
12.323203,-7.849959,Sentence,1,8.27301
12.490569,-8.305164,Sentence,1,9.669492
11.131619,-5.945021,Sentence,0,7.680468
12.198003,-8.3549,Sentence,1,9.567962
11.739863,-7.155995,Sentence,2,9.832624
10.15264,-6.8609133,Sentence,0,8.423558
11.91926,-6.444168,Sentence,0,8.590895
12.334091,-7.507208,Sentence,2,9.968412
11.967215,-5.932608,Sentence,0,8.57937
10.571525,-5.497965,Sentence,0,8.014084
12.395716,-8.836774,Sentence,1,8.809948
13.008021,-6.5394464,Sentence,2,9.668861
14.017592,-3.3220987,Sentence,0,8.162449
12.37508,-8.00799,Sentence,1,8.592306
10.421811,-5.4094024,Sentence,0,7.9034514
12.285031,-8.319584,Sentence,1,8.758897
12.455999,-7.215259,Sentence,2,10.223482
11.98059,-8.076614,Sentence,1,8.814635
11.586399,-8.019676,Sentence,1,9.846326
10.043428,-8.670637,Sentence,1,8.650664
12.78767,-6.879705,Sentence,2,9.906265
11.885343,-8.138231,Sentence,2,10.089774
12.267454,-6.9907255,Sentence,2,10.687678
11.592516,-6.209251,Sentence,2,8.530952
12.096652,-6.936863,Sentence,2,9.8819895
12.625872,-8.167736,Sentence,1,9.095323
10.850527,-7.1493397,Sentence,0,8.837013
11.513168,-4.6984496,Sentence,0,7.6773825
10.412654,-7.90059,Sentence,1,9.369694
11.712731,-6.158739,Sentence,0,8.570009
11.946669,-7.8066635,Sentence,1,9.442019
12.27163,-7.882188,Sentence,1,8.556153
12.306709,-6.091061,Sentence,2,10.544475
12.341188,-8.459905,Sentence,1,9.0553665
11.713232,-5.1970024,Sentence,2,10.593567
12.154309,-6.536509,Sentence,2,10.800616
10.986263,-6.9384713,Sentence,0,8.00648
12.346793,-6.254897,Sentence,2,10.697381
11.496851,-7.0095077,Sentence,1,8.986297
11.957602,-6.706478,Sentence,0,7.2111907
13.55642,-3.3226774,Sentence,0,8.599357
10.449873,-6.011734,Sentence,0,7.6056733
12.368606,-5.6534686,Sentence,0,9.000898
10.579609,-8.370619,Sentence,1,9.430693
12.717721,-7.2976484,Sentence,2,10.099062
12.312195,-6.688958,Sentence,2,9.015317
12.548033,-6.826643,Sentence,2,10.764029
12.991272,-8.121484,Sentence,1,8.818243
12.554736,-6.488171,Sentence,2,10.624659
10.307532,-4.6371765,Sentence,0,6.1359453
12.387174,-5.3503175,Sentence,2,10.4941845
12.106367,-8.603372,Sentence,1,9.207278
15.506319,-1.6696465,Sentence,0,10.260802
12.2956505,-8.3526325,Sentence,1,8.279632
10.756198,-4.6691003,Sentence,0,8.012494
12.232136,-6.111434,Sentence,2,8.353658
12.648838,-7.3346896,Sentence,1,8.466154
12.288467,-8.65149,Sentence,1,9.045414
10.459855,-7.7398963,Sentence,1,9.105765
12.000529,-7.724912,Sentence,1,8.250013
11.836772,-8.630607,Sentence,1,9.532015
12.463067,-6.9898195,Sentence,2,10.57567
12.366206,-6.7023644,Sentence,2,10.850414
12.621823,-5.527341,Sentence,2,8.968514
13.053803,-6.8037453,Sentence,2,10.020308
12.291977,-6.0237803,Sentence,2,10.901967
12.167487,-7.602821,Sentence,2,10.136492
12.238143,-7.9221916,Sentence,2,10.455755
12.560385,-6.558913,Sentence,2,10.842215
11.54918,-8.285359,Sentence,0,8.177312
12.042577,-6.494146,Sentence,2,10.588799
10.848028,-7.4027777,Sentence,1,8.768922
10.117996,-5.7913365,Sentence,0,9.171915
11.376184,-8.598624,Sentence,1,9.452988
12.231032,-8.082793,Sentence,1,9.817282
10.742852,-4.3344307,Sentence,0,10.118037
12.3640995,-6.5691743,Sentence,2,10.819446
11.685882,-6.7780957,Sentence,2,9.617369
10.4699955,-5.5726094,Sentence,0,8.315395
11.340557,-7.018468,Sentence,0,8.679467
10.696003,-7.649371,Sentence,0,7.454725
13.028466,-4.9853983,Sentence,2,8.70458
10.894146,-7.765285,Sentence,1,7.571019
11.456643,-6.2430544,Sentence,2,10.203497
12.9386,-6.839958,Sentence,2,9.773782
11.619148,-8.330796,Sentence,1,9.793929
12.596342,-8.420877,Sentence,1,9.293004
10.204243,-8.087477,Sentence,0,8.902266
12.615535,-6.450688,Sentence,2,9.713659
10.591466,-6.6794887,Sentence,0,8.593268
12.673109,-8.261914,Sentence,1,8.603807
10.381407,-6.109954,Sentence,0,7.115383
10.505922,-8.959455,Sentence,0,8.535355
10.210463,-7.057421,Sentence,1,8.811904
10.812835,-7.1042314,Sentence,0,9.088953
13.008941,-5.2585535,Sentence,0,7.9761147
11.183708,-7.4706135,Sentence,1,8.808766
11.119976,-7.4640927,Sentence,1,8.045462
12.196653,-8.251712,Sentence,1,8.942309
10.500811,-8.505283,Sentence,1,9.310592
11.44315,-6.4643373,Sentence,2,9.855178
12.926946,-6.6170297,Sentence,2,9.693073
12.550846,-6.5475445,Sentence,2,9.540157
12.535358,-6.6929007,Sentence,2,10.780664
10.308318,-6.6476283,Sentence,0,8.624318
12.641552,-7.6738534,Sentence,0,8.220131
12.767214,-7.6157866,Sentence,2,9.376151
11.897601,-5.6495996,Sentence,2,8.75725
11.599994,-5.664101,Sentence,0,7.7844853
10.150467,-4.978244,Sentence,0,8.081763
11.417471,-5.6608458,Sentence,2,9.966082
11.905681,-8.764263,Sentence,1,7.6984453
13.076423,-7.5019665,Sentence,2,8.812822
10.081703,-5.045378,Sentence,0,7.861788
12.364724,-7.3455777,Sentence,0,7.9557486
12.314232,-6.384771,Sentence,0,8.484226
12.524583,-6.727845,Sentence,2,10.128918
11.381657,-8.014358,Sentence,1,9.051945
12.857151,-5.4812865,Sentence,0,8.253438
9.561946,-7.591447,Sentence,0,7.152113
11.000536,-7.956592,Sentence,1,8.343387
11.285002,-6.148443,Sentence,0,7.456692
11.253525,-7.1182094,Sentence,2,10.229538
9.926711,-8.785127,Sentence,0,8.8582325
13.056626,-5.856632,Sentence,1,8.49003
10.839719,-5.34189,Sentence,0,8.917412
13.869715,-3.9683878,Sentence,1,8.421385
11.323384,-6.5091233,Sentence,2,10.318945
11.918921,-7.151854,Sentence,2,10.261922
12.783005,-8.169787,Sentence,0,8.477251
13.018036,-7.6511726,Sentence,0,8.731582
12.510213,-7.165212,Sentence,1,7.822557
10.833661,-3.8632145,Sentence,0,9.886019
10.719057,-4.0603266,Sentence,0,10.020791
12.659835,-5.798347,Sentence,2,10.08021
12.166734,-6.263314,Sentence,0,8.00381
11.702861,-4.780608,Sentence,0,10.826049
11.084437,-6.3835573,Sentence,2,10.494601
12.058087,-6.94506,Sentence,1,7.9276547
11.638698,-3.9995334,Sentence,0,10.324031
10.188833,-7.897205,Sentence,1,9.000826
13.05919,-6.8022323,Sentence,2,10.110554
13.609916,-3.7180655,Sentence,0,8.436179
11.868747,-7.273237,Sentence,0,7.359791
11.180495,-7.03527,Sentence,0,7.801593
13.290409,-6.2561545,Sentence,2,9.518855
11.928458,-8.096579,Sentence,1,8.612345
10.568687,-8.235874,Sentence,1,9.469123
11.584739,-7.8605385,Sentence,1,8.889526
12.654563,-6.4787393,Sentence,2,10.742734
12.468688,-7.180482,Sentence,2,10.695313
11.911958,-8.348035,Sentence,1,10.097821
12.392919,-8.42319,Sentence,1,9.247222
12.209395,-8.737371,Sentence,1,9.148146
12.192065,-8.314579,Sentence,1,8.191613
11.053863,-4.67627,Sentence,0,6.9374595
10.914445,-8.73201,Sentence,1,9.262141
12.586454,-8.235883,Sentence,1,9.875517
10.706964,-8.067586,Sentence,1,8.756888
12.878444,-6.4107985,Sentence,2,10.342757
11.848704,-6.066488,Sentence,0,7.831615
12.598167,-8.123472,Sentence,2,9.373308
10.181585,-5.0593877,Sentence,0,7.926773
12.822111,-7.460305,Sentence,0,8.723714
11.872624,-8.242988,Sentence,1,8.835516
10.384357,-5.3396473,Sentence,0,8.005831
12.453916,-6.8542957,Sentence,0,7.562606
13.884021,-4.2789454,Sentence,0,8.888557
12.086138,-8.186006,Sentence,1,8.524501
11.476734,-6.230278,Sentence,2,9.833442
10.3111315,-8.379034,Sentence,1,8.669387
12.343412,-6.825532,Sentence,0,7.5793843
13.520417,-8.317241,Sentence,2,9.042948
10.781272,-6.1198354,Sentence,0,7.395781
11.87779,-8.405141,Sentence,1,8.902597
12.925497,-4.9941726,Sentence,2,8.860861
11.48196,-7.738592,Sentence,1,9.508823
12.246099,-8.397945,Sentence,1,9.235967
11.214524,-4.4575186,Sentence,0,11.043796
11.917634,-6.026098,Sentence,0,7.467732
11.620722,-7.2116876,Sentence,1,8.817911
12.749538,-5.21841,Sentence,2,9.264708
12.532231,-6.48103,Sentence,2,8.878201
12.106099,-6.5387325,Sentence,0,8.119431
13.069579,-6.7392073,Sentence,2,10.095106
12.94105,-5.938758,Sentence,0,8.011653
9.975324,-9.034884,Sentence,0,8.529113
13.032822,-6.607896,Sentence,2,10.117699
9.775945,-8.5844145,Sentence,0,8.949322
11.673355,-8.224161,Sentence,1,8.369973
11.7521925,-8.259793,Sentence,1,7.981783
12.179336,-7.5012836,Sentence,2,10.068872
12.176908,-8.430678,Sentence,1,9.859068
11.571953,-8.505882,Sentence,1,9.050802
11.028454,-7.197441,Sentence,1,8.150522
12.163238,-8.061527,Sentence,1,9.720213
12.215656,-8.130628,Sentence,2,10.036406
12.1691,-8.61022,Sentence,1,9.2144
11.238842,-8.472907,Sentence,1,9.644487
11.784797,-8.5256195,Sentence,1,9.215532
11.327235,-6.336081,Sentence,0,7.8450093
11.856113,-5.223874,Sentence,2,10.970272
12.545082,-6.610396,Sentence,2,9.8729515
12.128659,-7.3451605,Sentence,1,8.693499
7.750042,-3.9185495,Sentence,0,7.2295723
12.240521,-6.990487,Sentence,0,7.800038
11.453837,-8.684854,Sentence,1,8.782458
10.841314,-3.819614,Sentence,0,9.839505
12.481065,-7.192029,Sentence,1,7.690325
11.972404,-6.8316946,Sentence,0,7.2576942
12.535069,-7.857504,Sentence,2,9.928219
11.9113245,-8.368873,Sentence,1,9.861594
11.60591,-5.378308,Sentence,2,10.472712
12.478816,-7.943941,Sentence,1,8.411436
11.9127445,-8.657722,Sentence,1,9.194303
12.811084,-6.770609,Sentence,2,9.559677
12.299232,-4.754554,Sentence,2,9.817072
10.520284,-5.1231203,Sentence,0,9.181876
10.741221,-5.3931794,Sentence,0,7.8087425
12.964074,-6.0169296,Sentence,2,9.298887
12.168981,-6.796675,Sentence,2,10.120097
11.056665,-5.9695067,Sentence,0,8.449578
12.213548,-6.5519032,Sentence,2,10.8197975
10.049114,-6.2657743,Sentence,0,8.323696
12.4464655,-8.432212,Sentence,1,8.561619
10.328263,-8.229331,Sentence,1,8.6328335
11.914093,-5.175354,Sentence,2,8.198858
12.372713,-7.7373176,Sentence,1,8.509574
10.971024,-7.205177,Sentence,1,9.330577
10.949281,-6.217466,Sentence,0,7.257886
12.944425,-7.2223296,Sentence,2,9.9692955
10.240667,-8.635607,Sentence,1,8.950455
12.278647,-6.3732643,Sentence,0,7.005146
12.223432,-6.7522483,Sentence,2,10.112041
12.431738,-8.627172,Sentence,1,8.973713
9.893686,6.524912,Sentence,0,6.883041
10.187487,-7.647052,Sentence,1,9.004059
10.792027,-8.560298,Sentence,1,9.100989
11.082616,-6.4457407,Sentence,0,7.859215
11.816187,-6.767071,Sentence,1,8.198655
9.893374,6.5262523,Sentence,0,6.8828893
11.080033,-8.859859,Sentence,1,9.090859
11.64517,-4.036046,Sentence,0,10.321512
10.848023,-8.8258295,Sentence,1,8.776146
10.177932,-5.847338,Sentence,0,8.309019
12.275585,-7.9874816,Sentence,1,9.68136
11.410211,-7.264705,Sentence,0,7.5674224
12.432926,-7.0455275,Sentence,2,9.132338
12.871868,-6.822299,Sentence,2,10.421327
13.090727,-7.117627,Sentence,2,9.838679
11.074291,-5.8885484,Sentence,0,8.751237
10.230956,-7.866619,Sentence,1,8.56635
11.462683,-5.729657,Sentence,0,7.7375774
12.936668,-6.692537,Sentence,2,9.9016485
11.889835,-4.9801517,Sentence,0,8.624487
12.282567,-8.013465,Sentence,1,9.102806
12.024923,-8.636208,Sentence,1,8.91167
11.015463,-6.2408385,Sentence,0,8.28163
11.891386,-8.525676,Sentence,1,9.164129
10.7931185,-8.679823,Sentence,1,9.309925
12.662735,-7.577054,Sentence,1,10.020674
12.442059,-8.670412,Sentence,1,9.14624
11.352177,-7.757147,Sentence,1,9.789652
11.925108,-6.7821345,Sentence,0,8.456854
12.267159,-5.9549346,Sentence,2,10.735673
12.573619,-8.261109,Sentence,2,9.310337
12.068665,-8.045206,Sentence,2,10.140286
12.501781,-5.171375,Sentence,2,8.813268
11.83486,-4.917092,Sentence,2,10.737284
13.591578,-4.3728695,Sentence,0,8.043587
11.889801,-5.6567955,Sentence,2,9.558545
12.641325,-7.106245,Sentence,2,10.194922
12.524321,-7.7723317,Sentence,2,10.039754
10.405398,-8.67664,Sentence,0,8.821042
12.159258,-6.1075397,Sentence,2,9.846237
9.54694,-7.7002077,Sentence,0,7.2283926
12.587072,-7.866913,Sentence,1,8.751919
12.3158655,-7.4440737,Sentence,2,10.016656
10.958565,-7.933283,Sentence,1,8.904647
12.0105505,-8.22227,Sentence,1,10.137058
11.896429,-5.942826,Sentence,0,7.364306
10.589307,-5.4261837,Sentence,0,7.2101836
11.175163,-6.100393,Sentence,0,7.9073014
12.801046,-6.694494,Sentence,0,8.239962
12.149484,-7.135867,Sentence,1,8.365423
11.881087,-8.300243,Sentence,1,8.482944
12.420715,-8.437334,Sentence,1,9.354077
12.633343,-7.7682605,Sentence,2,9.090809
13.9935255,-3.8567758,Sentence,0,7.5406327
11.579987,-7.2067847,Sentence,0,8.423615
12.347375,-7.782417,Sentence,1,10.2398405
10.049648,-6.6226373,Sentence,0,8.01598
10.855745,-8.523087,Sentence,1,8.581897
12.18051,-8.664149,Sentence,1,9.21859
11.648119,-6.436742,Sentence,0,7.537572
13.30539,-6.293037,Sentence,2,9.409334
12.004177,-6.5440845,Sentence,0,8.29833
12.005219,-6.739336,Sentence,0,7.4185977
12.0144005,-7.021334,Sentence,0,7.9582453
12.641854,-7.9573483,Sentence,2,9.910128
11.509631,-6.031589,Sentence,0,7.121019
10.313167,-8.889094,Sentence,0,8.196443
11.550308,-8.435703,Sentence,1,9.373554
11.945731,-7.3207593,Sentence,0,7.6097913
12.855624,-7.7045593,Sentence,2,9.749826
10.6971445,-3.9356685,Sentence,0,9.978176
12.47876,-6.8004484,Sentence,2,10.778208
11.732463,-5.047761,Sentence,2,10.74712
12.269586,-5.5006647,Sentence,2,10.300503
10.091587,-8.523423,Sentence,1,8.52098
12.563285,-8.504175,Sentence,1,8.785703
13.015523,-6.275271,Sentence,2,9.383941
11.26621,-8.796252,Sentence,1,8.698873
11.109873,-5.89366,Sentence,0,8.381434
11.377326,-8.497776,Sentence,1,7.8071346
10.626061,-5.3774705,Sentence,0,7.860642
11.665936,-4.021303,Sentence,0,10.31809
11.6422825,-7.9157257,Sentence,1,9.814968
11.137387,-8.583056,Sentence,2,9.553431
11.860722,-7.670727,Sentence,0,7.147578
12.250568,-5.8719664,Sentence,0,8.277627
11.522797,-7.1680913,Sentence,0,8.324917
12.365207,-8.719566,Sentence,1,8.67074
12.350948,-7.998163,Sentence,1,9.6631155
10.915151,-6.8639526,Sentence,0,8.179109
10.040366,-5.154476,Sentence,0,8.17268
11.667227,-6.631136,Sentence,2,10.250513
11.88581,-6.298587,Sentence,0,8.247955
12.274363,-5.278219,Sentence,2,10.595996
12.74325,-8.409695,Sentence,1,8.807575
12.051991,-8.345068,Sentence,1,8.221391
11.68992,-8.302451,Sentence,1,10.082776
10.144722,-8.348804,Sentence,1,9.147728
11.84177,-8.609304,Sentence,1,9.337931
10.939738,-5.390421,Sentence,0,7.8329077
13.002752,-6.784392,Sentence,0,8.740578
12.349483,-8.312831,Sentence,1,8.800895
15.049791,-3.0889478,Sentence,0,8.256229
12.586763,-7.072366,Sentence,2,8.7965975
10.552473,-6.092362,Sentence,2,9.701013
12.099511,-8.429845,Sentence,1,7.8982635
12.811885,-7.8480015,Sentence,0,8.290159
10.97455,-5.3726606,Sentence,0,8.209038
12.182778,-6.964953,Sentence,0,7.319564
12.433295,-8.603395,Sentence,1,9.309463
10.729767,-2.878447,Sentence,0,3.0834248
12.099993,-8.641873,Sentence,1,8.949678
12.841326,-7.9426,Sentence,1,9.7620945
12.761247,-7.327678,Sentence,2,10.408522
13.128798,-4.6497245,Sentence,2,8.080841
10.92395,-8.776853,Sentence,1,8.681972
12.419355,-7.1230454,Sentence,0,7.9391413
11.766311,-8.386594,Sentence,1,8.66935
12.309854,-7.713498,Sentence,1,8.768524
11.346325,-8.508596,Sentence,1,9.099175
11.244801,-5.4913573,Sentence,0,8.180671
10.350579,-6.239416,Sentence,0,8.175862
12.818358,-6.2515182,Sentence,2,10.258042
11.449786,-6.3238072,Sentence,0,8.002185
10.904868,-7.8257527,Sentence,0,7.664501
10.177961,-5.737749,Sentence,0,9.167877
12.260668,-6.850632,Sentence,2,9.952044
12.303877,-7.7427907,Sentence,1,9.054548
11.633096,-7.650904,Sentence,1,9.756951
12.299155,-8.688677,Sentence,1,8.721418
11.650602,-8.202389,Sentence,1,9.70536
12.187375,-7.6711745,Sentence,0,7.8202734
12.256575,-8.430962,Sentence,1,9.401516
10.5398655,-8.743344,Sentence,1,8.479746
12.003359,-8.384764,Sentence,1,9.828688
11.990441,-8.539884,Sentence,1,9.810393
11.803127,-6.855511,Sentence,0,7.2828603
11.694771,-6.774709,Sentence,2,9.7111635
11.767918,-7.387086,Sentence,1,9.865395
11.970954,-6.7176404,Sentence,2,9.313468
12.127573,-7.462787,Sentence,1,7.98154
13.509553,-8.390259,Sentence,1,9.124852
12.485633,-8.76277,Sentence,1,8.897649
10.822567,-7.9144034,Sentence,1,8.845747
12.357993,-6.9347467,Sentence,2,10.558095
11.865942,-7.5210705,Sentence,1,9.446509
12.923792,-7.7132835,Sentence,1,8.922237
10.900263,-8.698685,Sentence,1,8.0682125
11.841286,-7.00375,Sentence,0,8.853511
11.570788,-6.242004,Sentence,0,7.4343657
12.276883,-5.887666,Sentence,2,9.869117
10.990698,-8.516017,Sentence,1,8.671002
11.297092,-5.8724318,Sentence,0,7.412692
13.1676855,-6.8694296,Sentence,2,9.940817
12.4405985,-8.518532,Sentence,1,8.469174
10.741922,-7.862068,Sentence,1,9.192341
11.418501,-8.475862,Sentence,1,8.816655
11.467487,-7.9790564,Sentence,1,8.547312
11.89027,-8.835106,Sentence,1,8.88695
12.346369,-7.9579444,Sentence,2,9.431556
11.997277,-7.188637,Sentence,1,8.322042
10.510301,-7.269399,Sentence,0,8.744923
12.775791,-5.998482,Sentence,2,10.786251
11.827712,-7.5704374,Sentence,1,9.69377
12.1581135,-8.369711,Sentence,2,9.761279
10.128207,-6.112516,Sentence,0,7.125917
12.408189,-8.254799,Sentence,1,8.156749
12.242734,-8.864672,Sentence,1,9.038275
10.51037,-8.809898,Sentence,0,8.001154
12.667701,-5.935669,Sentence,2,10.155672
11.513609,-6.909357,Sentence,0,6.8380885
10.756851,-5.1137233,Sentence,0,7.180616
11.487842,-6.369427,Sentence,2,9.722314
12.649595,-6.472069,Sentence,2,8.998076
12.796787,-7.6421504,Sentence,1,9.2265835
12.115469,-8.14896,Sentence,1,8.01858
9.801263,-7.2549214,Sentence,0,7.168902
11.120912,-5.538997,Sentence,0,8.258462
12.380913,-6.5461683,Sentence,2,10.806063
12.392377,-6.419355,Sentence,2,7.819502
10.180686,-8.7974825,Sentence,0,8.206867
11.553974,-8.290911,Sentence,1,8.792678
12.453319,-8.329244,Sentence,1,9.209798
11.77501,-5.302096,Sentence,2,10.674111
12.43352,-8.346218,Sentence,1,9.648877
11.851812,-5.247709,Sentence,2,10.614569
10.417545,-7.030097,Sentence,0,8.897277
11.7886505,-8.788542,Sentence,1,8.715377
11.91509,-6.578656,Sentence,2,10.420952
12.303491,-6.8324695,Sentence,2,10.861371
12.274815,-7.0731454,Sentence,2,8.662347
10.874876,-5.0952196,Sentence,0,7.0179
11.437292,-7.027699,Sentence,0,6.7396903
11.405048,-8.744209,Sentence,1,9.214365
12.505325,-6.9733047,Sentence,2,8.103568
11.648448,-8.210854,Sentence,1,9.535365
11.646422,-5.403855,Sentence,2,10.6163845
10.848851,-7.4202595,Sentence,1,8.420893
10.2901945,-8.560517,Sentence,1,8.541501
12.486695,-6.666299,Sentence,2,10.846131
12.689438,-6.797869,Sentence,2,10.525834
12.122314,-8.205065,Sentence,1,9.06185
12.494642,-8.166262,Sentence,1,9.243074
11.419321,-8.325751,Sentence,1,9.8108225
11.665701,-5.3049235,Sentence,2,10.544866
10.630341,-5.4554086,Sentence,1,7.6097155
12.512494,-5.887376,Sentence,2,10.78998
12.412477,-5.9080157,Sentence,2,10.448045
11.843557,-6.8371925,Sentence,0,7.83183
12.25874,-8.331152,Sentence,1,8.358151
12.248756,-8.776094,Sentence,1,8.795021
11.98038,-8.228189,Sentence,1,9.809221
12.484903,-7.2784986,Sentence,1,8.9379835
12.700149,-6.5794187,Sentence,2,8.571986
12.636967,-8.557029,Sentence,1,8.905604
12.244108,-8.302733,Sentence,1,8.394451
10.955807,-5.431218,Sentence,0,7.0110674
10.854843,-4.9584084,Sentence,0,6.9159017
11.209272,-7.392197,Sentence,1,8.769334
11.2257805,-7.257805,Sentence,1,9.341004
12.432619,-8.633144,Sentence,1,9.421967
11.333191,-8.094187,Sentence,1,9.121907
13.018396,-6.3550844,Sentence,0,9.640373
13.500725,-4.4558654,Sentence,0,8.053548
12.642447,-8.239132,Sentence,1,9.056427
12.394535,-8.401145,Sentence,1,9.584806
12.951406,-7.7845616,Sentence,1,8.575437
11.418879,-6.305592,Sentence,0,7.325462
12.496127,-5.9094043,Sentence,2,9.360885
12.123692,-8.402129,Sentence,1,8.243751
12.720486,-6.4195967,Sentence,2,9.11313
11.488754,-4.2535906,Sentence,0,10.865753
12.650362,-7.7362757,Sentence,2,9.994701
12.395174,-8.670977,Sentence,1,8.662719
13.122099,-6.4895077,Sentence,2,10.30825
11.38306,-6.8927417,Sentence,0,7.327749
12.031993,-8.375339,Sentence,1,9.731635
12.322438,-6.843821,Sentence,2,10.909945
13.056978,-7.4132133,Sentence,2,9.126089
11.769482,-6.3584003,Sentence,2,9.438062
12.649349,-6.724616,Sentence,0,7.4182935
11.464389,-6.843484,Sentence,0,7.652992
12.004136,-6.6758556,Sentence,1,8.712029
10.509193,-5.0122604,Sentence,2,9.596579
9.89329,6.5261383,Sentence,0,6.8832464
12.634776,-7.723132,Sentence,1,9.160595
11.8875065,-7.825352,Sentence,1,8.15283
12.538116,-6.564478,Sentence,2,10.597913
12.517291,-8.33467,Sentence,1,9.346963
12.125509,-8.219711,Sentence,1,10.126231
12.750684,-7.380402,Sentence,2,10.099359
11.56875,-8.583646,Sentence,1,8.328662
11.759973,-8.548107,Sentence,1,8.644023
11.81129,-6.561475,Sentence,2,9.853222
12.15978,-8.278068,Sentence,1,8.755947
10.2553835,-8.974674,Sentence,1,8.939077
11.818278,-8.756662,Sentence,1,9.013165
11.555637,-7.03229,Sentence,0,8.238183
10.613311,-8.568385,Sentence,0,8.350512
12.043761,-8.481709,Sentence,1,9.187952
11.939588,-6.7931633,Sentence,0,7.2143807
11.271618,-8.559572,Sentence,1,8.724762
12.217338,-6.043812,Sentence,2,9.36092
11.728208,-8.116367,Sentence,1,9.426421
13.847447,-4.2596416,Sentence,0,8.847549
12.378468,-8.37359,Sentence,1,9.065491
12.849694,-8.046296,Sentence,1,8.692278
11.50909,-8.22825,Sentence,0,7.595696
12.909908,-5.812869,Sentence,0,7.9947734
11.474585,-8.116409,Sentence,1,8.706793
11.579921,-5.052454,Sentence,2,10.568763
11.811805,-8.632068,Sentence,1,8.965163
12.78584,-8.291712,Sentence,1,8.742191
12.558807,-6.5712724,Sentence,2,10.705216
12.419848,-6.697533,Sentence,2,9.18772
10.486716,-8.3055,Sentence,1,9.085903
13.006912,-7.0499907,Sentence,2,10.214274
12.133053,-8.291658,Sentence,1,9.341915
12.342201,-8.294661,Sentence,1,9.96072
12.880061,-6.795525,Sentence,0,7.3802733
12.044653,-7.1314783,Sentence,0,7.6324186
12.813842,-8.265338,Sentence,1,9.008464
10.221208,-6.4999466,Sentence,0,7.667999
12.207588,-8.40767,Sentence,1,9.155906
12.979819,-6.249074,Sentence,2,10.710707
12.16717,-7.799985,Sentence,1,9.502265
12.158742,-8.339926,Sentence,1,8.15145
11.338218,-6.891926,Sentence,2,9.821982
12.228077,-8.331839,Sentence,1,8.602994
12.064605,-7.312316,Sentence,1,7.825473
12.046581,-8.687714,Sentence,1,9.2433195
11.9077425,-8.483661,Sentence,1,8.817507
12.017387,-8.4477,Sentence,1,9.669078
12.982152,-5.9223866,Sentence,2,9.680459
10.308719,-8.957774,Sentence,1,8.486712
12.544561,-7.3447742,Sentence,2,10.250682
12.141853,-6.692945,Sentence,0,7.1930118
12.623084,-7.2103925,Sentence,2,10.376104
12.396374,-6.0101404,Sentence,2,10.901069
10.749644,-7.3965635,Sentence,1,9.493117
12.784834,-5.788678,Sentence,2,10.072498
11.428851,-8.370017,Sentence,1,8.36036
11.239217,-7.671999,Sentence,1,9.246745
12.689311,-6.782201,Sentence,2,10.352207
10.860743,-8.567323,Sentence,0,8.313709
12.025752,-8.547469,Sentence,1,8.974453
12.555878,-7.377917,Sentence,2,10.325533
12.268146,-7.16293,Sentence,1,7.769129
12.29922,-6.823539,Sentence,2,10.854951
12.345254,-5.1738424,Sentence,2,10.534038
11.753184,-8.637747,Sentence,1,9.480568
11.678448,-6.777726,Sentence,0,7.550433
12.516859,-8.114536,Sentence,1,9.894297
11.545247,-7.6251945,Sentence,2,10.335905
11.64649,-7.8576436,Sentence,1,7.8073897
10.849255,-8.693998,Sentence,1,8.883828
12.311257,-5.386008,Sentence,2,10.5515785
12.327646,-6.8231697,Sentence,2,10.19058
12.179775,-6.5683804,Sentence,0,7.6611886
11.737811,-8.600568,Sentence,1,9.41158
11.95853,-6.582855,Sentence,2,9.984459
12.631667,-6.716762,Sentence,2,10.200379
12.206061,-8.485832,Sentence,1,8.10307
12.124417,-6.489007,Sentence,2,10.819108
12.469577,-7.5820575,Sentence,1,8.526635
11.517643,-6.2573314,Sentence,2,9.996089
12.0969925,-6.5923223,Sentence,2,8.705953
11.3208065,-6.24392,Sentence,0,8.905116
10.990396,-7.0280085,Sentence,1,9.1997
12.570395,-8.112608,Sentence,1,9.404501
12.4760685,-8.269737,Sentence,1,7.786599
12.905623,-7.9857426,Sentence,2,9.042589
13.195321,-7.31525,Sentence,2,9.146948
11.313885,-6.786492,Sentence,1,9.224252
10.66593,-7.421343,Sentence,1,8.38882
12.349346,-7.462762,Sentence,1,8.110569
12.200684,-6.844608,Sentence,0,7.7112546
10.75126,-8.674117,Sentence,1,9.485246
12.498845,-8.422125,Sentence,1,8.94771
12.154394,-7.99079,Sentence,1,9.792986
12.32801,-8.679874,Sentence,1,9.183015
10.844477,-6.619461,Sentence,0,7.934719
11.131128,-8.442437,Sentence,1,9.301285
11.819833,-6.3628144,Sentence,0,7.5936537
11.374385,-6.2916374,Sentence,0,8.733205
10.972756,-7.5133915,Sentence,1,9.609986
10.716266,-7.467566,Sentence,1,8.923239
11.984378,-5.515343,Sentence,2,10.546391
13.438286,-8.384623,Sentence,1,9.0464115
12.00456,-6.342002,Sentence,2,10.363857
12.565891,-8.318818,Sentence,1,9.521932
12.426489,-8.696224,Sentence,1,8.643389
12.003584,-7.413751,Sentence,2,10.154765
11.4459095,-8.992474,Sentence,1,7.887181
12.269637,-8.335332,Sentence,1,8.834248
12.529931,-6.6417756,Sentence,2,9.724658
10.168804,-4.14912,Sentence,0,5.7321415
12.155608,-8.422891,Sentence,1,9.835903
12.569666,-6.747596,Sentence,2,10.762065
15.50644,-1.669491,Sentence,0,10.260867
12.359681,-6.941788,Sentence,1,8.495315
10.910484,-8.826944,Sentence,1,8.500192
11.206897,-6.2926607,Sentence,0,8.056089
12.74271,-7.175645,Sentence,2,10.516018
10.551343,-8.5433,Sentence,0,8.315203
12.661139,-7.5221047,Sentence,2,10.60553
12.127501,-7.210591,Sentence,1,7.632209
11.72245,-6.8682837,Sentence,0,7.599109
11.370098,-8.5950165,Sentence,1,9.214743
11.250551,-8.596864,Sentence,1,9.032792
10.677792,-8.647927,Sentence,1,8.562252
12.3276005,-8.17181,Sentence,2,7.7560353
12.765993,-6.142598,Sentence,2,10.404814
11.3470125,-5.7965612,Sentence,0,7.6281266
12.386014,-4.8611894,Sentence,2,9.735453
10.179151,-4.1377363,Sentence,0,5.720327
12.30989,-6.904795,Sentence,2,10.00806
12.030321,-8.367084,Sentence,1,8.797291
12.35303,-5.5081587,Sentence,2,10.700758
11.197657,-7.8731976,Sentence,0,8.881961
10.442275,-5.232423,Sentence,0,7.7534795
12.915458,-7.8243275,Sentence,0,8.820872
10.595118,-8.708484,Sentence,1,8.357535
13.128041,-4.8806233,Sentence,0,7.680878
11.789123,-8.074887,Sentence,1,10.163483
12.368802,-7.5557146,Sentence,1,8.770041
12.225728,-7.516462,Sentence,0,8.055793
12.074997,-8.339997,Sentence,1,9.700252
12.520441,-7.965018,Sentence,1,9.522393
12.3586,-8.210922,Sentence,1,7.8119416
11.707949,-6.7516313,Sentence,0,7.727551
12.805945,-5.6468177,Sentence,2,9.312353
12.08158,-6.8997912,Sentence,2,10.480379
10.821813,-5.399417,Sentence,0,7.561071
10.069398,-5.1607804,Sentence,0,8.070112
11.96839,-7.754558,Sentence,2,9.742784
12.133274,-8.637955,Sentence,1,9.190624
11.20188,-6.7160296,Sentence,0,8.087425
11.697373,-7.5196943,Sentence,1,9.69626
10.276435,-5.3168955,Sentence,0,7.8178296
12.257208,-7.4296684,Sentence,2,10.307599
12.97147,-7.3612967,Sentence,2,9.630107
10.679367,-6.3748364,Sentence,0,7.9892316
12.68903,-7.5705824,Sentence,2,8.840121
12.253828,-7.346743,Sentence,1,7.726162
9.897755,-7.9678736,Sentence,0,8.06219
12.150634,-5.4788537,Sentence,0,7.8832803
12.304257,-8.509695,Sentence,1,8.284535
12.506571,-8.676637,Sentence,1,8.700552
12.167071,-8.266756,Sentence,1,9.2803135
12.246914,-5.9196563,Sentence,2,10.90553
12.437455,-5.450918,Sentence,2,10.937108
11.755008,-6.3363123,Sentence,0,8.843653
13.286725,-8.146487,Sentence,1,9.019753
9.857704,-8.582114,Sentence,1,8.869416
11.639154,-7.631123,Sentence,0,7.6773896
10.328977,-8.127999,Sentence,0,8.622782
12.563189,-8.355195,Sentence,1,8.573683
12.8129835,-7.6247973,Sentence,1,9.993152
10.139085,-8.262908,Sentence,1,9.267256
12.179776,-6.9342113,Sentence,0,7.565
13.048808,-6.7099032,Sentence,1,8.794077
12.221679,-5.233788,Sentence,2,10.482383
12.621398,-7.2775116,Sentence,2,10.3508005
12.205053,-6.5787277,Sentence,2,10.43816
12.267235,-7.909371,Sentence,1,9.384885
12.8088875,-7.4519534,Sentence,2,9.897458
11.3650875,-8.288536,Sentence,1,8.318811
12.827442,-7.6833158,Sentence,1,9.720528
11.364003,-7.1618886,Sentence,2,9.759232
10.729547,-2.8782482,Sentence,0,3.0831146
9.996889,-8.583127,Sentence,0,8.083677
12.399429,-8.469621,Sentence,1,9.772957
12.048004,-8.391881,Sentence,1,9.7658
12.481305,-6.7647157,Sentence,2,10.566114
12.647312,-6.012081,Sentence,2,10.285914
12.888564,-5.820003,Sentence,2,9.265587
12.397029,-6.9045763,Sentence,2,10.719317
10.361964,-7.141528,Sentence,0,9.00155
10.52517,-8.575121,Sentence,1,9.548239
12.819372,-6.5442767,Sentence,2,9.655266
12.362436,-8.616816,Sentence,1,9.514724
12.798775,-8.265942,Sentence,1,8.27084
11.427174,-8.241184,Sentence,1,10.087864
11.95798,-7.825276,Sentence,1,9.997067
11.244232,-5.554217,Sentence,0,7.0267973
11.699547,-5.4602437,Sentence,0,7.750476
10.989623,-5.4503326,Sentence,0,6.9079647
11.098957,-7.1405582,Sentence,1,8.397903
11.587226,-8.329834,Sentence,1,9.155631
12.527202,-7.4913177,Sentence,2,10.494753
12.543231,-7.441686,Sentence,0,8.758993
10.235326,-5.621623,Sentence,0,8.101939
10.865187,-7.624487,Sentence,1,8.838451
11.180699,-8.624914,Sentence,1,9.519371
12.505862,-7.795406,Sentence,1,8.472439
10.201325,-5.808477,Sentence,0,8.113632
11.792543,-4.799812,Sentence,2,11.123413
12.700558,-8.199761,Sentence,1,8.733742
10.681832,-6.46397,Sentence,0,8.87375
12.0073185,-8.295436,Sentence,1,9.850076
11.121751,-8.638334,Sentence,1,8.875564
12.219699,-7.8770638,Sentence,2,10.377283
11.4598255,-7.7455673,Sentence,1,8.154178
12.863805,-3.835543,Sentence,2,8.207375
12.299986,-8.287076,Sentence,1,8.966765
12.017028,-6.7537456,Sentence,0,7.398399
12.334145,-7.1767035,Sentence,1,7.947016
12.232956,-5.2631893,Sentence,2,9.609389
11.821602,-6.345702,Sentence,0,7.4146843
10.53823,-6.967209,Sentence,0,8.662933
10.732573,-8.5562725,Sentence,1,9.545883
11.465643,-8.561923,Sentence,1,8.779551
10.397824,-8.579409,Sentence,1,8.777924
13.219889,-6.711199,Sentence,2,9.989814
11.714437,-5.777331,Sentence,0,7.7413425
10.514652,-5.4297185,Sentence,0,8.137748
12.148279,-6.454008,Sentence,2,10.529964
12.065671,-6.1695023,Sentence,0,8.315467
11.095773,-4.9069047,Sentence,0,7.0430965
12.059423,-4.447376,Sentence,2,9.934765
13.143819,-6.716762,Sentence,2,8.226241
12.179035,-5.2976947,Sentence,2,8.020492
13.282489,-4.647004,Sentence,2,8.475936
12.75636,-5.439571,Sentence,2,9.779689
11.686628,-8.4872055,Sentence,0,8.146701
10.526745,-8.395616,Sentence,1,9.466575
12.54529,-5.597366,Sentence,0,8.298822
12.347352,-8.53804,Sentence,1,9.403671
11.515116,-8.083123,Sentence,1,7.8409457
10.5595,-5.188722,Sentence,0,9.346155
12.555558,-8.623916,Sentence,1,9.262175
9.99742,-8.815203,Sentence,0,8.463232
11.539844,-8.869876,Sentence,1,9.054406
12.223185,-8.338811,Sentence,1,9.065501
13.052921,-7.154838,Sentence,2,9.740716
12.116623,-6.8867254,Sentence,1,7.8673606
12.419447,-8.171388,Sentence,1,8.108395
12.757398,-7.3797636,Sentence,2,10.240583
11.758319,-6.3187456,Sentence,0,8.498588
10.038298,-5.280661,Sentence,0,8.097786
12.186466,-7.2160554,Sentence,1,8.771031
10.262711,-5.2186227,Sentence,0,8.117898
12.254798,-7.383293,Sentence,2,9.98115
12.482494,-7.755067,Sentence,1,10.055526
12.227273,-8.7579155,Sentence,1,8.952103
12.281039,-7.6458006,Sentence,2,10.224797
11.492709,-8.547615,Sentence,1,8.425553
13.06547,-7.286112,Sentence,2,9.496393
12.198527,-8.661914,Sentence,1,9.010254
12.213822,-7.696786,Sentence,2,10.12008
9.978245,-8.109951,Sentence,0,8.452395
12.4230385,-7.3800797,Sentence,1,10.095087
11.7135315,-8.768344,Sentence,1,8.381774
12.386105,-8.198348,Sentence,1,7.910769
10.087112,-5.779079,Sentence,0,9.192821
11.5709505,-7.01857,Sentence,2,9.894627
11.24075,-8.637867,Sentence,1,8.681617
12.850513,-8.229475,Sentence,1,8.938555
13.5339985,-4.6951804,Sentence,2,8.749309
11.631575,-8.541216,Sentence,1,9.803878
11.448203,-5.673267,Sentence,0,7.192654
11.811014,-5.5998387,Sentence,2,10.091948
12.0927305,-8.727003,Sentence,1,9.013207
12.661429,-7.8287234,Sentence,2,9.983065
12.116208,-7.979278,Sentence,1,9.997069
12.351625,-5.9027014,Sentence,2,10.887433
12.038623,-7.60284,Sentence,2,9.957799
12.3214855,-5.008095,Sentence,2,10.441183
12.045666,-4.9283295,Sentence,2,10.8882885
11.558375,-6.897722,Sentence,0,7.2667103
11.447101,-6.97477,Sentence,1,9.0685425
12.104071,-6.9216003,Sentence,1,8.0392065
12.147326,-5.7155185,Sentence,2,10.5940275
12.9407425,-7.066107,Sentence,2,9.888911
12.114425,-7.2696834,Sentence,1,7.8364673
12.029593,-7.579571,Sentence,1,10.048205
12.130593,-7.2204723,Sentence,2,10.215791
10.7544985,-6.427835,Sentence,0,9.859389
10.456288,-8.159355,Sentence,1,8.781149
11.324545,-7.680492,Sentence,0,8.229214
12.524334,-7.6884203,Sentence,1,9.11813
12.074363,-7.86375,Sentence,1,8.028055
11.4756365,-4.7962217,Sentence,2,8.196459
13.032122,-7.22498,Sentence,2,9.820212
13.026013,-6.3837657,Sentence,2,9.752085
11.692728,-8.577829,Sentence,1,9.433633
11.897678,-8.8838,Sentence,1,7.882143
12.344182,-6.3942866,Sentence,2,10.956275
11.92046,-7.5944924,Sentence,1,8.540771
12.049808,-5.715723,Sentence,2,10.254541
12.443646,-7.45923,Sentence,2,10.280698
12.855733,-5.994345,Sentence,2,10.4424925
11.032497,-5.6795063,Sentence,0,8.876957
12.480165,-8.280712,Sentence,1,8.984346
11.027041,-7.502228,Sentence,0,8.229214
11.915204,-8.436734,Sentence,1,9.142856
11.35213,-8.305511,Sentence,1,9.193119
12.794672,-7.4769835,Sentence,2,9.759668
13.021415,-6.6981173,Sentence,2,8.948553
11.175232,-5.8435435,Sentence,2,8.22577
10.750347,-5.341396,Sentence,0,8.161384
12.571539,-7.0456924,Sentence,1,8.026574
12.857022,-5.4043484,Sentence,0,8.830336
12.535046,-8.382935,Sentence,1,8.806095
11.517898,-8.750908,Sentence,0,7.5566435
14.990129,-3.1481123,Sentence,0,8.258535
12.502836,-6.976915,Sentence,2,10.026044
11.948154,-7.5151453,Sentence,1,9.47571
11.917206,-6.0087404,Sentence,0,8.412983
12.066009,-8.339326,Sentence,1,9.573006
12.716758,-7.6615243,Sentence,2,10.349684
9.893387,6.525924,Sentence,0,6.883135
12.512115,-6.9316463,Sentence,2,10.775514
12.653376,-5.688467,Sentence,0,10.426457
11.964231,-7.084817,Sentence,0,8.051465
11.62936,-8.314964,Sentence,1,10.014879
11.250956,-8.245544,Sentence,2,9.785492
9.688335,-8.137874,Sentence,1,8.379869
11.809786,-8.287889,Sentence,1,8.955923
10.694349,-6.7741814,Sentence,0,9.61279
12.307505,-7.0744386,Sentence,2,10.440948
12.511883,-5.778235,Sentence,2,9.930112
9.894142,6.5256352,Sentence,0,6.8824058
9.893373,6.5259814,Sentence,0,6.8831406
12.7463255,-6.74607,Sentence,2,9.903851
12.941647,-6.7659874,Sentence,2,9.336727
11.961124,-8.753637,Sentence,1,7.9107146
12.234318,-8.08544,Sentence,1,9.382213
12.478688,-4.82822,Sentence,0,7.9591966
12.452021,-6.932489,Sentence,2,10.403569
11.009856,-8.473646,Sentence,1,8.943256
12.527257,-8.6708765,Sentence,1,9.173007
12.938435,-6.298885,Sentence,2,9.174418
12.216294,-5.3197846,Sentence,2,10.00738
11.406483,-5.067647,Sentence,2,10.820872
11.85959,-5.400557,Sentence,0,7.8562655
10.308911,-4.9650764,Sentence,0,7.877205
11.504339,-8.35786,Sentence,1,9.047442
11.84997,-5.804322,Sentence,0,8.748763
11.968778,-6.300188,Sentence,0,7.3940744
12.234921,-7.939848,Sentence,2,10.406805
10.990947,-7.3042655,Sentence,1,8.7971525
12.487522,-8.075418,Sentence,0,8.123092
12.36734,-8.064162,Sentence,1,8.688849
12.617323,-6.303169,Sentence,2,10.239217
14.303557,-5.186154,Sentence,0,7.9100194
11.986019,-7.5733743,Sentence,1,8.829904
10.178949,-4.1357327,Sentence,0,5.7184935
12.122659,-7.1118846,Sentence,0,7.598447
12.266013,-8.510279,Sentence,1,9.5969715
10.740289,-4.8643217,Sentence,0,6.7829447
11.637888,-8.655641,Sentence,1,8.283168
13.083729,-7.2296734,Sentence,1,8.848717
11.127864,-8.612416,Sentence,1,8.240271
12.325602,-8.162709,Sentence,2,10.20011
12.437917,-8.445712,Sentence,1,8.730323
11.147917,-7.337456,Sentence,0,7.8166914
12.107164,-8.46091,Sentence,1,8.945354
12.404201,-8.249734,Sentence,1,7.885828
11.28251,-7.7550707,Sentence,0,8.31129
10.56086,-6.227773,Sentence,1,9.333373
10.553687,-3.920411,Sentence,0,9.897571
12.078312,-8.181889,Sentence,1,10.030779
12.567307,-5.2856574,Sentence,0,7.882439
10.715239,-8.510741,Sentence,1,9.399029
11.565477,-8.386923,Sentence,1,9.132616
11.622683,-7.293437,Sentence,2,8.4834795
12.105687,-8.3451395,Sentence,1,10.114002
12.47383,-7.600119,Sentence,1,10.080062
12.963563,-7.9982724,Sentence,2,8.85969
10.361852,-7.659739,Sentence,0,8.075579
12.415672,-7.2860026,Sentence,2,10.343648
12.382128,-7.810727,Sentence,1,9.522717
11.051575,-5.22387,Sentence,0,8.883366
12.295673,-5.3907323,Sentence,2,10.422034
12.774791,-7.5138,Sentence,2,10.049029
12.2825985,-8.143293,Sentence,1,9.71489
11.328643,-8.16053,Sentence,1,7.8096137
11.587571,-7.5334363,Sentence,2,9.860132
11.593997,-7.2316713,Sentence,2,9.697649
12.443679,-7.8638654,Sentence,1,10.253875
12.64033,-7.576196,Sentence,1,10.321883
12.827428,-7.6612577,Sentence,0,8.374915
11.730118,-8.492945,Sentence,1,8.896877
12.515895,-5.646117,Sentence,2,9.3845215
9.850512,-5.0227046,Sentence,0,8.081756
12.0840435,-8.409293,Sentence,1,8.842882
12.51375,-7.2873116,Sentence,2,10.632989
9.509012,-8.203099,Sentence,0,8.52168
12.4555435,-5.4838734,Sentence,2,10.598736
12.372873,-8.703277,Sentence,1,9.236809
13.219562,-6.8730206,Sentence,2,9.647664
11.918725,-8.666224,Sentence,1,9.182849
12.789442,-7.518278,Sentence,1,9.321607
13.143745,-6.790891,Sentence,2,9.984781
12.773967,-6.2348256,Sentence,2,10.34838
12.119291,-7.4160666,Sentence,1,10.067446
10.459402,-7.580573,Sentence,0,8.842027
12.195721,-7.969109,Sentence,1,10.143303
12.197172,-6.520645,Sentence,0,8.024788
13.138164,-6.374963,Sentence,2,9.750665
11.78691,-6.1576552,Sentence,0,8.82156
12.232341,-6.826286,Sentence,2,9.56499
10.120549,-8.108435,Sentence,1,8.361488
10.361201,-7.183367,Sentence,0,8.910863
11.305746,-8.483747,Sentence,1,9.638681
11.798436,-7.1197014,Sentence,1,9.043971
11.7483425,-7.963268,Sentence,1,10.0281725
12.949319,-5.897831,Sentence,2,9.241839
10.975343,-5.6925154,Sentence,2,8.249731
12.246262,-8.175561,Sentence,1,9.654521
11.44782,-4.3960023,Sentence,0,10.839194
12.34565,-7.868863,Sentence,1,8.632007
11.000842,-4.604093,Sentence,0,8.362889
12.528542,-8.554132,Sentence,1,8.712998
12.581645,-5.7090173,Sentence,2,10.66375
13.195054,-6.825552,Sentence,2,9.839326
12.642308,-8.33172,Sentence,1,9.453891
12.253993,-7.919162,Sentence,2,10.261881
13.561067,-3.326176,Sentence,0,8.597929
13.588684,-4.504003,Sentence,2,8.503846
10.892916,-8.796498,Sentence,1,8.523905
10.937774,-8.779579,Sentence,1,9.192777
11.764928,-8.631498,Sentence,1,9.531069
11.559508,-8.90349,Sentence,1,8.859699
12.256804,-5.671972,Sentence,2,8.589306
11.820957,-7.895004,Sentence,1,7.9773808
10.824249,-7.1329837,Sentence,0,8.483372
12.474436,-8.306072,Sentence,1,9.739971
12.296686,-7.398068,Sentence,2,8.79276
11.452867,-5.6997123,Sentence,0,8.099051
12.100215,-7.897711,Sentence,1,9.792864
11.944184,-7.3178973,Sentence,1,8.335864
12.372021,-5.924682,Sentence,2,10.924665
12.2649,-8.409337,Sentence,1,9.820331
13.125864,-6.571693,Sentence,2,9.395835
11.840108,-8.060837,Sentence,2,10.267469
10.106596,-5.304239,Sentence,0,8.080109
12.603607,-7.3791413,Sentence,2,10.292857
12.203805,-8.236483,Sentence,1,9.374332
13.198292,-6.707554,Sentence,2,9.975408
10.729452,-8.596724,Sentence,0,8.868127
12.553209,-7.552243,Sentence,1,8.5774765
11.869776,-6.5523295,Sentence,0,6.730476
12.597919,-6.8157907,Sentence,2,10.415735
10.258147,-6.967243,Sentence,0,8.806973
12.793355,-8.162218,Sentence,1,9.068533
9.459269,-7.6484766,Sentence,0,7.108398
12.064537,-8.187802,Sentence,1,10.181977
12.239838,-6.4850893,Sentence,2,10.870192
10.719555,-8.358246,Sentence,1,8.926765
10.345227,-7.200166,Sentence,0,8.194856
11.049181,-6.3928337,Sentence,2,10.477949
12.601464,-6.767888,Sentence,2,10.728133
12.414249,-8.426013,Sentence,1,8.058515
11.621227,-7.7598133,Sentence,1,8.310504
12.362828,-7.0027137,Sentence,2,10.443297
12.616911,-8.330396,Sentence,1,7.9321833
13.215473,-6.2415056,Sentence,2,9.368034
12.724097,-7.8034554,Sentence,2,8.896472
11.390698,-4.495593,Sentence,0,11.012991
11.317818,-6.207587,Sentence,0,7.2288785
11.362038,-8.489092,Sentence,1,9.689539
12.844045,-5.897256,Sentence,2,9.918509
11.655775,-4.0065546,Sentence,2,10.421398
12.753494,-8.341319,Sentence,1,8.775794
12.053757,-6.8658586,Sentence,2,10.626368
10.997118,-8.774358,Sentence,1,9.41593
11.416062,-8.482282,Sentence,1,8.952458
12.500792,-6.7533736,Sentence,2,9.755417
11.319707,-8.466217,Sentence,1,8.421951
10.958002,-7.7875366,Sentence,0,7.4833875
11.762073,-6.553005,Sentence,0,9.4443035
11.2430105,-4.661754,Sentence,2,11.040804
11.027631,-6.386299,Sentence,2,10.462691
12.31084,-8.302598,Sentence,1,10.052517
12.3684635,-8.116425,Sentence,1,7.860444
12.859166,-8.143446,Sentence,1,9.063123
12.1413555,-7.248116,Sentence,2,10.154436
11.307312,-8.631775,Sentence,1,8.99381
12.992508,-7.978311,Sentence,2,8.953783
11.838753,-8.617503,Sentence,1,9.678141
12.167293,-6.293645,Sentence,0,6.936445
10.173696,-8.428572,Sentence,0,9.21002
12.213708,-6.5535865,Sentence,2,8.856196
12.092069,-6.5044746,Sentence,2,9.677317
11.828876,-8.030028,Sentence,1,9.992315
10.325584,-6.5877,Sentence,0,8.148355
11.155378,-7.5173717,Sentence,1,9.060399
14.005642,-5.5151057,Sentence,0,7.986405
10.621284,-9.017714,Sentence,0,8.279907
11.4662285,-6.490018,Sentence,0,7.628436
12.330661,-8.452671,Sentence,1,8.614743
11.979465,-6.9147964,Sentence,0,8.064943
12.23653,-7.549413,Sentence,2,10.405236
12.421103,-7.63247,Sentence,1,8.614894
10.2886715,-6.1114445,Sentence,0,8.503092
12.652567,-6.8634143,Sentence,2,10.747198
10.742006,-8.187586,Sentence,1,8.289514
12.225601,-8.712696,Sentence,1,9.295583
12.223064,-6.8738804,Sentence,0,7.609975
10.190873,-9.02053,Sentence,0,8.44751
11.170608,-4.134049,Sentence,2,10.325807
12.566138,-6.7980256,Sentence,2,10.79072
11.291961,-4.4548545,Sentence,0,10.966092
12.086587,-7.719588,Sentence,2,10.071955
12.379733,-4.755237,Sentence,2,10.093834
12.050466,-4.591687,Sentence,2,10.163887
12.1649,-7.540817,Sentence,1,7.8011703
12.054251,-8.391091,Sentence,1,7.8471756
12.140069,-6.741842,Sentence,2,10.394751
11.006928,-8.217103,Sentence,1,8.155244
11.706015,-6.9367676,Sentence,2,10.52045
13.288588,-8.091849,Sentence,2,9.09539
13.046541,-6.631075,Sentence,2,10.066813
12.506143,-8.240924,Sentence,1,7.920158
11.932043,-8.265964,Sentence,1,9.86444
11.695348,-8.498057,Sentence,1,8.494748
11.836965,-8.565491,Sentence,1,9.003263
11.374335,-7.977031,Sentence,1,8.950905
12.379769,-6.3839726,Sentence,2,10.155762
11.163472,-4.540304,Sentence,0,11.187794
12.147521,-7.9937096,Sentence,1,8.701762
10.988313,-6.421514,Sentence,0,6.9845343
10.010394,-9.041103,Sentence,0,8.358903
12.554928,-6.8234787,Sentence,2,9.64164
12.8020115,-7.4577417,Sentence,2,10.159209
12.6535225,-8.590582,Sentence,1,9.062714
12.391285,-8.074998,Sentence,1,8.7825985
10.34735,-6.1396203,Sentence,0,7.1869326
10.507017,-8.5946,Sentence,0,8.41084
12.628521,-6.712708,Sentence,2,10.638433
10.845061,-5.2049704,Sentence,0,7.2339587
11.060886,-4.3411384,Sentence,2,10.326069
12.313578,-8.728026,Sentence,1,9.38553
13.528876,-4.3342266,Sentence,0,8.752056
12.099579,-6.6836424,Sentence,2,10.388977
12.686081,-6.527494,Sentence,2,10.508394
11.746061,-7.3261633,Sentence,0,7.164162
12.172197,-8.686304,Sentence,1,9.044777
11.223092,-6.13894,Sentence,2,9.899152
11.517584,-7.2724757,Sentence,2,9.624506
12.45906,-8.094025,Sentence,1,9.71608
12.178441,-6.3388014,Sentence,0,8.293782
10.932534,-8.521527,Sentence,1,9.6576395
12.712004,-6.317037,Sentence,0,7.8598905
11.127575,-8.322408,Sentence,1,8.869945
13.2909975,-6.229553,Sentence,2,9.382285
12.813704,-6.733346,Sentence,2,10.05013
13.176044,-5.050439,Sentence,2,8.802011
12.685795,-7.4758725,Sentence,2,10.524453
12.748252,-5.786411,Sentence,0,7.922792
12.066394,-5.1201444,Sentence,2,10.301813
12.113969,-7.9808464,Sentence,1,7.685452
13.114014,-7.1231856,Sentence,2,8.727643
12.869166,-7.01794,Sentence,2,10.1257305
12.3602,-6.7633295,Sentence,0,6.7929997
13.151518,-8.176866,Sentence,0,9.148856
11.358774,-7.8981123,Sentence,1,8.172128
12.844849,-5.535554,Sentence,2,9.414302
11.96474,-8.019875,Sentence,1,9.203729
11.17063,-7.8560677,Sentence,1,10.001178
12.748066,-6.072388,Sentence,2,9.646282
12.23706,-7.7950225,Sentence,1,8.796767
13.699213,-4.407436,Sentence,0,8.065871
15.030388,-3.115777,Sentence,0,8.261666
12.257618,-7.349902,Sentence,2,10.389635
12.384358,-6.552473,Sentence,2,10.802395
12.764943,-8.065855,Sentence,1,8.502243
11.3304405,-5.854071,Sentence,0,7.307354
11.681778,-5.0216675,Sentence,2,10.713153
10.067456,-8.79973,Sentence,0,8.430244
12.625201,-7.872404,Sentence,1,9.297086
10.960371,-5.9195395,Sentence,0,7.6624775
10.845684,-5.223217,Sentence,0,6.7970667
11.064104,-8.137651,Sentence,1,8.885961
12.074499,-7.2221994,Sentence,2,9.779278
13.074032,-6.6039324,Sentence,2,9.399386
11.681024,-7.768064,Sentence,1,8.135099
12.350885,-6.38611,Sentence,0,8.115584
10.94349,-8.643522,Sentence,1,9.028451
9.983571,-8.793488,Sentence,1,8.7754135
11.778753,-4.7568235,Sentence,2,10.335684
12.289062,-8.350852,Sentence,1,7.8418193
12.352342,-8.460034,Sentence,1,9.357197
13.090305,-6.215605,Sentence,2,9.554267
12.136597,-7.238984,Sentence,0,7.467825
11.852671,-8.2068615,Sentence,1,8.345011
12.31393,-7.502709,Sentence,2,9.6147175
12.802213,-6.0403132,Sentence,0,9.333766
12.6613865,-7.45698,Sentence,2,9.897967
13.751896,-4.136956,Sentence,0,8.517197
10.383776,-7.96386,Sentence,0,8.604891
11.151235,-8.876559,Sentence,1,9.024811
12.992703,-7.041955,Sentence,1,9.139047
12.181521,-6.6404448,Sentence,2,10.035264
12.456826,-6.857374,Sentence,2,10.82451
12.654669,-5.636912,Sentence,2,10.41663
12.861073,-5.5775723,Sentence,2,10.307303
10.888945,-8.720317,Sentence,1,8.6694
11.289907,-8.62764,Sentence,2,9.731755
12.61255,-5.470858,Sentence,0,8.84485
11.9014635,-8.530125,Sentence,1,8.708131
10.973185,-8.671701,Sentence,1,8.573248
12.545212,-6.6235914,Sentence,2,10.625387
12.298636,-5.8697686,Sentence,2,10.89122
10.991409,-6.3667393,Sentence,0,8.92131
13.6729555,-4.3702044,Sentence,2,8.055453
12.590094,-6.6776614,Sentence,2,10.731269
10.710184,-3.91749,Sentence,0,9.991418
12.798179,-7.2044735,Sentence,2,9.044038
12.095389,-6.886875,Sentence,2,10.759991
12.100709,-6.763087,Sentence,0,8.876797
12.273602,-8.478073,Sentence,1,8.951925
10.334613,-5.408361,Sentence,0,7.9568653
10.518849,-8.86094,Sentence,1,8.465991
12.868505,-6.024521,Sentence,2,10.605781
13.614814,-4.6535535,Sentence,0,8.438605
9.481836,-8.207923,Sentence,2,8.432854
11.145996,-8.191578,Sentence,1,9.030417
10.967892,-8.625112,Sentence,0,8.350565
11.354707,-8.265093,Sentence,1,8.152155
10.25724,-8.5355835,Sentence,0,8.170393
11.678194,-8.412132,Sentence,1,8.719179
12.023825,-7.8468385,Sentence,2,10.1603
11.291895,-6.31015,Sentence,0,7.511635
10.012048,-4.943004,Sentence,0,8.047355
12.019626,-7.347717,Sentence,0,8.084352
11.1257715,-8.056047,Sentence,1,8.562368
13.066343,-8.351563,Sentence,1,8.9660225
13.744566,-3.6403873,Sentence,0,8.14624
12.073858,-7.0152974,Sentence,0,7.5348163
12.636063,-6.8002653,Sentence,2,10.508902
11.151195,-8.76505,Sentence,1,9.026805
12.664871,-5.2506824,Sentence,2,9.43563
10.299909,-5.531511,Sentence,2,8.222959
11.905517,-5.488746,Sentence,0,8.166592
11.988792,-8.426924,Sentence,1,9.67396
11.7911005,-7.960066,Sentence,1,9.741782
11.078729,-8.759195,Sentence,1,9.296504
10.212619,-5.7846546,Sentence,0,8.352861
11.464931,-4.3013687,Sentence,2,10.990487
12.394016,-7.3458385,Sentence,2,10.675482
13.0452585,-6.3903584,Sentence,2,10.608851
12.78622,-6.7159634,Sentence,0,7.482675
12.939463,-7.222425,Sentence,2,9.38676
10.292349,-8.956127,Sentence,0,8.728552
11.980812,-6.3787284,Sentence,0,7.9062905
12.150274,-8.639811,Sentence,1,9.221024
12.220005,-8.412136,Sentence,1,8.884019
11.458105,-7.6179705,Sentence,1,8.92235
12.773154,-6.2248883,Sentence,2,9.284948
12.318021,-7.7385693,Sentence,0,7.8906665
11.572087,-5.980538,Sentence,2,10.11515
9.986543,-8.531655,Sentence,0,8.356298
12.079429,-7.8460007,Sentence,1,9.109519
11.673865,-4.9322786,Sentence,2,10.350847
12.300093,-7.4289107,Sentence,0,8.254125
12.350303,-6.84941,Sentence,2,9.174318
12.371583,-5.9245944,Sentence,2,8.549006
10.124122,-8.919199,Sentence,1,8.597541
10.549462,-7.2186,Sentence,1,9.009975
11.898843,-8.129342,Sentence,1,10.2247925
12.143505,-6.228202,Sentence,2,9.226194
11.384798,-8.697335,Sentence,1,8.603148
10.417923,-8.565261,Sentence,1,9.0026
12.87741,-8.675764,Sentence,1,8.754176
13.78911,-3.6522014,Sentence,0,8.110466
12.276053,-6.8129315,Sentence,2,10.739227
10.724024,-4.797876,Sentence,0,6.838025
13.08157,-6.281455,Sentence,2,8.965115
10.177532,-4.130493,Sentence,0,5.7123876
12.666704,-7.0153785,Sentence,0,8.232011
12.199634,-7.367595,Sentence,0,8.333751
12.494096,-8.014954,Sentence,1,9.019771
12.702183,-5.7243686,Sentence,2,9.201459
10.508434,-8.556323,Sentence,0,8.93522
11.450601,-5.5150146,Sentence,0,6.7551227
11.666282,-4.471046,Sentence,2,10.456166
12.681872,-6.567989,Sentence,0,8.253352
10.750004,-4.7901773,Sentence,0,6.7361336
12.739422,-7.5275974,Sentence,1,10.316041
11.257756,-5.701877,Sentence,0,7.5089993
11.059729,-6.132267,Sentence,0,9.938418
12.46633,-6.4661555,Sentence,0,9.098495
11.064434,-6.702685,Sentence,1,8.724198
12.406271,-8.417575,Sentence,1,9.229362
11.550501,-6.695726,Sentence,0,8.507888
13.888481,-3.987843,Sentence,0,7.6137395
11.332308,-8.145722,Sentence,1,9.380998
12.108626,-8.592902,Sentence,1,9.073853
12.591769,-8.345101,Sentence,1,9.311035
11.776612,-8.801391,Sentence,1,8.828838
12.500503,-8.539763,Sentence,1,8.880579
11.118294,-8.668814,Sentence,1,9.0354595
12.823285,-7.712548,Sentence,1,9.714962
11.718468,-5.2361245,Sentence,2,10.806948
11.5826,-4.2439594,Sentence,2,10.423025
12.919676,-7.850718,Sentence,0,8.826236
8.150385,-7.838934,Sentence,0,7.922491
12.611305,-8.1063795,Sentence,1,8.643459
10.684651,-4.235402,Sentence,2,9.972833
10.020221,-8.70308,Sentence,1,9.17084
10.213196,-8.624571,Sentence,1,9.115415
11.376849,-7.443071,Sentence,1,9.500832
13.1562,-4.9379964,Sentence,0,7.885307
11.188887,-8.732958,Sentence,1,8.496687
12.241486,-5.7445226,Sentence,2,10.793692
11.944222,-8.050421,Sentence,0,7.347864
10.107162,-5.030223,Sentence,0,8.019078
11.271852,-6.73952,Sentence,1,9.241067
11.356694,-8.041057,Sentence,1,8.970281
15.028827,-3.1177323,Sentence,0,8.260996
12.175902,-8.336071,Sentence,1,8.196523
12.571403,-7.459612,Sentence,0,8.555917
11.816575,-5.0958595,Sentence,2,10.44942
12.776333,-7.824364,Sentence,0,8.581183
12.669674,-8.104804,Sentence,1,8.895864
10.744325,-8.495364,Sentence,1,9.371206
11.665229,-6.7826447,Sentence,2,10.165704
10.181844,-5.797421,Sentence,0,8.147966
13.587743,-8.378128,Sentence,2,9.068295
11.64357,-6.5727134,Sentence,1,8.405862
11.778745,-8.767462,Sentence,1,9.227423
12.614213,-6.0611,Sentence,2,9.210188
12.361481,-8.631148,Sentence,1,8.6405945
10.080149,-5.055828,Sentence,0,7.866308
12.182062,-8.552616,Sentence,1,9.322511
11.934015,-4.4970107,Sentence,2,10.489283
12.990846,-5.9444017,Sentence,0,8.118796
12.218232,-8.676297,Sentence,1,8.750752
12.570717,-7.053363,Sentence,2,10.681435
12.540992,-7.514024,Sentence,2,10.040536
12.443435,-6.685368,Sentence,2,10.8647785
11.186063,-4.3929496,Sentence,0,10.887496
10.936423,-8.53498,Sentence,1,9.630304
12.3766775,-8.342687,Sentence,1,8.408587
12.185747,-5.198747,Sentence,2,10.290552
11.307344,-5.2384825,Sentence,0,7.3672576
11.800638,-6.9461074,Sentence,1,9.093506
11.978762,-5.3313084,Sentence,2,10.427207
12.611567,-8.570236,Sentence,1,8.817492
12.176189,-8.925016,Sentence,1,8.63245
12.655372,-8.319749,Sentence,1,8.980786
12.541996,-7.5221,Sentence,2,9.844588
12.124015,-8.5192585,Sentence,1,8.253192
10.914674,-7.243453,Sentence,1,8.595985
10.345704,-5.7867656,Sentence,0,8.456288
11.3575735,-6.7615657,Sentence,0,8.02565
12.553038,-8.464257,Sentence,1,9.08374
11.25276,-8.3520155,Sentence,1,9.3759365
10.204883,-7.483958,Sentence,0,9.398209
11.497497,-6.416619,Sentence,0,8.718963
11.236315,-6.027597,Sentence,0,7.5109425
11.315329,-5.793403,Sentence,0,8.368084
12.91534,-5.29155,Sentence,2,9.555307
11.651888,-8.667816,Sentence,1,9.172075
11.805434,-7.710735,Sentence,1,9.859923
11.716559,-6.6596804,Sentence,0,7.727265
12.765325,-6.8798947,Sentence,0,8.069445
12.187906,-7.598095,Sentence,0,8.757952
11.912333,-7.1451664,Sentence,0,7.73739
11.751588,-5.8780513,Sentence,0,7.0916886
11.608791,-4.5023365,Sentence,2,10.400312
11.780184,-5.605183,Sentence,0,7.81638
11.680412,-7.969224,Sentence,1,8.2152815
12.384991,-8.246686,Sentence,1,9.90451
12.808959,-6.793119,Sentence,2,8.285547
12.260043,-6.1219397,Sentence,0,7.806453
12.64703,-6.629045,Sentence,2,10.404892
11.871965,-5.0404162,Sentence,2,10.61525
11.938108,-8.495719,Sentence,1,9.382905
12.311363,-7.9920506,Sentence,1,9.196716
12.532061,-5.5316257,Sentence,2,10.008414
10.288005,-5.521293,Sentence,0,8.159533
10.788225,-8.517189,Sentence,1,9.004432
12.7331085,-7.699149,Sentence,1,8.97103
9.839563,-6.6033664,Sentence,0,9.519329
11.378215,-6.234971,Sentence,0,6.693625
10.643292,-4.321667,Sentence,0,9.732084
11.403767,-8.287415,Sentence,1,8.335039
10.086107,-6.7345743,Sentence,0,8.0328455
10.609467,-6.311452,Sentence,0,9.693009
12.7526245,-6.782057,Sentence,2,10.617267
11.670071,-5.5107727,Sentence,0,7.2948613
10.815896,-4.6713367,Sentence,0,6.89667
12.178279,-7.260654,Sentence,0,7.6619945
11.595533,-7.988963,Sentence,1,8.752281
12.48149,-4.261503,Sentence,2,8.532045
12.256268,-6.9404316,Sentence,1,7.6750913
11.484651,-5.917089,Sentence,2,9.579802
11.665408,-8.86382,Sentence,0,7.298403
9.893435,6.526061,Sentence,0,6.8830957
13.2680025,-6.863307,Sentence,2,9.882284
11.703506,-8.861806,Sentence,1,7.791337
12.6033535,-8.006359,Sentence,1,9.647256
12.60977,-8.023143,Sentence,1,8.646743
13.160913,-8.141411,Sentence,1,9.1250305
11.663499,-8.22823,Sentence,1,8.796693
11.9726925,-7.786478,Sentence,0,7.7193418
10.749285,-8.110203,Sentence,1,8.993163
9.736086,-8.354389,Sentence,2,9.296025
12.041032,-6.011795,Sentence,0,8.356622
12.023835,-6.27172,Sentence,1,9.15403
12.577479,-6.6347737,Sentence,2,10.830029
12.2218,-5.9255,Sentence,2,10.566305
12.453899,-6.3529844,Sentence,2,10.745624
11.683607,-8.592657,Sentence,1,9.7068205
11.59986,-7.402919,Sentence,0,8.500566
12.526463,-7.13621,Sentence,1,8.953575
12.350079,-4.8917418,Sentence,2,8.494421
11.928711,-4.656655,Sentence,2,10.406271
11.219551,-5.776975,Sentence,0,8.024824
11.992705,-8.089298,Sentence,1,9.849943
12.660084,-7.3754516,Sentence,1,10.021072
12.238475,-6.24548,Sentence,2,9.069179
12.47009,-5.9943085,Sentence,2,10.873893
12.106017,-6.1291327,Sentence,2,10.620675
11.7074585,-7.6133847,Sentence,0,7.698488
12.358219,-7.4201484,Sentence,2,9.891563
12.353704,-6.466291,Sentence,2,10.87617
10.669073,-8.919619,Sentence,1,8.837767
13.489001,-4.4696956,Sentence,0,8.36226
12.520472,-8.344236,Sentence,1,8.803203
12.30479,-8.537226,Sentence,1,8.7812395
11.933434,-5.354163,Sentence,0,7.734105
10.780242,-6.4346747,Sentence,1,8.776202
10.350957,-6.9838142,Sentence,0,8.366547
11.37368,-7.475547,Sentence,2,9.298775
11.864759,-8.72308,Sentence,1,9.328876
12.413846,-7.0772038,Sentence,0,7.6158333
12.56023,-6.768305,Sentence,2,10.10254
11.86432,-6.680586,Sentence,2,10.55216
11.14587,-7.6529174,Sentence,1,8.0765915
12.803281,-6.852019,Sentence,2,10.115855
12.155588,-6.0342665,Sentence,2,10.89466
9.96144,-8.768511,Sentence,0,8.54085
12.631014,-5.7212954,Sentence,2,10.489082
12.575502,-6.8092527,Sentence,2,10.614217
12.472159,-6.3808203,Sentence,0,7.8430614
13.210769,-6.8982706,Sentence,2,9.535415
13.368506,-6.2868,Sentence,2,9.431999
11.976118,-6.5604177,Sentence,0,6.7189445
12.3891,-6.016871,Sentence,2,10.228324
12.252759,-7.02583,Sentence,2,10.649459
12.001029,-8.567876,Sentence,1,9.268128
12.424864,-7.3999147,Sentence,2,9.417495
12.550825,-7.0241427,Sentence,1,8.943294
12.748678,-5.494812,Sentence,2,10.0754385
11.55109,-7.8736486,Sentence,1,8.379002
11.839262,-8.178062,Sentence,1,9.704866
12.551883,-6.6609416,Sentence,0,8.36949
13.0327,-7.1017604,Sentence,2,10.18239
12.548305,-6.026539,Sentence,0,7.8996754
12.480584,-8.452222,Sentence,1,9.415701
10.926006,-8.090808,Sentence,1,9.560634
10.8887005,-7.0312147,Sentence,0,9.598909
11.923286,-7.2247505,Sentence,0,8.500683
11.371042,-6.4514008,Sentence,2,9.941034
12.383184,-6.1306567,Sentence,2,10.7714
12.116895,-8.302519,Sentence,1,9.347584
11.973566,-8.642641,Sentence,1,8.712333
10.407207,-6.746822,Sentence,0,8.566302
12.091056,-7.2119923,Sentence,0,7.518607
11.939391,-8.232842,Sentence,1,9.92188
12.460929,-5.8781276,Sentence,0,8.621891
11.161182,-7.200411,Sentence,2,9.882172
11.765727,-4.427869,Sentence,2,10.383355
12.668404,-8.316705,Sentence,1,8.65919
13.371154,-6.27051,Sentence,2,9.4246435
12.8896055,-8.334734,Sentence,1,9.131661
10.508142,-8.410779,Sentence,1,8.966312
11.521298,-5.7009454,Sentence,2,10.004583
13.040539,-7.721871,Sentence,2,9.85524
12.98472,-7.502609,Sentence,2,10.129212
10.664671,-8.605855,Sentence,1,9.457849
12.710368,-7.0107036,Sentence,2,10.574463
11.776033,-6.5300436,Sentence,2,9.960955
12.090769,-7.3155627,Sentence,1,8.929268
12.296349,-8.567154,Sentence,1,9.473258
12.036364,-8.224208,Sentence,1,8.333747
12.525812,-7.0048494,Sentence,2,10.191334
12.05203,-6.656074,Sentence,2,9.553602
12.295431,-8.09279,Sentence,1,9.60935
10.702541,-7.8940315,Sentence,1,9.506714
12.234171,-7.80824,Sentence,1,10.162345
11.638227,-6.295813,Sentence,2,10.329796
12.704709,-8.155055,Sentence,1,9.163447
13.998226,-3.887887,Sentence,0,7.5733385
13.010359,-4.3799005,Sentence,0,7.7381186
12.269122,-3.516619,Sentence,2,8.168069
12.60738,-6.640427,Sentence,0,8.699993
12.533692,-6.221903,Sentence,0,7.119672
12.018475,-4.7940345,Sentence,2,10.9340315
11.453302,-7.6555686,Sentence,1,8.852528
12.253363,-6.6240573,Sentence,2,10.911054
13.754824,-3.8949943,Sentence,0,8.872033
11.251717,-6.3334074,Sentence,2,10.374695
11.407336,-4.464254,Sentence,0,11.056167
12.0690565,-6.584133,Sentence,0,7.5216537
12.194683,-8.605867,Sentence,1,9.093279
12.219767,-8.256638,Sentence,1,9.7049465
11.445469,-6.222892,Sentence,0,8.268927
11.630729,-7.540432,Sentence,2,9.236457
12.684973,-6.9942007,Sentence,2,10.491718
10.941396,-6.9011316,Sentence,0,8.4915285
10.450407,-4.236543,Sentence,0,9.560793
11.872099,-7.70025,Sentence,1,9.26692
12.344662,-4.7080073,Sentence,2,9.676564
12.278595,-5.709366,Sentence,2,10.310261
11.712896,-6.394508,Sentence,0,8.532475
11.908893,-6.641037,Sentence,0,8.2483425
12.196747,-7.7054706,Sentence,1,10.001653
12.08736,-8.598016,Sentence,1,9.730748
12.713519,-6.7995033,Sentence,2,10.677724
11.561322,-6.069018,Sentence,2,10.527786
12.437732,-5.905114,Sentence,2,10.710533
10.730643,-2.8802402,Sentence,0,3.0849624
12.0225725,-6.6437902,Sentence,2,10.264487
12.104888,-7.039789,Sentence,1,7.527428
11.989686,-5.76079,Sentence,0,8.137358
10.903864,-6.240134,Sentence,2,9.561489
12.146065,-8.465093,Sentence,1,9.2146635
12.363665,-8.76328,Sentence,1,9.063211
12.87872,-7.501348,Sentence,2,9.870609
10.67871,-7.1376643,Sentence,0,8.358381
12.72337,-6.083643,Sentence,2,7.458797
11.963657,-5.8632746,Sentence,2,8.907366
12.99355,-7.7188683,Sentence,1,9.189104
12.181925,-7.025039,Sentence,0,7.818795
12.476622,-8.431639,Sentence,1,9.504278
10.156243,-8.643364,Sentence,0,8.650211
11.06329,-6.9846125,Sentence,0,8.670624
12.029905,-7.644765,Sentence,1,8.803711
13.257282,-6.657637,Sentence,2,9.833646
13.042545,-6.163065,Sentence,2,9.802141
12.4734955,-7.9882717,Sentence,1,8.982793
11.841882,-7.521712,Sentence,0,7.9382443
11.739042,-4.6258492,Sentence,2,10.2883215
11.836699,-6.529993,Sentence,2,9.981876
12.618884,-7.597793,Sentence,1,8.95679
12.48048,-8.283061,Sentence,1,7.764461
10.808834,-7.1763916,Sentence,1,9.124057
11.448874,-8.040775,Sentence,1,8.476035
10.867867,-8.622721,Sentence,1,8.37247
13.14865,-6.3298144,Sentence,1,10.404898
10.339584,-8.905865,Sentence,1,8.530285
11.888926,-5.3736825,Sentence,2,11.144189
13.297681,-8.438727,Sentence,2,9.084696
11.523124,-8.150174,Sentence,1,9.536243
12.955801,-6.906939,Sentence,2,10.041796
11.68248,-3.981883,Sentence,2,10.371226
12.406176,-7.5590076,Sentence,1,8.217164
11.314092,-8.271221,Sentence,1,9.19355
11.604774,-8.571128,Sentence,1,7.929907
12.109202,-6.499492,Sentence,2,9.57038
12.82622,-7.603318,Sentence,0,8.296468
12.096733,-8.660889,Sentence,1,9.0456705
10.52146,-5.4984765,Sentence,0,8.243074
12.544378,-5.452905,Sentence,2,10.137469
11.282507,-4.6867123,Sentence,2,9.996026
11.442722,-7.682714,Sentence,1,9.165253
12.741541,-8.220074,Sentence,1,9.30659
10.0903,-8.236877,Sentence,1,9.205156
12.468542,-6.5477023,Sentence,2,9.664729
12.286144,-8.313523,Sentence,1,9.516785
9.994114,-6.966061,Sentence,0,7.2696085
12.597502,-7.634619,Sentence,1,10.358858
12.884058,-7.5312567,Sentence,2,10.000952
11.461695,-8.754696,Sentence,1,9.089826
12.684374,-6.497832,Sentence,2,9.636194
11.358272,-6.838429,Sentence,2,10.25595
12.363556,-8.07494,Sentence,1,9.193349
10.481981,-6.9281983,Sentence,0,8.986724
10.748477,-4.8931227,Sentence,0,9.059673
12.575914,-7.684721,Sentence,1,9.658756
11.0749035,-8.571425,Sentence,2,9.672593
10.919956,-8.398531,Sentence,1,8.824817
11.844621,-7.796159,Sentence,1,7.9123816
10.508467,-8.670242,Sentence,1,8.960095
11.80663,-5.238478,Sentence,2,10.586757
10.274022,-8.336435,Sentence,1,9.054692
12.153842,-6.9202824,Sentence,0,7.247264
12.443524,-8.35446,Sentence,1,9.831959
11.887237,-6.38327,Sentence,0,7.6265388
11.793874,-8.210728,Sentence,1,9.673492
10.909199,-5.2746096,Sentence,0,6.799569
11.781252,-7.7793736,Sentence,2,10.34356
12.462157,-8.554087,Sentence,1,8.942373
12.142103,-6.8810215,Sentence,2,10.717988
11.145044,-5.7934875,Sentence,0,7.1928573
12.782698,-5.8801875,Sentence,0,8.309604
11.434216,-6.8555236,Sentence,1,10.235979
10.291396,-8.921464,Sentence,0,8.371494
12.146372,-7.706319,Sentence,1,8.487416
12.294005,-5.9069514,Sentence,0,8.23321
12.23761,-5.8321843,Sentence,0,9.388647
11.30752,-5.290476,Sentence,0,7.8956017
12.598781,-8.492921,Sentence,1,8.775862
11.138775,-5.889727,Sentence,0,8.329024
12.540827,-7.521334,Sentence,2,9.812333
14.311091,-5.19104,Sentence,0,7.903122
10.519393,-8.344892,Sentence,0,8.217342
10.003013,-5.2102056,Sentence,0,8.09716
12.030293,-5.876697,Sentence,0,8.173263
12.15482,-8.553509,Sentence,1,9.917794
9.531158,-8.187634,Sentence,0,8.395114
12.539982,-6.8215704,Sentence,2,10.698199
11.487252,-8.662582,Sentence,1,9.592696
10.634122,-8.294066,Sentence,1,9.586023
12.188345,-7.83953,Sentence,2,10.01673
12.140472,-7.6220255,Sentence,2,10.244655
12.969989,-6.172652,Sentence,2,9.716246
11.804634,-8.395416,Sentence,1,8.051509
11.093001,-5.5104337,Sentence,0,6.8226643
11.660352,-6.27489,Sentence,0,8.6751795
10.959731,-8.981873,Sentence,1,8.3111725
12.452505,-7.570755,Sentence,2,10.231217
12.479453,-7.8968625,Sentence,1,8.6762085
11.013403,-6.769257,Sentence,0,9.876231
11.490168,-5.2954917,Sentence,2,10.577708
12.564963,-8.028576,Sentence,1,9.405769
12.001179,-8.646853,Sentence,1,8.929365
11.734488,-5.9989624,Sentence,2,10.213561
12.632824,-6.8946247,Sentence,2,10.61911
11.538258,-8.621815,Sentence,1,9.000474
12.074115,-6.4024286,Sentence,0,8.079414
11.398878,-6.4549394,Sentence,0,7.4847684
12.431996,-8.163306,Sentence,1,9.751016
12.297459,-7.736397,Sentence,1,10.301807
11.436294,-8.430546,Sentence,1,9.907493
12.764871,-6.6638966,Sentence,2,10.188505
12.646981,-8.033114,Sentence,1,9.363911
10.980407,-7.9677815,Sentence,1,8.232581
11.167235,-7.981912,Sentence,1,7.65103
12.495512,-6.9155755,Sentence,2,10.040273
12.638269,-7.3583107,Sentence,2,10.539401
12.488082,-7.092789,Sentence,0,8.089699
11.881388,-5.74832,Sentence,2,9.510787
10.289614,-8.41267,Sentence,1,8.670713
11.857123,-5.262937,Sentence,2,8.251401
10.796241,-4.8750587,Sentence,0,6.8841524
11.099959,-4.925704,Sentence,0,7.003568
12.600664,-6.7416205,Sentence,2,10.675267
12.10106,-8.90771,Sentence,1,8.716605
10.905047,-8.35568,Sentence,1,9.451626
12.516648,-8.563201,Sentence,1,9.157481
12.654421,-7.419891,Sentence,2,9.795268
11.687336,-5.59968,Sentence,0,8.832237
9.930467,-8.645128,Sentence,0,8.441134
12.048521,-8.419928,Sentence,1,9.775572
12.271722,-8.090248,Sentence,2,10.154068
11.8628845,-8.033791,Sentence,1,9.582499
12.758007,-5.916403,Sentence,0,9.41367
13.009151,-6.941973,Sentence,2,9.7856655
12.065666,-8.384994,Sentence,1,8.640164
12.157614,-8.3556385,Sentence,1,8.105474
11.26042,-7.183235,Sentence,1,9.050133
12.769142,-7.2739086,Sentence,2,10.434397
12.7120495,-5.297253,Sentence,2,9.088953
11.302728,-8.625683,Sentence,1,8.435798
11.06162,-5.4781213,Sentence,0,6.94168
12.780597,-5.926501,Sentence,0,7.827871
12.610138,-7.6253433,Sentence,1,8.178893
11.739102,-6.6657734,Sentence,2,10.577783
12.160893,-5.040094,Sentence,2,7.983856
11.901244,-7.9819765,Sentence,1,10.335022
11.338893,-6.685987,Sentence,0,8.991848
10.443367,-8.747957,Sentence,1,8.425972
11.234913,-8.094272,Sentence,1,8.031977
10.427212,-8.60295,Sentence,1,8.908911
11.274233,-7.071111,Sentence,0,7.767648
11.1139,-8.630971,Sentence,1,9.531398
12.895342,-6.996662,Sentence,2,8.624644
12.269717,-5.1034265,Sentence,2,10.563065
12.719904,-5.645908,Sentence,2,9.979789
11.336785,-5.474367,Sentence,0,7.262423
13.074724,-5.0107074,Sentence,0,7.798024
12.850625,-6.9286537,Sentence,2,9.728493
12.223238,-8.370613,Sentence,1,9.804915
10.920665,-4.072122,Sentence,0,9.854137
12.814861,-6.928799,Sentence,2,9.871893
11.67239,-6.1662707,Sentence,0,6.924182
12.463927,-7.502631,Sentence,2,10.10419
12.249334,-7.805425,Sentence,1,9.3686905
13.104804,-7.5468497,Sentence,2,9.521026
15.030326,-3.1179988,Sentence,0,8.260542
12.215733,-6.680772,Sentence,0,7.9383965
13.28136,-6.5360694,Sentence,2,9.933981
11.750101,-8.02186,Sentence,1,9.803225
12.232999,-7.553427,Sentence,2,10.201885
12.306231,-6.6765394,Sentence,2,9.592814
12.355566,-7.803127,Sentence,1,8.970377
12.583497,-5.6551943,Sentence,2,10.136431
9.690346,-8.286125,Sentence,1,9.168794
12.78994,-6.846612,Sentence,0,8.31266
12.548095,-8.081883,Sentence,1,10.128681
12.24167,-6.897328,Sentence,2,9.684549
12.071171,-8.016314,Sentence,1,8.578073
11.62961,-6.797422,Sentence,0,8.339085
12.270853,-6.1039124,Sentence,2,9.210372
11.2466,-8.736177,Sentence,1,9.314339
12.202475,-8.379826,Sentence,1,8.951323
11.670758,-5.831206,Sentence,0,7.6490464
11.028739,-8.723229,Sentence,1,9.233736
10.737366,-7.7057734,Sentence,1,8.784206
11.437876,-7.494534,Sentence,1,9.992246
11.290994,-4.7948995,Sentence,1,10.735695
11.869398,-8.760445,Sentence,1,8.742081
11.141997,-8.805909,Sentence,1,8.79584
12.632668,-8.250079,Sentence,1,9.870341
12.122716,-8.140272,Sentence,2,9.710226
9.9355545,-8.506357,Sentence,0,8.609675
12.118418,-7.3524876,Sentence,1,8.169574
12.687609,-6.0756197,Sentence,0,9.19146
11.446301,-8.428976,Sentence,1,8.837358
12.464051,-8.195748,Sentence,1,9.519283
11.153516,-8.717433,Sentence,1,8.893505
9.8154125,-7.697929,Sentence,1,7.5869746
11.451573,-8.510215,Sentence,1,8.217626
12.097234,-8.148589,Sentence,1,8.1518955
11.030244,-5.3748493,Sentence,0,8.757196
10.230216,-9.017519,Sentence,0,8.273962
12.418204,-6.5063257,Sentence,1,7.967935
13.688678,-4.021849,Sentence,0,8.897664
12.226727,-8.58737,Sentence,1,8.799559
11.691791,-4.050824,Sentence,2,10.388282
14.548901,-3.7391887,Sentence,0,8.583672
11.417969,-4.188754,Sentence,2,10.535452
11.369484,-6.1012936,Sentence,0,8.323427
12.471514,-7.5265145,Sentence,0,8.224972
12.477029,-8.679998,Sentence,1,8.6395
12.279408,-7.6843896,Sentence,1,10.212799
11.984704,-8.70559,Sentence,1,9.511711
10.188717,-8.422931,Sentence,0,8.985228
11.638563,-6.6868114,Sentence,0,8.115257
12.104135,-8.734761,Sentence,1,8.79648
12.427384,-6.9303937,Sentence,2,10.138292
12.445097,-8.697259,Sentence,1,8.679522
10.49453,-6.1398635,Sentence,0,9.332034
12.241986,-5.3134003,Sentence,2,10.665255
10.572554,-8.833837,Sentence,0,8.094788
11.0739155,-8.640261,Sentence,1,9.37276
10.776724,-4.6698904,Sentence,0,6.876352
12.664485,-7.93433,Sentence,1,8.542735
12.454116,-7.7383513,Sentence,2,9.988166
12.291685,-6.3038216,Sentence,0,7.851618
11.048621,-6.0688543,Sentence,0,8.818692
13.111423,-6.7988935,Sentence,2,10.138831
12.247281,-4.428474,Sentence,0,9.216419
12.695539,-4.357219,Sentence,2,8.504984
11.587565,-8.367508,Sentence,1,8.883943
13.22548,-7.1220803,Sentence,2,9.468124
11.592796,-8.495839,Sentence,1,8.315999
9.555381,-7.6263947,Sentence,0,7.1849675
11.176914,-8.214871,Sentence,1,8.657094
12.07953,-5.745534,Sentence,2,10.113667
12.252517,-7.695853,Sentence,1,8.650694
11.693132,-4.650618,Sentence,0,9.460683
11.759612,-8.4779,Sentence,1,8.449687
12.37814,-8.225277,Sentence,1,9.774213
10.912428,-4.0276594,Sentence,0,7.026662
11.670241,-8.173809,Sentence,1,10.182826
10.74047,-2.8916707,Sentence,0,3.096249
11.048589,-5.9299893,Sentence,0,8.083682
12.565882,-6.0848594,Sentence,2,8.932662
12.451185,-7.6635113,Sentence,1,8.200492
12.021235,-7.4581504,Sentence,1,9.703808
10.869654,-3.8641417,Sentence,0,9.871005
10.263462,-5.5185513,Sentence,0,8.061402
12.018059,-7.9466076,Sentence,1,7.4761133
11.442624,-8.6881695,Sentence,1,8.563209
11.36436,-6.7172804,Sentence,0,8.334493
12.66127,-6.69902,Sentence,2,10.5288725
12.114996,-8.169009,Sentence,1,8.745477
10.61466,-5.741152,Sentence,0,7.772343
12.526781,-8.36858,Sentence,1,9.079796
13.861143,-4.27259,Sentence,0,8.86408
11.541011,-8.346835,Sentence,1,8.875333
15.0312395,-3.1151319,Sentence,0,8.261235
13.16059,-7.805193,Sentence,2,9.288967
11.452041,-6.590469,Sentence,0,8.234419
12.50026,-7.614853,Sentence,0,8.094677
12.138022,-7.8440547,Sentence,1,10.015882
12.222917,-4.848366,Sentence,0,8.344579
11.698768,-5.1259303,Sentence,0,8.494767
11.321223,-5.750113,Sentence,0,8.442127
10.839757,-8.493406,Sentence,1,9.58682
12.678067,-7.1027193,Sentence,2,10.4632845
11.06997,-8.230292,Sentence,1,8.227435
12.351923,-7.4521484,Sentence,1,7.4150906
11.084399,-8.23023,Sentence,1,9.409526
11.104644,-3.9622283,Sentence,2,10.227723
12.49727,-7.60975,Sentence,2,10.4727
10.046476,-5.0419526,Sentence,0,7.8947606
12.386234,-8.339927,Sentence,1,7.8426833
13.027137,-7.1126165,Sentence,2,9.801424
11.516156,-4.4380264,Sentence,2,10.93367
11.255988,-8.624223,Sentence,1,9.614381
11.883317,-7.285449,Sentence,0,7.2834496
12.49514,-5.5345025,Sentence,2,10.593197
11.680755,-8.634969,Sentence,1,9.67998
12.164391,-6.106388,Sentence,0,8.294911
10.55249,-3.9205186,Sentence,0,9.896926
12.65015,-6.575475,Sentence,2,10.796871
11.002328,-6.5778437,Sentence,0,8.544345
9.953785,-8.035533,Sentence,0,9.011395
12.090855,-4.856803,Sentence,0,7.730267
12.122755,-8.060254,Sentence,1,9.859541
11.065084,-8.162163,Sentence,1,9.500286
11.699333,-5.095054,Sentence,2,11.10234
11.96279,-5.561174,Sentence,0,8.088565
12.31424,-7.942161,Sentence,1,8.771852
10.628793,-8.7188225,Sentence,1,8.260681
11.289053,-8.221917,Sentence,1,9.80676
12.326388,-5.387447,Sentence,2,10.644112
10.734613,-5.460041,Sentence,0,7.428348
12.627964,-7.0065017,Sentence,2,10.354751
12.169669,-6.798959,Sentence,2,10.69956
13.236446,-6.269973,Sentence,2,9.6139765
11.116662,-8.455746,Sentence,1,8.981484
13.369319,-4.524596,Sentence,0,8.204501
11.548824,-7.316841,Sentence,1,8.830456
11.779898,-5.2815423,Sentence,2,10.644907
7.8206177,-3.9959424,Sentence,1,7.2751412
11.195898,-7.0093017,Sentence,1,8.2838
12.942972,-6.4688764,Sentence,1,10.7078905
12.25559,-8.36941,Sentence,1,7.7977033
12.011711,-6.685578,Sentence,0,8.665017
11.646205,-8.081613,Sentence,2,9.870376
12.40599,-6.547757,Sentence,2,10.284852
10.569945,-5.3300858,Sentence,2,8.431766
11.111142,-6.466403,Sentence,0,8.649829
12.129534,-5.5718646,Sentence,0,7.281873
11.949072,-7.1502075,Sentence,1,8.892593
11.303385,-3.9215896,Sentence,2,10.689888
12.581162,-6.8330216,Sentence,2,9.629317
11.72825,-8.035354,Sentence,1,9.68895
7.749923,-3.9185927,Sentence,0,7.229331
12.881569,-6.508454,Sentence,1,8.737465
11.7348175,-7.980536,Sentence,1,8.356172
12.21757,-6.0258355,Sentence,2,11.008803
11.221828,-4.6227984,Sentence,0,10.612925
10.8747835,-8.803562,Sentence,1,9.2296915
12.275498,-8.584885,Sentence,1,8.625051
10.258219,-5.6244144,Sentence,0,8.35129
12.129089,-7.358822,Sentence,2,9.864089
12.082758,-8.495323,Sentence,1,9.491533
11.332014,-5.35767,Sentence,2,10.695591
12.147071,-8.092376,Sentence,1,9.848408
13.056326,-6.8263183,Sentence,2,9.897691
12.166714,-8.565164,Sentence,1,9.843853
11.312949,-6.149622,Sentence,2,9.016772
10.307531,-5.367929,Sentence,0,7.5542727
12.663987,-7.3954954,Sentence,0,8.988739
13.611295,-4.2966685,Sentence,1,8.020614
11.914644,-8.818622,Sentence,1,8.60025
12.411917,-5.635172,Sentence,0,9.03061
10.730553,-2.8795915,Sentence,0,3.0841255
9.452756,-8.248329,Sentence,0,8.495804
12.074627,-8.211153,Sentence,1,10.092241
12.31807,-6.1094937,Sentence,0,8.244051
11.750782,-4.776697,Sentence,2,10.876096
12.395702,-8.527459,Sentence,1,9.874377
11.412526,-5.2459483,Sentence,2,10.411952
13.310704,-6.9314375,Sentence,2,9.74892
10.418658,-7.6414437,Sentence,1,8.604261
12.353035,-7.766743,Sentence,1,7.6710634
12.370943,-8.762065,Sentence,1,8.571156
11.934579,-8.403976,Sentence,1,8.849113
11.382602,-5.2911744,Sentence,0,8.8131485
13.233886,-4.6383915,Sentence,2,8.858675
12.785035,-6.8372245,Sentence,0,7.3620872
7.7485332,-3.9173834,Sentence,0,7.2283463
13.028112,-6.48897,Sentence,2,9.794836
12.59582,-5.7680154,Sentence,2,10.735272
13.186572,-6.6462846,Sentence,2,9.845662
12.399455,-6.8987446,Sentence,2,8.940549
11.957037,-6.380354,Sentence,0,7.721871
10.874952,-4.708127,Sentence,0,9.841841
10.78913,-7.6617093,Sentence,0,7.4869456
12.143399,-8.7452135,Sentence,1,8.802152
12.456954,-6.9548774,Sentence,0,8.38669
11.325972,-8.692817,Sentence,1,9.507623
12.127266,-8.093239,Sentence,1,9.271925
12.347476,-8.642916,Sentence,1,9.496573
12.416353,-6.621308,Sentence,2,10.89732
12.341216,-4.556641,Sentence,0,9.360769
10.8990965,-6.1661086,Sentence,0,8.306827
12.896407,-6.8660727,Sentence,0,7.341851
13.121422,-4.564135,Sentence,0,7.3739977
12.291847,-5.283042,Sentence,2,10.714271
12.504901,-8.514633,Sentence,1,8.867799
11.283427,-6.6200814,Sentence,0,7.4978275
12.706489,-6.86498,Sentence,1,8.110228
11.345943,-7.109889,Sentence,2,10.211217
12.414289,-8.208703,Sentence,1,7.78481
11.669615,-8.284611,Sentence,1,9.206185
11.696361,-6.8916245,Sentence,2,10.565663
11.126016,-8.117064,Sentence,1,9.3345585
12.462696,-6.7338023,Sentence,2,10.826363
12.128293,-7.5506735,Sentence,2,10.531068
12.152095,-7.7012396,Sentence,1,8.562428
10.342811,-5.06224,Sentence,0,7.782389
12.326237,-7.8740625,Sentence,1,7.8008523
12.849369,-5.3190517,Sentence,2,9.782758
12.392409,-7.404722,Sentence,1,7.453197
11.914693,-6.7965593,Sentence,2,9.347638
10.618249,-7.39356,Sentence,2,9.481943
14.351193,-5.191707,Sentence,1,7.891347
11.47754,-8.545562,Sentence,1,7.848133
11.101537,-6.3352127,Sentence,0,7.6290812
10.823118,-7.293215,Sentence,0,8.630828
12.521669,-7.9329185,Sentence,1,10.236439
13.5675535,-8.426506,Sentence,2,9.113273
11.170246,-8.18198,Sentence,2,9.416415
11.808205,-6.681995,Sentence,2,10.621492
10.691089,-4.8452706,Sentence,0,6.789675
12.166732,-7.7935596,Sentence,2,10.319253
12.324175,-8.357774,Sentence,1,7.8406215
11.212783,-4.7743077,Sentence,1,10.247415
12.562374,-7.672029,Sentence,0,8.1335
10.308316,-4.4297066,Sentence,0,10.023369
13.034363,-7.597576,Sentence,1,9.299649
12.670641,-6.8166866,Sentence,0,8.000421
12.212667,-8.163459,Sentence,1,9.831901
13.342594,-8.033453,Sentence,2,9.061348
12.532535,-8.449886,Sentence,1,9.743626
11.237986,-8.59122,Sentence,1,9.053241
12.382975,-7.9522843,Sentence,0,7.6580462
10.127442,-5.025651,Sentence,0,8.071976
12.190227,-8.46503,Sentence,1,9.675495
11.706172,-8.306349,Sentence,1,9.574018
11.841037,-8.776002,Sentence,1,9.116906
12.591227,-7.302266,Sentence,1,8.641427
10.929,-8.733062,Sentence,1,8.690134
11.984332,-6.364464,Sentence,0,7.314937
10.660386,-7.436497,Sentence,1,8.510421
11.573502,-6.5307975,Sentence,0,8.824502
11.871174,-6.8121343,Sentence,0,7.346624
13.213154,-8.205658,Sentence,2,9.004814
10.527578,-3.9059267,Sentence,0,9.890096
11.744649,-7.1146307,Sentence,2,10.510798
12.557121,-7.2193036,Sentence,0,7.647823
11.571511,-7.924352,Sentence,1,8.121803
12.540987,-7.306509,Sentence,2,10.339884
10.460907,-8.4067,Sentence,0,8.690905
11.715658,-5.230118,Sentence,2,10.5735
10.642524,-8.569561,Sentence,1,9.198574
10.525153,-3.9023325,Sentence,0,9.892948
13.269112,-7.287613,Sentence,1,9.414295
12.368629,-7.9577436,Sentence,2,7.7664146
10.579088,-8.379328,Sentence,1,8.986534
11.694356,-7.6822653,Sentence,1,9.112146
12.347769,-8.530441,Sentence,1,9.653582
12.22179,-6.350093,Sentence,0,7.677705
11.449711,-4.5060854,Sentence,0,10.877235
12.305492,-5.205387,Sentence,2,10.218055
12.028244,-8.07098,Sentence,2,9.643834
11.541908,-7.401715,Sentence,2,9.460165
12.026827,-8.841419,Sentence,1,9.257724
12.611941,-5.0533175,Sentence,0,7.931499
10.947744,-7.4561496,Sentence,1,8.915038
10.526906,-7.3181767,Sentence,0,9.478193
12.667166,-8.131274,Sentence,1,9.522976
11.568405,-4.768169,Sentence,0,7.2567334
11.73539,-5.40954,Sentence,2,10.476876
12.368809,-6.8577285,Sentence,2,10.1251
11.970998,-6.1956773,Sentence,2,10.392886
12.237099,-8.754499,Sentence,1,9.043938
12.466907,-7.55796,Sentence,2,10.392721
11.999032,-5.102668,Sentence,2,10.195617
12.676586,-7.454161,Sentence,2,10.129236
11.988359,-7.5848823,Sentence,2,9.529617
11.967868,-7.9190383,Sentence,1,8.468913
12.931967,-6.093293,Sentence,0,8.0343485
11.6165285,-8.149908,Sentence,0,7.5154533
11.837518,-5.809396,Sentence,2,9.095503
11.46358,-8.441267,Sentence,1,8.557797
13.195405,-6.6516147,Sentence,2,10.029442
11.329944,-8.649028,Sentence,1,8.1899395
12.239093,-8.236801,Sentence,1,8.288353
12.720459,-7.9090323,Sentence,1,9.048651
13.139596,-6.391294,Sentence,2,9.622909
11.922401,-8.516149,Sentence,1,8.971647
12.453209,-6.8981795,Sentence,2,10.814169
12.138745,-7.917173,Sentence,1,10.091781
11.929897,-7.3540463,Sentence,1,7.423402
11.117298,-6.2634997,Sentence,0,7.3209815
10.343057,-8.591982,Sentence,1,9.147948
13.743104,-4.1597385,Sentence,0,8.551186
12.256229,-5.372812,Sentence,2,10.221961
13.526916,-8.348591,Sentence,1,9.056832
10.896087,-8.591675,Sentence,1,8.692254
10.385397,-8.649008,Sentence,0,8.530279
9.914662,-8.676718,Sentence,0,9.015296
11.595794,-6.251148,Sentence,0,8.120935
11.025156,-8.789498,Sentence,1,8.377412
11.157,-5.749255,Sentence,0,7.4875746
11.880674,-8.282499,Sentence,1,9.429479
12.63059,-7.1911507,Sentence,2,10.170619
12.849391,-7.4998813,Sentence,2,9.969225
11.64332,-7.1284566,Sentence,0,8.092841
10.178924,-8.884945,Sentence,1,8.998125
12.408496,-6.906465,Sentence,1,6.892359
12.162873,-7.348705,Sentence,2,10.301298
10.246514,-4.2578964,Sentence,1,10.229925
10.201051,-6.904389,Sentence,0,8.084134
11.772693,-7.5698133,Sentence,1,9.531294
10.724378,-3.970047,Sentence,0,9.966236
12.160046,-6.965649,Sentence,0,7.955572
11.50121,-8.178686,Sentence,1,8.654288
10.08542,-5.040698,Sentence,0,7.82596
12.586258,-7.536309,Sentence,1,8.324315
9.992697,-7.859496,Sentence,1,8.745915
11.625871,-6.5907,Sentence,0,8.344636
13.365295,-6.3372207,Sentence,2,9.455025
10.299888,-4.6718974,Sentence,0,6.2303934
10.835653,-8.303226,Sentence,1,9.051085
10.5486765,-8.635024,Sentence,1,8.172425
11.974556,-8.7829275,Sentence,1,9.333388
13.26576,-4.968185,Sentence,2,8.856287
11.288913,-5.8001957,Sentence,0,7.4022756
12.377441,-8.840932,Sentence,1,8.803712
11.277581,-8.387378,Sentence,1,9.320867
12.391774,-8.401828,Sentence,1,8.591901
10.558367,-7.7576222,Sentence,1,8.291992
11.851374,-5.99793,Sentence,2,9.05235
11.993978,-7.462661,Sentence,1,7.483286
12.004619,-6.919769,Sentence,0,7.3920345
12.021914,-7.39486,Sentence,2,10.010105
10.38932,-7.737376,Sentence,1,8.669347
11.174456,-5.594911,Sentence,0,6.8106217
13.204682,-6.8055353,Sentence,2,9.739037
11.801688,-7.0074306,Sentence,2,10.487774
11.4618225,-8.560308,Sentence,1,8.879714
12.411233,-7.061668,Sentence,2,10.780698
11.147639,-8.688071,Sentence,1,8.972155
12.928555,-7.327453,Sentence,2,9.92651
12.631661,-7.1086807,Sentence,2,10.77136
11.874777,-8.064743,Sentence,1,10.027789
12.016105,-8.610688,Sentence,1,9.266382
12.5924015,-6.683036,Sentence,2,10.432599
11.73637,-5.728329,Sentence,0,8.065921
10.600851,-6.132922,Sentence,0,8.2308655
12.657409,-8.606659,Sentence,1,8.666731
11.238208,-7.354002,Sentence,0,9.522072
13.291955,-7.958802,Sentence,2,8.979404
11.858365,-8.600915,Sentence,1,9.055355
13.579158,-8.374575,Sentence,0,9.078969
9.893496,6.525941,Sentence,0,6.8830295
11.718764,-6.895141,Sentence,2,9.501503
12.725285,-6.514256,Sentence,2,9.518428
12.656412,-8.39401,Sentence,1,9.30727
11.438239,-6.4384303,Sentence,0,7.698684
12.888514,-7.358901,Sentence,1,9.127953
12.404272,-8.703102,Sentence,1,8.617117
11.7645035,-4.1099052,Sentence,2,10.356241
14.235507,-5.275789,Sentence,0,7.917726
11.591788,-5.341569,Sentence,0,7.754015
11.883936,-8.418451,Sentence,1,8.452014
11.946907,-8.475134,Sentence,1,9.40561
13.006559,-7.4861093,Sentence,2,9.382705
11.195456,-8.120797,Sentence,1,8.472348
12.14452,-8.79382,Sentence,1,8.444429
11.52107,-6.7974415,Sentence,1,8.326627
11.560188,-8.289205,Sentence,1,8.469723
10.894443,-7.6607885,Sentence,0,8.555734
12.294237,-7.441622,Sentence,1,9.209581
12.8024645,-6.8382254,Sentence,2,9.103763
12.071448,-8.754599,Sentence,1,7.9217143
12.407929,-6.402218,Sentence,2,9.528171
9.601261,-7.750667,Sentence,1,7.356993
10.103228,-7.100282,Sentence,0,9.147036
11.745093,-8.436629,Sentence,1,8.358214
12.217486,-5.5353823,Sentence,2,10.32633
12.458611,-7.7656283,Sentence,1,10.090149
12.303066,-7.925622,Sentence,2,9.796783
12.136169,-6.656497,Sentence,2,8.703193
13.049158,-6.344772,Sentence,2,9.154236
11.350135,-8.339531,Sentence,1,10.086616
12.634923,-7.158895,Sentence,0,7.732727
11.934169,-8.098553,Sentence,1,9.518682
11.713706,-6.177869,Sentence,2,10.595631
11.421989,-7.597933,Sentence,1,8.1592655
13.10993,-8.102478,Sentence,2,9.185822
9.712889,-8.1550255,Sentence,1,8.340706
11.730085,-8.278354,Sentence,1,8.439269
11.960589,-4.769695,Sentence,2,10.99361
12.110071,-8.083632,Sentence,1,9.131643
10.9795475,-5.744759,Sentence,2,10.150654
12.314941,-8.199491,Sentence,1,9.3001
12.5731535,-6.792229,Sentence,2,9.991233
11.173289,-8.082194,Sentence,1,8.138253
10.638846,-5.7920623,Sentence,0,8.122356
11.531588,-8.129476,Sentence,1,9.245523
12.114299,-6.9229307,Sentence,1,8.545543
10.830104,-3.847352,Sentence,0,9.889551
11.128682,-4.9080834,Sentence,0,8.04424
10.729896,-8.622524,Sentence,1,8.838288
11.374436,-8.591564,Sentence,2,9.695834
12.621849,-7.5854435,Sentence,2,10.293264
11.813471,-6.393857,Sentence,0,7.4039507
12.157536,-7.23614,Sentence,0,7.8060975
12.408335,-7.642762,Sentence,1,8.127253
12.084559,-7.743806,Sentence,1,9.908328
12.745993,-6.651955,Sentence,2,10.3034725
12.853783,-6.540185,Sentence,0,8.228331
11.849773,-6.370198,Sentence,0,7.5044265
12.01917,-8.51619,Sentence,1,9.56452
10.80926,-8.5014,Sentence,1,9.563694
12.127213,-7.484711,Sentence,2,10.283728
12.622042,-7.3770313,Sentence,2,9.515807
12.407962,-8.145464,Sentence,1,9.13496
11.585715,-8.627075,Sentence,1,9.013531
10.815357,-7.2895474,Sentence,1,9.504198
12.032547,-7.9775486,Sentence,1,9.762247
12.528102,-8.276914,Sentence,1,9.630914
10.402522,-6.132153,Sentence,0,8.978621
12.23012,-8.095612,Sentence,1,8.354689
12.503747,-8.296729,Sentence,1,8.39292
11.8798275,-8.691615,Sentence,1,8.535876
12.002339,-7.0206695,Sentence,2,9.655667
12.611059,-7.23107,Sentence,2,10.253833
11.881346,-7.028807,Sentence,0,8.403372
10.349296,-8.283655,Sentence,1,8.809782
10.767895,-8.5442095,Sentence,0,8.096332
12.266694,-5.3133154,Sentence,2,10.572681
12.423233,-8.636963,Sentence,1,9.466971
12.407102,-8.549527,Sentence,1,8.107563
13.49239,-4.45384,Sentence,2,8.389589
10.951904,-8.45066,Sentence,1,8.837652
12.231509,-8.572487,Sentence,1,9.242353
12.072735,-7.1489553,Sentence,0,7.36387
11.972487,-8.194946,Sentence,1,9.528486
12.4881,-6.059417,Sentence,2,10.927
11.331151,-8.321533,Sentence,1,8.618238
12.445146,-5.4824514,Sentence,2,9.100924
12.523106,-6.9349203,Sentence,2,10.711053
13.110414,-4.577896,Sentence,0,7.3657494
11.789884,-7.591758,Sentence,1,8.65332
12.361096,-6.252022,Sentence,2,8.234147
12.037543,-8.244994,Sentence,1,9.963194
8.151327,-7.8392673,Sentence,0,7.9220634
13.104097,-7.9999294,Sentence,2,9.265682
12.464208,-6.2859907,Sentence,0,8.768979
12.062014,-8.650916,Sentence,1,9.778966
12.539271,-8.708046,Sentence,1,8.683191
10.865824,-8.233588,Sentence,1,9.208289
11.610225,-8.198179,Sentence,1,8.555211
11.496117,-5.2165956,Sentence,2,10.542321
11.718532,-7.4334655,Sentence,1,9.6637745
12.722946,-7.8408365,Sentence,1,9.251249
11.604508,-7.562269,Sentence,1,7.4365444
11.915413,-8.332649,Sentence,1,8.284006
12.3858185,-8.130147,Sentence,1,10.121711
10.205706,-8.973518,Sentence,0,8.131003
12.317737,-8.734215,Sentence,1,8.575245
12.038468,-7.023742,Sentence,0,7.2948203
12.129252,-7.5299835,Sentence,2,9.516809
13.065197,-6.0509443,Sentence,2,10.551421
11.270315,-6.160905,Sentence,0,7.005013
13.6350765,-4.1728606,Sentence,2,8.304828
12.194839,-8.428442,Sentence,1,7.829723
10.751365,-8.902613,Sentence,1,8.961609
11.704245,-7.795396,Sentence,2,9.395123
10.613857,-4.927188,Sentence,0,6.6164865
12.515113,-8.587117,Sentence,1,8.404943
10.325433,-6.8936687,Sentence,0,8.97618
10.136475,-8.963618,Sentence,0,8.331989
12.697324,-7.968683,Sentence,1,9.913671
12.537359,-7.5011263,Sentence,1,9.680721
13.733076,-4.3736787,Sentence,0,7.9791946
12.186504,-8.632767,Sentence,1,9.584075
11.975955,-7.6822166,Sentence,1,9.969348
12.41868,-6.923591,Sentence,2,9.699084
12.326737,-8.383842,Sentence,1,8.618629
12.923942,-7.8100114,Sentence,0,8.389623
12.609193,-6.2335525,Sentence,2,7.5122824
10.982004,-8.962665,Sentence,2,9.228925
12.558654,-7.066238,Sentence,0,7.860308
12.567788,-7.2319145,Sentence,1,8.014596
12.876731,-8.539827,Sentence,1,8.865678
10.430324,-8.662298,Sentence,1,9.157716
12.201631,-7.0218015,Sentence,2,10.049583
11.285979,-7.8125677,Sentence,1,9.145074
11.108286,-6.945643,Sentence,2,9.540465
12.606646,-6.74301,Sentence,2,10.815875
10.332204,-5.147555,Sentence,0,8.165806
10.769361,-4.9972644,Sentence,0,7.0670943
12.853925,-7.0882006,Sentence,2,10.374712
12.668688,-6.0288677,Sentence,2,9.119618
12.464928,-7.0108194,Sentence,2,10.730262
11.174124,-4.5333886,Sentence,0,11.103492
10.189476,-7.7011933,Sentence,0,8.440766
12.628623,-7.9632335,Sentence,1,8.578719
14.556729,-3.506374,Sentence,0,8.307848
12.373928,-7.2387204,Sentence,0,7.4696765
12.186656,-7.266998,Sentence,2,9.692836
10.856893,-9.013387,Sentence,1,8.739488
12.800776,-6.7048974,Sentence,0,8.247602
12.677839,-5.9180756,Sentence,2,9.693685
12.460158,-6.9172215,Sentence,2,10.732459
12.279821,-8.118021,Sentence,1,9.2420225
12.177362,-6.818642,Sentence,0,7.9265676
13.224216,-6.713567,Sentence,2,9.982163
13.1533,-6.735336,Sentence,2,9.911607
11.048732,-8.593552,Sentence,1,8.28375
12.53452,-8.408215,Sentence,1,9.020228
12.183353,-7.634484,Sentence,0,7.908843
10.962372,-4.5119343,Sentence,0,7.1240635
13.028531,-7.7349377,Sentence,1,8.862436
12.565008,-8.508211,Sentence,1,9.34271
12.194194,-7.4586005,Sentence,1,9.375945
10.455338,-4.1995864,Sentence,0,9.525479
10.9974165,-8.615594,Sentence,1,9.311585
11.749114,-6.6089234,Sentence,2,10.158219
10.178175,-4.13634,Sentence,0,5.717219
11.726188,-8.387165,Sentence,1,8.690914
12.393159,-8.668094,Sentence,1,9.019462
11.662832,-8.83437,Sentence,1,9.338115
12.380868,-8.145915,Sentence,1,8.03999
12.573258,-7.464634,Sentence,1,8.376362
11.957788,-7.8175507,Sentence,1,10.106343
12.263927,-7.179929,Sentence,2,10.545462
12.786249,-8.061519,Sentence,1,8.851752
10.782012,-7.581684,Sentence,1,9.244912
14.074554,-3.9691784,Sentence,0,7.7902865
12.380264,-6.955873,Sentence,2,7.8273983
9.893801,6.52498,Sentence,0,6.8830476
12.609081,-6.194529,Sentence,0,7.0518374
10.882105,-7.4060917,Sentence,1,8.910158
13.322566,-8.321973,Sentence,2,9.0564575
11.954478,-6.6199527,Sentence,2,10.021133
12.426276,-5.3409305,Sentence,2,10.600745
11.853811,-6.9734206,Sentence,0,7.4707284
13.341626,-4.6753807,Sentence,2,8.027783
13.493307,-8.323896,Sentence,0,8.984056
12.741733,-8.263437,Sentence,1,8.966763
11.958495,-7.7090654,Sentence,2,9.299681
13.741499,-4.2255397,Sentence,0,7.9092383
12.438207,-7.2675796,Sentence,2,10.581319
12.499312,-8.697251,Sentence,1,8.755416
11.290544,-6.749729,Sentence,0,6.9557633
11.861491,-4.5891685,Sentence,2,10.46744
13.114265,-6.574393,Sentence,2,9.869446
12.114602,-8.010959,Sentence,1,8.053293
11.792317,-5.333159,Sentence,2,10.676919
13.286801,-6.96539,Sentence,2,9.8068695
13.167527,-7.842466,Sentence,2,8.91689
12.363151,-8.399973,Sentence,1,9.222768
12.033813,-6.628844,Sentence,2,10.815691
10.73038,-2.8794749,Sentence,0,3.0838857
10.970121,-8.682531,Sentence,1,8.456825
12.548678,-8.430321,Sentence,1,9.414258
10.814041,-5.0498433,Sentence,0,7.383949
12.55209,-6.9080553,Sentence,2,10.370533
10.770492,-8.592152,Sentence,1,8.803353
11.665316,-8.472372,Sentence,1,7.847283
12.59893,-8.335166,Sentence,1,9.072389
11.928013,-7.121398,Sentence,0,7.8301973
10.700593,-5.568278,Sentence,2,9.023309
11.930731,-6.463321,Sentence,0,8.187667
12.4169445,-5.7628813,Sentence,2,10.775683
12.918494,-7.914053,Sentence,1,9.006882
12.4941,-8.089242,Sentence,1,10.031758
11.990126,-7.632457,Sentence,1,9.028895
12.423073,-8.575369,Sentence,1,8.676444
12.529338,-7.9724164,Sentence,1,9.657719
11.357054,-7.6938834,Sentence,0,8.271021
10.519761,-8.850741,Sentence,0,8.144126
12.928701,-6.253837,Sentence,2,10.37666
11.805109,-8.547494,Sentence,1,8.857955
11.381356,-6.3200846,Sentence,0,7.280991
12.578974,-6.1996756,Sentence,2,9.03354
12.024678,-8.268727,Sentence,1,8.875157
10.461739,-8.262583,Sentence,1,9.143969
12.297418,-6.93781,Sentence,0,8.011155
12.376807,-8.431922,Sentence,1,8.695779
12.869494,-5.6090107,Sentence,0,10.497886
11.53709,-7.5564823,Sentence,1,9.499574
10.823165,-8.245179,Sentence,1,8.593731
12.666334,-8.000444,Sentence,1,8.587084
11.137352,-4.6236744,Sentence,0,8.036712
10.657344,-8.589701,Sentence,1,8.682357
12.618119,-6.0061545,Sentence,2,10.811084
11.868371,-8.335177,Sentence,1,9.692422
13.126256,-6.737563,Sentence,2,10.034365
11.348453,-7.0662756,Sentence,1,8.981502
12.133548,-7.381427,Sentence,1,8.648065
12.757355,-7.1717772,Sentence,1,8.613853
12.949587,-7.883352,Sentence,1,9.092509
11.285267,-6.769483,Sentence,2,10.207669
10.798212,-4.877156,Sentence,0,6.787341
12.321068,-5.1051893,Sentence,2,10.345877
12.679107,-7.6930733,Sentence,1,9.207707
10.587647,-5.7220335,Sentence,1,8.393508
11.967327,-4.7114797,Sentence,2,10.41462
10.483213,-7.0968366,Sentence,0,8.63996
12.301484,-8.515858,Sentence,1,8.469675
11.374482,-5.4123,Sentence,0,7.5538726
10.53411,-7.42821,Sentence,0,8.257956
11.371426,-7.8008547,Sentence,0,8.162583
11.539304,-5.9145484,Sentence,0,7.76125
12.465861,-5.7428503,Sentence,2,10.6954565
12.864564,-6.465363,Sentence,2,9.804828
12.254905,-7.4456043,Sentence,0,7.539213
10.817291,-8.532856,Sentence,1,9.6898775
12.267524,-8.1871395,Sentence,1,9.833936
11.811941,-8.075204,Sentence,2,10.419633
11.976109,-7.6084356,Sentence,0,7.500195
11.53391,-8.201108,Sentence,1,9.699437
12.602013,-5.4049087,Sentence,2,10.485239
12.489637,-8.462535,Sentence,1,9.576958
11.770322,-6.6588473,Sentence,2,9.84622
12.624567,-6.523227,Sentence,2,9.960926
11.8750515,-6.271224,Sentence,0,8.414431
12.674106,-8.341361,Sentence,1,8.817314
12.0581255,-7.411037,Sentence,2,10.084339
12.285801,-6.560055,Sentence,0,6.85379
12.329505,-7.4501166,Sentence,2,8.518153
12.499864,-6.822784,Sentence,2,9.731531
11.895813,-5.6771655,Sentence,2,9.826966
11.605815,-6.8053336,Sentence,2,9.869674
10.189653,-4.14503,Sentence,0,10.177274
11.833342,-6.8700705,Sentence,2,8.162066
12.37218,-7.0948734,Sentence,1,9.031327
10.688322,-3.9244976,Sentence,0,9.978871
12.191647,-6.4749384,Sentence,2,10.884207
11.067307,-8.169245,Sentence,1,9.796077
12.596877,-5.0779624,Sentence,0,7.548671
12.344762,-7.676196,Sentence,1,8.981224
13.580884,-8.406148,Sentence,2,9.100549
10.536792,-8.406884,Sentence,1,8.157078
11.900516,-7.634483,Sentence,2,9.858198
10.538636,-7.7938046,Sentence,0,8.949852
12.280478,-6.603183,Sentence,2,10.183295
12.552179,-6.375481,Sentence,2,10.836659
12.929476,-7.6597714,Sentence,1,9.590514
15.506846,-1.6690573,Sentence,0,10.261038
11.042081,-4.088103,Sentence,0,10.249737
12.686797,-8.556171,Sentence,1,9.311612
12.514187,-8.661129,Sentence,1,9.218698
11.851246,-8.028637,Sentence,1,7.5960155
12.132831,-8.783392,Sentence,1,9.281617
12.126347,-8.759506,Sentence,1,9.22638
10.6461115,-5.361801,Sentence,0,7.3210497
14.125561,-4.452311,Sentence,0,8.051945
11.316644,-6.628185,Sentence,2,10.46704
13.427548,-5.095086,Sentence,2,8.76296
12.259913,-8.418225,Sentence,1,8.308118
11.17272,-5.8561773,Sentence,0,8.066006
12.057167,-6.4415736,Sentence,0,7.8138943
11.018395,-8.622432,Sentence,1,9.241211
13.15925,-7.8824267,Sentence,0,8.655778
11.46814,-6.8301735,Sentence,0,7.4076777
12.486836,-7.8824515,Sentence,1,9.783522
11.704605,-6.9980063,Sentence,1,9.555351
11.398694,-8.193956,Sentence,1,8.691381
12.197232,-8.7369995,Sentence,1,8.664662
13.89448,-4.3150687,Sentence,2,8.583146
12.427035,-7.838049,Sentence,0,8.132096
12.059354,-8.297214,Sentence,1,9.534632
11.906324,-7.716968,Sentence,1,9.664652
12.619172,-8.546193,Sentence,1,9.039777
12.161124,-7.97766,Sentence,1,8.816974
12.18442,-8.4495735,Sentence,1,8.042825
12.373911,-6.6704984,Sentence,2,10.073745
12.419841,-8.148766,Sentence,1,8.934332
11.714104,-8.738855,Sentence,1,8.363732
12.133496,-8.802899,Sentence,1,9.406683
13.01275,-5.629361,Sentence,2,8.805144
12.815571,-7.6849084,Sentence,2,10.049265
12.0265045,-6.017677,Sentence,0,10.190579
12.382667,-7.3530984,Sentence,2,9.367574
11.351287,-7.4689846,Sentence,1,7.7177334
12.345108,-6.486276,Sentence,1,8.715453
12.56595,-8.508147,Sentence,1,9.563879
10.998164,-8.787259,Sentence,1,9.48964
12.466608,-7.5784616,Sentence,2,10.237927
10.17698,-5.9335594,Sentence,1,8.35993
12.152685,-5.6639175,Sentence,2,10.294705
13.466022,-8.453593,Sentence,1,9.033298
9.8933735,6.5266404,Sentence,0,6.8828826
11.4976425,-4.075261,Sentence,2,10.410068
10.971302,-4.4907255,Sentence,0,7.7379594
10.338145,-7.0183764,Sentence,0,8.723105
12.277695,-6.718894,Sentence,0,6.996338
12.693564,-7.238077,Sentence,2,10.494146
13.559504,-8.330629,Sentence,0,9.083204
10.7774315,-3.9541423,Sentence,0,10.01606
12.535085,-7.222166,Sentence,2,10.484284
12.963066,-6.8379383,Sentence,2,10.523747
12.189901,-7.5012026,Sentence,1,8.451861
12.3372135,-5.986303,Sentence,2,9.371513
12.265814,-7.6567473,Sentence,1,8.221689
12.406341,-8.669901,Sentence,1,8.919449
10.273164,-6.2452235,Sentence,0,7.252776
12.665286,-8.400159,Sentence,1,9.135536
11.280545,-6.144177,Sentence,0,7.5538306
12.2030735,-5.124082,Sentence,2,9.303967
11.7282915,-8.6439495,Sentence,1,9.089551
11.266587,-6.776056,Sentence,0,9.695354
13.45807,-5.132616,Sentence,2,8.797547
12.894579,-6.860189,Sentence,2,10.136167
10.253936,-5.7788095,Sentence,0,8.256648
12.391746,-6.6256332,Sentence,2,10.435136
10.778497,-8.923036,Sentence,1,9.18108
10.964559,-5.2251043,Sentence,0,6.950493
12.530925,-7.5356655,Sentence,2,9.994596
12.061783,-8.752213,Sentence,1,9.314928
12.955243,-6.984121,Sentence,1,8.684235
14.136874,-5.2910576,Sentence,0,7.937862
12.111641,-7.1254363,Sentence,0,7.3185377
12.134122,-8.109472,Sentence,2,10.117453
12.495401,-8.280234,Sentence,2,10.008801
12.247566,-7.444016,Sentence,1,8.182818
11.601689,-7.938058,Sentence,1,9.982448
11.390134,-6.5155196,Sentence,1,8.402583
12.852459,-7.533461,Sentence,2,9.377536
9.901432,-8.422207,Sentence,1,8.979039
12.289117,-8.492509,Sentence,1,8.155323
13.5591545,-3.281307,Sentence,2,8.619462
11.409717,-7.1313577,Sentence,1,10.335039
12.059721,-8.053218,Sentence,1,9.809649
11.418687,-6.2706523,Sentence,2,9.074062
11.854997,-6.619111,Sentence,2,10.408126
10.733768,-5.311444,Sentence,0,7.7025766
10.6219635,-8.886302,Sentence,0,8.1955185
10.938029,-8.654254,Sentence,1,9.242108
10.982582,-8.532201,Sentence,1,9.053418
11.646106,-8.043137,Sentence,1,8.507213
14.333835,-3.5851812,Sentence,0,8.514967
11.596399,-8.764036,Sentence,2,9.405704
11.772865,-8.494877,Sentence,1,9.621389
12.22453,-7.1995764,Sentence,2,10.131585
12.364698,-5.9992404,Sentence,2,10.924135
11.133495,-8.68416,Sentence,1,8.148586
12.166305,-7.6815686,Sentence,1,9.064264
12.386773,-7.7593336,Sentence,1,8.559697
11.989283,-8.171608,Sentence,1,9.122638
13.100401,-6.9216957,Sentence,2,10.000451
12.234127,-8.030193,Sentence,1,7.6303954
11.827035,-7.991984,Sentence,1,8.249219
10.795277,-3.9497945,Sentence,0,10.024439
11.23374,-8.597447,Sentence,1,8.221052
11.621897,-7.9494205,Sentence,1,8.386196
12.140348,-6.1799364,Sentence,2,9.792962
11.878355,-8.539241,Sentence,1,9.472926
13.094447,-6.2501826,Sentence,2,9.871233
12.6601305,-6.6303225,Sentence,2,9.577308
12.44598,-8.559436,Sentence,1,9.342144
12.109239,-8.10964,Sentence,1,9.842102
11.901736,-8.614936,Sentence,0,7.397475
12.170407,-7.75491,Sentence,1,10.296945
12.011122,-8.424178,Sentence,1,7.8850503
12.188646,-7.3894935,Sentence,1,7.8279767
13.564405,-8.36732,Sentence,2,9.082044
12.414091,-5.7319255,Sentence,1,8.2944975
12.331406,-8.181004,Sentence,1,7.7736626
10.310419,-4.618125,Sentence,0,6.12985
12.426755,-8.529046,Sentence,1,9.0977955
11.012138,-5.4620037,Sentence,0,7.256686
10.684467,-8.510201,Sentence,1,8.86028
10.705749,-8.1655035,Sentence,1,9.090826
12.587919,-7.617573,Sentence,1,10.000253
12.238655,-7.09319,Sentence,2,10.047086
12.775312,-7.582324,Sentence,1,9.406574
10.749755,-7.3286996,Sentence,0,8.610296
10.905608,-7.6461225,Sentence,1,7.5329585
11.008313,-6.197797,Sentence,2,8.459789
11.737619,-7.4684396,Sentence,1,8.595706
12.302924,-7.502635,Sentence,0,8.20289
10.539452,-8.555715,Sentence,0,8.371974
12.179581,-6.855216,Sentence,1,9.696438
11.286215,-8.889135,Sentence,1,9.14439
11.041152,-8.210405,Sentence,1,8.893854
12.633573,-6.6331325,Sentence,2,10.569355
11.311309,-6.425379,Sentence,0,8.006072
11.325983,-5.4372063,Sentence,2,10.677411
12.563226,-8.446447,Sentence,1,8.623914
10.241739,-8.344095,Sentence,1,9.293851
12.053308,-6.8073263,Sentence,0,7.3683324
10.764919,-6.843761,Sentence,0,8.748099
12.892046,-8.195553,Sentence,2,8.266167
12.196724,-7.3216467,Sentence,1,7.9610205
12.858739,-7.2464705,Sentence,0,8.620169
11.489572,-8.422068,Sentence,1,8.903586
13.58486,-8.411445,Sentence,0,9.103583
13.569698,-8.374498,Sentence,0,9.070889
11.777007,-4.7716146,Sentence,0,11.06709
12.305522,-7.850668,Sentence,1,9.470288
12.879058,-7.0161586,Sentence,2,9.896565
12.780601,-5.5226254,Sentence,0,7.984734
10.764688,-8.106793,Sentence,1,8.898519
13.7578535,-3.8903751,Sentence,0,8.878155
11.780768,-7.1161046,Sentence,0,8.047701
12.279643,-5.258943,Sentence,2,10.726734
13.817069,-4.021305,Sentence,0,8.459393
11.137421,-8.485597,Sentence,1,8.235379
10.1032295,-5.194277,Sentence,0,8.114563
10.580917,-8.705883,Sentence,1,8.510864
11.797372,-8.599596,Sentence,1,9.2227
12.585772,-6.936348,Sentence,2,10.775371
12.931413,-7.519107,Sentence,2,9.5699835
12.76822,-7.4854865,Sentence,2,10.067546
10.6725445,-8.703361,Sentence,1,9.086376
11.803041,-5.2696786,Sentence,2,10.669036
11.810337,-5.6036224,Sentence,2,10.446019
12.3322315,-6.8251314,Sentence,2,9.622737
11.865678,-6.955174,Sentence,2,10.447857
12.123784,-8.185802,Sentence,2,9.666851
12.738904,-7.431408,Sentence,2,10.300149
13.451455,-4.887202,Sentence,0,8.603682
11.878842,-8.419817,Sentence,1,8.194578
11.5677,-7.3247395,Sentence,0,7.313316
12.644026,-8.2251,Sentence,1,8.08436
11.477161,-8.258131,Sentence,1,8.904881
11.120334,-5.3429694,Sentence,0,8.107765
12.214544,-7.7361627,Sentence,1,7.8015275
11.951095,-5.6088004,Sentence,0,8.153611
12.533456,-7.6602435,Sentence,1,10.074624
11.8934555,-6.8896866,Sentence,2,10.039696
11.303977,-8.681949,Sentence,1,9.533416
12.715276,-7.6111016,Sentence,1,9.82812
13.656414,-4.326897,Sentence,0,8.051936
11.391037,-4.1759286,Sentence,2,10.575377
12.943274,-5.290702,Sentence,0,8.7179985
12.078187,-8.029016,Sentence,1,8.4208555
12.384651,-7.4151316,Sentence,2,10.714773
10.135529,-5.356898,Sentence,0,8.058208
13.593183,-8.401352,Sentence,0,9.085634
12.231294,-8.248252,Sentence,1,9.283977
11.603477,-8.522387,Sentence,1,8.724346
12.13961,-8.334745,Sentence,1,8.669005
12.119492,-8.3540125,Sentence,1,9.655005
12.454767,-7.307742,Sentence,1,7.606637
12.803353,-7.561548,Sentence,1,9.765843
13.174585,-6.641734,Sentence,2,9.789539
12.605935,-6.860224,Sentence,2,9.611759
11.696218,-8.381535,Sentence,1,8.180651
12.415919,-7.551243,Sentence,2,9.966154
12.364874,-8.564545,Sentence,1,9.672151
12.562907,-8.590733,Sentence,1,9.676248
12.332048,-7.141097,Sentence,2,10.539252
11.894325,-6.518118,Sentence,0,6.693022
10.110853,-5.4839897,Sentence,0,8.126312
12.261712,-8.602036,Sentence,1,8.551107
12.719643,-7.704211,Sentence,2,9.69417
12.405173,-6.2539377,Sentence,0,8.122885
12.571366,-7.2005806,Sentence,2,9.685421
11.980217,-8.434609,Sentence,1,8.395815
11.904553,-8.161755,Sentence,1,9.057873
10.813738,-8.5399,Sentence,1,9.371624
11.094664,-7.8445477,Sentence,1,9.113736
11.803834,-6.117414,Sentence,0,7.249915
12.189221,-6.936187,Sentence,1,7.6247544
11.554284,-8.03113,Sentence,1,9.444627
13.1535225,-4.592648,Sentence,0,7.679762
11.625015,-7.510024,Sentence,1,8.05017
11.939583,-6.810035,Sentence,0,7.2700524
12.636193,-8.305428,Sentence,1,8.249164
12.537,-7.6320186,Sentence,2,10.474394
12.157751,-6.5100174,Sentence,2,10.794329
10.219433,-4.111829,Sentence,0,10.164676
10.85506,-5.4566493,Sentence,0,7.165925
12.813728,-8.630475,Sentence,1,8.908061
11.756974,-8.072326,Sentence,1,9.979679
11.694111,-8.6440325,Sentence,1,9.113689
12.829553,-7.412252,Sentence,2,10.239787
12.090342,-8.115835,Sentence,2,9.061762
12.292864,-8.500319,Sentence,1,9.361829
12.220953,-8.730593,Sentence,1,8.891865
11.933873,-8.775548,Sentence,1,7.839558
10.793743,-5.012975,Sentence,0,6.9403286
12.324374,-7.765619,Sentence,2,8.678519
10.346766,-5.4085464,Sentence,0,8.119937
10.186324,-8.481286,Sentence,0,9.206178
12.383422,-5.5966883,Sentence,2,10.352366
11.574238,-6.4756694,Sentence,2,9.577093
12.895662,-7.7161546,Sentence,1,8.902824
11.052337,-5.505674,Sentence,0,6.8268824
10.722472,-8.029806,Sentence,1,9.334795
12.08759,-6.637214,Sentence,2,10.610602
12.447607,-8.488021,Sentence,1,9.04845
11.716115,-6.3363004,Sentence,0,8.181343
10.578792,-6.130834,Sentence,0,9.788314
10.597994,-5.1232324,Sentence,2,8.312143
11.449145,-8.505635,Sentence,1,8.700277
12.055168,-7.452249,Sentence,1,9.522397
11.021394,-7.9611387,Sentence,1,9.242759
11.293952,-8.584971,Sentence,1,9.737321
11.83024,-7.000119,Sentence,2,8.703053
12.522265,-8.006765,Sentence,1,9.193809
12.300601,-7.321713,Sentence,2,10.324643
12.16382,-7.4578,Sentence,2,10.171187
12.385664,-7.5682125,Sentence,1,9.270629
11.6641655,-8.296274,Sentence,1,9.012662
11.884968,-6.7677608,Sentence,1,8.124298
12.242515,-6.7841797,Sentence,2,8.750164
12.32816,-5.726455,Sentence,2,10.149332
12.420262,-6.3666897,Sentence,2,9.318417
10.222065,-5.2248993,Sentence,0,7.91792
11.112555,-4.643438,Sentence,0,7.0284953
10.957326,-5.37512,Sentence,0,8.023334
12.363382,-4.9375534,Sentence,2,10.250005
11.944594,-6.893989,Sentence,0,7.3811073
12.325957,-8.303624,Sentence,1,7.833227
12.358242,-6.3817353,Sentence,2,10.61283
12.042866,-8.546848,Sentence,1,8.354167
10.986509,-5.2580366,Sentence,0,8.448403
10.55974,-6.233155,Sentence,0,8.940533
10.385589,-7.9777,Sentence,0,9.362012
11.057916,-5.452477,Sentence,0,6.8246922
12.6318655,-7.7338247,Sentence,1,9.821806
10.877962,-8.737188,Sentence,1,9.245114
12.866137,-7.682122,Sentence,2,8.990813
12.140095,-7.272815,Sentence,2,10.379565
11.314392,-6.436148,Sentence,2,9.850536
12.746502,-5.9874005,Sentence,2,10.813781
11.299519,-8.44275,Sentence,1,8.147978
12.527124,-7.9332085,Sentence,1,8.549222
10.255897,-8.952437,Sentence,0,8.179901
10.935599,-8.760089,Sentence,1,9.26171
11.700669,-8.067389,Sentence,1,9.114344
12.648082,-6.27366,Sentence,2,8.312364
10.504005,-6.260094,Sentence,0,7.298867
10.259917,-5.1565156,Sentence,0,7.797675
11.890403,-5.901923,Sentence,0,7.0555353
12.561626,-8.241315,Sentence,1,9.6808815
11.717789,-6.6554685,Sentence,2,9.950351
11.889388,-8.934592,Sentence,1,9.173276
12.010239,-5.293666,Sentence,2,10.32831
12.773929,-6.3131256,Sentence,2,10.466769
11.622035,-4.974682,Sentence,2,10.63247
12.3500595,-8.529934,Sentence,1,9.49886
12.322888,-7.8367147,Sentence,1,7.974116
9.980699,-8.30723,Sentence,1,8.770282
11.703071,-7.654885,Sentence,2,9.914354
11.371172,-3.9938347,Sentence,0,10.670679
10.362201,-8.3546095,Sentence,1,9.254894
12.733794,-8.368075,Sentence,1,9.520396
11.96807,-8.293309,Sentence,1,9.496143
12.860138,-7.0389113,Sentence,2,10.162947
11.357185,-6.5620575,Sentence,0,9.211708
11.671017,-7.8495965,Sentence,1,8.770673
12.861081,-6.384492,Sentence,2,10.589773
10.611339,-8.916234,Sentence,0,8.672598
12.441897,-8.725497,Sentence,1,8.583624
12.195798,-5.9144626,Sentence,2,9.4114685
12.668841,-6.7892013,Sentence,1,8.464529
13.275381,-7.0253825,Sentence,2,9.7003145
12.620461,-7.1355133,Sentence,2,10.585839
11.741241,-6.645936,Sentence,0,7.401177
12.317033,-5.153121,Sentence,2,10.129351
13.103567,-8.160728,Sentence,1,9.027705
12.3596325,-8.757685,Sentence,1,8.775091
11.795669,-7.357603,Sentence,0,7.495109
12.085005,-7.1986628,Sentence,2,10.202912
11.817702,-8.515543,Sentence,1,8.560743
9.560405,-7.6995883,Sentence,0,7.257987
12.588084,-6.987205,Sentence,2,10.716308
12.145889,-6.5059543,Sentence,2,9.40032
12.677288,-6.396948,Sentence,2,10.5069685
10.031955,-7.906963,Sentence,1,8.021305
11.640276,-7.5231476,Sentence,2,10.197806
11.730001,-6.976796,Sentence,0,8.292039
12.149785,-6.027315,Sentence,2,10.29264
12.017322,-8.46604,Sentence,1,9.918684
12.650672,-6.8649373,Sentence,0,8.639083
12.894901,-6.8111653,Sentence,0,7.372938
11.676158,-4.0053425,Sentence,2,10.419729
12.216842,-7.6454067,Sentence,0,7.685414
10.240404,-7.676701,Sentence,0,8.122799
12.772076,-7.876035,Sentence,1,8.622217
11.460476,-8.60316,Sentence,1,8.391348
12.501865,-7.4053273,Sentence,2,10.421329
11.924603,-4.6759305,Sentence,2,10.958038
13.982051,-3.8773918,Sentence,0,7.564579
11.717756,-7.2530975,Sentence,1,7.72929
10.168714,-7.700169,Sentence,0,9.036119
10.440754,-5.548685,Sentence,0,7.8406534
12.770788,-6.1653733,Sentence,2,10.788009
12.552517,-6.7059016,Sentence,1,8.327345
12.026703,-8.563735,Sentence,1,9.356918
10.976278,-8.741879,Sentence,1,8.98396
12.537845,-8.499772,Sentence,1,8.9421425
11.718075,-8.790565,Sentence,1,7.816894
10.904296,-8.237388,Sentence,1,8.741621
11.588598,-6.5593257,Sentence,0,8.034468
12.649382,-8.216122,Sentence,1,9.54834
10.671045,-5.5772996,Sentence,0,7.984412
12.291085,-7.2237444,Sentence,1,7.877503
10.01926,-6.4377546,Sentence,2,9.895543
12.247553,-8.7545395,Sentence,1,9.080179
10.730254,-2.8793447,Sentence,0,3.0836082
11.568361,-6.0440865,Sentence,2,9.358129
12.800159,-6.992514,Sentence,2,9.874752
12.245739,-7.926562,Sentence,1,8.827481
10.758843,-4.9374065,Sentence,0,9.032187
12.352768,-8.671305,Sentence,1,8.435536
10.317449,-6.305043,Sentence,0,8.745266
11.500701,-7.340728,Sentence,2,9.597018
12.4137745,-7.230925,Sentence,1,7.3867693
11.86649,-7.311529,Sentence,2,9.734528
11.295669,-6.3483334,Sentence,2,10.05251
11.835682,-7.9879885,Sentence,1,9.997491
12.554854,-8.091604,Sentence,1,9.725436
11.300807,-8.654216,Sentence,1,9.30868
12.401089,-8.002815,Sentence,1,7.9176006
11.94923,-6.2054067,Sentence,0,7.350712
11.279987,-8.516691,Sentence,1,8.723155
10.9476595,-6.1517463,Sentence,2,9.562284
14.323145,-5.2002378,Sentence,0,7.899001
11.635866,-6.1336794,Sentence,2,9.343558
10.904567,-6.333729,Sentence,1,9.23474
12.712707,-7.952197,Sentence,1,8.454034
11.91195,-7.4939857,Sentence,2,10.280742
11.713706,-6.8800635,Sentence,2,10.588817
11.699112,-8.554512,Sentence,1,7.9857655
12.414104,-7.4131727,Sentence,2,10.346208
12.172446,-8.522082,Sentence,1,8.004639
11.999399,-8.578033,Sentence,1,9.50878
11.39754,-7.5905604,Sentence,1,8.767704
12.944876,-8.418993,Sentence,2,9.2521
12.294405,-8.595684,Sentence,1,9.537079
10.765879,-7.014973,Sentence,0,8.740408
10.155824,-5.492772,Sentence,0,8.100015
12.513833,-8.015464,Sentence,1,8.65535
10.938535,-7.0588026,Sentence,0,8.406333
12.830012,-6.4348474,Sentence,2,10.48991
12.291806,-7.409639,Sentence,0,7.619686
11.583736,-6.457185,Sentence,0,7.8120203
9.870412,-7.032365,Sentence,0,8.573276
12.558872,-7.1602488,Sentence,2,10.680017
12.64651,-8.037439,Sentence,1,9.110273
12.440648,-7.4247956,Sentence,2,10.343506
10.965419,-7.0780416,Sentence,0,7.1909876
12.306826,-8.356835,Sentence,1,8.498683
10.835944,-7.9101305,Sentence,1,7.497879
13.134841,-7.4928136,Sentence,2,9.188034
13.0109215,-5.3227644,Sentence,2,7.9585004
10.884661,-7.486186,Sentence,0,8.217272
7.7477555,-3.9167829,Sentence,0,7.2282386
11.080549,-7.9584765,Sentence,0,9.9894905
12.349028,-6.4272785,Sentence,0,8.283648
12.557999,-7.989382,Sentence,2,9.268377
12.635532,-5.9030843,Sentence,2,9.838699
12.672033,-5.5694003,Sentence,2,8.793314
13.534025,-8.371248,Sentence,2,9.077363
11.246531,-6.087896,Sentence,1,7.885818
11.772966,-6.276555,Sentence,0,8.829555
12.17628,-7.8146386,Sentence,2,10.257046
12.351104,-7.962261,Sentence,1,10.193881
12.730149,-7.5944004,Sentence,2,10.09111
12.352355,-7.195514,Sentence,2,9.6624365
12.466476,-7.056235,Sentence,2,10.732994
9.882286,-7.5810447,Sentence,0,7.396912
12.032406,-7.680531,Sentence,1,7.6525583
11.660521,-8.179676,Sentence,1,9.85275
10.887452,-8.561325,Sentence,1,9.688181
11.557814,-5.266667,Sentence,0,7.671697
11.081568,-5.9982295,Sentence,0,7.694671
11.105779,-6.6835265,Sentence,2,9.216174
12.871915,-5.0958447,Sentence,0,7.361776
11.055112,-8.762969,Sentence,1,9.201273
11.621821,-4.5215745,Sentence,2,10.7989855
12.267485,-7.4392366,Sentence,1,8.02283
12.280789,-8.390667,Sentence,1,8.82066
12.335533,-8.458039,Sentence,1,8.818203
12.344475,-7.9698787,Sentence,1,10.334045
13.261784,-7.07409,Sentence,2,9.410594
13.2729225,-6.6744046,Sentence,2,9.917089
11.234327,-8.795165,Sentence,1,9.402369
11.791333,-7.36269,Sentence,2,9.365126
11.812087,-8.365407,Sentence,1,9.826382
12.857938,-6.4892917,Sentence,2,10.315914
10.174139,-5.1404724,Sentence,0,7.9195347
9.889627,-7.7093296,Sentence,0,7.525047
11.893765,-8.854487,Sentence,1,9.135229
10.930352,-8.68787,Sentence,1,9.147574
13.064818,-6.2672563,Sentence,1,8.791259
12.021058,-7.97085,Sentence,1,9.493252
11.884612,-7.3259625,Sentence,0,7.534408
13.059257,-7.1071987,Sentence,2,9.798492
11.78026,-5.3709435,Sentence,0,8.87748
10.456801,-8.0683,Sentence,0,8.787881
12.430854,-6.6729937,Sentence,2,10.124719
12.160558,-7.714246,Sentence,2,10.055899
10.917513,-5.8223896,Sentence,0,8.197347
11.4790125,-7.8830814,Sentence,1,9.254848
11.0213375,-4.6278534,Sentence,0,7.0255747
11.692819,-8.079403,Sentence,1,9.48876
10.395662,-8.303278,Sentence,1,8.484668
10.510272,-8.807622,Sentence,0,8.170656
11.969805,-6.817055,Sentence,2,10.132163
11.537417,-6.125527,Sentence,0,8.66221
11.356488,-8.395276,Sentence,1,10.046024
11.660246,-8.944899,Sentence,1,9.012388
14.207886,-5.2135096,Sentence,0,7.815804
11.237393,-8.988829,Sentence,1,8.931923
10.534668,-5.0228043,Sentence,0,7.911535
12.614613,-8.23386,Sentence,1,8.93719
12.870368,-6.7420135,Sentence,2,9.962637
13.563262,-3.3254993,Sentence,0,8.598614
10.33821,-5.807015,Sentence,0,8.359935
12.355273,-7.193406,Sentence,2,10.981761
12.071774,-8.457948,Sentence,1,8.876843
11.04925,-5.180073,Sentence,0,7.0535827
13.454093,-8.397,Sentence,2,9.144972
10.830437,-5.857739,Sentence,0,8.85992
12.120223,-8.221526,Sentence,1,8.294459
11.451746,-5.9447517,Sentence,2,9.466569
10.827564,-5.6409073,Sentence,0,7.5372343
14.543768,-3.7430737,Sentence,0,8.584837
10.71287,-8.900195,Sentence,1,8.807057
11.533674,-8.617249,Sentence,1,8.026037
10.36114,-8.291256,Sentence,1,9.29462
12.747434,-7.2152495,Sentence,2,9.255731
11.748788,-8.350394,Sentence,1,9.315987
12.06447,-7.9013963,Sentence,2,10.380512
12.062916,-6.8433347,Sentence,2,10.65287
12.468611,-6.8707314,Sentence,2,9.806481
12.534352,-6.9563465,Sentence,1,8.356616
10.447333,-5.9812407,Sentence,0,7.1751823
11.774093,-8.742265,Sentence,1,8.524763
12.7431755,-8.197065,Sentence,1,9.264528
12.05161,-7.678951,Sentence,2,10.133148
10.938671,-8.345839,Sentence,1,8.662461
12.053624,-8.294559,Sentence,1,8.795482
11.409717,-4.326536,Sentence,0,10.980845
12.578124,-7.9569044,Sentence,2,9.907731
12.200867,-5.033818,Sentence,2,10.373161
11.099701,-7.470394,Sentence,0,8.881209
12.333494,-7.6286545,Sentence,0,8.0175905
12.73698,-6.995754,Sentence,2,9.844439
10.103738,-5.024183,Sentence,0,7.831518
12.038848,-7.761428,Sentence,1,8.930663
12.282005,-7.193129,Sentence,2,10.3224125
11.712388,-5.359395,Sentence,0,9.233096
10.611373,-8.940116,Sentence,1,8.23637
12.758156,-8.000385,Sentence,2,9.962753
12.733253,-8.055897,Sentence,1,8.447562
11.603242,-7.67862,Sentence,2,9.590217
10.774966,-4.880779,Sentence,0,6.9433403
10.309438,-6.80287,Sentence,0,8.170773
12.376771,-5.8851047,Sentence,2,10.935746
9.731422,-8.138764,Sentence,1,8.35149
11.996302,-8.815228,Sentence,1,9.2538595
12.200324,-8.647503,Sentence,1,8.913783
10.747257,-5.7289686,Sentence,0,8.054243
12.595568,-8.755818,Sentence,1,8.648966
12.590766,-8.319259,Sentence,1,9.206673
11.461367,-8.777815,Sentence,1,9.065783
10.438399,-7.226306,Sentence,0,8.667568
12.760196,-5.81878,Sentence,2,9.219743
12.504757,-8.10799,Sentence,1,8.634647
12.500182,-7.928219,Sentence,2,10.229128
11.457461,-6.720994,Sentence,2,10.3875065
12.505358,-6.6311398,Sentence,2,10.58343
10.384659,-8.789055,Sentence,0,8.308706
10.688022,-7.7565417,Sentence,0,7.8199024
13.003834,-7.4325414,Sentence,2,9.322335
11.644846,-6.0832076,Sentence,2,10.288612
11.580685,-5.889854,Sentence,0,6.812957
12.92931,-6.0338078,Sentence,2,10.442275
12.310152,-5.8847866,Sentence,2,11.07834
12.592643,-7.1127152,Sentence,2,10.50945
10.924473,-8.721559,Sentence,1,8.397776
12.484988,-5.536587,Sentence,2,8.801
9.964872,-4.7129216,Sentence,0,6.3244596
11.8808365,-5.442838,Sentence,0,8.493136
12.390687,-7.260832,Sentence,1,7.9919076
10.1490965,-4.093362,Sentence,0,10.135861
11.711933,-8.767271,Sentence,1,8.723908
11.712598,-6.7446494,Sentence,2,10.417369
11.685031,-8.255803,Sentence,1,9.857193
10.749981,-4.7705,Sentence,0,6.7377825
12.333007,-5.381328,Sentence,2,10.370726
10.741866,-5.0611296,Sentence,0,7.798577
10.672601,-7.6752563,Sentence,0,7.4783216
11.756559,-4.123279,Sentence,2,10.345319
10.839082,-4.9536324,Sentence,0,6.919873
11.971162,-8.666849,Sentence,1,9.061627
11.578888,-6.967968,Sentence,0,7.7668104
12.552291,-7.787527,Sentence,2,10.363335
10.562855,-6.160295,Sentence,0,9.733017
11.401131,-4.9059024,Sentence,0,8.939254
12.5875635,-6.5204306,Sentence,2,9.56337
11.760617,-7.769602,Sentence,1,8.290674
11.302623,-4.4268494,Sentence,0,10.981041
12.679601,-7.1601305,Sentence,2,10.626628
13.660202,-4.125821,Sentence,0,7.6950917
13.201942,-6.5713043,Sentence,2,9.892421
12.123909,-5.85079,Sentence,0,7.9810867
12.360914,-7.1431704,Sentence,2,8.340307
7.7470427,-3.9162931,Sentence,0,7.2281513
12.224125,-7.390129,Sentence,2,9.98779
12.320338,-8.379188,Sentence,1,9.892942
12.229749,-8.259307,Sentence,1,8.724434
10.691424,-3.9063973,Sentence,0,9.969251
13.105153,-6.7678576,Sentence,2,10.222183
11.09342,-8.668667,Sentence,1,8.721039
9.725977,-8.182628,Sentence,1,8.321546
10.296478,-5.081081,Sentence,0,7.7307158
12.147643,-8.860822,Sentence,1,8.761438
12.653857,-7.4459515,Sentence,0,8.301887
10.840148,-8.490632,Sentence,1,9.694114
10.345557,-6.106801,Sentence,0,8.299851
10.61919,-8.268258,Sentence,1,8.137021
9.664102,-7.54887,Sentence,2,7.268676
11.026661,-8.755133,Sentence,1,8.303652
11.688794,-5.811299,Sentence,2,9.481178
11.480841,-6.8602257,Sentence,0,7.1775465
12.009641,-8.424293,Sentence,1,9.824061
12.00387,-7.3820887,Sentence,0,7.588495
12.349004,-7.09641,Sentence,0,7.9574037
13.516109,-8.345128,Sentence,0,9.036216
12.249739,-8.412351,Sentence,1,8.418445
9.684519,-8.340147,Sentence,0,9.192634
12.947435,-7.9044228,Sentence,0,8.420559
12.463012,-8.250133,Sentence,2,9.977679
12.526914,-5.9168806,Sentence,2,10.839006
12.700498,-6.8052483,Sentence,2,9.32189
10.955098,-7.542648,Sentence,2,9.167606
12.427853,-6.87377,Sentence,2,10.745017
12.081829,-8.381223,Sentence,2,10.040491
12.667312,-5.960341,Sentence,2,10.777111
12.662854,-8.008482,Sentence,1,9.850793
12.5595665,-6.725347,Sentence,2,10.567579
12.636213,-6.7302256,Sentence,2,10.766703
12.095706,-8.673242,Sentence,1,9.001013
12.652558,-8.294128,Sentence,1,9.86995
11.273068,-6.9170203,Sentence,2,10.2323065
12.328797,-6.5886674,Sentence,2,10.850228
10.747774,-7.625144,Sentence,0,7.4232125
10.062891,-5.0594664,Sentence,0,7.893227
12.681923,-7.4741373,Sentence,2,10.210478
12.582985,-6.510569,Sentence,2,10.769432
12.1551,-7.9741874,Sentence,1,7.856315
12.938289,-7.09018,Sentence,2,10.087744
12.507374,-5.6279407,Sentence,2,8.9841385
10.242283,-8.393595,Sentence,1,8.748649
10.483945,-8.754043,Sentence,1,9.314277
10.925147,-8.883242,Sentence,1,8.45496
12.685271,-6.1694245,Sentence,0,8.75436
11.936192,-7.9736485,Sentence,2,10.332288
12.185073,-7.731735,Sentence,2,10.210151
12.731027,-6.349789,Sentence,0,8.631954
12.086598,-8.514457,Sentence,1,9.427609
13.239017,-6.5660114,Sentence,2,9.878464
12.8877125,-8.402705,Sentence,1,9.053542
10.7541,-7.528865,Sentence,0,8.208651
12.195812,-8.039369,Sentence,1,8.86637
10.298947,-8.378005,Sentence,0,8.743408
10.805394,-4.3367124,Sentence,0,9.520485
12.404263,-7.8623433,Sentence,1,9.059898
10.275343,-6.086358,Sentence,0,8.423317
12.7029295,-7.308957,Sentence,2,9.202394
11.809652,-5.843007,Sentence,0,7.0897713
12.730916,-7.5160427,Sentence,1,9.374392
12.3934555,-6.4863243,Sentence,2,9.940512
11.985659,-8.2121935,Sentence,1,9.711351
11.823905,-7.470363,Sentence,2,9.895493
11.832066,-6.672549,Sentence,0,7.3425736
12.332009,-7.756998,Sentence,1,8.391683
10.147568,-5.8276215,Sentence,0,9.116496
12.658413,-8.201352,Sentence,1,8.202749
12.660017,-5.467838,Sentence,2,9.156555
10.76679,-4.9527903,Sentence,0,7.1680903
11.640765,-3.9990997,Sentence,2,10.422638
12.345051,-7.7204866,Sentence,1,10.187336
12.310232,-8.372327,Sentence,1,9.830056
11.004766,-7.8605294,Sentence,0,7.404519
11.556457,-4.978054,Sentence,0,7.5428524
12.760252,-6.749984,Sentence,2,9.846355
12.54152,-6.840602,Sentence,2,10.191131
12.454166,-7.538977,Sentence,1,8.567094
13.858828,-3.964421,Sentence,2,8.420735
11.643978,-7.0495987,Sentence,0,7.346478
10.921982,-6.065553,Sentence,0,8.184248
12.256441,-7.887785,Sentence,1,9.985049
12.164887,-5.3239775,Sentence,2,10.492676
12.350117,-7.967933,Sentence,2,10.402013
11.797885,-7.182582,Sentence,1,8.884543
12.53423,-8.026435,Sentence,1,8.712145
11.715632,-6.20585,Sentence,0,7.7478557
12.171953,-6.561448,Sentence,2,10.947868
12.056443,-5.192544,Sentence,2,9.794605
11.597232,-5.415256,Sentence,0,7.843009
12.779945,-6.4055147,Sentence,2,8.752231
12.10949,-6.7412753,Sentence,0,7.5630665
11.585744,-7.6987705,Sentence,2,9.709352
12.046036,-6.1173244,Sentence,2,10.448261
12.104338,-8.454744,Sentence,1,8.085781
12.656322,-5.8515315,Sentence,2,9.558649
12.138679,-7.002574,Sentence,2,10.020414
10.122943,-8.2009,Sentence,0,8.643591
12.540821,-8.436268,Sentence,1,9.307196
12.21218,-8.597416,Sentence,1,8.782194
10.776703,-7.907313,Sentence,0,8.679794
13.021845,-7.4982057,Sentence,1,9.392874
12.040649,-8.355377,Sentence,1,8.205783
13.13614,-6.945713,Sentence,2,9.564025
10.332311,-4.6403494,Sentence,0,6.1534905
11.091099,-8.77093,Sentence,1,9.129474
11.568361,-6.6805663,Sentence,0,8.4729395
11.676318,-6.5638485,Sentence,2,8.84125
13.855118,-4.2637906,Sentence,0,8.850977
11.628983,-8.4122,Sentence,1,9.28273
12.53578,-8.267857,Sentence,0,8.012672
11.995596,-8.15802,Sentence,1,10.134799
12.431663,-8.573547,Sentence,1,9.685837
10.366716,-5.7428436,Sentence,0,8.324209
12.283388,-5.3908873,Sentence,2,10.507982
13.194086,-6.2129354,Sentence,2,9.709361
11.041374,-8.405221,Sentence,1,9.6483755
11.093019,-7.9036536,Sentence,1,8.961752
10.839526,-6.69717,Sentence,0,9.396489
11.28274,-4.7949257,Sentence,0,7.635412
12.434198,-6.955493,Sentence,1,8.096054
12.256984,-7.355237,Sentence,1,7.992564
12.97908,-6.5051465,Sentence,2,10.447941
10.769653,-8.350439,Sentence,1,9.453665
13.040749,-5.2033,Sentence,2,8.513699
12.514421,-7.5985446,Sentence,1,9.311988
12.614983,-6.6766315,Sentence,2,10.798777
13.078427,-5.8854113,Sentence,0,8.056982
10.389706,-8.482767,Sentence,1,9.515457
12.927562,-6.843874,Sentence,2,9.88777
11.56432,-8.52067,Sentence,1,9.730854
11.121993,-8.191886,Sentence,1,9.783583
11.680807,-7.749493,Sentence,1,9.148485
10.580001,-6.894564,Sentence,0,8.803674
11.766243,-5.037032,Sentence,2,10.669706
11.883909,-7.569809,Sentence,1,8.430486
12.911061,-6.352183,Sentence,0,8.061718
11.256204,-8.153722,Sentence,1,8.533315
11.635343,-7.090104,Sentence,1,9.173559
10.701035,-6.334998,Sentence,0,9.45388
11.997962,-8.679969,Sentence,1,9.051406
12.394092,-6.6205015,Sentence,2,8.9391775
10.789939,-5.370857,Sentence,0,7.0966988
10.893981,-5.686962,Sentence,2,10.099454
10.212471,-4.1115575,Sentence,0,10.165186
11.763137,-8.616315,Sentence,1,9.156712
13.977535,-3.877463,Sentence,0,7.5601044
10.518895,-5.0907226,Sentence,0,7.7896776
12.557574,-6.860911,Sentence,2,10.759324
10.902015,-5.238468,Sentence,0,6.8308916
11.53209,-8.893937,Sentence,1,7.5722327
11.580782,-8.270841,Sentence,0,7.5707345
12.905945,-7.745816,Sentence,1,9.047803
12.074596,-5.449746,Sentence,0,8.669567
11.249297,-6.527513,Sentence,2,9.9742155
11.631877,-7.8392334,Sentence,2,9.849533
12.587419,-6.1419945,Sentence,2,9.548833
10.957535,-6.1375675,Sentence,2,9.62099
12.5977545,-8.46451,Sentence,1,9.028081
12.627264,-5.804972,Sentence,1,7.226116
11.915296,-6.3062763,Sentence,2,10.817008
11.620272,-6.5549493,Sentence,0,7.7877564
12.150427,-8.331925,Sentence,1,10.046934
11.703617,-7.6086745,Sentence,1,8.443735
12.223354,-7.4913273,Sentence,1,7.493931
12.419481,-6.7249985,Sentence,0,6.7868195
13.858054,-4.014433,Sentence,0,8.27088
11.472615,-7.035147,Sentence,1,10.258874
12.39293,-7.9745874,Sentence,1,10.212952
9.575002,-7.316152,Sentence,0,7.0650964
12.01439,-8.509519,Sentence,1,8.901209
10.225954,-8.243747,Sentence,0,9.534928
12.816488,-7.914166,Sentence,1,9.358131
12.551785,-7.250345,Sentence,1,10.224339
12.475229,-6.405243,Sentence,2,8.2560425
12.363531,-8.295121,Sentence,1,9.7442255
11.216576,-8.313292,Sentence,1,9.81371
13.117287,-7.262435,Sentence,2,9.136181
12.332301,-7.8145647,Sentence,2,9.68626
12.562941,-8.169722,Sentence,1,8.930239
12.310924,-6.4939694,Sentence,2,10.567246
12.079553,-6.3170547,Sentence,2,8.656823
11.57818,-5.2657332,Sentence,0,7.663684
12.46372,-6.0562897,Sentence,2,10.932218
11.495864,-8.127523,Sentence,2,9.779852
12.593514,-8.614757,Sentence,1,9.063569
11.495286,-7.890058,Sentence,1,9.86557
12.68482,-7.485673,Sentence,1,9.613318
13.984816,-3.8733385,Sentence,0,7.558859
13.105498,-6.4946756,Sentence,2,10.148429
10.642564,-6.383437,Sentence,0,9.03827
13.191024,-5.2208877,Sentence,2,8.810244
11.1818905,-4.537996,Sentence,0,11.176429
10.917374,-8.564998,Sentence,1,9.072557
12.605161,-7.3219633,Sentence,2,9.848129
11.066648,-8.54259,Sentence,1,8.840733
10.221243,-4.9945126,Sentence,0,7.8025856
9.686201,-8.341348,Sentence,1,8.735133
12.302405,-7.5729585,Sentence,2,10.304359
12.125465,-7.8098817,Sentence,1,10.118559
12.886921,-7.8826585,Sentence,2,9.953066
12.055707,-7.5525885,Sentence,2,9.961426
12.201469,-7.0950327,Sentence,2,10.523274
13.022871,-6.466198,Sentence,2,10.497101
11.929096,-7.398758,Sentence,1,9.155827
9.783771,-8.114841,Sentence,1,8.369903
11.972607,-8.936234,Sentence,1,9.363825
12.1987705,-8.009935,Sentence,0,7.592572
12.364201,-8.4945135,Sentence,1,9.778892
11.768473,-4.9522796,Sentence,2,11.082968
10.336127,-8.664203,Sentence,1,9.191249
13.315739,-6.326602,Sentence,2,9.461362
11.651298,-7.7095494,Sentence,1,9.295523
11.330359,-8.182695,Sentence,1,10.080673
11.836713,-6.5791736,Sentence,2,10.673232
13.041493,-6.757856,Sentence,2,10.00367
12.371853,-8.668588,Sentence,1,8.842154
10.794848,-8.299243,Sentence,1,9.325483
15.032735,-3.1150239,Sentence,0,8.257967
12.509993,-6.5231347,Sentence,2,10.032567
13.420472,-8.153122,Sentence,2,9.0097275
10.800913,-7.6704144,Sentence,0,7.3359838
12.831264,-7.247886,Sentence,2,10.287257
12.361891,-5.4012785,Sentence,2,10.384878
10.467666,-4.733749,Sentence,0,7.719003
12.3882675,-6.686728,Sentence,0,6.7307067
11.252695,-8.33472,Sentence,1,8.856633
12.474395,-8.701805,Sentence,1,8.737499
12.678631,-7.4345245,Sentence,2,10.422869
10.924813,-4.9553766,Sentence,0,7.7517705
11.185391,-5.957888,Sentence,2,9.034463
12.004322,-8.626602,Sentence,1,9.104889
12.44912,-8.299292,Sentence,1,7.834041
11.304472,-5.9627075,Sentence,0,6.8982263
12.245446,-7.3000555,Sentence,1,7.6828
11.2069025,-8.765888,Sentence,1,8.826505
11.993851,-6.7010264,Sentence,2,10.7456255
12.296638,-8.42377,Sentence,1,9.745376
12.418363,-7.89696,Sentence,1,10.060506
12.659679,-6.017578,Sentence,2,9.367765
11.82729,-8.706561,Sentence,1,8.6276455
12.46399,-7.666388,Sentence,2,10.388125
11.783953,-5.875094,Sentence,2,9.020982
12.204416,-5.7113914,Sentence,0,8.507309
11.266651,-8.588438,Sentence,1,9.596456
11.332369,-4.164922,Sentence,2,10.52268
13.190629,-6.543387,Sentence,2,10.01
11.785918,-7.3924737,Sentence,0,8.229534
10.869785,-6.2452826,Sentence,0,9.898299
11.49762,-7.1575117,Sentence,0,6.772347
12.872999,-6.2405972,Sentence,2,10.257852
12.536489,-6.0982175,Sentence,2,10.169845
12.41352,-6.6336017,Sentence,0,6.685842
10.950422,-4.582112,Sentence,0,9.861127
12.079286,-8.498182,Sentence,1,9.482003
9.61316,-8.134089,Sentence,0,8.361887
10.912471,-4.847095,Sentence,0,6.9819045
10.339698,-5.338083,Sentence,0,8.067328
12.708681,-6.8249474,Sentence,2,10.599246
12.923467,-5.870851,Sentence,2,10.165916
15.506844,-1.6689242,Sentence,0,10.26103
12.068266,-8.168457,Sentence,1,9.489887
11.548848,-5.6641145,Sentence,0,7.3444786
11.460235,-5.5323553,Sentence,0,7.243411
11.466295,-8.468454,Sentence,1,9.011537
12.516214,-8.418847,Sentence,1,8.594432
13.306051,-5.424387,Sentence,2,8.98528
12.887071,-6.889701,Sentence,2,10.437602
11.330654,-8.501097,Sentence,1,8.358994
12.610339,-6.5467777,Sentence,0,7.5937047
11.50204,-7.864472,Sentence,1,9.961116
12.316188,-8.617925,Sentence,1,8.660794
10.843216,-5.4970264,Sentence,0,7.9654093
12.065929,-8.32013,Sentence,1,8.149618
11.49035,-8.670206,Sentence,1,9.453536
11.647972,-8.223699,Sentence,1,9.665208
12.364952,-8.502117,Sentence,1,9.672913
11.847165,-6.366159,Sentence,1,7.942553
12.063301,-6.254173,Sentence,2,8.857761
12.01735,-8.180276,Sentence,1,10.277603
11.864509,-8.499342,Sentence,1,8.779044
11.099804,-8.443844,Sentence,1,9.709652
12.940682,-7.3260837,Sentence,2,9.540729
12.616731,-5.9361086,Sentence,2,10.747475
11.256685,-5.0334516,Sentence,0,10.039649
12.795544,-7.356414,Sentence,2,10.304191
10.918344,-7.0615263,Sentence,2,9.039719
11.684641,-4.783603,Sentence,0,7.7682157
11.578723,-7.717312,Sentence,1,8.700251
11.596185,-8.162083,Sentence,1,9.36353
11.762998,-8.85482,Sentence,1,7.679301
10.477837,-4.9508724,Sentence,0,9.577412
12.230352,-6.0279865,Sentence,0,7.490609
12.113398,-5.2972426,Sentence,2,10.206951
10.463428,-5.316969,Sentence,0,8.072746
11.958429,-8.133195,Sentence,1,8.377474
12.398115,-7.425825,Sentence,2,9.904042
12.424644,-7.2396955,Sentence,2,10.186484
12.117688,-8.22397,Sentence,1,10.063447
12.47763,-7.8696423,Sentence,0,8.331412
12.109374,-6.947407,Sentence,0,6.9139395
12.222371,-8.158898,Sentence,1,7.742522
13.680752,-4.1526957,Sentence,2,8.661066
9.611013,-7.7882104,Sentence,1,7.417228
11.62416,-7.5451636,Sentence,1,9.766409
11.439335,-6.116016,Sentence,0,8.0056925
11.637533,-8.490539,Sentence,1,9.496625
12.023956,-4.752611,Sentence,2,8.351268
10.953699,-5.248856,Sentence,0,6.9367847
10.522292,-4.998713,Sentence,0,6.8808985
11.329908,-8.187693,Sentence,1,8.774579
12.006739,-7.8132772,Sentence,1,8.456004
12.754575,-5.708439,Sentence,2,10.509399
13.0739975,-7.4625645,Sentence,1,8.91848
11.444819,-5.8177333,Sentence,2,10.458899
10.35002,-8.904141,Sentence,1,9.004087
10.955929,-6.974725,Sentence,2,9.946653
11.279058,-4.809178,Sentence,2,10.473687
11.936411,-4.826201,Sentence,2,10.985933
10.952635,-8.577025,Sentence,1,9.117382
10.976965,-6.5725126,Sentence,0,8.124026
12.561715,-5.087075,Sentence,0,7.5970955
12.933592,-6.354335,Sentence,2,9.282842
12.744523,-7.8378778,Sentence,1,8.792444
11.970856,-7.9047747,Sentence,1,8.065738
11.2721815,-7.525564,Sentence,1,9.666128
12.268535,-5.6589766,Sentence,2,10.017163
12.006478,-8.843379,Sentence,1,8.864021
13.981052,-4.756755,Sentence,0,8.051578
10.295604,-5.93741,Sentence,1,9.270488
12.331189,-8.322259,Sentence,1,10.073404
10.940153,-5.504788,Sentence,0,6.9913244
10.411697,-6.8097343,Sentence,2,9.613787
12.532931,-8.173843,Sentence,1,9.585056
12.239877,-6.8437476,Sentence,2,8.90037
12.782028,-6.9920425,Sentence,2,10.681966
12.118467,-5.392173,Sentence,0,7.782096
11.503629,-6.8630114,Sentence,0,8.981206
13.839696,-5.707063,Sentence,2,8.180222
11.264865,-4.418519,Sentence,0,10.972998
12.843675,-5.748205,Sentence,0,8.430332
10.867599,-8.343177,Sentence,1,9.267128
12.571267,-7.957592,Sentence,1,10.127677
10.431375,-6.3646836,Sentence,2,8.522326
11.503718,-7.912153,Sentence,1,9.438544
12.039875,-4.7528152,Sentence,0,8.913189
11.876164,-7.4100165,Sentence,0,7.33375
11.477898,-8.800927,Sentence,1,9.276032
12.4349575,-8.306273,Sentence,1,9.49208
11.81851,-7.221592,Sentence,2,10.520505
10.979426,-7.6924453,Sentence,0,7.2475266
13.194767,-6.2833285,Sentence,2,9.6037655
10.723348,-5.0949874,Sentence,0,7.3439684
10.461286,-4.213494,Sentence,0,9.56407
12.916267,-7.9960084,Sentence,1,8.898937
12.005882,-8.359377,Sentence,1,10.023652
11.435264,-8.5202875,Sentence,1,9.056662
11.718416,-8.177544,Sentence,1,9.434832
13.133134,-6.7096915,Sentence,2,10.125414
12.604101,-5.7645173,Sentence,2,8.101049
11.872278,-5.86108,Sentence,0,7.4674497
11.509665,-5.950323,Sentence,0,7.9425707
12.52277,-4.741222,Sentence,2,10.101726
11.6183,-6.8414135,Sentence,0,8.437219
12.2392235,-7.028904,Sentence,0,8.51612
15.036338,-3.1113791,Sentence,0,8.261139
12.109584,-8.11046,Sentence,1,10.116825
11.704295,-7.602684,Sentence,1,9.546813
12.504005,-6.640619,Sentence,2,9.132757
11.854214,-8.29815,Sentence,1,8.362438
12.301692,-7.8244615,Sentence,1,10.083655
12.56623,-8.05487,Sentence,1,9.756579
12.40705,-8.484199,Sentence,1,9.46849
15.032523,-3.115379,Sentence,0,8.259799
11.349748,-8.555466,Sentence,1,8.136207
13.061234,-6.941417,Sentence,2,9.585389
11.538696,-8.114788,Sentence,1,9.332035
10.841728,-8.45511,Sentence,1,9.491426
11.656491,-8.363636,Sentence,1,8.494902
12.589611,-7.174377,Sentence,2,9.358496
10.90831,-6.0695214,Sentence,0,7.4167776
11.806805,-5.523493,Sentence,2,9.346006
13.196921,-6.8477106,Sentence,2,9.842976
10.906207,-6.9701643,Sentence,0,8.118984
12.086013,-7.792951,Sentence,2,10.331202
9.869817,-8.264744,Sentence,0,8.428781
12.199523,-6.161246,Sentence,2,10.780856
12.813784,-8.273885,Sentence,2,9.220142
12.221444,-8.18227,Sentence,1,10.086184
11.988542,-7.9856105,Sentence,1,10.189039
12.082213,-8.866172,Sentence,1,8.913366
11.857687,-7.4153953,Sentence,0,7.925753
11.760602,-7.277232,Sentence,0,7.967462
12.065897,-8.406872,Sentence,1,9.86818
11.28558,-5.467686,Sentence,0,6.8428845
12.573821,-8.213049,Sentence,1,8.513463
11.494277,-6.936929,Sentence,0,7.932272
11.428357,-7.9792614,Sentence,1,9.422816
11.4176855,-6.1939054,Sentence,0,7.3067183
11.466048,-7.6999383,Sentence,1,7.8815374
13.12387,-4.5629535,Sentence,0,7.3756623
11.222761,-7.9869943,Sentence,1,9.588355
12.175513,-5.2962356,Sentence,2,10.731869
11.688288,-6.95715,Sentence,0,7.7858405
12.888404,-7.1095843,Sentence,2,9.904045
11.807839,-6.0264206,Sentence,0,8.237943
12.533677,-6.889168,Sentence,2,8.613017
12.551552,-7.327237,Sentence,2,10.186749
10.482285,-4.5658545,Sentence,0,9.50533
12.5791235,-6.2767453,Sentence,2,9.651527
11.086059,-7.2076564,Sentence,1,8.839498
12.124555,-6.1953773,Sentence,2,10.342245
11.896801,-8.291844,Sentence,1,8.734492
11.757755,-8.649928,Sentence,1,8.736498
12.543601,-8.261539,Sentence,1,8.058357
11.738689,-6.2253957,Sentence,0,8.41167
12.464788,-8.249731,Sentence,1,7.9033732
11.135532,-8.776987,Sentence,1,9.467976
10.898799,-4.86741,Sentence,0,6.907394
11.278983,-6.4272003,Sentence,0,8.468394
10.205724,-8.922717,Sentence,1,8.613597
12.863774,-5.1385884,Sentence,0,7.3456497
11.474088,-6.4203763,Sentence,0,7.810384
12.245759,-7.3881435,Sentence,1,8.959752
12.733101,-7.0810575,Sentence,2,10.15036
11.370466,-7.3305836,Sentence,2,9.219465
12.160129,-5.423344,Sentence,2,10.540243
12.015664,-8.450357,Sentence,1,10.031631
13.061569,-6.102441,Sentence,2,8.692407
12.376898,-7.848171,Sentence,1,7.668346
12.457328,-7.009005,Sentence,0,8.718807
10.470507,-4.9416776,Sentence,0,9.487802
12.059356,-8.473088,Sentence,1,9.095598
12.326251,-8.228897,Sentence,1,10.100263
11.7955,-7.7507806,Sentence,1,9.959995
12.512989,-7.5740743,Sentence,1,10.200166
10.321989,-5.5564756,Sentence,0,8.132693
10.862958,-8.42514,Sentence,1,8.615664
10.92781,-8.667227,Sentence,0,8.415876
12.185829,-7.4652567,Sentence,1,8.73827
11.600047,-7.5597763,Sentence,1,8.276146
12.818171,-6.8536983,Sentence,2,10.620826
13.053652,-6.473379,Sentence,2,9.866268
12.867136,-5.138597,Sentence,0,7.2812743
12.657153,-7.6191144,Sentence,1,9.050946
12.858343,-8.672615,Sentence,1,8.8717375
10.456528,-6.7811255,Sentence,0,8.813309
11.055453,-5.0993786,Sentence,0,6.968942
12.384866,-6.9740653,Sentence,2,10.601756
11.592958,-8.3723755,Sentence,1,8.367405
13.392893,-4.6572747,Sentence,0,7.568236
12.683504,-7.028847,Sentence,1,8.024262
12.444344,-7.1002793,Sentence,2,10.770546
12.678701,-7.857676,Sentence,1,8.363791
12.307549,-6.4775777,Sentence,1,8.463032
10.798534,-8.714817,Sentence,0,8.520807
12.16296,-5.543471,Sentence,0,8.180923
9.722799,-8.040846,Sentence,0,8.409789
9.721791,-8.357721,Sentence,1,9.187552
11.721468,-5.5882,Sentence,2,8.527542
12.234679,-8.074318,Sentence,2,9.076795
12.158917,-8.472487,Sentence,1,9.788916
11.488787,-8.434073,Sentence,1,9.913177
11.310099,-3.9031541,Sentence,2,10.6788435
12.39121,-8.13459,Sentence,1,10.023165
11.067911,-7.056211,Sentence,0,9.0044365
13.1572075,-6.4997616,Sentence,2,10.274489
14.083036,-5.275159,Sentence,0,7.9147615
9.9729395,-4.739028,Sentence,0,6.3467956
10.3658085,-6.7429757,Sentence,2,9.683093
12.934583,-6.6812625,Sentence,2,10.017082
11.79555,-7.343631,Sentence,1,7.9374075
12.724429,-6.46901,Sentence,2,9.656191
12.150215,-8.331831,Sentence,1,9.448552
10.57908,-7.4643364,Sentence,0,7.7134037
12.480872,-7.0104475,Sentence,2,10.815688
12.693586,-5.923133,Sentence,2,9.841684
12.907717,-6.4269986,Sentence,2,9.96876
12.482396,-7.77032,Sentence,1,7.9424157
12.211963,-6.6010647,Sentence,2,9.440845
12.772642,-6.989454,Sentence,2,10.638953
13.503515,-8.365855,Sentence,2,9.098969
12.412253,-8.168249,Sentence,0,7.621864
10.380491,-8.381883,Sentence,1,8.461617
10.893748,-5.5082707,Sentence,0,8.936035
11.9608345,-8.374965,Sentence,1,9.198812
12.354626,-8.372394,Sentence,1,7.8809466
10.7351,-8.293068,Sentence,1,8.4766035
11.998478,-8.462262,Sentence,1,9.535366
11.7848835,-6.50465,Sentence,2,10.329685
12.3959675,-8.432589,Sentence,1,8.15151
11.632978,-8.673081,Sentence,1,9.718773
12.451305,-8.321202,Sentence,1,8.090057
12.586314,-8.379337,Sentence,1,8.536827
12.392239,-6.669485,Sentence,2,8.515428
12.223276,-8.59805,Sentence,1,9.363979
12.35959,-5.464758,Sentence,2,10.017403
12.075663,-7.864945,Sentence,1,10.424884
11.974141,-8.607767,Sentence,1,8.603259
11.302941,-8.633558,Sentence,1,8.584544
12.301449,-6.848083,Sentence,2,10.861064
12.339635,-7.739968,Sentence,1,7.945534
12.26025,-7.4804516,Sentence,2,10.245212
11.696799,-5.031221,Sentence,2,10.768035
12.187419,-7.2532816,Sentence,0,7.4593725
13.881084,-4.2683554,Sentence,0,8.863232
11.32648,-4.398476,Sentence,0,10.879023
11.97886,-7.147717,Sentence,0,8.275107
12.378006,-8.259711,Sentence,1,9.100484
10.704228,-8.850284,Sentence,1,8.106676
11.434311,-8.184121,Sentence,1,8.48135
10.695385,-5.43751,Sentence,2,9.701483
10.669594,-5.274691,Sentence,0,8.214335
11.533916,-7.8551893,Sentence,1,9.632422
11.807406,-8.687791,Sentence,1,8.388839
11.95226,-7.5341706,Sentence,1,7.468482
10.539968,-8.455728,Sentence,1,8.757775
12.330245,-6.2847123,Sentence,2,10.809184
11.515036,-7.263924,Sentence,1,9.814637
12.570754,-6.4527106,Sentence,2,10.619528
9.627038,-7.7327886,Sentence,0,7.306286
11.879927,-7.850912,Sentence,1,9.454328
12.23849,-4.7551475,Sentence,0,7.404683
11.789661,-6.6292443,Sentence,0,8.0580225
12.542579,-7.511925,Sentence,2,10.047327
12.482042,-8.407288,Sentence,1,9.116662
11.002074,-8.302995,Sentence,1,8.789267
11.864882,-6.6992407,Sentence,0,8.190921
12.796697,-6.777102,Sentence,2,10.531631
11.7036705,-8.366286,Sentence,1,9.279539
11.260096,-8.660284,Sentence,1,9.009239
11.55618,-6.8683286,Sentence,2,9.526341
12.643497,-8.271816,Sentence,1,9.402819
11.755995,-7.5678253,Sentence,1,8.589392
12.394066,-7.4176083,Sentence,2,10.412736
10.85484,-5.7780285,Sentence,0,7.4149675
12.469669,-8.5146475,Sentence,1,9.122555
12.113094,-6.0454082,Sentence,2,9.318468
11.209695,-8.312039,Sentence,1,8.502201
12.444257,-8.38536,Sentence,1,9.390181
12.726658,-5.724633,Sentence,2,10.684589
12.516471,-8.407374,Sentence,1,9.353436
12.012843,-8.603288,Sentence,1,9.170279
9.660772,-7.7088056,Sentence,0,7.348326
14.036638,-3.8863332,Sentence,0,7.6144085
12.175825,-5.433869,Sentence,2,10.557022
11.04327,-7.33432,Sentence,1,8.741202
11.43235,-8.286835,Sentence,2,9.661218
-4.6784554,1.688017,Sentence,0,11.91196
11.706363,-6.144971,Sentence,0,7.780987
10.865061,-8.574596,Sentence,1,8.759804
12.985237,-7.165464,Sentence,2,9.111361
13.62314,-4.168,Sentence,2,8.555708
11.907791,-6.6679482,Sentence,2,10.548354
12.214335,-6.5469007,Sentence,2,10.894689
11.102939,-8.561658,Sentence,1,9.370188
12.1731,-7.9471307,Sentence,1,10.161623
12.982533,-7.8896456,Sentence,0,8.636356
14.324362,-5.2234554,Sentence,0,7.8919864
12.617222,-7.3437777,Sentence,2,10.281122
12.392,-8.495474,Sentence,1,9.104141
10.756424,-8.359173,Sentence,1,9.397287
10.729082,-8.824291,Sentence,1,8.816983
12.646028,-8.56213,Sentence,1,8.611387
12.13937,-8.836816,Sentence,1,8.907569
10.982928,-7.325295,Sentence,1,8.929908
12.2362175,-6.895903,Sentence,1,7.799234
12.593183,-7.4104066,Sentence,1,9.280085
12.071977,-6.274262,Sentence,1,7.612772
12.04817,-5.7645864,Sentence,0,8.992164
11.320262,-8.0024605,Sentence,1,8.657512
11.846911,-8.272714,Sentence,1,9.30468
12.428127,-5.892194,Sentence,2,10.901087
12.531283,-6.7960033,Sentence,2,10.790397
12.125816,-6.646109,Sentence,2,10.776248
10.516517,-8.50628,Sentence,1,8.252499
12.045652,-8.360139,Sentence,1,7.6445003
11.753716,-8.399946,Sentence,1,8.2094555
12.479891,-8.061424,Sentence,1,9.915774
12.633202,-8.1774435,Sentence,1,8.73249
13.207986,-6.65406,Sentence,2,9.192593
10.945745,-7.5419507,Sentence,1,9.054395
11.527061,-5.9891458,Sentence,0,8.256422
12.581324,-7.578325,Sentence,2,9.980668
12.160161,-6.1599298,Sentence,1,8.427354
11.234737,-5.9126697,Sentence,0,7.4602633
13.13115,-4.387303,Sentence,0,7.688371
11.98217,-5.860207,Sentence,0,8.84962
11.76526,-8.087135,Sentence,1,8.983482
9.699244,-8.332194,Sentence,0,9.187936
11.595997,-6.8994,Sentence,1,7.769806
11.0143385,-5.42426,Sentence,0,6.6921005
12.036216,-8.539645,Sentence,1,9.404335
12.40581,-8.837655,Sentence,1,8.962192
12.082979,-6.762896,Sentence,2,10.35333
12.482136,-8.044363,Sentence,1,7.8229055
12.233183,-7.235457,Sentence,0,8.0156765
11.719384,-8.576701,Sentence,1,9.539776
11.462626,-6.5376654,Sentence,0,7.907007
12.612781,-7.9585304,Sentence,1,9.562878
12.672064,-7.7344246,Sentence,2,10.0489435
10.484144,-8.232949,Sentence,1,9.160328
10.697743,-8.2122,Sentence,1,8.499265
12.6599245,-6.85128,Sentence,2,10.531077
12.878036,-6.146522,Sentence,2,10.324382
12.091705,-7.7619576,Sentence,2,10.445743
11.087665,-6.8200974,Sentence,2,9.197901
11.955937,-5.931973,Sentence,0,7.5502024
12.402413,-8.597671,Sentence,1,8.789232
11.736697,-6.2436495,Sentence,2,10.201988
12.327327,-7.5231996,Sentence,2,10.503541
12.390963,-8.553588,Sentence,1,9.607014
11.823705,-8.834148,Sentence,1,7.973995
12.596893,-7.028349,Sentence,2,10.775805
11.853962,-8.397081,Sentence,1,9.170366
12.619679,-8.264208,Sentence,1,9.391936
15.033514,-3.1148458,Sentence,0,8.25895
11.653971,-7.908903,Sentence,1,9.073216
12.110154,-5.3287554,Sentence,0,7.168751
11.654698,-3.9917183,Sentence,0,10.341685
10.498543,-8.4967575,Sentence,2,9.433081
11.635098,-8.909066,Sentence,0,7.6335588
10.290335,-8.177341,Sentence,2,9.239097
11.376287,-8.09596,Sentence,1,9.745975
12.364281,-6.691451,Sentence,2,10.6661005
12.466959,-8.54121,Sentence,1,9.125457
12.387463,-5.8431916,Sentence,2,10.841914
12.16045,-6.444062,Sentence,2,10.692475
12.614145,-8.21002,Sentence,1,9.233949
15.035124,-3.1135595,Sentence,0,8.25854
10.353252,-6.2356644,Sentence,0,8.821743
11.409963,-4.212129,Sentence,2,10.591653
12.477469,-8.770937,Sentence,1,9.400229
12.393286,-8.4428425,Sentence,1,9.477532
11.219542,-8.836117,Sentence,1,9.169639
11.675662,-8.104362,Sentence,1,9.983386
10.392322,-4.064158,Sentence,0,10.087205
11.08715,-6.8070416,Sentence,1,7.91916
12.086461,-8.7853985,Sentence,1,9.229904
12.501198,-8.077498,Sentence,1,10.093924
10.600824,-4.940416,Sentence,0,7.6923265
12.141387,-7.003944,Sentence,2,8.777534
12.068389,-7.252665,Sentence,2,10.495102
11.077704,-6.1860247,Sentence,2,10.342522
13.638487,-4.2734036,Sentence,0,7.902654
12.755933,-6.4824796,Sentence,2,9.385124
12.088319,-8.478674,Sentence,1,9.16213
12.048549,-8.57365,Sentence,1,9.713095
12.396287,-6.538153,Sentence,2,10.844975
12.680266,-8.317075,Sentence,1,8.887845
11.062494,-6.342686,Sentence,2,9.819425
12.393128,-5.593452,Sentence,2,10.600431
11.033142,-8.693661,Sentence,2,8.795176
12.455804,-8.627477,Sentence,1,8.507436
12.74284,-7.228878,Sentence,2,8.981514
10.849678,-5.4990473,Sentence,0,7.183657
12.142598,-6.7722335,Sentence,1,8.051161
11.317496,-7.0367928,Sentence,0,7.6758676
12.525911,-7.9666624,Sentence,1,8.151971
11.063256,-7.295718,Sentence,1,8.980225
10.175414,-7.754157,Sentence,1,8.820265
11.744686,-6.824,Sentence,0,8.373609
11.672746,-7.21275,Sentence,1,8.248116
12.639327,-7.2917323,Sentence,2,8.284614
13.004792,-7.4545417,Sentence,2,9.705135
12.294791,-5.306413,Sentence,2,10.756884
10.985642,-7.6238356,Sentence,1,8.477638
11.443,-5.4150763,Sentence,0,7.4617753
12.054559,-5.72073,Sentence,2,9.195988
11.823487,-8.784518,Sentence,1,8.676691
12.425562,-7.6119094,Sentence,1,10.427977
12.469731,-8.741862,Sentence,1,8.684295
10.708678,-7.6157074,Sentence,0,7.9531593
12.673525,-7.4763002,Sentence,2,8.99528
12.277451,-6.270324,Sentence,0,7.98435
10.17806,-4.1350574,Sentence,0,5.7171273
11.287301,-8.612753,Sentence,1,8.9909525
12.247288,-7.4759192,Sentence,2,10.741752
12.872755,-6.675981,Sentence,2,9.705389
10.858968,-7.4064536,Sentence,1,8.7829685
13.138625,-5.6013184,Sentence,0,8.354479
14.131328,-5.2652225,Sentence,0,7.9712067
12.782052,-7.005381,Sentence,2,8.763064
12.28015,-6.7102394,Sentence,2,10.822277
13.501555,-8.340636,Sentence,1,9.0557785
13.139433,-4.5800824,Sentence,0,7.3406014
11.469156,-6.110455,Sentence,0,9.769119
12.161554,-6.7609305,Sentence,2,9.990474
12.424525,-8.765734,Sentence,1,8.97133
10.974639,-4.2106147,Sentence,0,6.917167
12.516024,-8.159271,Sentence,1,9.210125
9.893421,6.5271554,Sentence,0,6.88243
11.041501,-8.703699,Sentence,1,9.116051
11.429681,-6.5882397,Sentence,2,9.224129
10.731126,-4.3130126,Sentence,0,9.994836
10.203451,-6.5559015,Sentence,0,7.6742725
10.977545,-4.6936693,Sentence,0,9.79695
12.597694,-8.368082,Sentence,1,8.609185
12.509053,-8.112812,Sentence,1,9.639822
11.479954,-8.752877,Sentence,1,9.497883
10.257344,-8.566662,Sentence,0,8.443322
10.78515,-8.512883,Sentence,1,9.108191
11.365827,-5.6189156,Sentence,0,7.467806
11.222486,-6.0810637,Sentence,0,7.179529
11.25339,-8.477008,Sentence,1,8.471582
11.170936,-8.255011,Sentence,1,9.634274
12.390391,-6.9039006,Sentence,2,10.717363
11.464401,-8.236903,Sentence,1,9.739548
12.859378,-6.549287,Sentence,2,9.37802
12.148348,-8.123041,Sentence,1,10.148558
12.086091,-5.540857,Sentence,0,8.192979
12.509109,-7.3589463,Sentence,2,10.144005
10.151157,-7.3465,Sentence,0,9.103931
11.862713,-7.96711,Sentence,0,7.3170753
10.534949,-7.480369,Sentence,1,8.927814
12.271479,-8.705459,Sentence,1,9.328831
13.320827,-8.27593,Sentence,2,8.941682
12.260809,-8.385764,Sentence,1,9.747696
12.542058,-8.08806,Sentence,1,9.73564
11.892175,-7.638741,Sentence,0,7.6908092
12.229694,-6.951371,Sentence,0,6.8363247
12.277862,-7.0803237,Sentence,2,10.728674
12.199609,-8.810926,Sentence,1,9.54187
11.695899,-4.0021253,Sentence,2,10.422183
11.811432,-6.3696094,Sentence,0,7.3090596
11.7540655,-6.9585037,Sentence,2,10.528833
15.03568,-3.1139145,Sentence,0,8.258762
10.8103695,-5.8752046,Sentence,0,7.7740498
12.180763,-7.1641655,Sentence,2,9.771428
12.748746,-6.04677,Sentence,2,10.362024
11.989568,-5.525409,Sentence,0,8.482119
12.137322,-8.762827,Sentence,1,8.487669
12.66733,-7.558866,Sentence,2,9.995114
12.29794,-5.2738614,Sentence,2,10.691789
13.636084,-8.423969,Sentence,0,9.152176
9.530329,-7.6356783,Sentence,0,7.174246
11.213535,-8.184976,Sentence,1,9.148202
12.771099,-6.6269855,Sentence,2,10.707304
12.327474,-6.4730244,Sentence,2,10.597531
10.07369,-5.090066,Sentence,0,8.034259
11.807459,-7.2570252,Sentence,1,8.42115
12.122363,-6.5606017,Sentence,2,10.792044
12.276953,-6.7865686,Sentence,2,10.64386
11.813738,-7.5316696,Sentence,1,9.483625
10.952126,-4.3868966,Sentence,0,6.893366
11.249974,-6.149875,Sentence,2,10.194574
11.682428,-5.105752,Sentence,0,7.7137265
11.432545,-5.4522467,Sentence,0,7.152048
10.943168,-5.742362,Sentence,0,8.148053
12.568858,-8.678249,Sentence,1,9.32641
12.382442,-8.320762,Sentence,1,8.7220335
11.772657,-4.9463086,Sentence,2,10.832757
9.557193,-7.3869214,Sentence,0,7.037642
10.633373,-6.9449134,Sentence,0,8.503307
11.947412,-4.9220724,Sentence,2,10.034891
12.218139,-7.128105,Sentence,2,10.481573
11.291282,-6.8134933,Sentence,0,8.546294
12.184713,-8.367742,Sentence,1,8.359954
13.224708,-8.099972,Sentence,2,8.926225
12.131854,-7.1015944,Sentence,2,9.898215
12.133034,-7.4445906,Sentence,2,10.168749
11.782647,-6.8632326,Sentence,1,7.702955
12.089085,-8.407801,Sentence,1,9.366565
10.3440895,-8.47159,Sentence,1,8.506225
10.4839115,-5.411705,Sentence,0,7.8587527
12.392949,-8.652185,Sentence,1,8.648803
12.173347,-8.1760235,Sentence,2,10.145235
11.097012,-8.901946,Sentence,1,8.5523
11.014568,-8.548154,Sentence,0,8.465413
10.153107,-5.709303,Sentence,0,8.228432
12.634746,-7.769245,Sentence,1,10.31398
12.287359,-7.301347,Sentence,2,10.188049
12.155206,-8.291289,Sentence,1,9.658646
13.03474,-7.6930256,Sentence,1,8.784576
12.953871,-6.7929397,Sentence,2,8.285523
11.843317,-7.4804964,Sentence,1,7.7058697
12.172917,-7.575394,Sentence,1,9.245158
13.697298,-4.140131,Sentence,0,8.668538
10.893264,-8.564839,Sentence,1,9.520523
12.649933,-5.00358,Sentence,2,8.453647
11.436195,-7.1773725,Sentence,2,9.230254
12.703117,-6.51966,Sentence,2,10.076097
12.338448,-8.352182,Sentence,1,8.540732
11.81477,-6.686392,Sentence,2,10.192834
12.434967,-8.324845,Sentence,1,7.998457
12.310636,-7.538368,Sentence,1,7.626621
12.596541,-8.283299,Sentence,1,9.164009
11.038212,-7.5446987,Sentence,1,9.177567
11.936348,-8.5022,Sentence,1,8.59819
12.852489,-6.473383,Sentence,2,10.3374195
9.893415,6.5263433,Sentence,0,6.8827453
10.853796,-7.0218153,Sentence,0,9.755692
12.189346,-8.55022,Sentence,1,8.256791
11.663004,-6.393198,Sentence,2,9.270926
12.225219,-5.4633574,Sentence,2,10.601266
12.145735,-6.154435,Sentence,2,10.801283
11.53143,-6.321177,Sentence,0,7.149984
10.999021,-7.5493093,Sentence,1,9.110473
11.909552,-7.267954,Sentence,1,7.8071723
10.3832445,-7.6756444,Sentence,1,8.960013
12.556311,-5.4095945,Sentence,2,10.097018
12.656548,-7.1265945,Sentence,2,8.736897
12.89268,-5.836046,Sentence,0,7.988412
11.633981,-8.006736,Sentence,1,9.427728
11.759558,-7.9802938,Sentence,1,9.62845
10.410851,-8.134962,Sentence,1,8.813145
11.877951,-8.882646,Sentence,1,7.7567167
12.513032,-8.79403,Sentence,1,8.866951
12.484335,-8.139809,Sentence,1,9.5778475
12.056772,-7.351049,Sentence,2,10.111478
12.512554,-6.4868665,Sentence,0,8.108583
11.372669,-4.203668,Sentence,2,10.544381
10.179469,-4.135546,Sentence,0,5.718677
10.50887,-8.273246,Sentence,1,8.725869
11.108203,-7.9540186,Sentence,2,9.625127
10.286702,-8.336038,Sentence,1,8.673254
12.557219,-6.5953355,Sentence,2,10.464709
9.919177,-6.3874974,Sentence,0,9.782603
10.775579,-7.7770624,Sentence,1,8.9048
10.843933,-3.8706844,Sentence,0,9.852253
10.858644,-8.558104,Sentence,1,9.394351
11.16712,-4.3565025,Sentence,0,9.968494
12.309239,-5.6340923,Sentence,2,10.255383
12.963443,-6.1553373,Sentence,2,10.661648
12.572133,-7.685354,Sentence,2,10.258808
12.102778,-6.251725,Sentence,2,10.283632
12.262882,-4.827179,Sentence,2,10.16595
11.09,-5.989811,Sentence,0,8.347702
10.96343,-7.1854606,Sentence,1,9.150378
11.692187,-4.614461,Sentence,2,11.253614
10.793899,-7.3991094,Sentence,1,8.2908325
12.605139,-8.145954,Sentence,1,9.072044
11.988761,-7.656066,Sentence,0,7.5412283
12.142881,-5.3042927,Sentence,2,9.399949
11.778912,-8.213867,Sentence,1,9.66883
12.860246,-6.7785397,Sentence,2,10.539057
10.296722,-8.88489,Sentence,1,8.565194
10.401141,-8.8852415,Sentence,0,8.127354
12.739988,-5.3758197,Sentence,0,8.691689
11.042025,-5.800737,Sentence,0,7.4805446
11.67445,-7.5838685,Sentence,1,9.103108
11.784102,-7.7445083,Sentence,2,9.932899
12.37338,-6.9227104,Sentence,2,10.030543
13.343156,-6.2853355,Sentence,2,9.488295
12.460815,-7.1020627,Sentence,2,10.668625
13.03557,-7.129253,Sentence,2,9.753045
10.775356,-4.9555244,Sentence,0,6.9033637
13.226097,-4.370318,Sentence,0,9.159627
12.248066,-8.421933,Sentence,1,9.748428
12.294545,-8.473575,Sentence,1,8.252721
12.314445,-7.3962235,Sentence,1,7.98428
11.635106,-5.6719174,Sentence,0,6.9233003
10.340723,-5.563574,Sentence,2,8.138788
12.278386,-5.7601633,Sentence,2,8.977583
12.286146,-7.089841,Sentence,2,10.078277
11.605085,-7.5870967,Sentence,1,10.110985
12.778098,-8.3073015,Sentence,1,9.013218
10.630232,-7.993823,Sentence,0,8.372694
11.112987,-8.525611,Sentence,1,8.707411
12.143061,-7.8196883,Sentence,0,7.421418
11.979442,-4.9705777,Sentence,2,9.81902
12.240031,-8.580216,Sentence,1,9.801146
12.148633,-8.226204,Sentence,1,9.480141
10.102631,-8.90624,Sentence,1,8.904985
11.939402,-6.575674,Sentence,0,6.7904305
12.868607,-6.561912,Sentence,2,10.570608
10.782794,-5.0534716,Sentence,0,6.946743
12.114652,-7.357689,Sentence,2,8.899018
12.683026,-6.8524227,Sentence,0,7.4208717
12.285039,-7.8909698,Sentence,0,7.815308
12.880735,-5.67797,Sentence,0,8.488653
12.06396,-8.339906,Sentence,1,9.954806
10.976557,-8.445408,Sentence,1,8.420539
12.573022,-7.1019435,Sentence,2,10.45949
12.516918,-6.596718,Sentence,2,9.844863
10.470184,-5.0507355,Sentence,0,9.173716
11.551147,-5.280401,Sentence,0,8.8255625
12.463893,-4.6896906,Sentence,2,8.085586
12.496939,-7.960457,Sentence,1,9.844539
12.835791,-5.2394085,Sentence,2,9.852928
10.285567,-6.1046724,Sentence,0,7.072067
11.146344,-5.7399573,Sentence,0,7.0619154
11.395868,-8.653993,Sentence,1,8.977167
12.017037,-8.254049,Sentence,1,10.159028
12.363439,-7.363131,Sentence,2,10.679481
12.757787,-4.4809003,Sentence,0,8.599336
12.577089,-7.6605277,Sentence,1,10.057857
12.457906,-7.7018466,Sentence,1,8.107162
12.863335,-5.1468534,Sentence,0,7.271993
10.581885,-4.876223,Sentence,0,6.445176
12.104959,-6.631336,Sentence,0,7.160229
12.424248,-7.9603934,Sentence,1,9.635712
12.939561,-7.2663875,Sentence,2,10.0144825
11.820339,-5.4546657,Sentence,2,10.223373
12.267843,-6.1550503,Sentence,2,10.699706
12.7281685,-7.106461,Sentence,2,9.537522
10.723214,-5.260797,Sentence,0,6.612619
11.851155,-7.9702277,Sentence,1,7.8643794
11.948464,-8.289389,Sentence,1,7.935269
12.373634,-8.142082,Sentence,1,9.524656
11.894296,-6.6750712,Sentence,2,10.559878
12.3243885,-7.585106,Sentence,2,10.367541
11.342773,-8.755913,Sentence,1,9.094018
11.101937,-5.5203967,Sentence,2,8.802054
11.734809,-7.9337626,Sentence,1,8.742358
10.615637,-8.453743,Sentence,1,9.296202
11.661136,-7.993475,Sentence,2,10.047835
12.484473,-6.2259645,Sentence,2,9.194519
12.117826,-7.892589,Sentence,2,10.06699
12.238472,-8.314652,Sentence,1,9.761315
12.551551,-7.080325,Sentence,2,9.5128565
10.717828,-7.3255877,Sentence,1,9.458833
11.46674,-8.200633,Sentence,1,9.593244
11.507282,-6.603353,Sentence,0,7.3057446
12.193868,-7.455715,Sentence,2,10.58361
11.814125,-7.1727166,Sentence,2,9.672089
11.32623,-5.743132,Sentence,0,7.6888514
11.95533,-8.212609,Sentence,1,9.872032
10.545354,-8.753482,Sentence,0,8.124699
12.018612,-7.9685583,Sentence,1,9.83024
11.677126,-5.2378087,Sentence,2,10.557486
12.01886,-8.571499,Sentence,1,9.806774
11.148737,-6.38641,Sentence,0,9.51996
12.917418,-6.741633,Sentence,0,8.553998
10.790006,-5.214335,Sentence,0,7.5551467
12.145406,-5.5765753,Sentence,0,7.206854
11.847844,-4.6085,Sentence,2,10.393276
12.340763,-8.372621,Sentence,1,8.755175
11.993105,-8.769437,Sentence,1,9.021877
11.093331,-7.349619,Sentence,0,8.019707
14.331761,-5.1842494,Sentence,0,7.8990326
11.93367,-8.4608555,Sentence,1,9.1204605
9.9254265,-8.595905,Sentence,0,8.519932
12.233079,-8.862587,Sentence,1,8.32126
13.212533,-6.7372518,Sentence,2,9.869739
12.601064,-4.3068953,Sentence,2,8.746884
11.702973,-8.080154,Sentence,1,8.782606
12.3859,-6.5059853,Sentence,2,10.034117
12.815295,-7.2332945,Sentence,2,9.884526
12.383497,-5.282817,Sentence,2,10.174513
10.901636,-8.047689,Sentence,1,9.128776
10.905785,-8.5895605,Sentence,1,9.491325
12.74889,-6.4951897,Sentence,2,10.271493
12.732708,-7.2021494,Sentence,1,9.041232
12.015339,-5.470586,Sentence,2,10.648281
11.794079,-7.6148686,Sentence,1,8.740828
13.633903,-4.3846607,Sentence,0,8.254591
12.569856,-8.24857,Sentence,1,9.680897
11.488923,-6.4813237,Sentence,0,8.508872
10.391162,-8.797005,Sentence,0,8.929645
12.33822,-8.499636,Sentence,1,9.387277
13.151286,-7.830006,Sentence,2,9.672234
11.626444,-4.522734,Sentence,2,10.333373
10.450448,-8.975189,Sentence,0,8.316674
12.518258,-8.781332,Sentence,1,8.906383
13.270481,-6.770705,Sentence,2,9.611075
12.373842,-6.1065917,Sentence,2,10.498238
10.990384,-7.150401,Sentence,2,9.600783
12.512149,-8.577794,Sentence,1,9.846331
12.357051,-4.7928143,Sentence,2,9.919771
12.025086,-6.0119653,Sentence,2,9.380169
12.082449,-8.580795,Sentence,2,9.848013
11.968459,-8.067643,Sentence,1,9.593743
11.261974,-4.3825116,Sentence,0,10.93696
10.612076,-7.9630427,Sentence,1,8.2698965
12.08555,-8.631893,Sentence,1,9.254231
10.123266,-5.412931,Sentence,0,8.114184
11.862617,-6.51411,Sentence,2,9.994764
12.503358,-5.4464774,Sentence,0,8.742852
11.8975725,-7.9921145,Sentence,1,9.032591
10.695613,-4.0409594,Sentence,0,9.978053
12.035937,-7.826862,Sentence,1,10.066975
11.82792,-7.365356,Sentence,1,10.217526
11.938955,-8.113633,Sentence,2,10.258169
11.020574,-8.709696,Sentence,1,8.716144
12.107103,-8.092939,Sentence,2,9.508895
11.408654,-6.0066648,Sentence,0,8.097418
12.484869,-8.385307,Sentence,1,8.491817
10.964095,-7.3452888,Sentence,1,9.241577
12.492834,-6.8242846,Sentence,2,10.786535
10.766258,-8.769228,Sentence,1,8.778146
10.819526,-7.565733,Sentence,0,8.800943
13.415423,-6.2604337,Sentence,2,9.440154
12.405034,-6.0881133,Sentence,2,10.354277
10.9913225,-6.1004353,Sentence,0,7.6268425
11.373804,-8.789421,Sentence,1,9.368829
10.686991,-8.766299,Sentence,1,9.072589
10.728229,-8.886137,Sentence,0,8.223315
12.215652,-7.027099,Sentence,2,10.801371
10.488564,-7.4385486,Sentence,0,8.816555
12.78283,-6.809385,Sentence,2,9.36966
13.4569845,-4.4190197,Sentence,2,8.821795
10.035588,-8.115779,Sentence,1,8.230852
12.317923,-8.551517,Sentence,1,8.83544
10.372057,-5.1857452,Sentence,0,8.203059
11.457479,-8.270722,Sentence,1,7.832329
13.877645,-4.3440704,Sentence,0,8.381485
11.922181,-7.9397674,Sentence,1,9.30804
12.437471,-8.544482,Sentence,1,8.599042
12.783578,-7.9772453,Sentence,1,8.691864
12.189365,-8.671848,Sentence,1,9.569678
12.327877,-7.55579,Sentence,2,8.02326
11.773624,-7.8753824,Sentence,2,10.283912
12.677148,-7.863856,Sentence,1,9.396372
12.390379,-6.606877,Sentence,1,7.9331465
12.478755,-5.7558227,Sentence,2,10.479468
12.255572,-7.6553626,Sentence,1,10.543263
11.332226,-8.6466255,Sentence,1,9.413692
12.063514,-8.22819,Sentence,1,8.127624
11.815317,-7.8703837,Sentence,0,7.2954955
11.105955,-8.362379,Sentence,1,9.227077
10.914784,-8.525395,Sentence,1,8.664162
12.652244,-8.401881,Sentence,1,9.368647
11.264295,-5.728569,Sentence,0,8.150777
10.067637,-8.765189,Sentence,0,8.453913
11.435804,-8.942188,Sentence,1,7.6381044
11.762586,-5.1861396,Sentence,2,10.530807
11.743963,-7.8425446,Sentence,1,8.534394
12.413118,-7.139696,Sentence,1,8.104548
12.38437,-7.390133,Sentence,2,10.277604
11.229246,-6.6628995,Sentence,2,9.291298
12.507087,-7.765225,Sentence,1,7.9703517
12.1754875,-7.665475,Sentence,1,7.822387
11.992801,-5.869125,Sentence,2,10.763061
13.0598955,-7.2995315,Sentence,2,9.2208185
11.938708,-7.896946,Sentence,1,9.815583
12.257438,-8.267538,Sentence,1,8.83289
12.630227,-5.8085847,Sentence,2,10.682383
12.269709,-3.5088685,Sentence,2,8.168829
13.100551,-6.731994,Sentence,2,9.346754
15.5070305,-1.66869,Sentence,0,10.26117
12.875916,-6.926797,Sentence,2,9.572751
12.192487,-6.8072753,Sentence,0,7.8799257
12.744572,-6.5928154,Sentence,2,10.144733
11.637757,-8.850491,Sentence,1,7.716201
11.3344755,-7.4657273,Sentence,1,8.68471
12.369705,-8.49793,Sentence,1,8.076461
11.993003,-8.34872,Sentence,1,9.068185
11.695663,-6.073866,Sentence,0,7.9450064
12.8824005,-7.33489,Sentence,2,10.149297
12.319325,-8.424969,Sentence,1,9.788633
11.628204,-6.427899,Sentence,0,8.393208
11.004138,-7.0743246,Sentence,1,9.451182
11.987894,-6.9080496,Sentence,0,7.36368
11.429881,-6.521243,Sentence,0,8.552536
11.916155,-8.551839,Sentence,1,8.231346
13.03036,-7.8176236,Sentence,1,8.715111
10.558528,-6.677641,Sentence,2,8.859636
11.279154,-7.5410633,Sentence,0,8.156512
11.699266,-5.966668,Sentence,2,10.717595
12.27231,-6.551998,Sentence,2,10.0244665
10.984525,-6.652224,Sentence,0,8.233992
10.74053,-7.5494647,Sentence,1,8.200336
13.574953,-8.382305,Sentence,0,9.01016
10.668116,-8.209092,Sentence,1,9.291733
13.082434,-6.1627293,Sentence,2,9.504279
13.988044,-4.7559657,Sentence,0,8.059035
10.174924,-4.1305494,Sentence,0,5.7118926
12.15403,-7.970489,Sentence,1,8.787568
12.284852,-8.026752,Sentence,1,8.391538
12.606344,-8.187138,Sentence,1,9.0682125
12.915115,-7.2203827,Sentence,1,8.853088
12.217961,-7.7998657,Sentence,1,9.570323
11.644133,-6.8302407,Sentence,0,8.413957
11.67175,-7.706948,Sentence,1,8.633964
10.757759,-5.443432,Sentence,2,9.940085
11.931961,-6.3016925,Sentence,2,10.701357
11.840877,-5.223958,Sentence,0,7.6431856
12.052447,-8.276223,Sentence,1,9.889671
11.685107,-8.37488,Sentence,1,9.786555
12.318768,-8.536457,Sentence,1,9.760536
9.642598,-8.13625,Sentence,0,8.391857
12.072883,-8.558135,Sentence,1,9.686306
11.77659,-8.766435,Sentence,1,9.12126
12.55628,-8.079377,Sentence,1,9.593538
12.533821,-8.166206,Sentence,1,8.111565
11.459169,-7.741205,Sentence,1,9.342255
14.540069,-3.7508895,Sentence,0,8.592937
12.680779,-7.584952,Sentence,2,10.004275
12.660712,-5.9679637,Sentence,2,9.722538
11.294342,-8.156104,Sentence,1,8.084732
11.087147,-7.480379,Sentence,0,7.196482
12.722678,-7.6794124,Sentence,2,10.070125
10.569864,-8.690103,Sentence,0,8.045373
10.351057,-8.793036,Sentence,0,8.277158
12.477792,-6.6621146,Sentence,2,9.251959
12.086889,-7.7433004,Sentence,1,9.785997
11.283589,-8.712249,Sentence,1,9.238816
12.152759,-6.847674,Sentence,2,10.657626
12.263295,-8.482872,Sentence,1,9.056311
11.410588,-6.470562,Sentence,2,10.03795
11.872001,-5.0855136,Sentence,2,9.484244
13.025551,-6.3134165,Sentence,2,10.052724
12.804545,-8.039522,Sentence,1,9.50231
12.418701,-7.655921,Sentence,1,10.41461
12.22287,-8.244575,Sentence,1,8.724946
12.7435055,-6.559769,Sentence,2,10.551005
11.104842,-8.72543,Sentence,1,9.156535
11.73632,-4.735753,Sentence,2,10.87879
12.654046,-7.297901,Sentence,2,10.373246
11.164872,-7.6315928,Sentence,1,9.158821
11.990794,-5.724718,Sentence,2,9.885914
10.2339325,-5.8078227,Sentence,0,8.052079
10.078576,-8.029783,Sentence,0,9.225365
13.253239,-7.2533336,Sentence,2,9.458375
12.184996,-8.753622,Sentence,1,9.287625
11.399217,-8.206881,Sentence,1,9.799641
11.8933115,-8.740825,Sentence,1,9.395995
12.430747,-8.1196165,Sentence,1,9.899022
12.771074,-7.2543583,Sentence,2,9.113069
12.0879345,-6.562529,Sentence,2,10.710711
11.489633,-8.327099,Sentence,1,9.819476
12.584828,-7.8991427,Sentence,1,9.431694
11.414515,-8.515091,Sentence,1,9.53474
12.576893,-8.641925,Sentence,1,8.972526
12.561342,-6.817463,Sentence,2,10.8314295
12.182852,-8.45717,Sentence,1,7.9477973
12.645438,-7.5571623,Sentence,2,10.13241
11.494749,-8.408678,Sentence,1,9.118864
12.521911,-6.899318,Sentence,1,9.2140255
13.109262,-5.9314737,Sentence,0,8.862042
12.394199,-5.6012006,Sentence,2,10.763935
12.150903,-7.5839677,Sentence,2,9.548973
12.502188,-8.492208,Sentence,1,8.27633
10.212342,-5.2227106,Sentence,0,7.900534
12.660522,-6.5220957,Sentence,2,10.769039
12.526668,-8.379794,Sentence,1,9.083825
11.025065,-7.7116265,Sentence,0,10.103009
11.865108,-7.006711,Sentence,2,9.246352
10.065402,-5.1758227,Sentence,0,8.078855
12.315538,-6.044698,Sentence,2,9.676031
11.921,-8.662944,Sentence,1,9.257514
11.181353,-5.5912414,Sentence,0,8.045662
12.818899,-7.7140765,Sentence,1,9.206789
12.611728,-7.1757565,Sentence,2,10.037338
12.011034,-8.1682415,Sentence,1,9.967036
11.540602,-8.5997925,Sentence,1,9.015183
12.041592,-7.2163777,Sentence,1,8.067936
12.228001,-8.559444,Sentence,1,9.000415
11.705921,-7.8958316,Sentence,2,9.873483
11.952806,-7.3381696,Sentence,0,7.4701285
13.004782,-6.3824773,Sentence,2,8.982158
12.696786,-7.0084486,Sentence,2,10.485241
12.51469,-8.326667,Sentence,1,9.178577
10.827147,-8.390737,Sentence,1,9.461958
12.790314,-7.4065547,Sentence,2,10.04491
13.224094,-7.4181356,Sentence,2,9.565653
11.453301,-6.473748,Sentence,0,8.961976
12.391276,-5.4153237,Sentence,2,10.950574
10.694023,-4.0673485,Sentence,0,9.964999
10.872136,-8.620731,Sentence,1,9.344987
11.274719,-7.4214664,Sentence,1,8.30337
12.5545845,-8.469133,Sentence,1,8.488807
12.754645,-6.8894043,Sentence,0,7.9359746
13.063585,-6.671347,Sentence,2,9.932099
12.28576,-8.12524,Sentence,1,9.95531
11.4663,-5.9606442,Sentence,0,7.275313
7.844869,-3.9879744,Sentence,0,7.2707067
12.599976,-7.791288,Sentence,1,8.738111
11.864989,-8.674151,Sentence,1,9.61018
11.900338,-8.916671,Sentence,1,8.799939
11.668164,-8.15925,Sentence,1,8.714205
12.23453,-8.484224,Sentence,1,7.8869944
12.341027,-4.7129455,Sentence,0,9.796232
12.477903,-8.256926,Sentence,1,9.56761
11.4244175,-8.652655,Sentence,1,8.922498
10.682058,-7.3603826,Sentence,1,9.494353
12.437424,-6.3076425,Sentence,0,7.9937553
12.507431,-7.666855,Sentence,2,10.07236
11.000055,-8.69363,Sentence,1,9.1404085
10.8540745,-6.30185,Sentence,0,9.015883
13.683617,-4.4296737,Sentence,0,8.081647
10.017687,-8.954279,Sentence,0,8.590892
11.320747,-6.8790846,Sentence,0,9.024539
11.605095,-8.554688,Sentence,1,9.789457
12.695147,-8.374787,Sentence,1,9.634346
11.77513,-7.0462203,Sentence,0,7.6852527
10.596764,-5.241252,Sentence,0,7.6720433
12.825436,-8.319779,Sentence,2,9.532138
12.382587,-7.940695,Sentence,1,9.475835
10.521868,-8.740022,Sentence,1,8.551648
11.579453,-8.392731,Sentence,1,9.070293
11.293731,-6.505881,Sentence,0,7.2782536
10.872024,-8.758647,Sentence,0,8.461597
12.877151,-7.4880257,Sentence,0,8.551474
12.456685,-8.009025,Sentence,1,8.763863
12.432293,-7.5090623,Sentence,2,10.404306
11.07669,-8.474533,Sentence,1,8.977691
12.58281,-6.240781,Sentence,2,9.227375
12.746749,-6.1144204,Sentence,2,10.226552
11.005763,-8.552945,Sentence,1,9.42381
11.193415,-4.427148,Sentence,0,10.923701
11.096628,-8.664748,Sentence,1,8.026511
12.505128,-6.676814,Sentence,2,10.761359
11.959494,-8.800109,Sentence,1,7.774639
11.912781,-7.6552014,Sentence,1,7.804292
12.229482,-8.254504,Sentence,0,7.763752
12.2321615,-8.077255,Sentence,1,9.599632
13.064204,-6.6440578,Sentence,2,9.808652
14.004075,-5.2128353,Sentence,0,7.9316716
12.105276,-5.555562,Sentence,2,10.537955
10.157305,-8.908159,Sentence,0,8.961833
11.824299,-6.1900105,Sentence,0,8.829879
11.270026,-8.521681,Sentence,1,8.820507
10.464051,-6.0946655,Sentence,2,9.401783
12.74803,-8.029976,Sentence,1,9.920764
13.311746,-6.597242,Sentence,2,9.967431
12.281368,-7.557868,Sentence,1,7.879797
9.7020855,-8.006759,Sentence,0,8.207233
10.736341,-2.870966,Sentence,0,3.0752003
12.394346,-8.236194,Sentence,1,9.752751
12.869385,-5.1484046,Sentence,0,7.2630596
12.226579,-8.361318,Sentence,1,9.627395
12.450448,-7.210324,Sentence,0,7.849549
12.001483,-8.59811,Sentence,1,9.454005
11.63484,-6.900682,Sentence,0,8.771256
12.952679,-5.855753,Sentence,2,10.636347
12.466111,-8.266282,Sentence,1,8.597417
12.12987,-5.942416,Sentence,2,9.506815
12.869587,-5.5555596,Sentence,2,8.320334
11.841605,-8.257759,Sentence,1,8.314293
11.58384,-6.5292807,Sentence,0,7.6366467
11.875759,-7.1847544,Sentence,2,10.221659
11.228291,-5.7004137,Sentence,2,10.43781
12.936307,-7.8758883,Sentence,1,9.593153
12.36958,-8.458254,Sentence,1,9.048412
12.019026,-7.734181,Sentence,0,7.8774643
12.417219,-8.400326,Sentence,1,7.8284817
11.456865,-4.1554356,Sentence,2,10.5714445
10.653591,-8.217242,Sentence,0,9.082241
9.571899,-7.6624856,Sentence,0,7.1865788
12.147769,-7.636188,Sentence,1,7.971849
12.84406,-7.30575,Sentence,2,9.591471
11.246164,-4.403189,Sentence,0,10.975187
12.425395,-8.539293,Sentence,1,8.986177
12.634722,-5.5889773,Sentence,2,8.530627
11.797224,-7.860725,Sentence,1,8.796185
13.116725,-4.7485213,Sentence,0,7.800476
11.0589,-8.629075,Sentence,1,8.5205145
12.420453,-8.694324,Sentence,1,8.594772
11.827897,-8.392799,Sentence,1,7.9921575
12.93862,-8.126209,Sentence,1,8.751397
13.543855,-4.4211755,Sentence,0,8.140576
12.348882,-8.45082,Sentence,1,7.8051324
12.58649,-8.160829,Sentence,1,9.088883
13.18095,-8.092155,Sentence,0,8.778212
12.622852,-6.163946,Sentence,1,7.6003222
11.238268,-5.713406,Sentence,0,7.212497
12.358729,-6.6977816,Sentence,2,10.86892
12.396808,-7.8481207,Sentence,2,10.007739
12.332329,-7.4827113,Sentence,0,8.3606415
11.081826,-4.708319,Sentence,0,8.419078
11.462243,-8.790245,Sentence,1,9.121259
12.740796,-5.679927,Sentence,2,9.033571
12.305331,-6.1243405,Sentence,2,10.3997135
10.056284,-8.450109,Sentence,1,9.140942
12.609447,-5.8257756,Sentence,2,10.846997
11.213053,-5.595383,Sentence,0,7.0288086
12.243483,-6.002301,Sentence,2,9.940863
12.055494,-6.551744,Sentence,2,10.581112
11.942238,-4.881771,Sentence,0,7.801379
11.946961,-8.517542,Sentence,1,8.753228
11.2463455,-8.647542,Sentence,1,9.58223
11.6755295,-7.0231957,Sentence,1,8.844981
10.916922,-8.665287,Sentence,1,9.215852
12.869411,-7.244557,Sentence,2,9.946184
12.830137,-6.581986,Sentence,2,9.555671
12.426613,-8.562461,Sentence,1,9.371858
12.119288,-6.5737424,Sentence,2,10.327688
12.503988,-6.805866,Sentence,1,8.98061
12.574197,-7.326715,Sentence,2,10.4265995
11.798401,-8.334201,Sentence,1,9.434887
10.547238,-8.646416,Sentence,1,9.303969
12.035997,-8.541137,Sentence,1,9.86835
9.893342,6.5263433,Sentence,0,6.882868
12.044149,-6.176822,Sentence,0,8.454176
12.592755,-8.078773,Sentence,1,9.347132
11.987589,-8.172329,Sentence,1,8.951763
11.490172,-7.4825606,Sentence,2,9.756645
10.735574,-5.8473763,Sentence,0,8.337792
12.272455,-8.630353,Sentence,1,9.5444145
12.472845,-6.8848095,Sentence,2,10.667869
11.542527,-5.0414815,Sentence,0,8.454328
11.080179,-8.0623045,Sentence,1,9.385869
10.431096,-5.2749743,Sentence,0,7.5530624
12.667666,-7.9186764,Sentence,1,9.966244
10.207989,-8.619152,Sentence,1,8.829381
12.190992,-7.732937,Sentence,1,9.397903
10.990161,-8.721043,Sentence,1,9.021989
11.181244,-7.2836833,Sentence,1,8.821907
13.166062,-6.3983655,Sentence,2,8.759907
11.962044,-7.966572,Sentence,1,9.650712
10.358478,-5.42408,Sentence,0,7.8632517
10.689917,-8.255262,Sentence,1,8.978614
10.034945,-8.5086565,Sentence,0,9.416669
10.844147,-8.439876,Sentence,1,9.462478
11.95977,-8.279982,Sentence,1,9.267507
12.156313,-6.5430884,Sentence,2,10.811908
10.644879,-8.700798,Sentence,1,8.880181
12.448594,-4.8041725,Sentence,2,9.339424
10.978294,-7.1386814,Sentence,1,8.025643
12.182283,-7.6794963,Sentence,2,10.208503
12.267367,-6.7829695,Sentence,2,10.9137535
11.795029,-7.274415,Sentence,0,7.7447963
10.244424,-5.3520865,Sentence,0,7.930981
12.200292,-5.492563,Sentence,2,10.613487
12.094316,-7.308501,Sentence,0,7.7707276
12.109497,-5.3669667,Sentence,2,10.576673
13.061002,-6.7770686,Sentence,2,9.742509
13.034457,-5.9769573,Sentence,2,8.786365
10.6742,-4.999858,Sentence,0,7.229437
11.997497,-8.2404175,Sentence,0,7.810219
10.961939,-5.0083632,Sentence,0,6.9252777
11.2158375,-6.2864633,Sentence,2,10.621932
12.091782,-8.681358,Sentence,1,9.225313
11.123257,-8.740366,Sentence,1,8.400497
10.822344,-8.507505,Sentence,1,9.090626
11.913196,-6.567194,Sentence,0,6.7628746
11.093849,-4.470049,Sentence,0,8.965961
12.877304,-7.969267,Sentence,1,8.808185
12.527817,-7.3136063,Sentence,2,10.526025
12.281925,-7.6414375,Sentence,1,8.733603
12.358615,-7.50914,Sentence,2,10.331274
10.061213,-7.855576,Sentence,1,7.475209
12.201213,-7.6190386,Sentence,0,7.8236837
13.883181,-3.9462404,Sentence,0,8.236133
12.629613,-8.45361,Sentence,1,9.643352
10.975328,-7.626974,Sentence,1,7.571174
13.745877,-4.0244827,Sentence,0,8.304202
12.5294285,-6.558416,Sentence,2,9.82284
12.678829,-7.6479383,Sentence,1,8.664125
12.227917,-5.182186,Sentence,2,10.589394
10.966645,-8.577956,Sentence,1,9.372214
12.604314,-6.8183613,Sentence,2,10.702354
12.065106,-4.769045,Sentence,2,10.328793
10.89849,-7.93426,Sentence,0,8.06017
10.429691,-6.0667267,Sentence,0,7.6824517
10.659462,-6.887219,Sentence,0,9.341759
12.130979,-7.9758096,Sentence,2,10.465097
11.977534,-5.626027,Sentence,0,7.5097847
12.213556,-5.9576936,Sentence,0,8.719787
12.349313,-4.5189595,Sentence,2,9.315559
12.231744,-8.010287,Sentence,1,10.306598
10.888901,-6.309667,Sentence,0,6.9815307
12.968551,-6.4640303,Sentence,2,10.597074
12.428901,-8.559483,Sentence,1,9.523156
11.743351,-5.6969533,Sentence,2,9.474527
12.94126,-7.5155764,Sentence,1,8.840188
13.630543,-8.437461,Sentence,0,9.054269
12.307822,-6.505856,Sentence,2,10.907981
12.387534,-7.538513,Sentence,2,10.366329
11.696457,-8.647392,Sentence,1,8.173572
12.274125,-8.24478,Sentence,2,9.877723
12.364838,-7.7909846,Sentence,1,7.7208757
11.481799,-8.510226,Sentence,1,9.66745
11.389741,-7.674716,Sentence,1,7.9834747
10.433001,-5.7314653,Sentence,1,8.136007
12.471373,-7.8025184,Sentence,1,9.004028
11.5361595,-8.220797,Sentence,1,8.302078
13.924366,-4.276704,Sentence,0,8.318459
9.974192,-7.1065655,Sentence,0,7.966708
12.833214,-6.480924,Sentence,2,10.51134
11.371956,-6.2065325,Sentence,2,9.372308
12.163575,-5.289761,Sentence,2,10.513984
11.434509,-8.392816,Sentence,1,9.740374
11.111163,-5.180265,Sentence,0,7.6397176
11.066283,-8.72007,Sentence,1,9.150323
12.9246645,-7.3647933,Sentence,2,10.204361
11.06127,-8.249286,Sentence,1,7.737483
12.653255,-6.838409,Sentence,2,10.730195
12.47952,-7.619025,Sentence,2,10.362733
12.048683,-6.091603,Sentence,2,10.348232
12.273925,-8.582978,Sentence,1,9.800362
13.816636,-4.024783,Sentence,0,8.452778
10.290476,-5.2696195,Sentence,0,7.7739654
10.625746,-8.739709,Sentence,1,8.528642
12.695453,-5.884186,Sentence,1,7.280012
10.46611,-8.361685,Sentence,0,8.3485155
12.219535,-5.6232033,Sentence,0,7.457225
12.5214405,-8.630827,Sentence,1,9.110923
12.344138,-8.057499,Sentence,1,10.212413
12.089012,-8.110644,Sentence,2,10.300508
11.709767,-8.375124,Sentence,1,9.556971
11.958649,-7.8897133,Sentence,1,8.24588
12.143113,-4.6402283,Sentence,0,9.254446
11.142319,-8.202371,Sentence,1,9.474969
12.416052,-8.672779,Sentence,1,9.58456
12.000702,-7.9758787,Sentence,1,9.886724
12.322137,-6.9087353,Sentence,0,7.9235516
12.946106,-7.266073,Sentence,2,9.755003
11.463911,-5.575323,Sentence,0,8.776565
11.624425,-8.710389,Sentence,1,9.220509
11.85912,-7.6923337,Sentence,1,9.654354
11.722921,-5.505561,Sentence,0,7.7682533
10.473019,-6.8995223,Sentence,0,8.435004
12.562249,-7.685356,Sentence,1,9.825487
10.325758,-5.9779058,Sentence,0,7.140121
11.909641,-7.878718,Sentence,2,9.9516945
11.06452,-8.485306,Sentence,1,8.10862
12.426694,-8.043345,Sentence,1,9.8215275
12.673701,-7.4488277,Sentence,2,10.396919
10.894798,-4.5784287,Sentence,0,7.03527
12.777485,-7.4104686,Sentence,2,9.937736
12.27445,-5.4744215,Sentence,2,10.713835
12.525565,-6.689028,Sentence,2,10.2290745
12.972471,-6.160564,Sentence,2,10.707035
11.286599,-4.5784974,Sentence,2,10.944152
11.74605,-6.5404634,Sentence,0,7.2442703
12.599405,-6.4853415,Sentence,2,9.867545
11.818187,-6.97425,Sentence,0,7.2879333
12.019076,-4.9246545,Sentence,2,8.97133
11.052341,-8.150922,Sentence,0,7.939926
13.4718485,-4.393671,Sentence,2,8.1538725
11.790759,-8.421005,Sentence,1,9.2749
12.702275,-7.098473,Sentence,2,10.669177
10.7196865,-8.584658,Sentence,1,8.657058
12.230872,-7.972676,Sentence,2,10.1975
12.949716,-6.046406,Sentence,0,8.043742
11.126334,-8.299831,Sentence,1,9.456523
12.562235,-7.781191,Sentence,1,8.386595
11.24105,-8.039428,Sentence,1,8.444069
11.374211,-7.2318068,Sentence,2,9.518079
9.657658,-8.225875,Sentence,1,8.698613
12.134598,-5.685483,Sentence,0,7.388527
12.672487,-7.3645267,Sentence,2,10.222841
11.263187,-6.8705845,Sentence,1,10.256283
11.461564,-8.223311,Sentence,2,9.906488
11.796113,-8.493582,Sentence,1,9.067703
11.995346,-7.0114465,Sentence,1,8.8536625
12.79537,-7.9204836,Sentence,1,9.755786
12.358212,-8.766385,Sentence,1,8.471086
13.390516,-4.605561,Sentence,0,8.027236
12.237356,-4.4669724,Sentence,0,9.345105
10.872253,-4.0483394,Sentence,0,10.0334215
11.972308,-8.993812,Sentence,1,8.760547
10.623518,-6.995691,Sentence,1,8.510773
12.214925,-6.9741716,Sentence,1,7.2909985
10.649935,-4.9861894,Sentence,2,9.759794
11.331832,-7.2108502,Sentence,1,8.97054
13.402906,-8.395528,Sentence,2,9.107503
11.909036,-8.060672,Sentence,1,9.371181
13.237728,-7.2489247,Sentence,2,9.4809
11.583309,-8.904438,Sentence,1,9.105809
10.623571,-7.1206903,Sentence,1,8.557673
12.465574,-8.632691,Sentence,1,9.492246
10.8269,-5.3669753,Sentence,0,8.787172
12.3505335,-8.177791,Sentence,1,7.8439264
11.205189,-8.768295,Sentence,2,9.510226
12.818696,-7.8351946,Sentence,1,9.948125
12.086043,-6.0072856,Sentence,2,10.28551
12.374147,-5.81591,Sentence,2,9.745985
12.198646,-8.780169,Sentence,1,9.343014
11.448716,-8.354867,Sentence,1,9.190409
12.732659,-5.621533,Sentence,2,10.297392
11.049887,-7.475933,Sentence,1,9.187584
12.592856,-7.8517985,Sentence,1,8.26274
11.540345,-7.8088694,Sentence,1,10.005594
11.3510275,-8.126598,Sentence,2,9.715827
11.369408,-8.140556,Sentence,1,9.23773
13.494261,-5.221243,Sentence,0,7.9910216
11.788699,-8.779955,Sentence,1,9.565409
11.991664,-5.744137,Sentence,2,10.543521
12.468504,-7.0112424,Sentence,2,8.864338
12.549683,-8.01672,Sentence,1,10.051394
12.696062,-8.07696,Sentence,1,8.56752
11.034439,-4.241752,Sentence,0,6.989737
11.823515,-6.9812517,Sentence,2,9.120356
10.457971,-5.5828705,Sentence,0,7.983114
12.021443,-7.173248,Sentence,1,7.576365
10.131834,-5.792779,Sentence,0,9.159402
10.092369,-8.309704,Sentence,0,8.949619
11.114948,-8.25651,Sentence,2,9.756587
12.670512,-7.869208,Sentence,2,9.111443
12.683685,-7.2996254,Sentence,2,10.738816
11.31729,-3.9091213,Sentence,2,10.672592
11.408398,-7.4951515,Sentence,1,8.56007
11.20379,-4.4007845,Sentence,0,10.891835
12.199326,-6.669037,Sentence,2,10.486476
11.951589,-6.5786686,Sentence,0,6.7242093
11.879767,-6.5998173,Sentence,2,10.061068
10.265327,-5.356713,Sentence,0,7.8983755
12.201774,-8.222232,Sentence,1,10.130592
11.780097,-4.361588,Sentence,2,10.386674
11.967941,-6.5918875,Sentence,2,9.54044
12.493636,-8.081263,Sentence,1,8.868356
12.397221,-6.04927,Sentence,2,11.007825
12.284309,-7.547954,Sentence,2,9.599982
10.84714,-5.297513,Sentence,0,8.813344
12.305378,-6.0452933,Sentence,2,11.004445
12.438012,-8.526435,Sentence,1,8.756377
12.591294,-8.23372,Sentence,1,8.973387
12.319064,-8.7065,Sentence,1,8.413943
10.370068,-5.5069585,Sentence,0,8.07799
12.496424,-6.378444,Sentence,2,8.954174
11.976331,-6.4421167,Sentence,0,7.4183383
12.272943,-7.827955,Sentence,1,9.300406
12.498279,-8.7487135,Sentence,1,8.936767
11.905151,-8.21018,Sentence,1,8.808554
11.8292265,-6.273222,Sentence,0,6.804924
11.499542,-5.8658605,Sentence,0,7.312629
10.417991,-6.644044,Sentence,0,8.052563
11.356429,-6.8808594,Sentence,1,8.390678
11.972798,-8.2895355,Sentence,1,9.67141
11.64326,-8.5000105,Sentence,1,8.963178
10.573037,-6.44347,Sentence,0,8.733246
12.524565,-6.7024474,Sentence,2,9.183977
12.113592,-7.842015,Sentence,1,9.821641
11.516233,-8.285543,Sentence,1,10.1834345
12.1269,-6.3129606,Sentence,2,10.1271305
12.226763,-5.8868546,Sentence,0,8.420629
11.743978,-8.867011,Sentence,1,8.0089035
11.254324,-8.659495,Sentence,1,8.744135
12.778032,-6.1001425,Sentence,0,7.661515
12.106991,-6.4603987,Sentence,2,9.536756
12.387282,-8.227835,Sentence,1,9.734726
11.759822,-8.321804,Sentence,1,8.181666
12.105607,-7.8462286,Sentence,0,7.724147
12.617228,-8.36179,Sentence,1,8.3535795
10.383607,-8.725897,Sentence,1,9.153838
12.270724,-7.8803678,Sentence,1,7.7530212
12.274866,-5.179737,Sentence,2,10.228876
12.543682,-7.3054557,Sentence,2,10.268473
12.396825,-8.481545,Sentence,1,9.120577
12.81989,-8.061829,Sentence,2,9.404971
12.571438,-7.4183507,Sentence,2,9.828409
11.481357,-8.440954,Sentence,1,8.732403
12.277938,-8.266182,Sentence,1,9.901432
12.079373,-8.579433,Sentence,1,9.839851
12.584563,-7.8541083,Sentence,1,9.64612
12.836396,-7.4060197,Sentence,2,8.766144
12.286881,-7.949936,Sentence,1,8.518022
11.29896,-8.5325775,Sentence,1,8.760151
11.888356,-7.4378023,Sentence,1,10.246551
12.226847,-8.678151,Sentence,1,8.622847
12.404554,-6.971872,Sentence,2,10.835447
12.000476,-7.1970825,Sentence,2,9.1511545
6.7370596,-2.7986472,Sentence,0,14.415721
13.650874,-4.248754,Sentence,0,8.014948
11.952047,-4.89356,Sentence,2,10.77984
12.224614,-5.604625,Sentence,2,10.650691
12.661537,-7.278782,Sentence,2,9.700937
10.542003,-7.156752,Sentence,0,9.395839
15.025421,-3.1233857,Sentence,0,8.257407
10.18407,-8.818531,Sentence,0,8.806049
12.141404,-4.611633,Sentence,2,8.514375
12.751165,-7.567496,Sentence,1,8.315147
12.106813,-6.2318044,Sentence,2,9.819359
12.078735,-6.9588118,Sentence,2,10.443106
11.824187,-8.635799,Sentence,1,8.6478815
12.523264,-7.891212,Sentence,1,8.11618
12.174305,-6.03263,Sentence,2,9.35125
12.875194,-8.002752,Sentence,2,9.437709
12.2329445,-6.1190424,Sentence,2,10.952482
9.688952,-8.090412,Sentence,1,8.315935
12.982012,-6.471946,Sentence,2,10.619096
12.153372,-6.8645964,Sentence,2,9.474357
11.273362,-5.2432065,Sentence,0,7.323854
10.592333,-8.279346,Sentence,1,9.469137
12.224884,-8.405511,Sentence,1,8.899714
10.755103,-8.148395,Sentence,1,8.498706
11.869765,-7.5071692,Sentence,1,7.497199
11.9562435,-7.0178843,Sentence,0,7.43761
10.397383,-8.551148,Sentence,1,8.5329
13.718448,-4.125011,Sentence,0,8.644102
13.102793,-6.673671,Sentence,2,10.039039
12.055771,-8.59345,Sentence,1,8.181104
13.137623,-6.322556,Sentence,0,10.377072
11.682215,-7.4069037,Sentence,0,7.3582
14.005807,-3.8603852,Sentence,0,7.58316
10.642711,-4.3810267,Sentence,0,9.991876
11.946042,-6.605368,Sentence,2,9.274342
10.710424,-3.9741359,Sentence,0,9.969991
10.74545,-4.888931,Sentence,0,6.69743
11.846342,-6.494577,Sentence,0,7.985557
10.787063,-6.357874,Sentence,0,7.8583803
12.382667,-6.7649345,Sentence,0,8.224072
12.201282,-6.7994146,Sentence,2,10.698763
12.032484,-6.82342,Sentence,2,9.745526
14.327883,-5.1969414,Sentence,0,7.8989325
12.43638,-5.4686995,Sentence,2,10.674605
11.218523,-6.832223,Sentence,2,8.829546
7.7464294,-3.9157958,Sentence,0,7.228081
12.150017,-8.722356,Sentence,1,9.583184
7.756315,-3.9250157,Sentence,0,7.2289844
12.304241,-5.6918683,Sentence,0,7.9361677
11.992151,-8.9397335,Sentence,1,9.328219
12.424648,-6.959785,Sentence,2,9.463594
10.222364,-5.6833477,Sentence,0,8.380474
11.973457,-8.140315,Sentence,1,8.740875
12.360122,-7.0580015,Sentence,1,8.015615
12.023385,-7.761562,Sentence,1,8.654813
11.068509,-8.931006,Sentence,1,8.795129
11.794324,-6.808086,Sentence,0,8.249635
10.969664,-8.706259,Sentence,0,8.235732
11.808943,-8.444539,Sentence,1,9.225419
11.145998,-7.470959,Sentence,1,9.034821
12.352088,-8.618474,Sentence,1,8.40749
13.009618,-4.9018254,Sentence,0,8.03808
11.250875,-7.2000465,Sentence,2,9.877844
10.730816,-2.878262,Sentence,0,3.0823917
11.976801,-8.003707,Sentence,1,10.077884
12.07984,-8.513378,Sentence,1,9.512909
13.2704935,-5.3721232,Sentence,2,8.853093
10.054784,-8.4848,Sentence,0,8.761933
11.977006,-7.393389,Sentence,2,10.315177
12.330602,-8.329406,Sentence,1,9.6695385
10.940842,-8.330966,Sentence,1,9.43364
11.60183,-5.2934556,Sentence,2,10.654443
12.27383,-8.483224,Sentence,1,7.7537675
12.528821,-8.525034,Sentence,1,9.294723
10.429842,-7.6155777,Sentence,2,9.591099
13.761982,-3.8851707,Sentence,0,8.877693
11.089722,-8.868495,Sentence,1,9.129994
10.543924,-5.0736117,Sentence,0,8.062333
12.437331,-5.3946404,Sentence,2,10.946931
15.048397,-3.1013126,Sentence,0,8.2614765
10.211193,-7.640621,Sentence,0,8.744024
11.78848,-7.8789244,Sentence,1,9.730438
11.345018,-7.568533,Sentence,0,9.28179
13.597044,-8.386545,Sentence,1,9.139388
11.246316,-8.501595,Sentence,1,9.607073
12.138125,-7.133033,Sentence,2,9.138506
11.244066,-8.794782,Sentence,1,8.710347
12.240964,-6.1451344,Sentence,0,7.950963
12.732474,-6.8366194,Sentence,2,10.747593
12.095994,-7.2244143,Sentence,2,10.1000595
12.396,-6.997737,Sentence,2,10.583548
13.20463,-6.1607,Sentence,2,9.699771
12.013239,-7.3319364,Sentence,0,8.085045
11.494957,-8.761065,Sentence,1,9.362737
12.574508,-7.6133704,Sentence,2,10.501081
11.794039,-6.32863,Sentence,0,7.9321704
12.768245,-8.122707,Sentence,2,9.220007
11.277592,-7.102504,Sentence,2,8.010747
11.225678,-8.617642,Sentence,1,9.585638
11.0938,-8.090453,Sentence,1,7.9855514
12.004676,-5.640578,Sentence,2,10.602304
11.534747,-7.608692,Sentence,0,8.741738
10.134915,-5.344433,Sentence,0,7.9242396
10.796955,-4.651854,Sentence,0,6.7694254
13.395358,-4.3789673,Sentence,0,7.8510766
13.084145,-5.0209756,Sentence,2,8.273585
12.175931,-8.659397,Sentence,1,9.020896
11.880637,-7.210714,Sentence,0,7.1124554
12.097824,-6.203621,Sentence,2,10.786927
11.659016,-5.5704784,Sentence,0,8.28173
11.100001,-8.929935,Sentence,1,8.746499
11.950812,-5.5910673,Sentence,2,11.093496
12.414111,-8.374443,Sentence,1,7.7978983
12.460823,-6.8422866,Sentence,2,10.447434
12.090652,-6.0393133,Sentence,0,8.122822
12.211427,-8.476002,Sentence,1,7.945076
12.144544,-5.1511593,Sentence,2,10.236119
11.034216,-6.864263,Sentence,2,8.7930565
12.0053215,-7.399556,Sentence,1,9.703
13.869308,-4.246707,Sentence,0,8.868866
12.582027,-8.208891,Sentence,1,7.8442636
10.969754,-7.4139557,Sentence,1,9.117197
12.552063,-6.2250223,Sentence,0,7.0497193
12.755613,-8.082748,Sentence,1,9.748042
12.260853,-5.6290116,Sentence,2,10.612532
13.133077,-7.2852654,Sentence,2,9.828059
12.19467,-6.6330466,Sentence,0,7.3825836
10.207089,-7.3721294,Sentence,0,8.598081
12.813925,-7.3622518,Sentence,2,8.638029
11.973422,-7.020275,Sentence,0,8.044015
10.367484,-6.0310082,Sentence,1,8.246547
10.998441,-7.083525,Sentence,0,9.123929
12.046906,-8.95946,Sentence,1,8.797119
13.195674,-6.674328,Sentence,2,9.72783
11.57249,-7.7946153,Sentence,1,8.934294
12.191322,-7.3021493,Sentence,0,7.636079
12.098734,-8.435106,Sentence,1,7.765268
10.839342,-5.066897,Sentence,0,6.873675
10.381876,-5.383426,Sentence,0,8.1740055
12.662622,-8.192686,Sentence,1,9.119263
11.706848,-4.817532,Sentence,2,10.774015
12.675581,-6.827459,Sentence,1,8.907694
12.547293,-5.337556,Sentence,2,9.2153635
12.7786875,-7.678659,Sentence,1,8.110308
11.745406,-4.106705,Sentence,2,10.340244
11.861032,-7.919335,Sentence,2,9.318801
11.406493,-7.7404013,Sentence,1,8.983304
11.321397,-4.859575,Sentence,2,9.302979
15.50714,-1.6684885,Sentence,0,10.261275
12.564867,-6.4490876,Sentence,2,10.060487
13.627805,-3.9309545,Sentence,0,8.295672
13.258675,-6.8809013,Sentence,2,9.762775
11.027299,-5.2964883,Sentence,0,7.5643463
12.642779,-8.409705,Sentence,1,9.306095
11.250052,-6.1294613,Sentence,0,6.554999
12.477422,-5.813804,Sentence,1,7.277056
12.292593,-5.796418,Sentence,2,9.445607
12.835647,-7.638555,Sentence,1,9.061485
11.965567,-8.626914,Sentence,1,9.290204
12.700625,-7.721498,Sentence,2,10.045342
10.9723015,-8.106612,Sentence,1,8.766567
10.463386,-8.562777,Sentence,0,8.577044
12.310826,-8.851138,Sentence,1,9.293043
10.621896,-7.917416,Sentence,1,9.245971
11.083437,-4.3808045,Sentence,2,10.19793
12.791331,-7.284382,Sentence,2,10.4186945
10.938226,-4.156232,Sentence,0,6.903348
9.572835,-7.247095,Sentence,0,6.974113
10.264463,-5.899261,Sentence,0,8.943206
11.251811,-7.9944015,Sentence,0,7.584296
12.173843,-8.347673,Sentence,1,9.560115
12.545462,-8.113577,Sentence,1,8.1273365
12.277099,-5.673841,Sentence,2,10.461467
10.699621,-8.783981,Sentence,1,8.949657
11.826909,-7.2973685,Sentence,0,7.753223
11.907455,-5.484563,Sentence,0,7.6357574
11.873051,-8.7889805,Sentence,1,8.588667
13.073627,-6.0207696,Sentence,2,9.817838
11.804297,-7.414965,Sentence,1,8.116196
11.871014,-8.659884,Sentence,1,8.468813
9.968751,-8.344033,Sentence,0,8.296676
12.971524,-6.142387,Sentence,2,9.4403515
11.171677,-4.5630503,Sentence,0,10.98279
11.746506,-6.716215,Sentence,1,8.197413
12.585821,-7.99061,Sentence,1,9.167549
12.453756,-8.524788,Sentence,1,8.449895
11.925737,-6.0693765,Sentence,0,8.110656
11.566704,-4.516808,Sentence,0,11.093001
12.336118,-8.367012,Sentence,1,7.731169
11.945848,-6.260857,Sentence,2,9.108321
12.452351,-8.35903,Sentence,1,7.8872976
11.54933,-7.1937203,Sentence,2,9.464286
13.207256,-6.828229,Sentence,2,9.5225315
13.254962,-5.1798816,Sentence,2,8.847608
12.115383,-7.285037,Sentence,2,10.083257
13.60525,-4.3536263,Sentence,1,8.514766
12.517605,-7.116994,Sentence,2,9.071018
12.193228,-7.0916204,Sentence,2,10.699165
12.798361,-7.8596554,Sentence,2,8.33374
13.594028,-8.369685,Sentence,2,9.090654
12.256635,-5.4740663,Sentence,2,10.536557
11.778418,-4.790331,Sentence,2,10.935393
10.909623,-7.5866823,Sentence,1,8.93538
9.6170635,-8.27731,Sentence,2,8.7402
12.685447,-5.1813583,Sentence,2,8.785284
12.513054,-5.6990967,Sentence,0,8.723286
12.279642,-5.6231704,Sentence,2,10.365257
11.473274,-6.1413407,Sentence,0,8.2912855
12.246087,-8.5213585,Sentence,1,9.388799
13.264497,-4.682591,Sentence,0,8.5247345
10.307156,-5.8080425,Sentence,0,9.00493
12.4742565,-5.6850014,Sentence,2,10.151623
10.76732,-4.807244,Sentence,0,6.7372894
12.47235,-8.614761,Sentence,1,9.242899
12.614413,-4.590037,Sentence,0,7.5693517
12.37483,-8.308521,Sentence,1,7.822729
12.7662115,-7.808818,Sentence,1,10.01205
12.565292,-8.66825,Sentence,1,8.589562
10.43633,-6.1728916,Sentence,0,9.335477
11.705168,-5.8100376,Sentence,2,10.298885
11.594999,-8.370993,Sentence,1,8.237452
11.619936,-8.569471,Sentence,1,9.784682
10.644184,-8.404451,Sentence,2,9.117242
12.572096,-6.134701,Sentence,2,8.9014435
12.737699,-7.543627,Sentence,2,10.623572
11.461309,-5.825257,Sentence,0,9.188117
13.459372,-4.882529,Sentence,0,8.603414
12.392892,-6.15635,Sentence,2,10.957451
12.343923,-7.6802077,Sentence,1,10.084941
11.976199,-8.522034,Sentence,1,9.219775
13.869012,-4.2653384,Sentence,0,8.882064
13.557387,-8.394462,Sentence,1,9.108326
12.892118,-7.685953,Sentence,2,9.595431
12.125175,-7.346969,Sentence,2,10.347292
10.625351,-6.6527233,Sentence,0,8.533656
11.175855,-8.453464,Sentence,1,9.628171
13.032673,-4.7480373,Sentence,0,8.000858
10.373273,-5.7384543,Sentence,0,8.562468
11.668501,-7.334598,Sentence,1,9.153154
13.016428,-5.8983583,Sentence,2,8.65995
11.441003,-8.777447,Sentence,1,9.558761
11.787244,-6.520445,Sentence,2,9.020116
11.331411,-8.216442,Sentence,0,7.6458106
12.516526,-7.8296747,Sentence,1,9.828009
11.5238695,-7.619293,Sentence,1,9.892109
11.645107,-6.0213842,Sentence,0,7.2375584
11.541164,-8.364259,Sentence,1,9.345347
10.031023,-8.60052,Sentence,1,8.558587
12.35537,-5.973865,Sentence,0,7.5014954
11.689676,-8.154449,Sentence,0,7.4307685
11.128056,-5.7969823,Sentence,0,7.980079
12.6365385,-8.063354,Sentence,1,8.762536
10.127707,-8.564966,Sentence,1,8.849869
12.903157,-7.4989276,Sentence,2,10.093235
10.445036,-8.289456,Sentence,1,8.704863
10.2485695,-5.2520494,Sentence,2,8.142512
12.258164,-7.920975,Sentence,1,9.547116
11.142103,-8.591715,Sentence,1,9.562904
11.993687,-8.030028,Sentence,2,10.156112
12.168966,-7.670714,Sentence,1,7.686031
12.823339,-6.882453,Sentence,2,9.759428
9.6427555,-8.119855,Sentence,0,8.367668
10.4769945,-7.6833863,Sentence,0,8.94917
10.895578,-5.2241516,Sentence,0,8.084047
12.103417,-5.0028996,Sentence,0,7.7873287
10.920467,-5.2167597,Sentence,0,8.650814
10.991167,-8.670861,Sentence,1,8.5979185
12.936716,-6.495151,Sentence,2,10.567518
11.758175,-7.17601,Sentence,0,7.594908
11.7985115,-8.409296,Sentence,1,10.077943
13.989346,-3.8631337,Sentence,0,7.5499315
11.256712,-8.734728,Sentence,1,8.483878
9.874381,-8.681365,Sentence,0,8.589362
10.573306,-5.1179957,Sentence,0,8.060556
12.499228,-7.905289,Sentence,1,9.515033
10.551354,-6.036342,Sentence,0,9.188392
11.396192,-8.191369,Sentence,1,9.238065
12.444223,-8.4161625,Sentence,1,8.317618
10.318011,-5.819742,Sentence,0,8.25148
12.142019,-7.865159,Sentence,2,10.413611
12.440031,-7.646515,Sentence,2,9.962522
12.226535,-7.356335,Sentence,1,9.249677
10.745159,-6.8154554,Sentence,2,8.714763
11.758432,-8.686631,Sentence,1,8.962386
12.305227,-5.284574,Sentence,2,10.741936
12.554269,-5.8660336,Sentence,2,10.147333
12.793572,-5.393342,Sentence,2,10.330408
10.441737,-8.494163,Sentence,1,9.287337
12.61047,-6.9793725,Sentence,2,10.5271635
12.325541,-5.114713,Sentence,2,10.475588
10.016926,-8.69715,Sentence,1,9.140562
12.397263,-7.636346,Sentence,1,7.743204
9.86976,-8.177047,Sentence,0,8.726445
11.763193,-6.243836,Sentence,0,7.3578835
11.996088,-7.3395133,Sentence,2,10.070975
10.842313,-7.4516587,Sentence,0,7.1531997
10.989022,-5.7541456,Sentence,0,8.980417
9.601001,-8.104582,Sentence,0,8.360781
11.860208,-4.719796,Sentence,0,10.96705
12.134176,-6.4545717,Sentence,2,10.337568
12.108337,-5.3451056,Sentence,2,10.960427
12.240977,-6.4166546,Sentence,0,9.094847
12.874567,-7.080663,Sentence,2,9.832277
10.609828,-7.294088,Sentence,0,8.741923
10.811499,-8.3023815,Sentence,1,8.757187
12.124205,-6.1519504,Sentence,2,8.51602
10.724105,-4.82043,Sentence,0,6.7467957
13.192922,-6.4849863,Sentence,2,9.719058
11.861542,-5.52196,Sentence,2,8.302528
12.699134,-8.072635,Sentence,1,8.416976
12.251128,-8.186855,Sentence,1,10.206843
10.342223,-8.590464,Sentence,0,8.501092
12.395386,-7.888512,Sentence,1,7.9425125
7.749612,-3.918979,Sentence,0,7.226938
12.892049,-6.3641586,Sentence,0,7.8710794
11.61021,-6.2986665,Sentence,2,10.344009
11.733573,-8.013483,Sentence,1,9.038627
12.648111,-7.7391424,Sentence,2,9.926018
11.608441,-8.769566,Sentence,1,8.829777
9.979301,-5.039429,Sentence,0,8.034473
12.050522,-8.735997,Sentence,1,9.291292
11.639955,-6.726956,Sentence,2,10.043942
12.06737,-8.555662,Sentence,1,9.579436
11.21166,-5.126067,Sentence,0,8.368487
13.169986,-7.767989,Sentence,1,8.85175
10.819749,-4.012009,Sentence,0,9.996164
11.816942,-7.827599,Sentence,0,7.2014275
10.295134,-7.0480433,Sentence,0,8.155867
13.580133,-4.1629696,Sentence,2,8.46928
12.508588,-6.2349563,Sentence,2,10.367945
10.801861,-5.8950877,Sentence,0,7.8220677
11.64566,-7.1370287,Sentence,0,7.1017656
12.024656,-5.95411,Sentence,2,10.511989
12.040265,-8.514435,Sentence,1,8.558987
11.79937,-8.283035,Sentence,1,8.472512
12.695817,-7.7761717,Sentence,1,8.49976
12.180427,-8.885728,Sentence,1,8.582434
11.13448,-7.500283,Sentence,1,8.927894
13.500695,-5.964205,Sentence,0,8.227534
11.260771,-5.2756705,Sentence,0,7.163732
12.8164215,-6.994515,Sentence,2,8.466555
12.824553,-6.9298515,Sentence,2,8.934595
13.098243,-5.7774487,Sentence,2,10.699162
11.999745,-7.304135,Sentence,1,9.330285
12.197273,-8.149754,Sentence,1,10.11527
11.808372,-7.1757193,Sentence,1,7.7146397
11.798306,-7.862192,Sentence,1,9.946736
11.209377,-7.9982166,Sentence,1,9.302054
11.159702,-8.646836,Sentence,1,9.169499
12.780701,-7.549854,Sentence,2,9.942822
11.826968,-8.64785,Sentence,1,9.704167
11.525856,-6.297321,Sentence,0,7.6792192
11.140024,-8.114926,Sentence,1,8.184645
12.94002,-6.6755157,Sentence,2,8.822246
11.142538,-8.67116,Sentence,1,9.415401
12.388545,-8.417562,Sentence,1,9.167917
11.700685,-5.2423687,Sentence,2,10.578952
11.995407,-8.828157,Sentence,1,9.221171
11.909093,-6.484976,Sentence,0,6.909579
11.08856,-8.299787,Sentence,1,9.014608
10.342048,-8.914369,Sentence,1,8.766501
11.475246,-6.9706407,Sentence,0,7.8665347
11.868695,-8.820733,Sentence,1,8.283046
11.749371,-8.371796,Sentence,1,9.710546
10.889563,-5.417098,Sentence,0,8.816697
11.756523,-8.28091,Sentence,1,8.246884
12.092715,-8.533399,Sentence,1,9.539886
11.479826,-7.7022657,Sentence,1,8.914141
11.127002,-6.3508487,Sentence,2,9.324215
12.236508,-7.3199425,Sentence,2,9.919462
12.853067,-7.839177,Sentence,1,8.965412
12.92084,-7.5896506,Sentence,2,9.241645
11.800593,-7.836549,Sentence,1,9.877733
11.946455,-8.811863,Sentence,1,9.46631
12.369422,-6.711257,Sentence,0,6.7798023
12.107217,-8.199762,Sentence,1,10.106421
10.527656,-4.769774,Sentence,0,6.4013543
12.408573,-7.835,Sentence,2,10.172507
11.476515,-8.90485,Sentence,1,8.895633
12.3859625,-7.9023027,Sentence,1,9.43192
9.7784195,-7.6117535,Sentence,0,8.719764
11.630627,-7.007223,Sentence,0,7.555651
11.8406725,-5.1298137,Sentence,2,10.866649
11.985933,-8.323767,Sentence,1,9.4817705
12.697894,-8.556622,Sentence,1,9.097568
11.323308,-4.378062,Sentence,0,10.967819
12.517381,-5.7528462,Sentence,2,10.844885
12.002421,-8.28515,Sentence,1,8.742197
14.308713,-5.43597,Sentence,1,7.950825
11.335161,-7.287731,Sentence,1,10.132345
12.507102,-4.8014026,Sentence,2,10.035693
10.184905,-4.133668,Sentence,0,5.721329
12.33502,-7.3092527,Sentence,2,10.090575
12.329453,-7.722045,Sentence,1,9.627361
12.749367,-6.970677,Sentence,2,10.592168
11.1851425,-7.0370884,Sentence,2,10.228903
12.540637,-7.438908,Sentence,1,8.465727
10.3101845,-4.6229,Sentence,0,6.137443
9.926182,-8.878643,Sentence,0,8.409794
11.815185,-5.816602,Sentence,0,9.111651
12.0103035,-8.005919,Sentence,1,9.969689
10.944021,-5.2315407,Sentence,0,6.8990974
11.024577,-5.843833,Sentence,0,7.0000744
12.581993,-7.900821,Sentence,1,8.692544
12.305001,-6.52039,Sentence,2,9.563467
11.6081505,-8.654861,Sentence,1,9.143196
12.412533,-6.8683844,Sentence,0,7.8694997
10.707199,-8.119488,Sentence,0,8.291092
12.019784,-6.8575997,Sentence,0,8.38184
12.352666,-5.318251,Sentence,2,10.55153
11.291907,-3.9143498,Sentence,0,10.691633
11.46162,-5.616133,Sentence,2,9.176622
10.971738,-8.302567,Sentence,1,8.821244
11.950686,-8.207398,Sentence,1,9.076092
11.585165,-8.789354,Sentence,1,9.28102
12.565993,-7.598909,Sentence,1,9.309867
11.58736,-8.376471,Sentence,1,9.356737
12.106394,-8.603143,Sentence,1,9.356122
11.394402,-8.392772,Sentence,1,8.779763
12.124773,-7.738097,Sentence,1,9.715783
12.244825,-8.319741,Sentence,1,8.369637
12.51522,-6.7876925,Sentence,2,10.784461
11.706406,-7.9645567,Sentence,1,9.442925
12.050708,-7.848758,Sentence,1,10.560451
10.744253,-8.488901,Sentence,1,9.589862
12.579382,-6.22254,Sentence,2,9.833223
12.61482,-6.244825,Sentence,0,7.8228936
10.95635,-5.839643,Sentence,2,8.50591
13.877887,-4.2650404,Sentence,0,8.853467
11.63437,-6.984358,Sentence,0,6.94429
11.680223,-6.6065145,Sentence,0,7.283089
10.880671,-8.991578,Sentence,1,9.141482
10.470149,-8.779653,Sentence,1,8.837575
11.590211,-8.536194,Sentence,1,8.234959
12.916948,-7.6032033,Sentence,2,9.997752
10.871401,-5.3586116,Sentence,0,8.218371
12.026204,-8.573854,Sentence,2,10.065742
11.669891,-6.755925,Sentence,0,7.1946187
12.715508,-8.52472,Sentence,1,8.97355
11.562683,-8.012681,Sentence,0,8.588012
11.500809,-6.1435785,Sentence,0,7.9383316
12.096607,-8.724245,Sentence,1,8.724087
11.580289,-5.934952,Sentence,0,8.948493
10.919405,-4.836142,Sentence,0,7.002333
12.317173,-8.784091,Sentence,1,9.174274
10.730735,-2.8781579,Sentence,0,3.0822408
12.539494,-7.9830213,Sentence,1,8.118989
12.05803,-7.4766,Sentence,0,7.725704
11.071596,-7.112525,Sentence,0,7.392307
13.02259,-6.621051,Sentence,2,10.2379055
11.057214,-7.9613953,Sentence,1,8.955087
10.794338,-7.331769,Sentence,1,9.592323
11.094997,-5.976422,Sentence,0,7.543661
11.433245,-7.8599367,Sentence,1,10.2182
10.647839,-8.307417,Sentence,1,9.043973
11.006967,-4.4513702,Sentence,0,6.8472376
11.558079,-7.7733617,Sentence,1,8.905565
11.5086775,-6.2541804,Sentence,0,8.642174
11.702559,-8.482584,Sentence,1,9.181475
12.163183,-8.302967,Sentence,1,9.689064
12.454471,-8.255715,Sentence,1,7.812331
9.892473,6.5278225,Sentence,0,6.8835793
12.268472,-8.559357,Sentence,1,9.829148
12.331082,-6.036851,Sentence,2,10.989431
12.310456,-7.11933,Sentence,0,7.801336
12.445425,-6.6043906,Sentence,2,10.082965
12.5971365,-7.652975,Sentence,2,10.279069
14.362633,-5.301749,Sentence,1,7.900708
10.262989,-7.464093,Sentence,0,8.486544
12.308187,-6.8766103,Sentence,0,8.269359
12.1630745,-8.970619,Sentence,1,8.282283
10.020152,-8.2687435,Sentence,1,8.438794
11.243979,-5.8208575,Sentence,0,8.513992
11.534015,-7.96801,Sentence,1,9.3829155
12.2206545,-6.9761033,Sentence,2,9.446174
12.207594,-8.142799,Sentence,1,9.701767
12.375837,-7.400283,Sentence,1,7.4495583
10.497617,-6.2164526,Sentence,0,7.924345
10.800111,-7.754274,Sentence,0,8.213709
13.308375,-6.920171,Sentence,2,9.966801
12.124113,-8.739971,Sentence,1,9.161527
11.102813,-7.6588182,Sentence,1,8.066868
11.502292,-5.9596896,Sentence,2,10.258872
12.773836,-7.240733,Sentence,2,10.567827
12.987501,-6.034109,Sentence,2,9.687185
11.588448,-8.733879,Sentence,1,8.619168
10.637359,-7.1214137,Sentence,1,8.647236
10.671165,-7.045457,Sentence,0,9.302883
12.399576,-5.767545,Sentence,2,10.655545
12.621977,-7.45251,Sentence,1,8.599248
10.9278965,-6.2791233,Sentence,0,9.482151
12.373679,-8.1806555,Sentence,1,9.3361435
12.665631,-7.26878,Sentence,1,9.020842
11.541864,-8.183102,Sentence,1,9.726587
11.8881235,-7.053559,Sentence,0,7.1318126
12.237113,-6.7833176,Sentence,2,10.57286
12.3365135,-7.4352994,Sentence,2,10.210888
12.417431,-8.796422,Sentence,1,8.824749
12.918605,-6.4805474,Sentence,2,8.933105
13.715378,-4.1641393,Sentence,2,8.726722
13.003883,-5.0959234,Sentence,0,8.634142
12.619119,-6.2246456,Sentence,0,7.0833898
12.165957,-8.255613,Sentence,0,7.5213156
11.163757,-6.046365,Sentence,0,7.373501
11.207173,-6.608932,Sentence,1,8.213464
11.031152,-7.894072,Sentence,1,8.900504
11.078149,-6.470272,Sentence,1,9.506104
11.090115,-8.322164,Sentence,1,8.666933
11.254425,-8.302305,Sentence,1,8.618563
12.53659,-7.6451015,Sentence,2,10.348902
10.352607,-6.6276135,Sentence,0,8.393546
12.491244,-6.5591865,Sentence,2,10.639658
10.560892,-7.699112,Sentence,1,8.984525
12.5285635,-7.10412,Sentence,2,10.6854925
12.862971,-6.898192,Sentence,2,10.595466
12.512555,-8.629745,Sentence,1,9.626484
12.041411,-5.23262,Sentence,0,7.2025685
12.76871,-7.2984676,Sentence,2,9.914965
11.502461,-7.2078805,Sentence,1,9.943341
12.508086,-7.72277,Sentence,0,7.917808
11.951808,-8.708935,Sentence,1,8.7560625
12.280244,-7.832088,Sentence,2,10.093001
12.226417,-8.160934,Sentence,1,7.600998
12.726521,-8.061342,Sentence,1,9.807982
12.351743,-8.543937,Sentence,1,9.781922
12.764161,-7.319249,Sentence,2,9.680224
11.918061,-6.408502,Sentence,2,9.293144
11.705745,-6.8406005,Sentence,2,9.627816
12.299242,-8.79395,Sentence,1,8.410429
12.272327,-7.3907795,Sentence,2,10.560333
11.140084,-6.2876515,Sentence,0,8.238142
12.389492,-6.4051814,Sentence,2,10.584557
11.852009,-8.625986,Sentence,1,8.600684
13.981003,-4.2256145,Sentence,0,8.276311
10.657694,-6.1922655,Sentence,0,8.418652
12.373921,-8.254519,Sentence,1,8.567832
11.768857,-8.008884,Sentence,1,9.788676
12.826901,-6.5718417,Sentence,2,10.614522
12.792141,-7.859507,Sentence,1,10.113837
10.323731,-8.121857,Sentence,1,8.790144
12.384728,-8.58847,Sentence,1,9.63364
12.988417,-7.240087,Sentence,2,9.008394
12.449104,-5.7071233,Sentence,2,10.160401
12.3329735,-6.547641,Sentence,2,10.84768
11.38899,-5.12819,Sentence,0,7.3621273
12.988859,-6.595169,Sentence,2,9.123184
10.939614,-7.003969,Sentence,0,8.754262
10.705344,-5.444377,Sentence,0,8.298076
12.348305,-5.113538,Sentence,2,10.058564
12.283578,-8.117592,Sentence,1,9.552962
11.992376,-7.6979604,Sentence,2,9.789471
12.598663,-5.6975327,Sentence,2,9.175174
12.685162,-6.4995522,Sentence,2,10.312856
12.564204,-6.4708676,Sentence,0,8.229114
12.351084,-8.589877,Sentence,1,8.3522
11.604819,-5.443221,Sentence,2,10.557973
10.728507,-4.7416143,Sentence,0,6.71908
11.0376,-5.3219004,Sentence,0,8.630735
13.76205,-4.226953,Sentence,0,8.343771
12.358979,-8.515062,Sentence,1,9.129862
9.47918,-7.2577453,Sentence,0,6.9041924
10.873949,-7.494706,Sentence,0,8.746616
15.036643,-3.1131976,Sentence,0,8.257803
11.611972,-8.691943,Sentence,1,7.5971246
12.687861,-8.105229,Sentence,1,9.746659
12.001246,-6.689704,Sentence,0,7.290827
10.151583,-9.048837,Sentence,0,8.620767
14.547722,-3.7398663,Sentence,0,8.585851
11.22431,-8.831741,Sentence,1,8.748761
12.258655,-8.42608,Sentence,1,9.967662
13.044998,-7.5934043,Sentence,2,9.415639
13.532827,-8.344974,Sentence,2,9.166041
12.143608,-8.090254,Sentence,1,10.3787775
11.47823,-6.3174114,Sentence,2,10.036816
12.39257,-7.404666,Sentence,2,8.551467
12.496536,-8.809913,Sentence,1,8.998902
9.960506,-7.9076023,Sentence,0,8.005957
12.209502,-7.735775,Sentence,1,8.871698
12.297225,-7.477822,Sentence,1,9.706048
11.675855,-8.93311,Sentence,1,8.892091
10.323529,-8.6135435,Sentence,0,8.462777
12.521263,-7.3020897,Sentence,2,10.262187
10.847259,-6.1084504,Sentence,0,9.249579
12.888554,-6.157958,Sentence,2,10.697394
13.2985525,-6.513856,Sentence,2,10.086204
11.834648,-7.1341834,Sentence,1,9.446076
13.49289,-4.282324,Sentence,0,7.828034
10.898929,-8.64301,Sentence,1,9.231647
11.907113,-6.64219,Sentence,1,9.235869
12.144244,-8.234381,Sentence,1,9.494845
11.995853,-8.692899,Sentence,1,9.438565
11.546873,-8.491001,Sentence,1,8.21873
11.546154,-5.286408,Sentence,2,10.746891
12.132664,-8.544121,Sentence,1,9.464448
10.956004,-8.049542,Sentence,2,9.959186
11.767613,-6.488026,Sentence,0,7.5611897
10.118295,-8.806756,Sentence,0,8.162423
12.748041,-7.6407895,Sentence,1,8.493142
10.170922,-5.184869,Sentence,0,7.94166
11.428075,-5.008841,Sentence,2,10.491739
12.113334,-8.408557,Sentence,1,8.128422
10.704278,-4.4871387,Sentence,0,9.939301
11.827139,-8.184739,Sentence,1,9.620522
11.712992,-7.9026446,Sentence,1,8.628805
11.471112,-7.130762,Sentence,0,6.749308
12.442553,-4.7858353,Sentence,0,7.9808083
11.566647,-7.1765237,Sentence,0,6.8952827
13.478379,-4.3773246,Sentence,0,8.770066
12.6169815,-7.118441,Sentence,2,8.948769
10.651235,-5.893904,Sentence,0,9.935547
10.538105,-5.8589044,Sentence,0,9.059568
11.431216,-7.312443,Sentence,0,8.0711155
9.792324,-7.6805143,Sentence,1,7.465131
11.42825,-8.60464,Sentence,1,9.010016
10.17839,-4.134818,Sentence,0,5.7174993
10.625087,-7.0843086,Sentence,0,7.823946
12.549111,-8.238021,Sentence,1,8.253063
11.4563055,-8.767605,Sentence,1,9.149832
12.566328,-7.603865,Sentence,1,7.792115
11.04893,-8.849535,Sentence,1,9.113577
10.27012,-8.943264,Sentence,1,8.62046
12.537046,-4.737983,Sentence,2,9.242902
12.064457,-5.8795857,Sentence,2,10.570005
12.314201,-7.8456297,Sentence,1,9.193614
10.411006,-6.7888784,Sentence,0,9.548879
12.317965,-7.0588923,Sentence,2,10.6286125
12.336467,-8.163245,Sentence,1,10.055039
12.36147,-5.101279,Sentence,2,10.048731
10.772858,-4.999243,Sentence,0,7.455251
10.941074,-7.819335,Sentence,0,7.414706
10.674818,-7.3520756,Sentence,1,9.361082
12.427173,-7.103199,Sentence,1,7.9843054
11.188912,-5.521395,Sentence,0,6.698562
12.805802,-5.1419454,Sentence,2,8.393761
11.725968,-8.824946,Sentence,1,8.73488
10.969681,-7.4314356,Sentence,0,8.937483
12.630068,-5.6206975,Sentence,2,9.434647
11.348521,-6.3681116,Sentence,2,9.487933
12.29739,-7.3827887,Sentence,0,8.528368
12.349468,-7.320884,Sentence,1,7.6149206
12.814262,-5.3388004,Sentence,2,8.772626
13.325052,-8.284891,Sentence,1,9.050627
11.680112,-6.908697,Sentence,0,7.282763
11.642517,-7.086469,Sentence,1,9.165559
11.400998,-7.0684156,Sentence,1,8.381743
12.034563,-8.640387,Sentence,1,9.967914
11.422625,-8.7963705,Sentence,1,8.770257
11.931972,-8.420747,Sentence,1,10.124244
10.535462,-5.5283456,Sentence,0,8.261773
12.881533,-6.2614074,Sentence,2,10.626619
12.229782,-7.2688117,Sentence,0,7.6046987
12.916679,-7.657627,Sentence,2,9.768672
11.373661,-8.852799,Sentence,1,8.884421
11.439502,-8.380802,Sentence,1,9.996233
11.4155655,-6.1822963,Sentence,0,6.9822273
10.590582,-7.0107307,Sentence,2,9.700225
12.469418,-7.7901487,Sentence,2,10.318324
12.718594,-8.57381,Sentence,0,8.701912
10.561048,-6.8149824,Sentence,0,9.558041
12.502291,-7.2407207,Sentence,2,8.983443
11.2617035,-8.572341,Sentence,1,8.502732
13.364946,-5.5759864,Sentence,2,9.205193
12.106715,-5.524392,Sentence,2,10.959575
12.516945,-7.040014,Sentence,0,7.982586
12.553474,-7.7104335,Sentence,1,7.763192
13.90685,-4.0604486,Sentence,0,7.7345476
11.954731,-4.679532,Sentence,2,10.403054
12.434346,-8.275792,Sentence,1,8.521148
11.387649,-6.52027,Sentence,2,8.365239
10.6031,-6.4345636,Sentence,0,8.943643
13.528876,-8.351249,Sentence,2,9.054963
11.1861725,-5.879532,Sentence,0,7.8263383
11.187176,-4.832104,Sentence,2,10.265566
12.528545,-7.919896,Sentence,1,9.8621645
14.0452795,-4.0845823,Sentence,0,8.654551
12.651271,-7.3013573,Sentence,2,10.6842165
12.416022,-8.068576,Sentence,1,9.668176
13.553829,-4.3348913,Sentence,2,8.638878
11.288245,-6.3026795,Sentence,0,8.670755
11.48025,-4.260422,Sentence,2,11.023452
12.312851,-6.421403,Sentence,2,10.831753
12.300868,-5.752438,Sentence,2,10.506594
9.892868,6.5278893,Sentence,0,6.882008
11.792841,-8.393104,Sentence,2,10.011712
11.924272,-8.669774,Sentence,1,9.451179
9.462339,-7.6265874,Sentence,0,7.108875
12.916554,-8.21543,Sentence,0,8.941742
12.432585,-5.8072114,Sentence,2,10.842685
11.566877,-8.988137,Sentence,1,9.258844
12.870219,-7.4799666,Sentence,2,9.44781
11.845846,-7.4622707,Sentence,0,7.693906
12.047141,-8.024149,Sentence,2,10.308736
12.071491,-8.381973,Sentence,1,9.356496
11.184821,-8.451011,Sentence,2,9.530112
12.694063,-8.028315,Sentence,1,8.85563
12.268848,-6.7048693,Sentence,0,7.980071
10.972079,-8.405868,Sentence,1,9.397449
12.656194,-8.476344,Sentence,1,9.500634
12.465758,-6.7741766,Sentence,2,9.197519
10.72135,-6.605024,Sentence,1,9.114599
12.380799,-8.005298,Sentence,2,10.152103
12.681234,-7.818421,Sentence,0,8.020546
11.440558,-7.0445485,Sentence,1,9.150387
11.109333,-8.062735,Sentence,1,8.892803
12.715826,-5.578157,Sentence,0,8.404603
12.68823,-7.2269754,Sentence,2,10.303824
12.684695,-6.125435,Sentence,0,7.191116
12.544791,-7.8996243,Sentence,1,10.2372265
12.721792,-7.7461796,Sentence,2,10.324593
12.2797365,-8.02628,Sentence,1,7.9931693
11.989173,-7.9232345,Sentence,1,10.502309
11.379315,-6.330221,Sentence,0,7.3164396
13.987973,-3.8690438,Sentence,0,7.5595407
12.109652,-6.743189,Sentence,2,10.270929
11.904062,-8.252015,Sentence,1,9.901132
9.741295,-8.261223,Sentence,1,8.349321
12.343067,-7.270567,Sentence,2,10.54532
10.257675,-7.655966,Sentence,0,9.161639
10.764146,-6.7741084,Sentence,0,7.628814
12.248958,-6.7896223,Sentence,2,10.6505375
11.474632,-7.4400735,Sentence,0,7.6200647
11.175579,-7.2465796,Sentence,2,9.438804
11.964056,-6.7079763,Sentence,0,7.8237853
12.37193,-6.5231576,Sentence,2,10.851088
11.999513,-7.03575,Sentence,0,8.144128
12.364829,-8.570172,Sentence,1,9.47543
11.98792,-8.097336,Sentence,1,9.722136
12.44082,-7.87358,Sentence,2,10.126883
14.089313,-5.4143505,Sentence,0,7.994396
11.2844,-6.1914973,Sentence,2,9.96524
13.169196,-4.83607,Sentence,0,7.9912434
11.116849,-5.586022,Sentence,0,8.137183
11.992781,-7.630168,Sentence,1,10.3905115
12.522466,-8.040267,Sentence,1,9.846011
11.285619,-8.138775,Sentence,1,8.991127
12.562548,-8.572462,Sentence,1,8.807501
12.982982,-7.5352397,Sentence,2,8.831537
13.020209,-5.0286508,Sentence,0,9.6248045
11.903672,-7.111713,Sentence,0,7.43594
11.219468,-6.3237567,Sentence,2,10.616926
10.839096,-5.6412945,Sentence,0,7.285099
12.596824,-6.366914,Sentence,2,9.554471
12.929657,-6.8753285,Sentence,2,9.710656
10.985307,-8.793197,Sentence,1,9.0857525
12.782235,-6.953849,Sentence,2,10.623194
12.471707,-7.1925488,Sentence,2,10.8383465
11.134666,-6.468016,Sentence,0,8.399408
12.158342,-4.986466,Sentence,2,10.728714
10.784087,-6.450308,Sentence,0,7.168056
12.49635,-7.913698,Sentence,1,8.324609
11.669695,-8.01718,Sentence,1,9.293843
12.568065,-8.1676445,Sentence,1,9.871558
12.314847,-7.6717377,Sentence,1,7.948926
12.523599,-4.7906976,Sentence,2,10.14206
12.381666,-6.7272916,Sentence,2,10.895896
13.224078,-6.8097124,Sentence,2,9.598972
9.568137,-8.092259,Sentence,0,8.343108
11.246499,-8.862361,Sentence,1,8.91728
11.376484,-8.401133,Sentence,1,8.955639
11.987606,-8.536233,Sentence,1,8.654737
12.830193,-7.3959155,Sentence,2,10.4437
12.078954,-6.667758,Sentence,2,10.777826
11.764778,-5.7443943,Sentence,0,9.0849285
12.374306,-6.6355963,Sentence,2,10.21484
11.870188,-8.954415,Sentence,1,8.0049095
10.276318,-7.3061724,Sentence,0,9.020276
12.330986,-6.478987,Sentence,2,10.042101
10.576111,-8.442503,Sentence,1,9.390158
12.463395,-7.0189757,Sentence,2,10.812509
10.739256,-6.9604053,Sentence,0,9.049475
11.915815,-6.7081075,Sentence,2,10.305112
11.1632,-6.717818,Sentence,0,9.202305
11.096576,-6.2613616,Sentence,2,10.217823
13.12708,-6.6777196,Sentence,2,10.040767
12.207619,-7.4271626,Sentence,1,7.623774
11.602386,-8.172942,Sentence,1,9.678658
11.957793,-7.4882164,Sentence,1,8.269964
12.241484,-6.660008,Sentence,2,10.726607
11.040162,-4.577436,Sentence,0,8.917167
11.062045,-5.9572887,Sentence,0,7.2683043
11.938296,-6.287588,Sentence,2,10.130641
11.376679,-5.9502687,Sentence,2,10.452571
11.484142,-8.086635,Sentence,1,8.592201
11.882312,-8.00606,Sentence,1,7.5518184
12.822653,-8.07963,Sentence,1,8.517462
10.542795,-8.478128,Sentence,1,9.4681225
10.494033,-5.7740626,Sentence,0,8.486171
10.365683,-6.0062375,Sentence,0,7.546632
12.324958,-4.99483,Sentence,2,9.938855
10.60295,-5.0921044,Sentence,0,7.765802
12.914817,-7.6073856,Sentence,2,9.351742
10.186533,-8.956606,Sentence,1,8.637812
12.00662,-6.701037,Sentence,0,7.2011776
12.473229,-7.193614,Sentence,0,7.872061
11.88791,-7.8031344,Sentence,1,9.921065
13.90159,-4.2296643,Sentence,0,8.324059
12.917788,-7.9256673,Sentence,1,9.258851
12.395412,-8.61293,Sentence,1,8.557558
12.474167,-8.183844,Sentence,1,9.598584
12.459498,-6.778532,Sentence,2,10.564615
10.97587,-7.6890616,Sentence,0,7.5875654
11.859172,-6.2495556,Sentence,2,9.466511
12.340225,-7.8490534,Sentence,1,9.456905
13.084391,-6.094432,Sentence,2,9.87911
12.00348,-6.602394,Sentence,0,8.8881035
12.096509,-6.7344975,Sentence,2,10.241552
12.076918,-6.1195354,Sentence,0,7.898874
10.886395,-5.3086987,Sentence,0,6.8019457
11.783004,-8.658608,Sentence,1,8.174948
9.893295,6.52689,Sentence,0,6.8826904
12.25545,-5.7098775,Sentence,0,8.604791
11.861732,-7.5928493,Sentence,1,9.480069
12.474139,-8.279467,Sentence,2,10.158451
11.812768,-7.5427933,Sentence,0,7.4457674
10.670536,-7.638194,Sentence,0,7.363638
11.896482,-8.299184,Sentence,1,8.075267
12.284162,-8.350281,Sentence,1,9.666821
12.441016,-6.8809233,Sentence,0,8.081993
10.860819,-6.38009,Sentence,0,7.560481
11.529659,-8.3234,Sentence,1,9.355819
11.506383,-8.309916,Sentence,1,9.302634
11.961297,-8.021714,Sentence,2,9.73022
11.470368,-8.345195,Sentence,1,8.919821
11.5088415,-8.259846,Sentence,1,8.355479
12.887826,-6.9847093,Sentence,2,8.870466
11.96922,-7.057188,Sentence,2,9.6789665
12.324271,-8.362368,Sentence,1,9.054908
11.283236,-7.860082,Sentence,1,8.207539
11.595852,-8.59221,Sentence,1,9.625629
12.101659,-8.290051,Sentence,1,10.090434
11.941267,-5.0315986,Sentence,2,8.459852
12.488178,-6.8518724,Sentence,2,10.574055
12.019642,-7.4385934,Sentence,1,7.8001604
12.514283,-7.389491,Sentence,2,10.358488
11.858837,-6.9371753,Sentence,0,7.3066034
10.986512,-6.384454,Sentence,0,8.31491
12.447871,-7.9072576,Sentence,1,10.088023
9.959011,-6.178822,Sentence,0,8.392336
12.000796,-8.62546,Sentence,1,8.308661
12.3918,-6.1166997,Sentence,0,8.503159
11.813951,-8.445846,Sentence,0,7.9981456
10.580271,-5.242238,Sentence,0,7.6366053
12.383297,-6.0272274,Sentence,2,10.559902
12.00381,-8.903317,Sentence,1,9.189801
12.706558,-8.170118,Sentence,1,8.489893
12.556982,-8.157472,Sentence,1,8.459117
12.890514,-6.8611174,Sentence,2,10.588466
12.020919,-8.491841,Sentence,1,10.001982
11.720106,-6.2632046,Sentence,2,9.1242485
12.673829,-7.398862,Sentence,2,10.199139
12.576464,-8.2644615,Sentence,1,8.454636
12.178661,-6.214165,Sentence,2,10.627894
11.990068,-8.685789,Sentence,1,8.777088
12.615232,-8.357467,Sentence,1,9.165814
12.028467,-8.742741,Sentence,1,7.920666
13.088695,-7.43858,Sentence,2,9.526011
12.366071,-8.690092,Sentence,1,8.592443
12.253746,-5.822639,Sentence,0,7.965026
11.80535,-7.2016006,Sentence,2,10.252539
11.353637,-8.762382,Sentence,1,9.4474945
10.3231,-7.48671,Sentence,1,9.292802
11.036203,-8.548921,Sentence,1,9.440466
10.034011,-5.0391445,Sentence,0,7.8662205
12.1460705,-6.6250997,Sentence,2,10.762035
11.535097,-8.757847,Sentence,1,8.240146
12.312145,-5.931253,Sentence,0,7.7497807
12.337781,-5.450592,Sentence,0,7.996504
12.845219,-6.891353,Sentence,2,10.564888
12.003855,-7.1162896,Sentence,0,8.137788
11.342228,-6.889215,Sentence,0,6.65286
11.6302595,-7.4494486,Sentence,0,7.283683
12.662853,-7.3543015,Sentence,1,8.5997095
11.109113,-7.5820055,Sentence,1,9.220481
12.163214,-8.440259,Sentence,1,9.517994
14.549894,-3.7420042,Sentence,0,8.5851555
12.182932,-5.958787,Sentence,0,8.977797
11.993981,-8.172559,Sentence,2,9.653309
10.2438545,-8.726245,Sentence,1,9.322879
12.533007,-7.362342,Sentence,1,7.799204
12.828447,-7.0497527,Sentence,2,10.378579
11.844037,-7.3145037,Sentence,1,8.30896
14.400053,-3.600348,Sentence,2,8.450353
10.707721,-6.992988,Sentence,0,8.985514
12.108945,-8.223857,Sentence,1,9.727703
12.527999,-6.7559752,Sentence,2,10.185536
12.12794,-8.130065,Sentence,1,8.970312
11.889552,-8.355037,Sentence,1,9.7936
11.914237,-7.58335,Sentence,1,8.174455
7.746365,-3.9161077,Sentence,0,7.227905
12.083392,-8.378084,Sentence,1,9.230753
12.805381,-7.1806526,Sentence,2,10.61915
12.870728,-8.156155,Sentence,1,8.620915
10.266628,-6.0292273,Sentence,0,8.361417
11.650847,-5.7394357,Sentence,0,7.7175
12.838986,-7.0628343,Sentence,2,10.362078
12.12497,-8.620377,Sentence,1,9.567808
11.2246895,-8.137731,Sentence,1,9.540657
12.288045,-4.6562853,Sentence,0,7.703413
10.839793,-5.801078,Sentence,0,7.8517027
11.875201,-6.6463704,Sentence,0,9.486007
11.431817,-8.113789,Sentence,1,8.969142
12.932928,-8.384586,Sentence,1,9.014769
9.615815,-8.290585,Sentence,0,8.575476
12.602923,-6.8078103,Sentence,2,9.887583
12.822917,-6.722207,Sentence,2,10.49298
10.886456,-7.3659687,Sentence,1,8.975203
10.541369,-7.1355376,Sentence,1,9.05199
12.281701,-7.362916,Sentence,2,9.553839
13.135456,-6.939256,Sentence,2,9.536741
11.981771,-8.842545,Sentence,1,9.491462
10.962943,-5.1448717,Sentence,0,7.9162803
11.387735,-6.553275,Sentence,2,8.219846
13.546018,-8.392977,Sentence,1,9.089465
12.928225,-7.540719,Sentence,1,8.740052
12.895332,-4.3461685,Sentence,0,7.5925293
10.692287,-7.621925,Sentence,0,7.394047
11.558794,-8.363275,Sentence,1,7.917252
11.537167,-4.340384,Sentence,2,10.982099
12.184737,-6.5155644,Sentence,2,9.784398
11.433798,-6.334303,Sentence,2,10.405037
9.892649,6.5292745,Sentence,0,6.881277
11.927518,-7.983123,Sentence,1,9.951875
12.599917,-8.080087,Sentence,1,9.733032
10.764452,-5.419937,Sentence,0,7.858623
12.301219,-7.279571,Sentence,2,10.780299
10.8032255,-8.907293,Sentence,1,8.861411
10.135867,-5.4899793,Sentence,0,8.165828
12.334119,-6.643437,Sentence,2,10.900268
12.543935,-6.0570025,Sentence,2,10.542224
11.916798,-7.9905987,Sentence,1,7.6422153
11.655289,-6.21795,Sentence,2,10.648396
10.93731,-5.6720204,Sentence,2,10.074968
12.205125,-8.238709,Sentence,1,9.233429
13.7538185,-3.8882673,Sentence,0,8.887647
11.499287,-8.615538,Sentence,1,9.758275
12.338938,-7.02566,Sentence,2,10.783884
12.098019,-8.302163,Sentence,1,9.891453
9.964741,-7.996221,Sentence,0,8.422697
10.810419,-8.751173,Sentence,1,9.296401
12.386929,-4.9241395,Sentence,2,8.680802
10.291944,-8.920371,Sentence,1,8.82028
12.304918,-8.488054,Sentence,1,8.053195
12.263471,-7.3197103,Sentence,2,10.110131
12.555961,-8.461464,Sentence,1,8.467123
11.912667,-8.330588,Sentence,1,8.890359
10.78559,-5.9756217,Sentence,0,8.377329
12.589096,-7.385831,Sentence,2,10.469669
12.25874,-7.2731047,Sentence,2,10.6522045
10.110182,-5.560752,Sentence,0,8.178001
12.659719,-8.054236,Sentence,0,8.575531
11.607983,-5.4546237,Sentence,0,7.765078
12.50516,-8.144352,Sentence,1,9.959173
15.036751,-3.1124306,Sentence,0,8.256641
10.996188,-7.5159516,Sentence,1,9.072675
12.068856,-5.5474777,Sentence,2,9.429106
10.390817,-5.444223,Sentence,0,8.324203
12.695747,-7.613287,Sentence,2,10.488105
12.34893,-8.593525,Sentence,1,8.197784
14.041934,-4.221711,Sentence,0,8.168511
11.680642,-5.19021,Sentence,2,10.726714
12.474083,-8.523527,Sentence,1,8.419722
13.552971,-8.406013,Sentence,0,9.088665
10.909415,-5.4239855,Sentence,0,7.1752057
12.127403,-8.617477,Sentence,1,9.207807
12.187703,-8.417541,Sentence,1,10.114416
12.703841,-7.2629786,Sentence,2,10.211028
12.804112,-7.4825435,Sentence,2,9.193711
11.631557,-5.5365696,Sentence,0,7.5047374
11.164019,-6.458845,Sentence,2,10.464677
10.992744,-5.3799205,Sentence,0,9.8051
11.268983,-6.213451,Sentence,0,7.9968343
12.334101,-8.728702,Sentence,1,8.761104
10.675053,-6.5532193,Sentence,0,7.967931
10.842106,-6.827904,Sentence,0,8.905043
12.09743,-8.740813,Sentence,1,8.987039
10.326651,-8.443743,Sentence,1,8.608931
12.745707,-7.936112,Sentence,1,9.718242
13.128056,-6.50369,Sentence,2,9.011099
11.140058,-6.184203,Sentence,2,9.749201
12.240088,-8.778492,Sentence,1,8.433298
12.47383,-7.279382,Sentence,2,8.882413
11.841395,-7.1481476,Sentence,2,9.586799
11.740681,-7.478944,Sentence,1,7.9000626
12.5231285,-7.6410384,Sentence,0,8.230744
11.82175,-5.70013,Sentence,0,9.465373
12.224899,-8.505576,Sentence,1,8.196325
11.351479,-6.8693047,Sentence,0,8.270694
12.184605,-8.700881,Sentence,1,8.826027
12.479437,-7.572087,Sentence,1,8.128483
9.892568,6.52941,Sentence,0,6.881196
13.281989,-7.0711646,Sentence,2,9.461174
11.220751,-6.257861,Sentence,0,7.269347
11.010366,-7.4531136,Sentence,0,8.945895
11.943363,-8.565208,Sentence,1,9.907508
11.646832,-8.221064,Sentence,1,9.456102
12.121989,-6.816474,Sentence,2,10.866314
13.550707,-8.360844,Sentence,2,9.080288
13.10393,-6.215619,Sentence,2,9.737412
13.1052065,-6.70157,Sentence,2,10.000576
11.861101,-7.6371613,Sentence,1,8.072135
9.893061,6.527524,Sentence,0,6.8822846
12.37075,-8.675884,Sentence,1,9.324144
13.131774,-6.4059024,Sentence,2,9.291486
13.209312,-4.7860193,Sentence,0,8.51458
9.892726,6.527224,Sentence,0,6.881509
11.454709,-5.4169936,Sentence,2,7.8329215
10.486064,-8.868637,Sentence,0,8.2496805
12.3996,-8.158724,Sentence,1,9.541343
12.353401,-8.122701,Sentence,1,9.62548
10.856754,-4.3633585,Sentence,0,7.785122
10.757144,-2.999671,Sentence,0,3.258417
12.729398,-7.3521786,Sentence,2,9.801281
10.878848,-8.435155,Sentence,1,8.601502
12.384849,-8.166468,Sentence,1,9.186107
12.023923,-7.649533,Sentence,1,8.537467
12.442414,-8.074082,Sentence,1,10.096427
11.648028,-7.1915007,Sentence,1,9.129177
11.973244,-5.524582,Sentence,2,10.392912
11.092187,-6.001229,Sentence,0,7.7699666
10.475207,-8.727058,Sentence,0,8.066639
10.542623,-5.518775,Sentence,0,7.811561
12.315642,-7.630609,Sentence,1,8.0405035
12.895768,-6.425261,Sentence,2,10.431285
11.449948,-8.762857,Sentence,1,8.886151
11.452641,-7.7844434,Sentence,1,9.364933
11.909982,-7.442599,Sentence,0,7.31246
10.766409,-5.6586137,Sentence,0,8.819742
14.866517,-3.2698233,Sentence,0,8.253218
12.359714,-7.309078,Sentence,1,9.392645
11.766044,-5.316265,Sentence,2,10.666962
13.269058,-7.1827707,Sentence,2,9.363819
15.0430155,-3.1061656,Sentence,0,8.254221
11.163993,-7.60825,Sentence,1,8.357899
12.519656,-7.769486,Sentence,1,9.432709
12.850566,-5.578802,Sentence,0,8.489728
12.504692,-7.863622,Sentence,0,8.307417
11.27619,-8.183633,Sentence,0,8.031482
12.149862,-8.497119,Sentence,1,8.773412
10.82367,-6.6349998,Sentence,0,9.847976
12.259829,-8.23987,Sentence,1,10.097011
12.294855,-8.369377,Sentence,1,9.238121
12.374009,-7.386033,Sentence,2,10.430417
10.950739,-5.2146735,Sentence,0,7.0114446
12.390267,-6.198358,Sentence,2,8.764097
12.409376,-5.71026,Sentence,2,10.850115
9.892908,6.527924,Sentence,0,6.8820796
11.611101,-5.3029814,Sentence,2,10.529115
12.284881,-8.121322,Sentence,1,9.412879
12.561485,-6.917525,Sentence,1,9.165515
12.415858,-7.857981,Sentence,1,7.799942
11.415879,-7.133893,Sentence,2,10.138816
11.134915,-7.744396,Sentence,0,8.060427
12.120479,-8.71103,Sentence,1,8.999892
12.331626,-7.0336876,Sentence,2,10.60341
12.278142,-8.7624655,Sentence,1,9.171779
11.588518,-8.269555,Sentence,1,8.72481
12.300693,-5.2730513,Sentence,2,10.544166
13.189689,-6.3067923,Sentence,2,9.779322
12.251447,-7.2220254,Sentence,1,7.970847
11.566105,-8.275697,Sentence,1,9.082768
12.756798,-5.6181917,Sentence,2,9.075928
12.471544,-8.101054,Sentence,1,8.377994
11.6436615,-8.460093,Sentence,1,9.828703
11.906411,-7.78656,Sentence,1,8.937864
11.985138,-7.51882,Sentence,1,8.598225
12.713811,-8.370448,Sentence,1,8.724068
11.354105,-7.1305194,Sentence,0,8.183459
12.195011,-8.46429,Sentence,1,9.888707
12.529738,-6.057637,Sentence,2,10.65025
12.175008,-8.465028,Sentence,1,8.171146
11.800823,-6.4709315,Sentence,0,7.3688
12.788913,-6.6618447,Sentence,2,10.736408
10.972519,-8.513771,Sentence,1,8.929929
10.845917,-6.1910067,Sentence,0,8.075367
12.351488,-7.256669,Sentence,1,7.934448
10.989949,-7.60915,Sentence,1,8.925979
11.465424,-6.7800937,Sentence,0,9.388833
12.368872,-6.667358,Sentence,0,8.261721
10.95221,-7.7061124,Sentence,0,7.4368668
12.693939,-7.0652795,Sentence,2,9.39852
10.539814,-6.107752,Sentence,0,9.25757
11.019199,-6.1452055,Sentence,0,9.097567
12.836128,-7.2014246,Sentence,2,10.297512
10.698083,-6.7808924,Sentence,0,9.538161
11.329848,-8.166009,Sentence,1,9.444907
13.116399,-6.0941787,Sentence,2,8.846992
12.294208,-6.217754,Sentence,2,10.83877
13.12905,-4.55454,Sentence,0,7.8621745
12.106913,-8.268898,Sentence,1,10.000602
12.427,-6.6083255,Sentence,2,10.928194
9.92628,-5.0207334,Sentence,0,8.100464
13.758339,-3.9985712,Sentence,0,8.473593
12.047738,-8.0337105,Sentence,1,8.05677
10.753971,-8.581603,Sentence,1,9.432986
12.352022,-7.1776676,Sentence,2,8.069942
12.133206,-8.772997,Sentence,1,9.123267
12.88819,-7.7488937,Sentence,2,9.121995
11.7334175,-4.561132,Sentence,2,10.856911
10.626444,-8.646804,Sentence,1,9.529363
12.538658,-8.418269,Sentence,1,8.633875
11.622481,-8.733228,Sentence,1,9.117396
12.113229,-8.809266,Sentence,1,9.127442
11.930436,-8.048211,Sentence,1,9.896787
11.888503,-8.370603,Sentence,2,9.585692
9.894089,6.526356,Sentence,0,6.8820057
13.217094,-4.5271664,Sentence,2,8.547919
12.755754,-7.8195944,Sentence,0,8.336762
11.280277,-4.5944266,Sentence,2,10.57722
12.715421,-7.6770782,Sentence,2,9.994263
12.0418,-8.9512,Sentence,1,8.84956
12.45496,-7.1864576,Sentence,2,10.623939
10.322549,-8.743162,Sentence,1,8.660882
12.495217,-5.7128005,Sentence,2,10.67523
12.715343,-8.556292,Sentence,1,9.038656
11.382146,-8.721011,Sentence,1,8.583029
13.645365,-4.1683507,Sentence,0,8.093577
11.416355,-6.4809012,Sentence,0,7.566569
9.615779,-8.3969145,Sentence,0,8.73626
10.322593,-8.680693,Sentence,1,9.15018
11.797771,-5.6295238,Sentence,2,8.414294
11.983164,-7.6753297,Sentence,1,8.788685
11.7571535,-8.571127,Sentence,1,9.204394
12.132241,-4.467824,Sentence,2,9.924671
12.247588,-8.033291,Sentence,0,7.9030013
11.019902,-6.970833,Sentence,1,8.716762
12.223303,-5.325271,Sentence,2,10.775456
12.525732,-6.366201,Sentence,0,6.901868
12.804074,-7.4771276,Sentence,1,9.048135
12.49493,-7.119007,Sentence,0,7.5369043
11.988775,-7.35879,Sentence,0,7.6823287
11.363563,-6.453139,Sentence,0,7.319005
11.01915,-6.5847926,Sentence,0,7.8130994
12.214607,-6.2838087,Sentence,1,8.215009
13.055998,-5.226548,Sentence,0,7.915019
10.902592,-5.356339,Sentence,0,7.4634376
12.420538,-6.433848,Sentence,2,9.178365
12.238303,-6.334729,Sentence,0,7.370684
12.292657,-7.0698915,Sentence,0,8.119817
12.7088,-7.825224,Sentence,1,9.742097
12.87255,-8.244686,Sentence,1,8.993303
10.841379,-8.555765,Sentence,1,9.720547
12.283878,-8.564698,Sentence,1,8.250748
12.575073,-4.809059,Sentence,2,8.7516365
10.786238,-5.005306,Sentence,0,6.8546615
11.433419,-6.350805,Sentence,0,9.706156
11.209609,-8.260958,Sentence,1,8.680977
12.163474,-8.661123,Sentence,1,9.907864
11.6912155,-8.233334,Sentence,1,7.601112
11.772048,-6.5869203,Sentence,0,7.2656555
10.010681,-7.127667,Sentence,0,8.83802
10.9159775,-6.4354777,Sentence,0,9.291129
12.483334,-5.305555,Sentence,2,9.782101
13.206794,-6.922356,Sentence,2,9.902605
12.02581,-8.370192,Sentence,1,9.392121
11.987184,-8.80794,Sentence,1,9.027811
12.039868,-6.7509446,Sentence,2,10.0408745
11.596239,-8.478258,Sentence,1,9.26367
11.287571,-8.858375,Sentence,1,9.173709
15.506167,-1.6697416,Sentence,0,10.2605715
11.652526,-8.416209,Sentence,1,7.937507
12.021719,-5.804229,Sentence,0,8.729754
12.8875,-5.9041886,Sentence,2,9.904991
12.235404,-7.5764055,Sentence,1,7.703999
10.288138,-8.813724,Sentence,1,8.50525
13.372748,-8.406516,Sentence,1,9.118273
11.94803,-7.812453,Sentence,1,8.732092
11.542813,-8.426854,Sentence,1,8.877217
12.876608,-6.2507825,Sentence,2,9.485682
12.540265,-7.67994,Sentence,1,7.875237
12.124178,-5.8180704,Sentence,2,10.927154
12.32119,-6.885446,Sentence,0,8.316673
11.882935,-5.0135894,Sentence,2,10.571846
12.965485,-5.930489,Sentence,2,10.6584835
10.807164,-8.573078,Sentence,1,9.528153
11.618568,-5.949987,Sentence,0,8.435011
11.209164,-6.798362,Sentence,2,9.761901
13.59917,-8.391572,Sentence,0,9.193793
12.857173,-6.02098,Sentence,2,10.726378
11.51761,-7.2471185,Sentence,1,9.20791
12.385307,-8.533836,Sentence,1,9.056836
11.127901,-5.471233,Sentence,0,6.8301406
12.662748,-7.559962,Sentence,1,10.381866
12.14134,-8.410935,Sentence,1,9.7194
11.295936,-8.029019,Sentence,1,9.123232
11.7165165,-6.7204323,Sentence,2,10.421732
11.797239,-7.948018,Sentence,2,10.285293
12.34841,-4.763772,Sentence,2,10.090269
12.634437,-7.2524757,Sentence,2,10.515112
11.963783,-8.379254,Sentence,1,10.026507
11.450169,-8.466215,Sentence,1,9.267555
11.930649,-8.2941885,Sentence,1,8.342442
12.463093,-6.9362216,Sentence,2,10.86044
10.0030985,-8.248021,Sentence,1,9.379552
11.509284,-8.968219,Sentence,1,8.63813
13.152677,-6.613178,Sentence,2,10.128074
12.118358,-8.044912,Sentence,0,7.821223
12.191781,-8.643385,Sentence,1,9.461966
12.585184,-7.941254,Sentence,1,9.902904
12.439967,-6.8919444,Sentence,2,10.219956
10.456883,-4.193379,Sentence,0,9.544691
12.383493,-7.246465,Sentence,0,8.848775
11.758466,-5.3706007,Sentence,2,10.650425
12.408445,-5.5837717,Sentence,2,10.68618
12.716436,-7.261352,Sentence,1,8.81063
10.68672,-5.776416,Sentence,0,9.604652
12.867087,-6.4062896,Sentence,2,10.655088
12.527922,-8.718861,Sentence,1,8.569445
12.52725,-6.863517,Sentence,2,10.582883
10.784121,-8.618199,Sentence,1,8.847394
12.110636,-8.607071,Sentence,1,9.326539
10.711131,-4.760137,Sentence,0,6.7245073
11.673467,-4.089137,Sentence,2,10.410564
11.581507,-8.712584,Sentence,1,9.086251
12.479525,-6.946289,Sentence,2,10.273184
12.5370035,-8.234976,Sentence,1,9.184427
10.647375,-5.1805744,Sentence,0,9.415617
12.629005,-8.127432,Sentence,1,8.624889
11.379073,-7.5546465,Sentence,1,9.447911
11.0398245,-5.130377,Sentence,0,7.709881
10.989077,-5.307932,Sentence,0,7.6721973
11.444248,-4.957038,Sentence,2,9.236621
8.150574,-7.8401017,Sentence,0,7.922087
12.486426,-6.5330133,Sentence,2,9.434317
11.917142,-4.667462,Sentence,0,10.988609
12.631126,-7.874898,Sentence,1,9.284514
12.722352,-6.9054365,Sentence,1,8.87171
12.135154,-7.3038125,Sentence,0,9.074163
11.999144,-6.8823476,Sentence,0,8.386759
10.267956,-8.394732,Sentence,1,8.354664
13.585561,-8.386357,Sentence,2,9.102908
12.438894,-4.990504,Sentence,2,10.421232
12.468457,-7.5796046,Sentence,1,7.72022
11.6548395,-7.197241,Sentence,0,8.413119
10.371421,-8.057114,Sentence,1,8.957029
11.153071,-6.712064,Sentence,2,9.300048
9.911663,-7.7874923,Sentence,1,7.4147077
12.54025,-6.9379992,Sentence,2,10.15232
12.113212,-7.437079,Sentence,2,9.843614
12.774639,-6.7359133,Sentence,2,10.150327
13.158001,-5.697221,Sentence,0,10.7123995
11.2991085,-4.371182,Sentence,0,10.952403
10.748897,-5.554568,Sentence,2,8.950361
12.366378,-6.3047113,Sentence,2,10.815259
12.2813425,-8.475673,Sentence,1,8.874306
12.25497,-7.2682543,Sentence,2,10.077632
11.403493,-6.2229795,Sentence,2,10.112575
12.49605,-7.6989336,Sentence,1,8.485738
12.319384,-7.032745,Sentence,2,8.089237
12.728784,-8.30591,Sentence,1,9.1015835
11.346805,-7.022029,Sentence,0,8.853505
12.195095,-8.265275,Sentence,1,9.478471
10.248408,-8.483467,Sentence,0,8.080707
12.584066,-7.659116,Sentence,2,10.412562
11.952223,-8.793514,Sentence,1,8.221813
11.96939,-6.64417,Sentence,2,10.377326
12.163433,-5.21784,Sentence,2,10.128376
12.2891445,-7.8267937,Sentence,1,8.670764
10.086834,-7.548269,Sentence,0,8.974082
12.452788,-8.14602,Sentence,1,9.423723
12.811154,-6.365417,Sentence,2,9.51911
12.796042,-6.8913326,Sentence,1,8.160574
11.143924,-4.5800266,Sentence,0,11.016287
11.767886,-5.5509543,Sentence,0,8.943849
11.464666,-5.5755396,Sentence,0,9.036239
12.405179,-7.707941,Sentence,1,9.373199
9.802111,-7.840937,Sentence,1,8.876052
11.767051,-8.12083,Sentence,1,9.404646
12.369525,-8.368627,Sentence,1,7.787791
12.161816,-8.447949,Sentence,1,8.228905
10.447429,-4.311624,Sentence,0,9.412147
10.681507,-8.726151,Sentence,1,9.39411
12.027888,-7.9506164,Sentence,1,8.088717
12.896057,-6.886632,Sentence,2,10.623382
11.927871,-5.0592856,Sentence,2,10.602931
12.034434,-7.804059,Sentence,1,9.781245
10.099494,-8.907826,Sentence,0,8.490984
12.37045,-8.663902,Sentence,1,8.719103
11.281128,-5.771799,Sentence,0,6.815802
12.121601,-7.205261,Sentence,0,7.6246686
11.6355915,-5.177229,Sentence,2,10.601872
12.483019,-7.6656227,Sentence,1,7.854161
12.107859,-7.1953034,Sentence,0,7.9762425
12.369033,-6.6177406,Sentence,2,9.608917
12.3645525,-7.169073,Sentence,0,8.471128
10.832311,-8.931337,Sentence,1,8.63788
11.881354,-6.525667,Sentence,0,7.5046225
12.727851,-6.960227,Sentence,2,10.522444
12.524374,-7.194716,Sentence,2,10.426537
12.378275,-8.649331,Sentence,1,8.794795
12.55163,-7.922743,Sentence,1,9.212522
12.52715,-8.195538,Sentence,2,10.298868
10.8452215,-8.168042,Sentence,1,8.3249035
11.930507,-8.66197,Sentence,1,9.022682
10.648093,-7.3215556,Sentence,1,8.982964
12.037629,-6.8263345,Sentence,2,10.737699
12.564204,-7.8572154,Sentence,1,8.314393
12.09761,-5.8156543,Sentence,2,9.670903
13.215177,-6.782078,Sentence,1,9.991264
12.574434,-8.215485,Sentence,1,8.184143
11.89987,-6.4569454,Sentence,2,8.723936
10.070286,-8.941224,Sentence,1,8.350163
12.550579,-8.440625,Sentence,1,8.322975
12.410828,-6.637224,Sentence,2,10.761381
11.140592,-7.840188,Sentence,1,7.7192993
11.891516,-6.4456773,Sentence,0,8.954205
10.607446,-5.6219187,Sentence,0,7.3977757
12.887774,-4.3324723,Sentence,0,7.5869102
13.245261,-8.374299,Sentence,2,9.242336
12.270724,-8.736802,Sentence,1,9.304382
10.769883,-8.205641,Sentence,1,9.09283
12.580099,-7.4012103,Sentence,1,8.359384
12.015041,-8.057024,Sentence,2,10.181946
12.276086,-8.015531,Sentence,1,8.371309
10.309852,-8.164958,Sentence,1,8.815157
11.825265,-8.648458,Sentence,1,9.383926
12.221395,-7.5512085,Sentence,1,7.9163785
12.524136,-7.2547307,Sentence,2,9.482481
14.550031,-3.7384803,Sentence,0,8.584956
12.233593,-8.54625,Sentence,1,8.045948
12.668631,-6.4572964,Sentence,2,9.456201
12.797604,-6.452837,Sentence,2,10.530778
11.777547,-8.156178,Sentence,1,9.277089
9.893008,6.5279474,Sentence,0,6.881911
11.5276985,-7.8880763,Sentence,1,8.433057
12.516619,-7.860277,Sentence,1,8.475703
12.985717,-6.0197525,Sentence,2,10.506311
11.059112,-8.74383,Sentence,1,9.39033
10.478577,-5.3132887,Sentence,0,7.7123365
10.897558,-8.353251,Sentence,1,9.25843
12.308392,-7.2298203,Sentence,1,7.875675
11.778204,-8.828494,Sentence,1,9.060206
11.637163,-7.413185,Sentence,2,10.160201
12.518292,-8.498704,Sentence,1,9.513828
11.48417,-7.6305285,Sentence,1,9.092499
11.706715,-5.169875,Sentence,2,10.499876
10.593729,-8.14182,Sentence,1,8.767101
9.892844,6.528006,Sentence,0,6.8821893
11.632928,-4.853902,Sentence,2,10.4431095
11.58919,-6.267283,Sentence,2,10.621456
13.10151,-8.365847,Sentence,2,9.383266
13.711275,-4.1262774,Sentence,0,8.67626
12.63876,-7.4269953,Sentence,2,9.979164
12.681867,-7.148124,Sentence,2,9.906706
12.746436,-7.3192143,Sentence,2,10.182412
12.243136,-7.784076,Sentence,1,9.758778
10.153564,-4.1344333,Sentence,0,5.6921544
11.316856,-8.705866,Sentence,1,9.093273
11.787161,-6.7588105,Sentence,0,7.263639
11.40035,-5.8016896,Sentence,2,8.849677
11.917686,-8.526738,Sentence,1,9.5401945
10.244569,-7.5963626,Sentence,1,9.039011
11.900878,-8.682188,Sentence,1,8.563773
11.578195,-6.7843328,Sentence,0,7.5642915
11.965458,-6.8644814,Sentence,0,7.4113503
12.188476,-8.07163,Sentence,1,10.303335
12.456648,-7.2267146,Sentence,1,8.254209
12.246403,-8.177108,Sentence,1,8.928335
10.534288,-8.62687,Sentence,1,8.443132
12.612543,-6.6881332,Sentence,2,9.256684
9.729228,-8.222173,Sentence,1,8.3287525
12.102954,-8.635993,Sentence,1,8.311861
12.200927,-7.4527864,Sentence,1,9.733166
11.161483,-8.224716,Sentence,1,9.2959795
13.040033,-6.4267387,Sentence,2,9.098927
12.8713045,-5.893188,Sentence,2,10.4919405
11.9233465,-7.3379316,Sentence,2,9.550483
10.152443,-5.5048103,Sentence,0,8.189475
9.66153,-8.131675,Sentence,1,8.379177
12.568814,-8.205223,Sentence,1,9.741663
11.196165,-4.244202,Sentence,0,10.336971
11.94831,-6.3672786,Sentence,0,8.998828
12.743242,-5.9025373,Sentence,2,9.381077
12.435898,-8.244448,Sentence,1,10.043643
12.328403,-7.87063,Sentence,2,10.46694
11.150396,-4.4636893,Sentence,2,10.520319
11.353161,-8.519679,Sentence,1,8.486185
12.702607,-7.070736,Sentence,2,10.287053
10.798679,-8.513873,Sentence,0,8.058129
12.88913,-8.3652315,Sentence,1,8.950271
12.270935,-7.937901,Sentence,2,10.034008
12.871684,-6.985736,Sentence,2,10.402638
12.104198,-5.8131356,Sentence,2,10.633119
10.761047,-8.442161,Sentence,2,9.52633
13.392629,-8.40371,Sentence,1,9.142527
11.71848,-7.769998,Sentence,1,8.657801
10.9040985,-8.552679,Sentence,1,8.6336565
12.739231,-8.461341,Sentence,1,8.975372
13.39307,-5.195898,Sentence,2,8.821575
11.659258,-5.4824753,Sentence,0,8.931358
11.091444,-7.2442703,Sentence,0,7.792561
11.725953,-8.677534,Sentence,1,8.416817
12.0913,-5.9732766,Sentence,0,7.7768636
12.523785,-7.999676,Sentence,1,8.679243
11.509492,-6.908885,Sentence,0,7.587863
11.849356,-7.3194146,Sentence,2,10.48789
9.893271,6.526834,Sentence,0,6.882612
11.964705,-7.697984,Sentence,2,10.124115
12.495785,-6.831402,Sentence,2,10.694414
12.625355,-6.812392,Sentence,2,10.571072
12.324729,-7.8541603,Sentence,1,10.566874
11.567534,-8.078224,Sentence,1,9.132123
11.855036,-6.141156,Sentence,2,10.659725
10.355966,-5.6687107,Sentence,2,8.414788
11.48586,-4.547148,Sentence,0,10.795208
10.101974,-5.677708,Sentence,0,8.147175
11.148227,-7.736184,Sentence,1,9.474005
9.903797,6.5145063,Sentence,0,6.8737397
11.977434,-6.45008,Sentence,2,10.157528
13.982242,-4.0673194,Sentence,0,8.609649
11.729728,-8.6422,Sentence,1,9.214584
10.119368,-8.838596,Sentence,0,8.536166
11.2247,-6.4543104,Sentence,0,8.439655
12.866554,-6.565305,Sentence,2,8.953301
11.919142,-7.2093387,Sentence,1,9.285702
11.794758,-4.69782,Sentence,2,9.100359
12.42293,-5.3001037,Sentence,2,10.584922
12.3759365,-8.243735,Sentence,1,9.56076
11.475223,-8.524405,Sentence,1,9.720936
12.693968,-7.1344795,Sentence,2,10.431456
12.286679,-6.62088,Sentence,1,8.495101
10.809904,-6.383094,Sentence,0,7.513738
12.417682,-7.1740317,Sentence,2,10.887681
12.870516,-7.3365645,Sentence,2,10.181444
11.644804,-7.790728,Sentence,2,9.597813
10.779596,-7.9986286,Sentence,0,8.198481
12.356241,-7.169944,Sentence,1,7.9017987
7.7307496,-3.9030118,Sentence,0,7.213931
11.53904,-6.6456213,Sentence,2,10.300099
12.789719,-6.1896725,Sentence,2,10.25328
10.777323,-6.6276484,Sentence,0,7.439482
10.902612,-6.4266863,Sentence,0,9.243667
11.506967,-5.653149,Sentence,0,7.65321
11.330783,-4.752179,Sentence,2,10.958222
12.051756,-7.92064,Sentence,1,9.092018
11.639684,-6.635999,Sentence,2,9.624607
11.735373,-4.9711547,Sentence,2,10.487862
13.177679,-7.045873,Sentence,2,9.668171
12.1180725,-8.553638,Sentence,1,8.376101
11.998568,-4.719219,Sentence,0,10.884114
10.598771,-7.2235146,Sentence,1,8.767565
13.182058,-7.3955336,Sentence,2,9.581566
11.94263,-8.019867,Sentence,1,8.553357
11.74246,-8.63792,Sentence,1,9.160408
12.927563,-6.7662725,Sentence,2,10.088909
11.695175,-7.5323987,Sentence,1,9.357887
12.527823,-8.085875,Sentence,1,8.633521
11.05734,-6.480096,Sentence,0,7.4875317
11.629718,-8.262861,Sentence,1,9.545454
10.883443,-7.559632,Sentence,0,7.823525
11.948374,-8.605105,Sentence,1,8.590942
12.323204,-7.169093,Sentence,2,9.888548
12.4431925,-8.734566,Sentence,1,8.659746
10.530827,-5.019143,Sentence,0,8.0844145
12.871365,-5.708259,Sentence,2,9.656289
11.760832,-8.488531,Sentence,1,9.119357
11.7721615,-8.882301,Sentence,1,7.61986
12.157144,-6.0691757,Sentence,2,10.184762
10.785416,-6.330254,Sentence,0,9.144324
12.004274,-8.431722,Sentence,1,8.518147
12.143897,-7.6415024,Sentence,2,10.611955
11.482396,-8.29054,Sentence,1,9.378307
11.988403,-7.9917617,Sentence,1,9.427124
10.647093,-7.7900467,Sentence,1,8.292699
13.123676,-6.376951,Sentence,2,10.009098
11.277362,-6.658516,Sentence,0,7.3523808
11.183503,-8.818875,Sentence,1,8.688293
12.413571,-6.569976,Sentence,1,8.392726
12.897561,-6.7034497,Sentence,2,9.776883
12.628321,-6.5125623,Sentence,0,8.117185
12.651032,-5.666766,Sentence,2,10.659664
12.552958,-6.6423135,Sentence,2,10.630313
10.329073,-7.918433,Sentence,1,9.132267
12.2328415,-8.291018,Sentence,1,9.588968
11.280713,-7.82454,Sentence,1,7.97277
12.624419,-5.817268,Sentence,2,10.70926
12.77702,-6.442354,Sentence,2,10.194435
12.861191,-3.829163,Sentence,2,8.202152
12.60065,-6.646066,Sentence,0,7.265013
12.729689,-6.5580597,Sentence,0,7.9948273
10.765885,-4.952994,Sentence,0,6.879134
12.24887,-7.3633833,Sentence,2,10.349128
11.142854,-8.559877,Sentence,1,9.132067
10.832299,-4.721958,Sentence,0,7.4416294
12.637944,-5.890315,Sentence,2,10.808602
12.934451,-6.6529064,Sentence,2,9.829032
12.239109,-8.345659,Sentence,1,8.316187
12.8064575,-6.8276434,Sentence,2,9.126787
11.476978,-6.424916,Sentence,2,10.447703
13.047894,-6.466392,Sentence,2,10.226372
11.467005,-4.3222194,Sentence,0,10.995067
12.513102,-7.1666617,Sentence,2,9.909787
11.423262,-8.836475,Sentence,1,8.53049
10.812937,-4.6997685,Sentence,2,9.898159
13.746386,-4.149454,Sentence,0,8.567361
10.280128,-8.960509,Sentence,0,9.030095
12.399241,-6.8546014,Sentence,0,8.448335
11.533672,-6.4995236,Sentence,2,10.427784
12.788613,-6.5905805,Sentence,2,10.249294
11.282999,-8.772828,Sentence,1,9.337926
13.323031,-6.8878965,Sentence,2,9.795779
12.800021,-5.9944606,Sentence,2,9.9416485
12.099343,-5.167682,Sentence,2,10.818969
13.216692,-6.904846,Sentence,2,10.0501375
11.526683,-8.738253,Sentence,1,9.536768
12.307741,-5.4387527,Sentence,2,10.4959955
11.52518,-5.2993355,Sentence,2,9.870239
12.947484,-7.7544622,Sentence,2,8.883651
11.939615,-5.580081,Sentence,0,7.2688136
11.97514,-8.511669,Sentence,1,9.201491
12.374698,-5.8923097,Sentence,2,10.892542
11.770704,-5.531469,Sentence,0,8.015372
11.38406,-8.412302,Sentence,1,9.098866
11.609774,-5.436774,Sentence,2,10.227568
11.49567,-8.166703,Sentence,1,8.319414
11.432132,-8.93334,Sentence,1,9.288342
11.937244,-8.179607,Sentence,2,10.193742
12.361802,-8.473843,Sentence,1,8.645366
12.303062,-6.3916216,Sentence,2,10.884437
12.170525,-7.955613,Sentence,1,9.621285
12.671265,-6.032569,Sentence,2,10.565003
11.119205,-5.6553664,Sentence,0,7.4202375
11.761081,-8.857056,Sentence,1,8.805036
11.657033,-7.260353,Sentence,1,7.798532
12.259778,-8.478651,Sentence,1,9.635694
9.710501,-7.7480083,Sentence,1,7.4298368
12.983291,-6.8425345,Sentence,2,10.07418
12.446629,-6.4845924,Sentence,1,8.461435
11.728741,-6.552427,Sentence,2,10.6224165
12.897967,-5.2310877,Sentence,2,9.832933
12.38928,-8.563055,Sentence,1,9.017744
11.531067,-8.65596,Sentence,1,8.70898
12.058453,-7.6884375,Sentence,1,10.12087
9.938185,-8.078824,Sentence,0,8.361896
10.77149,-8.686666,Sentence,1,8.967679
11.814348,-8.198725,Sentence,0,7.653507
10.512488,-4.7133613,Sentence,0,6.3686976
13.469521,-4.854756,Sentence,2,8.63086
12.535449,-4.737745,Sentence,2,10.155701
12.141777,-6.9882817,Sentence,1,8.296048
12.099119,-5.9141045,Sentence,2,9.39828
11.380348,-8.594404,Sentence,1,9.375062
12.680579,-6.068268,Sentence,2,9.687533
13.276733,-6.9492817,Sentence,2,9.838846
7.7449703,-3.9154143,Sentence,0,7.2269635
12.480785,-7.851417,Sentence,0,8.185263
12.88571,-4.3504825,Sentence,0,7.58473
10.981169,-7.252329,Sentence,1,8.929945
12.957484,-7.8089933,Sentence,0,8.468965
11.6039915,-8.042074,Sentence,1,10.110268
11.6282625,-6.27366,Sentence,0,7.1942806
12.821351,-7.8761625,Sentence,1,9.134795
11.803319,-5.3562803,Sentence,2,10.658034
12.333016,-7.0712914,Sentence,2,10.300474
12.818819,-5.5676303,Sentence,0,8.128699
11.171504,-8.377923,Sentence,2,9.668536
12.509428,-7.1268516,Sentence,2,9.09135
11.623898,-8.449419,Sentence,1,8.572306
11.79007,-5.0666013,Sentence,2,10.833078
12.537798,-8.395214,Sentence,1,8.283051
10.182289,-8.543517,Sentence,1,8.235326
12.484214,-7.4780793,Sentence,2,10.2149935
12.378204,-8.731797,Sentence,1,9.216008
14.0019655,-3.8602638,Sentence,0,7.5507355
11.650356,-7.500216,Sentence,1,9.362868
12.062589,-6.496306,Sentence,2,10.866691
12.680914,-8.674282,Sentence,1,8.638173
11.814197,-8.894755,Sentence,1,7.727247
12.021859,-8.549792,Sentence,1,9.890956
12.950355,-6.7056627,Sentence,2,10.13197
12.260142,-8.606233,Sentence,1,7.7978983
11.832958,-8.802801,Sentence,1,8.655303
12.724528,-8.4316845,Sentence,1,9.142044
12.188102,-8.686176,Sentence,1,9.429483
12.66962,-6.182382,Sentence,0,8.531924
11.885899,-5.359476,Sentence,2,10.71757
12.799002,-6.518024,Sentence,1,8.01287
8.3444,-7.8939157,Sentence,0,7.9685035
10.816725,-6.31393,Sentence,0,7.9328675
12.833729,-7.127847,Sentence,2,9.220906
12.419967,-8.270203,Sentence,1,9.762362
11.83729,-7.738339,Sentence,1,8.95151
12.4053335,-7.328337,Sentence,1,8.322894
13.108075,-7.2864146,Sentence,2,8.908783
9.494604,-7.5625315,Sentence,0,7.1390066
9.644374,-8.589689,Sentence,2,8.697712
12.51381,-8.446999,Sentence,1,9.247836
12.936402,-7.561074,Sentence,1,9.976855
12.990204,-7.5600624,Sentence,1,9.079946
11.71233,-7.519016,Sentence,2,9.944352
11.508767,-7.7236395,Sentence,0,8.074692
11.775704,-7.501034,Sentence,2,10.195299
11.204932,-7.464007,Sentence,1,9.080995
12.20306,-6.392338,Sentence,0,8.503741
12.365498,-8.452785,Sentence,1,7.841518
12.146856,-5.524033,Sentence,2,9.542053
10.7606125,-8.131715,Sentence,1,9.090351
12.017682,-7.326971,Sentence,1,9.032758
12.332385,-6.9608126,Sentence,2,10.966293
13.003913,-6.3973017,Sentence,1,10.671537
12.540733,-6.535163,Sentence,2,10.166591
11.929337,-7.569019,Sentence,1,9.671385
12.463664,-7.4846797,Sentence,1,8.99021
11.852192,-5.6793103,Sentence,2,9.588902
11.174012,-8.424268,Sentence,1,8.529668
12.459579,-7.3294373,Sentence,2,10.463961
12.841897,-6.482178,Sentence,2,10.618401
11.469697,-4.4935756,Sentence,0,10.673485
10.794018,-8.67348,Sentence,1,8.656646
9.60993,-7.7493234,Sentence,0,7.283299
10.722848,-5.2816944,Sentence,2,8.433019
11.975758,-7.8712296,Sentence,1,9.528526
12.616632,-4.959294,Sentence,2,10.194596
11.037041,-8.649515,Sentence,1,8.88323
12.390364,-7.2996635,Sentence,2,9.571953
12.173589,-5.3615413,Sentence,2,9.930308
11.813261,-5.021286,Sentence,2,10.84021
12.048964,-8.615552,Sentence,1,8.095426
11.69847,-7.462462,Sentence,0,7.5318656
12.262661,-6.9822507,Sentence,0,7.729338
12.586502,-8.599345,Sentence,1,8.714434
11.72944,-8.697441,Sentence,1,8.644125
11.6690645,-5.075893,Sentence,2,10.816793
10.40419,-5.870923,Sentence,0,7.3615384
12.491962,-7.201716,Sentence,2,10.6749735
12.986574,-6.2377124,Sentence,2,9.981629
12.183168,-6.8654065,Sentence,2,9.778583
11.985852,-8.524384,Sentence,1,8.777941
10.407629,-5.37393,Sentence,0,7.11529
12.242436,-6.707503,Sentence,2,10.884489
10.240234,-5.343384,Sentence,0,8.007759
12.321967,-8.523115,Sentence,1,8.199747
10.132767,-5.822978,Sentence,1,8.331145
11.492507,-8.571028,Sentence,1,9.21189
13.5607395,-4.2974386,Sentence,0,8.705173
11.870865,-4.962296,Sentence,2,10.509027
12.085505,-8.271907,Sentence,1,10.198596
12.339333,-8.962079,Sentence,1,8.943599
11.419855,-8.303702,Sentence,1,8.618768
12.031412,-7.978429,Sentence,2,10.2488985
10.408351,-5.228111,Sentence,0,7.4893384
12.433058,-4.364379,Sentence,0,8.188505
10.500398,-8.574107,Sentence,0,8.165654
12.457111,-8.009829,Sentence,1,10.097605
12.393498,-7.939268,Sentence,1,10.355628
11.160518,-6.067943,Sentence,0,8.245485
12.706531,-8.118961,Sentence,1,9.074766
9.893735,6.526958,Sentence,0,6.881584
11.705381,-6.4226503,Sentence,2,10.540951
12.024821,-5.5951505,Sentence,0,8.339498
12.1945505,-7.690075,Sentence,1,7.860938
12.081392,-8.110314,Sentence,1,10.045528
13.123836,-7.164843,Sentence,2,9.849176
11.726652,-8.109902,Sentence,1,9.53911
11.602243,-8.088576,Sentence,1,8.770809
11.828826,-8.714753,Sentence,1,8.406713
11.920487,-7.928862,Sentence,2,10.187632
12.230589,-5.0985985,Sentence,2,10.096088
10.131253,-8.860855,Sentence,1,8.861258
10.544665,-3.9057574,Sentence,0,9.901004
11.199288,-7.109808,Sentence,2,10.207375
10.675262,-8.801905,Sentence,1,8.30553
12.340061,-5.9258914,Sentence,2,10.938687
12.644817,-8.439151,Sentence,1,9.431056
12.131253,-6.5320287,Sentence,2,9.50529
12.372385,-7.1837845,Sentence,2,10.555951
12.658843,-6.881047,Sentence,0,7.889173
9.689022,-5.736738,Sentence,0,7.140862
12.328156,-6.874426,Sentence,2,10.851333
11.880722,-6.862428,Sentence,2,10.797666
12.436294,-8.093698,Sentence,1,9.359525
12.33653,-6.538225,Sentence,0,7.8909335
12.759197,-7.4759455,Sentence,2,9.091396
12.337196,-5.2661543,Sentence,2,10.275029
12.955678,-7.401403,Sentence,1,9.222116
12.128661,-8.083678,Sentence,1,8.635199
12.539267,-7.330605,Sentence,2,10.414412
11.088867,-4.350158,Sentence,0,10.525625
12.276066,-8.5741005,Sentence,1,9.719964
10.138405,-8.933311,Sentence,0,8.409315
11.725484,-6.225097,Sentence,2,10.669327
12.219393,-8.489566,Sentence,1,10.098832
11.098376,-7.1235986,Sentence,2,8.7261
12.347609,-8.548853,Sentence,1,8.534896
13.312346,-4.7180223,Sentence,0,8.484479
11.500912,-8.592189,Sentence,1,9.396455
12.009255,-6.3511357,Sentence,0,7.6627893
10.881505,-5.3228655,Sentence,0,6.920259
12.183685,-7.3809094,Sentence,0,8.027593
13.549241,-8.359777,Sentence,2,9.06823
10.306969,-6.294195,Sentence,1,8.473577
11.688507,-8.072969,Sentence,1,10.249347
11.918569,-8.883616,Sentence,1,9.245855
11.976277,-7.3920226,Sentence,1,8.314659
12.036965,-5.652457,Sentence,0,7.766056
11.514492,-8.100869,Sentence,1,9.283267
11.530112,-8.421104,Sentence,1,8.460243
12.515717,-7.611912,Sentence,1,9.807744
12.106755,-7.80592,Sentence,1,7.9346113
12.594466,-7.1178026,Sentence,1,8.056745
12.2802105,-7.8579483,Sentence,2,8.813964
12.139165,-8.32601,Sentence,1,9.548507
12.412442,-7.9504066,Sentence,1,8.6435585
12.18418,-6.813997,Sentence,2,10.318153
12.152163,-8.8031225,Sentence,1,8.286643
12.891142,-6.817408,Sentence,2,9.777665
10.81382,-5.423151,Sentence,2,9.436682
12.844759,-7.9862175,Sentence,1,9.492934
11.295484,-8.255538,Sentence,1,8.518846
12.0630245,-6.517949,Sentence,2,9.350452
12.257757,-6.0310526,Sentence,0,7.2250113
10.854334,-6.1154857,Sentence,0,8.491488
11.830207,-5.823675,Sentence,2,10.507917
12.695021,-7.303444,Sentence,2,10.494902
11.775434,-4.8570275,Sentence,0,7.384321
11.287109,-7.3193173,Sentence,1,8.619655
12.20367,-6.8488235,Sentence,0,7.118601
10.123478,-8.936008,Sentence,0,8.767067
10.821281,-9.052403,Sentence,1,8.764508
11.76345,-6.6741724,Sentence,0,7.8296056
11.134684,-5.8253427,Sentence,2,9.513408
12.048738,-5.599059,Sentence,0,7.4157095
11.743521,-7.13173,Sentence,2,9.713602
13.329177,-8.141267,Sentence,2,9.0254345
10.38088,-5.477702,Sentence,0,7.949178
11.0703335,-6.8512506,Sentence,1,8.4988
12.03125,-5.5827613,Sentence,2,11.108108
12.256874,-7.8663893,Sentence,1,9.514871
12.203232,-6.339955,Sentence,2,8.630849
12.569202,-5.9841375,Sentence,2,9.475361
11.191843,-5.3381686,Sentence,0,8.4299
12.410328,-8.434261,Sentence,1,7.872577
11.264524,-4.119382,Sentence,2,10.55453
12.400562,-8.652777,Sentence,1,9.585278
11.640398,-4.017382,Sentence,0,10.333707
11.154705,-5.4635253,Sentence,0,7.9327292
11.04165,-7.778318,Sentence,0,9.063211
11.9584,-6.1944413,Sentence,0,7.608248
12.199065,-7.548373,Sentence,1,8.386859
10.940716,-6.857817,Sentence,0,8.171487
10.619006,-7.2463727,Sentence,1,9.488121
12.20262,-8.230561,Sentence,1,9.395872
9.908853,-7.7478743,Sentence,0,8.873597
12.78285,-7.1358814,Sentence,1,8.105951
13.052814,-6.9642777,Sentence,2,10.09845
9.507424,-7.6731987,Sentence,0,7.166151
11.239418,-8.58403,Sentence,1,8.867414
12.459396,-7.6109824,Sentence,1,9.863643
12.639377,-7.0034842,Sentence,2,10.168553
11.014398,-8.541605,Sentence,1,9.705002
12.777943,-7.0646935,Sentence,0,8.396587
11.307435,-7.498931,Sentence,1,9.840912
11.974296,-5.8622866,Sentence,0,7.4484735
11.8525715,-8.026139,Sentence,1,9.275465
11.683191,-8.850281,Sentence,1,9.226282
12.320575,-8.52902,Sentence,1,9.41726
10.804361,-5.491931,Sentence,0,7.060522
11.343267,-8.1746235,Sentence,1,9.000683
12.003074,-6.105156,Sentence,0,8.268297
10.337268,-5.169202,Sentence,0,7.7546864
11.894721,-5.1962585,Sentence,0,8.35361
12.710632,-5.738956,Sentence,2,10.1419325
12.300229,-6.3574686,Sentence,0,7.6216826
12.746261,-7.4210486,Sentence,2,9.956236
11.71517,-8.337218,Sentence,1,7.992693
10.730879,-2.8798556,Sentence,0,3.0845656
12.538486,-8.807771,Sentence,1,8.822587
12.30432,-8.561866,Sentence,1,8.394034
12.553323,-6.751104,Sentence,2,9.797426
12.3866415,-8.262844,Sentence,1,8.852542
10.344249,-6.8547754,Sentence,0,9.59575
12.491366,-6.4710107,Sentence,0,7.8665185
11.296774,-8.674075,Sentence,1,9.243612
11.900429,-7.866468,Sentence,1,9.865218
11.588357,-7.081484,Sentence,1,8.26621
12.690179,-7.154727,Sentence,1,8.178149
10.881339,-5.6801844,Sentence,2,10.0617485
11.038114,-5.9822073,Sentence,0,7.2842956
11.914003,-7.4678144,Sentence,0,7.68002
10.9964695,-8.873602,Sentence,1,9.037909
10.9177265,-5.220674,Sentence,0,7.30166
12.535305,-8.670982,Sentence,1,9.52556
12.325589,-8.341477,Sentence,1,9.697632
10.559673,-8.3958845,Sentence,1,9.022495
13.091017,-4.713555,Sentence,2,7.966402
12.60728,-7.4005365,Sentence,2,10.314338
12.973533,-5.6041765,Sentence,0,8.402496
10.142805,-8.623951,Sentence,0,8.391905
12.430836,-5.8101177,Sentence,2,9.023791
13.533437,-8.370956,Sentence,1,9.039484
12.678024,-8.354396,Sentence,1,9.552026
11.8056,-8.759699,Sentence,1,8.537243
12.171008,-6.6377697,Sentence,0,7.5837665
11.021143,-5.779566,Sentence,0,8.70723
12.513166,-8.461778,Sentence,1,9.288959
12.617076,-5.247208,Sentence,2,8.383516
10.16583,-8.837944,Sentence,0,8.616383
11.172025,-8.862028,Sentence,1,9.289878
10.83614,-8.756715,Sentence,1,8.530293
12.065052,-8.345288,Sentence,1,8.802117
10.4715605,-5.017363,Sentence,0,9.649842
10.237915,-5.548471,Sentence,0,8.172097
13.213869,-4.3756385,Sentence,0,9.172936
12.854205,-8.101677,Sentence,1,9.389162
11.732675,-6.2040133,Sentence,2,9.562652
13.511929,-4.3539057,Sentence,0,8.074894
12.845049,-7.52057,Sentence,2,10.196854
12.223876,-8.454661,Sentence,1,8.299438
10.682239,-5.3961124,Sentence,0,7.7130413
12.207643,-6.5255494,Sentence,2,9.022715
12.871725,-7.246069,Sentence,2,9.957702
11.177298,-8.0290985,Sentence,1,9.450481
9.890326,6.546162,Sentence,0,6.8712673
12.287782,-6.11893,Sentence,2,9.3541
14.176182,-5.4529037,Sentence,1,7.9833803
11.231926,-5.2032027,Sentence,0,8.137641
10.695728,-5.8818803,Sentence,0,9.679967
11.369961,-7.8531494,Sentence,1,8.083636
12.434742,-8.737119,Sentence,1,8.8571005
13.1339655,-6.0723352,Sentence,2,9.60316
11.647051,-8.216985,Sentence,2,10.085135
11.3824005,-7.239378,Sentence,0,8.384752
11.689503,-8.743673,Sentence,1,8.856581
12.994491,-6.2660513,Sentence,2,10.464537
11.815722,-6.5272202,Sentence,0,7.069932
11.877479,-8.286365,Sentence,1,9.706749
12.764429,-7.0788393,Sentence,2,10.219349
11.694956,-7.710522,Sentence,2,9.565488
10.785206,-5.513349,Sentence,0,8.273886
12.737837,-7.3622046,Sentence,2,9.582217
10.880471,-7.6888523,Sentence,0,7.3642483
11.171897,-8.640428,Sentence,1,9.673167
12.765417,-8.12939,Sentence,1,8.673475
11.86096,-7.776488,Sentence,0,7.81025
13.419883,-7.883295,Sentence,2,9.346753
12.418672,-4.31198,Sentence,2,8.470495
10.912185,-5.804276,Sentence,0,7.6311417
11.074782,-6.185608,Sentence,0,10.004446
11.494915,-8.212158,Sentence,1,9.92915
12.832759,-5.8350377,Sentence,0,8.425002
10.769076,-4.9824114,Sentence,0,6.856741
12.304316,-8.959555,Sentence,1,9.153139
10.828025,-8.298909,Sentence,1,8.769183
10.348702,-8.323671,Sentence,1,8.697632
12.181112,-7.415859,Sentence,2,10.126247
11.821599,-8.839969,Sentence,1,9.488937
11.270937,-8.085073,Sentence,1,9.146856
12.691894,-8.467757,Sentence,1,9.190242
11.656678,-8.721602,Sentence,1,8.610775
13.135802,-7.749272,Sentence,2,8.854935
11.080743,-8.051538,Sentence,1,9.625504
12.270674,-5.294068,Sentence,2,10.342073
11.988432,-6.0923653,Sentence,2,9.20087
10.688773,-4.7332525,Sentence,0,6.733131
12.577665,-7.22591,Sentence,2,10.483563
10.7541895,-5.2142243,Sentence,0,6.888726
11.549074,-7.0255747,Sentence,0,7.3925953
11.799182,-8.55228,Sentence,1,9.723256
9.551251,-7.501001,Sentence,0,7.153514
11.978131,-7.400026,Sentence,1,9.139199
13.770005,-4.1077185,Sentence,2,8.636841
11.621152,-8.957929,Sentence,1,7.9727054
12.318791,-8.650063,Sentence,1,9.963848
12.676784,-6.8721905,Sentence,2,10.63456
13.214967,-8.205616,Sentence,2,9.166588
11.379462,-4.117453,Sentence,2,10.494205
8.149245,-7.8386493,Sentence,0,7.9205804
12.076433,-8.657807,Sentence,1,8.532013
12.128239,-8.887243,Sentence,1,9.226341
12.711875,-7.680248,Sentence,1,9.710147
13.235266,-6.5534363,Sentence,2,10.003447
12.746162,-6.6243105,Sentence,2,10.71944
11.130828,-6.25567,Sentence,2,10.259017
11.868093,-7.6241956,Sentence,1,7.7830105
11.940789,-7.07444,Sentence,1,8.69811
12.334717,-8.21373,Sentence,1,9.008833
11.0306015,-7.9221487,Sentence,1,7.5492325
14.1527,-4.8977017,Sentence,0,7.8786073
11.78417,-5.377278,Sentence,2,10.829902
12.836896,-7.6959844,Sentence,1,8.558191
12.544451,-6.9003177,Sentence,2,10.701787
12.960739,-5.239661,Sentence,2,9.793911
11.199204,-6.931951,Sentence,0,9.16752
13.062449,-8.225665,Sentence,1,8.860682
12.30914,-7.183603,Sentence,2,10.721344
10.549521,-4.9161167,Sentence,0,7.606253
12.693317,-7.072127,Sentence,2,10.409457
11.659278,-5.204791,Sentence,2,10.5298395
10.74984,-4.811448,Sentence,0,6.717644
11.841349,-8.27157,Sentence,1,8.289782
9.938398,-5.0395894,Sentence,0,7.9942102
11.896169,-5.4739237,Sentence,0,7.3663716
11.060753,-6.449812,Sentence,2,10.4054165
11.609909,-4.309551,Sentence,2,10.362221
11.416387,-6.452848,Sentence,0,8.51969
12.501416,-6.2847667,Sentence,2,9.962407
11.31583,-4.6346474,Sentence,2,10.966515
11.821291,-6.7687206,Sentence,2,10.485603
10.804349,-5.8339386,Sentence,0,8.904702
11.700688,-8.711324,Sentence,0,7.326703
11.853296,-7.73669,Sentence,1,7.958548
12.966283,-6.315353,Sentence,2,9.815466
12.312134,-8.02722,Sentence,1,7.6130767
10.161262,-5.7623963,Sentence,0,8.311156
11.6856165,-4.0010376,Sentence,2,10.424451
12.588964,-5.752403,Sentence,2,9.269872
10.821237,-8.656032,Sentence,2,8.894943
11.944472,-6.617867,Sentence,0,7.096358
11.493978,-7.1769385,Sentence,0,6.7548285
11.497726,-4.315378,Sentence,2,11.049704
12.362164,-8.019002,Sentence,1,8.265551
11.209746,-7.713578,Sentence,1,8.769466
12.38955,-6.433824,Sentence,2,10.992655
12.836523,-5.378146,Sentence,2,9.047525
11.618989,-8.72494,Sentence,1,8.560734
12.79844,-8.698242,Sentence,1,8.939852
11.903537,-8.553027,Sentence,1,9.541447
12.342118,-8.12353,Sentence,1,7.9115787
11.13765,-7.008769,Sentence,1,8.817257
11.645364,-8.91162,Sentence,1,8.631899
11.816633,-4.892585,Sentence,2,10.960082
11.2386,-8.792428,Sentence,1,9.296539
13.040686,-7.2945085,Sentence,2,10.124662
11.7014475,-6.670607,Sentence,0,7.9254017
11.61675,-8.985318,Sentence,1,8.8727455
12.241177,-5.3662086,Sentence,2,10.342901
12.033729,-6.3885865,Sentence,2,9.37521
12.691209,-8.339793,Sentence,1,9.493639
10.574617,-7.154846,Sentence,1,8.854661
12.164415,-8.620189,Sentence,1,8.655983
11.993426,-8.60957,Sentence,1,9.442858
12.257529,-8.19794,Sentence,1,9.989707
12.005192,-8.258648,Sentence,1,9.322932
11.312004,-8.268448,Sentence,1,8.733817
13.296992,-5.8045297,Sentence,2,9.234445
10.260778,-5.1976275,Sentence,0,8.161114
12.328531,-8.657129,Sentence,1,8.769423
11.505493,-7.882718,Sentence,0,7.3948355
9.892718,6.5323143,Sentence,0,6.878366
10.000899,-4.7138696,Sentence,0,6.3193226
10.596156,-5.1278334,Sentence,0,7.5882688
11.74541,-5.433608,Sentence,2,10.394243
12.00473,-8.517284,Sentence,1,8.205097
12.921219,-7.7090116,Sentence,1,9.084435
12.105616,-7.6628304,Sentence,1,10.223538
13.09769,-6.6072116,Sentence,2,10.210638
12.878232,-7.046615,Sentence,2,10.14725
10.134066,-8.623157,Sentence,1,9.082189
12.534965,-6.7731075,Sentence,2,8.584123
12.569747,-8.031555,Sentence,1,8.733086
10.122154,-5.010102,Sentence,0,7.834204
11.914825,-5.6626706,Sentence,0,8.022181
14.744142,-3.363465,Sentence,0,8.315869
11.239178,-7.967704,Sentence,1,8.162004
10.727074,-6.6040263,Sentence,0,7.5912967
12.964517,-8.336909,Sentence,1,9.321533
12.265228,-8.491767,Sentence,1,9.418326
10.931256,-7.0986776,Sentence,2,10.043409
11.278898,-7.189332,Sentence,0,9.168953
12.521615,-7.239703,Sentence,2,10.534805
12.672282,-5.8671775,Sentence,0,7.995399
11.437354,-6.0673604,Sentence,0,8.111454
11.56983,-6.620281,Sentence,0,7.7405972
7.7449603,-3.915491,Sentence,0,7.228297
12.406522,-7.5658174,Sentence,2,9.8015995
11.726282,-6.759282,Sentence,0,7.654597
12.09451,-8.364122,Sentence,0,7.5908594
12.823779,-6.995168,Sentence,1,8.034203
13.148764,-7.204951,Sentence,2,9.33017
12.681164,-8.21459,Sentence,1,9.286159
12.512224,-7.347374,Sentence,1,8.281137
13.060638,-5.3059883,Sentence,0,7.946777
10.550984,-8.699217,Sentence,0,8.324034
11.817309,-7.3591833,Sentence,0,7.557089
11.844551,-7.955782,Sentence,1,9.634088
12.501364,-7.7335596,Sentence,0,8.304524
13.628183,-4.043538,Sentence,2,8.379877
10.578966,-5.185133,Sentence,0,9.574671
11.30876,-6.927235,Sentence,1,9.910134
12.289531,-6.542887,Sentence,2,9.681778
11.610473,-8.631313,Sentence,1,9.051926
12.49889,-7.8092093,Sentence,2,10.089966
13.35702,-4.723131,Sentence,0,8.415596
12.600452,-8.472054,Sentence,1,9.125433
12.466757,-8.431682,Sentence,1,8.5286255
12.619119,-8.243207,Sentence,1,8.59327
10.678398,-7.4962935,Sentence,0,7.442702
10.722964,-4.7039313,Sentence,0,6.688186
12.427093,-8.507143,Sentence,1,9.9552355
13.0114765,-7.8595476,Sentence,1,9.21804
11.380102,-8.96603,Sentence,1,9.2863655
12.416693,-8.244471,Sentence,1,9.817425
12.683522,-7.802758,Sentence,2,10.011343
12.219143,-6.5471745,Sentence,2,8.512319
11.440958,-8.850772,Sentence,1,8.763806
12.182657,-8.034672,Sentence,1,10.425753
12.269821,-6.912627,Sentence,2,10.4572315
11.849794,-8.412529,Sentence,1,9.489827
11.494985,-6.7737207,Sentence,0,7.935081
10.492172,-5.133034,Sentence,0,7.8006825
12.236538,-5.1825814,Sentence,2,10.281296
12.394734,-6.4197645,Sentence,2,10.748443
12.0159445,-8.316045,Sentence,1,10.322588
12.451394,-6.7283697,Sentence,0,8.252459
13.248813,-6.797963,Sentence,2,9.930373
12.49088,-7.840259,Sentence,2,9.512109
12.165874,-7.5350637,Sentence,2,9.258214
11.756584,-7.342722,Sentence,0,8.039593
11.7226095,-5.2095447,Sentence,2,10.596288
13.244436,-6.730804,Sentence,2,9.954238
11.748266,-8.604004,Sentence,1,8.481677
10.762049,-6.959336,Sentence,1,9.339635
10.095601,-8.861684,Sentence,0,8.768369
12.060476,-5.40256,Sentence,2,10.353557
12.919214,-6.0067477,Sentence,2,9.393366
11.96621,-6.70163,Sentence,0,8.222845
12.375516,-6.767928,Sentence,0,6.7963624
10.47743,-5.399413,Sentence,0,8.446937
12.307366,-6.1223116,Sentence,2,8.597672
11.9082365,-8.176319,Sentence,1,9.301505
10.454943,-8.616851,Sentence,1,8.664181
12.824662,-7.430595,Sentence,2,10.072902
12.00251,-6.3282084,Sentence,0,7.892519
12.428042,-5.1005,Sentence,2,9.878879
12.317256,-4.8127284,Sentence,2,9.9529295
12.573507,-6.967934,Sentence,2,10.716008
10.979463,-7.409368,Sentence,1,8.724705
12.788922,-8.062695,Sentence,1,9.255688
12.449782,-5.291803,Sentence,2,10.617332
12.305191,-8.249185,Sentence,1,9.173528
13.554466,-8.378949,Sentence,2,9.090282
9.702389,-7.673,Sentence,0,7.2766986
12.414967,-6.898597,Sentence,2,10.786917
11.612281,-7.86785,Sentence,1,8.13326
12.57161,-8.035512,Sentence,2,10.135447
11.6549425,-7.055773,Sentence,0,7.70107
13.032808,-7.8775086,Sentence,0,8.533433
9.388304,-8.215191,Sentence,0,7.9997644
12.551217,-7.0935493,Sentence,1,8.257705
11.772495,-4.670079,Sentence,2,10.294717
10.22381,-8.36755,Sentence,1,9.425752
12.051276,-6.95072,Sentence,2,10.668034
12.548419,-6.804405,Sentence,2,10.820437
10.658744,-8.14301,Sentence,0,8.866538
11.262244,-8.875012,Sentence,1,8.936116
11.908252,-8.353738,Sentence,1,9.676528
12.479113,-6.700953,Sentence,2,9.027647
12.596812,-6.331814,Sentence,0,8.391595
11.771321,-8.869487,Sentence,1,9.470321
10.326885,-5.587196,Sentence,0,7.4783397
12.147433,-6.668725,Sentence,0,7.814124
11.605414,-6.3243814,Sentence,2,10.670026
12.732768,-7.209336,Sentence,2,10.491915
13.115501,-6.981352,Sentence,2,10.012917
13.676497,-4.5045094,Sentence,0,7.683404
12.455542,-8.689549,Sentence,1,8.389481
11.884678,-8.51644,Sentence,1,9.718127
12.592284,-8.045504,Sentence,2,10.002191
13.152289,-7.4714694,Sentence,1,9.15465
11.496693,-4.780901,Sentence,2,10.755844
11.958382,-8.048791,Sentence,1,9.667068
13.653642,-8.311082,Sentence,2,9.028699
12.27454,-8.200125,Sentence,1,9.513569
12.577597,-7.0048018,Sentence,1,9.024542
12.677053,-7.0041485,Sentence,0,8.17616
12.046863,-8.521771,Sentence,1,7.598347
12.439588,-8.106315,Sentence,1,7.773543
12.302101,-7.8441544,Sentence,0,8.207213
11.817884,-7.119645,Sentence,0,8.12604
12.055198,-6.7252173,Sentence,2,8.953619
11.793191,-8.456856,Sentence,1,9.064431
12.260404,-5.748449,Sentence,2,9.443628
10.685629,-5.856945,Sentence,0,8.486174
11.58427,-6.8571615,Sentence,2,9.552682
10.787211,-8.846807,Sentence,1,8.97999
12.368442,-7.69921,Sentence,1,8.500526
10.535951,-5.962659,Sentence,2,9.270631
10.617185,-8.374989,Sentence,1,8.580018
12.557268,-6.479015,Sentence,2,9.8255415
12.059004,-6.2043996,Sentence,0,8.429434
12.558939,-8.592637,Sentence,1,9.584875
9.514165,-8.25433,Sentence,0,8.490402
10.9171295,-8.294989,Sentence,1,8.7964
11.437698,-6.8177958,Sentence,0,8.263482
11.604619,-8.394968,Sentence,1,9.835782
12.431377,-7.9973397,Sentence,1,10.161452
12.190924,-8.593569,Sentence,1,8.19498
11.052369,-8.860079,Sentence,1,8.87906
12.202024,-7.605936,Sentence,2,10.258733
12.623465,-7.1575956,Sentence,2,10.02936
11.256659,-4.8500705,Sentence,0,10.287429
13.0084715,-8.40417,Sentence,1,9.139147
12.166567,-5.864297,Sentence,0,8.4869175
12.833397,-8.329878,Sentence,1,9.055664
12.305003,-6.60958,Sentence,2,9.863311
12.112184,-5.382731,Sentence,2,10.77011
12.641088,-7.426147,Sentence,2,9.644752
10.788787,-6.588531,Sentence,1,8.585252
12.481345,-8.069877,Sentence,1,9.719945
12.366313,-6.540651,Sentence,0,8.06108
12.264343,-8.8518305,Sentence,1,9.199932
11.354077,-7.7996354,Sentence,1,8.3976755
11.375937,-8.066646,Sentence,1,8.913605
12.786154,-6.5563354,Sentence,2,9.415749
12.189729,-8.597502,Sentence,1,9.127314
13.393603,-4.425929,Sentence,0,8.173208
12.37263,-8.376188,Sentence,1,9.692582
12.445755,-8.313468,Sentence,1,9.040843
11.447006,-8.488981,Sentence,1,9.232519
12.040719,-8.341545,Sentence,1,9.9848
10.751247,-8.060551,Sentence,1,9.493077
11.973178,-8.803899,Sentence,1,7.6883054
12.132298,-8.859091,Sentence,1,8.774806
12.539885,-6.2709203,Sentence,0,8.059676
12.321452,-5.3042336,Sentence,2,10.075852
11.917917,-8.594107,Sentence,1,8.06555
11.905179,-6.5260267,Sentence,2,10.639844
12.18127,-8.188744,Sentence,1,10.132706
12.299289,-8.33899,Sentence,1,8.377715
10.206167,-5.829994,Sentence,1,8.342436
9.859633,-7.8121986,Sentence,1,7.441909
12.618182,-6.7721586,Sentence,1,8.006015
12.586266,-6.8804297,Sentence,2,10.17602
12.254454,-6.868358,Sentence,2,8.755541
12.585515,-7.0905933,Sentence,2,10.695784
11.653677,-6.2237186,Sentence,2,9.991175
12.322998,-8.293108,Sentence,1,9.968216
12.232462,-8.189487,Sentence,1,8.322686
12.358722,-7.309541,Sentence,2,10.697706
12.867357,-7.1392365,Sentence,2,10.391941
12.609149,-7.0448875,Sentence,2,10.129213
12.921086,-7.8915544,Sentence,1,9.174289
12.465039,-8.298179,Sentence,1,8.323233
9.5128565,-7.4958067,Sentence,0,7.053014
11.127547,-6.3037105,Sentence,2,9.956687
15.506268,-1.6694707,Sentence,0,10.260698
11.890901,-8.366803,Sentence,1,10.131345
11.086706,-7.3692365,Sentence,1,8.319176
12.605041,-6.361447,Sentence,2,8.475979
12.423552,-8.464783,Sentence,1,9.401907
11.993208,-6.027068,Sentence,0,7.437828
11.58849,-6.550609,Sentence,2,9.930622
11.350733,-8.380138,Sentence,1,8.756666
11.356379,-6.4011064,Sentence,2,10.534835
9.9755125,-8.520154,Sentence,0,8.518873
10.892644,-7.40435,Sentence,0,8.639232
12.04962,-4.9353886,Sentence,2,10.261717
10.923285,-5.3065925,Sentence,0,6.824863
12.225455,-7.746373,Sentence,1,8.367215
11.5498085,-8.274976,Sentence,2,9.10369
11.809443,-8.468928,Sentence,1,8.891093
12.452369,-6.885142,Sentence,2,10.8672695
7.747944,-3.9147582,Sentence,0,7.2268157
11.141323,-7.9988685,Sentence,1,9.469649
12.615675,-5.5761404,Sentence,2,10.606455
10.834344,-8.257637,Sentence,1,9.450001
11.872123,-6.674186,Sentence,0,7.3725867
12.771369,-8.262871,Sentence,1,8.995602
11.267817,-8.094446,Sentence,1,8.425856
11.414647,-8.622663,Sentence,1,8.468725
10.451844,-6.8612046,Sentence,2,9.819462
11.385076,-4.9245534,Sentence,2,9.149977
12.372495,-6.3977265,Sentence,2,9.82985
10.213357,-5.7386236,Sentence,1,8.345622
11.794687,-8.221097,Sentence,1,9.379769
11.4482,-4.177659,Sentence,0,10.490912
10.721098,-8.51572,Sentence,0,8.115925
11.026338,-8.315276,Sentence,1,9.28455
11.716506,-4.0060043,Sentence,2,10.406381
12.086433,-8.30179,Sentence,1,8.665303
12.5803,-6.3518567,Sentence,2,8.924553
12.417655,-8.120356,Sentence,1,8.281242
13.5093565,-4.377183,Sentence,0,7.991655
11.466032,-7.000485,Sentence,1,8.388327
13.148068,-7.527578,Sentence,1,9.093742
11.664508,-7.8754663,Sentence,1,10.132863
12.731785,-8.027156,Sentence,1,9.332451
11.650733,-7.319141,Sentence,1,9.122753
10.897721,-7.7312493,Sentence,1,7.560296
12.671864,-5.347858,Sentence,2,9.990374
11.045428,-5.457142,Sentence,0,7.429694
12.249833,-6.5951724,Sentence,2,10.964609
11.848005,-8.160594,Sentence,1,10.098839
10.0031595,-8.553401,Sentence,1,8.696713
11.656349,-5.5883718,Sentence,2,10.342145
12.148998,-8.309899,Sentence,1,10.187934
11.459087,-4.822891,Sentence,0,10.606478
10.5282,-8.821642,Sentence,0,8.375703
13.204821,-7.001596,Sentence,2,10.074429
12.290553,-8.375509,Sentence,1,8.496717
13.5649605,-3.329893,Sentence,0,8.594422
11.531276,-4.5532827,Sentence,2,10.164181
12.663591,-8.615432,Sentence,1,9.088689
11.496058,-7.857918,Sentence,1,9.299531
12.465302,-6.2506037,Sentence,2,10.665268
11.4601345,-8.288354,Sentence,1,9.205519
10.996885,-8.47387,Sentence,1,9.179725
12.292081,-8.703058,Sentence,1,8.511323
12.267055,-8.628352,Sentence,1,9.394163
12.353203,-6.6092,Sentence,2,10.629943
12.697753,-4.6198225,Sentence,0,7.5195904
12.580839,-5.713439,Sentence,2,10.848072
12.6637125,-7.8479376,Sentence,1,9.495908
15.50621,-1.669531,Sentence,0,10.260699
12.106178,-5.830029,Sentence,2,9.767279
11.400912,-7.5561404,Sentence,1,9.1896
12.218816,-8.64346,Sentence,1,8.394188
10.8807535,-3.8375008,Sentence,0,9.862656
12.38747,-7.776829,Sentence,2,10.528487
11.511565,-8.516452,Sentence,1,9.852773
12.828825,-8.068227,Sentence,1,8.916138
12.1460085,-8.270159,Sentence,1,9.802031
12.216592,-5.720405,Sentence,0,8.543538
10.696852,-6.3855996,Sentence,0,8.403297
11.739156,-8.816322,Sentence,0,7.3134074
11.950981,-8.700351,Sentence,1,10.074881
12.114488,-8.621231,Sentence,1,7.8645816
10.699505,-6.12428,Sentence,0,9.399014
11.927126,-7.096846,Sentence,0,8.112824
11.6617775,-5.235104,Sentence,0,8.581331
12.912046,-6.5471196,Sentence,2,10.689596
10.408847,-8.360629,Sentence,1,9.188689
12.65659,-6.612109,Sentence,0,7.350942
13.264685,-7.148589,Sentence,2,9.466101
10.918259,-7.329671,Sentence,1,8.827601
15.037418,-3.1118424,Sentence,0,8.256846
13.005418,-6.0511355,Sentence,2,9.68427
11.963385,-8.687013,Sentence,1,9.682352
11.168857,-6.338366,Sentence,0,9.275747
12.396323,-7.4667153,Sentence,1,10.609049
13.238915,-7.1630692,Sentence,2,9.387514
10.697935,-8.690394,Sentence,1,8.250534
10.979252,-5.2623777,Sentence,0,6.9242406
10.263968,-6.509114,Sentence,0,7.6675525
10.731217,-2.8802085,Sentence,0,3.084845
12.367068,-6.281293,Sentence,2,9.054655
12.529485,-6.3639855,Sentence,2,9.17951
11.816423,-8.469918,Sentence,1,9.727243
11.937497,-6.043416,Sentence,0,6.959861
11.898836,-6.6257963,Sentence,0,7.6487136
12.213381,-7.2470717,Sentence,1,9.269489
11.471767,-8.610315,Sentence,0,7.3597927
10.493422,-5.0011897,Sentence,2,9.563585
13.309038,-7.027334,Sentence,2,9.69092
12.491777,-6.5994387,Sentence,2,10.600335
12.30343,-5.8343387,Sentence,2,8.136633
11.896578,-7.9110007,Sentence,2,10.431993
12.659603,-5.665199,Sentence,0,7.698925
11.758487,-4.9714837,Sentence,0,10.030212
11.338481,-5.8158264,Sentence,0,8.129912
12.336575,-6.175976,Sentence,0,7.9648695
12.578823,-7.3047276,Sentence,2,10.438455
13.752049,-4.127667,Sentence,0,7.7543015
11.776687,-5.197859,Sentence,2,10.62683
11.715396,-8.347608,Sentence,1,8.590088
12.740552,-7.196576,Sentence,2,10.693814
12.077739,-6.719435,Sentence,0,6.8160763
12.383101,-8.699544,Sentence,1,9.097517
12.149181,-8.707082,Sentence,1,8.607112
12.6136265,-8.285434,Sentence,1,9.391459
12.3283205,-5.8823256,Sentence,0,8.277013
11.958775,-8.167992,Sentence,1,10.34902
11.538124,-8.526694,Sentence,1,9.722355
12.44057,-8.684571,Sentence,1,8.972351
13.1557045,-6.8675537,Sentence,2,9.987432
10.366619,-8.602821,Sentence,0,8.681061
11.724871,-7.4108615,Sentence,0,8.48757
12.566413,-6.645541,Sentence,2,10.5028105
13.304003,-6.285896,Sentence,2,9.813204
12.356601,-6.7137117,Sentence,2,10.305171
12.4889,-6.1890845,Sentence,0,8.406085
12.191222,-8.129309,Sentence,1,9.577996
12.222575,-7.2508426,Sentence,2,10.633984
12.609548,-7.121386,Sentence,2,10.748921
11.909049,-7.537403,Sentence,2,10.046782
13.457938,-4.981578,Sentence,2,8.612392
11.517257,-7.8894873,Sentence,1,9.545124
12.346892,-8.901973,Sentence,1,8.839891
10.251778,-5.2203307,Sentence,0,7.9982266
10.852794,-8.938227,Sentence,1,8.944014
11.710979,-7.815575,Sentence,1,9.570964
12.247188,-7.92074,Sentence,2,8.703534
12.191019,-6.922482,Sentence,2,10.769117
11.770342,-5.3216333,Sentence,2,10.667218
13.110579,-5.9595942,Sentence,2,9.691664
11.026724,-7.8621993,Sentence,1,8.674825
12.008744,-6.7787232,Sentence,0,8.226006
13.740509,-4.1543713,Sentence,0,8.562419
14.283282,-5.1497107,Sentence,0,7.9331155
12.737346,-6.7868824,Sentence,2,10.683156
12.329726,-5.8704867,Sentence,0,7.4722996
12.4608345,-5.904947,Sentence,2,9.168228
11.566545,-7.1342926,Sentence,0,6.8757296
12.411068,-8.519503,Sentence,1,9.814214
11.12649,-8.437975,Sentence,1,8.214417
12.558099,-5.748232,Sentence,2,10.7753105
10.336272,-5.68751,Sentence,0,8.1924095
12.389937,-7.287147,Sentence,2,9.739715
10.211345,-4.102122,Sentence,0,10.164172
12.60679,-8.198952,Sentence,1,9.508261
10.929228,-5.372471,Sentence,0,7.4052925
12.615945,-6.9247575,Sentence,2,9.923307
11.634407,-8.117253,Sentence,1,8.331826
10.839077,-3.9484031,Sentence,0,10.016423
11.845493,-5.6412845,Sentence,0,6.6966867
12.592422,-7.3224587,Sentence,1,8.549167
10.126705,-8.505105,Sentence,1,9.420858
11.560192,-8.680912,Sentence,1,8.42677
12.155241,-8.644631,Sentence,1,8.796293
12.836133,-6.322499,Sentence,2,9.991252
12.62366,-7.41998,Sentence,2,9.391392
12.468247,-7.2582226,Sentence,1,8.872961
10.74661,-7.819101,Sentence,1,9.062251
11.727079,-5.628679,Sentence,2,10.329121
12.336582,-7.4263396,Sentence,2,10.246287
11.790665,-3.8073282,Sentence,2,7.7468247
12.325483,-5.412553,Sentence,2,10.4242325
10.439055,-8.805086,Sentence,1,8.156992
12.395089,-8.370028,Sentence,1,8.906717
12.876788,-6.7025895,Sentence,2,9.708913
12.151167,-7.7013545,Sentence,1,9.650595
12.0635605,-6.5772467,Sentence,2,10.711737
9.645116,-7.7035575,Sentence,0,7.2803783
12.049628,-7.742698,Sentence,2,10.15317
11.766326,-8.7526245,Sentence,1,8.917489
11.885344,-8.200136,Sentence,1,9.029741
10.052644,-8.681921,Sentence,0,8.881095
11.64562,-6.6887093,Sentence,0,9.015986
11.660241,-8.386638,Sentence,2,10.130494
12.247639,-8.463177,Sentence,1,9.54395
11.156138,-6.170092,Sentence,2,9.5999365
12.3762245,-5.4716067,Sentence,2,10.779671
10.572116,-5.4000573,Sentence,0,8.307334
11.122383,-5.9324055,Sentence,0,7.8083453
12.077415,-8.844649,Sentence,1,8.85687
12.049124,-8.56154,Sentence,1,8.866234
10.418331,-6.2568984,Sentence,0,7.790978
12.011405,-8.113154,Sentence,1,10.137862
12.913628,-7.654242,Sentence,2,9.769757
9.941162,-8.875354,Sentence,0,8.368077
10.347613,-9.074122,Sentence,0,8.540674
11.232437,-8.26539,Sentence,1,9.7463
11.628322,-8.567053,Sentence,1,8.28159
12.144972,-7.3583875,Sentence,2,8.714601
12.274246,-3.5008256,Sentence,2,8.158224
12.172401,-6.8754005,Sentence,0,7.6950216
13.275143,-6.433906,Sentence,2,9.757804
12.223061,-8.362536,Sentence,1,8.299895
12.108783,-8.553592,Sentence,1,10.017993
13.34065,-6.8837776,Sentence,2,9.886432
12.16583,-6.822147,Sentence,0,8.027579
12.4734125,-7.5067153,Sentence,2,9.958712
13.068445,-4.4313426,Sentence,0,7.5159006
12.476224,-8.553188,Sentence,1,9.080578
11.381072,-8.499309,Sentence,1,7.8673563
11.6209545,-8.473195,Sentence,1,9.999433
11.237953,-8.215401,Sentence,1,8.733416
11.650851,-8.46729,Sentence,1,9.812862
10.472893,-8.630226,Sentence,1,8.706592
11.575181,-8.995591,Sentence,1,9.1548815
13.082294,-4.810602,Sentence,0,7.9441395
12.396633,-8.373281,Sentence,1,8.038091
11.952188,-6.705898,Sentence,0,7.849058
12.605967,-6.278503,Sentence,2,10.606826
12.988189,-7.31599,Sentence,1,9.650846
12.347072,-8.693953,Sentence,1,8.847871
9.893268,6.527381,Sentence,0,6.88207
11.499753,-5.8432727,Sentence,0,8.454886
12.199717,-7.3857994,Sentence,0,7.436054
12.502156,-7.925107,Sentence,1,8.702393
11.738116,-8.261641,Sentence,1,9.360849
11.150578,-7.155762,Sentence,0,7.8383136
12.92957,-6.157343,Sentence,2,9.451134
9.833605,-7.460887,Sentence,0,7.2399745
11.830113,-5.508936,Sentence,0,9.173666
10.106495,-8.781852,Sentence,1,8.600781
12.392143,-5.6031737,Sentence,2,10.566021
11.185671,-6.7549953,Sentence,0,8.719396
12.352949,-6.158955,Sentence,0,7.989331
12.255429,-6.699604,Sentence,0,7.6057544
11.8628645,-6.623118,Sentence,0,6.66459
12.873059,-7.456722,Sentence,2,10.204272
10.650644,-5.898736,Sentence,0,7.6105475
10.682162,-8.828411,Sentence,1,8.264115
11.686015,-8.19809,Sentence,1,8.942126
12.922397,-5.6912575,Sentence,2,9.916654
10.5503,-6.3773685,Sentence,0,8.122395
12.724137,-7.2850165,Sentence,2,10.057642
12.222504,-8.689382,Sentence,1,8.259508
10.925642,-7.9551926,Sentence,1,9.152447
12.022572,-8.832727,Sentence,1,9.390899
11.092212,-6.7224965,Sentence,0,8.3276825
11.277296,-8.624081,Sentence,1,9.461925
12.484532,-5.936953,Sentence,2,10.946785
13.866883,-3.9754443,Sentence,1,8.43406
11.488659,-6.0724235,Sentence,2,10.204876
12.33496,-7.8565083,Sentence,1,10.035917
10.414225,-5.038803,Sentence,0,8.895795
13.8879,-4.189018,Sentence,0,8.327691
12.11753,-7.926525,Sentence,1,9.276731
11.785602,-8.64511,Sentence,1,8.755475
10.847457,-5.552896,Sentence,0,8.389114
12.359395,-8.362222,Sentence,1,9.89362
10.547,-5.882823,Sentence,0,8.086655
11.915788,-5.7373757,Sentence,2,10.135157
12.836737,-7.227691,Sentence,2,9.246524
12.002986,-8.588733,Sentence,1,9.793129
10.27182,-6.1399236,Sentence,0,7.1441565
12.191068,-6.758608,Sentence,1,9.361112
11.475105,-7.580782,Sentence,0,8.345546
11.160443,-8.289642,Sentence,1,9.315674
12.673859,-5.534014,Sentence,0,8.38497
11.780431,-6.1030226,Sentence,0,7.324394
10.153331,-5.668901,Sentence,0,8.382641
12.356691,-8.141565,Sentence,1,9.953807
11.321481,-6.3394604,Sentence,0,6.669335
12.354658,-7.9150434,Sentence,2,10.49083
12.766661,-8.579701,Sentence,1,9.24888
13.007082,-7.0203047,Sentence,2,10.26625
12.863473,-6.7991624,Sentence,2,10.559856
11.657261,-5.639485,Sentence,0,8.282859
15.036601,-3.11257,Sentence,0,8.256602
13.718431,-4.3220663,Sentence,0,8.551749
11.203433,-4.5778294,Sentence,2,11.141051
12.315636,-7.967839,Sentence,2,10.176138
10.553875,-8.438949,Sentence,1,9.04007
10.534602,-5.1025615,Sentence,2,9.521535
10.3733425,-9.118447,Sentence,1,8.595764
12.5239725,-6.853073,Sentence,2,10.580117
11.6007,-5.488141,Sentence,0,7.5412636
12.624703,-5.782334,Sentence,2,10.71869
9.73348,-9.004621,Sentence,0,8.211558
10.330932,-8.90854,Sentence,0,8.208776
10.247888,-8.565994,Sentence,1,9.240982
12.465006,-8.485442,Sentence,1,8.44238
13.744635,-4.2122793,Sentence,0,7.9036236
11.006723,-5.9999747,Sentence,0,7.514304
10.998997,-6.1685123,Sentence,0,7.283848
11.868478,-7.9467072,Sentence,1,9.3388195
11.823403,-7.408116,Sentence,1,8.445438
10.238985,-5.845356,Sentence,0,9.092948
12.435483,-8.343244,Sentence,1,8.147447
12.438143,-7.539654,Sentence,2,10.540406
10.539953,-5.613169,Sentence,0,7.5845876
12.743029,-5.814122,Sentence,2,10.838935
12.681059,-7.1194882,Sentence,1,8.678549
12.28719,-8.335925,Sentence,1,10.096161
13.202655,-6.945417,Sentence,2,9.795696
10.484113,-7.9787326,Sentence,1,9.163307
10.712725,-4.046355,Sentence,0,9.994393
11.50262,-8.2261505,Sentence,1,9.299474
11.369426,-7.5766416,Sentence,0,7.906895
11.315046,-5.9472957,Sentence,1,10.280094
11.944693,-4.920954,Sentence,0,9.611349
12.686356,-7.906951,Sentence,1,9.543618
13.04326,-7.4293633,Sentence,2,9.134611
10.80462,-4.109143,Sentence,2,10.086063
11.424184,-6.3633804,Sentence,2,9.839913
12.8966,-8.291816,Sentence,1,8.864775
12.936396,-6.20269,Sentence,2,10.739164
13.018072,-7.0535736,Sentence,2,9.709475
11.302967,-5.3561406,Sentence,2,10.387018
10.323346,-5.3733473,Sentence,0,7.861089
10.803605,-5.604835,Sentence,0,7.9836955
12.062442,-8.675805,Sentence,1,9.537352
12.515498,-6.2931757,Sentence,2,10.653274
10.1692915,-5.8923016,Sentence,0,8.358823
12.192153,-7.4964623,Sentence,1,8.9282055
13.578212,-8.406623,Sentence,2,9.131459
13.474027,-5.1188993,Sentence,2,8.778739
11.782558,-5.5468955,Sentence,2,9.17332
12.731038,-7.7446594,Sentence,2,10.234789
12.426721,-4.8164406,Sentence,2,10.01264
11.746742,-7.263733,Sentence,1,9.295053
12.340372,-8.599364,Sentence,1,8.090693
12.363877,-8.118499,Sentence,1,10.232788
12.36422,-8.864992,Sentence,1,9.008177
12.175282,-7.0324664,Sentence,0,7.3146906
11.338495,-5.625107,Sentence,2,10.452205
12.451026,-5.9975176,Sentence,2,10.858418
12.356443,-7.6060824,Sentence,2,10.404914
11.278421,-5.2464924,Sentence,0,7.2649775
12.293896,-5.678631,Sentence,2,11.011115
12.027431,-8.663716,Sentence,1,9.366475
10.340853,-5.1190596,Sentence,0,7.7430916
6.7369237,-2.7985518,Sentence,0,14.415882
12.215033,-8.685923,Sentence,1,9.030487
11.914442,-8.367902,Sentence,1,7.973181
11.986405,-8.632346,Sentence,1,8.08099
11.489046,-7.002547,Sentence,0,7.265568
12.346376,-5.7895827,Sentence,2,10.961576
11.214415,-8.671053,Sentence,1,9.672996
11.468845,-8.019692,Sentence,1,9.6804905
12.500503,-6.9255548,Sentence,2,10.197811
11.868923,-8.130638,Sentence,1,8.854433
12.638285,-6.7003965,Sentence,2,10.6996765
11.805925,-6.569841,Sentence,0,9.650307
12.042977,-5.307888,Sentence,2,9.578219
12.648872,-6.916247,Sentence,2,9.818697
11.331397,-7.063657,Sentence,0,8.530777
12.162249,-8.26583,Sentence,1,10.112178
12.536108,-8.0228195,Sentence,1,8.142192
10.310815,-6.882238,Sentence,2,9.576768
11.706099,-7.0092998,Sentence,0,9.346974
12.788669,-7.1408434,Sentence,2,10.638469
12.100604,-8.534318,Sentence,1,9.986333
12.088958,-8.39414,Sentence,1,9.919143
11.390536,-8.837166,Sentence,1,9.357028
12.356595,-7.3351007,Sentence,1,8.650954
12.16873,-6.6001177,Sentence,2,10.747423
12.093557,-8.488639,Sentence,1,8.072528
11.756096,-5.560845,Sentence,2,10.830646
11.28412,-6.31435,Sentence,0,7.5645204
12.205671,-8.009348,Sentence,1,10.347669
12.609715,-8.085192,Sentence,1,8.950023
11.80723,-6.888134,Sentence,0,7.6317425
13.274371,-7.0042543,Sentence,2,9.316949
11.645686,-6.2560945,Sentence,2,10.300766
10.630825,-7.1376905,Sentence,0,8.311276
11.748809,-8.446878,Sentence,1,10.133314
11.074062,-6.7800894,Sentence,2,9.31851
11.9217205,-6.826585,Sentence,0,7.3980293
12.346011,-6.66394,Sentence,2,10.771652
12.061336,-8.272254,Sentence,1,8.297046
12.512888,-8.082124,Sentence,1,9.606317
10.624695,-5.749224,Sentence,0,9.37572
11.530043,-8.316208,Sentence,1,7.7562175
12.551621,-6.924323,Sentence,0,8.349277
11.796358,-6.403189,Sentence,2,10.188838
11.455051,-8.3522625,Sentence,1,8.547775
10.852344,-4.8891363,Sentence,0,7.0160446
12.611362,-6.75153,Sentence,2,10.812573
9.979574,-4.7194743,Sentence,0,6.3196125
12.776153,-7.367871,Sentence,2,9.373497
11.483433,-7.340384,Sentence,2,8.86875
12.875198,-6.7565784,Sentence,2,10.056368
12.12654,-6.588474,Sentence,1,7.7630634
12.043315,-8.67436,Sentence,1,8.616216
10.71212,-8.840901,Sentence,1,8.86997
10.43872,-6.153027,Sentence,0,9.289398
13.034084,-6.707268,Sentence,2,10.183568
11.791478,-8.88151,Sentence,1,8.680925
13.138485,-6.794106,Sentence,2,10.033402
12.222292,-7.8614783,Sentence,1,10.219017
12.055235,-8.880603,Sentence,1,9.355784
12.765172,-8.372104,Sentence,1,8.455743
12.801475,-8.250392,Sentence,2,9.34423
12.20732,-7.750215,Sentence,2,10.36948
12.30304,-6.980974,Sentence,2,10.703994
12.609884,-8.493282,Sentence,1,8.593469
12.090909,-4.6461678,Sentence,0,9.325948
12.509337,-8.632535,Sentence,1,8.533232
12.125219,-6.8182917,Sentence,0,7.4717283
12.456416,-7.1320186,Sentence,2,10.158757
12.012859,-8.439509,Sentence,1,9.768159
12.42848,-6.2924714,Sentence,2,9.415377
13.525618,-4.3878307,Sentence,2,8.405109
11.526542,-7.780794,Sentence,1,9.410961
12.618772,-8.726319,Sentence,1,8.673747
12.1578,-8.005552,Sentence,1,9.553189
11.595979,-5.333891,Sentence,2,10.578772
11.89669,-8.475317,Sentence,1,9.387263
11.851896,-8.653336,Sentence,1,9.487527
11.974049,-5.5587144,Sentence,2,10.604554
10.520188,-6.2540545,Sentence,0,7.9138446
12.073255,-7.7236075,Sentence,2,10.2841425
12.2624855,-5.501037,Sentence,2,10.2397375
12.349701,-5.5107656,Sentence,2,10.661403
12.399831,-7.809629,Sentence,1,7.861414
12.624304,-7.3115797,Sentence,2,10.4613695
13.373805,-4.479143,Sentence,2,8.870237
13.14758,-8.165284,Sentence,1,8.7275305
12.874191,-7.5482955,Sentence,0,8.500698
12.126764,-5.247207,Sentence,2,10.36224
11.84854,-8.416406,Sentence,1,8.818978
11.874446,-7.3637886,Sentence,1,8.87786
12.375854,-5.0080366,Sentence,2,9.516987
12.663555,-8.293689,Sentence,1,8.204755
9.892855,6.5281954,Sentence,0,6.8818502
12.839591,-6.997234,Sentence,2,9.173175
10.132781,-7.9875827,Sentence,1,8.126969
12.945289,-8.278141,Sentence,1,9.150222
11.328966,-6.337047,Sentence,0,8.311897
10.502861,-8.339038,Sentence,1,9.057065
12.561913,-7.096,Sentence,2,8.883349
11.088207,-4.240666,Sentence,0,10.036969
11.803321,-8.155394,Sentence,1,10.174772
11.691035,-8.34558,Sentence,1,10.094094
11.706124,-8.098964,Sentence,1,9.903997
12.323247,-8.424181,Sentence,1,9.519406
12.0842905,-8.531508,Sentence,1,9.8037195
12.405111,-5.2320333,Sentence,2,10.177994
13.124006,-4.561828,Sentence,0,7.3494763
12.055291,-4.913037,Sentence,2,10.6839075
12.353984,-5.615678,Sentence,0,8.000201
12.6138935,-6.894043,Sentence,2,9.966786
12.252968,-8.003326,Sentence,1,9.398166
9.89423,6.528405,Sentence,0,6.879528
11.141555,-8.614543,Sentence,1,8.095747
12.109983,-6.491507,Sentence,0,7.5837026
12.200847,-8.36008,Sentence,1,8.113653
12.446772,-8.136943,Sentence,1,8.113493
11.732061,-7.718015,Sentence,1,8.496034
11.000128,-6.338693,Sentence,0,9.355823
11.569736,-5.5980487,Sentence,0,7.4200826
13.204192,-6.698022,Sentence,2,10.030318
10.215288,-5.4814305,Sentence,0,8.213245
12.212845,-8.71829,Sentence,1,9.145199
12.343067,-6.0081882,Sentence,2,8.977031
12.215558,-6.6213894,Sentence,0,7.97787
12.498698,-7.4095144,Sentence,2,8.99375
12.466662,-7.0202093,Sentence,2,9.241211
12.411308,-7.3344693,Sentence,2,10.458412
11.564032,-8.079509,Sentence,1,8.21146
12.320974,-8.545168,Sentence,1,9.580821
11.340162,-6.346777,Sentence,0,7.953984
12.411401,-8.56897,Sentence,1,9.1128
12.482707,-7.693413,Sentence,2,10.074777
11.34769,-6.211049,Sentence,0,7.783552
12.015561,-8.37757,Sentence,1,9.248101
12.468518,-7.6550884,Sentence,2,10.281909
12.385569,-6.6470284,Sentence,2,9.927044
13.323109,-8.413147,Sentence,2,9.083365
11.990441,-5.3265324,Sentence,2,10.621535
11.465512,-6.1972594,Sentence,0,8.424826
10.777397,-4.871742,Sentence,0,6.729032
12.375654,-8.130791,Sentence,1,9.18886
12.32201,-7.174773,Sentence,2,9.574106
13.414813,-4.4528737,Sentence,0,8.235871
12.963001,-6.712836,Sentence,2,10.340358
12.784484,-7.4451513,Sentence,2,10.715578
12.701777,-6.3272386,Sentence,2,9.851627
12.4460745,-6.5398755,Sentence,2,9.1819
12.38541,-8.66257,Sentence,1,8.968283
12.996279,-6.6976576,Sentence,2,10.133936
11.938659,-8.40133,Sentence,1,9.666812
10.411215,-7.6420674,Sentence,1,9.101287
12.616815,-6.7598896,Sentence,2,10.579739
12.412887,-8.363605,Sentence,1,7.9359956
12.217351,-8.035656,Sentence,1,8.347035
12.316117,-6.199675,Sentence,0,8.239848
12.449266,-8.748972,Sentence,1,9.022744
12.572781,-6.9225774,Sentence,2,10.666063
12.619449,-7.809953,Sentence,1,9.16868
10.707064,-3.8936245,Sentence,0,10.073195
11.873899,-8.792154,Sentence,1,8.765086
10.557654,-5.7161846,Sentence,0,8.281706
12.67112,-8.092037,Sentence,2,8.590123
10.73081,-2.879518,Sentence,0,3.0840445
12.782725,-7.91986,Sentence,0,7.9424586
11.465052,-6.6961837,Sentence,0,8.12483
11.317449,-8.715952,Sentence,1,9.15044
13.600083,-4.3364196,Sentence,2,8.355609
12.174733,-8.617773,Sentence,1,9.26665
11.071908,-6.7412944,Sentence,1,8.888913
11.394754,-5.2179446,Sentence,0,7.396749
13.003048,-7.277357,Sentence,2,9.758134
13.497424,-4.881183,Sentence,0,8.601796
12.477964,-7.3362494,Sentence,2,10.567791
13.563245,-4.2799697,Sentence,0,7.7649508
11.700497,-7.7702265,Sentence,1,9.920261
13.756356,-3.8870828,Sentence,0,8.88041
12.600989,-8.549853,Sentence,1,8.519253
12.842003,-7.3826637,Sentence,2,9.990477
11.482656,-6.765158,Sentence,2,9.396601
12.2478075,-8.016419,Sentence,1,9.201961
12.395074,-7.165914,Sentence,2,9.964915
12.247015,-6.627925,Sentence,2,10.77525
11.287287,-7.685533,Sentence,1,7.5325384
13.124356,-4.568085,Sentence,0,7.3648553
12.192179,-6.3121996,Sentence,2,10.941761
11.180421,-8.094889,Sentence,1,9.326913
13.050018,-7.2724423,Sentence,2,9.965623
12.26861,-8.394591,Sentence,1,9.910326
12.651722,-7.7807283,Sentence,2,9.978097
11.505272,-8.528786,Sentence,1,8.886121
11.483785,-8.257597,Sentence,1,9.077425
12.466998,-6.932042,Sentence,2,10.716306
11.208437,-8.537014,Sentence,1,9.111678
11.563648,-8.981638,Sentence,1,8.822773
11.623371,-8.603123,Sentence,1,8.255394
11.875553,-7.9183583,Sentence,1,9.734107
11.972273,-6.0141144,Sentence,2,10.554901
12.672262,-7.013833,Sentence,2,10.330188
12.4109,-8.420862,Sentence,1,9.880907
11.986129,-4.854565,Sentence,2,10.989067
10.915817,-8.670161,Sentence,1,9.151126
10.772948,-7.202308,Sentence,0,8.438509
11.71554,-8.412172,Sentence,1,10.002988
11.023106,-8.455188,Sentence,1,8.602278
12.683123,-8.162944,Sentence,1,8.505559
10.393293,-7.219846,Sentence,0,8.423191
12.219137,-5.11703,Sentence,2,10.804423
12.110041,-5.6171494,Sentence,2,9.427533
10.349775,-8.420578,Sentence,1,8.81564
10.668031,-8.573122,Sentence,1,9.241569
11.857251,-6.4935846,Sentence,0,8.166105
12.565229,-5.6289506,Sentence,2,10.368917
12.815765,-7.613911,Sentence,1,9.841537
12.530386,-4.900654,Sentence,2,10.169584
12.464,-7.044544,Sentence,2,10.738555
11.453113,-7.04694,Sentence,0,6.6918836
12.440467,-7.2913313,Sentence,2,10.603494
11.456434,-6.2417264,Sentence,2,9.479612
10.176582,-4.134214,Sentence,0,5.7159986
11.662978,-6.4310045,Sentence,2,10.337024
12.318642,-6.834385,Sentence,2,10.521271
12.239655,-6.8879147,Sentence,0,7.7355824
10.844301,-7.8616443,Sentence,1,7.5709863
11.714172,-8.259263,Sentence,1,9.523668
12.140842,-8.569446,Sentence,1,9.663801
11.853172,-7.8958054,Sentence,2,9.8993
11.768656,-8.15673,Sentence,1,10.197834
11.739744,-6.1413984,Sentence,1,9.940136
10.351143,-5.865152,Sentence,0,9.03497
12.897299,-8.333211,Sentence,1,8.784653
11.104897,-6.8384066,Sentence,0,8.852222
14.324086,-5.193281,Sentence,0,7.900269
11.939386,-5.698502,Sentence,2,10.646745
13.144226,-8.453192,Sentence,1,9.034021
10.063352,-5.129992,Sentence,0,8.132897
11.861189,-8.83695,Sentence,1,9.330121
10.736922,-8.73079,Sentence,1,8.387334
10.8059845,-6.799864,Sentence,0,7.981821
10.522256,-5.965867,Sentence,0,8.699998
10.6144085,-7.9158525,Sentence,0,9.386835
12.925408,-8.035129,Sentence,2,8.711098
12.245948,-8.269782,Sentence,1,8.718967
12.013017,-8.54397,Sentence,1,7.8457527
12.59154,-7.2453337,Sentence,2,10.223957
11.35267,-4.6101527,Sentence,2,10.882165
10.95851,-4.4620028,Sentence,0,9.897473
10.309145,-5.3739233,Sentence,0,7.9305115
12.413425,-8.395768,Sentence,0,7.8484635
12.329909,-8.589751,Sentence,1,9.533929
11.587211,-8.5279875,Sentence,1,9.728936
10.835669,-4.5516806,Sentence,0,6.867653
11.681515,-7.1382985,Sentence,0,7.183451
12.46181,-7.474351,Sentence,1,9.080087
10.4523945,-6.0857415,Sentence,0,7.804477
11.322422,-6.803049,Sentence,2,10.351111
11.194043,-6.5692015,Sentence,0,8.477291
12.808263,-7.9036098,Sentence,2,10.074652
11.624489,-3.979166,Sentence,2,10.403184
12.442744,-6.0664535,Sentence,2,9.54562
12.367355,-8.63507,Sentence,1,9.023477
13.127945,-4.5684495,Sentence,0,7.368992
12.656525,-6.6595755,Sentence,2,10.532938
10.860502,-8.585064,Sentence,0,8.648187
11.305345,-3.903007,Sentence,2,10.692393
11.761581,-7.635459,Sentence,2,8.581372
12.095397,-7.74121,Sentence,1,8.268702
11.276378,-8.465556,Sentence,1,9.856836
12.253358,-8.413947,Sentence,1,9.469606
12.702194,-8.498659,Sentence,1,8.79483
9.541505,-7.734087,Sentence,0,7.233977
12.996926,-6.6656013,Sentence,2,10.168186
12.242298,-7.921947,Sentence,1,10.328362
11.155092,-5.436793,Sentence,0,8.1496105
11.644679,-5.986012,Sentence,0,7.243116
12.135612,-8.226472,Sentence,1,9.637707
12.346244,-7.824488,Sentence,1,7.9454193
11.610784,-8.287243,Sentence,1,9.147072
11.59885,-8.870656,Sentence,1,8.045577
11.888838,-5.3307834,Sentence,0,7.6945453
12.579958,-8.396237,Sentence,1,9.654592
11.808747,-8.3399105,Sentence,1,8.445026
12.474954,-7.264625,Sentence,1,8.453644
10.578256,-7.2006187,Sentence,0,7.8845363
11.696553,-8.36042,Sentence,1,9.9966955
11.9256,-8.381864,Sentence,1,9.194925
12.6171665,-7.1273665,Sentence,2,9.5570545
12.686267,-8.253681,Sentence,0,7.9956985
12.180236,-5.9852543,Sentence,2,10.044807
10.730241,-4.917545,Sentence,0,6.884501
11.588344,-6.7012205,Sentence,0,7.67981
10.359509,-5.4521866,Sentence,0,7.875277
12.107774,-5.3461275,Sentence,2,9.571253
12.524603,-8.7157135,Sentence,1,8.826254
12.718722,-5.8571796,Sentence,0,9.267225
12.75072,-7.249298,Sentence,2,10.441369
12.306964,-8.669471,Sentence,1,8.913814
12.577596,-5.533186,Sentence,2,8.766562
10.407782,-8.505916,Sentence,1,8.962682
11.41678,-5.9203787,Sentence,2,8.905777
11.752436,-6.859077,Sentence,0,7.5780244
11.60594,-7.091261,Sentence,1,8.1112385
10.89406,-6.975066,Sentence,2,10.120008
12.190981,-6.958609,Sentence,2,10.766591
13.047444,-6.239623,Sentence,2,9.816463
12.976209,-6.7714543,Sentence,2,10.2433605
12.584526,-7.112464,Sentence,1,7.520119
10.090604,-5.0063667,Sentence,0,7.760163
13.097955,-6.4978933,Sentence,2,10.43171
11.949906,-8.51772,Sentence,1,8.669547
12.605553,-7.833847,Sentence,1,9.023136
7.7463717,-3.9163446,Sentence,0,7.226673
10.29258,-4.2713385,Sentence,0,10.017346
12.369971,-5.482796,Sentence,2,10.779333
10.905983,-5.4413023,Sentence,0,8.104656
12.522509,-6.1973805,Sentence,0,7.063285
11.432591,-8.7993555,Sentence,1,9.17016
10.898289,-8.765705,Sentence,1,9.160614
11.503457,-8.598317,Sentence,1,9.675024
12.8305645,-6.6194124,Sentence,2,10.565234
12.221315,-8.095506,Sentence,1,10.441279
11.813298,-6.004626,Sentence,0,8.173607
12.637538,-5.816183,Sentence,2,10.847817
10.485153,-5.1525836,Sentence,0,8.046034
12.46224,-7.3193755,Sentence,2,10.493062
12.662668,-4.9992166,Sentence,2,8.402604
12.532526,-8.628587,Sentence,1,8.705219
12.2308855,-8.056,Sentence,1,8.3431
13.101382,-4.6366587,Sentence,2,8.432328
10.346462,-6.753712,Sentence,0,9.610845
12.191902,-8.603062,Sentence,1,9.891262
10.908081,-5.0152225,Sentence,0,6.897305
11.94944,-5.912537,Sentence,0,8.481697
15.017001,-3.1223392,Sentence,0,8.26269
12.956708,-6.185121,Sentence,2,10.661448
12.340071,-8.612464,Sentence,1,9.575091
11.335854,-6.7574964,Sentence,0,7.4938645
10.244802,-8.539107,Sentence,1,8.35473
10.404046,-5.0865955,Sentence,0,7.8201885
11.459172,-6.415541,Sentence,2,10.225688
12.206668,-5.8116317,Sentence,0,7.841067
12.24177,-8.425949,Sentence,1,10.003764
12.154979,-6.5081277,Sentence,2,10.672624
10.612134,-4.0744333,Sentence,0,9.905373
12.295691,-7.338914,Sentence,2,10.319892
11.794468,-8.884827,Sentence,1,7.831881
12.332854,-5.277173,Sentence,2,10.711696
10.523029,-7.38449,Sentence,0,8.674758
10.996982,-7.185407,Sentence,0,8.633825
12.407762,-8.176693,Sentence,1,9.829343
11.648148,-7.140811,Sentence,0,7.6484485
12.347161,-6.2820177,Sentence,2,10.928021
12.646544,-7.9350586,Sentence,2,9.592156
11.98041,-8.050671,Sentence,1,9.754823
11.034222,-7.8179693,Sentence,1,8.207822
10.059495,-6.969862,Sentence,0,7.9155707
11.872932,-7.788857,Sentence,1,9.626004
12.393807,-8.03273,Sentence,1,9.197247
11.473801,-7.349376,Sentence,0,9.473696
10.686676,-7.0890913,Sentence,0,7.695108
11.931083,-7.908287,Sentence,0,7.924875
11.341402,-8.460038,Sentence,0,7.7262907
11.422287,-5.1992383,Sentence,0,7.1821594
11.187214,-8.620013,Sentence,1,8.738383
10.146481,-7.6680007,Sentence,0,8.980579
12.10969,-7.6533318,Sentence,1,9.207857
10.392226,-4.633676,Sentence,0,6.2415943
11.914048,-8.300155,Sentence,1,8.63924
12.790737,-7.0734096,Sentence,2,10.712696
10.481131,-5.0713134,Sentence,0,9.233117
11.278939,-8.695511,Sentence,1,9.32422
11.2761,-8.591604,Sentence,1,9.274946
12.631931,-8.175577,Sentence,1,9.415661
12.255942,-6.7205715,Sentence,2,10.757651
11.69688,-5.1535034,Sentence,2,10.792606
11.786648,-8.500539,Sentence,1,8.786696
11.67051,-6.992584,Sentence,2,10.203821
11.975586,-6.175638,Sentence,0,9.160069
12.318334,-5.2762504,Sentence,2,10.226417
11.705502,-8.386627,Sentence,1,8.942863
12.125516,-5.829555,Sentence,0,8.254803
13.563482,-3.3274682,Sentence,0,8.595741
12.173011,-8.070518,Sentence,1,9.2013645
12.236388,-7.410268,Sentence,0,8.306452
12.931684,-7.072282,Sentence,2,10.041933
13.990357,-3.8684838,Sentence,0,7.5585213
11.225591,-8.351575,Sentence,1,9.666232
10.657219,-5.3717804,Sentence,0,8.067376
10.156254,-8.6088085,Sentence,1,9.260089
12.0673,-7.132954,Sentence,2,10.520968
12.479265,-8.737761,Sentence,1,8.810872
11.451405,-4.7596273,Sentence,2,11.091889
12.932096,-8.135673,Sentence,1,8.967516
10.454988,-5.0089264,Sentence,0,6.608558
12.483146,-8.258402,Sentence,1,10.143039
11.658069,-4.3679543,Sentence,2,10.306183
12.605589,-6.7539926,Sentence,0,7.5841208
11.734712,-7.975782,Sentence,1,9.628887
12.518768,-5.6785665,Sentence,2,10.718529
10.619013,-8.791636,Sentence,1,8.369765
11.981013,-8.116961,Sentence,1,9.616937
12.676844,-7.0424585,Sentence,2,9.4999
12.947917,-6.678717,Sentence,2,9.351924
12.724129,-6.816054,Sentence,2,10.484575
10.545649,-5.272076,Sentence,0,7.7993717
11.435548,-5.971542,Sentence,0,7.0372834
12.793266,-7.490652,Sentence,2,10.045734
11.981571,-8.603073,Sentence,1,9.018536
11.306932,-5.4303107,Sentence,0,9.033193
11.335558,-8.814232,Sentence,1,9.499526
12.224162,-6.9474864,Sentence,2,10.646271
11.560107,-8.79511,Sentence,1,8.47797
11.3027725,-7.8357573,Sentence,1,9.046342
12.341944,-7.9308558,Sentence,1,8.905165
11.750888,-6.5868936,Sentence,0,7.1861405
12.341188,-5.745812,Sentence,2,10.974884
11.901659,-4.6905513,Sentence,2,10.42176
12.372402,-6.8960505,Sentence,0,8.339322
12.778165,-6.016585,Sentence,2,10.802933
11.0299,-8.716334,Sentence,1,8.650166
12.201533,-8.141432,Sentence,1,10.245802
12.722195,-6.988584,Sentence,2,9.621
12.642812,-7.5577145,Sentence,2,9.83959
9.67822,-7.7693934,Sentence,0,7.478351
12.181869,-7.772728,Sentence,1,8.3226595
12.591282,-6.716241,Sentence,2,10.0725355
11.177518,-4.459069,Sentence,0,11.036745
12.321451,-5.965937,Sentence,0,9.008603
13.309021,-6.680714,Sentence,2,9.999858
11.6483135,-7.36844,Sentence,2,10.065051
11.945902,-8.682416,Sentence,1,9.522351
10.941379,-5.2856607,Sentence,0,7.5593567
11.340605,-7.412503,Sentence,2,10.059529
10.4885,-5.0115004,Sentence,2,9.655317
13.0875,-6.7470717,Sentence,2,10.159322
12.423174,-8.198639,Sentence,1,8.562298
12.516344,-6.2304163,Sentence,2,10.915495
11.337451,-7.473601,Sentence,1,8.693639
12.454823,-5.113609,Sentence,0,10.071798
11.99842,-5.4768577,Sentence,2,10.619216
10.657862,-8.639272,Sentence,0,7.967245
12.427133,-8.407523,Sentence,1,7.9684505
12.5605955,-8.014628,Sentence,1,8.386576
12.056387,-7.627636,Sentence,2,7.397941
12.488957,-8.473692,Sentence,1,9.372324
11.365783,-8.401893,Sentence,1,9.767913
12.737832,-6.328155,Sentence,1,7.6159244
11.5986595,-6.492136,Sentence,0,8.306596
11.391305,-8.477854,Sentence,2,8.754327
10.873872,-8.631416,Sentence,1,9.424046
11.901889,-6.6636643,Sentence,2,10.513243
10.980151,-8.464583,Sentence,1,9.863404
12.01921,-8.816353,Sentence,1,9.221438
12.5615635,-8.466648,Sentence,1,10.022115
10.942477,-5.1918755,Sentence,0,7.256885
10.702696,-7.692172,Sentence,0,7.358283
11.4084015,-6.1985717,Sentence,0,7.0060396
10.106929,-7.944444,Sentence,0,8.679474
11.924754,-5.795179,Sentence,0,7.538906
12.335566,-7.98189,Sentence,0,7.493294
12.553343,-7.1212068,Sentence,2,10.449265
13.86838,-4.014785,Sentence,0,8.525285
11.240582,-6.2072625,Sentence,0,7.3898005
10.533696,-8.907208,Sentence,0,8.491859
11.763937,-4.859354,Sentence,2,10.583199
12.700347,-7.9693527,Sentence,1,8.779004
10.327007,-4.635384,Sentence,0,6.1480727
12.042225,-8.447932,Sentence,1,10.150733
11.246409,-8.805677,Sentence,1,9.529937
12.214669,-8.083363,Sentence,1,10.381744
11.492693,-5.518571,Sentence,0,7.5644736
10.360025,-8.074972,Sentence,1,8.993145
10.41474,-4.9269147,Sentence,2,9.652
11.254178,-6.3379836,Sentence,2,9.190516
11.946466,-7.7323785,Sentence,0,7.7140994
12.62173,-7.4741616,Sentence,2,9.688234
12.554511,-8.074865,Sentence,0,8.629602
11.057129,-5.948582,Sentence,0,6.911941
12.3450775,-8.544659,Sentence,1,10.007587
11.182539,-8.110712,Sentence,2,9.337209
15.02306,-3.118335,Sentence,0,8.262584
11.96245,-4.7502036,Sentence,2,10.971949
10.537174,-8.31717,Sentence,0,8.675832
12.554907,-6.6898456,Sentence,2,10.814426
11.518706,-5.5357924,Sentence,0,7.53921
12.57387,-7.7166824,Sentence,2,10.131099
11.5689,-4.9415097,Sentence,0,7.5605326
9.769174,-8.240213,Sentence,0,8.308642
11.889603,-8.279194,Sentence,1,9.714948
12.010091,-8.549241,Sentence,1,7.4254813
12.383355,-8.276968,Sentence,1,9.8022175
11.610312,-6.367931,Sentence,0,7.3040338
12.14378,-6.6923385,Sentence,2,10.351308
12.047872,-8.643379,Sentence,1,9.16519
11.508016,-7.339741,Sentence,0,9.45719
11.771352,-5.2761188,Sentence,2,10.660867
10.199349,-5.39552,Sentence,0,8.219457
11.579317,-8.537961,Sentence,1,7.8214407
12.987388,-6.070307,Sentence,2,9.82354
13.162893,-6.813269,Sentence,2,10.003847
11.109068,-8.413353,Sentence,1,8.513304
12.046099,-8.7709465,Sentence,1,9.227832
12.910615,-7.176682,Sentence,2,10.245882
12.604736,-8.330102,Sentence,1,9.825117
12.596429,-5.7494035,Sentence,0,9.082191
12.4441395,-7.235452,Sentence,0,8.130113
10.176486,-4.1325903,Sentence,0,5.713854
10.569121,-7.271531,Sentence,1,7.7705984
11.76832,-8.450595,Sentence,1,8.0257635
11.775571,-7.3104033,Sentence,1,9.103929
10.634616,-5.290901,Sentence,0,7.920095
12.106013,-8.501506,Sentence,1,8.991729
12.240375,-5.292498,Sentence,2,10.749592
10.279998,-7.9983783,Sentence,0,9.343253
13.40636,-4.9412127,Sentence,2,8.764476
11.028031,-7.922485,Sentence,1,8.765425
11.725109,-5.254302,Sentence,2,10.579221
12.377412,-8.17112,Sentence,1,9.993614
12.258505,-5.2326765,Sentence,0,8.694722
10.993645,-8.528981,Sentence,0,8.120749
12.190028,-8.375803,Sentence,1,9.13708
12.131909,-8.109136,Sentence,1,8.117428
12.876146,-7.1958976,Sentence,2,10.322381
11.687423,-7.31403,Sentence,0,7.3959007
12.668349,-7.060998,Sentence,0,8.065032
11.801358,-6.987289,Sentence,1,9.354617
12.903373,-6.2618556,Sentence,2,10.725049
11.847108,-5.8781266,Sentence,0,8.1649475
11.551466,-6.081171,Sentence,0,7.012175
12.073711,-7.5486608,Sentence,1,10.183051
12.428706,-6.183364,Sentence,2,10.749497
9.665089,-7.416821,Sentence,0,7.1417255
10.438248,-7.568111,Sentence,1,8.257783
12.391485,-7.346326,Sentence,1,8.226035
10.735507,-4.8732953,Sentence,0,6.8698854
11.963663,-8.083617,Sentence,1,8.597816
11.959152,-7.2384815,Sentence,1,8.361344
11.096248,-4.571625,Sentence,0,10.650619
12.570674,-8.168542,Sentence,1,9.303301
11.211338,-6.329231,Sentence,0,7.6064425
11.692127,-8.487329,Sentence,1,8.85753
11.424217,-5.528514,Sentence,0,7.874419
10.116541,-8.860013,Sentence,0,8.449767
12.196509,-8.718656,Sentence,1,9.240642
12.551183,-8.747532,Sentence,1,8.909172
11.170514,-4.85949,Sentence,0,7.8453836
12.228116,-5.626891,Sentence,2,10.946708
11.5162735,-8.373907,Sentence,1,9.791272
11.402398,-8.892495,Sentence,1,8.853349
12.590923,-8.553227,Sentence,1,9.716573
12.929615,-8.451121,Sentence,2,8.9842415
11.73685,-7.315427,Sentence,1,9.473344
12.51822,-5.505898,Sentence,2,10.3512945
11.085553,-8.971959,Sentence,1,9.060393
12.633521,-5.7834616,Sentence,0,7.99499
11.069516,-5.956061,Sentence,0,8.529883
10.736772,-8.119468,Sentence,1,9.109284
10.617863,-8.548823,Sentence,1,9.629871
12.222367,-8.037913,Sentence,0,7.6090074
15.036671,-3.112082,Sentence,0,8.2570915
12.239878,-7.350535,Sentence,2,10.281689
9.858289,-6.4117293,Sentence,0,9.82787
12.801348,-7.205803,Sentence,2,10.551543
10.730723,-2.8793292,Sentence,0,3.0836961
12.19222,-7.3758154,Sentence,2,10.067632
12.335336,-8.15022,Sentence,1,8.886282
11.092033,-6.119877,Sentence,0,8.674071
12.023691,-6.8402653,Sentence,0,8.36494
10.6796665,-5.3520756,Sentence,0,6.725534
13.286853,-8.471255,Sentence,1,8.957381
12.005949,-8.547854,Sentence,1,9.084071
12.539843,-8.796498,Sentence,1,9.29648
11.422493,-7.6538434,Sentence,2,9.05601
9.951108,-8.687639,Sentence,0,8.195862
11.291016,-8.68515,Sentence,1,9.350182
12.03866,-7.543968,Sentence,0,7.6136365
10.063276,-5.0631785,Sentence,0,8.03889
12.210383,-5.9878187,Sentence,0,7.917633
12.603043,-6.786985,Sentence,2,10.706669
11.782045,-5.5751348,Sentence,2,9.780058
11.032526,-7.7580395,Sentence,1,8.247261
12.50911,-7.033153,Sentence,2,10.807046
12.392082,-5.646526,Sentence,2,10.478616
13.007618,-5.9308195,Sentence,2,9.393893
11.998559,-7.5436263,Sentence,1,7.831312
12.2166395,-7.7080064,Sentence,0,7.6814837
10.926569,-8.670157,Sentence,1,9.243684
12.334641,-8.123807,Sentence,2,10.243631
12.841586,-6.8594394,Sentence,2,10.569996
12.760249,-6.146844,Sentence,2,10.273615
12.212294,-8.065413,Sentence,0,8.076056
12.6559105,-7.9929166,Sentence,2,9.401572
12.871543,-8.001111,Sentence,1,8.795926
12.035479,-8.438201,Sentence,1,7.935435
11.372025,-7.610926,Sentence,1,8.70301
12.069914,-8.288507,Sentence,1,8.144953
10.23292,-6.0123534,Sentence,1,8.339237
12.797652,-6.191844,Sentence,2,10.77184
11.08747,-6.519921,Sentence,0,7.8086023
12.062038,-8.837982,Sentence,1,9.487944
11.557505,-7.440955,Sentence,0,7.395461
13.529034,-4.47325,Sentence,2,8.261193
13.242001,-6.3007607,Sentence,2,9.721384
12.127212,-7.804667,Sentence,2,9.935725
11.23423,-6.056377,Sentence,0,7.400688
12.64921,-8.063786,Sentence,1,10.331282
11.633519,-7.59548,Sentence,2,9.453198
11.662746,-7.1101394,Sentence,1,8.554878
13.561482,-3.3155305,Sentence,0,8.595306
12.637462,-6.6017985,Sentence,2,9.342455
11.632537,-8.636862,Sentence,1,8.560241
10.609519,-5.0438733,Sentence,0,6.6325855
12.691094,-6.578214,Sentence,2,9.6050205
11.854953,-5.4285064,Sentence,0,10.539482
12.669885,-7.616763,Sentence,2,10.322834
10.627745,-4.4064674,Sentence,0,9.985197
11.007113,-8.580822,Sentence,1,9.436992
12.594912,-8.264694,Sentence,1,9.324984
11.331645,-4.1160803,Sentence,2,10.461918
13.763508,-3.8828614,Sentence,0,8.879776
12.058595,-7.8628154,Sentence,1,10.13338
12.927297,-7.6059384,Sentence,1,9.014111
12.508016,-8.681997,Sentence,1,8.661988
12.073844,-8.548303,Sentence,1,9.721184
10.058685,-5.018181,Sentence,0,7.8381886
13.117013,-6.7423153,Sentence,2,9.63404
13.625398,-4.629242,Sentence,2,8.43006
12.329024,-8.395484,Sentence,1,8.777598
9.637272,-7.6694145,Sentence,1,7.243387
12.52222,-8.341902,Sentence,1,8.746447
11.955792,-8.739849,Sentence,1,9.323383
11.729294,-5.8491936,Sentence,0,9.375704
10.943852,-7.1430974,Sentence,1,8.185516
12.443228,-5.5983377,Sentence,2,10.367197
10.298569,-8.559987,Sentence,1,8.865505
10.963405,-5.9671803,Sentence,0,7.3942027
13.04351,-7.2951574,Sentence,2,10.13366
9.986674,-4.7151003,Sentence,0,6.318977
12.638804,-7.650239,Sentence,1,10.393247
11.020789,-8.725859,Sentence,1,8.910943
12.562383,-7.9917226,Sentence,1,9.198342
11.486456,-6.38574,Sentence,0,7.702183
12.2743,-8.52968,Sentence,1,9.668748
13.569619,-3.3261724,Sentence,0,8.593422
11.784965,-6.208102,Sentence,0,7.612008
10.348573,-6.860358,Sentence,1,9.462734
12.841611,-7.070937,Sentence,2,8.98998
11.708261,-8.628609,Sentence,1,8.585264
12.28808,-8.511817,Sentence,1,8.687364
11.699199,-8.572159,Sentence,1,9.850632
12.788808,-7.9000535,Sentence,1,8.944157
12.336816,-6.028642,Sentence,0,8.029758
12.287693,-7.9690714,Sentence,1,7.707381
12.558063,-7.3503532,Sentence,2,10.446316
10.751977,-2.8615363,Sentence,0,3.069896
13.2295065,-5.467977,Sentence,2,8.579936
12.634821,-5.6922803,Sentence,0,7.9199414
10.469382,-6.903958,Sentence,0,7.8847356
12.249222,-5.655144,Sentence,2,10.366452
11.318482,-5.2635665,Sentence,0,10.293685
12.367276,-8.68036,Sentence,1,9.084487
12.959385,-7.6144824,Sentence,2,10.250426
11.154987,-8.542166,Sentence,1,9.573061
11.13138,-8.570724,Sentence,0,8.4660425
11.679733,-7.7711954,Sentence,1,10.058409
11.300032,-6.5570717,Sentence,0,8.541727
12.639689,-6.8891444,Sentence,2,10.667826
12.141762,-8.737204,Sentence,1,7.911318
12.821968,-7.6559534,Sentence,1,10.1328335
12.251383,-8.156263,Sentence,1,10.015438
12.588036,-7.0229325,Sentence,1,8.784029
11.750387,-8.492158,Sentence,1,9.227045
12.221924,-8.439789,Sentence,1,8.535535
13.120505,-6.586605,Sentence,2,9.486248
11.005767,-8.318695,Sentence,1,8.257758
12.293153,-8.480623,Sentence,1,9.872416
12.515982,-8.754317,Sentence,1,8.824072
11.726106,-7.571716,Sentence,1,9.992096
11.58592,-5.8168135,Sentence,0,7.7230496
12.3338375,-5.061121,Sentence,2,10.140274
9.892768,6.5286036,Sentence,0,6.881734
11.620695,-8.663387,Sentence,1,9.688811
11.852725,-6.8428664,Sentence,0,8.268917
12.903853,-8.325794,Sentence,2,9.06591
12.420324,-8.355245,Sentence,1,7.823653
11.023075,-5.9694676,Sentence,0,7.819713
11.225047,-6.4037323,Sentence,0,7.8148756
12.614829,-7.259838,Sentence,2,8.856257
12.744995,-5.631343,Sentence,0,8.46304
10.224958,-8.059459,Sentence,2,8.555745
12.427666,-8.532685,Sentence,1,9.14705
12.465741,-8.487892,Sentence,1,9.049489
11.163431,-7.671628,Sentence,1,8.906004
12.1039505,-5.6847415,Sentence,2,9.471805
12.204691,-7.79338,Sentence,1,10.480707
11.303816,-8.395732,Sentence,1,8.788164
12.568311,-7.9442487,Sentence,1,8.409964
12.419482,-7.221503,Sentence,1,7.618139
11.259876,-6.534052,Sentence,0,9.755727
11.484751,-8.6961355,Sentence,1,9.403393
12.48245,-7.9426126,Sentence,2,10.193846
12.648644,-5.200391,Sentence,2,10.085119
11.391927,-8.540212,Sentence,0,7.809142
12.307444,-7.790195,Sentence,1,10.038375
12.54857,-8.428596,Sentence,1,9.645471
10.947272,-8.691137,Sentence,1,9.656632
11.992722,-8.545352,Sentence,1,8.773479
11.096175,-6.1366453,Sentence,0,7.4949894
12.065639,-6.771064,Sentence,2,8.814574
12.439925,-8.531207,Sentence,1,8.754922
12.535139,-8.359894,Sentence,2,9.850895
12.171926,-5.9579406,Sentence,0,8.315901
13.779448,-4.039978,Sentence,0,8.660095
12.907725,-6.197881,Sentence,2,10.614888
12.369443,-8.070013,Sentence,1,9.488278
12.266116,-8.172415,Sentence,1,10.142069
12.435,-6.883381,Sentence,2,10.573329
13.039862,-6.908575,Sentence,2,9.894582
11.397212,-8.521051,Sentence,1,8.66962
11.060608,-5.668756,Sentence,0,7.3290334
10.808838,-6.1382985,Sentence,0,9.4384775
13.590123,-4.2200727,Sentence,0,8.559675
11.37,-6.67772,Sentence,0,8.369592
11.001644,-8.174511,Sentence,2,10.000693
11.73376,-8.053592,Sentence,1,9.8735285
12.121527,-8.324582,Sentence,1,10.034445
12.540972,-8.729819,Sentence,1,8.420078
13.0140705,-6.8323717,Sentence,2,8.833254
11.73904,-8.579501,Sentence,1,9.570308
12.808322,-6.7247677,Sentence,2,10.491371
12.444087,-7.2228208,Sentence,2,9.810317
12.441304,-6.6369243,Sentence,2,9.071309
12.402825,-7.9005594,Sentence,2,10.130323
11.560122,-6.1977077,Sentence,0,7.215587
11.947772,-8.009796,Sentence,0,7.4289556
10.206394,-4.0976706,Sentence,0,10.166047
12.680076,-8.459688,Sentence,1,8.609699
12.332172,-7.4351172,Sentence,1,8.3222885
13.172275,-6.513099,Sentence,2,9.399206
11.972851,-5.4582357,Sentence,2,11.107421
12.228984,-6.9715624,Sentence,2,9.196374
11.674121,-6.8226156,Sentence,0,8.407005
12.618618,-5.5937357,Sentence,2,10.201632
12.721035,-7.518865,Sentence,1,9.483438
12.618731,-8.318309,Sentence,1,9.697779
12.090011,-8.368419,Sentence,1,8.875731
12.200482,-6.8730016,Sentence,1,9.824934
11.061958,-7.998891,Sentence,1,9.507632
11.277435,-3.9277582,Sentence,0,10.617285
12.477926,-4.835087,Sentence,2,8.163948
11.752467,-5.89638,Sentence,2,10.681208
12.322486,-7.6809583,Sentence,1,10.477047
10.148725,-9.005114,Sentence,0,8.388719
13.439636,-4.554631,Sentence,0,8.152315
11.785624,-7.06048,Sentence,0,8.189069
12.040114,-6.351675,Sentence,0,9.281517
12.437668,-6.0880404,Sentence,0,6.9284735
11.817484,-7.296244,Sentence,0,7.3507843
11.7993765,-8.318891,Sentence,1,8.301207
12.476923,-7.7056556,Sentence,2,10.486307
12.953214,-7.224374,Sentence,2,9.607506
11.727422,-6.564024,Sentence,0,6.7855387
12.177081,-7.660719,Sentence,2,10.270702
12.100117,-7.9405856,Sentence,2,10.410472
12.539689,-8.412755,Sentence,1,9.478541
12.486988,-7.593691,Sentence,1,10.1408
12.220218,-4.7312436,Sentence,2,9.980965
12.342196,-6.11607,Sentence,2,10.975548
13.952681,-4.685666,Sentence,0,8.068184
12.654344,-8.177239,Sentence,1,8.663957
12.424499,-8.068178,Sentence,1,9.888608
12.817889,-6.0023417,Sentence,2,10.680847
12.894732,-7.3505383,Sentence,2,9.012027
12.183474,-8.316681,Sentence,0,7.534859
12.170057,-6.584032,Sentence,2,10.246077
11.380247,-6.6836023,Sentence,2,9.348528
12.415187,-8.385271,Sentence,1,8.883341
12.012323,-6.79354,Sentence,0,7.0857615
10.975021,-8.559396,Sentence,1,8.982194
12.924156,-8.315359,Sentence,0,8.8118725
12.314907,-7.6277356,Sentence,1,8.113154
12.110734,-7.0736313,Sentence,1,8.374798
12.4433975,-8.005451,Sentence,1,7.909718
11.390274,-8.608749,Sentence,1,9.696589
11.589518,-4.905856,Sentence,2,10.48509
11.886601,-5.547089,Sentence,0,9.062592
11.566346,-6.410085,Sentence,0,8.997387
12.146264,-6.5578256,Sentence,0,7.9637003
13.203931,-6.6351027,Sentence,2,9.86306
12.070934,-8.054941,Sentence,2,10.136852
12.298758,-7.8341217,Sentence,1,8.719936
12.310437,-7.892041,Sentence,0,8.428848
11.833779,-8.335414,Sentence,1,9.579364
11.69577,-7.8198433,Sentence,1,8.314116
12.175518,-7.7964096,Sentence,2,10.404369
12.868428,-6.0744295,Sentence,2,10.386118
11.394406,-6.609641,Sentence,2,9.628352
11.845561,-7.009941,Sentence,0,8.751746
11.1036415,-8.759605,Sentence,0,8.77572
12.807525,-7.6040325,Sentence,2,10.306485
11.151444,-8.623504,Sentence,1,8.893039
12.918895,-7.9259877,Sentence,1,9.126163
12.96626,-7.6903386,Sentence,2,8.696091
12.446757,-8.260864,Sentence,1,8.344663
10.785594,-8.231561,Sentence,0,8.227578
11.966595,-8.826928,Sentence,1,9.600103
12.337817,-6.2600737,Sentence,0,9.239352
12.529718,-7.0800447,Sentence,0,8.685043
12.456049,-8.633373,Sentence,1,8.694208
11.25772,-5.034438,Sentence,0,7.916806
12.152888,-6.6961517,Sentence,2,10.713571
11.516039,-5.578275,Sentence,2,9.60858
11.921909,-8.523182,Sentence,1,9.932389
12.306624,-8.228073,Sentence,1,10.073302
13.365429,-6.23653,Sentence,2,9.42955
12.566589,-6.0174603,Sentence,2,9.837612
11.483343,-6.701978,Sentence,2,9.606047
11.813408,-7.8312836,Sentence,1,9.200322
11.88951,-7.9282846,Sentence,1,9.834024
12.690552,-6.986462,Sentence,2,10.677673
11.786252,-8.144314,Sentence,1,9.220125
12.374192,-5.5502043,Sentence,2,10.856229
12.915701,-6.446009,Sentence,2,9.54273
10.181304,-5.5535035,Sentence,0,8.273382
12.727139,-6.758115,Sentence,0,7.9812593
12.310848,-7.475927,Sentence,2,10.791463
12.143162,-7.588505,Sentence,1,8.672991
11.170308,-4.6626043,Sentence,0,8.917333
11.32139,-6.686176,Sentence,2,10.348029
11.26199,-7.955956,Sentence,0,8.221235
12.672943,-7.150807,Sentence,0,8.667586
13.054634,-6.994799,Sentence,2,10.135526
10.92687,-8.351043,Sentence,1,9.72258
10.78664,-7.4357915,Sentence,1,8.861645
12.522111,-8.477553,Sentence,1,8.95741
12.099351,-4.714988,Sentence,0,9.118728
11.635876,-6.076027,Sentence,2,9.582408
10.830274,-8.734057,Sentence,1,9.221157
11.902737,-8.762954,Sentence,1,9.101749
12.494504,-8.490911,Sentence,1,9.2712145
13.145094,-4.573085,Sentence,0,7.349235
12.541763,-7.973527,Sentence,1,10.025195
12.512139,-8.310528,Sentence,1,9.01784
11.842161,-7.66003,Sentence,1,7.8246255
12.346353,-6.345126,Sentence,2,10.566008
12.764011,-7.786854,Sentence,2,10.222208
12.661449,-6.5306864,Sentence,2,8.288632
11.917408,-7.1576715,Sentence,0,8.112812
11.732252,-6.5798965,Sentence,1,7.940222
12.476985,-8.422029,Sentence,1,9.090843
11.186233,-7.8428626,Sentence,2,9.51498
11.942682,-8.562,Sentence,1,9.767008
10.728476,-4.876612,Sentence,0,6.6885757
10.463257,-8.749511,Sentence,1,8.692458
11.138566,-8.819963,Sentence,1,9.104753
12.940956,-7.6172924,Sentence,0,8.339791
12.800863,-7.8914943,Sentence,1,9.724007
8.35019,-4.635888,Sentence,0,4.860591
11.137973,-8.080152,Sentence,2,9.660829
12.86293,-8.304623,Sentence,1,9.0889
12.309373,-5.8858013,Sentence,2,10.632193
10.729215,-3.8808196,Sentence,0,9.995082
11.815148,-6.062335,Sentence,0,8.310633
10.935988,-7.8672457,Sentence,1,8.57492
12.005959,-6.0425835,Sentence,2,10.045067
11.08285,-7.3322754,Sentence,1,9.191511
12.121233,-7.0349045,Sentence,0,7.2113347
9.914501,-8.591382,Sentence,0,9.064432
11.016264,-5.4038534,Sentence,2,9.456522
12.35723,-8.061937,Sentence,0,8.5329275
12.407547,-7.541411,Sentence,1,7.7764125
11.986948,-5.9026117,Sentence,2,10.897533
12.134928,-7.945627,Sentence,1,9.613924
12.184152,-6.8193936,Sentence,2,10.911121
15.019731,-3.1298368,Sentence,0,8.263847
12.219674,-7.773856,Sentence,1,8.073507
11.70998,-5.652954,Sentence,0,9.419461
12.273369,-8.537842,Sentence,1,9.872468
12.477677,-8.854427,Sentence,1,8.557588
10.737699,-6.7781267,Sentence,0,7.8794513
12.074716,-7.7831225,Sentence,1,9.690848
12.145883,-6.1421666,Sentence,0,8.121021
11.791866,-6.2405066,Sentence,0,7.6851697
13.277366,-7.184834,Sentence,2,9.516153
12.486547,-8.3997965,Sentence,1,9.733715
11.885993,-6.781043,Sentence,0,7.5546494
11.489468,-7.8394504,Sentence,1,9.12239
12.355263,-7.9094987,Sentence,1,9.875809
11.788468,-8.565163,Sentence,1,8.936626
9.680191,-8.10975,Sentence,1,8.449875
12.145738,-8.799454,Sentence,1,9.430503
11.448483,-5.7507663,Sentence,0,7.4026155
10.268591,-6.9348626,Sentence,0,8.2476015
10.708664,-8.316914,Sentence,1,8.107479
10.661554,-4.804975,Sentence,0,6.608153
11.94474,-6.0304327,Sentence,0,8.874885
12.9229145,-5.527844,Sentence,2,8.601793
12.221968,-6.987919,Sentence,2,10.779622
11.664435,-6.1827774,Sentence,2,10.30233
11.475849,-5.8319182,Sentence,2,10.424712
10.026558,-5.4405494,Sentence,0,8.147331
11.737282,-7.56695,Sentence,1,9.24935
12.249541,-8.309701,Sentence,1,10.077076
12.237941,-8.076078,Sentence,1,9.290218
12.631726,-8.230083,Sentence,1,8.730294
11.863068,-7.0770764,Sentence,2,10.011585
12.057116,-7.075188,Sentence,0,7.3947043
12.369027,-8.080342,Sentence,1,7.5967197
11.998361,-8.307005,Sentence,1,9.985628
12.351918,-6.7124624,Sentence,2,10.505526
12.343291,-8.586561,Sentence,1,9.410915
12.136998,-6.9170666,Sentence,1,9.499805
12.523962,-4.7596407,Sentence,2,10.140208
12.160503,-7.3020797,Sentence,1,7.754283
10.117645,-5.9281087,Sentence,0,8.508241
10.07247,-5.026505,Sentence,0,7.823967
12.472509,-6.602999,Sentence,2,10.665521
10.396577,-8.338502,Sentence,1,8.947069
11.562987,-8.643483,Sentence,1,9.470475
10.13958,-5.688643,Sentence,0,8.302546
12.614455,-7.5424433,Sentence,1,7.6849575
10.428877,-5.331233,Sentence,0,8.066345
11.92137,-7.7725325,Sentence,1,9.663043
12.161654,-8.284972,Sentence,1,10.213272
12.773588,-6.339603,Sentence,2,9.717806
11.673941,-7.489851,Sentence,2,7.9528666
11.696455,-5.2279634,Sentence,2,10.5764065
12.91822,-6.5555744,Sentence,2,10.474417
12.050459,-7.883192,Sentence,1,8.097743
12.155572,-6.992051,Sentence,2,8.60308
10.50999,-5.2266183,Sentence,0,7.7445865
12.845973,-7.774656,Sentence,2,9.526261
12.663617,-8.031929,Sentence,1,8.752508
12.45238,-7.1753683,Sentence,2,10.842717
11.920229,-5.8074555,Sentence,2,9.176476
13.183814,-6.4925017,Sentence,2,9.342277
13.031409,-7.3699164,Sentence,1,8.90227
11.920001,-7.6645007,Sentence,2,10.250379
12.654835,-8.155537,Sentence,1,9.667938
12.495144,-6.6801147,Sentence,2,10.152178
10.690808,-6.1053843,Sentence,0,9.667004
12.027533,-7.025339,Sentence,0,7.534579
12.844984,-8.2644,Sentence,1,8.995222
12.513499,-8.316559,Sentence,1,7.942214
10.522568,-5.6848288,Sentence,0,7.2757998
9.889246,6.546395,Sentence,0,6.8695006
11.703789,-4.0553107,Sentence,2,10.38677
11.329755,-4.128348,Sentence,2,10.521748
11.138833,-8.531438,Sentence,1,8.070265
9.887309,-8.6334715,Sentence,0,8.587536
10.882036,-7.7459273,Sentence,0,7.4648814
12.696466,-7.8830795,Sentence,2,9.516288
11.867883,-8.278836,Sentence,1,9.32632
11.408968,-6.236537,Sentence,0,7.1865387
10.24506,-5.528074,Sentence,0,7.9385304
7.725447,-3.894805,Sentence,0,7.2094846
12.488024,-7.98147,Sentence,1,9.876729
9.953042,-8.712371,Sentence,0,8.371704
11.27842,-6.1045384,Sentence,0,7.212318
11.499177,-7.0004163,Sentence,1,9.468919
11.191632,-8.5916605,Sentence,1,9.726891
11.470657,-6.3896976,Sentence,2,9.639766
12.696534,-7.1709785,Sentence,2,9.927661
11.235946,-7.190067,Sentence,2,9.965165
11.375855,-6.078841,Sentence,2,9.383068
10.973776,-8.475033,Sentence,1,9.815962
11.687512,-7.4069824,Sentence,1,9.153293
13.596581,-4.0327945,Sentence,0,7.6069446
10.304346,-5.3861175,Sentence,0,7.867613
12.166235,-7.7780747,Sentence,1,8.838841
12.028586,-8.191555,Sentence,1,7.963136
10.809627,-5.2737904,Sentence,0,7.139261
10.803125,-4.5949273,Sentence,2,9.94023
13.066577,-6.595733,Sentence,2,10.16497
12.21234,-7.683013,Sentence,1,10.244452
11.4422035,-8.502458,Sentence,0,7.742536
12.49227,-5.8172092,Sentence,2,10.669789
10.102205,-5.006823,Sentence,0,7.860982
12.168439,-7.468317,Sentence,2,10.23639
12.199524,-8.020443,Sentence,1,9.399115
12.523035,-8.532925,Sentence,1,9.168573
13.031352,-6.93,Sentence,2,10.473375
11.545486,-8.104199,Sentence,1,8.986142
12.614152,-8.19884,Sentence,1,10.092793
7.733282,-3.9091294,Sentence,0,7.2244263
13.987209,-3.8720603,Sentence,0,7.553143
12.595711,-8.568742,Sentence,1,8.626286
12.326002,-6.741595,Sentence,2,10.089056
11.607292,-5.1922774,Sentence,0,9.123472
12.158658,-5.3954053,Sentence,2,10.521246
13.16318,-7.9636135,Sentence,0,8.628496
12.676136,-7.6227026,Sentence,2,10.595723
12.662498,-6.866884,Sentence,2,9.432153
12.214085,-5.0812707,Sentence,2,10.316831
11.359274,-8.444912,Sentence,1,8.460994
11.675537,-8.509503,Sentence,1,8.128432
10.184878,-5.2635155,Sentence,0,8.1193905
10.476184,-7.8640704,Sentence,1,8.708963
10.138322,-5.6037965,Sentence,0,8.205307
12.122443,-8.496796,Sentence,1,7.575842
12.458942,-6.9966087,Sentence,2,10.621101
12.823338,-7.053114,Sentence,2,10.541927
11.420699,-5.808712,Sentence,0,7.023095
12.305413,-5.8516674,Sentence,2,10.949571
12.390822,-7.523919,Sentence,1,7.834504
11.19464,-7.7016144,Sentence,1,7.6216216
10.56288,-7.3968234,Sentence,0,8.045459
12.121642,-8.7965555,Sentence,1,9.05391
13.0370455,-4.8959894,Sentence,2,8.4479265
10.720525,-5.162962,Sentence,0,7.070936
12.635502,-7.329041,Sentence,1,7.688361
9.762725,-9.00179,Sentence,0,8.209102
10.858451,-9.062709,Sentence,1,8.788461
11.4774,-4.487076,Sentence,0,10.915489
12.305747,-7.6113105,Sentence,1,9.466672
12.615084,-7.4509788,Sentence,2,8.2176895
11.709009,-7.757138,Sentence,1,9.291035
12.00707,-8.737917,Sentence,1,9.123798
12.118407,-6.1223807,Sentence,2,10.238515
12.374675,-7.5669446,Sentence,2,10.695261
11.189441,-7.8456,Sentence,1,8.675066
12.519414,-4.7185183,Sentence,0,10.111187
13.6844425,-4.3337092,Sentence,0,7.9979043
9.866953,-7.7584586,Sentence,0,8.854122
12.611971,-5.232828,Sentence,2,8.7431555
12.875589,-5.5553503,Sentence,2,9.049608
10.439882,-8.905217,Sentence,0,8.0958605
10.980009,-6.942318,Sentence,0,8.670044
12.120545,-8.771703,Sentence,1,9.178057
12.518319,-6.3981757,Sentence,2,9.328566
10.68237,-7.2237415,Sentence,1,8.762363
13.114521,-6.5000167,Sentence,2,10.307831
11.037403,-5.7748313,Sentence,0,8.237871
12.500144,-5.8699965,Sentence,2,9.695019
12.801457,-6.354228,Sentence,2,9.128349
11.437105,-6.872381,Sentence,1,9.229491
12.383029,-4.5289598,Sentence,0,9.3611965
12.411353,-8.038913,Sentence,1,7.8847885
12.433518,-8.299103,Sentence,1,8.679559
9.612783,-7.682366,Sentence,0,7.2321086
10.976467,-7.0704317,Sentence,0,8.772949
12.343573,-7.656617,Sentence,0,7.8837166
12.839246,-7.12411,Sentence,2,10.386132
10.754298,-4.706069,Sentence,0,6.843006
11.517359,-5.6804376,Sentence,0,8.175134
11.80415,-6.4870696,Sentence,0,7.5857615
11.7521305,-7.3962393,Sentence,0,7.556047
11.945947,-8.42744,Sentence,1,9.356158
11.859311,-8.935331,Sentence,1,8.876438
12.796002,-5.8429437,Sentence,2,10.523207
12.618333,-8.53335,Sentence,1,8.919688
12.713811,-6.5895467,Sentence,1,9.256603
11.965534,-9.006917,Sentence,1,8.765213
12.586898,-6.7683067,Sentence,2,10.793653
12.307228,-5.81775,Sentence,2,10.871892
12.144928,-7.0207214,Sentence,2,9.314246
12.337029,-8.589103,Sentence,1,8.035989
10.36553,-7.133957,Sentence,0,9.106897
10.960782,-6.8051515,Sentence,0,8.5594225
12.828471,-6.870225,Sentence,2,9.4830475
12.226391,-7.2239094,Sentence,1,7.854877
11.972914,-8.711955,Sentence,1,8.692714
12.21085,-8.6243925,Sentence,1,8.695485
11.080002,-5.1119595,Sentence,2,8.709967
12.84589,-7.2528496,Sentence,2,9.907425
11.560023,-5.9928455,Sentence,0,8.040149
12.29452,-6.3646116,Sentence,2,9.444503
12.456296,-8.191828,Sentence,2,10.159893
12.153612,-8.092136,Sentence,1,9.083809
12.569785,-7.0255527,Sentence,2,8.3422365
10.792072,-8.286741,Sentence,0,8.016925
11.97239,-8.611523,Sentence,1,9.36965
12.167381,-8.064266,Sentence,2,10.4667425
12.318404,-6.494917,Sentence,2,8.637069
12.689555,-7.757781,Sentence,0,8.376352
11.512929,-6.365487,Sentence,0,7.2195477
10.536193,-8.853068,Sentence,1,8.531696
10.696879,-3.8608463,Sentence,0,10.068904
11.701792,-8.288849,Sentence,1,8.989851
12.756555,-6.8682127,Sentence,2,10.173312
10.825892,-8.911513,Sentence,1,8.950151
11.431609,-8.502164,Sentence,1,9.569687
10.532756,-3.9127073,Sentence,0,9.918955
12.536586,-6.199359,Sentence,2,10.6838455
12.574045,-6.952697,Sentence,2,10.791135
12.112189,-7.814504,Sentence,1,8.450359
12.389899,-6.0501294,Sentence,2,11.035788
12.715188,-6.4286423,Sentence,1,7.6031327
11.473604,-4.2910156,Sentence,0,10.973106
10.777737,-8.877776,Sentence,1,8.868062
11.161033,-6.394668,Sentence,2,10.115197
10.42224,-8.700612,Sentence,0,8.818581
12.422021,-6.917904,Sentence,2,10.955563
12.40126,-7.58075,Sentence,2,10.218647
12.259536,-8.0499115,Sentence,1,9.737736
10.706824,-8.825212,Sentence,1,8.844878
12.206317,-7.9620814,Sentence,2,10.204935
11.618891,-6.806576,Sentence,0,7.1160207
11.598363,-4.866941,Sentence,0,10.670738
10.81644,-8.893033,Sentence,1,9.243046
12.274008,-8.035484,Sentence,1,8.476033
11.633787,-5.5266223,Sentence,2,10.363697
11.246568,-6.1312532,Sentence,1,8.172089
12.153017,-8.162626,Sentence,1,10.239493
13.08426,-7.847369,Sentence,1,8.742519
12.362169,-8.0717,Sentence,2,9.279478
12.446204,-4.872524,Sentence,0,8.174877
12.382876,-7.4605994,Sentence,2,10.340689
11.339634,-6.5707946,Sentence,0,9.149892
12.658278,-5.8486843,Sentence,0,7.960104
10.56809,-5.240547,Sentence,0,8.449204
12.137115,-6.10247,Sentence,2,9.296685
12.077186,-8.875912,Sentence,1,9.143584
10.305055,-8.969822,Sentence,1,8.585305
12.535512,-7.1763215,Sentence,1,7.6696634
11.25679,-8.583968,Sentence,1,8.375211
11.665138,-8.662641,Sentence,1,9.628884
12.811212,-7.750856,Sentence,1,9.8819685
12.380761,-6.6770916,Sentence,2,10.741436
12.211173,-8.464153,Sentence,1,8.081474
12.745015,-7.5307245,Sentence,2,10.356486
12.385404,-8.285072,Sentence,2,9.962536
11.821365,-8.089141,Sentence,1,10.237613
10.096465,-5.817514,Sentence,0,9.180014
12.543552,-7.978619,Sentence,1,8.275389
12.25436,-8.827944,Sentence,1,8.858604
12.6608095,-7.328443,Sentence,1,10.426036
12.553089,-7.4873,Sentence,1,7.8455033
10.156007,-5.3584375,Sentence,0,7.1877337
9.547847,-8.361418,Sentence,0,8.672592
11.888002,-6.184205,Sentence,0,7.630557
11.772022,-7.481205,Sentence,1,9.699544
12.209191,-8.685338,Sentence,1,8.996439
11.904993,-8.880773,Sentence,1,9.284304
13.054518,-7.728168,Sentence,1,9.016064
14.007575,-3.3506536,Sentence,0,8.1532345
12.208882,-8.569988,Sentence,1,9.325321
10.959984,-5.3486876,Sentence,0,6.843778
12.557047,-7.9604387,Sentence,1,9.440047
13.127673,-7.014312,Sentence,2,9.968442
11.799245,-6.589784,Sentence,2,9.824061
10.630773,-5.903832,Sentence,0,7.926939
12.228285,-8.727741,Sentence,1,9.360232
10.306835,-5.7908154,Sentence,0,9.017921
12.325832,-8.3810425,Sentence,1,9.937165
11.722158,-8.449579,Sentence,1,8.49898
13.564588,-8.382164,Sentence,2,9.079193
12.755254,-7.030702,Sentence,2,10.292412
12.121807,-8.918686,Sentence,1,8.878575
11.755863,-6.30481,Sentence,0,7.2915072
12.478424,-6.4700294,Sentence,2,9.660631
10.845592,-7.7411227,Sentence,1,8.549757
11.244346,-7.4167314,Sentence,1,9.185501
9.711649,-8.285938,Sentence,0,8.468463
10.754207,-6.201696,Sentence,2,9.56418
11.494213,-5.45266,Sentence,0,7.2698708
12.775984,-7.980803,Sentence,1,10.110644
11.95132,-7.325711,Sentence,2,9.974288
12.20084,-6.305018,Sentence,2,10.264126
11.307581,-8.14947,Sentence,1,9.8223095
12.054193,-6.8247805,Sentence,2,8.788454
12.32739,-7.777854,Sentence,2,10.341115
10.37041,-5.2310286,Sentence,0,7.710279
12.587288,-8.365521,Sentence,1,9.071599
12.977566,-6.851794,Sentence,2,10.245733
15.023865,-3.116329,Sentence,0,8.267697
12.425745,-8.327437,Sentence,1,8.02356
11.154816,-6.314776,Sentence,0,7.150226
13.613454,-8.406655,Sentence,2,9.099992
10.7506,-2.8586376,Sentence,0,3.0627255
11.433881,-6.083177,Sentence,0,9.328619
12.140027,-8.209508,Sentence,1,9.66685
12.592705,-8.759054,Sentence,1,9.003066
13.055476,-7.0704355,Sentence,2,9.592482
11.884775,-8.023367,Sentence,1,10.232255
10.822724,-8.503786,Sentence,2,9.810571
12.0473,-8.711278,Sentence,1,9.758099
11.938066,-5.186066,Sentence,2,9.828138
10.733318,-2.8764966,Sentence,0,3.0806208
11.558256,-8.244635,Sentence,1,9.805252
11.36146,-7.271816,Sentence,1,7.7677584
12.283235,-8.455642,Sentence,1,9.508367
11.802343,-7.913949,Sentence,2,10.162198
12.26991,-7.154376,Sentence,2,10.666482
12.457044,-5.772569,Sentence,2,10.685277
11.383069,-8.407308,Sentence,1,9.666445
12.57062,-8.317452,Sentence,1,8.595509
11.850846,-6.6837196,Sentence,2,10.519666
12.42229,-8.078269,Sentence,2,9.927891
10.242922,-5.4693346,Sentence,0,8.1093
11.149818,-6.425254,Sentence,0,7.332511
12.206632,-7.409237,Sentence,1,10.253049
12.1277485,-6.458343,Sentence,0,7.8824162
12.59362,-8.341423,Sentence,1,9.078282
12.060401,-8.747563,Sentence,1,9.151832
11.886146,-8.270005,Sentence,1,8.472963
10.483134,-4.794372,Sentence,0,6.31823
10.888662,-5.1789794,Sentence,0,6.8037276
12.25691,-6.95849,Sentence,2,10.406659
12.927919,-6.8242874,Sentence,2,9.195036
11.706439,-7.97073,Sentence,1,9.421668
12.513942,-7.6120086,Sentence,1,10.32844
11.913433,-8.649334,Sentence,1,9.415547
12.097567,-6.1125183,Sentence,0,8.337516
10.562838,-5.234429,Sentence,0,7.901075
7.738054,-3.9121063,Sentence,0,7.2263675
11.867624,-6.7948966,Sentence,1,9.245123
11.968498,-8.709367,Sentence,1,8.839832
11.155503,-8.21629,Sentence,1,8.93677
12.38245,-7.8979545,Sentence,1,8.031518
11.341739,-6.258183,Sentence,0,7.380801
12.44011,-8.133114,Sentence,1,9.582551
12.707058,-5.5796933,Sentence,2,10.246334
12.315799,-8.780555,Sentence,1,9.29323
12.52149,-8.238596,Sentence,1,8.793297
11.648312,-6.797021,Sentence,2,10.228975
12.692484,-6.1432858,Sentence,0,7.219937
10.97017,-7.0874505,Sentence,2,9.729263
12.117541,-8.234062,Sentence,1,8.802238
12.852198,-7.7108817,Sentence,2,10.197578
12.061578,-7.693334,Sentence,1,10.507985
11.96126,-5.2612414,Sentence,0,10.280044
13.204305,-6.837544,Sentence,2,9.218573
11.476017,-5.973722,Sentence,2,10.086967
10.495593,-7.128791,Sentence,1,9.078193
12.743013,-7.1590304,Sentence,1,8.708512
11.097851,-8.008509,Sentence,1,8.583546
11.317153,-7.4888673,Sentence,1,9.189111
10.185032,-5.2103148,Sentence,0,8.101431
11.865521,-6.3699837,Sentence,0,7.3965626
12.392639,-8.464467,Sentence,1,9.003285
11.703951,-6.892318,Sentence,2,10.350735
13.1001835,-5.030406,Sentence,2,8.619686
11.299832,-7.0165205,Sentence,1,8.28395
12.709169,-8.140207,Sentence,1,8.3348675
12.094754,-8.654034,Sentence,1,9.619108
11.671024,-3.969521,Sentence,2,10.428683
10.555004,-5.9375906,Sentence,0,7.879671
12.915397,-6.7194586,Sentence,2,10.408003
12.318144,-8.323941,Sentence,1,7.8971786
12.494362,-4.9361253,Sentence,2,9.848225
11.126914,-7.8646483,Sentence,1,8.961105
10.881246,-8.67567,Sentence,1,8.762736
12.927612,-8.086088,Sentence,1,9.053312
11.621329,-7.810747,Sentence,1,8.333792
11.661744,-8.280426,Sentence,1,9.720459
11.180966,-7.55662,Sentence,1,9.232226
11.526207,-8.523542,Sentence,1,8.184779
12.202281,-5.6966586,Sentence,2,9.927301
12.992354,-8.254817,Sentence,1,8.846162
12.561554,-6.7007036,Sentence,2,10.650904
12.680328,-8.522036,Sentence,1,8.899761
12.063686,-7.283038,Sentence,1,8.812159
10.5724535,-7.141745,Sentence,0,9.043158
12.403911,-8.236642,Sentence,1,10.080898
12.812605,-7.6765924,Sentence,1,9.225435
9.486934,-7.264401,Sentence,0,6.921918
11.856851,-8.47454,Sentence,1,8.949369
12.251647,-7.194299,Sentence,2,10.568374
12.76459,-7.909799,Sentence,1,9.962456
12.293549,-8.238282,Sentence,1,9.949632
12.408891,-5.9984894,Sentence,2,10.960827
10.650041,-8.405566,Sentence,1,9.035449
12.375886,-7.8454366,Sentence,1,10.311646
12.142081,-5.5589094,Sentence,2,10.686935
10.4164715,-8.637868,Sentence,1,9.040697
10.198504,-5.726362,Sentence,0,8.443769
13.917312,-3.7966607,Sentence,0,7.4844184
11.412513,-6.9497523,Sentence,2,9.07084
13.603875,-8.406607,Sentence,0,9.09392
12.115851,-5.910492,Sentence,0,7.965367
13.594566,-8.369235,Sentence,2,9.07815
12.291988,-7.286788,Sentence,1,8.05703
11.331644,-5.1700554,Sentence,0,8.014473
12.331332,-8.332385,Sentence,1,8.724195
12.616575,-6.868701,Sentence,2,10.57748
12.213575,-6.7475305,Sentence,2,10.643066
12.09871,-8.756114,Sentence,1,9.463767
12.108286,-6.994005,Sentence,2,9.713622
12.352133,-7.1253376,Sentence,2,10.610567
11.383961,-7.1059413,Sentence,0,7.6425776
13.119491,-7.165004,Sentence,2,9.656366
12.456942,-8.750889,Sentence,1,9.625393
13.150365,-6.445763,Sentence,2,9.527679
12.271562,-7.2720504,Sentence,0,7.832471
12.829569,-7.7463355,Sentence,2,8.59969
11.178496,-6.609087,Sentence,2,9.251162
11.195928,-5.4302545,Sentence,0,6.987087
11.645051,-8.106399,Sentence,1,10.349603
12.496093,-7.221582,Sentence,1,7.706071
11.455529,-6.424134,Sentence,0,7.5912457
10.944755,-7.844321,Sentence,1,7.470529
12.264368,-8.434987,Sentence,1,8.071805
12.824783,-6.5414486,Sentence,2,10.648139
12.574675,-8.176197,Sentence,2,9.937873
12.631078,-5.7822084,Sentence,2,9.249379
12.419118,-7.9580903,Sentence,1,9.667251
11.899716,-6.0478435,Sentence,0,8.343905
12.54719,-8.422578,Sentence,1,9.566814
10.777498,-5.5143943,Sentence,0,7.840765
11.940375,-8.648408,Sentence,1,9.877317
11.458994,-8.779899,Sentence,1,9.353963
11.252478,-6.5267706,Sentence,0,7.9133525
13.862356,-3.9794517,Sentence,0,8.433151
11.805573,-8.762585,Sentence,1,8.514963
10.27177,-5.091412,Sentence,0,8.302181
13.754971,-3.880479,Sentence,0,8.886581
11.278152,-4.364605,Sentence,2,10.665218
11.153392,-7.353318,Sentence,1,8.721989
10.326517,-6.7982697,Sentence,0,9.616466
11.109229,-5.8776684,Sentence,0,9.023377
13.472656,-8.347254,Sentence,0,9.078647
12.727624,-7.18948,Sentence,2,10.480826
12.187069,-6.244981,Sentence,2,9.432142
10.138027,-4.6845922,Sentence,0,6.2558446
11.971026,-7.1694007,Sentence,1,8.071619
11.569947,-6.8651223,Sentence,0,7.087343
12.5762615,-7.437326,Sentence,2,10.502443
10.831169,-6.3311305,Sentence,0,10.085816
12.286616,-6.9454393,Sentence,2,9.896305
10.639875,-8.828442,Sentence,1,8.976524
9.892698,6.5287905,Sentence,0,6.881708
10.322476,-8.706296,Sentence,0,8.187234
12.803835,-5.2077312,Sentence,0,7.525262
12.472008,-6.956956,Sentence,2,10.773467
10.395454,-8.77258,Sentence,1,8.854423
12.482604,-6.153291,Sentence,2,9.979495
10.721336,-8.981996,Sentence,1,8.718845
12.559866,-8.685035,Sentence,1,9.487968
12.851377,-5.674026,Sentence,2,9.723894
11.673124,-4.598261,Sentence,0,9.457073
12.609633,-6.4067655,Sentence,2,10.117711
12.768691,-8.2944145,Sentence,1,8.9852295
12.179086,-5.4467673,Sentence,2,9.946809
12.669463,-8.33552,Sentence,1,7.988578
12.003995,-6.492283,Sentence,0,7.9023647
13.480129,-5.123123,Sentence,2,8.773757
12.093406,-7.2782636,Sentence,0,7.450719
10.860205,-8.77195,Sentence,1,8.522029
9.85392,-8.712744,Sentence,1,8.912717
11.501689,-4.5583253,Sentence,0,10.833147
12.221389,-8.463846,Sentence,1,9.570067
12.368571,-7.993641,Sentence,1,9.568271
10.56013,-8.193591,Sentence,1,9.0314245
12.809122,-6.6662693,Sentence,2,10.64803
12.072829,-8.480568,Sentence,1,9.48261
11.039254,-8.758711,Sentence,1,9.211778
12.155111,-7.9561586,Sentence,2,9.786022
10.315135,-8.787941,Sentence,0,8.263157
13.458217,-4.4494696,Sentence,0,8.22443
10.721018,-7.160498,Sentence,1,9.175183
13.092358,-7.660892,Sentence,2,9.402172
12.0431,-5.911579,Sentence,0,7.6665297
10.483888,-7.432892,Sentence,1,9.010046
12.568296,-7.5280466,Sentence,1,8.390505
12.614261,-8.038136,Sentence,2,10.213406
10.598434,-7.5433927,Sentence,0,7.417652
10.098768,-8.343781,Sentence,0,8.428921
12.518708,-4.9740477,Sentence,2,9.8708
12.552275,-7.6724796,Sentence,2,10.5806875
11.783267,-8.63636,Sentence,1,9.8137455
10.92949,-6.0493965,Sentence,0,8.145167
11.364737,-4.973032,Sentence,0,10.043477
12.87842,-7.3974915,Sentence,2,9.80017
12.195675,-5.989545,Sentence,2,10.849883
12.325565,-8.620337,Sentence,1,9.506383
12.096835,-7.622944,Sentence,1,8.770938
12.216862,-7.655318,Sentence,1,7.987257
12.66572,-7.339857,Sentence,2,10.719186
12.416683,-6.9988704,Sentence,0,7.6003346
10.6637945,-8.692634,Sentence,1,8.421086
10.493416,-5.265917,Sentence,0,7.965247
12.357127,-4.513844,Sentence,2,9.329407
14.566541,-3.7275422,Sentence,0,8.584193
12.778123,-8.043914,Sentence,1,9.442209
12.343452,-5.1463256,Sentence,2,10.200171
12.823137,-7.536872,Sentence,2,9.369634
11.850577,-6.482187,Sentence,0,7.301495
12.822722,-7.322184,Sentence,2,10.51355
11.697218,-8.554721,Sentence,1,9.711103
12.787874,-7.3658366,Sentence,2,9.476845
11.848199,-7.7860036,Sentence,1,9.862675
12.529771,-6.2532487,Sentence,2,10.922507
12.995155,-8.103179,Sentence,1,8.729851
10.847349,-5.1600485,Sentence,0,7.146134
10.362062,-5.51803,Sentence,0,7.8219476
11.506763,-8.147175,Sentence,1,8.366036
12.265156,-5.221188,Sentence,2,9.985843
12.462906,-8.365185,Sentence,1,9.640339
12.721285,-6.0972075,Sentence,2,9.431591
12.972576,-8.376867,Sentence,1,8.861635
12.316619,-5.9282055,Sentence,2,10.01513
11.777162,-8.776605,Sentence,1,9.026004
10.675141,-5.4561415,Sentence,0,9.623598
11.600643,-8.357692,Sentence,1,8.332444
11.7630005,-6.5936728,Sentence,0,7.31324
12.689595,-7.1992846,Sentence,2,8.6182
12.759113,-6.835466,Sentence,2,8.8905735
12.465589,-6.150225,Sentence,2,10.3102045
12.699456,-7.9489384,Sentence,1,9.6323185
12.159453,-7.5315948,Sentence,2,9.271471
10.176069,-6.6457458,Sentence,0,7.7464633
11.396384,-5.7513556,Sentence,0,6.6950054
12.011308,-5.5084577,Sentence,2,10.629657
11.378808,-5.1795144,Sentence,0,10.328935
11.0901985,-8.359487,Sentence,0,8.122756
11.623617,-5.342411,Sentence,2,10.690817
12.0480795,-4.935672,Sentence,2,10.726725
11.176417,-5.2491035,Sentence,0,7.123652
11.223707,-7.3236127,Sentence,0,8.910215
12.209493,-7.478857,Sentence,2,9.658511
12.728601,-6.9492936,Sentence,2,10.574362
11.020825,-8.696722,Sentence,1,9.146522
12.617818,-8.1403055,Sentence,1,8.494052
10.261265,-5.6475277,Sentence,0,8.22486
11.442462,-8.963793,Sentence,1,8.773883
12.355307,-8.603531,Sentence,1,9.640798
12.812652,-6.9197106,Sentence,2,9.20716
11.892358,-7.427145,Sentence,0,8.345814
12.519571,-6.1876974,Sentence,2,10.611748
10.249575,-8.0387,Sentence,0,8.037358
12.830803,-5.958158,Sentence,2,9.662925
11.436117,-8.474021,Sentence,0,7.7154303
11.3050165,-8.229223,Sentence,1,9.504793
12.377308,-5.287776,Sentence,2,10.59601
10.97958,-5.658289,Sentence,0,7.2367816
12.298481,-7.204607,Sentence,2,10.641235
12.89963,-8.427667,Sentence,1,8.868802
15.042121,-3.1068923,Sentence,0,8.259094
10.821464,-7.425003,Sentence,1,8.699556
12.650596,-8.427947,Sentence,1,9.69374
11.528945,-8.772462,Sentence,1,9.483553
11.282149,-8.538656,Sentence,1,9.502961
13.068329,-6.248478,Sentence,2,9.449491
9.966931,-8.446625,Sentence,0,8.880916
11.75761,-8.190115,Sentence,1,9.662818
12.505646,-8.330545,Sentence,1,7.8859954
13.520591,-4.4744334,Sentence,2,8.423327
12.153318,-8.805682,Sentence,1,9.3149
14.183214,-5.4665594,Sentence,1,7.9416366
11.75353,-8.497147,Sentence,1,9.261708
12.402421,-6.2222986,Sentence,0,8.681224
12.071366,-7.7494574,Sentence,1,9.91024
12.614177,-6.656912,Sentence,2,9.418476
12.249763,-8.143573,Sentence,1,10.226423
12.701107,-6.51595,Sentence,2,8.963985
11.306543,-4.3848314,Sentence,0,11.04478
11.9859495,-5.836447,Sentence,2,9.477983
12.721027,-8.123613,Sentence,1,9.859156
12.5178175,-8.272163,Sentence,1,7.7497725
11.119682,-8.31184,Sentence,1,8.714105
12.320102,-8.355913,Sentence,2,9.8543
11.590733,-8.195462,Sentence,0,8.74571
9.542148,-7.3519516,Sentence,0,6.9956183
11.742544,-7.9030724,Sentence,1,8.316626
12.298785,-8.793365,Sentence,1,9.362654
12.406955,-6.090394,Sentence,2,9.310897
10.772669,-7.5356045,Sentence,2,8.397377
12.367961,-8.162011,Sentence,1,9.878649
12.16961,-8.34652,Sentence,1,9.173063
12.321039,-5.6184654,Sentence,0,8.633419
12.36484,-5.1745753,Sentence,2,10.369174
13.25118,-6.2482424,Sentence,2,9.747899
10.163975,-6.018453,Sentence,0,8.412996
12.956078,-7.051625,Sentence,2,9.292222
11.276329,-8.22679,Sentence,1,9.151037
13.88486,-3.9429982,Sentence,0,8.214096
11.728815,-8.30181,Sentence,1,8.976971
11.625122,-7.65284,Sentence,1,9.692379
12.705183,-7.955029,Sentence,0,9.0924425
10.675119,-3.972767,Sentence,0,9.995363
12.511337,-7.9540234,Sentence,1,9.8646965
13.144936,-7.53788,Sentence,2,9.074029
11.3017435,-8.709616,Sentence,2,9.507529
12.207996,-7.492733,Sentence,2,10.723788
9.974049,-7.8258395,Sentence,0,8.833884
12.665942,-7.166913,Sentence,2,8.93335
12.104576,-8.203566,Sentence,1,10.117206
11.638193,-6.336654,Sentence,0,7.15977
12.642903,-6.0092125,Sentence,2,10.774623
11.530836,-8.776854,Sentence,1,8.543446
10.91726,-8.413908,Sentence,1,9.229158
11.508751,-8.189976,Sentence,1,8.848817
11.890348,-7.3726063,Sentence,1,9.53176
11.603799,-7.6755757,Sentence,1,9.8596525
11.249478,-6.2248774,Sentence,0,8.545845
12.103738,-7.593685,Sentence,2,10.2007265
12.081729,-5.9191356,Sentence,0,7.5616055
12.430368,-5.6984,Sentence,2,9.265511
12.573704,-7.7896504,Sentence,1,8.317303
12.955023,-7.7384996,Sentence,2,8.943439
12.153918,-7.3661156,Sentence,2,10.155784
10.953572,-7.033669,Sentence,1,10.110904
12.996861,-5.730431,Sentence,0,10.541145
12.451268,-7.1239867,Sentence,1,8.467025
10.6908,-8.428738,Sentence,1,8.204601
10.23667,-6.0359044,Sentence,0,7.0945935
12.355849,-7.470923,Sentence,2,8.957878
12.569607,-8.683055,Sentence,1,8.826857
12.054001,-8.370386,Sentence,1,8.27067
12.842135,-8.62264,Sentence,1,9.147302
12.472767,-6.8293486,Sentence,2,10.555736
12.915215,-8.198597,Sentence,1,9.049785
12.331864,-8.19283,Sentence,1,9.985946
11.729489,-5.99106,Sentence,0,7.091772
11.565555,-8.624086,Sentence,1,9.831697
12.662449,-5.847913,Sentence,2,10.505419
11.781724,-8.797096,Sentence,1,9.46351
10.255682,-8.705397,Sentence,1,8.811126
10.929517,-5.8795505,Sentence,0,8.799782
12.216913,-6.928214,Sentence,2,10.754683
10.696587,-5.546779,Sentence,0,8.979663
10.806759,-5.721771,Sentence,0,7.1930556
12.781598,-6.908745,Sentence,2,9.4014225
12.617712,-8.410551,Sentence,1,9.261406
9.920113,-6.375945,Sentence,2,9.824452
11.224331,-4.4638853,Sentence,2,10.950639
11.188024,-8.635419,Sentence,1,8.494932
11.876518,-8.324168,Sentence,1,10.152733
12.31304,-8.230508,Sentence,1,8.636422
12.57981,-7.616718,Sentence,2,10.277034
11.123755,-8.769094,Sentence,1,9.114547
12.071512,-7.9545975,Sentence,1,7.991892
11.648969,-5.8390102,Sentence,2,9.844583
12.638199,-7.0572996,Sentence,2,9.1986
10.812097,-4.796103,Sentence,0,6.835879
11.349699,-6.059867,Sentence,0,7.8213162
12.216891,-7.8208838,Sentence,1,10.203789
12.195488,-7.739062,Sentence,2,10.356373
12.8758335,-7.5227513,Sentence,2,10.155455
12.684417,-8.6939125,Sentence,1,9.437104
10.609715,-6.755028,Sentence,0,9.028748
11.754048,-8.908858,Sentence,1,8.782556
12.104664,-7.6249623,Sentence,1,9.849832
12.436738,-8.705849,Sentence,1,8.593192
12.441286,-7.8315835,Sentence,2,10.290711
12.355746,-8.461522,Sentence,1,8.673464
12.829717,-7.72798,Sentence,1,9.828398
10.47828,-8.862647,Sentence,0,8.172026
12.639707,-8.444319,Sentence,1,9.981603
11.529731,-8.749836,Sentence,1,8.749969
12.250082,-6.588446,Sentence,0,7.618648
10.431786,-6.567992,Sentence,1,9.357111
12.49474,-8.093923,Sentence,1,8.779481
12.37335,-7.9027014,Sentence,2,9.470237
12.14213,-8.026456,Sentence,2,10.298195
12.646492,-8.291151,Sentence,1,8.593926
11.392025,-7.8509297,Sentence,1,9.660913
11.2351675,-8.532388,Sentence,1,9.091501
10.461127,-4.2035756,Sentence,0,9.5766115
10.843186,-8.085115,Sentence,1,9.072452
14.316239,-5.184167,Sentence,0,7.9070554
12.535766,-8.205343,Sentence,1,7.9264765
12.443647,-5.711301,Sentence,2,10.494753
12.90902,-7.1541023,Sentence,2,10.112818
13.623653,-4.599508,Sentence,2,8.554493
12.185178,-5.2565055,Sentence,2,9.608118
12.632768,-6.7599444,Sentence,2,9.507415
10.766054,-7.7106977,Sentence,0,7.2930694
11.446032,-7.2850537,Sentence,0,7.515981
11.959481,-7.501644,Sentence,1,9.8844185
12.590368,-7.793784,Sentence,2,10.070225
13.008518,-7.243502,Sentence,2,10.210548
12.520995,-6.9360805,Sentence,2,10.4509735
13.576609,-4.276618,Sentence,0,8.705737
10.884905,-8.890277,Sentence,1,8.189481
13.137586,-8.025904,Sentence,2,9.151008
12.599243,-6.941626,Sentence,1,8.912402
12.684017,-8.671678,Sentence,1,8.891261
12.577467,-8.071329,Sentence,2,9.942576
12.538804,-8.329824,Sentence,1,8.286336
12.51463,-7.9429827,Sentence,2,10.386682
12.668495,-7.7252955,Sentence,2,10.042904
12.215479,-8.776837,Sentence,1,9.260632
11.951823,-8.470714,Sentence,1,10.091793
12.004177,-5.4031763,Sentence,0,10.628127
12.359608,-7.0909348,Sentence,2,10.57767
11.943862,-6.9660664,Sentence,2,10.639588
12.384872,-8.396331,Sentence,1,7.9063764
12.025736,-5.602384,Sentence,0,8.090932
12.502723,-7.29653,Sentence,2,10.5967245
12.687147,-8.418558,Sentence,1,9.107433
11.823376,-8.169097,Sentence,0,7.5707192
11.426725,-7.6842055,Sentence,1,9.56009
11.990059,-6.086626,Sentence,0,7.9433765
9.645779,-7.582243,Sentence,0,7.2729316
11.886787,-7.8823805,Sentence,1,7.901135
14.176232,-5.315291,Sentence,0,7.921508
12.257066,-8.172541,Sentence,1,9.083763
13.998141,-3.8669727,Sentence,0,7.549165
12.315522,-7.730346,Sentence,1,7.976871
12.349833,-7.6544247,Sentence,1,7.662538
11.5998745,-6.7580414,Sentence,0,7.5723443
12.158261,-7.4252005,Sentence,1,8.660528
13.3636465,-8.273389,Sentence,1,8.9264555
12.293323,-7.9381895,Sentence,1,7.6727805
12.3154545,-8.4325285,Sentence,1,9.74101
12.288118,-5.5154147,Sentence,2,10.522534
10.76327,-8.270575,Sentence,1,9.61695
12.475004,-8.281131,Sentence,1,9.483099
10.198795,-8.900365,Sentence,0,8.95677
12.469067,-8.628788,Sentence,1,9.542289
11.246641,-5.8235526,Sentence,2,10.3088875
12.740694,-7.4446983,Sentence,2,10.41876
11.936252,-4.8964653,Sentence,2,10.326332
11.51046,-4.215349,Sentence,0,10.792905
12.67702,-7.994661,Sentence,2,9.404395
12.865819,-7.503351,Sentence,2,10.2827425
11.942007,-5.7895594,Sentence,2,10.913279
11.912913,-8.292753,Sentence,1,9.688616
12.467777,-5.9010963,Sentence,0,8.86204
11.078921,-7.7362757,Sentence,1,9.297794
12.282251,-6.960827,Sentence,0,7.4639645
10.210849,-5.6299124,Sentence,0,8.072651
10.638003,-8.079191,Sentence,0,8.638997
11.507066,-6.849983,Sentence,2,9.250572
11.743803,-7.2884073,Sentence,0,7.632797
12.5785675,-6.9440913,Sentence,2,8.551599
10.84563,-8.977768,Sentence,1,8.756182
12.540804,-7.892655,Sentence,2,9.997799
11.400325,-8.132864,Sentence,1,9.321941
13.467164,-5.12102,Sentence,2,8.842612
10.951744,-6.487026,Sentence,1,10.230372
11.71182,-5.1832676,Sentence,2,10.777375
10.816091,-8.365957,Sentence,1,9.365911
13.816891,-4.191101,Sentence,0,7.85694
11.27945,-8.513236,Sentence,1,9.765994
13.016648,-6.649768,Sentence,2,9.681029
11.39699,-6.955306,Sentence,0,8.132852
11.7497425,-8.099431,Sentence,1,9.469673
11.806107,-8.742606,Sentence,1,9.489279
11.6251545,-8.425008,Sentence,1,9.915436
12.658062,-7.822236,Sentence,1,10.455947
11.224413,-4.5578747,Sentence,0,11.055498
12.638186,-7.8599763,Sentence,1,8.759357
11.4133215,-5.856537,Sentence,0,8.421813
13.685887,-8.451801,Sentence,0,9.108826
10.633272,-5.7515764,Sentence,0,7.7485976
11.630953,-5.1518707,Sentence,2,10.6411295
12.045934,-8.250422,Sentence,1,7.756572
12.26205,-8.2184725,Sentence,1,9.775994
12.897561,-8.228008,Sentence,1,8.967577
12.096,-6.9119062,Sentence,0,7.7162538
12.603752,-8.470438,Sentence,1,9.014693
12.702019,-6.8243546,Sentence,1,8.584823
11.905789,-6.4010077,Sentence,0,7.123852
12.352611,-6.699785,Sentence,0,8.068921
12.030089,-7.846687,Sentence,1,8.151922
10.941015,-8.133057,Sentence,0,8.878904
10.66213,-8.6359,Sentence,1,9.206949
12.746494,-6.555266,Sentence,2,9.991568
12.476725,-6.6451235,Sentence,2,9.860628
12.644404,-7.1079397,Sentence,2,10.32335
12.094149,-8.575436,Sentence,1,8.977212
10.070991,-8.903948,Sentence,0,8.537217
12.137065,-6.740833,Sentence,2,10.3242235
12.7901745,-8.178458,Sentence,1,9.760645
12.983741,-5.923271,Sentence,2,8.150654
12.132657,-8.470532,Sentence,1,8.062689
13.754812,-3.6352255,Sentence,0,8.130757
12.675142,-5.960045,Sentence,2,10.804239
12.306998,-8.809509,Sentence,1,9.238729
13.072492,-7.586703,Sentence,2,9.616874
12.823453,-8.169539,Sentence,1,9.166844
11.638089,-7.3332925,Sentence,1,9.658415
11.6659155,-8.277146,Sentence,0,7.82228
11.480492,-6.4498615,Sentence,0,7.2764645
10.944523,-7.0945086,Sentence,0,9.61467
13.110794,-6.944006,Sentence,2,9.793597
10.599426,-5.7428136,Sentence,0,9.123563
12.736229,-8.479232,Sentence,1,9.279627
11.67322,-7.970723,Sentence,1,9.4914465
12.075527,-8.671743,Sentence,1,9.250368
13.472994,-8.293972,Sentence,2,8.99912
11.704236,-5.1230273,Sentence,2,10.718932
12.685493,-6.5736194,Sentence,2,9.94114
13.91683,-3.9004402,Sentence,0,7.6196213
12.689383,-6.4938226,Sentence,2,10.4616995
12.593924,-6.7481017,Sentence,2,9.747624
12.453301,-4.9069324,Sentence,2,9.06062
13.556904,-8.360379,Sentence,1,9.100991
11.752532,-4.6128135,Sentence,0,10.938643
12.806751,-7.662292,Sentence,1,10.393244
12.4943495,-5.8028436,Sentence,2,10.681579
13.418831,-6.3049903,Sentence,2,9.426444
12.738739,-8.158087,Sentence,1,9.368533
12.32581,-7.752088,Sentence,1,9.888876
13.1895,-4.5423946,Sentence,2,8.732506
11.149989,-6.4293065,Sentence,0,7.3569326
13.102966,-5.425663,Sentence,1,8.131033
13.2216,-7.384226,Sentence,2,9.916621
12.701742,-7.4842935,Sentence,2,9.77111
11.24576,-5.374625,Sentence,0,7.594869
12.616902,-7.384519,Sentence,1,9.631392
12.256317,-8.081639,Sentence,1,9.612591
10.963435,-7.667035,Sentence,1,9.827005
11.8052225,-7.3548055,Sentence,1,8.758304
12.484103,-6.864273,Sentence,2,10.906337
12.629078,-8.217443,Sentence,1,8.406974
10.6598625,-6.49871,Sentence,0,8.147302
12.791429,-7.7527876,Sentence,2,9.036801
13.089685,-6.8463078,Sentence,2,9.8679285
11.6834955,-3.988069,Sentence,2,10.421622
13.932862,-4.0332017,Sentence,0,7.8692193
11.595649,-8.845069,Sentence,1,8.564526
12.138461,-6.505608,Sentence,2,10.623498
12.430297,-8.310657,Sentence,1,9.612857
11.822456,-7.7266016,Sentence,1,8.216598
11.71329,-8.568274,Sentence,1,9.096734
11.206758,-8.356834,Sentence,1,8.22966
10.266636,-4.226332,Sentence,0,5.8697925
12.29954,-6.25087,Sentence,2,9.152723
13.027705,-8.05489,Sentence,1,8.945179
11.540094,-6.417165,Sentence,0,7.5004168
12.455227,-8.313121,Sentence,1,7.839394
12.595993,-8.559358,Sentence,1,8.561891
12.458957,-6.7326493,Sentence,2,10.589982
11.573729,-8.883289,Sentence,1,9.5222645
12.72424,-6.3941736,Sentence,0,8.188398
11.649642,-8.599497,Sentence,1,9.089152
12.25763,-8.473413,Sentence,1,9.551575
11.630644,-6.3152323,Sentence,0,6.853207
10.071975,-8.57117,Sentence,0,8.800974
11.84123,-8.651273,Sentence,1,9.622007
11.753636,-8.33473,Sentence,1,8.021398
12.433442,-5.9670777,Sentence,2,10.270609
12.011283,-8.814196,Sentence,1,9.408468
10.093911,-5.057707,Sentence,0,8.107034
12.058685,-6.488669,Sentence,0,7.143866
12.043741,-8.294221,Sentence,1,8.433636
13.56068,-8.353067,Sentence,2,9.035475
12.553437,-7.2582064,Sentence,2,10.262858
12.1260195,-8.376937,Sentence,1,9.5076065
13.756633,-3.9971702,Sentence,0,8.104239
12.2436905,-8.424488,Sentence,1,7.9153566
12.417077,-6.9601607,Sentence,1,8.3744
11.5070095,-4.555193,Sentence,2,10.826575
10.935157,-7.6635523,Sentence,0,7.6110654
11.966002,-7.4969673,Sentence,1,9.018951
10.440912,-7.656042,Sentence,1,9.4549055
11.725068,-7.696619,Sentence,1,8.379569
10.322768,-8.772845,Sentence,0,8.570079
11.822827,-7.739253,Sentence,0,7.251095
10.34739,-8.240382,Sentence,0,7.9804673
12.305579,-7.936232,Sentence,1,9.412489
13.150275,-8.339968,Sentence,1,8.984369
10.790321,-8.834807,Sentence,1,9.113409
10.728524,-7.1590223,Sentence,0,8.730053
12.005752,-8.7919035,Sentence,1,8.878585
11.256848,-6.433209,Sentence,0,8.298729
10.290954,-8.640114,Sentence,1,9.384631
12.374359,-7.234953,Sentence,0,8.214453
11.589398,-6.5909214,Sentence,0,6.7671275
12.566173,-8.430659,Sentence,1,8.480853
15.0437765,-3.1051853,Sentence,0,8.25902
12.856254,-7.805564,Sentence,1,9.920607
12.2703085,-8.085428,Sentence,1,7.7061315
9.547899,-7.2573442,Sentence,0,6.964053
12.16689,-5.945907,Sentence,2,10.954134
12.414234,-5.2458224,Sentence,2,10.05145
11.411245,-8.310605,Sentence,2,8.708502
10.569451,-6.800678,Sentence,0,8.285457
11.76772,-8.6951685,Sentence,1,9.6710615
7.7381144,-3.9132457,Sentence,0,7.2276945
11.835074,-8.774495,Sentence,0,7.455049
12.451459,-7.0624037,Sentence,2,10.130007
12.147098,-6.5528502,Sentence,0,7.4181633
11.682552,-3.997291,Sentence,2,10.43613
12.064436,-6.0547376,Sentence,2,9.535893
12.995349,-6.7015343,Sentence,2,10.093831
10.995021,-8.286326,Sentence,1,8.2305155
11.9287405,-8.092671,Sentence,1,9.5561695
11.705072,-6.2735667,Sentence,2,10.641467
12.331817,-6.1028724,Sentence,2,10.982753
13.002893,-6.753483,Sentence,2,9.915807
11.499576,-6.773016,Sentence,0,7.923283
12.721321,-6.6971264,Sentence,2,10.678835
13.219562,-6.842308,Sentence,2,9.398851
10.963784,-7.632027,Sentence,0,7.2697773
11.8618555,-5.7575383,Sentence,0,8.048286
12.028837,-6.0068426,Sentence,2,8.885903
11.73171,-7.32269,Sentence,2,9.828901
11.34,-7.517457,Sentence,1,8.910614
11.998841,-8.573435,Sentence,1,10.052798
12.628801,-8.108272,Sentence,1,9.976768
9.888594,-7.8616567,Sentence,1,8.85367
11.635951,-8.451857,Sentence,1,9.688737
12.898835,-6.45155,Sentence,2,10.59141
9.6460495,-7.7376947,Sentence,1,7.281482
10.652588,-4.7752013,Sentence,0,6.885191
10.568252,-8.65667,Sentence,1,8.987268
12.6841345,-8.311273,Sentence,1,9.668856
10.439822,-6.085958,Sentence,0,8.128165
12.335523,-6.368586,Sentence,2,9.61499
9.6824665,-7.2679114,Sentence,0,8.27493
12.630382,-8.232344,Sentence,1,10.109903
12.077664,-6.44698,Sentence,0,7.515193
12.530551,-6.766098,Sentence,2,10.645476
10.055208,-8.6194515,Sentence,0,8.285716
11.226037,-7.5143847,Sentence,2,9.351991
11.258148,-6.2453494,Sentence,2,10.231328
12.539641,-7.829375,Sentence,0,8.458574
10.796217,-6.9665537,Sentence,2,10.095804
11.883203,-7.8985195,Sentence,1,10.461222
12.89749,-7.920038,Sentence,1,8.748903
10.177913,-4.135243,Sentence,0,5.717259
10.823851,-5.384801,Sentence,2,8.92196
12.652515,-8.258319,Sentence,1,9.913586
11.630938,-8.769796,Sentence,1,8.692454
12.164936,-6.849403,Sentence,2,10.961692
11.644294,-6.5391707,Sentence,0,8.1167965
13.020324,-6.7543526,Sentence,2,10.144854
11.427848,-4.411505,Sentence,0,10.768284
11.110257,-8.6344795,Sentence,1,9.354428
12.418515,-8.3443575,Sentence,1,9.9271965
12.082777,-8.557643,Sentence,1,8.059645
12.282507,-6.673882,Sentence,2,9.663931
11.925233,-5.9870462,Sentence,0,8.267309
12.080243,-6.2882614,Sentence,2,9.415574
11.621589,-6.735476,Sentence,0,9.577928
10.164395,-6.5341787,Sentence,0,7.920978
11.03646,-7.970944,Sentence,1,9.5144615
13.147093,-6.7585845,Sentence,2,9.722935
12.562809,-6.9660907,Sentence,2,10.627976
11.732754,-8.796244,Sentence,1,8.465437
10.083724,-7.917406,Sentence,0,9.08855
12.27186,-7.5597224,Sentence,1,9.532386
10.575187,-8.830941,Sentence,1,8.526599
12.732889,-7.205689,Sentence,2,9.37611
10.667584,-6.682977,Sentence,0,8.369842
12.367058,-6.118149,Sentence,0,9.168301
12.038351,-6.4969583,Sentence,2,9.17418
11.788326,-6.6408772,Sentence,2,10.526885
12.341512,-6.296452,Sentence,2,9.74297
12.638465,-8.485556,Sentence,1,9.429992
11.579985,-5.8290215,Sentence,0,7.8746953
10.502796,-8.689762,Sentence,0,8.1255245
12.533169,-6.647725,Sentence,2,9.870515
13.612165,-5.0393972,Sentence,0,8.589746
12.27216,-8.147675,Sentence,1,10.100759
10.404147,-4.8877363,Sentence,0,9.59617
11.282551,-7.66335,Sentence,1,9.453371
12.5642,-6.1395173,Sentence,2,10.847146
11.842803,-8.092818,Sentence,1,8.603256
12.649044,-7.9545064,Sentence,2,10.130755
12.7566,-6.6642632,Sentence,0,8.001841
10.599385,-8.572185,Sentence,1,8.412076
11.83919,-6.4847956,Sentence,0,7.235725
12.470055,-8.788546,Sentence,1,8.608639
12.721036,-7.556148,Sentence,1,9.133411
12.337783,-4.501232,Sentence,2,9.378466
12.583317,-8.174565,Sentence,1,9.72801
12.082546,-8.537463,Sentence,1,9.687564
12.170974,-8.934847,Sentence,1,9.424707
9.698855,-7.7968717,Sentence,1,7.451273
12.15475,-6.3566594,Sentence,2,10.645392
12.883633,-7.2854323,Sentence,2,9.149081
11.973081,-6.5447183,Sentence,2,10.65436
12.951645,-7.315849,Sentence,2,10.019497
12.03589,-6.7904596,Sentence,2,10.252975
11.426065,-6.5746493,Sentence,0,7.704545
10.895919,-7.621588,Sentence,0,7.2573442
11.626634,-4.903912,Sentence,2,10.839114
10.360412,-5.40811,Sentence,2,8.169293
10.804914,-5.24683,Sentence,0,6.773115
11.866156,-8.140563,Sentence,1,10.046545
12.638678,-8.221267,Sentence,1,9.243579
12.309238,-7.9476576,Sentence,1,7.6035714
11.068063,-8.744464,Sentence,1,9.502542
12.939253,-8.316948,Sentence,1,9.089782
11.60476,-5.4934444,Sentence,0,9.154459
12.464313,-6.488365,Sentence,0,8.352751
11.6917925,-5.2641487,Sentence,2,10.676829
13.756388,-3.9047775,Sentence,2,8.860321
12.54733,-6.0917897,Sentence,2,10.030689
12.339195,-8.0905285,Sentence,0,7.5959907
11.5294,-7.996148,Sentence,1,9.09808
11.722433,-8.799727,Sentence,1,9.27613
11.748433,-7.591581,Sentence,2,10.430335
12.09555,-6.925036,Sentence,0,8.122809
11.629362,-8.535021,Sentence,1,8.409926
11.772477,-8.805585,Sentence,1,7.7235374
12.035182,-5.6976204,Sentence,2,11.056447
12.373785,-8.375103,Sentence,1,7.807132
12.163943,-5.2955227,Sentence,0,7.113491
10.980834,-6.1206284,Sentence,2,9.697947
12.473346,-7.660728,Sentence,1,9.638817
10.667921,-7.3327312,Sentence,1,9.102776
11.405623,-8.228025,Sentence,1,9.727069
12.3113,-7.921954,Sentence,2,10.332984
9.601362,-8.203741,Sentence,0,8.798391
10.745571,-5.624695,Sentence,0,7.2644234
12.578106,-8.20517,Sentence,1,8.0799885
12.316488,-8.568134,Sentence,1,8.275185
12.191282,-8.3977,Sentence,1,10.332793
11.299386,-8.674377,Sentence,2,9.788374
10.959235,-5.6964536,Sentence,2,9.193788
11.3402,-8.070897,Sentence,1,9.059989
12.729926,-8.041271,Sentence,1,9.505988
10.548223,-8.009962,Sentence,1,9.170925
11.743093,-4.974527,Sentence,2,10.6389675
11.921649,-4.753382,Sentence,0,7.4305067
11.468521,-6.835786,Sentence,0,7.870606
12.214637,-8.177576,Sentence,1,10.302033
12.305594,-5.906458,Sentence,0,8.38019
12.303102,-7.418018,Sentence,0,8.372167
15.487533,-1.6903245,Sentence,2,10.253234
13.0005,-8.008082,Sentence,1,8.683252
13.260013,-8.480886,Sentence,1,9.070788
10.858386,-5.3659816,Sentence,2,8.524996
10.822318,-4.424796,Sentence,0,6.8648477
12.602732,-8.792028,Sentence,1,9.015058
11.529615,-8.560291,Sentence,1,8.0089855
11.501863,-7.3263855,Sentence,0,7.4263177
10.853256,-4.716877,Sentence,0,7.8092694
10.687902,-4.920916,Sentence,0,6.7033324
11.378558,-6.2515955,Sentence,2,9.425588
12.235172,-8.35062,Sentence,1,9.153137
10.784235,-6.677309,Sentence,0,7.870152
10.854091,-7.140529,Sentence,1,8.866063
12.361875,-5.5573063,Sentence,2,10.575376
11.165148,-6.2361627,Sentence,0,10.01643
12.421812,-6.001384,Sentence,2,10.982614
12.3275,-8.157154,Sentence,1,9.240858
10.671307,-8.734761,Sentence,0,8.217132
11.790708,-5.1953325,Sentence,2,10.596785
12.547527,-8.751101,Sentence,1,8.67443
13.971468,-4.3076663,Sentence,1,8.833428
12.097073,-7.5853963,Sentence,0,8.066745
12.606688,-8.2545,Sentence,1,9.804323
11.398087,-8.897083,Sentence,1,8.61976
10.621151,-4.8919306,Sentence,0,8.429872
13.492457,-8.392016,Sentence,2,9.02761
12.806992,-7.0206633,Sentence,2,10.50145
12.343522,-5.4375305,Sentence,2,10.372078
9.682443,-7.764156,Sentence,1,7.3669996
12.159964,-8.019543,Sentence,1,10.196083
11.453856,-6.0392575,Sentence,0,7.100994
12.601604,-8.453667,Sentence,1,9.670827
12.598765,-6.6964955,Sentence,2,10.699101
13.07058,-7.973843,Sentence,2,9.363744
12.680134,-7.498785,Sentence,2,9.137944
12.383238,-8.576574,Sentence,1,9.474697
12.289658,-8.518812,Sentence,1,7.965141
12.645226,-8.16211,Sentence,1,8.491697
11.631455,-6.4204216,Sentence,0,8.10408
12.700742,-8.035648,Sentence,2,10.205531
11.49992,-8.651337,Sentence,1,9.84497
10.738962,-4.884052,Sentence,0,6.9005914
12.579983,-7.7934327,Sentence,1,8.808399
12.087707,-8.682588,Sentence,1,9.564092
12.940088,-7.278944,Sentence,2,10.367194
12.565933,-6.9560075,Sentence,2,10.234888
13.554579,-4.2507505,Sentence,0,8.635536
9.893104,6.5287776,Sentence,0,6.881131
11.462687,-6.4536366,Sentence,2,9.406806
11.30746,-8.270912,Sentence,1,8.1452265
11.002785,-5.021071,Sentence,0,7.559814
13.021496,-6.6783037,Sentence,2,10.099824
13.024183,-7.316319,Sentence,2,8.935837
12.88858,-5.4578586,Sentence,2,9.336711
11.960353,-5.038735,Sentence,2,8.7372265
9.853227,-7.9831395,Sentence,0,8.960086
12.232612,-6.331639,Sentence,2,9.993216
11.458462,-8.516797,Sentence,1,9.962512
12.509392,-6.4005075,Sentence,0,8.441089
11.62693,-5.176163,Sentence,2,9.249308
12.188908,-6.819891,Sentence,1,7.4473934
13.037219,-4.3811955,Sentence,0,7.6982894
12.509187,-6.496856,Sentence,2,9.318577
12.815376,-6.675203,Sentence,2,10.666225
11.401955,-8.634905,Sentence,1,8.244114
10.510528,-5.102182,Sentence,2,9.412987
10.2137375,-6.980052,Sentence,0,8.854376
11.282919,-6.2351403,Sentence,1,7.423943
11.859718,-6.7217526,Sentence,2,9.814365
9.974124,-7.597131,Sentence,0,7.704865
12.308238,-8.021597,Sentence,1,10.142718
12.587688,-7.7377253,Sentence,0,7.998156
12.111842,-7.5968456,Sentence,2,7.2701297
13.178636,-7.558529,Sentence,2,9.287528
11.369101,-6.2034245,Sentence,0,6.9824567
11.967911,-8.390801,Sentence,1,8.012845
10.852224,-5.730731,Sentence,0,10.023565
12.74881,-5.222395,Sentence,0,8.302561
11.000115,-5.659871,Sentence,0,7.754062
12.250685,-8.3083105,Sentence,1,7.725463
12.140544,-8.811845,Sentence,1,8.668623
13.077172,-6.1249876,Sentence,2,9.842171
10.016892,-5.204505,Sentence,0,8.088578
11.286148,-6.483164,Sentence,2,10.543502
12.590143,-7.4841156,Sentence,1,7.9496627
12.199575,-7.2580194,Sentence,1,7.7420154
12.562465,-7.0762873,Sentence,2,10.86308
12.345707,-8.409774,Sentence,1,8.244403
11.102688,-6.3447328,Sentence,0,7.4292483
12.716059,-6.5727024,Sentence,2,8.987059
11.100213,-5.675311,Sentence,0,6.860006
10.721209,-8.773614,Sentence,1,8.072307
12.349572,-7.922986,Sentence,1,8.414423
12.6346445,-7.9279795,Sentence,1,8.216124
11.163183,-6.0870705,Sentence,0,8.072374
11.566811,-8.307566,Sentence,1,8.471135
10.2942705,-5.2238836,Sentence,0,7.176986
11.17966,-5.949544,Sentence,0,8.288696
11.694289,-6.9516535,Sentence,2,10.248125
10.729756,-6.3717437,Sentence,0,7.465425
12.444839,-8.243833,Sentence,1,8.049351
11.165915,-6.107561,Sentence,0,8.07014
10.677562,-7.776086,Sentence,0,8.033937
13.716056,-4.1295166,Sentence,0,8.656673
11.679658,-5.2448936,Sentence,0,8.241987
12.356975,-6.59346,Sentence,2,10.992573
12.767881,-6.9528856,Sentence,2,10.4793415
11.97011,-6.860012,Sentence,0,8.0417
12.405197,-6.002053,Sentence,0,7.7626534
11.47963,-5.562037,Sentence,2,10.632774
12.997664,-6.5844536,Sentence,2,9.670487
12.18349,-8.184389,Sentence,1,7.6849203
11.652945,-8.186925,Sentence,1,8.098187
12.564736,-8.450614,Sentence,1,9.065642
11.61637,-6.5127044,Sentence,0,7.2802153
12.257911,-8.509317,Sentence,1,9.163744
11.076744,-8.041729,Sentence,1,8.320072
12.728567,-8.219087,Sentence,1,9.630772
11.08763,-4.7070975,Sentence,0,7.080151
10.796207,-5.4857316,Sentence,2,9.978835
10.926212,-4.633561,Sentence,2,9.889263
12.156166,-5.884364,Sentence,2,9.220023
11.619317,-6.799481,Sentence,0,7.162168
11.769272,-7.6248693,Sentence,1,9.27457
12.56982,-8.068774,Sentence,1,9.859468
11.917233,-7.31214,Sentence,1,8.973244
12.944996,-6.7981815,Sentence,2,9.995015
10.702421,-5.3850145,Sentence,0,7.6002226
12.661573,-7.4437685,Sentence,1,8.996346
12.464338,-6.9278235,Sentence,2,10.510813
12.285038,-6.8847766,Sentence,2,10.89066
12.195879,-8.57398,Sentence,1,8.8358
12.270965,-5.454567,Sentence,2,10.727964
6.736836,-2.7984822,Sentence,0,14.415995
11.359295,-8.921185,Sentence,1,8.984119
10.004123,-8.700003,Sentence,1,9.248049
12.19984,-8.153771,Sentence,1,9.625175
12.949139,-6.404022,Sentence,2,10.483999
13.029621,-6.6859727,Sentence,2,8.686605
12.712864,-8.296176,Sentence,1,8.583383
12.629612,-7.4948387,Sentence,2,10.23156
12.67289,-7.798154,Sentence,2,8.755754
13.013588,-7.6268306,Sentence,2,8.815002
10.807145,-8.935931,Sentence,1,8.927995
12.4368,-8.31852,Sentence,1,7.830388
12.532943,-7.90762,Sentence,2,10.130932
12.936448,-6.2415524,Sentence,2,9.553423
12.738698,-7.5653253,Sentence,2,10.280779
10.156424,-5.7822156,Sentence,0,9.215827
11.0459795,-7.5785184,Sentence,1,9.192783
9.803078,-7.177837,Sentence,0,7.211332
13.714584,-4.2035503,Sentence,2,8.186363
11.706418,-8.595285,Sentence,1,9.719179
10.964327,-8.591556,Sentence,1,9.153191
11.874988,-8.916173,Sentence,1,7.873954
10.560433,-7.892065,Sentence,1,9.186932
11.251397,-8.039851,Sentence,0,8.690915
10.844977,-5.7873335,Sentence,0,8.19389
12.529647,-6.8485565,Sentence,2,10.752844
11.869129,-8.901623,Sentence,1,8.704171
10.048334,-7.209543,Sentence,0,8.729994
15.063253,-3.0859787,Sentence,0,8.279646
12.232655,-6.5598507,Sentence,2,10.630683
12.828338,-7.173524,Sentence,2,9.426211
10.76483,-5.0099187,Sentence,0,6.824606
12.378318,-5.2086434,Sentence,2,10.411495
11.778517,-7.9329834,Sentence,1,10.170075
12.368018,-5.9260297,Sentence,2,10.950982
12.583306,-6.3983817,Sentence,0,7.8774376
11.428502,-4.450196,Sentence,0,10.822066
12.385717,-8.26556,Sentence,1,8.7107725
11.703744,-8.352685,Sentence,1,9.747131
12.283617,-8.370948,Sentence,1,10.112222
12.040216,-8.360374,Sentence,0,7.5891356
11.975297,-8.9472275,Sentence,1,9.145972
11.638061,-8.208563,Sentence,1,8.63144
12.140748,-7.51986,Sentence,2,10.083212
11.391271,-8.642167,Sentence,1,9.681331
12.2968,-7.4267645,Sentence,1,10.560947
12.711119,-7.230624,Sentence,1,8.910588
11.719194,-7.801792,Sentence,1,9.425706
11.85424,-4.533786,Sentence,2,8.984788
10.722052,-5.0120544,Sentence,0,7.4704757
11.93319,-8.475865,Sentence,1,10.015885
12.337102,-6.789723,Sentence,2,10.710249
12.519294,-6.672558,Sentence,2,9.910803
10.738982,-5.8402653,Sentence,0,7.3099513
9.703033,-8.179606,Sentence,1,8.313989
12.4602785,-6.860927,Sentence,0,7.945825
12.8707075,-3.8288996,Sentence,2,8.205557
11.265761,-5.703612,Sentence,0,6.991955
12.38497,-8.438954,Sentence,1,8.292856
12.195821,-5.818581,Sentence,2,10.845846
10.559528,-8.88497,Sentence,1,8.896843
12.742433,-8.182804,Sentence,0,7.9679675
11.42339,-8.078502,Sentence,1,8.726865
12.571893,-8.05197,Sentence,1,9.640181
12.769182,-7.0846496,Sentence,0,8.942966
10.105424,-5.2081857,Sentence,0,8.301918
12.808446,-8.309449,Sentence,1,8.878881
12.286393,-8.372937,Sentence,1,10.211052
12.022298,-6.6391773,Sentence,2,10.091564
12.3078375,-8.544683,Sentence,1,9.881867
11.02455,-6.760356,Sentence,2,10.100941
12.107685,-7.7314963,Sentence,1,8.531068
12.575647,-7.5448217,Sentence,2,10.202238
11.556275,-6.8801327,Sentence,2,10.2702
11.07809,-5.2479615,Sentence,0,7.145899
12.788797,-8.320587,Sentence,1,8.728695
12.778328,-7.7476487,Sentence,2,10.084956
12.561813,-8.438682,Sentence,1,9.61304
12.432582,-8.635985,Sentence,1,9.77517
11.926694,-7.0611415,Sentence,1,8.775624
12.019607,-4.9487796,Sentence,2,10.073232
10.692475,-5.2519064,Sentence,0,9.817779
12.758157,-7.284275,Sentence,2,10.257491
11.593416,-6.0366964,Sentence,0,7.2164497
11.849114,-6.0225735,Sentence,0,9.048825
12.381669,-8.719939,Sentence,1,9.295849
12.01549,-6.9004807,Sentence,0,7.6111736
12.43943,-7.009697,Sentence,2,10.799171
12.943849,-6.417439,Sentence,2,10.458981
12.136194,-6.6716356,Sentence,0,7.928701
10.918101,-7.190326,Sentence,1,9.025425
12.816833,-6.808466,Sentence,2,8.344363
12.576361,-5.7445927,Sentence,2,9.887399
12.290497,-7.2425604,Sentence,1,7.574584
12.347854,-6.4446793,Sentence,2,8.958092
12.236407,-7.546562,Sentence,2,10.128339
10.010346,-8.332213,Sentence,1,9.19973
11.276414,-5.02385,Sentence,0,10.051199
12.246285,-8.625743,Sentence,1,8.64947
11.567613,-6.5300984,Sentence,0,7.3769
11.017992,-7.1886334,Sentence,2,9.700652
11.8323,-9.014789,Sentence,1,8.668093
12.99809,-8.405674,Sentence,1,9.465216
12.560786,-6.9359493,Sentence,2,10.091701
11.75266,-8.596924,Sentence,1,8.62762
12.44974,-7.212167,Sentence,2,10.551675
10.50551,-8.358526,Sentence,1,8.8256645
11.942021,-6.9908442,Sentence,0,8.005304
12.874864,-7.2788477,Sentence,2,9.349864
12.215464,-7.217872,Sentence,2,10.74059
11.722704,-6.9496245,Sentence,0,7.492928
12.367204,-7.9881544,Sentence,1,8.929816
13.272766,-6.9530015,Sentence,2,9.500196
11.954216,-7.4206886,Sentence,2,10.070072
12.126875,-8.213686,Sentence,1,10.255189
12.195775,-8.306671,Sentence,1,7.6749954
11.337275,-6.339889,Sentence,0,7.3669047
11.848602,-8.586811,Sentence,1,9.721349
15.061658,-3.0883512,Sentence,0,8.268873
12.185003,-5.8986287,Sentence,0,8.109488
11.883369,-8.772596,Sentence,1,8.560658
13.14898,-6.5880337,Sentence,2,10.321867
11.571095,-4.21559,Sentence,2,10.487961
11.69878,-5.256702,Sentence,2,10.580979
11.745753,-6.814418,Sentence,0,7.803254
11.453441,-5.9475207,Sentence,0,7.4939985
12.30151,-7.832343,Sentence,1,10.019063
13.642668,-4.109545,Sentence,2,8.394186
12.49872,-8.526129,Sentence,1,8.241197
13.725967,-4.58733,Sentence,0,8.2219095
10.022555,-5.941585,Sentence,0,8.391325
12.212378,-7.7508903,Sentence,2,9.980966
11.597034,-8.026074,Sentence,1,9.092395
12.1901045,-6.5502605,Sentence,2,8.744542
11.943287,-4.765484,Sentence,2,10.39862
10.62917,-8.703751,Sentence,2,9.494893
12.139841,-8.210613,Sentence,1,10.082603
12.907478,-7.3859158,Sentence,2,9.907386
11.609773,-7.9644475,Sentence,1,9.201327
12.458846,-4.691569,Sentence,0,10.032726
11.184691,-8.578224,Sentence,1,9.623996
12.045869,-8.077808,Sentence,2,10.019432
12.58693,-8.823806,Sentence,1,8.663842
11.844095,-8.528265,Sentence,1,9.678953
13.135687,-7.541302,Sentence,2,9.052911
12.254263,-7.18093,Sentence,2,10.469578
12.916537,-6.2888246,Sentence,1,10.555691
12.1846075,-8.4276905,Sentence,1,9.575555
12.973405,-6.7906747,Sentence,0,8.322531
12.167154,-7.122756,Sentence,2,9.878544
12.765812,-8.110755,Sentence,1,8.4674635
11.449702,-5.7643995,Sentence,0,6.915886
12.565108,-6.86122,Sentence,2,10.274503
11.264468,-5.240551,Sentence,0,6.861149
12.385574,-8.267865,Sentence,1,7.729158
10.84147,-5.669282,Sentence,0,8.297007
12.160839,-6.909275,Sentence,0,8.099043
12.691308,-8.42585,Sentence,1,9.571644
13.218749,-6.9484863,Sentence,2,9.759141
10.920118,-8.767064,Sentence,1,8.592486
11.8400755,-8.6097,Sentence,0,7.3396544
13.268594,-6.9810805,Sentence,2,9.907302
11.318133,-8.164205,Sentence,1,9.951003
11.156267,-7.209852,Sentence,1,8.095467
12.513235,-6.7804127,Sentence,2,10.858791
11.415474,-4.8705115,Sentence,0,7.9164495
12.311,-8.504704,Sentence,1,8.055425
11.991328,-6.908806,Sentence,0,7.3787436
11.860124,-7.341132,Sentence,1,8.7295265
10.829826,-7.4932466,Sentence,0,8.409313
11.192524,-5.38735,Sentence,0,7.2556486
12.552605,-7.926763,Sentence,0,7.830633
11.16821,-5.7887516,Sentence,0,7.232452
13.599901,-4.020795,Sentence,0,7.5961714
12.973465,-7.284665,Sentence,2,9.198479
12.108825,-5.7016034,Sentence,0,7.4261527
12.075525,-8.703277,Sentence,1,9.743802
12.094379,-7.738584,Sentence,2,9.955027
10.722788,-4.1471257,Phrase,1,9.98
9.977445,-8.386967,Phrase,2,8.581538
11.759381,-5.603765,Phrase,2,8.279803
11.51228,-4.4209495,Phrase,1,7.5405636
11.158156,-5.4302135,Phrase,2,6.9565043
13.202988,-6.138564,Phrase,0,9.413547
12.579142,-4.9738226,Phrase,0,8.587171
11.805717,-4.6220984,Phrase,0,8.911901
10.093258,-8.087382,Phrase,2,8.435045
10.850182,-5.8208942,Phrase,0,9.11756
9.832375,-7.143092,Phrase,2,8.5807905
10.963277,-6.2542386,Phrase,2,8.05863
10.515418,-4.72589,Phrase,1,6.410551
11.466947,-6.478986,Phrase,2,7.38363
11.002729,-7.034159,Phrase,2,7.7470417
10.261304,-8.879341,Phrase,2,8.25496
10.949308,-5.257292,Phrase,0,6.802719
11.046069,-5.6241145,Phrase,2,7.764532
13.056115,-6.2445326,Phrase,0,9.488577
10.438311,-4.7154393,Phrase,1,6.27232
11.852448,-5.492022,Phrase,0,10.42834
10.352781,-8.930137,Phrase,2,8.324561
11.630966,-6.68529,Phrase,2,7.672033
10.712092,-7.2552533,Phrase,2,8.227174
10.697244,-6.297611,Phrase,2,8.259741
12.572103,-5.839866,Phrase,0,8.765741
12.251941,-5.452028,Phrase,0,8.252756
11.899339,-4.5951486,Phrase,1,7.78542
9.981625,-8.932926,Phrase,2,8.718334
11.4061985,-6.5627294,Phrase,2,7.381043
11.288336,-3.8650832,Phrase,1,7.492416
11.471427,-4.6341085,Phrase,0,10.267415
11.341427,-5.7482843,Phrase,1,7.128633
10.467388,-6.938106,Phrase,2,8.9724865
10.037155,-8.839459,Phrase,2,8.6041765
11.302617,-5.3691635,Phrase,0,10.381572
10.891084,-6.2651963,Phrase,2,9.897186
11.684397,-5.633508,Phrase,2,7.705972
10.532924,-5.074524,Phrase,1,9.261766
9.630954,-7.7942843,Phrase,2,7.2547493
11.028572,-8.351823,Phrase,2,8.801047
10.057725,-8.540929,Phrase,2,9.122212
10.643774,-7.0598936,Phrase,2,9.199347
12.124625,-5.9274635,Phrase,0,8.340886
10.603139,-8.849437,Phrase,2,8.182301
11.709198,-8.8353,Phrase,1,7.2599225
11.335713,-5.9205546,Phrase,0,8.402255
11.10496,-5.9107213,Phrase,0,8.571272
11.525503,-6.1714296,Phrase,2,7.323033
12.673408,-5.915426,Phrase,0,9.215032
11.673348,-3.9500065,Phrase,0,10.359612
11.028764,-7.4070816,Phrase,2,7.27467
9.509869,-7.6985536,Phrase,1,7.194465
12.658068,-5.9496903,Phrase,0,9.226721
11.39988,-5.56206,Phrase,0,8.86162
12.80172,-6.139137,Phrase,0,10.533137
10.8183155,-6.260223,Phrase,2,7.4286103
11.93462,-4.97046,Phrase,1,8.013926
10.268918,-4.427718,Phrase,1,5.9770827
13.804155,-4.4758415,Phrase,0,7.9462643
11.53141,-5.891543,Phrase,0,9.889389
13.1924305,-7.558442,Phrase,0,8.807916
11.809867,-5.5151205,Phrase,1,6.960762
11.1305485,-5.5809093,Phrase,1,6.781787
9.713042,-8.209438,Phrase,2,8.554242
11.187041,-5.961118,Phrase,2,7.217213
10.394657,-6.5007477,Phrase,1,7.984509
12.815808,-6.115697,Phrase,0,7.8410225
11.324058,-5.084851,Phrase,1,8.450882
12.269818,-4.0621343,Phrase,0,8.320038
10.701854,-7.6190004,Phrase,0,7.281135
12.565053,-5.807227,Phrase,2,7.874774
12.52681,-4.4348197,Phrase,0,8.628573
10.959228,-6.338635,Phrase,0,8.9863205
9.806306,-8.984963,Phrase,1,8.297119
12.0163965,-6.9092016,Phrase,2,7.227014
11.456702,-6.6073637,Phrase,2,7.188024
10.956946,-6.591167,Phrase,2,7.836907
10.446588,-4.7620187,Phrase,1,6.2925963
11.378334,-6.7706585,Phrase,2,7.44889
10.40563,-4.684206,Phrase,1,6.219143
10.306271,-8.432351,Phrase,2,9.195746
10.952197,-6.087693,Phrase,2,8.613723
10.833742,-8.67753,Phrase,2,8.189612
13.169746,-5.7289777,Phrase,0,10.72393
10.170553,-4.0664263,Phrase,1,10.124995
10.712598,-7.497984,Phrase,2,8.336953
10.681083,-4.7650967,Phrase,1,6.5340405
12.220164,-5.0300083,Phrase,1,7.1758895
10.001699,-7.0345316,Phrase,2,7.8979397
11.887602,-7.0230756,Phrase,2,8.549259
12.64568,-6.2674,Phrase,2,7.2307982
11.797192,-6.0172048,Phrase,2,7.5639734
11.134497,-4.724201,Phrase,0,8.839204
10.036589,-8.144073,Phrase,2,8.321876
9.614466,-7.5147524,Phrase,1,7.123088
11.007541,-4.3337674,Phrase,1,7.6680603
12.570158,-6.727054,Phrase,2,8.049443
12.87199,-6.7052827,Phrase,0,8.17662
10.83438,-7.43814,Phrase,2,8.99815
10.082981,-8.897032,Phrase,2,9.003216
9.628533,-8.08704,Phrase,2,8.37584
12.088858,-6.0226016,Phrase,0,9.303401
10.656952,-7.6517305,Phrase,0,7.297174
12.227014,-5.8866444,Phrase,0,8.366495
11.579878,-4.990583,Phrase,0,8.935117
11.584467,-5.5173182,Phrase,2,8.267986
10.107658,-8.701674,Phrase,2,9.187085
10.079996,-5.19447,Phrase,1,8.287367
11.405352,-6.0388155,Phrase,2,6.96786
12.428951,-6.620771,Phrase,2,6.697841
11.524677,-6.141316,Phrase,2,7.1054854
12.266788,-5.0325146,Phrase,0,8.354404
10.42524,-6.9988766,Phrase,2,7.8055716
10.937325,-4.959334,Phrase,1,8.254957
10.071329,-6.2466483,Phrase,1,8.0263815
10.880047,-4.3853564,Phrase,1,8.791905
12.140927,-5.6068654,Phrase,0,8.697961
11.687418,-8.850634,Phrase,1,7.2674236
10.81303,-7.399812,Phrase,2,8.453646
13.11056,-4.326571,Phrase,1,7.757153
11.784861,-6.1764107,Phrase,2,7.569281
11.690276,-5.3762503,Phrase,0,8.775239
11.659763,-4.8758373,Phrase,0,8.966465
11.608737,-6.287173,Phrase,2,7.0187902
10.793985,-5.88171,Phrase,0,8.02296
12.978899,-6.1619725,Phrase,0,9.040602
11.791047,-4.684328,Phrase,0,8.605254
11.975371,-5.730448,Phrase,0,9.611083
11.812468,-4.8371215,Phrase,2,8.709774
10.085206,-7.5359173,Phrase,2,8.986167
11.584754,-6.7970934,Phrase,2,7.1332283
12.120868,-6.463058,Phrase,2,7.580003
11.746481,-5.808859,Phrase,1,7.1025615
10.435045,-4.8429656,Phrase,1,8.045474
10.801708,-6.8586464,Phrase,2,8.605205
13.025871,-5.969172,Phrase,0,8.112579
10.525107,-6.952784,Phrase,2,8.894975
12.12588,-6.144365,Phrase,2,7.669722
10.705339,-8.174333,Phrase,2,8.190453
11.228099,-5.2064905,Phrase,0,9.584653
12.702914,-4.6352115,Phrase,0,9.417258
11.537565,-6.6043963,Phrase,2,7.793115
12.075511,-6.2355156,Phrase,2,7.627251
13.616711,-4.3037415,Phrase,0,8.042073
12.648711,-6.1529555,Phrase,2,7.293587
11.352539,-5.7405853,Phrase,0,8.894225
11.021008,-6.059835,Phrase,2,7.589477
12.175446,-5.662215,Phrase,0,8.513349
12.403884,-6.217375,Phrase,2,7.055349
10.442613,-5.9016533,Phrase,1,7.434475
11.845455,-5.0780225,Phrase,2,7.384902
10.1467285,-8.960511,Phrase,2,8.567178
10.023732,-7.9218745,Phrase,2,8.915826
11.862539,-6.376367,Phrase,2,7.5279636
10.693659,-6.0947695,Phrase,2,8.36951
11.869777,-4.9266725,Phrase,1,7.71171
10.6365795,-6.529791,Phrase,0,9.108044
12.286202,-4.6485443,Phrase,1,9.480588
12.278928,-6.86943,Phrase,2,7.73147
10.212603,-8.84591,Phrase,2,8.61421
13.037475,-6.2451015,Phrase,2,9.236038
10.852542,-7.704032,Phrase,2,7.374857
11.136148,-5.649419,Phrase,1,7.2108183
10.171009,-8.74048,Phrase,1,8.730275
12.952992,-5.2903495,Phrase,1,8.574171
13.572418,-4.1713047,Phrase,0,8.0461
10.783023,-5.161198,Phrase,1,6.654013
12.841124,-6.010714,Phrase,1,8.130849
11.504262,-6.887547,Phrase,2,8.014569
10.990149,-6.3804927,Phrase,2,10.369023
11.880692,-7.0260835,Phrase,0,9.583355
10.4459095,-4.712994,Phrase,1,6.247061
10.665974,-7.5424957,Phrase,2,8.346865
11.707854,-6.277672,Phrase,1,7.025855
-4.686687,1.6776044,Phrase,1,11.923301
10.898172,-6.760119,Phrase,2,8.576362
9.811681,-8.857229,Phrase,1,8.268011
9.899867,-6.417615,Phrase,1,9.863231
9.85472,-7.7700014,Phrase,2,8.834064
11.247271,-5.729499,Phrase,2,7.817552
10.763297,-6.5553803,Phrase,2,7.782566
10.027145,-8.390965,Phrase,2,8.876851
10.614232,-4.7246737,Phrase,1,7.6249056
12.389697,-4.456963,Phrase,0,9.33664
10.507549,-5.8177752,Phrase,1,7.8211756
10.449342,-6.9651775,Phrase,2,8.7586775
11.860889,-4.586264,Phrase,1,7.0835867
10.275938,-4.793961,Phrase,1,8.246762
12.070837,-5.8762445,Phrase,2,7.401715
-4.6866927,1.67795,Phrase,1,11.923325
10.348789,-6.0706234,Phrase,1,7.238283
11.158066,-4.540658,Phrase,0,8.40132
10.706968,-6.2996187,Phrase,2,9.513285
12.642106,-5.776201,Phrase,0,8.556397
10.479886,-5.0631366,Phrase,1,9.169338
11.597146,-5.8126464,Phrase,2,7.580412
14.335663,-5.2036743,Phrase,2,7.888973
11.930375,-6.1462693,Phrase,2,8.694187
10.351371,-6.561065,Phrase,2,8.857988
10.306885,-7.445608,Phrase,2,9.501588
11.840076,-5.672476,Phrase,0,9.438263
12.585697,-6.043172,Phrase,1,7.0300303
10.400991,-6.6449533,Phrase,0,8.194613
11.56188,-5.9067135,Phrase,2,8.053568
10.940154,-8.673737,Phrase,2,8.126047
9.962862,-8.862526,Phrase,2,8.471228
10.26512,-6.813553,Phrase,2,8.671924
12.176494,-5.530651,Phrase,1,8.907919
12.308129,-3.8235114,Phrase,0,8.312725
11.928166,-5.776072,Phrase,0,10.282675
9.903469,-8.858894,Phrase,2,8.377822
11.432946,-5.5925007,Phrase,1,7.237318
11.379396,-6.252859,Phrase,0,9.872504
11.94627,-6.673549,Phrase,2,7.501975
10.756631,-8.006601,Phrase,2,8.921797
11.649855,-6.4895544,Phrase,2,7.36817
11.093045,-6.045725,Phrase,2,8.564083
10.221554,-4.8746724,Phrase,1,8.107256
10.526757,-7.48832,Phrase,0,9.232077
11.59257,-5.9522686,Phrase,2,7.184731
12.133512,-6.797931,Phrase,2,7.3998313
12.114249,-4.931908,Phrase,0,8.322402
11.497568,-8.472998,Phrase,2,9.31557
11.93613,-5.953351,Phrase,0,10.022778
11.784657,-5.539819,Phrase,2,7.426091
12.820411,-5.6633625,Phrase,0,9.455764
11.562272,-5.5523047,Phrase,2,7.898
9.484639,-8.338176,Phrase,2,8.641048
8.341857,-4.6612253,Phrase,1,4.87296
11.939774,-4.8742414,Phrase,0,9.1871395
10.209741,-8.361951,Phrase,2,9.124784
11.027727,-6.296509,Phrase,1,7.152989
10.07815,-8.269907,Phrase,2,8.914569
11.515665,-6.871197,Phrase,2,7.737106
11.905419,-3.0810587,Phrase,1,7.974865
12.567636,-4.8532043,Phrase,0,8.548874
12.0953045,-4.344699,Phrase,1,7.2501144
11.022911,-7.1038966,Phrase,2,7.959049
12.691463,-6.182346,Phrase,0,8.87675
12.026503,-6.541303,Phrase,0,9.773176
9.845234,-7.1723566,Phrase,2,8.61093
12.498232,-5.7523127,Phrase,0,9.755982
9.81495,-7.1721516,Phrase,2,8.51005
11.848917,-6.327128,Phrase,2,8.956924
11.352929,-6.3921304,Phrase,2,7.098053
9.784856,-8.495948,Phrase,2,8.625385
9.942264,-8.704267,Phrase,2,8.800608
11.395634,-5.864064,Phrase,0,10.163835
13.204378,-5.7198257,Phrase,2,7.77864
10.970229,-5.686404,Phrase,1,6.8508554
11.587539,-5.6085997,Phrase,2,7.8460116
12.973205,-5.6976457,Phrase,0,9.486061
11.740063,-6.236528,Phrase,2,7.973664
10.841187,-7.1489973,Phrase,2,7.89513
10.564265,-5.0957723,Phrase,1,9.740195
11.839931,-5.685559,Phrase,0,9.363491
12.712107,-4.7481275,Phrase,0,9.613894
11.714531,-5.7026258,Phrase,0,9.770758
11.29033,-5.8434987,Phrase,0,10.118512
11.160985,-4.430214,Phrase,0,10.165252
12.442256,-6.6620927,Phrase,2,6.7216663
10.237513,-8.491517,Phrase,2,9.417511
10.177155,-4.8108807,Phrase,1,8.09222
13.989009,-4.2214255,Phrase,0,8.345036
12.655009,-6.0999913,Phrase,1,6.9811
12.033332,-6.591152,Phrase,1,6.8518834
11.34776,-5.370395,Phrase,0,7.97909
9.965015,-7.892481,Phrase,2,8.065415
13.160296,-4.6068845,Phrase,0,8.873027
11.212746,-6.799833,Phrase,2,7.6834807
11.625775,-8.905568,Phrase,2,7.3628664
12.026184,-4.7158246,Phrase,1,7.9744124
12.088439,-4.963186,Phrase,0,10.347731
10.241459,-5.077998,Phrase,1,7.7855897
10.98885,-5.423572,Phrase,1,6.760398
11.087558,-4.251237,Phrase,1,10.364178
12.881144,-5.4650717,Phrase,0,7.960154
11.063866,-3.4593813,Phrase,1,7.0516944
10.685074,-3.8925786,Phrase,1,9.988695
12.233191,-5.3586717,Phrase,1,7.640874
10.530964,-4.79775,Phrase,1,6.327437
13.18502,-5.5332117,Phrase,0,8.877006
11.162568,-4.4962883,Phrase,1,10.841471
11.822655,-5.743908,Phrase,2,8.147475
11.043864,-6.1798663,Phrase,2,9.892964
10.652771,-4.6164565,Phrase,1,7.2684736
10.420427,-8.453146,Phrase,2,8.797326
11.231837,-5.733725,Phrase,2,7.7215967
11.10502,-4.4469523,Phrase,1,8.996649
13.92301,-4.292246,Phrase,0,8.424806
11.236076,-4.529065,Phrase,0,11.126734
12.641964,-5.8587832,Phrase,0,9.728529
11.492862,-6.0439825,Phrase,2,7.4485564
11.862511,-5.8265333,Phrase,0,9.61865
11.763242,-6.154285,Phrase,2,7.5842905
10.685278,-7.6492496,Phrase,2,7.400263
11.044624,-6.056333,Phrase,0,9.258084
10.543492,-5.7882686,Phrase,1,7.4455953
11.5451355,-5.0811048,Phrase,0,9.366272
10.784253,-7.6094117,Phrase,1,7.201028
10.423668,-4.9644585,Phrase,1,9.616019
12.927559,-6.018592,Phrase,0,10.759001
11.070921,-6.2155657,Phrase,2,7.566975
11.889297,-6.6235003,Phrase,2,7.9229636
10.598084,-5.2837443,Phrase,1,7.3334737
10.514976,-7.2247024,Phrase,2,7.4091573
11.805822,-6.8459783,Phrase,2,7.2732005
10.710598,-6.147194,Phrase,2,8.412048
13.498156,-4.761653,Phrase,0,8.29866
12.106396,-5.3256273,Phrase,0,7.942471
10.005453,-8.387389,Phrase,2,9.024231
10.433682,-5.3609877,Phrase,1,7.890072
11.835762,-4.4160523,Phrase,1,6.9919176
12.475573,-5.3881483,Phrase,0,8.300617
13.444457,-4.122855,Phrase,1,7.548187
10.433164,-6.539146,Phrase,2,9.147091
12.517868,-5.222255,Phrase,0,8.872345
11.798131,-5.6477013,Phrase,2,9.123312
9.949235,-8.400642,Phrase,2,9.02836
11.046157,-5.5661473,Phrase,2,9.01669
10.874562,-6.21284,Phrase,2,9.528822
10.63219,-8.441952,Phrase,2,8.474234
10.589763,-8.853526,Phrase,2,8.949919
11.224084,-5.294396,Phrase,0,7.602533
11.853015,-5.344405,Phrase,0,9.707929
12.990583,-6.1490393,Phrase,0,10.366387
13.622179,-4.214167,Phrase,0,8.2352705
11.445112,-6.506304,Phrase,2,7.6337395
11.6640625,-4.7247105,Phrase,1,7.3748317
9.893618,6.5276036,Phrase,1,6.8813815
10.815459,-6.485907,Phrase,0,9.59678
11.487259,-6.3131495,Phrase,0,8.201449
12.600743,-6.7480993,Phrase,0,7.9645624
11.776708,-4.780226,Phrase,0,9.095544
13.7723675,-4.039477,Phrase,1,7.5496607
11.061451,-5.7155104,Phrase,1,7.2760305
12.0547695,-5.5544624,Phrase,0,7.466266
10.363041,-6.848968,Phrase,2,7.5294914
12.403663,-6.065547,Phrase,1,8.628061
11.077973,-5.6282187,Phrase,0,9.449659
10.668944,-4.6804037,Phrase,1,7.1273756
10.043333,-7.6192846,Phrase,0,9.19563
11.894258,-5.6850076,Phrase,1,7.3761635
11.657384,-6.1909094,Phrase,0,10.668934
10.527352,-8.7659235,Phrase,0,9.418966
11.070547,-4.198159,Phrase,1,10.551117
11.645216,-6.120631,Phrase,2,7.2454886
12.481955,-4.5455265,Phrase,1,7.760709
11.721834,-4.5148826,Phrase,0,8.888027
11.577774,-6.2812333,Phrase,2,7.19338
10.346024,-6.979267,Phrase,2,8.181147
9.779505,-6.324644,Phrase,0,9.827221
9.884604,-8.438845,Phrase,2,9.017927
12.846424,-5.8454623,Phrase,0,10.142726
10.426542,-5.8055334,Phrase,1,8.364161
11.103111,-6.8383303,Phrase,2,7.8712387
11.637022,-6.23684,Phrase,0,8.802511
10.70173,-5.9438105,Phrase,2,7.454469
10.744493,-4.0656085,Phrase,1,9.985859
12.322448,-5.945633,Phrase,0,8.682766
13.864649,-4.0926642,Phrase,0,8.476377
11.649247,-6.2108746,Phrase,0,8.242925
11.32081,-5.712143,Phrase,2,8.203551
13.108221,-5.7753487,Phrase,0,9.528313
11.320972,-5.525734,Phrase,1,6.652922
10.566967,-6.6804876,Phrase,0,8.169021
11.39084,-4.540476,Phrase,1,7.139258
10.778621,-4.441609,Phrase,1,7.5461893
11.583983,-5.6003323,Phrase,0,8.739245
12.53223,-6.049726,Phrase,1,7.7677474
12.569155,-5.8169055,Phrase,0,9.001933
10.568537,-6.1702533,Phrase,2,9.642875
12.199126,-5.2550225,Phrase,1,8.486383
10.801484,-5.755226,Phrase,0,8.8327265
10.70455,-4.6766047,Phrase,2,9.803614
11.374605,-6.3521347,Phrase,0,10.443415
11.561881,-4.867089,Phrase,0,8.189015
13.888042,-4.002257,Phrase,0,7.8019156
12.246183,-5.714212,Phrase,0,8.969826
10.94373,-7.4520807,Phrase,2,8.744813
10.458463,-6.67893,Phrase,2,9.265851
11.162415,-6.5065284,Phrase,2,8.3136
11.283998,-5.9175434,Phrase,2,7.3999834
11.513143,-4.554874,Phrase,1,7.9262767
12.036062,-6.0916805,Phrase,2,7.4660225
12.028024,-5.355783,Phrase,1,7.414113
11.218304,-7.2169905,Phrase,2,8.230506
11.5487995,-6.227643,Phrase,2,8.037638
10.396793,-8.935707,Phrase,2,8.128239
10.698382,-6.579616,Phrase,2,9.057417
12.750065,-5.4639893,Phrase,2,8.464722
12.926921,-5.966023,Phrase,0,8.093601
11.486996,-6.9477406,Phrase,2,7.1697206
11.967598,-4.9850154,Phrase,2,8.542003
10.282823,-8.13175,Phrase,2,9.08551
11.623948,-5.0351415,Phrase,0,8.711339
10.701901,-8.997334,Phrase,2,8.649141
12.621119,-5.2016025,Phrase,0,10.207787
10.564627,-5.1360173,Phrase,1,7.402031
12.65459,-5.816787,Phrase,0,9.3944025
9.765029,-8.218591,Phrase,2,8.9595375
11.781998,-7.606478,Phrase,0,7.1618805
10.0755,-7.465412,Phrase,2,7.663767
10.103048,-8.680121,Phrase,2,8.812844
11.138205,-6.547162,Phrase,2,7.820355
11.397707,-6.5146003,Phrase,2,8.798646
11.602715,-6.390016,Phrase,2,6.89488
10.900149,-5.3290744,Phrase,0,9.059358
10.320478,-8.275733,Phrase,2,9.078182
9.735214,-4.3034463,Phrase,1,8.094444
11.354359,-4.9296255,Phrase,1,7.8894286
12.405259,-4.337405,Phrase,0,7.945137
11.29487,-6.429876,Phrase,2,7.6017156
11.257781,-5.4796095,Phrase,0,8.428081
11.460374,-6.2333946,Phrase,1,7.352833
9.50821,-7.6515903,Phrase,2,7.1760454
13.104851,-4.586882,Phrase,0,7.78163
11.207872,-5.358998,Phrase,1,7.894055
10.31083,-5.2035155,Phrase,2,8.026028
9.738446,-4.302186,Phrase,1,8.092725
10.117573,-8.53261,Phrase,2,8.923545
10.721854,-6.1271496,Phrase,0,9.708555
11.579599,-5.710133,Phrase,0,9.623777
11.551837,-5.214527,Phrase,1,7.682541
12.603853,-6.469743,Phrase,2,7.7989316
10.728999,-5.2684603,Phrase,1,9.770804
11.012734,-5.7753267,Phrase,2,7.590349
11.539789,-6.5305734,Phrase,1,10.333097
12.021517,-6.027192,Phrase,2,7.621948
11.620423,-5.63216,Phrase,0,7.008358
12.045517,-6.2835236,Phrase,0,10.332391
10.1652975,-8.813103,Phrase,2,8.891893
10.648178,-8.684472,Phrase,2,8.7958
11.681143,-5.9649744,Phrase,2,7.25504
12.636337,-6.26413,Phrase,2,7.3470316
10.525881,-8.353021,Phrase,2,8.7194395
12.159761,-6.50659,Phrase,0,10.36376
12.089119,-5.684333,Phrase,0,7.7979236
11.11265,-4.322159,Phrase,2,8.325984
11.727931,-4.48654,Phrase,1,11.003294
10.271701,-8.620847,Phrase,2,8.845585
10.791832,-6.2501554,Phrase,0,8.513924
10.899608,-5.0420327,Phrase,0,7.9706173
11.036366,-4.089595,Phrase,0,7.411952
12.081737,-5.4741926,Phrase,0,8.205526
11.068287,-5.9800797,Phrase,1,7.6030917
11.43938,-3.6785028,Phrase,0,9.220439
13.385406,-6.6289077,Phrase,0,9.679977
11.46152,-4.290624,Phrase,1,10.9408245
10.731256,-5.250154,Phrase,1,6.646245
11.860371,-5.3168163,Phrase,1,6.541618
12.158358,-5.5982738,Phrase,0,7.832972
11.683594,-7.1514263,Phrase,0,7.2954664
11.039475,-6.329272,Phrase,2,10.344606
13.7015295,-4.305732,Phrase,0,7.974279
11.904566,-4.595319,Phrase,1,11.027025
12.162807,-5.3137674,Phrase,2,8.826851
10.5994005,-5.512561,Phrase,1,8.927786
11.87339,-4.5560355,Phrase,1,7.0423894
11.041675,-6.498452,Phrase,2,8.843439
12.004271,-5.601287,Phrase,1,7.0827985
11.982656,-5.2080283,Phrase,1,9.082033
10.783724,-4.7726045,Phrase,1,7.3436475
12.332203,-5.902049,Phrase,0,9.264931
12.095747,-4.740014,Phrase,1,8.182511
12.474095,-4.8453846,Phrase,1,8.42655
12.520529,-6.155093,Phrase,0,9.493059
11.222494,-6.658953,Phrase,2,7.3033943
11.503365,-7.0315037,Phrase,2,7.7068734
11.760895,-5.038461,Phrase,1,7.9441557
10.5042715,-8.686247,Phrase,2,8.774205
11.339571,-6.521422,Phrase,0,7.352909
11.331912,-4.8400283,Phrase,0,9.018935
10.600148,-6.4730234,Phrase,2,7.6640115
10.408728,-7.5128174,Phrase,0,9.270792
11.155775,-4.2889156,Phrase,0,8.304993
10.218979,-8.629479,Phrase,2,9.107426
12.693528,-5.9217777,Phrase,0,9.19814
11.85299,-6.718464,Phrase,2,6.8371143
10.670665,-7.0761604,Phrase,0,9.733918
10.545331,-6.894475,Phrase,2,7.475446
11.934955,-5.3967795,Phrase,0,8.778935
13.708732,-4.1017656,Phrase,0,8.204392
9.444899,-7.23603,Phrase,1,6.8677306
11.537969,-4.2507715,Phrase,1,10.51719
11.264895,-6.5473523,Phrase,0,9.4220495
11.199889,-5.279719,Phrase,2,8.306728
11.945478,-6.5811653,Phrase,2,7.3907647
11.600983,-6.0783305,Phrase,2,8.790838
12.584652,-6.9518595,Phrase,2,7.502105
10.821597,-5.133138,Phrase,2,9.432761
12.886744,-6.791936,Phrase,1,7.2516036
12.511867,-5.877751,Phrase,0,9.663463
11.825738,-6.3714685,Phrase,2,7.35738
10.211418,-5.897113,Phrase,0,8.104382
10.81899,-6.1616526,Phrase,0,9.966505
11.882193,-5.7582474,Phrase,2,8.846392
10.434127,-4.8910637,Phrase,0,9.563624
11.38699,-4.660431,Phrase,0,7.4557147
10.045936,-8.446495,Phrase,1,9.476333
13.043027,-5.7868943,Phrase,0,8.750201
10.049445,-8.67788,Phrase,2,8.451407
13.208083,-4.3666787,Phrase,0,9.147871
11.395766,-6.3701615,Phrase,2,7.1457376
11.743933,-7.7432137,Phrase,1,7.259658
10.595476,-8.053059,Phrase,2,9.273749
10.950638,-3.9490564,Phrase,1,9.473398
10.777691,-6.8098245,Phrase,2,9.036487
10.60939,-4.653065,Phrase,1,7.7488203
11.664537,-5.9148464,Phrase,0,8.338319
12.473844,-6.269096,Phrase,2,7.045219
12.337064,-5.775369,Phrase,2,7.7386494
12.41112,-6.6899486,Phrase,1,6.7244396
12.745916,-7.552334,Phrase,0,8.310518
10.268925,-8.659697,Phrase,2,9.349625
11.698605,-5.7397647,Phrase,0,9.897712
10.527533,-7.8162727,Phrase,2,8.693364
11.155379,-5.5928755,Phrase,0,10.101798
13.422791,-4.4391146,Phrase,0,8.234558
12.061894,-5.5839486,Phrase,2,8.251849
10.778134,-4.2659845,Phrase,1,7.574389
11.115672,-5.4200854,Phrase,0,6.78525
10.6477,-4.7157474,Phrase,1,7.4744105
11.866754,-5.409896,Phrase,0,8.3496895
10.176425,-8.228665,Phrase,2,9.140205
9.453068,-8.266301,Phrase,1,8.5905695
11.325971,-3.797928,Phrase,1,7.3557143
12.493414,-5.0472236,Phrase,0,8.449177
10.693737,-6.201552,Phrase,2,8.0786
12.043271,-5.3262453,Phrase,0,8.346557
13.990813,-3.8662534,Phrase,1,7.5625925
11.160867,-4.2498155,Phrase,1,10.531945
11.479337,-4.3267326,Phrase,0,10.930764
12.012447,-4.6905384,Phrase,1,7.837375
10.7529,-6.098326,Phrase,2,8.075556
12.256985,-5.0490074,Phrase,1,7.1181664
13.9256,-3.9996998,Phrase,0,7.6024895
11.456455,-5.1067843,Phrase,1,8.069854
12.321407,-4.7209706,Phrase,0,9.570852
14.341332,-5.2381015,Phrase,0,7.9126043
9.504568,-8.3180685,Phrase,2,8.6158495
10.738194,-7.640312,Phrase,2,7.3370886
11.094473,-4.938165,Phrase,1,6.570792
12.020224,-5.319552,Phrase,0,9.020757
10.824905,-3.8388917,Phrase,1,9.883741
10.145609,-6.5028434,Phrase,1,7.6767783
11.683567,-5.626692,Phrase,0,9.126445
11.330673,-4.1505556,Phrase,1,7.0900836
10.460427,-4.963396,Phrase,1,9.546711
10.282633,-8.746831,Phrase,2,8.255437
11.149959,-5.9023204,Phrase,0,8.90844
11.817626,-6.018743,Phrase,2,8.113874
10.820953,-4.9475894,Phrase,1,6.676954
10.290183,-5.217364,Phrase,0,6.772137
11.866512,-7.9310308,Phrase,0,7.3130574
10.937202,-8.728572,Phrase,2,8.1483135
11.170042,-4.717692,Phrase,1,8.80057
10.922543,-6.2038193,Phrase,2,7.399722
13.585639,-4.2998886,Phrase,0,7.93478
10.138698,-8.151001,Phrase,2,8.966285
12.648866,-6.67395,Phrase,0,10.012937
10.828045,-6.2872057,Phrase,2,9.726596
11.066929,-5.96748,Phrase,2,8.907735
10.559419,-6.291357,Phrase,0,9.150558
11.070396,-6.2008576,Phrase,2,7.4942966
12.986377,-4.4593754,Phrase,0,8.731316
10.469465,-7.1756496,Phrase,0,8.952788
11.766969,-4.744553,Phrase,2,7.190982
10.80468,-5.8822727,Phrase,2,8.142819
11.4621935,-7.2505794,Phrase,2,7.2073517
11.785194,-6.6135483,Phrase,2,7.591939
11.224616,-5.051125,Phrase,1,8.171053
10.793754,-7.2793965,Phrase,0,8.978875
11.6253605,-1.8599362,Phrase,1,5.958452
10.390032,-4.6028514,Phrase,1,6.179181
11.410135,-5.8549595,Phrase,2,7.921655
11.701547,-5.316254,Phrase,2,8.01581
9.840041,-8.388754,Phrase,2,9.226626
11.454356,-5.5822015,Phrase,0,9.267592
10.269772,-8.4813595,Phrase,2,8.0453005
12.213809,-6.523183,Phrase,1,6.7277946
11.553257,-5.563909,Phrase,2,8.107091
10.343641,-8.792599,Phrase,2,8.319551
9.833503,-6.3442745,Phrase,0,9.863199
10.370114,-6.0394387,Phrase,2,8.948065
12.520912,-4.0636673,Phrase,0,8.380953
11.497398,-6.6187263,Phrase,2,7.960683
11.210837,-6.6163015,Phrase,2,7.3336434
11.31819,-4.89481,Phrase,0,8.852692
11.246447,-4.0422897,Phrase,1,7.0582247
12.23727,-5.9212823,Phrase,1,8.308605
10.590067,-4.455823,Phrase,1,9.912365
10.779922,-5.3193645,Phrase,1,6.7284746
11.164236,-4.1838245,Phrase,1,8.2097645
10.65778,-4.6494923,Phrase,1,6.5103593
9.856825,-8.236375,Phrase,2,8.457111
10.864401,-8.732965,Phrase,2,8.182259
11.585788,-7.14438,Phrase,0,6.9625354
12.471433,-7.015111,Phrase,0,7.567921
11.081339,-4.7317553,Phrase,0,8.257103
12.759652,-4.8779974,Phrase,0,8.529277
12.610062,-4.409951,Phrase,0,7.720827
11.779635,-5.644163,Phrase,2,8.01287
12.016607,-4.6320963,Phrase,0,8.281606
12.227713,-6.9859276,Phrase,0,10.883561
10.153692,-8.943372,Phrase,2,8.836242
9.808553,-4.998153,Phrase,1,8.116482
11.753176,-5.9675746,Phrase,2,7.6866784
11.521157,-4.47597,Phrase,0,8.415961
12.857878,-5.3744125,Phrase,0,8.669474
10.78078,-4.170511,Phrase,1,9.88805
10.072844,-8.8937845,Phrase,0,8.41641
9.674007,-8.36373,Phrase,2,8.736719
12.184117,-6.567063,Phrase,2,7.478777
10.378098,-8.976739,Phrase,2,8.168718
10.44211,-7.3474536,Phrase,2,8.3681
11.625014,-6.3332725,Phrase,2,7.5325713
12.11278,-4.745142,Phrase,0,9.414683
12.667181,-4.9529715,Phrase,0,8.330989
12.402136,-5.3180685,Phrase,0,9.22814
11.8644905,-6.3763695,Phrase,1,8.409964
10.128833,-5.832172,Phrase,2,9.2037325
11.81702,-7.8120737,Phrase,2,7.2943273
11.470665,-4.321091,Phrase,1,8.504968
11.059257,-3.4126685,Phrase,1,7.0315433
10.796508,-4.7778563,Phrase,2,8.639651
10.330166,-7.0849338,Phrase,2,9.270562
11.157788,-4.8662233,Phrase,1,6.780013
11.643066,-5.2912807,Phrase,1,7.3021107
12.313375,-5.7084856,Phrase,0,7.8147306
11.335161,-4.446921,Phrase,0,8.529762
10.462884,-4.771865,Phrase,1,8.224471
11.896654,-6.01917,Phrase,2,6.947725
6.86974,-1.3770758,Phrase,1,10.022445
9.551119,-8.113386,Phrase,1,8.3052025
9.970289,-5.1712074,Phrase,1,8.078164
10.519561,-7.476672,Phrase,2,7.4223804
11.029547,-6.110867,Phrase,2,7.8322983
11.450318,-6.201899,Phrase,0,8.824201
10.227472,-8.687843,Phrase,2,8.819857
10.595047,-5.112527,Phrase,1,7.8378496
11.788911,-5.859047,Phrase,2,7.803282
11.963206,-5.5629725,Phrase,2,7.8399534
11.394265,-5.8723774,Phrase,1,7.489596
11.891608,-5.9619274,Phrase,0,8.068532
12.222342,-5.971799,Phrase,2,8.206355
12.046482,-5.4184895,Phrase,0,10.680723
11.653684,-5.4364166,Phrase,2,8.182822
13.751971,-4.182594,Phrase,0,8.371623
13.323534,-6.963144,Phrase,0,9.69084
14.00568,-3.8533068,Phrase,0,7.5431523
11.307236,-4.5096526,Phrase,0,11.040173
10.469057,-7.3340335,Phrase,0,8.71035
12.393154,-5.130325,Phrase,1,8.092683
12.262978,-5.268357,Phrase,0,10.477565
12.118847,-6.125725,Phrase,0,7.97439
11.910104,-5.874427,Phrase,2,8.380407
10.759511,-6.1528845,Phrase,1,7.1308928
10.787849,-5.2139935,Phrase,1,8.806303
11.571395,-5.233169,Phrase,0,8.851342
10.381073,-6.815014,Phrase,2,9.63476
10.759176,-5.800578,Phrase,2,8.550215
11.01521,-6.123464,Phrase,0,9.924649
11.493439,-5.7395926,Phrase,0,9.720138
11.477451,-4.340666,Phrase,0,10.945577
11.450565,-5.99288,Phrase,0,9.822661
11.226643,-3.6613212,Phrase,1,7.196582
10.668623,-8.199853,Phrase,2,8.412561
10.896419,-5.6060395,Phrase,2,8.778838
10.445764,-4.778236,Phrase,1,6.383932
11.0142565,-5.6773624,Phrase,0,9.366208
12.296095,-5.8044667,Phrase,2,7.871339
11.45345,-5.8112073,Phrase,0,9.330479
11.531473,-5.9355497,Phrase,0,9.539925
11.354136,-5.629709,Phrase,0,8.44613
12.990078,-6.1011143,Phrase,0,9.218223
11.049125,-4.6851015,Phrase,1,7.7051983
10.213947,-4.8159394,Phrase,1,8.229161
10.61682,-6.599684,Phrase,2,8.670814
11.08309,-5.4975767,Phrase,1,8.087194
12.346435,-6.171323,Phrase,2,7.490847
10.029382,-8.699801,Phrase,2,8.857029
10.3738985,-6.3641086,Phrase,2,9.284116
11.939293,-5.21306,Phrase,1,6.454916
11.241206,-5.7236557,Phrase,2,7.1094613
10.27237,-5.0070477,Phrase,1,8.098537
11.267487,-5.964661,Phrase,0,8.535883
10.9056,-6.4766026,Phrase,0,9.790466
12.291656,-4.100034,Phrase,0,8.085828
11.224821,-6.533646,Phrase,2,7.460615
11.755548,-5.700833,Phrase,2,7.6309905
10.48291,-7.9622154,Phrase,0,9.453965
11.186487,-4.448841,Phrase,2,8.285759
11.567718,-6.7304926,Phrase,2,7.737807
10.982637,-4.7514205,Phrase,1,6.6960425
11.282136,-4.929378,Phrase,1,7.9001393
10.355458,-7.278913,Phrase,2,8.939899
11.321953,-7.8184414,Phrase,0,9.130422
9.915277,-8.891913,Phrase,2,8.66436
9.714006,-7.016614,Phrase,1,8.744617
11.647311,-4.8644915,Phrase,0,8.077923
10.042938,-8.769454,Phrase,2,9.106104
12.176142,-6.2226133,Phrase,0,9.916449
11.692145,-5.351981,Phrase,1,8.366491
11.5735655,-5.879027,Phrase,1,7.570408
11.070456,-6.1364284,Phrase,2,7.092966
11.3191185,-5.3047185,Phrase,1,7.568824
10.751109,-7.387234,Phrase,0,7.7454057
12.145201,-4.4507895,Phrase,1,9.061924
13.00875,-5.846661,Phrase,1,8.107824
11.427434,-5.8858705,Phrase,0,8.179029
11.156158,-4.3901987,Phrase,1,8.187094
11.354288,-5.450269,Phrase,0,8.38321
10.974516,-6.411573,Phrase,2,8.057324
13.201794,-6.1037974,Phrase,0,9.403975
11.135464,-5.1418853,Phrase,1,9.530216
10.440184,-4.803446,Phrase,1,7.9150934
11.841108,-5.779416,Phrase,0,8.550427
11.814043,-5.9801664,Phrase,2,8.000523
12.7219925,-6.0062985,Phrase,1,8.3227625
11.654087,-6.252957,Phrase,0,9.7760515
10.966219,-5.5624056,Phrase,1,8.207207
10.405285,-7.802491,Phrase,2,8.575276
11.349046,-4.6990447,Phrase,1,8.5204935
10.786553,-3.9886606,Phrase,1,10.046183
11.292452,-7.8109736,Phrase,0,8.937632
12.352646,-6.551508,Phrase,2,6.9489393
12.598891,-5.029934,Phrase,0,10.402461
10.707806,-5.374778,Phrase,1,7.9167104
6.8280993,-1.3456243,Phrase,1,10.043973
13.044381,-5.9108505,Phrase,0,10.6462965
11.615599,-6.210971,Phrase,0,7.948017
12.075096,-5.123275,Phrase,0,9.413527
12.70251,-6.0241942,Phrase,0,9.604916
12.663741,-6.4233713,Phrase,0,8.328474
12.001376,-6.1962566,Phrase,1,7.3835864
10.451747,-5.6305423,Phrase,2,9.066032
12.248908,-3.5564122,Phrase,1,8.167724
9.525737,-8.359701,Phrase,2,8.615764
10.326622,-8.991774,Phrase,2,8.436452
10.972177,-6.141068,Phrase,2,9.901876
11.260541,-6.510263,Phrase,2,8.181418
10.645534,-4.1581554,Phrase,0,9.895512
10.287765,-8.584964,Phrase,2,9.323033
10.6327915,-4.7787743,Phrase,1,7.032588
-4.6918325,1.6753216,Phrase,1,11.928716
11.090862,-5.6736484,Phrase,2,8.812048
11.617882,-5.0158343,Phrase,0,9.0749
11.70574,-5.746488,Phrase,0,9.16503
11.952858,-5.1077256,Phrase,1,6.282652
12.566921,-5.787377,Phrase,0,9.432374
12.85453,-6.4151406,Phrase,0,10.231491
12.450055,-5.0548058,Phrase,0,9.880785
10.713923,-6.1976094,Phrase,2,8.960344
12.145468,-5.5129657,Phrase,0,9.239651
10.27644,-4.551036,Phrase,2,9.840178
11.978274,-5.9678607,Phrase,0,9.25496
12.008136,-5.2896357,Phrase,0,10.180574
10.505206,-7.4878206,Phrase,1,7.409231
11.137205,-5.7340665,Phrase,1,8.669785
9.8886175,-4.7223654,Phrase,1,8.028717
13.134317,-5.732874,Phrase,0,10.720217
11.456617,-5.66672,Phrase,0,8.6341715
11.07237,-5.8991666,Phrase,2,7.843363
10.072124,-8.388465,Phrase,2,8.878403
12.927709,-5.2197833,Phrase,0,7.909584
12.455423,-5.4535737,Phrase,0,10.660428
11.433766,-5.681978,Phrase,0,9.146713
11.474038,-6.9281077,Phrase,2,7.459088
10.047007,-5.769746,Phrase,1,9.159081
12.008667,-5.3137994,Phrase,0,8.149461
13.723006,-4.147133,Phrase,1,7.692279
11.626465,-5.8436246,Phrase,0,8.994213
10.502747,-7.9163327,Phrase,2,8.466114
11.102547,-5.336903,Phrase,0,8.210183
11.625338,-1.859341,Phrase,1,5.957955
12.338394,-6.665405,Phrase,2,8.388174
9.79976,-4.9653406,Phrase,1,8.073574
14.2396555,-5.1095414,Phrase,2,7.903096
9.582411,-7.738029,Phrase,2,7.2970614
12.053881,-5.128752,Phrase,0,9.737815
12.841644,-5.815734,Phrase,0,9.545146
10.261031,-8.385106,Phrase,2,8.949031
10.12067,-8.401336,Phrase,2,8.244788
12.964046,-5.85722,Phrase,0,8.643778
11.101823,-6.107648,Phrase,1,7.378446
11.230889,-5.61973,Phrase,0,8.238477
12.803483,-6.907916,Phrase,0,7.904294
10.569002,-6.6156855,Phrase,2,8.636084
10.501811,-5.575228,Phrase,0,7.89759
10.728283,-6.9215584,Phrase,0,10.080903
13.087095,-5.695124,Phrase,0,9.285205
10.911744,-5.9729896,Phrase,2,8.222479
11.946531,-5.8847423,Phrase,2,8.946637
12.6317625,-5.825094,Phrase,0,9.951165
12.142056,-5.3676114,Phrase,0,9.950304
10.22538,-6.461124,Phrase,1,7.7447944
10.343043,-8.7468815,Phrase,2,8.406116
11.526979,-5.547709,Phrase,2,7.975972
10.173305,-6.4594936,Phrase,1,7.7658796
12.47925,-5.7163277,Phrase,0,8.953182
12.359345,-5.854689,Phrase,2,8.538828
11.117567,-6.2492766,Phrase,2,10.100918
10.8043165,-6.111816,Phrase,1,7.348811
11.51339,-7.5852933,Phrase,0,9.701786
11.576373,-4.8951845,Phrase,2,8.800952
11.192936,-6.46216,Phrase,2,6.9724073
11.04758,-4.222545,Phrase,1,10.523693
12.418799,-6.6874204,Phrase,2,6.754336
10.938486,-6.1928806,Phrase,0,10.037723
9.880165,-8.3670845,Phrase,2,9.185162
11.225244,-6.170619,Phrase,2,8.645863
12.671312,-6.8322225,Phrase,0,8.817063
10.423733,-4.765787,Phrase,1,6.267358
12.028656,-5.9441404,Phrase,2,8.078111
12.327909,-5.1984134,Phrase,0,10.375936
10.168223,-8.2601795,Phrase,2,8.413754
10.513178,-5.0848517,Phrase,1,9.679933
13.287326,-4.391186,Phrase,2,7.600291
11.774081,-7.5831323,Phrase,1,7.204795
13.110747,-6.0460486,Phrase,2,9.718833
12.229428,-5.9094973,Phrase,0,9.5515995
12.551571,-5.000373,Phrase,0,8.214521
11.004464,-6.68124,Phrase,2,8.63531
12.982161,-6.0045567,Phrase,0,9.633313
11.76269,-4.424671,Phrase,1,10.867582
10.70384,-4.640959,Phrase,1,8.723064
11.444475,-6.2165704,Phrase,0,8.299806
10.684848,-7.557704,Phrase,2,7.344464
11.200229,-5.488395,Phrase,1,9.007808
10.38427,-5.0709376,Phrase,1,8.05664
-4.687795,1.6790823,Phrase,1,11.924618
12.384589,-6.572584,Phrase,2,8.250232
11.746495,-4.5502896,Phrase,1,8.885303
11.504607,-4.0182586,Phrase,0,10.434055
12.454504,-6.7362638,Phrase,0,6.7549005
12.111326,-6.0601645,Phrase,2,7.6916547
11.283617,-6.1976056,Phrase,2,6.944749
12.55304,-5.268124,Phrase,1,8.05333
10.48332,-6.140857,Phrase,1,7.2170944
11.378904,-8.674055,Phrase,2,8.480662
13.073567,-5.716311,Phrase,0,8.660636
10.6696205,-7.6668425,Phrase,2,7.382122
10.598793,-7.0668855,Phrase,2,8.811027
11.353393,-7.2235527,Phrase,0,7.6814485
10.702504,-7.710296,Phrase,2,8.678283
10.190537,-7.5810285,Phrase,2,8.955347
12.277778,-4.807656,Phrase,1,8.156029
10.213462,-8.855448,Phrase,2,8.313827
13.288207,-4.086262,Phrase,1,7.464208
9.8240385,-7.752904,Phrase,2,8.871097
11.43465,-5.1421638,Phrase,0,8.961592
10.622662,-7.3388057,Phrase,2,8.72329
11.878555,-5.0287843,Phrase,0,9.52891
11.017079,-6.9804034,Phrase,0,9.211988
12.073077,-4.624404,Phrase,0,8.349152
10.917929,-7.6909466,Phrase,2,7.4159546
9.64248,-7.8270884,Phrase,1,7.578575
10.044464,-6.3656797,Phrase,2,9.416637
9.723649,-4.2884026,Phrase,1,8.092903
11.319276,-4.4788637,Phrase,1,7.3339705
10.987754,-3.409713,Phrase,1,6.9666567
12.147037,-5.369194,Phrase,0,10.464261
13.785595,-5.0911374,Phrase,1,8.096319
10.969473,-4.1591735,Phrase,1,7.2050314
11.846253,-4.6950583,Phrase,0,8.817052
10.18263,-6.912164,Phrase,2,7.4822364
10.962544,-4.0188923,Phrase,1,9.515323
10.573815,-6.7210684,Phrase,2,9.122635
11.282559,-5.4327445,Phrase,0,9.430518
12.262385,-4.8141646,Phrase,1,7.763185
10.577998,-6.9610415,Phrase,2,8.831016
11.61562,-5.9188895,Phrase,2,9.005903
12.220795,-4.7047772,Phrase,1,7.615443
11.5047455,-5.495501,Phrase,1,7.335135
9.963935,-8.703945,Phrase,2,9.128291
12.522924,-5.7427993,Phrase,0,8.688273
11.489874,-6.2472653,Phrase,2,7.65736
12.815555,-6.5829024,Phrase,0,10.276238
10.33284,-8.337283,Phrase,2,8.383973
9.645043,-7.9089026,Phrase,0,8.608161
10.756477,-7.4047337,Phrase,2,8.236305
10.698992,-6.534244,Phrase,2,7.8769674
12.176318,-4.4288645,Phrase,0,8.874739
12.371739,-5.8590946,Phrase,0,9.733819
10.684089,-5.763714,Phrase,0,8.883644
12.044405,-5.545395,Phrase,1,8.047054
11.979496,-5.3287783,Phrase,0,7.990395
12.0777235,-5.464067,Phrase,0,10.524997
10.67615,-8.366386,Phrase,2,8.39491
11.832526,-5.730306,Phrase,0,9.209751
10.043635,-6.4039187,Phrase,0,9.951381
10.674776,-7.614879,Phrase,2,7.4562078
11.52283,-4.113996,Phrase,0,10.197789
12.968879,-6.059097,Phrase,0,9.133733
9.827966,-8.695837,Phrase,1,8.548222
12.438484,-6.8073316,Phrase,2,6.8830595
9.641392,-8.553066,Phrase,2,8.696631
11.388883,-5.121452,Phrase,0,8.771214
10.124989,-5.743891,Phrase,2,9.226168
10.396058,-7.342645,Phrase,2,8.556912
11.007638,-6.307896,Phrase,2,9.139191
11.422619,-5.540867,Phrase,0,8.9821825
10.447524,-7.2915297,Phrase,2,8.693858
10.77405,-6.377276,Phrase,2,7.4645596
10.546966,-4.764419,Phrase,1,6.4763756
11.571917,-6.179385,Phrase,2,8.055572
11.144934,-8.517925,Phrase,2,8.224209
11.174071,-4.712949,Phrase,0,7.869325
12.046764,-5.847137,Phrase,0,9.362667
10.476932,-4.907778,Phrase,1,7.827919
11.042933,-3.4761982,Phrase,1,7.0289087
7.747207,-3.9168243,Phrase,1,7.226643
10.328862,-4.897751,Phrase,1,8.175257
11.205324,-6.854973,Phrase,0,9.527137
12.301707,-5.5312943,Phrase,0,9.06426
12.342572,-4.4140844,Phrase,0,9.134105
10.531451,-5.274894,Phrase,1,7.993637
11.5438,-5.820162,Phrase,2,9.149721
11.981181,-4.697774,Phrase,0,9.1784115
11.698645,-5.375247,Phrase,0,9.045829
11.032003,-5.8798056,Phrase,1,7.278164
11.787026,-4.5403914,Phrase,1,11.230604
12.540093,-5.199341,Phrase,0,9.796521
9.969763,-7.089319,Phrase,1,7.8863635
11.901678,-3.0479965,Phrase,1,7.9860954
12.592891,-6.131357,Phrase,2,7.2746983
11.86634,-6.055641,Phrase,0,9.226041
10.730336,-7.333962,Phrase,2,8.413127
13.454827,-4.5985823,Phrase,0,8.649716
10.025669,-7.490583,Phrase,2,8.998918
11.571713,-5.1707406,Phrase,0,9.658959
11.400905,-6.3527217,Phrase,0,9.33855
10.931203,-3.9115202,Phrase,1,9.6420555
9.428175,-7.295934,Phrase,2,8.168793
12.927705,-5.5511227,Phrase,0,8.709395
13.626169,-4.445753,Phrase,0,8.010794
10.682566,-7.580256,Phrase,1,7.32341
12.109049,-7.131582,Phrase,2,7.4039974
11.597171,-5.963765,Phrase,1,7.85229
11.61287,-5.8241115,Phrase,0,9.881999
12.026932,-5.497271,Phrase,1,8.09386
12.903093,-5.9379325,Phrase,2,8.658093
12.171856,-6.148017,Phrase,2,7.737621
11.254219,-4.9741592,Phrase,0,7.513342
11.545819,-6.2931805,Phrase,2,7.036424
10.479912,-4.5888476,Phrase,1,7.02926
12.726328,-4.092363,Phrase,1,8.343091
12.244623,-6.026616,Phrase,0,10.235387
10.886374,-5.2954316,Phrase,2,6.7973866
12.216587,-5.786487,Phrase,0,7.587626
11.823657,-6.016957,Phrase,2,9.445938
11.454469,-5.854361,Phrase,2,6.7740545
12.424606,-6.785875,Phrase,2,6.7430987
10.414937,-8.802099,Phrase,2,8.599167
10.819384,-5.395923,Phrase,2,8.187344
12.093658,-5.865259,Phrase,2,7.7647495
11.355616,-5.0482416,Phrase,0,9.068409
11.472942,-6.653985,Phrase,2,7.0366435
10.701323,-6.568593,Phrase,2,8.838251
11.3420515,-4.407887,Phrase,1,9.87112
12.414452,-5.08478,Phrase,2,8.391963
11.804136,-7.7264557,Phrase,1,7.18863
9.618205,-7.623389,Phrase,2,7.266546
11.960556,-5.144208,Phrase,1,6.3899484
10.869261,-5.8223405,Phrase,2,8.937507
13.046646,-5.9609137,Phrase,0,9.549993
11.788236,-6.580497,Phrase,2,6.7043653
10.888701,-6.775045,Phrase,2,8.847449
12.819064,-5.9994736,Phrase,0,9.859293
12.764032,-5.9112997,Phrase,2,8.345049
11.716466,-4.515799,Phrase,0,11.235259
10.511453,-5.071688,Phrase,1,8.08495
9.964248,-6.4511743,Phrase,0,9.78723
9.970017,-8.798158,Phrase,2,9.086846
12.11662,-5.4603405,Phrase,0,8.535916
10.38371,-8.746863,Phrase,2,9.135465
11.597469,-6.0194297,Phrase,2,7.066156
12.844159,-5.5872955,Phrase,0,8.095834
11.183396,-7.4607606,Phrase,2,8.87602
11.852659,-5.4425354,Phrase,1,8.2286
9.929535,-6.9987445,Phrase,0,8.849406
13.204582,-6.1742387,Phrase,0,9.586974
9.840557,-7.762226,Phrase,1,8.825952
12.191559,-6.10396,Phrase,2,7.9764156
10.526489,-7.037734,Phrase,2,8.550054
11.373553,-5.0324116,Phrase,0,8.946082
11.229051,-4.190698,Phrase,0,10.584046
11.021052,-4.5081844,Phrase,1,6.4656096
12.356663,-5.6642504,Phrase,0,10.370272
11.970458,-5.948942,Phrase,0,10.040282
11.333491,-5.4339476,Phrase,1,8.500943
13.910728,-4.817589,Phrase,0,8.255939
10.641434,-7.359176,Phrase,0,8.666605
10.779462,-6.8196387,Phrase,0,9.332765
9.817503,-8.363504,Phrase,2,8.117453
11.151854,-6.420229,Phrase,0,8.200362
12.517052,-5.0921316,Phrase,2,7.7773647
10.313922,-8.606602,Phrase,2,8.627667
12.185897,-5.3514113,Phrase,0,9.173682
10.262696,-8.33214,Phrase,2,8.542645
11.725202,-6.6523986,Phrase,2,8.894287
11.307159,-5.234457,Phrase,1,7.523276
9.998423,-8.36515,Phrase,2,8.902642
10.459695,-8.426069,Phrase,2,8.780134
10.601835,-5.0303435,Phrase,1,8.012424
10.045516,-7.726862,Phrase,2,9.135084
10.372948,-5.3099723,Phrase,1,7.711524
12.580457,-5.9136324,Phrase,0,8.630151
10.417034,-4.6893425,Phrase,1,6.2560496
12.227174,-6.2885423,Phrase,2,8.424219
12.370506,-5.9688835,Phrase,0,8.612046
11.299385,-3.9004126,Phrase,1,10.683491
10.557787,-7.202452,Phrase,2,9.527364
11.981474,-5.746199,Phrase,0,9.004274
11.843097,-4.6394033,Phrase,2,7.109384
10.225738,-8.601951,Phrase,2,8.792515
12.602565,-6.032813,Phrase,2,9.176561
11.944543,-5.0745063,Phrase,0,9.97135
12.35084,-4.1381016,Phrase,0,8.191745
12.19164,-6.5183716,Phrase,2,7.7835684
11.460106,-4.0934477,Phrase,1,7.502847
12.273047,-6.631312,Phrase,2,7.7263503
13.674726,-4.5825324,Phrase,0,8.204797
11.109975,-6.4949656,Phrase,2,7.740774
11.903056,-5.620093,Phrase,2,8.010424
10.559722,-6.923286,Phrase,2,8.783657
12.060847,-5.301116,Phrase,0,10.4485
10.834643,-6.4542623,Phrase,1,7.2020173
10.709995,-7.544651,Phrase,2,8.58351
11.95562,-5.102431,Phrase,1,6.258244
10.6107,-7.3384237,Phrase,2,9.479176
12.061212,-4.5262275,Phrase,1,7.8288946
11.101267,-6.4223294,Phrase,2,7.5564384
10.939443,-4.626689,Phrase,1,7.1024566
11.875193,-5.3178453,Phrase,1,7.6988015
10.42115,-8.873778,Phrase,2,8.012538
12.108793,-5.555376,Phrase,0,7.7725534
11.140663,-5.755908,Phrase,0,8.872968
10.436736,-7.382377,Phrase,2,9.125299
11.049625,-5.5483947,Phrase,2,9.103454
11.664828,-6.0520277,Phrase,2,7.361291
10.263046,-8.776904,Phrase,2,8.303952
12.744715,-5.5620403,Phrase,0,8.187891
12.354578,-5.217051,Phrase,0,10.088947
9.997489,-8.940779,Phrase,2,8.432478
12.001449,-6.581263,Phrase,2,6.710738
11.465159,-4.3103776,Phrase,1,10.892511
10.828934,-5.500881,Phrase,0,8.774213
10.664276,-5.679912,Phrase,0,9.224976
10.994451,-5.538174,Phrase,1,6.823262
11.625375,-1.8593849,Phrase,1,5.958063
9.893611,6.5275865,Phrase,1,6.8814316
11.281789,-4.0037527,Phrase,1,7.601052
11.270202,-5.5992384,Phrase,2,8.586116
10.866838,-3.8461218,Phrase,1,9.856971
12.886207,-6.744012,Phrase,0,9.875351
11.1305275,-5.560128,Phrase,0,10.374897
12.246415,-5.5410137,Phrase,0,9.201251
11.047573,-6.005551,Phrase,0,9.466489
10.034001,-8.721994,Phrase,2,8.809046
10.904184,-6.284599,Phrase,0,9.320834
12.046916,-6.5708866,Phrase,2,7.7946973
11.231339,-5.4823165,Phrase,1,6.9938726
11.51787,-7.046428,Phrase,2,7.439639
11.819614,-5.640039,Phrase,2,8.828061
11.722153,-5.2153864,Phrase,0,8.759258
6.8279085,-1.3454177,Phrase,1,10.044063
12.409619,-5.583312,Phrase,0,8.878231
11.561413,-6.558719,Phrase,2,7.702491
10.59901,-4.8716383,Phrase,1,8.233282
11.369471,-3.8802626,Phrase,1,7.3525214
9.467508,-7.661621,Phrase,2,7.1470356
10.4136095,-4.867798,Phrase,1,9.61177
11.892894,-5.9909883,Phrase,2,8.3093195
11.77563,-5.3480635,Phrase,1,6.9434896
11.923611,-6.8297467,Phrase,1,6.9832177
10.909086,-5.9871182,Phrase,0,8.172684
10.22214,-7.5746775,Phrase,2,9.047582
10.091993,-8.662271,Phrase,2,8.256162
10.64949,-7.0092897,Phrase,0,9.084881
11.8249855,-5.6663604,Phrase,2,7.841811
9.43284,-7.47837,Phrase,1,7.0026803
9.65974,-7.1946507,Phrase,1,6.9840117
11.310385,-7.1168346,Phrase,2,9.40986
10.64009,-6.9531283,Phrase,2,9.9218025
11.766001,-5.601309,Phrase,0,9.299001
11.77727,-5.7354665,Phrase,0,9.489694
9.787142,-8.478951,Phrase,2,8.783471
10.571807,-6.7816024,Phrase,2,9.577817
11.910924,-6.241643,Phrase,0,9.421024
9.52358,-8.44608,Phrase,2,8.730499
11.157635,-6.4661303,Phrase,2,7.4308434
12.641163,-6.1795597,Phrase,2,7.0454783
10.55022,-3.9135208,Phrase,1,9.901492
10.534208,-6.219699,Phrase,2,9.654716
10.710163,-8.629548,Phrase,2,9.081129
9.63526,-8.221818,Phrase,2,8.818382
12.448871,-6.6970286,Phrase,2,6.6829777
10.332023,-8.542301,Phrase,2,8.876709
10.516618,-6.071392,Phrase,1,9.7256775
13.59212,-4.1572437,Phrase,0,8.08619
9.705965,-7.3026667,Phrase,0,7.088455
9.491708,-8.326041,Phrase,2,8.614543
12.214276,-5.656072,Phrase,0,8.545752
10.535969,-4.616989,Phrase,1,7.046587
11.5074215,-6.5237536,Phrase,2,6.983907
10.493632,-6.8106866,Phrase,2,8.997603
12.704443,-5.6079206,Phrase,0,9.5714655
12.233364,-5.529901,Phrase,2,7.181018
10.881638,-4.282555,Phrase,1,6.929289
8.149041,-7.838705,Phrase,1,7.920299
10.615946,-8.317625,Phrase,2,8.186411
9.640806,-8.177923,Phrase,2,8.379505
12.477806,-5.464777,Phrase,0,8.8581705
10.196371,-8.852875,Phrase,1,8.1459255
10.803587,-7.749022,Phrase,2,7.340725
11.871297,-4.8047676,Phrase,0,8.948453
12.517674,-4.1997232,Phrase,0,8.216755
10.899173,-6.830149,Phrase,2,8.120715
10.431192,-7.8780375,Phrase,2,7.956137
11.680971,-6.6995077,Phrase,2,7.4599514
10.567434,-7.6474977,Phrase,2,7.475837
10.043279,-8.6389065,Phrase,1,8.213604
11.402091,-5.9638247,Phrase,1,7.202813
11.184371,-4.539581,Phrase,1,11.235276
13.9912615,-4.7523894,Phrase,1,8.071868
11.816469,-4.6564894,Phrase,0,8.894712
11.590651,-5.352207,Phrase,0,10.539326
9.779636,-9.013511,Phrase,1,8.200888
12.652026,-6.04485,Phrase,2,6.9790316
10.909019,-4.3543005,Phrase,1,8.454206
10.555679,-4.6109324,Phrase,1,7.074455
10.704799,-5.968311,Phrase,2,8.975629
10.539519,-4.6105843,Phrase,1,7.0674844
11.893623,-6.7784696,Phrase,2,7.136866
12.385362,-5.278968,Phrase,1,8.054776
11.7789955,-5.9376087,Phrase,2,8.335574
11.256375,-7.185563,Phrase,2,7.420276
10.178772,-8.98763,Phrase,2,8.722924
11.099638,-6.337582,Phrase,2,7.51936
10.508715,-6.202609,Phrase,0,9.458088
10.739092,-4.364142,Phrase,0,9.979641
10.632271,-6.8959956,Phrase,2,8.755284
12.984712,-5.9238224,Phrase,1,8.0225315
12.0585575,-6.341783,Phrase,0,8.523014
13.990257,-3.8664033,Phrase,1,7.5584793
10.8573265,-6.1999826,Phrase,0,8.977592
12.142318,-5.8793454,Phrase,0,10.74566
12.253552,-5.1815534,Phrase,0,10.147574
11.950366,-4.924426,Phrase,0,8.6756735
11.109744,-5.885715,Phrase,2,7.3956656
11.562505,-6.5464907,Phrase,2,7.56446
10.647817,-5.2361946,Phrase,2,9.644779
11.347528,-6.1086617,Phrase,2,7.2132015
11.431867,-4.3560724,Phrase,1,10.838644
13.936352,-3.876991,Phrase,0,7.543369
9.793213,-8.504465,Phrase,2,8.632839
10.70444,-8.9744425,Phrase,2,8.80766
10.605722,-8.560132,Phrase,2,9.329416
11.696318,-5.509238,Phrase,2,7.4953837
10.684014,-6.0333457,Phrase,0,7.92999
13.241283,-6.8198557,Phrase,0,9.304766
11.848487,-4.6157994,Phrase,0,8.884471
11.150134,-6.132093,Phrase,0,9.600714
11.119256,-4.2076173,Phrase,1,8.25255
12.695507,-6.154023,Phrase,2,7.1850877
10.763059,-6.428287,Phrase,2,7.66138
12.707448,-5.668932,Phrase,0,10.161631
13.601592,-4.3321958,Phrase,0,7.9189496
12.659328,-5.727805,Phrase,0,7.200617
12.743208,-4.6010957,Phrase,0,8.995634
11.53095,-6.3027916,Phrase,0,9.648085
10.931407,-3.8104064,Phrase,0,9.929428
11.78581,-5.855043,Phrase,0,9.414232
11.723368,-5.396951,Phrase,1,7.6005163
12.155576,-4.885711,Phrase,0,9.873388
10.431316,-8.911518,Phrase,2,8.128646
-4.683616,1.6809131,Phrase,1,11.920275
10.869166,-4.1274095,Phrase,1,7.2503614
11.229105,-5.096892,Phrase,1,10.28979
11.852137,-6.2540345,Phrase,0,10.625509
11.263911,-5.705967,Phrase,2,8.097453
11.035499,-6.164082,Phrase,0,9.713368
12.185215,-6.225899,Phrase,0,8.851277
10.242839,-8.760676,Phrase,2,9.366292
11.62545,-1.8586214,Phrase,1,5.9577703
12.094935,-5.0198936,Phrase,0,8.859535
10.89163,-8.236593,Phrase,2,9.240739
10.997026,-6.167793,Phrase,2,10.026262
9.775447,-8.120249,Phrase,2,8.165923
11.662643,-7.49178,Phrase,2,7.1829233
8.342881,-4.6314406,Phrase,1,4.852404
12.418956,-4.9502363,Phrase,1,8.105675
11.717841,-4.7694697,Phrase,1,8.68182
11.672344,-6.769775,Phrase,2,7.6753354
10.046017,-8.488814,Phrase,2,9.218085
12.368649,-5.2376585,Phrase,0,9.05735
11.040632,-7.244283,Phrase,2,7.2560577
12.077887,-6.096908,Phrase,2,7.6537595
9.867331,-8.705265,Phrase,2,8.531509
11.423584,-6.23135,Phrase,2,7.5959916
11.957137,-5.1032166,Phrase,1,6.2703447
10.717048,-4.557661,Phrase,1,8.685339
10.210147,-8.677202,Phrase,2,9.185859
9.895696,6.4763994,Phrase,1,6.887537
12.199199,-6.5570545,Phrase,2,7.478672
12.344257,-6.73897,Phrase,2,6.73714
11.9306755,-6.4472375,Phrase,2,7.201463
10.219716,-8.859047,Phrase,2,8.32287
12.410188,-5.642592,Phrase,0,8.337264
10.845408,-6.0280557,Phrase,0,9.950868
10.562016,-6.2794523,Phrase,0,8.576737
13.499003,-4.284287,Phrase,0,8.35293
10.490025,-6.8331966,Phrase,2,9.519516
9.673032,-8.305259,Phrase,2,8.853256
11.232491,-5.481323,Phrase,2,7.7128143
10.037305,-8.551262,Phrase,2,8.453828
10.555502,-3.9018464,Phrase,1,9.883628
10.010173,-8.903721,Phrase,2,8.239884
11.208911,-5.7557516,Phrase,0,9.058135
12.562596,-5.6391664,Phrase,1,8.367451
11.115596,-5.163859,Phrase,1,9.601762
11.155807,-5.497219,Phrase,1,7.3737845
11.57536,-5.6481647,Phrase,2,7.8167505
13.2432,-5.0485544,Phrase,0,8.75883
11.641875,-6.263735,Phrase,0,8.246487
10.881685,-7.070476,Phrase,2,8.400264
10.609745,-6.423707,Phrase,2,8.612089
12.055204,-6.558908,Phrase,0,9.934389
10.652692,-5.867915,Phrase,0,8.701496
11.551602,-5.603711,Phrase,0,8.860064
11.846378,-5.423101,Phrase,0,9.789194
11.270773,-7.5159407,Phrase,2,7.3860517
11.940489,-5.159596,Phrase,1,7.27263
12.130272,-4.0952964,Phrase,1,7.1937313
11.656578,-4.750074,Phrase,1,8.844728
11.205953,-6.7755046,Phrase,0,9.2602
12.158957,-6.3374524,Phrase,2,8.41445
10.136748,-5.699424,Phrase,1,8.1579075
11.313721,-3.8920102,Phrase,1,10.679371
10.4941,-8.575365,Phrase,2,9.196223
12.260437,-5.404658,Phrase,0,10.250426
12.417622,-4.6775436,Phrase,1,8.002298
11.199799,-5.7460017,Phrase,0,10.310729
12.393553,-4.9469748,Phrase,0,8.931935
10.786764,-5.70888,Phrase,2,8.470784
12.627623,-6.213043,Phrase,2,8.696216
10.317889,-8.829819,Phrase,2,8.68502
13.412536,-4.4433064,Phrase,0,8.235302
13.224614,-6.385914,Phrase,0,9.536827
10.092617,-8.46434,Phrase,2,8.647354
11.223133,-6.1312613,Phrase,0,10.152485
10.239983,-8.519221,Phrase,2,8.608091
12.807675,-5.755119,Phrase,0,10.041578
10.784374,-6.134985,Phrase,1,10.000213
10.821216,-6.9318037,Phrase,2,9.140466
11.54557,-5.725937,Phrase,2,8.686992
11.654133,-5.681302,Phrase,1,7.3324556
11.86524,-6.4025903,Phrase,2,7.444408
10.453724,-4.709563,Phrase,1,6.2697763
11.467596,-4.2991424,Phrase,1,10.902443
10.345729,-6.0807424,Phrase,2,8.9167185
11.226975,-4.3308516,Phrase,0,8.379785
11.852202,-5.744868,Phrase,0,8.778142
11.027133,-6.1435103,Phrase,0,9.9565735
10.2038355,-7.6720896,Phrase,2,8.949078
11.509172,-6.0692873,Phrase,2,8.019719
10.030523,-8.2091675,Phrase,2,8.560106
10.54034,-6.2178574,Phrase,1,7.2619886
10.442047,-8.907991,Phrase,2,8.510479
10.449326,-6.333686,Phrase,1,9.625424
9.576457,-8.104648,Phrase,2,8.335591
11.7414,-4.5090714,Phrase,1,8.501789
10.330446,-6.9795313,Phrase,1,8.399929
12.392445,-6.1702023,Phrase,1,8.101761
12.635296,-5.435349,Phrase,0,8.588203
10.18479,-7.9900236,Phrase,2,9.370739
11.312692,-5.937208,Phrase,2,7.8501163
10.198121,-6.035663,Phrase,1,7.079296
11.106591,-4.211381,Phrase,1,8.264135
9.969227,-8.367092,Phrase,2,9.262903
10.4949045,-7.964995,Phrase,2,9.187047
12.466052,-4.3883405,Phrase,1,8.593282
12.532421,-4.941271,Phrase,1,8.16087
12.581366,-5.142561,Phrase,0,8.129319
11.2891445,-4.8929105,Phrase,1,8.8103075
11.055211,-3.4943564,Phrase,1,7.052784
10.479313,-5.8489285,Phrase,0,7.230944
9.976795,-8.953523,Phrase,2,8.406169
12.297911,-4.55248,Phrase,0,8.701706
10.309399,-8.387386,Phrase,2,8.611565
10.402692,-4.8711905,Phrase,1,9.592636
11.954287,-4.4877048,Phrase,1,7.789191
11.81754,-4.574426,Phrase,0,8.924836
6.8279924,-1.345571,Phrase,1,10.04394
9.932412,-8.867921,Phrase,2,8.651508
10.6266575,-4.7342715,Phrase,1,7.9586544
11.193988,-5.577408,Phrase,1,7.7785463
13.084352,-6.0905857,Phrase,0,8.965845
10.42174,-5.7945447,Phrase,1,8.12024
10.067049,-8.523541,Phrase,2,9.007842
11.198489,-6.9720244,Phrase,0,9.767618
10.653815,-7.01047,Phrase,2,8.255775
12.571426,-7.0616193,Phrase,2,7.638642
10.734302,-2.8814363,Phrase,0,3.0863419
12.505674,-6.0952168,Phrase,2,6.9391327
11.127286,-5.571591,Phrase,0,10.452703
9.701969,-7.003289,Phrase,1,8.747215
10.699456,-8.866296,Phrase,2,8.348513
11.352469,-4.376571,Phrase,0,10.951514
10.631123,-4.819082,Phrase,1,6.4858146
10.671432,-8.769769,Phrase,2,8.259653
-4.6834574,1.6792389,Phrase,1,11.920091
10.236583,-5.0545,Phrase,1,7.748214
12.3059635,-5.141789,Phrase,2,8.072359
10.418052,-7.952919,Phrase,2,9.037572
11.333652,-7.2356815,Phrase,2,7.6084795
11.436929,-6.413217,Phrase,2,7.953019
12.02593,-4.638536,Phrase,1,7.7298913
11.800798,-6.146824,Phrase,1,8.190662
11.679145,-7.5017343,Phrase,2,7.2243896
10.233789,-7.480199,Phrase,2,8.902191
11.318298,-5.1561613,Phrase,1,8.252759
11.3399315,-5.7421694,Phrase,2,8.345517
10.956119,-7.331422,Phrase,2,8.976299
11.100995,-6.1359935,Phrase,1,7.2441607
12.542156,-5.0886474,Phrase,0,10.445839
-4.6862464,1.6789913,Phrase,1,11.92308
9.776687,-8.994998,Phrase,1,8.225139
10.48725,-4.7991805,Phrase,1,6.326432
12.014129,-5.893231,Phrase,0,8.417401
11.436319,-5.958254,Phrase,2,7.0853057
11.82018,-6.475018,Phrase,2,8.7899885
9.83433,-8.421543,Phrase,2,9.095921
11.129133,-5.41138,Phrase,1,8.114601
10.8954935,-5.453809,Phrase,1,6.7263083
11.863026,-4.5483313,Phrase,1,11.108902
9.450147,-7.7111497,Phrase,1,7.083073
13.172356,-5.9305205,Phrase,0,10.27897
12.571379,-6.1182747,Phrase,2,7.004612
13.609946,-4.9638195,Phrase,0,8.096594
11.102043,-4.267053,Phrase,1,7.7181144
11.145605,-4.251171,Phrase,1,7.9915237
10.999696,-6.985359,Phrase,2,9.075139
12.160124,-4.0932975,Phrase,1,8.21802
10.323217,-6.8538265,Phrase,2,8.9914
11.745343,-5.3013687,Phrase,2,8.63896
10.108018,-8.745052,Phrase,2,8.56411
6.8288774,-1.3467604,Phrase,1,10.04367
6.827817,-1.3454205,Phrase,1,10.044013
10.894824,-6.043138,Phrase,2,7.6655116
11.787232,-6.0514455,Phrase,0,9.681189
11.079668,-4.12056,Phrase,0,8.410559
11.479269,-5.4962773,Phrase,0,9.121468
10.968275,-9.120484,Phrase,0,9.037735
12.085638,-5.8738127,Phrase,1,8.084559
12.389223,-5.4576616,Phrase,2,8.353212
9.943856,-8.537424,Phrase,2,8.808078
12.244264,-4.9735665,Phrase,1,7.081731
11.337654,-4.2828484,Phrase,1,7.0569954
11.05462,-6.2945204,Phrase,1,7.377167
10.507621,-5.7381105,Phrase,2,8.320062
11.355488,-5.7210026,Phrase,2,7.956219
12.553684,-5.8395114,Phrase,2,8.614823
11.920246,-5.4116025,Phrase,0,8.199636
11.779666,-6.0506587,Phrase,2,7.6216707
10.542107,-6.806712,Phrase,2,9.362465
12.876351,-8.400408,Phrase,0,9.309902
11.863911,-6.132147,Phrase,2,8.089425
10.64996,-4.757089,Phrase,1,6.500908
9.398613,-7.5551085,Phrase,1,7.021772
13.608686,-4.2247143,Phrase,1,7.8009534
11.207206,-4.733445,Phrase,1,8.196045
10.258901,-8.340274,Phrase,2,9.157676
10.740714,-7.6971035,Phrase,2,7.453988
11.748502,-5.4716635,Phrase,1,6.9016886
10.16515,-6.9213557,Phrase,1,7.4618163
11.889286,-4.8322635,Phrase,0,7.5249343
12.046711,-5.2730484,Phrase,0,8.549483
10.15868,-8.987515,Phrase,2,8.751255
10.526774,-7.1287284,Phrase,2,8.923199
10.607361,-5.04735,Phrase,1,7.2988944
11.694801,-5.420183,Phrase,2,8.09893
11.573904,-5.4439836,Phrase,2,8.0475855
10.179126,-8.492112,Phrase,2,8.585864
12.152149,-6.992007,Phrase,2,7.602255
10.561882,-5.100099,Phrase,2,9.593253
9.958605,-8.552418,Phrase,2,8.261903
10.153715,-6.8352013,Phrase,2,8.76527
9.714401,-7.81507,Phrase,0,8.449913
11.062996,-6.0159926,Phrase,0,9.389712
11.670382,-5.8070593,Phrase,2,7.201453
10.4064865,-7.146607,Phrase,2,9.04775
11.705897,-5.680494,Phrase,0,9.169545
11.500046,-5.3640494,Phrase,0,9.777361
12.50711,-5.9550447,Phrase,0,10.576921
11.753351,-5.9215693,Phrase,2,8.8488655
11.90105,-3.0483649,Phrase,1,7.9865727
11.570101,-5.334041,Phrase,2,8.947845
11.899638,-3.0442598,Phrase,1,7.9857163
12.500154,-5.5904126,Phrase,0,9.512309
10.966509,-7.1189623,Phrase,2,7.9237275
11.399667,-6.446949,Phrase,2,7.928325
10.64504,-7.739997,Phrase,2,8.064528
11.209874,-6.1054807,Phrase,0,10.014705
10.013964,-8.492726,Phrase,2,8.898712
10.959706,-6.2610583,Phrase,0,10.250621
11.30695,-5.04758,Phrase,1,8.19176
11.437503,-5.132885,Phrase,1,7.9179626
11.604594,-6.374954,Phrase,2,7.3589177
9.772443,-8.699226,Phrase,1,8.777022
10.517177,-8.211392,Phrase,2,8.860536
11.404149,-3.9399035,Phrase,0,7.594667
11.25315,-6.2882533,Phrase,2,7.853583
11.881247,-6.4999604,Phrase,2,6.7837615
10.292404,-5.920713,Phrase,1,9.204654
12.279844,-4.4278893,Phrase,1,9.2714
12.480511,-6.2730846,Phrase,2,7.0774016
12.436352,-5.337305,Phrase,0,8.025149
11.898468,-5.846136,Phrase,2,7.51709
11.652015,-5.7026763,Phrase,0,10.225108
10.863376,-5.7630463,Phrase,1,6.8906813
11.067531,-4.1316085,Phrase,1,9.2836075
11.50297,-4.278923,Phrase,0,10.873766
11.231879,-4.0857825,Phrase,1,10.513046
12.1548,-4.9908686,Phrase,0,9.65347
11.948722,-6.3240447,Phrase,2,6.9966493
11.799624,-5.640946,Phrase,0,7.9814954
9.850988,-8.617192,Phrase,2,8.850205
11.708009,-4.668621,Phrase,1,7.6745586
10.998157,-4.9196596,Phrase,1,6.7064543
11.509269,-6.3289447,Phrase,0,8.5321245
10.831134,-6.1178646,Phrase,2,9.464462
12.14101,-5.387232,Phrase,0,10.464354
11.829207,-5.8875055,Phrase,2,8.356561
10.9486065,-5.8247194,Phrase,1,9.7581215
11.038715,-5.9610796,Phrase,2,9.495772
11.511112,-6.732357,Phrase,1,8.356356
13.995662,-4.7706757,Phrase,1,8.116523
11.132568,-5.7766194,Phrase,0,9.154634
10.878647,-4.3175116,Phrase,1,7.18289
10.738099,-7.691833,Phrase,2,7.3372326
12.660753,-5.540709,Phrase,0,9.82493
11.842838,-4.586938,Phrase,2,7.091729
10.9534645,-6.128689,Phrase,2,8.35635
11.868946,-5.4258146,Phrase,0,9.472221
11.313006,-6.0208063,Phrase,0,9.80161
10.805297,-5.8125577,Phrase,0,8.800004
11.080725,-4.578878,Phrase,1,11.024945
12.701688,-6.1088324,Phrase,0,9.170768
9.976619,-7.997649,Phrase,2,8.847778
9.85332,-8.605841,Phrase,2,8.699643
10.052832,-7.20407,Phrase,2,8.172323
11.8651,-4.9558477,Phrase,1,7.590805
10.777573,-7.202363,Phrase,2,8.499793
12.13759,-6.2814894,Phrase,2,7.6272283
10.793846,-5.2140265,Phrase,1,8.192119
11.729732,-4.664985,Phrase,2,8.787799
11.321471,-6.167224,Phrase,2,7.0270185
10.473672,-4.7359157,Phrase,1,7.052006
11.710645,-7.4706964,Phrase,0,7.265153
11.397903,-4.9081244,Phrase,0,8.897487
12.277143,-5.0228653,Phrase,0,9.783384
9.90879,-7.9306545,Phrase,2,8.073684
12.760271,-6.1757917,Phrase,0,8.048064
13.565212,-3.3170984,Phrase,0,8.59825
12.159664,-5.773136,Phrase,0,8.536122
10.665976,-7.018688,Phrase,2,8.486872
10.761248,-5.281935,Phrase,1,8.478702
11.421759,-6.473517,Phrase,2,7.237141
12.05767,-6.138645,Phrase,0,8.20921
11.125028,-6.946493,Phrase,2,9.522332
10.614615,-8.742225,Phrase,2,8.00114
10.431677,-6.3050604,Phrase,2,8.436699
10.54416,-8.218674,Phrase,2,8.302361
11.818,-6.4744473,Phrase,2,7.8931713
9.736403,-4.3040056,Phrase,1,8.092569
9.984521,-7.85145,Phrase,2,7.9665084
11.798937,-5.6089272,Phrase,2,8.532439
13.134525,-5.9896135,Phrase,0,9.407517
9.908036,-8.544719,Phrase,2,9.247351
10.539925,-7.193151,Phrase,0,9.069966
11.969394,-6.2209353,Phrase,2,7.8761587
11.137443,-6.663599,Phrase,2,7.696838
11.135699,-5.7374997,Phrase,1,6.8495226
12.913816,-5.2679334,Phrase,1,8.075865
11.7178,-6.3793044,Phrase,2,8.203577
10.56766,-6.585687,Phrase,2,8.982368
11.306558,-5.527687,Phrase,1,8.429276
11.295622,-5.5395083,Phrase,0,8.089729
11.530342,-6.0275,Phrase,2,7.174324
12.403189,-6.4733367,Phrase,0,9.348587
11.260749,-3.5911922,Phrase,1,7.2257624
10.774066,-8.0461645,Phrase,2,8.150922
11.795459,-6.5383263,Phrase,2,7.567147
10.270179,-5.595747,Phrase,1,7.407131
11.051058,-5.4067206,Phrase,0,7.5042167
10.947991,-6.3656926,Phrase,0,7.112635
11.882157,-5.7179494,Phrase,1,7.047893
12.568549,-7.634268,Phrase,0,8.034347
12.131021,-5.545246,Phrase,0,9.612437
11.655995,-4.537655,Phrase,1,8.794298
10.540752,-7.01833,Phrase,2,8.833293
10.411345,-4.64082,Phrase,1,6.2061114
11.046269,-6.236371,Phrase,2,8.199313
10.511596,-8.86886,Phrase,2,9.0870285
10.002857,-6.4794526,Phrase,0,9.923194
10.296216,-8.823505,Phrase,2,8.210476
11.891979,-4.633272,Phrase,0,10.96204
10.898807,-8.679984,Phrase,2,8.1131735
11.96867,-4.89662,Phrase,1,7.9669795
12.231643,-5.1287303,Phrase,0,10.029172
10.178005,-8.006603,Phrase,2,9.062112
9.797113,-7.856987,Phrase,2,8.8589115
11.207892,-5.4279594,Phrase,2,8.025858
12.991091,-5.742209,Phrase,0,8.67837
-4.683761,1.679249,Phrase,1,11.920394
10.069284,-8.369036,Phrase,2,8.549979
11.681029,-5.89838,Phrase,0,9.921834
12.123585,-6.8246255,Phrase,2,7.6714826
11.138059,-7.9992027,Phrase,2,7.8858175
11.801377,-4.516078,Phrase,1,7.6401043
11.047753,-5.6709566,Phrase,2,10.385219
10.83591,-6.2540817,Phrase,2,7.137695
10.992264,-7.886527,Phrase,2,8.041247
10.419135,-8.441455,Phrase,2,8.025432
10.641524,-6.6110535,Phrase,2,9.224983
12.691415,-6.08703,Phrase,0,10.052301
13.115244,-5.3972034,Phrase,0,9.00709
10.786265,-6.200614,Phrase,0,9.241241
10.868025,-4.9699206,Phrase,1,7.6429353
10.8396015,-4.458699,Phrase,1,7.498925
11.8885145,-4.580273,Phrase,1,11.021127
10.532687,-7.7014823,Phrase,0,8.7430105
10.061645,-7.9610696,Phrase,2,9.063936
12.453163,-6.0857143,Phrase,0,7.0209856
11.071993,-6.043385,Phrase,2,7.415224
10.4456415,-4.718117,Phrase,1,6.262202
12.349556,-5.900321,Phrase,2,8.7952175
10.85517,-7.564648,Phrase,2,8.44381
11.670021,-5.6747513,Phrase,2,7.5276017
10.527649,-4.834813,Phrase,1,6.368359
11.104655,-5.386643,Phrase,2,6.9232845
12.486539,-5.6637764,Phrase,2,8.2454
9.483072,-7.6823635,Phrase,2,7.1464562
10.065662,-8.2450075,Phrase,0,9.005893
11.50532,-4.7245016,Phrase,1,7.240199
12.079999,-5.091437,Phrase,0,9.351744
10.87899,-5.4785376,Phrase,2,9.292343
10.886711,-6.8091626,Phrase,2,8.762149
10.385275,-8.799025,Phrase,2,8.041058
12.473182,-6.0794635,Phrase,2,8.063872
12.425804,-4.037192,Phrase,1,8.154664
11.870098,-6.951164,Phrase,0,7.5961103
10.495115,-4.751965,Phrase,0,6.328332
10.293486,-8.730323,Phrase,2,9.430526
12.633072,-5.886748,Phrase,0,9.180933
12.859742,-4.3647847,Phrase,1,7.586818
11.440039,-5.2251325,Phrase,0,9.547515
10.782848,-4.418275,Phrase,1,7.606201
8.345064,-4.6319156,Phrase,1,4.85453
11.09089,-8.899216,Phrase,2,8.919134
12.740055,-6.0849,Phrase,0,7.1790514
9.947237,-8.550848,Phrase,2,9.038741
11.095961,-6.4290934,Phrase,2,7.6896896
11.970793,-5.1565566,Phrase,0,7.982766
11.851339,-4.4115915,Phrase,0,7.992795
11.547162,-5.292745,Phrase,2,8.189643
10.801827,-8.568801,Phrase,2,8.239088
9.775841,-8.782092,Phrase,1,8.673642
10.31846,-7.277355,Phrase,0,9.37693
10.921603,-5.8005524,Phrase,2,7.143643
11.614006,-7.1864715,Phrase,2,9.609224
11.771039,-5.5827026,Phrase,1,6.8685713
10.110504,-8.564894,Phrase,2,9.018993
13.869762,-3.8836763,Phrase,1,7.614481
10.82321,-6.3767867,Phrase,2,9.291172
10.636315,-5.2348285,Phrase,0,9.370131
10.897465,-5.672844,Phrase,0,10.044214
12.375526,-6.248727,Phrase,0,10.576613
12.985786,-5.0997543,Phrase,1,9.700497
10.511027,-5.024272,Phrase,1,9.482561
11.180144,-5.707235,Phrase,2,7.4611626
11.994759,-4.4927483,Phrase,1,7.683106
10.897225,-7.111725,Phrase,1,8.794637
12.862792,-4.475699,Phrase,0,7.6707907
11.63812,-4.700598,Phrase,1,8.712868
11.079899,-4.356564,Phrase,1,8.6265
13.558787,-4.4754524,Phrase,0,8.3629
11.119994,-3.5142188,Phrase,1,7.113094
11.191759,-5.8092923,Phrase,0,10.272555
11.361662,-8.395087,Phrase,0,9.810965
11.471802,-4.8863196,Phrase,1,7.922936
12.670723,-6.0131426,Phrase,0,9.015901
12.472785,-4.1823177,Phrase,0,8.198006
12.113501,-5.9412155,Phrase,0,9.259046
10.52759,-5.110692,Phrase,1,8.116112
11.511675,-5.3861227,Phrase,0,9.29875
10.819306,-6.0274754,Phrase,2,7.302271
10.246389,-8.182677,Phrase,2,9.040127
12.748979,-5.503013,Phrase,0,8.818895
10.9128475,-4.71314,Phrase,0,8.018599
11.478265,-4.3218017,Phrase,1,10.935651
11.417398,-5.533751,Phrase,0,9.100078
10.559616,-4.6285844,Phrase,1,6.560369
10.050142,-8.8018265,Phrase,2,9.015905
11.074522,-4.2286286,Phrase,1,10.371518
10.443135,-6.6018023,Phrase,2,7.812326
11.956977,-5.100588,Phrase,1,6.267089
10.675377,-4.836555,Phrase,1,6.499395
10.175833,-5.834484,Phrase,2,9.127883
11.483911,-5.9590616,Phrase,0,9.704365
11.894068,-5.7649317,Phrase,2,9.144266
12.592513,-5.860997,Phrase,0,9.31121
13.989423,-3.8706806,Phrase,1,7.5566554
13.713183,-4.4120665,Phrase,0,8.024081
13.114145,-5.9568667,Phrase,0,10.61582
11.941032,-5.2653327,Phrase,1,7.693946
10.254115,-8.471707,Phrase,2,9.037569
9.900233,-4.8431735,Phrase,1,8.013336
10.65077,-4.4352217,Phrase,2,9.361621
10.419052,-7.520585,Phrase,2,8.644805
11.953777,-5.9806504,Phrase,0,7.1359925
10.713516,-4.269294,Phrase,1,9.8759
10.147377,-8.584733,Phrase,2,9.22299
12.868805,-5.2589774,Phrase,0,8.913006
12.077789,-5.857631,Phrase,0,8.396639
10.560033,-6.7863135,Phrase,2,8.672108
9.822591,-6.356754,Phrase,1,9.833215
12.4242325,-6.642284,Phrase,2,6.6918545
11.993208,-5.440457,Phrase,1,7.0298724
12.4260235,-4.182883,Phrase,0,8.343792
11.811761,-4.551082,Phrase,0,8.992771
11.317563,-5.493701,Phrase,0,9.268013
9.507947,-8.102786,Phrase,2,8.260387
12.519984,-6.1378717,Phrase,2,6.919965
10.910139,-6.2629704,Phrase,2,9.316825
10.171832,-4.793741,Phrase,1,8.146696
12.128466,-4.098861,Phrase,1,7.1894255
10.798165,-6.951757,Phrase,2,9.189433
12.669389,-5.79876,Phrase,2,8.430949
12.000642,-5.6012273,Phrase,0,10.1608515
12.190277,-6.706787,Phrase,2,7.414148
11.1143465,-4.312745,Phrase,2,8.333281
10.058809,-8.661807,Phrase,2,9.192895
9.885536,-8.547877,Phrase,2,8.67313
10.624932,-8.402145,Phrase,0,9.186089
11.633456,-4.5044184,Phrase,0,8.302589
9.576698,-8.389484,Phrase,1,8.611861
13.360552,-4.6609907,Phrase,0,8.496593
12.72534,-6.1134744,Phrase,0,10.2828665
12.807793,-5.8310795,Phrase,0,9.67322
10.657077,-7.0519376,Phrase,2,8.700039
10.457198,-5.009976,Phrase,1,9.589771
12.525725,-6.2857656,Phrase,2,7.205073
10.142637,-8.414039,Phrase,2,9.264067
10.561558,-5.2886586,Phrase,1,7.355291
9.944369,-8.472295,Phrase,0,9.256937
12.473744,-6.633897,Phrase,2,7.8587446
12.000225,-4.9279027,Phrase,1,8.17618
11.34541,-6.443967,Phrase,2,9.212495
11.550949,-6.2435493,Phrase,1,7.2837105
10.730913,-6.3110447,Phrase,0,7.638662
10.251693,-4.8463984,Phrase,1,8.172164
10.191735,-8.56926,Phrase,2,8.89845
13.859222,-4.297466,Phrase,0,8.928563
12.147354,-5.59492,Phrase,2,7.8889427
12.360876,-6.6452274,Phrase,2,7.0975847
12.203449,-5.975906,Phrase,0,9.811434
12.218412,-6.221536,Phrase,2,7.7234116
10.50743,-7.2028832,Phrase,2,8.945984
11.257319,-6.6257315,Phrase,2,8.68084
10.273645,-8.555236,Phrase,2,8.845829
10.830512,-6.9746213,Phrase,2,8.695262
11.05524,-5.719503,Phrase,1,7.221706
9.808289,-8.554565,Phrase,2,8.701926
12.524244,-4.719235,Phrase,1,8.2267475
10.097004,-8.608273,Phrase,2,9.061768
10.606817,-6.9681125,Phrase,2,9.057125
12.383777,-5.2658453,Phrase,0,10.027295
11.639641,-4.891076,Phrase,1,8.5704975
11.46444,-6.459792,Phrase,2,8.98787
12.4737015,-4.8515477,Phrase,0,8.387758
11.881189,-4.5690327,Phrase,0,8.947797
11.438557,-5.263576,Phrase,2,8.357411
10.838468,-4.419705,Phrase,1,9.050028
-4.6801257,1.6824595,Phrase,1,11.916781
10.145822,-7.5496755,Phrase,2,8.108032
11.661969,-5.549844,Phrase,0,10.327044
11.816005,-4.6933045,Phrase,0,7.798572
12.028652,-6.386085,Phrase,2,7.719863
11.434155,-5.219057,Phrase,1,7.5900135
11.455256,-4.2887173,Phrase,1,10.988998
10.824424,-4.7298226,Phrase,0,8.807455
11.047516,-3.4697828,Phrase,1,7.0271354
13.462735,-4.877489,Phrase,0,8.604517
14.44445,-5.281142,Phrase,0,7.8307433
10.729878,-5.40835,Phrase,1,8.337321
10.917466,-5.585746,Phrase,0,10.076641
9.707505,-4.2824106,Phrase,1,8.09278
10.367945,-6.4658284,Phrase,2,8.864034
11.198106,-4.370197,Phrase,1,10.866991
10.518537,-7.011217,Phrase,2,9.050117
11.313152,-5.892363,Phrase,2,8.229137
11.155808,-5.958487,Phrase,2,7.524278
11.6647005,-5.905976,Phrase,1,7.6507926
10.949339,-5.0867515,Phrase,1,8.179817
12.320114,-5.048593,Phrase,0,8.511211
10.803449,-7.639566,Phrase,0,7.1951675
10.479492,-4.555252,Phrase,1,7.023669
11.445246,-3.7860734,Phrase,1,7.478584
10.90932,-5.5887365,Phrase,0,8.982915
11.955655,-5.6898084,Phrase,2,7.357803
9.759454,-8.127728,Phrase,2,8.622924
13.129011,-6.1615777,Phrase,0,10.557553
11.0823765,-4.3099403,Phrase,2,8.324245
11.772647,-4.515977,Phrase,1,11.267976
10.417647,-4.6709948,Phrase,1,6.252687
12.4017515,-4.8790417,Phrase,1,8.02639
10.576933,-4.67335,Phrase,1,7.065365
12.339347,-5.1716547,Phrase,0,10.019164
11.337409,-5.5346007,Phrase,1,7.666781
11.072767,-9.01556,Phrase,2,8.73637
12.294048,-6.015663,Phrase,2,8.674285
11.614447,-6.3642025,Phrase,2,7.1565223
10.30859,-8.908483,Phrase,2,8.213935
10.289459,-8.7999115,Phrase,2,8.578083
12.530818,-4.5600224,Phrase,0,7.6851854
11.736083,-6.851491,Phrase,2,7.310519
12.011325,-5.55326,Phrase,0,8.365352
10.699331,-4.6572123,Phrase,0,7.2667465
10.528509,-5.068586,Phrase,2,9.404275
11.969453,-6.6001015,Phrase,2,7.5525465
12.122894,-6.25853,Phrase,2,7.503263
11.464879,-4.783989,Phrase,0,8.618663
11.050726,-6.4561806,Phrase,2,9.305252
11.787767,-6.1201043,Phrase,2,7.4326377
11.458258,-5.3573284,Phrase,2,7.9819155
12.16239,-5.143028,Phrase,1,7.1296477
10.046512,-8.751969,Phrase,2,9.282444
13.717725,-4.6108384,Phrase,1,7.770002
12.598354,-5.789353,Phrase,0,9.255679
11.186201,-5.457952,Phrase,1,7.9832015
10.500919,-4.851167,Phrase,1,6.3751073
11.562805,-4.5296474,Phrase,1,8.1117115
10.936385,-4.5084157,Phrase,1,8.27274
11.345758,-6.4871736,Phrase,2,8.45563
10.394714,-8.006039,Phrase,2,8.77991
12.284377,-6.831722,Phrase,0,7.5038304
12.199397,-5.7270494,Phrase,2,8.323462
11.721851,-5.9329953,Phrase,2,8.31198
10.594298,-6.3040447,Phrase,2,7.4217343
11.2831,-4.968442,Phrase,0,9.0286875
11.840556,-5.410054,Phrase,0,9.016765
10.126755,-8.725331,Phrase,2,8.912147
-4.683477,1.6795961,Phrase,1,11.920106
10.898126,-6.943506,Phrase,2,8.509633
10.947717,-6.7721176,Phrase,2,7.966157
11.063864,-5.403686,Phrase,1,7.3994827
12.414511,-6.5624723,Phrase,1,6.600922
11.504332,-5.589941,Phrase,0,9.436528
10.692255,-9.111636,Phrase,0,8.173498
12.143276,-5.308884,Phrase,0,8.664585
11.578684,-5.9606924,Phrase,0,9.251146
11.661317,-4.6372914,Phrase,0,8.85292
12.30713,-5.071303,Phrase,0,9.960239
10.899861,-7.3743205,Phrase,2,8.976881
10.825385,-6.546803,Phrase,1,7.112931
12.140546,-5.26467,Phrase,0,9.826779
9.861842,-7.6022882,Phrase,1,8.225932
11.5720625,-5.8359237,Phrase,1,8.01506
11.168441,-5.7927547,Phrase,0,8.146388
11.412816,-4.954311,Phrase,0,9.24023
12.040107,-4.249342,Phrase,1,7.2251587
9.933243,-7.9139824,Phrase,2,7.9632673
12.5223255,-6.6291614,Phrase,2,6.8151774
11.501509,-4.2586546,Phrase,1,10.559787
12.127581,-4.0973425,Phrase,1,7.189534
11.158092,-5.8581915,Phrase,1,6.9645042
12.324999,-4.443908,Phrase,0,7.7403636
10.092515,-8.575713,Phrase,2,9.2246275
11.324084,-6.656453,Phrase,2,7.668564
12.574918,-6.0396376,Phrase,0,7.2673154
10.619941,-6.867561,Phrase,2,7.9206767
11.483974,-4.3095903,Phrase,1,11.030635
10.265319,-8.413685,Phrase,2,8.481568
10.424324,-7.0053496,Phrase,2,8.764094
11.664374,-6.1283965,Phrase,2,7.4230065
11.604419,-5.595998,Phrase,0,9.819587
12.213166,-5.72945,Phrase,0,9.519883
12.160164,-5.4742384,Phrase,2,7.41748
12.381996,-4.1661086,Phrase,0,8.4815
11.342814,-7.881117,Phrase,2,8.265589
11.274502,-6.458689,Phrase,2,7.362807
11.865944,-4.6471295,Phrase,0,8.952916
10.981562,-7.9336495,Phrase,2,8.02061
10.635858,-6.1942782,Phrase,2,9.421498
11.785636,-5.6127734,Phrase,0,10.581725
11.729794,-6.1546288,Phrase,0,9.138049
12.686411,-5.8280187,Phrase,0,9.649529
12.488475,-5.1384263,Phrase,0,10.438769
10.233633,-4.9237,Phrase,1,8.142263
12.662605,-5.4901843,Phrase,0,8.915919
10.514367,-6.940756,Phrase,2,8.775517
12.367857,-5.7067404,Phrase,0,7.957819
11.133534,-5.430581,Phrase,1,6.862105
10.327469,-8.934228,Phrase,2,8.137747
11.132872,-4.519492,Phrase,1,11.213013
10.062141,-7.393369,Phrase,2,8.891262
12.824161,-4.9885817,Phrase,1,8.752564
12.775686,-6.7234144,Phrase,2,8.047472
11.090088,-6.4696016,Phrase,1,6.9516873
10.972526,-6.633212,Phrase,2,9.193335
11.0702505,-5.9148436,Phrase,0,9.609553
11.806973,-4.6255746,Phrase,1,7.9839215
12.4904175,-5.936554,Phrase,0,8.786048
11.373259,-6.753145,Phrase,2,9.137181
10.526344,-4.7307425,Phrase,1,9.405245
9.945427,-4.914754,Phrase,1,8.005586
10.047356,-8.949117,Phrase,1,8.174988
11.287149,-6.5763235,Phrase,2,7.704294
10.818788,-6.6067324,Phrase,2,9.878007
12.646721,-6.1127915,Phrase,0,8.294911
12.250104,-5.1101527,Phrase,0,10.223025
10.054208,-8.649292,Phrase,2,8.332546
10.243925,-6.686154,Phrase,1,8.522162
10.906919,-4.613682,Phrase,0,7.0930185
10.648214,-6.9725013,Phrase,1,9.1811695
12.406713,-5.258694,Phrase,0,8.241344
11.76569,-6.6593895,Phrase,2,7.7283297
10.899986,-6.1146545,Phrase,1,9.745738
9.539026,-7.7238517,Phrase,1,7.234065
12.060333,-5.760577,Phrase,2,8.831901
11.635669,-6.1981773,Phrase,2,7.210702
9.785433,-7.522101,Phrase,1,7.2607293
10.468959,-4.9027405,Phrase,0,9.604213
10.05528,-8.433758,Phrase,2,8.79531
12.260544,-6.558832,Phrase,0,8.601257
9.75414,-8.137065,Phrase,2,8.342259
12.3306055,-4.9296684,Phrase,1,7.8782687
11.323835,-5.6842046,Phrase,1,7.7430964
11.777122,-4.5871387,Phrase,1,8.868885
9.95693,-8.633003,Phrase,2,8.767729
10.413382,-6.8749604,Phrase,2,8.788009
12.884943,-6.228045,Phrase,0,9.41913
11.763796,-4.8271976,Phrase,0,8.72803
10.281556,-6.856528,Phrase,2,7.4657073
10.625442,-6.307451,Phrase,1,6.9895043
12.347099,-5.678387,Phrase,2,7.3768625
9.410736,-7.5703673,Phrase,0,7.047715
10.851365,-6.8110027,Phrase,0,8.818029
11.479281,-5.0329165,Phrase,0,8.867805
11.92444,-5.435042,Phrase,1,10.651685
10.064581,-4.647542,Phrase,1,8.139478
8.34308,-4.63158,Phrase,1,4.85237
12.892001,-5.8741107,Phrase,0,10.060604
10.918344,-6.19355,Phrase,0,9.085939
11.124341,-5.6484046,Phrase,2,7.797651
11.373417,-5.899747,Phrase,0,8.025149
14.32981,-5.1842117,Phrase,1,7.902139
12.240996,-3.5677195,Phrase,1,8.171977
11.14738,-8.323339,Phrase,2,7.863109
9.919098,-8.888837,Phrase,1,8.264156
10.515023,-7.228816,Phrase,2,8.494918
11.417264,-3.7117832,Phrase,1,7.4718943
9.9918,-8.254865,Phrase,2,8.641675
10.094387,-9.029836,Phrase,2,8.84077
12.090259,-5.1525855,Phrase,0,9.657245
10.955643,-5.912096,Phrase,2,9.5434675
11.898291,-5.7942915,Phrase,2,7.762775
11.857726,-4.800113,Phrase,0,8.930502
9.974759,-6.462023,Phrase,0,9.890905
10.226857,-6.967232,Phrase,1,7.4145536
12.4423275,-6.7164717,Phrase,2,6.7796993
11.274261,-6.1700835,Phrase,2,6.6676035
12.290138,-6.704784,Phrase,0,7.3677115
10.270294,-7.6583166,Phrase,2,8.907876
10.684167,-6.3168287,Phrase,2,8.781724
10.465796,-5.1950803,Phrase,1,9.759527
13.643416,-4.2877707,Phrase,2,7.9655037
11.666323,-5.299632,Phrase,1,8.630021
11.800121,-6.8236666,Phrase,2,7.5469503
11.616953,-5.805068,Phrase,2,7.1436667
12.96955,-4.407665,Phrase,0,8.616584
11.959555,-4.900497,Phrase,0,9.353454
11.238518,-6.275871,Phrase,0,9.279556
13.706887,-4.1161017,Phrase,0,8.073067
11.610875,-6.4734883,Phrase,2,7.8743753
10.908106,-5.1718163,Phrase,1,7.7165103
10.663058,-6.4253745,Phrase,2,8.655579
10.966222,-5.369873,Phrase,0,7.8543277
10.337964,-7.314432,Phrase,1,9.399178
11.670475,-6.0578866,Phrase,2,7.3261805
10.520792,-5.0738177,Phrase,1,7.849266
9.574017,-7.5874753,Phrase,0,7.188106
10.3793955,-5.1764417,Phrase,1,7.664381
11.577226,-5.6727743,Phrase,2,9.037282
11.941192,-5.106866,Phrase,0,9.264445
11.214754,-5.087013,Phrase,0,8.22301
12.217805,-6.444539,Phrase,0,9.51286
11.046634,-5.905694,Phrase,2,7.458482
10.72832,-5.2580442,Phrase,1,8.73329
10.424284,-6.719291,Phrase,2,7.982798
10.328604,-6.8340845,Phrase,2,9.091475
10.34877,-5.178237,Phrase,1,7.642651
9.803732,-8.796346,Phrase,2,8.584574
11.236339,-6.371226,Phrase,2,7.6797776
11.582835,-5.676089,Phrase,0,8.405249
11.304775,-3.8884895,Phrase,1,10.679348
10.927931,-4.3418593,Phrase,1,8.43545
10.297185,-4.221527,Phrase,1,10.041401
10.998003,-7.5150495,Phrase,2,8.45847
12.867063,-6.625733,Phrase,0,9.48676
12.358748,-6.3783298,Phrase,0,9.498409
11.446055,-7.406809,Phrase,2,7.27733
11.40595,-5.3909698,Phrase,0,8.104807
13.580805,-4.946981,Phrase,0,8.285509
13.996683,-3.861032,Phrase,1,7.548761
10.567263,-6.2649374,Phrase,1,7.2898684
11.719475,-5.650439,Phrase,0,8.861337
10.679345,-4.8865395,Phrase,1,9.466788
10.072209,-5.766784,Phrase,2,9.156917
11.24315,-5.7955046,Phrase,2,7.875295
11.567121,-6.1159577,Phrase,0,7.3957467
12.7968645,-7.316065,Phrase,0,10.757246
11.147457,-4.5234103,Phrase,2,8.295559
9.478686,-8.266295,Phrase,1,8.535439
10.371478,-6.032214,Phrase,2,8.988641
9.803774,-8.754559,Phrase,2,8.586568
12.530686,-5.906356,Phrase,0,8.753459
10.674808,-5.1356764,Phrase,1,8.263035
11.161107,-4.1308455,Phrase,1,10.213297
11.912947,-5.743314,Phrase,0,8.563494
11.36019,-6.8329,Phrase,2,7.333331
11.503762,-6.2695975,Phrase,2,7.682505
11.010713,-6.2099423,Phrase,0,9.493848
12.461377,-6.650257,Phrase,1,6.6100907
-4.6847267,1.6796981,Phrase,0,11.921357
9.711722,-8.157337,Phrase,2,8.323602
13.023917,-6.1854486,Phrase,0,9.155433
11.514974,-4.9401536,Phrase,1,8.716599
11.878774,-5.422788,Phrase,0,8.453065
10.847397,-6.040788,Phrase,1,8.08161
11.200334,-5.41783,Phrase,2,7.2145553
12.938042,-5.6576185,Phrase,1,8.1937
12.109683,-5.7644854,Phrase,0,10.058979
9.703552,-7.769284,Phrase,1,8.536012
12.147977,-5.592777,Phrase,0,8.848212
11.386172,-6.68706,Phrase,2,7.724725
11.173666,-6.8290153,Phrase,0,9.906749
11.680499,-5.740343,Phrase,0,9.729659
10.893147,-4.894682,Phrase,1,7.46434
10.653639,-4.701389,Phrase,1,7.200529
9.386777,-8.191503,Phrase,1,7.956911
11.827956,-6.056726,Phrase,2,7.812109
10.8712015,-4.388928,Phrase,1,8.803494
12.812311,-5.947036,Phrase,0,9.396739
11.4500675,-4.6520085,Phrase,1,8.056716
10.318942,-8.4887085,Phrase,2,9.45685
11.248877,-6.0619426,Phrase,2,8.314749
12.026393,-6.3268085,Phrase,2,7.419433
10.9671545,-5.911988,Phrase,0,8.041991
10.760677,-6.3320017,Phrase,1,7.272267
11.781078,-5.4436474,Phrase,1,7.7835193
10.765832,-7.3131194,Phrase,2,7.9974
12.576421,-6.515266,Phrase,2,7.269835
11.186697,-5.5764303,Phrase,0,7.575289
10.270407,-4.916899,Phrase,0,8.064155
11.897071,-5.6365776,Phrase,0,7.8301845
9.872157,-8.965372,Phrase,1,8.881957
11.633903,-6.217679,Phrase,0,10.675824
12.645629,-5.5500903,Phrase,1,8.416155
12.325427,-5.3237953,Phrase,0,10.424233
11.2825985,-4.673519,Phrase,1,8.445666
11.99726,-5.636133,Phrase,2,7.308364
11.489083,-5.498277,Phrase,0,8.218152
10.772301,-6.822872,Phrase,2,8.0496
9.950101,-5.204015,Phrase,1,8.086801
10.442051,-6.2809267,Phrase,2,9.317255
10.911695,-7.8469553,Phrase,2,7.9996614
13.157066,-4.50984,Phrase,0,8.760275
11.273364,-4.876757,Phrase,0,8.944244
10.570067,-8.647856,Phrase,2,8.527571
10.969567,-5.922257,Phrase,2,7.7409563
10.151064,-6.971245,Phrase,2,8.067471
12.638252,-5.7820907,Phrase,0,9.514436
10.449438,-7.0542164,Phrase,0,9.073057
11.817732,-4.5701795,Phrase,1,11.00962
10.185996,-7.663961,Phrase,0,9.334584
13.38016,-4.491207,Phrase,0,8.21963
11.52435,-5.4182415,Phrase,1,7.297448
10.064086,-8.937541,Phrase,2,8.253124
12.064443,-6.1605916,Phrase,2,8.319814
11.540523,-6.6187963,Phrase,0,7.0374804
11.312905,-6.1163983,Phrase,0,9.143457
12.355633,-6.099205,Phrase,2,6.893328
10.720679,-8.62468,Phrase,2,9.234615
11.067659,-4.464878,Phrase,0,8.158375
10.896555,-6.344589,Phrase,2,7.37477
13.979764,-4.6877456,Phrase,2,8.092685
10.834096,-6.127654,Phrase,0,9.579568
11.814073,-6.6928973,Phrase,2,7.197603
11.052271,-6.266706,Phrase,2,9.3704
10.614108,-4.5985255,Phrase,2,9.955858
12.776527,-6.2073426,Phrase,0,9.4445915
9.935519,-4.8959894,Phrase,1,7.979382
12.528912,-6.977408,Phrase,0,7.15048
10.81952,-6.121209,Phrase,2,8.644815
11.876996,-6.4046173,Phrase,0,10.637376
11.533255,-5.7189217,Phrase,0,8.845474
11.016849,-6.171703,Phrase,2,8.142759
9.921294,-8.335176,Phrase,2,9.264463
12.746819,-5.716313,Phrase,0,9.918675
11.276963,-5.2895317,Phrase,0,9.672792
10.727515,-6.751055,Phrase,2,8.771234
12.841297,-5.9263363,Phrase,0,8.523608
10.967339,-5.7740097,Phrase,1,7.4803944
11.380314,-3.8208237,Phrase,0,7.5452952
13.796435,-4.0145326,Phrase,0,7.7910004
12.539227,-6.508508,Phrase,2,7.388856
9.619384,-8.114984,Phrase,2,8.421083
13.385727,-4.7072377,Phrase,0,8.259316
12.573029,-6.1029634,Phrase,0,10.023185
11.056795,-5.483411,Phrase,0,7.7951837
9.857013,-6.3498554,Phrase,1,9.735086
7.7467227,-3.9164476,Phrase,1,7.226858
11.319218,-4.9755263,Phrase,1,7.612086
12.835181,-6.984895,Phrase,1,7.416236
10.60814,-4.974404,Phrase,1,7.428593
11.126221,-6.195895,Phrase,2,7.112238
12.405221,-6.189896,Phrase,2,8.858923
11.060596,-3.9418752,Phrase,0,10.336675
12.971867,-6.1396346,Phrase,0,10.700679
10.688392,-8.808327,Phrase,2,8.635874
11.026075,-6.1890163,Phrase,2,7.643105
10.316213,-8.279732,Phrase,2,9.223013
13.447097,-4.420057,Phrase,0,8.201158
10.829608,-8.834745,Phrase,2,9.298364
13.495096,-4.7173095,Phrase,0,8.431107
12.02116,-5.5128503,Phrase,1,7.684805
11.900079,-5.6903253,Phrase,0,8.111833
10.830179,-6.659243,Phrase,2,8.603723
10.121694,-8.436746,Phrase,2,8.960854
11.625355,-7.541141,Phrase,0,9.323327
12.254156,-3.548281,Phrase,1,8.175997
11.64192,-5.2109933,Phrase,2,7.4918795
10.751298,-7.400838,Phrase,2,8.239159
11.869663,-4.5336018,Phrase,0,8.918189
10.274937,-7.9448786,Phrase,2,8.665165
11.225879,-4.2513857,Phrase,1,7.4351068
10.757532,-5.9942317,Phrase,1,7.2663584
10.782152,-4.207317,Phrase,1,7.5512366
10.800073,-8.837818,Phrase,2,8.670552
10.235857,-9.073671,Phrase,2,8.313922
12.614085,-6.3362126,Phrase,0,9.467295
11.139499,-4.305676,Phrase,2,8.340854
12.159523,-5.4878683,Phrase,0,10.269145
11.816982,-7.0065827,Phrase,2,7.4318867
11.04035,-6.4086313,Phrase,1,10.474781
11.467211,-5.4943657,Phrase,1,7.8946786
12.0708065,-6.614867,Phrase,2,7.5787177
10.792015,-5.5341973,Phrase,1,7.9081807
11.201793,-4.997243,Phrase,1,8.085818
11.320792,-4.928766,Phrase,1,7.557002
10.841312,-4.5545583,Phrase,1,7.511685
10.984969,-3.489323,Phrase,1,7.064081
9.991742,-8.1610985,Phrase,2,8.83716
12.081101,-6.171542,Phrase,2,7.37899
10.526721,-8.467083,Phrase,2,8.428629
11.956149,-5.291877,Phrase,1,6.6096587
12.36001,-6.6887565,Phrase,2,6.7474866
11.289812,-5.3769236,Phrase,2,7.893004
13.704099,-3.750624,Phrase,0,8.2192335
12.393838,-4.129991,Phrase,0,8.169883
11.167612,-4.215702,Phrase,0,10.531382
12.988833,-6.203895,Phrase,0,10.556464
12.795917,-6.1962714,Phrase,0,8.38423
10.489532,-5.98305,Phrase,2,8.985514
12.463531,-6.622533,Phrase,1,6.6186457
9.5412655,-7.580595,Phrase,1,7.138988
10.435975,-6.514931,Phrase,1,7.622272
12.166488,-5.6644125,Phrase,0,9.932209
12.384471,-4.3600206,Phrase,0,7.937009
10.541998,-7.321618,Phrase,0,9.512151
9.965281,-8.675682,Phrase,2,8.515055
13.677515,-4.277194,Phrase,1,7.976379
12.21513,-5.3355994,Phrase,2,7.2375045
11.084659,-6.068731,Phrase,2,8.132006
12.2459755,-4.442402,Phrase,0,7.724579
10.751801,-5.0805554,Phrase,1,8.158194
12.080493,-4.2189307,Phrase,0,8.663526
11.6785,-5.880593,Phrase,1,7.4356294
11.43229,-6.3894143,Phrase,2,7.442314
11.628755,-5.7991695,Phrase,0,9.711218
12.72872,-5.2945504,Phrase,0,9.591608
11.133458,-6.2349515,Phrase,0,10.268339
10.93693,-4.3000836,Phrase,1,7.303937
11.741772,-5.9524236,Phrase,2,7.1554146
10.54961,-5.5408254,Phrase,1,8.623089
11.095133,-5.0749383,Phrase,1,6.8527246
10.808536,-4.8894205,Phrase,1,7.629293
11.360241,-5.3797565,Phrase,1,7.982239
10.327729,-5.194398,Phrase,1,7.5503435
9.553798,-7.711372,Phrase,2,7.247426
12.218614,-5.0672364,Phrase,1,7.1588798
11.625386,-5.833041,Phrase,2,7.026779
12.380679,-5.7754693,Phrase,0,10.091363
10.529759,-5.8980494,Phrase,1,7.221768
12.669696,-4.547524,Phrase,1,7.4569006
11.428814,-5.2290506,Phrase,0,9.650287
10.643568,-7.675336,Phrase,2,7.4285727
10.764067,-5.3096976,Phrase,0,7.9224067
-4.6834292,1.6795019,Phrase,1,11.9200325
10.484145,-5.2617645,Phrase,1,7.731905
11.725087,-5.9787126,Phrase,0,8.904338
12.718278,-5.256611,Phrase,0,9.05671
10.274969,-5.304255,Phrase,1,7.7194896
10.863074,-8.592697,Phrase,2,8.030271
11.837919,-5.8405757,Phrase,2,9.011024
10.456521,-5.155016,Phrase,2,9.3106365
12.5518055,-5.537632,Phrase,1,8.32365
11.3239155,-4.882823,Phrase,1,8.885596
10.868846,-7.2838106,Phrase,2,8.428763
11.306267,-5.6174717,Phrase,2,9.131616
11.236131,-5.4606194,Phrase,0,8.917263
11.902804,-6.0493984,Phrase,0,9.633887
10.976904,-7.3166933,Phrase,2,8.275866
11.5840225,-5.0295563,Phrase,2,7.8368115
13.432545,-4.647029,Phrase,0,8.067735
11.491129,-5.5910497,Phrase,2,8.8274765
9.702738,-8.662503,Phrase,2,8.962296
10.662593,-4.060136,Phrase,0,9.998303
12.5631895,-4.075851,Phrase,0,8.396581
11.940244,-5.73433,Phrase,2,8.171507
10.782518,-6.2602124,Phrase,2,9.911616
10.700125,-5.9729342,Phrase,2,9.040985
10.331691,-5.8015537,Phrase,0,8.266746
10.3536,-4.7703304,Phrase,1,8.119209
11.943517,-6.5573735,Phrase,2,7.72856
10.630837,-7.2519855,Phrase,2,8.1421175
10.41783,-4.77253,Phrase,1,6.288061
12.261026,-6.766064,Phrase,2,7.2688155
9.918356,-8.593164,Phrase,2,9.241169
11.808859,-5.8634553,Phrase,0,7.985472
10.414899,-5.9389067,Phrase,2,8.366526
11.868845,-7.5416646,Phrase,2,8.441907
10.2048025,-4.8717613,Phrase,1,8.206356
15.027016,-3.1256871,Phrase,1,8.255545
10.285564,-5.098302,Phrase,1,7.832469
11.518075,-6.2230234,Phrase,0,9.046474
11.950539,-5.9299335,Phrase,0,9.385903
11.241661,-6.124215,Phrase,0,9.039237
12.110586,-5.841412,Phrase,0,8.35208
11.884546,-4.7214966,Phrase,2,7.0829163
10.374384,-8.634722,Phrase,2,8.352549
12.283842,-6.5483885,Phrase,2,7.584431
11.377129,-8.924872,Phrase,2,7.6456366
11.625629,-1.859252,Phrase,1,5.9580483
12.7052965,-6.0956182,Phrase,0,10.784775
11.223013,-6.247598,Phrase,2,7.3122916
12.337611,-5.0375113,Phrase,1,7.241509
11.814656,-5.4702606,Phrase,1,6.9203258
11.34212,-6.982329,Phrase,2,7.2264595
11.706211,-5.2758107,Phrase,1,7.301914
10.286287,-5.997164,Phrase,2,9.02597
11.372227,-5.6280203,Phrase,0,8.04244
10.110234,-6.624174,Phrase,1,7.9129453
12.697836,-6.1895285,Phrase,2,7.1747227
11.703799,-4.6141562,Phrase,1,7.886642
11.4529085,-6.9387307,Phrase,2,7.358479
10.30476,-5.595381,Phrase,2,7.981647
12.195202,-6.2034636,Phrase,2,8.376709
10.957388,-7.325686,Phrase,2,9.214857
11.371806,-5.2835226,Phrase,1,9.509484
9.483936,-8.324357,Phrase,1,8.633958
10.391201,-5.0437446,Phrase,1,7.8651934
9.546994,-8.164238,Phrase,1,8.404984
12.203906,-5.0962586,Phrase,0,10.314265
9.946753,-8.489245,Phrase,1,8.07322
12.04236,-5.052557,Phrase,2,7.0913672
10.925241,-4.473887,Phrase,1,8.882877
10.392577,-8.374064,Phrase,2,8.661541
12.200049,-5.2006063,Phrase,0,10.297856
-4.6846333,1.6798612,Phrase,1,11.92124
13.323016,-5.1195064,Phrase,1,8.1561775
12.245664,-6.3485126,Phrase,0,7.697498
10.364536,-8.676591,Phrase,2,9.179265
10.162747,-7.3577304,Phrase,2,9.081546
11.564683,-5.723005,Phrase,1,7.0378647
10.832178,-5.694701,Phrase,2,9.756915
11.659526,-6.164331,Phrase,2,7.220725
12.094845,-5.8224053,Phrase,1,7.552938
9.704088,-8.172379,Phrase,2,8.356467
11.048482,-6.3321376,Phrase,2,8.653637
11.871672,-6.780414,Phrase,2,7.3882914
12.799702,-5.6051764,Phrase,0,9.03183
10.048948,-6.3191595,Phrase,1,9.596764
11.506298,-6.692706,Phrase,2,7.0798306
11.506832,-5.6932006,Phrase,2,8.061048
11.056779,-5.601343,Phrase,0,10.0387125
10.868241,-6.4684405,Phrase,2,9.079911
12.186862,-5.7045574,Phrase,0,8.814182
11.328968,-4.870447,Phrase,0,9.047983
12.100285,-5.6628833,Phrase,0,8.443945
11.490906,-5.6241975,Phrase,2,8.365663
11.505927,-5.3222337,Phrase,0,9.833185
12.294786,-5.6302166,Phrase,0,8.02396
11.234157,-4.6589336,Phrase,0,8.860459
10.460623,-4.728782,Phrase,1,6.2594666
11.820795,-4.677041,Phrase,0,8.984113
13.516515,-4.871651,Phrase,0,8.608952
12.795686,-6.5024414,Phrase,1,7.7721925
12.859738,-6.987119,Phrase,2,7.37346
10.60955,-4.7670827,Phrase,1,7.260587
10.9333,-7.0658827,Phrase,2,8.712087
10.865487,-6.28378,Phrase,2,8.845569
11.176514,-6.5117393,Phrase,2,7.2316427
9.9228325,-6.454135,Phrase,0,9.890303
11.81745,-6.5083914,Phrase,2,6.668204
9.545572,-8.400902,Phrase,2,8.664089
10.596561,-5.1083736,Phrase,1,9.494972
10.717512,-6.268369,Phrase,1,7.0043507
12.38324,-5.8125143,Phrase,0,9.76054
10.893445,-4.8420634,Phrase,0,8.545206
9.434523,-7.324437,Phrase,2,8.165331
10.61941,-6.105216,Phrase,2,9.121539
13.865402,-4.270596,Phrase,0,8.860807
11.471424,-6.123217,Phrase,1,6.906662
10.688209,-4.773483,Phrase,1,7.2181315
12.038545,-6.5850143,Phrase,2,7.68009
11.967969,-6.555343,Phrase,2,6.7426534
10.264053,-5.2471204,Phrase,1,7.760853
10.826363,-6.2828226,Phrase,2,8.632452
11.808491,-6.2180576,Phrase,2,7.746217
10.773296,-6.7700458,Phrase,2,9.836151
10.999338,-6.023198,Phrase,0,8.096629
10.86888,-6.6173167,Phrase,2,9.052298
10.513482,-5.0920897,Phrase,0,9.635015
10.534046,-7.561133,Phrase,1,7.48009
11.643269,-5.8374033,Phrase,0,8.243539
12.691681,-5.867159,Phrase,0,8.241208
11.729406,-6.322216,Phrase,1,6.5962825
10.849946,-5.021571,Phrase,1,8.065118
11.258905,-7.672715,Phrase,2,7.41707
11.341796,-5.6021657,Phrase,0,9.24541
11.576251,-7.146891,Phrase,2,7.3397627
10.239368,-8.647571,Phrase,2,8.669146
9.92536,-8.953785,Phrase,2,8.430515
10.121836,-8.968242,Phrase,2,8.7389555
11.47331,-5.447729,Phrase,1,8.54576
12.031228,-5.7366996,Phrase,0,8.831505
9.829717,-6.347069,Phrase,0,9.860261
10.592085,-5.2465005,Phrase,0,9.788804
11.951919,-5.2442756,Phrase,0,10.160773
10.1879835,-8.555604,Phrase,2,9.314608
10.564036,-4.8743534,Phrase,2,9.391859
10.714363,-4.5745215,Phrase,1,9.07126
11.952672,-5.0839415,Phrase,1,6.236651
10.982353,-6.952814,Phrase,0,10.145088
12.8779335,-5.6565084,Phrase,0,10.4597845
11.254167,-6.623581,Phrase,2,7.2307315
10.996968,-6.1929307,Phrase,2,9.908022
11.678809,-3.9659593,Phrase,0,10.348206
11.909952,-6.4263906,Phrase,2,9.039375
13.116161,-5.7082143,Phrase,0,10.692949
10.274567,-8.220947,Phrase,2,9.166445
12.812892,-5.219509,Phrase,2,7.5563216
12.489034,-5.3297215,Phrase,0,8.814242
12.704331,-6.1057177,Phrase,1,7.3911805
10.855682,-5.9527206,Phrase,0,9.7180195
10.6122055,-6.67061,Phrase,2,8.821252
13.96085,-4.740091,Phrase,1,8.108736
11.070773,-6.0455747,Phrase,2,7.9789634
10.161796,-8.769388,Phrase,2,8.770037
12.066255,-6.033,Phrase,2,8.05483
11.051221,-4.1397204,Phrase,1,10.206123
9.906596,-6.3040752,Phrase,0,9.895157
11.415249,-5.2845073,Phrase,0,9.622711
10.305204,-6.5421023,Phrase,2,9.05476
10.822405,-7.0278206,Phrase,1,8.9302
11.423645,-3.736039,Phrase,1,7.4437127
11.874522,-5.982552,Phrase,0,9.961144
13.678879,-4.4468794,Phrase,0,9.090933
10.646029,-6.1630297,Phrase,1,6.838257
11.770556,-6.8388767,Phrase,2,7.8338385
10.512516,-6.5390043,Phrase,2,8.76493
10.6217,-6.8961062,Phrase,2,9.506991
10.670607,-6.6006703,Phrase,2,9.01939
10.375006,-5.2413535,Phrase,1,7.5481067
10.497104,-6.981527,Phrase,2,8.869267
12.417679,-4.6282196,Phrase,0,8.443849
11.954693,-5.4403486,Phrase,1,7.287632
11.884585,-6.6612835,Phrase,2,7.523919
10.106805,-9.007568,Phrase,2,8.734008
12.801949,-6.8087597,Phrase,1,7.3361588
13.082628,-5.204903,Phrase,0,7.918753
11.02867,-4.312575,Phrase,1,7.171881
10.6967325,-6.580609,Phrase,2,8.72985
14.001406,-3.8600862,Phrase,0,7.5506663
9.483889,-7.2423987,Phrase,1,6.894458
10.447423,-4.2337923,Phrase,1,9.42327
11.690604,-6.502554,Phrase,2,7.5598235
10.773823,-5.689228,Phrase,0,9.410857
10.792782,-4.252929,Phrase,1,7.5551023
10.436826,-6.932526,Phrase,2,8.265732
11.101126,-5.4518685,Phrase,0,9.389299
11.940302,-4.6037474,Phrase,0,8.99655
13.531142,-3.3189666,Phrase,0,8.610275
10.292619,-4.404841,Phrase,1,5.964861
10.843979,-7.5232687,Phrase,2,8.755072
9.887678,-8.578755,Phrase,2,8.996094
10.63444,-8.879164,Phrase,2,8.841775
10.812177,-5.6789165,Phrase,0,10.115972
11.886916,-5.323003,Phrase,1,8.245007
11.099553,-6.819136,Phrase,2,8.712375
12.298309,-5.5484223,Phrase,0,10.444534
11.853518,-4.5690885,Phrase,0,8.978162
-4.681842,1.6785829,Phrase,1,11.918471
11.670257,-6.372819,Phrase,2,8.23043
10.995001,-4.521018,Phrase,1,6.475872
11.88505,-4.548278,Phrase,1,7.590946
10.375516,-5.2930245,Phrase,1,7.6891074
11.792428,-6.522487,Phrase,2,7.133278
10.014785,-8.601713,Phrase,2,9.159976
11.661229,-5.1450496,Phrase,0,10.615572
10.681988,-7.3081303,Phrase,0,8.314134
11.872563,-5.1831207,Phrase,0,8.709845
-4.6819873,1.678246,Phrase,0,11.918768
13.131523,-5.7344666,Phrase,0,10.721518
10.851621,-4.2987185,Phrase,1,7.531236
9.40098,-7.5487456,Phrase,1,7.0217586
10.995361,-4.0615273,Phrase,1,9.396936
11.901371,-5.766603,Phrase,0,10.298797
11.959104,-6.470577,Phrase,2,6.892842
13.492588,-4.338714,Phrase,0,7.8250103
12.137337,-6.613182,Phrase,2,7.749619
12.268418,-5.187528,Phrase,0,10.092166
11.889517,-6.305321,Phrase,2,7.8224363
11.526926,-4.8455286,Phrase,0,8.299941
10.287164,-6.930762,Phrase,2,8.202195
10.916307,-6.2863765,Phrase,1,9.061826
11.339493,-5.468242,Phrase,2,7.832287
12.456684,-4.7154636,Phrase,1,8.00389
11.452641,-6.7984095,Phrase,2,7.2975183
11.850023,-4.6211576,Phrase,2,7.172397
12.788992,-6.3388076,Phrase,0,8.760716
11.118864,-4.1424007,Phrase,0,10.201684
11.929709,-5.321638,Phrase,0,8.918167
14.000142,-3.8713946,Phrase,0,7.5837917
10.581787,-4.8524685,Phrase,1,6.3660717
11.035891,-4.7955446,Phrase,1,7.6120663
10.72576,-5.317492,Phrase,0,8.32491
12.705765,-5.780414,Phrase,0,9.777197
-4.6831036,1.6774166,Phrase,1,11.919717
10.961431,-5.221105,Phrase,1,8.586388
10.33464,-7.0098615,Phrase,2,8.528167
12.218484,-6.229544,Phrase,2,8.282681
11.900936,-3.040921,Phrase,1,7.9860106
12.471367,-6.7207675,Phrase,2,7.2315087
10.194674,-8.970345,Phrase,2,8.290831
11.616652,-5.9118047,Phrase,1,8.17496
11.679373,-5.7468495,Phrase,2,9.402859
11.282075,-6.900593,Phrase,2,7.6963696
10.624151,-8.938207,Phrase,2,8.8867235
11.794098,-3.2313778,Phrase,1,8.083766
11.336481,-4.299663,Phrase,1,7.805781
12.819812,-6.2829022,Phrase,0,10.542407
9.7722645,-7.056232,Phrase,2,8.695981
11.072953,-5.654341,Phrase,2,8.329963
10.023373,-8.990636,Phrase,2,8.457918
10.865081,-8.682106,Phrase,2,8.128801
13.593082,-3.9443505,Phrase,0,8.894036
11.27083,-5.029897,Phrase,0,8.101903
13.591009,-4.040944,Phrase,1,7.6130137
6.8348484,-1.3552336,Phrase,1,10.039193
10.719452,-6.7533274,Phrase,2,8.982066
10.707597,-6.927906,Phrase,2,8.927508
9.461919,-8.351968,Phrase,2,8.641368
10.218978,-8.769878,Phrase,2,8.804858
11.123565,-6.1589456,Phrase,0,9.358168
10.62791,-5.250615,Phrase,0,7.6021028
12.358892,-6.1614013,Phrase,2,7.993655
14.005975,-4.7584777,Phrase,1,8.066878
11.1772175,-5.4665546,Phrase,2,7.653575
11.173576,-5.844048,Phrase,2,7.682956
11.445102,-4.8390155,Phrase,0,9.16769
10.131224,-6.3346806,Phrase,1,7.7602825
11.055204,-7.3376637,Phrase,0,7.751751
9.820842,-8.723001,Phrase,1,8.944101
11.894138,-3.1520743,Phrase,1,7.9641185
12.136868,-5.8653345,Phrase,2,7.8886557
10.709608,-7.410296,Phrase,2,8.300296
11.645533,-5.508968,Phrase,0,9.016099
10.800911,-4.1571355,Phrase,1,10.0358715
13.427735,-4.392369,Phrase,0,7.668854
10.483301,-8.924201,Phrase,2,9.111513
9.797642,-9.015149,Phrase,2,8.227829
10.332753,-5.1972265,Phrase,1,7.7026057
11.506933,-5.2505655,Phrase,0,9.615648
12.396369,-4.82959,Phrase,0,8.544163
10.291853,-8.940114,Phrase,2,9.032348
9.965977,-8.688494,Phrase,2,8.463721
10.027329,-8.599354,Phrase,2,9.214219
10.240428,-7.644828,Phrase,2,8.983764
13.342373,-5.01573,Phrase,0,8.568691
10.058493,-8.372671,Phrase,2,9.048685
10.2220955,-8.700206,Phrase,2,9.183799
12.351286,-5.678265,Phrase,0,9.289445
10.063195,-6.8645067,Phrase,2,8.757537
11.556264,-3.929711,Phrase,1,8.143471
11.705797,-4.5811887,Phrase,1,7.044203
9.940735,-8.572347,Phrase,2,8.920719
11.620364,-1.8435919,Phrase,1,5.942622
11.0545225,-6.51932,Phrase,1,7.8397346
11.635585,-4.712485,Phrase,0,8.679249
10.73171,-4.5113792,Phrase,0,9.939636
11.321072,-8.031938,Phrase,2,8.774628
10.536485,-7.883552,Phrase,2,8.578261
-4.688042,1.6759,Phrase,1,11.924817
11.142952,-4.5153155,Phrase,1,11.2259035
10.696525,-8.482287,Phrase,2,9.242469
14.59258,-3.486946,Phrase,0,8.350678
11.429101,-7.241265,Phrase,2,7.2208223
10.906032,-3.578402,Phrase,1,7.112791
12.8340645,-5.643894,Phrase,0,9.40402
10.175445,-8.533488,Phrase,2,8.210449
10.680047,-4.7594476,Phrase,1,6.558939
10.555435,-6.10344,Phrase,1,9.793361
10.856917,-7.678048,Phrase,2,9.04511
12.924397,-5.4819736,Phrase,0,8.621153
10.684481,-8.421911,Phrase,2,9.231906
12.026442,-7.0255575,Phrase,1,7.2985444
10.163379,-7.729352,Phrase,2,8.039115
11.124872,-5.032392,Phrase,1,8.337869
9.788343,-7.770667,Phrase,2,8.920123
11.362873,-4.887216,Phrase,0,8.275176
10.981764,-6.002507,Phrase,2,9.553442
11.032235,-6.2275743,Phrase,2,8.630175
12.417867,-6.2358823,Phrase,1,7.038753
11.082276,-5.9884667,Phrase,0,9.273184
11.108696,-5.1541905,Phrase,0,7.864742
11.689304,-5.951128,Phrase,0,9.521351
11.761391,-6.8013177,Phrase,2,7.730404
11.057633,-3.4518516,Phrase,1,7.0441427
11.855312,-5.7658606,Phrase,2,7.8588862
12.361907,-6.1587825,Phrase,2,7.9055047
12.738432,-5.8478456,Phrase,1,9.293591
11.674063,-5.9974,Phrase,2,7.675291
12.067299,-3.948009,Phrase,1,8.300981
12.454831,-6.137984,Phrase,2,7.882694
11.397251,-5.1190367,Phrase,1,8.809449
11.155554,-5.3734217,Phrase,1,7.458425
10.963065,-6.4504437,Phrase,2,7.206241
11.502521,-6.250729,Phrase,2,7.3974414
11.175018,-6.6024437,Phrase,2,7.385039
9.812235,-8.467082,Phrase,1,8.294891
13.476431,-4.3978677,Phrase,0,7.7409678
10.285234,-5.937061,Phrase,1,7.5447583
12.031352,-6.497218,Phrase,2,7.2638655
12.325057,-6.6032796,Phrase,2,8.150951
11.960018,-5.0984883,Phrase,1,6.255284
10.315489,-8.846519,Phrase,2,8.374833
10.566248,-7.1961346,Phrase,2,7.5356703
12.206391,-6.1764827,Phrase,1,7.514669
12.52735,-5.7123504,Phrase,0,8.84491
10.430632,-4.924404,Phrase,1,9.539371
11.804173,-5.4588466,Phrase,1,6.9114366
10.103426,-6.131453,Phrase,0,7.1238675
12.323668,-4.042982,Phrase,1,8.091719
10.2123375,-8.029709,Phrase,2,8.705923
10.709863,-6.250327,Phrase,2,9.235
10.912411,-5.9992046,Phrase,0,7.4251847
12.266747,-7.7797766,Phrase,2,7.4268303
10.477998,-6.3500257,Phrase,0,8.459216
9.486296,-8.304713,Phrase,2,8.583781
10.866047,-5.2439837,Phrase,1,6.7911897
12.372841,-4.728186,Phrase,1,8.066565
12.038511,-4.597668,Phrase,0,9.107797
11.05524,-3.4319775,Phrase,1,7.0380645
10.417433,-8.617051,Phrase,2,8.595064
13.806066,-4.050921,Phrase,1,7.681176
11.959331,-5.102848,Phrase,1,6.252869
10.3930855,-8.859765,Phrase,2,9.030884
12.689261,-4.1709538,Phrase,0,8.487274
9.9709835,-8.563136,Phrase,2,9.089569
11.713223,-6.474266,Phrase,2,7.1543713
12.146146,-5.872142,Phrase,0,8.562896
12.386135,-5.8095317,Phrase,2,7.7830925
11.875183,-5.6439466,Phrase,2,7.8800497
11.99193,-4.9531794,Phrase,0,9.631572
10.294395,-4.4337025,Phrase,1,6.032492
13.0138645,-6.114801,Phrase,0,9.600661
12.853158,-5.5217524,Phrase,0,9.859025
10.856139,-8.805569,Phrase,2,8.194574
12.0924225,-6.290349,Phrase,0,9.305686
9.575931,-7.579344,Phrase,0,7.156832
11.796324,-4.7818146,Phrase,0,7.336677
11.540094,-5.469603,Phrase,1,7.671463
10.496793,-8.916938,Phrase,2,8.407956
11.265951,-4.569723,Phrase,1,11.073212
10.455565,-7.25898,Phrase,2,9.477447
12.230601,-5.55673,Phrase,0,8.382395
10.699902,-6.661754,Phrase,0,9.33363
11.335938,-3.8722713,Phrase,1,7.606512
11.444343,-5.9080358,Phrase,2,8.49569
11.108849,-4.304193,Phrase,2,8.335
12.064171,-5.9062076,Phrase,2,8.265624
10.911906,-6.4065323,Phrase,2,7.4053645
12.217499,-5.918399,Phrase,2,7.752782
11.3189535,-5.751151,Phrase,1,9.861765
10.134147,-6.524717,Phrase,0,9.942749
12.969613,-5.4712563,Phrase,0,9.881232
12.441465,-4.2643967,Phrase,0,8.082997
10.8174715,-5.3218627,Phrase,2,8.820316
10.609643,-7.060335,Phrase,2,8.941528
11.434392,-6.2539654,Phrase,0,7.7896204
11.839732,-5.0211887,Phrase,1,8.2476225
12.784478,-5.662702,Phrase,0,10.386673
12.616632,-6.6252437,Phrase,2,7.7371225
11.095378,-5.144346,Phrase,1,7.8218083
11.118205,-6.8989005,Phrase,0,9.52994
11.609547,-6.3019595,Phrase,0,9.597825
10.91314,-7.7242675,Phrase,2,8.055061
10.732687,-8.827906,Phrase,0,9.223516
10.59896,-7.4737935,Phrase,2,8.895027
10.130073,-8.918374,Phrase,2,8.668555
12.182601,-5.681095,Phrase,0,8.292247
10.676553,-6.924015,Phrase,0,10.071933
9.608737,-8.539563,Phrase,1,8.540794
10.927473,-6.0288787,Phrase,1,8.100807
13.240572,-4.31485,Phrase,0,9.148776
11.944635,-5.0840397,Phrase,1,6.2326965
11.241202,-6.32193,Phrase,2,8.553902
10.84042,-6.3848867,Phrase,2,10.075859
11.108039,-5.6515207,Phrase,0,10.20986
11.038472,-5.327908,Phrase,2,8.451377
10.089566,-8.460267,Phrase,2,8.845216
11.461186,-6.2133436,Phrase,2,7.5182943
12.458976,-5.3686833,Phrase,2,8.439698
12.737304,-6.2161,Phrase,2,7.2769027
11.899584,-3.0481691,Phrase,1,7.9856567
12.014544,-5.3815064,Phrase,2,7.7234898
10.999072,-5.626348,Phrase,2,8.208351
11.082316,-5.590209,Phrase,0,8.791739
11.131138,-6.124246,Phrase,2,7.313484
12.369956,-5.596985,Phrase,0,8.992389
11.492306,-6.4417486,Phrase,2,7.670036
10.615719,-8.391057,Phrase,2,8.166662
11.063591,-7.414499,Phrase,2,7.625562
12.196525,-6.2604194,Phrase,1,7.900765
11.703125,-7.565413,Phrase,2,7.3227997
12.463573,-6.554118,Phrase,1,6.6131234
11.118513,-5.9855866,Phrase,2,7.130595
11.085482,-6.1933355,Phrase,0,10.022639
11.06977,-3.622735,Phrase,1,7.1421733
11.8382635,-6.8615465,Phrase,0,8.0579195
10.531998,-6.364773,Phrase,2,8.880811
9.828001,-8.611848,Phrase,1,9.059976
11.638735,-4.720181,Phrase,1,7.7526736
10.275661,-8.835712,Phrase,2,8.613371
9.963715,-8.561162,Phrase,2,8.713286
10.471124,-8.923767,Phrase,2,8.411054
12.100421,-6.661081,Phrase,2,7.628091
11.747598,-5.784542,Phrase,0,9.751982
9.81534,-6.2922783,Phrase,1,9.745857
10.279525,-8.496064,Phrase,2,9.068898
10.717921,-7.492248,Phrase,2,8.839187
12.34216,-3.9655533,Phrase,0,8.355491
14.925887,-3.1824512,Phrase,0,8.285152
12.505091,-5.5899463,Phrase,0,9.266569
11.817252,-5.278636,Phrase,1,7.788795
11.555381,-5.6314282,Phrase,0,8.147386
12.164149,-7.06142,Phrase,2,6.975086
10.656939,-6.181245,Phrase,2,9.15792
11.054172,-7.503042,Phrase,2,7.6467266
12.052355,-5.4095216,Phrase,0,8.287279
11.406167,-3.8163562,Phrase,1,7.497913
10.538255,-6.937237,Phrase,2,7.593098
10.852197,-5.688236,Phrase,0,9.094688
10.439931,-4.7301526,Phrase,1,6.256684
13.758644,-4.247657,Phrase,1,8.058383
11.920774,-6.3786764,Phrase,1,6.7501464
10.481491,-7.409905,Phrase,2,8.831563
11.507732,-5.4110465,Phrase,2,7.788972
11.874933,-5.348149,Phrase,0,10.182114
12.3555975,-5.9601846,Phrase,0,7.7021365
9.9210615,-6.466965,Phrase,0,9.874326
11.614351,-7.6317472,Phrase,2,7.270759
10.484902,-8.846016,Phrase,2,8.438685
11.551593,-5.767533,Phrase,0,9.446722
10.100228,-8.228226,Phrase,2,9.226891
12.774339,-4.706775,Phrase,0,8.619992
10.182958,-8.35538,Phrase,2,9.113002
10.322316,-6.9539833,Phrase,2,7.4728312
12.2607975,-5.482427,Phrase,0,8.517187
11.584369,-5.3414683,Phrase,0,10.561581
11.618699,-4.958426,Phrase,0,8.872193
11.446177,-4.3093095,Phrase,0,11.003174
11.921052,-6.065899,Phrase,1,7.714598
13.14746,-5.209219,Phrase,0,8.345514
11.499356,-6.1129384,Phrase,0,9.442964
12.2053585,-5.8898735,Phrase,0,8.731286
12.009636,-5.93072,Phrase,0,10.354926
10.19833,-4.164,Phrase,1,5.748562
10.757832,-6.0561438,Phrase,2,8.034781
12.302022,-6.6633954,Phrase,2,8.112242
11.850916,-6.474755,Phrase,0,8.7077265
12.206077,-6.283667,Phrase,2,8.250221
11.711978,-5.012201,Phrase,1,8.189725
10.004967,-8.857382,Phrase,1,8.19202
10.924311,-7.703484,Phrase,2,7.2386403
10.956086,-8.591167,Phrase,2,9.449018
12.479841,-4.618831,Phrase,0,8.067083
11.202068,-5.4211025,Phrase,1,7.935342
10.800472,-5.843491,Phrase,1,6.6662273
11.298776,-5.3408904,Phrase,1,7.219869
12.159156,-5.913056,Phrase,0,8.201467
11.93437,-6.429201,Phrase,2,7.3670344
10.997238,-5.9759336,Phrase,1,7.326375
10.934435,-6.33467,Phrase,1,9.490619
10.657583,-6.034892,Phrase,2,8.382316
10.936657,-6.2925286,Phrase,0,9.642635
11.734447,-5.7190857,Phrase,2,7.681916
10.086356,-8.55303,Phrase,2,8.802871
11.896411,-4.672817,Phrase,0,8.855516
11.138043,-6.1759143,Phrase,2,7.52275
10.9827585,-4.6174607,Phrase,2,8.165316
9.5155525,-7.69561,Phrase,1,7.2030587
10.450587,-4.675338,Phrase,1,6.2587075
9.915282,-7.3519387,Phrase,2,8.876469
11.478749,-7.132005,Phrase,0,6.6664643
10.921714,-4.9540343,Phrase,1,8.167201
10.665822,-8.394378,Phrase,2,8.484738
10.79629,-6.951463,Phrase,2,8.48793
11.217547,-6.3696527,Phrase,2,7.710965
12.58033,-6.1580834,Phrase,2,7.0248218
11.527889,-5.510485,Phrase,2,8.159851
11.707267,-4.491411,Phrase,1,11.020726
12.204832,-6.378599,Phrase,0,9.686778
9.944636,-8.7206545,Phrase,2,8.742857
10.86586,-6.0062056,Phrase,2,8.934121
11.934399,-5.3199344,Phrase,0,8.874166
11.6240425,-5.3172946,Phrase,0,8.574696
10.239744,-8.618946,Phrase,2,9.211595
10.971686,-6.8429623,Phrase,0,8.731524
11.204747,-6.0010085,Phrase,0,9.803721
9.928277,-4.709506,Phrase,0,6.3284774
10.833095,-8.630137,Phrase,2,8.35483
12.793115,-4.968064,Phrase,1,8.3665285
10.747324,-4.723331,Phrase,1,7.1585937
12.217695,-5.166114,Phrase,1,7.1608744
11.4307785,-6.384523,Phrase,2,7.92195
10.278293,-8.972731,Phrase,0,8.954465
10.935183,-5.987156,Phrase,2,7.3246818
11.945762,-5.9119534,Phrase,2,8.374353
6.827584,-1.3451566,Phrase,1,10.044128
11.415942,-5.0605836,Phrase,0,8.593638
11.312976,-4.6965814,Phrase,0,8.436477
10.257031,-4.8490357,Phrase,0,8.226466
-4.68556,1.6751232,Phrase,1,11.922199
9.8891,6.4008765,Phrase,1,6.9010816
12.151968,-5.2041254,Phrase,1,7.654078
11.887612,-4.653363,Phrase,0,8.920061
10.354536,-4.624292,Phrase,1,6.186271
12.889748,-5.2459636,Phrase,1,8.085521
11.091363,-6.491527,Phrase,2,7.397616
11.46431,-5.976927,Phrase,2,8.28224
12.564215,-5.954141,Phrase,2,9.090149
12.017921,-5.8052397,Phrase,2,7.856337
13.12019,-4.7623105,Phrase,0,8.618756
10.650313,-4.9748,Phrase,1,7.874023
11.443368,-4.2635317,Phrase,0,7.6574907
10.969126,-6.9706154,Phrase,0,10.165728
11.978175,-5.4323096,Phrase,2,7.1354475
10.369016,-8.837406,Phrase,2,8.620224
10.466045,-6.1548467,Phrase,1,7.1082644
11.719263,-5.7847514,Phrase,2,7.594952
13.091535,-5.2082195,Phrase,0,7.958859
12.190239,-6.807996,Phrase,2,8.3364935
10.5936,-6.480544,Phrase,0,9.567731
12.931684,-4.121221,Phrase,0,8.448686
12.610796,-4.105334,Phrase,0,8.491612
12.451337,-6.1168113,Phrase,2,7.009348
10.07281,-8.713077,Phrase,2,8.719096
12.83817,-5.9046307,Phrase,0,9.285429
12.6577425,-4.550728,Phrase,0,7.6141973
10.754119,-7.035132,Phrase,2,9.478472
10.462276,-5.114,Phrase,1,9.507074
10.698265,-6.6612067,Phrase,2,8.589292
10.690142,-8.642936,Phrase,2,9.15182
10.828959,-4.962203,Phrase,1,7.586005
12.355377,-4.967504,Phrase,0,8.710246
10.358018,-8.416768,Phrase,2,8.410648
11.331455,-5.379953,Phrase,2,8.223426
11.496107,-5.7307954,Phrase,1,6.681686
10.115762,-6.271032,Phrase,1,7.751086
11.561105,-5.883008,Phrase,2,6.855185
10.209315,-8.940919,Phrase,2,8.14906
10.897082,-6.3149667,Phrase,2,7.082523
12.422932,-5.2424564,Phrase,0,10.141023
10.245884,-8.198958,Phrase,2,8.813861
10.414411,-6.989053,Phrase,2,8.885076
9.487891,-7.268087,Phrase,1,6.911269
11.104842,-5.8563895,Phrase,0,8.233357
11.77492,-5.78515,Phrase,0,9.41108
10.704648,-8.127083,Phrase,2,8.144358
9.871867,-8.377068,Phrase,1,8.389737
11.088804,-7.2349944,Phrase,0,9.058099
12.520879,-5.8085666,Phrase,0,9.823856
9.955072,-7.879414,Phrase,2,8.018178
12.702484,-6.640864,Phrase,0,8.227373
9.601269,-8.384423,Phrase,2,8.799972
10.498347,-6.189214,Phrase,2,7.1024237
12.5224,-5.87557,Phrase,0,9.473632
11.713105,-5.537434,Phrase,0,8.477005
9.5117235,-7.627652,Phrase,2,7.137019
6.827369,-1.3449277,Phrase,1,10.04423
10.62032,-6.8930254,Phrase,2,7.989105
9.93164,-7.8521013,Phrase,2,8.917621
10.607439,-8.9371605,Phrase,2,8.586641
11.859902,-5.1693172,Phrase,2,8.612565
10.990507,-5.732044,Phrase,2,8.370467
12.416178,-4.3414826,Phrase,0,7.914168
12.097369,-5.173194,Phrase,0,9.285303
12.4188595,-5.772808,Phrase,0,9.402
12.590282,-6.307413,Phrase,2,7.7609215
11.167998,-4.1971035,Phrase,1,8.205128
12.252876,-5.6168733,Phrase,2,7.391886
11.012208,-6.221268,Phrase,2,7.0781446
10.463212,-4.774035,Phrase,1,8.022071
11.261805,-3.5247407,Phrase,1,7.236373
11.087239,-4.1839337,Phrase,1,8.242785
10.324014,-8.571237,Phrase,2,8.223723
12.224109,-5.632468,Phrase,0,9.086007
10.999396,-6.2021947,Phrase,2,7.9617734
10.237408,-8.561891,Phrase,2,8.424686
12.067441,-5.5527744,Phrase,2,7.7446694
11.938176,-5.4783497,Phrase,2,6.966258
11.107192,-3.493054,Phrase,1,7.12514
12.180367,-6.798473,Phrase,2,7.430437
11.220221,-5.9590683,Phrase,1,7.2909446
12.995231,-5.97563,Phrase,0,8.045388
10.082546,-7.484742,Phrase,2,8.986732
11.22321,-7.1405616,Phrase,2,7.686635
13.999677,-4.7584615,Phrase,1,8.073114
11.9054785,-3.008326,Phrase,1,7.9797926
11.215836,-5.976915,Phrase,2,7.4717007
13.073797,-6.0218096,Phrase,0,9.849713
10.91462,-7.000138,Phrase,0,9.307658
11.868134,-6.4954047,Phrase,2,6.720058
10.960205,-5.955977,Phrase,0,9.621268
10.227908,-4.8662324,Phrase,1,8.203615
12.285966,-4.139158,Phrase,1,8.075257
9.94344,-8.868355,Phrase,2,8.620764
10.28274,-8.785506,Phrase,2,8.128667
10.724167,-4.089504,Phrase,1,9.681264
11.425008,-5.1891217,Phrase,1,7.3573503
11.791672,-4.5115113,Phrase,0,8.901402
10.754568,-8.7939,Phrase,2,8.037277
11.584095,-5.289798,Phrase,2,8.20127
11.707873,-5.338973,Phrase,0,8.501558
11.3045635,-4.990305,Phrase,1,7.557423
9.404062,-7.3063364,Phrase,2,8.159081
11.213774,-6.2520328,Phrase,2,7.2187285
11.479899,-4.30949,Phrase,1,10.9485655
11.126429,-4.1039877,Phrase,0,10.13963
12.448707,-6.096273,Phrase,0,9.153594
10.735275,-7.059948,Phrase,0,9.712616
11.392677,-3.929677,Phrase,0,7.6085615
11.529728,-3.69289,Phrase,1,7.4483967
11.220682,-5.985054,Phrase,2,7.5895243
11.529216,-7.4839067,Phrase,0,7.2898545
10.006186,-6.774947,Phrase,1,7.2443
13.558115,-3.7009847,Phrase,0,8.382848
11.117211,-3.5130296,Phrase,1,7.132543
10.58398,-6.975082,Phrase,2,7.5352926
11.0564575,-6.768055,Phrase,2,8.650487
11.474781,-6.856916,Phrase,2,7.299218
10.131133,-5.804948,Phrase,2,9.1649885
12.412109,-4.8537846,Phrase,0,8.259
11.382012,-5.874707,Phrase,2,6.9174027
11.019471,-4.5313354,Phrase,1,6.4351506
10.911677,-5.807767,Phrase,1,7.663509
10.444472,-7.1542215,Phrase,2,9.173869
11.370636,-5.6844378,Phrase,2,9.394116
10.411131,-8.165284,Phrase,2,9.24431
11.904251,-5.7435517,Phrase,0,8.717482
10.673226,-6.9229646,Phrase,0,10.077627
11.623005,-6.0954,Phrase,0,9.891935
10.593716,-6.656076,Phrase,2,8.848555
9.896862,-8.291488,Phrase,2,8.549792
12.141061,-5.074776,Phrase,0,9.342567
10.839124,-5.5418034,Phrase,2,8.861078
11.902233,-5.6363626,Phrase,1,8.119448
13.010351,-5.896548,Phrase,2,8.071741
13.063974,-6.039262,Phrase,0,9.436739
11.131762,-6.1179514,Phrase,0,9.005981
12.622168,-6.364281,Phrase,2,7.9758635
10.396617,-4.6376305,Phrase,1,6.1878557
10.326755,-5.1243305,Phrase,1,7.6165504
11.02582,-4.5678205,Phrase,0,10.058757
12.329086,-4.450483,Phrase,0,8.918476
12.336797,-5.9586134,Phrase,0,8.977381
11.373105,-4.933824,Phrase,0,8.989426
10.382227,-4.52703,Phrase,1,6.198998
11.836373,-5.607266,Phrase,2,7.9768314
11.318389,-6.301867,Phrase,0,9.50589
12.147048,-4.081829,Phrase,1,7.214496
10.864477,-8.194323,Phrase,2,8.139344
11.296308,-4.1711535,Phrase,1,7.0321617
10.194854,-5.4248986,Phrase,1,7.168898
11.610971,-6.8327537,Phrase,1,8.4309225
11.099163,-4.463904,Phrase,1,10.871865
12.368389,-6.7940974,Phrase,0,7.6889396
10.78804,-6.796854,Phrase,0,9.481646
11.348283,-5.866387,Phrase,2,8.377865
11.19022,-4.2386208,Phrase,0,7.985041
10.859412,-5.2294817,Phrase,0,6.7634306
13.149659,-5.7364507,Phrase,0,10.721451
11.345863,-6.241976,Phrase,0,8.985265
10.422288,-7.1100516,Phrase,2,8.9825115
11.098732,-5.513707,Phrase,0,7.9922814
9.893592,6.5276213,Phrase,1,6.881454
11.697853,-6.2585325,Phrase,2,7.4676538
10.833343,-4.4984097,Phrase,1,7.1433387
11.567769,-6.070164,Phrase,0,8.506644
13.990682,-4.2925806,Phrase,0,8.457772
12.597453,-6.0581007,Phrase,0,10.099457
11.843217,-5.7724524,Phrase,2,7.7580514
11.045211,-4.9023457,Phrase,0,9.037951
11.811164,-5.751962,Phrase,0,8.318865
9.916623,-8.492166,Phrase,2,8.26514
11.089413,-6.2192316,Phrase,2,7.2658978
11.041566,-7.9328403,Phrase,2,8.052172
13.561825,-4.0961823,Phrase,0,8.373302
12.113724,-5.498474,Phrase,0,10.071927
12.239655,-4.368674,Phrase,1,7.565376
13.8729105,-3.939107,Phrase,1,8.223762
11.0077,-7.526932,Phrase,2,8.315732
9.461366,-7.3842263,Phrase,1,7.0252213
11.250851,-4.01708,Phrase,1,7.0298615
11.691394,-5.0827036,Phrase,0,11.116728
10.931476,-6.9415994,Phrase,2,7.93923
12.541307,-6.847323,Phrase,2,7.964775
12.762043,-6.7523384,Phrase,0,8.401251
11.037779,-6.382945,Phrase,0,9.436438
13.754583,-3.6426804,Phrase,0,8.155532
10.657417,-6.7351265,Phrase,2,8.404565
11.72354,-5.6761193,Phrase,0,10.161428
10.60017,-8.757248,Phrase,2,8.249763
10.911117,-7.0997043,Phrase,2,7.778975
10.812442,-6.7686124,Phrase,2,8.938905
11.930184,-5.2371693,Phrase,0,8.67149
12.971576,-5.9367566,Phrase,2,8.030079
10.60059,-5.5475683,Phrase,0,8.587139
10.306007,-5.090083,Phrase,1,7.63087
12.332197,-6.9535747,Phrase,2,8.795059
10.366341,-8.58909,Phrase,2,8.718159
11.119538,-5.263832,Phrase,1,7.6272116
11.977473,-6.9821587,Phrase,2,7.3208165
10.564129,-4.854058,Phrase,1,6.3441997
13.043275,-5.7512593,Phrase,0,8.908349
11.658178,-5.9142876,Phrase,1,6.559156
11.930406,-5.15052,Phrase,2,6.285276
11.299474,-7.136919,Phrase,2,8.151503
10.992509,-8.601049,Phrase,2,9.513153
10.953792,-6.1591864,Phrase,0,10.090311
13.580077,-4.361781,Phrase,0,8.070183
10.457821,-7.0000825,Phrase,2,7.578115
11.715064,-6.5497103,Phrase,0,8.943871
13.067711,-5.75263,Phrase,0,10.673322
11.348711,-5.0514054,Phrase,0,9.190657
10.146293,-8.432989,Phrase,2,9.468861
10.619185,-5.8388987,Phrase,1,6.824675
11.528256,-4.298684,Phrase,1,8.163745
14.290553,-5.244714,Phrase,0,7.9046764
10.915511,-4.3690195,Phrase,1,8.618186
11.63813,-7.1709285,Phrase,2,8.427208
11.041544,-5.9678555,Phrase,2,7.0004554
10.883205,-5.5305214,Phrase,1,7.359316
9.69378,-8.0275545,Phrase,2,8.738166
10.463893,-7.121903,Phrase,2,8.993534
12.600117,-5.2543654,Phrase,0,10.262966
11.714857,-5.458933,Phrase,0,6.9922395
13.003254,-4.9793415,Phrase,0,8.416599
11.352951,-5.818619,Phrase,2,8.868155
15.037387,-3.1110988,Phrase,1,8.259396
10.783376,-4.53482,Phrase,1,7.6128583
12.07442,-6.388847,Phrase,1,6.779638
10.933567,-7.666267,Phrase,2,7.428497
13.00689,-5.7430167,Phrase,0,9.478918
11.511898,-5.1075463,Phrase,1,8.572199
10.653786,-6.8455334,Phrase,0,8.944359
11.539722,-5.1517696,Phrase,0,9.593044
10.485396,-4.325275,Phrase,1,9.510119
11.861077,-5.3421936,Phrase,1,9.005821
11.505594,-6.2860093,Phrase,2,7.6913443
9.857364,-7.841765,Phrase,2,8.908168
12.851505,-6.230266,Phrase,0,10.057157
11.379389,-5.6051073,Phrase,1,7.1201525
12.457736,-6.6506796,Phrase,2,6.6362634
11.015,-4.968499,Phrase,2,8.107957
12.882242,-5.8444166,Phrase,0,9.311583
9.967876,-7.678807,Phrase,2,7.6316047
11.96078,-5.094255,Phrase,1,6.2522144
12.306111,-5.5977817,Phrase,0,9.030837
9.963864,-8.58736,Phrase,2,8.6285305
11.616784,-4.9085765,Phrase,1,8.758818
12.240318,-6.1746736,Phrase,2,8.018281
11.841183,-4.6288056,Phrase,0,8.85896
10.732049,-2.8755639,Phrase,0,3.0788472
12.350556,-6.44096,Phrase,0,8.316197
11.512207,-5.7650948,Phrase,2,8.290794
10.042653,-8.8884535,Phrase,1,8.166279
11.227108,-6.0587363,Phrase,2,7.374728
12.359636,-6.366352,Phrase,0,9.074745
12.909767,-5.4534674,Phrase,0,8.610879
10.416868,-8.150274,Phrase,2,9.179663
12.149041,-4.139084,Phrase,0,8.233931
10.276133,-6.8037615,Phrase,2,8.747314
10.076859,-8.824693,Phrase,2,8.491312
11.022247,-5.061526,Phrase,1,6.9082003
9.960672,-9.037111,Phrase,1,8.511475
10.070126,-8.620796,Phrase,2,8.955065
11.286486,-7.4004254,Phrase,2,7.950799
11.818048,-4.328607,Phrase,1,6.950874
12.065771,-5.2950845,Phrase,1,7.5177803
11.859866,-8.211101,Phrase,0,7.49538
12.635149,-5.8182254,Phrase,0,9.985273
12.050268,-5.3396916,Phrase,1,7.698821
11.746333,-5.5128646,Phrase,2,8.961411
11.16644,-5.949612,Phrase,2,7.5742655
10.571378,-8.90869,Phrase,2,9.011079
11.998193,-6.683837,Phrase,2,7.532978
11.358766,-6.074457,Phrase,2,7.756461
11.535589,-6.1601324,Phrase,2,9.662385
11.09232,-5.4766774,Phrase,0,8.884674
11.983569,-5.732399,Phrase,2,8.103483
12.258326,-6.0615516,Phrase,0,8.028255
10.275139,-5.1467695,Phrase,0,8.179361
11.5125475,-5.0677047,Phrase,0,9.579167
12.189568,-4.89624,Phrase,0,9.673948
10.225028,-7.069515,Phrase,2,8.528395
10.1382675,-5.5886054,Phrase,1,8.0273
13.305043,-4.456973,Phrase,0,8.77549
10.2451515,-8.979649,Phrase,2,8.289179
13.735925,-4.0327287,Phrase,0,8.121974
10.463575,-8.834744,Phrase,2,8.1203985
12.815662,-5.495245,Phrase,1,8.112582
10.3121605,-8.701336,Phrase,2,9.397319
11.055704,-3.4482033,Phrase,1,7.0415034
9.964158,-8.517657,Phrase,2,8.598905
11.439431,-5.8278675,Phrase,0,8.713862
11.661047,-5.544062,Phrase,1,6.9761577
10.8806715,-6.703216,Phrase,2,7.8922253
12.257395,-5.0811243,Phrase,0,10.230409
11.796537,-4.9182534,Phrase,2,7.1801057
10.372632,-6.3074784,Phrase,0,9.381478
12.608413,-5.8363547,Phrase,2,7.1076784
12.800656,-5.8033915,Phrase,0,9.700705
10.511587,-7.2771325,Phrase,2,8.657706
12.164981,-5.749819,Phrase,0,10.582525
10.60846,-8.497634,Phrase,2,8.114183
10.7876005,-4.8705277,Phrase,1,7.235066
12.161714,-4.2656627,Phrase,0,8.544762
12.748685,-5.2766094,Phrase,0,8.460807
13.679065,-4.2893586,Phrase,0,8.052385
11.596213,-5.8614793,Phrase,0,10.304786
10.055791,-8.761959,Phrase,2,8.351462
10.679916,-5.7549176,Phrase,1,6.6583595
10.132621,-8.820464,Phrase,2,8.674755
9.953636,-9.001518,Phrase,2,8.564298
10.855989,-5.5072165,Phrase,2,8.407912
10.257204,-6.12882,Phrase,1,7.221529
11.654556,-7.0645494,Phrase,2,7.394397
12.255835,-5.2772794,Phrase,1,7.5353866
12.899307,-5.420703,Phrase,0,9.363495
13.991144,-3.864894,Phrase,1,7.556857
11.790312,-4.8252077,Phrase,2,8.568961
11.752362,-5.2458143,Phrase,2,9.006711
11.272815,-6.0433683,Phrase,1,6.549848
10.557392,-5.125359,Phrase,1,7.729081
12.674739,-6.2143497,Phrase,2,7.1865582
10.194328,-5.6624546,Phrase,1,7.373786
10.786794,-5.0438447,Phrase,1,7.719329
11.158828,-4.9674454,Phrase,0,7.6690283
11.506097,-6.7072897,Phrase,2,7.3986483
12.77349,-6.0319543,Phrase,0,9.218556
11.065784,-7.4534364,Phrase,1,7.161299
9.757763,-7.6089106,Phrase,1,7.2298775
9.646036,-8.342786,Phrase,2,8.780989
10.556277,-3.9741395,Phrase,1,10.021155
11.382542,-5.616272,Phrase,0,8.989575
11.905541,-5.386475,Phrase,0,8.012316
11.898369,-2.9808443,Phrase,1,8.0778885
11.461486,-8.93721,Phrase,2,7.472512
12.693998,-6.7863975,Phrase,2,7.366284
11.031034,-4.70655,Phrase,1,6.5300164
11.342038,-3.8001997,Phrase,1,7.405036
10.276532,-8.204061,Phrase,2,8.43834
10.361784,-8.776265,Phrase,2,9.072645
10.86482,-7.8338237,Phrase,1,8.026013
10.990743,-5.155035,Phrase,1,7.8094897
11.836825,-6.253084,Phrase,1,8.111702
11.896256,-4.58086,Phrase,1,11.018047
13.755389,-3.642536,Phrase,0,8.157094
11.441848,-4.381958,Phrase,0,10.586981
11.655076,-6.296554,Phrase,0,9.219152
9.518835,-7.6308384,Phrase,0,7.1588283
11.951789,-5.279731,Phrase,0,9.108561
12.18146,-5.7245307,Phrase,2,7.8981996
11.944204,-5.9777255,Phrase,2,9.047945
11.962712,-6.233096,Phrase,2,7.636517
12.543647,-5.0662847,Phrase,0,8.606002
11.464798,-4.978159,Phrase,0,9.337527
9.844439,-8.065778,Phrase,2,8.408317
11.964986,-5.742029,Phrase,2,7.9344234
11.866955,-4.712404,Phrase,0,9.138381
11.51419,-6.250427,Phrase,0,8.569014
12.227826,-5.931962,Phrase,2,8.654892
14.322002,-5.160465,Phrase,2,7.884101
12.540341,-4.255557,Phrase,0,8.523236
11.929052,-6.6926703,Phrase,1,7.612792
12.694108,-5.8315454,Phrase,0,10.358672
11.658367,-6.804696,Phrase,2,8.013039
13.039308,-6.1682773,Phrase,0,10.666887
11.19283,-6.6768026,Phrase,2,8.115769
11.0559225,-3.4483147,Phrase,1,7.042146
11.8530655,-6.1586914,Phrase,2,7.430827
10.372835,-7.1421323,Phrase,2,9.170758
12.733263,-6.184288,Phrase,0,10.063014
10.6579485,-6.8991337,Phrase,0,9.877938
12.073249,-5.2343254,Phrase,0,10.037361
11.908996,-5.9291186,Phrase,0,7.424753
11.228314,-7.6963787,Phrase,2,8.075476
11.792618,-5.114217,Phrase,0,9.064055
11.637642,-5.2269154,Phrase,1,7.2219777
12.230749,-5.340942,Phrase,0,10.465211
11.788226,-5.5881495,Phrase,2,7.5339723
10.079428,-8.471977,Phrase,2,8.903156
10.501094,-7.163962,Phrase,2,8.32842
10.402992,-6.9619336,Phrase,0,8.903137
10.453425,-8.311237,Phrase,2,8.007556
9.750293,-8.280797,Phrase,2,8.053192
11.454233,-6.5537,Phrase,2,9.309853
11.347086,-5.1335373,Phrase,0,9.473827
11.104018,-6.6337547,Phrase,2,7.6970115
13.442972,-4.5034018,Phrase,0,8.328134
11.360066,-6.0091186,Phrase,0,9.963342
12.3700075,-6.3313046,Phrase,2,7.060475
10.0603895,-8.608522,Phrase,2,9.140307
11.302149,-6.6036386,Phrase,2,7.782413
11.476323,-6.0748935,Phrase,0,10.15957
11.202446,-5.963904,Phrase,2,8.064699
11.625154,-1.8592341,Phrase,1,5.9575796
11.110107,-5.4171615,Phrase,1,8.8327675
13.5396595,-4.2362485,Phrase,0,8.328766
13.988579,-3.8640435,Phrase,1,7.5561748
11.707147,-6.3969073,Phrase,2,7.575354
12.300248,-6.6649766,Phrase,2,7.684827
12.795574,-4.717329,Phrase,0,8.5022545
12.812153,-5.9529114,Phrase,0,8.888603
10.400363,-6.558696,Phrase,2,8.877696
9.945091,-6.9232073,Phrase,1,8.258308
11.345658,-5.8677707,Phrase,2,8.380233
10.869577,-6.2992525,Phrase,0,10.198464
12.513111,-4.142044,Phrase,0,8.378161
11.952705,-5.1235213,Phrase,1,6.505824
11.124021,-6.168963,Phrase,2,7.368199
10.476877,-6.7911925,Phrase,2,8.889648
13.028915,-6.063885,Phrase,0,9.505453
10.803114,-7.067244,Phrase,2,8.66836
11.382887,-5.4760413,Phrase,2,7.778299
12.101815,-5.763372,Phrase,1,8.103116
9.8270235,-8.080444,Phrase,2,8.408837
10.564481,-7.76433,Phrase,2,8.696686
10.641318,-4.4320054,Phrase,2,9.94432
10.727293,-7.3483734,Phrase,2,8.462764
10.518439,-8.200074,Phrase,2,7.9799337
12.97218,-5.9156804,Phrase,0,9.3272915
10.8335905,-4.7655683,Phrase,2,7.7394443
12.973837,-5.682754,Phrase,0,10.545162
11.397055,-6.4988327,Phrase,2,7.3249927
12.886016,-7.288386,Phrase,0,10.8394785
9.9174185,-8.335513,Phrase,2,8.8737545
10.968117,-4.022891,Phrase,0,9.534947
13.535746,-4.307073,Phrase,0,8.206587
11.001961,-6.153604,Phrase,0,8.989977
11.900053,-3.0322,Phrase,1,7.9884615
10.624444,-5.8498945,Phrase,2,9.593838
12.028845,-6.3894615,Phrase,0,8.195836
9.57374,-7.2373037,Phrase,1,7.0034313
10.95459,-6.1549864,Phrase,2,7.960677
10.307243,-7.688183,Phrase,2,8.133737
10.394708,-5.8340282,Phrase,0,8.151056
10.756874,-8.569608,Phrase,2,9.530303
12.313179,-5.8714314,Phrase,2,8.006905
9.705936,-8.505995,Phrase,2,8.505237
10.721581,-7.4811835,Phrase,2,8.517944
13.787062,-4.8803334,Phrase,0,8.182088
12.706542,-6.199311,Phrase,2,7.1055584
10.762527,-7.1431,Phrase,2,8.975082
12.473404,-6.1007533,Phrase,0,8.285987
9.755558,-8.293638,Phrase,2,8.288422
11.309447,-5.9269743,Phrase,0,6.8344116
11.050926,-4.346905,Phrase,1,10.240487
12.0638,-4.9498158,Phrase,0,7.5284758
11.514756,-6.1755667,Phrase,2,7.235267
12.113555,-6.7229595,Phrase,2,8.423737
9.6659565,-8.259208,Phrase,2,8.614014
11.489625,-7.0254707,Phrase,0,9.772168
12.3213825,-4.466716,Phrase,2,7.8112626
12.1406975,-6.232816,Phrase,2,7.6715426
10.640811,-8.909723,Phrase,2,8.225523
12.538826,-4.991009,Phrase,1,8.201961
10.874762,-8.883622,Phrase,2,8.898913
10.871305,-6.52717,Phrase,0,8.980986
11.837303,-5.0742993,Phrase,1,8.158947
11.5850525,-5.5408053,Phrase,0,9.293741
11.50267,-5.5819917,Phrase,1,6.8764477
10.997792,-6.156989,Phrase,2,9.731151
12.096559,-6.0027776,Phrase,0,9.218868
12.629648,-6.2415814,Phrase,0,8.760623
10.554057,-7.0162463,Phrase,2,9.024492
12.326931,-3.7982283,Phrase,0,8.346706
10.873746,-4.552943,Phrase,1,8.822363
10.313696,-6.7803254,Phrase,2,9.598194
9.574417,-8.512789,Phrase,1,8.78613
12.704126,-5.782132,Phrase,0,7.8309765
10.858018,-4.4834356,Phrase,1,7.4826574
11.861979,-4.629825,Phrase,0,8.919546
11.777184,-5.8998723,Phrase,0,9.898038
10.150059,-7.589057,Phrase,2,9.06029
10.44415,-6.8928356,Phrase,2,8.381339
11.841551,-5.100201,Phrase,0,7.3686786
11.914751,-8.290462,Phrase,2,7.751907
10.680829,-5.352686,Phrase,1,7.7634335
12.430905,-5.933371,Phrase,2,8.258096
10.59444,-6.979357,Phrase,2,8.629832
11.133266,-6.11542,Phrase,2,7.6774616
11.872595,-6.2043476,Phrase,1,6.953206
11.675925,-6.3965197,Phrase,2,7.312016
10.80131,-7.664501,Phrase,2,7.355577
10.336841,-7.899032,Phrase,2,8.503681
11.552607,-6.3320103,Phrase,2,6.992841
10.19929,-8.5226965,Phrase,2,9.060766
10.40412,-8.934077,Phrase,2,8.49121
11.763362,-5.7455792,Phrase,0,9.531021
11.713559,-5.447688,Phrase,0,9.721221
11.811755,-5.5724826,Phrase,0,10.071983
12.210907,-4.9848413,Phrase,0,9.823296
10.696099,-7.467732,Phrase,2,9.24584
10.09986,-8.6279,Phrase,2,9.322126
10.095644,-8.368603,Phrase,2,8.952727
12.978519,-5.6081147,Phrase,0,9.079996
11.426922,-3.665835,Phrase,1,7.4035854
10.139646,-8.921872,Phrase,2,8.313293
10.578985,-6.9912806,Phrase,2,8.916951
11.0854025,-3.4769232,Phrase,1,7.066869
11.906343,-5.601879,Phrase,2,7.1633377
12.525086,-5.3818727,Phrase,0,8.87263
-4.6844826,1.6764195,Phrase,1,11.921122
11.079909,-6.9960284,Phrase,1,9.31519
10.7982855,-5.6286592,Phrase,2,9.082021
12.515065,-4.7825356,Phrase,0,8.4423065
12.339339,-5.7498417,Phrase,0,9.228699
-4.6901503,1.6707398,Phrase,1,11.926799
12.400544,-5.5293956,Phrase,0,9.961126
12.041551,-6.854597,Phrase,2,7.1146183
10.47666,-6.5513554,Phrase,2,8.741553
10.197862,-4.1359696,Phrase,2,10.170785
10.485857,-7.563891,Phrase,2,8.73707
12.903875,-6.023896,Phrase,0,7.8865075
11.1069145,-4.2716975,Phrase,2,8.331236
11.868764,-7.827167,Phrase,2,7.2937036
9.54087,-7.6355443,Phrase,2,7.1705365
11.62705,-6.0331416,Phrase,2,7.072834
-4.685571,1.6762916,Phrase,1,11.922215
11.903995,-4.5775537,Phrase,1,11.032526
12.341241,-5.391946,Phrase,0,10.521182
10.501577,-4.62398,Phrase,1,7.035595
11.431827,-5.4749207,Phrase,0,8.861907
10.932279,-6.9874234,Phrase,2,8.750531
10.934457,-7.2844453,Phrase,2,8.566417
9.917272,-8.883194,Phrase,1,8.33561
12.924059,-7.398075,Phrase,0,8.50515
12.956428,-6.375219,Phrase,0,10.402057
10.547995,-5.027468,Phrase,1,8.266781
11.923374,-5.6530824,Phrase,0,7.7531204
12.64177,-5.2453036,Phrase,0,9.497651
11.822856,-5.7572446,Phrase,2,8.756802
11.36712,-5.6716957,Phrase,2,8.208128
10.925511,-6.8725157,Phrase,1,7.5953116
10.363039,-5.1803136,Phrase,1,7.574319
12.4222,-2.3139489,Phrase,0,7.252828
11.124056,-7.325449,Phrase,0,8.429686
10.95499,-6.34568,Phrase,2,9.394341
11.922067,-4.892351,Phrase,0,9.206066
11.374794,-7.3348694,Phrase,2,7.718517
10.445939,-6.8763227,Phrase,2,8.836113
11.786266,-8.88703,Phrase,2,9.087957
11.958845,-5.476526,Phrase,0,9.230909
10.279682,-6.656259,Phrase,0,7.9767504
11.821951,-4.732867,Phrase,0,7.1341214
10.412336,-8.663186,Phrase,2,9.107989
10.758751,-5.1445737,Phrase,0,9.116488
10.201402,-4.122859,Phrase,0,10.179686
11.129301,-5.555647,Phrase,0,10.463811
11.126635,-6.232996,Phrase,2,7.299389
12.898645,-6.853072,Phrase,0,7.3437476
12.712755,-6.0720987,Phrase,2,6.9670777
11.206006,-5.5369062,Phrase,2,6.712949
10.420217,-8.52679,Phrase,2,8.913134
12.429489,-4.3123097,Phrase,0,8.0301
11.270931,-4.1632614,Phrase,1,7.0233064
11.749978,-5.7095637,Phrase,0,9.523718
11.587575,-5.540783,Phrase,0,9.282712
11.778872,-5.176846,Phrase,0,8.373853
11.416843,-5.464412,Phrase,2,7.02503
11.3457,-5.020133,Phrase,0,9.126237
11.351214,-6.5794377,Phrase,0,9.88337
12.305115,-5.654105,Phrase,0,10.386215
12.28509,-6.252605,Phrase,0,10.738505
12.784321,-6.239189,Phrase,2,7.8893185
12.097269,-6.0791144,Phrase,2,7.78731
11.350799,-4.0267096,Phrase,0,10.58639
9.860519,-8.643888,Phrase,2,9.030173
11.53217,-5.691931,Phrase,2,7.056453
12.035241,-5.9308395,Phrase,0,9.306959
12.167142,-5.2123365,Phrase,0,7.5087337
10.179504,-8.482934,Phrase,2,9.068361
11.7209,-6.513202,Phrase,2,7.8747582
12.200972,-5.2121067,Phrase,0,9.8814335
10.7381935,-4.7633257,Phrase,1,6.6034255
12.962366,-5.998941,Phrase,0,9.787891
11.923806,-5.5265255,Phrase,2,7.3541427
12.562697,-5.2213264,Phrase,0,8.673579
14.567618,-3.7272732,Phrase,0,8.5894
10.425801,-5.2979264,Phrase,1,9.609426
12.956998,-6.1201963,Phrase,0,9.731685
12.182221,-5.1790347,Phrase,1,7.2319818
11.017188,-5.8330746,Phrase,1,8.102346
10.241203,-7.8917217,Phrase,2,8.74569
11.128893,-6.799633,Phrase,2,9.026817
11.586995,-6.285286,Phrase,2,7.6028895
13.691366,-4.2824497,Phrase,1,7.8984914
12.322504,-4.8954997,Phrase,1,7.2270265
10.2989025,-8.811828,Phrase,2,8.307354
11.610913,-6.192787,Phrase,2,7.425112
11.94742,-5.1068897,Phrase,1,6.2931786
12.78397,-5.420581,Phrase,1,8.286474
12.727221,-5.396856,Phrase,1,7.9351864
9.886683,-4.9421406,Phrase,1,8.084812
11.520582,-6.1512427,Phrase,2,6.847248
14.3231325,-5.2463164,Phrase,2,7.896213
11.690747,-6.0932717,Phrase,1,8.176375
11.014407,-6.380421,Phrase,0,10.506915
11.109343,-7.891094,Phrase,0,9.9534235
10.787527,-5.8589544,Phrase,1,7.4208846
11.100457,-6.2445073,Phrase,2,7.28064
10.748616,-6.445343,Phrase,2,9.960635
10.957718,-8.741475,Phrase,2,8.127301
10.462504,-6.8712754,Phrase,2,8.576603
10.318093,-7.236036,Phrase,2,9.057842
10.482837,-7.319883,Phrase,2,8.434573
12.484294,-4.7519517,Phrase,0,8.447021
12.351202,-5.9517016,Phrase,0,7.76397
11.1712055,-6.1644773,Phrase,2,7.3361387
11.288484,-5.318213,Phrase,1,6.8317604
12.961425,-5.397883,Phrase,1,8.349027
10.768212,-6.2908177,Phrase,2,7.7567015
9.9062,-8.953065,Phrase,1,8.469818
11.274784,-5.929191,Phrase,2,7.8676686
13.67216,-4.3636937,Phrase,0,8.110447
12.262244,-5.1430125,Phrase,0,10.489233
10.723053,-4.2676435,Phrase,1,9.960776
11.725539,-4.6735806,Phrase,1,7.82907
12.615019,-6.416155,Phrase,0,8.118233
11.011538,-5.808799,Phrase,0,10.032036
12.189465,-6.4748387,Phrase,2,7.706447
10.97248,-6.570557,Phrase,0,9.540495
11.350159,-6.320127,Phrase,0,8.414211
11.335284,-6.562778,Phrase,2,7.0168676
10.675849,-7.9571543,Phrase,2,8.233821
10.43107,-5.3459125,Phrase,1,8.091858
11.624972,-1.858123,Phrase,1,5.9570494
11.810891,-6.5812573,Phrase,2,6.8182983
10.578411,-6.376898,Phrase,2,9.050612
11.684216,-5.1706367,Phrase,0,10.557026
12.204122,-5.3003654,Phrase,0,8.214132
13.944958,-4.8371315,Phrase,1,8.140856
11.1541195,-4.2393594,Phrase,1,10.520804
12.830104,-4.538676,Phrase,0,8.333318
13.764752,-4.235768,Phrase,0,8.551496
10.326964,-6.1349206,Phrase,2,8.258452
10.863551,-8.383138,Phrase,2,8.848242
9.499433,-8.330145,Phrase,2,8.623591
11.379287,-5.7546434,Phrase,2,8.098295
10.772621,-6.6619253,Phrase,2,8.154311
11.948266,-6.51709,Phrase,2,7.2941995
11.997638,-6.2049227,Phrase,0,7.6435256
11.495042,-6.301713,Phrase,2,7.89724
11.281753,-6.611694,Phrase,2,8.050431
10.1303215,-8.348232,Phrase,2,9.133157
12.659439,-5.881947,Phrase,0,9.976113
10.366418,-7.217208,Phrase,1,9.471259
15.042077,-3.1054714,Phrase,1,8.262311
10.549024,-7.3124056,Phrase,2,8.998507
12.258424,-6.082029,Phrase,2,8.289025
12.822413,-6.3805575,Phrase,2,7.8944607
11.098977,-4.3992267,Phrase,0,8.856082
10.03841,-8.542075,Phrase,2,8.229376
11.291513,-7.3385115,Phrase,2,8.429669
12.222503,-5.238606,Phrase,1,7.20793
10.99094,-7.327797,Phrase,2,8.810058
10.654818,-6.2342196,Phrase,2,9.864951
10.566432,-6.5101285,Phrase,2,9.136148
11.632514,-5.922336,Phrase,0,8.703135
12.632615,-5.538301,Phrase,0,9.28621
12.024424,-5.4114995,Phrase,2,7.724785
11.051522,-5.5729604,Phrase,2,8.328872
11.215761,-6.8851266,Phrase,2,7.6269927
6.736659,-2.798338,Phrase,0,14.416184
11.862068,-5.936271,Phrase,2,7.756136
11.657248,-7.393459,Phrase,2,7.2556143
10.031094,-8.995357,Phrase,2,8.582178
12.520821,-6.1800017,Phrase,2,6.931854
11.358469,-5.9469876,Phrase,2,8.64477
12.198074,-5.6918945,Phrase,0,8.257918
10.452494,-6.2424,Phrase,1,7.287967
11.536335,-5.6389813,Phrase,0,9.5213585
11.287906,-5.2462153,Phrase,1,8.482407
11.060728,-4.0665493,Phrase,0,7.7134066
11.107992,-4.7565656,Phrase,0,8.255449
11.046251,-4.459453,Phrase,1,10.8456745
10.500677,-6.0048757,Phrase,1,9.899393
12.291137,-5.0679274,Phrase,1,9.229718
12.07946,-4.912346,Phrase,1,7.739582
12.3181,-6.4959507,Phrase,1,6.7462726
10.374039,-6.9015584,Phrase,2,8.851481
11.669516,-8.822676,Phrase,2,7.291437
12.056312,-5.8518753,Phrase,0,8.424397
9.8300905,-7.030123,Phrase,2,8.695778
12.325343,-5.9621825,Phrase,0,8.264178
10.038667,-8.745405,Phrase,2,8.62304
11.835323,-4.5290575,Phrase,1,7.0764403
10.876823,-6.095131,Phrase,1,7.1517115
9.903788,-8.700726,Phrase,2,8.780861
11.205946,-6.118236,Phrase,2,7.3707232
11.047896,-4.5045342,Phrase,0,8.563987
12.200323,-5.179824,Phrase,0,10.240097
11.675795,-4.5907183,Phrase,1,8.788368
12.806617,-5.378729,Phrase,0,9.915317
13.209841,-5.0542603,Phrase,0,8.685008
11.642789,-6.6778345,Phrase,0,7.7765217
12.29514,-4.8522425,Phrase,0,9.691012
10.796192,-7.6076355,Phrase,1,7.1985583
12.380888,-5.989306,Phrase,2,7.4881015
12.0986805,-4.0849237,Phrase,0,8.260691
10.522692,-6.199864,Phrase,2,9.265837
11.3456135,-7.060509,Phrase,1,7.2238765
11.701464,-8.823163,Phrase,2,7.313186
10.811188,-8.66773,Phrase,2,8.1002
10.71421,-4.0247416,Phrase,1,9.916146
11.070262,-6.4679837,Phrase,1,6.913357
10.999047,-6.3757534,Phrase,2,10.463827
11.915652,-6.5434346,Phrase,2,8.426691
11.819523,-5.4753036,Phrase,2,6.93301
12.413732,-5.368186,Phrase,0,9.030687
10.340702,-4.930482,Phrase,1,8.08351
12.991352,-5.9320226,Phrase,0,8.0534315
11.367835,-5.1824565,Phrase,1,8.411311
11.142986,-6.577238,Phrase,2,9.123356
13.625018,-4.0195317,Phrase,0,7.6061916
9.880839,-8.590219,Phrase,2,9.15906
11.134192,-6.7979445,Phrase,0,9.182977
11.307043,-5.467246,Phrase,2,6.9143305
11.114407,-5.381887,Phrase,1,7.3068976
13.854423,-4.247494,Phrase,0,8.331009
12.298887,-6.110728,Phrase,0,8.609001
13.628304,-4.4045467,Phrase,2,7.9437656
13.034936,-7.0295415,Phrase,0,9.938944
10.072505,-8.434664,Phrase,2,9.504957
11.273525,-5.0157313,Phrase,0,9.11484
9.833066,-7.77556,Phrase,2,7.4035945
10.790833,-5.779291,Phrase,2,8.187275
10.09067,-6.7294097,Phrase,1,8.306471
10.081761,-7.9575114,Phrase,2,7.9279118
11.423393,-6.3300285,Phrase,2,8.176709
10.147041,-4.833611,Phrase,1,8.200221
12.490013,-4.661169,Phrase,0,8.206315
11.037531,-6.2912607,Phrase,0,9.121186
10.074512,-5.9551125,Phrase,1,8.179929
12.647112,-6.687722,Phrase,0,9.653235
9.547276,-7.6809535,Phrase,2,7.212578
11.166492,-5.4127674,Phrase,0,9.2473135
10.497774,-7.3810163,Phrase,2,9.093394
14.484877,-3.5624323,Phrase,1,8.345497
9.7080555,-7.0097685,Phrase,1,8.736811
10.039241,-8.401863,Phrase,2,8.71049
11.516808,-5.1934867,Phrase,0,8.577355
10.154199,-5.8179073,Phrase,2,9.16567
11.433984,-4.280503,Phrase,1,10.8969965
11.29187,-8.678858,Phrase,2,8.589409
11.47121,-5.5550704,Phrase,0,7.22587
11.262617,-5.35116,Phrase,2,7.9709992
10.861509,-6.2283792,Phrase,0,8.989846
10.924835,-5.7530656,Phrase,2,7.4030066
10.665023,-6.7985206,Phrase,0,10.018312
9.641658,-8.47525,Phrase,2,8.7134695
12.71991,-5.3984375,Phrase,1,8.111602
10.98708,-6.1153574,Phrase,2,7.0785456
13.665513,-4.3557343,Phrase,0,8.090651
10.939954,-5.7160935,Phrase,0,8.0989065
11.112499,-7.239312,Phrase,2,7.798723
11.890079,-5.6385517,Phrase,0,10.320124
12.592531,-4.1924896,Phrase,0,8.564443
9.907294,-7.8197246,Phrase,2,8.929817
10.872579,-6.039443,Phrase,1,7.0749307
14.01391,-3.8546655,Phrase,1,7.5480514
11.523652,-5.968799,Phrase,2,6.9839025
10.50648,-7.261885,Phrase,2,9.015393
9.979667,-8.380319,Phrase,2,8.640339
14.034472,-4.7424054,Phrase,0,8.060534
12.174099,-4.9831834,Phrase,0,8.780247
15.040015,-3.1069298,Phrase,2,8.263428
10.299381,-4.7801266,Phrase,1,8.185266
11.144195,-4.5089984,Phrase,1,11.215336
10.46205,-7.01477,Phrase,1,8.12554
10.397505,-5.825711,Phrase,0,7.3967886
12.318057,-3.8510199,Phrase,1,8.356816
12.181163,-6.7123723,Phrase,2,7.4369144
9.788324,-8.836204,Phrase,2,8.5348
12.940911,-5.280351,Phrase,1,8.584979
10.232241,-6.93372,Phrase,1,7.40257
10.745963,-6.7121873,Phrase,2,8.5777445
10.170552,-6.955214,Phrase,0,7.4234405
11.743619,-6.5309477,Phrase,2,7.478602
10.851339,-5.5545354,Phrase,0,10.043307
10.745451,-5.714661,Phrase,0,8.726709
10.562358,-4.715962,Phrase,1,7.049268
10.073346,-5.1528234,Phrase,1,8.070369
11.836805,-5.3957705,Phrase,0,8.716401
11.618474,-6.258692,Phrase,2,8.269461
11.3867655,-4.1810236,Phrase,1,10.432048
10.980184,-6.5218663,Phrase,1,7.794681
12.042938,-6.504794,Phrase,2,6.8944893
10.31954,-6.9248366,Phrase,2,7.863323
11.03577,-5.396703,Phrase,1,6.776752
10.559221,-8.667079,Phrase,2,8.6356945
11.916742,-6.677021,Phrase,2,6.9877353
10.833776,-5.733669,Phrase,2,9.770783
11.715111,-7.1039014,Phrase,0,10.039538
12.247714,-4.9734354,Phrase,1,7.153909
10.168874,-6.6054273,Phrase,2,9.848619
12.5291815,-6.4206,Phrase,2,6.7617664
12.892236,-6.8830543,Phrase,1,7.3237805
12.265829,-7.021467,Phrase,2,7.3527837
10.43776,-7.7972865,Phrase,2,8.618684
10.923554,-6.210204,Phrase,0,9.515507
12.581714,-6.012899,Phrase,0,10.333184
10.3374405,-7.0623674,Phrase,2,8.927026
11.011634,-5.3034735,Phrase,1,7.794859
12.912666,-6.143998,Phrase,0,10.575394
11.110362,-4.424576,Phrase,2,8.24974
10.939558,-5.8291926,Phrase,1,7.6634493
10.242555,-4.6859384,Phrase,1,8.090015
13.484026,-4.316955,Phrase,2,7.900683
10.655867,-4.626724,Phrase,1,8.911472
10.256758,-4.7644286,Phrase,1,8.215611
12.662312,-6.207821,Phrase,2,7.1192527
12.932503,-5.0170946,Phrase,1,9.6441345
10.863152,-5.97087,Phrase,2,9.0698805
12.308025,-3.865868,Phrase,0,8.3562355
11.360287,-3.6793144,Phrase,1,7.4234734
9.886898,-8.085967,Phrase,2,8.938793
11.477872,-6.0285773,Phrase,2,8.171611
10.756818,-6.0619087,Phrase,2,8.425956
11.650355,-5.320452,Phrase,2,8.3481
11.136561,-4.1554737,Phrase,0,10.256731
12.332331,-6.4265404,Phrase,2,7.547408
10.430745,-7.1252723,Phrase,2,8.947832
11.768705,-5.214342,Phrase,0,9.29412
10.117139,-8.033509,Phrase,2,8.23567
10.91863,-5.102078,Phrase,0,8.271462
10.773712,-5.2287374,Phrase,1,6.6137137
12.641353,-5.241698,Phrase,0,9.15574
11.389667,-5.0267754,Phrase,0,9.101532
11.186587,-5.7328415,Phrase,1,7.4057364
11.852703,-4.838992,Phrase,0,9.171418
12.3829565,-6.6650553,Phrase,2,6.692784
12.547666,-5.847553,Phrase,0,8.311276
11.772943,-5.81446,Phrase,2,7.792451
11.193983,-6.0707397,Phrase,0,10.17164
11.2841215,-5.246234,Phrase,1,8.3581085
11.181183,-5.915424,Phrase,2,7.4041047
12.343617,-5.8569546,Phrase,2,8.68644
9.840853,-6.3388367,Phrase,1,9.8350525
11.47718,-5.3093023,Phrase,1,7.6315637
11.374091,-7.327499,Phrase,2,8.325738
11.086472,-4.4826,Phrase,1,10.781116
11.449389,-3.6983945,Phrase,1,9.216359
12.585064,-6.0797453,Phrase,2,6.9591937
11.871608,-4.564633,Phrase,0,8.943354
9.894192,-8.285521,Phrase,2,8.900743
11.831178,-5.9687414,Phrase,0,7.369353
12.906137,-4.6153655,Phrase,0,8.171632
10.3592415,-7.6385117,Phrase,2,8.802864
12.66505,-6.01064,Phrase,0,8.448166
10.135884,-8.980296,Phrase,2,8.094652
11.116919,-6.0336256,Phrase,1,7.3830957
10.90843,-5.3915,Phrase,1,6.91056
11.846387,-4.9885736,Phrase,2,8.731321
11.967046,-5.405284,Phrase,0,8.657252
11.652688,-7.4979854,Phrase,2,7.637382
10.2339,-4.1550007,Phrase,1,5.7602615
9.484377,-7.2717066,Phrase,1,6.9082327
9.735867,-8.468015,Phrase,2,8.680377
11.541222,-6.3842587,Phrase,0,10.607129
11.057415,-3.4094336,Phrase,1,7.029729
11.790433,-5.952067,Phrase,2,7.586471
12.21391,-4.970181,Phrase,0,9.651862
10.435814,-8.777436,Phrase,2,7.946929
10.958334,-6.6167917,Phrase,1,8.1587
10.837087,-5.8581896,Phrase,2,9.062879
10.155449,-5.53305,Phrase,1,8.06657
10.424769,-8.93688,Phrase,2,8.095284
11.271135,-6.5877795,Phrase,2,7.207079
13.009235,-4.3892183,Phrase,0,8.655057
13.032183,-4.3371215,Phrase,1,7.85032
10.7657175,-5.128609,Phrase,1,6.600041
10.606654,-5.0030823,Phrase,1,6.4023876
10.556944,-4.8881254,Phrase,1,6.3623486
10.913257,-5.547696,Phrase,0,9.357799
10.257303,-6.673084,Phrase,2,8.7376795
11.998255,-6.0505276,Phrase,0,9.438857
8.482929,-4.673347,Phrase,1,4.968452
10.584065,-5.3189487,Phrase,1,7.1799893
11.838978,-4.660552,Phrase,1,7.1033096
11.356174,-6.583506,Phrase,2,7.483141
11.755436,-5.650392,Phrase,2,9.108735
11.234209,-6.2768726,Phrase,2,7.4352965
11.549078,-6.756112,Phrase,2,7.597386
11.442714,-5.904318,Phrase,2,6.7462306
10.872175,-5.548074,Phrase,1,7.250835
10.370935,-5.045535,Phrase,1,9.433217
13.419416,-4.45843,Phrase,0,8.210134
11.60039,-4.258861,Phrase,0,10.335866
11.805062,-5.636883,Phrase,0,9.059621
10.58695,-5.1957235,Phrase,1,7.52733
13.728203,-4.6344905,Phrase,0,8.244795
12.468172,-5.4709744,Phrase,0,8.779044
11.84609,-5.8191867,Phrase,0,8.028091
10.724781,-7.6259265,Phrase,2,7.3555517
11.576704,-4.4158945,Phrase,1,7.216791
10.562778,-5.0485096,Phrase,1,9.205716
10.679327,-7.890922,Phrase,2,8.344498
11.93156,-5.9513397,Phrase,2,7.620017
11.421349,-5.064878,Phrase,1,8.452942
10.84184,-8.269645,Phrase,2,8.934148
12.201379,-6.1210957,Phrase,2,7.3692827
10.750041,-8.688313,Phrase,2,8.721877
13.015129,-5.7137523,Phrase,0,8.847366
10.697231,-4.9886003,Phrase,1,8.067892
11.150072,-6.9502797,Phrase,2,8.534721
9.706437,-8.157389,Phrase,2,8.734487
11.625064,-1.8585138,Phrase,1,5.9573812
11.472524,-4.950483,Phrase,0,8.91218
12.7546015,-6.003606,Phrase,0,7.269055
11.0935135,-5.4819713,Phrase,0,8.275491
12.296856,-5.9652257,Phrase,2,8.320834
-4.6799636,1.6809955,Phrase,1,11.916601
11.202289,-6.161933,Phrase,0,10.092387
11.562169,-6.915915,Phrase,2,7.7401414
10.188121,-8.920901,Phrase,2,8.286638
11.10694,-4.2218595,Phrase,0,8.3031
10.663607,-8.773085,Phrase,2,8.605041
12.081848,-5.8642817,Phrase,2,7.768753
11.397899,-6.3249097,Phrase,1,9.884409
12.463333,-4.7895145,Phrase,0,8.454043
11.880507,-3.9505453,Phrase,0,7.6772914
11.268999,-6.021427,Phrase,2,7.8122215
11.104801,-5.834179,Phrase,2,7.330673
11.880618,-5.823594,Phrase,2,8.18075
9.929579,-6.4391947,Phrase,0,9.881893
11.251311,-6.7260847,Phrase,2,7.3510666
11.85152,-4.5729527,Phrase,0,8.986646
13.856532,-3.9530578,Phrase,2,7.5865674
10.665446,-6.956813,Phrase,2,8.916682
11.769136,-4.7696257,Phrase,1,7.8500996
10.730631,-5.874383,Phrase,2,8.366407
10.815489,-3.8945787,Phrase,1,10.156126
10.529934,-3.8964012,Phrase,1,9.896508
11.609102,-7.534303,Phrase,2,8.597124
10.413171,-6.9918995,Phrase,0,8.863447
11.151313,-6.6167336,Phrase,2,7.567231
7.7473707,-3.9166946,Phrase,1,7.2264996
11.821378,-6.1223793,Phrase,2,7.7909594
10.615558,-5.2730727,Phrase,1,7.4744263
11.299667,-4.048321,Phrase,1,7.0454865
12.049899,-5.4150357,Phrase,0,8.681073
12.900276,-5.384653,Phrase,2,7.5284643
11.718653,-5.48147,Phrase,0,10.542029
10.539805,-5.850222,Phrase,2,8.912249
12.061551,-6.2172084,Phrase,2,7.834752
12.094368,-5.3354726,Phrase,0,9.061838
10.936366,-4.4846015,Phrase,1,7.435441
10.815991,-4.4342537,Phrase,1,7.160795
9.89357,6.5277076,Phrase,1,6.8814483
10.934659,-4.163562,Phrase,0,9.29948
10.119346,-8.320024,Phrase,2,9.1481695
11.810963,-5.928835,Phrase,2,9.087749
12.986903,-5.7370396,Phrase,0,9.994064
12.225781,-4.008538,Phrase,0,8.333649
9.6026325,-8.118382,Phrase,2,8.396943
9.828154,-8.978184,Phrase,2,8.692864
12.192411,-6.672046,Phrase,2,7.4258995
12.62108,-6.565566,Phrase,0,6.646138
11.588273,-6.3040414,Phrase,2,7.8728046
10.213658,-8.082418,Phrase,2,8.673389
11.908509,-4.9995937,Phrase,0,8.514886
11.736545,-6.8749213,Phrase,2,7.608221
12.032934,-7.1166916,Phrase,2,7.5606093
12.376336,-4.7744436,Phrase,1,7.998262
15.037931,-3.0994835,Phrase,1,8.272496
13.626685,-4.1815968,Phrase,0,8.0963745
12.17837,-5.645451,Phrase,0,8.365357
11.369625,-3.787335,Phrase,0,7.5640497
9.843006,-7.8566236,Phrase,2,8.880754
12.419841,-6.3949614,Phrase,2,7.5039454
11.325991,-6.3090925,Phrase,1,6.8668385
11.177348,-5.650785,Phrase,1,8.441017
13.045216,-5.7132335,Phrase,0,10.662371
10.572697,-5.417823,Phrase,2,8.538611
10.147621,-6.510914,Phrase,1,7.68857
11.336495,-3.8528488,Phrase,1,7.496666
11.627284,-5.689405,Phrase,2,9.665385
10.802205,-5.3484097,Phrase,1,6.708632
12.515994,-6.331287,Phrase,0,8.932316
10.858468,-5.1095133,Phrase,1,7.82505
11.578798,-5.797386,Phrase,2,7.167127
11.735772,-6.3355136,Phrase,0,9.290779
12.154095,-5.1228743,Phrase,0,9.413651
9.899037,6.5242023,Phrase,1,6.8757906
10.67492,-8.462259,Phrase,2,8.41661
11.968386,-6.3528867,Phrase,2,8.267225
11.958825,-5.847973,Phrase,2,8.264539
11.343043,-5.9646173,Phrase,2,7.0436044
11.290961,-4.682896,Phrase,0,8.51103
11.188017,-4.374794,Phrase,2,8.239986
11.399091,-5.0022907,Phrase,0,9.0497875
12.077673,-5.133426,Phrase,0,9.317712
12.613321,-6.2798624,Phrase,2,7.1555796
10.19752,-5.503696,Phrase,2,8.019281
11.049632,-4.2241735,Phrase,1,10.556612
10.989709,-5.0492206,Phrase,1,7.757257
11.105094,-5.429874,Phrase,2,6.962768
10.846058,-5.5827947,Phrase,0,10.022085
12.182095,-5.0351534,Phrase,0,9.98535
12.023705,-4.4500446,Phrase,1,8.199591
11.640077,-4.922807,Phrase,1,7.4682937
12.389889,-5.5221953,Phrase,0,7.6766195
11.140424,-6.1034026,Phrase,2,7.7399216
6.8271565,-1.3447374,Phrase,1,10.044323
11.685304,-5.8234525,Phrase,2,7.629265
10.42303,-8.7290325,Phrase,2,8.616735
11.593957,-6.039299,Phrase,2,9.0141115
10.411825,-4.710623,Phrase,1,6.247797
10.093391,-8.57541,Phrase,2,8.809752
10.726211,-4.765902,Phrase,0,6.579068
11.080105,-7.9844046,Phrase,2,8.039638
12.1094265,-5.733599,Phrase,0,8.393531
12.604114,-6.0820427,Phrase,2,7.199787
9.395017,-7.6116247,Phrase,1,7.075754
10.169421,-8.40109,Phrase,2,8.999772
11.3191595,-5.5087156,Phrase,2,7.9484477
11.461619,-5.267532,Phrase,0,8.574278
9.3839,-7.541375,Phrase,0,7.027624
11.6254015,-5.360582,Phrase,2,7.05728
10.440315,-8.806082,Phrase,2,8.532128
10.809316,-4.092198,Phrase,1,9.932748
10.705439,-5.413038,Phrase,2,7.7988205
10.902351,-5.1846776,Phrase,0,8.565318
13.07253,-5.5444517,Phrase,0,8.611419
12.709048,-5.5920224,Phrase,0,9.177342
11.091015,-3.4112072,Phrase,1,7.075641
12.232275,-6.3913984,Phrase,2,7.747848
10.509656,-6.0172,Phrase,1,9.794798
11.897404,-4.6402035,Phrase,1,11.008675
11.42996,-6.75459,Phrase,2,7.5376744
12.458754,-4.62792,Phrase,1,7.7168674
12.008481,-8.617071,Phrase,2,7.529467
9.484255,-8.2621765,Phrase,1,8.394254
10.839858,-4.372912,Phrase,1,8.779869
10.408682,-4.8190193,Phrase,1,9.635976
10.840179,-4.4521885,Phrase,2,8.929807
11.216678,-5.031946,Phrase,1,6.603589
11.410373,-4.308595,Phrase,1,10.881965
9.936394,-8.762363,Phrase,2,9.264482
10.105174,-7.1697125,Phrase,1,8.129443
12.033026,-6.060128,Phrase,2,8.201375
11.996149,-6.887541,Phrase,2,7.333382
12.552894,-5.984759,Phrase,0,8.745535
10.915858,-5.6721544,Phrase,0,8.162374
9.751923,-7.098544,Phrase,1,8.709962
10.066191,-5.780498,Phrase,2,9.18059
9.993127,-7.5329304,Phrase,2,8.517305
12.064537,-6.651214,Phrase,0,9.734625
10.142988,-8.410939,Phrase,2,9.49312
10.682704,-5.7022204,Phrase,2,8.898429
12.205253,-6.90521,Phrase,2,7.963096
13.651189,-4.227774,Phrase,1,7.7980914
10.421779,-6.120468,Phrase,0,9.390084
9.989594,-8.000197,Phrase,2,8.487417
9.74978,-8.546912,Phrase,2,8.741357
11.359148,-6.142238,Phrase,0,9.044642
10.923751,-5.7164717,Phrase,1,7.0677614
9.742939,-8.302761,Phrase,2,8.776078
9.583151,-7.285418,Phrase,1,7.0601225
10.935256,-6.2668924,Phrase,2,7.379601
14.000829,-3.8536396,Phrase,1,7.547202
12.049979,-4.503714,Phrase,0,8.176999
10.432202,-8.122908,Phrase,2,8.755927
10.030352,-8.266964,Phrase,2,8.751227
11.898702,-3.0371907,Phrase,1,7.9852467
11.115102,-5.8700743,Phrase,0,7.436458
11.995051,-6.2474437,Phrase,2,7.9028287
12.93311,-4.8451805,Phrase,1,8.346476
10.310428,-6.789464,Phrase,2,9.08074
11.451925,-5.7718134,Phrase,0,8.07187
11.010531,-5.843782,Phrase,2,8.094812
10.641516,-5.124896,Phrase,1,8.661676
10.684536,-6.1060677,Phrase,2,8.329862
10.184718,-8.257433,Phrase,2,8.804599
13.848667,-4.4246626,Phrase,2,7.9651146
13.832332,-4.052381,Phrase,0,8.474271
11.040226,-6.534721,Phrase,2,9.159134
10.676657,-6.101162,Phrase,0,9.405379
11.764851,-6.590393,Phrase,0,8.966887
11.23671,-6.1564374,Phrase,2,7.422291
10.316462,-8.735086,Phrase,2,8.333173
11.875558,-5.3614635,Phrase,1,7.396886
9.695205,-8.3896475,Phrase,2,8.729637
12.062255,-5.2950554,Phrase,0,10.726634
11.625785,-7.100133,Phrase,2,7.1801815
11.16548,-5.7552395,Phrase,2,7.4195213
9.838786,-7.1064744,Phrase,2,8.701003
11.173636,-5.927803,Phrase,1,7.4930124
10.602245,-5.1830473,Phrase,1,8.158103
10.605934,-5.6152697,Phrase,2,8.533581
12.445706,-5.0783525,Phrase,0,8.498539
10.754679,-8.740364,Phrase,2,8.072697
12.769632,-6.793592,Phrase,1,7.571087
10.681083,-7.2371044,Phrase,2,8.887021
12.609037,-5.27652,Phrase,0,8.302946
12.387518,-4.5949807,Phrase,0,9.970298
12.830241,-5.9577494,Phrase,0,8.71159
12.028135,-5.7578807,Phrase,2,7.4193544
12.36331,-5.705817,Phrase,0,9.573745
10.968255,-5.5013947,Phrase,2,8.149334
10.594798,-7.5538735,Phrase,2,7.598449
12.522714,-5.2022295,Phrase,0,8.53764
11.147481,-4.221124,Phrase,0,8.273573
11.092776,-5.8210015,Phrase,1,8.625886
12.109713,-5.921086,Phrase,0,8.435186
11.74116,-4.8001337,Phrase,1,8.681939
10.794101,-5.3464346,Phrase,0,6.9877825
10.2518635,-4.8104463,Phrase,1,8.175679
11.657838,-7.575778,Phrase,0,7.174801
9.845215,-8.707074,Phrase,1,8.203731
12.42549,-6.520864,Phrase,2,8.088937
9.990429,-8.695474,Phrase,2,9.122993
10.412635,-5.2501087,Phrase,1,7.6512966
12.722599,-6.0996594,Phrase,0,9.680801
10.029874,-8.826973,Phrase,2,8.762073
11.026204,-6.1312885,Phrase,0,9.157221
9.934045,-6.470516,Phrase,0,9.897225
11.853145,-4.7138534,Phrase,0,7.180074
10.855448,-8.589734,Phrase,2,8.726846
11.600752,-5.8999677,Phrase,1,6.8501825
11.876273,-6.6182027,Phrase,0,7.935931
12.220326,-6.6266365,Phrase,2,7.504125
13.10917,-5.9780025,Phrase,0,9.36481
10.453571,-4.766233,Phrase,1,6.2805
12.4417095,-4.447513,Phrase,0,8.297988
12.367455,-4.9511557,Phrase,0,8.424618
10.8256645,-5.041599,Phrase,1,8.366975
11.638058,-5.6966953,Phrase,0,9.207844
11.517703,-5.545815,Phrase,2,8.077906
12.770765,-6.1514583,Phrase,0,7.30721
11.643834,-6.6052623,Phrase,2,7.3948565
11.036943,-6.3466473,Phrase,2,9.227071
11.253127,-7.183335,Phrase,2,7.236452
10.778451,-7.3786073,Phrase,2,9.259114
10.87178,-6.487651,Phrase,2,7.732353
12.278941,-5.145696,Phrase,0,10.195132
12.397278,-5.986859,Phrase,1,8.731968
11.072023,-7.972569,Phrase,2,9.618034
13.749206,-4.2406464,Phrase,0,7.9731307
13.856317,-4.001194,Phrase,0,8.488765
10.52796,-6.225691,Phrase,1,8.576463
12.231811,-6.4392767,Phrase,2,7.4460998
10.809363,-5.220545,Phrase,1,6.6576295
13.48379,-4.3518357,Phrase,0,8.061095
11.960808,-6.419754,Phrase,0,9.999594
12.684361,-6.512939,Phrase,2,7.9778857
10.467614,-5.115992,Phrase,1,7.6867332
13.122702,-5.938649,Phrase,0,9.758239
10.81767,-6.879089,Phrase,2,8.581499
10.582979,-6.624096,Phrase,1,8.783113
12.052076,-6.8410454,Phrase,2,7.496895
10.864219,-6.0121975,Phrase,2,9.41959
11.741523,-5.602697,Phrase,2,10.63746
11.048492,-6.0237474,Phrase,2,7.232258
10.932283,-5.9483557,Phrase,1,7.107689
11.198354,-6.3095303,Phrase,0,8.244937
10.645381,-8.88227,Phrase,2,8.16079
11.76437,-4.1057634,Phrase,0,7.8048453
11.336173,-4.0983133,Phrase,1,7.3498626
11.00368,-6.8995466,Phrase,2,7.8804607
11.046484,-3.4633985,Phrase,1,7.023929
11.55014,-5.3189454,Phrase,2,7.590852
12.117785,-6.1190743,Phrase,0,8.522109
11.233433,-4.0865035,Phrase,1,7.8378563
13.479275,-4.4889374,Phrase,0,8.260711
12.286052,-5.6656322,Phrase,0,10.190618
10.003682,-8.5348625,Phrase,2,8.76955
9.8938265,6.52767,Phrase,1,6.8811173
11.845292,-5.348853,Phrase,0,8.691818
10.629135,-5.0044184,Phrase,1,7.65776
12.888703,-5.6462417,Phrase,0,8.95571
11.625227,-1.8579154,Phrase,1,5.9570403
11.495692,-5.5246444,Phrase,1,6.7900114
12.853926,-5.7052436,Phrase,0,8.474144
12.132263,-5.197893,Phrase,0,8.202687
10.8447895,-6.1948357,Phrase,2,9.967958
12.847858,-4.5764723,Phrase,0,8.970901
9.885072,-9.035246,Phrase,2,8.535026
10.484909,-4.8308563,Phrase,1,6.29128
12.11121,-5.965906,Phrase,2,7.7779427
10.020742,-8.957153,Phrase,2,8.269366
12.124923,-5.6097255,Phrase,0,10.394481
10.755339,-6.0818443,Phrase,2,7.608951
10.449991,-4.88368,Phrase,1,9.512924
9.742575,-9.012702,Phrase,1,8.181576
10.746822,-6.1858225,Phrase,0,9.600211
10.219098,-6.1596317,Phrase,0,7.194491
10.782154,-8.597747,Phrase,2,8.335461
11.519362,-6.3182364,Phrase,2,8.636538
11.373323,-4.7310276,Phrase,1,8.361929
10.693587,-6.184096,Phrase,1,8.577356
12.203841,-5.170244,Phrase,0,8.730461
11.988817,-5.222318,Phrase,0,10.331432
12.529226,-5.7068577,Phrase,1,8.231795
12.180884,-5.5946774,Phrase,2,7.9960427
11.814091,-6.0866547,Phrase,2,7.6010776
11.318028,-4.85663,Phrase,0,9.010149
11.903864,-2.9948666,Phrase,1,7.981428
11.127469,-3.994021,Phrase,1,10.497051
11.953668,-4.6335325,Phrase,0,8.749391
6.8270245,-1.3445548,Phrase,1,10.044371
11.922981,-5.765598,Phrase,0,8.112313
10.72815,-7.3075514,Phrase,0,8.682283
-4.684679,1.6770922,Phrase,1,11.921353
10.394449,-4.901546,Phrase,1,9.580084
11.939351,-6.3369546,Phrase,1,7.051686
9.744833,-8.446155,Phrase,2,9.128222
10.906853,-5.083328,Phrase,1,7.7772055
9.615081,-7.546491,Phrase,0,7.189625
11.104948,-5.1652875,Phrase,0,8.120179
12.262272,-5.150338,Phrase,1,7.343628
11.835238,-4.5804167,Phrase,1,7.0738864
10.374581,-5.8529644,Phrase,1,7.3630257
11.745914,-4.542635,Phrase,1,8.857442
11.922488,-5.8412285,Phrase,0,9.193833
11.095666,-6.4068904,Phrase,2,7.278653
10.348144,-8.918856,Phrase,2,8.116203
13.678095,-4.3871274,Phrase,2,8.058091
10.665362,-4.740106,Phrase,1,7.2117133
12.053393,-5.5313888,Phrase,0,8.420381
11.343713,-4.9058676,Phrase,0,8.956405
10.506373,-4.9218307,Phrase,0,9.564898
12.120092,-6.310663,Phrase,1,7.9485974
11.991803,-5.1813745,Phrase,0,10.076025
10.931437,-4.3355827,Phrase,1,8.447726
11.500745,-6.0797777,Phrase,0,9.481052
10.467037,-5.8035154,Phrase,2,9.051557
11.198633,-5.9234576,Phrase,2,7.8184257
11.419908,-5.8175087,Phrase,2,8.606317
10.294129,-8.8543625,Phrase,2,9.002302
11.419039,-3.8261387,Phrase,0,9.246449
10.375089,-7.9143825,Phrase,2,7.917237
10.789439,-5.0231934,Phrase,1,8.506747
12.05449,-5.681869,Phrase,2,7.1734204
10.651817,-5.222253,Phrase,1,7.643995
14.018427,-3.3248582,Phrase,1,8.154035
11.007127,-5.113105,Phrase,0,8.265459
11.535123,-6.849939,Phrase,2,7.81216
11.660237,-5.7936354,Phrase,0,10.348152
12.710945,-5.3764315,Phrase,0,9.977944
11.321513,-5.1894712,Phrase,2,7.9834538
11.99255,-6.496792,Phrase,2,7.7607055
12.41383,-6.0741296,Phrase,0,8.808657
12.386781,-3.727017,Phrase,0,8.413445
10.7374325,-4.233359,Phrase,1,9.968894
10.269783,-6.4465036,Phrase,1,7.7624435
11.548677,-5.704101,Phrase,0,9.921434
10.814836,-6.3665442,Phrase,2,8.632328
10.396111,-8.763786,Phrase,2,9.196029
11.271178,-5.463528,Phrase,1,8.028606
13.993304,-4.4055076,Phrase,0,7.989984
10.069081,-6.3866835,Phrase,1,7.6317964
10.350048,-8.434425,Phrase,2,8.749498
13.303539,-6.8879795,Phrase,0,9.97743
12.669928,-5.4534326,Phrase,0,9.417694
11.089822,-6.2661643,Phrase,2,7.304483
11.7098,-5.5326686,Phrase,1,6.8318405
10.150289,-4.694542,Phrase,1,6.2562566
10.391462,-6.0206895,Phrase,2,8.051005
11.465372,-5.958561,Phrase,0,8.072769
12.105396,-6.202269,Phrase,2,7.256501
12.4369,-4.812272,Phrase,0,7.9616375
10.250794,-6.6055365,Phrase,2,8.263048
10.18738,-7.079462,Phrase,0,8.969312
11.922811,-5.900967,Phrase,2,8.079874
12.092911,-5.8333664,Phrase,0,8.336058
10.2571535,-8.532386,Phrase,2,9.183737
12.079911,-5.388109,Phrase,2,7.389338
10.894595,-8.53923,Phrase,2,8.861069
10.573156,-6.9353247,Phrase,0,8.905934
11.473009,-6.044913,Phrase,2,7.5829844
10.89732,-7.357133,Phrase,2,9.120063
12.784129,-6.760459,Phrase,0,7.376029
11.388077,-4.9625034,Phrase,0,6.9570003
12.462728,-5.9776497,Phrase,0,8.321621
12.662146,-6.2059364,Phrase,2,7.1032295
10.78601,-6.695857,Phrase,2,8.355974
10.469264,-7.7901473,Phrase,2,8.518852
15.497559,-1.6806405,Phrase,0,10.250913
11.514379,-6.2304196,Phrase,0,7.8434644
10.358193,-8.41147,Phrase,2,8.596628
11.112911,-7.152467,Phrase,2,7.2599792
11.267972,-6.053514,Phrase,2,7.4835153
11.007958,-3.518314,Phrase,0,7.040607
9.856578,-9.007845,Phrase,1,8.286827
10.754988,-6.7857876,Phrase,2,8.213539
11.755685,-6.1077023,Phrase,2,7.109036
11.546968,-6.5393715,Phrase,0,6.9819646
12.082005,-4.249566,Phrase,0,8.82308
9.586932,-7.5113792,Phrase,1,7.19512
11.470669,-6.203462,Phrase,0,9.767523
9.529271,-7.671631,Phrase,2,7.1852875
11.346073,-5.842183,Phrase,0,10.094457
14.198051,-5.367758,Phrase,0,7.942213
12.366786,-5.9798107,Phrase,0,8.412186
10.302484,-9.056524,Phrase,2,8.392844
11.740073,-5.9529,Phrase,0,7.322487
10.54254,-8.712245,Phrase,2,8.813491
10.707851,-6.4519525,Phrase,1,7.0430593
11.615546,-6.056642,Phrase,2,7.234636
11.633723,-7.101924,Phrase,2,7.792459
12.602537,-5.796163,Phrase,0,9.596462
11.483088,-4.191309,Phrase,0,10.553498
9.7949,-7.799159,Phrase,2,8.8917675
10.130736,-8.849718,Phrase,2,9.087023
10.672518,-7.421236,Phrase,2,8.219774
11.87772,-4.6397486,Phrase,0,8.942036
10.516291,-7.040941,Phrase,0,8.978413
11.135428,-6.232705,Phrase,2,7.4046645
10.802342,-5.276776,Phrase,1,6.6191373
11.22358,-4.5351353,Phrase,1,11.140585
11.686655,-8.852912,Phrase,1,7.2584643
10.757086,-3.0536687,Phrase,1,3.3020456
12.631692,-6.16711,Phrase,2,8.819373
10.522525,-7.3649354,Phrase,2,9.554713
12.533199,-6.082396,Phrase,2,8.647561
12.928945,-6.215373,Phrase,0,9.015262
11.616043,-6.5376844,Phrase,2,7.5320573
10.679304,-3.90253,Phrase,2,9.993729
12.528288,-5.571247,Phrase,0,8.599834
11.010079,-3.4465933,Phrase,1,6.9879475
10.647711,-4.3194118,Phrase,1,9.785992
10.412703,-8.956153,Phrase,2,8.578517
12.61638,-5.840644,Phrase,0,9.382841
10.487365,-6.994318,Phrase,2,8.926647
11.222657,-5.4937315,Phrase,1,8.43685
11.563466,-5.5288796,Phrase,0,8.829418
14.5635395,-3.4246414,Phrase,0,8.428466
11.077154,-3.4922094,Phrase,1,7.0203705
12.036907,-5.5440717,Phrase,2,8.350037
11.69186,-4.488294,Phrase,1,10.936778
9.786577,-7.753224,Phrase,2,8.923725
9.410266,-7.3008456,Phrase,2,8.162369
10.540242,-5.107533,Phrase,1,6.731664
11.348409,-5.657529,Phrase,0,9.651558
10.433757,-8.41648,Phrase,0,9.319364
11.10177,-4.1953325,Phrase,0,10.486732
11.340493,-5.2085,Phrase,1,7.0027394
10.743668,-5.8324976,Phrase,2,8.684278
10.109397,-6.964082,Phrase,1,7.8542123
10.231219,-9.020161,Phrase,2,8.634624
11.238464,-7.084311,Phrase,2,7.831976
10.328752,-7.1408377,Phrase,2,9.075581
11.875508,-4.85682,Phrase,0,7.711486
10.71516,-5.424246,Phrase,0,8.146979
11.975303,-5.1899753,Phrase,0,9.5178385
11.899491,-3.0354636,Phrase,1,7.986309
10.250807,-4.8750043,Phrase,1,8.161547
14.315337,-5.1938624,Phrase,1,7.9171333
11.073639,-6.031748,Phrase,0,9.493387
10.092602,-7.9419274,Phrase,2,8.547829
13.122812,-6.0465693,Phrase,0,9.602287
11.437426,-4.7237134,Phrase,1,8.410565
11.988527,-5.165102,Phrase,1,7.7771783
11.62451,-4.901919,Phrase,1,7.916829
11.001,-6.236558,Phrase,0,9.175913
11.134701,-7.2787986,Phrase,0,8.447234
10.871703,-6.1325073,Phrase,0,8.220065
12.003141,-5.8998456,Phrase,2,7.889762
10.005362,-8.829172,Phrase,2,8.145621
11.397514,-4.9881277,Phrase,0,9.113213
10.097813,-8.693933,Phrase,2,9.312475
11.229859,-6.3425317,Phrase,2,7.6308074
12.368843,-5.2271214,Phrase,0,10.320767
10.6598625,-6.2744904,Phrase,2,8.901095
11.964218,-5.5062118,Phrase,0,8.469751
9.928706,-8.390281,Phrase,2,9.108382
11.414515,-6.491214,Phrase,2,6.999436
11.077207,-6.5115976,Phrase,2,7.4849772
12.847152,-6.8600035,Phrase,2,7.3453364
10.69966,-5.3220882,Phrase,1,9.555932
10.987632,-5.415476,Phrase,2,7.547752
10.749684,-7.9049983,Phrase,2,8.309655
10.674702,-4.7868886,Phrase,1,8.516302
12.328555,-6.8197865,Phrase,2,7.189248
12.650489,-4.5587535,Phrase,2,7.544169
10.1675415,-8.400178,Phrase,2,8.8651905
12.2374525,-4.759683,Phrase,1,8.076483
10.958019,-5.528371,Phrase,1,8.044487
11.509949,-5.1866336,Phrase,2,7.709832
13.682862,-4.229306,Phrase,0,8.7117
9.5094,-7.6512184,Phrase,2,7.175714
12.611568,-6.2242217,Phrase,2,7.0945845
11.344924,-7.2279315,Phrase,0,7.7970724
13.139385,-5.8038006,Phrase,0,9.202864
12.1702585,-5.5806813,Phrase,0,9.987653
11.068788,-4.5972824,Phrase,0,6.479088
13.07002,-5.972671,Phrase,1,9.689258
9.957681,-8.56897,Phrase,2,8.915561
10.763709,-5.6731863,Phrase,0,9.798067
12.460714,-6.1287723,Phrase,2,8.96323
10.949198,-5.329983,Phrase,1,8.416192
10.7143955,-3.907368,Phrase,1,10.09276
10.507565,-4.673058,Phrase,1,6.3929873
12.487463,-5.4330955,Phrase,0,10.346705
12.25938,-3.5625746,Phrase,1,8.173851
10.688047,-7.6897836,Phrase,1,7.269553
10.89524,-8.523115,Phrase,2,9.437303
12.222391,-5.3618793,Phrase,2,8.253963
11.380107,-4.914646,Phrase,1,7.5931687
11.170572,-5.273638,Phrase,1,7.886823
11.401559,-6.300006,Phrase,0,9.765442
13.345319,-4.3029594,Phrase,1,7.603987
11.669228,-6.118648,Phrase,2,7.7141466
12.494867,-5.740075,Phrase,1,7.152112
10.508364,-6.1214633,Phrase,2,9.159057
10.891793,-6.153609,Phrase,0,9.699763
10.49088,-6.15935,Phrase,1,9.631771
10.806411,-6.636756,Phrase,2,8.392052
10.512244,-6.1254716,Phrase,1,9.79754
12.63938,-6.0115967,Phrase,1,7.0764427
11.524729,-6.0946193,Phrase,0,10.219796
12.314755,-4.1234875,Phrase,0,8.118375
12.120518,-6.552295,Phrase,1,8.637775
12.971238,-5.8410215,Phrase,1,8.0382805
11.687871,-5.9208016,Phrase,0,9.607361
12.316684,-3.7681081,Phrase,1,8.292893
11.421191,-7.2756195,Phrase,2,7.6372137
10.464731,-5.0168605,Phrase,1,7.729943
10.501404,-5.6648808,Phrase,1,7.6049027
9.637695,-8.31484,Phrase,2,8.963697
11.298913,-5.4998918,Phrase,2,8.06634
10.946063,-6.1970897,Phrase,2,7.1826735
12.250247,-4.85394,Phrase,0,9.673144
10.631695,-5.075498,Phrase,2,9.699409
10.527044,-6.8762035,Phrase,2,7.691378
11.523198,-6.475529,Phrase,2,7.803505
10.83873,-8.436352,Phrase,2,9.081466
10.645236,-6.328151,Phrase,2,9.292333
10.761809,-5.548611,Phrase,2,7.7586794
9.745875,-8.215246,Phrase,2,8.533906
12.826077,-5.176442,Phrase,1,7.2246695
10.967603,-6.1209097,Phrase,2,7.3921857
10.855859,-4.2021465,Phrase,1,7.4964085
12.105959,-5.491935,Phrase,0,8.970821
11.029981,-4.5371313,Phrase,1,6.491178
10.344118,-8.851132,Phrase,2,8.281991
11.131748,-6.0528393,Phrase,2,8.747189
10.645213,-7.3829045,Phrase,2,8.682052
11.3595295,-5.3111777,Phrase,2,7.85687
9.998585,-8.959893,Phrase,2,8.492942
11.186045,-6.235227,Phrase,0,9.561996
10.641641,-5.3688626,Phrase,2,7.4749627
11.236711,-5.9903703,Phrase,0,6.4578943
10.113206,-4.924823,Phrase,1,8.238809
11.850542,-6.581016,Phrase,1,7.199034
12.1117935,-5.832684,Phrase,2,8.407659
10.790745,-6.9049926,Phrase,2,9.067469
13.446452,-4.21657,Phrase,0,8.644103
10.251821,-8.11686,Phrase,2,8.743444
10.637015,-6.2788486,Phrase,2,9.245329
9.93939,-6.418598,Phrase,2,9.779521
10.703172,-4.1784697,Phrase,1,10.210408
11.024986,-3.4429266,Phrase,1,7.0114365
10.199332,-6.983385,Phrase,1,7.3337674
12.104877,-5.3751144,Phrase,0,9.359871
11.906456,-5.720355,Phrase,0,9.647877
11.040655,-5.1455617,Phrase,1,8.87136
12.099931,-5.132093,Phrase,1,7.5768294
11.37788,-6.5800643,Phrase,2,7.9194403
11.651355,-5.842438,Phrase,2,8.281747
10.176359,-8.782031,Phrase,2,8.132006
11.011619,-3.4239817,Phrase,1,6.9985094
10.39166,-8.8783,Phrase,2,8.563969
12.629305,-6.1772,Phrase,2,7.1912217
11.449955,-6.021229,Phrase,2,8.334842
10.6876545,-4.567028,Phrase,2,9.751198
10.723836,-6.819151,Phrase,0,9.039595
10.750409,-8.700594,Phrase,2,9.01204
11.223773,-4.526709,Phrase,1,11.137612
11.515557,-6.384076,Phrase,2,7.5661654
12.09458,-4.661755,Phrase,0,8.312846
10.343859,-8.766362,Phrase,2,8.381976
12.189814,-4.4125304,Phrase,1,7.975671
11.530994,-5.8178596,Phrase,2,10.040451
12.507999,-4.731042,Phrase,1,8.431281
10.375741,-7.71043,Phrase,2,9.00717
10.690877,-7.072563,Phrase,2,8.367187
11.346673,-5.6824226,Phrase,2,6.9243374
9.914151,-6.321415,Phrase,1,8.292768
13.912945,-3.9568346,Phrase,0,7.793724
10.848962,-5.6980276,Phrase,2,8.332799
12.077579,-6.870498,Phrase,2,7.3203435
11.7771225,-5.679922,Phrase,0,9.165519
10.960317,-4.9963512,Phrase,1,8.415278
11.819456,-6.881202,Phrase,2,7.288751
12.512176,-5.636642,Phrase,0,8.0130205
13.2817135,-7.765359,Phrase,0,8.600698
11.611597,-5.2432637,Phrase,0,10.485999
11.423576,-6.1271977,Phrase,2,7.59656
11.710352,-4.9029922,Phrase,0,9.476107
12.759177,-3.9719598,Phrase,1,8.229918
9.878773,-8.689826,Phrase,2,8.987597
12.54044,-6.1493797,Phrase,0,8.172202
10.406242,-7.9273753,Phrase,2,8.98934
11.270597,-6.507414,Phrase,2,7.7497525
11.624874,-5.578989,Phrase,2,8.548773
12.064194,-6.6669044,Phrase,2,6.995655
11.5259695,-5.9444923,Phrase,2,8.251793
12.1058655,-7.085297,Phrase,2,7.727603
13.721505,-4.18371,Phrase,0,8.5565405
10.3857975,-9.008233,Phrase,2,8.558347
12.836596,-5.9166164,Phrase,0,7.393971
11.35442,-4.3883057,Phrase,1,8.297713
10.494402,-6.0684805,Phrase,1,8.446926
11.510672,-3.6561174,Phrase,1,7.395478
10.515976,-4.596454,Phrase,1,7.022797
10.614492,-4.8631124,Phrase,0,9.568944
10.255586,-8.751112,Phrase,2,8.812768
13.565714,-4.4499593,Phrase,0,7.9181123
9.821123,-8.301575,Phrase,2,8.444895
11.840977,-5.5852985,Phrase,0,9.711435
11.889574,-6.0332637,Phrase,2,7.7252254
9.846489,-6.3267226,Phrase,2,9.771391
12.163365,-4.892759,Phrase,0,8.880957
11.362984,-5.857869,Phrase,1,7.6527405
10.392465,-4.923879,Phrase,0,9.618992
11.084824,-4.8574347,Phrase,1,8.106257
12.041491,-6.563238,Phrase,2,7.407835
11.607702,-4.4215164,Phrase,1,7.2483487
12.950688,-5.468055,Phrase,0,9.846976
9.650244,-8.040992,Phrase,1,8.563453
10.446129,-6.6681027,Phrase,2,8.584481
11.653348,-6.2693586,Phrase,2,7.1296473
12.144896,-6.4234242,Phrase,2,7.6687517
13.555929,-4.661553,Phrase,0,8.188207
11.410294,-5.4339647,Phrase,0,8.293268
11.26915,-5.2123795,Phrase,0,8.911761
11.527997,-6.520892,Phrase,2,7.391686
10.63567,-8.812787,Phrase,2,9.004915
9.651662,-7.5708146,Phrase,0,7.262169
11.05619,-3.4464803,Phrase,1,7.0423627
13.794428,-3.9342563,Phrase,0,7.585771
9.897077,-8.633022,Phrase,2,8.623354
12.013361,-5.6844654,Phrase,0,8.337296
11.047552,-3.43753,Phrase,1,7.034084
12.742198,-6.3897767,Phrase,0,8.855918
12.205033,-4.8486166,Phrase,0,8.920541
11.3386755,-5.6998534,Phrase,1,8.530954
11.051918,-6.3911877,Phrase,2,7.3553195
13.291669,-5.007652,Phrase,0,8.687335
12.685571,-4.357272,Phrase,0,8.2995205
11.148868,-6.6827173,Phrase,2,8.692352
10.47824,-4.781804,Phrase,1,6.3004613
12.953501,-5.03594,Phrase,0,9.683174
9.592849,-8.043814,Phrase,2,8.774798
11.416017,-6.656293,Phrase,2,7.331207
11.743298,-5.4169936,Phrase,2,6.963024
12.246286,-6.211414,Phrase,1,7.8884397
12.952736,-5.8873076,Phrase,0,8.163039
11.912841,-4.6542,Phrase,0,8.927772
11.691699,-5.7765837,Phrase,2,8.89309
11.913518,-6.5677996,Phrase,0,8.3923855
10.663871,-5.9653845,Phrase,0,8.0708
10.884818,-5.1101265,Phrase,1,7.7212367
11.7798815,-5.736456,Phrase,2,7.785989
10.215732,-8.551169,Phrase,2,8.802905
12.683698,-6.172682,Phrase,0,9.026936
12.793516,-3.893102,Phrase,1,8.229694
10.391978,-4.9265056,Phrase,1,9.600819
10.296179,-4.439394,Phrase,1,6.0217505
10.801376,-4.6121,Phrase,1,8.704923
12.652473,-6.846044,Phrase,2,7.44769
12.356025,-5.3389063,Phrase,0,8.870917
11.270367,-5.296022,Phrase,0,8.419271
10.357257,-5.177073,Phrase,1,6.791455
11.535758,-6.314603,Phrase,2,7.4683957
10.697404,-9.02561,Phrase,0,8.677994
11.914189,-6.474346,Phrase,0,9.702732
11.113902,-6.117577,Phrase,0,10.086066
10.936783,-6.7357426,Phrase,2,8.242641
10.2249775,-6.9137535,Phrase,2,8.6429
11.057349,-6.2666264,Phrase,2,8.034683
14.042134,-3.8181856,Phrase,1,7.527713
10.818936,-5.3559685,Phrase,2,8.856237
13.797555,-4.590316,Phrase,0,8.058345
10.42277,-7.023125,Phrase,2,8.85174
11.441081,-6.0132165,Phrase,2,8.752898
12.602227,-4.1868057,Phrase,0,8.555871
12.312721,-4.7945776,Phrase,0,8.402248
10.384358,-8.366643,Phrase,2,8.071045
10.447172,-4.605103,Phrase,1,6.2688384
11.067842,-5.594903,Phrase,0,7.1227756
9.738346,-8.182131,Phrase,2,8.41418
11.869712,-5.7950926,Phrase,0,9.064948
11.176851,-3.6983998,Phrase,1,7.2651143
10.513176,-6.5403333,Phrase,2,9.72613
10.447422,-7.197915,Phrase,2,9.734438
11.157822,-4.52594,Phrase,1,11.214364
12.403167,-5.7474685,Phrase,2,8.409281
11.645353,-6.5464077,Phrase,2,7.6286893
11.268598,-6.258696,Phrase,2,7.0847445
10.646155,-4.9114375,Phrase,1,6.458138
10.734555,-2.881711,Phrase,0,3.086651
11.958678,-5.7463064,Phrase,0,7.3084016
11.0473175,-3.4667745,Phrase,1,7.0477977
12.368642,-4.879798,Phrase,2,7.9735703
12.123576,-5.69164,Phrase,0,8.498808
11.158025,-5.788351,Phrase,1,7.043113
10.564978,-6.9193068,Phrase,2,9.794339
11.064418,-4.569725,Phrase,0,8.17753
10.1579895,-8.929874,Phrase,2,9.109887
12.948829,-5.998511,Phrase,0,9.018015
12.166176,-6.0412664,Phrase,2,8.670735
11.077614,-6.2956944,Phrase,0,10.043557
11.703943,-4.481715,Phrase,1,11.018704
13.994767,-3.8654237,Phrase,1,7.5542636
10.67263,-8.733562,Phrase,2,8.547101
11.395489,-6.307495,Phrase,2,7.7719264
10.591981,-6.861486,Phrase,0,8.886192
12.011549,-4.6962423,Phrase,0,9.150112
11.662411,-4.8627853,Phrase,1,7.082888
10.109981,-8.86073,Phrase,2,9.174064
10.89447,-6.0970845,Phrase,1,7.269882
9.851476,-8.642919,Phrase,2,9.090948
11.096553,-6.4802017,Phrase,0,9.444101
11.723326,-5.2355313,Phrase,0,8.491373
12.394472,-5.65756,Phrase,0,8.885604
11.612275,-4.7081313,Phrase,1,8.785023
12.5659895,-6.1329985,Phrase,0,7.938962
9.516493,-8.036113,Phrase,2,8.350107
9.98393,-8.234698,Phrase,2,8.698452
12.124469,-5.7681017,Phrase,2,7.956688
11.054897,-4.1904225,Phrase,1,10.540809
12.014855,-5.2918644,Phrase,0,8.421642
10.509488,-7.53443,Phrase,0,9.564498
11.985339,-6.599401,Phrase,2,6.664094
11.7882805,-5.7371902,Phrase,2,7.672091
11.2692175,-8.315191,Phrase,2,7.9169445
11.549157,-5.9971275,Phrase,2,7.9408703
10.917494,-7.3420086,Phrase,2,8.266371
13.304543,-4.0481687,Phrase,1,7.4994807
11.0785055,-6.3593674,Phrase,2,10.063938
11.130053,-4.5469313,Phrase,0,11.212515
11.796023,-4.519005,Phrase,1,11.278356
11.464445,-4.918543,Phrase,0,7.386889
11.035766,-5.2067003,Phrase,2,7.8614526
10.668447,-6.4619627,Phrase,2,7.8521323
10.716127,-8.816079,Phrase,2,8.904525
12.484034,-4.542889,Phrase,0,9.354831
10.093552,-8.607007,Phrase,2,9.349199
12.240106,-3.741214,Phrase,0,8.074192
11.724506,-6.1325874,Phrase,2,7.533763
10.752083,-6.496841,Phrase,2,9.843424
11.068506,-6.784403,Phrase,2,8.895556
10.692855,-6.1812387,Phrase,2,8.004472
11.886807,-6.5281262,Phrase,2,7.5017624
10.654497,-7.189582,Phrase,2,8.924759
9.720498,-7.0489564,Phrase,2,8.7467785
11.63505,-6.18063,Phrase,2,8.106591
11.883491,-5.1328654,Phrase,1,6.955399
12.789445,-6.1438107,Phrase,0,9.807135
10.440179,-7.1809354,Phrase,2,8.551092
10.533988,-6.014089,Phrase,1,7.252633
11.458296,-6.6339545,Phrase,2,7.0377398
10.073139,-6.8576565,Phrase,0,9.708009
11.486227,-6.0151305,Phrase,0,8.63112
10.305543,-6.726401,Phrase,2,8.779397
11.320216,-4.3056664,Phrase,1,8.278049
10.509247,-4.772808,Phrase,1,6.3148313
12.241915,-6.2177243,Phrase,0,9.247898
10.868137,-7.62676,Phrase,2,8.293567
13.927004,-4.2974143,Phrase,0,8.446978
10.247213,-6.414663,Phrase,1,9.434725
12.970067,-6.0251126,Phrase,0,9.637662
9.869014,-8.361366,Phrase,2,9.176235
12.440422,-5.261486,Phrase,0,8.924601
10.807058,-4.8890715,Phrase,1,6.5827746
10.795742,-2.995584,Phrase,1,3.3591132
11.916761,-4.66268,Phrase,1,8.794383
9.774545,-7.79748,Phrase,2,8.919465
11.495591,-5.3946896,Phrase,0,9.009744
9.988604,-8.175761,Phrase,2,8.244625
10.004299,-8.959561,Phrase,2,8.397283
11.194497,-7.4254484,Phrase,2,7.792652
12.633428,-5.1983995,Phrase,0,10.125615
11.224318,-5.6842546,Phrase,0,8.859352
11.852505,-5.2903843,Phrase,0,8.970446
9.829508,-8.972932,Phrase,2,8.341309
13.13871,-4.487896,Phrase,0,9.323821
12.327358,-6.522722,Phrase,0,7.4717526
9.879098,-7.8198624,Phrase,2,8.767635
12.343445,-6.453003,Phrase,0,9.177804
14.560224,-3.6432414,Phrase,1,8.069584
10.520694,-8.004572,Phrase,2,9.327365
11.867344,-5.36612,Phrase,0,7.694969
13.138384,-5.7322807,Phrase,0,10.731996
12.679998,-6.634488,Phrase,2,8.041381
10.054764,-8.756617,Phrase,2,8.993683
10.423067,-8.98247,Phrase,2,8.939242
11.102889,-5.9344816,Phrase,1,7.083448
11.154007,-6.5644765,Phrase,2,7.231425
11.23796,-6.082505,Phrase,1,7.4010553
12.326381,-5.238794,Phrase,1,7.157978
10.064975,-8.74741,Phrase,2,8.85136
11.355364,-6.4933558,Phrase,0,9.282427
10.64151,-7.1483293,Phrase,2,8.751478
12.87961,-6.298694,Phrase,0,10.270713
11.472219,-7.348176,Phrase,2,7.9561605
11.098513,-6.0595927,Phrase,2,7.208906
12.3288,-5.301408,Phrase,0,9.681068
11.019579,-6.111038,Phrase,2,7.22823
10.334432,-8.288355,Phrase,2,8.744936
12.161183,-5.6670833,Phrase,2,8.475664
10.430395,-8.874218,Phrase,2,9.0215435
12.202495,-6.3653307,Phrase,2,7.660595
12.055153,-5.359612,Phrase,2,7.7444353
11.49897,-5.811378,Phrase,1,7.1837525
11.010383,-5.96903,Phrase,2,8.048075
12.593146,-4.0983005,Phrase,0,8.496836
11.165281,-5.5856547,Phrase,1,7.8986497
12.63648,-6.131279,Phrase,1,6.9955325
10.704077,-7.6174674,Phrase,2,7.275272
9.686485,-7.520608,Phrase,2,7.2396274
11.347209,-5.3643317,Phrase,0,10.436867
10.270597,-5.6450686,Phrase,1,7.930348
10.978675,-4.203484,Phrase,0,10.05128
13.518808,-4.314576,Phrase,2,7.814863
12.133545,-5.919812,Phrase,0,9.625911
11.137286,-5.146396,Phrase,0,8.552761
11.570736,-6.118927,Phrase,0,9.077781
12.642218,-5.171195,Phrase,0,8.592177
9.983537,-8.214845,Phrase,2,9.1093
10.165997,-7.1567287,Phrase,1,8.987983
10.440669,-4.7175703,Phrase,1,6.9333506
11.010798,-6.7582192,Phrase,2,8.887926
12.955199,-4.373688,Phrase,1,7.666523
10.881925,-5.5940294,Phrase,0,9.621246
10.673073,-6.6055384,Phrase,2,8.686985
12.241742,-6.3325024,Phrase,2,8.101571
10.02407,-8.04204,Phrase,2,7.61341
14.001662,-3.338087,Phrase,1,8.146823
10.464928,-6.7846527,Phrase,2,8.978813
11.79255,-5.242814,Phrase,0,8.521363
10.094474,-8.901449,Phrase,2,8.503575
11.671346,-7.6305013,Phrase,2,7.197207
9.594018,-8.284383,Phrase,1,8.387442
10.665337,-4.970564,Phrase,1,6.442292
10.819404,-7.227499,Phrase,2,8.866982
11.659405,-4.800338,Phrase,0,8.694218
12.79182,-6.136915,Phrase,1,7.4025283
11.845269,-5.454477,Phrase,2,7.839189
11.573374,-5.1962085,Phrase,1,7.4824224
11.20637,-5.8465967,Phrase,2,7.443775
12.004242,-5.4724374,Phrase,2,7.6556907
10.368197,-8.13372,Phrase,2,8.71519
10.138588,-7.812723,Phrase,2,8.71316
12.644602,-5.8966317,Phrase,0,8.302222
12.446817,-4.6937766,Phrase,0,7.984848
10.266232,-6.0639596,Phrase,0,7.0936847
11.361456,-4.8431873,Phrase,1,7.79738
-4.683354,1.6827215,Phrase,1,11.917839
12.267249,-5.567114,Phrase,0,9.633259
12.057989,-5.2521014,Phrase,1,7.6191573
12.239258,-4.974183,Phrase,0,9.095962
11.45789,-5.175388,Phrase,2,8.373739
11.8698435,-5.8119755,Phrase,2,9.017687
11.152914,-5.503658,Phrase,0,8.68297
11.223564,-8.236993,Phrase,2,7.616865
11.765081,-6.6056614,Phrase,2,6.8566504
10.889857,-5.284065,Phrase,0,6.7535667
10.173829,-6.5043716,Phrase,1,7.701432
11.996028,-4.967676,Phrase,1,7.227173
12.227286,-5.5355396,Phrase,1,7.215929
11.684739,-7.5212584,Phrase,0,9.153816
10.660729,-7.897581,Phrase,2,8.289505
11.722036,-5.8525276,Phrase,2,8.056848
9.974987,-8.527691,Phrase,2,8.400858
12.132206,-4.101883,Phrase,1,7.19996
10.682358,-5.889759,Phrase,2,8.334056
12.579223,-6.158345,Phrase,0,9.599078
9.605199,-8.333991,Phrase,2,8.69092
13.306335,-5.5389147,Phrase,0,8.663532
11.692446,-6.430764,Phrase,1,7.2085032
10.752267,-7.2537036,Phrase,2,8.942473
11.317037,-5.7844634,Phrase,2,7.915665
11.434516,-6.1043954,Phrase,2,6.9048047
12.135296,-4.0902543,Phrase,1,7.185096
11.440088,-6.824689,Phrase,1,7.801597
11.795768,-5.931589,Phrase,2,9.068751
11.704251,-6.658471,Phrase,2,7.488573
14.013653,-3.8430974,Phrase,1,7.539874
11.961072,-7.040973,Phrase,2,7.5367494
11.63786,-6.215795,Phrase,0,7.0860033
12.387175,-5.881511,Phrase,2,7.6586328
11.868726,-6.133603,Phrase,0,7.7717233
11.575275,-5.723983,Phrase,0,9.708697
11.814227,-6.027398,Phrase,2,6.954708
11.37319,-5.865232,Phrase,0,10.149926
10.863062,-6.476699,Phrase,0,9.108043
11.812357,-5.7571516,Phrase,1,6.9973783
11.28008,-6.5569253,Phrase,2,7.183326
10.559826,-6.1439347,Phrase,2,9.311516
10.301665,-8.305322,Phrase,2,9.043381
10.383872,-8.912197,Phrase,2,8.165269
10.5398035,-6.7894096,Phrase,2,9.006017
10.444262,-8.865795,Phrase,2,8.148762
11.516943,-4.932612,Phrase,0,8.46885
12.75069,-5.7006426,Phrase,0,8.395107
10.78945,-4.998357,Phrase,1,8.068003
10.307421,-8.762569,Phrase,2,8.259382
10.864704,-6.9166055,Phrase,2,8.3465185
13.883049,-3.9494214,Phrase,1,8.2142725
11.035023,-6.95019,Phrase,2,8.114375
15.013399,-3.132664,Phrase,1,8.254843
10.411221,-4.9034276,Phrase,0,9.631654
12.230542,-5.072833,Phrase,0,9.36909
11.698676,-6.8003664,Phrase,0,8.5838785
10.111758,-8.927748,Phrase,2,8.391229
10.7385845,-6.8095927,Phrase,2,8.802792
11.022418,-6.06958,Phrase,0,9.348814
11.816107,-4.7560053,Phrase,0,9.138651
10.2626,-5.3040166,Phrase,1,7.86651
11.013885,-6.718243,Phrase,2,8.400445
12.072844,-4.8989196,Phrase,1,7.7403064
11.218072,-6.0581098,Phrase,0,9.524477
11.643614,-5.991151,Phrase,2,6.991483
9.914509,-8.39734,Phrase,2,8.994716
11.681042,-6.1691847,Phrase,0,10.662226
11.8280945,-5.409566,Phrase,2,7.391289
11.892821,-6.1462903,Phrase,0,10.100662
12.045085,-5.021023,Phrase,1,7.7172775
12.31455,-3.7131405,Phrase,0,8.336298
11.477344,-4.981508,Phrase,0,10.304611
12.531011,-5.534403,Phrase,0,8.719744
12.477788,-6.279632,Phrase,2,7.0369787
11.850216,-6.3000975,Phrase,1,7.014972
11.087011,-4.3592625,Phrase,1,10.29941
10.9040365,-5.3534875,Phrase,2,7.8845944
10.18526,-4.150624,Phrase,1,5.7325854
10.228355,-5.2145085,Phrase,1,7.7722874
9.566199,-8.089291,Phrase,1,8.276755
11.053036,-4.2382255,Phrase,1,10.375144
9.9786215,-8.980475,Phrase,2,8.711094
12.374638,-6.7712455,Phrase,2,6.742805
10.884409,-5.8029118,Phrase,1,9.335679
12.526272,-5.838144,Phrase,0,9.753505
12.243418,-5.0601716,Phrase,1,7.884401
8.413593,-4.6577287,Phrase,1,4.9195213
10.03764,-8.985879,Phrase,1,8.407515
10.141692,-8.818174,Phrase,0,9.271506
11.049149,-3.4381347,Phrase,1,7.035826
10.599136,-6.9604654,Phrase,2,8.929787
11.59288,-5.558654,Phrase,2,7.780228
12.93158,-6.777744,Phrase,0,10.045535
10.6629095,-4.910358,Phrase,1,8.389871
10.734707,-2.8818576,Phrase,0,3.0866706
11.903525,-5.333015,Phrase,1,6.8007455
11.042332,-5.48826,Phrase,1,7.2455726
10.405471,-4.6877522,Phrase,1,6.2256055
11.154557,-4.5266047,Phrase,0,11.074403
11.6794815,-5.4827437,Phrase,1,7.831737
10.474569,-6.0172634,Phrase,2,8.632508
10.536603,-6.1185355,Phrase,1,9.785207
10.961741,-5.940813,Phrase,1,6.9391794
11.114262,-7.952881,Phrase,2,8.456997
10.74718,-7.7006063,Phrase,2,7.269364
12.813425,-4.7337756,Phrase,0,8.132584
10.434194,-4.7068176,Phrase,1,6.2353687
9.502054,-8.317842,Phrase,2,8.663427
11.430384,-5.0189967,Phrase,0,8.986152
10.401817,-8.775017,Phrase,2,7.9986944
10.43016,-7.0623875,Phrase,2,8.721861
10.288914,-4.3091187,Phrase,0,5.8783956
11.24046,-4.2333627,Phrase,1,7.9894977
11.359225,-7.108194,Phrase,1,7.165589
9.883093,-8.983926,Phrase,2,8.561886
10.535218,-5.6565766,Phrase,1,6.6917887
10.067942,-4.99077,Phrase,0,8.1936655
9.573779,-8.128615,Phrase,1,8.4438305
12.421324,-2.3533356,Phrase,1,7.271594
10.474818,-8.36228,Phrase,2,8.9759
10.027775,-5.791628,Phrase,2,9.189718
11.426179,-5.792059,Phrase,0,8.315673
11.549366,-5.776394,Phrase,0,9.068646
11.027059,-4.9905906,Phrase,1,8.957284
9.421662,-7.585415,Phrase,0,7.057102
11.2942095,-3.8009627,Phrase,1,7.4140105
10.236819,-8.967485,Phrase,2,8.524899
12.500323,-5.9383774,Phrase,2,7.792174
10.998141,-5.5526853,Phrase,0,8.298051
10.006798,-5.1464105,Phrase,1,8.126899
11.55112,-5.8505063,Phrase,2,7.645187
11.848146,-5.7639747,Phrase,0,9.471627
11.380046,-6.340308,Phrase,0,9.384675
11.623731,-5.988134,Phrase,2,7.1721444
11.707622,-4.459843,Phrase,1,8.029542
12.974456,-6.152525,Phrase,0,8.033858
12.2458315,-6.3078794,Phrase,2,7.9221597
10.623005,-6.531298,Phrase,0,8.972752
9.893824,6.5277524,Phrase,1,6.8810534
11.339526,-5.8257394,Phrase,0,10.282763
12.276071,-4.946806,Phrase,1,8.227162
11.977253,-5.266406,Phrase,0,7.5916
10.071232,-8.426053,Phrase,1,9.503778
11.622465,-6.427528,Phrase,2,7.0146947
11.9643135,-5.5315185,Phrase,0,9.467475
12.224641,-5.526061,Phrase,2,7.999412
10.296882,-8.288384,Phrase,2,8.771945
12.082898,-3.7164824,Phrase,1,8.037208
11.073906,-6.4706416,Phrase,2,7.5638323
10.596812,-6.9083734,Phrase,0,10.042371
11.282669,-6.0838428,Phrase,2,7.5420456
13.109207,-4.5348964,Phrase,0,8.555385
10.28514,-7.5571384,Phrase,2,9.339442
10.317274,-4.770252,Phrase,1,8.198647
10.052794,-7.914382,Phrase,2,7.9793406
12.06463,-4.973033,Phrase,0,9.739679
13.844971,-4.4475956,Phrase,2,7.9887376
9.900842,-8.431011,Phrase,2,9.077918
12.39175,-5.6041956,Phrase,0,8.484751
10.710847,-7.2256784,Phrase,0,9.625289
11.869684,-4.478266,Phrase,2,8.937404
11.075632,-5.65518,Phrase,2,7.5053616
11.775281,-6.1286335,Phrase,0,8.965756
10.074549,-8.06673,Phrase,2,9.13767
10.798262,-7.243756,Phrase,0,9.589915
11.541259,-7.217102,Phrase,2,6.918266
12.30678,-4.7602906,Phrase,0,9.140491
9.867064,-8.717057,Phrase,0,8.088242
11.691498,-5.6578846,Phrase,0,8.123585
11.125439,-5.9939013,Phrase,2,7.9651575
13.16136,-4.53887,Phrase,0,7.327787
9.641272,-8.271911,Phrase,1,8.804548
12.48795,-5.243486,Phrase,2,8.141659
12.371569,-5.514692,Phrase,0,7.550921
9.323776,-8.161085,Phrase,1,7.9488297
11.917167,-5.291593,Phrase,0,8.403481
10.400946,-8.710848,Phrase,2,9.420549
9.963906,-8.346435,Phrase,2,8.356449
11.883533,-6.464465,Phrase,2,7.642567
12.571044,-5.8156652,Phrase,0,9.939041
11.464452,-7.9643517,Phrase,2,8.991067
10.456186,-8.054991,Phrase,2,8.7578945
10.486304,-7.032954,Phrase,2,8.884093
14.000882,-3.8524606,Phrase,0,7.6232543
10.218242,-6.391104,Phrase,1,7.7551384
11.812303,-4.6765738,Phrase,0,8.794516
10.349463,-7.0950894,Phrase,2,8.833368
11.041901,-3.4334884,Phrase,1,7.027483
9.84819,-8.237316,Phrase,2,8.290134
10.729257,-8.077386,Phrase,2,9.00607
10.808069,-5.2758527,Phrase,2,8.127793
10.996669,-4.3819227,Phrase,1,8.883353
13.936663,-3.8378384,Phrase,1,7.5216303
10.056832,-5.7763896,Phrase,1,9.1915865
12.777935,-6.6003256,Phrase,0,9.8076105
11.70855,-3.447497,Phrase,0,8.201493
10.405851,-8.809015,Phrase,2,8.969488
11.11084,-4.263042,Phrase,2,8.330528
12.015087,-5.825341,Phrase,2,7.8990183
11.31482,-4.6505384,Phrase,1,8.402663
10.931567,-7.974962,Phrase,0,7.9770036
11.625371,-1.859164,Phrase,1,5.958167
13.600149,-4.2523665,Phrase,2,8.699766
10.559366,-6.4461303,Phrase,2,9.661016
11.346739,-4.625412,Phrase,0,8.460371
13.592814,-4.2191806,Phrase,2,7.9724755
12.179265,-5.820499,Phrase,2,7.490584
11.755614,-6.438916,Phrase,2,8.212222
9.888806,-8.967694,Phrase,1,8.571364
11.217109,-4.3065314,Phrase,0,10.691504
13.291503,-7.900874,Phrase,0,8.661997
10.737274,-4.178066,Phrase,1,9.909333
10.783022,-5.880423,Phrase,1,6.7713184
11.213182,-6.107898,Phrase,2,6.990432
10.89898,-5.7175403,Phrase,1,7.393154
13.560542,-4.1974096,Phrase,0,8.191506
11.275929,-5.3793836,Phrase,0,8.585232
12.4651785,-6.7166643,Phrase,2,6.729616
10.661302,-6.0907693,Phrase,0,8.505058
10.056412,-5.760233,Phrase,0,9.172241
12.191273,-6.035381,Phrase,0,7.9895344
12.068205,-6.738851,Phrase,2,8.415415
12.186234,-5.643006,Phrase,0,8.875284
11.658677,-4.7186346,Phrase,1,7.8521748
11.049922,-6.6129007,Phrase,2,7.7463493
12.301844,-6.4430346,Phrase,2,6.766554
10.583139,-5.0307493,Phrase,1,7.550374
11.116011,-6.8248014,Phrase,0,8.835949
11.114378,-5.8231735,Phrase,1,8.174549
11.613135,-6.919605,Phrase,2,7.6102586
11.229015,-6.8626857,Phrase,2,9.374895
11.994394,-6.5235267,Phrase,2,8.265837
10.231327,-8.3524275,Phrase,2,8.232483
12.198619,-6.307254,Phrase,0,7.712732
11.525185,-5.4329205,Phrase,0,9.721277
6.8267927,-1.3443391,Phrase,1,10.044453
12.241217,-4.9737735,Phrase,1,7.1352277
11.712656,-6.8657846,Phrase,2,7.7474675
10.433911,-8.680515,Phrase,2,8.317879
8.346838,-4.633032,Phrase,1,4.855518
12.689151,-6.6365123,Phrase,1,7.319884
10.6448765,-4.667221,Phrase,1,7.1688814
12.109055,-6.5195055,Phrase,1,7.1609087
10.060092,-8.597273,Phrase,2,9.19791
10.629087,-6.93224,Phrase,0,9.856308
11.34471,-5.5569973,Phrase,0,8.627765
11.778356,-5.9254284,Phrase,0,8.9731865
10.268213,-6.018516,Phrase,1,7.078225
11.987616,-5.964487,Phrase,0,10.763985
10.245491,-5.747157,Phrase,1,7.3895617
10.719895,-4.5673957,Phrase,1,7.2298417
11.305987,-6.146574,Phrase,2,7.4050865
11.33836,-5.921342,Phrase,0,10.062591
13.9259,-4.2974534,Phrase,0,8.493971
11.623313,-5.4741716,Phrase,0,7.8028126
11.023442,-6.455761,Phrase,0,9.177374
12.35858,-6.719311,Phrase,0,7.065379
9.818487,-8.986518,Phrase,1,8.2681875
12.020348,-6.180491,Phrase,2,7.212494
11.360131,-6.1531363,Phrase,0,10.063396
10.034454,-7.295118,Phrase,2,8.312419
10.347719,-6.0275226,Phrase,0,8.914539
11.0287,-5.5278077,Phrase,0,7.8689494
12.049976,-5.564798,Phrase,1,7.370258
10.275675,-5.353392,Phrase,1,7.788279
11.766494,-6.0789747,Phrase,1,6.897915
11.305293,-6.3419895,Phrase,0,6.7405634
10.558293,-4.5021744,Phrase,1,9.865756
12.191188,-3.5465949,Phrase,0,8.1903305
11.54806,-5.287416,Phrase,0,7.912716
13.030461,-5.4921565,Phrase,0,9.609237
11.105669,-6.4971786,Phrase,2,7.7391305
12.465579,-4.3733177,Phrase,0,7.9941235
11.67523,-7.189829,Phrase,2,8.025493
12.187281,-5.4328833,Phrase,0,7.195474
11.77559,-6.482183,Phrase,2,9.595933
10.7198715,-6.5094066,Phrase,2,9.785307
11.967925,-4.9404335,Phrase,0,9.05487
12.352064,-3.9443734,Phrase,0,8.390468
11.347381,-5.4529624,Phrase,2,8.794787
9.712422,-7.007341,Phrase,0,8.7770605
11.426661,-3.8836086,Phrase,0,7.627197
11.2884245,-5.066952,Phrase,1,7.5282407
11.936159,-6.6935415,Phrase,2,7.2787504
11.292037,-7.6829853,Phrase,1,8.052756
11.35262,-5.5972824,Phrase,0,9.641524
10.2955885,-8.533289,Phrase,2,9.122089
10.314914,-6.874236,Phrase,2,9.513524
10.731305,-5.0604467,Phrase,1,7.0293975
12.242595,-7.0254674,Phrase,2,7.5329022
11.018319,-4.2957535,Phrase,1,7.1553288
10.503682,-6.9592004,Phrase,2,7.60011
11.970434,-4.8727055,Phrase,1,7.3282185
11.110667,-6.3581114,Phrase,0,8.428352
12.02154,-4.1768427,Phrase,1,7.249858
12.036952,-6.2443304,Phrase,1,7.5968103
11.447769,-6.2362933,Phrase,0,9.360045
12.218795,-5.866895,Phrase,0,8.347856
12.326495,-5.6084685,Phrase,0,9.940974
10.187958,-8.723048,Phrase,2,9.232202
11.764247,-5.7327247,Phrase,2,8.984663
10.519239,-6.913668,Phrase,2,8.100581
11.038126,-6.5813546,Phrase,2,8.986331
10.184718,-4.1068335,Phrase,0,10.177531
12.680501,-5.792091,Phrase,0,9.358727
12.175924,-5.540372,Phrase,0,8.190598
10.771721,-6.500693,Phrase,1,8.53636
12.481792,-5.909346,Phrase,2,8.256677
11.3229,-6.185139,Phrase,2,9.148524
12.487491,-5.9067535,Phrase,0,9.387967
11.055112,-5.668576,Phrase,1,7.827877
12.517145,-6.2845416,Phrase,0,10.540985
10.436304,-6.6821756,Phrase,2,8.334354
11.397866,-5.8298354,Phrase,2,7.4981666
10.776275,-7.60537,Phrase,2,8.295956
13.162153,-4.599079,Phrase,2,7.5034227
10.094457,-6.3820753,Phrase,1,7.84748
14.21645,-5.3372426,Phrase,0,8.04429
9.759557,-8.23986,Phrase,2,8.893308
13.549214,-4.380688,Phrase,0,8.2682085
11.50695,-5.7788405,Phrase,1,7.5402174
11.26749,-5.6764154,Phrase,2,7.973578
11.134483,-6.035897,Phrase,2,8.248227
10.692685,-4.813576,Phrase,1,6.513522
13.937972,-3.9165921,Phrase,0,7.585809
12.400006,-6.5216985,Phrase,1,6.6203628
11.003826,-5.5210996,Phrase,2,7.0178776
10.114463,-4.9151034,Phrase,1,8.191841
13.3719845,-4.872283,Phrase,0,8.610664
11.382234,-4.4705296,Phrase,2,7.1216464
10.853807,-7.000057,Phrase,2,9.0510845
10.097854,-7.587305,Phrase,1,8.955164
12.918163,-5.4101844,Phrase,0,9.823571
10.020001,-8.535506,Phrase,2,8.779014
6.8267794,-1.3443551,Phrase,1,10.044401
10.059989,-8.850853,Phrase,2,8.777195
10.681239,-7.590211,Phrase,2,7.3182693
9.918298,-4.920879,Phrase,1,8.006099
11.473461,-6.0027857,Phrase,0,9.557556
10.13771,-8.686257,Phrase,2,9.369937
12.253092,-4.012524,Phrase,0,8.315438
11.137327,-4.2416496,Phrase,1,8.207649
9.961854,-9.009334,Phrase,2,8.232472
12.660126,-5.1076555,Phrase,0,8.869294
12.288158,-5.016572,Phrase,1,7.162192
9.777475,-8.47745,Phrase,1,8.786982
12.779744,-5.9366436,Phrase,0,8.326482
10.342067,-8.659063,Phrase,2,8.901906
10.827255,-5.950563,Phrase,2,8.523548
12.239294,-5.0703645,Phrase,0,9.532991
10.675872,-5.344971,Phrase,0,8.403245
10.447376,-6.843207,Phrase,2,9.076225
10.39624,-8.873264,Phrase,2,8.283114
10.656161,-4.087267,Phrase,1,9.811647
11.168132,-4.2609177,Phrase,0,10.314623
12.188948,-5.15018,Phrase,0,10.266732
9.883193,-8.984097,Phrase,2,8.767045
11.070101,-5.811745,Phrase,2,8.14116
9.695799,-9.001419,Phrase,1,8.155768
11.910813,-5.710555,Phrase,2,7.4289627
10.000044,-8.52181,Phrase,2,8.99702
10.020144,-6.8681545,Phrase,2,8.768392
11.192313,-7.1015987,Phrase,2,8.440665
11.648021,-6.8275805,Phrase,2,7.2980595
13.178426,-4.275496,Phrase,0,7.6440554
11.171419,-5.99931,Phrase,1,8.107079
10.419909,-8.890042,Phrase,2,8.05425
11.624961,-1.8572347,Phrase,1,5.956832
12.059927,-5.642682,Phrase,0,8.653105
11.905769,-4.537362,Phrase,0,7.8144207
13.120447,-4.5417356,Phrase,0,8.543143
13.159378,-4.6205406,Phrase,2,7.6790123
10.555189,-8.726389,Phrase,2,8.008179
11.951766,-4.3981004,Phrase,0,8.013651
11.81497,-5.870624,Phrase,2,7.8743973
10.176897,-4.8331122,Phrase,1,8.197922
10.908135,-7.75338,Phrase,2,9.213406
11.760213,-6.7539144,Phrase,2,7.434835
12.173152,-5.7345915,Phrase,0,9.31088
11.645887,-6.2040133,Phrase,2,7.3202596
11.659227,-5.0496683,Phrase,0,9.706866
10.103699,-8.268609,Phrase,2,8.858881
10.790749,-7.559627,Phrase,0,7.1860976
10.584672,-5.208609,Phrase,1,9.477114
10.708664,-7.2655206,Phrase,2,8.516548
10.91446,-6.2778196,Phrase,2,7.048456
10.386624,-6.4869213,Phrase,0,10.045888
10.474943,-8.533623,Phrase,2,9.245284
9.727805,-4.2909403,Phrase,1,8.089304
10.110064,-6.833595,Phrase,2,8.817145
11.470343,-5.632912,Phrase,1,6.6750503
12.019981,-4.7513814,Phrase,1,7.6924543
10.276119,-6.921772,Phrase,2,7.5851326
10.807406,-8.228104,Phrase,2,9.410093
11.25918,-5.698574,Phrase,0,8.072006
11.803491,-4.783565,Phrase,2,9.034621
12.753091,-4.6488066,Phrase,0,8.736951
12.250598,-5.1874933,Phrase,1,7.249861
12.409175,-5.2609687,Phrase,0,10.143985
11.038334,-5.486673,Phrase,1,8.69775
10.239681,-4.180518,Phrase,1,10.259198
11.235251,-5.591244,Phrase,0,7.772743
10.658442,-6.925144,Phrase,2,10.069351
11.270537,-4.8191743,Phrase,0,9.661953
10.20612,-4.86163,Phrase,1,8.053547
11.781075,-6.0175014,Phrase,0,8.866892
11.467258,-5.4999824,Phrase,2,8.037016
11.261538,-5.115931,Phrase,0,8.633077
10.970105,-8.758363,Phrase,2,9.316713
11.461087,-7.0677004,Phrase,2,7.0269594
10.677629,-8.835934,Phrase,2,8.035498
10.648084,-4.94071,Phrase,0,8.233224
12.170897,-6.438489,Phrase,2,7.5867653
11.003055,-5.604827,Phrase,1,7.96348
12.581456,-4.9707584,Phrase,0,8.230955
10.947493,-8.288327,Phrase,2,8.697236
12.410623,-4.5658965,Phrase,1,7.653423
10.09384,-5.148358,Phrase,0,8.224423
11.477314,-5.396848,Phrase,0,9.47316
6.736612,-2.7982988,Phrase,1,14.416252
11.045235,-6.5381393,Phrase,2,9.267856
12.311085,-6.243084,Phrase,0,8.055768
11.326721,-6.9028277,Phrase,0,7.016928
10.020152,-8.291872,Phrase,2,8.958393
12.944538,-5.930484,Phrase,0,8.330805
11.592024,-5.9800277,Phrase,2,6.868909
9.481652,-7.6416135,Phrase,1,7.1341534
10.149506,-6.8049083,Phrase,2,9.538731
11.034269,-7.0851912,Phrase,2,8.381069
11.937619,-6.1266913,Phrase,0,7.8762517
13.701309,-4.2542334,Phrase,0,7.9318404
11.629481,-4.6391387,Phrase,1,7.42345
9.476893,-7.2639947,Phrase,1,6.903861
12.593365,-6.196093,Phrase,2,6.908185
11.592435,-6.815604,Phrase,0,7.5260406
11.382989,-4.181194,Phrase,1,7.129061
9.53771,-7.68531,Phrase,2,7.208773
11.512894,-6.758603,Phrase,1,8.356407
11.966748,-5.0942473,Phrase,1,6.2495885
12.230966,-5.6744967,Phrase,0,8.321799
11.492677,-6.9222536,Phrase,0,9.312396
13.372358,-4.4832983,Phrase,0,7.9749784
11.28759,-5.613513,Phrase,0,8.01791
11.249825,-6.1080084,Phrase,2,7.8341846
11.574716,-8.834602,Phrase,2,7.333139
10.849037,-5.111974,Phrase,1,6.9799385
11.195922,-4.62169,Phrase,1,7.300091
11.02991,-4.546727,Phrase,1,6.4420915
14.020158,-3.8390245,Phrase,0,7.531799
10.830417,-4.357128,Phrase,2,9.122531
11.696152,-6.8519883,Phrase,2,8.77814
13.15894,-6.5707827,Phrase,0,10.095494
10.190365,-4.795022,Phrase,1,8.1533
12.188791,-5.34976,Phrase,0,8.525562
13.071016,-5.2931094,Phrase,0,8.066467
10.401781,-8.974902,Phrase,2,8.30921
11.0192585,-7.144204,Phrase,1,7.2593207
10.840121,-7.360929,Phrase,2,8.1746435
11.191775,-4.0642734,Phrase,0,10.075318
11.68239,-4.485234,Phrase,0,8.810028
10.012049,-8.175893,Phrase,2,9.240199
10.760792,-4.33315,Phrase,2,9.745551
10.643769,-4.403455,Phrase,1,10.019209
10.56868,-4.5359097,Phrase,1,7.690033
11.73239,-6.0442705,Phrase,2,7.484203
11.091734,-4.6985245,Phrase,1,7.640633
10.66034,-5.833765,Phrase,0,7.6600003
10.410729,-8.9438305,Phrase,2,8.08633
10.582715,-7.7896576,Phrase,2,9.10319
11.028483,-3.4894736,Phrase,1,7.0258627
12.384571,-6.6296635,Phrase,2,7.688229
10.099261,-7.9113154,Phrase,2,8.068597
11.182541,-4.375008,Phrase,1,10.869259
9.40309,-7.3045993,Phrase,2,8.158115
12.801744,-6.189665,Phrase,0,7.4260416
12.08879,-6.091652,Phrase,0,8.730818
13.34262,-4.408216,Phrase,1,7.8589196
12.302321,-7.954891,Phrase,2,7.4829063
10.8985405,-5.7679234,Phrase,2,9.203719
11.214957,-5.951137,Phrase,0,10.172804
12.141827,-5.7129493,Phrase,0,8.755155
10.153516,-7.7477098,Phrase,2,8.013412
12.462292,-5.051872,Phrase,1,8.127721
11.313409,-7.773507,Phrase,0,9.379284
12.032539,-6.473065,Phrase,1,6.8112693
11.035556,-3.4127715,Phrase,1,7.021193
13.636728,-4.215192,Phrase,1,7.7803783
10.782341,-5.7459235,Phrase,1,6.6620593
10.215802,-8.918783,Phrase,2,9.289669
11.822591,-4.0914936,Phrase,1,9.075981
9.9870615,-4.924535,Phrase,1,8.027293
11.065776,-5.180744,Phrase,1,8.3866625
12.8993635,-5.9661503,Phrase,0,9.356254
10.42178,-6.892058,Phrase,2,9.502433
13.815398,-4.089653,Phrase,1,7.827029
11.8381405,-4.571412,Phrase,0,8.933218
11.727729,-5.7304125,Phrase,2,7.848941
12.343144,-6.8894506,Phrase,2,7.9379525
10.060228,-8.683414,Phrase,2,9.186937
11.387622,-6.389351,Phrase,2,8.215493
11.221233,-6.2203526,Phrase,2,7.2388525
9.572086,-7.9605145,Phrase,1,8.815348
10.616125,-4.651639,Phrase,1,9.320636
11.299705,-3.6077325,Phrase,1,7.300439
11.046185,-3.4362955,Phrase,1,7.0268464
8.346128,-4.6327777,Phrase,1,4.8547206
12.31116,-4.663472,Phrase,1,9.558059
12.110287,-6.647009,Phrase,2,7.5106506
12.287885,-6.114413,Phrase,2,8.566117
10.959188,-6.0446095,Phrase,2,7.304139
11.286256,-6.9091473,Phrase,0,9.870231
11.78226,-5.849245,Phrase,0,9.421559
10.671753,-5.771161,Phrase,1,8.447943
10.042785,-8.632289,Phrase,2,8.2522335
12.382859,-6.2695,Phrase,2,8.029372
11.488784,-4.626538,Phrase,1,7.4973946
12.14104,-5.4279284,Phrase,0,10.336586
11.430835,-4.9760766,Phrase,0,8.833763
10.164117,-7.5950174,Phrase,2,9.039214
10.412616,-8.303649,Phrase,2,8.56528
11.739242,-4.943072,Phrase,1,8.986597
10.726336,-4.943545,Phrase,1,7.6814914
10.765761,-6.887397,Phrase,2,8.060774
12.316166,-5.122288,Phrase,0,10.125692
11.0936365,-4.0463433,Phrase,0,7.702029
11.339779,-6.4896917,Phrase,2,8.072804
12.1874275,-4.442862,Phrase,0,9.09404
11.851208,-6.8484797,Phrase,2,7.5524716
11.68685,-4.6616125,Phrase,0,7.302188
11.503767,-6.442091,Phrase,2,7.3348227
11.318296,-6.5294685,Phrase,2,8.096953
13.563496,-4.3401337,Phrase,0,8.387127
13.829583,-4.0702004,Phrase,2,7.7323084
12.286386,-6.595095,Phrase,2,6.6518617
12.424384,-6.789421,Phrase,2,6.7503533
11.690302,-8.860341,Phrase,1,7.2451353
11.462376,-6.222985,Phrase,2,9.289234
10.451112,-8.794032,Phrase,2,9.189594
12.262439,-5.513371,Phrase,0,9.397123
11.60412,-7.1861143,Phrase,2,6.9517756
9.555757,-7.805797,Phrase,2,7.3045917
12.022789,-7.0826826,Phrase,2,7.046196
10.332091,-6.068848,Phrase,2,9.060529
11.898489,-5.7910733,Phrase,0,9.198839
11.179919,-4.3695416,Phrase,1,8.698939
9.571376,-8.126734,Phrase,2,8.340354
11.491152,-5.301143,Phrase,2,7.4275174
11.738301,-5.270377,Phrase,1,7.1560993
10.274699,-7.806878,Phrase,2,9.0697
12.1152315,-5.350752,Phrase,0,8.128754
12.597738,-6.050772,Phrase,0,10.062345
11.210083,-5.799567,Phrase,2,8.3138485
10.607691,-7.0158343,Phrase,2,8.430682
11.3756895,-4.310912,Phrase,0,10.843792
10.866706,-6.4583282,Phrase,2,7.1612997
11.546887,-5.636544,Phrase,0,9.475945
11.025879,-5.8296595,Phrase,1,7.205123
8.375382,-4.651197,Phrase,1,4.8810062
12.029798,-5.3719907,Phrase,2,7.718589
11.059134,-5.358372,Phrase,2,7.478302
11.297976,-7.1246357,Phrase,2,7.5337462
10.317489,-5.7775383,Phrase,2,9.046345
11.136317,-5.5329323,Phrase,0,6.7818527
11.468267,-6.238951,Phrase,2,7.6429625
11.281235,-7.0142117,Phrase,2,7.9940214
10.831253,-6.139159,Phrase,2,8.437725
11.027763,-6.5117583,Phrase,0,9.519755
11.231193,-6.0843916,Phrase,2,7.1764193
11.582747,-5.881022,Phrase,0,8.662516
11.341604,-6.2525015,Phrase,1,7.099751
10.747011,-5.250281,Phrase,1,8.773176
10.7312155,-6.1641836,Phrase,0,8.448673
9.891351,-6.3242517,Phrase,2,8.32173
11.150486,-6.1319275,Phrase,0,10.020168
12.292469,-4.3532276,Phrase,0,9.050304
11.4883,-5.861058,Phrase,2,7.7357984
11.071746,-4.1918206,Phrase,1,10.532118
10.894566,-4.16509,Phrase,1,7.5694437
11.73726,-4.508934,Phrase,1,8.879275
11.083588,-6.869704,Phrase,2,8.826901
10.351125,-6.9009266,Phrase,2,8.229813
10.369555,-8.686707,Phrase,2,9.250054
10.841624,-6.923505,Phrase,0,9.54808
10.36237,-6.217085,Phrase,1,7.088174
12.570989,-6.5062795,Phrase,0,10.781706
11.776616,-5.4276595,Phrase,0,8.083276
11.956918,-4.444236,Phrase,1,8.464926
11.180687,-5.1548963,Phrase,1,8.00251
10.354086,-8.650435,Phrase,2,8.905483
10.151438,-5.611151,Phrase,0,8.358898
12.189327,-6.1960597,Phrase,1,6.732342
10.93369,-5.7016015,Phrase,0,8.912762
10.677259,-4.9346647,Phrase,1,6.3864923
11.446455,-5.531466,Phrase,2,7.7962737
11.695282,-5.2721224,Phrase,0,9.933814
11.714172,-5.435762,Phrase,1,6.9831953
9.934676,-8.658549,Phrase,2,9.208801
12.525533,-6.7543225,Phrase,2,6.550194
10.61084,-3.9193773,Phrase,1,9.955354
13.046329,-5.478666,Phrase,0,9.830102
11.429909,-5.044151,Phrase,2,8.384129
11.277603,-4.7049484,Phrase,0,8.665626
11.189878,-5.3099494,Phrase,0,9.502612
10.897833,-6.681067,Phrase,0,9.320084
10.435708,-7.9317813,Phrase,2,9.409059
12.52817,-4.1125107,Phrase,0,8.437262
11.573868,-5.189992,Phrase,1,7.559917
11.826882,-5.992912,Phrase,1,7.180539
11.705941,-5.799357,Phrase,2,7.846058
11.611914,-4.405521,Phrase,0,8.427834
11.40149,-5.6549435,Phrase,2,8.214752
10.32798,-7.551878,Phrase,2,9.420962
12.297383,-4.9646688,Phrase,1,7.0839443
10.065412,-8.404264,Phrase,2,9.3839855
11.567477,-4.785626,Phrase,0,8.431282
10.756297,-6.425142,Phrase,1,7.6097174
10.239686,-5.7284055,Phrase,2,9.108888
10.970177,-6.726841,Phrase,2,8.055639
11.839738,-3.711616,Phrase,1,7.8047876
10.828791,-5.522166,Phrase,0,10.002092
11.079361,-4.45586,Phrase,1,10.857601
10.310974,-4.9564047,Phrase,1,8.297553
12.147816,-5.272092,Phrase,0,7.6264963
10.478074,-6.2192025,Phrase,0,9.366545
10.690355,-7.264439,Phrase,2,8.535594
10.010034,-8.939154,Phrase,2,8.408824
11.312078,-5.661545,Phrase,0,8.81009
10.602393,-8.515178,Phrase,2,9.0124035
12.163826,-6.988506,Phrase,2,7.3251605
10.519353,-6.8176336,Phrase,2,8.669112
10.371787,-6.9323773,Phrase,1,9.2543955
12.422416,-2.3137262,Phrase,0,7.2527127
10.554222,-5.0725875,Phrase,2,9.377397
12.727101,-5.9595942,Phrase,0,10.562696
12.419088,-5.9176474,Phrase,2,9.015011
12.184331,-4.607431,Phrase,1,7.8394604
10.965105,-6.2733407,Phrase,2,9.832824
10.885386,-4.8795524,Phrase,0,8.244317
11.652708,-3.9785156,Phrase,1,10.33372
12.343467,-6.418101,Phrase,2,8.464058
10.439482,-5.635442,Phrase,2,7.8723736
11.739181,-7.700121,Phrase,1,7.180446
11.556831,-5.3276224,Phrase,2,7.751349
9.915011,-8.502662,Phrase,2,8.618357
10.757094,-4.802495,Phrase,1,6.562997
11.1151,-6.1801705,Phrase,2,9.203058
11.442674,-7.365043,Phrase,2,8.730328
11.848184,-5.207006,Phrase,1,7.5563912
10.973142,-6.4012666,Phrase,2,7.118679
12.077092,-5.3154235,Phrase,0,9.035681
12.70448,-4.591887,Phrase,0,8.836677
11.09406,-5.795697,Phrase,1,7.157726
11.35872,-5.5185266,Phrase,0,7.1341043
10.786886,-4.397315,Phrase,1,9.683237
11.465965,-7.063533,Phrase,1,6.982162
12.049857,-6.32711,Phrase,2,8.223845
10.997433,-4.0013523,Phrase,1,9.299624
11.528145,-6.355038,Phrase,2,7.3912644
12.499519,-4.547399,Phrase,1,7.6982226
10.754676,-4.6782784,Phrase,1,9.626204
9.945051,-8.36131,Phrase,2,9.261045
12.147367,-6.1459436,Phrase,0,8.282916
10.289777,-8.830234,Phrase,2,8.253357
10.033616,-8.8148155,Phrase,2,9.25897
9.500637,-7.611898,Phrase,0,7.1766777
10.693411,-7.233235,Phrase,2,8.565747
10.547915,-7.5343657,Phrase,2,7.434684
10.260627,-6.8468394,Phrase,2,8.620337
9.746745,-8.808109,Phrase,0,8.482891
12.747588,-5.8188467,Phrase,0,8.694142
11.224251,-5.548004,Phrase,0,8.829372
11.392743,-4.9091134,Phrase,0,8.876219
9.440913,-8.245104,Phrase,2,8.47868
13.122631,-5.3372684,Phrase,0,8.987478
12.175077,-7.0675697,Phrase,1,7.9008617
10.372045,-5.067592,Phrase,1,7.5255723
12.287522,-5.0771093,Phrase,0,9.269783
10.536414,-4.9717193,Phrase,1,8.041742
12.412368,-6.6371026,Phrase,2,7.7352557
11.335228,-5.771364,Phrase,1,7.3123226
11.938884,-5.1223445,Phrase,0,7.870109
10.32972,-6.983457,Phrase,2,8.692261
11.385628,-4.193538,Phrase,1,10.609474
10.500703,-8.803495,Phrase,2,9.153231
11.026138,-6.427315,Phrase,0,9.22268
11.634483,-6.375462,Phrase,2,7.418806
11.260012,-5.754571,Phrase,1,6.535559
11.529094,-5.418829,Phrase,0,8.600784
10.616721,-8.130467,Phrase,2,9.117286
11.408104,-6.142936,Phrase,2,7.115989
11.788892,-4.109872,Phrase,1,8.286491
10.610275,-6.0773444,Phrase,2,8.867506
11.200595,-6.1161175,Phrase,2,6.6062193
10.371496,-6.960702,Phrase,2,8.39927
12.194841,-5.8785944,Phrase,2,8.362878
11.064927,-5.8106017,Phrase,1,6.920792
12.836316,-3.8981364,Phrase,0,8.249811
11.068387,-5.1692677,Phrase,1,7.72422
11.118695,-5.293325,Phrase,0,9.349845
12.529583,-5.7080755,Phrase,0,10.53584
11.324818,-5.6762824,Phrase,1,7.380588
12.350403,-5.283304,Phrase,0,8.602095
11.355194,-5.8290706,Phrase,2,7.659801
12.551964,-5.9623127,Phrase,0,10.078426
11.357834,-4.4914846,Phrase,1,7.78329
11.588153,-6.418722,Phrase,2,7.0493608
10.167189,-6.458977,Phrase,1,8.48656
11.45364,-5.931296,Phrase,0,9.442941
13.87902,-4.200759,Phrase,0,8.323295
12.150591,-5.903328,Phrase,2,7.6248207
12.072061,-6.823793,Phrase,0,8.359603
11.723219,-6.2681417,Phrase,2,7.404751
11.302494,-6.1139402,Phrase,2,7.1853895
12.36113,-4.1751018,Phrase,1,8.065743
10.486481,-4.628236,Phrase,1,7.0120196
11.291105,-4.814914,Phrase,1,7.938892
10.416228,-5.44362,Phrase,2,7.9085855
10.906971,-7.502706,Phrase,1,8.163634
10.565775,-8.93758,Phrase,2,8.626998
10.395344,-8.706161,Phrase,2,9.03881
12.518818,-6.750533,Phrase,2,6.8468976
11.756104,-5.85934,Phrase,2,7.7408457
10.466814,-5.858057,Phrase,1,9.571759
10.125954,-8.501356,Phrase,2,9.265237
10.5505295,-6.729009,Phrase,1,8.832712
11.134353,-7.8522096,Phrase,2,8.027107
11.569652,-5.763742,Phrase,0,9.927222
11.683574,-7.488307,Phrase,2,7.194706
12.173355,-6.471518,Phrase,2,8.406131
11.757859,-4.888718,Phrase,0,8.427686
10.8975315,-7.7063046,Phrase,2,7.452272
13.802225,-4.2535286,Phrase,0,8.2323265
12.069659,-6.8268833,Phrase,2,7.5662594
10.504556,-7.381608,Phrase,2,8.835245
10.945812,-6.2538896,Phrase,2,7.0186944
11.321289,-6.2833457,Phrase,2,7.231231
11.463739,-5.3676076,Phrase,0,9.107514
12.100933,-5.550035,Phrase,0,7.9337482
10.608557,-6.0291576,Phrase,0,9.871581
11.90502,-7.491613,Phrase,2,7.096977
12.386627,-4.0558395,Phrase,1,8.2037325
11.144451,-6.0911508,Phrase,2,8.500356
10.796735,-7.5041447,Phrase,2,8.2741
12.08364,-5.4125667,Phrase,2,7.6828523
12.445719,-6.677345,Phrase,2,9.055873
12.246546,-6.893119,Phrase,2,7.5245357
11.570937,-5.2977657,Phrase,0,8.132318
13.245826,-5.027399,Phrase,2,8.624861
11.384568,-5.1186,Phrase,1,7.7208605
13.163272,-5.707356,Phrase,0,10.722167
10.106069,-6.783987,Phrase,0,8.797633
11.021998,-3.4050686,Phrase,1,7.0004487
11.982281,-6.6163006,Phrase,2,7.4923615
11.55075,-5.7024426,Phrase,0,7.798777
11.627882,-5.4981537,Phrase,2,7.8963103
12.083406,-5.533456,Phrase,2,7.515607
11.1168,-3.8610308,Phrase,0,9.797406
12.285813,-6.654239,Phrase,2,6.7278967
11.2755575,-6.602295,Phrase,2,7.868961
10.844444,-5.7562766,Phrase,2,9.514424
11.405697,-6.3561754,Phrase,0,8.256991
12.139199,-6.35755,Phrase,2,8.485971
10.13552,-6.9986343,Phrase,0,8.992997
11.487689,-5.4548693,Phrase,1,8.403539
12.638121,-6.3095565,Phrase,2,8.319233
10.65493,-6.0320945,Phrase,1,7.2780056
12.953984,-5.9820757,Phrase,0,8.579048
12.094873,-6.24024,Phrase,2,9.093672
11.375948,-5.2495995,Phrase,1,8.052823
13.031872,-6.1746264,Phrase,0,10.66011
9.546423,-8.374959,Phrase,2,8.81931
11.156415,-5.666758,Phrase,2,8.170672
12.55197,-5.6565633,Phrase,0,8.007767
11.178745,-5.5908465,Phrase,1,7.240401
12.760521,-5.9307942,Phrase,2,6.9262805
10.237686,-8.979408,Phrase,2,8.803652
10.601082,-4.89607,Phrase,2,9.537182
11.454966,-3.6103168,Phrase,1,7.348058
11.228881,-6.202033,Phrase,0,10.422765
12.327405,-6.598157,Phrase,0,8.36133
14.002208,-3.8584127,Phrase,1,7.544974
11.486486,-5.3605547,Phrase,0,7.9796543
10.100632,-8.714313,Phrase,2,9.00783
12.042674,-5.7389064,Phrase,0,8.325469
12.346548,-5.568797,Phrase,0,7.651108
11.963454,-4.5131645,Phrase,0,7.769898
10.909026,-6.068621,Phrase,0,10.074452
10.703115,-5.652645,Phrase,1,6.814983
12.135232,-5.08781,Phrase,1,7.4087257
12.994521,-5.7701716,Phrase,0,8.770167
10.708847,-6.6939645,Phrase,1,8.158154
11.720474,-5.207153,Phrase,0,8.018614
10.336019,-6.8384213,Phrase,2,9.029774
9.960954,-8.877588,Phrase,2,8.584377
11.733032,-7.752031,Phrase,2,7.207157
11.113524,-7.0734677,Phrase,0,9.3611355
12.745587,-6.662448,Phrase,0,10.259642
10.936341,-5.859014,Phrase,1,7.1030617
12.917968,-6.8999405,Phrase,1,7.3181286
9.883532,-6.4292946,Phrase,1,9.905351
11.543363,-5.7760854,Phrase,0,8.561806
11.019328,-3.4335244,Phrase,1,7.002925
10.447733,-7.251477,Phrase,2,9.4804
11.757569,-7.4813023,Phrase,2,7.1446605
12.339831,-6.141052,Phrase,0,7.1157813
12.351269,-5.262246,Phrase,0,9.1252575
10.175897,-8.916258,Phrase,2,8.608944
12.440159,-6.099474,Phrase,2,8.082772
12.626458,-5.7438874,Phrase,0,8.324177
10.998399,-7.9418364,Phrase,2,7.9512286
11.624881,-6.4394464,Phrase,2,7.6717443
9.80619,-8.703496,Phrase,1,9.114893
11.128177,-4.5075755,Phrase,1,11.225937
12.535406,-5.4570465,Phrase,0,8.786608
10.115333,-8.319703,Phrase,2,9.19425
11.044986,-3.4293077,Phrase,1,7.031342
11.49345,-5.654345,Phrase,0,9.932696
11.384398,-5.522398,Phrase,2,7.820918
12.81748,-5.501049,Phrase,1,7.972308
10.8203125,-6.3886333,Phrase,1,9.003243
9.848093,-8.385832,Phrase,2,8.961988
11.509986,-5.685187,Phrase,0,8.995979
10.637395,-4.8467684,Phrase,1,7.1316943
10.22671,-9.039628,Phrase,2,8.693574
10.977726,-7.89031,Phrase,2,7.978255
10.136081,-8.221396,Phrase,2,8.335104
10.447452,-4.7582126,Phrase,0,6.2676945
10.1596985,-9.0232115,Phrase,2,8.11523
11.228902,-7.055301,Phrase,1,7.3020287
11.380012,-5.132536,Phrase,0,9.505659
11.899656,-6.790997,Phrase,0,7.0509005
12.131062,-5.166479,Phrase,0,9.027285
11.47471,-6.2672014,Phrase,2,8.288384
11.61149,-4.444805,Phrase,0,8.720819
10.519932,-8.839459,Phrase,2,8.050993
10.7579775,-6.3637185,Phrase,1,7.473026
11.0682335,-5.880192,Phrase,2,6.997041
11.59478,-5.7406936,Phrase,2,6.9753766
11.805769,-4.494879,Phrase,1,8.903412
12.65285,-5.8039064,Phrase,2,7.085515
13.416064,-4.8160896,Phrase,1,8.355434
12.574531,-6.219357,Phrase,2,8.248996
10.799376,-9.005789,Phrase,0,8.983175
11.889586,-4.5342474,Phrase,0,8.935088
12.152427,-5.5120163,Phrase,0,7.914202
11.188622,-5.756047,Phrase,1,6.5081973
14.558551,-3.7341907,Phrase,0,8.591866
11.90679,-6.0202227,Phrase,0,10.04635
12.46458,-7.5063605,Phrase,2,8.20361
10.660422,-5.5495253,Phrase,0,9.047028
10.110392,-7.1754107,Phrase,2,8.079601
10.433213,-6.426696,Phrase,2,8.277902
11.631969,-6.2060666,Phrase,2,7.5982533
11.358033,-6.664177,Phrase,2,7.7176676
11.224673,-5.4758096,Phrase,0,8.502498
11.710877,-8.828606,Phrase,1,7.244998
11.107691,-4.2787123,Phrase,2,8.319205
12.731235,-6.1702914,Phrase,2,7.1907454
10.876283,-6.0597787,Phrase,2,8.306889
11.37375,-4.8935075,Phrase,0,9.118407
10.440206,-9.00972,Phrase,2,8.858685
10.854729,-6.2533746,Phrase,2,7.198473
11.039734,-3.4467876,Phrase,1,7.00991
10.754656,-5.3301387,Phrase,0,9.916112
11.890736,-5.759863,Phrase,2,7.9255133
9.487806,-7.5909824,Phrase,0,7.1747704
11.011605,-4.5725303,Phrase,1,7.867215
10.156468,-6.9161386,Phrase,1,7.440027
12.489877,-6.557012,Phrase,0,9.563975
10.786573,-8.660572,Phrase,2,8.363762
11.773515,-5.5007806,Phrase,1,8.305738
12.353172,-6.736427,Phrase,1,6.6359687
10.584015,-4.4486513,Phrase,1,7.6451297
11.62507,-1.858306,Phrase,1,5.9575567
11.803945,-6.842975,Phrase,2,7.2800026
10.831929,-7.2530613,Phrase,2,9.439794
10.515646,-6.098496,Phrase,0,9.284346
12.046686,-5.887675,Phrase,0,8.211447
9.984683,-8.048927,Phrase,2,8.665188
12.448821,-4.6129265,Phrase,0,8.047682
10.994524,-8.462142,Phrase,2,8.376331
13.705035,-4.2286854,Phrase,2,8.016909
10.131435,-6.659918,Phrase,2,9.306166
12.214741,-5.136925,Phrase,2,7.3640456
13.078346,-6.033358,Phrase,0,9.325396
10.349924,-4.7578473,Phrase,1,8.102769
12.224802,-5.970699,Phrase,2,7.976024
12.135733,-4.07648,Phrase,1,7.1877646
10.5348625,-8.953833,Phrase,2,8.863808
10.391436,-8.8518915,Phrase,2,9.21413
9.611512,-8.291661,Phrase,1,8.8073
12.84776,-5.8434157,Phrase,0,9.756421
11.846497,-4.9101496,Phrase,2,8.64346
10.99214,-6.1765227,Phrase,2,7.473774
12.984186,-6.195647,Phrase,0,10.615666
11.405093,-5.5577035,Phrase,0,9.249184
9.563849,-8.394706,Phrase,2,8.686629
11.517568,-7.1923246,Phrase,1,6.953032
10.65221,-8.384209,Phrase,2,8.3518305
11.4455185,-5.6428704,Phrase,1,7.945447
11.590719,-4.9901347,Phrase,0,8.771284
11.461635,-6.5686355,Phrase,1,7.5316954
10.752761,-4.1996064,Phrase,1,7.5498796
13.079827,-5.6745734,Phrase,0,8.25943
10.640299,-8.859189,Phrase,2,8.748176
11.648498,-5.152527,Phrase,0,10.304499
12.326879,-5.181955,Phrase,0,10.336617
11.297362,-6.3227477,Phrase,2,7.013807
10.695544,-7.6250777,Phrase,0,7.230529
11.410499,-5.5486283,Phrase,0,8.905816
9.8975315,-4.873299,Phrase,1,7.999702
11.216333,-6.1026325,Phrase,2,7.5072165
9.511696,-7.418419,Phrase,1,7.0142627
12.101668,-4.340561,Phrase,1,7.249626
11.978603,-5.4224515,Phrase,0,8.741954
10.671279,-4.6973176,Phrase,1,6.5442405
12.065735,-5.1718373,Phrase,0,7.9695487
10.136001,-4.8298464,Phrase,1,8.16725
11.493003,-5.1869173,Phrase,0,9.19367
14.001802,-3.853522,Phrase,0,7.539877
-4.6828694,1.6791172,Phrase,1,11.919153
12.319027,-4.412873,Phrase,0,9.208138
11.924235,-4.427401,Phrase,1,7.4051538
12.689314,-5.722496,Phrase,0,7.1613674
12.437343,-6.628964,Phrase,2,6.6924973
12.0014105,-5.8263645,Phrase,0,8.903287
10.626544,-7.2468367,Phrase,2,9.450646
12.238104,-5.9294677,Phrase,0,7.4888783
10.126747,-8.913694,Phrase,1,8.080867
11.215594,-7.288782,Phrase,2,7.818863
12.298166,-4.306161,Phrase,0,8.611225
10.528579,-8.887335,Phrase,0,8.640141
9.724353,-8.052659,Phrase,2,8.427875
11.333664,-5.8310246,Phrase,2,7.533873
11.252727,-5.5060673,Phrase,0,9.273717
11.164618,-5.794241,Phrase,2,8.480701
12.920975,-6.1737566,Phrase,0,10.763693
9.7456,-8.483192,Phrase,2,8.481542
10.375486,-6.3136964,Phrase,2,8.75055
10.85018,-5.934985,Phrase,0,9.928881
13.472994,-4.8966665,Phrase,0,8.620174
10.807076,-6.1864204,Phrase,0,8.468295
10.080116,-8.948572,Phrase,2,8.716528
11.41409,-6.613488,Phrase,0,7.574437
10.653129,-6.6548457,Phrase,2,9.128935
9.972978,-8.939093,Phrase,2,8.33394
9.977723,-8.529842,Phrase,2,8.995398
12.5584545,-4.919442,Phrase,0,7.771887
10.113929,-8.17053,Phrase,2,9.016642
13.474871,-4.89656,Phrase,2,8.599049
10.349508,-7.0275598,Phrase,2,8.840517
12.063212,-5.8277307,Phrase,0,9.323269
9.477263,-8.3387,Phrase,1,8.465423
11.454858,-4.381434,Phrase,0,7.993416
11.769924,-6.3065863,Phrase,2,7.325761
9.987111,-8.139706,Phrase,2,9.005026
12.321134,-6.6512384,Phrase,0,6.9829817
10.637874,-4.4079933,Phrase,1,10.020419
11.039565,-6.0376368,Phrase,2,7.190324
10.522007,-6.109474,Phrase,2,8.289399
11.0295105,-5.0454044,Phrase,1,8.109431
11.1357155,-6.2034016,Phrase,2,7.429149
11.371475,-4.676457,Phrase,0,8.757455
13.691024,-4.212646,Phrase,0,8.087874
11.043705,-3.4531002,Phrase,1,7.02785
8.345663,-4.6325035,Phrase,1,4.8542004
12.615251,-7.163426,Phrase,2,7.55718
12.280688,-7.4563565,Phrase,2,7.3840666
11.553168,-4.434426,Phrase,1,7.22016
11.310324,-3.900381,Phrase,1,10.683886
10.386539,-8.947586,Phrase,2,9.105022
11.996724,-5.9016275,Phrase,2,9.243144
10.96733,-6.29922,Phrase,2,7.089264
11.028365,-7.20381,Phrase,2,9.084946
10.670942,-4.788652,Phrase,1,7.2269826
11.323861,-6.8070803,Phrase,2,7.991961
12.823108,-5.881033,Phrase,0,8.728315
10.824545,-4.1919527,Phrase,1,7.531374
11.274324,-5.783226,Phrase,2,7.5794954
10.451577,-6.1452556,Phrase,2,9.0396185
11.9546,-7.027396,Phrase,2,7.452201
12.611308,-4.9137464,Phrase,0,8.332284
11.686457,-8.943303,Phrase,2,7.6438165
10.918799,-7.732122,Phrase,2,7.2137103
12.307472,-5.703043,Phrase,0,9.484436
11.821097,-4.659062,Phrase,1,7.7492156
11.696042,-5.061334,Phrase,0,8.519497
11.82514,-6.390007,Phrase,2,7.6047273
10.682924,-7.020991,Phrase,2,7.3747997
10.405886,-6.7783885,Phrase,2,8.056654
11.121575,-5.093768,Phrase,0,8.938218
12.75103,-4.9777484,Phrase,0,8.615587
10.48778,-8.827125,Phrase,0,8.905208
11.026736,-8.755278,Phrase,2,8.503019
11.941623,-6.592178,Phrase,0,8.240978
12.761853,-5.352288,Phrase,0,9.189996
12.442326,-6.658203,Phrase,1,6.601724
11.840329,-4.582961,Phrase,1,7.11294
11.474028,-5.9562216,Phrase,2,6.9683003
10.534846,-7.697639,Phrase,2,8.415335
12.3780365,-5.9896245,Phrase,0,7.5725813
11.825464,-5.712287,Phrase,0,9.527992
10.778933,-6.923163,Phrase,2,7.624278
10.565998,-6.9596295,Phrase,2,8.8273325
10.972734,-5.233461,Phrase,0,6.921374
11.247939,-5.6728163,Phrase,0,8.354382
10.768461,-6.252494,Phrase,2,9.13009
10.532464,-8.468374,Phrase,2,8.687977
14.009989,-5.3869367,Phrase,0,8.040473
10.997863,-6.442587,Phrase,2,10.0573435
11.6685705,-3.969129,Phrase,0,10.401625
10.235586,-8.497256,Phrase,2,8.8977785
9.773272,-7.8205504,Phrase,2,8.888248
12.333924,-6.400907,Phrase,2,7.689144
10.346856,-7.032668,Phrase,0,9.031989
10.184184,-4.1432767,Phrase,1,5.7285185
12.067008,-5.4704666,Phrase,2,8.081032
11.905424,-5.969869,Phrase,0,9.934064
11.118125,-5.8102374,Phrase,2,7.902969
9.962239,-8.51897,Phrase,2,8.900631
13.065764,-3.9023461,Phrase,0,8.347372
11.463769,-8.984139,Phrase,2,7.7576194
12.470558,-6.660546,Phrase,2,6.5645113
11.008603,-4.537957,Phrase,1,6.433248
13.537603,-4.053073,Phrase,1,7.59721
10.990243,-6.164214,Phrase,2,7.1873164
12.808581,-6.139374,Phrase,0,9.070485
12.736183,-5.73343,Phrase,0,8.499989
11.286709,-4.83101,Phrase,0,8.983017
13.764102,-3.8818417,Phrase,0,8.877358
11.48845,-6.4910393,Phrase,0,9.314874
12.269761,-5.0931096,Phrase,1,8.036261
10.984288,-6.1502504,Phrase,2,9.483781
10.018271,-7.8997607,Phrase,2,9.15932
11.314193,-4.9801755,Phrase,0,9.113185
13.082658,-6.389346,Phrase,0,10.558776
10.41083,-7.0942354,Phrase,0,8.860658
10.518207,-5.460396,Phrase,0,8.996322
11.906063,-5.601464,Phrase,0,8.807911
10.286563,-4.386944,Phrase,1,6.0283117
10.914938,-6.236412,Phrase,2,7.5432754
11.901783,-4.9415092,Phrase,0,8.587299
15.022395,-3.1222894,Phrase,1,8.2572
11.442767,-6.35982,Phrase,2,7.455808
11.630951,-5.4096365,Phrase,0,9.178517
12.067777,-5.929415,Phrase,2,8.002712
11.915401,-6.5292773,Phrase,0,8.246415
12.205296,-6.0752573,Phrase,0,9.834984
10.602583,-8.270364,Phrase,2,8.889918
11.225732,-5.1674805,Phrase,1,7.4143896
11.455961,-6.585583,Phrase,0,9.224773
10.703515,-6.3701816,Phrase,2,9.082572
10.416864,-6.209775,Phrase,1,9.0251665
10.438608,-8.5733,Phrase,2,8.95496
12.260838,-3.5460694,Phrase,1,8.205558
9.887637,-7.5725136,Phrase,2,9.010968
12.777703,-4.6878476,Phrase,0,8.908713
10.766992,-5.2317414,Phrase,1,7.9136877
14.335105,-5.1785445,Phrase,1,7.894975
12.248641,-5.666124,Phrase,0,8.3024845
10.949909,-6.771701,Phrase,0,9.072407
12.744316,-6.0841646,Phrase,2,9.058948
11.998835,-4.228635,Phrase,0,8.777338
12.420753,-5.8453856,Phrase,0,9.2002325
10.851256,-4.4087386,Phrase,0,9.40764
11.936278,-5.7942753,Phrase,0,8.898295
10.239637,-6.014866,Phrase,2,8.977321
10.286415,-5.946971,Phrase,1,7.0982313
12.519318,-6.382241,Phrase,0,8.322684
10.761646,-8.980719,Phrase,2,8.029337
12.624739,-6.1074295,Phrase,0,9.481699
11.53542,-5.1647997,Phrase,0,8.60243
10.939713,-6.858106,Phrase,2,8.896978
12.056524,-5.269728,Phrase,0,9.106352
10.205176,-8.656477,Phrase,2,8.635505
10.602962,-4.4197183,Phrase,1,9.943473
11.565848,-5.786892,Phrase,2,7.873763
9.800129,-8.9912615,Phrase,1,8.246197
10.398845,-5.211752,Phrase,1,8.586319
12.368854,-5.6024556,Phrase,0,9.9451065
11.960896,-6.0581613,Phrase,2,7.479517
10.843913,-6.209869,Phrase,0,9.614112
11.806219,-5.9724483,Phrase,2,8.896575
11.596331,-5.459629,Phrase,0,9.823568
11.837284,-5.813656,Phrase,0,9.523027
11.022097,-4.2446184,Phrase,1,8.06483
9.821339,-8.416244,Phrase,1,8.680326
11.68348,-6.665244,Phrase,0,9.854804
11.818402,-5.4412856,Phrase,0,9.115055
10.528668,-6.863832,Phrase,0,8.198662
10.963736,-7.0961046,Phrase,2,7.134857
11.141813,-4.78648,Phrase,1,7.4467874
11.555418,-5.7480865,Phrase,0,7.384993
10.727976,-4.683518,Phrase,0,8.713409
12.476697,-5.8358994,Phrase,0,9.458498
11.92451,-5.698476,Phrase,0,8.65462
10.670754,-6.4659953,Phrase,1,7.7216783
11.450647,-3.6965187,Phrase,1,9.22204
10.580483,-8.783648,Phrase,2,8.595383
9.970778,-8.265959,Phrase,2,8.689985
10.800328,-6.339655,Phrase,1,10.101695
10.197098,-7.6037617,Phrase,2,9.027712
13.88465,-3.9335432,Phrase,0,7.567589
11.571467,-5.50325,Phrase,0,8.869887
12.457885,-4.396103,Phrase,1,8.187599
11.702334,-6.257832,Phrase,2,7.2152333
10.844759,-5.390641,Phrase,1,9.042621
11.356357,-6.181306,Phrase,0,8.286522
11.450337,-5.70717,Phrase,2,9.558399
11.842744,-4.6484656,Phrase,2,7.0861115
11.622663,-6.2945395,Phrase,0,10.663469
10.762787,-4.2500677,Phrase,1,7.5685525
10.924951,-7.79193,Phrase,2,8.006501
11.446296,-3.6936314,Phrase,1,9.223867
13.0349865,-5.917608,Phrase,0,9.665383
11.922729,-4.798063,Phrase,1,8.2829895
10.962424,-5.2283483,Phrase,1,6.676657
10.720107,-4.657068,Phrase,1,7.648641
12.130432,-5.407911,Phrase,0,9.842225
10.936537,-5.7001705,Phrase,2,7.8935895
12.6885,-6.160367,Phrase,2,7.0621223
11.967732,-6.4284863,Phrase,0,7.732195
11.68463,-5.45362,Phrase,2,7.7625613
9.581597,-7.6772428,Phrase,2,7.2562375
11.8985195,-4.5993304,Phrase,0,10.976848
12.402003,-5.3665266,Phrase,0,10.325188
11.343476,-5.678136,Phrase,2,8.617738
11.121585,-4.234637,Phrase,1,10.399561
11.783451,-5.8934464,Phrase,0,9.119902
11.197034,-5.8238916,Phrase,0,10.023194
11.951054,-3.4875789,Phrase,1,7.989515
11.868004,-5.7915215,Phrase,2,9.0888405
10.371762,-8.95484,Phrase,2,8.183258
10.829786,-7.7374196,Phrase,2,8.125536
11.297785,-4.7164717,Phrase,0,8.968869
12.007907,-5.5484285,Phrase,0,8.664716
11.080011,-5.2077146,Phrase,1,8.0984535
11.285747,-6.4884315,Phrase,0,10.023565
10.483461,-6.810987,Phrase,1,8.4357605
11.520202,-5.478156,Phrase,0,9.311751
12.533309,-7.1787877,Phrase,0,10.057093
13.978998,-3.8722985,Phrase,1,7.5730243
11.0851345,-7.6723714,Phrase,2,9.222239
12.444882,-5.975311,Phrase,0,9.147284
10.238049,-7.5198603,Phrase,2,8.703438
11.028393,-3.6888719,Phrase,1,7.1378913
12.791304,-6.088824,Phrase,2,8.833398
12.380592,-6.754156,Phrase,0,7.245294
12.994876,-6.251234,Phrase,2,8.041263
10.27555,-8.391724,Phrase,2,8.548297
11.275004,-5.077306,Phrase,0,7.9520516
12.621175,-5.2157845,Phrase,1,7.963227
12.346461,-8.024175,Phrase,0,10.312573
12.033282,-5.8004575,Phrase,0,7.924588
10.49745,-8.923656,Phrase,2,8.30268
10.09362,-5.784909,Phrase,2,9.168075
12.343708,-5.1687937,Phrase,0,10.471263
10.568122,-9.047126,Phrase,0,8.665837
10.89563,-5.9193544,Phrase,2,9.066388
10.505902,-8.752262,Phrase,2,8.972984
12.693796,-6.20306,Phrase,0,7.554034
11.001543,-5.856588,Phrase,0,9.058679
11.189583,-6.2372003,Phrase,2,7.375303
10.368242,-8.825654,Phrase,2,9.282518
12.086089,-4.511028,Phrase,0,7.8247676
11.080256,-5.9447503,Phrase,1,7.6547055
10.514307,-8.04096,Phrase,2,8.718786
10.689297,-6.9472075,Phrase,1,8.699085
11.5839815,-5.945135,Phrase,0,8.414386
9.984669,-8.344362,Phrase,2,8.993311
10.832,-4.757647,Phrase,2,8.688143
13.531288,-3.6100268,Phrase,0,8.479276
11.571448,-5.74491,Phrase,0,9.263868
12.260653,-5.522616,Phrase,2,8.002772
12.358827,-6.728373,Phrase,2,6.748849
11.19309,-5.4799285,Phrase,1,6.8924284
10.086336,-8.606917,Phrase,2,8.621852
11.022677,-3.4173872,Phrase,1,7.0082455
10.803791,-6.093635,Phrase,2,7.884958
13.892427,-4.013491,Phrase,0,7.9602566
11.457308,-4.113056,Phrase,1,10.58838
13.616642,-4.22371,Phrase,2,8.1461
10.214999,-7.814759,Phrase,2,9.321257
11.095586,-6.2133117,Phrase,1,7.8333898
11.125327,-5.5347223,Phrase,0,8.755538
12.319153,-5.4926605,Phrase,0,9.0077095
11.673001,-6.1079803,Phrase,2,7.3206205
11.383468,-6.5718145,Phrase,2,7.4429555
12.140086,-5.6435857,Phrase,0,8.695092
10.340039,-6.822394,Phrase,2,9.156428
11.401158,-7.0395026,Phrase,2,8.771927
13.069793,-5.9049287,Phrase,1,9.716864
11.385091,-4.948038,Phrase,0,8.880732
11.133485,-5.6971884,Phrase,2,7.841182
9.984115,-8.564747,Phrase,2,9.207541
13.669135,-8.170685,Phrase,0,8.981882
12.472609,-6.6616893,Phrase,1,6.5748215
13.046734,-4.5677147,Phrase,0,7.310576
11.36565,-5.6799936,Phrase,0,9.465859
12.270508,-5.0693774,Phrase,1,7.1234574
14.324963,-5.216776,Phrase,1,7.892292
12.565747,-6.263138,Phrase,2,7.2053494
11.092165,-5.492829,Phrase,0,9.54935
10.871513,-8.625124,Phrase,2,8.695529
10.480422,-4.555558,Phrase,1,7.0043645
12.338337,-5.427599,Phrase,0,7.8876386
10.447267,-8.85395,Phrase,2,8.299869
12.410199,-4.003554,Phrase,0,8.233548
10.677958,-8.853505,Phrase,2,8.490519
12.239665,-6.902559,Phrase,2,7.4798164
12.010313,-6.4456396,Phrase,0,10.827929
11.921191,-5.583439,Phrase,0,8.569047
10.26689,-7.347565,Phrase,2,8.92841
11.964644,-5.090436,Phrase,1,6.2423253
12.250404,-4.937558,Phrase,2,9.015718
11.721448,-4.798789,Phrase,0,8.868172
13.432394,-4.290638,Phrase,0,8.373362
11.451601,-6.0365853,Phrase,2,9.076567
10.087199,-7.5109954,Phrase,2,8.842087
10.203724,-8.331585,Phrase,2,9.528242
12.49716,-5.6907506,Phrase,0,7.815549
10.915728,-4.86238,Phrase,1,7.5688515
11.58079,-5.7189727,Phrase,2,8.605315
12.938091,-4.6066947,Phrase,0,8.498136
10.031936,-8.666771,Phrase,2,8.425513
10.474317,-5.0107107,Phrase,1,9.187684
9.941196,-8.884802,Phrase,2,8.430988
10.690948,-6.5572042,Phrase,2,9.7572
13.675755,-4.329525,Phrase,0,8.646482
11.906407,-4.6324573,Phrase,1,11.030415
11.914622,-6.223631,Phrase,2,7.48717
12.610922,-4.2635503,Phrase,0,8.712101
9.985315,-6.8459635,Phrase,2,9.433323
11.846564,-6.939394,Phrase,1,7.1536307
11.36842,-6.7639275,Phrase,2,9.070315
11.496646,-5.2488456,Phrase,0,7.6039324
11.478207,-5.134766,Phrase,1,7.9030766
11.490363,-4.491904,Phrase,2,8.826753
10.412622,-8.520869,Phrase,2,8.163535
12.435562,-5.3418837,Phrase,0,8.208201
11.972371,-5.3512635,Phrase,0,8.235295
13.151832,-5.108415,Phrase,0,7.8193293
10.835478,-5.3750753,Phrase,0,9.833991
11.29643,-6.617325,Phrase,1,7.1020284
10.521281,-5.9589844,Phrase,1,7.262211
10.381742,-6.045992,Phrase,2,8.099362
13.040016,-4.344391,Phrase,0,9.043285
12.478888,-4.885253,Phrase,0,8.4414015
10.21957,-8.228125,Phrase,2,8.908184
8.35119,-4.636145,Phrase,1,4.859573
11.064469,-6.5845156,Phrase,0,9.943713
11.391064,-5.808319,Phrase,2,8.377033
11.279804,-5.43542,Phrase,2,8.061209
11.529355,-6.2693615,Phrase,2,7.3317423
10.487865,-5.283345,Phrase,1,7.8251724
11.281901,-6.890019,Phrase,2,9.005326
13.841115,-3.9988196,Phrase,0,8.478262
12.791914,-8.157932,Phrase,2,8.4376955
10.3438425,-8.617774,Phrase,2,9.012728
10.861595,-6.885292,Phrase,2,9.116688
12.851341,-5.390201,Phrase,0,8.950374
10.883523,-6.409955,Phrase,2,7.644012
10.043982,-7.814419,Phrase,2,8.081014
10.411359,-5.9422574,Phrase,0,8.0745125
10.895182,-6.399355,Phrase,0,7.156475
12.472409,-5.845389,Phrase,0,8.614857
12.0168705,-5.0535307,Phrase,0,10.345081
10.950601,-6.3633466,Phrase,2,9.178269
12.308131,-6.8179755,Phrase,2,6.767684
11.216398,-5.4692907,Phrase,2,6.8980875
13.229132,-5.903799,Phrase,0,9.083002
10.15765,-8.183692,Phrase,2,8.431888
11.038459,-6.8157587,Phrase,2,8.757031
10.439507,-5.4165754,Phrase,1,7.7838306
14.016686,-4.7581587,Phrase,1,8.053948
11.674792,-5.0144234,Phrase,1,8.359635
12.666911,-5.766394,Phrase,1,7.1024384
12.439505,-4.583916,Phrase,0,7.709847
9.99936,-8.578609,Phrase,2,9.413092
12.166561,-5.0729294,Phrase,2,7.548938
10.170327,-8.733558,Phrase,2,9.40059
10.688502,-6.043218,Phrase,0,9.929899
10.032212,-8.724716,Phrase,2,9.314439
11.295667,-6.775703,Phrase,2,9.109426
14.171838,-5.0190897,Phrase,0,8.013619
12.93808,-6.166963,Phrase,0,10.6806
12.259926,-6.153735,Phrase,0,8.297153
11.367967,-5.6789923,Phrase,2,7.1031857
12.427566,-4.8071613,Phrase,0,9.769977
11.335583,-5.824052,Phrase,2,7.954386
10.988689,-6.394655,Phrase,1,7.129793
11.937103,-5.6403646,Phrase,0,8.103733
10.843499,-8.8605175,Phrase,2,9.082011
11.11103,-5.379897,Phrase,1,7.7703104
12.145456,-5.533648,Phrase,2,8.908249
11.641219,-5.673539,Phrase,0,9.707922
12.838899,-5.702366,Phrase,0,9.642195
10.082306,-7.368589,Phrase,2,8.964243
12.124377,-4.025413,Phrase,1,8.155634
12.586306,-5.2635,Phrase,1,7.912557
11.260679,-5.6963468,Phrase,1,7.5079713
10.644932,-7.4271264,Phrase,2,8.790193
8.34504,-4.6325097,Phrase,1,4.8536
11.032255,-7.1402593,Phrase,1,7.1930485
10.662703,-7.167472,Phrase,2,8.035156
-4.682443,1.6797373,Phrase,1,11.919033
11.238088,-5.8185744,Phrase,1,6.682668
12.371548,-5.9592047,Phrase,0,9.055763
10.530953,-6.2461786,Phrase,2,9.393274
13.0877285,-4.8712635,Phrase,0,8.381696
9.554286,-8.667564,Phrase,2,8.813638
10.7724085,-6.482047,Phrase,2,8.755352
9.87499,-8.761209,Phrase,2,8.859592
9.827656,-7.147518,Phrase,2,8.664858
11.105928,-7.4406786,Phrase,2,7.715512
11.532805,-5.0403824,Phrase,0,8.882836
10.819977,-5.37499,Phrase,1,7.227238
10.469331,-4.7586994,Phrase,0,6.2856812
10.332058,-6.6615276,Phrase,0,8.772753
10.477597,-4.6357474,Phrase,1,7.0246863
9.867596,-4.8430624,Phrase,1,7.9756155
11.755978,-5.887067,Phrase,2,9.439834
10.056326,-8.750852,Phrase,2,8.561487
10.774561,-6.96901,Phrase,2,8.476323
14.783393,-3.357128,Phrase,1,8.2327585
12.149416,-5.3617463,Phrase,2,7.3190317
11.952019,-4.35995,Phrase,0,8.020168
10.856481,-5.712031,Phrase,1,7.395862
11.709304,-6.457521,Phrase,2,7.036849
10.350863,-5.790747,Phrase,1,7.379807
12.160221,-5.004319,Phrase,0,9.365149
11.887546,-4.9169884,Phrase,1,8.054952
12.093087,-4.997382,Phrase,0,10.357861
12.005552,-5.325524,Phrase,0,10.031371
11.192798,-6.051772,Phrase,2,7.3370953
10.653972,-4.3264256,Phrase,1,9.835927
11.7884655,-5.4472504,Phrase,2,7.4472275
11.032049,-5.402386,Phrase,0,9.228896
10.1189785,-5.9242268,Phrase,1,8.824646
11.753143,-7.4914584,Phrase,0,7.1595592
12.527959,-5.183261,Phrase,0,9.469191
10.285936,-5.6338563,Phrase,1,8.022942
11.615855,-4.988641,Phrase,0,9.258304
12.479619,-5.8375697,Phrase,2,7.8637714
10.082189,-8.915983,Phrase,2,8.737125
11.597536,-5.750025,Phrase,0,9.9899235
10.841761,-5.774818,Phrase,0,7.4211407
10.801573,-4.473291,Phrase,0,9.729273
10.2693205,-8.844101,Phrase,2,8.290782
10.233335,-8.336685,Phrase,2,8.791746
11.006928,-4.336412,Phrase,1,8.895644
11.707862,-5.471609,Phrase,0,10.36611
12.439777,-4.984372,Phrase,0,8.182329
10.984021,-5.9303536,Phrase,2,9.129748
10.108145,-8.789428,Phrase,2,8.690347
12.202463,-3.9208152,Phrase,0,8.358569
11.803763,-6.0213194,Phrase,0,8.424238
11.479422,-5.53034,Phrase,2,7.398581
10.771105,-4.585412,Phrase,2,8.753706
11.586948,-5.065715,Phrase,1,7.0639577
12.678039,-5.1635265,Phrase,1,7.983346
10.548642,-8.2288685,Phrase,2,9.344779
10.741265,-4.610208,Phrase,2,8.694685
11.804277,-4.627966,Phrase,0,8.857233
12.434642,-6.876064,Phrase,2,6.770678
15.493423,-1.6786572,Phrase,0,10.2555685
10.931667,-6.49219,Phrase,1,8.709679
12.344178,-3.8280013,Phrase,0,8.332609
12.411055,-4.7102695,Phrase,0,7.5727763
11.897877,-3.0391552,Phrase,1,7.985267
10.091247,-8.649486,Phrase,2,9.053893
9.85635,-8.544584,Phrase,2,8.46125
11.016112,-4.493173,Phrase,1,6.4517875
13.016478,-5.916115,Phrase,0,8.587987
10.76298,-4.2360716,Phrase,1,7.579088
11.600902,-5.935488,Phrase,2,7.0826955
11.605254,-5.4087944,Phrase,2,8.183535
12.540188,-6.731067,Phrase,0,8.343138
10.419927,-8.462344,Phrase,2,9.3631315
13.376029,-4.426326,Phrase,0,7.866257
11.896608,-6.9039087,Phrase,2,7.6484814
10.26052,-8.53835,Phrase,2,8.923608
11.629819,-5.5381246,Phrase,0,8.68466
10.56602,-8.400271,Phrase,2,9.602595
12.261251,-5.3946295,Phrase,0,8.493276
11.184247,-4.6891894,Phrase,1,7.8697457
10.775258,-5.446143,Phrase,0,9.980116
12.538834,-4.2781863,Phrase,1,8.707011
10.832428,-8.506975,Phrase,2,9.400504
9.947169,-8.989059,Phrase,2,8.327141
11.378298,-6.057524,Phrase,2,7.2359457
11.55003,-4.2077785,Phrase,1,10.472643
10.532023,-6.125917,Phrase,2,7.875277
12.037454,-4.968777,Phrase,2,7.4572196
11.092255,-5.78788,Phrase,2,9.285034
10.748733,-8.213722,Phrase,2,8.184907
9.494783,-8.346446,Phrase,2,8.611905
11.242263,-6.9223824,Phrase,1,8.856152
9.977749,-8.775797,Phrase,2,8.693619
10.722004,-7.275713,Phrase,2,8.887948
9.575529,-8.281383,Phrase,0,8.78526
11.898019,-3.0376372,Phrase,1,7.985471
9.580418,-8.410113,Phrase,2,8.976955
11.496458,-6.1048346,Phrase,1,7.0157003
11.306289,-4.9483767,Phrase,1,7.7467465
11.242315,-3.731852,Phrase,1,7.2071114
7.7475243,-3.9164455,Phrase,1,7.226583
9.53663,-7.67183,Phrase,0,7.1973968
12.317582,-4.8275757,Phrase,1,8.3882675
11.28381,-5.3577952,Phrase,2,7.7077937
11.349773,-5.6217303,Phrase,1,7.8226175
11.681519,-5.684388,Phrase,2,9.067096
11.683935,-3.4159584,Phrase,1,7.893396
12.263839,-5.807724,Phrase,0,8.019961
9.977325,-8.360254,Phrase,2,9.124973
10.40439,-6.954874,Phrase,2,7.46089
10.147316,-5.705315,Phrase,0,9.388647
12.635814,-7.312577,Phrase,2,8.045242
11.94067,-6.7204304,Phrase,2,8.206265
11.414469,-4.9760885,Phrase,1,8.270229
10.196533,-8.431772,Phrase,2,9.140351
12.874042,-5.677493,Phrase,0,8.050499
10.764213,-7.555918,Phrase,2,9.07953
12.213914,-5.4445653,Phrase,0,9.253532
10.914063,-6.131042,Phrase,1,7.385703
11.352345,-5.9594474,Phrase,2,7.876322
10.713563,-6.9314957,Phrase,2,7.6086826
11.340619,-3.8355734,Phrase,1,7.41286
10.22159,-8.943369,Phrase,2,8.155213
10.843521,-5.3369594,Phrase,2,8.768574
12.921914,-6.7913437,Phrase,1,7.3336973
10.602534,-5.8950915,Phrase,0,9.819953
10.454484,-8.918996,Phrase,2,8.083876
11.329437,-5.3736105,Phrase,0,8.604706
12.368086,-4.766403,Phrase,0,7.6598196
10.777323,-6.659339,Phrase,2,7.7537503
11.086256,-4.615617,Phrase,1,8.534367
12.876466,-5.9259033,Phrase,0,8.673701
11.232692,-4.395424,Phrase,1,10.778003
10.073308,-8.402962,Phrase,2,8.095516
11.5553055,-6.7366047,Phrase,2,7.087166
11.311112,-7.1203184,Phrase,1,7.177838
10.4388275,-8.404089,Phrase,2,8.62896
10.07159,-8.521071,Phrase,2,8.706343
12.502895,-5.3945284,Phrase,0,8.655976
13.702519,-4.6199083,Phrase,2,8.194517
9.85616,-8.605337,Phrase,1,8.814344
12.39529,-5.7696714,Phrase,0,8.620807
-4.68759,1.6773471,Phrase,1,11.924167
11.479084,-5.6056514,Phrase,2,8.342468
13.394113,-4.2994256,Phrase,0,8.060278
11.782913,-6.6283383,Phrase,2,9.075806
10.5622635,-7.403359,Phrase,2,8.89242
10.330788,-4.990809,Phrase,1,8.52524
11.440752,-5.86556,Phrase,2,6.731404
10.5939665,-7.165252,Phrase,2,8.921254
14.003661,-3.346208,Phrase,0,8.149937
11.747607,-5.0971804,Phrase,0,9.871004
11.327376,-5.0248094,Phrase,1,7.2642856
13.776884,-4.3910637,Phrase,0,8.071313
11.322728,-6.5442476,Phrase,0,7.016749
11.3737135,-4.9504156,Phrase,1,8.044606
11.460995,-5.5107436,Phrase,0,9.706707
9.638571,-8.210884,Phrase,2,8.783864
9.991788,-8.083568,Phrase,2,8.445097
14.009569,-3.8493242,Phrase,1,7.5430837
12.916043,-6.9539475,Phrase,0,7.2617664
9.759428,-7.3907156,Phrase,2,8.649431
11.518971,-3.7034974,Phrase,1,7.5380807
12.579221,-5.3942447,Phrase,0,9.474508
10.791127,-7.011632,Phrase,2,9.914275
10.557812,-6.608907,Phrase,2,8.319804
11.92267,-6.6902294,Phrase,2,8.209102
8.344911,-4.632077,Phrase,1,4.8532186
11.692815,-5.227257,Phrase,2,8.11563
12.4447775,-6.6623173,Phrase,1,6.5696754
12.535908,-6.0493164,Phrase,2,6.9459324
10.495733,-7.042496,Phrase,2,8.840683
11.319095,-6.5461636,Phrase,2,7.5383506
11.180666,-5.6840134,Phrase,0,9.469866
11.893996,-4.6253266,Phrase,1,7.144013
12.184861,-6.354079,Phrase,2,8.243501
11.471582,-5.991387,Phrase,2,6.9107037
10.709919,-4.2807307,Phrase,1,9.923646
11.740734,-5.618347,Phrase,0,8.698252
11.8439245,-4.555797,Phrase,1,7.060069
11.39802,-6.2663,Phrase,2,7.9563274
10.263096,-5.864893,Phrase,2,9.299369
11.1438675,-4.510382,Phrase,1,11.222984
12.976414,-6.4944553,Phrase,0,8.312409
10.806232,-6.421554,Phrase,1,8.122689
11.940873,-4.5610633,Phrase,0,8.891305
11.500242,-8.881121,Phrase,2,7.426548
12.151418,-6.1661696,Phrase,2,7.3603854
11.357356,-6.394443,Phrase,2,7.312521
9.873436,-8.356487,Phrase,2,8.926897
11.917351,-4.661493,Phrase,1,7.4755077
11.110053,-4.407115,Phrase,1,7.5257535
10.266398,-6.917505,Phrase,2,8.903884
11.068448,-3.5130386,Phrase,1,7.011959
11.031086,-5.3893504,Phrase,0,10.014556
11.9449215,-6.3699727,Phrase,2,7.277447
10.829882,-5.5590553,Phrase,0,8.461986
9.649013,-7.9410973,Phrase,1,8.9898
12.02604,-4.825453,Phrase,0,9.383057
10.537988,-4.9599752,Phrase,1,8.295215
11.843478,-4.596413,Phrase,1,7.0992537
11.137982,-5.900089,Phrase,2,8.146359
12.634068,-6.1277375,Phrase,2,7.302158
11.43212,-4.293252,Phrase,1,10.837913
12.087193,-5.020394,Phrase,0,8.482711
12.200518,-5.6619873,Phrase,2,7.5070667
10.933215,-4.7815886,Phrase,0,7.212017
10.345243,-8.937439,Phrase,2,8.278814
10.79407,-5.427119,Phrase,0,9.168386
12.031584,-4.953768,Phrase,0,8.873677
12.001724,-5.820644,Phrase,0,8.004684
11.320155,-5.9952817,Phrase,0,7.2855086
12.409222,-5.3289557,Phrase,0,9.045145
11.862786,-5.9011693,Phrase,2,7.887764
12.211825,-5.163733,Phrase,1,7.138504
10.502976,-4.825787,Phrase,0,7.9122286
10.431346,-6.024308,Phrase,2,9.351178
11.3100605,-7.4328895,Phrase,2,9.430111
12.047131,-6.346638,Phrase,1,6.7489214
-4.6859074,1.676299,Phrase,1,11.922481
10.169475,-8.218067,Phrase,2,9.463185
10.247799,-8.643693,Phrase,2,9.425964
11.9032345,-5.1057897,Phrase,0,10.518464
10.444002,-4.641066,Phrase,1,6.1874256
11.596123,-8.289486,Phrase,2,8.462011
11.673319,-8.88457,Phrase,0,7.1927924
10.863897,-6.233849,Phrase,2,9.755811
11.259877,-6.15413,Phrase,0,10.13
12.66509,-4.479569,Phrase,1,7.565733
12.496832,-6.30355,Phrase,2,7.045705
9.757725,-8.451475,Phrase,2,8.64849
10.364245,-5.932538,Phrase,0,9.005294
11.927746,-6.0349164,Phrase,2,7.7436123
10.420741,-4.9175105,Phrase,1,7.859044
12.273343,-5.26832,Phrase,0,10.238764
10.943024,-7.5761585,Phrase,2,7.4551725
10.619082,-6.0416236,Phrase,2,9.098746
11.581883,-4.959268,Phrase,1,7.1178517
12.734923,-5.571357,Phrase,2,8.073363
11.810107,-6.4435377,Phrase,0,9.616177
10.840067,-5.874335,Phrase,0,8.010348
11.228226,-5.3333197,Phrase,0,7.940735
9.977096,-7.017321,Phrase,1,7.95963
11.083858,-5.6771016,Phrase,2,8.390017
11.379896,-4.966338,Phrase,0,8.988537
9.872884,-8.709911,Phrase,2,9.316201
11.867667,-4.637427,Phrase,0,8.83344
10.24582,-6.9330153,Phrase,1,7.3992777
12.904734,-4.8406267,Phrase,0,8.126697
11.285031,-5.5087943,Phrase,2,7.9890814
11.978115,-5.3418946,Phrase,2,6.583551
11.969856,-5.0833344,Phrase,0,7.922867
12.6385,-5.802976,Phrase,0,8.630256
11.173065,-5.366625,Phrase,1,7.2801085
12.140035,-6.192492,Phrase,0,7.2791276
12.577809,-4.4615116,Phrase,0,8.645043
9.48511,-8.374784,Phrase,2,8.655061
11.405744,-5.8166895,Phrase,1,8.144075
10.7434,-6.8959317,Phrase,0,10.12504
11.679805,-5.3532815,Phrase,0,9.325955
10.303715,-4.9238825,Phrase,1,8.122354
10.581527,-5.4664216,Phrase,2,7.8041816
11.24388,-6.4236913,Phrase,2,9.065531
10.09316,-8.693387,Phrase,2,9.371717
11.069761,-5.6417465,Phrase,0,8.858307
12.223354,-5.196258,Phrase,0,7.562823
10.452036,-8.619639,Phrase,2,8.046775
11.767586,-5.8687396,Phrase,2,8.85791
11.002628,-3.554401,Phrase,2,6.975024
11.813214,-6.868098,Phrase,2,8.438715
10.308287,-5.506287,Phrase,0,7.9667373
11.485327,-5.361378,Phrase,1,7.6793303
12.171585,-5.0679817,Phrase,0,9.689686
10.127713,-6.513644,Phrase,1,7.98716
11.841095,-5.964849,Phrase,0,7.8168373
10.271853,-8.911484,Phrase,2,8.573811
11.781302,-5.743458,Phrase,0,9.428626
11.42556,-6.7058954,Phrase,2,7.665902
11.880928,-5.665609,Phrase,0,9.528129
11.7884655,-5.8971334,Phrase,0,9.818206
10.687484,-4.2302833,Phrase,1,9.869523
11.794456,-5.790194,Phrase,0,9.111382
11.062552,-5.4566345,Phrase,0,8.067377
12.11769,-4.9537363,Phrase,0,9.045059
11.242457,-5.8356476,Phrase,1,6.7943497
11.856071,-5.4360504,Phrase,0,9.053288
11.011848,-6.368431,Phrase,0,10.426694
9.681177,-8.273491,Phrase,2,8.697995
11.686375,-6.220818,Phrase,0,10.700034
10.303415,-8.576678,Phrase,2,8.492408
13.559797,-4.35928,Phrase,1,8.006285
15.040724,-3.1075022,Phrase,1,8.258644
12.060207,-4.7462125,Phrase,0,8.812598
10.089682,-8.538467,Phrase,2,8.597703
11.957135,-5.5325966,Phrase,2,8.0821295
10.970837,-6.005936,Phrase,2,8.046196
11.970193,-4.4963484,Phrase,0,8.921411
10.642299,-7.7161956,Phrase,1,7.2851343
10.91701,-5.307428,Phrase,1,7.90378
10.620188,-6.9030743,Phrase,2,8.876772
9.874131,-8.2901535,Phrase,2,8.825252
11.433138,-7.110668,Phrase,2,8.407934
10.442233,-6.1227946,Phrase,2,9.340939
11.650864,-8.872738,Phrase,1,7.266004
12.064646,-5.2755723,Phrase,0,8.268433
9.539781,-8.134125,Phrase,1,8.297044
11.580037,-8.104579,Phrase,0,9.957614
11.288959,-6.1384435,Phrase,2,7.3047295
11.206913,-8.663552,Phrase,2,8.22645
12.371071,-5.5647197,Phrase,0,9.914521
11.507578,-4.748394,Phrase,1,7.3720193
12.151019,-5.521379,Phrase,2,7.4794936
10.898763,-5.958001,Phrase,2,9.445773
10.044984,-7.625192,Phrase,2,8.551499
11.013852,-6.170958,Phrase,2,8.94802
10.9982605,-7.085684,Phrase,2,7.985687
10.319056,-6.1088123,Phrase,0,7.118994
11.111315,-7.4078484,Phrase,2,7.158451
11.04291,-3.4968772,Phrase,1,6.9941916
9.812485,-5.003547,Phrase,1,8.119564
12.074127,-5.2787123,Phrase,0,8.6272955
10.146489,-8.723907,Phrase,2,8.511446
11.030815,-6.163458,Phrase,0,9.846998
10.838586,-5.4582896,Phrase,1,6.720429
9.820543,-6.337377,Phrase,1,9.851056
12.581125,-6.0004506,Phrase,2,9.13898
9.769014,-7.8172245,Phrase,2,8.88421
12.087033,-6.1645613,Phrase,0,9.651312
10.598156,-5.6752205,Phrase,1,6.782978
10.506664,-8.493334,Phrase,2,9.344376
10.368237,-9.082602,Phrase,2,8.332675
10.415265,-6.850851,Phrase,2,8.653143
11.785777,-5.923607,Phrase,0,10.299873
10.319304,-5.339374,Phrase,1,7.655209
13.568588,-4.4377856,Phrase,0,8.54999
10.204452,-8.851206,Phrase,2,9.445973
12.3245735,-6.687551,Phrase,2,6.8289814
10.575122,-5.5782275,Phrase,1,8.130239
11.576284,-7.2587123,Phrase,2,7.282236
11.247116,-6.530957,Phrase,0,7.829693
10.973458,-7.495605,Phrase,2,8.119474
11.925037,-4.7669353,Phrase,1,7.8223643
10.664291,-5.370883,Phrase,0,8.537464
9.508655,-7.6263194,Phrase,0,7.176022
11.262565,-3.5698664,Phrase,1,7.2623034
10.740083,-7.2524366,Phrase,0,9.064122
12.777754,-5.8144984,Phrase,1,9.136643
11.138209,-5.825491,Phrase,0,9.279669
11.470832,-6.6545424,Phrase,2,9.194534
11.77676,-4.5201325,Phrase,1,11.262106
12.704336,-6.117755,Phrase,0,8.518662
10.94176,-6.735619,Phrase,2,8.061871
13.612779,-4.1733613,Phrase,0,8.114656
10.48989,-4.7713714,Phrase,1,9.688482
13.158947,-6.552332,Phrase,0,9.444549
11.227353,-6.5898814,Phrase,2,8.170374
12.275553,-3.7084012,Phrase,0,8.286873
9.689381,-8.335006,Phrase,2,8.547427
9.908853,-6.4023323,Phrase,0,9.955037
13.035184,-5.9197745,Phrase,2,8.0957575
10.573435,-4.605982,Phrase,1,9.018894
12.031819,-6.089905,Phrase,2,7.0733943
11.245925,-3.7899814,Phrase,1,7.205815
10.592866,-6.89495,Phrase,2,9.766541
11.165346,-4.374742,Phrase,1,10.897528
10.707164,-4.609877,Phrase,0,7.2603745
10.143575,-8.328845,Phrase,2,8.632889
10.715849,-5.5324802,Phrase,1,8.242205
10.234458,-8.366961,Phrase,2,8.933069
12.197591,-7.092051,Phrase,2,7.4847107
11.980019,-4.8291864,Phrase,1,7.520421
11.574447,-4.829296,Phrase,0,8.342044
11.431635,-6.3081937,Phrase,2,8.029693
11.718669,-5.4877715,Phrase,0,8.339999
12.332914,-4.8466144,Phrase,1,7.9148335
11.67841,-6.157674,Phrase,2,7.280004
11.577438,-5.651191,Phrase,2,7.226012
10.475802,-5.035523,Phrase,1,9.507705
11.440177,-5.7928896,Phrase,0,10.380751
11.957301,-5.381137,Phrase,0,8.848587
10.23564,-5.400947,Phrase,1,8.144042
11.313166,-6.0183506,Phrase,2,7.9629664
10.30356,-5.900457,Phrase,2,9.023522
12.391429,-2.418109,Phrase,1,7.264823
12.355807,-5.6001,Phrase,0,9.039213
9.809103,-8.42504,Phrase,2,8.414272
11.432907,-6.2351813,Phrase,2,7.300315
12.052222,-6.9019623,Phrase,2,7.5614047
12.381385,-5.105665,Phrase,0,10.100883
11.732562,-5.910893,Phrase,0,9.447735
12.680592,-6.9022813,Phrase,2,7.369472
11.203715,-6.093761,Phrase,0,10.12129
11.630818,-6.4947333,Phrase,2,7.4582615
10.594779,-5.1091537,Phrase,2,9.7707405
12.464591,-6.2090816,Phrase,2,8.742596
11.5968485,-6.737008,Phrase,0,10.580644
12.005732,-4.402709,Phrase,0,9.27694
13.097773,-5.995745,Phrase,0,9.36668
11.303791,-3.8981156,Phrase,1,10.6919985
10.296922,-8.971044,Phrase,2,8.188778
11.357877,-6.071552,Phrase,2,7.998005
11.290625,-5.7409286,Phrase,1,7.802597
10.511121,-7.094626,Phrase,2,7.9947705
12.696033,-6.193749,Phrase,0,7.2331924
10.559979,-8.276331,Phrase,2,9.261635
10.642103,-5.1742077,Phrase,2,9.478664
11.11979,-5.1850953,Phrase,1,9.606707
12.501663,-4.097058,Phrase,1,8.530365
10.336529,-6.9531465,Phrase,2,8.678937
10.856702,-7.125975,Phrase,0,9.663937
9.803065,-8.921459,Phrase,2,8.755166
10.901921,-5.2380095,Phrase,2,6.8185916
11.544436,-6.3193913,Phrase,0,8.181292
11.058181,-5.952615,Phrase,1,7.164819
10.982179,-6.883261,Phrase,2,8.725435
11.9118595,-5.3110948,Phrase,0,9.139605
11.063091,-4.238772,Phrase,0,10.279029
11.302576,-5.436732,Phrase,0,7.7335877
10.722615,-7.8215113,Phrase,2,9.384242
11.287514,-6.208504,Phrase,0,10.106002
11.465462,-5.257878,Phrase,0,9.291257
10.696557,-6.3470197,Phrase,1,7.5003543
11.788213,-4.5031414,Phrase,1,11.262374
10.125773,-8.714248,Phrase,2,8.286959
10.9645605,-5.27502,Phrase,0,7.0977573
9.3989105,-7.3127356,Phrase,2,8.129505
11.246055,-5.9061127,Phrase,1,7.9599595
10.951234,-5.7058883,Phrase,1,6.780353
11.023864,-4.5185494,Phrase,1,6.432342
11.919847,-6.593167,Phrase,0,8.205291
11.844313,-5.643688,Phrase,0,9.551045
11.155536,-6.3324046,Phrase,2,8.26627
10.9718275,-4.4829903,Phrase,1,8.726396
11.195062,-4.542241,Phrase,1,11.201152
9.915555,-8.586442,Phrase,2,8.292147
12.470225,-4.7685184,Phrase,0,9.643036
11.397337,-7.765669,Phrase,2,8.135489
12.4693575,-4.1788836,Phrase,0,8.407996
12.069376,-7.534821,Phrase,2,7.4601855
9.390176,-8.193514,Phrase,1,7.967858
12.472422,-6.646226,Phrase,1,6.596414
9.634202,-7.6703644,Phrase,2,7.288962
10.03969,-8.573665,Phrase,2,9.300472
10.666176,-8.121212,Phrase,2,8.326688
11.498586,-5.530151,Phrase,1,6.8520517
15.002678,-3.1462672,Phrase,1,8.226928
11.668647,-6.649157,Phrase,0,10.215549
10.251295,-7.465336,Phrase,2,9.518436
12.007663,-4.8616543,Phrase,2,8.696075
10.92961,-6.258806,Phrase,0,10.2675905
12.799501,-6.5138106,Phrase,0,10.592913
12.1151285,-6.2241325,Phrase,2,7.6512556
10.05511,-8.846727,Phrase,0,8.774689
10.681951,-6.417965,Phrase,2,9.572524
12.368153,-4.101435,Phrase,0,8.344617
12.5392,-5.761087,Phrase,2,7.155206
10.267443,-8.817089,Phrase,2,8.207489
10.098573,-7.0154004,Phrase,2,8.9699955
11.449904,-4.272168,Phrase,1,11.003026
11.900281,-6.0667787,Phrase,1,7.1615925
12.808249,-5.35454,Phrase,0,9.0789795
11.758513,-6.371223,Phrase,0,9.298824
15.043535,-3.1042547,Phrase,1,8.259667
9.859314,-8.617053,Phrase,2,9.130477
11.040513,-4.5259333,Phrase,1,6.4457483
10.250478,-5.856534,Phrase,2,7.90615
11.8373785,-5.4582233,Phrase,1,6.871676
11.483532,-5.0265527,Phrase,0,8.738955
11.414537,-5.100814,Phrase,1,7.296172
11.181659,-6.3536043,Phrase,2,9.0661
11.589302,-5.22014,Phrase,0,8.422673
10.641305,-7.5704427,Phrase,2,9.613114
10.686823,-4.537613,Phrase,1,7.033085
11.043305,-3.4496374,Phrase,1,7.0175743
11.931216,-4.6719217,Phrase,0,8.845909
11.458489,-5.526075,Phrase,0,9.292126
11.124615,-4.670323,Phrase,1,8.941879
11.822194,-4.7087903,Phrase,0,8.842455
11.236552,-6.7005477,Phrase,2,8.319653
10.841769,-6.6223373,Phrase,0,7.4257107
11.8853,-6.364745,Phrase,2,7.6345654
12.927225,-5.907648,Phrase,0,9.664216
10.873985,-6.714632,Phrase,2,8.882686
12.214349,-3.6320395,Phrase,1,8.138139
10.265589,-5.6984863,Phrase,1,7.920388
10.416957,-6.497625,Phrase,2,9.393771
9.701076,-7.0055113,Phrase,1,8.646401
10.949239,-6.181579,Phrase,2,7.559422
11.742098,-6.392853,Phrase,2,7.4012513
12.260333,-4.3661013,Phrase,0,7.696141
11.954134,-4.989421,Phrase,2,7.5914702
11.088402,-6.2372136,Phrase,0,8.5012865
12.409732,-5.7878275,Phrase,0,9.581137
10.922051,-5.4735093,Phrase,2,7.4916162
10.535644,-8.954886,Phrase,2,8.27259
12.456189,-6.3518033,Phrase,1,6.9063644
10.412224,-5.1119595,Phrase,1,7.318595
9.479468,-7.739243,Phrase,2,7.2170134
11.658782,-4.365055,Phrase,1,8.277525
10.070242,-8.981035,Phrase,2,8.631757
11.7323675,-4.399985,Phrase,0,10.215967
12.145004,-5.8486648,Phrase,0,8.818924
12.36062,-5.659794,Phrase,0,8.893353
9.718887,-8.428018,Phrase,2,8.801933
10.371448,-8.399544,Phrase,2,9.096899
11.193469,-5.4553056,Phrase,2,8.161833
10.129227,-6.8203607,Phrase,2,8.850562
10.182087,-6.674368,Phrase,2,8.518886
11.722968,-5.09825,Phrase,0,7.950827
13.8483515,-3.68313,Phrase,0,7.955051
12.357987,-5.410651,Phrase,0,7.5268645
10.245026,-5.345797,Phrase,1,7.803646
11.065316,-5.915124,Phrase,2,7.6134725
13.990633,-3.8573809,Phrase,1,7.530989
10.231442,-6.9624076,Phrase,1,7.3909373
11.171561,-5.730816,Phrase,0,10.236084
12.244957,-6.604288,Phrase,2,8.376054
11.448476,-5.9012938,Phrase,0,9.677975
10.10658,-7.945389,Phrase,0,9.117515
12.292136,-7.925632,Phrase,2,7.451334
10.078305,-9.202859,Phrase,2,8.596415
10.2277565,-4.8780727,Phrase,1,8.1767235
11.290298,-6.4719973,Phrase,1,7.504121
11.999006,-6.8141637,Phrase,2,7.4614277
12.6369095,-4.997071,Phrase,0,8.244591
10.180612,-8.609685,Phrase,2,8.208728
10.140077,-5.1859403,Phrase,0,7.801324
10.921691,-6.9266996,Phrase,0,10.134384
9.956392,-8.84401,Phrase,2,8.904218
13.666694,-4.716057,Phrase,1,8.338659
12.575855,-5.686899,Phrase,0,10.487413
10.122866,-8.198199,Phrase,2,8.782519
11.737662,-6.236905,Phrase,2,7.2571197
10.957835,-7.4251466,Phrase,1,7.6291847
10.120759,-5.908206,Phrase,2,8.801513
12.458399,-4.220093,Phrase,0,8.144627
11.248368,-6.7331457,Phrase,2,7.6666718
11.723712,-6.592401,Phrase,2,7.3227925
10.433603,-6.152687,Phrase,0,9.31406
11.675552,-6.6970096,Phrase,2,7.355741
11.176311,-4.469433,Phrase,1,11.095058
11.610627,-6.3177986,Phrase,2,7.627315
11.404819,-4.2638297,Phrase,1,10.742957
11.591947,-5.412186,Phrase,2,7.925453
11.503916,-5.265193,Phrase,0,9.709686
11.873992,-5.568807,Phrase,2,8.982988
11.068091,-3.5107393,Phrase,1,7.2459
11.458641,-8.1069,Phrase,2,7.492927
10.242921,-4.855838,Phrase,1,8.185487
12.089995,-6.063364,Phrase,2,7.5660787
11.308471,-4.403986,Phrase,1,8.389417
11.585452,-5.3016324,Phrase,0,9.796068
12.451451,-5.0800896,Phrase,0,10.275139
11.030783,-5.8175907,Phrase,1,9.996087
10.389744,-6.1076255,Phrase,2,9.078996
11.780602,-4.6321077,Phrase,1,7.6346755
11.06552,-5.4768305,Phrase,1,8.46152
11.691079,-6.8718596,Phrase,0,8.477273
10.496461,-4.77505,Phrase,1,9.683751
8.055159,-4.1095214,Phrase,1,7.3866878
11.011043,-5.765476,Phrase,0,10.025429
12.428632,-6.8668194,Phrase,2,6.690996
12.276283,-4.0864034,Phrase,1,7.9984097
11.337827,-5.854787,Phrase,2,7.2273054
10.8259945,-6.9460607,Phrase,0,9.978853
11.697943,-5.088627,Phrase,0,7.0650983
11.870639,-5.295171,Phrase,1,8.171666
12.470563,-5.1231766,Phrase,1,8.559601
13.007974,-6.7193727,Phrase,0,10.160368
11.696878,-5.8161006,Phrase,2,7.3200436
12.228655,-7.890714,Phrase,0,7.510896
11.808504,-4.2089305,Phrase,0,8.165418
9.849464,-8.836006,Phrase,1,8.297487
10.374852,-6.3477707,Phrase,2,9.328412
-4.6818085,1.6805234,Phrase,1,11.918362
11.498382,-5.112931,Phrase,0,8.644999
10.661873,-7.312947,Phrase,1,8.366905
11.29251,-6.7792015,Phrase,0,9.232843
10.5927925,-8.854404,Phrase,2,8.154526
9.907552,6.5077252,Phrase,1,6.878479
10.368065,-8.079767,Phrase,2,9.384159
12.3956995,-4.3434353,Phrase,0,7.9085965
13.61561,-3.6814659,Phrase,0,8.446025
11.326689,-4.9332805,Phrase,0,9.0999155
12.754167,-6.534153,Phrase,0,10.214638
10.280675,-4.2696195,Phrase,1,5.9128904
11.115387,-5.489885,Phrase,0,8.470212
12.091455,-5.246446,Phrase,0,7.305945
11.392853,-5.238107,Phrase,1,7.247381
11.551111,-6.358065,Phrase,2,8.778936
11.79344,-5.483217,Phrase,0,10.256433
12.377855,-4.0833864,Phrase,0,8.500817
10.899892,-6.6728764,Phrase,0,8.471761
9.640741,-7.61155,Phrase,2,7.285084
9.922168,-8.462571,Phrase,0,8.410406
11.88562,-5.678959,Phrase,0,9.240276
11.075625,-6.255346,Phrase,0,10.285902
11.417707,-6.249143,Phrase,2,7.403769
11.228513,-5.9433637,Phrase,0,8.855164
12.290535,-5.453354,Phrase,1,9.410909
9.936177,-6.4331703,Phrase,0,9.950798
12.565629,-6.805726,Phrase,0,10.086391
11.96639,-6.2247877,Phrase,2,6.5653043
12.813021,-5.742943,Phrase,0,9.321213
11.597243,-5.3399734,Phrase,0,9.248166
11.826526,-4.176223,Phrase,1,7.7501497
11.847603,-4.5988555,Phrase,1,8.912029
10.085189,-5.800738,Phrase,2,9.172833
10.722189,-6.142991,Phrase,0,9.485722
11.145645,-4.539379,Phrase,0,8.741931
12.614086,-4.926096,Phrase,0,8.738149
10.939291,-6.189219,Phrase,0,9.546346
11.723158,-5.636208,Phrase,2,7.1077843
10.091856,-8.30268,Phrase,2,8.539465
11.57166,-8.48607,Phrase,2,9.892364
10.289129,-6.6383295,Phrase,2,8.802721
11.186928,-7.9361157,Phrase,2,8.541623
12.752451,-4.5455246,Phrase,1,7.5215263
11.529664,-6.245292,Phrase,2,7.2917323
10.348261,-7.7663956,Phrase,2,8.694234
11.828109,-4.6128817,Phrase,0,8.838246
10.016702,-8.989756,Phrase,2,8.346198
10.918635,-5.798119,Phrase,2,8.880892
12.988447,-6.0310464,Phrase,0,9.011355
10.58783,-5.73051,Phrase,1,7.2470613
11.051878,-4.1876945,Phrase,1,10.542869
10.422849,-4.6656055,Phrase,1,7.0022855
12.159283,-4.866659,Phrase,1,7.0712132
10.741985,-6.8037963,Phrase,1,8.74311
10.638796,-8.890358,Phrase,2,8.728844
12.236726,-5.02784,Phrase,0,9.67319
10.5016775,-6.184253,Phrase,2,9.74147
11.677173,-5.769687,Phrase,2,8.3064375
9.475732,-8.278558,Phrase,2,8.679902
10.448252,-7.2728953,Phrase,2,8.576279
12.422999,-2.3138998,Phrase,0,7.2523665
11.898246,-6.691639,Phrase,2,7.157008
10.086753,-8.967604,Phrase,2,8.64525
10.603105,-5.238821,Phrase,1,9.764786
11.522732,-5.9979696,Phrase,0,10.156141
11.039385,-6.233417,Phrase,2,7.171493
11.130183,-5.696645,Phrase,0,8.64567
11.882686,-5.790727,Phrase,0,9.658606
10.742868,-6.998601,Phrase,2,8.972966
10.974175,-7.0952554,Phrase,1,7.1181226
13.018082,-5.900021,Phrase,0,8.071982
11.629253,-5.358676,Phrase,0,9.713157
10.579433,-7.0875,Phrase,2,7.7024026
12.371809,-5.140544,Phrase,1,7.343594
10.836218,-4.2171106,Phrase,1,10.259015
13.251576,-4.540063,Phrase,0,8.795069
10.187313,-8.962823,Phrase,2,8.09985
12.8912,-4.868415,Phrase,0,8.888646
10.225099,-8.939351,Phrase,2,8.323207
13.325896,-4.9542894,Phrase,0,8.650339
10.067205,-8.955684,Phrase,2,8.652248
11.9236965,-6.25475,Phrase,0,7.784726
13.028482,-6.1603055,Phrase,0,10.653337
10.6207,-6.586482,Phrase,2,8.855999
14.015822,-4.7662826,Phrase,1,8.058502
10.897875,-7.1789193,Phrase,2,9.490182
11.539851,-6.5018477,Phrase,2,8.286925
12.266195,-6.233695,Phrase,0,9.184201
12.426852,-6.3391304,Phrase,0,9.8325205
11.130693,-4.2742615,Phrase,1,7.132546
11.866881,-5.162695,Phrase,1,7.156744
11.1681595,-5.1981564,Phrase,0,8.916268
11.460014,-5.200209,Phrase,0,7.0391717
10.522803,-5.8438993,Phrase,0,8.125284
10.76369,-6.595393,Phrase,0,8.437976
11.034062,-6.5600333,Phrase,2,7.433811
11.407638,-5.169148,Phrase,0,9.20267
10.497662,-6.3727775,Phrase,1,7.410838
10.045123,-8.679381,Phrase,2,8.43928
13.668135,-4.1374826,Phrase,1,8.617033
10.597211,-6.0302277,Phrase,0,9.4042
10.300904,-8.997458,Phrase,2,8.375246
9.874211,-8.400132,Phrase,2,8.991269
14.014251,-3.3333902,Phrase,1,8.150498
12.38528,-6.1375594,Phrase,0,8.563229
12.443667,-4.148183,Phrase,0,8.167591
13.061487,-6.18367,Phrase,0,9.179218
10.704052,-7.5061474,Phrase,2,8.236101
-4.682054,1.6803924,Phrase,1,11.918589
13.153436,-4.3404126,Phrase,0,9.185797
12.548993,-6.3799777,Phrase,1,6.703186
10.835103,-5.3518724,Phrase,2,6.7972965
10.020301,-8.136555,Phrase,2,8.604136
11.00108,-5.5947433,Phrase,2,8.1927395
10.752611,-8.031136,Phrase,2,8.382249
10.592575,-6.0770116,Phrase,2,9.799163
11.279114,-6.0420094,Phrase,2,7.4800506
11.3153925,-5.707564,Phrase,2,7.7793646
11.368984,-5.051755,Phrase,0,9.153461
11.45495,-7.7403865,Phrase,2,7.877395
12.02709,-5.387986,Phrase,2,7.725018
12.037674,-5.2746196,Phrase,2,7.799847
15.506147,-1.6702886,Phrase,0,10.259639
11.888781,-4.1748466,Phrase,1,8.312992
9.88758,-6.4381647,Phrase,0,9.882258
10.798788,-7.631547,Phrase,1,7.191477
11.880794,-5.4952793,Phrase,1,7.113431
10.341572,-8.854374,Phrase,2,8.885796
10.495454,-6.002153,Phrase,0,7.999206
9.479671,-7.2711005,Phrase,1,6.904702
10.179815,-6.91714,Phrase,1,7.4338565
12.025986,-5.1097727,Phrase,2,8.610028
10.178691,-6.78024,Phrase,2,8.782797
12.411161,-4.079198,Phrase,0,8.16279
10.20786,-8.215245,Phrase,2,9.435973
10.438887,-4.980433,Phrase,0,8.130759
10.956252,-5.799645,Phrase,2,8.306641
11.407733,-5.8413644,Phrase,1,6.71934
12.760843,-6.1514597,Phrase,2,7.22344
10.873914,-4.711194,Phrase,1,7.6740127
11.624956,-1.8611633,Phrase,1,5.9590335
11.395516,-4.252405,Phrase,0,10.514788
13.493033,-4.474087,Phrase,0,8.087317
12.118097,-6.744925,Phrase,2,7.5116897
11.267756,-6.1495733,Phrase,0,10.4371605
11.941323,-4.6045427,Phrase,0,8.945225
10.090319,-7.1907835,Phrase,2,7.7704577
12.719369,-6.4261847,Phrase,2,8.343585
11.761964,-6.5899105,Phrase,2,7.3986096
10.342167,-7.945851,Phrase,2,7.9400425
12.791741,-5.606482,Phrase,2,8.264586
10.766705,-8.52181,Phrase,2,8.494867
10.226232,-8.308354,Phrase,2,8.817185
-4.669952,1.6918064,Phrase,1,11.906483
9.837275,-8.706403,Phrase,2,9.050412
12.796238,-5.9974313,Phrase,0,7.31186
10.803392,-5.9476447,Phrase,2,9.364686
13.5678425,-4.275529,Phrase,0,8.716033
10.400609,-4.6611357,Phrase,1,6.2064195
10.741359,-5.4294147,Phrase,0,8.3969
11.117298,-4.7812357,Phrase,1,7.1955123
13.793026,-4.2927485,Phrase,0,7.8786006
9.942477,-7.776348,Phrase,2,9.405937
9.821583,-7.535017,Phrase,2,8.836018
11.060275,-4.7890882,Phrase,0,6.537819
12.541414,-6.0939045,Phrase,2,7.102145
12.314183,-4.5123005,Phrase,0,7.444125
10.959456,-6.5792527,Phrase,2,8.173433
11.828763,-4.522492,Phrase,0,7.04697
10.945198,-5.9844675,Phrase,1,7.380178
11.9782095,-5.1896906,Phrase,0,10.152627
10.200021,-8.933481,Phrase,2,8.878723
11.00894,-5.2404294,Phrase,1,8.12318
10.613052,-4.405367,Phrase,1,9.424279
9.953779,-7.094046,Phrase,1,7.915554
12.552258,-4.513854,Phrase,0,8.147013
11.120634,-4.1652412,Phrase,0,10.5275135
12.6743765,-6.2293115,Phrase,2,7.16397
9.789832,-4.9845767,Phrase,1,8.104643
11.739414,-4.671455,Phrase,1,8.778482
12.341222,-5.873833,Phrase,0,7.8108234
12.255501,-5.899766,Phrase,2,8.3541975
10.079767,-8.893084,Phrase,2,8.681827
10.015473,-8.847294,Phrase,2,8.911839
12.786079,-5.9609323,Phrase,1,7.8507814
11.506249,-5.131608,Phrase,0,9.134039
13.871661,-3.957845,Phrase,2,7.576448
10.83889,-4.9846225,Phrase,1,8.47473
11.066444,-6.207776,Phrase,2,9.983856
9.861848,-6.9931197,Phrase,0,8.704207
10.855197,-6.2811084,Phrase,2,8.980175
10.394824,-4.158044,Phrase,1,10.063871
9.768648,-8.103499,Phrase,1,8.231432
12.366934,-4.3452744,Phrase,0,9.031486
13.016294,-5.1051173,Phrase,0,9.778107
12.842968,-5.889744,Phrase,0,9.031787
11.562952,-5.0058627,Phrase,1,7.1390767
9.513594,-7.248875,Phrase,1,6.9498334
10.215589,-6.686909,Phrase,2,8.658479
11.983665,-5.693555,Phrase,0,8.0687065
10.712695,-6.3836026,Phrase,2,7.158866
10.912542,-5.565583,Phrase,1,7.258609
12.247416,-5.6038184,Phrase,0,8.369768
13.996538,-3.8422027,Phrase,0,7.5658283
10.849389,-7.7559385,Phrase,2,8.809227
12.853566,-5.5917215,Phrase,0,10.312149
11.953695,-5.423738,Phrase,0,7.7817693
13.696448,-4.1888013,Phrase,0,8.285819
10.533735,-6.043543,Phrase,1,6.99683
11.721857,-7.0835605,Phrase,0,9.5880575
12.56027,-6.1813574,Phrase,0,7.9829974
11.2046385,-5.115139,Phrase,1,7.3550787
11.029854,-7.5856924,Phrase,2,7.4085245
11.99126,-5.644387,Phrase,1,7.843479
10.999921,-5.4581165,Phrase,0,9.107922
10.619209,-6.324391,Phrase,2,7.985819
10.063235,-7.6058826,Phrase,2,8.295713
11.547124,-5.3199725,Phrase,0,10.405632
11.817667,-5.074205,Phrase,0,8.352745
10.372605,-9.011986,Phrase,2,8.713594
10.516147,-6.2262454,Phrase,2,8.12781
12.080065,-6.0479336,Phrase,0,9.866418
11.257826,-4.0760646,Phrase,1,7.0739045
11.616936,-6.168955,Phrase,2,7.1119165
10.375056,-5.213913,Phrase,1,7.6535673
10.802022,-6.8573337,Phrase,2,9.621333
11.809457,-5.778071,Phrase,0,9.310097
11.178081,-4.736071,Phrase,1,10.220816
11.912729,-6.135959,Phrase,2,7.510549
12.554506,-4.9484415,Phrase,0,8.562853
12.629547,-6.224851,Phrase,2,7.0836196
10.593161,-4.7205906,Phrase,1,7.9035287
11.378939,-6.366319,Phrase,2,8.191875
12.750924,-5.9036617,Phrase,0,9.861627
11.564869,-6.737895,Phrase,2,7.7630124
11.338781,-3.5018322,Phrase,1,7.314211
9.527778,-8.132653,Phrase,2,8.350167
10.299781,-4.4493527,Phrase,1,6.0322857
10.950654,-7.694362,Phrase,2,8.144472
10.754314,-6.937021,Phrase,0,8.998622
10.627863,-6.551329,Phrase,2,9.136277
12.263382,-4.53345,Phrase,0,8.764381
12.269876,-5.179215,Phrase,0,10.148904
11.430816,-5.8488345,Phrase,2,6.760943
11.37906,-5.7448425,Phrase,1,7.434825
11.715202,-6.0326962,Phrase,0,10.540215
12.703904,-4.953583,Phrase,0,8.789566
11.662854,-6.592039,Phrase,2,7.5980167
11.531568,-5.5973415,Phrase,1,7.470772
9.886837,6.434207,Phrase,1,6.9091234
10.458303,-6.1812997,Phrase,2,8.902212
11.359224,-6.1334457,Phrase,2,7.3786716
11.547257,-3.6203027,Phrase,1,7.4833946
11.191652,-4.2753897,Phrase,0,10.6253605
10.974749,-6.330272,Phrase,2,6.9687257
11.742785,-7.622457,Phrase,0,7.1246824
11.02213,-4.1890883,Phrase,1,10.557076
10.653875,-7.8284564,Phrase,2,7.5477405
11.4572935,-6.276231,Phrase,2,8.038773
12.241828,-5.727814,Phrase,2,7.59783
12.071374,-5.2693477,Phrase,0,7.3997188
12.382877,-5.0955224,Phrase,0,10.0609455
11.707597,-4.555918,Phrase,1,8.752572
12.570191,-6.2186313,Phrase,2,7.000126
11.45348,-4.194051,Phrase,1,10.58405
11.905148,-5.2797203,Phrase,0,9.629372
10.958914,-5.329952,Phrase,0,8.974111
10.788578,-4.318065,Phrase,0,9.93939
10.099423,-5.790167,Phrase,2,9.169014
10.898553,-7.719353,Phrase,2,7.4815054
10.731886,-6.6814775,Phrase,2,9.042679
11.135552,-4.7093754,Phrase,1,10.219784
12.702364,-4.9618993,Phrase,0,9.639631
10.642737,-4.450375,Phrase,1,9.870585
11.123483,-6.7949104,Phrase,2,9.053824
11.987001,-4.943297,Phrase,2,7.830484
9.616022,-8.622162,Phrase,1,8.640096
9.884734,-6.454529,Phrase,1,9.879765
9.566985,-8.157843,Phrase,1,8.294283
11.6817465,-5.252918,Phrase,2,8.111428
10.008075,-7.431672,Phrase,1,8.935455
12.375377,-5.970191,Phrase,1,7.9279423
10.967168,-5.7093945,Phrase,0,9.993728
12.130986,-4.083726,Phrase,1,7.179353
10.886074,-4.9761634,Phrase,0,9.427535
10.470814,-4.704276,Phrase,1,6.3304214
11.359817,-5.260563,Phrase,0,8.537662
11.408863,-6.2228413,Phrase,0,10.252902
10.600672,-6.597282,Phrase,2,8.002114
11.077168,-3.9422235,Phrase,0,10.354095
11.278877,-3.6055512,Phrase,1,7.288956
13.456914,-5.1565123,Phrase,1,8.039701
11.506359,-5.085426,Phrase,1,8.24187
11.234445,-5.3315725,Phrase,2,8.417757
10.113646,-8.948984,Phrase,2,8.237698
10.540177,-7.0153418,Phrase,2,7.509403
10.960711,-6.2737517,Phrase,2,8.26444
11.666245,-6.5870523,Phrase,0,8.157098
10.675347,-7.0375266,Phrase,1,8.679677
9.81708,-7.784387,Phrase,2,8.95338
9.84286,-8.168613,Phrase,2,8.38138
11.015561,-6.3700633,Phrase,2,7.1397376
10.543708,-5.9329844,Phrase,2,9.582222
10.665085,-5.679665,Phrase,1,7.8943768
10.967285,-6.108869,Phrase,2,9.946852
11.951121,-5.817254,Phrase,0,9.260479
10.732053,-2.8765,Phrase,0,3.0804577
10.395779,-4.657943,Phrase,1,6.2086916
11.06831,-5.7959957,Phrase,1,7.849574
11.817602,-4.917876,Phrase,0,8.787087
11.095415,-6.595385,Phrase,2,7.680954
11.897043,-3.613389,Phrase,1,7.916775
10.579756,-4.6423397,Phrase,1,8.152856
11.729704,-5.3469524,Phrase,2,7.5743074
12.35222,-3.9702058,Phrase,0,8.429768
13.205441,-6.2981935,Phrase,0,9.500319
11.311513,-5.6184707,Phrase,2,7.736849
10.490371,-6.2145886,Phrase,2,9.570943
10.401223,-4.901084,Phrase,1,9.6222725
10.35078,-5.1288486,Phrase,1,7.9213195
11.896153,-7.0459185,Phrase,2,7.529551
9.727944,-4.2984147,Phrase,1,8.093154
11.647975,-5.6847086,Phrase,0,9.6933775
11.030446,-5.705051,Phrase,0,9.222731
10.980652,-4.691258,Phrase,0,8.711628
10.449945,-7.6796956,Phrase,0,9.260649
10.04184,-9.021018,Phrase,2,8.28552
10.318633,-6.5964212,Phrase,2,8.786809
12.09178,-5.795794,Phrase,0,8.319843
12.599558,-4.374014,Phrase,0,8.948105
11.230199,-4.31943,Phrase,0,8.386748
12.422899,-5.2072206,Phrase,2,8.036617
11.807899,-4.100625,Phrase,1,7.864609
11.668244,-6.0554113,Phrase,2,8.695683
12.676933,-5.7820344,Phrase,1,7.092267
10.763772,-7.0333514,Phrase,2,8.346251
11.97299,-5.627289,Phrase,0,8.492851
11.411916,-6.312471,Phrase,0,8.28703
11.1624,-6.314492,Phrase,2,7.467694
11.65769,-4.7118363,Phrase,1,7.8618336
9.68276,-8.275454,Phrase,2,8.870839
11.132182,-3.4728167,Phrase,1,7.1361046
13.82675,-4.2753654,Phrase,0,7.946714
11.314115,-3.9474142,Phrase,0,10.654406
10.713766,-6.64138,Phrase,2,7.384899
11.771527,-6.002501,Phrase,2,7.853849
11.200036,-6.2933264,Phrase,2,7.4510837
14.208131,-3.7170513,Phrase,0,7.7279
11.029903,-5.909976,Phrase,0,8.14075
12.439596,-5.6361446,Phrase,0,9.914644
12.348439,-6.178011,Phrase,0,7.1462574
11.292432,-5.7795796,Phrase,1,7.689097
11.795859,-6.920258,Phrase,2,7.6820226
11.573229,-5.141246,Phrase,2,8.828186
11.055509,-5.6947436,Phrase,2,8.75887
12.478879,-6.6791797,Phrase,2,6.645169
10.167484,-8.726145,Phrase,2,9.348336
10.395639,-8.950377,Phrase,2,8.323183
10.426583,-7.3870277,Phrase,2,9.548339
11.134192,-4.5168853,Phrase,1,11.235727
10.705494,-6.702804,Phrase,1,8.483888
12.250232,-5.433334,Phrase,1,8.949935
10.678874,-6.4783263,Phrase,0,7.267971
11.657674,-8.245713,Phrase,2,9.873927
10.761979,-5.5430427,Phrase,2,7.8232894
12.689519,-6.4639707,Phrase,0,10.474685
11.943644,-5.3788543,Phrase,0,9.40299
12.176799,-6.121242,Phrase,0,7.38985
12.443051,-4.067871,Phrase,0,8.478417
9.968102,-8.805529,Phrase,2,8.461548
11.049196,-5.8456717,Phrase,0,10.053661
11.625651,-6.6747794,Phrase,2,7.5332985
11.762151,-5.117132,Phrase,2,7.268414
10.245296,-8.626361,Phrase,2,9.037773
8.3440075,-4.631978,Phrase,1,4.8525043
10.243066,-9.041014,Phrase,2,8.383105
9.961315,-8.814781,Phrase,2,8.823615
11.282523,-5.6895413,Phrase,0,9.264497
12.036904,-5.1319594,Phrase,0,10.4019375
12.00196,-5.371206,Phrase,0,9.905201
12.518948,-6.1681046,Phrase,2,7.2866263
12.033718,-8.851603,Phrase,2,8.803153
12.487932,-5.1028485,Phrase,0,10.455436
-4.677795,1.6801783,Phrase,1,11.916812
9.939507,-8.694284,Phrase,2,9.07423
11.472696,-6.3983564,Phrase,0,9.923302
10.481991,-7.4274645,Phrase,0,9.227493
12.028033,-5.014432,Phrase,0,8.004495
11.310199,-4.2848573,Phrase,1,8.262561
12.156589,-6.2376666,Phrase,2,8.757248
11.165671,-5.5514994,Phrase,2,6.9270234
11.275811,-6.1825624,Phrase,2,7.1872888
13.784532,-4.1910486,Phrase,0,8.31328
11.296926,-5.1012764,Phrase,1,7.5806217
7.738582,-3.9134548,Phrase,1,7.2239637
11.667128,-5.13412,Phrase,1,7.58599
9.984762,-8.819127,Phrase,2,8.832867
10.259993,-9.035646,Phrase,2,8.4363365
11.738408,-8.162248,Phrase,2,9.791675
11.340694,-5.456758,Phrase,1,7.1769085
10.669356,-4.783461,Phrase,1,6.5091605
11.112982,-6.1017613,Phrase,2,9.867845
10.407261,-6.9757395,Phrase,2,7.4967403
10.883642,-5.020807,Phrase,1,7.06567
11.251957,-6.5596614,Phrase,2,7.2902575
10.936106,-6.7896485,Phrase,2,8.425505
12.652946,-5.693033,Phrase,2,8.460923
12.03644,-5.0959706,Phrase,0,9.578828
11.719126,-6.42433,Phrase,2,6.708124
12.268775,-6.2187276,Phrase,0,9.567234
11.9786005,-5.979533,Phrase,2,9.075529
10.456841,-6.1493053,Phrase,2,9.017888
10.269911,-6.920123,Phrase,2,9.417885
9.743153,-8.223145,Phrase,1,7.9818573
10.80177,-5.6313686,Phrase,0,10.071238
11.028272,-6.5836487,Phrase,2,7.513437
10.549623,-6.8048983,Phrase,2,8.388236
10.849766,-5.60398,Phrase,2,8.318639
10.8105955,-6.8097935,Phrase,2,8.910064
11.146692,-5.2415857,Phrase,2,7.216084
11.430993,-7.2282267,Phrase,2,9.445519
13.624292,-4.190921,Phrase,0,8.300521
11.425813,-6.338458,Phrase,2,7.1262136
10.6521845,-8.917296,Phrase,2,8.019602
11.651022,-5.6567416,Phrase,2,8.915866
11.742539,-5.364153,Phrase,0,8.806792
11.067431,-5.6816187,Phrase,2,8.21367
10.016473,-9.023384,Phrase,2,8.903038
11.279976,-5.9113517,Phrase,2,7.2021074
12.492256,-6.461216,Phrase,0,7.41206
11.059747,-5.4464717,Phrase,1,6.905225
11.762653,-6.4225955,Phrase,0,8.108979
10.874308,-5.6825333,Phrase,1,8.313826
12.272881,-3.523859,Phrase,0,8.184327
11.196184,-6.387459,Phrase,1,7.2786937
10.719684,-4.8803205,Phrase,1,8.124396
10.515013,-6.3094463,Phrase,2,9.671077
11.028888,-4.5283847,Phrase,1,6.437543
10.530935,-8.618138,Phrase,2,9.179881
11.656108,-5.9423914,Phrase,1,7.3836374
10.416644,-4.673586,Phrase,1,6.2321615
10.630787,-6.2997594,Phrase,0,9.548306
11.075204,-6.4312577,Phrase,2,9.200346
12.284574,-5.6846886,Phrase,0,7.897465
11.284544,-5.753656,Phrase,1,7.601864
10.633996,-8.914927,Phrase,2,8.427627
11.759669,-6.2455583,Phrase,2,7.311884
9.5543165,-7.669042,Phrase,0,7.205341
10.751283,-4.231265,Phrase,1,7.585648
10.938333,-6.567635,Phrase,2,9.062673
11.854974,-4.8074117,Phrase,0,8.572209
11.966795,-4.44812,Phrase,1,10.995473
12.396078,-6.3804746,Phrase,2,7.1560197
12.035076,-4.5328526,Phrase,0,8.899573
11.690761,-5.671251,Phrase,2,7.1753297
11.848578,-5.835143,Phrase,2,7.698853
11.10373,-3.4417124,Phrase,1,7.075525
11.090856,-4.2509604,Phrase,1,8.2928095
10.294439,-4.6613607,Phrase,1,7.971853
10.606952,-5.258854,Phrase,0,8.504425
11.415571,-6.520685,Phrase,2,7.895465
11.275315,-5.566725,Phrase,1,7.6660976
12.535591,-6.1046247,Phrase,0,7.3736796
11.776311,-5.532988,Phrase,0,7.8532786
11.130809,-6.773279,Phrase,2,8.342418
9.5552845,-8.228352,Phrase,2,8.533226
10.297599,-6.8217673,Phrase,2,8.942441
11.425851,-6.2864814,Phrase,2,6.989766
11.858361,-5.691409,Phrase,2,7.8405213
11.089188,-6.5242357,Phrase,2,8.347557
11.662113,-5.587467,Phrase,2,8.152909
12.115065,-5.495059,Phrase,2,8.870979
10.859516,-6.1028886,Phrase,2,9.854964
12.642788,-5.100327,Phrase,2,7.1695046
12.524419,-6.1072106,Phrase,0,10.176015
10.316845,-4.9638777,Phrase,1,8.296859
10.3611,-7.0586944,Phrase,2,8.254203
10.350402,-7.017815,Phrase,2,8.466903
11.4236,-5.2621903,Phrase,0,8.631441
11.858937,-5.8396106,Phrase,2,8.32707
11.16638,-7.789091,Phrase,2,8.465791
11.774133,-5.3313866,Phrase,2,6.441124
12.062306,-5.133618,Phrase,0,9.369021
-4.6819863,1.6806144,Phrase,1,11.918532
10.734556,-2.882789,Phrase,0,3.087543
12.434841,-4.7333155,Phrase,0,7.9836802
9.875518,-8.975569,Phrase,1,8.446931
9.820326,-8.389677,Phrase,2,9.135594
12.3437395,-6.13402,Phrase,2,6.8545995
11.956824,-5.1682415,Phrase,1,6.359957
10.877446,-6.2812295,Phrase,1,7.8979425
11.364309,-5.573588,Phrase,2,7.9715304
12.200733,-5.1136127,Phrase,0,10.352485
13.972968,-3.8810506,Phrase,0,7.579173
12.99946,-5.824722,Phrase,1,8.07345
10.792859,-6.61014,Phrase,1,7.4004693
11.2607765,-5.616912,Phrase,1,7.2757425
10.274703,-8.33065,Phrase,2,8.933705
12.290957,-5.5881896,Phrase,2,7.8667045
10.795231,-6.47202,Phrase,2,9.827445
10.074318,-8.980694,Phrase,2,8.225706
13.158498,-4.5757155,Phrase,0,7.6918893
10.883251,-5.3547335,Phrase,1,8.006969
11.894255,-6.3430767,Phrase,1,6.814878
10.746639,-6.6129785,Phrase,2,9.597257
10.5424595,-8.618395,Phrase,2,8.124774
11.554187,-5.646193,Phrase,2,7.8893895
10.359061,-8.813251,Phrase,2,8.13024
12.222176,-4.6291294,Phrase,0,9.743179
12.342229,-5.073368,Phrase,0,9.3262415
9.986231,-9.056863,Phrase,2,8.932577
10.142553,-6.5669127,Phrase,0,7.861399
11.864332,-6.3653502,Phrase,2,7.254204
11.146241,-6.1783876,Phrase,2,9.831345
11.796739,-5.6046405,Phrase,2,7.833492
11.116984,-4.2946873,Phrase,2,8.351968
10.107841,-5.779662,Phrase,2,9.185742
11.913307,-6.308199,Phrase,2,7.6904454
12.477413,-4.796099,Phrase,0,9.875546
12.146222,-5.1084685,Phrase,1,7.279851
10.526009,-7.5495934,Phrase,2,8.898491
12.930287,-5.698205,Phrase,0,8.434744
11.102197,-7.0295243,Phrase,2,7.993782
10.04091,-8.825346,Phrase,2,8.366871
12.43783,-6.3657556,Phrase,0,9.145046
10.586659,-6.2739773,Phrase,1,7.462603
13.0333605,-5.7797675,Phrase,1,8.627214
11.759553,-5.938124,Phrase,2,8.0406
12.385842,-4.783502,Phrase,1,8.486304
11.535084,-6.500458,Phrase,2,7.5758743
10.9517,-6.0391974,Phrase,1,7.0380363
11.797691,-4.5218205,Phrase,1,11.259395
10.335342,-5.1540627,Phrase,1,7.6420307
12.017266,-6.717774,Phrase,2,7.9062867
12.369283,-4.6882076,Phrase,0,9.842975
10.547419,-8.622926,Phrase,2,7.957529
10.5711975,-7.603022,Phrase,2,7.488811
11.566678,-5.427808,Phrase,0,10.561043
10.330343,-6.83668,Phrase,2,8.598277
11.5995035,-6.958526,Phrase,2,7.804356
11.0484495,-6.8997197,Phrase,2,8.790348
11.190148,-4.533843,Phrase,1,11.198172
10.512997,-7.8743863,Phrase,2,9.326384
10.735005,-5.9319057,Phrase,1,7.93415
12.536479,-6.0694647,Phrase,2,6.8656673
10.074513,-8.752675,Phrase,2,9.41449
9.480585,-7.4333067,Phrase,1,7.055606
12.375544,-5.2983284,Phrase,0,8.993464
9.979657,-4.534841,Phrase,1,8.1525135
12.588921,-5.317102,Phrase,0,7.9247184
9.928033,-8.035448,Phrase,2,8.035887
10.363958,-6.3477416,Phrase,2,9.317855
9.57562,-8.375795,Phrase,2,8.9186535
10.149731,-6.744432,Phrase,2,8.709162
10.303147,-6.9706335,Phrase,2,7.5440664
10.668175,-6.466175,Phrase,2,8.811255
11.683862,-3.292538,Phrase,1,7.678239
10.606599,-6.1917706,Phrase,1,9.920912
10.113714,-6.4921227,Phrase,1,7.823992
11.528105,-5.2830873,Phrase,0,9.748079
12.60967,-6.131611,Phrase,2,6.988638
11.44675,-3.7785747,Phrase,0,9.318723
10.41995,-4.7103124,Phrase,1,6.2368617
12.329271,-5.8806076,Phrase,0,9.702833
10.408561,-6.6721563,Phrase,2,8.515764
10.725155,-7.219813,Phrase,2,8.443489
11.541195,-5.6887946,Phrase,2,7.6480904
12.6229515,-5.8217216,Phrase,2,8.841012
10.258813,-5.2831707,Phrase,1,7.680533
11.134927,-4.762072,Phrase,2,8.614939
10.204884,-8.881272,Phrase,2,8.343277
11.1558,-5.6345425,Phrase,0,8.992078
11.856212,-6.0068398,Phrase,0,10.392078
10.320263,-5.965045,Phrase,0,9.039211
11.169024,-6.645375,Phrase,2,7.6524196
12.10673,-4.442986,Phrase,1,7.2616343
11.032046,-4.473729,Phrase,1,6.4261584
10.160127,-4.7856603,Phrase,1,8.253133
10.4897175,-6.203128,Phrase,2,9.103833
12.991317,-5.0281343,Phrase,0,9.726568
10.872842,-4.8894277,Phrase,1,8.036575
11.792692,-4.9008355,Phrase,2,8.632056
11.874594,-5.5312552,Phrase,0,9.150514
12.056888,-4.160458,Phrase,1,8.242902
11.816304,-5.5178733,Phrase,2,10.688883
11.169289,-6.8191514,Phrase,0,8.9714365
11.757179,-4.9253154,Phrase,1,7.709755
9.810413,-6.309232,Phrase,0,9.885361
11.20117,-7.2794147,Phrase,2,7.7964106
12.213495,-5.918293,Phrase,2,8.057961
9.821504,-8.030158,Phrase,2,9.027575
11.426347,-7.4547276,Phrase,2,7.5855646
11.258265,-4.5601726,Phrase,1,11.087366
12.102758,-5.5988717,Phrase,0,10.285364
9.824057,-6.3513904,Phrase,1,9.834259
10.307182,-8.652669,Phrase,2,9.279283
10.617288,-4.877247,Phrase,1,6.364251
12.094013,-6.526537,Phrase,1,6.7265167
10.430751,-6.138187,Phrase,1,7.0788674
12.595886,-6.0084205,Phrase,0,9.220811
11.022115,-5.797087,Phrase,0,9.841123
12.330999,-4.698971,Phrase,0,9.607584
10.500732,-8.825167,Phrase,2,8.0576315
11.378742,-3.950374,Phrase,1,7.466265
11.465948,-5.460197,Phrase,0,7.9200463
12.844159,-5.1887603,Phrase,2,7.537786
12.328764,-5.199815,Phrase,0,9.822864
11.584727,-5.3514132,Phrase,0,7.765677
11.515956,-5.7327104,Phrase,0,9.751491
10.225121,-6.1143317,Phrase,1,7.143702
11.049267,-3.4896677,Phrase,1,6.9933405
11.492948,-6.206544,Phrase,0,9.797467
12.270478,-3.7598932,Phrase,0,8.324195
12.035461,-5.5334673,Phrase,1,8.423628
11.056075,-6.346184,Phrase,2,7.335717
12.300285,-6.9487114,Phrase,2,7.360713
12.685623,-5.123438,Phrase,0,8.997954
9.971289,-9.041384,Phrase,0,8.749077
11.001485,-5.5023203,Phrase,2,8.206586
11.183889,-4.541543,Phrase,1,11.217034
12.494834,-6.705942,Phrase,2,6.673622
10.951984,-5.2564483,Phrase,1,8.327569
12.21048,-5.761156,Phrase,0,9.195804
10.52331,-5.3513684,Phrase,1,7.6455646
12.317282,-6.1157885,Phrase,1,7.104226
11.058378,-4.193569,Phrase,1,10.547753
10.457399,-7.33799,Phrase,2,8.812615
11.78599,-7.2146416,Phrase,2,8.095903
11.032153,-3.4076269,Phrase,1,6.986656
12.445912,-6.361358,Phrase,2,7.0506773
14.017389,-3.3283532,Phrase,1,8.151225
11.296125,-6.6935024,Phrase,2,7.3914595
10.50537,-8.23258,Phrase,2,9.370852
10.456501,-6.9608912,Phrase,2,8.974186
11.048516,-3.4212863,Phrase,1,7.0295887
11.315711,-4.881021,Phrase,0,10.406174
10.464428,-5.1569324,Phrase,0,8.081614
11.074065,-6.168355,Phrase,2,7.154856
12.03856,-6.3636646,Phrase,2,8.390998
11.1315775,-6.1307483,Phrase,0,9.624784
10.659912,-4.8537593,Phrase,0,6.373715
11.066901,-6.127274,Phrase,0,10.101586
10.800811,-7.3509045,Phrase,2,8.103916
13.012769,-6.1485934,Phrase,0,10.72131
11.022476,-7.116823,Phrase,2,9.856708
10.7827425,-6.6556835,Phrase,0,9.066527
10.605163,-7.6918607,Phrase,1,7.2725224
12.203902,-5.341914,Phrase,0,10.413823
11.364936,-7.8148794,Phrase,2,9.551559
10.717462,-8.091598,Phrase,0,9.586592
12.586782,-6.0889845,Phrase,0,7.038036
11.472784,-5.606621,Phrase,2,8.229855
11.995529,-6.5855527,Phrase,2,6.7728815
11.766868,-5.9802465,Phrase,2,7.5893636
13.696199,-4.11594,Phrase,0,8.671003
9.712546,-7.227701,Phrase,1,7.0536404
10.422517,-4.542574,Phrase,1,6.196576
10.300556,-7.100931,Phrase,2,8.645384
12.681933,-6.124222,Phrase,2,7.049997
11.787481,-5.9763455,Phrase,0,9.4948
9.89464,6.5265293,Phrase,1,6.880969
10.744774,-4.157608,Phrase,2,10.034101
12.383842,-5.852461,Phrase,0,9.7612915
12.566844,-4.8579774,Phrase,0,8.787044
10.523665,-4.96781,Phrase,1,7.736152
12.744714,-6.198367,Phrase,0,8.813093
-4.6816072,1.6810664,Phrase,1,11.918156
10.021424,-8.874242,Phrase,2,8.739216
11.655683,-5.4611144,Phrase,2,8.366743
10.985376,-6.331356,Phrase,2,8.14253
10.902144,-5.653888,Phrase,0,9.896871
12.68884,-5.7515807,Phrase,0,9.998523
11.759503,-5.8112283,Phrase,1,7.3751564
10.699883,-4.61579,Phrase,2,8.994523
12.797827,-6.765119,Phrase,0,8.46013
12.023456,-6.2136126,Phrase,2,7.690259
12.194451,-4.974213,Phrase,0,8.039615
11.956077,-6.479398,Phrase,2,7.910549
10.085827,-8.872527,Phrase,2,8.503448
10.034352,-8.63011,Phrase,2,9.082253
11.776103,-6.043407,Phrase,1,6.905682
12.036143,-5.747918,Phrase,0,8.389825
12.789366,-6.219954,Phrase,2,7.7567
11.779095,-5.673936,Phrase,2,8.196152
10.769686,-4.2259035,Phrase,1,7.5605865
11.72498,-5.556739,Phrase,2,8.092128
12.747448,-6.1235614,Phrase,0,7.201523
11.492791,-5.3514543,Phrase,1,7.5738287
10.116655,-8.140922,Phrase,2,9.085035
11.914851,-4.536887,Phrase,1,11.087087
10.779012,-6.707679,Phrase,2,8.765088
11.501735,-6.693092,Phrase,2,7.002134
8.346509,-4.6317487,Phrase,1,4.854609
10.354223,-6.138431,Phrase,2,8.024969
10.186466,-8.489459,Phrase,2,9.1237135
11.648727,-5.4996314,Phrase,0,9.789612
11.041836,-4.96165,Phrase,1,8.568135
10.808353,-4.0364466,Phrase,1,10.068158
10.410514,-6.1323843,Phrase,2,9.385587
12.482166,-5.7251606,Phrase,0,8.911482
11.963701,-6.59008,Phrase,2,6.6843657
11.244655,-5.105913,Phrase,0,8.822174
12.731605,-6.1650867,Phrase,2,7.4513392
12.498975,-6.715223,Phrase,2,6.614822
12.844387,-5.8434854,Phrase,0,9.296784
10.428083,-4.8381867,Phrase,1,9.588878
10.314608,-4.9640107,Phrase,1,8.082839
9.604376,-7.203659,Phrase,2,7.2220454
9.803387,-7.1334805,Phrase,2,8.745864
11.065405,-5.5551662,Phrase,1,6.687668
10.370561,-6.5250926,Phrase,1,8.754788
10.646189,-8.742574,Phrase,2,7.9475684
12.552052,-4.9770455,Phrase,0,8.266039
11.118137,-5.8493795,Phrase,2,9.078677
12.238163,-5.647949,Phrase,0,8.94429
11.997441,-6.853446,Phrase,2,7.524439
10.439285,-6.2876678,Phrase,2,8.541887
10.824221,-5.7977076,Phrase,1,7.8384624
11.007627,-3.3829365,Phrase,1,6.9902697
11.117945,-3.541309,Phrase,1,7.115963
12.314341,-5.504862,Phrase,0,10.03721
11.411715,-6.051548,Phrase,1,7.409427
11.6512375,-4.523567,Phrase,1,7.86629
15.034009,-3.113243,Phrase,0,8.260338
11.670144,-5.6490626,Phrase,2,8.323997
10.463375,-5.778991,Phrase,1,8.089637
10.725052,-6.8675103,Phrase,2,9.11783
10.651661,-7.6169896,Phrase,1,8.355874
11.626203,-5.0223246,Phrase,1,7.729794
12.348956,-6.9382544,Phrase,1,7.2815247
11.49864,-5.8762283,Phrase,2,9.286917
10.844576,-8.947202,Phrase,2,8.863397
12.642608,-5.3260326,Phrase,0,9.3634
11.135382,-3.711761,Phrase,1,7.0088506
11.50873,-5.138517,Phrase,0,9.3803
11.838814,-6.653932,Phrase,2,7.5335145
12.761836,-6.2247105,Phrase,1,7.8608937
11.922758,-6.2960377,Phrase,0,8.923762
10.926726,-8.77374,Phrase,2,8.796217
12.8721,-6.1105447,Phrase,2,8.744049
12.614909,-6.305732,Phrase,2,7.8242865
10.561184,-5.983315,Phrase,1,9.877624
12.0123,-6.7249513,Phrase,2,7.172455
10.139962,-9.014848,Phrase,2,8.167593
11.406163,-5.5462995,Phrase,0,8.606735
10.633594,-4.6110234,Phrase,1,9.280552
10.585689,-6.1780243,Phrase,2,9.059471
11.331744,-4.9944367,Phrase,1,8.621249
11.994472,-4.951952,Phrase,1,7.309364
10.356915,-8.425362,Phrase,2,8.586083
9.826187,-6.3307524,Phrase,0,9.835046
11.329222,-3.6586788,Phrase,1,7.304712
10.530663,-6.6489363,Phrase,2,7.89072
10.917409,-7.6509004,Phrase,2,8.33606
12.055502,-4.197523,Phrase,1,7.27208
11.679185,-4.608544,Phrase,1,8.923526
12.414187,-5.1576767,Phrase,0,10.39589
10.453831,-8.896072,Phrase,2,8.13379
12.710671,-6.3654766,Phrase,0,9.827776
10.976587,-4.9523277,Phrase,1,8.163962
10.094188,-5.9046936,Phrase,1,8.697353
10.678383,-5.1883397,Phrase,1,9.492932
11.096755,-6.194864,Phrase,1,7.2362876
9.967473,-7.698526,Phrase,1,7.7220416
11.074972,-6.297208,Phrase,2,7.2751665
11.918292,-6.9192796,Phrase,1,6.8746567
11.667639,-6.171552,Phrase,2,9.136795
11.653992,-6.420249,Phrase,2,7.177347
10.308756,-6.9475555,Phrase,2,9.35604
12.145188,-4.5636377,Phrase,1,7.6727667
11.050652,-5.731107,Phrase,2,8.406006
11.549664,-5.5547,Phrase,0,8.41057
12.70256,-4.1453648,Phrase,0,8.491702
12.237274,-5.7968383,Phrase,2,7.8054614
10.469975,-5.4140406,Phrase,2,9.086535
11.760853,-4.598141,Phrase,1,8.912602
10.368106,-8.860143,Phrase,2,9.188924
11.602005,-5.191841,Phrase,0,8.403826
11.474924,-4.8191724,Phrase,1,7.417616
10.285929,-6.7954216,Phrase,2,8.963715
11.186108,-6.1233635,Phrase,2,7.3454833
10.440646,-8.860731,Phrase,2,8.128849
14.360476,-5.2187433,Phrase,1,7.8676434
10.036651,-7.5000196,Phrase,2,8.976423
10.831176,-5.0899196,Phrase,1,8.15266
10.043611,-8.747666,Phrase,2,8.273096
12.452333,-6.615388,Phrase,0,6.6845465
11.495655,-4.5646834,Phrase,1,7.7335973
11.883149,-6.5037136,Phrase,0,8.223776
10.31513,-6.0219183,Phrase,1,7.1315994
10.242051,-8.922164,Phrase,0,8.829413
10.503151,-5.611621,Phrase,1,9.796107
9.418173,-8.407218,Phrase,2,8.648752
10.943583,-6.092941,Phrase,0,8.63548
10.464842,-6.1462803,Phrase,2,9.200849
11.439584,-5.865895,Phrase,2,7.348456
11.953058,-5.9825087,Phrase,0,7.251263
11.066648,-6.2749896,Phrase,2,7.413483
13.993322,-4.352481,Phrase,1,8.215392
13.3176365,-4.553196,Phrase,0,8.341995
10.051449,-8.179477,Phrase,0,9.452413
10.675474,-4.456441,Phrase,1,9.7055
13.587892,-4.1427374,Phrase,2,7.853987
11.793085,-6.006507,Phrase,1,6.9738846
9.99049,-5.0089264,Phrase,1,8.163694
10.995828,-4.4825654,Phrase,1,6.43738
11.290653,-7.07954,Phrase,2,7.6098695
11.882766,-4.8251896,Phrase,1,7.3697762
13.071319,-5.6926656,Phrase,0,10.750077
11.964478,-5.0923314,Phrase,1,6.230963
10.482634,-6.0867867,Phrase,2,9.349965
10.870156,-8.653743,Phrase,2,8.58826
13.684131,-4.195797,Phrase,0,8.276103
10.971284,-6.8004117,Phrase,2,9.707174
11.3767395,-6.1044307,Phrase,0,7.9448953
13.352891,-4.487812,Phrase,0,8.247209
9.574417,-7.258356,Phrase,1,7.01887
12.0720825,-5.9276257,Phrase,1,7.0465436
11.638777,-5.226465,Phrase,0,9.686429
11.304771,-6.0930333,Phrase,0,9.603403
11.23632,-5.0452247,Phrase,0,7.694734
10.106246,-4.8394504,Phrase,1,8.217624
12.662896,-4.1482925,Phrase,0,8.7057295
11.827964,-4.301443,Phrase,0,6.9513927
10.38595,-4.8669004,Phrase,1,9.62234
12.645708,-5.580457,Phrase,0,8.887053
10.268999,-8.106347,Phrase,2,8.714667
11.20773,-6.56669,Phrase,2,8.737059
12.102889,-4.922533,Phrase,0,7.8370934
11.607508,-4.8098755,Phrase,1,7.772628
12.440645,-6.2019043,Phrase,0,10.453959
11.720293,-6.029489,Phrase,0,8.347953
12.437783,-4.8017144,Phrase,0,9.705579
10.427925,-4.940816,Phrase,0,9.620878
10.268998,-8.91835,Phrase,2,8.182793
11.587061,-6.0910473,Phrase,2,8.417892
11.185142,-5.9490485,Phrase,2,9.046632
10.774306,-5.8730206,Phrase,0,9.921876
12.208821,-6.126108,Phrase,0,9.998699
11.724036,-4.5691514,Phrase,0,8.921768
12.6243305,-5.376395,Phrase,1,8.420344
12.091354,-5.8158665,Phrase,2,7.953084
9.953558,-8.878262,Phrase,2,8.388374
11.156522,-4.142169,Phrase,0,10.296383
11.338284,-6.7760262,Phrase,2,7.5950346
12.485786,-4.874021,Phrase,0,10.292092
11.851283,-4.6016755,Phrase,0,8.893308
10.924493,-6.021074,Phrase,0,9.497781
11.475362,-5.877565,Phrase,1,7.3151655
10.476969,-8.911695,Phrase,2,8.535375
11.986777,-4.4457164,Phrase,1,7.6351457
9.771086,-4.9799047,Phrase,1,8.096753
11.480316,-5.240668,Phrase,1,9.426249
10.289093,-8.493892,Phrase,2,8.531544
12.169269,-6.3597484,Phrase,0,8.914684
10.741138,-4.3598924,Phrase,1,9.8382015
12.531887,-6.043355,Phrase,0,10.191259
14.333074,-5.195103,Phrase,1,7.890336
12.082653,-6.512137,Phrase,1,6.710362
11.47802,-6.579037,Phrase,1,6.9838505
-4.681322,1.6814164,Phrase,1,11.917857
10.24532,-8.623591,Phrase,2,8.264833
11.736858,-5.7654862,Phrase,2,7.4253244
10.592916,-6.76011,Phrase,2,8.897042
12.842997,-5.470389,Phrase,1,8.2891245
12.005772,-6.91311,Phrase,0,7.2081037
9.59094,-8.166024,Phrase,2,8.372496
11.143988,-6.7574906,Phrase,2,7.4372787
11.546165,-5.122301,Phrase,0,8.746151
11.392396,-5.3860817,Phrase,2,8.12146
11.981421,-6.0680313,Phrase,0,9.717299
10.431683,-5.178873,Phrase,2,7.890285
9.633844,-8.463773,Phrase,1,8.812378
12.735965,-6.10919,Phrase,2,7.1989264
11.291988,-4.17339,Phrase,1,7.032203
9.73053,-8.314817,Phrase,2,8.705663
10.05409,-8.151242,Phrase,0,9.116668
12.273502,-6.0689282,Phrase,0,10.266661
11.509175,-7.1263313,Phrase,1,6.882449
12.615353,-5.4342995,Phrase,2,8.597709
11.784317,-6.7297287,Phrase,2,7.6871376
10.485117,-5.9463778,Phrase,1,9.851406
11.154562,-7.290943,Phrase,2,8.877895
10.579366,-6.02809,Phrase,1,9.874732
11.809131,-5.806891,Phrase,2,9.374511
11.659758,-5.158366,Phrase,0,8.205812
10.105524,-4.784558,Phrase,1,8.156704
10.78213,-6.7878137,Phrase,2,9.919535
13.591786,-4.2705355,Phrase,0,8.321589
10.65631,-7.18663,Phrase,2,9.09565
11.498391,-5.5529904,Phrase,1,7.3164487
9.418587,-7.5879426,Phrase,1,7.065535
9.871346,-8.77485,Phrase,2,9.215358
11.295484,-5.601976,Phrase,2,7.7054825
11.075716,-4.270694,Phrase,0,8.344646
12.019565,-4.9957457,Phrase,1,8.106759
11.136479,-5.634378,Phrase,2,8.155737
10.088489,-8.647881,Phrase,1,8.314002
12.679461,-5.769691,Phrase,1,7.0687294
13.10784,-6.503104,Phrase,0,9.992697
9.605059,-7.718069,Phrase,2,7.3069267
10.460296,-6.227557,Phrase,1,7.2651896
10.385592,-4.5529313,Phrase,1,6.103938
11.120122,-6.3542576,Phrase,2,7.5391493
11.831552,-4.716446,Phrase,1,7.152201
11.306363,-5.8779464,Phrase,2,6.6502185
11.657187,-3.9303038,Phrase,1,10.203807
11.217409,-4.2978234,Phrase,0,8.352197
9.935064,-8.676949,Phrase,2,8.49637
10.393555,-8.601899,Phrase,2,8.412384
10.128018,-8.965746,Phrase,2,8.142526
12.252165,-3.5443192,Phrase,1,8.173715
12.196058,-5.420614,Phrase,2,7.938503
12.670124,-5.7716985,Phrase,0,8.720281
11.006966,-7.5619335,Phrase,2,7.314311
12.791849,-5.765125,Phrase,0,8.3859215
12.314425,-5.0431185,Phrase,1,8.068708
11.955708,-5.0949836,Phrase,2,6.225007
9.47723,-7.6982174,Phrase,1,7.1465716
12.079126,-5.299294,Phrase,0,10.508325
11.04937,-6.708336,Phrase,0,8.852035
10.861133,-5.9644876,Phrase,0,9.415473
10.095689,-5.7717776,Phrase,0,9.202255
11.165019,-5.951871,Phrase,1,6.9285765
11.929963,-5.2814183,Phrase,1,7.5535245
11.523508,-5.603353,Phrase,1,6.781689
11.091133,-7.1996098,Phrase,2,7.8182735
10.323569,-5.262909,Phrase,1,7.639137
10.173117,-8.7600155,Phrase,2,8.367377
11.890011,-2.9477503,Phrase,1,8.10471
11.584428,-5.8384037,Phrase,2,7.210283
10.837778,-6.2423277,Phrase,2,9.568462
11.924373,-4.68408,Phrase,0,8.917978
11.149961,-5.279462,Phrase,0,8.736587
12.645298,-5.6753383,Phrase,1,8.443236
10.693889,-6.8059683,Phrase,2,7.947099
12.530095,-5.446795,Phrase,0,9.789219
12.523535,-5.8141727,Phrase,0,9.628345
10.737059,-7.640943,Phrase,0,7.252007
10.818454,-6.723348,Phrase,2,8.521417
12.185697,-6.2200575,Phrase,0,8.74924
11.826003,-6.053632,Phrase,2,7.5839314
10.710793,-4.373905,Phrase,1,9.701542
11.933965,-6.4707413,Phrase,2,6.794246
10.729461,-6.684898,Phrase,2,8.729908
10.192299,-8.548002,Phrase,2,8.539779
13.974005,-3.986883,Phrase,0,7.5826845
10.033972,-5.758138,Phrase,1,9.202168
10.989566,-6.959177,Phrase,2,8.130374
11.186227,-4.553412,Phrase,1,11.215074
10.664832,-5.0124626,Phrase,1,6.6000357
12.7009535,-5.572191,Phrase,0,8.909509
12.935204,-5.5953665,Phrase,0,8.741805
12.502093,-6.198476,Phrase,0,8.261
11.44572,-5.5887947,Phrase,0,8.971956
10.912773,-6.9620028,Phrase,0,10.14022
12.557487,-6.2000422,Phrase,2,7.0142207
11.590246,-5.097657,Phrase,0,9.488461
11.886697,-4.69297,Phrase,0,10.933643
12.762289,-6.400876,Phrase,0,9.347705
12.631656,-5.288153,Phrase,0,8.72305
11.903432,-5.2625437,Phrase,1,7.37679
10.704973,-6.9021955,Phrase,2,8.965647
11.474644,-5.587799,Phrase,2,8.094907
12.061922,-4.0220585,Phrase,1,8.046544
10.644275,-6.6431355,Phrase,2,9.197264
10.116837,-8.674137,Phrase,2,8.297101
11.886526,-4.6672735,Phrase,0,9.010491
11.594343,-4.5018077,Phrase,0,8.684834
-4.6823945,1.6799041,Phrase,1,11.918898
11.62537,-5.5316496,Phrase,2,8.448601
11.948333,-5.059808,Phrase,0,9.81787
12.23872,-6.2820134,Phrase,2,6.970913
12.021776,-4.9495378,Phrase,2,7.9397726
11.420439,-4.9745,Phrase,1,7.9134736
12.054139,-6.6705317,Phrase,2,6.937525
12.566242,-6.1714535,Phrase,1,6.9567204
10.565772,-4.703998,Phrase,1,7.091318
10.468757,-4.6132336,Phrase,1,6.346439
11.854798,-4.6730123,Phrase,0,8.884657
11.628684,-4.162168,Phrase,1,7.72623
12.499853,-6.264104,Phrase,2,7.0975113
10.063834,-8.95555,Phrase,1,8.084203
12.681564,-6.949214,Phrase,2,7.5477505
11.874937,-5.170721,Phrase,2,8.048614
11.966953,-6.634076,Phrase,2,7.8178062
12.152181,-4.7598653,Phrase,1,7.6737437
11.9403105,-6.3098793,Phrase,0,8.843667
11.045626,-3.413817,Phrase,1,7.02665
12.33673,-4.100252,Phrase,0,8.1106415
12.569277,-6.1928926,Phrase,2,6.977477
12.5579815,-5.9190626,Phrase,0,9.9214115
11.579963,-6.0702643,Phrase,2,7.4436874
12.062872,-5.2771277,Phrase,0,10.41374
13.244629,-4.951871,Phrase,0,9.170459
11.212477,-5.643177,Phrase,2,7.9085703
10.16126,-6.966376,Phrase,2,7.4660144
12.764718,-4.9860682,Phrase,0,8.987431
9.931256,-8.759052,Phrase,2,8.765941
12.986038,-5.783978,Phrase,0,8.128661
10.762648,-5.652082,Phrase,0,8.044738
10.59467,-8.372193,Phrase,2,8.448848
11.935893,-5.548271,Phrase,0,9.688086
10.365475,-8.283431,Phrase,2,8.552045
10.991567,-6.2580423,Phrase,2,7.4091024
13.633143,-4.490022,Phrase,0,8.096795
10.873887,-6.0312037,Phrase,2,7.808639
10.803329,-6.9258513,Phrase,2,8.892015
10.359128,-8.786873,Phrase,2,8.3275
12.023251,-6.5440717,Phrase,2,7.204968
10.462373,-4.5841675,Phrase,1,7.022043
13.549172,-4.323215,Phrase,0,8.426738
10.591015,-6.6773496,Phrase,2,7.4976864
11.302199,-5.8184285,Phrase,0,9.432391
10.491481,-8.523316,Phrase,2,8.790261
10.615322,-4.9741707,Phrase,1,7.768718
12.461814,-4.5479865,Phrase,1,7.64822
11.758686,-6.615196,Phrase,0,9.924457
10.278248,-5.859661,Phrase,0,8.258327
12.259769,-5.8668137,Phrase,2,8.333893
11.544413,-6.5290036,Phrase,1,10.346716
11.744989,-6.3266125,Phrase,2,7.0776305
12.0536995,-6.8147388,Phrase,2,7.696292
12.084546,-4.6065283,Phrase,1,8.916606
11.366855,-4.9118824,Phrase,0,8.904441
9.951269,-8.557079,Phrase,2,9.056549
10.802701,-4.468443,Phrase,1,8.778311
11.325752,-6.392398,Phrase,2,7.1800547
11.688179,-4.7042775,Phrase,0,9.35277
11.354735,-6.097828,Phrase,0,10.230991
11.310498,-5.5475903,Phrase,2,8.671916
9.862686,-7.6366653,Phrase,2,8.941676
11.234216,-5.3816524,Phrase,0,7.861178
11.268294,-4.153662,Phrase,1,7.0232162
9.734359,-7.0582,Phrase,2,8.749473
10.57042,-4.8340335,Phrase,1,7.9913363
12.368742,-5.7698035,Phrase,0,8.431411
12.262358,-5.0023303,Phrase,1,7.1026416
11.336747,-5.844766,Phrase,1,7.439894
10.292952,-4.398267,Phrase,1,5.969625
9.908686,-8.839666,Phrase,2,9.300338
11.51031,-5.441374,Phrase,1,7.893058
10.722784,-5.9606133,Phrase,2,7.2482862
10.505192,-7.8349943,Phrase,0,8.4896345
13.054423,-5.955262,Phrase,0,10.551082
11.377071,-3.8737454,Phrase,1,7.332385
11.006738,-6.3470106,Phrase,2,7.2679167
12.29801,-5.2869754,Phrase,0,10.666609
8.149147,-7.8407435,Phrase,1,7.921539
11.047002,-6.398413,Phrase,2,7.6475244
10.67415,-4.207084,Phrase,1,9.826968
10.08618,-8.958228,Phrase,2,8.806439
11.750954,-5.51397,Phrase,2,7.6488414
11.8766165,-5.6572394,Phrase,2,7.906754
12.300777,-5.83087,Phrase,0,10.24326
10.644455,-8.780863,Phrase,2,8.259874
12.059722,-5.7062454,Phrase,0,9.635004
9.68886,-8.516128,Phrase,1,8.666213
10.886536,-7.2200317,Phrase,2,8.992859
12.422266,-6.2800503,Phrase,0,7.4525957
11.023622,-5.947214,Phrase,0,9.617279
10.732569,-7.4385486,Phrase,0,8.200066
10.731101,-4.4482,Phrase,1,7.508866
12.474475,-4.333807,Phrase,1,8.340047
10.407576,-8.890323,Phrase,2,8.192545
9.905061,-6.5412836,Phrase,2,9.785279
11.779667,-6.3719816,Phrase,2,7.4733353
10.779882,-7.6448355,Phrase,0,7.1904483
11.045765,-3.418068,Phrase,1,7.0316114
12.309923,-6.3232045,Phrase,1,7.2762914
9.845905,-8.400983,Phrase,2,9.177986
11.304636,-3.8557518,Phrase,0,10.700359
10.508274,-8.520945,Phrase,2,9.033298
9.63907,-8.582839,Phrase,1,8.530409
11.067498,-6.002583,Phrase,2,7.34462
10.247348,-6.7178097,Phrase,2,9.778164
11.360851,-6.807791,Phrase,2,7.2081056
10.527839,-5.0146246,Phrase,1,8.085198
12.331709,-5.163914,Phrase,0,10.343963
11.68043,-8.867933,Phrase,0,7.2241983
12.001232,-6.1485424,Phrase,2,6.9885015
11.037107,-5.745398,Phrase,1,10.07824
10.73517,-6.5296593,Phrase,2,8.288916
10.997285,-6.1407247,Phrase,0,7.2575583
13.509825,-4.7986517,Phrase,2,8.557412
10.455193,-4.890237,Phrase,1,8.143911
6.8264484,-1.3439647,Phrase,1,10.044606
11.000221,-6.1451874,Phrase,2,7.1405077
12.393099,-5.7616587,Phrase,0,10.1878805
11.242564,-7.0177054,Phrase,2,8.154918
10.987723,-6.2749496,Phrase,2,7.474655
12.022885,-5.920639,Phrase,0,9.2014
11.687341,-5.0758877,Phrase,1,7.045789
11.833325,-5.818203,Phrase,0,7.599162
10.32429,-8.441087,Phrase,2,7.802882
12.235264,-6.9754,Phrase,2,7.3409557
10.941815,-5.0757327,Phrase,0,6.5737543
10.380863,-7.1049275,Phrase,2,9.394109
10.041226,-4.652065,Phrase,1,7.9311314
12.305887,-5.9558396,Phrase,0,7.9823227
9.963793,-8.950874,Phrase,2,8.619604
9.922192,-8.550718,Phrase,2,8.985339
10.673812,-6.37565,Phrase,2,8.630705
10.616085,-5.1997986,Phrase,1,7.6456256
10.120759,-8.22185,Phrase,2,9.202433
10.027789,-8.875514,Phrase,2,8.594581
13.089312,-5.2781806,Phrase,2,7.984369
11.36372,-3.7346158,Phrase,1,7.4001727
11.914009,-5.6339498,Phrase,0,10.015458
11.384761,-6.18399,Phrase,1,9.74782
10.76472,-5.8395395,Phrase,2,8.291308
10.890737,-6.315931,Phrase,2,8.457519
12.79266,-6.0883713,Phrase,0,7.312787
10.977253,-6.848833,Phrase,2,8.681938
12.711658,-4.973599,Phrase,0,8.22006
14.088992,-4.7474494,Phrase,0,7.933501
11.759756,-6.678014,Phrase,2,7.3243184
14.000352,-3.8502533,Phrase,1,7.5362334
12.447247,-5.8729453,Phrase,2,7.5868125
10.557894,-8.483248,Phrase,2,8.189739
14.302927,-5.1897926,Phrase,1,7.8827467
11.021128,-5.326323,Phrase,0,8.746162
12.394833,-6.680245,Phrase,0,8.886166
10.961505,-6.2507887,Phrase,0,9.344374
11.422491,-3.893229,Phrase,0,7.4113975
11.183341,-5.3895745,Phrase,2,7.2374954
12.532344,-6.6575527,Phrase,0,6.629266
10.309775,-7.3682966,Phrase,2,8.543144
10.812903,-6.3973827,Phrase,1,7.018723
9.936948,-9.062952,Phrase,2,8.3907175
11.300726,-5.9683833,Phrase,0,9.248749
12.913917,-6.3767676,Phrase,0,10.177733
12.475536,-7.8647575,Phrase,2,8.0661745
9.85725,-8.755768,Phrase,2,8.643717
12.760179,-5.410488,Phrase,1,7.934581
11.044401,-3.4165485,Phrase,1,7.0136666
10.643631,-5.473583,Phrase,1,8.626426
12.071742,-4.405947,Phrase,1,8.915143
11.924425,-5.3854775,Phrase,2,7.0014453
11.9459095,-3.0479038,Phrase,1,8.008656
10.903494,-5.9408665,Phrase,0,7.471993
11.449497,-3.6905603,Phrase,1,9.22357
11.648754,-6.0806155,Phrase,2,7.2659793
10.270694,-7.8171763,Phrase,2,9.19347
10.700602,-8.895813,Phrase,2,8.36602
10.044104,-7.833614,Phrase,2,8.095502
10.400101,-4.5872216,Phrase,1,6.1697516
10.580459,-8.953946,Phrase,2,8.240693
9.8396845,-7.8160944,Phrase,2,8.916366
9.879676,-9.031813,Phrase,2,8.816824
12.386304,-4.375607,Phrase,0,7.870793
12.302326,-5.1628275,Phrase,0,10.4641485
11.091705,-6.550792,Phrase,1,6.9195433
11.878613,-4.590592,Phrase,1,7.324667
9.778595,-8.619499,Phrase,2,8.619743
11.461142,-4.2946997,Phrase,1,11.000997
11.794819,-6.622765,Phrase,2,7.165985
11.459004,-3.6778097,Phrase,0,9.224827
10.930283,-8.567382,Phrase,2,7.9114113
12.362875,-5.194621,Phrase,0,9.314219
10.636272,-6.3882732,Phrase,0,7.632211
11.632132,-6.630229,Phrase,2,7.1623707
11.088013,-5.3970885,Phrase,1,8.565187
11.139342,-5.7872148,Phrase,2,7.828853
12.398329,-6.5979195,Phrase,1,6.637242
10.964271,-6.4302444,Phrase,2,7.41643
10.268714,-6.653266,Phrase,2,8.832805
11.17273,-6.355761,Phrase,2,7.9665284
11.3853855,-6.1260552,Phrase,0,10.142383
10.981242,-5.4321685,Phrase,2,7.2590714
11.889518,-6.7669663,Phrase,1,6.797087
11.78787,-6.0506177,Phrase,0,10.380021
10.095022,-9.062673,Phrase,2,8.3120365
12.620178,-5.7982383,Phrase,1,9.099898
11.323377,-5.3188543,Phrase,0,8.996167
10.952712,-3.3243978,Phrase,1,6.9303403
12.027284,-5.9829984,Phrase,2,7.859671
11.69651,-8.859524,Phrase,1,7.2173696
13.599189,-4.3220525,Phrase,0,8.219003
11.649654,-6.3553653,Phrase,1,7.6015553
9.977506,-8.2035475,Phrase,2,9.061759
10.86018,-6.1040206,Phrase,0,8.788105
11.50729,-7.1071777,Phrase,2,6.855197
13.590732,-4.2576904,Phrase,1,7.6878943
10.052779,-8.270888,Phrase,2,8.79257
10.769638,-3.9357958,Phrase,1,10.003577
10.714491,-7.352507,Phrase,2,8.748912
10.755152,-5.2858534,Phrase,1,8.851621
13.708146,-4.210261,Phrase,0,8.107182
10.404078,-7.044528,Phrase,2,7.816924
11.842457,-4.807139,Phrase,0,8.95513
10.283171,-8.581213,Phrase,2,8.830881
11.0742855,-7.6505384,Phrase,2,9.244202
13.82892,-4.060782,Phrase,1,7.9563866
10.007255,-8.585947,Phrase,2,9.250118
14.967011,-3.1379876,Phrase,1,8.219469
12.996366,-5.5490313,Phrase,0,8.025169
10.309031,-4.4367657,Phrase,1,5.996801
10.770199,-6.9644074,Phrase,2,8.766261
11.013222,-5.497647,Phrase,2,7.621933
12.470212,-5.0427036,Phrase,0,9.5873375
11.024222,-4.5789247,Phrase,1,6.478397
9.987341,-6.0831385,Phrase,1,8.52355
11.671676,-5.7214007,Phrase,0,8.992214
11.049771,-6.061921,Phrase,0,9.494449
11.60111,-6.2294145,Phrase,2,7.2158875
9.553429,-7.9772835,Phrase,1,8.81666
9.815905,-6.3234024,Phrase,0,9.864134
12.622168,-6.338027,Phrase,2,7.412574
9.725774,-4.288199,Phrase,1,8.091642
12.60554,-6.0900817,Phrase,2,7.003204
14.000168,-3.7737138,Phrase,1,7.7430286
10.099934,-7.765161,Phrase,2,8.90505
11.187685,-5.549174,Phrase,0,10.621441
12.734622,-5.9995036,Phrase,1,7.0844507
11.775832,-5.436538,Phrase,0,9.401011
10.4067135,-6.034076,Phrase,1,7.287298
11.1477995,-5.2902145,Phrase,1,6.778352
10.956037,-6.2142873,Phrase,0,9.64379
12.629434,-6.4038997,Phrase,0,8.47098
10.383846,-7.0007715,Phrase,2,7.5323205
10.719423,-4.2490764,Phrase,1,7.529075
11.87995,-4.53775,Phrase,0,9.004834
11.826794,-5.390752,Phrase,1,8.969753
10.987878,-5.483013,Phrase,2,8.937112
9.857735,-8.480637,Phrase,2,9.009179
10.90519,-7.701825,Phrase,2,8.001493
11.001792,-7.6452894,Phrase,2,8.686693
11.686484,-6.2529697,Phrase,2,7.1941934
11.18904,-6.179209,Phrase,0,6.654845
10.779335,-5.301025,Phrase,1,8.876901
11.370292,-5.463474,Phrase,0,9.39765
11.936045,-5.4224663,Phrase,0,9.368756
12.479008,-5.409227,Phrase,1,7.729158
-4.7015004,1.661551,Phrase,1,11.938025
10.076785,-8.299681,Phrase,2,8.844448
10.643143,-6.7110434,Phrase,0,9.3096
11.753261,-4.892712,Phrase,0,7.4758286
12.045099,-5.3988767,Phrase,0,7.5752063
11.71669,-4.3359394,Phrase,1,7.763596
10.82553,-6.4301605,Phrase,0,8.890919
10.414469,-6.805125,Phrase,2,9.097198
10.500742,-6.93537,Phrase,2,9.132952
12.471662,-4.339522,Phrase,0,7.913974
11.073056,-5.2020407,Phrase,1,6.692622
10.506303,-7.1633396,Phrase,2,7.6280894
12.61375,-5.7227616,Phrase,0,8.799238
10.265269,-8.023842,Phrase,2,8.687035
10.907674,-3.926306,Phrase,1,10.195866
10.7864485,-6.6869545,Phrase,2,8.136622
-4.6859846,1.679232,Phrase,1,11.922854
9.835367,-8.703737,Phrase,2,8.832247
13.157142,-4.5510635,Phrase,1,7.358982
10.696409,-5.174904,Phrase,1,6.9577703
12.18292,-5.7940617,Phrase,0,9.1586075
11.949896,-6.108925,Phrase,0,7.7576137
12.777007,-6.5504785,Phrase,0,8.868405
10.935538,-5.2527394,Phrase,1,6.796046
12.969275,-4.813296,Phrase,0,8.797213
10.507958,-7.064381,Phrase,2,7.608713
12.257298,-4.929788,Phrase,0,9.254836
10.437982,-6.045987,Phrase,2,8.049663
11.182451,-6.5062475,Phrase,2,7.5491242
12.865366,-4.626514,Phrase,0,7.53232
12.479271,-5.91949,Phrase,2,8.069562
11.525665,-6.293287,Phrase,0,10.548874
11.196374,-6.4411287,Phrase,0,9.037979
10.380554,-6.4150953,Phrase,2,8.594975
12.904255,-6.68975,Phrase,0,10.515122
10.956455,-4.511383,Phrase,1,6.410025
10.739292,-7.532668,Phrase,2,7.3298535
10.510828,-4.776943,Phrase,1,9.829161
9.531565,-7.6845303,Phrase,2,7.1947227
12.971971,-5.69196,Phrase,0,9.864528
12.192306,-4.2018933,Phrase,1,7.3777523
10.726564,-3.9052517,Phrase,1,10.052512
10.646553,-3.9464564,Phrase,2,10.026733
11.434415,-5.2817893,Phrase,1,7.234178
12.454174,-5.3228974,Phrase,0,9.022908
11.536129,-6.4709306,Phrase,2,7.4969172
10.781563,-6.8873477,Phrase,2,8.894896
10.362565,-6.696157,Phrase,0,9.592652
11.943556,-6.749243,Phrase,0,7.117607
10.017353,-8.462588,Phrase,2,8.717009
11.885168,-5.7150497,Phrase,0,9.582548
11.895124,-3.349631,Phrase,1,7.849305
10.191027,-6.6228485,Phrase,2,9.042869
10.893635,-4.404094,Phrase,1,9.23027
11.001447,-4.5018654,Phrase,1,6.4332433
11.341108,-5.8138466,Phrase,2,7.815963
9.428738,-8.236516,Phrase,1,8.518047
10.629676,-7.6108227,Phrase,2,7.4292707
11.681072,-5.33047,Phrase,0,8.563204
10.772184,-4.197763,Phrase,1,9.975878
12.701499,-5.753187,Phrase,0,7.224305
11.7141905,-5.851887,Phrase,0,8.974631
14.075763,-4.791246,Phrase,1,7.998959
11.966243,-7.6500545,Phrase,0,9.182831
11.434312,-7.3298244,Phrase,2,7.1983185
12.240245,-4.6854343,Phrase,1,7.6060123
-4.683952,1.6787233,Phrase,1,11.920441
10.587348,-7.045783,Phrase,2,8.123088
11.332981,-5.6024776,Phrase,2,7.7306576
10.947339,-5.7522087,Phrase,2,8.320042
10.097048,-8.792191,Phrase,1,8.349854
10.144727,-6.3446984,Phrase,1,8.64113
11.178613,-6.3198247,Phrase,2,8.411173
9.87903,-4.8941946,Phrase,1,8.029619
11.022409,-6.21463,Phrase,2,8.170339
12.432194,-6.649981,Phrase,2,6.648526
10.8535795,-5.9360886,Phrase,2,8.150027
10.396524,-4.862958,Phrase,1,9.634118
10.212194,-8.229987,Phrase,2,9.55522
12.887436,-5.1694317,Phrase,1,7.556008
12.443655,-4.7387776,Phrase,0,9.830327
11.066275,-3.3905785,Phrase,1,7.024517
11.280881,-5.700296,Phrase,0,7.0584106
10.485093,-4.7280874,Phrase,1,7.139391
11.345922,-6.465282,Phrase,2,8.764285
11.060757,-6.1902256,Phrase,2,7.3981075
12.806525,-6.1102147,Phrase,2,7.2450743
11.060414,-4.6114674,Phrase,1,7.7077003
12.733236,-5.300401,Phrase,0,7.743047
11.080669,-7.4559216,Phrase,2,8.132678
10.778472,-7.2695303,Phrase,2,9.464576
11.467884,-4.2846017,Phrase,0,11.022663
11.182024,-6.521738,Phrase,2,8.728184
12.907503,-5.1225047,Phrase,0,8.824684
12.083325,-6.316155,Phrase,1,6.762293
10.884468,-5.5103273,Phrase,1,6.945426
10.71844,-5.126125,Phrase,1,6.5156007
10.146215,-5.730675,Phrase,2,8.203665
11.39326,-4.6495376,Phrase,0,8.170497
11.041435,-5.4408474,Phrase,1,6.7812653
11.430797,-5.1113567,Phrase,0,7.271394
12.040499,-5.3236427,Phrase,1,7.0271764
10.833736,-5.00121,Phrase,0,10.045784
11.623379,-5.1558824,Phrase,0,9.899748
12.561003,-5.89473,Phrase,2,8.881832
11.329462,-4.656434,Phrase,0,8.461945
10.688758,-6.9024463,Phrase,2,8.588611
11.10287,-6.298493,Phrase,2,7.519098
11.40028,-6.239819,Phrase,2,8.886766
10.247517,-6.027961,Phrase,1,7.0853825
12.49454,-4.903715,Phrase,1,8.134506
10.582087,-5.8135724,Phrase,2,7.6466465
11.637708,-6.284492,Phrase,2,8.38293
10.860618,-5.5488887,Phrase,0,10.038054
13.62254,-3.8912246,Phrase,0,8.38267
11.054245,-8.358015,Phrase,2,8.711297
12.312702,-5.3253407,Phrase,0,10.49507
9.666075,-8.366419,Phrase,2,8.688234
12.930633,-7.5129952,Phrase,0,8.342881
10.864872,-4.3952217,Phrase,1,8.688717
12.01686,-4.7810225,Phrase,1,8.3666
9.926811,-8.82557,Phrase,2,8.726641
11.229189,-6.193725,Phrase,2,7.440514
11.378679,-5.096107,Phrase,1,7.6142163
10.87138,-6.7264752,Phrase,2,7.4372363
10.344559,-8.929571,Phrase,2,8.341273
10.500105,-6.8290405,Phrase,2,7.9633927
12.642955,-6.210129,Phrase,2,7.1566696
10.023242,-8.747941,Phrase,2,9.065785
15.038625,-3.109139,Phrase,1,8.259155
11.998738,-5.648625,Phrase,2,7.658818
11.088607,-6.194826,Phrase,2,7.342749
11.295318,-3.9199436,Phrase,1,7.558264
12.640602,-6.113377,Phrase,2,6.9566565
12.785539,-5.6003594,Phrase,0,8.7011175
10.170651,-8.768464,Phrase,2,8.60545
11.641477,-5.3603134,Phrase,0,9.581785
10.1574545,-8.349606,Phrase,2,8.945802
12.246971,-6.704762,Phrase,0,10.446063
10.676097,-5.6651273,Phrase,2,8.364665
10.655802,-8.371463,Phrase,2,8.432751
11.933754,-4.526194,Phrase,1,8.287358
12.3803005,-4.5367885,Phrase,0,9.126224
10.307368,-4.9155006,Phrase,1,8.137648
10.810494,-4.673009,Phrase,2,8.621697
9.736853,-8.6968775,Phrase,1,8.709151
11.424891,-4.8384023,Phrase,1,8.246846
10.495755,-7.0441027,Phrase,2,8.912045
10.76488,-5.939142,Phrase,1,7.2847204
11.895627,-3.030138,Phrase,1,7.982177
11.01507,-5.994105,Phrase,0,9.574543
11.903451,-4.5017138,Phrase,0,8.9245405
11.666015,-5.5846577,Phrase,0,8.952839
11.93448,-4.8023467,Phrase,0,8.734586
11.795648,-5.117576,Phrase,0,8.723696
10.014142,-8.027927,Phrase,2,9.0870695
11.00645,-4.0749774,Phrase,1,7.4450994
12.920949,-5.830899,Phrase,0,9.112136
12.577189,-5.244648,Phrase,2,7.533143
10.870857,-5.5227847,Phrase,0,10.088037
11.610193,-5.3346186,Phrase,0,10.500455
10.817802,-4.536125,Phrase,2,9.696169
13.822405,-4.3061886,Phrase,0,8.314407
10.204491,-8.8462515,Phrase,2,9.016776
12.481307,-6.6312747,Phrase,0,6.6003375
10.027118,-8.769241,Phrase,2,9.329063
11.462643,-5.5744123,Phrase,2,7.2201586
10.264229,-8.552406,Phrase,2,9.391189
10.636684,-4.736084,Phrase,1,7.046661
9.909895,-8.486428,Phrase,2,9.044573
11.127912,-5.9145727,Phrase,0,8.48628
10.833289,-7.3599625,Phrase,2,9.430133
11.614634,-5.944519,Phrase,0,9.7937
10.276566,-8.902089,Phrase,2,8.053694
13.38231,-5.1821074,Phrase,0,8.798819
9.966569,-8.929044,Phrase,1,8.327299
13.492591,-4.336382,Phrase,0,8.04106
12.607508,-5.8609,Phrase,0,9.534298
12.880692,-6.248099,Phrase,0,10.184008
14.9433565,-3.190876,Phrase,0,8.295566
9.622525,-8.307508,Phrase,2,8.778559
13.104832,-5.2388926,Phrase,1,8.041897
9.892586,-8.956783,Phrase,2,8.342253
12.079392,-5.778815,Phrase,0,8.475072
10.146014,-5.124068,Phrase,1,7.9318795
10.147749,-7.9591966,Phrase,2,8.855382
11.817823,-4.586784,Phrase,0,8.919474
10.809824,-4.126722,Phrase,1,9.925195
11.113891,-5.0538588,Phrase,1,7.0325975
10.294596,-5.4022474,Phrase,1,7.6949363
10.702912,-3.9453244,Phrase,0,10.049897
12.560296,-7.2939153,Phrase,0,8.844198
10.517935,-7.1726103,Phrase,2,9.490429
11.624386,-1.8659936,Phrase,1,5.9650893
14.015546,-4.75908,Phrase,1,8.059336
11.905526,-5.2910423,Phrase,1,6.6445036
10.025947,-6.101767,Phrase,2,8.513221
11.389767,-5.7247233,Phrase,2,8.02719
11.477694,-5.240251,Phrase,0,9.284419
13.083435,-5.887606,Phrase,1,9.004006
11.285419,-6.2062573,Phrase,2,7.6552606
10.575223,-9.115391,Phrase,2,8.544467
11.262544,-6.5790772,Phrase,2,9.104079
10.63629,-8.935472,Phrase,2,8.336019
6.826426,-1.3439872,Phrase,1,10.044529
10.412499,-7.6687036,Phrase,2,9.00294
11.724543,-6.4421782,Phrase,2,7.3112445
12.412283,-6.3101363,Phrase,2,7.147845
11.70308,-5.1809688,Phrase,0,8.770741
12.904752,-6.5433855,Phrase,0,10.2598295
10.461103,-6.4614367,Phrase,2,9.039932
11.966688,-4.5009937,Phrase,1,7.657833
12.359909,-3.6839342,Phrase,0,8.294308
9.792333,-8.336351,Phrase,2,8.769797
10.764749,-4.464307,Phrase,1,8.916165
11.663573,-5.493443,Phrase,2,8.2912855
11.129196,-5.732835,Phrase,2,8.011707
10.158386,-8.473777,Phrase,0,9.536921
9.72758,-8.377698,Phrase,2,8.941737
9.907012,-8.871886,Phrase,2,9.091994
11.121869,-5.722062,Phrase,0,9.8340025
10.5183325,-5.06186,Phrase,1,9.662376
10.25152,-5.41973,Phrase,1,7.8338256
11.06141,-6.103778,Phrase,1,9.908202
11.4028015,-4.112051,Phrase,1,10.264909
12.456962,-5.0931635,Phrase,0,10.130874
10.631531,-6.703698,Phrase,2,9.112551
11.5773735,-6.032256,Phrase,2,6.986623
13.6964245,-4.139546,Phrase,0,8.045501
10.132483,-6.925564,Phrase,1,7.424176
11.174236,-4.4637585,Phrase,0,8.795272
11.711666,-5.9595356,Phrase,2,9.046109
10.896866,-6.309167,Phrase,0,10.204899
12.571281,-6.154186,Phrase,2,6.957953
10.544216,-5.0379853,Phrase,1,9.755961
10.161387,-8.034792,Phrase,2,9.036882
12.997367,-5.6083255,Phrase,0,8.73809
10.921892,-5.4727273,Phrase,0,8.328135
10.057609,-8.711109,Phrase,2,9.250344
10.429307,-5.0128746,Phrase,1,7.1562996
10.0529375,-7.8620186,Phrase,2,8.076375
10.991294,-6.265857,Phrase,2,9.252226
11.157143,-5.2861695,Phrase,0,9.137712
12.014818,-5.9052773,Phrase,2,8.398733
11.341819,-6.0818644,Phrase,0,10.475115
12.875166,-5.771446,Phrase,0,7.8442802
13.738082,-4.1370068,Phrase,0,8.5830555
11.915731,-6.6830845,Phrase,2,7.6909013
10.92961,-4.304073,Phrase,1,8.853111
10.243652,-8.236946,Phrase,2,9.066569
10.943636,-6.1476784,Phrase,2,7.222378
12.377651,-6.1684637,Phrase,2,9.329078
12.302261,-6.908534,Phrase,1,7.2536135
10.411836,-6.695447,Phrase,2,8.511756
12.267234,-4.7129135,Phrase,0,8.05602
10.196131,-8.9948845,Phrase,2,8.556141
10.211805,-7.4216633,Phrase,2,8.271479
12.0691805,-5.506545,Phrase,2,9.01275
6.8260517,-1.3435147,Phrase,1,10.044776
10.68233,-6.2375245,Phrase,1,6.9476066
10.161535,-8.81101,Phrase,2,8.963208
10.136113,-8.982112,Phrase,2,8.132541
12.703014,-5.682177,Phrase,2,8.340929
11.165329,-4.2951555,Phrase,0,8.292712
12.073195,-5.24074,Phrase,1,7.6831417
12.306482,-7.0669446,Phrase,2,7.2816224
11.696288,-4.676493,Phrase,1,7.600891
13.073248,-4.683845,Phrase,2,7.746968
10.729416,-7.951923,Phrase,2,8.231068
10.037364,-8.999076,Phrase,2,8.226014
11.066351,-3.500495,Phrase,1,6.9442053
12.602534,-6.0422573,Phrase,2,6.9571733
11.432391,-5.9925632,Phrase,2,9.64662
12.026745,-4.740485,Phrase,0,10.368233
10.640317,-5.5985913,Phrase,2,8.085668
11.001542,-5.8723984,Phrase,0,8.548793
12.327552,-5.165701,Phrase,0,10.1611
12.860342,-5.572174,Phrase,0,10.425952
11.552376,-5.731873,Phrase,2,7.4454527
12.161874,-5.2295938,Phrase,1,7.207357
11.326463,-5.5354276,Phrase,1,7.0191426
10.974838,-4.9619246,Phrase,1,7.463019
12.405209,-5.54794,Phrase,2,8.239938
11.141258,-4.2306485,Phrase,0,10.382214
10.343281,-7.1422153,Phrase,2,9.256444
9.645378,-7.889725,Phrase,0,8.743495
11.41812,-6.3655753,Phrase,1,8.161238
-4.6839204,1.6788253,Phrase,1,11.920411
10.753812,-8.297268,Phrase,2,8.906729
10.450452,-8.71276,Phrase,2,9.041627
13.009126,-6.1424413,Phrase,0,10.682161
12.538649,-6.2527366,Phrase,0,10.47688
11.066873,-7.0851116,Phrase,2,9.084873
10.494883,-8.259501,Phrase,2,8.257529
12.126357,-8.194253,Phrase,1,7.591551
12.47616,-6.0768247,Phrase,1,7.097666
10.929723,-6.4590907,Phrase,0,7.6695776
10.199178,-6.4539256,Phrase,0,9.945954
11.06385,-6.518697,Phrase,2,7.2749324
11.629077,-6.9173956,Phrase,2,7.631982
13.47141,-4.7050896,Phrase,2,8.249775
10.469854,-5.631854,Phrase,1,8.290078
12.06398,-5.906589,Phrase,0,7.554673
11.582552,-6.418451,Phrase,2,7.4892554
10.609933,-6.4160585,Phrase,0,9.61763
11.826926,-6.736721,Phrase,2,8.0913105
12.103042,-6.395451,Phrase,0,8.578925
12.084617,-3.526121,Phrase,1,7.9951077
11.168461,-5.935221,Phrase,2,7.100857
9.882372,-8.637418,Phrase,2,9.248712
11.284965,-3.6496253,Phrase,1,7.2762284
11.8362665,-5.9587197,Phrase,0,7.6480494
10.692448,-6.760179,Phrase,1,7.8454304
14.008959,-3.8464007,Phrase,1,7.5471973
10.273479,-8.838837,Phrase,2,9.008854
12.290851,-6.783867,Phrase,2,6.677636
10.173182,-4.8787875,Phrase,1,8.089526
10.720459,-7.7031045,Phrase,2,7.2531304
12.130967,-5.5885015,Phrase,1,7.7526975
12.493995,-5.6654944,Phrase,0,9.300103
10.935173,-6.551735,Phrase,2,9.173131
12.535751,-4.5965533,Phrase,1,7.718155
11.786048,-5.513045,Phrase,0,9.083409
12.711582,-5.8892937,Phrase,0,9.003871
11.142382,-5.643612,Phrase,1,7.7716165
10.633756,-5.1062684,Phrase,1,9.302616
11.043378,-3.4351282,Phrase,1,7.0085583
12.34451,-4.0431004,Phrase,0,8.399155
10.855266,-5.236652,Phrase,1,7.707135
12.780469,-6.105588,Phrase,2,7.263658
11.86273,-4.7112,Phrase,0,10.890205
11.020057,-5.700957,Phrase,1,6.8259697
12.031041,-5.435328,Phrase,0,10.613051
12.81532,-5.951597,Phrase,0,10.358765
11.551572,-5.8087044,Phrase,1,7.252484
10.140398,-8.858694,Phrase,2,9.208989
11.631105,-6.253726,Phrase,2,7.2485185
11.085277,-4.2751303,Phrase,2,8.333567
12.937151,-6.207792,Phrase,0,8.767478
10.63865,-7.6332283,Phrase,2,7.443462
11.559873,-6.1121755,Phrase,2,8.242222
12.420735,-5.674,Phrase,0,9.231254
12.558658,-6.8445296,Phrase,2,7.4789305
10.02143,-7.991984,Phrase,2,8.376032
11.431525,-4.946744,Phrase,0,8.979725
12.901947,-6.904919,Phrase,0,7.2808275
11.552259,-6.3302913,Phrase,0,10.628205
11.856288,-6.3780766,Phrase,2,7.336424
11.879844,-5.8512545,Phrase,0,9.184509
11.65429,-5.167709,Phrase,0,10.636524
10.168603,-4.813214,Phrase,0,8.212177
12.563252,-6.2529216,Phrase,2,7.0479884
12.482313,-4.905321,Phrase,0,9.18815
11.6689,-5.2209415,Phrase,0,10.402796
12.205801,-5.7948008,Phrase,2,7.972174
10.753697,-7.593481,Phrase,2,7.270764
10.384917,-7.366317,Phrase,2,8.714819
11.584178,-4.83543,Phrase,1,7.8762116
11.14248,-5.2526665,Phrase,2,7.07076
13.248565,-5.10526,Phrase,0,8.661081
11.297527,-5.5497875,Phrase,0,8.545873
10.258721,-8.912808,Phrase,2,8.788451
12.568029,-5.336773,Phrase,1,7.4739127
11.734986,-5.168134,Phrase,0,7.4584336
11.722122,-8.819704,Phrase,2,7.2551026
10.43906,-5.886691,Phrase,0,8.064431
12.329427,-7.70177,Phrase,2,8.232386
11.020185,-6.1493635,Phrase,2,7.5892816
12.286741,-5.3254256,Phrase,1,7.78726
11.894601,-6.4449515,Phrase,2,8.235629
11.191177,-6.433059,Phrase,0,9.434378
10.173293,-4.085915,Phrase,1,10.176223
11.733687,-5.7607026,Phrase,2,8.7901
12.357025,-6.3899097,Phrase,2,7.906963
11.630938,-5.6180763,Phrase,2,7.6219897
11.320571,-5.5306807,Phrase,1,8.838294
11.88353,-6.729175,Phrase,2,7.4911156
10.963965,-5.5261397,Phrase,2,9.003748
9.843898,-7.766069,Phrase,2,7.6667213
12.433994,-5.0584464,Phrase,0,9.112617
10.296185,-8.731983,Phrase,2,9.435634
11.17414,-4.229967,Phrase,1,10.5555315
12.988698,-4.4897747,Phrase,2,7.5209837
10.774554,-8.566748,Phrase,2,8.647137
12.545805,-6.5417957,Phrase,2,7.068437
12.047424,-6.3470283,Phrase,0,7.9334273
10.675338,-6.9870276,Phrase,2,9.943833
12.296721,-6.7364063,Phrase,2,6.885348
11.006522,-4.200344,Phrase,1,7.8151636
12.320393,-5.595776,Phrase,0,9.382692
10.384517,-8.657417,Phrase,2,9.285154
12.591762,-5.649149,Phrase,2,8.47609
12.330911,-5.931456,Phrase,0,8.808314
11.517972,-4.988469,Phrase,1,7.797902
10.945266,-5.949267,Phrase,0,10.228626
10.842755,-5.339033,Phrase,0,6.62582
11.232135,-4.3048577,Phrase,1,10.690807
11.238867,-5.905043,Phrase,0,8.834667
10.026992,-8.729717,Phrase,2,9.355556
12.843641,-5.3000817,Phrase,0,9.834091
9.975704,-4.663139,Phrase,2,7.8919754
11.023105,-6.1664515,Phrase,2,9.970517
12.3217745,-6.0597095,Phrase,0,10.441452
11.107197,-6.0105124,Phrase,1,8.597839
10.475044,-4.539799,Phrase,1,6.128193
11.430466,-6.0348086,Phrase,0,10.414422
10.471421,-8.012474,Phrase,2,9.298829
13.550969,-4.2281756,Phrase,0,8.399418
11.737631,-8.806724,Phrase,2,7.2780404
10.987891,-7.204631,Phrase,2,8.990067
11.866797,-5.8645287,Phrase,1,6.5425606
11.273612,-4.9847083,Phrase,0,8.925417
12.444328,-6.659442,Phrase,2,6.598345
10.483014,-4.5988555,Phrase,1,7.0157313
11.348638,-3.76241,Phrase,1,9.178018
11.445115,-3.92843,Phrase,1,7.416274
12.342684,-5.772091,Phrase,0,9.067063
10.63686,-8.222364,Phrase,2,9.133124
11.760033,-6.539979,Phrase,0,10.18244
10.1425295,-8.545804,Phrase,2,8.791342
15.506035,-1.670611,Phrase,0,10.259373
-4.683374,1.6799202,Phrase,1,11.919889
11.781873,-7.1718497,Phrase,2,7.3392262
9.802339,-8.473466,Phrase,2,9.05628
12.1494875,-5.47914,Phrase,0,8.624402
11.997011,-5.899765,Phrase,2,7.6466246
10.102925,-6.921681,Phrase,2,7.483686
10.757353,-8.707372,Phrase,2,7.9065695
12.577753,-4.365174,Phrase,0,8.249023
10.850294,-5.4658685,Phrase,2,8.617905
11.889508,-5.3435826,Phrase,0,10.258308
12.102456,-8.123489,Phrase,2,7.4805593
10.364263,-6.9169683,Phrase,2,9.50054
12.073538,-6.350438,Phrase,2,7.451277
10.316485,-6.152778,Phrase,1,7.114618
12.539849,-5.8757796,Phrase,0,9.379417
11.598624,-7.7995005,Phrase,2,7.269706
11.702335,-5.4031854,Phrase,2,8.277751
11.819101,-4.6304455,Phrase,0,8.98732
9.9004135,-8.8838625,Phrase,2,8.807467
10.062811,-8.6046095,Phrase,2,9.015775
11.116109,-6.9145594,Phrase,2,8.161964
10.765582,-4.1186466,Phrase,1,9.968829
15.115204,-3.0337875,Phrase,1,8.299778
12.61993,-4.401569,Phrase,0,9.1289625
12.619608,-7.6130433,Phrase,0,9.422483
10.854163,-8.240021,Phrase,2,8.782491
10.892177,-5.2719383,Phrase,1,6.9718175
9.997281,-6.2574444,Phrase,0,9.597491
12.034724,-5.1443954,Phrase,0,10.222101
12.477877,-5.1267667,Phrase,1,8.10153
11.888533,-3.0299962,Phrase,1,7.9785247
10.96651,-7.094443,Phrase,2,8.550034
12.491673,-4.284821,Phrase,1,8.149216
11.825291,-5.2911787,Phrase,0,8.959648
10.595294,-7.1727133,Phrase,2,8.362776
10.748824,-7.9482055,Phrase,0,8.097716
10.944472,-4.366765,Phrase,1,8.457097
10.707369,-4.0958533,Phrase,1,9.97273
10.860438,-3.8484044,Phrase,1,9.863612
14.0183935,-3.328401,Phrase,1,8.149382
11.493839,-6.1072855,Phrase,2,9.447002
8.34418,-4.631498,Phrase,1,4.8521037
11.82473,-7.578698,Phrase,2,7.2287726
12.024774,-5.9781833,Phrase,2,7.7576947
11.713099,-8.200065,Phrase,2,7.4635205
12.60262,-6.1124897,Phrase,0,8.187013
9.868284,-8.83851,Phrase,2,8.922643
10.970561,-6.236391,Phrase,0,9.615226
10.448291,-4.73562,Phrase,1,6.266567
11.316246,-4.3541903,Phrase,0,10.155554
11.628602,-6.214067,Phrase,0,10.7061615
10.592028,-7.030522,Phrase,2,8.821557
12.237582,-5.483522,Phrase,0,8.6008415
11.38067,-5.1612177,Phrase,0,7.9899397
11.50536,-8.763634,Phrase,2,8.378594
11.040445,-6.107288,Phrase,0,9.734018
10.231613,-4.8723965,Phrase,1,8.004413
10.614683,-5.2583265,Phrase,1,6.9969625
10.025442,-8.810521,Phrase,2,8.375782
11.654856,-5.755564,Phrase,0,9.556295
10.739496,-6.243574,Phrase,2,8.698908
12.956651,-5.1975484,Phrase,0,9.78439
12.308596,-3.804386,Phrase,0,8.309882
9.46919,-8.240655,Phrase,0,8.553171
10.347421,-8.990797,Phrase,2,8.430824
12.98196,-4.700606,Phrase,0,8.01022
11.758007,-4.79834,Phrase,0,9.131974
10.472144,-6.0035186,Phrase,1,9.805075
11.635677,-4.547963,Phrase,0,9.462728
12.461125,-6.118787,Phrase,2,7.1356435
11.46769,-6.3613973,Phrase,0,8.425583
10.815457,-4.001945,Phrase,2,10.022484
12.4883,-5.4931335,Phrase,1,8.3722
10.2886,-5.32496,Phrase,0,7.1739774
11.481087,-4.282719,Phrase,1,10.930208
9.675401,-8.189379,Phrase,2,8.319131
10.360187,-8.6511545,Phrase,0,9.3167
11.524876,-6.573695,Phrase,0,6.974843
9.903292,-7.840722,Phrase,2,8.931632
11.329462,-6.2310343,Phrase,0,9.883441
11.664348,-5.7662754,Phrase,0,9.588818
10.734651,-2.8826716,Phrase,0,3.0872817
12.211555,-6.1208034,Phrase,2,7.6462736
10.571771,-8.836328,Phrase,2,9.347982
11.366062,-6.375596,Phrase,0,10.253405
11.063087,-6.077171,Phrase,2,7.0419006
12.27415,-4.917082,Phrase,0,8.057319
11.906076,-5.1432095,Phrase,0,6.858683
11.368655,-5.9089727,Phrase,2,7.595213
11.8089485,-6.3316813,Phrase,2,7.2493925
11.745648,-6.932098,Phrase,2,7.528442
10.288736,-8.955238,Phrase,2,8.152991
13.404437,-4.137826,Phrase,1,7.522702
10.241171,-6.964066,Phrase,2,9.138039
11.159577,-4.3761115,Phrase,0,8.413495
12.022276,-6.288854,Phrase,2,8.541739
11.035348,-4.448841,Phrase,1,8.778124
10.442959,-7.3147745,Phrase,2,9.141322
10.835367,-4.9889383,Phrase,0,6.680703
9.67342,-8.683086,Phrase,2,8.882442
10.862826,-4.132432,Phrase,1,9.81672
11.47858,-6.3510613,Phrase,2,6.922155
12.328913,-5.0382476,Phrase,0,9.375732
10.409114,-7.011645,Phrase,2,8.266887
11.794007,-5.438876,Phrase,1,6.982914
9.854277,-8.346391,Phrase,2,9.0657215
13.046447,-5.2202506,Phrase,0,9.80328
11.67419,-6.094593,Phrase,2,7.395725
10.873715,-5.853769,Phrase,0,9.248115
11.776798,-5.5586753,Phrase,1,8.852122
11.928125,-5.8882685,Phrase,2,7.511541
9.6410675,-8.22027,Phrase,0,9.289257
12.706236,-5.9154687,Phrase,2,9.232381
11.912666,-5.24119,Phrase,1,7.201028
13.918007,-3.918849,Phrase,0,8.121533
11.007232,-4.481424,Phrase,1,6.408822
12.344385,-5.7311378,Phrase,2,8.078077
9.725793,-8.266675,Phrase,1,8.494361
9.917216,-5.2665343,Phrase,1,8.132369
10.012421,-7.6660795,Phrase,0,8.522993
11.603048,-5.736122,Phrase,0,8.390056
12.215114,-5.6599336,Phrase,0,9.621825
9.497173,-8.297561,Phrase,2,8.541868
9.826765,-7.944788,Phrase,2,8.71678
11.684006,-5.1599274,Phrase,1,7.5226097
10.028061,-8.553435,Phrase,2,9.257211
14.007,-3.8493457,Phrase,0,7.611903
11.044799,-3.4120984,Phrase,1,7.022845
10.175532,-8.863236,Phrase,2,8.435852
10.435417,-7.3220887,Phrase,2,9.44224
10.693874,-5.6951528,Phrase,1,6.7907743
10.301243,-4.895474,Phrase,1,8.17986
13.735813,-4.599399,Phrase,0,8.186797
11.147542,-4.0489993,Phrase,1,10.654611
11.149565,-5.7761993,Phrase,0,8.833418
11.644059,-5.722889,Phrase,0,8.969919
10.893354,-5.3910108,Phrase,1,8.435209
9.318755,-8.262038,Phrase,1,8.3508
10.834241,-5.747819,Phrase,2,8.3345175
11.837275,-6.0686703,Phrase,2,7.5843277
11.199596,-5.9728794,Phrase,2,7.7503304
9.822432,-9.01303,Phrase,2,8.256899
12.674331,-5.6347227,Phrase,1,8.340429
15.055994,-3.0957637,Phrase,1,8.258817
10.158856,-6.474941,Phrase,1,7.6577773
12.142629,-5.293953,Phrase,0,9.04997
11.238153,-5.9560375,Phrase,1,7.251023
11.145675,-6.871358,Phrase,2,7.867735
11.817953,-4.580954,Phrase,0,9.023132
12.491726,-6.113749,Phrase,0,8.942274
11.897312,-5.247821,Phrase,0,10.15264
12.494724,-5.9385915,Phrase,1,7.7742786
12.55161,-6.1113815,Phrase,2,6.9181166
10.906333,-5.6535163,Phrase,0,10.022676
9.781702,-7.979725,Phrase,2,8.88057
10.973722,-6.254788,Phrase,0,10.317117
11.932407,-5.3660545,Phrase,2,7.2966223
11.38863,-6.08045,Phrase,2,8.124047
12.380879,-5.745172,Phrase,0,9.367849
11.248359,-6.2396197,Phrase,2,7.3868523
11.903746,-4.7429147,Phrase,0,9.235576
12.483403,-4.9529734,Phrase,0,7.995576
11.175617,-4.6908565,Phrase,0,10.123195
11.728165,-4.951741,Phrase,0,9.5840845
11.854441,-5.1666694,Phrase,0,9.025168
9.403545,-7.2924514,Phrase,2,8.158803
11.5085125,-6.008701,Phrase,2,7.110436
10.3504715,-8.366066,Phrase,2,8.926453
10.300705,-6.897255,Phrase,2,9.44079
10.800838,-6.011666,Phrase,0,8.875508
12.023966,-5.2066364,Phrase,0,9.933844
12.617212,-5.991903,Phrase,0,9.352111
9.656256,-8.745809,Phrase,2,8.609886
11.586698,-4.7736053,Phrase,1,8.761067
13.341841,-4.675333,Phrase,2,7.895423
11.276419,-5.305405,Phrase,0,9.625335
11.925451,-5.2564454,Phrase,0,7.3526874
10.075088,-7.700826,Phrase,1,7.9355783
11.254617,-6.306576,Phrase,2,7.753016
11.976762,-5.210142,Phrase,0,8.44689
12.321206,-5.7555676,Phrase,0,10.307304
11.692767,-4.8713875,Phrase,0,8.051289
12.099539,-6.3258653,Phrase,2,7.3570766
12.58329,-5.686788,Phrase,0,8.453968
10.043991,-7.832966,Phrase,2,8.086717
11.707159,-7.2312493,Phrase,0,8.21862
10.435033,-6.752343,Phrase,2,8.879879
10.871027,-5.5221925,Phrase,0,8.316269
13.07368,-6.10852,Phrase,0,9.893229
11.886571,-5.077453,Phrase,0,9.185862
10.10323,-8.438532,Phrase,2,8.714409
12.434267,-5.8498445,Phrase,2,8.307359
12.579913,-6.2150936,Phrase,2,7.1150417
10.770001,-6.411859,Phrase,0,10.064271
11.01719,-6.1064754,Phrase,0,9.972011
11.634175,-4.6520042,Phrase,1,8.882428
10.1336975,-4.773039,Phrase,1,8.210966
11.495048,-5.2442274,Phrase,0,8.638418
12.897693,-6.2240143,Phrase,1,7.899269
12.49918,-5.061456,Phrase,0,10.463872
12.869183,-3.8254879,Phrase,0,8.204021
11.439367,-5.242732,Phrase,0,8.309965
10.753436,-6.1881423,Phrase,2,7.1671524
10.762649,-5.7391315,Phrase,1,8.369301
12.136647,-4.0791693,Phrase,1,7.178585
12.05926,-5.3377357,Phrase,2,7.3083234
10.538413,-4.855522,Phrase,1,6.289436
11.92964,-5.900677,Phrase,0,8.441233
11.369686,-6.676844,Phrase,2,7.418481
12.975503,-6.154274,Phrase,0,10.583141
11.050487,-4.7920094,Phrase,1,7.4232483
12.92385,-6.9459586,Phrase,2,7.357881
12.067187,-6.6397223,Phrase,2,6.6520185
12.202426,-6.1398253,Phrase,1,7.379133
10.273733,-8.944658,Phrase,2,8.553981
10.307668,-8.772641,Phrase,2,9.3040905
11.38074,-6.1017456,Phrase,2,6.854545
13.2215395,-4.621111,Phrase,0,7.9316854
9.779078,-7.8078003,Phrase,2,8.990764
12.23818,-5.338442,Phrase,0,10.725575
13.701335,-4.3853965,Phrase,0,8.020972
11.732361,-4.7385836,Phrase,0,8.868317
11.242408,-5.9475565,Phrase,0,8.979391
11.241301,-5.769924,Phrase,0,6.990408
10.880713,-4.606202,Phrase,1,8.098142
12.218978,-5.160902,Phrase,0,9.02222
11.094887,-5.4132724,Phrase,1,6.97527
12.780906,-5.4858356,Phrase,0,8.722154
11.250518,-4.222734,Phrase,1,7.861772
11.538354,-5.817417,Phrase,0,8.109732
11.449151,-6.296352,Phrase,2,7.267138
10.740566,-5.677914,Phrase,0,8.433815
10.248668,-8.052636,Phrase,2,8.724517
11.8654785,-4.5286994,Phrase,1,8.954346
11.715946,-6.376077,Phrase,2,7.2369394
12.311596,-5.405973,Phrase,1,8.034865
10.386269,-8.85977,Phrase,2,8.1668625
9.865157,-8.931669,Phrase,2,9.080031
10.901186,-6.0946636,Phrase,1,9.929054
11.882963,-4.5804195,Phrase,1,11.2936735
10.908911,-3.7312186,Phrase,1,9.80674
10.821124,-6.5155454,Phrase,0,9.231877
11.801637,-4.686965,Phrase,2,8.745903
12.088842,-5.334962,Phrase,2,7.7249274
11.4668865,-7.435816,Phrase,2,7.2691984
9.971096,-8.811322,Phrase,2,8.363437
11.079022,-5.4015746,Phrase,1,7.342314
9.721413,-4.2896976,Phrase,1,8.09766
11.527975,-4.7258825,Phrase,0,8.635127
10.258379,-7.245568,Phrase,2,9.301951
10.774758,-6.998225,Phrase,2,9.859483
11.379783,-5.844016,Phrase,2,9.503634
10.686009,-4.7186065,Phrase,1,6.527143
10.876739,-7.8317347,Phrase,1,7.9972687
11.427853,-7.2747307,Phrase,2,7.486
12.417059,-6.2609234,Phrase,2,7.0905943
10.494825,-4.871322,Phrase,1,7.972567
12.625516,-5.4230175,Phrase,0,8.846614
8.347336,-4.631938,Phrase,1,4.854646
10.8539095,-5.9374623,Phrase,1,7.0187345
11.205829,-6.095475,Phrase,0,10.046725
10.66481,-6.711945,Phrase,0,9.312665
10.911911,-4.1368012,Phrase,0,10.086232
11.676159,-5.2044234,Phrase,0,9.829897
11.683598,-5.8000555,Phrase,0,8.151428
12.431536,-6.277305,Phrase,0,8.1994915
12.462104,-6.1196337,Phrase,2,6.9833956
13.271469,-4.8136015,Phrase,0,8.530344
11.414512,-5.293225,Phrase,0,8.593709
10.515537,-8.821971,Phrase,2,8.254897
11.962929,-5.57758,Phrase,0,7.2976346
12.334687,-4.056653,Phrase,0,8.3016815
9.691058,-9.004791,Phrase,1,8.152397
11.870273,-6.017467,Phrase,2,7.209639
9.661194,-7.9005094,Phrase,2,7.7017517
10.504065,-7.1959743,Phrase,2,8.221247
10.005052,-8.69475,Phrase,2,8.864853
11.332516,-5.764687,Phrase,2,8.219435
11.562782,-5.881937,Phrase,0,8.675868
10.304904,-5.2046943,Phrase,1,7.414489
11.049314,-7.352644,Phrase,2,8.5458145
11.978086,-4.488738,Phrase,1,7.7602067
12.049498,-5.7943115,Phrase,0,10.290151
11.835318,-5.2860217,Phrase,1,8.311246
12.650002,-5.601808,Phrase,0,8.704794
8.347757,-4.631973,Phrase,1,4.85503
12.025971,-6.0942993,Phrase,2,8.42864
11.035127,-5.9947085,Phrase,0,9.076466
12.292452,-3.7876537,Phrase,0,8.32336
11.163205,-6.212005,Phrase,2,8.683905
11.503277,-6.944623,Phrase,0,6.8825107
11.715294,-4.971596,Phrase,0,7.583794
12.776669,-5.469073,Phrase,1,8.388822
10.586488,-4.98916,Phrase,1,6.316831
10.280313,-4.3588924,Phrase,1,5.9350214
9.558596,-8.412753,Phrase,2,8.741783
10.121739,-8.401741,Phrase,2,8.897041
11.806999,-5.709367,Phrase,0,9.375745
10.098489,-7.4538164,Phrase,2,8.950958
11.660077,-6.385603,Phrase,2,8.289655
11.045509,-3.8076181,Phrase,1,7.3859663
10.836417,-5.724744,Phrase,1,7.449697
11.478787,-6.22975,Phrase,2,7.852779
12.331549,-5.2670755,Phrase,0,10.548698
12.229842,-5.0492053,Phrase,1,7.2649846
10.767809,-6.1777205,Phrase,2,9.290694
10.705199,-7.624818,Phrase,2,7.3100185
9.741508,-8.181392,Phrase,0,8.394246
9.51877,-8.333096,Phrase,2,8.71285
11.661892,-5.7476616,Phrase,0,9.679386
10.138424,-4.547331,Phrase,1,7.8082542
10.760674,-4.449832,Phrase,1,7.58198
10.735033,-8.641781,Phrase,2,8.861068
11.515715,-5.3091507,Phrase,1,8.836892
11.073679,-5.8862925,Phrase,2,9.042241
11.025217,-7.06592,Phrase,2,7.158924
11.924349,-6.4744787,Phrase,0,9.617265
12.007978,-4.6950994,Phrase,0,8.992945
11.600821,-6.277943,Phrase,2,8.642073
11.397918,-4.7580476,Phrase,0,8.638883
11.100096,-6.9099493,Phrase,2,7.380175
10.756919,-5.106079,Phrase,1,6.5912595
12.860926,-5.2703023,Phrase,0,8.655403
12.853581,-5.6483927,Phrase,0,8.082016
11.582899,-5.7357464,Phrase,2,7.930136
10.316436,-7.786166,Phrase,2,9.344312
11.273106,-5.3084693,Phrase,0,9.648508
11.077756,-4.321357,Phrase,2,8.376832
12.684977,-6.4163866,Phrase,0,9.939313
10.768508,-5.462581,Phrase,0,9.95549
12.257874,-4.2778087,Phrase,0,7.933525
9.865859,-8.781019,Phrase,2,9.014068
13.02627,-6.212251,Phrase,0,8.998286
9.951822,-4.7189984,Phrase,1,6.3207545
11.877691,-6.4907084,Phrase,0,8.235114
11.969806,-5.0781403,Phrase,1,6.217481
11.675283,-4.659125,Phrase,1,7.6315136
11.679804,-6.26754,Phrase,2,6.5468707
11.598056,-4.2304626,Phrase,1,7.713525
11.822154,-5.4801106,Phrase,1,6.863723
11.713434,-4.473007,Phrase,0,7.375965
9.662066,-7.9875693,Phrase,2,8.075674
12.5684595,-5.851705,Phrase,2,8.406588
11.074754,-5.9934025,Phrase,0,10.171241
12.927809,-5.67707,Phrase,0,9.74038
12.513241,-6.248773,Phrase,2,7.607403
12.91163,-4.9201803,Phrase,0,8.771391
10.597599,-8.722244,Phrase,2,9.074501
10.420507,-6.2661247,Phrase,2,9.34457
12.868662,-6.3649573,Phrase,0,8.702021
11.252349,-6.264929,Phrase,2,7.31728
11.802542,-5.6848793,Phrase,0,9.401696
11.908623,-5.2192874,Phrase,0,8.416384
12.037988,-5.058915,Phrase,1,7.872224
10.261971,-8.587215,Phrase,2,8.200662
12.017847,-6.022196,Phrase,2,8.25727
11.583419,-6.4933233,Phrase,2,8.60091
9.923594,-7.6324043,Phrase,2,8.5869
11.590844,-6.442588,Phrase,2,7.2359457
11.082369,-5.9510517,Phrase,2,8.135099
12.067113,-5.1431046,Phrase,0,8.887188
12.330824,-4.644202,Phrase,0,8.190729
10.251514,-8.882307,Phrase,0,9.084257
11.766779,-7.8067446,Phrase,0,7.1671276
10.626917,-7.445087,Phrase,1,8.174057
10.563369,-7.9322023,Phrase,2,8.3972025
10.4395485,-7.185823,Phrase,2,8.865031
10.492619,-7.013693,Phrase,2,8.898052
12.479892,-6.751915,Phrase,2,7.4556503
10.412754,-7.154041,Phrase,2,9.511435
10.543324,-5.0710535,Phrase,1,9.457174
13.469299,-4.7955484,Phrase,0,8.348643
10.836005,-5.3405643,Phrase,0,8.908218
12.618491,-4.7689013,Phrase,0,8.906171
11.835586,-4.6388545,Phrase,1,8.864819
12.332149,-3.775739,Phrase,0,8.345848
12.0475855,-5.107277,Phrase,0,9.313169
11.009865,-6.4905667,Phrase,2,9.247835
12.090412,-5.866919,Phrase,0,8.581542
11.183244,-4.53525,Phrase,1,11.214976
12.225504,-6.2599277,Phrase,2,7.2682657
11.360185,-5.9774046,Phrase,1,7.253334
10.547396,-8.932776,Phrase,2,8.324047
10.385504,-8.437201,Phrase,2,9.096347
11.074657,-3.5708497,Phrase,1,6.9565845
11.083715,-6.237067,Phrase,2,7.5988955
10.9782715,-6.0496774,Phrase,2,7.312059
12.676029,-5.693823,Phrase,1,7.748164
11.476948,-5.0533423,Phrase,1,7.486104
10.384473,-8.485663,Phrase,2,8.391901
10.8921175,-7.129148,Phrase,2,8.9399605
10.703709,-4.7234383,Phrase,1,9.766801
10.021553,-8.23945,Phrase,2,9.083693
12.2163315,-5.148812,Phrase,1,7.5211415
11.057766,-6.4195123,Phrase,2,10.329756
12.777518,-5.9454,Phrase,0,10.08598
11.317176,-6.3812284,Phrase,0,9.722874
12.940827,-4.9789686,Phrase,2,7.915349
11.096909,-5.970641,Phrase,2,7.7169867
12.102242,-4.1409326,Phrase,1,7.2042775
11.171692,-6.683386,Phrase,2,8.282101
9.87142,-8.54393,Phrase,2,8.931562
11.835746,-4.7599826,Phrase,0,7.9900217
12.743439,-6.22656,Phrase,2,7.149626
12.091723,-5.464743,Phrase,0,8.06116
10.803015,-4.367807,Phrase,1,9.105952
13.987183,-3.8486357,Phrase,0,7.688482
10.148097,-7.986359,Phrase,2,8.759923
11.2066,-5.967576,Phrase,2,7.0105605
11.349686,-4.995122,Phrase,0,9.124231
12.568455,-4.2532463,Phrase,0,8.517456
10.415543,-6.9956713,Phrase,2,8.929895
11.450098,-6.278183,Phrase,2,7.9634657
12.47304,-6.588032,Phrase,1,6.5875683
11.333334,-6.761303,Phrase,2,8.16926
10.95442,-6.472731,Phrase,0,10.224472
10.637366,-7.175225,Phrase,1,8.201394
10.8042145,-6.5103564,Phrase,0,7.435843
11.316058,-5.412631,Phrase,1,8.449614
12.751076,-4.2340255,Phrase,0,8.49382
13.104532,-6.0298047,Phrase,0,9.055469
12.155556,-5.7101073,Phrase,1,8.283306
10.202282,-8.282025,Phrase,2,9.112773
10.3807745,-8.792982,Phrase,2,8.053293
13.631449,-4.1817317,Phrase,0,8.073284
12.251613,-6.0281105,Phrase,0,9.657373
12.178224,-6.481526,Phrase,2,6.898686
10.438096,-8.900436,Phrase,2,8.2452345
9.841571,-8.500534,Phrase,2,8.935506
10.948962,-5.6824765,Phrase,1,7.058585
12.076127,-5.527101,Phrase,0,9.250253
10.331881,-6.976966,Phrase,1,8.414068
10.463018,-5.7997193,Phrase,0,9.628222
13.738531,-4.100788,Phrase,0,8.574025
12.452359,-5.0758348,Phrase,0,10.502227
12.37464,-5.5709,Phrase,0,9.544074
11.894809,-3.0375385,Phrase,1,7.9809914
10.392027,-6.0773535,Phrase,0,8.939046
11.171138,-4.5094066,Phrase,1,11.196843
10.685935,-5.08945,Phrase,1,7.5167427
10.397343,-8.178298,Phrase,2,8.76867
10.185862,-7.7736096,Phrase,2,8.643137
10.290715,-8.8498125,Phrase,2,9.103478
9.377864,-8.27831,Phrase,1,8.456085
10.872038,-7.8717213,Phrase,2,7.5239778
11.30114,-3.8846421,Phrase,1,10.6880865
10.994363,-6.147703,Phrase,2,8.291895
10.009341,-8.51985,Phrase,2,8.582014
11.127927,-3.510997,Phrase,1,7.1559067
11.310449,-3.862024,Phrase,1,10.695919
11.891887,-5.0805135,Phrase,0,9.935172
10.720627,-4.13303,Phrase,0,9.973398
10.81908,-5.5783424,Phrase,2,7.7603436
12.118108,-5.275725,Phrase,0,8.467901
11.351691,-3.767747,Phrase,1,7.477981
12.580709,-5.5682054,Phrase,0,7.8882675
11.139799,-6.3253317,Phrase,2,7.420823
11.568716,-5.79274,Phrase,0,9.673199
11.011517,-7.8962417,Phrase,2,7.9321213
10.154956,-6.419526,Phrase,1,7.858513
11.948321,-4.6876454,Phrase,0,8.876596
11.408494,-7.228301,Phrase,0,7.1867914
9.967676,-8.337609,Phrase,2,8.896913
10.711897,-6.0783606,Phrase,1,9.992898
11.209998,-5.841428,Phrase,2,7.561121
12.18651,-5.652734,Phrase,2,7.6280246
9.727272,-4.29438,Phrase,1,8.092578
10.831359,-6.4135976,Phrase,1,7.4843664
11.694875,-6.1777816,Phrase,0,8.0718
11.827412,-5.141858,Phrase,0,7.835115
11.699093,-7.10742,Phrase,2,7.78256
11.804756,-4.721025,Phrase,1,8.647354
10.37069,-7.0107517,Phrase,2,8.553049
9.959693,-8.450635,Phrase,2,8.352316
11.245165,-4.329252,Phrase,1,10.841881
10.998419,-5.7733693,Phrase,2,7.8645687
10.905022,-5.977975,Phrase,2,7.6608787
11.015604,-5.4607015,Phrase,1,7.5858417
11.7450285,-5.3606954,Phrase,2,7.550423
10.820052,-6.7477508,Phrase,2,9.13526
9.867871,-8.95486,Phrase,2,8.372169
11.052108,-6.4033756,Phrase,1,7.32335
-4.684159,1.6792257,Phrase,1,11.920655
11.087094,-6.2354326,Phrase,2,7.948649
11.217853,-5.7212853,Phrase,1,7.8412724
10.99751,-4.0648932,Phrase,0,9.988478
9.528884,-8.155902,Phrase,2,8.389158
10.822554,-6.149237,Phrase,2,8.042181
11.876292,-4.58354,Phrase,2,8.867671
10.407164,-6.8865,Phrase,2,8.524901
10.910335,-5.173172,Phrase,1,6.742858
11.498237,-6.265921,Phrase,0,8.678741
10.242306,-6.0409293,Phrase,1,7.103744
10.816722,-3.9423077,Phrase,1,9.643946
10.444538,-9.038148,Phrase,1,8.048673
11.892389,-3.0339074,Phrase,1,7.9828243
11.046943,-7.959393,Phrase,2,8.4736805
10.895191,-4.98422,Phrase,0,9.154597
11.311216,-5.9438796,Phrase,2,7.427296
11.246491,-6.1352715,Phrase,2,7.1417828
12.585769,-4.3203154,Phrase,0,8.231318
10.055992,-8.858937,Phrase,2,8.47633
11.838937,-4.9659295,Phrase,0,8.671248
11.06009,-5.6268167,Phrase,2,7.607612
10.961254,-3.3848844,Phrase,1,7.0068154
10.449246,-7.155687,Phrase,0,9.643772
11.057761,-5.8672805,Phrase,1,8.199672
11.354665,-6.7646747,Phrase,0,9.326183
11.190366,-5.517079,Phrase,2,7.8728266
11.00312,-6.08549,Phrase,2,7.3101645
11.636631,-5.417298,Phrase,0,10.233389
10.906674,-6.7041216,Phrase,2,8.599894
10.259614,-8.994504,Phrase,2,8.040618
11.927568,-6.062967,Phrase,0,8.707274
11.609345,-5.73082,Phrase,2,7.752534
10.942761,-6.960008,Phrase,0,10.168427
12.340949,-6.9244723,Phrase,0,7.360668
13.40879,-4.93997,Phrase,0,8.678452
14.045493,-3.8093872,Phrase,0,7.4930687
9.959598,-7.965853,Phrase,2,9.019404
12.774063,-5.935655,Phrase,0,8.918781
11.024516,-7.9583387,Phrase,2,7.913134
12.355906,-4.551751,Phrase,0,8.034982
11.624875,-6.7502317,Phrase,2,7.3991
12.382809,-6.0433073,Phrase,1,6.810354
10.733899,-5.613216,Phrase,0,8.376183
11.375348,-5.7236977,Phrase,0,9.412378
11.031385,-4.2449694,Phrase,1,10.150146
11.057335,-6.999448,Phrase,2,8.566672
11.933686,-6.591725,Phrase,2,8.206065
10.04257,-8.061172,Phrase,2,8.846076
9.961306,-8.98343,Phrase,2,8.142757
11.745241,-8.787438,Phrase,2,7.264091
11.449843,-5.40708,Phrase,0,9.520899
12.079564,-4.888475,Phrase,1,7.7318807
11.49816,-5.2089453,Phrase,1,7.695147
11.246744,-5.747806,Phrase,1,6.9423175
11.840368,-5.9820175,Phrase,2,7.7575383
13.01837,-6.073107,Phrase,0,9.364515
11.059544,-6.646369,Phrase,0,8.881346
11.394036,-5.334914,Phrase,1,7.1612167
9.749384,-4.9677563,Phrase,1,8.076324
11.617534,-4.268744,Phrase,2,10.4140005
13.468577,-4.881909,Phrase,0,8.620794
10.540981,-7.114797,Phrase,2,8.634828
12.3538885,-5.729279,Phrase,0,9.99815
10.32225,-5.929439,Phrase,1,7.2051835
11.337822,-5.476476,Phrase,2,7.0756545
11.515644,-5.227619,Phrase,2,8.19298
-4.6870875,1.6778568,Phrase,1,11.923578
11.434736,-5.928119,Phrase,2,7.977699
10.52091,-7.037976,Phrase,2,8.599332
11.1119795,-6.7328258,Phrase,0,7.317687
12.088187,-5.6499286,Phrase,0,9.397371
11.54581,-6.074013,Phrase,2,7.2022886
11.867857,-4.6693606,Phrase,0,7.0689273
11.475091,-4.8842216,Phrase,0,9.101514
11.897497,-7.5594034,Phrase,2,7.206647
10.643302,-6.548331,Phrase,2,9.265907
10.782383,-6.4034977,Phrase,2,7.4547305
12.145376,-6.4287343,Phrase,2,7.538405
11.394792,-5.43426,Phrase,2,7.403869
8.347843,-4.63194,Phrase,1,4.85499
11.615899,-5.82213,Phrase,2,8.209091
11.412786,-5.224164,Phrase,0,9.700733
10.694465,-6.138068,Phrase,2,9.121946
9.578646,-7.6118584,Phrase,2,7.170564
11.148066,-4.4263797,Phrase,1,10.665303
11.678498,-5.3836856,Phrase,1,7.211384
11.30158,-4.823201,Phrase,0,9.045306
11.240834,-6.7661877,Phrase,2,7.5480714
11.204981,-5.3456383,Phrase,1,7.5604854
12.157966,-5.0928593,Phrase,0,9.431217
10.751844,-8.53676,Phrase,2,8.259171
10.941688,-4.4431615,Phrase,0,10.125694
14.072797,-4.216195,Phrase,0,8.504496
11.409756,-6.3080583,Phrase,2,7.2465725
9.501205,-8.125489,Phrase,1,8.331091
10.388989,-6.5959425,Phrase,2,7.556172
12.18512,-7.1960835,Phrase,2,9.224571
11.37908,-4.127558,Phrase,0,10.534716
10.486843,-4.5621133,Phrase,0,6.407305
11.203822,-5.8560605,Phrase,2,7.01281
10.573261,-4.639975,Phrase,0,8.172623
11.824492,-6.433564,Phrase,0,8.456599
10.093731,-7.998168,Phrase,2,9.004799
11.110494,-4.700791,Phrase,1,10.531484
11.774768,-4.869815,Phrase,2,8.6846695
9.52879,-7.641353,Phrase,2,7.1772323
11.561335,-5.013179,Phrase,0,8.880515
10.764299,-5.4264083,Phrase,2,7.5409684
10.472336,-8.937796,Phrase,2,8.140979
11.835617,-6.38939,Phrase,0,6.6891904
12.746993,-5.4146967,Phrase,0,9.216924
11.493942,-5.1599464,Phrase,1,7.6794624
10.944187,-6.1892796,Phrase,2,7.3535085
10.737147,-7.4657855,Phrase,2,7.5505075
11.528548,-6.760181,Phrase,2,9.288084
12.055757,-6.468919,Phrase,2,7.603012
11.836161,-4.736682,Phrase,1,8.769014
10.79164,-7.153879,Phrase,1,8.5729065
10.643884,-7.2615194,Phrase,0,9.581571
12.146736,-5.009357,Phrase,0,9.231416
10.221475,-6.9998655,Phrase,2,9.36181
10.942597,-6.424479,Phrase,2,9.32152
12.581923,-6.011992,Phrase,2,7.235925
12.162105,-5.0763497,Phrase,0,9.384826
11.37723,-6.0597005,Phrase,0,9.68991
11.34309,-6.1392345,Phrase,2,6.985073
11.591612,-7.1317716,Phrase,0,9.874365
10.651471,-4.8748827,Phrase,0,9.712916
9.474831,-7.246395,Phrase,1,6.88234
12.046398,-5.535651,Phrase,0,9.845506
12.217644,-7.7415185,Phrase,2,8.42629
12.849555,-5.88517,Phrase,0,8.860554
12.20333,-5.917075,Phrase,2,8.707723
11.616006,-5.413679,Phrase,0,8.552833
11.493226,-6.085295,Phrase,2,7.6445117
11.672162,-5.325545,Phrase,2,7.992579
10.160419,-9.100761,Phrase,2,8.420663
10.681224,-7.633304,Phrase,1,7.2485933
10.022784,-5.7641816,Phrase,1,9.185569
12.476839,-6.377629,Phrase,2,7.7617736
11.938501,-4.923077,Phrase,1,8.015377
12.421347,-6.578574,Phrase,2,7.6837707
10.52844,-6.2819242,Phrase,1,8.450007
12.038884,-3.5202005,Phrase,1,8.070453
10.788873,-7.2309065,Phrase,2,8.381163
12.140462,-5.779664,Phrase,2,7.454292
11.69998,-5.7837334,Phrase,0,8.939972
10.314595,-6.8761015,Phrase,1,9.319586
12.265953,-4.0017996,Phrase,1,7.9155145
11.639621,-4.9680643,Phrase,0,10.7798605
11.645595,-5.2508287,Phrase,0,10.345272
12.739722,-5.7757764,Phrase,0,9.781017
10.998464,-6.1151023,Phrase,2,8.097739
9.646008,-8.571152,Phrase,2,9.08196
11.446419,-3.6716857,Phrase,0,9.222013
11.544183,-6.0739417,Phrase,1,8.107981
10.172863,-7.7168345,Phrase,0,8.036397
11.113768,-4.2581344,Phrase,0,10.385922
10.806696,-5.8136764,Phrase,2,8.286107
11.2872715,-4.7983594,Phrase,1,10.41869
11.324582,-5.918079,Phrase,0,10.209478
11.997537,-4.292854,Phrase,1,8.532618
11.248309,-6.899332,Phrase,2,7.95266
10.552676,-5.2615924,Phrase,1,7.874373
10.2054205,-9.137069,Phrase,2,8.508205
12.340896,-5.3242474,Phrase,0,10.457945
11.209601,-6.273323,Phrase,0,7.3214984
11.431384,-4.0460787,Phrase,1,10.27366
10.006826,-8.667139,Phrase,2,9.117042
10.656458,-6.9898996,Phrase,2,9.0369215
11.816431,-3.6281266,Phrase,1,7.957028
10.693668,-7.7042913,Phrase,2,7.3054104
11.828463,-6.7971516,Phrase,2,7.1797905
10.378194,-8.55566,Phrase,2,9.146891
12.139252,-6.031228,Phrase,0,9.244232
10.499125,-8.203453,Phrase,2,8.520501
10.854306,-5.6785865,Phrase,0,7.2364993
13.40642,-4.3312955,Phrase,0,8.225658
10.42975,-7.5245314,Phrase,2,8.592079
15.042465,-3.1060493,Phrase,1,8.259349
10.178771,-6.9616833,Phrase,2,9.135387
11.355903,-5.524411,Phrase,2,7.09311
12.410832,-6.6636753,Phrase,2,6.6466136
11.658453,-5.17975,Phrase,1,7.859118
11.551903,-6.531849,Phrase,2,7.06102
11.956379,-5.7392507,Phrase,2,8.251962
10.507422,-4.5879107,Phrase,1,6.975165
11.495025,-6.8139,Phrase,2,7.3502913
10.861591,-4.710053,Phrase,1,8.085402
10.741943,-4.6060414,Phrase,0,9.876213
13.593918,-4.0231776,Phrase,0,7.619458
9.848472,-7.61257,Phrase,2,8.754603
12.620714,-5.98301,Phrase,0,10.542844
12.509737,-4.682255,Phrase,1,8.484267
11.666358,-5.7669787,Phrase,0,9.966106
11.738778,-5.4077115,Phrase,0,9.902646
10.641674,-4.6946926,Phrase,1,6.4955635
11.56043,-5.766494,Phrase,2,8.104099
9.894649,6.526571,Phrase,1,6.880942
10.561043,-5.12805,Phrase,1,8.579326
11.742587,-4.1136336,Phrase,1,8.434199
10.239088,-7.216814,Phrase,2,9.161864
11.253454,-6.6680045,Phrase,0,8.259398
11.868189,-6.891325,Phrase,2,7.5120034
11.804365,-3.2007687,Phrase,1,8.07684
14.356917,-5.1845255,Phrase,1,7.896485
12.460012,-7.2604523,Phrase,0,10.08709
11.673547,-5.741082,Phrase,2,7.1665764
11.341531,-4.694101,Phrase,0,6.972272
12.15786,-6.1959844,Phrase,2,7.904825
12.279956,-5.5731797,Phrase,0,10.2813635
11.265289,-4.6415024,Phrase,0,7.5931296
10.542846,-6.21671,Phrase,0,9.492742
10.2496195,-6.1545777,Phrase,1,8.6634655
15.047379,-3.1022866,Phrase,1,8.260136
10.394144,-4.3331394,Phrase,2,9.914856
11.522834,-6.674139,Phrase,0,9.456962
10.821398,-6.0937996,Phrase,0,9.393811
11.411994,-5.611922,Phrase,1,6.5523033
12.10594,-4.9590535,Phrase,2,7.778188
10.689318,-7.0457335,Phrase,2,9.27721
10.770424,-7.199563,Phrase,2,8.33017
11.83379,-5.5089755,Phrase,2,9.103463
11.102718,-5.9659014,Phrase,2,8.224914
11.785049,-5.6508236,Phrase,2,7.8469524
12.385712,-6.558168,Phrase,0,8.643446
11.767366,-7.794943,Phrase,2,7.248694
11.005042,-6.3583436,Phrase,0,10.215373
10.936807,-5.3827095,Phrase,2,8.154625
10.841809,-6.766297,Phrase,2,8.86373
10.336332,-6.3682327,Phrase,2,8.725993
11.817499,-5.8062067,Phrase,0,8.878885
12.351448,-6.9037185,Phrase,2,7.508778
10.09787,-8.675502,Phrase,2,8.778212
11.953576,-4.7754855,Phrase,1,7.5047555
10.07201,-8.312297,Phrase,1,9.270089
12.277823,-4.9707584,Phrase,1,7.0982704
9.409094,-7.595336,Phrase,1,7.0526023
11.861315,-5.499716,Phrase,2,8.277694
11.203972,-4.872879,Phrase,0,8.088785
9.951062,-7.804812,Phrase,2,9.188039
10.551422,-5.170418,Phrase,1,9.427096
11.35904,-5.342422,Phrase,2,9.703341
10.1579895,-8.422513,Phrase,2,8.686089
11.857586,-5.7374787,Phrase,0,9.601888
12.444345,-6.6547933,Phrase,1,6.59117
11.884438,-5.1528077,Phrase,0,8.399384
10.245943,-8.840905,Phrase,2,9.345237
9.7551155,-8.211336,Phrase,2,8.2662
12.2456455,-5.8817654,Phrase,2,8.32605
12.224198,-6.4102764,Phrase,0,8.840462
11.794291,-5.9931216,Phrase,1,6.9766474
11.150189,-6.654985,Phrase,2,9.205703
11.60064,-5.5257363,Phrase,0,7.501402
10.803459,-5.3227324,Phrase,1,8.84221
12.652618,-5.835935,Phrase,0,8.2589855
11.382094,-7.3703065,Phrase,2,7.5024157
11.653921,-7.2119226,Phrase,2,7.175773
10.467067,-6.314786,Phrase,1,7.125625
10.553565,-4.713655,Phrase,1,7.0637145
9.993505,-8.71918,Phrase,2,8.517358
11.4567995,-4.9104276,Phrase,1,7.449498
10.034745,-9.081299,Phrase,2,8.596804
-4.6835985,1.679835,Phrase,1,11.920082
12.031396,-6.413702,Phrase,0,9.506275
12.083575,-6.768614,Phrase,0,7.738534
12.298165,-5.9228487,Phrase,0,10.105595
12.365624,-5.692473,Phrase,2,8.096495
12.718541,-5.514015,Phrase,0,9.255204
11.824468,-5.3909574,Phrase,2,8.272835
13.6319065,-4.0087733,Phrase,1,7.582115
9.771125,-8.123999,Phrase,2,8.353297
12.475147,-6.702423,Phrase,2,6.584932
9.667976,-8.220895,Phrase,1,8.551049
11.598027,-6.2644897,Phrase,2,7.8790627
10.822044,-6.94595,Phrase,2,8.984814
10.601051,-4.5011067,Phrase,1,9.1691065
11.8405285,-5.7745957,Phrase,0,7.838411
10.071264,-8.877113,Phrase,2,9.0033655
10.504583,-7.1307797,Phrase,2,9.04879
9.813215,-8.727463,Phrase,2,9.006109
9.954835,-8.460102,Phrase,2,8.881863
10.800282,-7.7121243,Phrase,2,7.360484
12.026635,-5.3029156,Phrase,0,8.747936
11.852979,-5.9927697,Phrase,2,7.1208115
11.181036,-3.9334333,Phrase,1,7.012997
10.57059,-5.2777147,Phrase,1,8.322965
10.200402,-8.442338,Phrase,2,8.979186
12.285731,-5.268863,Phrase,1,8.2156515
10.652822,-6.711115,Phrase,2,8.984277
13.755417,-3.6329048,Phrase,0,8.160832
10.327627,-4.6417036,Phrase,1,6.1512623
10.946001,-5.6209545,Phrase,2,8.283012
11.725826,-5.659447,Phrase,2,8.172392
11.06362,-5.1806803,Phrase,0,8.342474
10.886704,-5.3030605,Phrase,0,8.9028
10.300997,-7.2754183,Phrase,2,8.640255
12.273729,-5.6409445,Phrase,0,9.211134
11.805125,-4.7279115,Phrase,1,8.326802
12.422787,-2.3135574,Phrase,0,7.2524304
12.730622,-5.791629,Phrase,0,10.6870775
11.327841,-5.8039536,Phrase,0,8.377382
11.245475,-6.607198,Phrase,2,8.186995
11.215956,-5.814157,Phrase,2,8.592186
9.920369,-4.910188,Phrase,1,7.954588
10.240038,-8.403278,Phrase,2,8.838807
12.351179,-6.2126603,Phrase,0,10.276828
10.29143,-7.405023,Phrase,0,9.535976
9.884802,-9.02981,Phrase,2,8.756267
9.735636,-7.6675134,Phrase,2,8.791976
10.478898,-8.263904,Phrase,2,9.4136095
12.390388,-5.358928,Phrase,0,9.712908
12.40071,-5.2591224,Phrase,1,8.339306
11.696628,-7.1103578,Phrase,2,7.4318748
11.2229595,-6.391159,Phrase,2,7.199944
12.057314,-4.736338,Phrase,1,7.826533
12.017147,-5.3949323,Phrase,0,10.516986
10.873339,-5.684354,Phrase,0,9.902001
10.872539,-4.171824,Phrase,1,7.2081375
11.02563,-6.394234,Phrase,2,7.276516
11.032963,-3.4450326,Phrase,1,7.005061
11.528433,-3.618414,Phrase,1,8.2203245
11.027062,-6.215947,Phrase,2,8.058832
12.408025,-6.8480425,Phrase,2,6.911598
10.68687,-5.3491654,Phrase,0,9.899119
12.723621,-6.151093,Phrase,0,7.5396986
11.557077,-4.984509,Phrase,1,7.534846
11.675191,-6.534685,Phrase,2,7.429008
10.129838,-8.267281,Phrase,2,8.22771
11.231631,-6.6330156,Phrase,2,7.314386
10.913389,-6.224045,Phrase,1,9.357438
11.851716,-5.917671,Phrase,1,7.0210247
12.764572,-6.0684557,Phrase,0,10.286002
10.807111,-8.134433,Phrase,2,9.336956
11.206604,-5.9877667,Phrase,0,9.803102
9.992533,-8.5900345,Phrase,2,8.1966
-4.717701,1.7080548,Phrase,1,11.960452
13.078091,-5.892101,Phrase,0,9.373195
10.5422945,-4.6317883,Phrase,2,9.933903
10.047363,-6.670569,Phrase,1,7.9355173
12.675149,-5.573351,Phrase,0,9.677934
12.371599,-6.6380568,Phrase,2,7.8496623
11.031569,-8.760247,Phrase,2,8.508549
12.538573,-6.1922703,Phrase,2,6.922991
11.537308,-5.842093,Phrase,2,7.440862
11.999864,-7.094063,Phrase,0,10.041112
10.534086,-6.896101,Phrase,2,8.7902355
9.731639,-4.2710037,Phrase,1,8.10085
12.74445,-6.222229,Phrase,0,8.286742
14.55585,-3.7355819,Phrase,0,8.588514
12.093836,-4.887526,Phrase,1,7.742757
11.235482,-7.6745844,Phrase,2,9.216535
11.452041,-7.0353136,Phrase,2,6.793819
11.276262,-4.6558285,Phrase,1,7.2443204
11.559853,-6.4729733,Phrase,2,7.4070845
10.329417,-8.348244,Phrase,2,9.113965
11.634107,-6.2951846,Phrase,2,7.2822943
12.159011,-5.5415382,Phrase,0,8.797013
11.472584,-4.301741,Phrase,1,10.92691
11.072796,-6.574372,Phrase,0,7.9762454
11.139691,-4.4918203,Phrase,1,11.193211
10.561118,-7.031425,Phrase,2,9.013714
10.771374,-8.662169,Phrase,2,8.264486
12.836654,-5.5902305,Phrase,0,9.247539
10.676182,-4.6518474,Phrase,1,7.0259748
10.117134,-8.971451,Phrase,2,8.6973095
11.350626,-4.7106333,Phrase,1,7.153682
11.689909,-6.053817,Phrase,0,8.5088
12.692512,-5.4751954,Phrase,0,8.032684
10.156836,-6.325973,Phrase,0,8.662052
10.899485,-5.3241053,Phrase,0,8.250147
10.497803,-6.948657,Phrase,2,8.956935
13.06455,-4.642924,Phrase,2,7.489339
11.799628,-6.440055,Phrase,2,7.25401
12.317426,-5.8861747,Phrase,0,8.662447
10.281895,-8.850387,Phrase,2,8.926782
12.124906,-6.435397,Phrase,2,6.7512097
11.4174185,-4.213481,Phrase,0,10.64274
10.550318,-6.1123633,Phrase,0,9.220589
10.441125,-6.168033,Phrase,0,9.118893
9.84443,-8.175481,Phrase,1,8.601655
10.82553,-5.350376,Phrase,1,8.784589
11.132974,-6.3241067,Phrase,1,7.2440224
11.258291,-6.5367923,Phrase,2,7.269494
10.769122,-6.277228,Phrase,2,7.665818
11.864899,-5.3929234,Phrase,1,6.8340206
11.469937,-5.709713,Phrase,2,8.181952
10.16614,-6.745069,Phrase,1,8.482833
10.834572,-8.630864,Phrase,2,9.245329
10.578992,-7.654156,Phrase,2,7.3627653
11.892214,-6.2180305,Phrase,0,8.5424795
12.237408,-4.1854405,Phrase,0,8.567312
11.367501,-3.8726747,Phrase,1,7.4250603
9.926605,-7.0516143,Phrase,2,7.905617
10.826088,-5.247192,Phrase,1,8.857013
10.209306,-9.094597,Phrase,2,8.870426
12.013255,-4.47141,Phrase,0,7.787935
10.806837,-5.3054256,Phrase,2,8.795529
10.298377,-8.944116,Phrase,2,8.733509
10.453412,-7.3453956,Phrase,1,7.3225164
10.174022,-6.748189,Phrase,2,8.252929
12.531034,-5.875199,Phrase,0,9.757639
10.780066,-4.9507422,Phrase,1,6.720107
11.911498,-6.5572057,Phrase,1,6.6528773
11.1367855,-3.9312415,Phrase,1,7.5003867
12.704341,-5.7585397,Phrase,1,7.117212
11.41012,-4.668626,Phrase,1,7.828418
10.382832,-8.018197,Phrase,2,9.03168
12.326947,-5.1597786,Phrase,0,7.8612947
10.077569,-9.031563,Phrase,2,8.4228325
10.634301,-6.562991,Phrase,2,8.775881
11.86316,-5.6304393,Phrase,2,7.6012897
9.915382,-6.434163,Phrase,0,9.948577
10.291038,-4.765423,Phrase,1,8.151367
11.712617,-5.0947433,Phrase,0,10.149514
12.459521,-5.2017517,Phrase,0,10.324597
10.923778,-5.625623,Phrase,1,8.665993
11.982795,-5.594796,Phrase,2,7.3947945
11.049294,-6.5465713,Phrase,2,8.766548
11.316404,-4.249018,Phrase,0,10.80502
10.086039,-7.5129232,Phrase,2,8.988073
9.496,-7.5933743,Phrase,0,7.1217747
10.827004,-5.780569,Phrase,1,7.1322646
9.957136,-8.519842,Phrase,2,8.608216
-4.6750116,1.6709756,Phrase,1,11.91146
12.236539,-3.9852343,Phrase,0,8.170051
11.306063,-6.0470276,Phrase,2,7.6985345
11.406785,-5.9884844,Phrase,2,7.7788796
10.408744,-7.231058,Phrase,2,9.489172
11.845556,-5.711257,Phrase,2,8.16598
10.071643,-9.032171,Phrase,1,8.24911
9.4211445,-7.5406747,Phrase,1,7.028382
10.024572,-8.682167,Phrase,2,9.286313
9.813393,-6.2896457,Phrase,0,9.73035
10.177972,-4.7531734,Phrase,1,8.070511
11.02009,-6.219547,Phrase,2,7.499709
9.927046,-8.487076,Phrase,2,8.900153
9.992436,-7.8458104,Phrase,2,7.9276443
12.1057,-6.0456405,Phrase,2,7.9063563
10.100842,-8.789409,Phrase,2,8.423003
10.740633,-3.026118,Phrase,1,3.28924
9.67902,-7.0712333,Phrase,1,6.9117646
10.016635,-8.9625435,Phrase,1,8.161633
11.827523,-6.1711087,Phrase,0,9.380061
13.6167,-4.339095,Phrase,0,7.978214
12.046331,-5.72335,Phrase,2,7.353936
11.564373,-5.4329667,Phrase,0,8.872011
12.464051,-6.3913517,Phrase,0,9.125533
12.17377,-5.6550446,Phrase,0,8.772393
12.006853,-6.5340695,Phrase,2,8.246236
10.554307,-4.593867,Phrase,1,7.075833
11.045643,-4.474492,Phrase,1,6.509766
10.407252,-7.0854287,Phrase,2,8.726202
11.842685,-4.6143203,Phrase,1,7.089366
10.828902,-6.8362613,Phrase,2,8.888426
10.774598,-3.9248655,Phrase,0,10.020914
12.8782015,-5.180425,Phrase,0,9.859876
13.001342,-6.1351185,Phrase,0,9.5253935
11.930509,-6.642948,Phrase,2,6.663424
9.978496,-7.957398,Phrase,2,8.56759
11.126586,-4.2888513,Phrase,2,8.298399
11.139379,-6.120187,Phrase,2,9.754379
11.960164,-5.9906735,Phrase,1,7.0629787
9.447803,-7.619081,Phrase,1,7.074063
13.853732,-4.03529,Phrase,0,8.522965
12.216681,-5.0454264,Phrase,1,7.8094163
10.702404,-6.149153,Phrase,1,8.360535
10.519804,-8.810302,Phrase,2,8.258598
12.10182,-5.7516513,Phrase,0,10.359988
11.391728,-5.767855,Phrase,2,7.8988147
11.500625,-4.56958,Phrase,0,8.952192
10.663585,-5.3779445,Phrase,2,9.815041
11.219337,-4.0712185,Phrase,1,7.440017
11.72696,-5.838073,Phrase,2,7.554262
12.202996,-6.8329163,Phrase,2,7.4330087
9.80979,-7.905388,Phrase,2,8.889244
12.322149,-5.9685655,Phrase,2,8.198418
11.437917,-5.2927227,Phrase,0,8.079234
11.028279,-4.493734,Phrase,0,8.584939
14.004216,-3.325319,Phrase,1,8.143821
10.475842,-8.875562,Phrase,2,8.182861
10.929167,-4.010619,Phrase,1,9.540652
10.522348,-6.7260165,Phrase,0,9.205462
13.567956,-3.3240561,Phrase,0,8.59338
10.512143,-7.0712523,Phrase,1,8.432823
11.686399,-6.7768645,Phrase,0,9.82786
9.667903,-8.587691,Phrase,1,8.605982
11.61577,-4.792413,Phrase,2,8.72202
11.579926,-5.214533,Phrase,2,7.9652567
10.612137,-8.010001,Phrase,2,9.128128
9.921585,-8.595493,Phrase,2,8.960454
10.708487,-6.20493,Phrase,0,9.520292
10.016485,-8.793547,Phrase,2,8.770982
8.047469,-4.11601,Phrase,2,7.3872447
13.087802,-4.6645403,Phrase,0,8.072427
10.9054365,-6.4754076,Phrase,2,9.695934
10.823088,-7.8262453,Phrase,1,7.8032694
10.003406,-8.468645,Phrase,2,8.242338
9.596158,-7.6341686,Phrase,2,7.229752
12.087451,-4.778984,Phrase,0,8.854422
11.601138,-5.9196033,Phrase,0,10.018661
11.189423,-4.662461,Phrase,0,7.8406167
12.502817,-5.124712,Phrase,0,8.213331
11.048219,-7.283288,Phrase,2,8.879959
10.936326,-4.902504,Phrase,1,7.4518404
11.514641,-5.9294004,Phrase,0,9.932985
10.695621,-7.6262307,Phrase,2,7.3518004
12.1760025,-5.2348623,Phrase,1,7.327653
10.988165,-5.8686275,Phrase,0,8.753962
10.398002,-7.967473,Phrase,2,8.763821
12.423804,-2.3133562,Phrase,0,7.2535777
10.18395,-8.863181,Phrase,2,8.7289505
11.297394,-6.062469,Phrase,1,7.1544065
11.572657,-6.044217,Phrase,2,7.383041
12.4015665,-5.812938,Phrase,0,8.032872
12.286986,-5.70656,Phrase,0,7.8912573
9.747821,-8.276951,Phrase,2,8.380712
13.044412,-5.677664,Phrase,0,9.482997
11.23396,-4.295754,Phrase,0,8.399392
12.117768,-4.330603,Phrase,0,7.257429
10.902348,-6.920647,Phrase,2,8.133407
10.717077,-4.258149,Phrase,1,7.656951
12.323011,-4.357035,Phrase,0,9.226657
10.599859,-5.4753494,Phrase,1,7.6993427
11.9962635,-5.972898,Phrase,0,7.763063
10.85739,-5.5513444,Phrase,2,7.6411057
10.070259,-8.893582,Phrase,2,8.912995
11.780589,-5.6194186,Phrase,0,9.052992
11.14747,-5.734203,Phrase,2,6.8232265
11.1325445,-6.208514,Phrase,2,7.905462
9.933767,-6.298938,Phrase,0,9.5633135
11.145568,-6.4793677,Phrase,0,8.08685
12.3973465,-5.4085355,Phrase,0,8.086476
10.364703,-6.9112635,Phrase,2,8.433786
10.938791,-5.0165224,Phrase,1,7.521218
9.506064,-7.655111,Phrase,2,7.1965365
9.979643,-8.249268,Phrase,2,8.592192
11.694755,-6.5544715,Phrase,2,7.6932235
9.398275,-7.5927663,Phrase,1,7.061074
9.798319,-9.04994,Phrase,2,8.1840105
11.9065485,-5.497408,Phrase,1,7.7317452
10.073971,-8.906682,Phrase,2,8.889561
11.925665,-5.70486,Phrase,0,8.229091
-4.69584,1.6691513,Phrase,1,11.932523
11.889912,-4.5173125,Phrase,0,9.007698
11.677627,-6.2106295,Phrase,2,7.9838142
11.196138,-5.5540695,Phrase,1,8.452619
11.856185,-6.687482,Phrase,2,8.141341
9.915522,-8.514363,Phrase,2,8.085392
13.3757305,-4.567916,Phrase,0,8.533647
10.352864,-6.605592,Phrase,0,8.784878
10.636142,-6.2859006,Phrase,0,9.546909
12.258731,-6.511001,Phrase,2,8.384038
11.295515,-3.868723,Phrase,1,10.697596
11.452014,-3.6814673,Phrase,1,9.228081
10.825937,-7.044347,Phrase,2,8.565143
12.227728,-3.9809084,Phrase,0,8.330299
12.810684,-5.2014174,Phrase,0,8.613499
9.651181,-8.037017,Phrase,1,8.573147
11.253976,-6.1427226,Phrase,0,8.227046
10.621323,-7.254981,Phrase,0,9.615871
13.011801,-4.6524396,Phrase,0,7.552202
13.58139,-4.3853955,Phrase,0,7.968135
-4.6927023,1.669574,Phrase,1,11.92915
12.715905,-6.013286,Phrase,0,9.710407
10.432947,-7.3229337,Phrase,2,8.651291
11.210227,-6.6341553,Phrase,2,8.438652
13.048979,-5.831692,Phrase,0,9.371615
12.01439,-4.90583,Phrase,1,7.723197
7.8773327,-3.9773667,Phrase,1,7.2574816
10.247351,-6.1322265,Phrase,0,7.0852613
11.974142,-6.3612657,Phrase,1,6.769559
11.132414,-4.933834,Phrase,1,8.150185
10.566916,-8.821466,Phrase,2,8.549387
11.573713,-7.407501,Phrase,0,7.179319
11.715109,-5.4230547,Phrase,2,8.112026
11.217731,-4.13544,Phrase,1,7.0621796
11.322026,-7.3838844,Phrase,2,7.774632
11.728711,-7.525196,Phrase,2,7.5167174
10.862389,-7.3716826,Phrase,0,7.77836
10.115988,-6.8270082,Phrase,2,8.852815
12.591529,-5.781172,Phrase,2,9.01956
11.558321,-5.8760147,Phrase,2,8.009867
10.256797,-5.9426956,Phrase,1,8.036463
12.11745,-4.207799,Phrase,1,8.146
12.033482,-5.1350026,Phrase,0,10.661493
11.802157,-4.518427,Phrase,1,11.268169
10.548442,-8.9492655,Phrase,2,8.745131
10.124784,-7.930196,Phrase,2,8.570254
10.353578,-7.258312,Phrase,2,8.715609
12.740894,-6.1254587,Phrase,0,7.146523
11.165863,-7.3038573,Phrase,0,8.856724
11.62742,-4.339518,Phrase,0,10.496106
10.515771,-7.096473,Phrase,2,8.006151
9.639869,-8.117961,Phrase,2,8.3127165
12.226988,-4.8063536,Phrase,0,9.750189
9.954228,-8.454893,Phrase,2,8.9992485
10.75517,-4.2350574,Phrase,1,9.862556
13.93613,-3.7634509,Phrase,0,7.722296
11.803615,-4.5291057,Phrase,0,8.922576
13.426428,-4.6273437,Phrase,0,8.507736
11.038244,-6.5232854,Phrase,0,8.684139
10.410597,-6.5877666,Phrase,2,8.634014
11.776747,-6.7143793,Phrase,0,7.823744
12.311714,-5.6886735,Phrase,0,8.942826
9.921206,-7.419032,Phrase,1,8.8125515
12.225755,-5.652043,Phrase,0,9.220691
12.175266,-5.4061966,Phrase,0,8.4710455
11.631159,-6.704771,Phrase,2,7.5302124
11.250594,-5.794498,Phrase,1,8.289795
11.381641,-5.578028,Phrase,0,9.431327
10.711588,-6.159319,Phrase,2,7.070881
14.734706,-3.3845124,Phrase,1,8.085147
9.84457,-6.9542484,Phrase,2,8.873146
11.088359,-6.162492,Phrase,2,7.719953
11.689747,-5.9357905,Phrase,0,8.637874
10.398344,-8.572797,Phrase,2,8.170166
11.659222,-6.1045694,Phrase,2,7.5525994
9.858534,-8.862073,Phrase,1,8.231801
12.522938,-5.6490264,Phrase,2,8.170694
12.106976,-5.1720214,Phrase,0,9.816774
11.625295,-1.8573546,Phrase,1,5.9568334
10.730123,-6.531031,Phrase,0,7.2378263
11.2812805,-5.427154,Phrase,0,8.915203
11.063913,-8.12555,Phrase,2,7.6420636
10.680661,-8.841102,Phrase,2,8.198505
9.854202,-6.3988204,Phrase,0,9.870186
10.873951,-6.1782894,Phrase,2,7.551112
12.263598,-5.300861,Phrase,0,10.478862
13.086871,-6.165883,Phrase,0,9.774219
10.54208,-8.858425,Phrase,2,8.237004
12.0446615,-4.706235,Phrase,1,7.78936
10.233672,-6.9964557,Phrase,1,8.745316
12.858647,-5.9333844,Phrase,0,9.338982
10.943762,-5.9048915,Phrase,0,9.4798765
11.500423,-4.0801253,Phrase,1,7.5453305
10.854915,-5.13555,Phrase,1,6.692953
10.8949175,-7.532856,Phrase,2,8.351274
11.483212,-5.087226,Phrase,2,7.485558
13.650973,-3.9911263,Phrase,0,7.581562
9.906943,-8.410593,Phrase,2,8.301218
10.965968,-6.2029824,Phrase,2,7.200889
12.228779,-5.22526,Phrase,0,9.160189
11.679694,-4.7486916,Phrase,1,8.620952
10.854851,-5.1212416,Phrase,0,7.4958754
9.77375,-8.367968,Phrase,2,9.145425
11.158785,-6.487222,Phrase,2,7.0748568
10.367233,-4.955716,Phrase,1,9.591936
12.784593,-5.899019,Phrase,0,8.643663
9.855756,-4.8733945,Phrase,1,8.037503
10.28316,-6.615657,Phrase,2,8.725178
-4.658346,1.7184744,Phrase,0,11.884322
11.605263,-5.996194,Phrase,1,8.188476
11.411831,-4.2810755,Phrase,1,8.322384
10.903415,-5.644456,Phrase,2,8.480715
10.432776,-5.6822696,Phrase,1,7.77328
12.466546,-6.7406588,Phrase,2,6.6877646
11.984933,-6.4034266,Phrase,1,6.7626505
12.412208,-4.0410466,Phrase,1,8.142013
11.926284,-5.127165,Phrase,1,6.5379076
11.73065,-5.2723365,Phrase,2,8.95062
11.03197,-3.3897471,Phrase,1,7.00917
10.442568,-6.3553734,Phrase,0,7.495073
11.174518,-6.2503448,Phrase,2,7.1550913
10.704292,-5.2690306,Phrase,0,8.138933
11.993926,-6.7884817,Phrase,2,7.117413
10.582634,-6.6359506,Phrase,2,9.539742
11.776923,-5.4546957,Phrase,1,7.089005
10.681138,-4.4802976,Phrase,1,7.791104
12.847501,-5.827018,Phrase,0,9.860552
12.192163,-5.380142,Phrase,0,9.522193
10.80117,-4.7852693,Phrase,1,7.6172853
12.27725,-5.8330846,Phrase,2,8.775775
9.977266,-8.977142,Phrase,2,8.463168
10.179868,-4.810753,Phrase,1,8.174276
11.887107,-5.7462173,Phrase,2,7.5481963
11.78614,-6.1295943,Phrase,0,10.117715
13.677294,-4.4682302,Phrase,2,8.063487
13.260801,-5.824087,Phrase,0,9.238806
12.248626,-6.404962,Phrase,0,8.2453985
11.879641,-4.7412987,Phrase,0,8.840401
12.338653,-6.006807,Phrase,2,9.007415
11.661842,-5.3602734,Phrase,2,8.315611
11.676634,-6.187628,Phrase,2,7.8972707
11.538785,-5.1854854,Phrase,1,8.622137
9.884667,-7.426146,Phrase,2,8.745409
9.701765,-8.106365,Phrase,2,8.350903
11.170407,-4.6140656,Phrase,0,8.564255
12.3296585,-4.434644,Phrase,0,7.79633
11.456385,-8.940055,Phrase,2,7.4619236
11.22585,-6.6851654,Phrase,2,8.895011
11.4931345,-6.468691,Phrase,1,10.389938
10.808949,-4.439861,Phrase,1,9.125508
10.877387,-6.1541677,Phrase,2,9.173479
11.072091,-5.604472,Phrase,1,10.408712
11.485055,-5.241609,Phrase,2,7.5459223
12.949678,-6.033926,Phrase,0,9.312945
10.454976,-8.945631,Phrase,2,8.578882
11.043933,-3.4653783,Phrase,1,6.9795
12.50494,-4.498983,Phrase,0,7.6582084
11.803277,-6.23887,Phrase,2,8.3685875
12.30032,-5.689193,Phrase,2,8.306358
9.480352,-7.696817,Phrase,0,7.139387
12.505829,-5.7471,Phrase,0,10.65717
9.585396,-7.744675,Phrase,2,7.2121634
10.072968,-8.944653,Phrase,2,8.402786
-4.6427107,1.7192694,Phrase,1,11.879079
12.552058,-5.454983,Phrase,2,8.638112
8.348476,-4.6311636,Phrase,1,4.85515
11.608068,-4.541597,Phrase,0,8.106822
11.561868,-6.016876,Phrase,2,7.3485565
10.156999,-8.9173,Phrase,2,8.27631
11.446391,-5.077298,Phrase,0,8.92835
10.2727165,-7.032688,Phrase,2,8.70402
11.212335,-5.287659,Phrase,1,8.657658
11.603092,-6.8034573,Phrase,2,7.4753776
10.752332,-6.9550004,Phrase,0,8.923452
12.116515,-6.3340116,Phrase,0,9.712186
10.731336,-6.1937437,Phrase,2,8.133091
11.383678,-7.1092734,Phrase,2,8.568835
11.007592,-6.003122,Phrase,2,7.5438895
11.560066,-5.300997,Phrase,0,10.120052
11.768889,-6.639234,Phrase,2,7.566726
11.699327,-6.2097907,Phrase,0,9.619597
11.814109,-5.4521947,Phrase,0,8.866875
10.279343,-8.253709,Phrase,2,8.723595
11.082351,-5.547289,Phrase,1,6.6370163
10.316175,-8.835461,Phrase,2,9.116843
11.336728,-4.6500697,Phrase,1,7.1741037
14.032568,-4.1148148,Phrase,0,8.31065
9.498694,-8.378935,Phrase,2,8.59603
11.586444,-6.795543,Phrase,0,10.169629
11.12192,-5.1385674,Phrase,1,9.662638
11.839063,-4.4473243,Phrase,1,7.0226083
9.560326,-8.343066,Phrase,2,8.650189
12.430785,-5.590329,Phrase,0,7.4973154
11.001869,-6.6754503,Phrase,2,8.422647
12.715128,-6.0717587,Phrase,1,6.9184957
11.718223,-6.9184537,Phrase,2,7.5613546
10.595954,-6.1764126,Phrase,2,8.226294
12.125001,-5.628184,Phrase,0,8.823511
9.770336,-8.708806,Phrase,2,8.814765
11.11787,-6.939107,Phrase,0,9.585812
10.228013,-6.860896,Phrase,1,8.813552
10.751771,-6.1453166,Phrase,2,7.8803663
13.901147,-4.1011324,Phrase,0,8.24969
10.447998,-7.066738,Phrase,2,8.72974
10.755931,-7.701305,Phrase,2,8.243551
9.994673,-6.6123548,Phrase,0,8.067057
12.101391,-5.0899906,Phrase,0,8.088982
10.316823,-8.900284,Phrase,2,8.507277
10.310431,-5.234106,Phrase,2,8.192881
10.473755,-7.0823336,Phrase,2,8.101617
12.307259,-5.5417905,Phrase,0,8.432475
12.457973,-6.3203115,Phrase,0,7.6118665
11.288569,-6.0029807,Phrase,2,8.323839
12.343615,-6.4858136,Phrase,2,7.0858645
10.742492,-5.3539767,Phrase,1,6.7303915
11.293222,-6.1165347,Phrase,1,6.977912
11.748767,-5.4595623,Phrase,2,8.31666
12.066878,-5.9166126,Phrase,0,10.378079
12.257771,-6.411603,Phrase,2,7.6624355
10.165198,-5.99542,Phrase,1,8.902514
10.660323,-3.9073398,Phrase,1,10.003506
11.245187,-6.27158,Phrase,2,6.708005
11.306135,-5.3671556,Phrase,0,6.8629346
10.696242,-4.897453,Phrase,0,6.4258137
12.510652,-5.3235455,Phrase,0,9.685183
11.106037,-4.264422,Phrase,2,8.432111
10.915703,-7.81829,Phrase,2,8.045131
12.719733,-5.848742,Phrase,2,8.480854
12.960346,-5.198861,Phrase,0,8.163492
10.974728,-6.2503676,Phrase,2,7.9914346
10.881431,-8.486473,Phrase,0,9.192235
10.519882,-6.6124835,Phrase,2,9.209329
11.275131,-5.539433,Phrase,2,7.9906096
10.771208,-5.289356,Phrase,1,6.659576
11.207721,-6.705964,Phrase,2,7.6127224
10.731658,-7.7234664,Phrase,2,7.2350173
12.52254,-5.98972,Phrase,2,6.876268
11.686027,-5.857587,Phrase,0,9.368421
9.62005,-8.407819,Phrase,1,8.604928
10.340552,-7.1311636,Phrase,1,9.126736
11.663802,-6.5495386,Phrase,2,7.34779
9.851069,-8.800617,Phrase,2,8.393902
12.404193,-5.8821416,Phrase,0,8.8623
9.520056,-8.16151,Phrase,2,8.32742
6.8259997,-1.3434689,Phrase,1,10.044753
11.625261,-6.9758415,Phrase,0,9.514517
12.560223,-4.9937587,Phrase,1,8.224421
11.398416,-5.33965,Phrase,0,9.67463
10.389567,-6.0809307,Phrase,1,7.0448265
11.31237,-6.0475945,Phrase,1,7.3566785
9.957924,-7.0915675,Phrase,0,8.853876
10.655339,-5.055275,Phrase,0,9.659112
12.359252,-4.901965,Phrase,1,7.86745
10.729991,-6.2822547,Phrase,0,8.6163845
11.056951,-4.300484,Phrase,2,8.365019
10.060364,-6.918887,Phrase,0,8.523076
12.287474,-5.2482195,Phrase,0,9.089414
11.707967,-6.4286222,Phrase,2,7.8285365
11.98032,-5.8803678,Phrase,2,7.7354307
12.530569,-4.902406,Phrase,0,8.05678
13.166514,-5.8572245,Phrase,0,10.527643
10.270558,-6.4845095,Phrase,2,8.983881
10.504006,-4.5225134,Phrase,1,7.0164537
11.117019,-5.5174274,Phrase,0,6.8347225
9.983267,-7.6351523,Phrase,2,8.938611
11.336049,-5.3523536,Phrase,2,9.732936
11.872215,-6.394796,Phrase,0,8.331897
10.296084,-6.1689944,Phrase,0,7.0927
12.024212,-4.1847825,Phrase,1,7.92942
10.209193,-8.613093,Phrase,2,9.328997
9.869075,-9.057357,Phrase,2,8.522531
12.424081,-2.311833,Phrase,0,7.2517138
10.584625,-7.4001565,Phrase,2,7.6969285
10.851426,-5.1638246,Phrase,1,8.446548
12.272116,-4.065066,Phrase,0,8.346171
12.101775,-5.218547,Phrase,0,7.9698596
9.927031,-7.9777575,Phrase,2,8.753486
12.4291315,-5.7567544,Phrase,0,8.515907
11.169977,-5.496239,Phrase,0,9.495616
10.708959,-4.3123293,Phrase,1,9.816238
10.252504,-8.816405,Phrase,2,9.515376
11.830698,-5.916726,Phrase,0,9.334826
11.125109,-4.667911,Phrase,0,10.645864
12.759326,-5.037108,Phrase,0,8.938928
11.7297325,-6.548689,Phrase,0,8.240562
11.051452,-5.398353,Phrase,1,6.654308
10.427155,-8.749339,Phrase,2,9.29323
10.457263,-8.857766,Phrase,2,8.404707
9.799467,-6.3683515,Phrase,1,9.825133
11.511473,-4.3140965,Phrase,0,8.358935
10.335968,-8.772264,Phrase,2,8.701073
11.124398,-6.0550294,Phrase,2,7.32585
11.760739,-4.9119186,Phrase,2,8.626912
11.052433,-4.165556,Phrase,1,8.201377
11.391663,-4.721925,Phrase,0,8.072016
13.808604,-4.3497047,Phrase,0,7.987433
10.525304,-5.7560253,Phrase,0,8.682166
11.014439,-4.569911,Phrase,1,8.950286
12.329997,-5.6966643,Phrase,0,10.590128
11.307314,-6.0297236,Phrase,1,7.3252473
14.022608,-3.841481,Phrase,1,7.56695
12.624714,-6.0945435,Phrase,1,6.980722
11.197146,-5.6433372,Phrase,2,8.6112995
11.422174,-5.9099483,Phrase,2,7.555252
10.774105,-5.657811,Phrase,1,8.449843
13.418114,-4.461569,Phrase,0,8.242184
11.342342,-6.702611,Phrase,0,10.005772
11.862333,-5.709852,Phrase,0,9.503567
12.1642065,-6.433341,Phrase,2,7.6477213
11.552099,-5.728616,Phrase,2,8.360124
11.749501,-5.5539045,Phrase,0,9.075016
10.709847,-4.184893,Phrase,1,9.886734
10.507128,-8.380328,Phrase,2,9.261794
11.895412,-4.5336018,Phrase,0,9.039926
10.598863,-4.7310896,Phrase,1,6.4392037
10.340083,-8.957562,Phrase,2,8.19505
12.546702,-6.5765452,Phrase,0,6.716932
11.732488,-6.327621,Phrase,2,6.8534184
12.138922,-5.3070045,Phrase,0,9.964406
10.663323,-6.610717,Phrase,2,8.8868475
10.130567,-8.417371,Phrase,2,9.4995365
11.846093,-5.8364787,Phrase,2,8.678824
11.957295,-6.569986,Phrase,2,6.6628695
11.902074,-5.434504,Phrase,2,7.6317596
10.138724,-4.84652,Phrase,1,8.161554
12.160459,-4.9179893,Phrase,0,9.746887
11.555209,-6.536542,Phrase,1,6.838407
13.647558,-4.159425,Phrase,0,8.12568
12.958853,-4.631679,Phrase,1,7.350504
9.763835,-7.6323733,Phrase,2,7.455408
11.279732,-6.2961097,Phrase,2,7.216697
10.912937,-4.3132963,Phrase,1,10.083409
12.839434,-5.8764462,Phrase,2,9.309661
11.957541,-5.6586103,Phrase,0,9.58225
11.770909,-6.1772823,Phrase,0,9.654657
14.345264,-5.2250032,Phrase,2,7.898521
10.149323,-8.743066,Phrase,2,8.484436
11.9106455,-4.9778843,Phrase,1,9.850664
11.09335,-4.61036,Phrase,0,8.550819
11.896836,-4.9622183,Phrase,2,8.740796
12.42249,-5.2914643,Phrase,0,10.047598
11.650621,-5.9388804,Phrase,2,7.172076
11.0270405,-6.0242414,Phrase,0,9.73841
11.339498,-8.183725,Phrase,2,10.113368
12.38739,-5.63594,Phrase,2,7.304918
12.667993,-5.8237586,Phrase,0,8.462591
12.980546,-5.935997,Phrase,1,7.997981
11.0764065,-6.9267225,Phrase,2,7.2360787
10.481383,-6.23213,Phrase,0,9.420604
11.729341,-6.003473,Phrase,2,7.8065114
11.972928,-6.289928,Phrase,2,7.425121
11.16922,-6.1016107,Phrase,2,7.734286
9.591083,-8.329313,Phrase,2,8.649763
12.278186,-5.8832636,Phrase,2,8.239042
10.731535,-6.1233816,Phrase,1,7.0390553
11.106832,-6.004831,Phrase,2,7.8200574
9.698715,-4.2741237,Phrase,1,8.093679
12.540574,-4.072048,Phrase,0,8.226115
12.52079,-5.8674245,Phrase,0,10.054869
9.917033,-8.936013,Phrase,2,8.704206
12.431889,-6.2987957,Phrase,0,10.666573
12.564609,-6.26598,Phrase,2,7.0722117
10.421995,-4.903023,Phrase,1,9.60014
10.976936,-7.570958,Phrase,2,8.868486
12.819949,-4.8650002,Phrase,0,8.987296
13.025847,-5.278703,Phrase,0,8.891572
11.223502,-5.6480045,Phrase,2,7.7183547
12.666382,-5.885205,Phrase,2,8.512046
10.877565,-6.187852,Phrase,2,9.871939
11.613927,-6.6982865,Phrase,0,7.5761476
12.680509,-5.7744794,Phrase,0,9.487911
11.233403,-6.099799,Phrase,0,6.5383277
12.118842,-6.311977,Phrase,2,7.241546
10.400039,-7.0445786,Phrase,2,7.499788
10.983785,-7.574618,Phrase,2,7.19778
9.49359,-8.342896,Phrase,2,8.656726
10.643866,-7.0726256,Phrase,2,8.852022
10.7315645,-8.941127,Phrase,2,9.194292
11.277377,-6.2071137,Phrase,2,6.6221495
10.46651,-4.681593,Phrase,1,7.0747385
9.488567,-8.322987,Phrase,1,8.573593
11.886987,-6.183756,Phrase,2,7.273841
10.490247,-4.6275477,Phrase,1,7.201141
11.332473,-4.910112,Phrase,0,9.07013
12.739029,-5.3365016,Phrase,0,7.9217887
11.784969,-6.155718,Phrase,2,7.2918687
11.424872,-5.51335,Phrase,0,8.482275
11.213466,-6.143173,Phrase,0,10.087641
11.684451,-5.4287024,Phrase,0,7.2651114
11.057381,-5.321164,Phrase,2,7.596227
11.626423,-6.4507833,Phrase,0,9.293696
11.87679,-4.553319,Phrase,0,8.93213
12.761537,-3.8852391,Phrase,0,8.238927
10.602584,-4.717101,Phrase,1,7.0925803
14.050796,-3.8035135,Phrase,1,7.5505815
12.2407,-4.0642133,Phrase,0,8.336955
12.55255,-5.543984,Phrase,0,9.981416
10.364844,-4.6118293,Phrase,1,6.15927
10.8526125,-6.232409,Phrase,0,9.153338
10.78081,-5.1553755,Phrase,1,6.624672
12.393545,-4.8465505,Phrase,0,8.450723
12.187387,-5.766206,Phrase,0,9.210021
9.985631,-8.77592,Phrase,2,8.955834
9.886057,-8.981237,Phrase,2,8.577275
12.455981,-4.6673055,Phrase,1,7.987845
11.69049,-4.377118,Phrase,0,10.156626
12.866824,-5.7486577,Phrase,0,9.050707
13.082716,-4.421659,Phrase,2,7.4468184
11.165328,-4.365595,Phrase,1,7.5186796
10.10743,-8.924919,Phrase,2,8.48478
12.112448,-6.600986,Phrase,2,7.375057
10.711056,-7.5449786,Phrase,2,8.250223
11.564675,-5.0240574,Phrase,0,8.840533
11.27737,-4.6167307,Phrase,1,8.1944065
11.728335,-6.965071,Phrase,2,7.3784485
11.935872,-6.0474887,Phrase,0,7.6297436
11.512537,-4.332208,Phrase,0,8.403963
12.526216,-6.227864,Phrase,2,7.037914
10.376032,-7.1499906,Phrase,2,8.70189
10.876324,-6.855292,Phrase,2,8.3676
10.823469,-5.5537596,Phrase,2,8.670696
11.074336,-3.3987842,Phrase,1,7.0466948
11.502036,-6.3458543,Phrase,2,8.201415
11.610164,-6.766029,Phrase,0,9.288763
10.825031,-8.281005,Phrase,2,9.15091
10.50774,-8.793129,Phrase,2,8.147413
11.241206,-7.016676,Phrase,0,8.856466
12.007895,-5.614316,Phrase,2,8.007671
9.893732,-8.325009,Phrase,2,8.937777
11.62507,-1.8542168,Phrase,1,5.954856
12.16658,-5.316481,Phrase,0,7.9258304
12.135474,-4.084988,Phrase,1,7.183526
11.327536,-4.2451057,Phrase,0,10.757375
11.516186,-5.509894,Phrase,0,8.7851
14.322122,-5.270496,Phrase,2,7.897539
9.867652,-6.4620595,Phrase,1,9.873529
11.452211,-6.8329,Phrase,1,8.320197
12.86464,-5.5456376,Phrase,0,8.000219
12.500269,-5.8822165,Phrase,0,9.725428
12.054694,-5.8841414,Phrase,0,9.351758
10.544437,-4.6592636,Phrase,1,7.0653586
11.268615,-4.377864,Phrase,2,7.069809
10.546056,-4.6854815,Phrase,1,7.086281
10.972341,-6.8936224,Phrase,2,8.610812
11.3208,-6.9347496,Phrase,2,7.876671
10.398682,-7.909083,Phrase,1,8.001476
14.020572,-3.8383064,Phrase,1,7.5375347
10.8020735,-4.108742,Phrase,1,9.921533
12.773271,-5.6486073,Phrase,2,8.36107
11.797973,-4.699825,Phrase,0,8.862106
10.652905,-4.8517213,Phrase,0,9.530523
12.010862,-5.2487755,Phrase,1,7.5307364
10.775793,-3.9500327,Phrase,1,10.015627
8.346294,-4.630993,Phrase,1,4.8531876
11.821431,-7.7475724,Phrase,0,7.1580524
11.637424,-5.2682533,Phrase,2,7.9311805
10.952283,-7.408877,Phrase,2,8.931046
11.172494,-6.1409616,Phrase,0,10.118433
10.938047,-7.436751,Phrase,0,7.770063
11.197947,-4.395537,Phrase,1,10.918653
11.124753,-5.566,Phrase,2,7.952373
12.814394,-5.894131,Phrase,1,7.9068484
10.5312,-6.029369,Phrase,1,8.14249
11.673511,-5.358084,Phrase,0,8.427956
12.706215,-6.1829953,Phrase,1,7.0767117
10.66112,-5.374884,Phrase,0,9.918971
10.393709,-4.29055,Phrase,0,10.42512
12.227333,-5.8263125,Phrase,0,10.76526
12.489202,-4.941763,Phrase,0,8.00768
10.739291,-5.423478,Phrase,0,9.786859
11.825971,-5.662147,Phrase,1,8.102151
12.329589,-5.3968425,Phrase,0,10.506484
11.567641,-6.138637,Phrase,0,9.462556
12.018141,-4.715359,Phrase,0,9.379714
12.132038,-5.707482,Phrase,2,7.902699
12.5816765,-6.073976,Phrase,0,9.112824
10.431934,-7.9067893,Phrase,2,9.280239
11.055858,-8.344508,Phrase,2,9.532973
10.172938,-9.04707,Phrase,2,8.5940275
11.285738,-5.6308217,Phrase,2,7.528908
9.5020075,-7.6748285,Phrase,1,7.1687884
11.921512,-5.2782383,Phrase,1,7.269246
10.9032135,-6.7815566,Phrase,2,9.185609
11.285337,-6.591134,Phrase,2,8.927718
9.552461,-7.6452584,Phrase,2,7.1464806
12.22203,-6.693076,Phrase,2,7.1178145
12.596402,-6.1384983,Phrase,2,7.7039514
11.399619,-5.6182675,Phrase,0,7.4671125
10.915606,-6.2784057,Phrase,2,8.956136
12.080096,-5.5191913,Phrase,0,9.024532
10.725885,-5.4079123,Phrase,0,9.902182
9.65334,-7.1903195,Phrase,1,6.913537
10.054424,-5.3403373,Phrase,0,8.512903
12.255711,-5.505212,Phrase,0,9.397824
10.404026,-8.906899,Phrase,2,8.657779
11.79415,-5.5068474,Phrase,0,10.697623
10.831646,-6.2530694,Phrase,2,8.584601
11.557536,-6.1556106,Phrase,1,7.8009896
12.391788,-5.659034,Phrase,1,7.1926236
10.526546,-7.889472,Phrase,2,8.955454
11.883185,-6.376494,Phrase,2,7.1627765
11.07021,-4.4677963,Phrase,1,10.863767
10.724288,-6.8828254,Phrase,2,8.033086
10.345826,-6.476998,Phrase,2,7.639834
11.6750765,-7.161294,Phrase,2,7.6697
10.851937,-6.3098454,Phrase,2,7.434255
10.543171,-7.934749,Phrase,2,8.933942
10.70411,-5.274143,Phrase,1,8.784142
11.037021,-4.4903545,Phrase,1,6.399704
10.08609,-7.592403,Phrase,2,9.1869545
11.099832,-4.159511,Phrase,0,9.335253
11.352579,-4.282971,Phrase,0,8.487155
11.734656,-4.5283246,Phrase,1,8.891802
14.026738,-4.75323,Phrase,0,8.056147
10.164105,-5.0510054,Phrase,1,7.7780075
10.311122,-6.4541297,Phrase,2,8.642073
11.871418,-6.164002,Phrase,2,7.6694384
12.10894,-4.488734,Phrase,1,8.405145
12.926057,-6.2641873,Phrase,0,10.315913
9.892013,-8.8482,Phrase,2,8.457821
10.5513,-8.667237,Phrase,2,8.058334
11.638337,-6.6035495,Phrase,2,7.8392386
11.935377,-7.5930696,Phrase,0,9.312429
11.170709,-5.648326,Phrase,0,9.340034
12.029143,-6.4410505,Phrase,2,7.408471
12.637743,-5.903758,Phrase,0,9.620765
11.975527,-4.9941916,Phrase,0,7.7709756
10.835309,-6.304282,Phrase,0,10.062435
12.748725,-5.131944,Phrase,0,9.192281
9.826555,-6.357645,Phrase,0,9.894608
10.756671,-5.493816,Phrase,0,10.057566
10.36718,-5.3362155,Phrase,1,8.181459
12.054049,-6.5363245,Phrase,2,6.737512
11.567699,-6.0294905,Phrase,1,6.8238506
11.946382,-6.691592,Phrase,2,7.319192
10.843615,-5.825739,Phrase,2,9.095334
12.3345785,-5.5747004,Phrase,2,7.6372313
11.767623,-5.606613,Phrase,0,8.260026
9.939949,-7.8354096,Phrase,2,8.003661
9.998506,-8.630522,Phrase,2,9.02949
11.328858,-6.017574,Phrase,0,8.930143
9.886693,-6.4978075,Phrase,0,9.8645935
11.638874,-5.519167,Phrase,0,7.888001
13.76795,-4.2563653,Phrase,0,8.506657
10.008482,-8.735792,Phrase,2,9.327387
12.229723,-5.3147583,Phrase,0,10.383444
11.191383,-6.1436753,Phrase,2,7.1216054
11.446348,-3.9849207,Phrase,0,10.382249
12.048909,-5.2896442,Phrase,0,8.931805
12.126038,-4.1302705,Phrase,1,8.19392
11.540704,-5.1035275,Phrase,2,8.383277
9.989351,-7.230283,Phrase,2,8.434666
10.386544,-7.1815534,Phrase,0,9.54917
10.629653,-6.0314155,Phrase,1,9.946676
11.9282055,-7.528322,Phrase,2,7.770306
11.59343,-6.0277357,Phrase,2,7.092227
11.822698,-3.9133897,Phrase,1,7.838314
10.240196,-8.483333,Phrase,2,9.549556
11.704171,-6.43955,Phrase,2,8.022585
11.268193,-6.3820214,Phrase,2,7.855361
11.500987,-5.1179304,Phrase,0,8.792503
10.770556,-7.4734163,Phrase,2,9.081102
11.327842,-5.5706134,Phrase,0,9.667689
10.031926,-7.8668222,Phrase,2,9.139717
11.915066,-4.6782613,Phrase,0,10.989904
12.360963,-5.137816,Phrase,0,9.562781
10.434853,-5.9527025,Phrase,2,8.204769
12.238867,-5.399818,Phrase,0,10.431189
11.359356,-5.670566,Phrase,0,8.373875
11.648979,-4.450819,Phrase,0,10.940505
10.87967,-5.5922766,Phrase,0,10.1730995
10.969703,-5.5730567,Phrase,0,9.77691
14.990541,-3.1705453,Phrase,0,8.292004
10.492362,-4.6568346,Phrase,1,8.152057
10.327441,-4.7705946,Phrase,1,8.202763
12.898777,-7.5093083,Phrase,2,8.174444
11.094998,-3.7352126,Phrase,1,7.1844325
10.681347,-6.15049,Phrase,2,9.941284
10.970846,-4.37635,Phrase,1,8.473407
10.818038,-5.815422,Phrase,0,8.632606
11.658027,-5.5361323,Phrase,2,8.453953
10.276849,-8.069071,Phrase,2,8.377917
11.0503,-6.491405,Phrase,2,9.022679
13.7125435,-4.6303515,Phrase,0,8.169627
12.688954,-6.0818267,Phrase,1,6.949823
10.580326,-7.020714,Phrase,2,8.567285
11.869117,-5.339189,Phrase,1,6.973226
10.133017,-4.6863027,Phrase,1,6.240291
10.0999365,-8.447874,Phrase,2,9.353778
11.893251,-3.5538704,Phrase,1,7.9228015
10.614506,-5.609638,Phrase,2,7.5899024
13.343778,-4.8749566,Phrase,0,8.684894
10.2202215,-8.960856,Phrase,1,8.047906
11.347331,-4.991317,Phrase,0,8.650065
12.539259,-4.844723,Phrase,1,8.360017
11.850752,-3.467553,Phrase,1,7.8184776
11.524212,-6.243514,Phrase,2,7.1301756
11.956107,-4.912767,Phrase,1,7.747039
10.630997,-6.598649,Phrase,2,8.499634
11.80742,-5.535349,Phrase,0,10.628347
12.118632,-6.8555956,Phrase,2,7.334555
11.433674,-6.3939085,Phrase,1,6.9286447
11.688199,-5.189167,Phrase,1,7.502773
11.987036,-6.073173,Phrase,0,9.776336
12.50328,-6.602113,Phrase,2,6.666003
11.276571,-4.4730115,Phrase,0,11.081016
11.677168,-5.067111,Phrase,0,9.693078
13.517337,-4.8628283,Phrase,1,8.494555
10.28944,-6.858765,Phrase,2,9.586835
11.265328,-5.605543,Phrase,0,8.734047
9.925261,-8.912566,Phrase,1,8.296989
11.43287,-4.2737026,Phrase,1,8.278792
10.943466,-4.734078,Phrase,2,8.686671
12.700426,-4.4992886,Phrase,1,7.508115
12.356063,-5.7868156,Phrase,2,8.333229
10.680564,-6.5667224,Phrase,0,8.459327
11.667513,-5.87489,Phrase,0,8.405514
11.90951,-6.1100492,Phrase,0,7.4322824
11.780579,-4.51721,Phrase,1,11.273556
12.923617,-6.9002814,Phrase,1,7.2967095
11.565219,-5.552126,Phrase,1,9.025343
10.6617775,-5.077665,Phrase,2,7.8307962
10.209375,-9.083725,Phrase,2,8.373632
11.258963,-5.724392,Phrase,2,9.102855
11.252975,-4.346218,Phrase,1,7.87141
6.825669,-1.3431884,Phrase,1,10.04484
12.290206,-5.8087754,Phrase,2,8.331131
10.180342,-5.951466,Phrase,0,7.264154
10.965083,-5.5413685,Phrase,2,7.928919
12.40654,-4.805357,Phrase,0,8.056562
9.696826,-8.20834,Phrase,2,8.500118
10.797458,-7.569088,Phrase,2,9.499508
12.754534,-5.8845034,Phrase,0,9.9209175
6.825546,-1.3430433,Phrase,1,10.044881
10.148108,-6.7096367,Phrase,2,8.690178
11.651567,-5.540538,Phrase,2,7.8842
11.892253,-7.4203258,Phrase,2,7.1185246
11.181596,-4.53396,Phrase,0,11.205621
9.872842,-8.963149,Phrase,2,9.0268755
12.334001,-5.706493,Phrase,0,9.430676
10.390894,-8.755167,Phrase,2,7.9702406
10.0276575,-7.817748,Phrase,2,8.003914
11.072204,-4.238211,Phrase,2,8.352699
10.644881,-5.364944,Phrase,1,9.714191
10.649146,-7.5314336,Phrase,2,7.566162
10.437403,-5.072085,Phrase,1,9.452947
10.673602,-4.6615767,Phrase,1,7.228222
12.594625,-4.9298453,Phrase,1,8.169431
9.894791,6.526646,Phrase,1,6.8806663
12.230499,-6.245261,Phrase,2,7.2174096
11.840478,-5.2273626,Phrase,1,7.4729624
10.789546,-4.6638756,Phrase,1,7.178067
12.560592,-4.1413007,Phrase,0,8.377413
10.737255,-8.717025,Phrase,2,8.062571
10.841112,-5.233781,Phrase,0,7.553913
11.834152,-4.549108,Phrase,0,8.841944
12.582098,-6.1664004,Phrase,2,7.147025
11.361225,-4.4851384,Phrase,1,7.325785
10.965215,-7.5222874,Phrase,2,9.336136
11.784755,-6.2247114,Phrase,2,6.963466
11.513226,-5.51137,Phrase,2,8.57132
10.251479,-6.216173,Phrase,1,8.374334
12.609717,-5.3620634,Phrase,0,9.990043
12.169136,-4.390449,Phrase,0,8.896658
10.059561,-4.9406147,Phrase,2,8.412229
8.375838,-4.643993,Phrase,1,4.8708806
10.329432,-5.4939995,Phrase,2,9.206256
11.987517,-4.312344,Phrase,0,8.741991
12.371353,-5.6448455,Phrase,0,9.6717615
10.456553,-5.07068,Phrase,1,9.51905
10.644141,-5.2628903,Phrase,1,8.4056
11.495384,-4.9617023,Phrase,0,8.486937
9.911199,-8.951213,Phrase,2,8.253574
14.02872,-3.82797,Phrase,1,7.5312433
10.669378,-8.867525,Phrase,2,8.205772
11.797846,-5.1784606,Phrase,2,7.4195666
10.670751,-4.8396654,Phrase,1,6.5857925
11.814809,-5.7440906,Phrase,0,9.490914
11.024315,-7.045848,Phrase,2,8.294322
14.017623,-3.847561,Phrase,0,7.530763
10.3644285,-5.3966575,Phrase,1,7.7233624
9.887579,6.5198,Phrase,0,6.894826
11.847609,-4.6026263,Phrase,0,9.066136
9.979343,-7.5422544,Phrase,1,7.724334
10.2291765,-8.787892,Phrase,2,9.14197
10.910534,-5.5814443,Phrase,1,7.373
10.321201,-8.555461,Phrase,2,8.300881
13.496127,-4.360024,Phrase,0,8.7463665
12.049703,-5.4712734,Phrase,0,9.336679
10.751432,-6.7361784,Phrase,0,8.705991
11.213137,-5.6353903,Phrase,0,7.8114705
12.011771,-5.985059,Phrase,2,7.3337
11.520651,-5.8290954,Phrase,2,7.203434
11.539537,-5.4243593,Phrase,0,7.8279037
10.911944,-6.085256,Phrase,2,9.936308
10.521762,-7.128345,Phrase,2,8.823341
10.30353,-6.928985,Phrase,2,8.437588
11.50279,-5.9698644,Phrase,2,7.9003005
13.693359,-4.358629,Phrase,1,7.97369
10.812034,-4.21046,Phrase,1,9.915034
12.557342,-6.3526416,Phrase,2,6.99566
9.679375,-8.137954,Phrase,1,7.997883
11.099146,-4.5304275,Phrase,1,11.262715
11.062557,-7.9287496,Phrase,2,7.9691744
10.816899,-6.3408604,Phrase,2,10.101719
10.955566,-7.7074065,Phrase,2,9.417268
9.922501,-8.398721,Phrase,2,8.355704
10.631336,-7.1411085,Phrase,0,8.946101
12.002469,-5.4056373,Phrase,2,6.918961
8.348918,-4.631735,Phrase,1,4.854728
10.725095,-4.253559,Phrase,1,9.917584
10.401631,-7.4034414,Phrase,2,8.820222
11.978475,-5.4488745,Phrase,1,7.098979
12.11122,-6.4974933,Phrase,2,7.578449
10.734893,-5.3724117,Phrase,1,7.992391
10.427523,-7.4352746,Phrase,2,7.4140406
12.825015,-6.342737,Phrase,0,8.691217
11.635645,-6.4737496,Phrase,1,6.651931
11.702975,-5.154528,Phrase,0,9.674788
14.153099,-3.760153,Phrase,1,8.366173
10.244031,-6.044718,Phrase,1,7.1391625
12.961256,-4.7836256,Phrase,0,8.579124
11.509828,-5.92724,Phrase,2,7.230658
10.745247,-4.5957866,Phrase,1,8.736901
10.256567,-7.4867268,Phrase,2,8.610779
9.950656,-8.665202,Phrase,2,9.235802
10.310102,-6.791703,Phrase,2,9.588618
10.681607,-7.699802,Phrase,2,7.30396
13.168069,-4.7201343,Phrase,0,7.787887
11.064092,-4.4466677,Phrase,1,10.856474
10.383504,-8.885483,Phrase,2,8.084177
10.689331,-4.5441737,Phrase,1,7.491236
11.421451,-7.4014635,Phrase,0,9.722916
10.572345,-5.9221377,Phrase,1,7.1958055
10.898085,-5.735522,Phrase,2,8.551731
10.027592,-8.108509,Phrase,2,8.607526
12.614192,-4.8001494,Phrase,0,8.349922
10.517568,-6.1029863,Phrase,2,7.987966
10.295652,-5.1542516,Phrase,1,7.5733943
10.967667,-5.2271447,Phrase,2,7.783051
12.259012,-4.9639997,Phrase,1,7.146782
14.032232,-4.751157,Phrase,1,8.047006
10.141512,-4.7677183,Phrase,1,8.212105
10.7631035,-7.4294915,Phrase,1,8.166227
13.102106,-5.833226,Phrase,0,10.560678
11.456269,-5.6980643,Phrase,1,7.5492973
12.898788,-6.372603,Phrase,0,9.94072
11.779863,-5.6487775,Phrase,0,9.637347
13.724644,-4.1311913,Phrase,2,7.6882668
11.925267,-5.1622453,Phrase,0,8.83083
10.99578,-4.303179,Phrase,1,9.305381
11.45905,-5.6482406,Phrase,2,7.9138145
9.5887985,-8.591581,Phrase,2,8.94222
11.99342,-5.0230193,Phrase,0,7.928865
12.201046,-4.8986173,Phrase,0,8.772699
12.517936,-5.1983595,Phrase,0,9.718704
10.866087,-8.95719,Phrase,2,8.62056
11.972623,-5.824115,Phrase,0,8.248691
11.785893,-6.890158,Phrase,2,7.9651074
13.641596,-4.8756433,Phrase,2,7.8018904
11.845363,-4.955745,Phrase,2,8.492389
10.862933,-5.324393,Phrase,1,6.7731023
9.708793,-4.2857647,Phrase,1,8.092746
11.605323,-4.77269,Phrase,2,8.820995
11.882235,-4.717463,Phrase,0,9.036421
10.094915,-8.50921,Phrase,2,8.857364
12.01729,-5.440462,Phrase,1,9.079665
11.598081,-5.298691,Phrase,0,9.197215
10.301146,-6.112868,Phrase,1,7.1138363
11.177935,-6.2909603,Phrase,2,7.149327
9.77665,-7.790749,Phrase,2,8.894385
12.562428,-4.318993,Phrase,0,8.515618
12.366895,-5.893495,Phrase,0,8.272717
10.821628,-6.443016,Phrase,1,8.885134
10.800617,-8.515562,Phrase,2,9.439085
11.311674,-3.8802583,Phrase,1,10.692846
12.82081,-4.219836,Phrase,0,8.492538
11.984585,-3.5020826,Phrase,1,8.043171
10.78122,-4.1860757,Phrase,2,9.999345
11.147092,-6.764758,Phrase,2,7.785411
12.996944,-6.1588826,Phrase,0,10.653337
10.335926,-8.797584,Phrase,2,8.378002
11.057983,-3.4822106,Phrase,1,6.996059
10.373637,-5.072615,Phrase,0,8.65366
9.5331955,-7.683815,Phrase,2,7.1947474
10.621142,-6.4343634,Phrase,2,7.3384476
9.9952965,-8.208218,Phrase,2,8.487666
11.053278,-6.769583,Phrase,2,7.9623356
11.36732,-6.382484,Phrase,0,9.494546
10.864925,-6.2824554,Phrase,2,7.4720807
11.685786,-5.678555,Phrase,0,8.165568
11.315614,-6.885782,Phrase,0,9.429246
12.06519,-4.803504,Phrase,0,10.094933
11.350134,-5.5936728,Phrase,0,9.449432
12.150959,-5.8092847,Phrase,0,9.461114
11.930992,-6.7582436,Phrase,1,7.249026
13.98294,-3.889791,Phrase,1,7.556111
11.134084,-5.9511228,Phrase,0,10.08527
11.980476,-5.667435,Phrase,0,9.416293
10.091625,-8.833856,Phrase,2,9.100471
11.412415,-5.654537,Phrase,0,9.692672
10.111553,-8.664884,Phrase,2,8.873207
11.0826645,-6.172203,Phrase,2,9.965417
12.266347,-6.1700225,Phrase,0,7.9298234
11.073367,-5.7825623,Phrase,1,7.618655
13.106213,-4.5660477,Phrase,0,8.576913
10.4400015,-6.643844,Phrase,2,8.547658
12.155671,-5.0155334,Phrase,0,8.752627
11.564852,-8.224607,Phrase,2,7.8367457
11.432755,-6.1820908,Phrase,2,7.190156
10.763387,-6.865752,Phrase,0,9.595318
10.2924595,-6.8587236,Phrase,2,8.618572
10.308717,-4.6037107,Phrase,1,6.1487303
12.310287,-7.9693227,Phrase,0,7.567395
10.304599,-9.167463,Phrase,2,8.653596
13.915439,-4.275737,Phrase,0,8.463011
11.00216,-4.4498515,Phrase,1,9.049297
11.704519,-6.6361,Phrase,0,8.07845
10.178483,-8.979218,Phrase,2,8.122702
10.276303,-7.236628,Phrase,2,9.200653
11.751773,-5.97145,Phrase,0,8.394105
11.765555,-4.521278,Phrase,1,11.29806
11.717925,-5.2746596,Phrase,0,10.59621
10.677956,-3.902207,Phrase,1,9.981307
10.482137,-8.916437,Phrase,2,8.05231
10.479272,-4.767685,Phrase,2,9.557016
10.694069,-4.3761635,Phrase,1,7.49061
12.194706,-6.184353,Phrase,2,7.8426113
11.138278,-5.533545,Phrase,1,6.80163
12.990697,-5.9592357,Phrase,1,8.091938
10.372398,-8.590615,Phrase,2,9.305571
10.482797,-4.7486553,Phrase,1,6.3474393
11.230212,-6.7860365,Phrase,2,9.047164
11.833901,-4.5356812,Phrase,0,8.937475
9.947639,-8.107235,Phrase,2,8.200034
9.872068,-9.058899,Phrase,1,8.301984
12.771005,-6.272627,Phrase,0,8.415209
11.78186,-6.464847,Phrase,2,6.6594768
10.370158,-4.6472945,Phrase,1,8.067306
9.767739,-8.47542,Phrase,2,8.920264
10.069626,-8.646847,Phrase,2,8.722169
10.173091,-6.5074034,Phrase,1,7.7675657
9.399489,-7.600599,Phrase,1,7.048797
10.504983,-4.839003,Phrase,1,6.315438
12.304089,-4.0465384,Phrase,0,8.329648
10.8352,-5.9424286,Phrase,1,6.95995
10.810494,-4.415065,Phrase,1,7.3433375
11.603868,-7.2119727,Phrase,1,7.057797
11.6175375,-5.9625983,Phrase,2,7.6235757
10.868537,-5.785354,Phrase,1,6.6268406
10.05967,-7.45268,Phrase,2,8.980158
11.221109,-4.3101063,Phrase,0,10.094684
11.365757,-7.010798,Phrase,0,6.8287935
10.23586,-7.8304276,Phrase,2,8.601583
11.914141,-5.936185,Phrase,2,8.521129
11.903497,-6.418815,Phrase,2,8.388762
12.68859,-6.19208,Phrase,2,7.1557856
13.173875,-3.6349564,Phrase,1,8.652019
11.943685,-5.9305024,Phrase,2,7.4882855
11.112694,-3.5935557,Phrase,1,7.078574
11.780994,-4.9838724,Phrase,0,7.9758906
11.954932,-5.1932993,Phrase,1,6.409348
11.915988,-6.02475,Phrase,2,8.512121
11.894248,-5.936505,Phrase,0,9.684176
9.626157,-8.523175,Phrase,1,8.47497
11.477905,-4.34984,Phrase,1,10.912928
11.624739,-1.8540511,Phrase,1,5.9539785
11.9431715,-4.5774217,Phrase,0,11.002113
12.459693,-6.522324,Phrase,1,6.5636024
11.396785,-5.8565154,Phrase,2,7.288218
11.61817,-8.861178,Phrase,2,7.4449553
11.352038,-6.3914423,Phrase,2,7.872381
10.505417,-5.516484,Phrase,1,7.799257
9.967159,-6.3328524,Phrase,0,9.860373
11.572539,-5.9232707,Phrase,2,6.8240867
11.078675,-6.300353,Phrase,0,8.873832
10.692084,-6.9128284,Phrase,2,10.087576
12.519371,-6.640662,Phrase,2,6.533419
10.517347,-7.735461,Phrase,2,8.317046
14.018808,-3.8405294,Phrase,0,7.5444617
12.426613,-5.0955706,Phrase,0,8.211633
12.641417,-6.118823,Phrase,2,6.9625893
10.100943,-6.5447116,Phrase,1,7.8001823
-4.6784916,1.6900476,Phrase,1,11.91503
12.49855,-5.8501945,Phrase,0,9.267237
10.610915,-5.0302615,Phrase,1,6.393693
11.828009,-4.4290133,Phrase,0,7.243264
12.939097,-5.887729,Phrase,1,8.087663
10.65327,-7.617027,Phrase,2,8.350279
11.7579775,-4.5029697,Phrase,1,8.880015
12.82988,-6.0200114,Phrase,0,9.391124
10.449726,-4.722155,Phrase,1,6.2520876
11.163614,-5.682539,Phrase,2,7.4653997
10.723205,-4.1950088,Phrase,1,7.5586395
12.258013,-5.291527,Phrase,0,8.704132
9.849454,-8.480741,Phrase,2,8.940694
6.825569,-1.3431923,Phrase,1,10.044674
11.957618,-5.2548513,Phrase,0,8.906057
11.612039,-6.793289,Phrase,0,7.6610155
12.303686,-5.6425567,Phrase,0,8.3258505
11.786421,-4.742653,Phrase,2,7.221747
11.884552,-7.1309457,Phrase,2,8.719521
11.541421,-6.1832314,Phrase,2,7.8107567
11.032648,-7.072565,Phrase,1,8.856913
10.900981,-5.064522,Phrase,0,9.954112
11.248393,-5.9328237,Phrase,2,7.56593
-4.6813054,1.674901,Phrase,1,11.922392
10.42291,-4.674732,Phrase,1,6.217223
10.9134865,-6.1500473,Phrase,0,10.258762
12.36671,-5.461504,Phrase,0,9.856921
12.303929,-5.0555396,Phrase,1,9.208633
-4.685172,1.6776857,Phrase,1,11.921607
10.100945,-4.8537884,Phrase,1,8.248333
11.006831,-5.7374487,Phrase,0,9.679353
12.630686,-6.5966163,Phrase,2,7.6238995
14.317867,-5.2012515,Phrase,1,7.889896
10.914747,-8.888776,Phrase,2,8.735621
10.638511,-7.0005617,Phrase,2,9.04788
11.73939,-4.7719464,Phrase,0,8.623226
10.451957,-6.4574647,Phrase,1,8.93098
12.271092,-4.9810095,Phrase,1,7.087836
11.29528,-5.8751354,Phrase,0,8.970536
11.51957,-5.297835,Phrase,0,9.438112
10.785877,-4.4860563,Phrase,0,8.732256
11.998092,-5.365044,Phrase,2,7.6841116
11.116695,-8.421954,Phrase,2,8.062316
12.867299,-6.431085,Phrase,2,8.300826
11.929566,-4.476416,Phrase,0,7.8005605
10.518645,-5.7430563,Phrase,2,7.674363
10.134391,-7.998814,Phrase,2,9.084799
12.677145,-6.2439313,Phrase,2,7.118254
11.464479,-5.4876556,Phrase,1,6.6380777
11.424314,-6.2793355,Phrase,2,7.9687867
10.969081,-5.0205007,Phrase,0,8.197573
10.625767,-6.5057144,Phrase,2,8.619092
10.182793,-4.0893664,Phrase,0,10.172297
11.647927,-5.041256,Phrase,0,9.785638
11.887956,-6.0130806,Phrase,1,7.738349
9.639563,-8.283841,Phrase,2,8.567691
13.221239,-6.9082313,Phrase,0,9.864583
9.793942,-8.189659,Phrase,2,8.438652
10.336878,-8.97545,Phrase,2,8.126833
11.847217,-4.4934955,Phrase,1,11.171434
10.914886,-6.1703777,Phrase,2,8.363921
9.674242,-8.363083,Phrase,2,9.213616
10.671299,-5.676566,Phrase,0,7.749541
11.703264,-4.6068735,Phrase,0,7.9195046
12.926926,-5.3396482,Phrase,0,8.107762
10.399395,-8.052472,Phrase,2,8.990983
12.96176,-5.8714366,Phrase,0,8.804976
10.541792,-8.591545,Phrase,2,9.639283
11.502045,-4.9407954,Phrase,1,9.908065
13.133486,-6.1282725,Phrase,0,9.660656
11.472398,-4.3190765,Phrase,1,10.983135
11.218928,-5.185327,Phrase,1,8.39814
10.414371,-5.2724066,Phrase,1,7.807216
12.498935,-5.797972,Phrase,0,9.98302
11.296303,-3.8010015,Phrase,1,7.285812
11.961683,-5.539191,Phrase,2,7.327186
11.450336,-4.566221,Phrase,1,8.283064
9.859875,-6.3178473,Phrase,1,9.621395
10.321202,-8.819305,Phrase,2,8.288935
12.240568,-5.4090385,Phrase,0,9.214564
12.725235,-6.828658,Phrase,2,7.36418
12.67262,-4.511945,Phrase,0,7.5326343
11.012398,-7.2042456,Phrase,2,8.623121
11.482567,-4.2989016,Phrase,1,10.966418
11.14224,-6.132036,Phrase,0,10.017863
12.003443,-6.40897,Phrase,0,8.235417
10.280425,-6.6021223,Phrase,0,9.479709
12.572356,-6.119391,Phrase,0,7.500881
11.208845,-5.45312,Phrase,0,7.818464
11.140499,-5.1891003,Phrase,0,8.869815
12.76599,-5.846292,Phrase,2,8.5582905
12.621609,-6.0037203,Phrase,0,8.647404
10.865597,-4.5407887,Phrase,0,9.488951
11.67572,-6.175371,Phrase,2,7.8770676
11.017293,-4.5322742,Phrase,1,6.4123745
10.896761,-5.7270246,Phrase,2,9.2956
11.804413,-6.3051443,Phrase,2,7.086501
10.256489,-8.974691,Phrase,2,8.762166
11.829908,-5.2287393,Phrase,1,7.445001
12.362325,-3.958463,Phrase,1,8.262067
10.945746,-6.3415675,Phrase,2,7.4222784
11.346603,-5.6707497,Phrase,1,9.7041645
11.449934,-5.9386935,Phrase,0,9.085573
12.149497,-5.3117743,Phrase,1,7.4563823
7.7463794,-3.9167328,Phrase,1,7.226368
10.118641,-8.862267,Phrase,2,8.706049
11.251239,-5.9435425,Phrase,2,8.706177
10.763666,-5.8526015,Phrase,2,8.923227
11.234934,-8.157389,Phrase,2,7.6056976
11.889433,-5.814481,Phrase,2,7.9215274
12.865185,-3.8185308,Phrase,0,8.205148
12.426527,-5.226916,Phrase,0,9.565905
10.306698,-4.4680643,Phrase,1,6.053466
10.171867,-7.784283,Phrase,2,8.241714
10.965505,-7.0721216,Phrase,2,9.638047
11.1959505,-6.497192,Phrase,0,7.8173413
11.719405,-4.6610775,Phrase,2,8.866862
10.288233,-6.574956,Phrase,2,7.988912
10.768465,-6.619486,Phrase,1,9.0529785
11.058015,-6.236568,Phrase,2,9.671224
9.471043,-7.3375874,Phrase,1,7.027033
10.494552,-4.7219515,Phrase,1,8.990663
10.921527,-4.316954,Phrase,1,8.438421
9.882971,-8.877537,Phrase,2,8.366478
12.162964,-5.180364,Phrase,0,9.398301
11.955831,-6.3335276,Phrase,2,7.868868
10.951481,-5.425161,Phrase,2,8.712888
11.047742,-5.5324097,Phrase,2,8.456256
10.53799,-7.5646086,Phrase,2,8.63723
10.915687,-5.7808094,Phrase,1,7.3849835
11.029415,-4.4201736,Phrase,1,8.769984
10.767016,-5.910777,Phrase,1,7.944744
12.20566,-5.2178807,Phrase,2,7.0882955
11.559906,-6.2975326,Phrase,2,7.061249
11.82025,-6.217039,Phrase,0,9.854684
12.662634,-6.1799474,Phrase,2,7.1251063
11.043809,-4.2274556,Phrase,1,10.526223
11.869325,-5.8651237,Phrase,2,9.090142
10.221048,-4.7794337,Phrase,1,8.117838
12.181356,-5.181381,Phrase,0,9.457372
13.809596,-4.003572,Phrase,0,7.796418
