x,y,boundary_type,cluster_id
7.007832,-3.928752,Sentence,1
6.8256197,-1.3651973,Sentence,2
4.2420297,-1.4729269,Sentence,2
7.0459304,-1.7952644,Sentence,0
7.8556933,-3.9840636,Sentence,1
8.743233,-3.4356546,Sentence,2
10.399712,-0.899988,Sentence,2
7.329735,-2.4830945,Sentence,2
10.815152,-0.6870444,Sentence,0
6.1942267,-4.1647186,Sentence,2
10.289651,-1.1831976,Sentence,1
8.3387785,-4.58366,Sentence,1
7.279325,-0.62325966,Sentence,0
10.748117,-1.9080212,Sentence,1
11.23507,-5.1488037,Sentence,2
9.001433,-1.8126884,Sentence,1
6.9437103,-3.847859,Sentence,1
9.2128725,-5.7443733,Sentence,2
10.479625,-2.257175,Sentence,1
5.9259644,-3.6119697,Sentence,1
8.740729,-5.26541,Sentence,2
10.113661,-2.2814178,Sentence,2
6.492675,-0.15018749,Sentence,0
10.207695,-2.5592399,Sentence,1
9.421947,-3.884902,Sentence,2
6.4316897,-0.75639707,Sentence,0
9.488906,-1.0057445,Sentence,0
10.192229,-3.3858328,Sentence,2
8.218247,-2.750981,Sentence,1
8.385074,-4.3581996,Sentence,2
6.4492116,-2.960993,Sentence,1
9.260194,-0.7643958,Sentence,0
10.183219,2.5997217,Sentence,0
7.9080195,-4.688677,Sentence,2
6.1316433,-2.4502826,Sentence,1
9.761486,-2.427668,Sentence,1
10.804704,-1.713356,Sentence,0
4.9160156,-1.6822048,Sentence,0
6.7882295,-1.3616941,Sentence,0
7.367061,0.029060025,Sentence,0
7.1357937,0.3329313,Sentence,0
7.430805,0.464078,Sentence,0
8.034122,-0.4942434,Sentence,0
9.974097,-2.340009,Sentence,1
7.933151,-3.699284,Sentence,1
7.092814,-2.678437,Sentence,1
8.752711,-5.1269917,Sentence,2
6.6690307,-3.9804907,Sentence,1
9.846014,-2.4346676,Sentence,1
10.378081,-2.4507353,Sentence,1
8.069453,-4.696633,Sentence,1
9.005009,-2.2169569,Sentence,0
9.145296,-3.0440915,Sentence,2
4.8138404,-0.6689052,Sentence,0
8.015643,-3.9212682,Sentence,2
8.792624,-3.449913,Sentence,1
7.355765,-3.7464864,Sentence,1
4.3469787,-2.4937093,Sentence,0
9.217932,-4.1548247,Sentence,2
6.396174,-4.800475,Sentence,2
7.6568284,-0.81219256,Sentence,0
8.682961,-3.3757484,Sentence,2
6.1080437,-1.6258212,Sentence,0
6.892703,-3.8946648,Sentence,1
8.698991,-4.9730177,Sentence,2
8.000735,-4.1148076,Sentence,1
7.374086,-2.8885198,Sentence,2
9.214825,-5.2459707,Sentence,2
6.4611945,-1.773876,Sentence,0
9.994783,-2.57244,Sentence,1
4.4355745,-1.2079679,Sentence,0
7.5015206,-1.9597954,Sentence,2
8.481103,-4.955422,Sentence,2
11.860806,-3.2192566,Sentence,0
8.635495,-4.3274617,Sentence,2
4.5032663,-1.4047508,Sentence,0
9.783749,1.9393666,Sentence,0
6.8930044,-3.5747986,Sentence,1
7.633514,-2.5491502,Sentence,2
7.3306513,-4.076882,Sentence,1
9.071598,-2.825893,Sentence,2
5.612404,-2.8042698,Sentence,2
4.372401,-1.5380338,Sentence,0
7.325668,-2.841405,Sentence,1
9.592111,-4.785576,Sentence,2
7.416071,-0.64534265,Sentence,0
7.9407964,-3.241189,Sentence,0
7.082952,-1.1543641,Sentence,0
9.276446,-1.242062,Sentence,0
7.472368,-2.1813986,Sentence,0
6.6112,-0.15536247,Sentence,0
7.4866533,-0.83700716,Sentence,0
6.727108,-3.805646,Sentence,1
9.503531,-4.3235707,Sentence,2
7.176872,-4.490097,Sentence,1
6.370875,-3.6202352,Sentence,1
8.389161,-5.740971,Sentence,2
9.625438,-5.4074,Sentence,2
7.991444,-2.9902606,Sentence,1
8.834767,-4.6497917,Sentence,2
8.074273,-2.7293065,Sentence,0
10.3426485,-4.7979946,Sentence,2
6.9045196,-4.049729,Sentence,1
9.029445,-5.2190657,Sentence,2
7.899442,-4.757535,Sentence,1
6.8101196,-4.0701127,Sentence,1
9.295284,-4.755179,Sentence,2
8.244337,-2.7903464,Sentence,1
7.4871483,-4.2870393,Sentence,1
10.38317,-4.6201363,Sentence,2
7.4673376,-4.564036,Sentence,1
4.196632,-1.5356499,Sentence,0
6.8060236,-4.2202334,Sentence,1
6.931107,-2.735221,Sentence,0
9.898816,-3.783491,Sentence,2
8.843444,-3.3811216,Sentence,1
7.9717116,-3.698916,Sentence,1
6.9072356,-4.074919,Sentence,0
6.7462864,-4.0141344,Sentence,1
7.407138,-3.6718192,Sentence,1
8.943634,-5.2028017,Sentence,2
8.434452,-2.9823549,Sentence,1
8.273269,-4.2841606,Sentence,1
7.759839,-4.6066036,Sentence,1
8.219668,-2.335555,Sentence,2
6.252923,-4.365528,Sentence,2
7.945544,-5.166373,Sentence,2
8.567599,-4.5681534,Sentence,1
10.181174,-2.2268293,Sentence,1
9.808767,-2.0485616,Sentence,1
7.685997,-1.2323157,Sentence,0
9.472268,-4.271181,Sentence,2
7.39107,-4.22454,Sentence,1
5.696704,1.3264211,Sentence,0
7.262441,1.4310718,Sentence,0
7.38021,-4.3120065,Sentence,1
10.48759,-4.305565,Sentence,2
10.357876,-3.583156,Sentence,0
7.7549725,-4.2595267,Sentence,1
7.884669,-4.3598022,Sentence,1
6.1646366,-4.0476866,Sentence,1
7.120708,-3.8633041,Sentence,1
6.209223,-3.745744,Sentence,1
8.15868,-4.0035105,Sentence,1
8.545717,-4.973537,Sentence,2
6.531876,-2.545592,Sentence,0
8.02444,-2.018311,Sentence,2
6.5389485,-3.907618,Sentence,1
9.036727,-1.3731446,Sentence,0
8.339219,-5.073406,Sentence,2
10.557855,-2.1515613,Sentence,1
9.909587,-2.451493,Sentence,1
10.263637,-2.2087781,Sentence,1
7.1412086,-3.020393,Sentence,1
3.8230324,-0.79884094,Sentence,0
9.762935,-2.5969017,Sentence,1
7.071622,-3.415917,Sentence,1
7.612459,-2.8830469,Sentence,1
8.564824,-3.618482,Sentence,1
11.722134,-3.5959654,Sentence,0
6.0996895,-0.68190503,Sentence,0
7.365304,-2.7854793,Sentence,2
10.11814,-5.0974965,Sentence,2
6.557613,-0.13950633,Sentence,0
7.1042376,-4.524723,Sentence,1
6.318707,-4.9589458,Sentence,0
8.301873,-4.8506737,Sentence,2
7.4913535,-4.450994,Sentence,1
9.882442,-4.7629943,Sentence,2
9.489024,-5.7489004,Sentence,1
9.371261,-5.163489,Sentence,2
7.817223,-4.270647,Sentence,1
9.246194,-5.0913405,Sentence,2
8.268035,-4.795395,Sentence,2
10.163018,-2.818166,Sentence,1
9.726744,-5.523865,Sentence,2
8.750694,-4.417479,Sentence,1
6.6146774,-4.562688,Sentence,1
6.7129474,-4.749945,Sentence,2
8.895725,-1.2381139,Sentence,0
8.937319,-1.6039981,Sentence,0
6.8316636,-1.8567257,Sentence,0
10.74144,-4.653209,Sentence,2
8.322831,-1.6620172,Sentence,0
7.0184717,-4.21182,Sentence,1
8.34929,-4.895644,Sentence,2
7.848867,-4.546875,Sentence,1
6.9094563,-3.5645978,Sentence,1
9.342938,-3.5756085,Sentence,2
4.348823,-2.492248,Sentence,0
5.827437,-3.4184432,Sentence,2
7.4917293,-3.5278223,Sentence,1
11.5687275,-4.95214,Sentence,0
10.516811,-1.8553522,Sentence,0
10.479938,-1.9956466,Sentence,1
8.170653,-2.0726144,Sentence,2
6.561395,-3.9854262,Sentence,1
6.548218,-2.3705196,Sentence,0
2.6657665,-1.2630748,Sentence,0
8.739007,-4.170304,Sentence,1
8.650552,-4.9616942,Sentence,2
9.461932,-4.9840293,Sentence,2
7.653977,-4.3164177,Sentence,1
8.622557,-5.554848,Sentence,2
9.625657,-5.222041,Sentence,2
6.101857,-2.9998767,Sentence,0
7.629206,-4.262565,Sentence,1
8.492987,-5.4247155,Sentence,2
8.754308,-4.840218,Sentence,2
8.800172,-5.7120442,Sentence,2
11.486267,-3.7916677,Sentence,0
7.332621,-0.11832528,Sentence,0
7.8152843,-1.1587249,Sentence,0
6.135501,-1.7693026,Sentence,0
8.46767,-2.3324082,Sentence,1
9.351556,-0.8023943,Sentence,0
5.875578,-2.3264,Sentence,0
7.7239933,-5.0842533,Sentence,2
7.3297324,-2.7431989,Sentence,0
6.031379,-0.80301595,Sentence,0
6.801778,8.02392,Sentence,0
3.749475,-1.0610515,Sentence,0
6.3932085,-4.168849,Sentence,2
6.667054,-3.898684,Sentence,1
7.8045115,-4.2537947,Sentence,1
7.7109437,-4.287539,Sentence,1
8.120935,-3.7470796,Sentence,1
8.028106,-4.568523,Sentence,1
2.6327486,-1.2630295,Sentence,0
7.262679,-1.2852407,Sentence,0
5.135192,-1.3291879,Sentence,2
6.6214795,-3.115668,Sentence,0
6.113131,-0.65225595,Sentence,0
8.047345,-3.4604077,Sentence,1
4.085779,-1.6588349,Sentence,0
6.7993875,8.02521,Sentence,0
6.9397335,-2.4369743,Sentence,0
5.6462936,-3.8685987,Sentence,1
6.177112,-3.4879782,Sentence,1
7.8417516,-3.620813,Sentence,1
6.233666,-5.043205,Sentence,0
8.4612875,-4.822663,Sentence,1
8.351105,-4.946243,Sentence,1
7.2555995,-2.7078235,Sentence,1
10.722341,-4.9952745,Sentence,2
6.277657,-5.0065875,Sentence,2
7.5569067,-4.0977793,Sentence,1
6.744397,-2.4154856,Sentence,0
5.5466585,-1.6042637,Sentence,0
9.470686,-4.836722,Sentence,2
10.843984,-3.006367,Sentence,0
7.5422597,-4.0001993,Sentence,1
9.216917,-5.2852097,Sentence,2
6.771439,-1.6283834,Sentence,0
8.654716,-1.3839288,Sentence,0
7.2344027,-1.9165523,Sentence,0
8.956996,-5.1639657,Sentence,2
7.080942,-4.3295116,Sentence,1
6.666568,-3.8462226,Sentence,1
7.0365443,-2.119336,Sentence,0
7.854597,-4.2146244,Sentence,1
6.668021,-4.5598288,Sentence,2
8.488745,-4.8955755,Sentence,2
9.112498,-3.9182146,Sentence,2
6.3374634,-4.782884,Sentence,1
8.074464,-4.0427494,Sentence,1
6.0840106,-1.3781983,Sentence,2
8.098296,-4.1530013,Sentence,1
9.784237,-2.4354064,Sentence,1
6.4984565,-1.8818456,Sentence,0
7.307034,-3.5359325,Sentence,1
7.47873,-2.361386,Sentence,2
8.58827,-4.948403,Sentence,2
6.9019394,-0.96884894,Sentence,0
7.1610885,-3.9386725,Sentence,1
6.0273576,-0.29231584,Sentence,2
6.8121543,-1.1941352,Sentence,0
6.450699,-0.12722461,Sentence,0
9.028411,-5.3748493,Sentence,2
6.9423294,-4.214904,Sentence,1
5.2426767,-3.1292522,Sentence,0
6.4370074,-3.6822336,Sentence,2
7.4255495,-3.7228837,Sentence,1
8.316718,-4.3317804,Sentence,1
7.7354655,-1.2527306,Sentence,0
6.2990613,-4.88112,Sentence,1
8.544689,-4.882184,Sentence,2
9.466207,-3.5381987,Sentence,2
8.27579,-3.7774892,Sentence,1
9.440778,-5.743648,Sentence,2
7.0191317,-3.4963155,Sentence,1
11.620422,-4.9448147,Sentence,0
6.4709387,-0.18864399,Sentence,0
8.227469,-4.671282,Sentence,1
8.5103445,-1.9144065,Sentence,0
5.801059,-2.3258967,Sentence,0
6.5452995,-2.8907478,Sentence,1
5.577879,-3.8064423,Sentence,0
8.673046,-2.690401,Sentence,2
8.682148,-4.8135443,Sentence,2
6.3982606,-3.0553858,Sentence,0
6.4095764,-3.1279423,Sentence,0
7.603769,-3.8126776,Sentence,2
7.7315826,-4.8525796,Sentence,2
8.261529,-4.8552256,Sentence,2
7.948207,-4.2218466,Sentence,1
8.528165,-4.4933996,Sentence,1
10.130104,-1.7079717,Sentence,1
6.416057,-3.2727342,Sentence,1
10.434147,-2.652667,Sentence,2
9.144942,-4.629901,Sentence,2
8.521132,-3.7078106,Sentence,1
8.92009,-1.0523285,Sentence,0
9.584205,-2.0670717,Sentence,1
7.596592,-3.7787683,Sentence,1
6.8674946,-4.6778417,Sentence,2
7.3591695,-3.7274747,Sentence,1
6.799651,8.025119,Sentence,0
7.538859,-3.2552357,Sentence,2
10.508182,-0.93407303,Sentence,1
7.4030313,-3.2451062,Sentence,1
6.672111,-3.9221826,Sentence,1
8.664845,-5.333994,Sentence,2
9.216334,-2.384475,Sentence,0
9.907562,-3.8398688,Sentence,1
10.671348,-4.8142815,Sentence,2
7.1743064,-0.46280447,Sentence,0
6.591566,-3.8306682,Sentence,2
9.259337,-0.6078289,Sentence,0
8.093578,-1.2308339,Sentence,1
6.2232757,0.5188039,Sentence,0
8.617646,-3.2845469,Sentence,1
8.022247,-3.649081,Sentence,1
8.022997,-3.081294,Sentence,2
8.38184,-3.1797686,Sentence,1
8.923587,-4.32828,Sentence,2
6.1834807,-0.40067732,Sentence,0
6.6729045,-3.4496596,Sentence,1
7.037811,-3.8125165,Sentence,1
6.7443986,-4.543848,Sentence,1
7.54872,-4.897791,Sentence,2
9.2918415,-5.798413,Sentence,2
8.29471,-4.927885,Sentence,2
8.5566025,-5.2740803,Sentence,2
7.231368,-1.7772623,Sentence,0
7.10122,-4.3312674,Sentence,1
9.42119,-2.544719,Sentence,0
7.3014116,-0.24561879,Sentence,0
6.221277,-5.026993,Sentence,0
10.225189,-2.225905,Sentence,1
9.937953,-1.3129267,Sentence,0
8.593652,-1.999788,Sentence,0
8.138869,-5.229103,Sentence,2
7.0332813,-4.312066,Sentence,1
8.048566,-2.8454278,Sentence,2
8.356533,-3.792448,Sentence,1
5.802389,-3.0743232,Sentence,2
8.136138,-4.627389,Sentence,1
11.877247,-3.8292189,Sentence,0
6.1601105,-0.009215946,Sentence,0
10.14898,-4.6477056,Sentence,2
7.115192,-4.6206737,Sentence,1
10.35945,-4.2108855,Sentence,2
9.5068655,-3.4010708,Sentence,2
7.2154565,2.1868222,Sentence,0
7.2179484,-4.6177945,Sentence,1
7.5058603,-2.2003145,Sentence,0
7.248256,0.7305023,Sentence,0
7.1360846,-1.3411655,Sentence,0
7.9832277,-4.898068,Sentence,2
8.193874,-4.790831,Sentence,1
6.889039,-3.9670327,Sentence,1
8.724252,-4.4725327,Sentence,2
7.4375896,-1.7059449,Sentence,0
6.9266715,-1.9662368,Sentence,0
6.9200287,-3.284379,Sentence,1
8.904178,-4.6942997,Sentence,2
4.8144684,-0.6624452,Sentence,0
8.507192,-4.277737,Sentence,2
6.051275,0.24611299,Sentence,0
8.835582,-5.132962,Sentence,2
7.368838,-4.1166196,Sentence,1
6.450307,-3.1561043,Sentence,1
9.791006,-2.4434621,Sentence,1
8.462587,-1.9774457,Sentence,0
7.45418,-3.7510746,Sentence,1
8.214302,-4.6652007,Sentence,2
10.336148,-5.1767797,Sentence,2
8.024778,-4.282088,Sentence,1
9.26594,-4.423786,Sentence,2
8.020906,-5.268692,Sentence,2
8.090595,-5.217358,Sentence,2
7.764247,-4.7529087,Sentence,1
8.160805,-5.2270274,Sentence,2
10.259479,-4.343321,Sentence,0
9.893473,-4.5913353,Sentence,2
7.5770435,-3.9651692,Sentence,1
8.972985,-1.8406225,Sentence,0
7.082528,-4.354587,Sentence,1
9.116372,-5.4759593,Sentence,2
6.2358584,-3.534197,Sentence,0
8.49871,-4.981309,Sentence,2
6.674011,-2.4835396,Sentence,2
6.9206314,-1.9325991,Sentence,0
6.799342,8.02425,Sentence,0
8.847039,-3.059524,Sentence,1
7.5977793,-3.5049975,Sentence,1
8.208511,-3.7936244,Sentence,1
6.1520505,-3.3137636,Sentence,0
6.4714737,-3.8234124,Sentence,2
9.847417,-2.9032466,Sentence,1
8.938853,-4.1146455,Sentence,2
7.822759,-1.6072197,Sentence,0
7.140655,0.67852706,Sentence,0
8.490993,-3.5622904,Sentence,1
10.459403,-4.551775,Sentence,2
2.3808117,-0.5588807,Sentence,0
9.739355,-2.6776063,Sentence,1
8.1731615,-5.260669,Sentence,2
10.34258,-2.0600517,Sentence,0
7.9270372,-4.6672907,Sentence,1
6.5370154,-0.97171617,Sentence,0
7.9272356,-5.508448,Sentence,2
6.5979886,-3.5711358,Sentence,0
6.5558715,-3.7298186,Sentence,1
7.874862,-3.9236114,Sentence,1
9.749906,-4.3214154,Sentence,2
10.381243,-4.83532,Sentence,2
8.924324,-2.6703413,Sentence,2
6.070954,-0.3410829,Sentence,0
9.344734,-2.3386698,Sentence,1
7.0206466,-3.5094109,Sentence,1
7.7903013,-4.300375,Sentence,1
10.436168,-4.4023337,Sentence,2
10.018543,-2.1283026,Sentence,1
6.246774,-0.9535397,Sentence,0
11.264411,-4.993741,Sentence,2
8.791659,-1.7964925,Sentence,0
7.5568447,-5.060597,Sentence,1
7.8066545,-3.337812,Sentence,1
8.439683,-4.5146747,Sentence,1
8.234198,-3.0262003,Sentence,2
7.8296943,-5.4616575,Sentence,2
9.205666,-3.511542,Sentence,1
7.5140224,-4.672205,Sentence,2
8.111108,-5.154305,Sentence,2
10.714261,-3.2323341,Sentence,0
6.7940135,-4.777649,Sentence,1
7.047038,-3.8260972,Sentence,1
8.305153,-4.760494,Sentence,1
7.7230835,-1.5113871,Sentence,0
8.693493,-3.7277272,Sentence,1
7.5847964,-1.6414499,Sentence,0
8.411113,-2.982438,Sentence,1
2.2132814,-5.15711,Sentence,0
7.2836266,-4.3505654,Sentence,1
10.004435,-1.8924003,Sentence,0
9.613459,-4.8452754,Sentence,2
9.205447,-4.404793,Sentence,2
8.891881,-2.5740895,Sentence,2
9.054955,-3.5846615,Sentence,0
6.144744,-3.52765,Sentence,1
7.0588813,1.0658411,Sentence,0
10.88411,-5.125248,Sentence,2
7.1350956,-4.607063,Sentence,1
6.2229795,-5.0338564,Sentence,2
6.93726,-2.6125185,Sentence,0
8.061176,-0.18626416,Sentence,0
8.895287,-2.0958405,Sentence,0
6.582011,-4.4810257,Sentence,1
7.379346,-2.9845629,Sentence,1
9.074102,-4.681364,Sentence,2
7.0897193,-4.105629,Sentence,1
7.355407,-3.7591531,Sentence,1
7.982978,-2.3687966,Sentence,1
10.386711,-1.7706624,Sentence,0
8.873079,-4.9904027,Sentence,2
6.638476,-3.4043205,Sentence,1
8.836017,-4.996674,Sentence,2
7.1198797,-2.7745483,Sentence,0
10.310336,-2.029962,Sentence,1
6.0219884,-1.2006906,Sentence,0
9.2970495,-0.82348794,Sentence,0
8.144524,-4.542298,Sentence,2
6.885015,-3.523288,Sentence,1
10.073661,-3.9783647,Sentence,2
7.3872614,-3.7972395,Sentence,1
6.8026175,8.021485,Sentence,0
9.496735,-2.1810043,Sentence,1
8.724491,-5.4986596,Sentence,2
7.6267433,-3.6542664,Sentence,1
8.142295,-2.2177935,Sentence,2
6.4162393,-1.0892713,Sentence,0
8.862935,-2.3235128,Sentence,2
10.122086,0.1961408,Sentence,0
8.345325,-2.4979255,Sentence,2
9.623364,-1.9359953,Sentence,1
11.5571785,-4.9549284,Sentence,0
8.4717245,-3.2186463,Sentence,1
7.1758585,-2.6725569,Sentence,1
3.118737,-1.2729672,Sentence,0
9.60735,-3.1835241,Sentence,2
8.00808,-3.8758268,Sentence,1
10.530831,-1.1496805,Sentence,1
9.231549,-3.7909102,Sentence,2
8.140569,-4.541091,Sentence,1
6.528114,-0.74891096,Sentence,0
9.545164,-4.93398,Sentence,2
9.156028,-5.303446,Sentence,2
8.3031,-2.801733,Sentence,1
8.9022665,-4.9632444,Sentence,2
7.102166,-0.22074345,Sentence,0
7.357507,-4.1541595,Sentence,1
8.536376,-4.7002525,Sentence,1
8.591686,-3.9782531,Sentence,1
5.8361144,-1.0559839,Sentence,0
8.927369,-3.8449996,Sentence,2
9.172698,-5.2673736,Sentence,2
6.170417,-1.1037059,Sentence,0
5.2718806,-1.1946054,Sentence,2
10.350237,-4.5441937,Sentence,2
6.3533335,-0.3776676,Sentence,0
7.97592,-4.64816,Sentence,1
11.319143,-4.427715,Sentence,0
6.29326,-4.968154,Sentence,2
6.9917955,-2.1385639,Sentence,0
6.975532,-4.469783,Sentence,2
7.8324265,-4.1670036,Sentence,1
8.654595,-3.2432756,Sentence,1
6.6382685,-2.2653008,Sentence,0
8.031965,-4.267741,Sentence,1
9.421851,-3.9980142,Sentence,2
6.245078,-2.4661267,Sentence,0
9.919369,-2.5024297,Sentence,0
8.175292,-5.782942,Sentence,2
10.432802,-1.864815,Sentence,1
6.239415,-1.7049627,Sentence,0
7.674524,-5.279595,Sentence,2
8.814615,-4.61226,Sentence,2
10.2794695,-1.056461,Sentence,1
8.591356,-3.6136696,Sentence,1
8.039372,-3.5901227,Sentence,1
7.8731947,-4.7332225,Sentence,1
9.207923,-4.00181,Sentence,0
7.515745,-4.8958564,Sentence,2
6.380674,-2.4658144,Sentence,0
8.578369,-3.5466533,Sentence,1
9.683372,-5.090563,Sentence,2
6.7991776,8.025098,Sentence,0
10.020522,0.5029646,Sentence,0
8.05809,-4.2440724,Sentence,2
9.925932,-1.88888,Sentence,1
10.609053,-1.3148267,Sentence,0
7.932915,-1.7898152,Sentence,0
6.798881,8.026972,Sentence,0
6.874116,-2.2716544,Sentence,0
7.797641,0.06546825,Sentence,0
11.450765,-4.3892145,Sentence,2
7.640217,-3.8822114,Sentence,1
6.4773755,-2.9993577,Sentence,0
7.248936,-4.3603826,Sentence,1
8.818082,-4.352528,Sentence,2
6.421569,-3.3262646,Sentence,1
8.2237425,-1.6195883,Sentence,1
10.169647,-2.0143538,Sentence,1
8.802904,-4.585773,Sentence,2
7.3048577,-1.956057,Sentence,0
9.5714655,-1.152536,Sentence,1
10.704893,-1.585974,Sentence,0
8.078961,-4.544658,Sentence,2
7.472653,-4.038941,Sentence,1
7.96571,-4.723582,Sentence,1
7.870519,-5.0484734,Sentence,1
7.6897354,-4.0569763,Sentence,1
8.251462,-3.3092604,Sentence,1
7.0415688,-4.176571,Sentence,1
9.139722,-2.567517,Sentence,1
8.687817,-5.364755,Sentence,2
5.978238,-0.29752246,Sentence,0
7.249171,-3.7463655,Sentence,1
9.1189785,-3.9150314,Sentence,1
10.3697605,-1.5524126,Sentence,0
6.3629475,-2.5712903,Sentence,0
10.189761,-0.09293439,Sentence,1
9.989902,-5.2654834,Sentence,2
7.1245117,-4.7130647,Sentence,1
7.9558415,-3.8926573,Sentence,1
8.610263,-4.1334705,Sentence,1
7.161967,0.7090567,Sentence,0
10.739896,-1.8762265,Sentence,0
9.059157,-5.352327,Sentence,2
7.300316,-0.90116423,Sentence,0
9.311855,-5.334656,Sentence,2
4.5244856,-1.4212246,Sentence,2
7.300115,-0.0028171449,Sentence,0
7.314702,-3.949972,Sentence,1
4.2786145,-2.5229335,Sentence,0
4.696339,-0.9712449,Sentence,2
7.4169755,-3.752279,Sentence,1
4.4639277,-2.677055,Sentence,1
8.868405,-3.1484804,Sentence,1
7.9670777,-3.6623979,Sentence,1
6.799761,-3.7391596,Sentence,1
9.812151,-4.75035,Sentence,2
9.19572,-5.2435813,Sentence,2
7.842916,-4.2642813,Sentence,1
8.245735,-4.4186997,Sentence,2
5.9899125,-0.58481497,Sentence,0
8.360239,-3.1534548,Sentence,1
8.514958,-4.567817,Sentence,1
6.6237,-4.019542,Sentence,1
9.912974,-2.4123316,Sentence,1
3.5019145,-1.2845042,Sentence,0
8.134126,-3.5941875,Sentence,1
6.992212,-2.7986536,Sentence,1
10.173607,-4.423046,Sentence,2
9.044489,-3.3546054,Sentence,0
8.574844,-4.461349,Sentence,2
7.689514,-5.1072707,Sentence,1
7.5638003,-5.087383,Sentence,2
10.185811,-1.7882588,Sentence,0
6.5913773,-4.122121,Sentence,1
9.060132,-1.7431002,Sentence,0
11.537673,-4.0436177,Sentence,0
8.749417,-5.231408,Sentence,2
8.651091,-5.551171,Sentence,2
6.37291,-0.3437438,Sentence,0
9.522489,-1.3866258,Sentence,0
8.006869,-4.9179277,Sentence,1
6.957802,-2.8450918,Sentence,2
10.511612,-1.7281259,Sentence,0
9.266599,-0.87866664,Sentence,0
7.5000105,-4.412766,Sentence,1
8.320987,-3.869539,Sentence,1
6.469944,-4.281465,Sentence,1
9.455816,-5.4617147,Sentence,2
8.699359,-4.605284,Sentence,2
8.70211,-5.552737,Sentence,2
6.8583446,-2.793187,Sentence,1
5.335699,-0.097974226,Sentence,0
7.176904,-3.853159,Sentence,1
6.9888496,-2.1948876,Sentence,0
6.886062,-3.6301565,Sentence,1
7.7351995,-4.3679657,Sentence,1
8.471017,-4.534487,Sentence,1
8.697542,-4.2226396,Sentence,2
6.974027,-0.58102506,Sentence,0
11.502905,-3.5472865,Sentence,0
8.893034,-5.1561284,Sentence,2
6.269334,-0.85888803,Sentence,0
7.8310666,-2.809098,Sentence,1
6.3669567,-0.33685574,Sentence,0
6.316437,-4.1637397,Sentence,1
8.801747,-3.882462,Sentence,2
7.4205027,-3.4286163,Sentence,1
8.648272,-5.16712,Sentence,2
10.249268,0.070627235,Sentence,0
6.9919534,-3.6882133,Sentence,1
8.649092,-4.1073294,Sentence,2
8.295291,-3.812843,Sentence,1
7.2946143,0.38010857,Sentence,0
6.0718656,0.27607864,Sentence,0
9.175665,-1.7707764,Sentence,1
11.296546,-4.196537,Sentence,2
4.2838306,-1.4277523,Sentence,0
6.4252477,-3.82718,Sentence,1
10.331787,-4.9239893,Sentence,2
6.414147,-2.4858284,Sentence,0
8.963896,-1.7443475,Sentence,0
9.251535,-2.8443203,Sentence,2
7.4700108,-2.094788,Sentence,1
9.684755,-2.2204273,Sentence,1
7.0950217,-1.1037279,Sentence,0
6.5443745,-0.18081094,Sentence,0
6.4791183,-2.2829435,Sentence,0
10.199348,-5.1563563,Sentence,2
9.676418,-4.7774425,Sentence,2
6.2577524,-3.6699893,Sentence,1
9.409984,-4.4603596,Sentence,2
8.289689,-3.4850929,Sentence,1
8.980581,-2.6187453,Sentence,1
8.358241,-3.884882,Sentence,1
7.509909,-0.7780738,Sentence,0
10.559308,-4.9785075,Sentence,2
8.953037,-4.5513597,Sentence,2
6.4601526,-2.7192745,Sentence,0
7.031801,-4.298379,Sentence,1
6.5703926,-1.4562395,Sentence,0
9.254354,-3.555045,Sentence,2
6.8015647,8.023105,Sentence,0
7.055447,-2.6187115,Sentence,0
8.094531,-0.82295966,Sentence,0
7.6116147,-0.81070125,Sentence,0
5.940545,-2.0031958,Sentence,2
8.970512,-5.1803226,Sentence,2
9.173996,-2.8530796,Sentence,1
6.1700263,-3.6105201,Sentence,1
6.3397336,-4.1458035,Sentence,2
6.751724,-3.0132763,Sentence,1
7.6072993,-4.0367613,Sentence,1
8.34617,-4.8091426,Sentence,2
6.7815194,-4.3876996,Sentence,1
10.282702,-1.4810431,Sentence,0
7.0077167,-1.7774554,Sentence,0
5.919581,-3.2629237,Sentence,2
8.015292,-3.938953,Sentence,1
6.103014,-1.272012,Sentence,2
9.962437,-4.1591196,Sentence,2
6.8008485,-3.9897325,Sentence,1
8.517236,-3.4976103,Sentence,1
8.915657,-5.169377,Sentence,2
6.5370045,-2.1682408,Sentence,0
9.918053,-3.4894996,Sentence,1
8.37918,-3.3675764,Sentence,1
6.9375124,-4.266102,Sentence,1
6.348498,-3.405623,Sentence,0
7.341059,-4.6786933,Sentence,1
10.502128,-2.4531918,Sentence,1
6.177773,-3.6431174,Sentence,1
9.19574,-0.5932063,Sentence,0
9.13999,-5.1228395,Sentence,2
6.993964,-3.3414555,Sentence,1
6.946627,-2.7079508,Sentence,1
7.8258066,-3.607727,Sentence,1
6.271033,-2.2726753,Sentence,0
7.2601542,-3.234435,Sentence,1
10.233347,-4.8998175,Sentence,2
4.0950394,-1.4584398,Sentence,0
7.905535,-3.910542,Sentence,1
2.9084032,-1.3036625,Sentence,0
8.4386,-5.2310157,Sentence,2
7.2590218,-4.6518154,Sentence,1
10.250113,-0.1939396,Sentence,1
9.18142,-2.8636222,Sentence,0
9.588893,-1.5733101,Sentence,0
8.188712,-1.798629,Sentence,0
7.3860807,-4.8065524,Sentence,1
7.214072,-2.395697,Sentence,0
9.139156,-5.6018696,Sentence,2
7.43427,0.1581332,Sentence,0
8.48117,-4.961676,Sentence,2
9.475429,-5.1196313,Sentence,2
8.6907425,-4.046601,Sentence,2
6.983161,-4.6517744,Sentence,1
4.7648563,-0.2339669,Sentence,2
8.003603,-3.905087,Sentence,1
8.991941,-4.3990803,Sentence,2
8.36249,-4.3517714,Sentence,1
7.993516,-3.86436,Sentence,1
6.980992,-0.4069007,Sentence,0
7.661366,-3.7303839,Sentence,1
7.197087,-3.488594,Sentence,1
6.779363,-3.0578995,Sentence,1
6.36884,-4.270826,Sentence,1
8.9727335,-3.6354563,Sentence,1
10.344933,-2.4245484,Sentence,1
8.286344,-5.267423,Sentence,2
7.215575,2.187855,Sentence,0
9.111792,-1.5029664,Sentence,0
10.002549,-0.9792054,Sentence,1
7.4534655,-4.537607,Sentence,2
8.756715,-3.2360537,Sentence,1
8.114158,-4.4799476,Sentence,1
10.086908,-5.015851,Sentence,2
8.204069,-0.69533354,Sentence,0
6.829449,-0.9607981,Sentence,0
7.4107723,-4.131927,Sentence,2
10.550463,-3.0132697,Sentence,0
10.887568,-2.1986716,Sentence,0
6.7710323,-4.3296747,Sentence,1
8.820637,-4.7307835,Sentence,2
9.479953,-0.43732536,Sentence,0
9.570486,-5.664049,Sentence,1
9.085079,-4.688375,Sentence,2
6.8787365,-2.1095178,Sentence,1
9.892184,-3.5528102,Sentence,2
7.0596623,0.6262903,Sentence,0
6.1878138,0.15443464,Sentence,0
9.146768,-5.3977823,Sentence,2
9.730415,0.25564966,Sentence,0
8.113826,-5.6375656,Sentence,2
6.306621,-3.3098316,Sentence,0
8.114067,-5.412614,Sentence,2
7.924279,-1.0370978,Sentence,0
7.2083306,-2.9822032,Sentence,1
7.2818613,-3.288635,Sentence,1
8.168814,-3.4656484,Sentence,1
7.298672,-4.845642,Sentence,1
10.444013,-2.4143484,Sentence,1
10.792376,-1.8481499,Sentence,1
8.8126135,-4.375443,Sentence,2
9.1164875,-4.4465466,Sentence,2
10.6936245,-1.9399619,Sentence,1
7.1058197,-4.7025537,Sentence,1
7.221298,0.6843142,Sentence,0
8.049141,-4.8080325,Sentence,2
6.793042,-3.3280747,Sentence,1
8.090498,-4.9564285,Sentence,2
6.85136,-3.704457,Sentence,1
6.942642,-2.8999453,Sentence,0
7.0849795,-3.7958174,Sentence,1
7.0035267,-2.6047008,Sentence,1
8.922598,-3.6156511,Sentence,2
8.076283,-4.0712595,Sentence,1
5.7445517,-1.0917069,Sentence,0
10.191464,-1.770256,Sentence,0
6.893595,-4.142966,Sentence,1
8.212955,-3.788098,Sentence,1
9.60809,-4.606661,Sentence,2
9.381455,-4.670459,Sentence,2
7.66848,-2.6952837,Sentence,1
6.8900685,0.25829026,Sentence,0
7.3683333,-4.182529,Sentence,1
7.5243473,-3.9916766,Sentence,1
9.127773,-4.6387563,Sentence,2
10.595003,-0.73429894,Sentence,0
6.822005,-3.811397,Sentence,1
9.08733,-4.2592416,Sentence,2
8.45598,-3.7716672,Sentence,1
8.738306,-4.0580106,Sentence,2
6.7329865,-4.071577,Sentence,1
6.832418,-3.7831933,Sentence,1
7.3222046,-3.9859984,Sentence,1
9.195471,-1.9072428,Sentence,0
3.8057563,-1.1935827,Sentence,0
6.796198,-3.635896,Sentence,1
6.4903116,-2.3754668,Sentence,0
2.9903119,3.1755176,Sentence,0
8.448756,-5.3058043,Sentence,2
8.429888,-3.6849976,Sentence,1
8.128428,-3.9426208,Sentence,2
7.74993,-2.22212,Sentence,0
7.012819,-2.4854681,Sentence,0
2.9901102,3.1757596,Sentence,0
9.582542,-4.960433,Sentence,2
7.659432,-3.9568446,Sentence,1
7.35734,-1.7121849,Sentence,0
6.7696223,-1.5528669,Sentence,0
9.197473,-5.091114,Sentence,2
8.339781,-3.490366,Sentence,2
7.2502365,-4.9357476,Sentence,2
9.315085,-2.9208605,Sentence,1
7.6239614,-0.68153334,Sentence,0
10.059438,-1.7650784,Sentence,0
8.702926,-3.990273,Sentence,2
7.833998,-4.2629776,Sentence,1
10.312536,-4.810411,Sentence,2
6.4515953,-2.8078547,Sentence,1
8.457988,-2.4953537,Sentence,1
9.267494,-2.9526172,Sentence,1
5.944815,-1.2267566,Sentence,0
7.674776,-0.5020683,Sentence,0
8.951666,-4.2786703,Sentence,2
9.7566595,-5.814636,Sentence,2
9.116835,-2.2836974,Sentence,0
6.468858,-2.992539,Sentence,2
6.896056,-4.5716076,Sentence,1
6.8883896,-3.8746924,Sentence,1
6.2143517,-3.5626974,Sentence,1
7.4039044,-3.7971768,Sentence,1
7.3700333,-4.619075,Sentence,1
5.316719,-1.7407268,Sentence,1
6.669835,-0.07773303,Sentence,0
8.062369,-4.1949363,Sentence,1
9.899358,-2.5955024,Sentence,2
6.4143767,-0.8377393,Sentence,0
8.403519,-0.0049875076,Sentence,0
6.4700856,-2.5769908,Sentence,1
9.066029,-4.4302907,Sentence,2
7.4654713,1.6435761,Sentence,0
6.817233,-4.146302,Sentence,1
10.111394,-1.4376397,Sentence,1
8.37603,-4.5553384,Sentence,1
6.2468276,-5.0148764,Sentence,2
6.8698707,-3.575293,Sentence,1
7.77258,-0.24914244,Sentence,0
3.8882508,-0.54517525,Sentence,0
2.6318414,-1.2627444,Sentence,0
7.328102,-4.1785316,Sentence,1
10.843396,-2.3242924,Sentence,1
9.909375,-4.413443,Sentence,1
9.28132,-5.103548,Sentence,2
7.1153746,-4.446954,Sentence,1
9.665801,-4.7934723,Sentence,2
9.950359,-1.8566457,Sentence,1
6.7877455,-3.505176,Sentence,1
7.828651,-4.7047515,Sentence,1
8.991985,-3.4472117,Sentence,2
10.964814,-1.9042873,Sentence,0
7.143124,-2.151444,Sentence,0
4.919725,-1.6897155,Sentence,0
8.692851,-4.1757894,Sentence,1
6.9731,-2.6046805,Sentence,0
10.127297,-5.1072197,Sentence,2
8.427608,-4.4105487,Sentence,1
8.917933,-5.2208204,Sentence,2
6.2333665,-0.04128955,Sentence,0
7.8506565,-4.2642303,Sentence,2
9.074047,-3.6345067,Sentence,1
9.776944,-2.331292,Sentence,1
6.7265353,-3.8023055,Sentence,1
10.050204,-1.5021522,Sentence,0
9.970204,-3.205021,Sentence,2
10.744504,-4.7050934,Sentence,2
10.944882,-4.4606624,Sentence,0
9.533726,-3.22505,Sentence,0
11.271579,-3.4363093,Sentence,0
2.3817883,-0.5589295,Sentence,0
8.150772,-3.3575747,Sentence,1
9.335177,-2.4290063,Sentence,1
7.746832,-2.8840425,Sentence,0
7.583465,-4.5667677,Sentence,1
6.5148296,-3.895295,Sentence,1
8.308811,-5.2927203,Sentence,2
6.7402215,-3.515202,Sentence,1
8.72278,-1.6320184,Sentence,0
9.479218,-4.019666,Sentence,2
9.973019,-5.240423,Sentence,2
6.871186,-2.3951652,Sentence,0
8.120114,-2.1222744,Sentence,2
9.588451,-2.5590465,Sentence,1
7.72279,-0.49734825,Sentence,0
8.161321,-3.4402258,Sentence,1
8.101136,0.09846816,Sentence,0
7.333125,-2.2892773,Sentence,0
6.7989583,-2.799358,Sentence,1
8.902115,-3.5747504,Sentence,0
8.3901415,-1.7009971,Sentence,0
7.8590126,-4.950952,Sentence,2
6.35564,-2.6607616,Sentence,2
7.8994,-4.570103,Sentence,1
8.819702,-5.4856253,Sentence,2
8.535172,-4.444425,Sentence,2
6.712197,-4.019107,Sentence,1
9.077042,-3.9446557,Sentence,2
4.0154643,-1.2414604,Sentence,0
7.8988833,-2.290256,Sentence,0
7.9754157,-3.575478,Sentence,1
8.426213,-4.20428,Sentence,1
6.593426,-2.9106565,Sentence,1
9.033494,-2.3130481,Sentence,0
10.538505,-1.6087191,Sentence,2
8.489392,-5.546422,Sentence,2
7.4121437,-2.1858444,Sentence,1
7.091475,-4.3939657,Sentence,1
7.947244,-2.8282282,Sentence,2
7.5138702,-3.0074482,Sentence,1
7.3902435,-3.6394377,Sentence,1
8.137199,-4.674277,Sentence,2
6.988972,-2.368314,Sentence,0
8.160759,-4.3179092,Sentence,1
8.845112,-5.310643,Sentence,2
10.397763,-4.5447097,Sentence,2
7.6512947,-3.4263687,Sentence,1
9.629001,-2.6094053,Sentence,1
8.189142,-4.1068006,Sentence,1
7.6554856,-4.832104,Sentence,1
7.821251,-3.075976,Sentence,1
8.778974,-3.774704,Sentence,2
10.204913,-4.6025467,Sentence,2
8.43658,-4.84961,Sentence,2
11.057671,-3.4695847,Sentence,2
6.268974,-5.006454,Sentence,1
9.4579115,-5.6365457,Sentence,2
8.162996,-3.544131,Sentence,1
7.0175333,-3.7470148,Sentence,1
6.7291927,-3.287195,Sentence,1
7.6091833,-4.5639405,Sentence,1
7.053883,-0.6823147,Sentence,0
7.8513374,-4.1798654,Sentence,1
8.544264,-3.859709,Sentence,2
9.247041,-0.91726184,Sentence,0
7.3940325,-2.1615734,Sentence,0
8.359235,-4.95241,Sentence,2
7.6253004,-1.6009225,Sentence,0
6.282613,-0.6472862,Sentence,0
6.7487288,-4.39976,Sentence,1
8.234356,-5.569916,Sentence,2
3.6092563,-1.718724,Sentence,0
6.44057,-3.9452066,Sentence,1
6.6989536,-0.33818978,Sentence,0
7.262754,-3.9825654,Sentence,1
8.572889,-5.076608,Sentence,2
6.666735,-4.342118,Sentence,1
8.92077,-4.2586746,Sentence,1
10.482981,-1.6342633,Sentence,1
8.631278,-4.980957,Sentence,2
8.133243,-4.503396,Sentence,2
9.171051,-5.2234783,Sentence,2
7.232292,-1.6147639,Sentence,2
8.851498,-4.2150307,Sentence,2
7.189505,-4.614125,Sentence,1
8.932863,-1.8175918,Sentence,0
6.210585,-1.0078642,Sentence,0
9.573766,-2.2249513,Sentence,1
7.67526,-1.8853989,Sentence,0
7.7381988,-3.7628415,Sentence,1
6.929862,-3.6110575,Sentence,1
9.692448,-4.9274716,Sentence,2
7.294214,-4.256082,Sentence,1
10.563969,-4.1356516,Sentence,2
9.467743,-5.0298314,Sentence,2
11.204251,-2.8599505,Sentence,0
9.614598,-5.17243,Sentence,2
7.7135572,-2.902825,Sentence,1
6.375491,-1.8632818,Sentence,0
3.9796088,-0.25649473,Sentence,0
8.343552,-0.47803092,Sentence,0
7.6983094,-2.332216,Sentence,0
9.741516,-2.1964972,Sentence,1
8.345656,-5.235317,Sentence,2
8.28656,-3.86087,Sentence,2
9.130163,-5.2900486,Sentence,2
6.4483027,-4.552456,Sentence,1
9.45589,-5.3871727,Sentence,2
7.4633718,1.6475105,Sentence,0
10.169495,-4.57064,Sentence,2
7.6766577,-4.1532454,Sentence,1
2.2131293,-5.1572323,Sentence,0
6.771971,-3.6417644,Sentence,1
6.346065,0.38924935,Sentence,0
7.1073327,-1.783676,Sentence,2
6.2708683,-3.2550697,Sentence,1
7.3514566,-4.039087,Sentence,1
9.452959,-1.5346414,Sentence,1
7.4617853,-3.2263043,Sentence,1
7.856334,-4.2391877,Sentence,1
8.937655,-5.1165338,Sentence,2
9.48702,-5.150593,Sentence,2
6.343175,-0.84242064,Sentence,2
8.2358885,-5.358774,Sentence,2
9.940375,-5.086538,Sentence,2
8.5505085,-4.336327,Sentence,2
8.678412,-4.8509536,Sentence,2
9.4698,-5.3347535,Sentence,2
6.561986,-2.751571,Sentence,0
9.422697,-4.6259456,Sentence,2
8.258552,-2.7273796,Sentence,1
9.087848,-0.4157006,Sentence,0
8.165287,-3.8166676,Sentence,1
7.8210454,-4.533062,Sentence,1
11.49041,-3.6011577,Sentence,0
9.481025,-5.23211,Sentence,2
9.009207,-3.5037005,Sentence,2
6.3060026,-0.84043914,Sentence,0
8.810587,-2.795996,Sentence,0
9.363609,-0.7805453,Sentence,0
5.263455,-1.6172079,Sentence,2
9.294366,-1.0504867,Sentence,1
9.503119,-3.7229047,Sentence,2
8.200328,-5.3441277,Sentence,2
8.36447,-4.050788,Sentence,1
7.3661942,-4.6252007,Sentence,1
10.508857,-2.3778424,Sentence,0
8.823924,-4.6267314,Sentence,2
8.737239,-1.7805444,Sentence,0
6.7810006,-4.0787396,Sentence,1
8.301764,0.08361519,Sentence,0
10.600965,-1.839733,Sentence,0
9.246922,-1.4587224,Sentence,1
8.94801,-1.8233265,Sentence,0
5.28856,-1.6326323,Sentence,0
8.188113,-2.795338,Sentence,1
7.8959126,-2.0265884,Sentence,1
7.580673,-3.840376,Sentence,1
9.830961,-2.3012753,Sentence,1
9.040584,-3.2839892,Sentence,2
8.074474,-4.9955215,Sentence,2
8.644703,-4.037119,Sentence,2
9.239884,-5.270225,Sentence,2
8.993833,-1.3151053,Sentence,0
6.3654947,-3.5364625,Sentence,0
7.473039,-4.5727744,Sentence,2
6.846465,-1.785485,Sentence,2
7.7957587,-0.68765485,Sentence,0
6.148687,0.06874426,Sentence,0
9.491271,-3.039374,Sentence,2
5.7752824,-3.752091,Sentence,1
6.607723,-4.5087566,Sentence,2
6.3060913,0.08194461,Sentence,0
6.796542,-2.9468822,Sentence,0
7.815027,-2.498577,Sentence,0
8.84547,-4.7821894,Sentence,2
8.084488,-3.4000542,Sentence,1
6.184219,-0.96792585,Sentence,0
10.186008,0.1941003,Sentence,0
8.7049,-2.285676,Sentence,1
7.9614387,-0.60787135,Sentence,0
9.243642,-3.6432023,Sentence,2
10.508676,-1.6973443,Sentence,0
7.754733,-3.3207555,Sentence,1
8.338277,-1.2555951,Sentence,0
3.8870544,-1.1774359,Sentence,1
9.502314,-3.7862232,Sentence,2
8.579985,-4.228061,Sentence,2
6.327663,-4.0975256,Sentence,0
6.4003534,-4.2942395,Sentence,0
6.664505,-2.8385315,Sentence,1
11.848055,-3.6067169,Sentence,0
11.732745,-3.6482644,Sentence,0
9.69847,-4.789662,Sentence,2
6.8961577,-1.8711225,Sentence,0
11.033794,-4.8433166,Sentence,0
9.900772,-3.6475785,Sentence,2
7.170234,-2.417846,Sentence,1
11.484159,-4.130671,Sentence,0
9.680435,-1.4157407,Sentence,1
8.4209385,-5.6792555,Sentence,2
4.1261497,-0.6264415,Sentence,0
6.4665227,-2.649429,Sentence,0
8.066547,-1.5544133,Sentence,0
5.552212,-2.9966822,Sentence,2
7.4673796,-3.5219305,Sentence,1
9.789374,-1.2070787,Sentence,1
7.9158635,-3.3135324,Sentence,1
9.425901,-5.5069976,Sentence,2
8.887503,-5.1537776,Sentence,2
8.2945795,-4.33303,Sentence,1
7.4259715,-4.3298388,Sentence,1
7.5430164,-4.318769,Sentence,1
6.7544775,-3.695633,Sentence,1
6.1811447,0.61250085,Sentence,0
9.598055,-2.6986125,Sentence,1
7.783583,-4.894861,Sentence,1
9.7441025,-1.494636,Sentence,1
9.245971,-5.4978776,Sentence,2
6.6169753,-1.4569919,Sentence,0
7.5665727,-4.7846174,Sentence,2
6.3677063,0.10811882,Sentence,0
6.2033625,-3.89308,Sentence,0
6.7644444,-4.328103,Sentence,1
6.47506,-0.20181957,Sentence,0
6.466081,-2.2497637,Sentence,0
4.0995264,-1.719153,Sentence,0
6.8890667,-3.8389277,Sentence,1
9.678845,-3.2897341,Sentence,2
10.007062,-1.7314417,Sentence,1
6.657721,-2.2307005,Sentence,0
6.266229,-4.999301,Sentence,2
7.973215,-0.49933046,Sentence,0
7.565728,-3.7627285,Sentence,1
5.551578,-1.2124734,Sentence,2
8.293027,-3.2877185,Sentence,1
7.518086,-4.2845654,Sentence,1
11.582257,-4.963714,Sentence,0
7.3403773,-1.691047,Sentence,0
7.614826,-3.4510293,Sentence,1
9.369397,-4.955232,Sentence,2
6.930522,-2.9794302,Sentence,2
7.25219,-2.0053554,Sentence,0
8.601181,-5.537319,Sentence,2
6.450595,-1.6404737,Sentence,0
11.003861,-1.477325,Sentence,0
8.601826,-5.681475,Sentence,2
10.71163,-1.375072,Sentence,0
7.4340568,-3.2974467,Sentence,1
6.7288895,-3.1820962,Sentence,1
8.499948,-4.4915895,Sentence,2
7.8918977,-4.6087866,Sentence,1
7.913741,-3.5901713,Sentence,1
6.8316426,-2.7647347,Sentence,1
7.850938,-4.483287,Sentence,1
8.207999,-4.6654963,Sentence,2
7.473551,-4.0569835,Sentence,1
8.735878,-3.653548,Sentence,1
7.768428,-4.157087,Sentence,1
6.6608634,-2.1235428,Sentence,0
10.806136,-5.0363708,Sentence,2
8.920556,-4.5774407,Sentence,2
7.4390016,-3.20072,Sentence,1
10.181775,2.5910738,Sentence,0
6.867086,-2.3945484,Sentence,0
7.664855,-3.6826615,Sentence,1
11.865672,-3.6070092,Sentence,0
6.680896,-2.7401114,Sentence,1
6.647257,-1.8102812,Sentence,0
8.080511,-4.7282305,Sentence,2
8.299968,-4.408198,Sentence,1
10.355401,-4.0076985,Sentence,2
6.764521,-3.6196837,Sentence,1
7.6658063,-4.215193,Sentence,1
8.098115,-5.36684,Sentence,2
10.166413,-4.417504,Sentence,2
6.630729,-0.69669354,Sentence,0
7.035526,-0.5064719,Sentence,0
5.8279924,-2.4688113,Sentence,2
8.913075,-4.356885,Sentence,2
7.424764,-2.0815144,Sentence,0
9.519405,-5.0453506,Sentence,2
10.35975,-1.2445991,Sentence,0
6.90863,-3.9913921,Sentence,1
9.963638,-1.619892,Sentence,1
6.376342,-0.89664656,Sentence,2
7.0034738,-3.3773127,Sentence,1
8.84479,-2.9593413,Sentence,1
7.9264007,-0.31055012,Sentence,0
8.172799,-5.306054,Sentence,2
10.164965,-1.8277777,Sentence,1
6.2830067,-1.4476779,Sentence,0
9.419774,-4.2933917,Sentence,2
7.0995293,-4.3473425,Sentence,1
6.802438,8.023705,Sentence,0
9.4604645,-1.4195173,Sentence,1
9.724844,-2.287054,Sentence,1
8.310112,-0.95610213,Sentence,0
7.519142,-2.5040798,Sentence,1
6.7986836,8.025627,Sentence,0
9.767569,-2.7724066,Sentence,1
11.464926,-4.134009,Sentence,0
9.402025,-2.9492033,Sentence,1
9.513236,-1.8747629,Sentence,0
7.918984,-4.41725,Sentence,1
7.1957593,-2.376829,Sentence,0
7.9269886,-2.9758747,Sentence,2
8.779034,-5.4183264,Sentence,2
7.991724,-5.339416,Sentence,2
8.313932,-1.4339911,Sentence,0
9.649412,-1.3617227,Sentence,1
6.630589,-0.38441935,Sentence,0
8.476447,-5.437882,Sentence,2
8.598619,-0.3266622,Sentence,0
7.3821297,-4.3504195,Sentence,1
7.360063,-3.9418344,Sentence,1
7.027999,-2.6421232,Sentence,0
7.6551895,-3.9120932,Sentence,1
9.683977,-2.4166272,Sentence,1
8.305781,-4.7335567,Sentence,1
7.3196964,-4.3241906,Sentence,1
8.948459,-3.49902,Sentence,1
7.315725,-2.451735,Sentence,0
9.887847,-4.8740463,Sentence,2
7.1255774,-4.535123,Sentence,2
8.410085,-4.408667,Sentence,2
6.416527,-0.7304064,Sentence,2
10.771138,-4.649301,Sentence,2
4.382307,-1.1797223,Sentence,0
7.017737,0.65827054,Sentence,2
8.470183,-5.1437526,Sentence,2
8.180655,-4.845964,Sentence,2
10.314991,-2.2519693,Sentence,0
9.082331,-4.1572146,Sentence,2
10.2691145,0.08076178,Sentence,0
7.080247,-3.9299004,Sentence,1
8.635064,-4.766398,Sentence,2
9.404369,-1.6930709,Sentence,1
8.411584,-4.288758,Sentence,1
7.249631,-0.5327744,Sentence,0
7.140244,0.4397785,Sentence,0
7.1639237,-0.85786533,Sentence,0
7.0115547,-2.6910224,Sentence,0
7.505191,-2.8797748,Sentence,1
7.17166,-3.5190077,Sentence,1
7.710664,-4.182481,Sentence,1
7.52006,-4.323194,Sentence,2
3.8119638,-0.7745474,Sentence,0
7.688487,-2.9365437,Sentence,0
8.4709,-4.62043,Sentence,1
9.133869,-0.94032365,Sentence,0
10.253683,-2.4647896,Sentence,1
7.432732,-4.3029413,Sentence,1
7.6821404,-1.2990414,Sentence,0
5.5174026,-2.965102,Sentence,2
7.0723863,-2.1933062,Sentence,0
6.8468037,-1.8877559,Sentence,0
7.0788755,-2.3222852,Sentence,0
7.900089,-4.8392706,Sentence,2
7.1390095,-0.561322,Sentence,0
10.974145,-1.9044821,Sentence,0
8.4029255,-3.779748,Sentence,1
6.7643285,-2.3392665,Sentence,0
7.8676805,-5.1714153,Sentence,2
11.880591,-3.585692,Sentence,0
9.2904005,-5.171662,Sentence,2
11.017383,-4.565368,Sentence,2
9.965143,-4.4905267,Sentence,2
10.531838,-1.630922,Sentence,1
6.987143,-4.2877746,Sentence,1
5.921502,-2.5645049,Sentence,2
7.952342,-3.610654,Sentence,1
8.066362,-1.5004439,Sentence,0
6.62122,-3.3431747,Sentence,1
6.193634,-0.77847564,Sentence,0
11.485415,-4.1335554,Sentence,0
8.412408,-4.124666,Sentence,1
9.149683,-3.9091947,Sentence,2
5.7309074,-2.7042062,Sentence,0
6.9978867,-1.800282,Sentence,0
7.1258264,-3.6985595,Sentence,0
6.7773056,-4.0091147,Sentence,1
7.906668,-4.409841,Sentence,1
8.2265835,-1.7722423,Sentence,0
6.2350526,-0.13565113,Sentence,0
9.22879,-3.961776,Sentence,2
7.0918183,-2.2653174,Sentence,0
10.222945,-4.6033096,Sentence,2
6.8225446,-4.3966603,Sentence,1
6.602098,-3.6589243,Sentence,1
8.572587,-4.008799,Sentence,1
10.241215,-2.1908023,Sentence,1
7.692678,-4.167502,Sentence,1
6.4884834,-0.6570394,Sentence,0
6.3480234,-3.1472461,Sentence,0
7.182798,-3.960751,Sentence,1
2.5800529,-1.2432293,Sentence,0
7.0929556,-3.1339192,Sentence,2
9.735237,-2.9746673,Sentence,2
6.2591286,-3.6212776,Sentence,1
6.202045,-4.1289515,Sentence,0
7.486637,-0.4732502,Sentence,0
6.8340564,-2.327827,Sentence,0
7.1781697,-4.510264,Sentence,1
2.989937,3.1760042,Sentence,0
7.3243284,-3.9895353,Sentence,1
7.7972884,-5.125848,Sentence,1
8.597059,-5.1822424,Sentence,2
5.0876117,-1.2670004,Sentence,2
9.927449,-2.2019079,Sentence,1
6.327758,-2.4378402,Sentence,0
7.3670406,-4.3294425,Sentence,1
7.4523597,-3.471289,Sentence,1
8.173345,-3.8644714,Sentence,1
7.000066,-0.2760449,Sentence,0
8.937218,-1.2573495,Sentence,0
9.0794,-5.017228,Sentence,2
7.004442,-1.3089349,Sentence,0
9.300178,-1.0547128,Sentence,0
8.946888,-0.4108939,Sentence,0
8.855666,-4.168609,Sentence,2
7.555039,-3.8402007,Sentence,1
8.489559,-3.9813826,Sentence,1
6.941367,-4.1780334,Sentence,1
8.503068,-3.8101633,Sentence,1
6.2366304,-3.2744837,Sentence,0
7.7999144,-4.160983,Sentence,1
10.576659,-2.2352638,Sentence,1
8.132309,-4.5070662,Sentence,1
8.018204,-4.383928,Sentence,1
6.2338853,-2.577287,Sentence,0
8.838767,-3.325289,Sentence,2
8.543716,-3.8401675,Sentence,1
8.478428,-3.342845,Sentence,2
6.8219867,-3.0838969,Sentence,1
6.3222146,-4.976933,Sentence,1
6.970391,-4.4486127,Sentence,1
9.349638,-2.387071,Sentence,1
8.954728,-5.035694,Sentence,2
8.337352,-3.6360967,Sentence,1
6.917411,-4.6101103,Sentence,1
10.767657,-2.3227818,Sentence,1
7.9594,-2.8672233,Sentence,0
7.071058,-1.009569,Sentence,0
9.276485,-4.165855,Sentence,2
7.932728,-3.1203887,Sentence,1
7.4621964,-0.6913857,Sentence,0
8.254158,-5.566641,Sentence,2
6.5825806,-4.1759233,Sentence,1
9.393088,-2.2279966,Sentence,1
7.866724,-3.521309,Sentence,1
7.8012013,-3.2413,Sentence,1
7.164785,-4.0945687,Sentence,1
7.744855,-4.3186183,Sentence,2
7.4510336,-2.8964362,Sentence,1
9.36605,-2.3663187,Sentence,0
9.790362,-5.6497,Sentence,2
8.546838,-3.8867674,Sentence,1
8.066275,-4.3599586,Sentence,2
8.571884,0.33547378,Sentence,0
6.459698,-3.7114525,Sentence,1
7.180308,-4.3325744,Sentence,1
11.050697,-2.1968913,Sentence,0
9.670759,-4.763183,Sentence,2
5.7544627,-2.4014618,Sentence,0
7.3330708,0.44301647,Sentence,0
9.352428,-3.465756,Sentence,2
7.5704145,-2.6971955,Sentence,2
7.1304507,-4.866746,Sentence,1
6.8309712,-3.3418016,Sentence,1
9.825481,0.19068277,Sentence,0
7.625179,-0.8352828,Sentence,0
9.472109,-5.1137705,Sentence,2
6.819549,-1.5467011,Sentence,2
10.742752,-1.490471,Sentence,0
8.057062,-3.2905047,Sentence,1
7.203931,-4.2439094,Sentence,1
10.620216,-4.212927,Sentence,2
7.7195473,-4.6818132,Sentence,1
10.67697,-4.4198,Sentence,2
9.162352,-1.8047397,Sentence,0
7.2822347,-3.9142432,Sentence,1
9.220632,-4.3972106,Sentence,2
9.270578,-5.1324506,Sentence,2
7.3735185,-3.0548334,Sentence,2
6.9567084,0.44205207,Sentence,0
5.5901184,-2.4455361,Sentence,0
8.351312,-3.5204375,Sentence,1
6.831253,-2.557996,Sentence,2
8.322326,-3.9846177,Sentence,1
10.590422,-4.122965,Sentence,2
8.619799,-2.2370062,Sentence,1
10.186259,-1.4969661,Sentence,1
9.4249935,-5.2531734,Sentence,2
8.988404,-5.3745375,Sentence,2
7.381989,-3.8428812,Sentence,1
7.502603,-4.349072,Sentence,1
8.752084,-3.669364,Sentence,1
10.461867,-4.0360084,Sentence,2
6.721738,-0.029590152,Sentence,1
10.144603,-5.209056,Sentence,2
9.93094,-4.8810086,Sentence,2
6.9297943,-2.039932,Sentence,0
6.8388176,-3.754531,Sentence,1
7.1271157,-4.0560174,Sentence,1
8.154157,-4.12984,Sentence,1
7.2407274,-3.2113595,Sentence,1
7.162975,-2.7733207,Sentence,2
7.132725,-4.344907,Sentence,1
6.886994,-3.63484,Sentence,1
7.2338796,0.15086055,Sentence,0
7.1566954,0.6853026,Sentence,0
8.333211,-2.7354872,Sentence,1
8.594521,-3.0237298,Sentence,1
7.3369145,-4.488154,Sentence,1
8.043165,-3.3981676,Sentence,1
8.304493,-5.583277,Sentence,0
4.5294957,-1.1370867,Sentence,0
7.1150074,-4.3024983,Sentence,1
7.7526813,-4.5492187,Sentence,1
6.405809,-4.2892256,Sentence,1
7.668084,-1.0624547,Sentence,0
8.403801,-2.9997025,Sentence,2
6.6784205,-3.6596806,Sentence,1
6.9872284,-2.5231826,Sentence,2
11.377865,-4.684021,Sentence,0
8.029329,-4.8224998,Sentence,2
6.870451,-4.077587,Sentence,1
9.375845,-5.773391,Sentence,2
6.730376,-1.4756867,Sentence,0
7.959008,-4.2794085,Sentence,1
9.401121,-5.155225,Sentence,2
7.229678,-4.722383,Sentence,2
9.215137,-3.404164,Sentence,2
6.110218,-2.249541,Sentence,0
7.359832,-1.7091016,Sentence,0
8.001719,-2.45998,Sentence,1
10.859023,-3.364071,Sentence,2
6.8007855,8.029961,Sentence,0
7.377986,-4.0047936,Sentence,1
6.8642116,-3.3367987,Sentence,1
8.8865795,-5.481394,Sentence,2
7.234674,-4.525272,Sentence,1
7.971909,-4.4686036,Sentence,1
8.54979,-5.1128454,Sentence,2
7.146348,-3.436259,Sentence,1
7.5703387,-3.5890813,Sentence,1
9.355384,-3.789457,Sentence,2
7.2210517,-3.887348,Sentence,1
10.640637,-2.0515845,Sentence,1
7.3304877,-4.1095433,Sentence,1
7.5908046,-2.4427762,Sentence,0
10.567542,-2.1588383,Sentence,0
7.4899526,-4.2200184,Sentence,1
6.591063,-2.133061,Sentence,0
8.502009,-3.4918644,Sentence,1
8.246328,-2.652475,Sentence,2
8.168145,-3.7908766,Sentence,1
4.1152806,-1.6406745,Sentence,0
7.173965,-4.15151,Sentence,1
6.4257975,-4.443785,Sentence,1
10.87464,-3.6408272,Sentence,0
5.6368814,-2.1742687,Sentence,0
7.968542,-3.339403,Sentence,1
10.942887,-4.483554,Sentence,2
7.709404,-3.862395,Sentence,1
6.7664046,-4.5060635,Sentence,1
9.398303,-5.2811537,Sentence,2
8.394532,-2.892054,Sentence,2
10.046845,-2.1820354,Sentence,1
8.388911,-5.4391212,Sentence,2
7.927001,-4.16939,Sentence,1
7.974129,-4.6785054,Sentence,1
5.528991,-2.2031715,Sentence,0
6.625158,-2.2089293,Sentence,0
6.9051642,-4.6207213,Sentence,1
7.5050282,0.09427502,Sentence,0
7.4347334,-4.1446266,Sentence,1
9.375839,-5.788496,Sentence,2
7.8473353,-4.168171,Sentence,1
6.884219,-3.422665,Sentence,1
9.34803,-3.716245,Sentence,2
7.17788,-3.6854985,Sentence,1
6.804786,-2.6252544,Sentence,1
7.567721,-4.2347455,Sentence,1
7.598564,-3.6375666,Sentence,1
7.942241,-4.2112775,Sentence,1
8.492728,-5.3000855,Sentence,2
10.8397045,-2.0921972,Sentence,1
8.658591,-4.9239855,Sentence,2
6.3303356,-2.0280986,Sentence,0
8.750607,-5.1304836,Sentence,2
9.958631,-5.1934934,Sentence,2
9.628292,-2.687621,Sentence,1
9.573844,-5.1612053,Sentence,2
8.221568,-2.8267941,Sentence,1
8.364092,-3.0428321,Sentence,1
8.929613,-5.2762585,Sentence,2
10.263609,-2.3617039,Sentence,0
7.2345943,-3.9010732,Sentence,1
8.788658,-5.063668,Sentence,2
7.003699,-2.527553,Sentence,1
9.230907,-5.098594,Sentence,2
10.335411,-4.6004987,Sentence,2
7.780993,-4.0705557,Sentence,1
7.753241,-1.828208,Sentence,0
8.016837,-4.7649317,Sentence,1
9.16876,-4.234145,Sentence,2
7.1400385,-2.7507231,Sentence,1
10.112852,-2.582659,Sentence,1
10.2757,-4.739971,Sentence,2
9.086917,-4.643815,Sentence,2
6.8022437,-1.9731932,Sentence,0
8.063217,-3.9616854,Sentence,1
8.7737,-3.425383,Sentence,2
8.910921,-4.921561,Sentence,2
6.441376,-3.7032025,Sentence,1
9.665149,-4.860729,Sentence,2
7.211022,-3.6806307,Sentence,1
9.341247,-3.684932,Sentence,2
7.787018,-2.3339124,Sentence,2
7.2071414,-2.0945022,Sentence,0
8.343555,-3.1462917,Sentence,1
7.536288,-4.5962486,Sentence,1
6.080645,-3.7163074,Sentence,1
6.686266,-4.553975,Sentence,2
6.217937,-4.1351266,Sentence,2
10.13368,-3.6167488,Sentence,1
8.599091,-2.2212334,Sentence,1
6.340057,-3.3616529,Sentence,1
6.7993484,-2.2987053,Sentence,0
10.206228,-2.3576639,Sentence,1
7.100405,-4.148986,Sentence,1
8.101623,-4.452273,Sentence,1
7.2649093,-4.4274964,Sentence,1
5.603011,-0.92515266,Sentence,0
8.778043,-3.3481405,Sentence,1
7.2447643,-1.6593539,Sentence,0
6.912319,-2.7172692,Sentence,0
9.061105,-2.928012,Sentence,1
8.986497,-2.0137482,Sentence,1
10.075431,-4.30948,Sentence,2
6.2372613,-5.019559,Sentence,1
9.605271,-4.4125338,Sentence,2
7.386929,-4.6740165,Sentence,1
6.7886343,-4.0413346,Sentence,1
8.517299,-4.417622,Sentence,2
5.61038,-3.8231497,Sentence,1
6.8003936,-3.9900804,Sentence,1
9.098556,-4.552904,Sentence,2
7.214875,2.1900296,Sentence,0
7.92322,-4.33943,Sentence,1
9.187503,-5.3854785,Sentence,2
2.2116315,-5.1575055,Sentence,0
7.3452516,-2.7537854,Sentence,1
10.108198,-1.7000175,Sentence,1
7.462574,-1.5733378,Sentence,0
8.712293,-5.251983,Sentence,2
10.392083,-2.4111328,Sentence,0
8.530166,-5.3244457,Sentence,2
6.738519,-2.5858243,Sentence,1
7.0042825,-1.9701397,Sentence,0
8.275177,-3.5444815,Sentence,1
8.125804,-3.3824077,Sentence,1
10.205085,-2.5599222,Sentence,1
6.0612736,-3.5031552,Sentence,2
9.603947,-5.3411965,Sentence,2
6.8604636,-0.769525,Sentence,0
10.659197,-4.453441,Sentence,2
7.215163,2.1884468,Sentence,0
8.828488,-4.759887,Sentence,2
7.2040663,-3.564386,Sentence,1
10.137508,-4.920713,Sentence,2
8.252461,-3.0566497,Sentence,0
6.608913,-0.114247836,Sentence,0
6.4226656,-4.033619,Sentence,0
10.433151,-2.1932888,Sentence,1
6.1630116,-1.0848573,Sentence,0
8.322244,-4.4008346,Sentence,1
7.6508236,-3.234039,Sentence,1
6.5570674,-2.9723575,Sentence,0
7.9860997,-4.2393985,Sentence,1
7.7012196,-4.7031975,Sentence,1
6.0817556,-3.6594763,Sentence,1
7.1873646,-1.9956349,Sentence,0
8.266573,-5.5342555,Sentence,2
8.993287,-4.700434,Sentence,2
7.3069563,0.16638893,Sentence,0
6.1756797,-0.10995605,Sentence,0
8.396919,-4.061686,Sentence,2
7.5128274,-4.067593,Sentence,1
8.216446,-1.4809517,Sentence,0
8.680994,-3.3945923,Sentence,1
6.402941,-0.021271773,Sentence,0
8.704886,-4.785927,Sentence,2
7.7590837,-5.171971,Sentence,2
8.174745,-1.0414741,Sentence,0
6.9635935,-4.4955635,Sentence,2
6.8335605,-2.7561557,Sentence,1
10.263637,-0.8490323,Sentence,0
7.071554,-1.4948424,Sentence,0
6.6590204,-3.7729359,Sentence,1
6.8999496,-4.0919423,Sentence,1
7.8041472,-4.05346,Sentence,1
10.153086,-5.185616,Sentence,2
10.530948,-5.373623,Sentence,2
8.378218,-1.6711178,Sentence,0
6.460134,-4.8999844,Sentence,1
10.538273,-1.5022414,Sentence,1
6.961806,-2.578259,Sentence,0
9.837037,-1.4821651,Sentence,0
6.788821,-3.9064028,Sentence,1
8.063153,-5.0898595,Sentence,1
10.124783,-2.5080879,Sentence,1
6.4936852,-2.1595392,Sentence,0
6.6047482,-3.037443,Sentence,1
10.305907,-4.806479,Sentence,2
8.654859,-5.0932355,Sentence,2
9.304523,-4.6317787,Sentence,2
8.075567,-4.244061,Sentence,1
8.284807,-5.2224054,Sentence,2
7.5034456,-3.047277,Sentence,1
7.9160876,-5.0429864,Sentence,1
8.921081,-3.373839,Sentence,2
2.9897957,3.1762314,Sentence,0
10.918362,-1.4875954,Sentence,0
7.8045216,-4.7078032,Sentence,1
7.898249,-3.959636,Sentence,1
9.173723,-5.010534,Sentence,2
9.71404,-4.844584,Sentence,2
8.122487,-5.554056,Sentence,2
9.102359,-5.1494923,Sentence,2
9.164289,-1.6023095,Sentence,0
10.35025,-2.4459236,Sentence,1
8.851142,-4.677442,Sentence,2
7.460503,-4.528243,Sentence,1
6.3089533,-4.170056,Sentence,1
8.966617,-3.620942,Sentence,1
8.324943,-4.0516167,Sentence,1
6.8937035,-0.24730022,Sentence,0
7.187597,-1.0399622,Sentence,0
7.175696,0.27123547,Sentence,0
8.001857,-2.5119302,Sentence,1
7.9131727,-3.6456795,Sentence,1
8.585971,-5.020703,Sentence,2
6.4390583,-3.6687336,Sentence,0
6.205706,-0.5934976,Sentence,0
8.171547,-2.728087,Sentence,1
9.206977,-3.3098557,Sentence,1
6.715195,-3.6759446,Sentence,1
6.7462487,-0.30282676,Sentence,0
11.097734,-5.0589056,Sentence,2
6.5687146,-4.1585546,Sentence,1
9.168329,-1.8566856,Sentence,0
7.921848,-4.524951,Sentence,1
9.934835,-2.8377614,Sentence,1
8.6483555,-4.6753364,Sentence,2
6.84304,-2.4406059,Sentence,1
4.87754,-0.16920368,Sentence,2
7.302911,-3.991173,Sentence,1
6.5718803,-2.0460796,Sentence,0
6.9122057,-2.7840078,Sentence,1
9.764904,-3.7679963,Sentence,2
6.8031855,-1.2465961,Sentence,0
8.944022,-1.3851979,Sentence,0
9.309298,-2.9367604,Sentence,1
7.733555,-3.6017237,Sentence,1
10.277254,-1.7675813,Sentence,1
8.335033,-5.6759367,Sentence,2
7.0148873,-1.1999525,Sentence,0
6.349325,-0.456069,Sentence,0
9.371051,-4.972975,Sentence,2
7.5969796,-2.1494122,Sentence,0
7.052557,0.39683747,Sentence,0
10.78529,-4.2285457,Sentence,2
5.8521466,-2.8005419,Sentence,2
6.63049,-1.206256,Sentence,2
4.7457337,-1.2472852,Sentence,2
9.943056,-5.070131,Sentence,2
6.980303,-3.5073726,Sentence,0
9.721377,-2.2709637,Sentence,1
6.751897,-1.6941104,Sentence,0
7.3096595,-4.546092,Sentence,1
6.791535,-2.9888031,Sentence,1
6.7168427,-0.7976654,Sentence,0
7.002764,-4.5295057,Sentence,1
10.779795,-1.6263833,Sentence,0
7.852992,-3.7782645,Sentence,1
7.3815455,-4.2098203,Sentence,1
7.9946985,-5.1154213,Sentence,2
7.132044,-2.334138,Sentence,1
6.427189,-3.7447631,Sentence,1
8.52307,-5.102356,Sentence,2
7.501626,-1.9135137,Sentence,0
6.2036157,-0.15705894,Sentence,0
7.599017,-3.0386324,Sentence,1
6.1363416,-0.2937687,Sentence,0
8.554864,-5.001445,Sentence,2
8.295696,-4.644891,Sentence,1
7.32256,-4.2286067,Sentence,1
8.49691,-4.679695,Sentence,2
7.0919337,-3.4689004,Sentence,1
11.324572,-4.23001,Sentence,2
7.5567923,-4.0018253,Sentence,1
8.934814,-4.220624,Sentence,2
10.581037,-1.3233125,Sentence,0
8.639639,-4.9716325,Sentence,1
6.8163657,-3.7838151,Sentence,1
6.27132,-3.684588,Sentence,1
9.127322,-0.3835969,Sentence,0
8.838297,-3.6625712,Sentence,2
7.8679695,-3.207389,Sentence,1
6.796729,-4.544933,Sentence,1
4.767586,-1.587827,Sentence,2
8.890904,-3.7717679,Sentence,1
6.9859347,-0.5476917,Sentence,0
9.6333475,-4.131685,Sentence,2
7.2200584,-3.9593158,Sentence,1
7.927992,-5.0679884,Sentence,2
8.306794,-4.397715,Sentence,1
10.055848,-5.0894356,Sentence,2
8.331156,-4.1865234,Sentence,2
10.542714,-4.5695004,Sentence,2
10.617239,-4.9320025,Sentence,2
6.686336,-1.9266971,Sentence,0
8.279767,-2.7385774,Sentence,1
7.3868833,-2.5147395,Sentence,1
9.915769,-4.6533275,Sentence,2
8.09857,-5.292526,Sentence,2
6.9812584,-2.6879773,Sentence,1
8.550632,-4.378837,Sentence,1
8.791456,-4.496524,Sentence,2
9.809196,-3.100708,Sentence,0
10.032348,-1.7107368,Sentence,1
7.823494,-2.8355513,Sentence,0
7.5023894,-4.585128,Sentence,1
6.8091664,-3.1370823,Sentence,1
5.904576,-0.44103408,Sentence,2
7.9451694,-5.3018045,Sentence,2
8.622964,-5.6708727,Sentence,2
8.023023,-3.8084102,Sentence,1
5.892151,-3.8425756,Sentence,1
9.784921,-5.2439957,Sentence,2
7.7587905,-3.0941844,Sentence,1
10.630374,-4.158938,Sentence,2
8.753592,-4.8270316,Sentence,2
9.668712,-5.541173,Sentence,2
8.197848,-1.5001678,Sentence,0
7.110907,-4.072127,Sentence,1
8.789892,-2.246933,Sentence,0
7.606276,-3.8375509,Sentence,1
8.331608,-3.4901385,Sentence,1
10.228255,-3.6338253,Sentence,2
6.9670186,-3.0558088,Sentence,2
7.719155,-0.96421033,Sentence,2
6.8849673,-0.6070656,Sentence,0
6.8115406,-2.6561074,Sentence,1
9.925068,-4.09966,Sentence,0
7.0496683,-4.105623,Sentence,1
5.564035,-3.724733,Sentence,0
2.671609,-1.2594063,Sentence,0
8.756911,-4.7703967,Sentence,2
8.239639,-3.929156,Sentence,1
6.991957,-1.7653996,Sentence,0
7.9892173,-4.192819,Sentence,1
8.388819,-5.206901,Sentence,2
6.797196,8.026638,Sentence,0
9.21917,-5.224829,Sentence,2
9.866173,-5.2047877,Sentence,0
7.4345846,-2.590425,Sentence,0
8.516944,-4.235017,Sentence,1
8.838285,-3.8447278,Sentence,2
10.420639,-0.89706045,Sentence,1
7.242093,-3.6837316,Sentence,1
10.051176,-3.104892,Sentence,0
8.894767,-4.791064,Sentence,2
9.541251,-4.645692,Sentence,2
6.8011627,8.023833,Sentence,0
6.8005567,8.02539,Sentence,0
8.752209,-4.8196497,Sentence,2
5.8904734,-3.1138742,Sentence,2
5.912399,-3.862487,Sentence,1
7.9067717,-3.9090278,Sentence,1
5.74808,-0.86702996,Sentence,0
8.868611,-5.11949,Sentence,2
9.633228,-2.3788946,Sentence,1
6.8514237,-4.5397778,Sentence,1
7.85851,-3.2226944,Sentence,2
10.035626,-4.1270504,Sentence,2
11.021987,-4.4964757,Sentence,2
7.208932,-0.7808517,Sentence,0
6.187574,0.116258204,Sentence,0
7.8188186,-3.5524511,Sentence,1
8.202265,-1.8981664,Sentence,0
6.32997,-0.6481343,Sentence,0
8.601179,-4.9891887,Sentence,2
8.772164,-2.4063487,Sentence,1
6.2808695,-3.6784103,Sentence,0
7.393726,-3.8647473,Sentence,1
9.219277,-5.047291,Sentence,2
4.347837,-2.4942405,Sentence,0
6.8420243,-3.5703006,Sentence,1
7.2158675,2.1866205,Sentence,0
6.463537,-2.64598,Sentence,0
7.6861997,-4.334428,Sentence,1
7.0370903,0.89132506,Sentence,0
6.66027,-3.5995147,Sentence,1
6.8044844,-4.5315447,Sentence,1
10.538497,-2.220601,Sentence,1
8.256748,-4.7931857,Sentence,2
7.000475,-3.886751,Sentence,1
6.2219505,-4.095667,Sentence,0
7.3578415,-3.9550743,Sentence,1
6.063692,-3.6626334,Sentence,1
7.8519425,-3.169766,Sentence,0
9.048389,-2.105094,Sentence,1
12.019725,-3.556026,Sentence,0
8.146006,-4.495072,Sentence,1
5.947413,-1.230415,Sentence,0
9.719968,-2.4714644,Sentence,1
7.907882,-3.7631123,Sentence,1
7.3632917,-2.710923,Sentence,2
8.052203,-4.3393974,Sentence,1
8.345606,-4.807183,Sentence,1
6.4932737,-4.475219,Sentence,2
9.551514,-1.512392,Sentence,0
8.61198,-5.101608,Sentence,2
7.8711705,-4.186095,Sentence,1
8.416832,-0.8599659,Sentence,0
10.025006,-4.444207,Sentence,2
8.629977,-5.2252746,Sentence,2
7.805365,-4.4307947,Sentence,1
9.255056,-0.9563096,Sentence,1
8.787752,-3.9803956,Sentence,2
8.766212,-3.7113101,Sentence,2
8.310719,-4.9154086,Sentence,1
8.404332,-5.0659847,Sentence,1
6.0243897,-3.467541,Sentence,0
7.7519927,-3.9272852,Sentence,1
7.5825696,-2.1333063,Sentence,2
6.0919733,0.2369384,Sentence,0
7.5756044,-4.0213056,Sentence,1
8.758797,-5.235812,Sentence,2
10.510176,-0.89441335,Sentence,0
10.064486,-4.709419,Sentence,2
7.287952,-4.3477855,Sentence,1
7.820127,-5.4910526,Sentence,2
7.589913,-4.0668087,Sentence,1
7.6688814,-4.810369,Sentence,1
8.382106,-5.5683255,Sentence,2
9.336086,-5.253066,Sentence,2
8.283266,-4.333682,Sentence,1
9.388915,-1.6320558,Sentence,0
8.193563,-4.7860928,Sentence,1
7.2888274,-1.8940587,Sentence,0
8.141071,-5.777555,Sentence,2
7.667599,-2.480832,Sentence,0
8.71441,-3.8186522,Sentence,2
10.117073,-1.2964929,Sentence,1
9.200548,-1.4410102,Sentence,0
8.553862,-3.9038332,Sentence,1
7.90855,-2.943404,Sentence,1
8.988515,-4.100952,Sentence,1
7.8793807,-2.7481124,Sentence,2
6.843099,-1.2814171,Sentence,2
7.8968678,-4.43515,Sentence,1
11.35599,-4.6839275,Sentence,0
6.923572,-3.6986814,Sentence,1
6.745302,-0.8289579,Sentence,0
6.9239917,-4.109534,Sentence,1
10.023,-5.153271,Sentence,2
8.094791,-5.585847,Sentence,2
7.493697,-4.4953775,Sentence,1
8.279059,-4.5929737,Sentence,2
4.0051317,-0.2605326,Sentence,0
4.4840755,-1.3905625,Sentence,2
10.21352,-2.6590521,Sentence,1
9.695359,-2.8466465,Sentence,1
7.9593163,-4.127958,Sentence,1
7.0548286,-4.0249124,Sentence,1
5.9476542,-1.3391619,Sentence,2
6.87263,-3.0794368,Sentence,1
8.632113,-1.8627751,Sentence,0
7.736594,-4.769969,Sentence,1
6.8248835,-3.427371,Sentence,2
7.5138106,-1.3223122,Sentence,0
8.029156,-4.322608,Sentence,1
7.2261515,-3.2801125,Sentence,1
10.058888,-5.1920753,Sentence,2
7.8591456,-4.5865154,Sentence,1
7.723256,-5.3981385,Sentence,2
8.511356,-4.2117295,Sentence,2
6.192262,-0.08855458,Sentence,0
8.640054,-5.192444,Sentence,2
7.6212354,-4.2017884,Sentence,1
8.315774,-5.708488,Sentence,2
10.173751,-2.322934,Sentence,0
6.8764353,-3.5138428,Sentence,1
6.2619653,-1.6298814,Sentence,0
8.921892,-5.1220737,Sentence,2
9.258432,-1.6530834,Sentence,0
7.128266,-4.4498506,Sentence,1
10.281037,0.26566896,Sentence,0
8.240005,-4.495039,Sentence,1
9.635855,-5.1114316,Sentence,2
9.588034,-2.3123631,Sentence,1
8.680083,-1.179752,Sentence,0
9.907756,-3.6066916,Sentence,2
9.140287,-5.256209,Sentence,2
6.4015393,-3.766401,Sentence,1
7.270224,-3.05771,Sentence,1
8.859565,-4.9177313,Sentence,2
6.211618,-3.9277768,Sentence,1
5.6588855,-2.806048,Sentence,2
7.126973,-4.1211085,Sentence,2
11.516434,-4.9875693,Sentence,0
7.500579,-0.7039775,Sentence,0
8.486925,-3.801737,Sentence,1
9.318877,-4.824266,Sentence,2
11.477669,-4.1472354,Sentence,2
6.761833,-4.3878465,Sentence,1
9.334234,-4.667206,Sentence,2
9.494568,-3.0195394,Sentence,1
9.654318,-2.609529,Sentence,1
8.600335,-4.2829714,Sentence,2
7.5880685,-2.8505144,Sentence,1
9.432132,-0.7284175,Sentence,0
8.917241,-3.3067207,Sentence,0
11.3673935,-5.0089564,Sentence,2
9.8612385,-3.6580112,Sentence,2
7.824681,-4.6867094,Sentence,1
6.433394,-3.3880148,Sentence,1
6.7124505,-4.5171905,Sentence,1
8.77536,-4.708958,Sentence,2
7.468143,-3.7662878,Sentence,1
6.97533,-4.7508726,Sentence,2
8.198967,-4.2445135,Sentence,1
5.8482184,-2.1239257,Sentence,0
10.0956,-1.7687906,Sentence,0
7.732075,-2.9226787,Sentence,2
8.079013,-2.9904048,Sentence,2
8.146231,-4.468452,Sentence,1
8.970435,-1.2955887,Sentence,0
8.658863,-2.8329735,Sentence,1
4.7426734,-2.604467,Sentence,0
10.624273,-2.5447226,Sentence,0
6.8217325,-1.2494175,Sentence,0
7.038721,-3.8241727,Sentence,1
6.9971824,-2.6895747,Sentence,0
8.696355,-4.861281,Sentence,2
7.3591304,-3.4077404,Sentence,1
8.825659,-1.8808682,Sentence,0
9.079432,-5.2952585,Sentence,2
9.592229,-1.3967067,Sentence,1
7.1066895,-4.4557295,Sentence,1
6.7237525,-2.2361119,Sentence,0
10.844965,-1.8186238,Sentence,0
11.64399,-4.0303216,Sentence,2
9.126553,-5.4365664,Sentence,2
11.625041,-4.975337,Sentence,0
8.834145,-4.3047433,Sentence,2
10.489981,-4.500017,Sentence,2
4.985501,-1.2751977,Sentence,2
6.894872,-2.5734048,Sentence,1
6.2293673,-3.5100024,Sentence,1
9.142879,-4.6569896,Sentence,2
9.584408,-2.1911554,Sentence,1
9.408883,-4.456418,Sentence,2
6.544322,-4.8015375,Sentence,2
8.661336,-5.496323,Sentence,2
6.3180256,-3.6971383,Sentence,1
8.242979,-4.2915244,Sentence,1
7.41942,-3.5380235,Sentence,1
7.2615314,-4.283863,Sentence,1
8.253459,-3.1254978,Sentence,1
9.22452,-4.4187946,Sentence,2
11.56874,-5.09251,Sentence,0
7.1203628,-3.5615308,Sentence,1
8.048027,-0.011815506,Sentence,0
11.040201,-1.4507164,Sentence,0
7.9654837,-3.635236,Sentence,2
8.410802,-5.167431,Sentence,2
7.0241766,-4.422265,Sentence,1
6.791813,-4.0197763,Sentence,1
8.376217,0.10154568,Sentence,0
10.207677,-2.2248209,Sentence,0
9.101276,-5.267776,Sentence,2
6.5921683,0.038249187,Sentence,0
11.54396,-4.0559783,Sentence,2
7.487464,-4.5144296,Sentence,1
4.29787,-1.3876698,Sentence,0
9.249956,-4.8204947,Sentence,2
9.297654,-5.410942,Sentence,2
5.965965,-2.6045644,Sentence,0
7.2655535,-4.172306,Sentence,1
9.56614,-3.1843135,Sentence,2
8.7733,-3.4105217,Sentence,2
8.007271,-4.456376,Sentence,1
6.6127896,-1.8291376,Sentence,0
9.533697,-3.0834122,Sentence,1
6.670937,-1.7677008,Sentence,0
8.957103,-3.006138,Sentence,1
5.5463467,-2.8238695,Sentence,2
8.619637,-5.3839855,Sentence,2
5.068602,-1.6024777,Sentence,2
8.553934,-5.224926,Sentence,2
6.2032666,-1.3317099,Sentence,0
10.485783,-4.4308877,Sentence,2
6.4047937,-3.1178696,Sentence,1
6.368265,-2.819138,Sentence,2
8.445818,-5.2975035,Sentence,2
6.0033865,-2.083333,Sentence,0
6.395519,-4.6819997,Sentence,0
7.721558,-2.9539955,Sentence,1
7.6831145,-2.3741982,Sentence,2
7.830401,-3.5582097,Sentence,1
8.710179,-3.9560645,Sentence,1
8.830468,-4.0964937,Sentence,2
7.0263915,-3.6422815,Sentence,1
4.3579793,-1.2227604,Sentence,0
2.6320932,-1.2647675,Sentence,0
8.768669,-4.7364492,Sentence,2
9.53524,-5.0779696,Sentence,2
6.967396,-4.0223775,Sentence,1
6.88172,-0.9957073,Sentence,0
10.939926,-4.3754425,Sentence,2
10.608171,-1.4867603,Sentence,0
7.3673477,-4.53523,Sentence,1
8.018867,-0.47236446,Sentence,0
7.2758207,0.57220554,Sentence,0
8.566219,-2.9108768,Sentence,1
8.773327,-4.040139,Sentence,2
7.7745104,-5.470829,Sentence,2
7.676794,-2.94337,Sentence,1
7.272549,-2.344994,Sentence,0
9.809896,-2.758514,Sentence,1
10.804192,-1.720194,Sentence,1
10.882274,-4.6977797,Sentence,2
6.266226,-3.6269948,Sentence,1
7.579634,-4.454757,Sentence,1
8.1034775,-5.819578,Sentence,2
6.4906774,-2.5380588,Sentence,0
6.9102526,-3.5041227,Sentence,1
8.379387,-4.085543,Sentence,2
8.446552,-3.4749963,Sentence,0
8.026487,-5.1446867,Sentence,2
4.1245804,-1.3565891,Sentence,0
9.736997,-1.714095,Sentence,0
9.453855,-2.992348,Sentence,1
7.230195,-4.8327265,Sentence,1
9.026095,-4.3269467,Sentence,2
9.190963,-5.2454147,Sentence,2
10.038974,-5.110778,Sentence,2
9.929804,-5.4965625,Sentence,2
9.747755,-2.25911,Sentence,1
8.96548,-3.8085363,Sentence,2
7.556385,-2.3411157,Sentence,0
7.380148,-3.9156482,Sentence,1
9.847373,-2.1217015,Sentence,1
9.191804,-5.052139,Sentence,2
10.124851,-5.170826,Sentence,2
8.61004,-1.6609815,Sentence,0
4.4006534,-1.230619,Sentence,2
9.235042,-5.310169,Sentence,2
11.896087,-3.5909789,Sentence,0
7.2940764,-4.631976,Sentence,2
9.243963,-4.8364973,Sentence,2
7.4417653,-2.9318807,Sentence,0
7.222907,-4.2147207,Sentence,1
6.2409844,-0.31966487,Sentence,0
10.690604,-2.107035,Sentence,1
9.732976,-5.566412,Sentence,2
4.6631374,-1.687104,Sentence,0
10.607078,-0.8797319,Sentence,2
9.01651,-3.089086,Sentence,1
10.69858,-2.3542519,Sentence,0
9.026604,-2.6833076,Sentence,1
10.493203,-1.408628,Sentence,0
6.837423,-3.753853,Sentence,1
8.511403,-4.496281,Sentence,2
6.908121,-1.2838855,Sentence,0
6.144236,0.13749331,Sentence,0
6.953543,-2.9417515,Sentence,0
8.486204,-3.0789857,Sentence,1
6.5538325,-4.5999923,Sentence,1
3.881143,-0.5415745,Sentence,0
6.697154,-2.4127097,Sentence,0
8.966587,-5.30205,Sentence,2
9.423521,-3.1088073,Sentence,1
5.6135736,-1.3647132,Sentence,2
6.0454516,-0.56872964,Sentence,2
6.865911,-1.7457998,Sentence,0
8.200025,-4.683317,Sentence,1
8.263761,-3.9726036,Sentence,1
9.365645,-3.1709108,Sentence,1
6.469692,-0.36193556,Sentence,0
11.449401,-4.7446194,Sentence,2
8.874788,-5.2106147,Sentence,2
9.554525,-5.702633,Sentence,2
6.0014167,-1.885884,Sentence,0
7.782664,-5.1816835,Sentence,2
10.647553,-1.9655573,Sentence,0
7.2639327,-1.9226286,Sentence,0
7.5401835,-4.0155063,Sentence,1
7.1072526,-3.9988465,Sentence,1
7.8853874,-3.0873408,Sentence,1
7.983516,-5.374794,Sentence,2
6.4215274,-3.1977913,Sentence,0
9.6241865,-3.6317027,Sentence,2
10.7923,-1.6329327,Sentence,0
7.9275947,-3.7316017,Sentence,1
10.77648,-4.1739416,Sentence,2
6.6900573,-2.982749,Sentence,0
6.6572256,-3.4014935,Sentence,2
6.7813177,-2.3755536,Sentence,2
10.742225,-1.8279922,Sentence,1
9.258556,-2.0212152,Sentence,1
8.352189,-4.4204583,Sentence,1
8.092181,-2.6419575,Sentence,2
7.5696273,-3.3911614,Sentence,1
10.049496,-1.9428407,Sentence,1
6.7415733,-4.671931,Sentence,1
3.8231204,-0.6126198,Sentence,0
9.1773815,-5.1906486,Sentence,2
6.953194,0.8887446,Sentence,0
5.884986,-2.2906005,Sentence,2
7.214278,2.192629,Sentence,0
6.6981444,-2.7930613,Sentence,0
7.1225996,-2.9505858,Sentence,0
7.312965,-4.0953603,Sentence,1
6.2615557,-1.6067997,Sentence,2
10.081692,-2.1131651,Sentence,0
7.1584067,0.07871603,Sentence,0
11.285306,-4.2801137,Sentence,2
6.58745,-2.326533,Sentence,0
7.023623,0.92984426,Sentence,0
8.3521595,-5.318443,Sentence,1
7.6591167,-0.48655775,Sentence,0
9.514597,-3.2887673,Sentence,0
8.318895,-3.0159755,Sentence,0
8.408766,-2.0196745,Sentence,1
7.354163,-4.228604,Sentence,1
7.072897,-2.2670193,Sentence,0
3.9906106,-0.8934708,Sentence,0
8.938001,-3.5057113,Sentence,1
7.553827,-3.9754906,Sentence,1
7.388128,-4.569734,Sentence,1
7.4415708,-3.9511278,Sentence,1
7.0066504,-4.382155,Sentence,1
9.246519,-3.0988324,Sentence,1
7.75328,-5.0179586,Sentence,1
10.72618,-4.5960445,Sentence,2
11.278856,-4.172431,Sentence,2
6.6882305,-4.4454455,Sentence,0
7.1608896,3.3530903,Sentence,0
6.900655,-3.768354,Sentence,1
11.688898,-3.3927948,Sentence,2
10.416112,-1.7368797,Sentence,1
10.246574,-1.8806384,Sentence,1
8.841187,-3.2814121,Sentence,1
5.117326,-1.4837335,Sentence,0
7.579099,-3.429085,Sentence,1
10.031349,-4.7707763,Sentence,2
5.9250417,-3.0148752,Sentence,0
6.1732235,0.13063055,Sentence,0
8.472502,-2.720519,Sentence,1
8.391209,-3.078453,Sentence,1
2.6369398,-1.2661035,Sentence,0
6.5499587,-3.789182,Sentence,1
7.126262,-3.3975883,Sentence,0
10.580289,-4.2408023,Sentence,2
6.861221,-4.0736084,Sentence,0
6.990622,-4.3554344,Sentence,1
9.93719,-2.5111895,Sentence,1
9.221796,-4.0625796,Sentence,2
6.3193855,-0.42184553,Sentence,0
6.1877275,-5.0650034,Sentence,2
8.280446,-1.9222474,Sentence,1
7.5275755,-4.069133,Sentence,1
7.866635,-2.9464314,Sentence,2
7.030864,-3.9699225,Sentence,1
6.293525,0.033193365,Sentence,0
7.5461287,-4.263154,Sentence,1
10.981635,-4.2886906,Sentence,2
6.4338737,-1.6704304,Sentence,0
7.0365577,-4.010419,Sentence,1
8.936534,-5.1681957,Sentence,2
8.111282,-4.8373404,Sentence,2
9.350175,-5.2514944,Sentence,2
11.661829,-4.937498,Sentence,0
9.515886,-2.9112046,Sentence,1
6.8948975,-3.7332182,Sentence,1
10.16734,-4.489354,Sentence,2
7.073337,-0.30306938,Sentence,0
7.9723077,-2.7363458,Sentence,1
10.10441,-4.249241,Sentence,2
6.81675,-4.2457438,Sentence,1
6.702476,-4.378359,Sentence,1
6.8102713,-4.278938,Sentence,1
8.088496,-4.814855,Sentence,2
6.8101363,-3.705442,Sentence,1
8.633788,-2.05681,Sentence,1
6.4519844,-0.55206686,Sentence,0
7.970774,-1.7340927,Sentence,0
6.983974,-4.489722,Sentence,1
8.709364,-3.3673196,Sentence,1
9.427765,-1.7037284,Sentence,0
7.9436207,-1.9541044,Sentence,0
6.8876405,-0.908691,Sentence,0
7.0331426,-1.6368558,Sentence,0
5.3119187,-0.8152903,Sentence,2
7.6325126,-3.8089817,Sentence,1
8.235665,-4.3878436,Sentence,1
7.417666,-1.501369,Sentence,0
6.4139967,-2.6890104,Sentence,0
7.127767,-3.3363469,Sentence,0
7.0975494,-2.4034154,Sentence,0
6.9726233,-0.8446099,Sentence,0
11.047325,-4.1603117,Sentence,2
7.688104,-0.6523099,Sentence,0
7.102343,-3.137021,Sentence,1
7.949111,-4.871004,Sentence,1
6.750198,-2.8080614,Sentence,2
6.640276,-1.9005302,Sentence,0
9.04583,-5.1417074,Sentence,2
10.764998,-4.229208,Sentence,2
8.014678,-3.9667633,Sentence,1
7.534708,-4.138814,Sentence,1
9.824529,-4.5879183,Sentence,2
6.2539887,-0.4605773,Sentence,0
9.743259,-2.1098294,Sentence,1
7.041743,-4.601534,Sentence,1
9.73801,-0.4272696,Sentence,0
6.4819946,-0.98293024,Sentence,0
11.549354,-3.4361851,Sentence,0
10.1656685,-0.110401765,Sentence,1
9.146722,-0.9368592,Sentence,0
9.7573805,-2.8763487,Sentence,0
9.069532,-5.477673,Sentence,2
6.5969396,-0.6775513,Sentence,0
6.7657,0.87195665,Sentence,0
6.6370435,-2.6873167,Sentence,0
7.795216,-3.5937855,Sentence,1
5.391764,-0.2598214,Sentence,2
6.278628,-2.3865957,Sentence,1
9.121254,-3.1575255,Sentence,2
5.3595037,-3.7132046,Sentence,0
6.7941656,8.033959,Sentence,0
8.1278715,-5.638703,Sentence,2
5.6987553,-3.7907562,Sentence,1
7.79896,-4.8160934,Sentence,1
6.6109014,-4.231253,Sentence,1
6.640096,-4.801574,Sentence,1
7.6468306,-3.2507658,Sentence,1
6.6437273,-2.8994448,Sentence,0
9.488328,-2.3239083,Sentence,1
10.631516,-1.31783,Sentence,2
7.02197,-1.722027,Sentence,0
8.149351,-2.424962,Sentence,1
9.304276,-5.315705,Sentence,2
9.802399,-4.7161355,Sentence,2
9.737306,-5.032665,Sentence,2
8.13379,-4.1124125,Sentence,1
7.58431,-2.865757,Sentence,0
7.180252,-3.0458677,Sentence,1
5.8642583,-1.0044806,Sentence,2
10.814985,-4.2963014,Sentence,2
7.30602,-0.9600243,Sentence,0
8.296339,-4.4467936,Sentence,1
8.487897,-5.0330467,Sentence,1
7.6498494,-2.4352736,Sentence,2
10.003311,-5.382308,Sentence,2
9.658813,-4.9538965,Sentence,2
11.398199,-3.5286884,Sentence,0
8.255671,-4.4924326,Sentence,2
9.565486,-5.091424,Sentence,2
10.241152,-2.2778769,Sentence,1
4.6022453,-1.278908,Sentence,0
7.012238,-4.011808,Sentence,1
7.0548444,-3.9919763,Sentence,1
7.8991065,-0.3838138,Sentence,0
8.4686985,-1.9053637,Sentence,1
9.211697,-1.0818161,Sentence,0
8.587869,-2.9739943,Sentence,2
7.568625,-4.2401657,Sentence,1
6.172525,-2.5992823,Sentence,0
8.774096,-4.901119,Sentence,2
9.089587,-4.379115,Sentence,2
8.781573,-2.22645,Sentence,1
8.496857,-5.3627295,Sentence,2
10.038578,-4.752919,Sentence,2
10.904467,-1.8746336,Sentence,0
9.951907,-5.11711,Sentence,2
9.0146885,-5.293705,Sentence,2
6.67527,-1.7209684,Sentence,0
7.684467,-5.4613976,Sentence,2
5.5034547,-2.9743266,Sentence,2
6.060311,-1.8366022,Sentence,0
9.493404,-4.85615,Sentence,2
9.06181,-5.0934696,Sentence,2
7.501891,-4.389842,Sentence,1
7.916111,-4.1007247,Sentence,2
7.3937445,-3.171149,Sentence,1
10.1711235,-5.0681453,Sentence,2
7.2536345,-3.1588328,Sentence,1
8.037817,-4.292191,Sentence,1
7.100059,-2.625988,Sentence,0
8.420097,-5.5188174,Sentence,2
6.435905,-1.2626122,Sentence,0
7.5363107,-4.439243,Sentence,1
9.693323,-2.192173,Sentence,1
9.036997,-2.473215,Sentence,0
7.0621085,-2.99952,Sentence,0
9.285074,-3.2814155,Sentence,2
9.787203,-5.011876,Sentence,2
7.6173377,-4.100676,Sentence,1
7.3317695,-3.8230367,Sentence,1
9.012295,-1.3030603,Sentence,0
6.621614,-2.538665,Sentence,0
8.167686,-4.5532675,Sentence,1
7.9317074,-2.228837,Sentence,0
9.050598,-3.537288,Sentence,2
11.046037,-4.2706633,Sentence,2
6.912687,-4.3885465,Sentence,1
5.510619,-2.9326537,Sentence,2
7.13031,-4.7688246,Sentence,1
10.152296,-2.2310574,Sentence,1
9.866754,-3.688364,Sentence,2
7.755144,-5.277114,Sentence,2
8.134302,-5.286065,Sentence,2
9.751659,-2.664582,Sentence,1
8.914163,-5.2456393,Sentence,2
9.214623,-3.6226406,Sentence,2
7.7033296,-3.195356,Sentence,1
7.5678725,-4.572205,Sentence,1
6.8912053,-3.648164,Sentence,1
8.966968,-4.9104004,Sentence,2
8.376618,-3.8412054,Sentence,2
7.9162436,-4.4517784,Sentence,1
9.430235,-2.53174,Sentence,1
8.344289,-4.63582,Sentence,1
9.44134,-4.1674275,Sentence,2
7.19956,-4.621015,Sentence,1
3.819948,-0.8030537,Sentence,0
4.930529,-0.95605046,Sentence,0
4.9406376,0.3238068,Sentence,2
7.0376897,-2.8307319,Sentence,0
6.1336784,-1.5669957,Sentence,0
10.912624,-4.9951224,Sentence,2
8.275024,-3.1828692,Sentence,1
9.460337,-5.0121284,Sentence,2
3.779419,-1.7571996,Sentence,0
9.74085,-3.8129487,Sentence,2
11.535044,-5.0164747,Sentence,0
6.6019893,-2.189827,Sentence,0
7.3787794,-4.167723,Sentence,1
7.9453053,-4.241659,Sentence,1
7.15135,-1.3707831,Sentence,0
8.551355,-3.38981,Sentence,2
8.793747,-5.36015,Sentence,2
8.1840105,-1.5614506,Sentence,0
5.233268,-3.13999,Sentence,0
8.093729,-3.6124218,Sentence,1
10.385246,-4.2236304,Sentence,2
9.769926,-4.8340144,Sentence,2
7.4682503,-2.0014286,Sentence,0
7.4343615,-2.2005556,Sentence,0
8.28865,-4.219268,Sentence,1
7.8954544,-4.293674,Sentence,1
8.940715,-5.4237947,Sentence,2
9.897271,-4.2617316,Sentence,2
9.868508,-5.1208367,Sentence,2
2.9895835,3.1764865,Sentence,0
9.152039,-4.489038,Sentence,2
6.969067,-2.1860764,Sentence,1
7.804,-1.2550107,Sentence,0
9.03447,-2.7378023,Sentence,2
6.573353,-4.6467514,Sentence,1
6.990603,-4.3175263,Sentence,1
8.128105,-5.0688953,Sentence,2
8.719072,-2.224061,Sentence,0
5.9833436,-2.0591967,Sentence,2
8.113172,-1.8254336,Sentence,2
7.280002,-4.872112,Sentence,1
6.8467045,-2.474463,Sentence,0
7.4041414,-4.5348325,Sentence,1
10.361433,-1.6926371,Sentence,0
8.618608,-2.140049,Sentence,0
7.5778775,-3.2927186,Sentence,1
8.255209,-5.5236135,Sentence,2
8.932361,-4.97496,Sentence,2
7.0611825,-4.1396737,Sentence,1
7.472213,-2.6529913,Sentence,0
10.926652,-4.663991,Sentence,2
9.157247,-3.77214,Sentence,2
6.5359097,-4.147249,Sentence,1
6.065121,-3.7476492,Sentence,1
8.9083,-2.6372623,Sentence,1
7.5163116,-3.2470767,Sentence,1
10.015062,-2.1103423,Sentence,1
9.563491,-5.7764053,Sentence,1
10.711356,-2.0072553,Sentence,1
10.724165,-5.10625,Sentence,2
6.3557673,-4.944128,Sentence,2
8.392029,-3.5781443,Sentence,1
8.461994,-5.52997,Sentence,2
11.540489,-4.0826597,Sentence,2
6.960718,-3.1777096,Sentence,1
8.979597,-3.0962467,Sentence,1
6.584783,-3.412174,Sentence,1
8.054922,-3.012902,Sentence,2
6.2651753,-4.0870705,Sentence,0
7.516421,-4.0691376,Sentence,1
6.510107,-0.4981987,Sentence,0
9.867462,-4.6011157,Sentence,2
10.951147,-3.9019268,Sentence,2
7.999249,-3.1534135,Sentence,1
6.860101,-4.7083716,Sentence,1
10.021687,-1.8815173,Sentence,1
8.46816,-4.2783093,Sentence,2
7.6483455,-4.2365594,Sentence,1
9.538709,0.19637726,Sentence,0
8.479036,-4.965448,Sentence,1
7.995107,-5.225058,Sentence,2
8.272017,-3.8061805,Sentence,1
8.544043,-4.783994,Sentence,2
9.394113,-3.6385386,Sentence,2
7.152036,-4.3867173,Sentence,1
9.187228,-1.857972,Sentence,0
6.421555,-0.17237309,Sentence,0
8.314005,-4.3711596,Sentence,1
9.521551,-3.6726098,Sentence,2
9.239756,-2.8246071,Sentence,1
6.0771694,-2.130252,Sentence,1
10.155271,-1.9627652,Sentence,1
10.681879,-4.459885,Sentence,2
10.1482315,-1.9984556,Sentence,1
6.357612,-2.2342272,Sentence,0
7.5736117,-4.69306,Sentence,1
7.1282415,-1.4119822,Sentence,0
8.127449,-4.125378,Sentence,1
7.2813516,0.52439225,Sentence,0
8.906579,-4.4427824,Sentence,2
7.130144,-4.2881093,Sentence,1
9.282242,-4.972144,Sentence,2
6.977049,-0.5582745,Sentence,0
6.602461,-1.661611,Sentence,0
9.319427,-3.7143414,Sentence,1
10.67139,-1.6344211,Sentence,0
7.6799083,-3.291144,Sentence,1
7.175501,-1.5931469,Sentence,0
8.284533,-2.4822958,Sentence,0
7.567924,-0.32428038,Sentence,0
6.952972,-4.1155596,Sentence,1
7.50573,-1.4650649,Sentence,0
7.999297,-4.8563957,Sentence,2
4.344947,-2.4958942,Sentence,0
10.621518,-2.1031084,Sentence,0
6.1916733,-0.06063838,Sentence,0
6.8581133,-0.94360656,Sentence,0
7.932259,-4.798377,Sentence,1
10.546449,-0.86603945,Sentence,0
9.180466,-5.108199,Sentence,2
8.685616,-3.6431615,Sentence,1
9.802387,-2.098895,Sentence,1
8.371873,-4.4372025,Sentence,2
8.583628,-4.636385,Sentence,2
8.652229,-5.0333705,Sentence,2
6.9123745,-3.3668497,Sentence,1
7.410696,0.35507107,Sentence,0
7.6984243,-2.1859105,Sentence,0
10.684398,-2.4188108,Sentence,1
8.622554,-4.8742123,Sentence,2
6.8634663,-3.854265,Sentence,1
9.266544,-3.2818604,Sentence,0
10.382946,-4.008059,Sentence,2
7.542398,-4.59015,Sentence,1
7.3621297,-4.2496743,Sentence,1
9.600524,-4.0776253,Sentence,2
9.166534,-5.20468,Sentence,2
8.178083,-3.6104002,Sentence,1
7.2321362,-2.0573149,Sentence,0
6.903505,-1.2116166,Sentence,0
7.6850653,-4.8491306,Sentence,1
8.627798,-4.83044,Sentence,1
8.860537,-3.918951,Sentence,1
8.889456,-5.3336496,Sentence,2
7.358311,-4.5723424,Sentence,1
8.59133,-2.2479975,Sentence,1
9.232371,-0.92828596,Sentence,1
8.616771,-5.025163,Sentence,2
8.673825,-5.3868494,Sentence,2
6.814083,-2.4340885,Sentence,0
8.232972,-2.2121453,Sentence,2
10.289164,-1.641629,Sentence,1
7.1682696,-0.642606,Sentence,2
6.9464793,0.7876603,Sentence,0
6.943536,0.624844,Sentence,0
9.320968,-5.1205845,Sentence,2
6.946461,-4.098195,Sentence,1
9.746803,-2.39316,Sentence,1
7.2257404,-4.4990106,Sentence,1
8.253714,-4.9255896,Sentence,2
7.581072,-1.3907485,Sentence,0
10.76204,-1.4607884,Sentence,0
7.913798,-4.3648577,Sentence,1
7.9970293,-4.4344897,Sentence,2
8.3068695,-3.8244522,Sentence,1
7.990216,-2.7276006,Sentence,0
8.150054,-5.2952876,Sentence,2
7.29747,-3.6997359,Sentence,1
6.6880116,-3.7653778,Sentence,1
8.355594,-2.865171,Sentence,1
8.634854,-5.251941,Sentence,2
7.610347,-2.013224,Sentence,2
8.494957,-3.3983746,Sentence,1
7.334561,0.1308784,Sentence,0
6.475008,-2.1221645,Sentence,0
6.649816,-3.437781,Sentence,1
9.3865385,-4.315636,Sentence,2
6.1751986,-0.18340775,Sentence,2
8.633196,-4.599935,Sentence,1
7.2241755,-2.7826638,Sentence,0
10.407723,-2.1134946,Sentence,1
7.0819716,-2.9979105,Sentence,1
10.103069,-1.9521813,Sentence,1
7.5774846,-2.0331995,Sentence,0
9.057195,-3.3580627,Sentence,1
6.9068418,-3.0912483,Sentence,2
10.451414,-4.78175,Sentence,2
9.616139,-4.709852,Sentence,2
7.6601024,-0.030007929,Sentence,0
5.150604,-1.3794671,Sentence,0
8.096776,-5.273052,Sentence,2
8.072967,-4.4383307,Sentence,1
11.757222,-3.6434944,Sentence,0
8.323496,-5.287283,Sentence,2
6.9569545,-0.5978489,Sentence,0
8.392859,-4.769594,Sentence,2
8.0015135,-4.119237,Sentence,1
7.490241,-5.1724114,Sentence,2
2.64978,-1.2726266,Sentence,0
7.0381002,-2.0215576,Sentence,0
8.266219,-5.827734,Sentence,2
8.164892,-4.0224376,Sentence,1
8.707567,-4.390507,Sentence,2
7.8517113,-5.2341022,Sentence,2
7.352596,-3.7504892,Sentence,1
9.862898,-4.8441463,Sentence,2
10.664006,-1.3738056,Sentence,1
6.4720435,-2.7279966,Sentence,0
8.236346,-4.9578795,Sentence,1
8.882366,-4.336932,Sentence,2
7.515112,-3.4554245,Sentence,1
7.4851246,-2.0111322,Sentence,0
8.11808,-2.508866,Sentence,2
8.667031,-3.7728794,Sentence,1
7.4337883,-3.8647606,Sentence,1
7.8562036,-0.6605767,Sentence,0
9.503966,-2.7417555,Sentence,1
9.19729,-2.3279345,Sentence,1
8.878609,-3.6514144,Sentence,1
11.129861,-4.4091754,Sentence,1
7.1520305,-3.9666297,Sentence,1
9.230628,-2.9853568,Sentence,1
7.453473,-4.7035184,Sentence,1
8.163341,-4.420616,Sentence,2
10.6662655,-1.6207813,Sentence,0
7.2874513,-3.0876098,Sentence,1
7.964638,-2.9766064,Sentence,0
7.5646834,-3.354435,Sentence,1
7.59431,-4.641719,Sentence,1
9.107153,-2.9045792,Sentence,1
10.123411,-0.35160202,Sentence,1
7.422595,-3.3001602,Sentence,1
6.9700885,-3.3521383,Sentence,1
8.131304,-1.1411735,Sentence,0
11.025371,-2.0098422,Sentence,0
7.196762,-2.2496574,Sentence,1
3.8780124,-1.7734131,Sentence,0
7.189996,-4.110912,Sentence,1
11.462457,-4.14316,Sentence,2
3.347849,-1.4967395,Sentence,0
11.510691,-4.273281,Sentence,2
7.172033,-1.6075627,Sentence,0
6.365793,-2.9749584,Sentence,0
6.736991,-4.355563,Sentence,1
8.244652,-4.5543847,Sentence,1
7.7771006,-4.258213,Sentence,1
10.3566885,-2.3796513,Sentence,0
6.6048913,-2.4334993,Sentence,0
7.1640906,-4.046872,Sentence,1
8.883618,-4.6816654,Sentence,2
6.8030124,-4.1681547,Sentence,1
9.862015,-2.9939432,Sentence,0
10.2931795,-4.754361,Sentence,2
10.834835,-2.2828484,Sentence,0
9.447665,-3.0575528,Sentence,1
6.941004,0.9637821,Sentence,0
6.542179,-4.3035297,Sentence,1
8.157962,-5.0898027,Sentence,2
7.056062,-2.0313084,Sentence,0
8.713109,-1.2530077,Sentence,0
8.406946,-5.5713444,Sentence,2
6.3117514,0.48680145,Sentence,0
5.2074747,-0.71631914,Sentence,2
7.962439,-3.7762537,Sentence,1
7.094523,-5.1045313,Sentence,2
7.378516,-3.5165966,Sentence,1
10.308108,0.22299749,Sentence,0
7.952674,-3.4986138,Sentence,1
9.652159,-4.3025036,Sentence,2
7.2448664,-3.6475503,Sentence,1
10.631008,-4.511545,Sentence,0
7.310348,-3.5865197,Sentence,1
7.834206,-4.9551415,Sentence,1
6.061192,1.1058145,Sentence,0
8.780296,-4.2109323,Sentence,1
2.9894035,3.1767406,Sentence,0
7.2520256,-0.6432188,Sentence,0
7.7308774,-2.6126075,Sentence,2
6.5924544,-3.32426,Sentence,1
8.167147,-4.0990133,Sentence,1
11.805904,-3.6218941,Sentence,0
6.4115925,-0.32063976,Sentence,0
5.9077864,-3.441534,Sentence,1
7.3153977,-3.429261,Sentence,1
7.89698,-1.9916573,Sentence,0
9.073609,-5.3009825,Sentence,2
7.427387,-3.7186291,Sentence,1
6.6336412,-0.4610228,Sentence,0
7.226536,-4.2976427,Sentence,1
4.10366,-1.6457785,Sentence,0
8.138735,-3.6093392,Sentence,1
2.6308627,-1.2651397,Sentence,0
7.0521116,-4.9808984,Sentence,2
6.8943944,-2.566009,Sentence,0
6.4769974,-3.3622856,Sentence,0
8.402605,-4.5256176,Sentence,1
6.1270885,-0.8984904,Sentence,0
6.8538833,-0.9708399,Sentence,0
7.9090214,-1.1945395,Sentence,0
9.5888,-2.8664677,Sentence,1
8.814164,-5.187842,Sentence,2
9.959904,-2.378128,Sentence,1
6.228031,-2.8022444,Sentence,1
9.45232,-3.0284634,Sentence,1
11.850913,-3.9925506,Sentence,2
8.640134,-5.062064,Sentence,2
6.261704,0.04210014,Sentence,0
6.2492113,-3.695379,Sentence,1
7.984082,-5.357892,Sentence,2
11.278626,-4.774848,Sentence,2
8.829466,-3.6681366,Sentence,1
6.4884725,-2.339143,Sentence,0
10.14031,-4.850428,Sentence,2
8.109767,-3.9730937,Sentence,1
7.0452,-1.5913544,Sentence,0
11.9881,-3.5876849,Sentence,0
9.293417,-5.341854,Sentence,2
8.232779,-1.8838274,Sentence,0
10.07927,-1.5265895,Sentence,0
5.682986,-1.1541756,Sentence,0
8.052859,-4.398838,Sentence,1
8.557614,-3.651012,Sentence,1
11.034717,-5.0772204,Sentence,2
6.595733,-1.0923296,Sentence,0
6.536282,-3.8377483,Sentence,1
10.61541,-2.153614,Sentence,1
8.659005,-3.8811972,Sentence,1
10.099332,-4.8623624,Sentence,2
7.2732434,-0.03212942,Sentence,0
8.85257,-5.1537867,Sentence,2
9.079167,-5.330821,Sentence,2
8.135154,-5.8694673,Sentence,2
8.838566,-2.9578855,Sentence,1
4.6339583,-1.1407927,Sentence,0
8.388018,-2.8563175,Sentence,1
10.600054,-4.473163,Sentence,2
10.150464,2.4758155,Sentence,1
7.7462463,-2.789005,Sentence,1
9.570166,-5.7197785,Sentence,1
6.210698,-3.6055017,Sentence,1
8.127849,-2.725732,Sentence,0
8.328455,-3.9007468,Sentence,2
9.166992,-4.8010297,Sentence,2
6.174891,-2.9686637,Sentence,2
8.483351,-2.27448,Sentence,0
5.8964615,-2.21498,Sentence,0
7.3326283,-3.039247,Sentence,1
11.897002,-4.497231,Sentence,2
8.150539,-5.1385636,Sentence,2
8.21184,-4.12417,Sentence,1
10.173278,2.5870886,Sentence,0
7.061218,-3.0737278,Sentence,1
7.3563495,-3.442773,Sentence,1
10.120762,-5.1881323,Sentence,2
11.296268,-4.2681084,Sentence,0
9.273221,-3.2265074,Sentence,1
6.9834394,-4.3133006,Sentence,1
6.131306,-0.8201082,Sentence,0
8.46002,-4.0565686,Sentence,2
7.622994,-4.360335,Sentence,1
10.709926,-4.1428814,Sentence,2
8.062899,-4.227415,Sentence,1
8.359378,-5.484197,Sentence,2
7.9690495,-4.261985,Sentence,1
8.705031,-2.1057813,Sentence,2
6.8241243,0.18588457,Sentence,0
6.482756,-4.510752,Sentence,0
4.422778,-1.1754985,Sentence,1
6.996573,-3.9283857,Sentence,1
7.7449317,-2.370696,Sentence,0
2.98914,3.1770353,Sentence,0
10.580622,-0.8680402,Sentence,0
8.20232,-4.135639,Sentence,1
6.806722,-1.8316917,Sentence,0
10.972719,-4.9460278,Sentence,2
7.7635083,-4.7043467,Sentence,1
10.39915,-3.685039,Sentence,2
7.9786224,-5.5180645,Sentence,2
9.518689,-1.518778,Sentence,1
6.3548927,-3.1711268,Sentence,1
6.8307896,-4.1538277,Sentence,1
7.7208085,-3.8870406,Sentence,1
7.1664944,0.09220447,Sentence,0
4.646267,-1.6190678,Sentence,2
5.7637877,-2.2079458,Sentence,0
10.17365,2.587573,Sentence,0
8.3980875,-5.538554,Sentence,2
10.099437,-5.2937393,Sentence,2
8.325254,-5.7429132,Sentence,2
7.356551,-3.6336884,Sentence,2
7.4600534,-1.9161998,Sentence,0
11.134011,-3.662375,Sentence,0
9.111678,-0.92408127,Sentence,0
7.0090175,-4.000445,Sentence,1
7.10641,-2.5855765,Sentence,0
8.455811,-3.551459,Sentence,1
7.539745,-4.1037264,Sentence,1
7.4110293,-4.4939904,Sentence,1
9.447,-5.2643833,Sentence,2
6.357747,0.491687,Sentence,0
7.3268595,-2.1856182,Sentence,0
5.636059,-2.2107077,Sentence,0
4.7923484,-0.6720475,Sentence,0
10.317695,-4.8332767,Sentence,2
6.89926,-4.2029815,Sentence,1
6.924166,-2.0848806,Sentence,0
6.5809608,-2.710799,Sentence,1
9.340774,-3.5495012,Sentence,2
6.1512885,-3.5648956,Sentence,1
7.7750144,-3.841328,Sentence,1
9.406096,-4.3675323,Sentence,2
8.946568,-3.2222226,Sentence,1
9.259197,-5.269011,Sentence,2
8.790384,-4.6885195,Sentence,2
7.3207674,-3.2950761,Sentence,1
6.2785234,0.04763494,Sentence,0
6.4599075,-3.2480066,Sentence,1
9.72087,-4.9022055,Sentence,2
6.309604,-2.7599037,Sentence,1
8.309926,-3.2216449,Sentence,2
9.344703,-2.0821848,Sentence,2
4.3178253,-2.51552,Sentence,1
6.7527447,-3.30209,Sentence,1
7.1769304,-1.7300484,Sentence,0
8.9676,-1.6968654,Sentence,0
8.159493,-4.977278,Sentence,1
6.2298036,-5.0302052,Sentence,2
8.910886,-3.4672432,Sentence,2
9.38458,-4.4414697,Sentence,2
7.080664,0.9906181,Sentence,0
8.575905,-4.3878784,Sentence,2
6.243483,-3.5847418,Sentence,1
11.154215,-4.470629,Sentence,1
6.59366,-3.3211727,Sentence,0
11.472342,-3.153728,Sentence,0
7.2499967,-4.8564353,Sentence,1
6.5047536,-2.5415094,Sentence,0
8.155224,-4.3803244,Sentence,1
6.370773,-4.815779,Sentence,2
7.662087,-4.79382,Sentence,1
8.5835905,-3.4170904,Sentence,1
6.1143026,-3.238024,Sentence,0
6.030221,0.119209625,Sentence,0
7.8908024,-4.380823,Sentence,1
8.234982,-3.7869647,Sentence,1
7.461974,-3.8511062,Sentence,1
7.070201,-3.2752163,Sentence,1
9.998436,-2.2730868,Sentence,1
6.558094,-1.8160062,Sentence,0
9.270827,-1.912726,Sentence,1
8.461638,-1.6446997,Sentence,0
6.9047546,-2.1102588,Sentence,0
6.4339705,-4.7469826,Sentence,2
12.036538,-3.6373377,Sentence,0
9.372471,-4.245696,Sentence,2
6.4415593,-2.6735725,Sentence,0
7.752906,-2.869404,Sentence,1
8.506494,-4.863111,Sentence,2
10.016988,-2.0687194,Sentence,0
10.545158,-4.0453477,Sentence,2
10.11018,-2.089938,Sentence,1
12.013749,-3.5911357,Sentence,0
7.3475137,-5.28971,Sentence,1
6.3335843,-3.4852338,Sentence,2
9.888067,-2.0815582,Sentence,1
7.9324455,-3.4014282,Sentence,1
7.7036285,-4.572986,Sentence,1
6.755668,-1.367898,Sentence,0
11.30718,-4.6522217,Sentence,0
9.966977,-4.6430993,Sentence,2
7.873417,-4.3359385,Sentence,2
8.216436,-3.21302,Sentence,2
7.2583137,-4.207637,Sentence,1
5.925144,-1.1672169,Sentence,0
9.184422,-2.2249408,Sentence,1
9.780321,-2.3721626,Sentence,0
7.3923144,-4.677556,Sentence,1
5.6441803,-2.0845642,Sentence,0
10.325413,-3.7341683,Sentence,2
8.8048315,-4.565069,Sentence,2
9.555492,-4.5679994,Sentence,2
7.2486234,-4.3722243,Sentence,1
8.781059,-4.95679,Sentence,2
10.321172,-4.2290087,Sentence,2
8.423835,-4.860828,Sentence,2
8.141769,-3.978341,Sentence,2
7.118025,-3.4051514,Sentence,1
6.424285,-1.7792462,Sentence,0
6.452048,-3.0523202,Sentence,0
8.392651,-2.0868108,Sentence,2
7.8473506,-3.1994238,Sentence,1
8.388939,-5.710174,Sentence,2
7.285753,-3.2960808,Sentence,1
6.668309,-3.6816943,Sentence,1
7.2821636,-4.508448,Sentence,1
7.2662067,-5.1795573,Sentence,2
7.661778,-3.6457498,Sentence,1
9.226209,-5.2730765,Sentence,2
8.403605,-4.7423105,Sentence,1
6.4055753,-2.554192,Sentence,1
7.975007,-0.52916807,Sentence,0
10.175402,-2.1926994,Sentence,1
4.1822734,-1.3990824,Sentence,0
9.973136,-4.5654454,Sentence,2
6.2310452,-5.0002747,Sentence,1
9.700969,-2.2445004,Sentence,1
10.629692,-1.752029,Sentence,0
10.300805,-1.46255,Sentence,0
7.565494,-1.515859,Sentence,0
10.115097,-2.297726,Sentence,1
8.009875,-0.43608698,Sentence,0
7.805126,-3.8380392,Sentence,1
8.44986,-5.213008,Sentence,2
7.9913516,-5.2184706,Sentence,2
7.11355,-2.7907825,Sentence,0
10.792396,-1.8591493,Sentence,1
6.0638027,-2.2546313,Sentence,1
8.748288,-4.4163423,Sentence,2
11.653939,-3.2000542,Sentence,1
9.171838,-0.96600103,Sentence,0
8.850446,-3.655441,Sentence,1
11.78532,-3.6379528,Sentence,0
7.1537685,-2.5916448,Sentence,0
7.313317,-3.4757845,Sentence,1
6.248169,0.100029774,Sentence,0
6.9257607,-3.4113812,Sentence,1
9.820475,-1.3233759,Sentence,1
7.320883,-1.7834212,Sentence,0
5.5265417,-2.9854512,Sentence,2
7.4999847,1.5971135,Sentence,0
9.642298,-2.2293742,Sentence,1
10.796839,-1.7032796,Sentence,1
7.4982796,-4.2374277,Sentence,1
4.810841,-1.7001892,Sentence,2
7.2157407,-0.65584993,Sentence,0
7.13096,-4.0952053,Sentence,1
2.6923678,-1.3139313,Sentence,1
6.7507825,-3.5358071,Sentence,1
9.655485,-0.94526166,Sentence,1
7.8164134,-2.1850293,Sentence,2
6.5504813,-2.6978207,Sentence,1
6.5212703,-1.9855934,Sentence,0
8.6363,-4.567491,Sentence,2
9.368648,-1.4778857,Sentence,1
6.8898773,0.010498705,Sentence,0
8.095037,-5.673649,Sentence,2
9.084532,-4.4692683,Sentence,2
7.781393,-3.3799074,Sentence,1
9.1843,-5.2433796,Sentence,2
9.214113,-3.0067012,Sentence,1
7.9917,-5.307641,Sentence,2
8.859296,-5.4738517,Sentence,2
8.379152,-4.2201495,Sentence,1
7.55894,-4.1894364,Sentence,1
9.13926,-4.993056,Sentence,2
7.563249,-1.4163159,Sentence,0
8.174021,-0.95503813,Sentence,0
6.9772077,-4.4080057,Sentence,1
8.55783,-2.9793103,Sentence,0
6.3740172,-4.828983,Sentence,2
7.601136,-3.881388,Sentence,1
6.1809373,-5.0391173,Sentence,0
6.801197,8.025168,Sentence,0
8.833677,-3.6767683,Sentence,2
8.78483,-4.075295,Sentence,2
7.466904,-4.687327,Sentence,1
7.2015986,-1.43375,Sentence,0
7.3610525,-4.780458,Sentence,1
6.8371983,-4.1247435,Sentence,1
11.389414,-4.1579094,Sentence,2
4.4028544,-2.4972842,Sentence,0
7.1204185,-0.78754413,Sentence,0
7.011875,-3.7955172,Sentence,1
7.535182,-4.21506,Sentence,1
7.421472,-5.0048957,Sentence,2
8.544913,-2.6394908,Sentence,1
6.764599,-4.0458145,Sentence,1
6.480351,-2.8572118,Sentence,1
7.4912977,-3.3955176,Sentence,1
9.071798,-2.1670754,Sentence,0
7.9309793,-3.7165353,Sentence,1
7.5364723,-3.1513596,Sentence,2
5.9061384,-3.8893495,Sentence,1
8.860274,-4.1353183,Sentence,2
10.259931,-0.09143002,Sentence,1
9.343806,-1.6018294,Sentence,0
7.2312202,-3.5112076,Sentence,1
9.883598,-4.580796,Sentence,2
8.253602,-4.9161105,Sentence,1
8.068686,-4.8144274,Sentence,2
7.745546,-2.626045,Sentence,2
6.0409865,-2.6401777,Sentence,2
9.243214,-3.5171475,Sentence,1
6.1126466,-2.6305373,Sentence,0
7.959767,-3.8895414,Sentence,1
9.631907,-4.2853084,Sentence,2
7.728404,-2.6586292,Sentence,1
6.781157,-4.896225,Sentence,2
10.392859,-0.964666,Sentence,1
7.1904345,-3.372746,Sentence,1
10.892468,-4.9701343,Sentence,2
7.798194,-3.9364989,Sentence,1
10.030669,-3.7364616,Sentence,2
6.7689247,-4.5783052,Sentence,1
8.755963,-4.7510133,Sentence,2
8.5066805,-2.519772,Sentence,1
8.020803,-1.2035569,Sentence,0
8.08081,-3.6691577,Sentence,1
7.574825,-2.7501945,Sentence,1
11.8583765,-3.6074975,Sentence,0
6.48364,-0.27399045,Sentence,0
9.810617,-2.011715,Sentence,1
8.89859,-3.699028,Sentence,2
8.483504,-4.9843836,Sentence,2
6.603173,-2.0693157,Sentence,0
6.774084,-2.6894584,Sentence,0
6.6216626,-3.3572903,Sentence,1
8.259273,-4.3081985,Sentence,1
8.961185,-5.349386,Sentence,2
6.0001283,-1.8443582,Sentence,0
7.117211,-1.5806017,Sentence,0
7.8182836,-4.11959,Sentence,1
9.618594,-2.7627847,Sentence,1
8.932112,-4.3748107,Sentence,2
8.287811,-5.114114,Sentence,2
7.295352,-4.307499,Sentence,1
7.723383,-3.4717407,Sentence,1
9.428972,-2.8408172,Sentence,1
8.212223,-4.424564,Sentence,1
7.665635,-4.756829,Sentence,1
9.006388,-1.4994811,Sentence,0
6.5940495,-3.5186749,Sentence,1
6.4607024,-4.0705137,Sentence,1
7.070675,-3.7302759,Sentence,1
8.8897295,-3.7644618,Sentence,2
8.996194,-4.7475343,Sentence,2
7.6488385,-2.8167512,Sentence,0
9.897368,-2.150853,Sentence,1
10.315743,-1.9835331,Sentence,0
10.267953,-4.577904,Sentence,2
7.3910017,-4.4774795,Sentence,1
6.246638,-3.8304222,Sentence,1
4.470668,-1.3190624,Sentence,2
10.173902,-2.608902,Sentence,1
7.7734704,-4.059112,Sentence,1
6.607841,-2.4102664,Sentence,0
7.972898,-4.108773,Sentence,1
9.904687,-5.3906555,Sentence,2
8.145225,-3.1759684,Sentence,1
7.983986,-1.6848534,Sentence,2
9.109556,-5.2298436,Sentence,2
4.8244653,-0.6612621,Sentence,0
7.262998,-3.2396054,Sentence,1
6.653611,-1.7092984,Sentence,2
8.04662,-4.120041,Sentence,1
7.1610045,3.3532228,Sentence,0
6.8522334,-4.9301777,Sentence,2
7.5421515,-2.6302936,Sentence,0
7.7719374,-4.3533673,Sentence,1
6.911671,-4.150161,Sentence,1
8.97432,-2.9664981,Sentence,1
8.28328,-3.3693995,Sentence,1
10.514649,-3.8819916,Sentence,2
8.3040905,-3.8166902,Sentence,1
7.1469007,-4.3924255,Sentence,1
6.2601275,-3.0421777,Sentence,1
7.064753,-3.3908396,Sentence,1
7.9812207,-4.757282,Sentence,1
11.124167,-1.9260236,Sentence,0
6.5427504,-4.0453334,Sentence,1
6.5842776,-2.3199923,Sentence,0
8.11421,-4.0374136,Sentence,2
9.587963,-5.7531586,Sentence,2
7.3899474,-0.28796998,Sentence,0
4.291039,-1.106434,Sentence,2
6.028917,-3.695905,Sentence,1
10.216308,-2.454548,Sentence,1
8.164579,-3.5478168,Sentence,2
7.344213,0.9868705,Sentence,0
6.61238,-4.0847178,Sentence,1
8.871128,-2.0552633,Sentence,0
10.977831,-1.8196483,Sentence,0
8.002886,-4.9873276,Sentence,1
7.947996,-4.4867043,Sentence,1
4.3950567,-1.2785757,Sentence,0
7.644428,-4.4090877,Sentence,1
8.502636,-4.1511474,Sentence,1
8.505633,-4.425957,Sentence,2
7.1326957,-3.7795599,Sentence,1
6.2113976,-4.185802,Sentence,0
6.587919,-2.0331936,Sentence,2
9.961304,-2.6521,Sentence,2
6.838731,-2.6081755,Sentence,0
6.7069163,-2.8821692,Sentence,1
6.912621,-4.710949,Sentence,1
9.986226,-2.1881378,Sentence,1
9.019352,-4.2259893,Sentence,2
8.50501,-3.1969981,Sentence,1
9.192281,-3.2536983,Sentence,2
9.247107,-5.3275943,Sentence,2
6.0507736,-0.36141503,Sentence,0
7.256204,0.58267444,Sentence,0
8.760274,-5.1160283,Sentence,2
7.7328215,-2.504754,Sentence,2
9.035289,-5.190772,Sentence,2
11.453657,-4.989092,Sentence,0
9.439872,-1.212954,Sentence,0
6.456389,-3.9619553,Sentence,1
3.133974,-1.2769024,Sentence,0
6.3625507,-2.5573332,Sentence,0
8.3955345,-3.6235914,Sentence,2
10.132239,-2.3431618,Sentence,1
6.982525,-2.6780567,Sentence,0
9.093462,-4.4375906,Sentence,2
9.109283,-5.2007427,Sentence,2
7.5796294,-4.1637964,Sentence,1
6.938564,-2.2345648,Sentence,0
8.354746,-5.6370425,Sentence,2
8.320168,-5.7442365,Sentence,2
9.960539,-2.020852,Sentence,1
7.0885,-4.3687334,Sentence,1
6.456429,-3.3568182,Sentence,0
6.4496083,0.70794874,Sentence,0
6.7068844,-4.607026,Sentence,1
7.1773987,-4.604349,Sentence,1
8.13721,-3.9166632,Sentence,1
5.241556,-3.1200607,Sentence,0
9.657802,-2.5716822,Sentence,1
9.205179,-4.0335016,Sentence,2
7.21562,2.1917658,Sentence,0
7.0267878,-3.9027514,Sentence,1
7.1798043,-4.283613,Sentence,1
7.9379487,-3.765947,Sentence,1
6.311665,-3.566581,Sentence,1
6.4676843,-3.2725363,Sentence,1
8.581317,-4.218002,Sentence,1
8.856161,-4.9091153,Sentence,2
6.8213944,-4.0428834,Sentence,1
9.243318,-2.0434039,Sentence,1
3.7363803,-1.039368,Sentence,0
6.7665725,-2.559024,Sentence,2
6.7971897,8.029794,Sentence,0
5.9878154,-1.5286692,Sentence,0
8.861682,-2.4073367,Sentence,1
6.4339833,-4.8385487,Sentence,2
9.254736,-3.8187163,Sentence,2
10.2652445,-4.7403584,Sentence,2
6.9328914,-2.0535333,Sentence,0
4.873736,-1.1984559,Sentence,2
6.262385,-4.9548273,Sentence,0
7.003778,-4.344236,Sentence,1
8.37697,-3.6997628,Sentence,2
4.2677746,-1.0885737,Sentence,0
8.739862,-4.9941363,Sentence,2
6.9509125,-4.1822095,Sentence,1
7.558134,-0.75792074,Sentence,0
10.928921,-4.3191204,Sentence,2
8.233679,-5.7490973,Sentence,2
6.72603,-3.2103686,Sentence,1
10.586082,-4.222251,Sentence,2
7.9199085,-5.565363,Sentence,2
6.6962214,-4.6908703,Sentence,2
7.6456604,-4.1473927,Sentence,1
9.5028305,-4.977576,Sentence,2
2.9893224,3.1769307,Sentence,0
10.107738,-2.34643,Sentence,1
7.302072,-4.5913553,Sentence,1
6.9062405,0.27402523,Sentence,0
8.860333,-5.2034197,Sentence,2
9.761449,-2.2986085,Sentence,1
6.5720263,-3.4463034,Sentence,1
7.112913,-4.347155,Sentence,1
6.9752283,-2.2953823,Sentence,0
8.7906475,-0.72065234,Sentence,2
7.224451,-2.196217,Sentence,0
10.104257,-5.0236177,Sentence,2
7.078831,-4.783204,Sentence,1
8.025724,-4.5766015,Sentence,1
7.6669292,-3.6199274,Sentence,1
6.7248993,-4.139084,Sentence,1
7.8013353,-4.7018714,Sentence,1
7.733368,-3.039045,Sentence,0
10.919331,-2.0033522,Sentence,0
9.5590925,-5.3643107,Sentence,2
7.4219756,-3.7061257,Sentence,1
6.602828,-1.140708,Sentence,0
7.601758,-2.4065332,Sentence,2
7.4138865,-3.9718046,Sentence,1
10.070685,-2.67496,Sentence,1
6.9820933,-2.6047182,Sentence,0
6.902655,-3.896618,Sentence,1
9.900513,-5.6362543,Sentence,0
8.747274,-3.5551305,Sentence,1
7.893874,-3.123673,Sentence,1
6.846978,-4.1417484,Sentence,1
8.019674,0.31600448,Sentence,0
9.997966,-1.8984789,Sentence,1
9.885758,-5.402441,Sentence,2
8.117973,-4.084506,Sentence,1
8.37035,-5.7794433,Sentence,2
8.54483,-2.7488098,Sentence,1
7.433004,-2.8060284,Sentence,1
6.998406,-3.16796,Sentence,1
7.112508,-4.746286,Sentence,1
9.286372,-3.654879,Sentence,2
7.008879,0.77041274,Sentence,0
10.349184,-4.6286163,Sentence,2
7.472156,-3.9376874,Sentence,1
6.483396,-2.6324651,Sentence,1
10.763134,-4.309969,Sentence,2
9.442795,-1.5018348,Sentence,0
6.890368,-3.9484322,Sentence,1
8.1902275,-0.38085365,Sentence,0
9.034923,-1.9381101,Sentence,0
6.8501096,-2.9196253,Sentence,0
6.133182,-0.94350517,Sentence,0
10.1975975,-5.1472473,Sentence,2
8.67572,-5.03729,Sentence,2
6.3807464,-2.847115,Sentence,0
9.706655,-2.702468,Sentence,1
7.8273034,-4.661901,Sentence,1
8.70517,-4.334392,Sentence,2
6.531581,-2.9156854,Sentence,0
8.67457,-4.0232944,Sentence,1
10.154046,-4.8691444,Sentence,2
7.7374125,-4.5313,Sentence,1
9.204069,-3.7212408,Sentence,2
8.811522,-5.1187134,Sentence,2
7.0981483,-1.4918776,Sentence,0
6.8715987,-4.3936157,Sentence,1
8.969027,-4.452851,Sentence,2
6.0280256,-1.7472198,Sentence,0
7.2857904,-3.109917,Sentence,2
8.688663,-4.7261662,Sentence,2
11.134967,-3.789204,Sentence,2
9.002643,-3.529538,Sentence,2
11.833969,-3.1570687,Sentence,0
7.077296,-2.62965,Sentence,2
7.631537,-3.233412,Sentence,1
11.900306,-3.5754445,Sentence,0
9.649398,-4.8973346,Sentence,2
9.113613,-3.3876405,Sentence,1
5.915324,-1.2690489,Sentence,0
7.1843953,-3.973784,Sentence,1
6.199761,-5.0396442,Sentence,2
10.1607895,-1.6470827,Sentence,1
8.251385,-4.3187685,Sentence,2
9.647915,-2.019503,Sentence,0
9.168325,-4.763449,Sentence,2
9.526748,-5.364875,Sentence,2
7.4393344,-4.9717765,Sentence,1
2.212318,-5.157684,Sentence,0
11.73744,-4.2400413,Sentence,0
7.231542,-4.704826,Sentence,1
7.0568776,-4.579225,Sentence,1
6.2448206,-3.0635986,Sentence,1
7.71439,-4.1490774,Sentence,1
7.3937283,-4.1022525,Sentence,1
6.985156,0.31517106,Sentence,0
3.6580436,-1.4020494,Sentence,0
9.597336,-3.8831058,Sentence,2
5.0353074,-1.8770303,Sentence,2
6.7248235,-3.7936444,Sentence,1
7.22374,-0.8625606,Sentence,0
6.840934,-2.133472,Sentence,0
9.688702,-2.3362787,Sentence,1
6.2685885,-4.64738,Sentence,0
7.198659,-1.5681307,Sentence,0
8.100422,-4.822183,Sentence,1
9.03374,-3.5060592,Sentence,1
8.310254,-3.1574836,Sentence,1
7.1390266,-3.8526146,Sentence,1
3.6384668,-1.3858782,Sentence,2
6.528862,-3.2779713,Sentence,0
8.059833,-4.2185516,Sentence,1
9.066162,-4.1844993,Sentence,1
7.0585694,-4.509224,Sentence,1
7.1909885,-3.765948,Sentence,1
6.4018955,-3.6891627,Sentence,1
9.112257,-4.5656686,Sentence,2
7.326128,-4.285953,Sentence,1
6.7589655,-4.0425844,Sentence,1
7.480555,-4.559877,Sentence,1
6.1189365,-1.1603491,Sentence,2
8.322339,-5.1209903,Sentence,2
10.623694,-4.0801077,Sentence,0
7.806639,-3.2575989,Sentence,2
6.8362064,-1.978983,Sentence,1
7.784357,-2.8134117,Sentence,1
7.4168925,-4.5306225,Sentence,1
9.767667,-2.8688197,Sentence,1
8.507817,-5.16347,Sentence,2
6.5508485,-3.2447522,Sentence,1
9.738526,-4.4980493,Sentence,2
6.2244363,-5.037771,Sentence,1
6.797232,8.028269,Sentence,0
11.562529,-3.9303186,Sentence,2
7.908012,0.5576988,Sentence,0
9.004379,-1.5268128,Sentence,0
6.263616,-2.104039,Sentence,0
8.726425,-5.265614,Sentence,2
6.223155,-5.002315,Sentence,0
11.875819,-3.822695,Sentence,0
8.596056,-5.0193677,Sentence,2
8.896766,-5.4724255,Sentence,2
6.7539773,-3.278873,Sentence,1
7.8718233,-2.242142,Sentence,2
6.5066547,-3.405341,Sentence,1
7.094892,-4.28954,Sentence,1
8.743823,-0.22356991,Sentence,0
7.118536,-4.772429,Sentence,1
7.857168,-0.7567775,Sentence,0
8.295934,-1.9673741,Sentence,2
8.0194645,-3.679273,Sentence,1
9.594129,-3.2142255,Sentence,0
5.0403404,-1.9418099,Sentence,2
8.560346,-5.3599234,Sentence,2
6.3207693,-0.70730853,Sentence,0
9.242041,-4.680116,Sentence,2
10.147483,-2.480595,Sentence,1
7.2181473,0.50971806,Sentence,0
8.32285,-4.5507617,Sentence,2
7.5558805,-4.20173,Sentence,1
6.917776,-3.1255717,Sentence,1
4.499704,-2.4873962,Sentence,0
6.5060396,-2.4368126,Sentence,0
8.534535,-4.34166,Sentence,2
7.541935,-4.754211,Sentence,2
6.8230295,-3.0130427,Sentence,1
8.563099,-3.9673266,Sentence,1
8.130337,-1.9987947,Sentence,1
7.524699,-4.8901343,Sentence,2
10.538593,-1.6343884,Sentence,1
6.6251764,-3.7624862,Sentence,1
3.9934976,-0.217663,Sentence,2
9.30535,-3.9338272,Sentence,1
7.993247,-4.2396817,Sentence,1
7.2167764,-2.8286521,Sentence,2
9.343818,-4.438387,Sentence,2
6.7218657,-0.58233595,Sentence,0
10.898545,-2.1366568,Sentence,0
9.540574,-2.7764482,Sentence,1
8.652673,-3.0621238,Sentence,1
7.2001204,-3.3165913,Sentence,1
3.4684439,-1.2884135,Sentence,0
7.67036,-4.732721,Sentence,2
8.030729,-3.922435,Sentence,1
8.424038,-4.7542152,Sentence,2
10.024687,-5.183672,Sentence,2
10.724327,-2.493997,Sentence,1
7.5506487,-3.7862155,Sentence,1
6.8832307,-3.5714173,Sentence,1
7.619262,-3.8918679,Sentence,1
8.32356,-5.500075,Sentence,2
6.0350666,-3.1918433,Sentence,1
7.242361,-3.1915781,Sentence,1
11.877252,-3.8171844,Sentence,0
10.426736,-2.4968162,Sentence,1
7.654507,-3.0140324,Sentence,1
8.512746,-4.348775,Sentence,2
7.8654156,-4.080769,Sentence,1
8.852823,-5.1393113,Sentence,2
6.419972,-3.604894,Sentence,2
7.3426137,-4.2728834,Sentence,1
8.15571,-4.440389,Sentence,1
5.6163893,-3.6152694,Sentence,0
8.543119,-4.5863547,Sentence,1
6.3658357,-3.6492152,Sentence,1
6.799646,-2.8393404,Sentence,1
6.2562165,-5.027265,Sentence,2
6.698272,-1.5545465,Sentence,1
6.1745024,-3.467577,Sentence,1
7.472726,1.6489911,Sentence,0
7.1387525,-4.3070116,Sentence,1
7.247875,-0.053075023,Sentence,0
9.669152,-2.468224,Sentence,1
9.619567,-2.2391357,Sentence,1
8.099177,-4.986478,Sentence,1
8.654415,-4.468675,Sentence,2
7.3364263,-4.5283937,Sentence,1
9.037967,-2.09298,Sentence,0
9.242678,-0.8882562,Sentence,1
7.5595384,-2.3661425,Sentence,2
8.07589,-3.173434,Sentence,1
6.203014,-3.3716094,Sentence,0
10.156198,-1.7027496,Sentence,0
8.349211,-3.9014654,Sentence,1
8.166486,-3.8236337,Sentence,1
7.952444,-3.3253636,Sentence,1
9.319001,-5.406316,Sentence,2
7.762387,-1.3059275,Sentence,0
10.619612,-3.97526,Sentence,2
6.9174447,-4.176001,Sentence,1
9.955017,-1.8563428,Sentence,1
6.8185377,-2.1072354,Sentence,0
8.715979,-1.886505,Sentence,0
6.3935328,-4.313728,Sentence,2
6.9087977,-2.7331033,Sentence,1
6.353112,-4.211509,Sentence,0
7.900776,-3.385855,Sentence,1
6.2139425,-5.0333247,Sentence,0
6.1879473,-5.039065,Sentence,0
11.079685,-4.9581604,Sentence,0
7.744416,-3.901783,Sentence,1
8.326357,-5.381613,Sentence,2
6.251391,-1.155437,Sentence,0
9.329436,-2.3887165,Sentence,1
3.774729,-1.7580096,Sentence,0
7.9387856,-2.4201236,Sentence,0
10.371973,-4.7033277,Sentence,2
3.9792209,-1.2345458,Sentence,0
7.5865355,-3.2827566,Sentence,1
6.1667714,0.008458943,Sentence,0
10.496719,-2.4585009,Sentence,1
7.5734963,-3.7944262,Sentence,1
8.911667,-5.4292054,Sentence,2
7.589177,-4.9603066,Sentence,2
8.192802,-5.0159245,Sentence,2
10.026233,-2.0679047,Sentence,1
10.596465,-4.243111,Sentence,2
10.151796,-4.0456824,Sentence,2
8.466159,-3.9992409,Sentence,2
9.424116,-4.4066367,Sentence,2
8.334442,-4.0431347,Sentence,2
8.370916,-5.1807384,Sentence,2
4.9140086,-1.6806281,Sentence,0
6.562791,-3.5872493,Sentence,1
6.432448,-2.7550755,Sentence,0
6.317962,-3.8116698,Sentence,1
8.208263,-3.2468166,Sentence,1
6.4108605,-1.1313802,Sentence,0
6.585319,-3.0694582,Sentence,1
6.9561033,-1.0395159,Sentence,0
8.263814,-4.601384,Sentence,1
8.89356,-4.296938,Sentence,2
8.863161,-3.5071561,Sentence,1
8.099119,-4.9681287,Sentence,1
4.463109,-1.1515751,Sentence,0
11.500231,-4.2867403,Sentence,2
5.5141416,-1.5535747,Sentence,0
6.9803,-3.3720956,Sentence,1
9.172973,-5.112954,Sentence,2
6.293363,-0.03849623,Sentence,0
6.1701365,-5.0789356,Sentence,0
7.5834804,-4.3349504,Sentence,1
7.862056,-3.8169413,Sentence,1
7.103645,-3.67329,Sentence,1
8.131539,-4.1635017,Sentence,1
6.5284934,-2.8350766,Sentence,1
8.035855,-5.053286,Sentence,1
8.124241,-5.5776744,Sentence,2
8.662193,-4.4219575,Sentence,2
7.223228,-3.1969657,Sentence,1
8.337353,-4.8043604,Sentence,2
7.7548,-4.747164,Sentence,1
7.430915,-4.73351,Sentence,1
8.842602,-4.8631496,Sentence,2
6.2587214,-1.6506623,Sentence,0
6.198398,-0.2795035,Sentence,0
7.045967,-3.7846203,Sentence,1
7.911936,-4.929649,Sentence,2
11.650586,-4.690399,Sentence,0
8.245101,-4.895759,Sentence,2
7.0278134,-3.715773,Sentence,1
7.966229,-3.8512857,Sentence,1
9.297404,-2.6240902,Sentence,1
8.7517185,-2.8904564,Sentence,1
6.7336335,-1.3264084,Sentence,0
6.7886477,-2.3612037,Sentence,1
8.30337,-3.4963226,Sentence,1
4.8536,-0.89595455,Sentence,0
7.4132953,-3.134486,Sentence,1
6.611237,-2.2057958,Sentence,0
6.5508366,-3.962704,Sentence,1
8.778746,-4.836331,Sentence,2
9.564016,-4.9566073,Sentence,2
11.861315,-3.2176507,Sentence,0
7.400028,0.19190422,Sentence,0
6.8639693,-4.7018595,Sentence,1
8.416175,-4.3248253,Sentence,1
7.7065854,-3.980471,Sentence,1
8.513658,-5.264537,Sentence,2
7.9865646,-4.1929164,Sentence,2
7.720602,-4.261052,Sentence,1
6.912576,-4.156915,Sentence,1
5.787588,-3.8066137,Sentence,1
6.95927,0.67870396,Sentence,0
7.5505195,-3.5946078,Sentence,2
6.337473,-0.36087912,Sentence,0
10.241649,-1.7827349,Sentence,0
9.953676,-4.529622,Sentence,2
8.669811,-3.1226778,Sentence,2
6.868433,-4.5264673,Sentence,1
7.2138915,0.30447558,Sentence,0
9.670814,-2.2043767,Sentence,1
9.474732,-4.653185,Sentence,2
7.136172,-4.1109495,Sentence,1
6.9462147,-1.6674156,Sentence,0
9.861469,-3.0533867,Sentence,0
6.67141,-0.5476137,Sentence,2
7.4395084,-3.2830315,Sentence,1
7.90058,-3.7185314,Sentence,1
8.775643,-2.8781223,Sentence,1
8.554558,-3.9064941,Sentence,1
7.4251213,-2.733511,Sentence,2
7.4789805,-3.8738844,Sentence,1
8.654071,-4.5923057,Sentence,2
8.653027,-4.445002,Sentence,2
7.5129056,-4.014308,Sentence,1
7.438889,-3.8065424,Sentence,1
7.1692305,-2.0335848,Sentence,1
7.314632,-2.6496744,Sentence,2
9.631767,-4.5810423,Sentence,2
7.517329,-2.8178833,Sentence,2
6.3172455,-0.04875806,Sentence,0
6.2360487,0.56454325,Sentence,0
7.0717745,-0.43967593,Sentence,0
10.388529,-4.55169,Sentence,2
6.807125,-2.1812508,Sentence,0
6.286422,-3.5330522,Sentence,1
9.441553,-5.054061,Sentence,2
7.0972013,-3.750143,Sentence,1
6.519293,-1.4438311,Sentence,0
9.020491,-2.3101833,Sentence,0
9.643284,-2.337458,Sentence,0
6.785052,0.08883329,Sentence,0
7.894151,-4.526522,Sentence,1
9.459372,-3.2027128,Sentence,1
6.8749285,-4.505097,Sentence,2
8.738681,-4.7834992,Sentence,2
9.123005,-3.3414493,Sentence,2
9.91746,-5.5302773,Sentence,2
6.549698,-2.8959234,Sentence,1
6.8726387,-3.8085551,Sentence,1
11.026609,-2.0486474,Sentence,0
9.377788,-3.2203672,Sentence,1
8.205543,-3.5789912,Sentence,1
6.398166,-2.2439172,Sentence,2
8.472021,-0.286941,Sentence,0
6.2922387,-0.05043074,Sentence,0
6.9176354,-1.0322534,Sentence,0
7.674589,-4.783915,Sentence,1
8.830841,-3.846191,Sentence,2
7.6157146,-4.2892075,Sentence,1
10.013377,-4.23335,Sentence,2
9.34623,-5.272302,Sentence,2
11.002107,-4.375794,Sentence,2
7.641114,-4.546599,Sentence,1
6.9341736,-3.1638196,Sentence,1
10.116888,-1.4429771,Sentence,1
8.799046,-4.164975,Sentence,2
11.811576,-4.6166883,Sentence,0
10.220433,-2.5720265,Sentence,1
7.333033,-4.841676,Sentence,1
7.7064495,-4.208712,Sentence,1
8.656089,-5.1495347,Sentence,2
9.042063,-2.869054,Sentence,0
7.3662553,-3.1391401,Sentence,1
9.49299,-5.6142144,Sentence,2
10.527092,-2.143405,Sentence,0
6.6661363,-4.090149,Sentence,1
8.418628,-2.6246395,Sentence,2
6.9430366,-2.5210333,Sentence,1
7.967986,-5.5894604,Sentence,2
8.936217,-5.175709,Sentence,2
7.34335,-1.5298793,Sentence,0
10.159059,-4.45319,Sentence,2
6.5332108,-4.7161756,Sentence,1
6.9145265,-4.402049,Sentence,1
6.75251,-2.4571645,Sentence,0
8.911206,-4.2107635,Sentence,2
6.7858243,-3.7289095,Sentence,1
10.244273,0.10066197,Sentence,0
9.019703,-5.287997,Sentence,2
8.015204,-2.9995978,Sentence,2
9.255039,-5.4224563,Sentence,2
10.081527,-0.94069713,Sentence,1
8.53558,-4.4469886,Sentence,2
7.666294,-2.380826,Sentence,0
10.597918,-4.094205,Sentence,2
8.156916,-4.51619,Sentence,1
6.9981165,-3.0550933,Sentence,0
5.482564,-2.1626143,Sentence,0
11.529177,-4.1313667,Sentence,2
6.353845,-2.9850652,Sentence,0
9.786418,-0.8559363,Sentence,0
6.510777,-3.969386,Sentence,1
8.062066,-3.2450671,Sentence,1
8.679003,-5.1169677,Sentence,2
10.998158,-5.0153723,Sentence,2
3.8353574,-0.80113345,Sentence,0
6.929081,-2.508371,Sentence,1
9.533152,-1.3366326,Sentence,0
6.5769124,-0.09325066,Sentence,0
9.609552,-5.5453854,Sentence,2
6.550134,-2.24378,Sentence,1
7.5767946,-4.4562936,Sentence,1
10.000302,-2.675918,Sentence,1
7.0521393,-4.4335895,Sentence,1
5.943633,-3.7776728,Sentence,1
9.577949,-2.3339927,Sentence,1
7.058591,-1.8915366,Sentence,0
7.54903,-4.729073,Sentence,1
7.1150613,-0.2147604,Sentence,0
6.940669,-2.7722783,Sentence,1
9.752298,-0.31710145,Sentence,2
7.2656784,-4.337297,Sentence,1
2.9785354,3.1879296,Sentence,0
8.05793,-2.8884628,Sentence,2
8.300948,-5.166784,Sentence,2
7.4630795,-3.543522,Sentence,1
6.5171137,-0.4859553,Sentence,0
6.713205,-4.0277257,Sentence,1
9.030865,-1.890308,Sentence,0
8.733419,-3.523073,Sentence,2
6.34314,-2.6679015,Sentence,1
8.345647,-3.9975443,Sentence,2
9.348977,-3.5817218,Sentence,2
8.419912,-4.2951818,Sentence,1
7.6982527,-4.7134547,Sentence,1
9.231337,-3.0517159,Sentence,1
6.4545627,-3.367711,Sentence,1
6.630426,-1.6082792,Sentence,0
7.6679707,-3.3652477,Sentence,1
8.962889,-2.560836,Sentence,2
4.344743,-2.4956908,Sentence,0
8.448155,-2.1180546,Sentence,2
8.419056,-2.1917846,Sentence,1
6.668246,-3.8566003,Sentence,1
8.582173,-4.086299,Sentence,2
9.26257,-4.185596,Sentence,2
6.594051,-3.443212,Sentence,1
8.547513,-4.719791,Sentence,2
6.5334525,-3.7258751,Sentence,1
8.093512,-4.07739,Sentence,1
7.9156265,-3.0722485,Sentence,1
6.5785265,-4.8497257,Sentence,2
7.7744894,-4.3996334,Sentence,1
8.824526,-1.6658458,Sentence,0
6.240717,-0.17466334,Sentence,0
7.0855346,-3.8648257,Sentence,1
8.361863,-2.2109976,Sentence,0
8.930022,-4.5080895,Sentence,2
6.6403503,-2.824379,Sentence,0
7.3120313,-1.6966097,Sentence,0
9.058895,-0.7032623,Sentence,0
8.894005,-5.145012,Sentence,2
7.310803,-4.6790037,Sentence,1
8.64938,-5.119578,Sentence,2
8.499454,-0.8363175,Sentence,0
6.7254696,-3.9002738,Sentence,1
10.134168,-1.3390683,Sentence,1
6.852434,-4.7849,Sentence,2
5.3856506,-1.7202941,Sentence,2
9.283116,-0.9948024,Sentence,0
10.173913,2.5882099,Sentence,0
9.4048815,-3.6633353,Sentence,0
7.512091,-2.4293487,Sentence,0
7.707747,-4.539038,Sentence,2
9.233092,-4.6952796,Sentence,2
6.211958,-1.2523289,Sentence,2
6.2492757,-5.010902,Sentence,2
6.497441,-1.1552948,Sentence,1
7.736885,-2.4483004,Sentence,0
8.339098,-4.4866147,Sentence,2
8.277583,-4.759419,Sentence,1
8.367404,-5.076057,Sentence,2
7.9647393,-4.256322,Sentence,2
9.08023,-5.325738,Sentence,2
10.131636,-0.2506528,Sentence,0
6.492396,-3.1092968,Sentence,1
8.217684,-4.0268483,Sentence,1
9.721921,-2.8217707,Sentence,1
6.6561804,-0.5257161,Sentence,0
8.003458,-0.46097755,Sentence,0
8.286486,-2.924327,Sentence,2
5.220885,-1.563926,Sentence,0
9.944893,-2.36275,Sentence,1
11.131586,-4.7117267,Sentence,2
6.912226,-3.0513005,Sentence,1
6.8942246,-3.783873,Sentence,1
7.330607,-4.219433,Sentence,1
8.185761,-4.7394824,Sentence,1
6.1622634,-4.1430945,Sentence,2
8.212733,-5.8329954,Sentence,2
9.1716585,-3.3260884,Sentence,1
8.795477,-3.5733023,Sentence,2
8.313901,-4.2025785,Sentence,1
8.599729,-5.546199,Sentence,2
6.1971345,-0.10977289,Sentence,0
10.188859,-0.18764928,Sentence,0
7.6073804,-3.8856766,Sentence,1
9.846984,-2.5231028,Sentence,1
7.231594,-3.282325,Sentence,1
7.8174353,-4.0202746,Sentence,1
6.4253707,-2.6523714,Sentence,0
8.093547,-5.3351445,Sentence,2
8.303617,-1.3771943,Sentence,0
9.797778,-1.9465227,Sentence,0
9.681944,-4.2843323,Sentence,2
8.468377,-4.3128376,Sentence,2
6.512992,-1.9748386,Sentence,0
8.1905985,-3.4444885,Sentence,1
7.0695286,0.69204414,Sentence,0
8.126043,-4.046336,Sentence,1
9.733495,-1.4730865,Sentence,1
10.867235,-2.0914958,Sentence,0
9.061336,-4.220621,Sentence,2
8.055693,-1.7568084,Sentence,0
8.821402,-4.032195,Sentence,1
7.543094,-3.8933475,Sentence,1
4.384232,-2.5154305,Sentence,0
9.864915,-2.6044679,Sentence,1
6.4689145,0.009657226,Sentence,0
6.9913473,-4.3967147,Sentence,1
8.343896,-5.408972,Sentence,2
3.997823,-0.26128373,Sentence,0
6.7105722,-2.774466,Sentence,0
9.1108055,-5.1972375,Sentence,2
7.324176,-4.0067196,Sentence,1
6.9971466,0.10193479,Sentence,0
6.496319,-4.8647428,Sentence,2
8.7355385,-1.0998878,Sentence,0
6.988263,-3.535574,Sentence,1
8.874021,-2.2836652,Sentence,2
7.8462358,-0.30406877,Sentence,0
3.3430912,-1.500538,Sentence,0
10.473904,-2.4225514,Sentence,1
6.5474687,-3.5834367,Sentence,1
10.175754,-2.549791,Sentence,1
7.5927157,-4.618033,Sentence,2
7.777703,-3.9705157,Sentence,1
8.816379,-4.38313,Sentence,2
9.242082,-4.7184634,Sentence,2
8.659315,-4.4322505,Sentence,2
7.5920935,-2.3433766,Sentence,1
8.032993,0.10628838,Sentence,0
7.3339405,-3.675187,Sentence,1
7.2812285,-4.8189096,Sentence,1
8.903275,-4.393291,Sentence,2
9.61448,-2.2160473,Sentence,1
7.3093925,-3.9521978,Sentence,1
11.521102,-4.83208,Sentence,0
7.906358,-4.9250293,Sentence,2
10.848275,-4.381347,Sentence,2
9.011737,-2.8451834,Sentence,0
6.2657676,-3.2836292,Sentence,0
6.5669575,-4.5531507,Sentence,2
6.26501,0.0054881694,Sentence,0
7.7309117,-3.740486,Sentence,1
8.725324,-4.844527,Sentence,2
9.200534,-2.8288658,Sentence,0
10.888582,-2.1580753,Sentence,1
7.8376913,-5.0686073,Sentence,2
6.5773306,-3.858674,Sentence,1
8.376109,-3.8459826,Sentence,2
6.942545,0.62389797,Sentence,0
9.291171,-1.1843767,Sentence,0
10.130984,-5.241494,Sentence,2
10.408695,-0.9238125,Sentence,1
7.4984384,-4.0923977,Sentence,1
7.345563,-3.8988209,Sentence,1
8.229074,-0.056553848,Sentence,0
6.736236,-4.314746,Sentence,1
7.345468,-4.5655274,Sentence,1
7.6674194,-3.7483659,Sentence,1
9.330892,-2.0560508,Sentence,0
7.804721,-2.448193,Sentence,2
6.8565674,-3.7881262,Sentence,1
8.160458,-4.975553,Sentence,2
9.526023,-4.063079,Sentence,2
9.133296,-5.2042527,Sentence,2
10.67033,-1.9616798,Sentence,0
9.968553,-0.13821167,Sentence,0
7.4058404,-4.9825816,Sentence,2
9.503337,-4.0260143,Sentence,2
6.371291,-0.83376956,Sentence,0
9.648884,-5.499586,Sentence,2
10.055048,-5.305808,Sentence,2
8.826521,-5.2553396,Sentence,2
10.310434,-2.3315823,Sentence,1
7.3410096,-1.809654,Sentence,2
7.783687,1.6424198,Sentence,0
7.029057,-1.7107875,Sentence,0
6.85695,-2.7655308,Sentence,1
11.854587,-3.2086527,Sentence,0
7.4114227,-3.814101,Sentence,1
9.288729,-4.025783,Sentence,2
8.814357,-4.087601,Sentence,1
7.1216025,0.98447573,Sentence,0
10.0903015,-4.449467,Sentence,2
6.3819923,-0.40724468,Sentence,0
9.39392,-0.78577876,Sentence,0
11.245307,-4.2307854,Sentence,2
6.9842625,0.45676246,Sentence,0
7.6155577,-3.965702,Sentence,1
7.343199,-2.1140015,Sentence,0
8.328668,-4.9441876,Sentence,2
9.919799,-3.006222,Sentence,0
8.528103,-0.22784586,Sentence,0
8.408556,-4.7958775,Sentence,2
7.0844355,-3.0161295,Sentence,1
11.557359,-4.8952913,Sentence,0
9.0501995,-5.351714,Sentence,2
4.295284,-0.833562,Sentence,0
8.29592,-5.7160473,Sentence,2
7.0713415,-1.5090054,Sentence,0
6.998636,-2.898306,Sentence,2
10.174036,2.5887043,Sentence,0
8.43567,-4.313855,Sentence,2
7.8464694,-4.5956235,Sentence,1
6.813824,-3.8398137,Sentence,1
11.893534,-3.5858634,Sentence,0
8.551134,-5.6608224,Sentence,2
9.762471,-2.6228359,Sentence,1
10.464497,-0.92620695,Sentence,1
6.186606,-0.06237359,Sentence,0
7.14281,-4.2450004,Sentence,1
6.748963,-3.6125147,Sentence,0
9.74548,-2.8652782,Sentence,1
6.466529,-0.5250732,Sentence,0
9.771201,-1.5657198,Sentence,1
10.1121025,-0.006439801,Sentence,2
10.710214,-2.4391634,Sentence,1
8.442946,-2.5529847,Sentence,2
6.4503584,-1.48471,Sentence,0
8.153196,-4.473789,Sentence,1
6.7087035,-2.6337824,Sentence,0
6.8276267,-2.75692,Sentence,0
6.2567096,-4.968091,Sentence,0
6.841775,-3.8172991,Sentence,1
10.604282,-1.3683822,Sentence,0
6.174636,-4.424905,Sentence,0
7.940794,-4.842316,Sentence,2
10.004883,-5.2747,Sentence,2
8.128078,-4.019272,Sentence,2
8.808791,-2.7439203,Sentence,2
9.013048,-5.045955,Sentence,2
8.119484,-4.549271,Sentence,2
9.967955,-5.355018,Sentence,2
7.8176823,-4.7776113,Sentence,1
9.271132,-5.207643,Sentence,2
9.152874,-5.3269935,Sentence,2
7.4045877,-3.920345,Sentence,1
7.699514,-4.86526,Sentence,1
9.350961,-3.6465955,Sentence,2
9.440525,-5.123215,Sentence,2
9.375049,-0.7882547,Sentence,0
6.2384124,0.006177821,Sentence,0
8.348363,-5.1522384,Sentence,2
9.391692,-5.2738905,Sentence,2
6.6698084,-3.0641923,Sentence,1
8.278093,-5.2817597,Sentence,2
7.8157682,-2.2783253,Sentence,2
10.180818,-1.4806594,Sentence,1
10.094892,-2.0739427,Sentence,1
10.25699,-2.3187125,Sentence,1
7.2233725,-2.16295,Sentence,0
8.607079,-4.40096,Sentence,2
8.519092,-4.4838715,Sentence,2
6.784682,-2.076951,Sentence,0
7.708325,-4.247486,Sentence,1
8.232909,-5.8210435,Sentence,2
6.931032,-4.534508,Sentence,1
9.010897,-1.9991307,Sentence,0
7.5587263,-3.6910367,Sentence,1
10.1803875,-1.7324411,Sentence,0
11.758309,-3.6740723,Sentence,0
7.449242,-3.7678115,Sentence,1
8.426488,-2.6129482,Sentence,0
7.665673,-3.967122,Sentence,2
6.9987674,-0.84328246,Sentence,0
7.518037,-4.453025,Sentence,1
9.100974,-4.5212874,Sentence,2
7.9010715,-4.534963,Sentence,1
8.183163,-4.5479937,Sentence,2
7.1184793,-1.7741017,Sentence,0
6.2731724,-3.6379297,Sentence,1
9.016579,-0.4200524,Sentence,0
6.441477,-3.6442013,Sentence,1
7.6877527,-1.6648765,Sentence,2
6.789481,0.5020718,Sentence,0
11.525625,-4.130346,Sentence,2
8.41641,-4.538584,Sentence,1
7.9050374,-4.3682446,Sentence,1
9.403326,-0.63601756,Sentence,0
6.575031,-0.6147208,Sentence,0
7.9636803,-5.1066184,Sentence,2
9.004487,-4.6302786,Sentence,2
6.7443233,-3.6609018,Sentence,1
3.9186563,-1.1829007,Sentence,2
6.8164988,-2.345016,Sentence,0
7.0223684,-2.3680165,Sentence,0
8.244385,-4.3654823,Sentence,1
10.247056,-4.4700184,Sentence,2
8.273159,-4.785102,Sentence,2
7.8293843,-2.9531798,Sentence,1
7.155783,-3.682965,Sentence,1
7.321324,-1.1802123,Sentence,0
9.559669,-5.051199,Sentence,2
9.688351,-4.0893908,Sentence,2
7.574373,-0.6145352,Sentence,0
7.548227,-2.8926835,Sentence,2
6.7897763,-2.119873,Sentence,0
8.670157,-3.7255657,Sentence,2
9.564472,-4.567158,Sentence,2
6.6817875,-3.6044652,Sentence,1
9.166153,-4.3726797,Sentence,2
8.899051,-4.3480005,Sentence,2
9.944912,-1.4437519,Sentence,0
7.222782,-4.37552,Sentence,1
7.094652,-3.8091254,Sentence,1
9.452579,-1.9229586,Sentence,0
7.4940977,-4.988778,Sentence,1
6.8184032,-3.5929508,Sentence,1
7.871628,-5.5478406,Sentence,2
7.4669075,1.6397482,Sentence,0
8.873397,-3.3598268,Sentence,1
7.7818556,-2.589043,Sentence,0
7.1390452,-2.8701658,Sentence,2
4.10333,-1.6299659,Sentence,0
8.111461,-3.5445483,Sentence,1
6.2311244,-3.9032362,Sentence,0
8.227673,-4.453251,Sentence,1
7.6000266,-4.666912,Sentence,1
6.420903,-0.84982145,Sentence,0
10.166125,-4.601966,Sentence,2
8.125519,-5.9119515,Sentence,2
9.092509,-3.0925286,Sentence,1
9.067012,-2.356054,Sentence,1
8.819824,-2.8428464,Sentence,0
6.3822904,-0.14310263,Sentence,0
6.704336,-2.6292412,Sentence,1
6.8544855,-2.8911715,Sentence,1
8.986936,-5.729353,Sentence,2
9.381892,-2.9024477,Sentence,1
5.668047,-1.696056,Sentence,2
8.132069,-3.806828,Sentence,1
9.214465,-5.3695326,Sentence,2
5.6804976,-1.6927643,Sentence,0
9.973855,-2.3358235,Sentence,1
8.285322,-5.242294,Sentence,2
8.442789,-4.1642504,Sentence,1
9.153643,-3.3345888,Sentence,1
8.126114,-3.439979,Sentence,1
9.118112,-1.8733436,Sentence,0
10.828418,-4.361983,Sentence,2
7.518787,-2.9172726,Sentence,1
6.516139,-2.2495608,Sentence,0
8.511931,-3.0646164,Sentence,1
8.488195,-3.3117118,Sentence,1
9.645884,-2.8818789,Sentence,0
7.3574905,-4.045186,Sentence,1
7.659943,-2.7772882,Sentence,2
6.7250433,-0.016922371,Sentence,0
10.052879,-3.5155187,Sentence,2
11.870962,-3.2223961,Sentence,0
7.6052475,-3.8972208,Sentence,1
3.8357012,-0.79668975,Sentence,0
6.171897,-0.4715539,Sentence,0
9.071323,-5.2770705,Sentence,2
7.1307697,0.483109,Sentence,0
5.524508,-3.7664902,Sentence,1
6.398561,-3.1517,Sentence,0
7.2017083,-4.830095,Sentence,1
6.840336,-1.1113569,Sentence,0
9.31715,-3.343446,Sentence,2
8.632073,-4.0526075,Sentence,2
9.121548,-4.465332,Sentence,2
9.032441,-2.7562306,Sentence,2
6.891133,-4.3990173,Sentence,1
5.6820955,-1.3414435,Sentence,1
9.737846,-4.605823,Sentence,2
7.678907,-1.6124868,Sentence,0
8.390052,-4.746893,Sentence,1
7.633412,-2.9640076,Sentence,1
6.0992303,-3.2534752,Sentence,1
5.9015727,-2.0336723,Sentence,0
3.8200417,-1.2068192,Sentence,0
9.2555,-3.8560479,Sentence,1
8.251913,-4.755537,Sentence,1
9.833776,0.20840482,Sentence,0
7.3250995,-3.839469,Sentence,1
9.97247,-1.8867909,Sentence,0
7.2353487,-4.595439,Sentence,1
8.337952,-4.9335427,Sentence,1
6.9970775,-2.1832693,Sentence,2
7.681197,-4.597807,Sentence,1
8.806512,-3.8250914,Sentence,1
7.1907434,-5.0639277,Sentence,2
8.596875,-4.1654005,Sentence,2
7.1713,-4.281884,Sentence,1
9.6027355,-4.8852525,Sentence,2
7.5378714,-2.5003047,Sentence,2
7.7392516,-0.18990904,Sentence,0
9.966481,-5.2875175,Sentence,2
8.67281,-3.91922,Sentence,2
7.14445,-4.552679,Sentence,1
8.576226,-3.779655,Sentence,1
8.063676,-5.0284743,Sentence,1
3.8382363,-0.79904443,Sentence,0
8.629578,-5.6640515,Sentence,2
8.996449,-1.7852126,Sentence,0
4.8520083,-1.4960089,Sentence,2
11.476632,-5.022301,Sentence,0
9.396774,-2.7033298,Sentence,1
8.398856,-4.7547827,Sentence,2
9.987187,-2.7133584,Sentence,1
6.155953,0.038079023,Sentence,0
10.483298,-1.1818631,Sentence,1
8.505654,-4.6920967,Sentence,2
8.425196,-4.505603,Sentence,1
7.7909055,-5.14024,Sentence,2
8.496335,-4.088213,Sentence,2
9.042236,-4.743391,Sentence,2
9.054718,-5.823166,Sentence,2
7.9376254,-3.6085255,Sentence,1
10.264476,-0.8624764,Sentence,1
7.6787386,-4.0363426,Sentence,1
6.1163754,-3.0793068,Sentence,0
7.8283095,-4.4049463,Sentence,1
10.969826,-5.0906754,Sentence,2
10.236331,-2.015393,Sentence,1
5.5378227,-2.983485,Sentence,2
8.224301,-3.3101604,Sentence,1
9.026568,-4.251996,Sentence,1
9.624227,-4.3242,Sentence,2
8.732399,-5.091806,Sentence,2
6.947866,-4.3594227,Sentence,1
9.553084,-2.6260996,Sentence,1
2.6324513,-1.2655016,Sentence,0
8.888624,-4.7209373,Sentence,2
6.315478,-4.8303294,Sentence,2
9.323168,-0.6394085,Sentence,0
8.538546,-5.235871,Sentence,2
10.071019,-4.645974,Sentence,2
6.0875425,0.5915636,Sentence,0
5.7821875,-1.8941741,Sentence,0
8.170825,-3.2722983,Sentence,1
6.900117,-3.9864194,Sentence,1
8.692996,-5.1949,Sentence,2
6.5255475,-0.006787868,Sentence,0
8.612965,-1.7303712,Sentence,2
7.561343,-4.175541,Sentence,1
6.1747575,-3.6226463,Sentence,1
7.2277713,-0.14192267,Sentence,0
6.603758,-2.7455473,Sentence,1
9.129642,-2.8805342,Sentence,1
9.397147,-4.93802,Sentence,2
7.829798,-4.4737215,Sentence,1
8.205884,-4.7108245,Sentence,1
7.592337,-2.4331381,Sentence,2
7.127335,-3.8503046,Sentence,1
8.82393,-5.04467,Sentence,2
8.247639,-2.3058448,Sentence,2
7.7861133,-1.4950942,Sentence,0
8.510152,-3.877469,Sentence,1
11.55282,-4.2455635,Sentence,2
8.643555,-5.673248,Sentence,2
6.735074,-2.8814428,Sentence,0
9.635883,-3.1563778,Sentence,0
5.552544,-2.5925915,Sentence,0
9.265768,-5.4068627,Sentence,2
9.301529,-5.0701194,Sentence,2
5.7823763,-1.8699619,Sentence,0
11.134277,-3.632098,Sentence,0
7.8905344,-4.331691,Sentence,1
10.429712,-0.8666694,Sentence,0
7.5880823,0.76793724,Sentence,0
6.3467436,-0.23078404,Sentence,0
9.042729,-5.396918,Sentence,2
9.331186,-5.269174,Sentence,2
2.2120128,-5.157926,Sentence,0
7.863185,-4.1929493,Sentence,1
7.579271,-0.3021973,Sentence,0
7.1890736,-0.3177998,Sentence,0
7.7840476,-3.5143518,Sentence,1
7.161618,-4.3593125,Sentence,1
5.207525,-1.9090807,Sentence,2
8.794887,-5.5107446,Sentence,2
10.155076,-0.29630795,Sentence,1
6.5864086,-2.2061703,Sentence,0
8.767246,-3.9977522,Sentence,1
6.8876586,-4.084533,Sentence,1
6.6321383,-0.83489263,Sentence,0
6.5058746,-3.562845,Sentence,1
8.423049,-3.866008,Sentence,1
8.450851,-4.1335535,Sentence,1
7.770833,-4.654273,Sentence,1
7.6584854,-1.7408618,Sentence,1
7.4882092,-2.165063,Sentence,2
8.370211,-4.3901653,Sentence,1
7.3994746,-3.8202188,Sentence,1
8.949826,-3.4839492,Sentence,1
7.494382,-4.9138722,Sentence,2
10.125523,-5.2822437,Sentence,2
10.566334,-3.7812157,Sentence,0
8.510804,-5.11401,Sentence,2
9.054524,-2.3271873,Sentence,2
6.741666,-0.7591044,Sentence,0
7.2469654,-2.8595161,Sentence,1
8.224886,-3.6055758,Sentence,1
5.6418204,-3.7936764,Sentence,1
10.871268,-3.3108904,Sentence,0
6.8832674,-1.4145594,Sentence,0
10.141981,-4.527223,Sentence,2
6.3297243,-0.26141113,Sentence,0
7.2940784,-3.4530644,Sentence,1
8.479261,-4.7988043,Sentence,2
8.665939,-4.9529214,Sentence,2
8.265029,-4.433437,Sentence,1
6.642953,-3.247004,Sentence,0
6.246038,-2.1031003,Sentence,0
6.1408153,-3.3632016,Sentence,1
4.1090035,-1.464234,Sentence,2
10.2506485,-0.062115032,Sentence,1
8.7897215,-3.24765,Sentence,1
7.404291,-1.0692725,Sentence,0
8.1887245,-3.9494154,Sentence,1
7.6264963,-1.2354125,Sentence,2
7.2430944,0.3278749,Sentence,0
7.322702,0.7807002,Sentence,0
8.080199,-3.363474,Sentence,1
7.179242,-3.2582805,Sentence,1
9.839403,-5.4572563,Sentence,2
6.4558587,-3.7888944,Sentence,1
10.149804,-4.0233555,Sentence,2
10.874513,-1.9415874,Sentence,1
9.165916,-3.0776184,Sentence,2
11.135979,-4.458149,Sentence,2
10.942377,-4.956576,Sentence,2
9.697036,-2.632865,Sentence,1
8.02578,-2.0840535,Sentence,0
6.235037,-0.8051111,Sentence,0
7.5245233,-5.109024,Sentence,2
6.855667,-4.411981,Sentence,1
7.044986,-3.0994549,Sentence,1
8.540886,-3.2236981,Sentence,1
9.678762,-4.663743,Sentence,2
7.0354505,-4.0245185,Sentence,1
4.5274997,-1.9363377,Sentence,0
8.260534,-2.782913,Sentence,1
7.7669277,-4.7111034,Sentence,1
6.8877835,0.103437774,Sentence,0
9.799188,-2.9433637,Sentence,2
7.718747,-4.7487435,Sentence,1
7.305632,-2.9147484,Sentence,2
9.351313,-5.511952,Sentence,2
6.778058,-1.0123047,Sentence,0
8.1997795,-2.5522735,Sentence,0
4.8056836,-2.7013257,Sentence,2
11.590034,-4.930701,Sentence,0
6.257462,-1.2126211,Sentence,0
9.679664,-2.4082513,Sentence,1
8.087148,-4.805679,Sentence,1
7.7410836,-2.144636,Sentence,2
8.296082,-3.6483605,Sentence,1
8.803925,0.0549802,Sentence,0
6.514895,-2.6328204,Sentence,0
8.839508,-3.0998971,Sentence,1
7.52522,-4.4898195,Sentence,1
9.078679,-4.4138546,Sentence,2
9.204006,-0.6184948,Sentence,0
8.179618,-5.72573,Sentence,2
6.570924,0.11751345,Sentence,0
5.242292,-3.1517994,Sentence,0
7.0619407,-4.625474,Sentence,1
8.267275,-4.452298,Sentence,1
7.9896235,-3.4329202,Sentence,1
7.951243,-4.014515,Sentence,1
8.62866,-5.7208633,Sentence,2
6.4283147,-1.5249045,Sentence,2
6.8537164,-1.0627213,Sentence,0
6.483231,-2.1733723,Sentence,0
10.527763,-4.603141,Sentence,2
7.943306,-2.0193086,Sentence,0
6.953682,-2.9503005,Sentence,0
2.6246076,-1.2661579,Sentence,0
8.276834,-4.590923,Sentence,1
8.346721,-3.8099847,Sentence,1
8.222425,-3.4873617,Sentence,2
6.9727807,-3.4370518,Sentence,1
8.388553,-4.880551,Sentence,1
7.736257,-4.6383414,Sentence,1
7.299965,-4.650669,Sentence,1
2.6372838,-1.2700669,Sentence,0
7.5959897,-3.197593,Sentence,1
6.1431537,-3.8373537,Sentence,2
8.067081,-3.7777538,Sentence,1
9.572724,-2.7257433,Sentence,1
7.6686244,-3.564132,Sentence,1
7.4009266,-4.1443048,Sentence,2
7.4793925,-0.3953739,Sentence,0
9.023379,-2.8412771,Sentence,2
8.173154,-5.5276456,Sentence,2
8.07206,-2.073795,Sentence,0
8.671263,-4.759712,Sentence,2
10.334609,-1.0592813,Sentence,0
9.673305,-5.0833263,Sentence,2
6.977294,-4.67639,Sentence,2
8.095737,-4.5438466,Sentence,1
8.520023,-4.4160566,Sentence,1
7.191287,-4.199372,Sentence,1
6.7249923,-3.0619574,Sentence,0
7.29221,-2.393507,Sentence,0
7.939345,-4.3354173,Sentence,1
7.0746098,0.09928564,Sentence,0
6.5418177,-3.7945335,Sentence,1
6.7558274,-2.537623,Sentence,0
8.346873,-3.6201088,Sentence,1
6.9009213,-1.6878963,Sentence,0
7.785989,-2.4788835,Sentence,1
4.8040056,-0.6771053,Sentence,0
8.090665,-3.163343,Sentence,1
10.118324,-4.6440763,Sentence,2
7.7198286,-1.166068,Sentence,0
8.244358,-5.1951094,Sentence,2
7.3247414,-1.5269247,Sentence,0
7.191511,-2.95801,Sentence,2
8.697035,-5.008097,Sentence,2
6.00458,-3.3474705,Sentence,0
9.414854,-4.0955777,Sentence,2
8.312443,-2.7753913,Sentence,1
10.510467,-4.193458,Sentence,2
7.6953945,-3.552787,Sentence,1
7.2456675,-3.600538,Sentence,1
6.197348,-3.8291452,Sentence,1
7.286981,-2.007799,Sentence,0
6.1705155,-3.6132078,Sentence,1
9.043556,-3.5184188,Sentence,1
7.0505066,0.781976,Sentence,0
7.317459,-2.0542393,Sentence,0
10.802942,-2.0933845,Sentence,1
5.229977,-1.5982044,Sentence,0
7.255677,-1.489108,Sentence,0
7.4859633,-3.3349903,Sentence,1
8.459646,-5.1196847,Sentence,2
8.515023,-2.9665608,Sentence,2
10.077045,-4.4667068,Sentence,2
8.2332535,-4.3168807,Sentence,1
6.29914,-2.1745994,Sentence,2
6.5077786,-3.1150076,Sentence,1
7.0303693,-3.2427688,Sentence,0
10.934755,-3.251342,Sentence,0
7.569283,-3.9294436,Sentence,1
7.9397573,-4.865335,Sentence,1
8.477355,-4.16236,Sentence,1
8.413872,-4.7233596,Sentence,1
6.326295,-0.72779936,Sentence,0
9.946103,-2.2622616,Sentence,1
10.274735,-2.3189275,Sentence,0
7.3290815,-3.295118,Sentence,1
7.9966173,-2.9353528,Sentence,1
8.897671,-5.3947906,Sentence,2
8.413817,-4.973869,Sentence,2
5.2511296,-1.6110711,Sentence,0
6.3610015,-4.0825076,Sentence,1
6.878197,-4.6197834,Sentence,1
8.867025,-1.395041,Sentence,0
7.1072316,0.34855703,Sentence,0
9.060932,-5.077362,Sentence,2
7.4042306,-3.4416578,Sentence,1
4.7108827,-1.0526576,Sentence,0
6.320267,-2.5189636,Sentence,1
9.010613,-5.146253,Sentence,2
6.609347,-3.604295,Sentence,1
7.289654,-2.2432055,Sentence,1
10.028302,-2.012889,Sentence,0
7.3148947,-1.6177971,Sentence,0
10.304123,-0.9224839,Sentence,0
10.5757675,-1.4150422,Sentence,1
8.270499,-0.62472576,Sentence,2
7.578285,-3.9377,Sentence,2
7.9234676,-4.6202984,Sentence,1
8.99558,-3.6892393,Sentence,1
11.933004,-4.498722,Sentence,2
7.948367,-4.731433,Sentence,1
8.662859,-2.3415442,Sentence,0
9.345023,-5.844516,Sentence,2
4.5168333,-2.438722,Sentence,0
7.7687287,1.6380383,Sentence,0
10.021478,-2.9056098,Sentence,2
8.776565,-5.4407907,Sentence,2
7.1490316,-2.7073123,Sentence,1
8.964534,-4.6291237,Sentence,2
7.7250185,-4.3065786,Sentence,1
9.247765,-1.0512558,Sentence,0
9.075016,-5.2736835,Sentence,2
9.152076,-4.5385714,Sentence,2
8.509219,-5.501357,Sentence,2
6.254159,-3.2493455,Sentence,1
8.60381,-3.3813522,Sentence,2
8.957609,-5.487209,Sentence,2
6.2930465,-5.0186567,Sentence,2
5.988236,-3.4796152,Sentence,0
10.160014,-1.8404752,Sentence,1
7.798418,-1.7275279,Sentence,0
7.6045427,-4.1863103,Sentence,1
6.254042,-3.593436,Sentence,1
9.958864,-1.9920225,Sentence,1
8.012148,-4.0966873,Sentence,1
9.292829,-4.006241,Sentence,2
6.4748993,-3.8108249,Sentence,1
8.485737,-3.9127932,Sentence,1
6.540247,-3.628883,Sentence,1
6.912169,-4.07733,Sentence,1
7.4597282,-2.934786,Sentence,2
7.4958024,-4.157136,Sentence,1
9.871827,-4.589606,Sentence,2
9.034752,-4.5735083,Sentence,1
7.1588144,-3.873895,Sentence,1
7.2814875,-3.5517766,Sentence,1
9.290965,-5.137704,Sentence,2
6.555755,-3.4504735,Sentence,1
8.726033,-4.3488507,Sentence,2
10.883263,-4.346037,Sentence,2
6.2773895,-2.609697,Sentence,0
4.0726285,-1.6712394,Sentence,0
11.644359,-4.8015456,Sentence,0
7.2274613,-2.6559134,Sentence,0
7.0162964,-3.9731927,Sentence,1
10.953203,-2.2217937,Sentence,1
7.296988,-3.3456495,Sentence,1
9.586137,-3.074376,Sentence,2
6.0643277,-0.8041771,Sentence,0
8.243972,-3.4916575,Sentence,1
6.634974,-3.7411683,Sentence,1
6.6714787,-2.3991404,Sentence,1
10.0299225,-2.093036,Sentence,1
9.660404,-5.054587,Sentence,2
9.582441,-3.8850634,Sentence,1
9.0582,-5.0707164,Sentence,2
10.234427,0.08049863,Sentence,0
8.506004,-3.6198063,Sentence,1
5.954129,-0.5106113,Sentence,0
7.093139,-2.5947373,Sentence,0
8.189044,-5.1390867,Sentence,2
7.239983,-4.1230326,Sentence,1
9.164005,-2.6714814,Sentence,1
7.0646844,-2.556382,Sentence,0
8.887562,-5.568558,Sentence,2
7.8787227,-3.786948,Sentence,1
9.773075,-2.6903408,Sentence,1
8.606026,-3.003625,Sentence,2
7.0309877,-4.6454973,Sentence,1
6.7547717,-3.5125785,Sentence,1
8.688685,-5.08783,Sentence,2
8.337135,-0.3897486,Sentence,0
7.302013,-4.2890606,Sentence,1
8.208449,-2.3256774,Sentence,2
9.923531,-0.6435339,Sentence,1
7.3753524,-4.391471,Sentence,1
10.038925,-5.4742727,Sentence,2
7.3593135,-4.5043116,Sentence,1
7.544805,-4.0912795,Sentence,1
10.22123,-0.06664816,Sentence,0
3.8148253,-0.8347598,Sentence,0
10.050703,-4.681813,Sentence,2
8.744479,-2.2977583,Sentence,1
8.704695,-3.6102092,Sentence,2
-5.841017,2.559032,Sentence,0
7.2461624,-1.4250611,Sentence,0
9.934131,-1.8964905,Sentence,1
7.0652056,-4.5313187,Sentence,2
4.226695,-1.3172637,Sentence,2
9.386228,-4.310183,Sentence,2
9.557995,-5.1049623,Sentence,2
8.594274,-3.5332859,Sentence,1
8.154323,-4.4914646,Sentence,1
6.3345714,-4.348097,Sentence,0
4.367192,-2.5476398,Sentence,0
8.712154,-5.0280647,Sentence,2
6.9824667,-4.375062,Sentence,1
9.762285,-2.4740396,Sentence,1
10.316785,-2.259837,Sentence,1
6.776523,-4.165834,Sentence,1
6.994199,-4.212264,Sentence,1
8.687209,-2.7073786,Sentence,1
6.886214,-2.3289936,Sentence,1
7.4406652,-4.551514,Sentence,1
6.9259424,-1.1762666,Sentence,1
8.04793,-2.082419,Sentence,0
8.439006,-3.0728521,Sentence,1
8.117313,-3.8630502,Sentence,1
10.052398,-5.1584964,Sentence,2
9.1705065,-5.4005003,Sentence,2
9.430504,-4.99442,Sentence,2
10.119645,-1.7868876,Sentence,1
6.1379037,-3.3827858,Sentence,1
6.754105,-3.262337,Sentence,1
8.160045,-4.4965143,Sentence,1
6.855718,-4.246473,Sentence,1
5.848084,-2.3417294,Sentence,2
9.306974,-1.7913738,Sentence,1
7.587257,-1.695171,Sentence,0
8.218914,-5.0281963,Sentence,2
7.507177,-2.1630726,Sentence,1
6.803757,-0.8752177,Sentence,0
5.020106,-0.7213732,Sentence,0
8.073459,-1.885593,Sentence,0
7.4084754,-3.5108056,Sentence,1
10.634878,-1.3750951,Sentence,0
7.518658,-2.3605027,Sentence,1
7.2028203,0.45929888,Sentence,0
7.588839,-4.239497,Sentence,1
7.019601,-4.283264,Sentence,1
9.145087,-4.649894,Sentence,2
6.5323396,-3.248079,Sentence,1
6.8584714,-2.844212,Sentence,0
8.020962,-3.9601476,Sentence,1
7.0901446,-1.6968337,Sentence,0
7.6001406,-4.790615,Sentence,1
8.129631,-4.979732,Sentence,2
10.3288,-2.6808038,Sentence,1
9.792927,-1.7908776,Sentence,1
8.936228,-5.258891,Sentence,2
9.558084,-5.2055197,Sentence,2
8.649606,-4.6107984,Sentence,2
8.51654,-2.4250715,Sentence,2
7.110111,-1.1094017,Sentence,0
6.9787292,-3.9749863,Sentence,1
9.253432,-3.8260107,Sentence,2
8.431766,-4.7900696,Sentence,2
7.580615,-4.687426,Sentence,1
5.8526435,-3.8619921,Sentence,1
9.06207,-5.462188,Sentence,2
7.871269,-3.8665287,Sentence,1
7.28066,-4.664077,Sentence,1
2.6329968,-1.2658031,Sentence,0
7.9744735,-3.4264529,Sentence,1
5.7800274,-2.1891866,Sentence,0
11.452098,-4.1016603,Sentence,0
10.033822,-1.9773937,Sentence,2
5.6131926,-3.8036175,Sentence,0
10.134697,-2.518101,Sentence,2
8.6513,-3.8811698,Sentence,1
9.349031,-5.1245127,Sentence,2
7.1171594,-4.343258,Sentence,1
10.024328,-5.0465527,Sentence,2
9.426368,-5.012077,Sentence,2
7.196377,-4.4803257,Sentence,1
2.6314423,-1.2658093,Sentence,0
8.592871,-1.3296789,Sentence,0
11.483642,-4.4033685,Sentence,2
7.2371716,-4.582361,Sentence,1
7.5453315,-4.3807044,Sentence,1
8.745528,-3.4769647,Sentence,1
8.424818,-4.2014275,Sentence,1
11.842625,-3.3403773,Sentence,0
8.074705,-2.3684068,Sentence,1
7.24983,-4.188173,Sentence,1
7.8959556,-4.932722,Sentence,1
6.335939,-0.09904914,Sentence,0
7.6753926,-3.1315372,Sentence,2
8.951491,-4.79603,Sentence,2
10.021055,-3.453115,Sentence,2
4.3313036,-1.1070733,Sentence,0
8.307454,-4.648737,Sentence,2
7.5920653,-4.04982,Sentence,1
7.9425993,-4.3275414,Sentence,1
9.439052,-5.1704965,Sentence,2
6.926645,-4.188595,Sentence,1
9.213359,-3.1122081,Sentence,2
10.158148,-5.0390224,Sentence,2
10.216073,-2.6978025,Sentence,2
6.6064205,-4.0401354,Sentence,1
6.9840064,-3.2477129,Sentence,2
6.9013095,0.03355158,Sentence,0
7.1294947,-2.1945646,Sentence,1
8.045906,-1.7914383,Sentence,0
6.4601784,-3.6096382,Sentence,1
8.572097,-2.7842596,Sentence,1
9.575975,-1.3074584,Sentence,1
7.374861,-2.5776787,Sentence,0
6.73161,-3.0281706,Sentence,1
6.8076987,-2.6574085,Sentence,2
7.9197016,-5.31754,Sentence,2
10.386164,-4.836659,Sentence,2
8.3364725,-2.5814497,Sentence,1
7.445694,-0.14272447,Sentence,0
8.273163,-2.2287414,Sentence,2
7.35205,-3.8585305,Sentence,1
8.5918,-5.0537157,Sentence,1
6.795725,-4.092547,Sentence,1
9.191254,-1.8398038,Sentence,0
7.111616,-4.459234,Sentence,2
7.1273766,-1.64657,Sentence,0
7.2034535,2.2039518,Sentence,0
8.442116,-3.3588881,Sentence,1
9.393531,-5.114483,Sentence,2
8.451554,-3.8787289,Sentence,2
8.858801,-2.4624932,Sentence,1
7.0690594,-2.0646834,Sentence,0
4.5067463,-2.3798244,Sentence,0
7.1392093,-2.869397,Sentence,2
9.222065,-5.127188,Sentence,2
6.243519,-4.9656334,Sentence,1
4.797404,-0.66348684,Sentence,0
9.533767,-3.3344915,Sentence,0
8.862616,-4.7249217,Sentence,2
6.9783306,-4.3838463,Sentence,1
6.2112536,0.9704546,Sentence,0
7.2742023,-4.4620867,Sentence,1
6.797725,8.027917,Sentence,0
9.558529,-2.8694212,Sentence,1
8.3499155,-2.2513154,Sentence,2
11.517455,-3.6127067,Sentence,0
7.355172,0.044435512,Sentence,0
11.0162325,-3.684694,Sentence,0
6.7505436,-4.031135,Sentence,1
7.793067,-4.2422023,Sentence,1
8.220319,-4.0898395,Sentence,1
10.489552,-1.7930249,Sentence,0
10.143593,-2.6249192,Sentence,1
7.236084,-0.2911683,Sentence,0
7.5417,-0.6824093,Sentence,0
7.2565603,-3.5403414,Sentence,1
8.849202,-3.541232,Sentence,1
9.135706,-5.2557983,Sentence,2
8.426782,-3.910348,Sentence,1
8.028527,-3.356183,Sentence,2
8.16095,-4.53661,Sentence,1
7.576223,-1.6653638,Sentence,0
8.540712,-4.8663197,Sentence,2
9.745162,-1.6718951,Sentence,0
5.9136653,-2.9232328,Sentence,0
9.207025,-1.5639657,Sentence,1
7.472146,-4.4080873,Sentence,1
6.2881074,-4.931155,Sentence,2
7.869418,-4.6259055,Sentence,1
7.8224254,-4.765523,Sentence,1
6.8629327,-2.8508708,Sentence,0
5.917695,-2.046335,Sentence,0
9.098788,-5.099629,Sentence,2
7.656821,-4.5131793,Sentence,1
11.459409,-4.175763,Sentence,2
6.9390054,-1.603341,Sentence,0
9.519108,-4.4512653,Sentence,2
2.6285353,-1.265374,Sentence,0
8.053847,-0.2768967,Sentence,0
8.421335,-4.339175,Sentence,2
9.693912,-5.1429434,Sentence,2
7.627057,-1.3874928,Sentence,0
6.949756,-3.8549447,Sentence,1
8.648034,-4.9654493,Sentence,2
10.396764,-4.757487,Sentence,2
6.198274,-5.0441284,Sentence,0
10.215507,0.15050487,Sentence,0
8.971643,-3.0155241,Sentence,1
9.193677,-5.581161,Sentence,2
9.386922,-4.7097855,Sentence,2
6.202462,0.0947581,Sentence,0
6.8207746,-2.9906518,Sentence,1
9.579946,-4.8968472,Sentence,2
9.188714,-5.1075,Sentence,2
8.221585,-3.3702328,Sentence,1
6.2035174,0.8898973,Sentence,0
9.587004,-3.550612,Sentence,2
7.5276203,-0.00976896,Sentence,0
6.8812547,-0.6330734,Sentence,0
6.9104424,-0.8428085,Sentence,0
7.1621842,-4.6693387,Sentence,1
7.147416,-3.8735366,Sentence,1
10.940111,-4.6492343,Sentence,2
10.115963,0.2608294,Sentence,0
8.790701,-2.0029695,Sentence,0
10.50028,-4.335842,Sentence,2
8.966739,-4.875605,Sentence,2
7.9293704,-2.1704657,Sentence,0
6.9881682,-3.6862822,Sentence,1
6.187261,-4.4237156,Sentence,2
8.797835,-4.4676495,Sentence,2
8.645537,-4.296359,Sentence,2
6.962644,-2.1847887,Sentence,1
8.054832,-3.9980729,Sentence,1
10.216684,-1.7875564,Sentence,1
6.6210246,-0.19785272,Sentence,0
6.937103,-4.021915,Sentence,1
8.058065,-4.6266594,Sentence,2
10.456654,-2.447319,Sentence,1
10.404434,-2.5080276,Sentence,0
6.377654,-0.4093624,Sentence,0
8.172652,-4.9823294,Sentence,1
8.408656,-4.1648693,Sentence,2
7.99685,-4.4884205,Sentence,1
6.5561533,-4.391805,Sentence,1
6.338469,-2.7231228,Sentence,2
6.8824444,-2.6873207,Sentence,1
7.610357,-3.7309182,Sentence,1
4.095676,-1.453009,Sentence,0
9.554334,-2.8064039,Sentence,1
5.6539693,-0.48994014,Sentence,2
8.465175,-2.9282932,Sentence,2
9.088228,-4.8384943,Sentence,2
6.8103137,-3.9745474,Sentence,1
9.147687,-4.077142,Sentence,2
6.282368,-3.7322147,Sentence,1
6.439997,-2.8977935,Sentence,1
7.307097,-4.440092,Sentence,1
8.846831,-2.7135253,Sentence,1
7.1426387,-3.9548094,Sentence,1
9.231103,-5.441593,Sentence,2
6.8034143,8.022787,Sentence,0
8.983431,-3.2247548,Sentence,0
6.5184603,-3.81723,Sentence,1
8.546042,-3.1104898,Sentence,2
10.070691,-4.6955614,Sentence,2
9.793989,-4.812332,Sentence,2
6.995667,-0.9262978,Sentence,0
8.858659,-2.6325204,Sentence,1
6.951262,-2.6439455,Sentence,1
9.48538,-1.581419,Sentence,1
9.850104,-4.5698857,Sentence,2
6.9858284,-3.1579754,Sentence,2
6.1053586,-1.3354295,Sentence,0
8.636049,-3.5549746,Sentence,1
8.334598,-3.9945395,Sentence,1
9.753875,-1.7490569,Sentence,1
5.757873,-3.8294117,Sentence,1
6.9822845,-4.399962,Sentence,1
7.754175,-4.5950584,Sentence,1
8.608737,-4.315863,Sentence,2
6.9157777,-2.1326525,Sentence,0
11.440053,-4.29903,Sentence,2
7.213986,2.1940079,Sentence,0
9.710681,-1.7413839,Sentence,1
8.999998,-3.4364011,Sentence,2
10.00527,-1.4149511,Sentence,1
9.131916,-5.1694784,Sentence,2
9.641245,-0.32664782,Sentence,0
9.297687,-1.6780807,Sentence,1
11.802618,-3.5567071,Sentence,0
9.637885,-2.5954387,Sentence,1
11.517087,-3.7499392,Sentence,0
9.775226,-4.692256,Sentence,2
9.414975,-5.83227,Sentence,2
8.231432,-5.0942106,Sentence,2
10.328211,-4.262465,Sentence,2
10.488541,-4.3493586,Sentence,2
7.7661443,-1.3555715,Sentence,0
8.93133,-2.6165798,Sentence,1
11.330017,-5.266904,Sentence,2
6.802848,-3.1026049,Sentence,1
6.744374,-4.056166,Sentence,1
6.4118385,-2.9341466,Sentence,0
8.553237,-2.6215098,Sentence,2
8.295816,-4.186191,Sentence,1
8.972412,-5.44243,Sentence,2
10.623498,-1.9409497,Sentence,1
10.937989,-2.1331544,Sentence,0
7.3642406,-1.9417425,Sentence,0
7.2210174,-0.0058462527,Sentence,0
8.004706,-3.3755496,Sentence,1
8.219187,-4.4417205,Sentence,2
9.024375,-4.3605776,Sentence,2
5.514549,-2.889161,Sentence,2
8.89825,-5.213958,Sentence,2
8.03025,-5.476151,Sentence,2
7.01431,0.73116523,Sentence,0
4.3314524,-1.4698956,Sentence,0
7.6358905,-4.3985896,Sentence,1
6.5687094,-3.8931038,Sentence,1
6.586935,-2.9160388,Sentence,1
6.882597,-0.31318244,Sentence,0
6.1465173,-0.7688088,Sentence,2
8.02087,-2.3009305,Sentence,2
9.05925,-4.1605415,Sentence,2
8.674515,-3.960368,Sentence,1
6.783345,-4.5187135,Sentence,1
9.830132,-1.5885007,Sentence,0
9.647103,-2.0922718,Sentence,1
5.9183335,-2.996889,Sentence,0
10.961312,-4.0920296,Sentence,2
7.7294664,-4.576724,Sentence,1
7.989273,-4.4512196,Sentence,1
10.754103,-1.861056,Sentence,1
6.3425646,-1.7085048,Sentence,0
9.031986,-5.47134,Sentence,2
7.008694,0.5219573,Sentence,0
7.4066105,-3.0589626,Sentence,2
5.8794565,-2.330464,Sentence,0
6.1543694,-3.3847978,Sentence,0
6.3894787,-1.6523837,Sentence,0
8.082082,-4.3676434,Sentence,1
9.732179,-2.230466,Sentence,1
8.888697,-5.0090265,Sentence,2
9.020026,-4.2507615,Sentence,2
6.874944,-0.36846894,Sentence,0
7.0965414,-1.0203713,Sentence,0
5.6716504,-0.76196545,Sentence,2
7.917796,-4.712732,Sentence,1
10.110255,-4.5864472,Sentence,2
8.4220495,0.1930569,Sentence,0
7.570793,-0.26473638,Sentence,0
8.052792,-3.6433446,Sentence,1
8.153193,-4.465418,Sentence,1
9.053091,-5.1414123,Sentence,2
5.261219,-0.64442116,Sentence,0
8.311819,-4.9328156,Sentence,1
6.5858374,-3.0784705,Sentence,1
5.2469587,-1.644247,Sentence,0
7.3267074,1.2145159,Sentence,0
6.4889197,-1.8932425,Sentence,0
7.821339,-4.810721,Sentence,1
8.234593,-5.3506827,Sentence,2
10.151043,-4.1712775,Sentence,2
9.721994,-5.051029,Sentence,2
6.2526526,-4.106727,Sentence,2
7.412343,0.8026437,Sentence,0
6.7763324,-3.261349,Sentence,1
6.51515,-3.4290054,Sentence,1
7.4396086,-4.679535,Sentence,1
9.132496,-4.6943016,Sentence,2
8.52274,-4.758393,Sentence,2
8.108195,-3.6704984,Sentence,1
7.5294995,-1.405676,Sentence,2
7.517718,-3.451928,Sentence,1
10.227721,-0.22868471,Sentence,1
8.609034,-3.8602352,Sentence,2
7.888322,-2.438861,Sentence,2
8.663321,-4.517931,Sentence,2
7.9972587,-4.6510863,Sentence,1
7.932304,-4.856951,Sentence,2
9.315756,-1.8167778,Sentence,1
8.830739,-3.5107577,Sentence,1
7.144262,-1.5154725,Sentence,0
9.041473,-4.6625395,Sentence,2
8.65242,-3.70867,Sentence,2
7.2032084,-0.95353454,Sentence,0
8.033042,-4.1861515,Sentence,1
10.905441,-1.7852274,Sentence,0
7.9243054,-4.152364,Sentence,1
10.474371,-4.032236,Sentence,2
7.9032288,-4.351447,Sentence,1
8.74802,-2.6833587,Sentence,0
6.423839,-2.9921994,Sentence,0
7.052462,0.1407769,Sentence,0
5.7859373,-2.3909335,Sentence,0
10.87111,-4.265044,Sentence,2
7.1276493,-4.046783,Sentence,1
6.861138,-4.201842,Sentence,1
8.497309,-2.0840805,Sentence,0
4.3436303,-2.4995267,Sentence,0
7.485825,-3.9560733,Sentence,1
11.245472,-2.5880508,Sentence,0
6.243403,-4.2290854,Sentence,1
8.223224,-5.7413783,Sentence,2
5.2128406,-0.251592,Sentence,2
7.535486,-3.445955,Sentence,1
8.911167,-4.6816444,Sentence,2
8.254052,-5.1502695,Sentence,2
10.120774,-4.4368596,Sentence,2
9.313056,-1.7016598,Sentence,1
9.745307,-2.7266827,Sentence,1
9.044719,-5.075038,Sentence,2
7.5197754,-4.6350994,Sentence,1
10.133758,-4.336852,Sentence,2
7.7076993,-3.2564094,Sentence,1
4.3817134,-1.2865412,Sentence,0
7.6176777,-4.620065,Sentence,1
8.5164995,-1.4699014,Sentence,0
10.270577,-2.0082245,Sentence,0
7.599435,-4.7822104,Sentence,1
6.610274,-5.02862,Sentence,2
11.047983,-4.0663095,Sentence,2
10.974417,-2.29747,Sentence,0
6.87962,-4.4719024,Sentence,1
5.771439,-3.3982224,Sentence,2
9.556563,-4.896517,Sentence,2
8.782596,-2.9031672,Sentence,2
7.5829396,-4.7214007,Sentence,1
10.400317,-4.3944144,Sentence,2
8.304644,-2.3468764,Sentence,2
8.192722,-4.129041,Sentence,2
7.9756546,-4.1830473,Sentence,1
11.644069,-4.949835,Sentence,0
9.603476,-1.4202309,Sentence,1
7.334977,-4.457869,Sentence,1
6.1954813,-0.13034707,Sentence,0
8.978336,-4.457131,Sentence,2
6.439183,-1.3566959,Sentence,0
7.8522296,-3.6185956,Sentence,1
11.751639,-3.6082957,Sentence,0
8.641481,-4.3244505,Sentence,1
8.867396,-4.356219,Sentence,1
8.753408,-4.297688,Sentence,2
8.706778,-2.605818,Sentence,1
7.3878574,-4.863904,Sentence,2
7.5071626,-1.6639053,Sentence,0
6.6869197,-3.9488153,Sentence,1
9.1140785,-2.788778,Sentence,1
9.113353,-5.2808404,Sentence,2
10.185421,-2.142912,Sentence,1
9.138262,-2.3467326,Sentence,0
5.4722295,-2.9399326,Sentence,2
9.455623,-4.7264776,Sentence,2
7.882915,-0.34480402,Sentence,0
8.519359,-3.859832,Sentence,1
10.220298,-1.9696039,Sentence,1
10.76465,-2.3831103,Sentence,0
9.145553,-5.236888,Sentence,2
9.202782,-2.190607,Sentence,0
7.7010527,-4.9577775,Sentence,2
4.3275843,-1.7020825,Sentence,2
10.153584,-0.9324733,Sentence,1
7.0933857,-4.119172,Sentence,1
5.975309,-0.475122,Sentence,0
6.7967143,-3.7186098,Sentence,1
4.377398,-1.5324081,Sentence,0
8.079711,-3.5692549,Sentence,1
6.789891,-4.101013,Sentence,1
6.54776,-4.397247,Sentence,1
7.758064,-4.7287235,Sentence,1
6.6371675,-3.2227302,Sentence,2
8.7049465,-4.4701285,Sentence,2
7.51791,-4.7447104,Sentence,1
7.028282,-2.3176394,Sentence,1
9.36944,-4.929945,Sentence,2
8.524712,-4.829973,Sentence,1
8.570557,-3.3248556,Sentence,1
6.6028833,-3.4243321,Sentence,1
6.0528865,-2.8597107,Sentence,0
10.187375,-0.30760825,Sentence,1
8.9513,-2.7349863,Sentence,1
7.3888764,-4.651955,Sentence,1
7.864818,-1.0817536,Sentence,0
10.751127,-1.581801,Sentence,0
5.4268274,-3.7486398,Sentence,1
10.475254,-4.1266823,Sentence,2
7.7006245,-3.0043585,Sentence,1
6.958949,-2.7822077,Sentence,1
8.625646,-4.4732537,Sentence,2
8.461068,-2.754123,Sentence,2
6.628596,-3.346323,Sentence,1
6.6126194,-3.0918014,Sentence,1
9.79126,-4.6190495,Sentence,2
7.408114,-5.144696,Sentence,2
8.38509,-4.2078233,Sentence,1
7.2917767,-3.817297,Sentence,1
9.991447,-5.3331766,Sentence,2
4.925709,0.31780115,Sentence,2
6.3111377,-4.2228003,Sentence,2
2.2117229,-5.1581507,Sentence,0
8.053477,-5.2450023,Sentence,2
6.9653726,-2.2368846,Sentence,0
8.862088,-5.327113,Sentence,2
5.7092004,-3.7806768,Sentence,1
7.768033,-2.9056668,Sentence,1
6.323436,-3.8216383,Sentence,1
7.660048,-3.7828465,Sentence,1
7.3990636,-1.406822,Sentence,0
8.2689495,-5.314814,Sentence,2
7.753895,-4.7178426,Sentence,1
7.508152,-2.0805564,Sentence,0
8.386421,-3.02426,Sentence,1
6.568248,-2.465791,Sentence,0
8.2945595,-1.9143678,Sentence,0
6.978626,-3.515146,Sentence,1
6.699833,-4.549221,Sentence,1
8.913795,-1.5175955,Sentence,2
7.3098054,-2.707652,Sentence,0
10.333528,-4.4680424,Sentence,2
8.887777,-4.2831554,Sentence,2
8.196961,-1.4642507,Sentence,0
9.080433,-2.026281,Sentence,1
6.193935,-4.96115,Sentence,0
9.360056,-2.79771,Sentence,1
7.9984035,-5.5346212,Sentence,2
4.5063815,-1.9416077,Sentence,0
7.2144465,2.193234,Sentence,0
6.551498,-4.05641,Sentence,1
6.6250997,-3.5753314,Sentence,1
6.584888,-4.2749796,Sentence,1
7.1823564,-4.693546,Sentence,1
8.254356,-4.162579,Sentence,1
7.950339,-2.0616813,Sentence,0
7.7782435,-3.0774255,Sentence,1
10.107598,-3.7583623,Sentence,2
9.645731,-4.792252,Sentence,2
6.814991,-0.80484706,Sentence,0
7.971882,-4.1214194,Sentence,1
8.31786,-3.9617996,Sentence,1
7.652091,-4.54324,Sentence,1
10.398713,-0.87484604,Sentence,0
7.8411803,-4.5795712,Sentence,1
7.7345924,-4.2828307,Sentence,1
7.7623878,-4.5146785,Sentence,1
6.5158553,-3.8621767,Sentence,1
8.867771,-3.5980442,Sentence,1
3.3458443,-1.5000291,Sentence,0
8.203442,-4.627109,Sentence,2
8.990213,-4.437291,Sentence,2
7.796647,-2.9434297,Sentence,1
8.277571,-0.012115542,Sentence,0
8.251125,-5.271011,Sentence,2
10.857031,-2.0988514,Sentence,0
10.590983,-1.9537477,Sentence,0
7.362809,-2.836497,Sentence,2
8.363687,-4.3655324,Sentence,1
8.466774,-3.4518566,Sentence,1
9.089857,-4.777525,Sentence,2
7.3760095,-4.0446844,Sentence,1
9.404823,-3.6008837,Sentence,2
9.411321,-5.052158,Sentence,2
8.883972,-5.440834,Sentence,2
7.3665733,-4.852829,Sentence,1
8.666506,-4.9672437,Sentence,1
7.178182,-3.7534623,Sentence,1
9.119668,-5.274645,Sentence,2
9.447605,-2.9074535,Sentence,1
11.017484,-4.8683543,Sentence,2
8.473261,-5.167173,Sentence,2
8.846545,-2.7848558,Sentence,1
9.630246,-4.0421147,Sentence,2
7.2622952,-0.33240625,Sentence,0
9.955598,-1.3140594,Sentence,0
7.3617535,-5.143491,Sentence,2
7.4245167,-4.1282773,Sentence,1
8.717619,-3.5050368,Sentence,1
7.617486,-4.094961,Sentence,1
7.765511,-4.594842,Sentence,1
7.3457036,-4.179094,Sentence,2
9.452963,-5.062856,Sentence,2
8.669332,-3.889854,Sentence,1
7.605907,-4.8189273,Sentence,1
8.594011,-3.5160608,Sentence,1
6.8704042,-4.4997725,Sentence,1
9.222875,-5.325918,Sentence,2
6.281594,-3.6899922,Sentence,1
8.423174,-5.06424,Sentence,2
8.195908,-3.3466668,Sentence,1
8.232431,-3.938639,Sentence,1
6.178746,-2.429141,Sentence,0
10.080363,-4.9181914,Sentence,2
7.62005,-4.834056,Sentence,2
6.621711,-3.9123812,Sentence,1
6.445492,0.09322566,Sentence,0
9.410515,-5.475594,Sentence,2
7.3700523,-4.5595922,Sentence,1
11.145024,-4.796455,Sentence,0
8.520762,-3.2054327,Sentence,2
6.172946,-0.09999729,Sentence,0
7.9530306,-3.053554,Sentence,2
7.479147,-4.0150723,Sentence,1
7.3388057,-0.65015167,Sentence,0
7.301258,-4.3417478,Sentence,1
8.694919,-5.0610237,Sentence,2
8.103704,-4.39864,Sentence,1
8.296576,-3.3545153,Sentence,1
7.258969,-2.8785384,Sentence,1
7.2841587,-4.233245,Sentence,1
8.808761,-3.867653,Sentence,2
6.7367206,-2.628884,Sentence,0
6.4186053,-2.6978288,Sentence,2
8.907405,-5.0886807,Sentence,2
7.2281275,-4.4452834,Sentence,1
9.612789,-2.6571639,Sentence,1
8.373608,-4.944209,Sentence,2
7.715857,-5.452283,Sentence,2
8.18451,-2.6541183,Sentence,0
10.562197,-5.2264647,Sentence,2
11.64155,-3.5280619,Sentence,0
10.11211,-2.5620482,Sentence,1
8.423925,-2.1240942,Sentence,1
6.7943926,-4.146145,Sentence,1
6.258168,-2.5630708,Sentence,0
8.48816,-5.515044,Sentence,2
8.009834,-4.530599,Sentence,1
7.4918313,-0.6041671,Sentence,0
10.123183,2.48411,Sentence,0
6.3271284,-4.1320424,Sentence,1
7.9961324,-4.5839114,Sentence,1
7.0981164,-4.0700235,Sentence,1
7.8920355,-3.3893557,Sentence,1
6.260094,-3.552958,Sentence,1
10.40686,-4.4056435,Sentence,0
7.726111,-4.665945,Sentence,1
8.22233,-3.4906793,Sentence,1
9.246772,-2.1134784,Sentence,1
6.841045,-2.4553795,Sentence,0
8.1117735,-5.027995,Sentence,2
9.288952,-2.6959858,Sentence,1
8.673846,-2.4462101,Sentence,0
4.368954,-1.2532774,Sentence,0
11.008244,-1.9415392,Sentence,0
8.40461,-2.652521,Sentence,0
8.535563,-4.077443,Sentence,1
7.4781904,-5.1143103,Sentence,1
6.513347,-2.4335332,Sentence,0
6.5166373,-0.29838008,Sentence,0
7.339629,-4.87983,Sentence,2
7.5272117,-4.2089176,Sentence,1
10.297944,-2.0468798,Sentence,1
8.288632,-3.4646866,Sentence,1
7.276587,-0.853778,Sentence,0
10.242733,-2.3718119,Sentence,0
6.3201227,-4.3792205,Sentence,0
6.94792,-3.809872,Sentence,1
8.567452,-4.800921,Sentence,2
9.80703,-2.7807631,Sentence,1
7.998558,-2.7337594,Sentence,2
9.954033,-5.203519,Sentence,2
9.683316,-2.7144055,Sentence,1
11.680832,-4.9205294,Sentence,0
10.795808,-2.5904498,Sentence,1
9.202633,-5.3225574,Sentence,2
5.8235645,-3.7882192,Sentence,1
6.4813237,-3.2609098,Sentence,1
6.263899,-3.4804995,Sentence,0
7.6188917,-4.378466,Sentence,1
8.374295,-5.580316,Sentence,2
4.5394573,-2.3874195,Sentence,0
10.127379,-4.311195,Sentence,2
10.859993,-1.6758678,Sentence,0
7.420175,-2.482486,Sentence,0
7.6659436,-3.4514365,Sentence,1
8.451497,-3.0219073,Sentence,2
7.654685,-5.1072807,Sentence,1
8.243287,-5.8065186,Sentence,2
6.958869,-2.9705663,Sentence,1
10.239174,-0.7733945,Sentence,0
2.9918067,3.174739,Sentence,0
7.6429386,-4.5698223,Sentence,1
5.244435,-1.6981046,Sentence,0
7.8110175,-4.540884,Sentence,1
6.537899,-2.7068615,Sentence,0
7.8126693,-4.288181,Sentence,1
8.449727,-2.3291764,Sentence,0
9.84782,-5.6847043,Sentence,2
7.2582784,-3.9168549,Sentence,1
8.363695,-2.4450371,Sentence,2
6.26918,-1.1585582,Sentence,2
7.1388154,-3.33741,Sentence,1
7.3611703,-1.4214493,Sentence,0
9.153018,-3.7614949,Sentence,2
10.211713,-3.6801212,Sentence,2
7.4882207,-4.9703903,Sentence,1
7.009856,-4.076209,Sentence,1
6.9179215,-3.0177174,Sentence,0
6.201663,-3.702367,Sentence,1
11.466215,-4.3042097,Sentence,2
9.882393,-2.5035675,Sentence,0
10.186738,0.14274298,Sentence,0
7.1130886,-2.9187036,Sentence,1
8.201865,-4.61913,Sentence,2
11.64528,-4.9293194,Sentence,0
7.3111444,-4.359664,Sentence,1
7.163746,-2.286006,Sentence,2
7.831958,-3.7724674,Sentence,1
4.9554644,-1.0531048,Sentence,0
9.669462,-2.0088317,Sentence,1
6.795644,-4.1078544,Sentence,1
6.812866,-3.402125,Sentence,1
6.753485,-4.5788665,Sentence,1
4.273177,-1.0800109,Sentence,0
6.25075,-3.6309323,Sentence,1
6.8202944,-4.348284,Sentence,1
6.3385925,-4.670727,Sentence,0
6.4641485,-1.7727413,Sentence,1
7.347425,-0.2159498,Sentence,0
9.393895,-5.1114697,Sentence,2
8.0202265,-4.7845993,Sentence,2
7.2059555,-3.1910095,Sentence,0
7.857633,-0.59722346,Sentence,0
7.8903093,-3.7273402,Sentence,1
9.962903,-3.9762301,Sentence,2
9.51659,-4.76677,Sentence,2
10.193138,-1.5652804,Sentence,1
10.098979,-5.3266096,Sentence,2
7.2283587,-0.04705548,Sentence,0
9.38808,-4.5045414,Sentence,2
9.383776,-4.6421967,Sentence,2
5.799726,-0.9993438,Sentence,0
7.3822594,-3.6712606,Sentence,1
8.750223,-3.5784912,Sentence,1
8.1231365,-2.5913339,Sentence,1
9.265053,-2.9140985,Sentence,1
8.021348,-5.1185865,Sentence,2
7.4736714,-3.3017704,Sentence,2
7.443852,-4.4681726,Sentence,1
9.224969,-4.378859,Sentence,2
7.2972445,-3.2388213,Sentence,1
8.585767,-5.0482955,Sentence,2
7.965211,-3.982845,Sentence,1
10.246674,-2.202615,Sentence,1
8.040773,-4.6328745,Sentence,1
6.7984324,8.025664,Sentence,0
7.078039,-2.0388143,Sentence,0
7.723514,-4.6932263,Sentence,1
7.6761694,-3.8028069,Sentence,1
8.658901,-3.6528583,Sentence,2
7.5039425,-1.7258532,Sentence,0
7.4885874,-4.469062,Sentence,1
9.000443,-5.152018,Sentence,2
8.601756,-0.22716515,Sentence,0
8.783,-3.3158832,Sentence,1
6.6527233,0.17811662,Sentence,0
7.924479,-5.0179224,Sentence,1
10.548874,-1.354594,Sentence,1
7.7917037,-4.2837715,Sentence,1
9.135586,-2.9442985,Sentence,1
8.155199,-2.2234151,Sentence,1
6.3250995,-2.9923666,Sentence,2
8.175599,-4.2087417,Sentence,1
6.492304,-0.25390378,Sentence,0
10.270003,-0.5385038,Sentence,1
10.285228,-1.6696491,Sentence,0
9.46179,-2.7149827,Sentence,1
7.6518755,-4.0425286,Sentence,1
9.446425,-4.951665,Sentence,2
10.198603,-1.8853947,Sentence,1
8.059359,-2.1482131,Sentence,2
7.7637477,-2.147807,Sentence,1
8.50426,-4.7201314,Sentence,2
9.292868,-5.0476127,Sentence,2
6.9396544,-2.217356,Sentence,0
6.4472084,-0.12999865,Sentence,0
10.109145,-4.476551,Sentence,2
6.88321,-2.6465306,Sentence,0
10.210663,-4.508271,Sentence,2
8.177851,-5.6132293,Sentence,2
6.137927,-2.5500085,Sentence,2
7.294111,0.65679085,Sentence,0
6.5209913,-3.2136312,Sentence,0
6.941268,0.3842598,Sentence,0
9.96217,-3.8913465,Sentence,2
7.3753576,-4.3777103,Sentence,1
10.805347,-2.3429363,Sentence,1
9.865113,-2.093695,Sentence,1
6.3746557,-1.7389221,Sentence,0
8.406257,0.3027797,Sentence,0
6.6494107,-4.6533785,Sentence,1
8.64424,-5.1811256,Sentence,2
7.3941674,-3.4808621,Sentence,1
8.3953495,-4.7776647,Sentence,2
10.109067,-0.10908247,Sentence,1
6.197609,-3.1519659,Sentence,0
3.7831986,-1.1904451,Sentence,0
7.4626794,-4.9315796,Sentence,1
9.286341,-0.91013414,Sentence,1
3.9075441,-1.2343018,Sentence,0
8.902068,-4.674086,Sentence,2
6.526386,-4.0368047,Sentence,1
10.347974,-4.7156973,Sentence,2
9.701492,-2.549796,Sentence,1
9.047742,-5.289728,Sentence,2
10.673084,-4.3274965,Sentence,2
9.168361,-2.0984604,Sentence,0
8.618804,-0.6570544,Sentence,0
9.890308,-3.0235815,Sentence,0
9.025158,-4.8032317,Sentence,2
6.8503113,-0.88731194,Sentence,0
6.928288,-2.0165207,Sentence,0
5.809083,-0.3899701,Sentence,2
8.221093,-4.7065835,Sentence,1
8.059161,-0.2424241,Sentence,0
9.217085,-5.7363896,Sentence,2
7.3732734,-4.7938585,Sentence,1
8.229334,-2.161597,Sentence,2
7.104069,-4.815141,Sentence,1
6.156241,-5.077104,Sentence,0
9.587172,-5.1066732,Sentence,2
8.829522,-4.964322,Sentence,2
6.9420958,-3.685218,Sentence,1
7.881445,-4.61644,Sentence,2
6.454574,-3.3481169,Sentence,1
8.395744,-3.8600724,Sentence,1
8.019957,-2.7459252,Sentence,1
6.268121,-2.0991871,Sentence,1
6.8774323,-4.395275,Sentence,1
7.321865,-3.4147503,Sentence,1
4.110315,-1.6593642,Sentence,0
9.614977,-0.8076986,Sentence,0
9.214528,-5.495583,Sentence,2
8.451627,-2.781884,Sentence,2
10.192056,-4.6223793,Sentence,2
8.833461,-3.6920137,Sentence,1
6.6800537,0.0031228983,Sentence,0
9.537497,-2.7221541,Sentence,1
8.192214,-5.295997,Sentence,2
9.411381,-1.0231138,Sentence,1
8.974978,-5.395283,Sentence,2
8.641299,-5.1110473,Sentence,2
9.545124,-4.4769926,Sentence,2
7.729516,-4.425416,Sentence,1
3.9680252,-1.2763829,Sentence,0
6.4787807,0.054628048,Sentence,0
10.454224,-1.9647889,Sentence,1
6.8528376,-2.1009095,Sentence,1
10.235442,-1.9471526,Sentence,0
6.5918717,-1.0623637,Sentence,0
6.905946,-4.429623,Sentence,1
8.589943,-4.334208,Sentence,1
8.315289,-4.623319,Sentence,2
8.2694025,-3.707293,Sentence,1
7.006941,-3.3047087,Sentence,1
7.2483873,0.5320268,Sentence,0
9.719673,-2.5294158,Sentence,1
7.3747597,-4.735147,Sentence,1
8.201326,-3.8626168,Sentence,1
6.8473463,-2.3428266,Sentence,0
8.156393,-5.0127864,Sentence,2
7.687973,-1.4642284,Sentence,0
7.7100463,-3.8787582,Sentence,1
8.223523,-4.16386,Sentence,1
7.432101,-0.82489127,Sentence,0
8.818595,-1.2296329,Sentence,0
8.07244,-4.7583957,Sentence,1
8.297006,0.19213358,Sentence,0
8.352764,-4.120139,Sentence,2
10.042033,-2.2080758,Sentence,1
7.992375,-4.710433,Sentence,1
8.428864,-5.1866903,Sentence,2
6.581902,0.81669486,Sentence,0
8.043458,-5.20233,Sentence,2
10.291449,-4.9469037,Sentence,2
9.114955,-4.681383,Sentence,2
9.373402,-5.794752,Sentence,2
11.383915,-4.788902,Sentence,2
6.911178,-1.4332268,Sentence,0
9.185393,-4.2961373,Sentence,2
6.5509853,-2.3170652,Sentence,0
8.662303,0.03276668,Sentence,2
7.570364,-1.9639695,Sentence,0
4.4779525,-1.1363586,Sentence,2
8.207206,-3.838771,Sentence,1
8.748946,-5.2540846,Sentence,2
10.372281,-2.3235624,Sentence,1
8.28156,-4.702479,Sentence,2
6.362887,-1.7578912,Sentence,0
8.840231,-3.2696686,Sentence,1
6.858205,-3.5036864,Sentence,1
7.728249,-2.7803652,Sentence,1
8.65885,-3.267383,Sentence,2
10.492554,-0.993831,Sentence,1
6.711929,-0.54995924,Sentence,0
8.661796,-5.121429,Sentence,2
9.443312,-3.5325644,Sentence,1
8.640125,-4.194951,Sentence,2
7.524181,-4.0449157,Sentence,1
7.74765,-2.7632275,Sentence,1
7.6766815,-4.991189,Sentence,1
6.6500506,-3.9842632,Sentence,1
4.611202,-1.1475931,Sentence,0
6.373908,0.59080404,Sentence,0
11.752524,-3.706302,Sentence,0
6.73751,-4.1353292,Sentence,1
8.73707,-2.16217,Sentence,1
6.628304,-2.2303872,Sentence,1
10.804515,-3.6759849,Sentence,2
8.450455,-2.7232316,Sentence,1
6.3195324,-5.0249743,Sentence,2
7.9563203,-3.798476,Sentence,1
7.2607727,-5.110281,Sentence,2
7.6335216,-3.9894533,Sentence,1
9.139571,-1.6009976,Sentence,1
7.2402105,-4.3202753,Sentence,1
7.461976,-1.03003,Sentence,0
6.288199,-3.585148,Sentence,1
8.787821,-3.8059173,Sentence,2
8.057797,-4.8900266,Sentence,1
9.570928,-4.061353,Sentence,2
9.425155,-3.8833342,Sentence,2
7.56471,-4.509139,Sentence,1
8.06705,-3.675425,Sentence,1
10.14795,-5.115135,Sentence,2
8.682953,-2.8812957,Sentence,1
6.7588754,-3.5361302,Sentence,1
8.697145,-3.9025378,Sentence,1
8.973009,-3.5998735,Sentence,2
8.440732,-3.371725,Sentence,1
4.9277997,-2.0839512,Sentence,0
7.962798,-4.317714,Sentence,1
9.952325,-4.3215823,Sentence,2
7.406854,-3.2982018,Sentence,2
7.8643093,-4.8128953,Sentence,1
6.972753,-3.9944744,Sentence,1
6.0902085,0.9852292,Sentence,0
7.9468145,-2.8327184,Sentence,2
6.343181,-0.69093704,Sentence,0
6.3663497,-2.6890173,Sentence,1
9.046531,-0.4159305,Sentence,0
10.552022,-2.396775,Sentence,0
9.046412,-3.611208,Sentence,2
7.320602,-4.465211,Sentence,2
8.774134,-5.4608507,Sentence,2
11.922717,-4.491746,Sentence,2
7.4348493,-3.107547,Sentence,1
11.617741,-4.9181094,Sentence,0
9.259511,-4.939925,Sentence,2
6.3179493,-1.6212175,Sentence,0
8.99041,-4.5911064,Sentence,2
6.195826,-0.19412169,Sentence,0
8.213399,-4.276852,Sentence,1
11.062207,-4.270682,Sentence,2
9.0908375,-3.595326,Sentence,2
7.176173,-3.5991716,Sentence,1
10.028621,-5.2557416,Sentence,2
7.850545,-4.277769,Sentence,2
7.400643,-0.911963,Sentence,0
10.073829,-5.2591085,Sentence,2
7.0562763,-4.115688,Sentence,1
7.1776905,-4.283735,Sentence,1
6.6657567,-4.1886063,Sentence,1
6.2099233,-0.5635329,Sentence,0
7.619352,-2.7202075,Sentence,2
6.615553,-1.3971719,Sentence,0
7.83357,-4.1008096,Sentence,1
7.063527,-4.1641893,Sentence,1
7.5648046,-3.720365,Sentence,1
6.790473,-0.41840497,Sentence,0
8.54788,-0.42574045,Sentence,0
8.802051,-0.5779805,Sentence,0
7.957912,-2.0043938,Sentence,1
7.9119797,-3.9254858,Sentence,1
7.545841,-3.4543047,Sentence,1
9.628943,-2.488018,Sentence,0
8.255915,-3.536629,Sentence,2
8.160406,-4.138088,Sentence,1
8.723935,-4.208764,Sentence,1
10.115491,-4.2793717,Sentence,2
7.243418,-1.7779166,Sentence,0
6.1650805,-3.9027624,Sentence,1
8.712876,-3.2104037,Sentence,1
6.2510486,-1.6004903,Sentence,0
8.117129,-3.1025195,Sentence,2
7.5782924,-4.655119,Sentence,1
7.073074,-3.1302605,Sentence,1
6.545498,-3.219399,Sentence,0
6.5781107,-3.9714441,Sentence,1
10.3601265,-2.2748954,Sentence,1
6.2516174,-3.3835692,Sentence,1
10.206198,-4.604172,Sentence,2
8.834156,-4.8147836,Sentence,2
7.157927,-4.1809454,Sentence,1
7.8140516,-5.06434,Sentence,2
8.161926,-4.88875,Sentence,2
8.390709,-3.523993,Sentence,1
7.7958746,-4.4793177,Sentence,1
7.8738527,-4.521608,Sentence,1
7.717495,-4.800052,Sentence,1
6.8367,-3.1611621,Sentence,2
6.8576508,-3.7286088,Sentence,1
7.555463,-3.2985399,Sentence,1
8.808547,-4.2450633,Sentence,1
6.948092,-3.970494,Sentence,1
9.067389,-5.169264,Sentence,2
7.881033,-3.4024165,Sentence,2
2.3931673,-0.5670467,Sentence,0
4.3781095,-1.2141142,Sentence,0
10.7896,-4.915698,Sentence,2
10.032975,-4.6901145,Sentence,2
8.308685,-4.934545,Sentence,2
9.286161,-2.382574,Sentence,0
2.6142497,-1.2508252,Sentence,0
10.37432,-1.7815753,Sentence,0
5.6325026,-0.7089635,Sentence,2
6.83382,-3.2347944,Sentence,1
9.413411,-3.999356,Sentence,2
9.055081,-4.516873,Sentence,2
7.2200847,-3.6943564,Sentence,1
6.7167754,-3.5669477,Sentence,1
8.278883,-2.6772995,Sentence,2
7.5265203,-4.87465,Sentence,2
9.814597,-5.137871,Sentence,2
10.328048,-0.9080695,Sentence,1
9.205379,-5.829046,Sentence,2
8.372126,-3.6319058,Sentence,2
6.6433244,-0.23003913,Sentence,0
9.872507,-2.1027403,Sentence,1
7.2362227,-4.0496244,Sentence,1
9.90259,-1.892002,Sentence,1
6.6427875,-2.653636,Sentence,1
6.938896,-2.2565377,Sentence,0
10.314814,-1.9496424,Sentence,1
4.1257215,-1.4687384,Sentence,0
8.50513,-5.552651,Sentence,2
6.5615015,-3.7391064,Sentence,1
9.552602,-5.773446,Sentence,0
6.4140043,-2.6092157,Sentence,0
3.8174548,-0.7997749,Sentence,0
11.465601,-3.5178945,Sentence,0
8.400646,-3.0502243,Sentence,2
11.824627,-3.6435454,Sentence,0
6.9582887,0.76718545,Sentence,0
6.779161,-1.9346083,Sentence,0
7.596346,-0.28971824,Sentence,0
7.083535,-2.575033,Sentence,0
9.367748,-5.0718575,Sentence,2
8.913247,-3.9655008,Sentence,2
4.341909,-2.5062947,Sentence,0
10.074936,-4.8301873,Sentence,2
8.288442,-2.0261724,Sentence,2
10.174507,2.589038,Sentence,0
7.634263,-4.555313,Sentence,1
10.174766,2.5894625,Sentence,0
6.454827,-1.11346,Sentence,0
7.569945,-4.2006426,Sentence,1
8.41633,-3.960456,Sentence,2
6.269614,-0.5323338,Sentence,0
7.145618,-3.6148531,Sentence,1
6.8589716,-2.576497,Sentence,1
7.6916194,-3.1772058,Sentence,1
9.921675,-2.3938622,Sentence,1
7.7313647,-2.3567333,Sentence,0
10.7869425,-2.1126494,Sentence,0
7.9086943,-4.0121636,Sentence,1
8.502328,-2.749122,Sentence,1
6.8032985,-3.9840722,Sentence,1
5.0377135,-1.0408063,Sentence,0
8.890461,-3.8775816,Sentence,2
2.9881835,3.1782608,Sentence,0
8.44606,-4.5062733,Sentence,1
7.804052,-4.237994,Sentence,1
5.4031043,-1.9045162,Sentence,2
10.311122,-1.5095294,Sentence,0
8.889511,-4.4415116,Sentence,2
8.068583,-4.3309455,Sentence,1
10.307135,-3.3299274,Sentence,1
10.569412,-4.1387386,Sentence,2
5.967106,-3.7133038,Sentence,1
7.0860724,-4.7007227,Sentence,1
9.499535,-2.3269413,Sentence,2
3.750885,-1.76291,Sentence,0
9.815886,-2.7328043,Sentence,1
6.594463,-0.16287178,Sentence,0
10.526164,-5.3577433,Sentence,2
2.626715,-1.262679,Sentence,0
9.561263,-1.3871975,Sentence,0
8.234453,-4.219157,Sentence,1
8.970592,-2.9105546,Sentence,0
6.2354174,-5.0528607,Sentence,1
8.97461,-3.7002602,Sentence,1
7.928312,-3.2246616,Sentence,2
7.759326,-3.3116722,Sentence,1
7.3282423,-2.0587144,Sentence,0
9.020206,-5.467022,Sentence,2
8.6218405,-4.6827617,Sentence,2
8.96854,-4.966748,Sentence,2
8.211136,-5.869943,Sentence,2
6.5432262,-2.9038084,Sentence,0
8.408913,-3.997757,Sentence,1
8.401604,-5.2397346,Sentence,2
6.9186273,-1.7912011,Sentence,0
7.239248,-4.7435884,Sentence,2
8.137301,-1.7988539,Sentence,2
8.903456,-3.5664039,Sentence,1
7.7852345,-3.1007981,Sentence,1
10.1309185,-4.274361,Sentence,2
7.9054003,-2.071554,Sentence,0
6.3469343,-0.082699396,Sentence,0
7.0281696,0.9041156,Sentence,0
4.630373,-1.0040895,Sentence,0
5.1216817,-1.1021305,Sentence,2
7.3749933,-4.092654,Sentence,1
5.919405,-2.5184772,Sentence,0
9.740472,-4.82563,Sentence,2
7.6893454,-0.59838736,Sentence,0
9.955582,-2.7206461,Sentence,1
10.533797,-5.0944552,Sentence,2
6.1228247,-3.6469755,Sentence,1
9.187412,-4.659564,Sentence,2
7.203357,-1.7388309,Sentence,0
6.365434,-3.693805,Sentence,1
10.192532,-4.428763,Sentence,2
8.782387,-2.141529,Sentence,2
9.184051,-4.2951865,Sentence,1
4.1004553,-1.650881,Sentence,0
6.089691,-3.823932,Sentence,1
8.876915,-2.351706,Sentence,1
6.0711865,-1.6810498,Sentence,0
6.9111505,-4.8047676,Sentence,1
10.103288,-4.688877,Sentence,2
7.8489757,-5.5011816,Sentence,2
6.4728284,-1.7063088,Sentence,0
7.6756425,-2.3238964,Sentence,0
6.487309,-3.3964822,Sentence,2
6.974676,-2.417993,Sentence,0
7.3758326,-2.6174693,Sentence,1
8.438658,-2.8271012,Sentence,0
7.1029353,-4.2640457,Sentence,1
8.166802,-5.5638304,Sentence,2
7.7952294,-3.3628924,Sentence,1
6.5759954,-2.7309182,Sentence,0
6.2593493,-3.5018847,Sentence,1
7.0446167,0.699394,Sentence,0
6.2232976,-0.5086006,Sentence,0
7.217181,-4.5154457,Sentence,1
11.013017,-4.5891013,Sentence,2
8.894657,-3.9397156,Sentence,1
5.7335057,-1.3976663,Sentence,2
6.137476,-3.171143,Sentence,1
11.36933,-4.155463,Sentence,2
7.934915,-3.8398602,Sentence,2
8.3018,-2.9995189,Sentence,1
10.0197935,-3.54763,Sentence,2
2.2114153,-5.158519,Sentence,0
8.998859,-4.2204385,Sentence,2
4.240281,-0.91197765,Sentence,0
7.920625,-5.6144814,Sentence,2
7.1308856,0.03325745,Sentence,0
7.308769,-4.592744,Sentence,1
6.509782,-0.84521055,Sentence,0
6.0593724,-1.5678934,Sentence,1
7.971094,-2.9136496,Sentence,2
7.2557797,-4.8127923,Sentence,1
7.590706,-3.8783011,Sentence,1
8.275246,-5.069923,Sentence,2
9.402703,-2.3959448,Sentence,1
10.435598,-1.7871983,Sentence,0
7.5542355,-4.0066285,Sentence,1
9.24757,-2.498194,Sentence,1
11.328716,-4.0565376,Sentence,2
8.536277,-5.34206,Sentence,2
6.2209735,1.0939966,Sentence,0
9.930249,0.45017558,Sentence,0
8.832879,-1.3226254,Sentence,0
7.113861,-2.2168484,Sentence,0
7.8097115,-4.246668,Sentence,1
6.282608,-3.6341655,Sentence,1
9.7454195,-4.783463,Sentence,2
10.27136,-2.422327,Sentence,1
6.828936,-2.6670423,Sentence,0
6.606201,-1.4943398,Sentence,0
6.9804416,-3.7333224,Sentence,1
9.447711,-4.7898717,Sentence,2
7.022737,-2.7973905,Sentence,1
6.7273684,-3.7985203,Sentence,1
10.626073,-1.5178045,Sentence,0
8.049035,-5.710596,Sentence,2
11.353835,-4.8661776,Sentence,0
7.6218734,-2.4224913,Sentence,1
7.3502073,-4.308989,Sentence,1
6.672742,-3.9588606,Sentence,1
7.6206365,-2.1022363,Sentence,0
11.445277,-5.075651,Sentence,0
6.1206355,-3.6459115,Sentence,1
8.064977,-2.5076847,Sentence,2
6.274239,-3.7307775,Sentence,1
8.503208,-3.7899835,Sentence,2
7.7162824,-5.4874134,Sentence,2
5.125968,-1.722828,Sentence,2
8.59374,-4.31145,Sentence,2
4.469166,-1.3029373,Sentence,1
7.685419,-3.4940069,Sentence,2
8.91065,-5.0035996,Sentence,2
6.4457636,-4.160275,Sentence,2
6.1823287,-5.06023,Sentence,2
10.131057,-4.562239,Sentence,2
10.8210125,-4.9030075,Sentence,2
8.87116,-2.5951862,Sentence,1
10.463508,-1.1317261,Sentence,2
5.733108,-1.4604269,Sentence,2
6.4084444,-1.1318698,Sentence,0
9.882674,-4.938817,Sentence,2
7.7765546,-1.1285028,Sentence,0
7.248877,-4.6178,Sentence,1
4.854922,-1.3978785,Sentence,0
8.845645,-0.45938993,Sentence,0
9.661467,-4.7316194,Sentence,2
7.0405884,0.9933243,Sentence,0
7.5045695,-4.2296047,Sentence,1
5.417054,-0.44044313,Sentence,0
6.075415,-3.8026903,Sentence,1
8.04219,-5.0938053,Sentence,1
6.777211,-4.138435,Sentence,1
8.853933,-1.9634401,Sentence,0
10.082444,-4.236052,Sentence,2
7.532497,-3.3037488,Sentence,1
8.638555,-4.061108,Sentence,1
10.253561,-0.2187868,Sentence,2
6.4334283,-4.8908534,Sentence,2
8.491123,-5.3360934,Sentence,2
8.233965,-2.6435595,Sentence,0
4.910833,-1.681554,Sentence,0
9.9119835,-5.2571936,Sentence,2
8.542079,-4.4495864,Sentence,1
7.6700344,-4.120036,Sentence,1
4.1008887,-1.6439216,Sentence,0
6.21675,-5.0487227,Sentence,1
7.4954424,-4.9038606,Sentence,2
8.726538,-4.6322775,Sentence,2
8.546606,-2.115788,Sentence,0
9.16288,-3.4780595,Sentence,1
4.8575215,-0.9525959,Sentence,0
6.706747,0.010804652,Sentence,0
8.351517,-3.4138236,Sentence,1
6.1688604,-2.0009072,Sentence,2
8.723786,-3.743963,Sentence,1
7.86254,-2.5709493,Sentence,2
10.898917,-3.6847286,Sentence,0
7.9228444,-4.8522496,Sentence,1
8.5368185,-3.8650856,Sentence,1
6.7154503,-0.81664985,Sentence,0
8.431167,-3.7119617,Sentence,1
10.749498,-1.6628425,Sentence,1
6.61723,-1.5874401,Sentence,0
6.192123,-2.9970405,Sentence,0
6.5449944,-2.1821806,Sentence,0
7.229857,-4.4275465,Sentence,1
10.597512,-1.6911707,Sentence,1
8.082141,-5.392559,Sentence,2
9.873937,-1.772583,Sentence,1
6.197107,-0.093747064,Sentence,2
7.5372357,-4.556309,Sentence,1
8.961112,-3.2633424,Sentence,1
8.239326,-4.451648,Sentence,2
6.3681355,-3.0144465,Sentence,1
8.250156,-5.181882,Sentence,2
10.458079,-0.8827077,Sentence,0
9.462243,-1.6479335,Sentence,0
6.5096674,-0.6047719,Sentence,0
6.098385,-0.23128656,Sentence,0
6.552412,-0.7913652,Sentence,0
10.120179,-2.321499,Sentence,1
9.207516,-5.6159344,Sentence,2
6.825723,-2.4395466,Sentence,0
8.467825,-4.3408318,Sentence,1
3.8207095,-0.8063194,Sentence,0
7.473662,-3.4315019,Sentence,1
10.677019,-1.5681136,Sentence,0
6.511484,-0.16141388,Sentence,0
7.7932186,-4.511014,Sentence,1
9.130885,-1.9326221,Sentence,0
8.265315,-3.3843198,Sentence,1
6.69731,-3.755225,Sentence,1
6.209199,-2.990624,Sentence,0
9.0472765,-4.7855697,Sentence,2
8.517711,-4.42085,Sentence,2
8.181557,-3.9376597,Sentence,1
8.964201,-1.8982625,Sentence,2
7.7898216,-3.8253086,Sentence,1
10.454904,-4.862653,Sentence,2
10.787696,-4.511083,Sentence,2
9.910508,-4.9846296,Sentence,2
10.155583,-2.4859402,Sentence,1
8.642495,-5.328049,Sentence,2
10.330502,-4.6603675,Sentence,2
10.493019,-1.7567248,Sentence,1
6.5162396,-3.2767735,Sentence,1
10.29109,-1.1204007,Sentence,0
7.4310946,-0.98788464,Sentence,0
8.648617,-4.2341733,Sentence,2
8.901022,-0.51606363,Sentence,0
7.4845133,-2.3834455,Sentence,0
10.464444,-0.8271646,Sentence,0
10.95022,-4.8011127,Sentence,0
9.251631,-4.5998054,Sentence,2
10.685118,-4.971628,Sentence,2
7.7840056,-3.2841558,Sentence,0
9.490886,-4.715445,Sentence,2
8.970115,-1.6033479,Sentence,0
9.535638,-2.1844518,Sentence,1
7.203879,-1.9233888,Sentence,2
7.0350175,0.9324818,Sentence,0
8.168587,-5.6350408,Sentence,2
6.728914,-1.8971236,Sentence,2
6.3637013,-3.8594317,Sentence,1
8.251654,-4.7611384,Sentence,1
10.313474,-1.5629687,Sentence,0
6.683385,-3.1957679,Sentence,1
10.17456,2.5888748,Sentence,0
6.2385488,-1.941152,Sentence,0
9.558843,-4.2472925,Sentence,2
7.8431215,-3.468947,Sentence,1
8.000227,-4.9877663,Sentence,2
7.69039,-3.5006433,Sentence,1
6.171134,0.117168345,Sentence,0
7.608832,-4.2245903,Sentence,1
9.276568,-4.1635413,Sentence,2
7.915239,-4.2053156,Sentence,1
7.2216673,-0.5203275,Sentence,0
6.3488417,-4.242094,Sentence,1
11.761454,-3.6991792,Sentence,0
5.9745655,-2.8285313,Sentence,0
9.25217,-1.2726663,Sentence,0
4.3020525,-1.2191248,Sentence,2
9.498478,-4.8929915,Sentence,2
6.702543,-0.5065742,Sentence,0
5.988042,-2.6233737,Sentence,0
9.787157,-4.665424,Sentence,2
7.2594733,-3.9929605,Sentence,1
7.2826276,-3.4846652,Sentence,1
7.101931,-3.6788542,Sentence,1
6.9263277,-3.9932988,Sentence,1
8.597884,-2.540185,Sentence,1
4.9971724,-2.6765306,Sentence,0
6.7283654,0.07235612,Sentence,0
7.0326085,-3.196123,Sentence,2
6.9960904,-3.4783442,Sentence,2
9.885977,-5.854014,Sentence,2
8.573319,-3.572224,Sentence,1
8.164914,-4.5819187,Sentence,1
6.8663416,-2.388705,Sentence,1
8.475276,-4.002548,Sentence,1
8.707583,-3.1242025,Sentence,1
8.443755,-3.1748803,Sentence,1
8.034774,-5.081847,Sentence,2
8.082441,-4.3445144,Sentence,1
7.3926973,-1.0828782,Sentence,0
8.760124,-2.4367044,Sentence,1
7.141622,-3.17263,Sentence,2
9.4716,-3.1176658,Sentence,1
7.4487867,-4.2768145,Sentence,1
10.477699,-4.0144825,Sentence,2
7.54482,-4.288167,Sentence,1
6.6845593,-1.534694,Sentence,0
8.619161,-3.0310295,Sentence,1
10.848443,-2.109972,Sentence,1
7.5348277,-1.9767239,Sentence,0
6.6341596,-3.7513442,Sentence,1
8.465613,-4.260996,Sentence,1
8.041704,-1.1396838,Sentence,0
7.3281355,-3.2419162,Sentence,1
7.617017,-4.41441,Sentence,1
6.7891493,-3.4474425,Sentence,1
8.826128,-2.7571287,Sentence,2
8.653407,-4.7553,Sentence,2
7.189566,-4.4668565,Sentence,1
6.710788,-4.655316,Sentence,2
8.614715,-4.1848083,Sentence,1
7.6718183,-4.1899395,Sentence,1
5.927088,-2.0367608,Sentence,0
8.378675,-4.3618407,Sentence,1
7.2491345,1.2207483,Sentence,0
8.43608,-4.769022,Sentence,2
7.3525715,-4.4030952,Sentence,1
7.708725,-4.3846865,Sentence,1
9.744995,-1.1515386,Sentence,0
7.112786,-1.9121308,Sentence,0
10.777541,-4.918205,Sentence,2
7.923224,-4.2880387,Sentence,1
6.7729387,-4.389984,Sentence,1
11.572228,-4.9137774,Sentence,0
10.190704,-5.179903,Sentence,2
7.3528404,-3.8490114,Sentence,1
4.5706544,-2.7580633,Sentence,1
9.13218,-3.9723344,Sentence,1
10.443455,-4.524944,Sentence,2
7.212926,2.1817493,Sentence,0
8.53006,-4.833438,Sentence,2
7.706585,-4.606546,Sentence,1
8.985071,-5.345804,Sentence,2
9.201874,-3.6052082,Sentence,2
6.9210515,-3.3118033,Sentence,1
7.4683504,1.641876,Sentence,0
11.07793,-1.886479,Sentence,0
8.376154,-2.2892764,Sentence,0
8.245009,-4.054922,Sentence,1
7.1248665,0.43390203,Sentence,0
7.202661,-0.2165443,Sentence,0
6.3456182,-4.015515,Sentence,1
8.39109,-3.650197,Sentence,2
8.137983,-3.6128764,Sentence,1
6.904852,-2.289204,Sentence,0
9.762535,-1.4967526,Sentence,0
7.4163237,-2.522397,Sentence,0
10.162505,-4.7623005,Sentence,2
11.926908,-4.5207677,Sentence,0
8.042563,-1.3800224,Sentence,2
7.991455,-3.0581884,Sentence,1
7.267348,-3.924826,Sentence,1
7.8237796,-3.8461893,Sentence,1
7.606206,-4.8435645,Sentence,1
8.409554,-3.6638076,Sentence,1
7.4444366,-4.303875,Sentence,1
8.074664,-3.4533477,Sentence,1
8.297334,-4.2017465,Sentence,1
6.816331,-3.6893275,Sentence,1
9.045716,-5.377878,Sentence,2
8.360169,-3.7574189,Sentence,1
8.628197,-4.6094217,Sentence,1
9.888077,-2.670717,Sentence,1
9.026492,-4.4895763,Sentence,2
6.6570797,-1.8563488,Sentence,0
8.019991,-1.1202623,Sentence,2
4.0659227,-1.6707302,Sentence,0
6.0595517,-1.9657416,Sentence,0
6.9124503,-1.8623595,Sentence,0
10.247254,-2.6134412,Sentence,1
10.518949,-2.3338935,Sentence,1
7.2388854,-3.6164796,Sentence,1
8.011344,-5.293289,Sentence,2
6.9563394,-0.4049322,Sentence,0
8.406285,-4.628461,Sentence,2
7.007496,-1.9334602,Sentence,0
6.599796,-4.263563,Sentence,1
7.3141766,-3.0282767,Sentence,0
7.5898504,-1.3147997,Sentence,0
7.0716085,-4.0237164,Sentence,1
7.7312407,-2.1840258,Sentence,0
7.5674543,0.76552165,Sentence,0
7.214189,-4.375464,Sentence,1
2.9880643,3.1783776,Sentence,0
6.518856,-3.3157206,Sentence,1
6.276594,-2.8425934,Sentence,0
7.837934,-1.1179879,Sentence,0
8.769693,-5.437426,Sentence,2
8.034607,-3.084964,Sentence,1
9.217076,-2.464666,Sentence,1
7.894335,-0.71965414,Sentence,0
9.092529,-4.026915,Sentence,1
9.784292,-2.31301,Sentence,1
6.2014284,0.88586336,Sentence,0
7.3417945,-3.390948,Sentence,1
8.018527,-1.82217,Sentence,0
8.163809,-4.2016,Sentence,1
8.05635,-4.767317,Sentence,1
6.2068043,-3.628697,Sentence,1
6.815935,8.00196,Sentence,0
7.8122725,-4.548681,Sentence,1
9.969093,-5.185123,Sentence,2
6.8383203,-2.4985638,Sentence,0
9.127794,-4.5319567,Sentence,2
8.594765,-5.1573877,Sentence,2
4.381661,-2.6247485,Sentence,1
9.4765835,-1.1064794,Sentence,0
7.3619156,-2.8314676,Sentence,0
5.778394,-3.9328034,Sentence,1
10.327308,-1.1024048,Sentence,1
7.3314147,-1.3154316,Sentence,0
8.439003,-3.3846583,Sentence,1
8.382453,-3.7103496,Sentence,2
8.026247,-4.201228,Sentence,1
6.3444033,-2.7007458,Sentence,1
6.6704035,-0.084129974,Sentence,0
8.634032,-1.5051914,Sentence,0
8.106387,-5.679151,Sentence,2
7.3506913,-4.3129516,Sentence,1
8.824445,-2.1008656,Sentence,1
9.683041,-3.9312909,Sentence,2
8.580457,-5.35429,Sentence,2
8.18178,-5.8408318,Sentence,2
7.2745,-3.6819227,Sentence,1
8.891901,-2.1578662,Sentence,1
9.077037,-2.239505,Sentence,0
9.973314,-5.0231814,Sentence,2
6.6045117,-3.6467164,Sentence,1
9.011815,-2.3845713,Sentence,0
7.487564,-4.1922016,Sentence,1
7.6299434,-4.1968527,Sentence,1
8.4776,-3.927903,Sentence,1
6.334957,-2.0253127,Sentence,0
9.141107,-4.7261353,Sentence,2
8.309542,-4.837954,Sentence,2
7.0568094,-4.374974,Sentence,1
7.5020976,-3.2410078,Sentence,2
4.1825542,-1.4825697,Sentence,2
5.4417477,-1.4852216,Sentence,0
6.018965,-1.7158754,Sentence,0
6.0552216,-3.226527,Sentence,0
6.482066,-0.441697,Sentence,0
7.898269,-1.6526126,Sentence,1
8.555799,-2.5173738,Sentence,1
8.802653,-2.4328985,Sentence,1
8.817945,-2.9644592,Sentence,1
9.326235,-2.7611187,Sentence,1
8.378374,-5.013561,Sentence,2
9.050924,-0.93398106,Sentence,0
9.327381,-5.1910076,Sentence,2
9.322494,-1.5251592,Sentence,1
8.948226,-5.278797,Sentence,2
8.867358,-5.5024595,Sentence,2
7.46415,-4.714176,Sentence,1
5.799386,-2.2849145,Sentence,0
8.34491,-5.065815,Sentence,2
8.717951,-3.7650695,Sentence,1
6.4361167,-3.1636598,Sentence,0
7.450604,-3.8197653,Sentence,1
8.23307,-4.6096816,Sentence,2
6.1081343,-3.3185737,Sentence,1
7.7039533,-5.0412974,Sentence,1
7.7114234,-4.5473795,Sentence,1
6.359177,-4.3515377,Sentence,2
8.527758,-2.8893394,Sentence,2
8.734377,-3.3968823,Sentence,2
6.6108584,-3.9634447,Sentence,1
8.734521,-4.9175014,Sentence,2
7.8470716,-1.3068944,Sentence,0
9.441432,-5.069357,Sentence,2
7.231251,-3.720493,Sentence,1
4.007974,-1.4067402,Sentence,0
8.572007,-1.5323637,Sentence,0
7.152084,-4.11625,Sentence,1
8.398599,-4.09964,Sentence,1
9.288937,-5.553839,Sentence,2
8.19129,-5.0828543,Sentence,1
9.906549,-1.7125798,Sentence,1
7.5744805,-4.852341,Sentence,1
7.017647,-4.950554,Sentence,2
9.790444,-4.398516,Sentence,2
9.45094,-5.1662903,Sentence,2
6.938805,-0.08483672,Sentence,0
6.466244,-2.7155743,Sentence,2
7.6989975,-2.40386,Sentence,0
7.760351,-0.5492399,Sentence,0
10.073808,-4.469187,Sentence,2
7.8207374,-4.672022,Sentence,1
8.854875,-4.1523027,Sentence,2
7.8152876,-2.5075657,Sentence,2
9.360315,-4.716884,Sentence,2
6.5175657,-1.8221993,Sentence,0
6.6906357,-4.0196815,Sentence,1
10.327543,-4.0104856,Sentence,2
7.11257,0.97373563,Sentence,0
7.0303035,-1.3662678,Sentence,0
4.170207,-1.4677389,Sentence,0
7.4167485,-4.54742,Sentence,1
10.009999,0.5657338,Sentence,0
8.892591,-2.3909786,Sentence,0
2.6267831,-1.2623551,Sentence,0
5.715062,-3.7786314,Sentence,1
7.7164755,-4.905841,Sentence,1
6.6048083,-2.2539926,Sentence,0
10.741257,-2.1874707,Sentence,0
3.339068,-1.5008881,Sentence,0
8.42953,-3.6667616,Sentence,1
7.865459,-4.576197,Sentence,1
7.5495396,-5.203199,Sentence,2
6.2368455,-5.0621557,Sentence,2
8.391804,-4.7425346,Sentence,1
9.389453,-3.6749814,Sentence,2
6.230089,-3.977341,Sentence,2
6.989739,-4.5313277,Sentence,1
10.040416,-0.7698263,Sentence,0
7.5806675,-3.535161,Sentence,1
8.17895,-3.808574,Sentence,1
7.2132945,-3.9286683,Sentence,1
10.396992,-1.4764339,Sentence,0
8.477433,-5.1938963,Sentence,2
8.67068,-1.8059376,Sentence,0
9.507711,-5.693316,Sentence,2
8.435401,-5.843512,Sentence,2
8.548625,-3.5754175,Sentence,1
4.545629,-1.0249572,Sentence,0
9.7047205,-2.5037932,Sentence,1
7.9336786,-3.1767197,Sentence,1
7.784425,-3.9734724,Sentence,1
7.833444,-4.042513,Sentence,1
7.3379583,-3.3019278,Sentence,1
10.679912,-4.4485683,Sentence,2
7.763319,-4.2598305,Sentence,1
9.459006,-3.5094876,Sentence,2
7.2984924,-1.6287555,Sentence,0
10.954808,-1.8689008,Sentence,0
6.866883,-3.5878584,Sentence,1
6.190991,0.10729269,Sentence,0
10.951246,-3.995916,Sentence,2
6.661862,-3.5852075,Sentence,1
11.28773,-3.475022,Sentence,0
8.198024,-4.2983503,Sentence,1
7.5459976,-3.069915,Sentence,1
5.5812387,-2.5471668,Sentence,0
5.759434,-0.84489053,Sentence,0
5.784536,-2.4817793,Sentence,0
4.520887,-1.4862292,Sentence,0
7.474911,-3.1082332,Sentence,2
10.088207,-3.2885323,Sentence,0
8.650913,-1.3385788,Sentence,0
7.5359554,-2.5949652,Sentence,0
10.132143,-0.114807375,Sentence,1
8.106642,-3.6873152,Sentence,1
7.1875753,2.2198036,Sentence,0
8.693697,-1.0517223,Sentence,0
6.3549285,-3.9660895,Sentence,1
8.328274,-3.7362049,Sentence,1
6.3597937,-2.964815,Sentence,1
8.986451,-3.14232,Sentence,1
10.6529665,-1.8904442,Sentence,1
4.7572627,-1.1321129,Sentence,2
9.86616,-4.8572397,Sentence,2
7.5124607,-3.848372,Sentence,1
9.81527,-2.8624055,Sentence,0
8.968729,-4.809662,Sentence,2
8.126992,-4.8799844,Sentence,1
10.165716,-4.453895,Sentence,2
6.379632,0.13283598,Sentence,0
9.361925,-0.73353374,Sentence,0
9.027146,-2.0308142,Sentence,1
6.866366,-2.685879,Sentence,1
6.785588,0.030934598,Sentence,0
5.622414,-0.42905375,Sentence,2
7.2737665,-3.5486681,Sentence,1
9.044536,-2.6603386,Sentence,0
7.7635546,-2.7513704,Sentence,2
8.5897,-2.886131,Sentence,2
6.201644,-3.342582,Sentence,0
6.566814,-2.9075208,Sentence,1
5.8175507,-1.630858,Sentence,2
6.383843,-4.8725615,Sentence,1
6.9376206,-2.0097775,Sentence,0
8.1418085,-3.1156375,Sentence,1
8.062275,-2.3531985,Sentence,1
7.9917984,-4.665268,Sentence,1
7.6003137,-3.528757,Sentence,1
8.332899,-4.411953,Sentence,1
6.1649694,-0.7224872,Sentence,0
9.328714,-5.714561,Sentence,2
6.476934,-2.6825757,Sentence,0
7.7093363,-5.144265,Sentence,2
9.1612,-2.7814174,Sentence,1
8.764877,-4.4424744,Sentence,1
7.297058,-0.61343545,Sentence,0
9.519535,-3.2894826,Sentence,2
8.623545,-4.9160595,Sentence,2
6.4794765,-4.391642,Sentence,0
9.029713,-1.9369575,Sentence,0
7.158835,-3.3503292,Sentence,2
8.694134,-3.0391905,Sentence,1
7.9251466,-3.175002,Sentence,2
10.354816,-4.971856,Sentence,2
6.4819,-2.649651,Sentence,0
6.415792,-3.1356635,Sentence,1
4.0649776,-0.9856839,Sentence,0
10.813456,-4.298301,Sentence,2
6.791771,-3.6937711,Sentence,1
7.369117,-2.5122843,Sentence,2
8.78462,-2.3792756,Sentence,0
6.2200913,-4.9745793,Sentence,2
6.386118,-1.1981272,Sentence,0
11.051245,-3.9365735,Sentence,2
7.913863,-4.7805195,Sentence,1
3.9114022,-1.4884955,Sentence,0
8.778407,-5.361529,Sentence,2
7.641709,-4.7803483,Sentence,1
4.3993464,-1.5209124,Sentence,2
7.970547,-2.007927,Sentence,0
11.439847,-4.745236,Sentence,2
9.498992,-4.984039,Sentence,2
9.765473,-4.509258,Sentence,2
6.798913,8.024965,Sentence,0
8.594255,-4.1942935,Sentence,2
7.8852835,-4.0331883,Sentence,1
10.248326,0.30588806,Sentence,0
6.5342736,-4.635632,Sentence,0
10.153856,-5.15313,Sentence,2
7.9611855,-4.112488,Sentence,1
7.58293,-5.0644655,Sentence,2
6.1760316,-3.0906181,Sentence,0
8.671103,-4.718551,Sentence,2
7.608184,-3.9277518,Sentence,1
8.97649,-3.4744024,Sentence,2
6.8754272,-4.3610663,Sentence,1
6.7555337,-1.9945463,Sentence,0
9.558365,-2.7908154,Sentence,1
7.0141892,-4.6126018,Sentence,1
8.286417,-3.7376873,Sentence,2
8.727911,-2.2744133,Sentence,1
8.213256,-4.6104393,Sentence,2
6.146179,-3.6865904,Sentence,0
8.149268,-2.9494002,Sentence,1
9.190661,-2.437454,Sentence,1
6.4864693,-1.5903008,Sentence,0
8.803613,-4.9837103,Sentence,2
6.0004816,-1.6983659,Sentence,0
8.3856535,-4.979781,Sentence,1
8.208273,-5.2026033,Sentence,2
6.5653815,-3.5845118,Sentence,1
8.604703,-4.6373596,Sentence,1
7.649605,-0.6228425,Sentence,0
3.826206,-0.79716754,Sentence,0
9.119644,-4.3670955,Sentence,2
8.161619,-4.223234,Sentence,1
10.514462,-1.0950416,Sentence,1
8.860925,-4.993272,Sentence,2
9.566033,-1.5745118,Sentence,0
8.60646,-0.42664155,Sentence,0
9.193671,-5.0341077,Sentence,2
7.1363163,-2.5079567,Sentence,0
8.774342,-2.7969952,Sentence,2
7.1444917,-2.2353334,Sentence,0
9.613502,-5.05578,Sentence,2
7.137796,-2.5953288,Sentence,0
7.602776,-4.450615,Sentence,1
8.189821,-3.9490714,Sentence,1
8.310175,-4.934737,Sentence,2
4.697753,-2.6541529,Sentence,0
9.936362,-3.5515568,Sentence,2
5.039741,-1.110115,Sentence,0
7.8218193,-0.84378517,Sentence,0
8.611221,-4.455585,Sentence,1
7.8883915,-4.7661157,Sentence,1
8.098298,-3.4489841,Sentence,1
6.868304,-4.1634054,Sentence,1
7.007821,-4.8519397,Sentence,2
10.043712,-4.531609,Sentence,0
6.9286885,-1.9997891,Sentence,0
9.941342,-3.8902845,Sentence,2
7.847265,-0.27423927,Sentence,0
8.695162,-4.8458405,Sentence,2
8.306076,-5.3866816,Sentence,2
9.367208,-2.9068666,Sentence,1
8.828745,-5.453408,Sentence,2
9.429361,-5.308683,Sentence,2
6.1673317,-3.4727075,Sentence,0
10.705354,-4.8395686,Sentence,2
8.077933,-0.30401847,Sentence,0
6.589196,-3.5926561,Sentence,1
7.5475373,-3.360374,Sentence,1
7.806207,-4.976101,Sentence,1
6.6216297,-3.0562117,Sentence,1
10.457513,-4.584423,Sentence,2
9.326231,-5.16817,Sentence,2
7.758599,-5.547783,Sentence,2
10.468917,-0.8314282,Sentence,0
9.751653,-2.6515834,Sentence,1
8.430871,-3.3667154,Sentence,1
6.8202176,-3.7730439,Sentence,1
8.603334,-5.23665,Sentence,2
9.451773,-4.994665,Sentence,2
8.302935,-1.9636058,Sentence,0
9.324518,-4.625491,Sentence,2
5.8936396,-3.949568,Sentence,1
9.187568,-1.2992263,Sentence,0
9.035807,-4.2659783,Sentence,2
9.778755,-2.173798,Sentence,1
9.124349,-5.2460127,Sentence,2
9.025639,-2.1106956,Sentence,0
8.994092,-4.505035,Sentence,2
8.308158,-2.54546,Sentence,0
9.814428,-3.492108,Sentence,2
8.404633,-5.6957603,Sentence,2
6.530649,-2.8202364,Sentence,1
8.187185,-4.306166,Sentence,1
7.0706797,-3.0222354,Sentence,1
9.35663,-5.133846,Sentence,2
8.486881,0.17274526,Sentence,0
7.5906005,-0.27403954,Sentence,0
9.79265,-4.090959,Sentence,2
9.83361,-4.2505426,Sentence,2
7.3338976,-3.601195,Sentence,1
6.143331,-3.0795233,Sentence,1
6.6786017,-4.157228,Sentence,1
10.133853,-2.1497264,Sentence,1
6.5452905,-0.87215805,Sentence,0
8.515137,-0.3820345,Sentence,0
5.217776,-1.0096416,Sentence,2
6.603343,-0.05476163,Sentence,0
6.5460644,-4.47203,Sentence,2
10.749649,-2.1015992,Sentence,1
7.1767178,-1.2132682,Sentence,0
6.3919187,-2.4973476,Sentence,0
8.357472,-3.9859025,Sentence,1
4.109961,-1.6479467,Sentence,0
7.244517,-4.7420754,Sentence,1
6.7940817,-3.8881464,Sentence,1
7.769379,-4.661737,Sentence,1
9.167929,-4.883488,Sentence,2
9.074448,-0.815863,Sentence,0
8.454526,-2.6379864,Sentence,2
7.5836954,-4.0389323,Sentence,1
9.191231,-4.7651906,Sentence,2
8.055481,-2.5214598,Sentence,0
8.906175,-4.4814024,Sentence,2
7.113544,-1.2794805,Sentence,0
7.217534,0.5951089,Sentence,0
6.586379,-3.5713358,Sentence,1
6.7992997,8.025879,Sentence,0
6.9578743,-2.0234513,Sentence,0
7.643909,-3.2216516,Sentence,1
8.103639,-4.9916077,Sentence,2
6.1858535,-2.7975428,Sentence,0
9.345402,-0.73894227,Sentence,0
6.8565874,-3.5315602,Sentence,1
7.777304,-4.732871,Sentence,1
7.185986,-2.370488,Sentence,0
7.5068545,-0.50674057,Sentence,0
8.073042,-3.7543051,Sentence,1
8.462442,-3.6339371,Sentence,1
8.549161,-4.0720806,Sentence,2
8.369914,-3.2409396,Sentence,1
7.5191593,-3.3912785,Sentence,1
6.980375,-3.424457,Sentence,2
8.540177,-3.9889603,Sentence,2
7.4915624,-4.0005193,Sentence,1
7.018594,-3.1761868,Sentence,1
8.1895685,-3.9160342,Sentence,1
8.256648,-4.393186,Sentence,1
8.424167,-0.29075724,Sentence,2
9.261954,-5.227754,Sentence,2
7.102161,-2.7574346,Sentence,1
8.646492,-4.9568186,Sentence,2
6.5353723,-2.3517544,Sentence,0
8.438341,-1.1084731,Sentence,0
8.384924,-4.7811103,Sentence,1
10.349168,-1.0186907,Sentence,0
6.902261,-3.861846,Sentence,1
7.038269,-1.7553295,Sentence,0
6.438625,-3.3931127,Sentence,0
6.388081,-0.19179553,Sentence,0
9.435369,-4.8565273,Sentence,2
7.3187046,-4.1871905,Sentence,1
6.6979003,-4.087714,Sentence,1
6.76493,-3.9955988,Sentence,1
9.053177,-5.54365,Sentence,2
8.214622,-4.600482,Sentence,1
7.9357176,-2.6246915,Sentence,2
8.508098,-5.0130086,Sentence,2
6.845052,-3.9400601,Sentence,1
9.59429,-4.879528,Sentence,2
7.3958282,-3.816493,Sentence,1
6.9121327,-4.469795,Sentence,1
6.0491643,-3.7529306,Sentence,1
7.5001545,-5.237343,Sentence,2
6.9258475,-4.067711,Sentence,1
6.995924,-1.8230444,Sentence,0
8.981051,-4.039262,Sentence,2
8.264547,-3.9584265,Sentence,1
9.632726,-1.9814545,Sentence,1
8.697525,-3.2712405,Sentence,1
6.2733345,0.1462973,Sentence,0
9.380906,-4.9517784,Sentence,2
7.2441015,-3.6991308,Sentence,1
6.4472747,-1.6825955,Sentence,0
6.3857274,-1.3979026,Sentence,0
8.9499035,-5.4977126,Sentence,2
6.952548,-2.8213713,Sentence,0
5.5612354,-2.4053478,Sentence,0
6.0851965,-2.5017214,Sentence,0
6.631929,-3.7274084,Sentence,1
8.786412,-2.923307,Sentence,1
7.7579317,-4.206321,Sentence,1
3.3359532,-1.5243729,Sentence,0
7.739645,-2.3786247,Sentence,0
7.9860225,-3.9477062,Sentence,2
10.16149,-2.03451,Sentence,1
6.3978767,-2.8728147,Sentence,1
8.737154,-5.3105025,Sentence,2
7.2221246,-2.6823375,Sentence,1
3.480386,-1.3328283,Sentence,2
8.994314,-1.5232513,Sentence,0
8.106577,-4.357428,Sentence,1
8.854939,-5.2861676,Sentence,2
7.4419775,-3.9174984,Sentence,1
8.025017,-4.0764093,Sentence,1
7.4532385,-2.856371,Sentence,1
10.174622,2.5893168,Sentence,0
6.63543,-4.691644,Sentence,1
8.856033,-5.592429,Sentence,2
6.5224085,-4.5810857,Sentence,1
8.254231,-1.8096118,Sentence,0
6.4961443,-1.6886849,Sentence,0
8.63199,-5.3870053,Sentence,2
7.8697376,-4.353146,Sentence,1
8.7781,-3.411678,Sentence,1
5.5993156,-2.0150776,Sentence,0
8.168086,-0.07783504,Sentence,0
8.268859,-3.1487334,Sentence,0
7.8096833,-3.2894835,Sentence,1
6.9823904,-4.724811,Sentence,1
10.549831,-1.0659407,Sentence,0
8.605265,-4.925986,Sentence,2
9.142911,-5.37127,Sentence,2
8.851539,-2.3889983,Sentence,1
9.2253685,-1.6263613,Sentence,1
7.942419,-3.9486816,Sentence,2
7.858672,-5.4397416,Sentence,2
7.4994874,-4.554707,Sentence,1
6.18803,-0.6165304,Sentence,0
7.0272117,-2.4504018,Sentence,2
6.2236037,-5.0297885,Sentence,1
6.558315,-3.8690891,Sentence,1
5.1073594,-0.8304833,Sentence,0
9.3331995,-0.7341061,Sentence,0
6.7906733,-3.4093144,Sentence,1
11.3802595,-4.782661,Sentence,2
8.62977,-3.801099,Sentence,2
9.611237,-3.8374379,Sentence,2
6.8023815,8.024012,Sentence,0
8.351062,-4.471944,Sentence,1
7.7517576,-4.729666,Sentence,1
6.9862604,-0.478246,Sentence,0
9.017128,-5.02583,Sentence,2
9.401036,-2.8603761,Sentence,1
6.254989,-0.29198396,Sentence,0
9.419082,-5.1803975,Sentence,2
9.700257,-5.013258,Sentence,2
6.296918,-3.2179022,Sentence,1
9.584238,-4.1821914,Sentence,2
10.205748,-3.7576022,Sentence,2
7.393139,-4.0549445,Sentence,1
3.760261,-1.7697862,Sentence,0
8.872144,-4.0126247,Sentence,1
9.210982,-4.9410987,Sentence,2
7.766343,-4.3183904,Sentence,1
10.198163,-1.7453829,Sentence,0
9.997426,-2.7011306,Sentence,1
5.904393,-1.0325028,Sentence,2
10.663498,-1.9781266,Sentence,1
6.444133,-3.8330636,Sentence,1
8.531756,-4.4808154,Sentence,2
6.7249417,-4.01023,Sentence,1
7.6371093,-3.8088512,Sentence,1
7.649303,-1.4230733,Sentence,0
8.691445,-5.140061,Sentence,2
8.809195,-5.041174,Sentence,2
6.3225017,-0.23928393,Sentence,0
6.5327444,-3.950724,Sentence,0
6.6798444,-0.92932695,Sentence,0
8.030938,-4.7994113,Sentence,1
2.635694,-1.2666818,Sentence,0
8.7739935,-2.520957,Sentence,1
8.1186495,-2.4272578,Sentence,2
5.9964666,-0.70929134,Sentence,0
8.4926,-5.384622,Sentence,2
6.493188,-3.9129057,Sentence,1
4.0714803,-1.5501242,Sentence,0
10.733591,-4.2649727,Sentence,2
6.7150064,-4.00624,Sentence,1
6.1933494,-4.9950585,Sentence,0
7.072344,0.014337843,Sentence,0
7.5545206,-4.130209,Sentence,1
8.087455,-4.374699,Sentence,1
8.426531,-5.1320133,Sentence,2
6.2455196,-4.094791,Sentence,2
7.0841317,-0.48296887,Sentence,0
9.738556,-3.7160118,Sentence,2
10.361819,-3.5781925,Sentence,0
8.222232,-1.133264,Sentence,0
6.9454,-4.1506443,Sentence,1
8.223548,-0.9666283,Sentence,0
8.744851,-1.6942503,Sentence,0
7.4629827,-4.3512383,Sentence,1
10.406299,-2.0592225,Sentence,1
7.758227,-4.955201,Sentence,1
6.3309937,-3.1266031,Sentence,2
8.958686,-2.932613,Sentence,2
6.8074875,-4.0752244,Sentence,1
7.4172,-3.1913118,Sentence,2
8.131879,-3.370423,Sentence,2
7.318518,-2.9794645,Sentence,1
6.5702443,-3.3941424,Sentence,0
8.195967,-2.204561,Sentence,0
6.518933,-3.8168952,Sentence,1
8.472353,-1.8061329,Sentence,0
7.2788267,-4.1291766,Sentence,1
6.7735224,-3.4283967,Sentence,1
6.8038483,8.02355,Sentence,0
6.304105,-4.46946,Sentence,2
6.4868727,-1.0725315,Sentence,0
8.414095,-2.5718358,Sentence,0
8.392073,-4.176392,Sentence,1
8.257435,-3.7780356,Sentence,1
9.3491335,-5.0659122,Sentence,2
6.211115,-5.0236073,Sentence,2
8.327667,-5.772325,Sentence,2
8.18166,-5.7124543,Sentence,2
7.1662297,-2.8303907,Sentence,1
6.7983427,8.026874,Sentence,0
7.350312,-4.618412,Sentence,1
5.809705,-2.7276354,Sentence,2
4.974078,-1.456844,Sentence,0
6.802007,8.020317,Sentence,0
6.2410226,-0.88870394,Sentence,2
10.79809,-2.0413244,Sentence,0
7.687385,-4.396935,Sentence,1
7.8779683,-4.328375,Sentence,1
8.141198,0.81741047,Sentence,0
3.1377995,2.9658358,Sentence,0
7.9917293,-4.92037,Sentence,2
9.622861,-2.7074838,Sentence,1
7.560217,-3.923951,Sentence,1
6.860591,-3.081334,Sentence,1
8.01465,-4.819292,Sentence,1
8.153012,-3.070473,Sentence,1
9.921302,-4.4590473,Sentence,2
6.687055,-1.5749514,Sentence,0
10.772436,-1.9130397,Sentence,0
6.467354,-0.6371006,Sentence,0
6.8405304,-3.1613739,Sentence,1
9.2626915,-5.5004334,Sentence,2
7.4634438,-3.3888624,Sentence,1
8.635178,-3.2894628,Sentence,1
5.96981,-2.773585,Sentence,0
8.304866,-1.1893333,Sentence,0
2.9102478,-1.3032457,Sentence,0
7.9477696,-4.1264467,Sentence,1
10.628053,-4.1835504,Sentence,2
6.171503,-4.174728,Sentence,2
2.6257021,-1.2622659,Sentence,0
7.9463835,-2.4052002,Sentence,1
7.902015,-4.2731714,Sentence,1
6.551537,-1.347902,Sentence,0
6.432859,-3.5946991,Sentence,0
7.434705,-2.747741,Sentence,0
7.167625,-3.6148055,Sentence,1
9.37721,-2.947722,Sentence,0
8.246215,-4.589349,Sentence,1
7.618211,-4.185057,Sentence,1
8.76134,-4.909604,Sentence,2
6.9231334,0.3258218,Sentence,0
7.248419,-2.707669,Sentence,2
10.199496,-5.2386856,Sentence,2
6.8004055,8.031764,Sentence,0
10.503327,-3.9796445,Sentence,2
7.6921167,-4.0620775,Sentence,1
7.5063148,-3.9703667,Sentence,1
6.5426993,-3.23627,Sentence,1
9.248334,-3.8889883,Sentence,2
6.5161,-2.9528885,Sentence,0
7.4155235,-4.112247,Sentence,1
8.983813,-4.9750433,Sentence,2
7.1692004,-4.2746797,Sentence,1
7.909733,-3.287894,Sentence,1
10.113125,-4.703399,Sentence,2
8.183007,-5.877952,Sentence,2
6.88643,-2.632297,Sentence,1
8.357662,-3.3939247,Sentence,1
6.8687973,-2.1341054,Sentence,2
6.9387794,-3.5953774,Sentence,1
8.253846,-4.051433,Sentence,1
7.921226,-3.4805999,Sentence,1
7.652971,-3.0866454,Sentence,1
6.7475047,-4.142937,Sentence,1
6.5868363,-1.9860646,Sentence,0
7.728931,-4.5235057,Sentence,1
9.78256,-5.1895504,Sentence,2
6.708729,-3.7528687,Sentence,1
6.902962,-1.3376904,Sentence,0
9.207259,-5.4883037,Sentence,2
9.685872,-2.7291994,Sentence,1
7.543704,-1.4403656,Sentence,0
6.81109,-2.768474,Sentence,1
8.270527,-3.2878754,Sentence,1
9.13312,-3.1693213,Sentence,0
7.4355807,-2.6882696,Sentence,0
9.2242365,-0.7277705,Sentence,0
7.9302654,-3.8345625,Sentence,2
8.94993,-1.9488568,Sentence,0
9.519514,-2.4529662,Sentence,0
8.340496,-5.341523,Sentence,2
9.238085,-2.3789418,Sentence,0
8.669975,-3.4935598,Sentence,1
8.263646,-3.3554492,Sentence,2
9.834135,-5.238827,Sentence,2
5.095619,-1.286173,Sentence,0
8.206295,-4.467886,Sentence,1
9.350744,-5.2428794,Sentence,2
6.173506,0.15922043,Sentence,0
3.9987721,-1.4147276,Sentence,0
6.9064183,-3.3428843,Sentence,1
9.56585,-2.6420608,Sentence,1
7.104066,-2.741006,Sentence,2
7.5846176,-4.224579,Sentence,1
11.056385,-4.6969857,Sentence,2
11.031175,-4.9330935,Sentence,2
10.387417,-2.5015569,Sentence,1
6.9865637,-3.8048568,Sentence,1
8.122752,-4.1032863,Sentence,1
7.1870694,-4.206283,Sentence,1
8.221237,-4.24061,Sentence,1
8.262263,-4.57953,Sentence,2
6.7996955,8.027128,Sentence,0
5.049832,-1.2651908,Sentence,2
6.2546244,-3.583687,Sentence,0
11.388164,-4.497785,Sentence,2
7.983892,-5.0911303,Sentence,2
7.003562,-4.196319,Sentence,1
9.087092,-4.920515,Sentence,2
10.508303,-1.6879611,Sentence,1
10.4052305,-5.0977607,Sentence,2
6.9066424,-4.5773335,Sentence,1
7.3163977,-3.6303148,Sentence,1
4.268741,-1.0486777,Sentence,0
7.4264593,-1.2413158,Sentence,0
10.572834,-1.0601207,Sentence,0
10.164446,-2.1720722,Sentence,1
7.6660657,-1.4274501,Sentence,2
7.618298,-3.1479633,Sentence,1
7.8965406,-3.801186,Sentence,1
10.71246,-4.152055,Sentence,2
6.5126777,-3.3452837,Sentence,0
8.832671,-1.7972881,Sentence,1
10.433609,-4.938919,Sentence,2
5.855076,-2.1217837,Sentence,0
7.3378735,-4.6640835,Sentence,1
6.4853826,-2.5714712,Sentence,0
6.4073524,-2.572043,Sentence,0
6.493032,-0.86535096,Sentence,0
7.7331214,-1.1565646,Sentence,0
7.2781186,-2.0126534,Sentence,1
5.2570887,-1.5875336,Sentence,0
7.07198,0.3972113,Sentence,0
6.857786,-2.6511197,Sentence,2
6.446249,-1.8516132,Sentence,0
6.842715,-2.414707,Sentence,0
7.767507,-4.981155,Sentence,1
6.607748,-4.383702,Sentence,1
10.027376,-2.925658,Sentence,1
6.7318864,-3.946676,Sentence,1
5.437368,-0.63162875,Sentence,2
7.048,0.7714742,Sentence,0
9.370332,-3.3087945,Sentence,0
8.77343,-3.0295424,Sentence,1
7.8636184,-4.519755,Sentence,1
6.4026575,-3.185516,Sentence,1
6.7458878,-1.6742309,Sentence,0
9.3659115,-1.1329141,Sentence,0
8.87352,-2.549478,Sentence,0
9.755358,-3.968829,Sentence,2
8.116659,-5.5861993,Sentence,2
7.8986263,-3.8826613,Sentence,1
7.6204696,-4.103903,Sentence,1
9.070122,-4.1082745,Sentence,2
8.227844,-3.4882646,Sentence,1
9.980071,-2.4171426,Sentence,1
2.2122622,-5.157046,Sentence,0
6.8661356,-3.2217798,Sentence,1
8.120428,-0.91010195,Sentence,0
9.648047,-5.557064,Sentence,2
6.687869,-3.0874553,Sentence,1
10.662496,-1.9281069,Sentence,1
6.2986813,-4.9867268,Sentence,1
8.259055,-3.6126585,Sentence,1
7.8711796,-3.5190086,Sentence,1
8.657464,-5.322262,Sentence,2
6.3039412,-3.2714982,Sentence,1
10.401921,-5.0979652,Sentence,2
7.3924184,-2.6299088,Sentence,0
10.837316,-4.334976,Sentence,2
9.750319,-5.7726235,Sentence,2
9.79225,-2.964144,Sentence,1
7.1677065,-1.8758202,Sentence,0
11.100314,-3.2891383,Sentence,2
6.2495823,-5.050315,Sentence,0
9.730308,-5.687267,Sentence,2
8.453869,-3.0064275,Sentence,1
7.1173625,-4.566114,Sentence,1
7.0130186,0.05231444,Sentence,0
8.370472,-5.2106166,Sentence,1
7.913838,-4.359714,Sentence,1
8.411016,-3.2778265,Sentence,1
9.261394,-4.1425943,Sentence,2
8.90061,-4.457273,Sentence,2
10.466756,-4.323022,Sentence,2
8.864053,-5.383018,Sentence,2
8.352612,-4.1861615,Sentence,1
8.23827,-3.4141781,Sentence,1
6.8955045,-3.229545,Sentence,1
9.254883,-5.3529367,Sentence,2
10.071186,-2.024392,Sentence,1
7.1184325,-3.8843198,Sentence,1
8.52084,-5.7074647,Sentence,2
6.164516,-3.075239,Sentence,0
7.658857,-4.4123454,Sentence,1
7.8882737,-4.6575465,Sentence,1
8.847308,-4.845427,Sentence,2
5.235622,-3.1308968,Sentence,0
7.497174,-3.428199,Sentence,0
10.537502,-4.166922,Sentence,2
10.281056,-5.031689,Sentence,2
6.9229774,-3.5759258,Sentence,1
10.218601,-3.170327,Sentence,0
9.529491,-5.572509,Sentence,2
6.713672,-4.0673757,Sentence,1
9.203857,-4.947774,Sentence,2
10.046864,-2.061568,Sentence,1
7.7574167,-4.1396,Sentence,1
7.1464252,0.9461009,Sentence,0
11.4032135,-4.1260242,Sentence,2
7.7834663,-3.5519912,Sentence,1
8.866057,-4.8510456,Sentence,2
7.1056533,-4.2838426,Sentence,1
6.856731,-2.8110611,Sentence,0
6.8858967,-4.127837,Sentence,1
8.602133,-3.1658823,Sentence,1
6.9993906,-0.3326556,Sentence,0
6.5320635,-2.2904842,Sentence,0
8.491485,-0.54805505,Sentence,2
7.1614194,3.3532822,Sentence,0
8.762742,-4.2558775,Sentence,2
11.034399,-5.034887,Sentence,0
7.334387,-4.395386,Sentence,1
6.8114066,-4.0838084,Sentence,1
7.631364,-3.1441674,Sentence,0
7.4589205,-2.4499018,Sentence,0
10.124477,-1.4975138,Sentence,1
6.2158437,-5.052171,Sentence,2
10.419075,-4.6718936,Sentence,2
6.4559736,-3.0568848,Sentence,1
7.8531017,-2.2926152,Sentence,0
9.710735,-1.8581586,Sentence,1
8.911266,-2.8400455,Sentence,2
10.066707,-0.37521783,Sentence,1
8.635798,-5.1418867,Sentence,2
8.477492,-4.429896,Sentence,2
8.913312,-5.1247625,Sentence,2
9.948434,-5.904053,Sentence,0
11.622422,-4.9061837,Sentence,0
7.9211245,-1.4619642,Sentence,2
9.682839,-5.055623,Sentence,2
7.2248936,-4.0680065,Sentence,1
8.791934,-4.58246,Sentence,2
9.359631,-3.5306027,Sentence,2
6.896127,-3.223169,Sentence,1
7.0476737,-2.6205347,Sentence,2
7.0355034,-4.4784894,Sentence,1
8.136269,-2.3522203,Sentence,0
7.717182,-4.300807,Sentence,1
10.298836,-1.043778,Sentence,0
8.399773,-5.1398897,Sentence,2
6.301849,-3.8424568,Sentence,1
9.239182,-4.536979,Sentence,2
10.090722,-4.557049,Sentence,2
6.983711,-3.5969002,Sentence,1
9.467656,-1.1927544,Sentence,0
7.427731,-4.689358,Sentence,1
8.351844,-5.5198874,Sentence,2
6.78179,-2.6240723,Sentence,1
11.536382,-5.016847,Sentence,0
8.365595,-1.3713058,Sentence,0
6.522734,-1.1102788,Sentence,0
7.681709,-4.52521,Sentence,1
9.891732,-1.2231752,Sentence,1
8.143879,-3.7072892,Sentence,1
6.1797194,-3.6249778,Sentence,1
6.5597515,-3.7070343,Sentence,1
5.4023747,-3.0254838,Sentence,0
10.198994,-2.8761857,Sentence,1
6.98808,-3.1752853,Sentence,1
8.887671,-5.596729,Sentence,2
10.842443,-4.34681,Sentence,2
8.213649,-4.118125,Sentence,1
10.918775,-1.8001866,Sentence,0
7.0212507,-4.116185,Sentence,1
7.0254555,-0.03271814,Sentence,0
6.794031,-2.6883197,Sentence,0
10.494742,-4.01188,Sentence,2
6.6630244,-3.169352,Sentence,1
7.0628214,-2.6071959,Sentence,0
8.8219185,-3.9663544,Sentence,2
6.0028386,-3.327243,Sentence,0
10.331608,-2.324107,Sentence,1
6.9286537,-1.4338514,Sentence,0
8.936071,-5.2500277,Sentence,2
8.893319,-5.0520034,Sentence,2
6.910613,-4.0436935,Sentence,1
7.713243,-4.433411,Sentence,1
8.187385,-5.174922,Sentence,2
9.409945,-2.2406886,Sentence,1
7.4819164,-4.3122783,Sentence,1
9.283042,-2.3492677,Sentence,1
9.255315,-4.838893,Sentence,2
6.97245,-3.4879177,Sentence,1
8.5771675,-2.5975924,Sentence,2
8.294466,-5.769781,Sentence,1
6.3708267,-3.8191197,Sentence,1
7.4300466,-2.0299773,Sentence,2
10.912367,-1.5381681,Sentence,1
6.7197065,-3.8036382,Sentence,1
9.302823,-5.049572,Sentence,2
8.554634,-2.3816276,Sentence,1
7.9330444,-2.5531416,Sentence,0
7.354005,0.1260367,Sentence,0
5.078877,-0.7706074,Sentence,0
6.6197543,-5.0949726,Sentence,2
7.2625656,-4.3568797,Sentence,1
9.469854,-2.4948828,Sentence,1
6.848084,-3.3304317,Sentence,1
8.454875,-4.350384,Sentence,2
6.931841,-3.603166,Sentence,1
9.818415,-1.8586538,Sentence,1
7.943498,-3.9282303,Sentence,1
6.3504453,-3.2518742,Sentence,1
8.060774,-4.805992,Sentence,2
3.336792,-1.5117859,Sentence,0
6.3974094,-3.7745957,Sentence,1
8.620862,-4.4190173,Sentence,2
9.168892,-5.437675,Sentence,2
7.7664027,-3.9093173,Sentence,1
6.799483,8.026986,Sentence,0
7.6071258,-3.0998154,Sentence,1
6.965303,-3.2207088,Sentence,1
9.708387,-5.4609356,Sentence,2
9.011468,-3.2427516,Sentence,1
6.6476297,0.0072951065,Sentence,0
9.441124,-2.7522397,Sentence,1
6.8653507,-2.6524205,Sentence,1
7.577361,-3.9278052,Sentence,1
8.840687,-4.0400085,Sentence,2
7.176367,-4.635855,Sentence,1
7.902506,-2.7042203,Sentence,1
10.504308,-4.258888,Sentence,2
9.832384,-2.2007296,Sentence,1
6.798687,8.027011,Sentence,0
10.91565,-4.2122874,Sentence,2
9.550757,-4.167934,Sentence,2
6.6598577,-4.827642,Sentence,2
4.1179953,-1.4422665,Sentence,0
8.133519,-4.8285456,Sentence,2
8.47496,-4.9822707,Sentence,2
8.360583,-5.0964622,Sentence,2
8.094989,-4.149648,Sentence,1
7.211011,2.2000072,Sentence,0
8.761918,-3.604677,Sentence,1
6.704902,-2.2218702,Sentence,0
8.068168,-1.5182049,Sentence,2
7.759288,-4.104757,Sentence,1
10.317137,-3.0901244,Sentence,1
7.041427,-3.6351979,Sentence,1
7.1204534,-1.7715764,Sentence,0
6.91249,-2.1811626,Sentence,0
8.59938,-4.5785565,Sentence,1
7.0848107,-2.8524687,Sentence,1
7.2886534,-3.7324343,Sentence,1
10.535574,-2.194939,Sentence,1
8.264318,-3.6246881,Sentence,2
10.45796,-0.95721006,Sentence,1
6.3895416,-3.8217173,Sentence,1
8.257636,-4.4475517,Sentence,1
9.037788,-3.141919,Sentence,1
5.9815836,-2.6322818,Sentence,2
9.728955,-5.58843,Sentence,2
8.745575,-3.762166,Sentence,2
6.2109036,-0.30066237,Sentence,0
10.412272,-0.8472714,Sentence,1
7.604861,-4.803763,Sentence,1
11.604236,-4.158723,Sentence,0
7.9823475,-2.427605,Sentence,0
8.5505705,-3.5246153,Sentence,2
7.91665,-4.78321,Sentence,1
8.417141,-4.8773894,Sentence,2
11.323513,-4.3620987,Sentence,2
8.02079,-3.1746557,Sentence,1
8.608513,-5.2394075,Sentence,2
10.103257,-1.6349329,Sentence,0
6.5768332,-4.63781,Sentence,1
7.968209,-4.7484717,Sentence,2
8.436387,-5.422971,Sentence,2
9.874389,-4.7225485,Sentence,2
10.048919,-3.358647,Sentence,2
6.345062,-4.9679675,Sentence,1
6.848624,-3.4667163,Sentence,1
10.266137,-2.3023627,Sentence,1
7.0713916,-4.364423,Sentence,1
5.0946593,-1.9730464,Sentence,2
8.416774,-1.2204785,Sentence,0
8.577463,-1.9277998,Sentence,0
7.1931806,-3.7084503,Sentence,1
7.43061,-1.1779639,Sentence,0
6.9875774,-3.791204,Sentence,1
7.5665364,-1.7906617,Sentence,0
8.922119,-4.6755786,Sentence,2
6.800144,8.027804,Sentence,0
8.842106,-3.79678,Sentence,2
9.215709,-5.0864463,Sentence,2
9.006971,-5.3092966,Sentence,2
8.652643,-4.9011507,Sentence,1
8.206193,-3.4143164,Sentence,1
10.0106125,-4.431554,Sentence,2
6.4530783,-2.5007348,Sentence,2
11.238444,-4.6618915,Sentence,0
6.6280403,-0.1317699,Sentence,0
8.336402,-3.0274384,Sentence,1
6.8073506,8.025061,Sentence,0
9.570216,-4.1894217,Sentence,2
3.887287,-1.488936,Sentence,0
8.064389,-3.6153486,Sentence,1
10.697498,-1.7506586,Sentence,0
8.421369,-1.6298978,Sentence,0
7.104362,-2.899251,Sentence,2
8.023695,-3.0782099,Sentence,1
7.2495637,0.61247265,Sentence,2
10.289918,-4.78392,Sentence,2
7.7288795,-4.433424,Sentence,1
8.471133,-3.7755342,Sentence,1
8.752387,-5.189169,Sentence,2
7.4077816,-2.6411731,Sentence,1
6.73355,-0.45451114,Sentence,0
9.118382,-5.0903397,Sentence,2
8.297538,-5.2654295,Sentence,2
8.203236,-3.8898978,Sentence,2
9.608376,-1.9964689,Sentence,0
6.9394054,-2.909065,Sentence,1
10.176066,2.5913038,Sentence,0
9.366454,-3.8226025,Sentence,2
9.220316,-5.3545804,Sentence,2
6.6578083,0.34374934,Sentence,0
8.840226,-2.684249,Sentence,0
7.8141475,-0.5811037,Sentence,0
11.210155,-4.726068,Sentence,2
7.5975766,-3.6981711,Sentence,1
8.662682,-3.187794,Sentence,2
10.747325,-4.187713,Sentence,2
8.09594,-5.423722,Sentence,2
7.081689,-3.826675,Sentence,1
11.006298,-4.9966464,Sentence,0
8.936254,-2.18261,Sentence,1
7.552157,-5.292937,Sentence,2
7.1122885,-3.4125159,Sentence,1
7.8854685,-3.5851872,Sentence,1
8.490296,-5.5953336,Sentence,2
8.352963,-3.5555594,Sentence,1
7.151558,-4.0898404,Sentence,1
8.222371,-0.86618984,Sentence,0
8.195384,-3.801613,Sentence,1
9.164238,-1.2794166,Sentence,0
7.187152,-3.94515,Sentence,1
8.24595,-4.4933944,Sentence,2
6.9028015,-4.121325,Sentence,1
6.564021,-0.15544578,Sentence,0
9.303286,-4.9930015,Sentence,2
7.878513,-3.6394644,Sentence,1
5.6231675,-3.7981508,Sentence,1
9.459292,-4.630338,Sentence,2
8.813659,-2.486076,Sentence,0
7.263673,-3.86754,Sentence,1
8.864024,-4.851246,Sentence,2
8.266557,-3.7196891,Sentence,1
8.081502,-4.02618,Sentence,1
8.288883,-1.5295123,Sentence,1
8.744228,-5.303212,Sentence,2
7.8746066,-1.1393055,Sentence,0
9.842687,-2.7355218,Sentence,1
7.264863,-2.565243,Sentence,1
8.333903,-5.424312,Sentence,2
6.356477,-2.5310037,Sentence,0
10.108156,-5.333028,Sentence,2
9.175194,-5.334066,Sentence,2
9.602218,-1.5561084,Sentence,1
7.758177,-4.2666454,Sentence,1
8.112453,-2.7211912,Sentence,1
9.9281,-5.277984,Sentence,2
9.283674,-5.157489,Sentence,2
4.878688,-0.16702713,Sentence,2
6.0109887,-1.7387917,Sentence,0
6.537767,-2.395407,Sentence,0
6.8908405,0.70171785,Sentence,0
8.683304,-4.717329,Sentence,2
8.383714,-3.4543433,Sentence,1
6.3346214,0.43619993,Sentence,0
9.993264,-5.3362026,Sentence,2
8.295709,-5.5038567,Sentence,2
6.6851854,-3.9140306,Sentence,1
7.658029,-3.7689023,Sentence,2
9.657798,-3.8563125,Sentence,2
8.785519,-5.5814962,Sentence,2
11.447312,-4.7517414,Sentence,0
8.407606,-4.8017445,Sentence,2
7.325038,-3.584233,Sentence,1
11.027736,-3.6467288,Sentence,2
4.1131516,-1.396181,Sentence,0
10.769265,-1.9677494,Sentence,0
7.2541537,-2.6712322,Sentence,0
9.361201,-4.122689,Sentence,2
9.254528,-4.8934927,Sentence,2
8.86928,-3.386934,Sentence,1
7.821908,-5.5801506,Sentence,2
9.408889,-4.7023077,Sentence,2
10.508375,-4.728428,Sentence,2
8.347162,-5.64487,Sentence,2
8.286032,-3.8334086,Sentence,1
10.156764,-4.862276,Sentence,2
9.761167,-3.7936082,Sentence,2
6.7034225,-4.6048584,Sentence,2
7.183813,-0.7652074,Sentence,0
7.406859,-4.10196,Sentence,1
9.99922,-5.107156,Sentence,2
6.492048,-1.289378,Sentence,0
8.423624,-3.5926597,Sentence,1
10.232325,-3.9413028,Sentence,2
7.309651,-3.4536407,Sentence,1
8.157071,-3.9685092,Sentence,1
8.844535,-4.125086,Sentence,2
6.808808,-3.8932028,Sentence,1
9.670209,-5.089404,Sentence,2
8.429508,-4.0518193,Sentence,1
9.828139,-5.460366,Sentence,2
7.0223985,-0.5214355,Sentence,0
6.858163,-4.220291,Sentence,1
7.3893285,-2.4858143,Sentence,1
7.6742253,-4.3446245,Sentence,1
10.200944,-0.16173652,Sentence,1
8.383635,-5.520721,Sentence,2
7.494736,-2.309616,Sentence,1
9.5139265,-4.330423,Sentence,2
10.039434,-4.6576943,Sentence,2
7.1664886,-4.2580466,Sentence,1
7.549853,-3.4944868,Sentence,1
8.462513,-4.3029103,Sentence,1
10.030949,-1.0675553,Sentence,0
10.101594,-2.2869558,Sentence,1
6.2415366,-3.1539161,Sentence,0
7.2595034,1.4239757,Sentence,0
4.8251686,-1.6721331,Sentence,2
10.507267,-4.607589,Sentence,2
6.8633475,-2.5868402,Sentence,1
8.522106,-2.553869,Sentence,2
8.779342,-3.6038451,Sentence,1
9.097009,-4.4587994,Sentence,2
7.889222,-5.5780983,Sentence,2
10.176781,2.5928104,Sentence,0
6.5626163,-3.1832776,Sentence,0
5.138615,-0.8462508,Sentence,0
8.894215,-2.1937318,Sentence,1
6.268499,-4.4112687,Sentence,0
8.680511,-4.1304126,Sentence,1
6.9446707,-1.4451408,Sentence,0
7.234936,-4.803933,Sentence,1
10.490143,-4.295629,Sentence,2
9.007681,-4.871007,Sentence,2
6.3777175,-1.8571742,Sentence,0
9.025698,-3.365627,Sentence,2
8.410005,-4.499943,Sentence,2
7.5676327,-4.013413,Sentence,1
10.746389,-4.6012053,Sentence,2
6.2774105,-4.0823703,Sentence,1
10.540871,-1.6177634,Sentence,1
8.735916,-4.751551,Sentence,2
7.221101,-4.4825997,Sentence,1
3.8078065,-0.80484337,Sentence,0
8.236304,-3.0038438,Sentence,1
9.607738,-4.9602613,Sentence,2
7.153939,-4.691158,Sentence,1
5.743836,-3.8351223,Sentence,1
7.931679,-4.506889,Sentence,1
8.625095,-5.4716077,Sentence,2
5.8611255,-3.8626988,Sentence,1
7.121184,-3.771707,Sentence,1
6.9555645,-4.4419193,Sentence,1
7.6050124,-4.349991,Sentence,1
6.326999,-2.3375194,Sentence,0
10.553191,-4.300975,Sentence,2
6.5301185,-2.1237884,Sentence,1
7.1909328,3.2959805,Sentence,0
8.319684,-0.87979174,Sentence,0
7.86081,-3.889665,Sentence,2
7.9277453,-4.619376,Sentence,1
7.450368,-3.7160285,Sentence,1
7.1497755,-2.9534981,Sentence,1
6.5652556,-4.518511,Sentence,2
10.213206,0.24286602,Sentence,0
10.642273,-1.427299,Sentence,2
7.318702,-4.61573,Sentence,1
7.8769455,-4.98344,Sentence,1
7.187923,-4.9512944,Sentence,1
8.653512,-4.237092,Sentence,2
7.1824927,-2.901335,Sentence,0
9.118963,-4.1967025,Sentence,2
8.699103,-2.7074978,Sentence,1
7.4298697,-2.1164527,Sentence,0
6.179571,-3.6115866,Sentence,1
8.057614,-2.0391908,Sentence,2
9.5492115,-2.1880915,Sentence,1
7.6902404,-3.0452206,Sentence,1
9.27821,-5.301497,Sentence,2
9.565934,-5.699562,Sentence,1
9.027314,-4.895962,Sentence,2
7.584604,-4.827603,Sentence,1
7.6288595,-3.6805665,Sentence,1
8.21244,-2.0725365,Sentence,2
9.622575,-1.8043389,Sentence,1
8.757629,-5.177551,Sentence,2
9.5345335,-5.659397,Sentence,2
11.195983,-4.558338,Sentence,0
10.106244,-2.2025683,Sentence,1
10.248405,0.0687294,Sentence,0
6.3341546,-1.4950548,Sentence,2
7.5822077,-3.9924524,Sentence,1
10.340723,-4.6878033,Sentence,2
7.758408,-3.3936093,Sentence,1
8.074144,-3.68857,Sentence,2
9.9154005,-4.0479217,Sentence,2
10.708727,-4.7806373,Sentence,2
6.427715,-3.6334696,Sentence,1
6.243741,-2.964577,Sentence,0
6.7756915,-2.6555476,Sentence,0
6.846929,-4.2056203,Sentence,1
7.439042,-3.934459,Sentence,1
10.805384,-4.400863,Sentence,2
8.320888,-0.14574869,Sentence,0
8.888166,-5.173694,Sentence,2
8.986355,-5.553379,Sentence,2
8.865637,-4.189774,Sentence,2
7.463176,-3.8215868,Sentence,1
8.150112,0.7079882,Sentence,0
9.286032,-5.075028,Sentence,2
6.3363132,-0.011049597,Sentence,0
6.588499,-3.8082411,Sentence,1
6.2061234,-2.6276824,Sentence,1
8.10655,-3.855569,Sentence,1
4.2016296,-1.5024817,Sentence,0
10.899495,-4.41153,Sentence,2
8.29883,-4.720587,Sentence,1
6.531566,-4.4960265,Sentence,1
7.539575,-3.4017532,Sentence,1
8.430443,-4.7238884,Sentence,2
6.6151047,0.18659279,Sentence,0
5.3954186,-0.015827786,Sentence,0
10.43762,-1.9382544,Sentence,0
8.086023,-4.997069,Sentence,1
8.337016,-4.833388,Sentence,1
8.072058,-1.1681558,Sentence,0
7.2243643,-4.386836,Sentence,1
6.8015094,8.024609,Sentence,0
9.622269,-4.6896453,Sentence,2
7.616647,-1.4503572,Sentence,0
6.8465514,-2.883913,Sentence,1
8.227716,-4.6255417,Sentence,1
8.051546,-5.3510027,Sentence,2
8.0842085,-3.8650637,Sentence,1
6.675697,-4.079863,Sentence,1
6.598879,-3.8661327,Sentence,1
8.948987,-4.053255,Sentence,2
10.142397,-4.5503454,Sentence,2
10.554291,-1.7669917,Sentence,1
12.039652,-3.583874,Sentence,0
9.117153,-3.7093797,Sentence,2
10.706761,-2.2844062,Sentence,1
10.062875,-5.2162824,Sentence,2
7.367382,-4.7362823,Sentence,1
8.224292,-3.0534885,Sentence,2
8.838475,-5.1227245,Sentence,2
6.6020365,-2.6370678,Sentence,0
9.125465,1.0187774,Sentence,0
9.141375,-5.037566,Sentence,2
9.454197,-4.8782706,Sentence,2
7.60973,-4.5373287,Sentence,1
7.2049165,-2.0932765,Sentence,0
7.4683137,-4.5796876,Sentence,2
10.185955,-4.490346,Sentence,2
7.321429,-4.8884206,Sentence,1
7.018253,-3.7846086,Sentence,1
8.78324,-5.027871,Sentence,2
11.554189,-4.468051,Sentence,0
7.698944,-4.4814124,Sentence,1
10.788887,-1.7763972,Sentence,0
9.544538,-4.211982,Sentence,2
8.027082,-4.621752,Sentence,1
8.552353,-2.3548949,Sentence,2
7.161297,-3.7730656,Sentence,1
4.8241262,-1.3979938,Sentence,0
7.701889,-4.2957644,Sentence,1
7.1593776,-1.6404828,Sentence,0
7.1823015,0.29340732,Sentence,0
6.562352,-3.0420325,Sentence,0
6.21942,-5.0181947,Sentence,2
8.902878,-0.49984604,Sentence,1
8.701385,-4.442276,Sentence,1
7.4062243,-4.364224,Sentence,1
6.564301,-3.060073,Sentence,1
6.639809,-0.7186429,Sentence,0
8.429976,-3.1023812,Sentence,1
7.0635304,-3.4431412,Sentence,1
8.01647,-4.5220623,Sentence,1
6.8376284,-3.1756425,Sentence,1
6.700838,-2.7320697,Sentence,1
7.0428915,-4.187634,Sentence,2
7.5863724,-4.519014,Sentence,1
6.790949,-3.6798465,Sentence,1
8.924158,-4.6641955,Sentence,2
6.2782106,-4.013657,Sentence,1
8.300909,-5.283881,Sentence,2
7.782049,-2.4106593,Sentence,2
7.4896555,-4.8473997,Sentence,1
8.177733,-2.9670453,Sentence,1
7.984147,-2.9737446,Sentence,2
6.7050667,-1.2575041,Sentence,0
8.015346,-1.4708133,Sentence,0
9.906777,-4.249264,Sentence,2
8.702126,-5.2825947,Sentence,2
6.544939,-0.032239668,Sentence,0
7.8311777,-2.6587288,Sentence,1
6.003225,-2.286613,Sentence,0
10.764031,-1.8740909,Sentence,0
10.294455,-2.3653262,Sentence,1
8.549144,-0.61938125,Sentence,0
8.333323,-2.4507098,Sentence,2
7.8792987,-0.29253644,Sentence,0
8.682963,-3.7369077,Sentence,2
6.4842434,-4.8150187,Sentence,2
6.2611294,-0.3158617,Sentence,0
8.685108,-1.8015684,Sentence,1
10.527176,-5.128984,Sentence,2
7.8552094,-4.0451646,Sentence,1
7.702442,-1.9636941,Sentence,2
8.228036,-3.3690727,Sentence,2
5.9155703,-2.9914243,Sentence,0
6.187032,-3.7076187,Sentence,1
11.714681,-4.3139625,Sentence,2
7.555053,-4.666071,Sentence,1
11.462054,-4.16845,Sentence,0
7.7497163,-0.550843,Sentence,0
8.611651,-2.7953944,Sentence,0
6.9613266,-1.4803792,Sentence,0
7.0997524,-3.443924,Sentence,1
8.1525345,-1.6886302,Sentence,0
9.214371,-2.0800323,Sentence,1
7.2856565,-4.0511174,Sentence,1
9.81187,-1.286533,Sentence,0
6.792245,-3.1072047,Sentence,1
8.476485,-5.5011997,Sentence,2
10.266639,0.18106014,Sentence,0
8.645821,-3.0766213,Sentence,1
8.198407,-4.736914,Sentence,1
8.53027,-5.0118093,Sentence,2
10.138269,-2.798336,Sentence,1
6.7388306,-2.923691,Sentence,0
8.713381,-3.2242692,Sentence,1
6.8353233,-1.4153522,Sentence,0
7.9894147,-3.9466245,Sentence,1
7.724887,-4.0399036,Sentence,1
7.6461587,-4.5101213,Sentence,1
7.5128884,0.23657097,Sentence,0
8.545061,-3.0537872,Sentence,1
7.649399,-1.7583183,Sentence,0
6.4989476,0.09295999,Sentence,0
5.9904857,-0.89715594,Sentence,0
9.755955,-4.7172093,Sentence,2
6.8580394,-1.8559191,Sentence,0
8.197721,-4.938257,Sentence,2
6.9703298,-3.122095,Sentence,1
2.990004,3.1756167,Sentence,0
7.0958343,-4.264503,Sentence,1
6.711164,-3.8801017,Sentence,1
8.8608265,-4.5451202,Sentence,2
6.591079,-4.15749,Sentence,1
9.844557,-2.8206074,Sentence,0
6.3866673,-2.1849604,Sentence,0
8.397007,-3.697552,Sentence,1
8.309382,-3.8510315,Sentence,1
7.3773484,-2.4104018,Sentence,1
6.727083,-2.7619412,Sentence,1
10.070209,-3.7077508,Sentence,2
7.856412,-0.30455247,Sentence,0
6.4653096,-2.8326604,Sentence,0
9.992555,-2.4211504,Sentence,1
7.095154,0.36425504,Sentence,0
7.470912,-4.7332826,Sentence,1
7.806435,-4.7454658,Sentence,1
9.691011,-2.2533476,Sentence,1
5.016154,-1.2847486,Sentence,2
8.460714,-5.048513,Sentence,2
6.08897,-1.2193627,Sentence,0
10.805944,-1.9597677,Sentence,0
7.6785655,-2.0309427,Sentence,2
6.256198,-5.0238466,Sentence,1
7.550569,-4.8678465,Sentence,1
7.0701613,-3.80048,Sentence,1
6.5903587,-1.6884601,Sentence,0
8.0899725,-1.1462365,Sentence,0
7.2371063,-4.107462,Sentence,1
5.75349,-1.5556731,Sentence,2
10.704218,-1.69251,Sentence,0
9.529319,-2.786238,Sentence,1
10.429417,-2.595671,Sentence,1
7.286711,-3.7104127,Sentence,1
10.812705,-3.373536,Sentence,0
6.2724214,-0.2732746,Sentence,0
4.228671,-1.4632883,Sentence,0
7.267383,-5.006711,Sentence,1
7.7495418,-2.933184,Sentence,2
4.3892837,-1.1035203,Sentence,0
8.116487,-5.135034,Sentence,2
6.650951,-3.609701,Sentence,1
8.774137,-1.9633672,Sentence,0
7.906018,-2.4926078,Sentence,2
8.097739,-5.3618474,Sentence,2
8.77024,-3.1303222,Sentence,1
6.8290644,7.999283,Sentence,0
8.022252,-2.6365886,Sentence,2
4.6976132,-2.7279367,Sentence,1
6.252131,-1.1398742,Sentence,0
10.15289,-3.1894855,Sentence,0
7.5095525,-2.9001834,Sentence,1
6.743232,-4.1736565,Sentence,1
8.134929,-5.8952584,Sentence,2
8.752893,-4.364547,Sentence,2
7.9911714,-2.355129,Sentence,0
7.5506835,-3.5608037,Sentence,1
9.447366,-5.675884,Sentence,2
6.631519,-1.4804237,Sentence,0
8.325437,-4.2802057,Sentence,1
8.688596,-5.1869764,Sentence,2
8.479581,-3.666649,Sentence,2
7.033094,-0.5854536,Sentence,0
7.9090652,-4.73881,Sentence,2
9.263525,-0.6759924,Sentence,0
9.039512,-3.5698419,Sentence,1
6.472099,-4.3853765,Sentence,1
6.3848834,-3.081124,Sentence,0
6.3246007,-4.897283,Sentence,2
5.3095417,-0.7664539,Sentence,2
7.447004,-0.6342385,Sentence,0
9.529521,-3.3294048,Sentence,0
8.797648,-3.7439992,Sentence,1
6.664461,-1.6173587,Sentence,0
7.716582,0.7309973,Sentence,0
7.2506523,-4.388543,Sentence,1
9.67194,-2.3433328,Sentence,1
9.8079605,-1.8426552,Sentence,1
8.703254,-4.36607,Sentence,2
7.8435593,-3.9184968,Sentence,1
8.649014,-3.0674279,Sentence,1
7.173939,-4.6610427,Sentence,1
7.3348184,-3.1807778,Sentence,1
6.5323477,-4.531995,Sentence,2
8.949114,-3.2049031,Sentence,1
10.125922,-4.6918488,Sentence,2
8.105406,-2.447749,Sentence,2
7.108849,0.97451043,Sentence,0
8.784169,-5.2688046,Sentence,2
7.102283,0.5035641,Sentence,0
6.975781,-1.7659546,Sentence,0
8.063278,-4.14322,Sentence,1
10.1302805,0.119821355,Sentence,0
7.6252975,-3.515071,Sentence,1
4.1177974,-1.4300398,Sentence,2
5.71045,-3.8939614,Sentence,1
7.723039,-4.656442,Sentence,1
9.161529,-5.338193,Sentence,2
6.3640013,-4.8926826,Sentence,2
11.499477,-4.2876577,Sentence,2
7.1624546,3.3520257,Sentence,0
6.9845304,-3.972567,Sentence,1
7.257284,-4.465092,Sentence,1
8.096295,-4.944086,Sentence,1
8.312965,-5.80326,Sentence,2
9.237713,-5.3915515,Sentence,2
9.734522,-3.5760784,Sentence,2
6.690006,-2.9520967,Sentence,1
7.8312407,-2.765673,Sentence,1
7.10198,-4.20347,Sentence,1
9.40194,-0.8973064,Sentence,1
4.3316765,-2.307875,Sentence,0
10.634226,-4.797529,Sentence,2
6.402041,-4.092936,Sentence,1
9.152841,-5.22872,Sentence,2
5.233044,-0.75532615,Sentence,2
8.511793,-2.644896,Sentence,0
6.4364944,-4.588551,Sentence,1
8.990426,-5.0102606,Sentence,2
6.3001823,0.037539117,Sentence,0
8.784752,-5.0822716,Sentence,2
10.549189,-4.0867124,Sentence,2
7.0508513,0.96280026,Sentence,0
6.8534865,-3.7270343,Sentence,1
6.137005,0.08000983,Sentence,0
7.6018844,-0.5375699,Sentence,0
9.795743,-3.5652628,Sentence,2
11.220895,-4.243498,Sentence,2
7.5676312,-1.6930325,Sentence,0
8.959347,-4.7685013,Sentence,2
11.292619,-4.849806,Sentence,2
9.168023,-4.5123806,Sentence,2
8.225182,-1.6741523,Sentence,0
5.4460435,-3.6371949,Sentence,0
7.066757,-3.1770074,Sentence,1
8.604912,-5.5010457,Sentence,2
6.0878315,-3.2754376,Sentence,1
6.2074466,-0.5867492,Sentence,0
11.497477,-4.1446567,Sentence,2
7.899984,-2.3331597,Sentence,2
10.295147,-2.6572285,Sentence,2
6.5779395,-1.469431,Sentence,0
5.5589657,-2.5850196,Sentence,0
11.477638,-4.8474703,Sentence,2
6.762893,-3.408632,Sentence,1
7.597881,-3.5102556,Sentence,1
9.463445,-5.252268,Sentence,2
5.664472,-1.8575155,Sentence,2
7.1687846,-3.5439453,Sentence,1
6.507123,-4.687972,Sentence,1
8.137049,-4.103066,Sentence,1
6.37662,-3.492248,Sentence,1
8.476871,-1.4932165,Sentence,1
7.3812675,-3.764228,Sentence,1
10.936075,-4.8491116,Sentence,2
8.725283,-3.3579369,Sentence,1
8.054708,-5.5027757,Sentence,2
7.8188233,-1.057335,Sentence,0
7.296136,-3.9343758,Sentence,1
10.187243,-4.593193,Sentence,2
8.091661,-2.8098972,Sentence,2
7.381876,-4.795823,Sentence,1
9.199819,-2.1339538,Sentence,1
6.8731155,-4.098689,Sentence,1
7.7799273,-4.3256793,Sentence,1
8.024415,-4.3685827,Sentence,1
7.799922,-3.889955,Sentence,1
8.227301,-3.1223738,Sentence,1
8.218075,-5.783363,Sentence,2
5.9708343,-0.41434488,Sentence,0
6.911675,-4.226113,Sentence,1
6.1385784,-2.7681665,Sentence,0
6.8476267,8.070926,Sentence,0
7.761544,1.633811,Sentence,0
6.480818,-0.24933392,Sentence,0
10.371051,-4.0034814,Sentence,2
6.8906984,-3.6762722,Sentence,1
7.2766776,-4.772016,Sentence,1
8.59727,-4.577877,Sentence,1
8.612231,-5.682958,Sentence,2
8.462305,-5.4160233,Sentence,2
10.432847,-1.7902361,Sentence,1
7.1629934,-2.8186452,Sentence,2
6.925786,-3.8690789,Sentence,1
6.3056364,-0.04542073,Sentence,0
7.238924,-1.1389263,Sentence,0
3.0429628,-1.2973089,Sentence,0
7.6988316,-3.0761933,Sentence,1
8.520012,-0.7455996,Sentence,0
6.7269683,-4.871307,Sentence,1
7.709221,-4.1177626,Sentence,1
9.246643,-3.2494018,Sentence,2
8.804311,-2.6350465,Sentence,0
8.813864,-4.989413,Sentence,2
6.3176255,-1.586168,Sentence,0
8.077029,-0.87927204,Sentence,0
7.376619,-1.8490257,Sentence,0
10.173995,2.5883825,Sentence,0
7.9795675,-4.6850944,Sentence,2
6.9099636,-2.050813,Sentence,0
6.015668,-3.4233317,Sentence,0
6.6488595,-3.2817762,Sentence,1
7.5526013,-5.3807793,Sentence,2
7.4608045,-4.72095,Sentence,1
6.72986,-3.0346897,Sentence,1
5.297344,-1.6830441,Sentence,0
10.602503,-2.4250646,Sentence,0
6.47724,-2.7117007,Sentence,0
8.125766,-3.943751,Sentence,1
6.586483,-3.450904,Sentence,0
4.288465,-0.9742503,Sentence,2
10.494794,-3.423361,Sentence,0
9.123598,-3.7063382,Sentence,1
8.787954,-3.9556763,Sentence,2
7.751905,-3.6640134,Sentence,1
8.283425,-4.727072,Sentence,2
4.8201876,-1.4729245,Sentence,0
7.0906096,-4.4375367,Sentence,1
6.7866263,-4.034449,Sentence,1
6.7634697,-3.9560585,Sentence,1
9.242961,-0.79609144,Sentence,0
7.0636096,1.0572082,Sentence,0
7.705393,-4.7091103,Sentence,1
7.3221164,-4.997678,Sentence,1
8.049922,-3.903709,Sentence,1
7.889266,-4.606812,Sentence,1
7.7595897,-4.740511,Sentence,2
6.9236474,-2.400223,Sentence,2
7.481065,-3.5804377,Sentence,1
8.466073,-4.670293,Sentence,1
8.783436,-5.2802434,Sentence,2
7.289828,-4.863793,Sentence,1
6.380763,-1.4599984,Sentence,0
6.0367312,-0.60749394,Sentence,0
10.377843,-4.512844,Sentence,2
9.566478,-5.027489,Sentence,2
8.427006,-4.178667,Sentence,1
6.4967966,-2.346364,Sentence,0
8.216834,-5.6814895,Sentence,2
7.8957458,-4.3550925,Sentence,2
7.83002,-3.632302,Sentence,2
6.6548386,-2.9063416,Sentence,0
10.55447,-4.1949606,Sentence,2
8.154436,-5.733404,Sentence,2
7.0637712,-3.8693042,Sentence,1
9.062807,-2.2650564,Sentence,1
10.56318,-1.8834612,Sentence,0
10.125038,-4.419868,Sentence,2
8.49008,-3.606868,Sentence,2
7.243835,-2.1339417,Sentence,0
5.9210467,-2.0422256,Sentence,0
6.582011,-0.24846631,Sentence,0
7.05583,-2.1074872,Sentence,2
8.100337,-4.008095,Sentence,1
10.588168,-2.1028225,Sentence,1
8.06421,-5.0651393,Sentence,2
7.2055726,-1.910715,Sentence,0
10.072189,-4.521011,Sentence,2
10.458178,-4.447476,Sentence,2
9.15019,-5.2931504,Sentence,2
8.711126,-2.3748074,Sentence,1
7.1986423,-4.922349,Sentence,1
10.208993,-4.8859377,Sentence,2
7.4566164,-4.2539997,Sentence,1
6.2308087,-5.0261345,Sentence,2
10.126144,0.07417358,Sentence,0
9.159391,-5.3387985,Sentence,2
7.3104596,-3.1505656,Sentence,1
8.414879,-4.6796837,Sentence,2
6.713727,-2.2992125,Sentence,0
6.256782,-4.2880354,Sentence,0
10.838906,-0.7117619,Sentence,0
7.160868,-2.8249187,Sentence,1
11.057501,-4.329434,Sentence,2
10.08407,-1.9659301,Sentence,1
9.375086,-4.742174,Sentence,2
9.162474,-5.3080926,Sentence,2
9.805271,-1.9303821,Sentence,0
9.045093,-3.2710285,Sentence,1
7.9407544,-3.9870417,Sentence,1
6.5706897,-2.681979,Sentence,2
7.299611,-2.4724371,Sentence,0
7.9415083,-4.2015686,Sentence,1
7.824212,1.2862786,Sentence,0
7.320549,-1.5613168,Sentence,0
9.502857,-4.154795,Sentence,2
8.432959,-5.4093223,Sentence,2
8.294861,-5.523877,Sentence,2
4.284208,-1.0530397,Sentence,0
6.4589186,-4.0670156,Sentence,1
7.8491797,-4.6814814,Sentence,1
7.9595466,-4.9607053,Sentence,2
7.008615,-4.833398,Sentence,1
11.14303,-4.5437837,Sentence,2
8.192395,-4.203106,Sentence,1
6.191938,-5.0477138,Sentence,2
7.7260256,-4.2630825,Sentence,1
7.3257737,-3.421681,Sentence,1
6.650387,-2.7804234,Sentence,0
5.821971,-3.6953483,Sentence,1
6.2300067,-3.3392498,Sentence,1
6.4412956,-3.5890882,Sentence,0
6.5201464,-2.8874502,Sentence,0
7.8740444,-3.1845849,Sentence,2
7.5679317,-3.4759133,Sentence,1
8.25272,-2.7136943,Sentence,2
7.5293202,-1.2712218,Sentence,0
8.709613,-3.2953467,Sentence,2
9.816444,-2.570845,Sentence,1
7.046334,-3.2660375,Sentence,1
8.715899,-1.5426033,Sentence,2
10.12226,-0.81910354,Sentence,1
9.219067,-4.5020685,Sentence,2
7.087168,-1.9580848,Sentence,0
7.4323735,-4.6352715,Sentence,1
10.569162,-0.89870703,Sentence,0
9.393215,-2.2870033,Sentence,1
9.918503,0.03062474,Sentence,0
8.222972,-4.4198947,Sentence,1
8.097643,-4.651321,Sentence,1
6.753161,-3.8715518,Sentence,1
9.177835,-3.1853836,Sentence,1
8.761365,-4.3846807,Sentence,2
8.979194,-4.7061386,Sentence,2
11.087304,-4.4792447,Sentence,0
6.743297,-4.6273694,Sentence,1
6.784319,-1.8712351,Sentence,0
7.053232,-4.6246758,Sentence,1
8.657044,-4.0262237,Sentence,2
10.376151,-4.6055765,Sentence,2
8.162696,-5.0368896,Sentence,2
8.420075,-1.7751367,Sentence,1
7.4977293,-4.826775,Sentence,1
7.0285406,-2.421945,Sentence,0
7.3905463,-4.3134804,Sentence,1
7.707117,-3.0781603,Sentence,1
8.067981,-3.2038567,Sentence,1
6.061435,-2.476233,Sentence,2
7.3597293,-4.0886216,Sentence,1
4.6358585,-1.1685845,Sentence,0
7.750727,-4.7160325,Sentence,1
7.249028,-4.5889325,Sentence,1
8.520516,-3.6879342,Sentence,1
8.302889,-4.7708693,Sentence,1
9.223377,-3.000474,Sentence,1
5.7528324,-3.8138287,Sentence,1
6.8652744,-4.210051,Sentence,1
6.2767324,-2.0585063,Sentence,0
10.073835,-4.6303177,Sentence,2
6.4219594,-3.672147,Sentence,1
9.397834,-4.5363245,Sentence,2
8.027408,-4.620207,Sentence,1
6.6706247,-3.6818812,Sentence,1
6.318864,-2.7530255,Sentence,1
8.0223055,-3.4933796,Sentence,1
6.8921657,-2.6839297,Sentence,1
8.886354,-5.090931,Sentence,2
7.463743,-2.9684336,Sentence,2
9.390429,-5.364024,Sentence,2
9.681761,-3.6901054,Sentence,2
8.110006,-4.402558,Sentence,1
6.762277,-3.4705606,Sentence,1
8.865942,-5.0933695,Sentence,2
8.661483,-5.318516,Sentence,2
8.370931,-5.1347594,Sentence,2
7.154813,-4.6940427,Sentence,1
6.430103,-4.01338,Sentence,1
10.143934,0.29760206,Sentence,0
9.783785,-2.9198222,Sentence,2
2.2056391,-5.1615047,Sentence,0
8.202426,-4.345126,Sentence,1
8.313012,-1.8339599,Sentence,1
7.218591,-2.4791567,Sentence,2
7.444666,-4.2979355,Sentence,1
6.5683126,-1.5566893,Sentence,0
9.152494,-3.494532,Sentence,2
8.390294,-3.2425613,Sentence,1
9.71073,-3.9401307,Sentence,2
10.433622,-1.4080254,Sentence,0
10.779178,-2.9806116,Sentence,0
10.4731655,-4.3384414,Sentence,2
6.7689757,0.32094324,Sentence,0
7.038466,-3.3711393,Sentence,1
8.205815,-3.4723306,Sentence,2
7.6745787,-3.9450717,Sentence,1
9.127865,-5.0003376,Sentence,2
10.172042,2.5930064,Sentence,0
8.81169,-3.3104637,Sentence,1
10.1997,-5.1766567,Sentence,2
9.284281,-2.6757355,Sentence,1
6.81563,-1.92622,Sentence,0
6.928513,-4.4515233,Sentence,1
7.815214,-2.7246897,Sentence,1
7.5895405,-3.5286934,Sentence,1
9.89628,-3.1118245,Sentence,2
8.485318,-0.49688596,Sentence,2
8.994355,-4.395449,Sentence,2
6.250639,-2.7308044,Sentence,1
8.087819,-4.0733867,Sentence,1
11.465176,-4.3506236,Sentence,0
10.534301,-2.0061858,Sentence,0
8.886139,-2.881566,Sentence,1
11.496356,-4.1970086,Sentence,2
7.445272,-3.6429799,Sentence,1
7.4012847,-2.5308523,Sentence,2
6.743952,-3.6072485,Sentence,1
4.52146,-1.1317954,Sentence,0
7.0828066,-2.30236,Sentence,1
6.6857805,-4.57284,Sentence,1
8.734289,-4.3816423,Sentence,1
7.392383,-4.576796,Sentence,1
8.348566,-3.553447,Sentence,1
9.312678,-0.8800115,Sentence,1
8.782457,-5.465138,Sentence,2
6.636056,-0.15418138,Sentence,0
9.583556,-5.1549277,Sentence,2
8.488428,-4.382235,Sentence,1
10.633809,-1.777028,Sentence,1
10.195718,-3.9483087,Sentence,2
8.241244,-4.488772,Sentence,1
11.08087,-4.537932,Sentence,0
10.785861,-2.2001905,Sentence,0
8.221564,-5.568957,Sentence,2
6.651662,-3.9649131,Sentence,1
3.9946709,-0.2622119,Sentence,0
11.249691,-4.060802,Sentence,2
6.9839125,-4.369202,Sentence,1
8.313112,-3.209565,Sentence,1
9.443585,-5.116061,Sentence,2
8.063093,-3.4199674,Sentence,1
9.377481,-2.8513803,Sentence,1
6.8534393,-3.9626048,Sentence,1
7.4012117,-4.35028,Sentence,1
9.382455,-5.1357737,Sentence,2
5.465402,-0.9609327,Sentence,0
10.203881,-5.2485633,Sentence,2
7.4518967,-4.690834,Sentence,1
2.2114458,-5.1576314,Sentence,0
9.450894,-3.9508398,Sentence,2
8.4853115,-2.910803,Sentence,1
6.70588,-3.8365128,Sentence,1
11.832818,-3.620395,Sentence,0
8.472652,-4.900247,Sentence,2
8.323176,-3.9835584,Sentence,1
6.7324195,-4.453532,Sentence,1
7.937551,-4.35975,Sentence,1
6.9901085,-1.6754231,Sentence,0
8.467509,-1.6441107,Sentence,0
5.4246855,-3.6914234,Sentence,0
8.138423,-4.713555,Sentence,1
5.9218793,-3.7857473,Sentence,1
8.801988,-2.1230023,Sentence,0
6.841873,-2.3733897,Sentence,0
8.487937,-0.35700312,Sentence,0
9.145295,-5.709244,Sentence,2
9.867123,-2.2948043,Sentence,1
5.964948,-2.0436203,Sentence,0
6.3268876,-4.30268,Sentence,2
8.711819,-2.3280823,Sentence,1
2.6259418,-1.2624128,Sentence,0
8.481805,-5.413569,Sentence,2
7.83734,-4.254105,Sentence,1
8.682918,-2.7801738,Sentence,0
8.516782,-4.937778,Sentence,1
7.2829046,-5.0486126,Sentence,2
10.613454,-2.1900644,Sentence,1
7.09986,0.43497065,Sentence,0
7.412385,0.04901703,Sentence,0
2.9895637,3.1758814,Sentence,0
7.524405,-2.3664422,Sentence,2
8.430956,-3.2188907,Sentence,2
8.003335,-4.197593,Sentence,1
7.024947,-0.7284798,Sentence,0
6.965472,-1.9624788,Sentence,0
8.018325,-3.5324337,Sentence,1
7.6951613,-1.6435406,Sentence,0
10.8807,-3.3441446,Sentence,2
7.914235,-5.5424747,Sentence,2
9.479079,-4.745905,Sentence,2
7.3984394,-1.6384563,Sentence,2
8.668692,-4.4191666,Sentence,2
6.4038796,-1.074483,Sentence,0
10.58326,-4.304723,Sentence,0
7.7477694,-0.9306167,Sentence,0
6.801754,-1.7934649,Sentence,0
8.649802,-5.100278,Sentence,2
4.1865015,-0.9161587,Sentence,0
10.82585,-4.1723537,Sentence,2
6.8005095,-3.6108522,Sentence,1
8.913181,-5.382507,Sentence,2
6.237524,-1.7617335,Sentence,0
7.294257,-4.337239,Sentence,1
6.8111463,-3.9852915,Sentence,1
7.1950717,-4.673841,Sentence,1
7.4142737,-1.9634894,Sentence,0
8.598105,-4.579635,Sentence,1
8.360217,-3.7076187,Sentence,1
7.3635974,-4.1926527,Sentence,1
8.304785,-5.507013,Sentence,2
10.329281,-1.766162,Sentence,0
7.2421374,-2.996164,Sentence,0
9.308111,-5.165118,Sentence,2
8.206256,-5.899838,Sentence,2
9.233128,-4.6946216,Sentence,2
7.4606404,-2.139524,Sentence,0
7.829682,-4.3673205,Sentence,1
9.149022,-4.98995,Sentence,2
8.915191,-5.2605295,Sentence,2
8.784316,-4.239128,Sentence,2
4.985988,-1.748932,Sentence,2
8.398943,-3.3072977,Sentence,1
7.032579,-4.3212214,Sentence,1
6.330176,-0.099817924,Sentence,0
10.086348,-2.4712975,Sentence,1
8.037136,-3.7030985,Sentence,1
7.459674,-3.8681052,Sentence,2
9.069477,-5.123312,Sentence,2
10.489912,-4.1644263,Sentence,2
9.456105,-4.7464337,Sentence,2
8.291341,-2.8768525,Sentence,1
6.892239,-2.4026735,Sentence,0
4.118608,-1.3862003,Sentence,0
4.367014,-2.477086,Sentence,0
9.048833,-5.5364537,Sentence,2
7.5904813,-0.659016,Sentence,0
9.135655,-4.1476865,Sentence,2
5.7402015,-2.442522,Sentence,0
7.8338747,-4.6405015,Sentence,1
9.3320265,-2.178948,Sentence,1
10.084899,-5.258305,Sentence,2
6.6592035,-1.4308496,Sentence,0
9.0171385,-4.117409,Sentence,2
11.869834,-3.2210572,Sentence,0
7.5777884,-4.635937,Sentence,1
7.0136185,-0.03378095,Sentence,0
8.471423,-5.112317,Sentence,2
7.3727155,-3.261533,Sentence,1
11.76347,-3.7482805,Sentence,0
7.194597,0.53886795,Sentence,0
7.213161,-3.2122164,Sentence,1
10.116063,-1.9970556,Sentence,1
7.300011,-4.0888996,Sentence,1
7.2149262,-3.8879204,Sentence,1
9.347242,-5.0819383,Sentence,2
7.69038,-3.756936,Sentence,2
7.58987,-3.1521854,Sentence,1
9.312705,-2.3123155,Sentence,1
10.225149,-3.9705362,Sentence,2
8.461196,-4.869468,Sentence,2
5.5661373,0.6473758,Sentence,2
10.180732,-4.6814966,Sentence,2
10.905702,-2.1994278,Sentence,1
6.9925895,-4.1111526,Sentence,1
8.304481,-5.356043,Sentence,2
8.132268,-4.272356,Sentence,1
9.296078,-4.9072013,Sentence,2
10.184646,0.06899225,Sentence,0
8.667074,-4.222099,Sentence,2
7.715627,-3.9240754,Sentence,1
8.049502,-3.6576252,Sentence,1
10.355083,-1.7900572,Sentence,0
7.8295345,-2.6864667,Sentence,0
8.86249,-4.673196,Sentence,2
7.6979246,-4.5501885,Sentence,1
8.586234,-2.8514693,Sentence,2
10.194036,-4.949622,Sentence,2
6.403556,-0.4421783,Sentence,0
7.12305,-0.8879208,Sentence,0
7.1073337,-4.132708,Sentence,1
7.260695,-3.7199082,Sentence,1
8.305742,-0.5974116,Sentence,0
8.353386,-4.179375,Sentence,1
7.8905797,-4.9310784,Sentence,2
10.795097,-1.5146246,Sentence,0
10.718186,-1.9617087,Sentence,0
8.658928,-3.8294008,Sentence,1
6.768346,-3.6648915,Sentence,1
6.572867,-3.5457826,Sentence,2
4.922481,0.33303747,Sentence,2
6.718191,-1.9638677,Sentence,0
8.193342,-5.879811,Sentence,2
6.703287,-3.7056174,Sentence,1
8.266844,-4.3303285,Sentence,1
8.118976,-5.6853347,Sentence,2
6.8956447,-2.4578376,Sentence,0
8.383068,-4.69868,Sentence,2
4.796262,-0.59209865,Sentence,0
7.170754,-4.2393355,Sentence,1
6.8664327,-3.1675081,Sentence,1
8.340172,-4.069378,Sentence,1
7.8450212,-3.5367932,Sentence,1
8.214155,-4.065606,Sentence,1
10.47295,-2.3086572,Sentence,1
7.626761,-4.0336595,Sentence,1
5.3328586,-1.8123348,Sentence,0
6.357717,-3.6580741,Sentence,1
7.1621346,-2.2434485,Sentence,0
9.646785,-5.0350776,Sentence,2
7.75423,-4.98048,Sentence,1
7.1097894,-4.2581387,Sentence,1
6.8021493,8.028608,Sentence,0
7.724793,-1.5183054,Sentence,0
6.511376,-2.6338,Sentence,0
6.356151,-4.0426035,Sentence,1
7.9753075,-3.8292542,Sentence,1
7.853664,-1.8357633,Sentence,0
8.824667,-4.294341,Sentence,2
9.881848,0.04412292,Sentence,0
8.456415,-1.6486814,Sentence,0
10.591288,-1.8322775,Sentence,1
9.988377,-4.7309318,Sentence,2
9.574659,-1.8878696,Sentence,0
6.709335,-1.7265713,Sentence,0
6.925458,-2.3636012,Sentence,0
6.296406,-1.5517762,Sentence,0
8.488776,-5.1013556,Sentence,2
8.212881,0.018202022,Sentence,0
10.855941,-2.3097057,Sentence,1
8.041863,-3.5017474,Sentence,1
9.452132,-5.268112,Sentence,2
8.586508,-1.1007057,Sentence,0
8.5234,-5.0123887,Sentence,2
6.534367,-3.7557864,Sentence,1
9.399323,-2.889408,Sentence,1
7.4997706,-4.2802997,Sentence,1
8.780753,-1.7306882,Sentence,0
8.62113,-3.4939063,Sentence,1
10.065507,-5.387809,Sentence,2
3.821116,-1.2509974,Sentence,1
9.705537,-3.9229817,Sentence,2
8.301168,-4.4730916,Sentence,1
6.3215904,-0.4200736,Sentence,0
3.9485123,-1.1997434,Sentence,0
7.769248,-4.0192833,Sentence,1
7.4186854,-3.6430318,Sentence,1
6.5829964,-0.7159319,Sentence,0
7.8322687,-4.886084,Sentence,1
8.075861,-1.2034339,Sentence,0
9.836306,-4.5737424,Sentence,2
7.698461,-5.0773764,Sentence,2
8.021018,-4.632027,Sentence,1
8.435162,0.047990847,Sentence,0
8.132217,-3.8529565,Sentence,1
7.243956,-2.9821851,Sentence,0
8.443423,-3.2471468,Sentence,1
6.389595,-1.2964857,Sentence,0
7.1756735,-0.845678,Sentence,0
6.2749314,-0.38270515,Sentence,0
7.7753296,-4.7427244,Sentence,1
6.5758734,-1.1241995,Sentence,0
8.485923,-4.9457736,Sentence,2
6.9217534,-4.7313747,Sentence,1
8.720343,-5.5417,Sentence,2
8.891174,-5.58204,Sentence,2
7.3828654,-1.1769532,Sentence,0
2.6287768,-1.2588985,Sentence,0
4.2981977,-1.4443938,Sentence,0
11.48262,-4.9518747,Sentence,2
8.3041935,-4.8415165,Sentence,2
9.79637,-2.0977533,Sentence,1
10.731899,-3.3806877,Sentence,2
10.88754,-2.123242,Sentence,1
9.205326,-5.2226987,Sentence,2
7.8390017,-0.49522814,Sentence,0
10.013908,-5.2877135,Sentence,2
11.068314,-1.3090155,Sentence,0
10.994314,-2.0618389,Sentence,0
9.933339,-1.9687219,Sentence,1
6.6573386,-4.066392,Sentence,1
4.240156,-1.0784706,Sentence,0
7.9211974,-0.5129569,Sentence,0
8.09297,-0.06480259,Sentence,0
8.146007,-3.7821596,Sentence,1
7.6116614,-3.041835,Sentence,1
8.976214,-0.48030683,Sentence,0
6.5515685,-3.8166,Sentence,1
8.57671,-5.018024,Sentence,2
6.5349703,-0.15916947,Sentence,0
9.994486,-5.6102376,Sentence,2
7.109641,-3.068801,Sentence,1
7.9662223,-4.6642613,Sentence,1
8.16652,-5.4130697,Sentence,2
9.607585,-1.4914321,Sentence,1
11.75911,-3.613518,Sentence,0
8.194286,-3.5528114,Sentence,1
8.186453,-2.8948147,Sentence,0
9.824255,-3.8929725,Sentence,1
10.510868,-1.9403998,Sentence,0
7.293263,-4.676485,Sentence,1
7.075826,-5.140534,Sentence,2
11.679468,-3.8204556,Sentence,2
9.154101,-3.5829155,Sentence,2
6.633548,-4.5799804,Sentence,1
9.356814,-5.7759213,Sentence,2
8.337954,-5.132125,Sentence,2
10.312634,-3.4239254,Sentence,2
6.4887624,-0.06578952,Sentence,0
6.283511,-1.1461957,Sentence,0
7.799083,-4.437342,Sentence,1
9.5328455,-5.3901477,Sentence,2
6.3724036,-0.68175524,Sentence,0
7.6530147,-3.15212,Sentence,1
6.201805,-5.061093,Sentence,2
5.0265408,-1.9346097,Sentence,2
7.8048387,-1.3508598,Sentence,2
8.133926,-5.118555,Sentence,2
10.391858,-4.465929,Sentence,2
8.637792,-3.5642061,Sentence,1
6.1420665,-3.894733,Sentence,1
8.128985,-4.774483,Sentence,1
6.87946,-4.3022637,Sentence,1
6.4510136,-2.2207706,Sentence,0
10.215372,-3.7545018,Sentence,2
9.874343,-5.2167797,Sentence,2
8.643004,-4.8802032,Sentence,2
7.6365466,0.02429915,Sentence,0
10.304524,-5.2374563,Sentence,2
7.810581,-4.033684,Sentence,1
6.354091,0.05878919,Sentence,0
2.3757977,-0.55313426,Sentence,0
7.106712,-4.1720324,Sentence,1
6.3049154,-3.6411114,Sentence,1
6.4219294,-3.7474234,Sentence,1
6.376969,-1.9123574,Sentence,0
10.215599,-5.1437335,Sentence,2
8.971791,-3.688762,Sentence,1
8.776912,-3.7019377,Sentence,1
8.852019,-4.5661364,Sentence,2
7.182757,-3.995848,Sentence,1
9.166961,-5.3189974,Sentence,2
9.135115,-3.5558817,Sentence,0
9.465403,-3.0973518,Sentence,2
8.373537,-5.00472,Sentence,2
8.546134,-2.0813475,Sentence,0
8.245377,-4.4262815,Sentence,1
6.7194996,-3.673519,Sentence,1
9.729923,-2.6866615,Sentence,2
8.707237,-3.3099177,Sentence,0
8.9465065,-5.3078475,Sentence,2
8.154915,-4.405726,Sentence,1
8.0984,-4.443773,Sentence,1
8.296811,-3.7181718,Sentence,1
7.5012927,-3.5473557,Sentence,1
9.501972,-4.668498,Sentence,2
6.529413,-3.715277,Sentence,1
10.713493,-5.041376,Sentence,2
8.166878,-0.9201369,Sentence,0
8.341683,-4.594486,Sentence,1
7.5042233,-4.2064085,Sentence,1
6.4151735,-1.9277343,Sentence,0
7.220839,-5.121454,Sentence,2
9.487629,-4.0401325,Sentence,2
8.994267,-2.1531928,Sentence,0
8.380037,-4.2387595,Sentence,1
8.6705265,-2.6678467,Sentence,2
6.842916,-2.257451,Sentence,0
9.359302,-5.1359406,Sentence,2
6.989338,-3.6593647,Sentence,1
7.792355,-4.9490185,Sentence,1
9.208693,-2.234306,Sentence,0
6.707617,-3.2360156,Sentence,1
6.3740406,-4.108168,Sentence,0
9.515988,-4.088034,Sentence,2
7.241999,-3.3668585,Sentence,1
6.780151,0.57751036,Sentence,0
9.199026,-5.3967724,Sentence,2
7.7657785,1.6312846,Sentence,0
7.651534,-3.3230715,Sentence,2
8.520906,-3.1393757,Sentence,2
8.401736,-5.703337,Sentence,2
6.869036,-1.9426503,Sentence,1
7.184624,-3.6760097,Sentence,1
10.09771,-2.1970801,Sentence,1
8.882855,-2.0634525,Sentence,0
8.566647,-5.6795454,Sentence,2
7.35986,-3.7715313,Sentence,1
8.212081,-5.6323495,Sentence,2
8.382909,-4.592111,Sentence,1
7.3450785,-4.3252063,Sentence,1
6.526837,-4.4886103,Sentence,1
6.8585725,-4.724059,Sentence,2
8.420062,-4.755739,Sentence,2
8.948347,-5.0010767,Sentence,2
6.8160906,-4.125633,Sentence,1
7.2557597,0.6171347,Sentence,0
6.7313175,-4.0657506,Sentence,1
6.7800803,-2.1324642,Sentence,0
8.873872,-4.8211513,Sentence,2
7.9542375,-4.2587614,Sentence,1
8.020391,-2.907741,Sentence,2
4.495459,-1.3246156,Sentence,2
8.526063,-3.128223,Sentence,1
6.729449,-4.2804294,Sentence,1
8.137415,-4.177563,Sentence,1
10.395713,-3.96685,Sentence,2
7.992404,-4.175987,Sentence,1
7.9565206,-4.2222095,Sentence,1
9.979329,-4.425383,Sentence,2
7.165428,0.05844836,Sentence,0
8.447654,-4.6001945,Sentence,2
10.179551,-4.5956106,Sentence,2
10.07091,-4.769997,Sentence,2
6.691827,-3.2361372,Sentence,1
8.736462,-5.1775885,Sentence,2
4.351013,-1.6608818,Sentence,2
6.3392377,-4.64333,Sentence,1
6.401233,-4.188586,Sentence,0
10.199925,-4.5284386,Sentence,2
7.5613112,-3.6633677,Sentence,1
7.957894,-3.302367,Sentence,1
5.6556063,0.026166547,Sentence,2
6.565442,-3.8812852,Sentence,1
6.8229704,8.050286,Sentence,0
7.7353997,-3.8903778,Sentence,2
10.055454,-1.0802708,Sentence,1
6.974896,-4.6964808,Sentence,1
7.002758,-2.1091204,Sentence,0
9.73072,-2.071159,Sentence,1
7.1520023,-3.2139144,Sentence,2
11.608342,-3.7625952,Sentence,0
8.593216,-4.4393244,Sentence,1
8.467228,-4.236407,Sentence,1
8.30555,-4.0980525,Sentence,1
7.540609,-4.499848,Sentence,1
7.898535,-4.525538,Sentence,1
10.24471,-4.630851,Sentence,2
4.806174,-0.6696551,Sentence,0
10.729026,-4.8978662,Sentence,2
6.321477,-1.2861819,Sentence,0
8.526625,-5.2734466,Sentence,2
7.5672793,-4.2207055,Sentence,1
6.807485,8.033041,Sentence,0
10.724185,-2.511043,Sentence,1
6.831024,-1.8615587,Sentence,0
6.3808365,-3.8116586,Sentence,1
6.364175,-3.6362374,Sentence,1
6.8011804,-3.295957,Sentence,1
8.89244,-2.6410947,Sentence,0
7.8029056,-0.20857729,Sentence,0
8.537082,-5.6877875,Sentence,2
6.2410073,-0.19218399,Sentence,0
7.3201327,-4.3948054,Sentence,1
7.7295365,-2.4935777,Sentence,2
7.0866957,-2.349949,Sentence,0
6.1180553,-3.7665513,Sentence,2
6.638025,-3.7343197,Sentence,2
8.917786,-4.8523707,Sentence,2
7.266393,-3.245229,Sentence,1
7.5589824,-4.5685635,Sentence,1
7.741141,-1.240893,Sentence,0
7.127219,-4.5451145,Sentence,1
8.326605,-5.000444,Sentence,2
7.8994594,-1.051091,Sentence,0
7.765312,-4.1372056,Sentence,1
8.470591,-4.871188,Sentence,2
8.691631,-4.616802,Sentence,2
6.3350883,-4.9390354,Sentence,2
10.296739,-4.313255,Sentence,2
7.8981495,-1.745232,Sentence,0
7.067072,1.009,Sentence,0
7.739717,-4.4233847,Sentence,1
8.538682,-4.5733285,Sentence,2
4.6221814,-1.165936,Sentence,0
9.109212,-5.513956,Sentence,2
8.691377,-5.4077253,Sentence,2
9.058758,-4.8804445,Sentence,2
8.720026,-3.6207628,Sentence,2
6.9479184,-4.2929015,Sentence,1
8.543995,-5.3511343,Sentence,2
7.9549623,-4.339963,Sentence,1
9.417537,-1.5163097,Sentence,1
9.060083,-5.1515517,Sentence,2
6.2026443,-3.7325385,Sentence,1
6.8851004,-3.627044,Sentence,1
6.9554243,-1.9199461,Sentence,0
6.9953732,-4.444844,Sentence,1
9.171703,-5.320743,Sentence,2
7.4970803,-3.9109778,Sentence,1
11.911351,-3.6823487,Sentence,0
7.445383,-3.792512,Sentence,1
6.2196827,-0.7706286,Sentence,0
6.4891205,-3.9995456,Sentence,2
2.9907167,3.1748168,Sentence,0
6.0257154,-3.5848212,Sentence,0
7.06529,-2.3505766,Sentence,0
8.183624,-3.5102932,Sentence,1
4.4380045,-1.2958103,Sentence,2
7.569591,-4.1242332,Sentence,1
8.649537,-2.4200919,Sentence,1
6.769912,-0.27871355,Sentence,0
8.973878,-4.5838933,Sentence,2
4.8976126,-1.6991665,Sentence,0
8.7417145,-4.900107,Sentence,2
4.3831234,-0.9542273,Sentence,0
8.686588,-3.9875734,Sentence,1
3.763878,-1.7682848,Sentence,0
6.853112,-4.1984076,Sentence,1
8.242047,-5.364504,Sentence,2
8.072145,-3.0027416,Sentence,2
7.8131733,-3.8043163,Sentence,1
8.521515,-4.7459583,Sentence,2
9.5929985,-4.6728034,Sentence,2
7.545399,-2.0753078,Sentence,1
4.8028107,-0.6740594,Sentence,0
9.746259,-4.8463483,Sentence,2
8.976494,-2.968832,Sentence,1
8.488068,-5.4260764,Sentence,2
7.9964886,-4.5450435,Sentence,1
7.9399266,-5.090816,Sentence,2
7.577137,-3.569892,Sentence,1
8.246393,-3.3878224,Sentence,1
9.126186,-5.1860943,Sentence,2
8.949152,-3.2198303,Sentence,1
7.562461,-3.9988048,Sentence,1
7.374376,-3.3693607,Sentence,1
8.568229,-3.806191,Sentence,1
9.77071,-4.7656837,Sentence,2
8.869487,-5.091881,Sentence,2
7.9072075,-4.4607162,Sentence,1
10.848857,-4.999124,Sentence,2
9.718212,-2.7868862,Sentence,1
8.8108835,-2.3279488,Sentence,0
8.934501,-3.8706827,Sentence,1
9.526095,-2.2778234,Sentence,1
6.864005,-3.8547847,Sentence,1
9.281478,-1.2141767,Sentence,0
10.647087,-5.1095834,Sentence,2
8.681423,-2.4937353,Sentence,2
10.100286,-1.717967,Sentence,1
9.853138,-2.4852026,Sentence,1
6.953063,-2.0926995,Sentence,0
9.990508,-4.88821,Sentence,2
7.6381755,-4.8463564,Sentence,1
10.420811,-4.580773,Sentence,2
8.963638,-5.181174,Sentence,2
5.49717,-2.4759207,Sentence,0
8.8545065,-5.002537,Sentence,2
8.342023,-2.479664,Sentence,2
7.2069583,2.2007565,Sentence,0
9.452985,-4.271202,Sentence,2
9.161535,-4.8141885,Sentence,2
6.859427,-2.299853,Sentence,0
9.384145,-0.8829927,Sentence,1
8.148075,-3.9869225,Sentence,1
7.8512263,-4.4100385,Sentence,1
8.536908,-4.3973155,Sentence,2
8.525766,-4.3892765,Sentence,1
9.875477,-3.6267564,Sentence,1
8.845393,-0.5926503,Sentence,0
6.7203736,-4.511347,Sentence,1
8.802388,-2.211688,Sentence,0
4.3409753,-2.501901,Sentence,0
10.000056,-4.264892,Sentence,2
6.435861,-4.7963786,Sentence,1
6.142124,-0.15336812,Sentence,0
7.380407,-4.306845,Sentence,1
9.773259,-2.1033452,Sentence,1
8.09047,-1.5766693,Sentence,0
8.74622,-1.5887467,Sentence,0
9.623017,-2.3381212,Sentence,0
6.4951153,-4.4305887,Sentence,2
6.734648,-4.043249,Sentence,1
6.326671,-3.6338215,Sentence,1
8.669965,-4.9368763,Sentence,2
11.328155,-4.7348747,Sentence,2
11.21774,-3.620447,Sentence,0
6.4605994,-0.15682428,Sentence,0
6.051189,-3.6544595,Sentence,0
7.809739,-4.498726,Sentence,1
8.170056,-3.9829388,Sentence,1
6.7649207,0.9916176,Sentence,0
6.591384,-2.24441,Sentence,0
7.3577046,-3.755193,Sentence,1
6.646831,-0.10121296,Sentence,0
9.45497,-3.728197,Sentence,2
8.303953,-1.4758064,Sentence,0
8.026579,-5.3010736,Sentence,2
11.549026,-4.064665,Sentence,2
8.838694,-3.6763053,Sentence,2
7.18753,-4.258333,Sentence,1
4.775196,-0.65391546,Sentence,0
9.230787,-5.0368376,Sentence,2
9.704894,-2.3009603,Sentence,0
11.893225,-4.500797,Sentence,2
8.01017,-3.1742165,Sentence,2
7.2789874,-3.2521937,Sentence,1
8.83857,-3.834975,Sentence,1
7.5901074,-4.1700068,Sentence,1
6.7145586,-4.469709,Sentence,1
10.280613,0.08861771,Sentence,0
8.642506,-5.5330634,Sentence,2
8.495103,-4.5671096,Sentence,1
7.894421,-0.3134131,Sentence,0
6.5154037,-2.033936,Sentence,0
7.8510323,-4.1880302,Sentence,1
6.4613376,-3.0301976,Sentence,1
8.200618,-3.5141413,Sentence,1
5.8614593,-3.8284433,Sentence,1
7.97232,-0.4229342,Sentence,0
7.602599,-4.698797,Sentence,1
7.3125787,-3.6342044,Sentence,1
6.733592,-3.287155,Sentence,1
8.557121,-0.57790613,Sentence,0
8.059751,-4.3824587,Sentence,1
8.011373,-3.770383,Sentence,1
8.183075,-5.0100183,Sentence,2
6.1705356,-4.101388,Sentence,0
9.259187,-4.603188,Sentence,2
7.0337253,0.84165686,Sentence,0
7.4758124,-1.591276,Sentence,0
6.384139,-0.22851266,Sentence,0
9.483673,-4.3922706,Sentence,2
6.9269743,-4.2622523,Sentence,1
6.9694085,0.2859249,Sentence,0
8.577524,-5.2729125,Sentence,2
7.3139935,-4.0818605,Sentence,1
6.2103515,-0.9340189,Sentence,2
10.151396,-1.9817053,Sentence,1
6.305382,-3.1911068,Sentence,2
6.910379,-2.0626607,Sentence,0
7.5338855,-2.6190002,Sentence,1
9.265953,-3.2409966,Sentence,2
8.844799,-4.9394546,Sentence,2
8.206963,-5.814148,Sentence,2
8.606357,-5.5549245,Sentence,2
6.2375526,-2.627002,Sentence,1
6.2637696,-0.04595049,Sentence,0
9.349985,-5.7210336,Sentence,2
7.351922,-3.8641422,Sentence,1
7.309513,-4.582268,Sentence,1
10.175055,2.5881102,Sentence,0
11.671953,-3.155001,Sentence,0
10.260208,-5.0018067,Sentence,2
6.1743054,-1.3251703,Sentence,0
6.1236577,-1.627484,Sentence,0
7.5955915,-4.2005215,Sentence,1
9.848967,-3.6161146,Sentence,1
8.480549,-3.7918668,Sentence,1
9.17737,-5.4035144,Sentence,2
8.565258,-4.7648745,Sentence,1
7.6849275,-1.3897398,Sentence,0
10.110716,-5.425599,Sentence,2
6.4762197,-0.07883011,Sentence,0
8.76623,-5.090303,Sentence,2
5.590851,-0.37778687,Sentence,2
6.914515,-4.189213,Sentence,1
6.2960753,-3.5887957,Sentence,1
4.9536386,-0.94051844,Sentence,2
9.95195,-2.9474502,Sentence,0
8.121556,-4.533157,Sentence,1
7.0364428,0.6990048,Sentence,0
7.167165,-1.6842617,Sentence,0
2.6395545,-1.2447191,Sentence,0
9.421305,-5.83589,Sentence,2
7.5414114,-4.6478825,Sentence,1
7.437272,-1.4011836,Sentence,0
10.7626505,-1.800844,Sentence,1
6.2881637,-0.034477506,Sentence,0
9.389664,-3.6671593,Sentence,2
6.7894716,-1.4967794,Sentence,0
7.8915315,-4.551978,Sentence,1
9.226728,-5.1395025,Sentence,2
11.802043,-3.5224082,Sentence,0
8.796366,-4.7721133,Sentence,2
5.776834,-3.8486266,Sentence,1
10.450589,-4.850987,Sentence,2
8.854657,-1.4806793,Sentence,0
8.456957,-2.448854,Sentence,0
7.6790013,-4.6824265,Sentence,1
6.6366806,-2.207214,Sentence,0
9.777006,-5.203762,Sentence,2
7.682868,-4.707416,Sentence,2
8.162576,-4.124654,Sentence,1
8.598895,-2.334684,Sentence,1
9.384929,-0.6827064,Sentence,0
8.357865,-3.7729154,Sentence,1
7.4532084,-4.4172544,Sentence,1
8.723361,-3.0767283,Sentence,0
8.677285,-0.5734105,Sentence,0
6.639722,-3.30628,Sentence,0
10.941255,-3.5914767,Sentence,0
6.910058,-0.4050223,Sentence,0
9.443853,-2.572699,Sentence,1
9.565534,-1.384142,Sentence,0
8.049899,-3.4552484,Sentence,1
7.460869,1.597925,Sentence,0
7.4381037,-3.592449,Sentence,1
9.376398,-5.5258317,Sentence,2
6.799471,-0.6042883,Sentence,0
8.868111,-3.414565,Sentence,1
8.599003,-3.4693804,Sentence,1
7.5497355,-4.626046,Sentence,1
9.271966,-5.1128144,Sentence,2
10.772463,-4.287513,Sentence,2
7.9008665,-4.151202,Sentence,1
9.12121,-4.1242533,Sentence,2
8.196588,-2.5286338,Sentence,0
9.889275,-4.258302,Sentence,2
7.6874404,-3.490974,Sentence,1
7.3080597,-1.4958386,Sentence,0
3.9999921,-0.25606436,Sentence,0
7.552568,-3.9822254,Sentence,1
6.2824183,-2.1890337,Sentence,0
8.539804,-5.22692,Sentence,2
3.8265123,-0.80256087,Sentence,0
8.552741,-3.5034528,Sentence,1
6.154298,-0.5279111,Sentence,0
10.149339,-1.8645742,Sentence,1
9.058101,-4.8881845,Sentence,2
6.9322557,-4.2332835,Sentence,1
10.727942,-5.2111764,Sentence,2
6.8964577,-4.680409,Sentence,1
7.481403,0.871174,Sentence,0
7.95307,-4.925425,Sentence,1
11.157269,-4.211622,Sentence,2
6.306797,-2.2609894,Sentence,0
8.17857,-3.8426523,Sentence,1
10.181832,-5.18668,Sentence,2
10.55164,-2.0771816,Sentence,1
7.978089,-4.3164105,Sentence,1
10.649491,-4.412169,Sentence,2
8.10818,-5.4275036,Sentence,2
9.006061,-5.236082,Sentence,2
6.5846066,-0.10692563,Sentence,0
7.325851,-0.58269095,Sentence,0
8.008367,-5.195033,Sentence,2
7.3658047,-4.373956,Sentence,1
8.028975,-1.437024,Sentence,0
8.77865,-3.6832726,Sentence,1
9.128375,-4.830175,Sentence,2
7.043122,-3.7247336,Sentence,1
8.30727,-3.2145069,Sentence,1
7.3833065,-3.8607976,Sentence,1
6.8574924,-1.9234958,Sentence,0
10.145833,-5.1437554,Sentence,2
10.836683,-4.2694926,Sentence,2
7.1242466,-2.9506516,Sentence,0
9.832279,-5.60473,Sentence,2
9.986196,-2.4712818,Sentence,1
8.290991,-4.4953895,Sentence,1
7.9797983,-4.926369,Sentence,2
8.036714,-5.0509863,Sentence,2
10.194166,-0.10876997,Sentence,0
7.237293,-3.2525513,Sentence,1
8.897652,-4.1823726,Sentence,2
11.631293,-4.912313,Sentence,0
7.920579,-2.1973963,Sentence,0
8.221496,-5.883162,Sentence,2
8.718711,-3.9784489,Sentence,2
8.097555,-4.10454,Sentence,1
7.196981,0.060503755,Sentence,0
9.310664,-3.4079113,Sentence,2
10.875913,-3.382178,Sentence,2
8.510949,-5.6392007,Sentence,2
6.9196463,-3.75763,Sentence,1
9.823099,-5.4059286,Sentence,2
8.650917,-2.9447987,Sentence,1
10.234742,-4.5654354,Sentence,0
10.164773,-4.21358,Sentence,2
10.834067,-2.0840197,Sentence,0
6.0750856,-3.83147,Sentence,1
6.7025476,-3.4954276,Sentence,1
6.050966,-2.5923615,Sentence,2
7.181362,-4.7277827,Sentence,1
8.646909,-3.9154785,Sentence,1
7.5737514,-2.5688283,Sentence,1
6.2561665,-2.8899262,Sentence,0
8.764681,-3.5400188,Sentence,2
9.758254,-2.639791,Sentence,1
9.292304,-4.466172,Sentence,2
9.769861,-3.7382836,Sentence,1
7.3717537,-4.321338,Sentence,1
7.5832453,-4.9556503,Sentence,1
7.262177,0.18409719,Sentence,0
9.342273,-0.6323297,Sentence,0
7.1983566,-0.6778738,Sentence,0
9.986836,-1.5476687,Sentence,0
7.013585,-1.0257516,Sentence,0
5.9135346,-3.109821,Sentence,0
9.011406,-4.7960634,Sentence,2
3.948169,-1.3744774,Sentence,0
7.025146,-1.6683301,Sentence,0
10.807295,-2.185331,Sentence,0
10.811502,-4.240326,Sentence,2
6.8823895,-4.2852798,Sentence,1
7.4981713,1.6832428,Sentence,0
8.371798,-4.3383956,Sentence,1
8.877096,-3.511511,Sentence,1
8.338656,-4.78466,Sentence,1
6.2752695,-0.8636802,Sentence,0
10.116886,-2.271005,Sentence,1
10.96426,-3.3599236,Sentence,2
8.549715,-2.5297675,Sentence,2
6.7011366,-3.125556,Sentence,0
7.7607436,-5.056674,Sentence,2
6.5073524,-3.837121,Sentence,0
7.556782,0.12283435,Sentence,0
8.026481,-4.5263224,Sentence,1
8.825609,-2.9214675,Sentence,2
2.652577,-1.250694,Sentence,0
10.910196,-4.998541,Sentence,2
9.927949,-1.6797254,Sentence,0
9.359649,-5.3218546,Sentence,2
6.267306,-0.9177811,Sentence,0
7.9147162,-4.947986,Sentence,2
6.5462394,-0.5611099,Sentence,0
10.875107,-1.4538306,Sentence,0
8.041021,-4.1887455,Sentence,1
5.632086,-3.5999453,Sentence,1
7.882892,-4.689093,Sentence,1
6.8809648,-1.2144487,Sentence,0
9.062387,-4.4639387,Sentence,2
7.491589,-4.0349,Sentence,1
8.699669,-2.8767068,Sentence,0
10.648415,-4.21737,Sentence,2
6.0663404,-0.49163452,Sentence,0
6.4188333,-3.3992183,Sentence,1
8.957403,-4.6394396,Sentence,2
8.346669,-5.5612125,Sentence,2
9.654524,-2.40854,Sentence,1
7.593156,-4.4907217,Sentence,1
8.450592,-5.1303616,Sentence,2
7.7792573,-4.981497,Sentence,1
7.4588876,-2.418304,Sentence,0
6.150901,-3.143169,Sentence,0
7.1902466,2.2229712,Sentence,0
9.158627,-0.7411742,Sentence,1
6.6027317,-3.2806556,Sentence,1
8.14032,-2.9869013,Sentence,1
6.620945,-0.050049067,Sentence,0
7.2576437,-4.0134625,Sentence,1
10.406242,-4.902693,Sentence,2
9.724981,-2.0388124,Sentence,0
4.930021,-1.6201836,Sentence,2
9.202618,-2.530079,Sentence,1
10.493964,-4.0680633,Sentence,2
7.938318,-5.009178,Sentence,1
8.021425,-0.2677683,Sentence,0
10.597272,-2.4654312,Sentence,0
7.6679387,-4.0283065,Sentence,1
6.534908,-2.836051,Sentence,1
8.410177,-5.327798,Sentence,2
6.6205325,-2.1100893,Sentence,0
6.490411,-2.3368242,Sentence,0
8.190198,-3.4221425,Sentence,1
9.359365,-5.7203436,Sentence,2
7.400511,-1.3518388,Sentence,0
7.5492487,-0.78869367,Sentence,0
8.656251,-4.479109,Sentence,1
9.624988,-5.2146506,Sentence,2
10.083204,0.20178999,Sentence,0
9.1530075,-1.7372303,Sentence,1
6.9318666,-2.8912733,Sentence,1
7.1596117,0.738257,Sentence,0
7.2955775,-3.4705315,Sentence,1
7.3294253,-3.1298914,Sentence,1
11.550051,-4.880207,Sentence,0
7.4921427,-4.668096,Sentence,1
6.621763,-0.9791356,Sentence,0
7.747007,-3.7237916,Sentence,1
7.9012465,-0.55848753,Sentence,0
10.824534,-1.9308473,Sentence,0
7.344459,-4.302915,Sentence,1
7.0612473,-4.2238584,Sentence,1
6.197346,0.11539649,Sentence,0
10.428973,-5.2951407,Sentence,2
8.366546,-3.9893506,Sentence,1
9.608777,-2.7180998,Sentence,1
7.7544622,-4.7550774,Sentence,1
6.872046,-4.728208,Sentence,2
8.3779335,-3.6771097,Sentence,1
9.898073,-4.706975,Sentence,2
9.290041,-3.1190598,Sentence,1
7.73096,-1.6751436,Sentence,0
7.865606,-1.4706407,Sentence,0
9.136803,-2.6008132,Sentence,1
9.973969,-2.3741195,Sentence,1
6.0577464,-3.1881213,Sentence,0
2.6411057,-1.2681965,Sentence,0
8.857693,-4.583123,Sentence,2
9.759004,-0.322504,Sentence,0
8.841049,-5.5089703,Sentence,2
2.9905703,3.1750708,Sentence,0
8.586276,-4.5072846,Sentence,2
7.3109617,-3.8035393,Sentence,1
7.803131,-2.1216636,Sentence,0
6.2287383,-3.1322749,Sentence,0
7.3943734,0.739917,Sentence,0
6.2707567,-4.7975864,Sentence,1
7.43572,-4.1586967,Sentence,1
7.0562425,-4.543667,Sentence,1
8.146141,-3.1682785,Sentence,2
10.914509,-1.4689564,Sentence,0
8.345237,-3.7131414,Sentence,1
6.2009616,-2.958443,Sentence,0
6.369463,-0.009008993,Sentence,0
6.85619,-1.6905004,Sentence,0
9.170814,-5.468262,Sentence,2
9.467134,-3.976972,Sentence,2
8.493579,-2.305436,Sentence,1
9.036082,-5.202236,Sentence,2
10.009382,-4.7633567,Sentence,2
7.7872252,-2.8249617,Sentence,2
6.7160196,-2.8944569,Sentence,1
6.383668,-3.0129387,Sentence,0
9.904032,-2.5369196,Sentence,1
8.344088,-4.9478216,Sentence,2
8.928754,-5.5356364,Sentence,2
9.395243,-5.5345984,Sentence,2
6.479163,-3.562499,Sentence,0
7.4040246,-4.67077,Sentence,2
6.665277,-4.2615886,Sentence,1
6.270832,-3.5818982,Sentence,1
8.516624,-2.967026,Sentence,1
6.8049,-3.6728458,Sentence,1
6.9756002,-3.7066007,Sentence,1
9.687927,-5.6129193,Sentence,2
7.820431,-1.0628672,Sentence,0
7.5775743,-4.463748,Sentence,1
6.5291414,-2.875109,Sentence,0
4.4877586,-1.3482839,Sentence,2
8.200297,-5.833508,Sentence,2
8.066162,-4.650048,Sentence,2
7.574436,-0.35761818,Sentence,0
8.081321,-5.124964,Sentence,1
8.117704,-3.4178584,Sentence,2
8.236817,-1.880221,Sentence,1
3.9858067,-0.27659416,Sentence,0
8.5674305,-3.9150755,Sentence,2
7.375613,-3.7094643,Sentence,1
7.205537,0.868555,Sentence,0
8.753881,-4.0386252,Sentence,2
10.19058,-4.306674,Sentence,0
8.2861805,-5.1764417,Sentence,2
11.417005,-3.4895613,Sentence,0
9.606277,-2.683579,Sentence,1
7.1819224,-4.4983597,Sentence,1
11.51489,-4.234663,Sentence,2
3.7599351,-1.7647787,Sentence,0
8.389002,-4.591879,Sentence,1
7.088065,-4.6634946,Sentence,1
6.7684135,-4.237195,Sentence,1
7.73753,-4.3806734,Sentence,1
6.241482,0.083692394,Sentence,0
8.290311,-5.5732737,Sentence,2
4.581382,-1.2392834,Sentence,2
7.278407,-4.323469,Sentence,1
10.14576,0.06835008,Sentence,1
6.633636,-4.223451,Sentence,1
7.5576196,-4.098144,Sentence,1
8.358622,-2.5623143,Sentence,0
6.8442297,-2.8391888,Sentence,1
9.920603,-4.7755656,Sentence,2
10.352169,-1.6515781,Sentence,1
7.942113,-0.5478093,Sentence,0
8.253858,-5.4082274,Sentence,2
7.768251,1.6393942,Sentence,0
8.334895,-4.978373,Sentence,1
9.639953,-2.1114597,Sentence,1
7.457951,-4.412326,Sentence,1
7.733092,-1.2734421,Sentence,0
7.7202516,-4.268279,Sentence,1
3.9882412,-0.25395218,Sentence,0
6.553492,-1.3507222,Sentence,0
9.542517,-2.6299865,Sentence,1
7.3276052,-3.5663548,Sentence,2
6.6651325,-3.720961,Sentence,1
7.143096,-3.7507472,Sentence,1
8.3087635,-4.2396593,Sentence,1
7.168719,-4.2779427,Sentence,1
6.9323153,-1.8391887,Sentence,0
6.0019016,-3.5344315,Sentence,1
8.26025,-5.218989,Sentence,2
2.9962473,3.1689775,Sentence,0
5.2555423,-1.8781013,Sentence,2
6.0664873,-1.5077124,Sentence,0
9.180933,-0.72260636,Sentence,0
10.158609,-4.841137,Sentence,2
8.563043,-1.5479463,Sentence,0
7.20447,-4.362282,Sentence,1
8.109289,-5.27136,Sentence,2
9.035585,-3.734385,Sentence,1
10.110585,-2.4455538,Sentence,0
8.606137,-4.1755695,Sentence,1
8.42001,-1.6289376,Sentence,0
8.978051,-5.428401,Sentence,2
5.9408784,-3.889782,Sentence,1
8.1459255,-5.1123824,Sentence,1
7.9925385,-4.808457,Sentence,1
7.217936,-3.1325166,Sentence,1
7.7411804,-3.8455222,Sentence,1
7.1199956,-3.9588726,Sentence,1
7.2807913,-5.099543,Sentence,2
7.5066056,-3.027995,Sentence,1
7.909116,-4.599613,Sentence,1
6.973844,-4.2894034,Sentence,1
8.57926,-3.9036899,Sentence,1
7.2741337,-0.6965255,Sentence,0
10.321138,-4.525346,Sentence,2
6.8036776,8.026656,Sentence,0
8.143224,-4.053052,Sentence,1
7.054606,-2.6442242,Sentence,0
6.7452474,-4.6584992,Sentence,2
6.160598,-3.72172,Sentence,1
7.306277,-1.6239772,Sentence,0
7.508898,-1.3131522,Sentence,0
7.35027,-2.9135964,Sentence,2
6.589899,-1.7975768,Sentence,0
8.6835165,-2.3107264,Sentence,2
7.605236,-4.2560244,Sentence,1
7.127121,-4.300399,Sentence,1
8.595485,-2.8563778,Sentence,1
8.030882,-2.0939348,Sentence,2
8.677768,-4.7633095,Sentence,1
7.3798914,-3.5398362,Sentence,1
6.717295,-3.69808,Sentence,1
6.670915,-2.7884135,Sentence,1
8.971624,-3.1676621,Sentence,0
8.407368,-3.835373,Sentence,1
8.416345,-4.8883204,Sentence,2
10.228254,-4.7251678,Sentence,2
6.6525226,-3.2544246,Sentence,0
8.419983,-4.601778,Sentence,1
7.5856767,-4.8200817,Sentence,1
9.250628,-3.231059,Sentence,1
7.4617934,-3.7988725,Sentence,1
7.5157905,-0.94293493,Sentence,0
7.7906322,-2.0892615,Sentence,2
7.093694,-3.937725,Sentence,1
7.9148173,-4.636472,Sentence,2
7.05885,-1.6655064,Sentence,0
3.9451275,-1.401237,Sentence,0
9.501063,-5.6720366,Sentence,2
7.535747,-4.272051,Sentence,1
8.057576,-4.5715003,Sentence,1
8.989465,-5.2334642,Sentence,2
8.369042,-5.379352,Sentence,2
7.6872883,-3.2828734,Sentence,1
7.143658,-0.37592545,Sentence,0
9.180385,-2.3327453,Sentence,0
4.1843963,-1.4071124,Sentence,0
7.828725,-2.218635,Sentence,0
9.411898,-3.8723044,Sentence,2
8.836027,-3.9802434,Sentence,1
8.019234,-4.2180557,Sentence,1
6.4752226,-3.9776585,Sentence,1
6.8056946,-3.25141,Sentence,2
7.942923,-3.9140217,Sentence,1
8.855321,-5.5760126,Sentence,2
8.282817,-4.8469133,Sentence,2
7.6412916,-2.8674104,Sentence,2
8.251815,-4.917098,Sentence,2
7.003987,-0.73612964,Sentence,0
6.139589,-2.9180574,Sentence,0
11.870492,-3.222704,Sentence,0
6.7328653,-4.2418833,Sentence,1
7.2082314,-2.9673522,Sentence,1
5.7107,-3.3149588,Sentence,2
10.621109,-5.142626,Sentence,2
8.269979,-3.3161426,Sentence,2
7.953171,-2.0248444,Sentence,0
10.045575,-4.588432,Sentence,2
7.5406747,-4.9315495,Sentence,1
7.5315657,-4.844698,Sentence,1
7.335382,-4.0310187,Sentence,1
8.689057,-4.1661806,Sentence,1
8.827524,-3.1060996,Sentence,1
11.903427,-4.4579434,Sentence,0
5.6832995,-0.93571424,Sentence,2
10.300493,-4.767761,Sentence,2
8.517161,-4.7129292,Sentence,1
10.811523,-1.6760694,Sentence,0
4.579916,-1.3414522,Sentence,0
7.5075336,-2.6528285,Sentence,0
8.269439,-2.879185,Sentence,0
6.0000157,-1.4724346,Sentence,0
6.6075325,-2.3919,Sentence,0
6.59596,-3.6411805,Sentence,1
8.179673,-5.030057,Sentence,2
7.8191996,-5.063415,Sentence,2
6.3125086,-1.7522713,Sentence,0
8.191366,-4.743914,Sentence,2
8.4524975,-4.694013,Sentence,2
7.4131384,-4.628622,Sentence,1
8.247177,-4.830986,Sentence,1
10.24256,-4.430542,Sentence,2
10.009223,-5.2767744,Sentence,2
4.511745,-1.8448935,Sentence,0
6.6652656,-4.151308,Sentence,1
7.8848166,-4.909355,Sentence,1
9.670576,-5.6147566,Sentence,2
7.5797963,-5.1749525,Sentence,2
5.913109,-3.56861,Sentence,0
9.00852,-4.5907784,Sentence,2
8.4477,-2.779538,Sentence,2
7.1479845,-3.8830857,Sentence,1
6.4708476,-2.056521,Sentence,0
9.194092,-3.1064577,Sentence,1
6.86593,-4.635202,Sentence,0
6.5199404,-3.3065054,Sentence,1
7.377562,-2.6054435,Sentence,1
6.396464,-3.3632674,Sentence,1
7.9748693,-4.173534,Sentence,1
11.10077,-4.46928,Sentence,2
8.388462,-1.6633795,Sentence,0
7.4910073,-2.6019697,Sentence,0
6.7157993,-1.567577,Sentence,0
8.345292,-5.7650504,Sentence,2
8.338285,-4.447958,Sentence,2
7.507627,-3.567117,Sentence,1
6.780485,-3.476776,Sentence,0
7.954298,-3.9388044,Sentence,1
7.450993,-3.3527424,Sentence,1
8.705458,-4.5690284,Sentence,2
9.554036,-5.39624,Sentence,2
8.885147,-3.107733,Sentence,2
7.535596,-2.6389456,Sentence,0
9.9070015,-2.6210759,Sentence,0
8.172422,-5.1663957,Sentence,2
8.295254,-3.4177904,Sentence,1
7.251453,-4.8824453,Sentence,1
6.7279425,-4.389557,Sentence,2
6.592275,-3.7592874,Sentence,1
9.97113,-1.7605661,Sentence,0
7.7275205,-4.3452854,Sentence,1
6.131644,-2.6449704,Sentence,0
7.3862357,-2.6836338,Sentence,0
6.836323,-4.158454,Sentence,1
6.5768433,-0.32440078,Sentence,0
9.358285,-4.8930626,Sentence,2
9.030691,-2.6673572,Sentence,2
8.452729,-4.476842,Sentence,1
8.202055,-4.895987,Sentence,1
5.47838,-2.89432,Sentence,2
9.307888,-4.426177,Sentence,2
9.012952,-3.726345,Sentence,2
7.5884356,-3.7104821,Sentence,1
8.181543,-4.1394033,Sentence,1
8.868181,-5.391743,Sentence,2
7.998496,-3.7505255,Sentence,1
10.437472,-5.191438,Sentence,2
8.077097,-5.491645,Sentence,2
6.3126373,-0.6504795,Sentence,0
6.4937415,-2.495173,Sentence,0
9.081048,-5.187581,Sentence,2
7.313102,-3.3865213,Sentence,1
6.085263,-1.992195,Sentence,0
9.478114,-3.785279,Sentence,2
7.7765408,-3.2147105,Sentence,0
6.8502436,-3.101917,Sentence,0
8.334312,-5.445061,Sentence,2
9.241693,-3.6093123,Sentence,1
8.933442,-2.4355204,Sentence,1
6.869297,-4.4774036,Sentence,1
8.0277,-0.25661004,Sentence,0
8.805205,-2.5691574,Sentence,2
10.042443,-2.492091,Sentence,1
7.6122103,-3.8969471,Sentence,1
7.2053905,-4.507,Sentence,1
4.7831163,-0.6725457,Sentence,0
8.170953,-4.9498224,Sentence,1
7.379124,-4.480032,Sentence,1
6.711109,-3.0172596,Sentence,1
9.677369,-4.899055,Sentence,2
8.327537,-5.2134776,Sentence,2
7.2309904,-2.6887746,Sentence,2
6.4494414,-2.895705,Sentence,0
7.3505135,-1.4636852,Sentence,1
7.196524,-4.197282,Sentence,1
8.70628,-3.3608518,Sentence,2
7.9737816,-4.194899,Sentence,1
7.113884,0.992656,Sentence,0
10.519013,-2.0827386,Sentence,1
9.657747,-2.8593655,Sentence,1
6.2535195,-4.1651154,Sentence,0
7.720049,-5.0132785,Sentence,1
14.617949,-5.032837,Sentence,0
10.82792,-3.2507794,Sentence,2
6.8741565,-4.495113,Sentence,1
9.707912,-5.1755652,Sentence,2
11.918299,-3.6177118,Sentence,0
7.373831,-1.5869901,Sentence,0
8.685722,-2.722569,Sentence,1
9.189909,-4.6671834,Sentence,2
8.784829,-2.6757233,Sentence,1
6.4935446,-2.080888,Sentence,0
10.447084,-1.52087,Sentence,0
8.230463,-1.8767092,Sentence,2
6.978203,-3.157584,Sentence,0
6.3075,-3.0272157,Sentence,1
10.1420765,-5.1093903,Sentence,2
8.135066,-3.9224672,Sentence,1
9.349422,-5.1075063,Sentence,2
2.6497736,-1.2666875,Sentence,0
6.4557033,-3.2954009,Sentence,1
8.240297,-2.0950413,Sentence,0
7.8106155,-4.448229,Sentence,1
6.576176,-4.0376987,Sentence,1
8.695451,-0.92189455,Sentence,0
8.024841,-4.337018,Sentence,1
7.4133983,-1.3305202,Sentence,0
7.663739,-0.99755764,Sentence,0
7.430342,-5.305796,Sentence,2
7.633183,-4.7276354,Sentence,1
7.097786,-2.002811,Sentence,0
8.158921,-3.4190345,Sentence,1
8.060537,-4.4715676,Sentence,1
7.89512,-3.8230212,Sentence,1
10.417928,-0.89339614,Sentence,1
7.471209,-4.4530554,Sentence,1
7.100544,-1.0227934,Sentence,0
9.508055,-1.4431552,Sentence,0
9.584759,-1.1319752,Sentence,1
6.9956,0.93951035,Sentence,0
8.155117,-2.0773108,Sentence,0
7.5184026,-5.18685,Sentence,2
9.250905,-5.052791,Sentence,2
9.543106,-4.0884767,Sentence,2
9.88869,-3.8194463,Sentence,2
6.173316,-0.15791467,Sentence,0
7.8940477,-3.5723329,Sentence,1
7.713137,-4.885992,Sentence,1
7.7896233,-4.0961604,Sentence,1
6.975244,-4.326428,Sentence,1
9.131935,-3.7411733,Sentence,2
6.644366,-2.3441787,Sentence,0
6.0079327,-3.3831596,Sentence,1
8.345849,-4.539453,Sentence,1
9.343202,-5.0273924,Sentence,2
7.2458844,-4.364702,Sentence,1
7.975728,-2.5442848,Sentence,1
10.454668,-4.5795937,Sentence,2
6.9682183,-2.7933555,Sentence,1
9.2662115,-1.4925383,Sentence,0
6.2827516,0.046645224,Sentence,0
9.415832,-5.203981,Sentence,2
9.941209,-1.9010078,Sentence,1
8.077977,-3.8873262,Sentence,1
6.32105,-0.365153,Sentence,0
6.291661,-2.950115,Sentence,1
6.1536803,-0.54534507,Sentence,0
8.086214,-4.018685,Sentence,1
8.241982,-4.51122,Sentence,1
8.740324,-4.750761,Sentence,2
7.5786157,-2.7708983,Sentence,2
10.459209,-4.025647,Sentence,2
8.8495,-5.62094,Sentence,2
7.0224986,-3.1961808,Sentence,1
7.511981,-2.800836,Sentence,2
6.321539,-0.22622392,Sentence,0
7.587776,-4.918838,Sentence,2
7.1309915,-3.8142781,Sentence,1
9.015705,-5.149571,Sentence,2
8.236985,-2.0983467,Sentence,2
5.738444,-3.1975203,Sentence,2
6.977176,-4.8597045,Sentence,1
8.502501,-4.565987,Sentence,2
7.664186,-4.7560544,Sentence,1
9.049225,-4.7272334,Sentence,2
9.733429,-2.8895438,Sentence,0
6.634261,-2.3852654,Sentence,0
6.6343675,-4.55932,Sentence,1
6.323316,-3.8085814,Sentence,1
7.2067885,0.28413767,Sentence,0
6.805613,8.027429,Sentence,0
11.408366,-4.1577873,Sentence,2
11.565266,-4.2348485,Sentence,2
10.463918,-2.4112315,Sentence,1
10.392848,-1.3934505,Sentence,0
9.317768,-0.7908552,Sentence,0
7.5396485,-4.5659924,Sentence,2
8.005381,-3.7935476,Sentence,1
8.296724,-0.560596,Sentence,0
6.4475007,-0.17395522,Sentence,0
10.185505,2.6065962,Sentence,0
7.9272413,-4.7906666,Sentence,1
10.931651,-1.5742627,Sentence,0
7.750526,-0.76994365,Sentence,0
8.532974,-2.932874,Sentence,1
8.904527,-3.3913882,Sentence,1
8.892764,-3.2994876,Sentence,2
8.516232,-5.0978026,Sentence,2
9.040948,-3.555886,Sentence,2
8.195782,-2.4786289,Sentence,2
9.299712,-3.403834,Sentence,1
8.279607,-3.2336993,Sentence,1
4.2737856,-0.7001514,Sentence,0
6.4789844,-0.2604343,Sentence,0
7.026548,-3.5767686,Sentence,1
6.569641,-3.358956,Sentence,1
7.4520397,0.5394745,Sentence,0
11.215976,-3.619237,Sentence,2
8.544281,-5.4774594,Sentence,2
8.570434,-4.5380282,Sentence,1
6.541529,-3.2489386,Sentence,0
9.970428,-5.16099,Sentence,2
6.295726,0.17188783,Sentence,0
8.698761,-4.463391,Sentence,2
8.136752,-3.932799,Sentence,1
7.2922726,-4.3673186,Sentence,1
8.7133875,-5.6256213,Sentence,2
8.219195,-3.5465438,Sentence,1
7.9902244,-4.858514,Sentence,1
10.184505,2.603317,Sentence,0
3.82772,-0.7981115,Sentence,0
6.572758,-4.462728,Sentence,1
9.499062,-4.30819,Sentence,2
8.384776,-0.65752137,Sentence,0
10.103171,-4.4197335,Sentence,2
6.409358,-4.5495944,Sentence,0
8.54898,-5.2964706,Sentence,2
8.301576,-4.997963,Sentence,2
10.183559,-4.6174946,Sentence,2
7.756925,-2.9155715,Sentence,1
6.8900604,-3.4829137,Sentence,1
6.2917123,-0.14121674,Sentence,0
9.462419,-1.7512736,Sentence,1
6.2614236,-0.35258317,Sentence,0
5.8375707,-3.6794758,Sentence,1
9.128704,-5.0254564,Sentence,2
8.983461,-5.34902,Sentence,2
7.188767,-0.17085105,Sentence,0
10.083469,-5.1797185,Sentence,2
6.763676,-2.9513633,Sentence,1
7.567629,-2.6979542,Sentence,1
8.639698,-1.2163167,Sentence,0
7.3230896,-4.2276177,Sentence,1
5.0935235,-1.372202,Sentence,2
7.0653405,0.42378998,Sentence,0
6.446801,-2.636366,Sentence,1
11.130381,-1.2872564,Sentence,0
10.216796,-2.2770712,Sentence,1
11.26697,-4.6832743,Sentence,0
7.8679395,-4.213873,Sentence,1
6.728526,-3.3083103,Sentence,2
8.115727,-3.439232,Sentence,1
7.5004363,-4.111694,Sentence,1
9.364336,-4.585873,Sentence,2
8.759891,-5.140667,Sentence,2
8.611102,-2.7786558,Sentence,1
10.536789,-4.578145,Sentence,0
4.366176,-1.1872609,Sentence,0
9.755714,-1.2223493,Sentence,0
5.754541,-1.3433583,Sentence,2
7.0752287,-1.6517855,Sentence,2
10.985678,-2.1781251,Sentence,0
8.560674,-2.1220233,Sentence,0
7.4140263,-4.3064795,Sentence,1
8.897457,-3.7371454,Sentence,2
8.948618,-1.7199427,Sentence,1
9.253705,-5.7682476,Sentence,2
7.8625484,-0.97265387,Sentence,0
9.132864,-4.240025,Sentence,2
7.5694466,-3.006242,Sentence,2
8.753822,-3.1007586,Sentence,1
6.37532,0.5063715,Sentence,0
6.5273285,-3.3695383,Sentence,1
6.7865386,-4.077319,Sentence,1
10.20401,0.10241751,Sentence,0
8.761376,-1.7715589,Sentence,0
6.771333,-3.0178573,Sentence,0
8.660767,-5.207429,Sentence,2
6.813166,0.9299083,Sentence,0
8.027373,-0.27475977,Sentence,0
6.972175,-1.4264294,Sentence,0
6.2722244,-2.6571915,Sentence,0
7.8185124,-3.9606755,Sentence,1
7.144644,-4.2285933,Sentence,1
9.834113,-5.329235,Sentence,2
7.04463,-4.6802907,Sentence,1
8.499644,-4.48944,Sentence,1
6.853229,-4.319339,Sentence,1
9.3774,-5.234731,Sentence,2
10.126051,-4.8852625,Sentence,2
7.8207774,-3.164858,Sentence,2
6.317297,-3.7858782,Sentence,1
9.187857,-2.0878992,Sentence,0
9.0245695,-1.5653,Sentence,0
8.624697,-4.4227376,Sentence,2
6.947803,-2.7490518,Sentence,1
7.2629514,-3.9046772,Sentence,1
7.138586,-4.013347,Sentence,1
7.642546,-0.29825872,Sentence,2
8.492676,-4.8698053,Sentence,2
7.4855185,-1.3627585,Sentence,0
8.042739,-2.574534,Sentence,2
8.061653,-4.8198996,Sentence,2
7.2091002,-4.322106,Sentence,1
7.094911,-2.702319,Sentence,2
10.234875,-1.7069095,Sentence,0
7.805311,-4.33964,Sentence,1
8.525875,-4.83612,Sentence,2
7.216397,-2.5022223,Sentence,2
6.1787095,-3.6590755,Sentence,0
7.0970664,-1.1271127,Sentence,0
10.5413065,-2.3997092,Sentence,1
11.885984,-3.6720407,Sentence,0
7.504276,-3.7035234,Sentence,1
8.6748295,-5.146491,Sentence,2
9.821059,-2.6404822,Sentence,1
8.60792,-3.6796317,Sentence,1
12.053894,-3.6281848,Sentence,0
9.631444,-5.1822777,Sentence,2
9.029149,-5.3581467,Sentence,2
6.363153,-3.2479815,Sentence,1
9.963407,-5.356662,Sentence,2
6.765335,-1.8292555,Sentence,1
11.5055485,-4.7144017,Sentence,0
10.389256,-2.4842057,Sentence,1
9.538453,-3.434462,Sentence,2
10.145603,-2.0221245,Sentence,0
9.271306,-5.3304877,Sentence,2
8.572402,-4.6998744,Sentence,2
7.890053,-4.292449,Sentence,1
10.254755,-2.35467,Sentence,1
8.3019085,-4.734338,Sentence,2
6.6416245,-1.9161518,Sentence,0
10.972741,-4.6814995,Sentence,0
10.052434,-2.4944606,Sentence,1
7.171906,-3.4388244,Sentence,1
10.281607,-3.9357677,Sentence,2
7.924046,-1.4404087,Sentence,1
8.322337,-4.166296,Sentence,1
6.5477896,-4.4578185,Sentence,1
7.6397967,-4.652734,Sentence,2
6.0994463,-0.20857766,Sentence,0
8.705459,-4.8318853,Sentence,2
8.253802,-2.6068978,Sentence,0
6.6940846,-1.320504,Sentence,0
7.0269346,-0.2864121,Sentence,0
7.9234743,-2.7107482,Sentence,2
7.3326845,-4.334073,Sentence,1
10.745177,-1.9782325,Sentence,1
6.8672814,-2.7535267,Sentence,1
7.5711684,-3.386916,Sentence,1
8.245275,-3.9567544,Sentence,1
7.877085,-5.023498,Sentence,1
9.307789,-5.161892,Sentence,2
6.518872,-3.5212274,Sentence,1
8.344256,-5.14769,Sentence,2
7.78878,-4.6844316,Sentence,2
8.481103,-4.0770454,Sentence,1
9.1113405,-0.4122524,Sentence,0
6.734547,-3.6789591,Sentence,1
7.0979776,-4.0508947,Sentence,1
8.664692,-5.106265,Sentence,1
6.613279,-2.6792288,Sentence,1
8.231044,0.8253149,Sentence,0
10.580602,-1.0738009,Sentence,0
7.0891094,-1.3622134,Sentence,0
8.8247595,-3.6318448,Sentence,1
6.998164,-4.1772127,Sentence,1
7.4930835,-4.126588,Sentence,1
7.13489,-4.918024,Sentence,1
3.6518369,-1.7481023,Sentence,0
7.429848,-4.3268433,Sentence,1
7.1084313,0.4288246,Sentence,0
7.6638637,-4.6278763,Sentence,1
7.9486394,-5.4191566,Sentence,2
9.120785,-3.9956992,Sentence,2
7.65502,-1.1298358,Sentence,0
7.697603,-4.258585,Sentence,1
8.826553,-0.49315178,Sentence,0
7.7165065,-4.7458186,Sentence,1
7.5973763,-3.523636,Sentence,1
6.196317,-5.045568,Sentence,2
8.751645,-5.3012943,Sentence,2
7.2158604,-4.14101,Sentence,1
7.2572885,-1.2056948,Sentence,0
8.887355,-4.3681326,Sentence,2
9.258126,-2.3579044,Sentence,1
8.740412,-2.7425053,Sentence,1
10.630859,-1.0760345,Sentence,0
8.992204,-2.3483548,Sentence,2
6.545807,-0.8435014,Sentence,0
7.9112964,-5.110676,Sentence,1
8.220755,-4.75404,Sentence,2
9.684239,-5.399741,Sentence,2
8.7389765,-3.633106,Sentence,1
7.3697643,-2.910148,Sentence,2
8.809073,-4.794122,Sentence,2
6.5156374,0.14951432,Sentence,0
7.163038,-4.262442,Sentence,1
8.652705,-5.637952,Sentence,2
2.6605115,-1.277362,Sentence,0
6.183753,-3.7531266,Sentence,1
7.4801764,-0.6344256,Sentence,0
6.167599,-5.081664,Sentence,2
2.990394,3.1752295,Sentence,0
8.085542,-2.3817239,Sentence,0
8.159077,-4.2912436,Sentence,1
6.9865484,-4.4623766,Sentence,1
7.934252,-5.388901,Sentence,2
8.53935,-4.3990593,Sentence,1
9.289036,-3.3383622,Sentence,2
7.8378983,-4.4796033,Sentence,1
9.688576,-4.0044985,Sentence,2
2.971503,3.1921425,Sentence,0
8.324222,-3.9040377,Sentence,1
8.022349,-2.0199938,Sentence,1
7.816709,-4.341342,Sentence,1
8.498229,-4.628729,Sentence,2
9.123372,-5.134894,Sentence,2
9.907064,-5.019143,Sentence,2
8.838122,-3.5549264,Sentence,1
6.701047,-3.8495011,Sentence,1
9.314033,-4.4453125,Sentence,2
8.083544,-4.955617,Sentence,2
6.222772,-0.21748167,Sentence,0
6.482536,-2.7748911,Sentence,0
8.706596,-4.480032,Sentence,1
7.1742973,-2.07607,Sentence,0
7.3214297,-4.439537,Sentence,1
7.3198786,-3.9695547,Sentence,1
7.2970963,-3.5835657,Sentence,1
7.438931,1.304766,Sentence,0
6.9308257,0.5005709,Sentence,0
8.993623,-5.045914,Sentence,2
9.035672,-4.362079,Sentence,2
8.448821,-3.6413054,Sentence,1
8.463846,-4.775822,Sentence,1
7.5324516,-4.1929245,Sentence,1
6.913005,-1.9463271,Sentence,0
6.656318,0.14181706,Sentence,0
10.18251,2.6006372,Sentence,0
8.106347,-2.8892891,Sentence,1
7.2956963,-3.915682,Sentence,1
8.486387,-3.2235441,Sentence,1
6.570424,-3.4073565,Sentence,1
7.164674,-1.0027375,Sentence,0
7.395214,-4.2808924,Sentence,1
9.8250885,-4.7177124,Sentence,2
7.4706697,-4.5757446,Sentence,1
7.0020294,-4.061397,Sentence,1
9.209838,-3.8698692,Sentence,2
5.975907,-1.7636324,Sentence,0
9.197785,-2.9852536,Sentence,2
7.6279626,-4.00966,Sentence,1
8.340668,-5.1601586,Sentence,2
8.73095,-4.7497993,Sentence,1
10.230352,-4.29812,Sentence,0
7.3563366,-5.2737336,Sentence,2
9.596246,-3.741979,Sentence,2
9.374372,-1.7313293,Sentence,1
7.3703094,-3.1584146,Sentence,1
8.3975525,-2.8969405,Sentence,1
8.552006,-2.9540057,Sentence,1
6.1990695,-0.14594454,Sentence,0
6.573819,-1.6261792,Sentence,0
7.4047284,-4.347101,Sentence,1
9.168168,-4.0667567,Sentence,2
5.2711067,-1.6607703,Sentence,2
8.3492565,-2.1190116,Sentence,1
6.615876,-3.7763472,Sentence,1
7.8882327,-4.461741,Sentence,1
11.420693,-4.1515965,Sentence,2
8.021701,-0.50000644,Sentence,0
8.879734,-5.54822,Sentence,2
6.390694,-3.5889885,Sentence,1
10.171429,-4.507058,Sentence,2
8.303681,-2.812552,Sentence,1
9.862339,-2.4516835,Sentence,1
6.9587026,-4.7277007,Sentence,1
7.506178,-3.2367678,Sentence,1
8.497384,-4.054003,Sentence,1
8.80164,-2.87986,Sentence,1
7.4628496,-3.3188035,Sentence,1
9.511934,-4.4218807,Sentence,2
6.437526,-4.717113,Sentence,1
9.255087,-5.08766,Sentence,2
6.5904236,-4.321353,Sentence,1
7.6083245,-3.086438,Sentence,1
9.260746,-1.6319913,Sentence,0
7.9515276,-4.5555167,Sentence,1
6.564921,-4.358535,Sentence,1
10.048544,0.56839424,Sentence,0
7.595127,-3.7460582,Sentence,1
8.827749,-5.001403,Sentence,2
7.8939414,-5.020926,Sentence,1
7.8726206,-4.6370234,Sentence,1
9.974075,-5.2565937,Sentence,2
9.719233,-2.249187,Sentence,1
8.451242,-4.8131757,Sentence,1
10.091707,-4.5363626,Sentence,2
10.251481,-1.9898735,Sentence,1
6.2578554,-0.6624336,Sentence,0
3.8341682,-0.7894874,Sentence,0
8.240832,-2.820863,Sentence,2
6.188322,-5.070672,Sentence,0
6.960076,-1.2414728,Sentence,0
6.2026577,-5.0328074,Sentence,2
6.9217215,-2.8619812,Sentence,1
6.8171897,-0.5238529,Sentence,0
6.6596184,-4.015061,Sentence,1
8.976903,-5.279267,Sentence,2
9.138853,-4.9715447,Sentence,2
7.581857,-4.3898544,Sentence,1
8.470137,-4.1209774,Sentence,2
8.808595,-4.9519396,Sentence,2
7.465509,-2.1898983,Sentence,0
7.860655,-5.221617,Sentence,2
7.4132547,-4.459528,Sentence,1
5.6694493,-3.0031195,Sentence,2
6.871831,-2.6605625,Sentence,0
6.3942003,-3.9674144,Sentence,2
8.911805,-2.622514,Sentence,2
7.113079,0.13658066,Sentence,0
8.720471,-4.3183255,Sentence,1
6.610132,-2.7954454,Sentence,1
7.529394,-1.584417,Sentence,0
9.381983,-0.845091,Sentence,1
6.53338,-3.6229274,Sentence,1
9.45663,-5.5691085,Sentence,2
7.7005315,-4.971689,Sentence,2
8.655793,-4.183958,Sentence,2
7.677603,-4.5109425,Sentence,1
6.8129816,-1.6474147,Sentence,0
7.419401,-4.1936445,Sentence,1
6.1894927,-0.61947286,Sentence,0
7.795348,-4.6473346,Sentence,1
8.25075,-3.652171,Sentence,1
7.690332,-1.1941025,Sentence,0
3.9106877,-1.2053981,Sentence,0
7.214071,-3.6344922,Sentence,1
6.6475654,-0.11238316,Sentence,0
3.7536745,-1.7646706,Sentence,0
11.462991,-4.4231615,Sentence,2
8.290994,-2.3013368,Sentence,1
9.941581,-2.8513684,Sentence,0
8.379284,-2.0719748,Sentence,0
6.381695,-4.9186296,Sentence,0
8.545465,-5.189528,Sentence,2
8.248515,-2.8875246,Sentence,2
7.6640677,1.6476982,Sentence,0
7.096678,-2.828902,Sentence,1
6.6296344,-2.0140097,Sentence,0
8.691049,-5.202228,Sentence,2
9.891531,-3.038468,Sentence,0
8.972585,-4.3227873,Sentence,2
10.205835,-2.5147681,Sentence,1
6.8035183,8.026658,Sentence,0
10.900137,-1.7976651,Sentence,0
7.293316,-0.8527012,Sentence,0
9.068639,-5.3059134,Sentence,2
10.047761,-1.9782068,Sentence,1
9.218875,-4.713927,Sentence,2
10.510904,-2.3215656,Sentence,1
7.3621116,-4.74922,Sentence,1
8.112528,-2.6918418,Sentence,2
10.658816,-4.5272694,Sentence,0
10.784414,-4.534395,Sentence,2
6.810221,-4.3945646,Sentence,1
9.890153,-4.043525,Sentence,2
6.2095766,-4.11416,Sentence,1
7.038748,-1.9798044,Sentence,0
5.0330143,-1.9410013,Sentence,2
6.675699,-2.5999684,Sentence,0
10.332004,-2.2096722,Sentence,1
10.672944,-1.7643222,Sentence,1
11.229569,-4.7125697,Sentence,0
7.751437,-4.584461,Sentence,1
7.799117,-4.444918,Sentence,1
9.528785,-2.0870447,Sentence,1
9.3001795,-5.4755063,Sentence,2
7.7052574,-3.9966476,Sentence,1
9.565408,-2.7072942,Sentence,1
8.324545,-3.9752889,Sentence,2
10.756788,-2.1556554,Sentence,0
4.6113987,-1.1744546,Sentence,0
9.222808,-2.266373,Sentence,1
7.233984,-4.9996853,Sentence,2
6.9602027,-1.5288296,Sentence,0
9.373535,-1.7368059,Sentence,1
6.448162,-2.9738557,Sentence,1
8.010016,-4.9851794,Sentence,2
9.522719,-0.7414346,Sentence,0
10.803312,-2.7004786,Sentence,0
9.972336,-4.5783854,Sentence,2
8.583713,-5.0204973,Sentence,2
8.131712,-3.9984353,Sentence,1
7.303858,-1.0584905,Sentence,0
10.493492,-3.6506894,Sentence,0
8.245589,-5.052417,Sentence,2
10.117675,-5.12042,Sentence,2
7.6262765,-4.627379,Sentence,1
7.7158456,-3.2801464,Sentence,1
6.7538486,-3.0243661,Sentence,1
8.698056,-5.3601894,Sentence,2
6.1079373,-3.2501295,Sentence,0
10.171378,-2.096646,Sentence,1
6.3538723,-0.24504028,Sentence,0
5.7079706,-0.42750534,Sentence,2
3.3193517,-1.5058246,Sentence,0
7.5145655,-4.9549923,Sentence,1
10.2121,-4.481659,Sentence,2
7.416245,-4.9419627,Sentence,2
6.379347,-2.2276585,Sentence,0
8.701053,-5.296725,Sentence,2
8.148143,-4.0963774,Sentence,1
7.8299074,-4.925305,Sentence,2
7.991899,-3.716306,Sentence,1
9.712027,-5.4314218,Sentence,2
6.647904,-4.6638575,Sentence,1
6.8420954,0.32289433,Sentence,0
6.52383,-0.03583797,Sentence,0
7.1569114,-3.3721743,Sentence,1
9.873677,-4.3186684,Sentence,2
7.787579,-4.5588675,Sentence,1
9.014084,-4.3583875,Sentence,2
6.8149734,-4.728078,Sentence,1
11.021203,-4.2267766,Sentence,2
7.0355716,-4.204276,Sentence,1
9.641766,-3.1534884,Sentence,0
7.584197,-3.1862366,Sentence,1
7.1040587,-1.4497656,Sentence,0
7.1696787,-3.213666,Sentence,2
7.311275,-3.9425344,Sentence,2
9.608721,-5.1791916,Sentence,2
7.7255826,-4.9613013,Sentence,1
8.101289,-4.496171,Sentence,2
7.674468,0.07827073,Sentence,0
6.740824,-0.23443052,Sentence,0
10.047114,-4.4177103,Sentence,2
10.426806,-3.6001062,Sentence,0
9.408156,-2.3134708,Sentence,0
10.669208,-4.099993,Sentence,2
10.630287,-4.901586,Sentence,2
6.789899,-0.0008324413,Sentence,0
8.9455805,-2.9767938,Sentence,0
8.26513,-4.262217,Sentence,2
9.082689,-5.3115473,Sentence,2
9.670303,-2.6073887,Sentence,1
6.787577,-4.0498633,Sentence,1
6.3616476,-0.5509226,Sentence,0
7.465403,-3.9770062,Sentence,1
7.72289,-4.6927443,Sentence,1
7.4027977,-4.937283,Sentence,2
7.3157287,-2.707223,Sentence,0
9.64847,-5.108475,Sentence,2
9.833577,-1.0623727,Sentence,0
11.405987,-4.0044913,Sentence,2
6.5761747,-3.1370254,Sentence,0
8.777212,-3.3467035,Sentence,1
10.287795,-4.7410073,Sentence,2
6.6594977,-0.16747537,Sentence,0
8.718265,-5.0872264,Sentence,2
6.8442073,-4.716019,Sentence,1
2.6073942,-1.2620765,Sentence,0
8.829597,-2.2953334,Sentence,1
7.692405,-4.9621797,Sentence,1
8.499268,-3.7080748,Sentence,1
8.78545,-3.740821,Sentence,1
8.023242,-5.680625,Sentence,2
10.244719,-1.4009564,Sentence,0
8.289452,-3.9086788,Sentence,1
6.178149,-3.6832547,Sentence,1
4.578143,-1.4278507,Sentence,2
7.7660394,-4.2286854,Sentence,1
4.5916247,-2.6844995,Sentence,1
7.8356056,-3.8438478,Sentence,1
7.4590077,-2.7790651,Sentence,0
8.354007,-4.0748167,Sentence,1
8.770397,-4.3878613,Sentence,2
8.352794,-4.385123,Sentence,1
7.567888,-2.8922548,Sentence,2
11.597814,-4.935867,Sentence,0
8.191121,-2.3673544,Sentence,2
7.5833845,-4.966187,Sentence,1
6.0315676,-3.6122925,Sentence,1
9.230608,-2.5605013,Sentence,1
7.843407,-4.5165715,Sentence,2
7.4218535,-3.4092216,Sentence,0
9.979199,0.4225391,Sentence,0
7.145965,-3.299075,Sentence,1
7.662948,-4.3959565,Sentence,1
5.9287634,-2.7009501,Sentence,2
9.173667,-2.2698984,Sentence,2
7.984828,-4.67888,Sentence,1
7.3272796,-3.9374375,Sentence,1
7.1268206,-1.513757,Sentence,0
10.492985,-4.8244143,Sentence,2
8.271751,-5.809903,Sentence,2
8.404031,-1.9068846,Sentence,0
7.95133,-4.072271,Sentence,2
8.7695055,-3.0761409,Sentence,1
3.79448,-1.1921355,Sentence,0
7.9873457,-3.721385,Sentence,1
8.769876,-3.780005,Sentence,1
7.9890327,-2.4926174,Sentence,0
11.794508,-3.6595557,Sentence,0
7.7089787,-4.947378,Sentence,1
6.4171085,-4.199599,Sentence,2
8.719868,-3.7848687,Sentence,2
9.173635,-4.7733464,Sentence,2
9.828794,-1.2907853,Sentence,0
7.249816,-4.554354,Sentence,2
8.301827,-4.6255803,Sentence,1
6.919427,-1.0510681,Sentence,0
9.891188,-5.36513,Sentence,2
7.4480796,-3.4615512,Sentence,1
9.375234,-3.2247555,Sentence,1
8.172458,-3.427988,Sentence,1
8.215152,-4.0738983,Sentence,1
8.833148,-4.0645595,Sentence,1
7.997639,-1.7022089,Sentence,0
8.506436,-4.4653363,Sentence,2
7.0710683,-1.1532233,Sentence,0
7.908664,-2.524648,Sentence,2
6.66343,-3.5191288,Sentence,1
6.738329,-4.7107434,Sentence,2
8.6252575,-4.5405455,Sentence,2
9.215171,-3.5135446,Sentence,1
9.868274,-5.6943994,Sentence,0
7.141833,-2.916976,Sentence,1
10.135727,-2.0548356,Sentence,1
8.394771,0.20909505,Sentence,0
7.5821853,-3.2624547,Sentence,2
6.9783792,-4.322592,Sentence,1
6.9460683,-3.4937098,Sentence,1
6.843837,-4.5735803,Sentence,1
9.21733,-5.193797,Sentence,2
6.67679,-4.637109,Sentence,1
8.1806345,-4.6016726,Sentence,1
7.0717382,-0.62063104,Sentence,0
8.453313,-4.048193,Sentence,1
9.788117,-5.422478,Sentence,2
7.8498416,-4.1439357,Sentence,1
10.36459,-2.0902023,Sentence,1
8.157214,-1.6871585,Sentence,0
9.007293,-5.234179,Sentence,2
8.6424265,-0.5603652,Sentence,0
7.662974,-0.12627982,Sentence,0
8.033396,-5.108251,Sentence,2
7.154607,-4.777649,Sentence,1
9.693823,-0.2733436,Sentence,2
11.575131,-4.767036,Sentence,2
9.730258,-2.4006817,Sentence,1
8.295354,-4.4665337,Sentence,1
7.0065103,-3.8071156,Sentence,1
8.312359,-4.9532213,Sentence,2
9.574693,-2.5433962,Sentence,1
6.813806,-3.205257,Sentence,1
9.383651,-3.4116642,Sentence,2
7.8803587,-4.254283,Sentence,2
6.96182,0.8412992,Sentence,0
7.338639,-0.912434,Sentence,0
8.298652,-4.6002083,Sentence,1
8.550636,-4.645412,Sentence,2
8.7822075,-5.0312862,Sentence,2
7.1817436,-4.7983046,Sentence,1
9.198746,-2.210542,Sentence,0
7.4098496,-3.6807368,Sentence,1
8.723864,-4.3583255,Sentence,1
6.887415,-4.1190205,Sentence,1
8.40923,-5.115899,Sentence,2
7.1284494,-3.8544447,Sentence,1
7.850813,-5.1647463,Sentence,1
10.819279,-2.0367436,Sentence,0
7.7268157,-4.9911013,Sentence,1
9.379709,-2.5864868,Sentence,1
7.220169,-1.6395235,Sentence,0
9.151724,-2.382309,Sentence,1
7.1258,-4.1175637,Sentence,1
7.6588116,-4.1566763,Sentence,2
8.59088,-4.900934,Sentence,2
6.8797803,-3.8640473,Sentence,1
8.684878,-3.6215734,Sentence,1
9.658536,-2.0837667,Sentence,1
5.2243485,-3.1578047,Sentence,0
9.166894,-2.8406382,Sentence,1
4.341769,-2.5022664,Sentence,0
6.3394823,-3.5132022,Sentence,1
9.986916,-4.979604,Sentence,2
8.448383,-5.1944637,Sentence,2
4.5178537,-1.3984617,Sentence,2
9.888172,-4.215589,Sentence,2
8.7538,-4.035884,Sentence,2
9.3478155,-0.5979661,Sentence,0
7.2143564,-2.25935,Sentence,0
8.635329,-3.965296,Sentence,1
8.150391,-5.243551,Sentence,2
8.276679,-5.4458656,Sentence,2
8.887764,-5.1158843,Sentence,2
4.17239,-1.5511844,Sentence,0
10.761399,-2.4044461,Sentence,1
6.7719235,-4.9261646,Sentence,2
7.71129,-2.669171,Sentence,1
6.930555,-4.62724,Sentence,1
8.019616,-4.875887,Sentence,2
6.404186,-3.5378523,Sentence,1
8.335547,-5.1351953,Sentence,2
8.238613,-5.003874,Sentence,2
7.4216805,-4.3814206,Sentence,1
8.206808,-4.6759906,Sentence,1
10.1556225,-4.329735,Sentence,0
8.784049,-5.319608,Sentence,2
9.54344,-4.163643,Sentence,2
6.1848235,-3.631353,Sentence,1
8.052683,-1.1723279,Sentence,0
8.780553,-5.147608,Sentence,2
6.9338183,-4.4655604,Sentence,1
6.1494784,-3.1798964,Sentence,0
8.260168,-3.2782068,Sentence,1
7.41718,-1.6175767,Sentence,0
10.05766,-0.067617305,Sentence,0
7.266878,-2.6888638,Sentence,1
4.5031476,-2.5234714,Sentence,0
7.1559772,-3.6298494,Sentence,1
3.8171046,-0.8100167,Sentence,0
6.490038,-3.1992319,Sentence,1
6.430348,-3.0977025,Sentence,1
7.3535595,-1.7556413,Sentence,0
7.2248106,-3.1340418,Sentence,1
6.282477,-4.8356037,Sentence,1
6.17893,-3.2689397,Sentence,1
7.432856,-4.700321,Sentence,1
9.8564415,-4.652657,Sentence,2
9.746958,-2.5216577,Sentence,1
7.8134503,-4.291841,Sentence,1
10.568855,-2.0577495,Sentence,0
7.50179,-4.396636,Sentence,1
10.091736,-3.89407,Sentence,2
8.432824,-5.0812497,Sentence,2
10.607829,-4.1452503,Sentence,2
11.620285,-4.746652,Sentence,0
7.587501,-4.611756,Sentence,2
8.083287,-5.1144075,Sentence,2
10.409291,-5.0078235,Sentence,2
7.958177,-4.1827626,Sentence,1
7.7478476,-2.3220677,Sentence,0
9.091581,-3.0690973,Sentence,1
6.790225,-2.2274292,Sentence,0
6.31192,-0.6366078,Sentence,0
9.736395,-1.7400534,Sentence,0
8.544845,-3.772359,Sentence,2
6.871497,-2.3723075,Sentence,0
7.053517,-2.8780549,Sentence,2
10.103549,-2.279776,Sentence,1
7.9696283,-4.9355025,Sentence,2
8.349749,-3.483882,Sentence,1
5.1089535,-1.9973819,Sentence,2
9.863182,-3.3759472,Sentence,1
10.774627,-4.4606786,Sentence,2
9.934769,-2.6221993,Sentence,1
4.174747,-1.0178465,Sentence,0
8.978601,-3.7085288,Sentence,1
8.110941,-5.523028,Sentence,2
7.2380033,-1.8919225,Sentence,0
8.069938,-3.7558737,Sentence,1
8.002997,-4.0706635,Sentence,1
8.202183,-4.431643,Sentence,1
8.35948,-5.1548057,Sentence,1
11.386483,-4.7993217,Sentence,0
6.373179,-4.0394063,Sentence,1
7.927166,-1.5385213,Sentence,0
6.1521277,-5.0849094,Sentence,0
8.2281475,-0.012300879,Sentence,0
10.697469,-4.133273,Sentence,2
6.4137115,-3.401737,Sentence,1
7.96157,-4.905361,Sentence,1
6.75738,-4.55772,Sentence,1
6.479973,-2.2672534,Sentence,0
6.8777704,-4.514691,Sentence,1
6.5384827,-2.5921168,Sentence,1
6.6976385,-1.2612331,Sentence,0
7.034117,-2.5238545,Sentence,0
6.4956493,-3.3285046,Sentence,1
9.4355345,-2.5233624,Sentence,0
9.424168,-2.1819744,Sentence,1
8.880553,-5.283418,Sentence,2
8.442216,-5.033553,Sentence,2
8.645594,-5.1976767,Sentence,2
7.3408294,-4.040982,Sentence,1
10.539162,-1.7845447,Sentence,0
8.9150305,-4.5939093,Sentence,2
7.526132,-4.9659424,Sentence,1
6.458532,-1.701191,Sentence,2
6.380936,-3.6966908,Sentence,1
3.8742883,-0.52845454,Sentence,0
9.941289,-5.5401745,Sentence,2
7.2547407,-4.3492656,Sentence,1
7.7222376,-5.253483,Sentence,2
6.5802636,-4.6342044,Sentence,1
8.304103,-3.727112,Sentence,1
6.5719433,-3.1276367,Sentence,0
7.425799,-1.013313,Sentence,0
9.10677,-2.6674123,Sentence,0
7.9480453,-5.4298015,Sentence,2
8.687964,-1.4118285,Sentence,0
6.80256,-4.6529,Sentence,1
8.46906,-3.6609373,Sentence,1
7.696891,-4.144316,Sentence,1
6.2933273,-4.858862,Sentence,2
10.800301,-4.261481,Sentence,2
8.744671,-4.932623,Sentence,2
3.9304817,-0.7821201,Sentence,0
9.291387,-5.1517115,Sentence,2
8.699114,-4.3793197,Sentence,2
6.671881,-1.1347938,Sentence,2
6.272549,-5.032406,Sentence,1
11.081662,-4.9135036,Sentence,0
8.31093,-5.226195,Sentence,1
9.946619,-5.145089,Sentence,2
5.475674,-2.9706664,Sentence,2
7.3556185,-4.73041,Sentence,1
8.268804,-4.5119066,Sentence,1
4.9116235,-1.3031098,Sentence,2
7.498234,-1.1223934,Sentence,0
7.798451,-2.843869,Sentence,1
7.7876472,-5.4640326,Sentence,2
7.9807453,-4.995325,Sentence,2
8.345831,-0.033254158,Sentence,0
7.9508076,-4.556098,Sentence,1
7.888646,-4.336508,Sentence,1
9.326039,-3.0977595,Sentence,1
8.124853,-2.799849,Sentence,1
9.182669,-5.3268805,Sentence,2
6.6361547,-3.8653514,Sentence,1
8.413314,-1.2056185,Sentence,0
6.848049,-4.3983064,Sentence,2
8.263419,-5.442196,Sentence,2
11.468271,-4.138772,Sentence,2
4.077996,-0.9771343,Sentence,0
7.2803483,-3.7007134,Sentence,1
9.427708,-4.683438,Sentence,2
7.62332,-4.5189004,Sentence,1
7.8745813,-2.8205945,Sentence,1
7.7222657,-3.469595,Sentence,1
7.4008484,-3.4414127,Sentence,1
7.2156324,1.9551444,Sentence,0
7.9767375,-2.5477085,Sentence,2
6.9463882,-4.706506,Sentence,1
7.469107,-1.2618017,Sentence,0
6.171055,-3.7112885,Sentence,1
6.734873,-4.076421,Sentence,1
9.095076,-5.1548595,Sentence,2
8.510643,-3.8151662,Sentence,1
6.4262,-1.3571411,Sentence,0
7.9012065,-3.7088518,Sentence,1
7.6438775,-4.276359,Sentence,1
7.513643,-0.3274106,Sentence,0
10.356971,-1.5113763,Sentence,0
8.060659,-3.9760273,Sentence,1
6.8656936,-3.1940567,Sentence,1
9.560874,-4.9038157,Sentence,2
7.686087,-4.0388327,Sentence,1
6.2393327,0.041678365,Sentence,0
6.3866014,-1.8575311,Sentence,0
7.107012,-3.5350962,Sentence,1
6.1897354,-5.0645514,Sentence,2
8.509736,-4.7976565,Sentence,2
7.58565,-4.2144856,Sentence,1
4.179899,-1.0482872,Sentence,0
6.487971,-3.4498034,Sentence,1
7.1730266,-2.75555,Sentence,1
11.250496,-4.71659,Sentence,2
8.242646,-0.95144534,Sentence,0
7.8573995,-3.1443365,Sentence,1
9.533565,-1.9768387,Sentence,1
7.6508937,-2.9722471,Sentence,1
10.444011,-1.8000016,Sentence,0
6.181769,-2.670653,Sentence,0
10.125989,-1.1074591,Sentence,0
7.803098,-4.0697513,Sentence,1
6.4119577,-4.7851005,Sentence,1
9.989036,-1.9863039,Sentence,1
8.86781,-2.285633,Sentence,0
7.2684155,-4.0890856,Sentence,1
7.165665,-2.569908,Sentence,0
9.974048,-2.038583,Sentence,1
6.1799917,-3.1780527,Sentence,0
7.6415257,-0.10798007,Sentence,0
7.0496683,-3.9726756,Sentence,1
2.6196673,-1.25855,Sentence,0
7.899268,-5.0849934,Sentence,1
6.273725,-3.3042216,Sentence,1
9.981018,0.45626524,Sentence,0
9.931516,-5.1148157,Sentence,2
10.052546,-4.42716,Sentence,2
8.269696,-3.061728,Sentence,2
8.624397,-1.1740152,Sentence,0
8.005876,-4.328173,Sentence,1
10.181428,2.5966358,Sentence,0
5.674756,-3.7347364,Sentence,0
8.880489,-4.774138,Sentence,2
6.45672,-1.7614641,Sentence,0
11.532989,-4.1303153,Sentence,2
7.9497833,-2.6547854,Sentence,2
8.694907,-5.4302807,Sentence,2
9.707712,-2.2846684,Sentence,1
7.894992,-3.967371,Sentence,1
9.489544,-4.1649513,Sentence,2
9.80386,-5.1832304,Sentence,2
8.33302,-5.4789367,Sentence,2
7.032249,-2.3736806,Sentence,0
9.034588,-5.413122,Sentence,2
7.5897617,-5.4455867,Sentence,2
9.258662,-0.575839,Sentence,0
6.757305,-1.2634678,Sentence,0
7.684139,-2.07082,Sentence,2
8.637173,-4.244059,Sentence,2
8.3365,-3.0151503,Sentence,1
8.235641,-4.408638,Sentence,1
7.909808,-4.934654,Sentence,1
9.875544,-1.2421287,Sentence,1
8.402745,-3.901252,Sentence,1
9.1906185,-5.5783253,Sentence,2
10.199959,0.07781087,Sentence,1
7.0985355,0.8880683,Sentence,0
10.046545,-2.5339086,Sentence,1
7.509546,-4.726305,Sentence,1
8.33248,-1.12774,Sentence,0
9.326671,-4.2117596,Sentence,2
10.220275,-0.6318567,Sentence,0
7.922555,-5.0102696,Sentence,1
6.7706356,-1.6702921,Sentence,0
9.088787,-5.2702823,Sentence,2
10.557007,-1.3960716,Sentence,0
8.943044,-2.9606416,Sentence,2
9.576421,-3.5259118,Sentence,2
6.577331,-3.700967,Sentence,0
9.286628,-3.1550984,Sentence,2
8.677581,-4.3086457,Sentence,1
6.5503664,-4.4215145,Sentence,1
7.2081714,2.1983998,Sentence,0
8.481371,-0.92107844,Sentence,2
7.795273,-4.8937902,Sentence,1
7.3548217,-3.6247642,Sentence,1
9.37519,-5.022057,Sentence,2
7.378872,-1.8672969,Sentence,0
8.593859,-5.3457894,Sentence,2
11.377283,-4.6210074,Sentence,0
8.954305,-3.1348093,Sentence,1
7.6756663,-4.850722,Sentence,1
6.372778,-3.5904517,Sentence,1
8.950212,-3.8360617,Sentence,2
7.6300635,-1.6308899,Sentence,0
9.090732,-3.7574885,Sentence,2
9.11252,-3.3422277,Sentence,0
6.6178503,-0.68139726,Sentence,0
9.268068,-2.743736,Sentence,1
8.126034,-5.6871862,Sentence,2
8.929781,-5.352512,Sentence,2
7.0027976,-3.7143118,Sentence,1
9.982775,-1.2058227,Sentence,0
8.473203,-4.108352,Sentence,1
10.352907,-2.0573425,Sentence,1
7.897872,-5.0681515,Sentence,2
9.254016,-1.2056917,Sentence,0
7.732901,-2.2826903,Sentence,0
6.1024857,-1.3134346,Sentence,2
9.18073,-4.5020227,Sentence,2
9.001046,-3.8658211,Sentence,2
7.489704,-4.5915365,Sentence,1
8.075228,-0.6757974,Sentence,0
10.7716875,-2.017363,Sentence,0
9.374253,-4.2641554,Sentence,2
4.8558626,-1.9519196,Sentence,0
8.337906,-5.035199,Sentence,1
10.901917,-3.284485,Sentence,0
8.940087,-3.3670034,Sentence,1
9.702705,-5.334844,Sentence,2
7.0947003,-3.696496,Sentence,1
7.9418335,-4.9649615,Sentence,2
6.446826,-2.3197365,Sentence,0
10.262227,-1.1619807,Sentence,1
7.3046455,-0.9720853,Sentence,0
6.8948603,-4.1353335,Sentence,1
7.309825,-3.861693,Sentence,1
6.3473687,0.5849052,Sentence,2
7.7243896,-4.6174903,Sentence,1
7.8454022,-4.5695744,Sentence,1
7.4916472,-4.4744906,Sentence,1
10.226377,-0.11614717,Sentence,1
9.53416,-4.8647127,Sentence,2
7.5935183,-4.909913,Sentence,2
9.42309,-4.5478897,Sentence,2
8.118172,-5.2484856,Sentence,2
8.970392,-4.298021,Sentence,2
7.189074,-1.6177552,Sentence,0
9.222367,-0.6099681,Sentence,0
11.053562,-4.6877975,Sentence,2
6.121997,-0.72711617,Sentence,2
7.1979957,0.69799006,Sentence,0
8.329854,-4.378761,Sentence,1
7.331702,-4.5840697,Sentence,1
6.1228323,-3.289754,Sentence,1
9.224572,-3.4853811,Sentence,1
6.956534,-4.827321,Sentence,1
8.20605,-1.6883323,Sentence,0
6.4861465,-2.6959987,Sentence,0
10.407051,-3.9914289,Sentence,2
3.7915523,-1.7514998,Sentence,2
9.273924,-5.2193956,Sentence,2
6.0110435,-3.3060005,Sentence,0
7.905245,-3.0121934,Sentence,1
7.903593,-3.866713,Sentence,1
8.985609,-4.353438,Sentence,2
6.393593,-2.9473033,Sentence,0
7.5342484,-4.2675986,Sentence,1
5.7755065,-3.7621496,Sentence,1
10.547754,-5.0635557,Sentence,2
6.193946,-3.4911962,Sentence,1
7.7957973,0.11155868,Sentence,0
9.051302,-2.8879898,Sentence,2
7.9495854,-4.694512,Sentence,1
9.236431,-2.4034863,Sentence,1
8.618888,-3.621463,Sentence,1
8.473001,-4.7686996,Sentence,2
10.633521,-1.1781758,Sentence,0
6.5557337,-0.8335345,Sentence,0
6.3288,-3.7348342,Sentence,1
6.5693846,-4.009042,Sentence,1
8.215015,-4.528111,Sentence,1
8.956246,-3.8070285,Sentence,2
8.433828,-1.7774907,Sentence,2
8.357381,-3.1656826,Sentence,1
7.261214,-4.799441,Sentence,1
9.441832,-2.2940595,Sentence,1
10.838448,-4.244926,Sentence,2
5.6312733,-2.0630748,Sentence,0
7.775193,-1.8979135,Sentence,0
8.246036,-4.5175247,Sentence,1
7.464693,-1.7044233,Sentence,0
7.23955,-2.9842641,Sentence,0
2.2402408,-5.1466084,Sentence,2
6.7615933,-4.731615,Sentence,1
6.3953166,-4.9281406,Sentence,1
6.5908685,-1.245648,Sentence,2
6.6114182,0.9942552,Sentence,0
7.086116,-4.4072504,Sentence,1
6.853161,-3.3884718,Sentence,1
6.1940546,-2.8354802,Sentence,0
6.218047,0.13909337,Sentence,0
7.1881104,0.7626831,Sentence,0
9.383072,-2.9976656,Sentence,2
6.7377577,-4.6527514,Sentence,1
8.56746,-1.6302288,Sentence,0
8.9102545,-1.9195542,Sentence,1
10.125955,-4.742213,Sentence,2
9.508115,-3.357039,Sentence,0
10.034387,-5.3029327,Sentence,2
7.6329823,-4.312411,Sentence,1
10.311557,-2.0573962,Sentence,0
10.422534,-4.3051224,Sentence,2
6.7547903,-4.306906,Sentence,1
4.136722,-1.7801545,Sentence,1
6.3388834,-3.0115433,Sentence,0
7.58295,-5.128187,Sentence,1
7.132088,-3.566467,Sentence,1
5.852454,-2.3827696,Sentence,0
6.3303046,-4.9315004,Sentence,2
8.7892065,-5.205025,Sentence,2
10.2485895,-4.669904,Sentence,2
10.234454,-0.078565106,Sentence,1
8.443832,-4.5787344,Sentence,1
7.0923977,-0.7561671,Sentence,0
7.4055943,-4.770446,Sentence,1
9.171591,-5.193274,Sentence,2
7.2938714,-5.0631194,Sentence,2
6.348378,-4.0570016,Sentence,2
7.5263634,-4.720165,Sentence,1
6.233818,-3.7100306,Sentence,1
6.8300357,-3.85363,Sentence,1
7.053741,-1.859818,Sentence,0
7.9487524,-5.0848174,Sentence,2
8.918656,-3.8292,Sentence,1
7.1929255,0.71899205,Sentence,0
7.139166,-3.8111844,Sentence,1
7.644582,-4.1869755,Sentence,1
8.675583,-5.274927,Sentence,2
8.993642,-4.810113,Sentence,2
4.26693,-1.3691082,Sentence,0
6.804882,8.027963,Sentence,0
8.17577,-3.178695,Sentence,2
7.824357,-3.1192334,Sentence,1
6.7302675,0.019661132,Sentence,0
8.604984,-5.548519,Sentence,2
7.079487,-3.5860684,Sentence,2
7.721554,-2.3904688,Sentence,2
8.538574,-0.63882107,Sentence,2
10.101577,-1.2882617,Sentence,0
9.383448,-4.070285,Sentence,2
9.054675,-3.9922516,Sentence,1
6.3944154,-2.7176409,Sentence,0
8.607595,-0.76211137,Sentence,2
6.268023,-2.0816398,Sentence,1
4.9354677,-0.93291175,Sentence,0
8.820288,-4.4967813,Sentence,2
9.212791,-5.434013,Sentence,2
7.188871,-3.380643,Sentence,1
6.4169507,-4.7117724,Sentence,2
9.220693,-1.401413,Sentence,0
7.8788977,-0.59951514,Sentence,1
8.417779,-3.8297708,Sentence,2
9.848846,-0.40797165,Sentence,0
8.251272,-4.49431,Sentence,1
6.283505,-3.2753048,Sentence,0
5.7856784,-2.853445,Sentence,2
6.617763,-4.8379436,Sentence,2
7.548821,-0.49428266,Sentence,0
6.6482177,-3.3719084,Sentence,1
9.603975,-2.6626732,Sentence,0
6.1569824,-0.5925316,Sentence,0
7.049641,-0.5541983,Sentence,0
6.1981072,-3.4796205,Sentence,1
6.708248,-4.0053196,Sentence,1
9.684498,-5.0570936,Sentence,2
6.133396,-0.14321746,Sentence,0
9.793275,-3.8741364,Sentence,2
6.5488734,-3.0439532,Sentence,1
6.660559,-2.8358424,Sentence,1
9.022358,-5.3057237,Sentence,2
6.613335,-3.75249,Sentence,1
8.025577,-0.6380955,Sentence,0
6.420986,-2.6631303,Sentence,2
7.254478,0.17239659,Sentence,0
10.693153,-1.946887,Sentence,1
7.131988,-3.4418476,Sentence,1
6.760425,-3.685461,Sentence,1
7.3093686,-1.1654451,Sentence,0
7.383436,-3.216228,Sentence,1
7.9395266,0.9284594,Sentence,0
6.8830094,-0.89075655,Sentence,0
9.058046,-3.9796405,Sentence,2
8.012871,-0.49347633,Sentence,0
6.478553,-3.7076688,Sentence,1
6.851187,-0.75176084,Sentence,0
9.728822,-1.2860576,Sentence,0
4.062267,-1.4539262,Sentence,0
6.894245,-1.3787377,Sentence,0
9.551835,-5.1624165,Sentence,2
8.713636,-5.34467,Sentence,2
7.043068,-2.6595225,Sentence,0
6.2711363,-2.0754879,Sentence,0
10.250094,-3.9486873,Sentence,2
8.005759,-5.6673036,Sentence,2
6.1377974,-3.352833,Sentence,1
6.922278,-3.3131256,Sentence,1
7.335612,-4.2493577,Sentence,1
6.847409,-1.2749467,Sentence,0
7.439892,-3.9893568,Sentence,1
7.5705914,-2.9173336,Sentence,1
7.6010356,-4.983287,Sentence,1
6.367206,0.6865673,Sentence,0
10.388334,-3.5800555,Sentence,2
11.083581,-3.7019165,Sentence,2
7.859223,-2.4662287,Sentence,2
6.9110174,-1.2171136,Sentence,0
8.158483,-3.2626472,Sentence,1
7.7690873,-5.103598,Sentence,1
7.809757,-3.2809627,Sentence,1
8.085717,-5.727063,Sentence,2
6.815005,-0.0054033548,Sentence,0
7.299862,-4.027133,Sentence,1
8.860754,-5.2636433,Sentence,2
9.372092,-5.245906,Sentence,2
7.302301,-3.7585273,Sentence,1
10.303421,-4.744391,Sentence,2
2.3534374,-0.52802074,Sentence,0
7.985672,-3.5586448,Sentence,1
10.326791,-1.7269638,Sentence,1
8.228275,-4.381011,Sentence,1
9.23544,-5.609249,Sentence,2
6.4378834,-2.374246,Sentence,2
6.879151,-4.0088286,Sentence,1
8.529475,-5.2244596,Sentence,2
7.329016,-3.6465807,Sentence,2
7.0212607,-4.8694944,Sentence,2
10.084724,-2.6454175,Sentence,1
6.07722,-3.695622,Sentence,1
8.424009,-4.8069477,Sentence,2
8.269591,-5.6027894,Sentence,2
8.283326,-5.1029367,Sentence,2
9.089215,-0.39531544,Sentence,0
8.975669,-2.9327805,Sentence,1
9.743111,0.20843524,Sentence,0
4.193271,-1.1820757,Sentence,2
8.013898,-4.1419134,Sentence,1
10.047031,-2.7345505,Sentence,1
5.853281,-3.8649433,Sentence,1
9.797382,-2.023974,Sentence,1
8.299283,-2.9056609,Sentence,0
7.568846,-0.91718036,Sentence,0
9.160227,-5.3684974,Sentence,2
7.1753936,-3.637758,Sentence,1
9.483436,-1.454713,Sentence,0
2.628577,-1.2600477,Sentence,0
9.379052,-4.567452,Sentence,2
7.6955657,-5.0161157,Sentence,2
6.976167,0.58654106,Sentence,0
10.372962,-4.7343597,Sentence,2
8.367353,-4.321416,Sentence,1
10.162146,-5.119519,Sentence,2
6.7061005,-1.6157367,Sentence,0
11.2695,-4.5620823,Sentence,0
6.951387,-4.0256658,Sentence,1
8.142855,-4.1957335,Sentence,1
7.874886,-4.73922,Sentence,1
6.1278577,-3.3317766,Sentence,0
7.319579,-4.2692513,Sentence,1
7.8389187,-3.3653226,Sentence,1
8.314792,-4.6713314,Sentence,2
8.928784,-3.5456011,Sentence,1
8.656873,-4.8647504,Sentence,1
7.1555023,-3.3217468,Sentence,1
8.468897,-3.3707623,Sentence,1
8.922588,0.26395938,Sentence,2
6.743408,0.2621511,Sentence,0
8.2235565,-4.501882,Sentence,1
9.338906,-5.0832195,Sentence,2
8.686665,-4.45236,Sentence,2
7.3595285,-0.17560938,Sentence,0
10.502511,-0.7320164,Sentence,1
6.7340264,-2.168352,Sentence,0
4.8761725,-0.16409811,Sentence,2
7.180397,-0.23112856,Sentence,0
6.609103,-3.8727598,Sentence,1
10.020359,-5.139446,Sentence,2
10.4575405,-2.4031017,Sentence,1
6.100433,-4.021818,Sentence,0
7.965467,-3.4948046,Sentence,1
7.5315065,-4.5869455,Sentence,1
6.7882857,-3.8403666,Sentence,0
6.119214,-0.107271515,Sentence,0
6.925313,-4.423487,Sentence,1
8.131579,-4.6499176,Sentence,1
9.098073,-4.330788,Sentence,2
7.6542377,-4.609219,Sentence,1
9.426805,-3.1130962,Sentence,2
6.839695,-3.200022,Sentence,1
8.405429,-5.1158414,Sentence,2
9.330485,-3.925974,Sentence,2
7.0074854,-0.06080444,Sentence,0
6.634573,-4.382465,Sentence,1
8.056199,-5.0228605,Sentence,2
7.2587757,-4.5897093,Sentence,1
7.5257215,-4.8206058,Sentence,1
8.123873,-2.862932,Sentence,1
10.571204,-4.367858,Sentence,2
10.486104,-3.4889755,Sentence,0
8.690584,-5.0217514,Sentence,2
7.1218977,-0.62592065,Sentence,0
7.781969,-2.3548908,Sentence,0
7.4005904,-4.4526615,Sentence,1
7.012766,-2.2560573,Sentence,0
8.958859,-5.0783997,Sentence,2
9.278782,-5.715519,Sentence,2
6.5654874,-1.8697753,Sentence,0
8.94113,-2.3674064,Sentence,1
6.630822,-2.9942615,Sentence,2
9.366831,-4.696689,Sentence,2
6.641059,-2.5004575,Sentence,1
7.7153454,-2.722342,Sentence,2
8.615843,-4.505517,Sentence,2
10.110185,-1.6676799,Sentence,1
10.527432,-3.6831214,Sentence,0
6.9921007,-4.0368433,Sentence,1
6.9700155,-1.679146,Sentence,0
9.103487,-2.923212,Sentence,2
6.967719,-4.167754,Sentence,1
7.0242796,-4.986865,Sentence,1
8.9790945,-4.8981166,Sentence,2
7.3912563,-3.8156521,Sentence,1
8.906755,-4.9673395,Sentence,2
9.672212,-1.6918684,Sentence,1
6.632505,-2.2682362,Sentence,0
6.117948,-3.9942226,Sentence,2
9.108813,-5.0378385,Sentence,2
6.436325,-1.9660798,Sentence,0
7.4813123,-3.842667,Sentence,1
7.5309815,-5.418327,Sentence,2
8.215266,-4.6707935,Sentence,2
8.283846,-4.412817,Sentence,1
6.163884,-3.490571,Sentence,1
7.452984,-0.71367276,Sentence,0
8.344161,-4.27327,Sentence,1
2.5955274,-1.2432984,Sentence,0
7.3965173,-1.2322197,Sentence,0
7.2683477,-3.7758405,Sentence,1
8.559729,-5.7291374,Sentence,2
11.440139,-4.278574,Sentence,2
10.492284,-4.0967736,Sentence,2
7.388862,-2.1470022,Sentence,0
6.845936,-0.6624405,Sentence,0
8.3537445,-4.5268188,Sentence,1
4.223701,-1.1710674,Sentence,2
6.436839,-3.9740033,Sentence,1
4.546649,-1.3945801,Sentence,0
6.3730025,-2.7321436,Sentence,0
8.522714,-4.596955,Sentence,2
8.583836,-3.4765422,Sentence,1
7.782685,-2.501364,Sentence,2
10.690077,-4.3205657,Sentence,2
10.477255,-2.4868553,Sentence,2
8.104407,-4.2640104,Sentence,1
8.185827,-5.358697,Sentence,2
8.016648,-3.6957963,Sentence,1
10.545612,-4.5501165,Sentence,0
8.986938,-3.6053991,Sentence,1
8.349463,-4.521811,Sentence,2
6.857641,-4.2786264,Sentence,1
8.163424,-3.9244795,Sentence,1
6.8340917,-4.2980328,Sentence,2
8.752204,-5.0577703,Sentence,2
9.275482,-5.8201175,Sentence,1
7.8383784,-4.323221,Sentence,1
6.6395235,-3.0613596,Sentence,0
8.7738085,-4.424713,Sentence,2
6.249561,-4.212102,Sentence,1
14.472548,-4.9631653,Sentence,0
8.767531,-5.058001,Sentence,2
6.964328,0.30316046,Sentence,0
6.131279,-3.6520286,Sentence,1
7.960332,-0.7679602,Sentence,0
6.1366453,-2.829995,Sentence,0
7.375861,-4.798217,Sentence,1
8.121637,-5.4440613,Sentence,2
10.033806,-2.0295095,Sentence,1
5.526931,-3.6200287,Sentence,0
8.082454,-5.6479836,Sentence,2
8.853128,-3.9406784,Sentence,1
7.979264,-2.5982225,Sentence,1
9.16219,-5.3038483,Sentence,2
7.097864,-0.116708554,Sentence,0
6.425985,-3.8282306,Sentence,1
6.6435127,-2.2856019,Sentence,0
7.5136685,-3.0335426,Sentence,1
8.042545,-2.8433952,Sentence,0
7.0561876,-0.1549787,Sentence,0
6.005908,-3.5990636,Sentence,0
7.4090285,-0.3734906,Sentence,0
4.281504,-0.7239531,Sentence,0
7.459139,-4.9652414,Sentence,2
7.04688,-0.9073665,Sentence,0
7.65024,-4.328256,Sentence,1
8.5742445,-4.151258,Sentence,2
11.653912,-3.6281495,Phrase,1
10.199131,-1.2946125,Phrase,2
7.457527,-0.9323322,Phrase,2
5.7342877,0.27386197,Phrase,1
7.4246607,0.19623198,Phrase,2
8.109036,-5.7426825,Phrase,0
5.9438047,-1.1698724,Phrase,0
8.874198,0.2356369,Phrase,0
10.225401,-1.2593359,Phrase,2
8.543164,-1.4484152,Phrase,0
9.483332,-0.85510933,Phrase,2
8.007566,-1.2497947,Phrase,2
7.285768,1.156694,Phrase,1
7.347481,-1.2931216,Phrase,2
8.649052,-1.2035872,Phrase,2
10.83281,-2.0322094,Phrase,2
6.9904933,0.3278842,Phrase,0
7.8378663,-0.6788361,Phrase,2
8.064991,-5.7128277,Phrase,0
7.3916793,1.411388,Phrase,1
10.036777,-4.2114434,Phrase,0
10.863153,-2.0827706,Phrase,2
7.682876,-1.5424817,Phrase,2
8.84834,-2.1260417,Phrase,2
8.415774,-1.0473547,Phrase,2
7.6145277,-1.9268613,Phrase,0
7.5142064,-1.3877498,Phrase,0
5.6983843,-2.285844,Phrase,1
10.838061,-1.7798419,Phrase,2
7.527115,-1.1897198,Phrase,2
5.698959,0.57255656,Phrase,1
11.186155,-3.8379288,Phrase,0
7.5660577,-0.19824101,Phrase,1
9.1784115,-1.5787086,Phrase,2
10.922424,-1.8513643,Phrase,2
10.310192,-3.5074701,Phrase,0
9.555632,-3.1456602,Phrase,2
7.0514274,-0.89659864,Phrase,2
8.998712,-0.92676103,Phrase,1
10.284634,0.10217037,Phrase,2
9.688456,-2.2412417,Phrase,2
10.214037,-1.8426193,Phrase,2
9.150471,-2.208787,Phrase,2
7.265756,-1.361001,Phrase,0
10.803263,-2.287674,Phrase,2
5.3500047,-3.67577,Phrase,1
7.702443,-1.209962,Phrase,0
8.791135,-0.84668446,Phrase,0
7.0905094,-0.9930489,Phrase,2
7.795123,-2.29266,Phrase,0
11.510117,-4.1168833,Phrase,0
8.3162365,-0.19751206,Phrase,2
10.275552,0.15420851,Phrase,1
7.877242,-2.5579824,Phrase,0
8.149048,-1.3906294,Phrase,0
9.548819,-5.60325,Phrase,0
8.131694,-0.42568105,Phrase,2
5.949098,-0.90205497,Phrase,1
7.343029,1.8902975,Phrase,1
4.4294705,-1.6860175,Phrase,0
9.4644985,-3.4071038,Phrase,0
6.0853844,-2.3294842,Phrase,0
6.8670163,-0.42206675,Phrase,1
7.2371507,0.16056831,Phrase,1
10.385052,-1.2742205,Phrase,2
7.6008143,-0.2587486,Phrase,2
8.325952,-1.2354878,Phrase,1
6.36196,-1.865977,Phrase,0
7.9104724,-0.40058336,Phrase,1
5.28843,-0.007270609,Phrase,0
9.289359,-0.6177818,Phrase,0
6.668204,-1.0771605,Phrase,2
5.296547,-0.39521754,Phrase,0
8.4860735,-2.0189126,Phrase,0
11.081588,-1.3508798,Phrase,1
6.695544,-2.117036,Phrase,2
7.318374,-0.9299755,Phrase,2
8.324863,-1.0022849,Phrase,2
7.4277577,1.4151107,Phrase,1
7.416549,-1.6902916,Phrase,2
7.4277225,1.5180941,Phrase,1
10.112584,-2.2170627,Phrase,2
8.459565,-1.349614,Phrase,2
9.976401,-2.1554022,Phrase,2
9.928424,-5.8976693,Phrase,0
11.893231,-3.2250426,Phrase,1
9.113767,-2.2422414,Phrase,2
7.1857824,1.1839819,Phrase,1
7.8884115,0.3264038,Phrase,1
9.444887,-0.7042247,Phrase,2
7.867693,-2.6578908,Phrase,2
6.5156565,-1.7663702,Phrase,2
7.485098,-0.9906146,Phrase,2
8.212604,-0.111136585,Phrase,0
10.261925,-1.3819809,Phrase,2
10.171519,0.17355053,Phrase,1
6.3802867,0.6840147,Phrase,1
6.669456,-2.4261503,Phrase,2
6.317013,-2.3608608,Phrase,0
9.034177,-2.3884976,Phrase,2
10.692306,-1.6641649,Phrase,2
10.303905,-0.80504906,Phrase,2
8.152558,-1.1645671,Phrase,0
9.333207,-0.56989723,Phrase,0
7.0660295,-1.6110353,Phrase,0
8.955984,-1.341991,Phrase,0
5.949941,-1.1119683,Phrase,2
10.264983,-1.8395057,Phrase,2
6.159543,0.008548117,Phrase,1
7.4698076,-0.349444,Phrase,2
5.814611,-1.8651903,Phrase,2
6.9811316,-0.78979087,Phrase,2
6.016735,-0.9730066,Phrase,0
8.968156,-0.9155526,Phrase,2
6.7800856,0.041193716,Phrase,1
7.9575615,-0.122558095,Phrase,1
7.896879,0.31200594,Phrase,1
6.6521688,-1.4478037,Phrase,0
5.3387623,-3.6674383,Phrase,1
8.918469,-2.0991452,Phrase,2
4.867368,-0.931721,Phrase,1
7.4835424,-1.100593,Phrase,2
7.494167,-1.4380403,Phrase,0
8.902406,-0.040344033,Phrase,0
7.0611,-0.6271234,Phrase,2
7.709041,-1.2938522,Phrase,0
8.255345,-5.560764,Phrase,0
8.718828,0.086844385,Phrase,0
8.299949,-2.3380775,Phrase,0
8.643106,-0.09311384,Phrase,2
9.45266,-1.3036002,Phrase,2
6.481633,-2.0630183,Phrase,2
7.0033484,-1.7842004,Phrase,2
6.982358,-0.8685259,Phrase,1
6.0750256,-0.041903015,Phrase,1
9.443149,-1.6218495,Phrase,2
6.41855,-1.6711688,Phrase,0
9.069327,-1.8686856,Phrase,2
6.76085,-1.4840829,Phrase,2
9.663612,-1.9553097,Phrase,2
8.709038,-1.3578147,Phrase,0
4.4835715,-1.4030011,Phrase,0
7.527583,-1.4439485,Phrase,2
6.81047,-1.7313176,Phrase,2
4.466346,-1.1182928,Phrase,0
6.2078238,-1.6158167,Phrase,2
8.340071,-1.561948,Phrase,0
7.8201795,-0.32615617,Phrase,2
7.1530013,-1.8598138,Phrase,0
6.1127806,-1.503208,Phrase,2
8.368802,-0.28995147,Phrase,1
7.8967943,0.048032023,Phrase,2
10.839261,-2.0137386,Phrase,2
9.9424305,-1.3661209,Phrase,2
6.858461,-1.3120928,Phrase,2
8.418859,-1.1484797,Phrase,2
5.944384,-0.7173059,Phrase,1
8.810955,-1.8604168,Phrase,0
5.960942,-0.36618227,Phrase,1
6.983448,-2.2626874,Phrase,2
10.598217,-1.8433558,Phrase,2
8.259421,-3.808954,Phrase,2
9.220778,-0.7922308,Phrase,2
7.3157053,-0.33129525,Phrase,1
10.496239,-2.0431106,Phrase,1
5.601754,-1.5462325,Phrase,1
4.357391,-1.0549436,Phrase,0
7.228204,0.74909186,Phrase,1
6.536783,-1.7066988,Phrase,1
7.4390073,-2.2032812,Phrase,2
9.851839,-3.4835355,Phrase,2
8.836116,-3.386121,Phrase,0
7.3946953,1.4976397,Phrase,1
9.534928,-2.4577374,Phrase,2
7.6465063,-0.36608124,Phrase,1
-5.8589087,2.5697112,Phrase,1
8.516686,-1.4636797,Phrase,2
10.910425,-1.3186723,Phrase,1
9.761008,-0.36052468,Phrase,1
9.872652,-1.2276186,Phrase,2
7.593025,-0.94219154,Phrase,2
8.478166,-1.0045434,Phrase,2
10.193609,-1.5533911,Phrase,2
6.4811063,0.40295398,Phrase,1
5.31489,0.02868402,Phrase,0
7.8205767,-0.49899033,Phrase,1
9.192642,-2.006002,Phrase,2
8.061098,0.8904888,Phrase,1
6.013157,-0.004442809,Phrase,1
6.6739197,-1.2343814,Phrase,2
-5.857101,2.5698457,Phrase,1
8.3671875,-0.15482786,Phrase,1
8.418493,0.37641287,Phrase,0
9.103985,-2.344598,Phrase,2
7.8820376,-2.2145555,Phrase,0
6.910507,-0.40294984,Phrase,1
7.8802238,-0.6425497,Phrase,2
4.333243,-2.5012052,Phrase,2
7.617164,-2.1562731,Phrase,2
8.999221,-1.2719764,Phrase,2
9.564745,-1.9687786,Phrase,2
7.9138346,-2.0778594,Phrase,0
5.938526,-1.5407026,Phrase,1
8.901175,-1.297248,Phrase,0
7.4236217,-1.3719711,Phrase,2
10.676576,-2.4509282,Phrase,2
10.854554,-1.6965277,Phrase,2
8.963979,-1.2717887,Phrase,2
6.397616,-1.6883947,Phrase,1
5.1003475,0.065797955,Phrase,0
9.779333,-4.272817,Phrase,0
11.033899,-1.6167585,Phrase,2
7.448117,-0.27644846,Phrase,1
9.416548,-3.4542584,Phrase,0
6.8584733,-1.8835329,Phrase,2
9.431593,-2.1935627,Phrase,2
7.078771,-1.2732519,Phrase,2
8.351668,-1.4311882,Phrase,2
6.0173793,0.084190704,Phrase,1
9.305449,-2.134789,Phrase,0
7.1258435,-0.72510225,Phrase,2
6.8596125,-1.9193592,Phrase,2
6.0837026,-0.9368767,Phrase,0
8.31678,-3.4427102,Phrase,2
9.776214,-4.128304,Phrase,0
7.588753,-0.54585254,Phrase,2
6.240063,-1.2431852,Phrase,0
7.22453,-0.988241,Phrase,2
10.684707,-1.0141041,Phrase,2
14.6251,-5.0354114,Phrase,1
8.932692,-0.09332645,Phrase,0
10.130457,-1.8536273,Phrase,2
7.8341255,-0.6166185,Phrase,1
9.9713335,-1.5699488,Phrase,2
7.860111,-1.7821815,Phrase,2
4.7862782,0.7374648,Phrase,1
5.498149,-1.152544,Phrase,0
5.590317,0.11868036,Phrase,1
8.518228,-1.3686711,Phrase,2
7.71431,-2.5690236,Phrase,0
8.564614,-4.4365053,Phrase,0
9.602485,-0.9503429,Phrase,2
9.351323,-4.0195394,Phrase,0
9.479393,-0.81104654,Phrase,2
8.495479,-1.8663763,Phrase,2
7.342418,-1.0747374,Phrase,2
10.560243,-1.2483665,Phrase,2
10.440461,-1.6806566,Phrase,2
9.899328,-3.9429545,Phrase,0
5.6186566,-2.0826154,Phrase,2
7.5307455,0.2820164,Phrase,1
7.7587657,-0.84223276,Phrase,2
6.8482227,-2.1389751,Phrase,0
7.21364,-1.5540991,Phrase,2
8.595696,-1.2619388,Phrase,2
10.62167,-3.4144204,Phrase,1
8.128429,-2.1602004,Phrase,0
4.72174,-1.5507088,Phrase,0
8.841415,-3.0217113,Phrase,0
10.059796,-3.8978949,Phrase,0
11.392317,-4.2868004,Phrase,0
5.810972,-1.9678668,Phrase,2
10.244681,-2.5466866,Phrase,2
5.92916,0.12435313,Phrase,1
4.185034,-1.4799378,Phrase,0
5.9099317,-1.5431547,Phrase,1
6.273635,-1.6221838,Phrase,1
6.910254,-0.21940334,Phrase,0
9.955042,-0.8055364,Phrase,2
4.624591,-1.6586391,Phrase,0
7.9623165,-1.3865108,Phrase,2
5.3755984,-3.7231448,Phrase,2
5.8729978,-1.132566,Phrase,1
10.512161,-4.427809,Phrase,0
6.5112,-0.25101382,Phrase,1
7.257072,0.41861233,Phrase,1
11.582396,-4.247644,Phrase,1
5.572434,-1.6721478,Phrase,0
5.671525,1.3188102,Phrase,1
11.855103,-3.6239362,Phrase,1
6.1881037,-0.93729573,Phrase,1
7.363824,1.375668,Phrase,1
5.51385,-1.5992169,Phrase,0
11.676222,-4.9088583,Phrase,1
7.0720096,-1.3562409,Phrase,2
9.381997,-3.1651146,Phrase,2
6.44373,0.4747867,Phrase,1
10.063651,-2.030023,Phrase,2
6.6856246,-0.82070136,Phrase,2
5.874846,-1.8218063,Phrase,1
4.2939577,-1.5455655,Phrase,0
11.456926,-4.9853587,Phrase,0
9.366636,-4.023652,Phrase,0
7.4020176,-0.95628715,Phrase,2
8.39909,-2.7451782,Phrase,0
7.681773,-1.1238685,Phrase,2
9.359244,-0.70016015,Phrase,2
8.747606,-1.928594,Phrase,0
7.3730135,0.028196502,Phrase,1
9.439039,-3.314252,Phrase,0
9.263626,-0.49295357,Phrase,1
10.974747,-3.356262,Phrase,1
9.493112,-5.8549743,Phrase,0
7.9220467,-0.9197272,Phrase,2
7.368697,-2.4396956,Phrase,2
7.779505,0.35319057,Phrase,1
9.174859,-0.5467101,Phrase,2
6.875461,-1.8143363,Phrase,2
7.7102304,-1.9720669,Phrase,2
4.7345257,-1.3439709,Phrase,0
6.7014074,-0.9478506,Phrase,0
10.152712,-1.6095195,Phrase,2
6.490179,-0.52640176,Phrase,1
8.0725355,1.125701,Phrase,1
7.0021744,-1.2468061,Phrase,0
4.3831844,-0.7124115,Phrase,1
9.069717,-1.869645,Phrase,2
6.118426,-1.5380615,Phrase,0
8.353127,-1.8977269,Phrase,2
10.189249,-1.5883092,Phrase,2
7.96427,-1.8573017,Phrase,2
8.985159,-2.4393284,Phrase,2
9.877053,-1.9217856,Phrase,2
10.280146,-2.2590592,Phrase,2
7.034444,-0.09308977,Phrase,0
9.6839695,-3.8712192,Phrase,0
9.426483,-5.5855136,Phrase,0
4.331905,-1.0566682,Phrase,0
7.7861676,-0.9953207,Phrase,2
6.028292,-0.19702674,Phrase,1
6.7989135,8.030656,Phrase,1
9.38117,-2.5650597,Phrase,0
7.954305,-1.5665361,Phrase,0
6.830978,-2.4404068,Phrase,0
8.889847,0.14293592,Phrase,0
4.06489,-0.80913216,Phrase,1
7.296768,-0.5646021,Phrase,1
6.952612,-0.7954397,Phrase,0
8.926791,-0.8045937,Phrase,2
7.4954143,-1.5299989,Phrase,1
10.146309,-3.0774941,Phrase,0
6.6388464,0.6105297,Phrase,1
9.660288,-1.3568441,Phrase,0
7.7615,-0.5728855,Phrase,1
9.63125,-4.1871467,Phrase,0
10.156971,-2.213565,Phrase,0
11.683408,-4.4090557,Phrase,1
7.4838157,-0.68099517,Phrase,2
5.5824523,-0.29198322,Phrase,1
8.849323,0.29676023,Phrase,0
7.076341,-0.80742073,Phrase,2
9.063397,-0.8070456,Phrase,2
9.747533,-0.24754658,Phrase,0
10.584161,-1.6585675,Phrase,2
9.500831,-5.28041,Phrase,0
8.04134,-0.24005757,Phrase,1
7.0044837,-2.4686427,Phrase,2
7.8229322,-2.304299,Phrase,0
7.494891,-0.23872197,Phrase,2
11.69074,-3.6911898,Phrase,1
7.4119997,-1.8327103,Phrase,0
3.758745,-1.3161991,Phrase,0
7.568614,-1.4801518,Phrase,0
7.8079586,-1.4566369,Phrase,2
4.9546804,-1.8511978,Phrase,0
6.5234017,0.107318275,Phrase,1
8.75364,-1.2601912,Phrase,0
6.123154,0.3311374,Phrase,1
6.436565,0.6804495,Phrase,1
8.082227,-1.3169665,Phrase,0
7.042067,-1.4398253,Phrase,1
7.8202143,-2.3272023,Phrase,0
9.803921,-2.895223,Phrase,2
6.915401,-1.4543377,Phrase,1
8.843426,-1.0699863,Phrase,0
11.1148205,-3.4454508,Phrase,2
9.667987,-3.7966006,Phrase,0
8.158306,-0.18617356,Phrase,0
3.9737573,-0.8906091,Phrase,0
7.832966,-1.9795105,Phrase,0
8.946711,-2.5109055,Phrase,2
9.309325,-1.7788697,Phrase,2
8.364203,-1.1931064,Phrase,2
7.7558484,-0.49026397,Phrase,2
7.6148953,0.3874086,Phrase,1
6.393494,-1.6840894,Phrase,2
6.390858,-0.95737493,Phrase,1
8.69077,-2.3678267,Phrase,2
7.199156,-1.5747031,Phrase,2
11.077814,-1.9920129,Phrase,2
9.228093,-2.2672713,Phrase,2
6.6548157,-1.3540008,Phrase,2
6.4248166,-1.7723714,Phrase,0
6.669674,-1.674834,Phrase,2
8.554234,-0.06610413,Phrase,2
9.760759,-1.6565055,Phrase,2
8.235044,-0.53202003,Phrase,0
10.398478,-2.2875218,Phrase,2
10.195093,-4.618414,Phrase,0
7.0354156,0.29958916,Phrase,1
8.1668825,-2.8411062,Phrase,0
10.054577,-1.316468,Phrase,2
6.0733876,-2.5523276,Phrase,0
9.643925,-0.51711196,Phrase,2
10.413083,-1.7347325,Phrase,2
7.955741,-1.1417077,Phrase,2
8.567088,-2.2078962,Phrase,2
6.04845,-1.3483051,Phrase,2
8.261994,-1.2035258,Phrase,0
10.271764,-2.5438206,Phrase,2
5.278482,0.6270114,Phrase,1
6.430964,-0.123251274,Phrase,1
5.467649,-0.47745875,Phrase,0
7.465843,-1.7231399,Phrase,2
8.496652,-1.4261274,Phrase,0
7.5901923,-0.89740616,Phrase,1
10.223986,0.2949641,Phrase,2
4.7739186,-0.89301425,Phrase,0
7.4459896,-0.5164241,Phrase,1
6.362449,-0.20900302,Phrase,2
5.2652483,0.6221334,Phrase,1
10.226851,-1.9801908,Phrase,2
9.820371,-3.1061797,Phrase,0
8.402333,-2.5303369,Phrase,0
7.0563927,-0.18390931,Phrase,1
6.7284527,-1.9582042,Phrase,2
10.447242,-3.4905493,Phrase,1
7.3763514,-0.38807154,Phrase,2
9.447112,-3.8090632,Phrase,1
6.9480443,-1.4522872,Phrase,2
6.2503643,-0.68671817,Phrase,0
9.374984,-4.229664,Phrase,0
10.551611,-1.9978415,Phrase,2
10.097559,-2.1527493,Phrase,2
7.325636,-0.94457746,Phrase,2
6.154196,-1.7310973,Phrase,2
9.998215,-1.7808145,Phrase,2
9.327598,-5.002134,Phrase,0
7.06752,-1.1938888,Phrase,0
8.39018,0.53208417,Phrase,2
11.246304,-4.9655433,Phrase,1
10.38169,-2.328967,Phrase,2
7.527847,-0.94390553,Phrase,0
6.1774206,-0.5945284,Phrase,0
6.261825,0.8789404,Phrase,0
7.2000904,-1.0476753,Phrase,0
7.72094,-0.6214727,Phrase,1
8.225032,1.0917969,Phrase,0
7.9445868,-5.6029863,Phrase,0
11.496058,-4.6918454,Phrase,1
7.353662,0.5873694,Phrase,1
6.9942083,1.1591474,Phrase,1
6.735033,-1.0601722,Phrase,0
6.3309307,-2.1108198,Phrase,0
9.780487,-3.5053768,Phrase,2
4.3440037,-1.2171221,Phrase,0
11.044847,-5.049268,Phrase,1
8.673647,-0.3146191,Phrase,2
8.884297,-0.3921982,Phrase,1
8.062311,0.90797615,Phrase,1
8.402206,-2.0369654,Phrase,2
6.4043794,-1.1340007,Phrase,1
8.082668,-1.1004251,Phrase,1
7.1773243,0.7218647,Phrase,1
8.138589,-2.4028115,Phrase,0
5.617188,-0.39361545,Phrase,1
5.883594,-0.9809433,Phrase,1
8.066922,-3.3043504,Phrase,0
8.387169,-0.85129195,Phrase,2
7.4691367,-2.130505,Phrase,2
7.172427,-0.35991293,Phrase,1
10.178552,-2.0567756,Phrase,2
7.409867,-0.7883687,Phrase,0
8.475052,-0.25857142,Phrase,0
9.332723,-1.6151472,Phrase,2
9.508187,-2.0735798,Phrase,0
8.345089,0.5273268,Phrase,0
10.384345,-2.0325637,Phrase,2
7.772956,-2.489448,Phrase,0
6.1868405,-1.910344,Phrase,2
9.97568,-3.167406,Phrase,0
8.98037,-0.67995805,Phrase,2
6.9403925,-0.6644096,Phrase,0
4.186859,-1.0417236,Phrase,0
10.008227,0.5627184,Phrase,1
11.4574175,-4.3490915,Phrase,1
9.168196,-2.426196,Phrase,0
8.629523,-0.41396475,Phrase,2
7.1871424,-1.4963499,Phrase,2
9.233366,-1.5104781,Phrase,2
6.3084555,-2.3002138,Phrase,2
6.299514,-1.4206228,Phrase,2
5.704104,-2.1621606,Phrase,1
9.603113,-4.3465405,Phrase,0
7.4169946,-1.1988094,Phrase,2
6.831515,0.25857016,Phrase,0
9.865854,-3.2065065,Phrase,0
8.0707245,-1.8443917,Phrase,2
10.958739,-3.3489046,Phrase,0
6.4299107,-0.22574207,Phrase,0
10.258457,-1.696393,Phrase,1
6.3622904,-2.0001962,Phrase,0
10.599833,-1.5869322,Phrase,2
4.355088,-1.4742786,Phrase,0
7.239986,-0.9566871,Phrase,2
6.074975,-2.7582097,Phrase,1
9.682521,-2.2341235,Phrase,2
11.598503,-3.3110845,Phrase,1
8.95135,-2.086835,Phrase,2
6.267878,0.5757179,Phrase,1
7.4845285,-1.5193031,Phrase,0
6.2014585,-1.561524,Phrase,2
6.5106745,-1.412738,Phrase,2
5.8356624,-1.9507816,Phrase,1
6.29975,-3.4972558,Phrase,0
10.152697,-2.0279455,Phrase,2
9.6325245,-3.713243,Phrase,0
9.617052,-1.7185332,Phrase,2
10.237104,-3.4829504,Phrase,0
4.63671,-1.1968315,Phrase,0
7.8831897,-1.2425913,Phrase,2
6.4228754,0.8566932,Phrase,1
7.2020817,0.36451188,Phrase,0
6.4923,0.4225081,Phrase,1
7.3048353,-1.0129051,Phrase,0
10.2866955,-2.5835507,Phrase,2
10.593877,-0.88906974,Phrase,1
5.7982235,0.8390424,Phrase,1
6.1966352,-1.4067614,Phrase,0
8.657724,-1.4193624,Phrase,2
7.5434976,-1.3910747,Phrase,0
3.818879,-0.7974463,Phrase,1
11.620091,-4.366511,Phrase,1
11.388413,-4.682574,Phrase,0
6.0228896,-0.90727395,Phrase,1
8.210725,-1.1956384,Phrase,2
7.9631047,0.3803069,Phrase,1
3.8471904,-0.74949473,Phrase,0
7.676162,-0.039728295,Phrase,1
6.8560205,-0.9672201,Phrase,0
4.3575983,-2.526518,Phrase,0
10.616007,-0.95225054,Phrase,2
9.321162,-0.6511541,Phrase,2
6.8431587,0.81003,Phrase,1
8.221201,-1.8566884,Phrase,0
11.855071,-3.6045456,Phrase,1
7.2720075,0.17787465,Phrase,1
7.9929414,-1.5610746,Phrase,0
5.8863187,0.5854969,Phrase,1
10.929913,-3.3167884,Phrase,1
10.679065,-1.7822381,Phrase,2
8.110633,-1.938931,Phrase,0
7.2252836,-1.5943638,Phrase,2
7.1437135,0.8452904,Phrase,1
7.8057165,0.92265975,Phrase,0
5.9281354,-2.885433,Phrase,0
10.66152,-2.5156252,Phrase,2
6.691388,-1.7511628,Phrase,1
7.917764,-0.715194,Phrase,2
4.4166203,-1.0577494,Phrase,0
9.822324,-1.4086398,Phrase,2
8.747925,-5.2340164,Phrase,0
9.496656,-2.7986934,Phrase,2
8.64818,-1.5587542,Phrase,2
9.131305,-1.9270141,Phrase,0
7.8342376,-0.9273653,Phrase,2
4.5713487,-1.198056,Phrase,0
9.160732,-1.5228678,Phrase,0
8.101019,0.7996903,Phrase,2
7.9517426,-1.1357388,Phrase,2
6.0524354,-2.4988809,Phrase,2
6.84636,-1.3646207,Phrase,2
6.677986,-0.65781987,Phrase,1
9.1284685,-2.0066159,Phrase,0
8.26682,3.0955982,Phrase,1
7.383312,1.6005067,Phrase,1
7.9348016,-1.0495054,Phrase,2
7.853501,-0.5109774,Phrase,2
10.279909,-1.641036,Phrase,2
8.324902,-1.9014357,Phrase,0
10.305397,-1.3160744,Phrase,2
5.9101815,-1.7837871,Phrase,1
7.964347,-0.47113514,Phrase,2
10.772503,-2.0146682,Phrase,2
9.72114,-0.29153123,Phrase,0
8.760255,-0.67789894,Phrase,2
5.2071304,-0.19874625,Phrase,0
7.7354007,-1.6512038,Phrase,2
7.8268533,-0.9288161,Phrase,2
6.480055,-3.1822062,Phrase,0
5.8754196,0.7315268,Phrase,1
7.070976,-1.5831058,Phrase,1
11.469775,-3.5365782,Phrase,1
7.3628335,0.44442254,Phrase,1
8.091673,0.73757446,Phrase,1
7.14711,1.1557028,Phrase,1
10.3354025,-1.1764523,Phrase,2
10.653756,-2.4826827,Phrase,2
6.03894,-2.1666658,Phrase,0
6.4456015,-2.316501,Phrase,0
6.9473057,-0.32443157,Phrase,0
5.57949,-0.98048383,Phrase,0
5.2367325,-0.36648878,Phrase,0
7.390261,-1.4134632,Phrase,2
5.888733,-0.40544593,Phrase,0
9.137551,-4.9912724,Phrase,0
10.746608,-1.8423358,Phrase,2
6.026603,0.25666693,Phrase,1
7.5332212,-1.5462997,Phrase,2
7.6603165,0.4678479,Phrase,0
5.8552694,-1.0912911,Phrase,0
11.655847,-3.7111473,Phrase,1
10.8810425,-1.8327352,Phrase,0
10.598619,-1.0494307,Phrase,2
6.886937,-2.0711577,Phrase,2
10.963022,-2.0793192,Phrase,2
9.2320385,-1.7739531,Phrase,2
7.2306185,-1.41137,Phrase,2
7.4045854,0.85354984,Phrase,0
5.532948,-1.2945552,Phrase,0
7.7871957,-1.8678347,Phrase,0
7.43065,-2.1063235,Phrase,1
9.046957,-0.43659446,Phrase,2
6.1389346,-2.865495,Phrase,2
7.8422894,0.54393554,Phrase,1
5.626232,1.3609816,Phrase,1
8.000729,-0.19202134,Phrase,2
9.6246195,-2.2779036,Phrase,2
7.1128736,0.72384894,Phrase,1
6.8164268,-0.4640708,Phrase,1
6.746059,-1.2726389,Phrase,0
8.840874,-4.4793043,Phrase,0
6.468037,-0.025193168,Phrase,1
6.6479053,-0.96620464,Phrase,2
9.242865,4.0921965,Phrase,1
10.460104,-0.7755986,Phrase,1
6.1017756,-0.033469617,Phrase,1
9.543551,-0.774587,Phrase,2
7.1481752,-0.93794805,Phrase,2
7.7229347,-2.3160512,Phrase,0
10.162097,-1.8879579,Phrase,2
6.0858884,-0.5532792,Phrase,1
7.3038583,-1.2967038,Phrase,2
8.06821,-0.51847184,Phrase,2
6.898582,-0.840772,Phrase,1
7.2691607,-1.1234769,Phrase,0
7.209843,-1.6490163,Phrase,2
10.2493105,-4.290808,Phrase,0
7.728187,-1.144442,Phrase,2
4.1928697,-1.3634053,Phrase,0
7.630668,-5.616889,Phrase,0
3.801891,-0.7949358,Phrase,0
11.413915,-4.937957,Phrase,0
9.655537,-2.3561606,Phrase,0
6.1408544,-1.0677983,Phrase,1
10.249781,-4.5339622,Phrase,0
6.980982,-1.6556282,Phrase,0
7.2893176,-1.7787336,Phrase,2
7.9395885,-0.10765938,Phrase,1
8.001989,-0.7287441,Phrase,1
8.125389,-0.6213958,Phrase,0
9.955067,-2.9462988,Phrase,2
8.513266,-1.2119638,Phrase,2
9.5590725,-3.2605317,Phrase,0
9.328442,-3.3747764,Phrase,0
11.313495,-4.6826744,Phrase,0
9.168064,-2.6820564,Phrase,0
5.74278,0.9319646,Phrase,1
9.796941,-1.9045776,Phrase,2
8.629331,-0.3964554,Phrase,2
7.435555,1.2507569,Phrase,1
9.474308,-2.5100484,Phrase,0
6.7468247,-1.4549425,Phrase,2
8.588632,-2.6604412,Phrase,0
8.518403,-2.9483948,Phrase,0
7.0329633,-0.86204493,Phrase,0
8.219575,-4.062459,Phrase,0
6.316914,0.25667852,Phrase,1
6.0173807,0.006567514,Phrase,1
9.192779,-1.2949423,Phrase,2
7.5846963,-0.9318498,Phrase,1
6.657091,-2.1101117,Phrase,2
10.549146,-1.7285565,Phrase,2
9.204675,-1.743138,Phrase,2
7.060525,1.1094935,Phrase,1
7.753844,-0.2613618,Phrase,2
6.1095514,-0.009128474,Phrase,1
7.7756143,-1.5062095,Phrase,0
9.523125,-3.1365268,Phrase,0
5.293023,0.044130314,Phrase,0
7.727084,-1.1675341,Phrase,2
7.1287007,-0.8667725,Phrase,2
9.627148,-1.8738457,Phrase,0
8.194658,0.3968594,Phrase,2
7.556046,-2.0921032,Phrase,2
6.8383226,0.9390651,Phrase,1
7.144947,-0.053918194,Phrase,1
9.345517,-1.5561985,Phrase,2
8.832779,-2.6699593,Phrase,0
10.856828,-1.6217629,Phrase,2
9.595182,-0.630504,Phrase,1
6.124648,0.119371854,Phrase,0
10.426781,-1.7750027,Phrase,2
9.424865,-3.9916189,Phrase,0
8.507418,-0.38880113,Phrase,1
7.2910132,-0.7937291,Phrase,1
7.5264673,-0.3720598,Phrase,2
8.804378,-0.20920254,Phrase,1
9.204063,-0.89759475,Phrase,0
6.634889,0.43367058,Phrase,1
6.397382,-1.6617827,Phrase,1
7.4185004,-1.295668,Phrase,0
8.255385,0.6049246,Phrase,1
7.16969,-0.70180815,Phrase,0
7.777273,-1.3078485,Phrase,2
5.585263,-2.83926,Phrase,0
8.680554,-1.0142151,Phrase,1
6.243902,0.43729812,Phrase,1
7.8865576,-1.8367041,Phrase,0
7.4113626,-1.3555657,Phrase,2
6.415456,-1.5495687,Phrase,1
9.603573,-3.5017688,Phrase,0
7.6181803,-0.809764,Phrase,1
9.590759,-1.6382109,Phrase,2
7.8949876,0.19275492,Phrase,1
11.887509,-3.795611,Phrase,1
9.324949,-3.3084986,Phrase,0
6.016272,-1.9545532,Phrase,2
10.41677,-4.5704136,Phrase,0
7.0135565,-0.4381369,Phrase,1
9.283673,4.165607,Phrase,1
9.783677,-5.8370957,Phrase,0
8.248251,-0.8083892,Phrase,0
8.231069,-2.0979412,Phrase,0
9.149159,-4.264175,Phrase,0
7.4543586,-2.2741468,Phrase,0
6.223188,-1.9841175,Phrase,1
8.853227,-0.47731856,Phrase,2
4.9617157,0.31683788,Phrase,1
10.595298,-0.96782106,Phrase,2
10.850082,-2.2103322,Phrase,2
9.457749,-2.9901886,Phrase,2
8.131392,-1.5681448,Phrase,2
11.644383,-3.5083523,Phrase,0
10.19563,-2.065626,Phrase,2
6.874874,0.6484039,Phrase,1
-5.855474,2.5693805,Phrase,1
8.322845,-1.3213854,Phrase,2
8.507255,-0.58120006,Phrase,0
8.349037,-2.136497,Phrase,0
6.919574,1.3654468,Phrase,1
9.090365,-4.093116,Phrase,0
9.121725,-5.4960876,Phrase,0
9.93749,-4.2588773,Phrase,0
8.705179,-1.6846772,Phrase,2
8.070003,-1.9926844,Phrase,0
11.0562725,-2.5644732,Phrase,2
8.195602,-2.2304027,Phrase,0
10.199429,-4.335696,Phrase,0
9.346949,-0.5029221,Phrase,1
8.504043,-1.0348431,Phrase,1
5.860345,0.3750268,Phrase,1
9.926251,-5.8771267,Phrase,0
7.77722,-1.7105031,Phrase,0
7.7195144,-0.65289956,Phrase,2
10.188379,-1.6931663,Phrase,2
5.3689504,-1.5326989,Phrase,0
10.163618,-5.004194,Phrase,0
8.192767,-1.7346668,Phrase,0
7.166825,-1.7927722,Phrase,2
9.032187,-0.34305054,Phrase,1
7.3609514,-1.2293549,Phrase,0
4.283263,-0.9679501,Phrase,1
7.475905,-2.1354723,Phrase,0
9.684567,-1.7972418,Phrase,2
7.6410723,-0.56596196,Phrase,0
8.266393,3.0952053,Phrase,1
7.267454,-2.508386,Phrase,2
6.066049,0.34484193,Phrase,1
4.3035126,-2.3581455,Phrase,2
10.254324,0.07585556,Phrase,2
8.896695,-2.9598014,Phrase,0
9.748638,-4.3171763,Phrase,0
10.099333,-1.9972553,Phrase,2
10.632953,-1.5839981,Phrase,2
7.51068,-2.4779325,Phrase,0
8.075531,-0.58342427,Phrase,1
7.673708,-1.0759249,Phrase,0
6.1396785,-2.569793,Phrase,0
8.610278,-1.2306831,Phrase,2
6.2111206,-0.4954133,Phrase,0
9.255914,-3.029835,Phrase,0
8.632958,-5.815878,Phrase,0
7.8310623,-1.210208,Phrase,2
8.197776,-2.0041425,Phrase,2
9.412787,-4.731641,Phrase,0
9.666709,-4.2507234,Phrase,0
7.1643376,0.23212434,Phrase,1
10.792576,-1.947349,Phrase,2
7.4127645,-0.9064349,Phrase,2
7.438637,0.15420671,Phrase,1
7.766052,-2.5349317,Phrase,0
7.5676746,-1.9163839,Phrase,2
9.567673,-3.2199545,Phrase,2
7.6820064,-0.45808604,Phrase,1
8.396441,-3.0614316,Phrase,0
8.730946,-0.1937125,Phrase,2
7.7783895,-0.28841257,Phrase,2
11.656137,-4.396212,Phrase,1
5.897252,-1.9737833,Phrase,2
9.616227,-3.2429993,Phrase,0
10.312652,-1.6350337,Phrase,2
7.8840675,-1.8423972,Phrase,2
7.142613,-5.1623974,Phrase,0
7.4144874,1.4302852,Phrase,1
7.3187413,-1.5113368,Phrase,2
10.203818,-4.642139,Phrase,0
10.159033,-1.3161194,Phrase,2
10.655639,-3.3947563,Phrase,1
4.6137185,-0.7840247,Phrase,2
6.1818995,-2.5928154,Phrase,1
9.266485,-4.499122,Phrase,2
9.442201,-2.879539,Phrase,0
5.8700337,-1.1564742,Phrase,0
8.285756,-1.5706655,Phrase,2
9.159394,-4.276603,Phrase,0
11.142455,-4.9464855,Phrase,1
8.010459,0.22924109,Phrase,1
7.762357,-1.924496,Phrase,0
9.344369,-0.59404474,Phrase,2
9.302513,-3.1921399,Phrase,1
6.5232654,0.15204258,Phrase,1
-5.8552284,2.5695093,Phrase,1
7.2851696,-2.1940627,Phrase,2
8.874921,0.27191556,Phrase,1
11.563611,-4.1206703,Phrase,0
5.7787666,-1.9256777,Phrase,0
7.146311,-1.123305,Phrase,2
7.4258194,-0.24473064,Phrase,2
6.715082,0.072934926,Phrase,1
8.289719,-0.025824545,Phrase,1
10.717389,-2.541908,Phrase,2
6.196107,-1.8081707,Phrase,0
9.439031,-0.6508882,Phrase,2
9.013423,-2.1102264,Phrase,2
7.653817,-2.2144713,Phrase,0
9.326348,-1.963745,Phrase,2
9.514644,-1.3810494,Phrase,2
6.1147103,-0.73835886,Phrase,1
11.010691,-2.022221,Phrase,2
4.819521,-1.396227,Phrase,1
9.848402,-1.2272376,Phrase,2
8.2109,-0.70968854,Phrase,0
8.943086,-1.8564289,Phrase,2
9.97099,-3.854363,Phrase,0
8.787391,-2.575342,Phrase,0
5.8681617,-0.6436894,Phrase,0
9.19272,-0.74533796,Phrase,2
10.319925,-0.20136277,Phrase,1
9.496453,-0.5383504,Phrase,2
5.256297,0.64392024,Phrase,1
6.006137,0.3714858,Phrase,1
5.6962256,1.3311822,Phrase,1
10.239152,-4.3254957,Phrase,0
4.7108383,-1.9803984,Phrase,1
5.9628,0.8409375,Phrase,1
8.802006,0.1217321,Phrase,0
9.130206,-0.41919848,Phrase,2
11.768725,-3.4397373,Phrase,1
9.230252,-2.2336326,Phrase,2
8.319483,-1.6410787,Phrase,0
5.894744,-0.34157515,Phrase,1
8.885054,-1.950611,Phrase,2
8.307183,-2.082261,Phrase,2
5.739325,-0.7077509,Phrase,1
7.14568,-0.7314432,Phrase,1
10.486988,-1.661769,Phrase,2
8.461107,-0.49987093,Phrase,0
7.2685547,-1.1247787,Phrase,2
9.028385,-5.426744,Phrase,0
10.195628,-1.6563212,Phrase,2
10.236641,-1.1182523,Phrase,0
9.020938,-2.03934,Phrase,2
8.752544,-0.9067964,Phrase,2
5.699767,-0.4072167,Phrase,0
9.146187,-4.020968,Phrase,0
7.969007,-1.2444749,Phrase,0
7.87687,-0.979356,Phrase,1
6.7996144,-0.8684694,Phrase,0
10.15089,-4.3677406,Phrase,0
10.421738,-2.326997,Phrase,2
8.31479,-2.021848,Phrase,0
9.79946,-0.41720062,Phrase,0
9.391121,-0.83932215,Phrase,2
11.493922,-4.096908,Phrase,0
6.3303156,-2.6830468,Phrase,0
10.86957,-1.2401035,Phrase,1
6.10706,-2.1235588,Phrase,2
10.699878,-1.3598064,Phrase,2
8.213177,-0.51120836,Phrase,0
9.112476,-0.37305492,Phrase,2
9.431732,-1.9611233,Phrase,2
8.618607,-2.497461,Phrase,2
8.151587,-1.3413118,Phrase,0
9.336514,-2.167544,Phrase,2
7.817047,-0.33713204,Phrase,2
7.272202,1.2445484,Phrase,1
7.591716,-1.2760273,Phrase,2
8.536453,-3.112476,Phrase,2
6.5788975,0.087692626,Phrase,0
6.363366,-2.7408054,Phrase,0
5.8459272,-0.12943153,Phrase,1
5.690196,1.3117087,Phrase,1
10.172546,2.587937,Phrase,1
6.1493897,0.038574714,Phrase,1
8.876009,-2.576297,Phrase,0
7.666633,-2.191899,Phrase,0
5.767727,0.44322133,Phrase,0
6.4665956,0.0074834693,Phrase,1
8.404848,-2.0387518,Phrase,2
8.775617,0.2348491,Phrase,0
8.130384,-1.4675454,Phrase,0
8.07693,-0.19293715,Phrase,1
11.294853,-5.2147818,Phrase,1
10.06305,-4.4115844,Phrase,0
9.501725,-0.6929595,Phrase,1
4.7525496,0.7762938,Phrase,1
6.4192863,-1.7115059,Phrase,2
8.0551,-2.484616,Phrase,0
8.891643,-1.7186348,Phrase,2
9.304129,-2.7519011,Phrase,0
9.501177,-1.2313812,Phrase,2
9.514548,-3.241445,Phrase,0
8.257876,-2.5904124,Phrase,0
11.701375,-3.5362468,Phrase,1
10.417394,-0.46666816,Phrase,2
6.354027,-1.6933779,Phrase,0
4.195386,-1.1838355,Phrase,0
9.279193,-0.67951286,Phrase,1
6.8424115,-2.3629975,Phrase,2
7.541452,-1.0511247,Phrase,1
9.25459,-3.3664203,Phrase,0
7.6210485,-1.527989,Phrase,1
7.3781366,-2.3641255,Phrase,2
7.1649175,-1.7865477,Phrase,2
6.9263663,0.16507356,Phrase,0
6.96459,-0.5533627,Phrase,2
6.720796,0.84177387,Phrase,1
5.0415425,-0.34854236,Phrase,1
9.547039,-4.7070985,Phrase,0
7.20939,0.5252156,Phrase,2
7.2793083,-1.3991613,Phrase,0
8.126774,-2.6945248,Phrase,2
7.224383,0.091254316,Phrase,2
5.9298396,-2.071794,Phrase,2
10.333678,-1.9036763,Phrase,2
6.819767,-0.59319365,Phrase,2
6.9422174,-1.3168783,Phrase,2
8.584627,-0.6425216,Phrase,0
6.7778807,-1.4217365,Phrase,2
8.993385,-1.8867095,Phrase,2
11.299262,-3.8448513,Phrase,1
5.837902,-1.2585082,Phrase,2
5.94639,-2.7042239,Phrase,1
10.1423,0.04073862,Phrase,2
7.0559006,1.1540256,Phrase,1
8.442679,-1.8782613,Phrase,2
9.255196,-4.32131,Phrase,0
6.3543715,-1.5681568,Phrase,2
8.839068,-2.0828,Phrase,2
9.154318,-4.897752,Phrase,0
7.019387,-1.726121,Phrase,2
11.340182,-5.2113395,Phrase,0
6.7627,-0.22011313,Phrase,1
9.69529,-0.4366972,Phrase,0
10.594222,-1.9009883,Phrase,2
7.597579,-1.3841543,Phrase,0
10.277273,-2.5417538,Phrase,2
7.341186,-0.6706793,Phrase,2
6.080335,-1.4110178,Phrase,0
8.525376,-2.6809325,Phrase,2
6.5489545,-1.0404819,Phrase,1
9.474909,-0.91654825,Phrase,0
8.160472,-5.870497,Phrase,0
9.823273,-1.2459397,Phrase,1
7.1947007,-1.7403051,Phrase,2
8.991133,-1.3007923,Phrase,2
8.399135,-0.5779862,Phrase,0
11.676884,-4.2683377,Phrase,0
6.809402,1.2782662,Phrase,1
9.93539,-5.017632,Phrase,0
9.543738,-4.392619,Phrase,0
7.876493,-1.0848895,Phrase,1
4.402612,-1.8150187,Phrase,0
9.135142,-2.0738091,Phrase,0
9.221953,-2.321406,Phrase,0
10.381502,-1.1856585,Phrase,2
8.085369,-1.5578369,Phrase,0
5.594925,-1.1025797,Phrase,2
10.548672,-2.0345616,Phrase,2
7.879759,-1.8867705,Phrase,0
9.941297,-1.350932,Phrase,2
7.94463,-2.750763,Phrase,2
7.8506784,-0.04587886,Phrase,1
10.20915,-1.6702728,Phrase,2
10.058261,-1.9445357,Phrase,2
6.5183964,-0.18214473,Phrase,1
9.58199,-1.4031364,Phrase,2
6.7492146,0.04944382,Phrase,1
7.555736,-1.9677631,Phrase,0
7.494167,1.606324,Phrase,1
7.65599,-2.0230544,Phrase,2
7.103894,-1.9292883,Phrase,0
11.908675,-4.502234,Phrase,1
9.13051,-1.8727808,Phrase,2
8.262361,-1.7860106,Phrase,0
8.074394,0.8050161,Phrase,2
10.09398,-1.8695781,Phrase,2
8.014623,-2.4264407,Phrase,2
10.237376,-4.2591166,Phrase,0
5.278358,-0.16037275,Phrase,0
7.179902,-1.9666294,Phrase,2
5.8409076,0.28145754,Phrase,1
6.9087315,-2.0027235,Phrase,2
4.497075,-1.4052718,Phrase,0
7.8230953,-1.1851722,Phrase,2
7.338505,-1.4707772,Phrase,2
9.015125,-2.1528225,Phrase,2
10.06047,-4.374536,Phrase,0
8.035114,-0.31639233,Phrase,1
8.948611,-2.2761097,Phrase,2
6.937994,1.3840102,Phrase,1
9.383742,-1.8750436,Phrase,2
6.099857,-0.30318964,Phrase,1
7.207387,-1.0118344,Phrase,2
6.7017665,0.7528866,Phrase,1
6.6164136,-1.1277531,Phrase,1
11.015447,-2.0547094,Phrase,2
7.2838874,-1.2046459,Phrase,0
8.566743,-1.1646956,Phrase,0
9.246278,-2.0133865,Phrase,2
7.7120466,-2.1253333,Phrase,2
7.3581448,-1.109334,Phrase,2
10.763875,-1.8688391,Phrase,2
6.3446407,-1.7103733,Phrase,0
10.132444,-4.4572506,Phrase,0
10.926176,-1.6290722,Phrase,2
6.0591626,-1.7271162,Phrase,2
11.381672,-4.6646614,Phrase,1
8.203888,-1.3299925,Phrase,0
8.18081,-1.9412175,Phrase,0
7.206962,0.27666014,Phrase,1
8.266118,3.0954392,Phrase,1
6.8002844,8.029715,Phrase,1
5.908684,0.71485263,Phrase,1
7.6461754,-1.3795875,Phrase,2
11.771629,-3.6333144,Phrase,1
8.052809,-2.9596164,Phrase,0
10.279137,-3.6033585,Phrase,0
7.8612714,-2.361725,Phrase,0
8.784952,-2.3484921,Phrase,0
10.474518,-1.8412734,Phrase,2
9.338064,-2.3256881,Phrase,0
6.9089837,-2.084488,Phrase,2
7.448391,-0.038146306,Phrase,1
6.834052,-2.2601864,Phrase,2
8.259409,-1.4087174,Phrase,2
7.6487913,-1.0746237,Phrase,0
9.283803,4.1660047,Phrase,1
7.125441,-1.8229406,Phrase,0
7.5772223,-1.7081261,Phrase,2
6.557198,0.038884807,Phrase,1
5.8346353,0.68260974,Phrase,1
10.256378,0.23657699,Phrase,2
10.974137,-3.3160262,Phrase,1
7.4285326,-1.737519,Phrase,2
6.9409766,-0.1727389,Phrase,1
6.6651754,-1.6853191,Phrase,1
7.3578916,-1.8864394,Phrase,0
9.5115,-1.4811746,Phrase,2
10.847251,-1.8078668,Phrase,2
9.109596,-1.9146802,Phrase,0
7.393931,-0.90267456,Phrase,2
10.182873,0.43345484,Phrase,1
9.911819,0.37599164,Phrase,1
8.143606,-2.669857,Phrase,2
9.172015,-2.882508,Phrase,2
8.970826,-2.9481401,Phrase,0
8.222267,-2.1233563,Phrase,0
10.45501,-1.4964199,Phrase,2
9.176188,-2.3443758,Phrase,2
7.966932,-2.4137933,Phrase,0
10.706674,-1.1367295,Phrase,2
7.38109,-1.0040872,Phrase,2
6.0182967,-1.5953239,Phrase,2
12.000881,-3.5828698,Phrase,1
10.003183,-2.8630602,Phrase,2
9.984876,-2.6940718,Phrase,2
10.497851,-1.0981867,Phrase,2
5.8229256,-1.996363,Phrase,2
10.329699,-2.4257855,Phrase,2
10.008736,-3.112848,Phrase,1
4.1824803,-0.995808,Phrase,0
9.941582,0.27294934,Phrase,0
10.623641,-0.9573398,Phrase,2
7.684798,-1.8020701,Phrase,0
6.725853,0.7965224,Phrase,1
6.9193354,-0.8830856,Phrase,2
9.160906,-1.5843772,Phrase,2
9.33106,-4.2556577,Phrase,0
7.83998,0.1000238,Phrase,2
6.7019773,1.1036069,Phrase,1
7.162322,3.3514369,Phrase,1
10.586308,-1.873543,Phrase,2
10.39366,-0.8553511,Phrase,2
7.436507,-1.6481158,Phrase,0
11.049412,-1.9797003,Phrase,1
9.396636,-0.6892236,Phrase,2
8.921676,0.022599366,Phrase,0
5.20291,-0.27220565,Phrase,0
8.248516,-1.6641986,Phrase,2
9.617594,-1.321282,Phrase,2
6.806644,-1.8664182,Phrase,2
9.48369,-0.8696705,Phrase,2
10.917783,-1.6298661,Phrase,1
7.077301,-0.49071795,Phrase,1
11.50525,-5.0777087,Phrase,1
4.515995,-1.939917,Phrase,1
8.85218,0.1423472,Phrase,0
10.38889,-3.7089727,Phrase,0
11.1150255,-1.3222709,Phrase,1
5.8468676,-1.630241,Phrase,2
8.40046,0.65151983,Phrase,1
6.769281,0.7043723,Phrase,1
8.662782,-1.7388313,Phrase,2
6.6561255,0.7617721,Phrase,1
6.530787,-1.9598063,Phrase,2
6.1227927,-1.1701187,Phrase,1
7.202102,-1.424912,Phrase,2
6.5535126,-2.3604207,Phrase,2
10.931061,-1.9166682,Phrase,2
8.182036,-0.45102948,Phrase,2
9.051766,-1.9965613,Phrase,0
11.423933,-3.5348475,Phrase,0
8.943669,-1.999065,Phrase,2
6.4930787,-1.5607898,Phrase,1
7.464123,-1.9179997,Phrase,0
3.819764,-0.8015172,Phrase,1
8.672069,-1.6391406,Phrase,0
9.899066,-4.6000404,Phrase,0
10.271226,-4.4672294,Phrase,0
7.4348803,-0.4294017,Phrase,0
6.7758474,-0.5802907,Phrase,2
7.6566973,-1.3295642,Phrase,2
10.499646,-3.4462938,Phrase,2
7.536464,-0.41942054,Phrase,2
11.410197,-4.602093,Phrase,1
3.873963,-0.77062196,Phrase,0
10.509201,-1.3998336,Phrase,2
10.2947,-2.3020554,Phrase,2
9.798647,-2.1214428,Phrase,2
6.7155123,-1.0739574,Phrase,2
8.422789,-0.5754571,Phrase,0
7.3914967,-5.369937,Phrase,0
8.967464,0.10297079,Phrase,0
9.41063,-3.0055304,Phrase,0
8.2242365,0.74423695,Phrase,1
5.88292,-1.8076644,Phrase,2
8.163063,-1.0050772,Phrase,2
9.68868,-5.0403876,Phrase,0
4.321524,-1.0487094,Phrase,0
6.9712453,-1.6543045,Phrase,0
5.885194,-0.6596274,Phrase,0
9.399256,-3.363055,Phrase,0
11.839546,-3.7185252,Phrase,0
8.3003025,-2.6166697,Phrase,0
7.374642,-0.43202505,Phrase,1
10.48973,-4.2862983,Phrase,0
11.01348,-2.140888,Phrase,2
-5.8574486,2.5701537,Phrase,1
9.370001,-0.3561404,Phrase,1
10.567654,-3.60488,Phrase,1
9.430348,-4.412033,Phrase,0
7.3665867,-0.997094,Phrase,2
9.866862,-2.9074922,Phrase,0
7.574292,-2.046219,Phrase,0
10.162687,-2.1570456,Phrase,2
8.266215,3.0961008,Phrase,1
8.269175,-0.89716756,Phrase,0
9.40029,-2.5201447,Phrase,2
9.624673,-3.2759886,Phrase,2
10.36606,-0.7931677,Phrase,2
6.026097,-2.6255612,Phrase,2
14.630924,-5.040061,Phrase,1
5.886926,-0.9921227,Phrase,1
8.597159,-0.029653108,Phrase,1
7.0125713,-2.0239685,Phrase,2
10.234909,-1.7456216,Phrase,2
8.603948,-0.1654936,Phrase,0
10.087336,-0.31801087,Phrase,2
6.8722076,-1.484908,Phrase,2
10.780711,-1.5051905,Phrase,2
7.8088303,-1.0031117,Phrase,2
6.9023504,1.3904108,Phrase,1
7.493607,0.18238114,Phrase,1
10.220775,-1.8234751,Phrase,2
6.798677,7.9765115,Phrase,1
6.9693785,-1.8614318,Phrase,2
5.891511,-2.050417,Phrase,2
6.800838,-1.5518026,Phrase,2
10.649434,-1.6479921,Phrase,2
6.7455006,-1.4601015,Phrase,0
9.884261,-3.2602222,Phrase,0
8.594319,-1.2528379,Phrase,0
4.4358606,-1.2153021,Phrase,0
9.055911,-2.1841538,Phrase,2
10.393594,-1.2364959,Phrase,2
7.3650637,-0.4704645,Phrase,2
10.726748,-1.7716832,Phrase,2
12.117605,-3.6188905,Phrase,1
10.960727,-1.6195902,Phrase,2
8.446421,-1.514264,Phrase,0
7.1053076,-1.8799013,Phrase,1
8.601629,-1.0761542,Phrase,1
7.3133926,-0.30837506,Phrase,1
7.497666,-0.8402731,Phrase,2
5.097713,-1.7287605,Phrase,0
7.4455423,-1.835487,Phrase,0
8.484922,-1.8338417,Phrase,2
8.725265,-1.2819698,Phrase,2
9.225462,-4.209215,Phrase,0
8.585081,-0.7921813,Phrase,0
7.9527993,-1.5555246,Phrase,0
9.570631,-3.8316152,Phrase,0
6.4861093,-2.0541806,Phrase,2
6.279132,-0.3925325,Phrase,1
5.4600844,0.29735354,Phrase,1
8.816835,0.20540936,Phrase,1
8.454317,-2.6945455,Phrase,0
7.675607,-2.4403853,Phrase,2
6.7924824,0.06678081,Phrase,1
11.909648,-4.506287,Phrase,1
9.800491,-2.0735395,Phrase,2
9.941378,-4.444994,Phrase,0
5.6649513,-0.727637,Phrase,1
10.114923,-3.9071994,Phrase,0
5.1090856,-1.6832839,Phrase,0
8.273176,-0.99026495,Phrase,2
7.1609116,-2.199957,Phrase,2
10.459357,-1.8505384,Phrase,2
4.6139426,-1.1906476,Phrase,0
5.6889668,-3.1296127,Phrase,0
10.433686,-1.5724114,Phrase,2
9.628155,-3.5598698,Phrase,0
10.548455,-1.9256334,Phrase,2
9.674541,-5.4723454,Phrase,0
9.9656515,-3.1277366,Phrase,1
8.978994,-2.236884,Phrase,2
7.642522,-2.1188037,Phrase,2
7.063795,-0.42988566,Phrase,1
7.6267204,-1.4238542,Phrase,2
7.41787,1.3655099,Phrase,1
11.372473,-4.6474376,Phrase,1
8.928201,-1.8014485,Phrase,2
8.455446,0.57128185,Phrase,0
7.8459773,-1.8032907,Phrase,0
9.512336,-3.1323798,Phrase,0
9.490843,-1.4869957,Phrase,2
7.117912,-1.0755038,Phrase,2
10.2421465,-1.6889361,Phrase,2
8.445605,-0.24332204,Phrase,1
10.512374,-2.053668,Phrase,2
9.839085,-2.8293066,Phrase,1
10.492133,-0.82286537,Phrase,2
7.4961843,0.39490604,Phrase,1
9.106711,-1.0854318,Phrase,1
6.553474,-1.5719857,Phrase,1
7.048571,-1.7168756,Phrase,0
9.941919,-2.282339,Phrase,2
7.1785707,-1.1185784,Phrase,2
8.382648,0.2422857,Phrase,1
8.278578,0.7009379,Phrase,1
10.282362,-1.641423,Phrase,2
9.580444,-1.9758321,Phrase,2
5.449806,-0.28846237,Phrase,1
5.819264,-1.0214374,Phrase,1
5.9591227,-0.9865178,Phrase,0
8.403225,-0.12270863,Phrase,1
5.679745,1.2571263,Phrase,1
8.0615425,0.17500634,Phrase,0
11.002755,-1.7147698,Phrase,2
6.8364677,0.40490735,Phrase,0
10.465422,-2.4063568,Phrase,2
10.945985,-3.3150458,Phrase,1
5.7757277,-0.4591061,Phrase,1
8.889159,0.23836946,Phrase,0
9.283724,4.1657114,Phrase,1
10.830432,-1.6896923,Phrase,2
5.8347673,-0.75617975,Phrase,1
7.393228,-0.8315726,Phrase,1
9.27968,-0.7964745,Phrase,0
8.173748,-0.99581736,Phrase,1
10.400187,-1.6946654,Phrase,2
9.100137,-3.1062558,Phrase,0
9.067589,-1.5777918,Phrase,2
6.741097,-2.5955644,Phrase,2
2.993497,3.1706395,Phrase,0
5.9670777,-1.5343689,Phrase,2
10.335471,-3.6518264,Phrase,0
9.620055,-0.7015087,Phrase,1
10.701598,-2.5327904,Phrase,2
11.566453,-4.9464283,Phrase,0
7.2011776,1.0952382,Phrase,1
10.441936,-1.8497893,Phrase,2
-5.857004,2.5698016,Phrase,1
6.496405,0.23719975,Phrase,1
5.9726896,-0.9629167,Phrase,2
9.748805,-1.8896456,Phrase,2
7.4882936,-2.0828142,Phrase,2
8.407878,-1.449204,Phrase,2
7.6033897,0.3207568,Phrase,1
6.9961777,-1.1875712,Phrase,1
6.3835473,-2.499535,Phrase,2
9.35221,-1.3023689,Phrase,2
6.2802553,-0.8132729,Phrase,1
7.655109,-0.9269586,Phrase,2
8.9147625,-2.444899,Phrase,2
7.9177556,-0.34485182,Phrase,1
10.364261,-4.6036935,Phrase,0
-5.8552613,2.5689478,Phrase,1
11.098585,-1.3248152,Phrase,1
7.422645,1.3205062,Phrase,1
8.389113,-1.7330605,Phrase,0
7.2485566,-0.61756897,Phrase,2
7.91092,-2.4289188,Phrase,2
10.510479,-1.5154724,Phrase,2
7.417571,-0.8835725,Phrase,1
7.3154674,0.47949126,Phrase,1
11.167536,-5.1083913,Phrase,1
10.268762,0.24744193,Phrase,1
9.672272,-5.822768,Phrase,0
6.032663,-1.4412448,Phrase,2
11.132513,-4.2802567,Phrase,0
5.9539523,0.31500244,Phrase,1
7.265835,0.60699123,Phrase,1
9.017279,-2.3511312,Phrase,2
5.3351965,-0.113719806,Phrase,1
9.127358,-1.3952422,Phrase,2
7.592806,-1.1140388,Phrase,2
10.455621,-1.6255822,Phrase,2
9.283425,4.1640134,Phrase,1
9.2831955,4.1648555,Phrase,1
8.033714,-0.79112405,Phrase,2
9.124579,-3.2049682,Phrase,0
8.347727,0.7029554,Phrase,0
8.359441,-1.6455823,Phrase,0
10.204135,-2.607499,Phrase,0
7.296303,-1.5581514,Phrase,1
7.876577,-1.5256186,Phrase,2
10.700007,-1.7380704,Phrase,2
7.840017,0.48627546,Phrase,1
5.9242144,0.47144336,Phrase,1
7.9019446,-0.66698205,Phrase,1
6.632023,-0.63453066,Phrase,2
7.873949,-0.67757577,Phrase,2
8.157859,-2.1303391,Phrase,2
7.2147536,-1.2750659,Phrase,0
7.352445,-1.2527522,Phrase,2
8.564507,-1.9494025,Phrase,2
7.3939147,-3.9263184,Phrase,0
7.2111983,-1.6340718,Phrase,2
7.181415,1.1752782,Phrase,1
10.249265,0.36299306,Phrase,1
4.378916,-0.95352435,Phrase,1
7.3018193,0.14751737,Phrase,1
10.181145,-2.2690067,Phrase,2
9.376453,-0.7737062,Phrase,2
6.945691,-0.39335614,Phrase,1
9.149249,-0.48238772,Phrase,1
6.3430815,-0.4098793,Phrase,0
8.687635,-0.5471836,Phrase,0
10.641281,-1.8173239,Phrase,2
9.034854,-1.5701176,Phrase,2
6.6603594,0.45096022,Phrase,1
7.6839647,-0.39093316,Phrase,2
7.0843396,-0.81858784,Phrase,2
10.295161,-1.9086078,Phrase,2
6.9523726,-2.3475857,Phrase,2
10.639061,-3.3808837,Phrase,2
10.919435,-1.6525676,Phrase,2
9.201107,-1.2233645,Phrase,2
10.375582,-0.955308,Phrase,0
8.706218,-2.688978,Phrase,0
7.5364065,-0.6019842,Phrase,2
9.188094,-1.7485346,Phrase,2
8.104332,-1.6995181,Phrase,0
9.578626,-3.220029,Phrase,0
9.672972,-5.2250032,Phrase,0
8.168296,-1.9273007,Phrase,2
4.752015,0.77715534,Phrase,1
8.96951,-1.0374405,Phrase,2
4.7414436,0.7782478,Phrase,1
7.789328,-2.604355,Phrase,0
7.660365,-1.9893917,Phrase,2
7.746598,-1.3932217,Phrase,2
9.130892,-1.9971596,Phrase,2
9.5524235,-3.3310316,Phrase,0
10.182856,-1.7044268,Phrase,2
9.796047,-3.3358903,Phrase,0
6.8928704,-0.63010144,Phrase,1
6.828501,-0.5762193,Phrase,1
7.4377193,-1.2150147,Phrase,2
10.5048065,-1.294399,Phrase,1
9.998603,-1.764655,Phrase,2
5.7192693,0.69347227,Phrase,0
7.6169305,-0.9637495,Phrase,2
6.293803,-1.4376718,Phrase,2
9.098122,-0.27142578,Phrase,1
6.410097,0.6073496,Phrase,1
6.0351357,-1.728274,Phrase,2
5.9465904,-0.8074898,Phrase,0
6.907433,-1.1509296,Phrase,2
9.997935,-4.1664677,Phrase,0
7.421976,0.15509504,Phrase,1
11.681488,-3.289078,Phrase,1
11.541841,-4.7194676,Phrase,0
8.06755,0.017208789,Phrase,1
10.019251,-3.9347908,Phrase,0
6.625797,-1.2730167,Phrase,2
7.759652,-0.69844574,Phrase,0
10.326799,-1.5591247,Phrase,2
6.61053,-0.38063967,Phrase,1
7.098596,0.6526958,Phrase,1
8.072147,-1.2921137,Phrase,0
8.787248,-2.4549582,Phrase,2
9.9986925,-4.411159,Phrase,0
7.533901,-1.4350911,Phrase,2
9.566621,-3.0637467,Phrase,1
8.851103,-2.4481459,Phrase,2
7.997928,-1.6287715,Phrase,1
4.5294724,-1.8844185,Phrase,1
8.284078,-1.974257,Phrase,0
6.6652226,0.78785026,Phrase,1
9.387387,-0.6783094,Phrase,2
9.297208,-5.4967346,Phrase,0
8.113757,0.90547436,Phrase,2
8.014179,-1.3558286,Phrase,2
6.0864706,-2.5579803,Phrase,0
9.3502035,-3.1780481,Phrase,0
8.20868,-1.4324795,Phrase,0
11.4492,-4.8626933,Phrase,1
7.828664,-2.8409808,Phrase,0
9.883271,-1.3687103,Phrase,2
10.699415,-1.5574204,Phrase,2
9.441686,-1.1142836,Phrase,2
5.964537,-0.76101595,Phrase,1
8.695534,-2.0388174,Phrase,2
6.7391396,-1.6533815,Phrase,2
6.731004,-0.33023006,Phrase,1
8.799184,0.09062145,Phrase,2
7.645164,-0.7372877,Phrase,2
9.855686,0.5516815,Phrase,1
6.3907638,-2.4719782,Phrase,0
8.388609,-0.39841977,Phrase,0
5.7257133,-1.8463575,Phrase,0
10.104092,-0.82377416,Phrase,2
6.469818,-2.061119,Phrase,0
3.9969802,-0.2537947,Phrase,0
7.35538,-1.801415,Phrase,0
8.826866,-2.2351062,Phrase,2
6.5748158,-0.5855396,Phrase,1
7.387508,-1.3473742,Phrase,2
7.100099,-1.6020639,Phrase,0
8.804355,-2.6451607,Phrase,2
10.886668,-2.0148206,Phrase,2
8.652822,-1.3094685,Phrase,2
9.781832,-1.8405279,Phrase,2
7.1296034,-1.8571032,Phrase,2
5.2684903,0.6281358,Phrase,1
10.003935,-0.76109535,Phrase,2
7.4186797,-1.2498769,Phrase,2
5.59546,-2.8054826,Phrase,0
10.487604,-1.4029435,Phrase,2
9.275205,-2.3864172,Phrase,0
7.2228193,-1.6876961,Phrase,2
7.771447,-1.4719474,Phrase,2
7.117467,0.26338348,Phrase,1
5.79426,-1.0735923,Phrase,1
7.65013,-1.5867338,Phrase,2
8.880219,-1.332989,Phrase,2
7.4997897,-0.7029153,Phrase,1
7.783376,-0.749609,Phrase,0
7.9479218,-0.42156142,Phrase,2
8.800823,-4.1458297,Phrase,0
5.647389,1.0321926,Phrase,1
9.631515,-1.9865235,Phrase,2
7.1904097,-1.8039397,Phrase,2
8.232734,-0.16195208,Phrase,1
7.4315805,-0.19697261,Phrase,0
6.9573956,-1.4213547,Phrase,0
6.395642,-0.96362245,Phrase,1
6.8251214,-3.0407903,Phrase,0
9.710294,-3.7275748,Phrase,0
8.815675,0.24833167,Phrase,1
9.003459,-2.0157833,Phrase,2
7.3723984,1.5339981,Phrase,1
8.121694,-1.1148521,Phrase,2
10.3700075,-2.057075,Phrase,2
9.881548,-0.4619692,Phrase,0
10.858295,-1.952007,Phrase,2
11.020806,-4.9577737,Phrase,0
10.7505,-2.4762962,Phrase,2
6.14428,-0.90089303,Phrase,1
10.169481,-4.4123507,Phrase,0
10.305628,-2.4363685,Phrase,2
9.8914385,-1.2215134,Phrase,2
7.451644,-0.70639503,Phrase,2
7.266693,-2.3733408,Phrase,0
-5.857206,2.569665,Phrase,1
10.087431,-1.2954608,Phrase,2
9.463177,-3.016839,Phrase,0
7.0964446,-2.1906521,Phrase,2
8.597296,-2.3893683,Phrase,2
7.4782305,0.44597495,Phrase,1
10.3378525,-3.5628524,Phrase,2
7.5934124,-0.2825855,Phrase,2
8.832835,-2.1431332,Phrase,2
10.697191,-1.9557394,Phrase,2
9.176457,-1.9810196,Phrase,2
9.15574,-5.0093365,Phrase,0
4.5903387,-1.4000258,Phrase,0
8.556385,-1.5986903,Phrase,0
6.472143,0.035887707,Phrase,1
6.4743075,0.67372066,Phrase,1
11.091323,-5.046489,Phrase,1
9.379289,-1.0753881,Phrase,0
9.768107,-1.4104947,Phrase,2
5.7627645,-1.7073238,Phrase,0
8.03444,-0.63500273,Phrase,2
7.3970046,1.4320949,Phrase,1
7.53996,-1.7093227,Phrase,2
8.437961,-1.265951,Phrase,2
6.8959575,-0.8550239,Phrase,2
7.375892,1.2339791,Phrase,1
7.0454493,0.25475654,Phrase,2
7.3110795,-1.7386457,Phrase,2
10.240018,0.20552169,Phrase,2
10.061266,-2.0108256,Phrase,0
6.0761924,-0.12653859,Phrase,1
8.041969,-1.9836271,Phrase,0
10.437883,-3.3891897,Phrase,2
8.731665,-1.8785464,Phrase,2
10.98603,-1.8666226,Phrase,2
7.126022,-1.5517526,Phrase,2
5.196871,-0.15945807,Phrase,1
7.195007,-2.1145923,Phrase,0
7.408107,1.3680701,Phrase,0
10.251222,-2.187523,Phrase,2
7.931437,-2.4522767,Phrase,0
5.171801,-0.8258277,Phrase,1
9.616664,-3.128486,Phrase,0
6.6243324,0.5910177,Phrase,1
14.630479,-5.0396485,Phrase,1
10.01821,-2.435113,Phrase,2
6.0204053,-1.5268408,Phrase,0
10.3240185,-1.5845705,Phrase,2
8.053707,-1.0849901,Phrase,2
6.667067,-0.9685315,Phrase,0
7.00847,0.6260716,Phrase,0
7.7786317,-0.37854847,Phrase,2
10.517074,-2.1624203,Phrase,2
10.861045,-1.5075918,Phrase,1
9.588052,-1.9252505,Phrase,0
7.166284,0.0069225812,Phrase,2
9.050319,-3.5063396,Phrase,2
6.7208557,-0.17408395,Phrase,1
10.610094,-2.194278,Phrase,2
3.8988667,-0.86139214,Phrase,1
8.751171,-2.3692746,Phrase,2
8.03321,-1.6091658,Phrase,0
10.071273,-3.562222,Phrase,0
9.677242,-5.256857,Phrase,0
5.1623626,-0.6646875,Phrase,1
10.661409,-3.3151298,Phrase,1
8.093474,-0.32185143,Phrase,2
5.6067758,-1.9894342,Phrase,1
8.641556,-2.3510134,Phrase,1
5.4375887,-0.77289456,Phrase,0
8.690258,-0.059066057,Phrase,1
8.404411,0.37525305,Phrase,1
4.439302,-1.3187643,Phrase,0
5.693768,1.2382529,Phrase,1
10.060862,-3.8794396,Phrase,0
8.55864,-3.7593637,Phrase,0
7.4843707,-0.14894253,Phrase,1
8.0650835,-2.729781,Phrase,0
5.2527905,-0.2631519,Phrase,0
8.316283,-2.3083353,Phrase,0
6.587528,-0.19931039,Phrase,1
8.216382,-1.591479,Phrase,0
8.295906,-0.4343921,Phrase,2
9.809562,-1.9556907,Phrase,2
7.5557137,-2.2344155,Phrase,0
8.506399,0.33179727,Phrase,0
11.373652,-4.7125196,Phrase,1
8.345215,-1.7975564,Phrase,0
7.6804767,1.1430736,Phrase,1
10.43722,-1.64314,Phrase,2
11.588476,-4.125885,Phrase,1
8.899406,-1.1016254,Phrase,2
6.93067,1.393551,Phrase,1
7.2865868,1.2041363,Phrase,1
9.009484,-0.5389594,Phrase,2
8.739047,-2.769191,Phrase,0
8.304348,-2.0320206,Phrase,2
7.9837055,-2.6628094,Phrase,0
3.8202233,-0.8002405,Phrase,1
4.3869996,-1.1742588,Phrase,0
9.776805,-5.775262,Phrase,0
6.730963,-1.0596429,Phrase,1
10.148287,-1.8939219,Phrase,2
5.8632026,0.27707046,Phrase,1
11.118627,-3.3756347,Phrase,2
9.295484,-1.8227848,Phrase,2
6.8841724,-0.61121583,Phrase,0
11.5459,-3.5928044,Phrase,1
10.211427,-1.860296,Phrase,2
5.589824,-1.3009753,Phrase,0
7.585239,-1.9475722,Phrase,0
9.177591,-1.6396034,Phrase,2
9.773213,-0.2977261,Phrase,1
5.879814,-1.9332532,Phrase,2
6.295578,-0.72071636,Phrase,1
5.2057233,-0.3256297,Phrase,0
8.905593,0.17567313,Phrase,0
8.36162,-1.5533022,Phrase,0
10.490767,-0.8416804,Phrase,2
5.9460316,-1.456436,Phrase,2
8.975679,-2.4474444,Phrase,2
5.99164,0.11374097,Phrase,1
5.446739,0.29813415,Phrase,1
8.809401,-2.3770554,Phrase,2
7.333537,-1.884923,Phrase,2
9.788778,-4.1572123,Phrase,0
6.843668,-1.9570581,Phrase,2
8.392378,0.541821,Phrase,2
10.337449,-1.8260882,Phrase,2
10.354442,-1.3364373,Phrase,2
9.562905,-2.5645595,Phrase,0
5.775463,-0.0059482027,Phrase,0
10.709994,-1.1621969,Phrase,1
4.7543683,-1.4611964,Phrase,0
9.652962,-5.452174,Phrase,0
9.274791,-4.5632615,Phrase,0
8.930299,-1.5842308,Phrase,2
10.788154,-3.2786589,Phrase,1
6.5785117,-1.5984004,Phrase,2
10.1178,-1.6797577,Phrase,2
7.1578326,0.29327163,Phrase,1
10.309741,-1.8287941,Phrase,0
6.634646,-2.1735299,Phrase,2
6.062314,-0.460374,Phrase,1
8.859142,-2.344447,Phrase,2
7.0246406,-1.0652071,Phrase,1
8.311336,-1.1880171,Phrase,0
6.0455937,-0.03209503,Phrase,1
10.153209,-1.817436,Phrase,2
4.1234035,-1.7976396,Phrase,0
6.9753094,-1.072515,Phrase,2
6.070668,-1.909259,Phrase,2
8.361958,-2.422487,Phrase,0
6.9144893,-1.7363999,Phrase,2
9.194651,-1.6438867,Phrase,2
8.510886,-1.779444,Phrase,2
10.158089,-1.8705895,Phrase,2
8.950959,-1.944404,Phrase,2
7.5939393,-0.11583074,Phrase,1
10.5476465,-1.3977472,Phrase,2
5.839631,-0.414817,Phrase,1
10.09991,-1.7294848,Phrase,2
9.121965,-1.6998158,Phrase,2
10.123439,-4.360088,Phrase,0
8.691347,-0.05593739,Phrase,1
8.692672,-2.3772016,Phrase,2
5.801931,-1.0681682,Phrase,0
8.928708,0.19285347,Phrase,0
8.387011,-0.56826246,Phrase,2
8.134296,0.077581145,Phrase,1
-5.8573465,2.570785,Phrase,1
9.866876,-1.3163848,Phrase,2
10.183934,-3.9513571,Phrase,0
5.949893,-0.48361194,Phrase,0
7.699028,-1.2095759,Phrase,2
7.728549,-0.19803667,Phrase,1
11.482683,-4.7339945,Phrase,1
8.037443,0.08509111,Phrase,0
5.682965,1.3222245,Phrase,1
4.9215336,-1.6827543,Phrase,0
4.3004823,-2.5408845,Phrase,0
6.2198157,-0.5656584,Phrase,1
10.065463,-3.659967,Phrase,0
5.2357306,0.6509772,Phrase,1
8.643498,-1.3312659,Phrase,2
11.639789,-4.7324696,Phrase,1
9.168389,-1.7069249,Phrase,2
7.6622767,-1.0413254,Phrase,2
7.983244,-0.44195554,Phrase,2
6.987859,-1.4357595,Phrase,1
7.181365,-0.25406775,Phrase,1
6.921388,-1.4683282,Phrase,0
9.296485,-0.5237198,Phrase,0
6.688004,0.865398,Phrase,1
5.638744,0.57967407,Phrase,1
8.059539,-1.899289,Phrase,0
6.952732,-0.8375546,Phrase,2
10.11926,-1.1958796,Phrase,2
9.596238,-5.7949357,Phrase,0
8.401373,0.58776593,Phrase,2
11.30734,-5.233455,Phrase,1
7.393475,1.4079124,Phrase,1
5.7155113,-0.83395034,Phrase,1
6.743354,0.76959467,Phrase,1
10.016707,-4.374131,Phrase,0
7.61118,-0.7471617,Phrase,1
10.175488,-2.3666146,Phrase,2
7.707188,-1.8068262,Phrase,2
7.7460465,-0.82182366,Phrase,2
10.990004,-1.8891579,Phrase,2
10.644701,-1.9142764,Phrase,2
5.501227,-0.28206173,Phrase,0
7.289098,-1.6339546,Phrase,2
7.6378613,-1.4598048,Phrase,0
6.4642625,0.3474946,Phrase,0
10.891423,-3.2304702,Phrase,2
6.8098507,-1.7877564,Phrase,2
7.141213,-1.5675696,Phrase,2
7.910301,0.120146506,Phrase,0
8.66657,-2.6470704,Phrase,2
6.0493026,-2.1407065,Phrase,2
7.1808023,-0.5784341,Phrase,2
7.8622003,0.3226474,Phrase,1
10.354153,-1.809902,Phrase,2
4.577569,-1.461922,Phrase,1
7.447733,-2.0940008,Phrase,0
7.3435326,-0.6284225,Phrase,1
7.432878,1.2637274,Phrase,1
7.721407,0.26187298,Phrase,1
7.5014515,0.4429066,Phrase,1
8.048959,-1.6407735,Phrase,2
9.661339,-1.7331568,Phrase,2
6.769869,-2.0866532,Phrase,0
7.161509,-1.4948498,Phrase,2
7.5980477,-1.4094437,Phrase,2
7.855545,-0.40907726,Phrase,2
8.478916,-0.47528762,Phrase,0
8.323504,-1.7767917,Phrase,0
10.403321,-1.7867932,Phrase,2
-5.857247,2.571403,Phrase,1
9.230716,-2.1675122,Phrase,2
8.251579,-1.5287493,Phrase,2
8.089289,0.013710634,Phrase,1
5.658857,-1.7908494,Phrase,1
9.320197,-3.2637377,Phrase,0
10.443097,-1.7524276,Phrase,0
7.808769,-1.4675509,Phrase,0
8.438058,-2.14419,Phrase,0
8.80936,0.109801866,Phrase,0
7.9606237,-1.3424802,Phrase,0
7.995744,-1.6029959,Phrase,2
8.046397,-0.42074865,Phrase,1
9.683478,-4.161078,Phrase,0
9.988391,-0.83864474,Phrase,1
7.7402763,-0.8217291,Phrase,1
7.3991303,-1.1516004,Phrase,0
8.349666,-0.47099543,Phrase,0
5.6154165,0.20192546,Phrase,1
10.081156,-0.82087314,Phrase,2
6.038924,-1.8761473,Phrase,2
11.485071,-4.3624177,Phrase,1
5.4505024,0.29999775,Phrase,1
7.9324775,0.09529168,Phrase,1
5.593629,-0.647455,Phrase,0
10.212086,-1.6101125,Phrase,2
7.8707924,-1.2745347,Phrase,2
6.1114864,-1.3819199,Phrase,0
9.014381,-1.021984,Phrase,2
11.505361,-4.738713,Phrase,1
10.23932,-1.8251044,Phrase,2
8.976484,-1.6356058,Phrase,2
7.611756,-0.9080509,Phrase,2
9.659338,-3.578177,Phrase,0
8.384667,-2.605523,Phrase,0
7.926835,-0.10325137,Phrase,2
5.3041263,-0.08975353,Phrase,0
7.579834,-2.8671591,Phrase,2
7.832629,-1.0748,Phrase,2
8.85307,0.19617179,Phrase,0
8.564505,-2.2149549,Phrase,2
9.008666,-2.090801,Phrase,2
10.159385,-4.120935,Phrase,0
8.642816,-1.933975,Phrase,0
9.306404,-4.3869333,Phrase,0
10.346586,-4.6779246,Phrase,0
6.1048026,0.01596545,Phrase,1
6.7182174,-1.5847028,Phrase,0
9.03248,-1.764844,Phrase,2
7.253867,-1.5701044,Phrase,0
7.300256,0.22946122,Phrase,1
11.079965,-2.0501833,Phrase,2
11.6380005,-5.098672,Phrase,1
9.367715,-1.1710528,Phrase,2
5.6965375,-0.47447425,Phrase,1
6.8634386,-2.5155048,Phrase,2
8.07043,-0.0830952,Phrase,1
8.646831,-2.5297017,Phrase,2
9.13198,-2.8715491,Phrase,0
7.944666,0.5922922,Phrase,1
7.3953834,-2.0560625,Phrase,0
8.606424,-2.810042,Phrase,2
8.040052,0.003608835,Phrase,1
6.104006,0.21902083,Phrase,1
11.163714,-1.8380777,Phrase,1
7.9361653,-1.1461836,Phrase,2
9.536079,-2.831941,Phrase,2
7.3526597,-2.5745585,Phrase,0
10.190017,-4.43286,Phrase,0
10.722633,-1.567104,Phrase,2
8.976506,-1.1042348,Phrase,1
6.6668344,0.7804229,Phrase,0
9.44409,-2.4408035,Phrase,1
6.2362757,-1.0766991,Phrase,0
7.1673245,-1.8800032,Phrase,2
9.921047,-3.0221412,Phrase,1
10.281736,0.16213776,Phrase,1
8.069767,-1.9177514,Phrase,2
7.2887387,-1.1225435,Phrase,2
10.069994,0.06720808,Phrase,1
10.930484,-3.3489316,Phrase,0
10.324318,-1.7522572,Phrase,2
6.8223305,-2.2318738,Phrase,0
10.418636,-0.88839066,Phrase,2
5.9105554,-0.46848455,Phrase,1
8.015698,-0.37388214,Phrase,1
8.822861,0.22017415,Phrase,1
10.582844,-1.5672086,Phrase,2
9.02094,-1.7219203,Phrase,2
8.065995,-5.791026,Phrase,0
8.633974,-0.07565708,Phrase,0
9.057066,-0.3945901,Phrase,2
8.080531,-0.05354402,Phrase,1
7.6654663,-0.81932575,Phrase,2
10.289339,0.4185597,Phrase,0
8.973331,-2.0556564,Phrase,0
8.36308,-0.6129633,Phrase,0
10.18934,-4.2124066,Phrase,1
5.9167666,0.19186155,Phrase,1
14.63018,-5.0384073,Phrase,1
9.589319,-5.0748143,Phrase,0
9.001519,-2.2105026,Phrase,0
7.620741,-0.6563454,Phrase,2
7.5574384,-0.90127575,Phrase,0
4.33785,-2.5031147,Phrase,1
4.9487233,0.31233078,Phrase,1
9.912752,-1.7357568,Phrase,2
10.97593,-1.3966666,Phrase,1
9.155376,-1.5986398,Phrase,2
5.5838165,0.81544757,Phrase,1
9.62238,-1.7114373,Phrase,2
10.759468,-1.9726638,Phrase,2
9.605175,-4.260101,Phrase,0
9.052123,-2.5870087,Phrase,2
7.614536,-0.8161109,Phrase,2
8.785864,0.031740535,Phrase,0
9.778075,-0.39869562,Phrase,0
9.157392,-0.42307436,Phrase,1
5.911097,-2.0109031,Phrase,2
6.5678,-0.88866955,Phrase,2
6.8673506,-2.064247,Phrase,0
9.364498,-1.6862911,Phrase,2
8.778791,-1.8183991,Phrase,2
10.671114,-3.2978404,Phrase,1
4.447732,-1.1085799,Phrase,2
8.21251,-0.6157984,Phrase,1
6.6006427,-2.140792,Phrase,2
7.298945,-0.7392566,Phrase,2
4.9561725,-0.73498446,Phrase,0
7.211036,0.1057561,Phrase,0
8.422428,-2.64058,Phrase,0
4.066769,-1.080865,Phrase,0
7.3165913,-1.5961937,Phrase,2
6.856676,-0.10235606,Phrase,1
8.862578,-1.823629,Phrase,2
6.5278864,-0.6461812,Phrase,0
9.447535,-1.6242435,Phrase,1
7.040969,-0.79254454,Phrase,2
6.3568773,-0.24430308,Phrase,1
10.164707,0.20282467,Phrase,0
6.5037465,0.1614517,Phrase,1
7.51177,-0.23371515,Phrase,2
8.226893,-1.7439128,Phrase,0
6.6752357,-0.3012842,Phrase,0
8.15435,-2.9537754,Phrase,0
7.53327,-0.73364174,Phrase,2
8.095397,-0.7236984,Phrase,1
8.956412,-1.2604449,Phrase,2
9.126863,-1.6936116,Phrase,2
6.493907,0.1674205,Phrase,1
10.750359,-1.5609521,Phrase,2
7.5499125,-1.2101829,Phrase,2
5.9442277,-1.1479874,Phrase,0
11.931923,-4.51369,Phrase,1
8.368863,0.6857975,Phrase,1
11.7791395,-3.1891782,Phrase,1
7.8773055,-2.2154748,Phrase,2
8.500176,-4.674714,Phrase,0
8.003865,-2.6799288,Phrase,0
6.205591,-2.4937553,Phrase,2
7.0250845,-0.73123777,Phrase,0
4.853413,-2.0382776,Phrase,0
3.8054926,-0.79578733,Phrase,1
8.143298,-0.20687222,Phrase,1
8.02792,-1.387302,Phrase,0
8.214301,0.7097182,Phrase,1
9.079124,-0.3673842,Phrase,2
8.090027,-0.6603816,Phrase,2
6.9487033,-1.2832447,Phrase,0
8.789679,-5.5160108,Phrase,0
8.430229,0.35650897,Phrase,2
10.610856,-0.8533136,Phrase,1
8.857399,-1.7445849,Phrase,2
10.901339,-1.4414067,Phrase,2
8.053569,-2.347289,Phrase,0
7.4025908,-0.18570954,Phrase,1
11.53149,-4.050961,Phrase,1
7.4701123,-1.4648465,Phrase,0
7.8445706,-1.052851,Phrase,2
7.3317175,-1.0571002,Phrase,2
9.074876,-2.6882205,Phrase,0
5.660453,-1.8791335,Phrase,1
-5.8569803,2.5713754,Phrase,0
10.428649,-0.8652249,Phrase,2
5.937969,-2.4549713,Phrase,0
8.663474,0.13961786,Phrase,1
7.0192957,-0.992025,Phrase,0
7.476025,-1.3690573,Phrase,1
6.857042,-0.1415845,Phrase,2
6.304993,-1.2402993,Phrase,1
9.540031,-4.453812,Phrase,0
9.946848,-0.7747315,Phrase,1
7.8585014,-1.5239695,Phrase,0
7.6717567,-1.4455346,Phrase,2
9.378594,-3.169002,Phrase,0
8.857577,-3.0163603,Phrase,0
6.4378295,0.11944141,Phrase,1
6.680447,0.48456606,Phrase,1
10.796175,-0.6830905,Phrase,1
6.7921314,-1.3362234,Phrase,2
7.858548,0.37738198,Phrase,1
8.645321,-5.6941514,Phrase,0
6.333114,-0.098611094,Phrase,1
10.062648,-2.0994327,Phrase,2
7.6931853,-1.4942998,Phrase,2
6.87216,-1.4265246,Phrase,2
7.597074,-0.88819265,Phrase,0
8.098612,-0.24829336,Phrase,1
6.6183805,-1.3084207,Phrase,1
8.674622,-1.4498338,Phrase,2
6.298756,-2.0596075,Phrase,2
7.2221847,-0.39961225,Phrase,0
5.9685445,-0.17060788,Phrase,0
7.2892776,-1.1815751,Phrase,0
10.816048,-1.7123476,Phrase,1
9.58395,-4.080431,Phrase,0
6.7587705,-1.0845057,Phrase,1
10.254849,-4.607323,Phrase,0
7.9077106,0.20741127,Phrase,1
6.4638934,-1.0806607,Phrase,2
7.630576,-0.65852875,Phrase,0
8.508849,-1.2269312,Phrase,2
6.1765103,-0.022305313,Phrase,1
9.038245,-1.8947676,Phrase,2
9.0865755,-2.0562465,Phrase,2
4.908417,-1.3120894,Phrase,0
8.3786,-0.33190182,Phrase,0
10.5644865,-2.0263882,Phrase,2
7.234642,-0.5067569,Phrase,2
9.480598,-1.0936111,Phrase,2
9.383505,-4.3839855,Phrase,0
9.23329,-1.8139848,Phrase,0
11.133686,-5.014878,Phrase,1
9.870343,-2.506742,Phrase,0
4.618224,-1.2194623,Phrase,0
5.9398284,-0.7488303,Phrase,1
11.042616,-1.8192126,Phrase,2
7.1014647,-1.7615576,Phrase,2
6.528443,-1.6808176,Phrase,0
7.8240166,-2.3605962,Phrase,0
6.0439816,-1.4301122,Phrase,2
10.433466,-2.5723276,Phrase,2
8.246175,0.43995976,Phrase,0
8.176299,-0.65445507,Phrase,2
4.4980106,-1.8908571,Phrase,2
9.060434,-2.5039916,Phrase,0
6.876058,-1.4118179,Phrase,2
8.790872,-2.6001172,Phrase,2
11.329046,-3.2902768,Phrase,2
8.021835,-5.7561836,Phrase,0
6.0040674,0.24517116,Phrase,1
5.927292,-2.072783,Phrase,0
8.446412,-1.4778726,Phrase,2
9.488334,-4.4037776,Phrase,0
8.016385,-1.5949899,Phrase,0
7.9737725,-1.0438257,Phrase,2
10.132658,-1.6786549,Phrase,2
9.53864,-5.0363173,Phrase,0
8.81648,-1.5709589,Phrase,0
8.942062,-1.6986843,Phrase,2
7.4140067,-2.1779025,Phrase,0
7.289213,-0.36073804,Phrase,1
5.636344,0.7456393,Phrase,0
3.9826965,-0.949668,Phrase,0
6.3746624,-1.9537421,Phrase,2
10.450457,-0.8506521,Phrase,2
4.7896132,-1.3212146,Phrase,0
9.362913,-5.1778007,Phrase,0
7.638724,-0.39009163,Phrase,0
9.663871,-0.22316954,Phrase,1
10.1716385,2.5866518,Phrase,1
6.5259824,0.12533222,Phrase,1
5.8147893,-2.3914666,Phrase,1
6.5981226,0.22103675,Phrase,1
7.1412168,-0.68787116,Phrase,2
7.5279183,-1.7231972,Phrase,2
11.918153,-4.2089643,Phrase,0
9.456999,-5.8077316,Phrase,0
10.117263,-1.8887956,Phrase,2
7.8618774,-0.7807503,Phrase,2
10.108965,-2.2324994,Phrase,2
4.5663433,-1.1724857,Phrase,0
9.927421,-2.5490396,Phrase,2
4.6721096,-1.4167397,Phrase,0
5.841058,-0.7456476,Phrase,1
7.4951253,-1.2424712,Phrase,0
8.807288,-1.820547,Phrase,2
10.271657,-1.8172907,Phrase,2
8.329155,-3.600946,Phrase,0
4.954414,0.33271313,Phrase,1
8.566936,-0.93077,Phrase,2
9.283299,-2.4041443,Phrase,2
8.928469,0.20615946,Phrase,0
9.767234,-1.5930538,Phrase,2
6.3218336,0.5116934,Phrase,1
7.9636087,-0.2126061,Phrase,1
6.3661184,0.86449134,Phrase,1
10.209202,-2.5068972,Phrase,2
11.052791,-2.109161,Phrase,2
8.078025,-3.128685,Phrase,0
8.368444,0.5462323,Phrase,2
9.940062,-4.7710495,Phrase,0
7.048031,-2.1578557,Phrase,2
9.861796,-3.6237707,Phrase,1
6.328084,-0.96837604,Phrase,1
6.7925873,-1.7881258,Phrase,2
7.0483065,-0.593692,Phrase,1
6.89617,-0.53705555,Phrase,1
6.114963,-0.42526808,Phrase,1
6.5010333,0.54826117,Phrase,1
5.708121,1.3646158,Phrase,1
9.976306,-1.674439,Phrase,2
7.0997005,-1.2530651,Phrase,2
10.563482,-2.3974838,Phrase,2
7.196651,0.8616477,Phrase,1
5.9131665,-1.9280893,Phrase,2
6.8448195,-0.754396,Phrase,2
3.9416323,-0.6114827,Phrase,0
5.2398167,-0.18596536,Phrase,0
11.655527,-4.3808627,Phrase,0
9.342728,-5.808258,Phrase,0
6.8094287,-1.9870026,Phrase,0
8.694738,-1.5056595,Phrase,2
5.669501,-1.9023618,Phrase,1
10.212519,0.22989385,Phrase,1
8.804202,-0.7659954,Phrase,1
9.736072,-4.418546,Phrase,0
5.516151,-0.5454037,Phrase,0
9.342011,-1.9557343,Phrase,0
10.567214,-1.6190543,Phrase,2
4.3358154,-1.148413,Phrase,1
5.015022,-1.0295223,Phrase,2
8.0393,-1.0802277,Phrase,2
5.7265244,-0.57409245,Phrase,0
7.105199,-0.46857923,Phrase,1
5.6764016,-0.31664863,Phrase,0
7.272,-1.1364659,Phrase,1
7.540823,-1.0750314,Phrase,2
9.287132,-3.268713,Phrase,0
7.037308,-1.4942559,Phrase,0
9.902509,-3.5315814,Phrase,0
6.541988,0.8318674,Phrase,1
7.2611356,-0.516024,Phrase,2
6.9113336,-0.27477527,Phrase,1
7.2706604,0.52246636,Phrase,1
6.2020316,0.022109643,Phrase,1
7.0158916,-0.6336719,Phrase,1
6.713044,0.3620576,Phrase,1
10.260425,0.11409702,Phrase,2
7.827792,0.30422747,Phrase,1
7.2024093,-0.5942098,Phrase,2
9.560138,-4.4469676,Phrase,0
8.215173,-0.05961189,Phrase,1
5.3005457,-0.38943812,Phrase,1
9.612511,-3.1849582,Phrase,0
9.477005,-0.8387217,Phrase,2
6.793111,0.028407091,Phrase,0
-5.857803,2.5717306,Phrase,1
6.480093,-0.2646506,Phrase,1
7.882581,-1.8012114,Phrase,0
7.371925,-2.2431412,Phrase,0
6.5585985,0.085102,Phrase,1
10.829567,-2.3371677,Phrase,2
8.306383,-1.9348214,Phrase,2
9.141682,-0.8546287,Phrase,2
6.677527,-1.772439,Phrase,1
8.450541,-0.37343147,Phrase,1
8.962561,-2.1954901,Phrase,2
8.450175,-1.8073364,Phrase,2
8.281229,-1.3541106,Phrase,0
8.682049,-2.9508133,Phrase,0
7.967684,-2.1155689,Phrase,2
7.759453,0.047033537,Phrase,2
4.777549,-1.1451812,Phrase,0
7.9496183,-1.586629,Phrase,2
10.582835,-1.5339007,Phrase,2
11.658314,-3.5672925,Phrase,0
5.102709,-0.27223995,Phrase,0
7.018823,-1.345839,Phrase,2
9.839734,-3.1683629,Phrase,2
8.4301195,-1.002876,Phrase,2
7.795655,-2.2106454,Phrase,0
6.1325593,0.056767,Phrase,1
7.2911267,-1.9708822,Phrase,2
8.987816,-1.890427,Phrase,2
7.498025,1.470188,Phrase,1
6.632627,-1.9484361,Phrase,2
10.372707,-1.624223,Phrase,2
7.383206,-1.1433305,Phrase,0
7.2126837,-1.6327236,Phrase,2
7.378448,-3.0271902,Phrase,2
6.120186,-0.00812259,Phrase,1
2.6303072,-1.2809329,Phrase,1
6.5336127,-0.20361692,Phrase,1
8.519121,-2.1454313,Phrase,0
8.74434,-1.4573566,Phrase,0
8.522965,-2.480728,Phrase,0
7.1186566,-1.6442682,Phrase,0
8.014587,0.7740547,Phrase,2
10.470268,-2.0007455,Phrase,2
6.8726583,-1.960753,Phrase,2
5.488393,-3.7531939,Phrase,2
8.266631,3.0967433,Phrase,1
9.608927,-5.42639,Phrase,0
7.691276,-0.4743638,Phrase,2
7.811656,0.40212408,Phrase,1
6.6844826,-0.2304671,Phrase,1
6.940683,-1.1263982,Phrase,2
6.866109,-0.21374437,Phrase,1
9.091817,-1.4202793,Phrase,2
6.9072385,-0.8173538,Phrase,0
8.874467,-0.5125796,Phrase,1
6.0019593,-1.6341604,Phrase,2
7.910858,0.43928957,Phrase,1
7.085764,-1.7779586,Phrase,2
6.41597,-0.35102937,Phrase,2
7.170811,-1.954336,Phrase,2
8.964541,-2.7890708,Phrase,2
8.273871,-1.4498925,Phrase,1
10.601965,-1.0286176,Phrase,1
6.3719563,0.09311703,Phrase,1
10.461152,-0.84766185,Phrase,1
10.092402,-4.4131694,Phrase,0
10.746747,-1.5627186,Phrase,1
7.970569,0.5899731,Phrase,2
7.793271,-0.019951614,Phrase,1
10.193653,-1.9191854,Phrase,2
9.999687,-4.5799923,Phrase,0
-5.8570633,2.5711699,Phrase,1
11.172637,-4.3286004,Phrase,1
6.752297,-1.7732056,Phrase,0
10.126577,-1.9409746,Phrase,2
10.530889,-3.2035813,Phrase,2
6.293591,-0.6210068,Phrase,1
10.205636,-3.1431262,Phrase,2
7.2060723,-1.1441659,Phrase,2
6.556519,-1.3693033,Phrase,1
10.484639,-0.8723203,Phrase,2
8.462068,-1.950668,Phrase,2
6.889652,-1.8800159,Phrase,2
6.355839,-0.3443042,Phrase,0
9.7271185,-0.5528974,Phrase,1
6.640196,-1.8515203,Phrase,2
7.5859284,-1.0096121,Phrase,2
10.169845,-3.6971147,Phrase,0
8.601257,-1.7619209,Phrase,2
7.5863967,-1.7528449,Phrase,0
8.413201,-0.4097584,Phrase,0
7.40351,-1.6793827,Phrase,0
7.349925,-1.2950115,Phrase,2
9.736803,-3.542531,Phrase,0
7.5920153,-1.9131716,Phrase,0
6.46354,-2.2125664,Phrase,0
7.386624,1.4517136,Phrase,1
8.902733,0.10953741,Phrase,0
4.9066415,-1.7089434,Phrase,0
6.225099,-1.9720145,Phrase,1
5.7899075,-2.3135855,Phrase,2
6.6452413,0.5458053,Phrase,1
8.693861,-2.1523952,Phrase,2
8.649212,-1.5210556,Phrase,2
7.514565,-0.68393636,Phrase,2
9.780406,-0.38405004,Phrase,0
6.4435687,-1.5327325,Phrase,2
10.655834,-1.0324577,Phrase,2
10.566478,-3.1886964,Phrase,1
7.9129033,-0.0062844744,Phrase,1
9.184661,-4.802782,Phrase,0
7.8514614,0.055628896,Phrase,0
10.425771,-0.5253044,Phrase,2
8.833852,-1.7789564,Phrase,2
4.0600233,-1.6493464,Phrase,0
6.3066273,-0.76319414,Phrase,1
6.638569,0.41069084,Phrase,1
6.8824906,-1.93452,Phrase,2
6.247871,-1.7062936,Phrase,2
6.43793,-0.038055386,Phrase,1
8.3765335,-1.2337979,Phrase,2
7.0755877,-1.4887254,Phrase,2
9.764874,-2.9555144,Phrase,2
8.259342,-1.3972018,Phrase,0
8.814663,-2.171846,Phrase,2
10.626987,-3.4527762,Phrase,0
9.308855,-0.8161626,Phrase,1
7.607908,-1.3191938,Phrase,0
6.6411486,-1.8580166,Phrase,0
6.2498226,-0.8203994,Phrase,1
7.0756617,0.27728152,Phrase,1
9.0193,-0.99847263,Phrase,2
8.577374,-1.3468561,Phrase,0
6.733639,-2.4065688,Phrase,2
10.216569,-1.7153834,Phrase,2
11.098199,-1.7219421,Phrase,2
10.785662,-1.9829509,Phrase,2
7.5297794,-1.1479378,Phrase,1
7.7566953,-1.672038,Phrase,0
9.748233,-0.24855965,Phrase,0
10.585612,-3.4104867,Phrase,0
10.310691,-4.7504134,Phrase,0
10.156477,-1.9625897,Phrase,2
10.8082485,-3.215449,Phrase,2
7.277616,0.1776668,Phrase,1
6.91486,1.420662,Phrase,1
9.267909,-3.270616,Phrase,0
9.889701,-5.558599,Phrase,0
7.805489,-0.92772114,Phrase,2
9.526755,-3.084388,Phrase,2
11.526913,-4.1000075,Phrase,0
7.893094,-2.5806816,Phrase,2
9.959448,-5.883868,Phrase,0
9.917144,-2.131573,Phrase,2
7.3291373,-1.0470486,Phrase,2
6.283836,-1.6172178,Phrase,0
5.930379,-1.628853,Phrase,1
9.127159,-2.702118,Phrase,0
8.706939,-1.3847964,Phrase,2
4.519003,-1.915746,Phrase,1
8.199082,-0.4667688,Phrase,2
10.293068,-1.5868765,Phrase,2
7.466279,-1.4590166,Phrase,2
11.666273,-3.9058933,Phrase,1
9.717621,-0.26886168,Phrase,0
9.601153,-3.0248723,Phrase,0
9.147174,-1.4196097,Phrase,2
8.908485,-2.1047227,Phrase,1
5.566644,0.7851717,Phrase,1
9.343484,-3.596559,Phrase,0
4.1085787,-1.7972753,Phrase,0
7.7412634,0.358244,Phrase,1
7.592007,-1.9057982,Phrase,2
8.771114,-1.469343,Phrase,2
8.908493,-2.277147,Phrase,2
8.92493,-1.9804342,Phrase,2
6.691087,0.20001951,Phrase,1
9.117743,-1.9387017,Phrase,2
5.608528,-0.71712667,Phrase,0
6.890896,-0.41311952,Phrase,1
6.868102,-1.9754705,Phrase,2
10.933253,-2.032465,Phrase,2
5.7595606,-2.2002401,Phrase,1
5.262509,-1.6092869,Phrase,0
6.9955244,1.0113223,Phrase,1
8.746135,-2.0667427,Phrase,2
3.8032396,-0.7966414,Phrase,0
10.005487,0.5999983,Phrase,1
5.236259,-2.9942675,Phrase,1
7.569001,-1.3396026,Phrase,2
8.894946,-1.8859078,Phrase,0
6.419987,0.8660755,Phrase,1
9.083663,-1.190659,Phrase,2
8.69794,-2.6390579,Phrase,0
8.926219,0.19718985,Phrase,0
4.010713,-0.23366156,Phrase,0
7.2988076,1.8593976,Phrase,1
8.763098,-2.506047,Phrase,2
10.417248,-1.3575667,Phrase,2
10.328058,-2.21336,Phrase,2
10.179253,-3.5043907,Phrase,0
7.1984353,-0.7698487,Phrase,1
8.746505,-1.9450738,Phrase,2
9.921654,-4.3383603,Phrase,0
8.975195,0.19442882,Phrase,0
-5.856772,2.571113,Phrase,1
7.458701,-1.924926,Phrase,2
6.803514,1.2695941,Phrase,1
5.939909,-0.2139086,Phrase,1
6.718325,-0.055958983,Phrase,1
6.664336,-1.2985831,Phrase,2
10.367133,-1.6984043,Phrase,2
10.647127,-4.122064,Phrase,0
9.20201,-2.080734,Phrase,0
5.873863,-0.847479,Phrase,0
-5.8563924,2.5710998,Phrase,0
9.925608,-5.8739724,Phrase,0
6.3239064,0.73396426,Phrase,1
10.252063,0.3972934,Phrase,1
11.720768,-3.3582754,Phrase,1
9.724753,-4.2801914,Phrase,0
6.325202,-1.2738924,Phrase,2
4.584607,-1.0353549,Phrase,0
6.5728655,-2.337342,Phrase,2
10.13874,-4.457384,Phrase,0
7.0263653,-1.9057639,Phrase,2
7.521395,-0.1474667,Phrase,0
9.008287,-1.0268785,Phrase,2
8.648511,-2.3645115,Phrase,1
8.209655,-0.3062892,Phrase,2
5.6481605,-0.7981442,Phrase,1
7.0442457,-1.8325233,Phrase,2
8.062384,0.83381873,Phrase,2
7.2156625,-2.7367184,Phrase,0
11.55472,-4.0794196,Phrase,0
6.8295093,-1.2369199,Phrase,0
3.8978763,-0.8026651,Phrase,0
7.415682,1.2525622,Phrase,1
6.307336,0.09470719,Phrase,1
8.286165,-0.6279686,Phrase,0
9.076411,-4.5069437,Phrase,0
-5.857847,2.5717342,Phrase,1
7.574879,-0.8406507,Phrase,1
8.875729,-1.1413924,Phrase,2
7.5210805,-2.0292542,Phrase,2
4.7486725,0.7764213,Phrase,1
6.4535317,-2.0108185,Phrase,2
10.973169,-1.6874255,Phrase,2
8.16317,-1.2856575,Phrase,1
8.33376,-2.6431334,Phrase,2
7.9012756,-1.515737,Phrase,2
10.320221,-2.239346,Phrase,2
4.965829,0.6260537,Phrase,1
6.190853,0.46356365,Phrase,1
9.196734,-5.493501,Phrase,0
9.603843,-0.84844667,Phrase,2
8.066732,-0.91429096,Phrase,2
11.054335,-1.850042,Phrase,2
10.637712,-2.3525763,Phrase,2
3.8069582,-1.7408154,Phrase,0
7.663897,-0.11437571,Phrase,0
4.310521,-0.7408794,Phrase,1
9.280441,4.148231,Phrase,1
8.675145,-1.5250785,Phrase,2
8.856105,-2.2487648,Phrase,2
10.702964,-1.0554742,Phrase,2
10.395128,-1.88192,Phrase,2
8.64548,-2.5737603,Phrase,0
6.876563,0.21278952,Phrase,0
6.700031,-1.9197451,Phrase,2
4.4973173,-1.9365358,Phrase,1
7.844934,-0.64931643,Phrase,2
7.8623776,-0.5168534,Phrase,2
8.52812,-0.42086297,Phrase,0
7.2237015,0.110035665,Phrase,1
8.8621855,-1.1895702,Phrase,0
10.458623,-1.4157083,Phrase,1
4.8578897,0.74070555,Phrase,1
6.875203,-1.5889947,Phrase,2
9.288669,-2.2413857,Phrase,2
7.9688387,-2.0722404,Phrase,0
11.570425,-3.6966722,Phrase,1
4.5025024,-0.9948256,Phrase,0
10.557565,-2.3085382,Phrase,2
11.150723,-1.241987,Phrase,2
6.409037,-0.23606488,Phrase,1
9.60365,-3.401194,Phrase,0
5.9449196,-0.98620516,Phrase,0
10.551907,-2.1813684,Phrase,2
10.478945,-1.4214861,Phrase,2
10.204873,-1.691054,Phrase,2
9.822346,-1.6799073,Phrase,2
5.1190557,-1.7778544,Phrase,0
10.080689,-1.932158,Phrase,2
10.267272,-1.9570888,Phrase,2
7.548194,-2.0487351,Phrase,0
9.325104,-1.1328471,Phrase,2
5.915918,0.40863624,Phrase,1
7.956944,0.8838996,Phrase,1
10.357153,-1.4002104,Phrase,2
8.265953,3.0959964,Phrase,1
8.379918,-1.0476959,Phrase,1
8.8254595,0.14403822,Phrase,0
11.300269,-3.5227373,Phrase,0
7.948355,-3.1957095,Phrase,2
9.606326,-1.8897682,Phrase,2
-5.8574157,2.569959,Phrase,1
11.611304,-5.0803514,Phrase,1
9.722953,-2.2413511,Phrase,2
3.0227637,-1.2503873,Phrase,0
6.1528234,-2.4111283,Phrase,2
5.9066525,1.2498858,Phrase,1
9.117944,-4.215747,Phrase,0
10.542157,-1.5387689,Phrase,2
7.1907787,1.0865221,Phrase,1
10.063635,-3.085801,Phrase,1
9.079711,-2.5773396,Phrase,2
6.097269,-1.4055173,Phrase,0
9.776739,-2.4850137,Phrase,2
6.5074606,-2.0875213,Phrase,1
9.7623205,-1.1087484,Phrase,2
7.324606,-0.725098,Phrase,1
9.844015,-1.1851561,Phrase,2
7.718581,-0.21244024,Phrase,0
8.975024,-2.5438397,Phrase,2
8.152757,-1.5915878,Phrase,2
6.1496615,-1.5391141,Phrase,1
8.524224,-2.3835073,Phrase,0
7.4664435,-0.16652893,Phrase,0
9.183497,-3.1421084,Phrase,0
7.5235486,-2.0070837,Phrase,2
5.6680417,1.323645,Phrase,1
7.71495,-0.52543867,Phrase,2
6.714977,-1.5246192,Phrase,2
5.747788,-2.4995277,Phrase,1
7.4839053,-0.6401574,Phrase,2
5.4785714,-0.034633238,Phrase,1
6.8408704,-1.8790243,Phrase,2
8.091067,-0.7393646,Phrase,1
7.060686,0.09801622,Phrase,1
7.6611605,-0.86502063,Phrase,2
7.287874,-1.1363057,Phrase,2
7.4515457,-0.9735123,Phrase,2
10.714832,-1.3762437,Phrase,1
4.5075674,-1.0714862,Phrase,0
8.461236,-0.26548308,Phrase,1
6.9262486,-1.7191164,Phrase,2
7.05219,-2.1315897,Phrase,2
6.923841,1.3850765,Phrase,1
10.906666,-2.01345,Phrase,2
9.038364,-0.76899123,Phrase,2
6.5558476,-1.2139186,Phrase,1
7.6539955,-2.0416157,Phrase,0
10.945397,-3.2914355,Phrase,1
6.6675754,-0.18293187,Phrase,1
8.58612,0.35620725,Phrase,0
5.1838245,-0.029329775,Phrase,1
9.86058,-1.5259157,Phrase,2
8.808674,-1.9580195,Phrase,2
7.5579367,-0.4066128,Phrase,0
5.9336333,-1.6094817,Phrase,2
8.431493,-0.82490844,Phrase,0
10.625685,-0.93820274,Phrase,2
7.1035933,0.57276434,Phrase,1
5.7300334,-0.7865924,Phrase,1
8.6677265,0.26355177,Phrase,0
5.636145,1.356029,Phrase,1
10.446868,-1.8167495,Phrase,2
4.223195,-0.9253054,Phrase,1
6.931256,1.3955804,Phrase,1
10.35549,-2.3167696,Phrase,2
5.1431303,-0.4680544,Phrase,0
10.311323,-1.5568008,Phrase,2
6.953398,-1.0490056,Phrase,2
9.213523,-4.5246577,Phrase,0
6.6966124,-1.2178329,Phrase,2
7.27155,-1.3927387,Phrase,2
9.924392,-4.1232924,Phrase,0
7.3755827,1.841721,Phrase,1
8.09106,-5.921126,Phrase,0
10.015981,-5.052404,Phrase,0
10.557485,-2.6014276,Phrase,2
7.889029,-2.481324,Phrase,0
10.14665,0.23789011,Phrase,0
8.178911,-0.14336795,Phrase,0
6.816918,-0.80099916,Phrase,1
10.683593,-2.2286682,Phrase,2
11.41113,-4.980416,Phrase,1
9.436064,-1.8477857,Phrase,2
7.174492,-1.8495162,Phrase,0
9.088542,-2.1752713,Phrase,0
5.800063,0.60733205,Phrase,1
7.5814457,-1.6064625,Phrase,2
8.393333,0.53102857,Phrase,2
7.412608,-1.6744539,Phrase,2
8.079948,-0.7499305,Phrase,2
6.6748705,-1.3114097,Phrase,2
9.391286,-3.158803,Phrase,1
9.754702,-0.38039687,Phrase,0
9.53166,-4.6871934,Phrase,0
5.345493,-0.38712597,Phrase,0
8.071892,-1.10478,Phrase,2
8.997752,-1.9651569,Phrase,2
7.4219923,-1.2899507,Phrase,0
6.6557236,-0.74505204,Phrase,1
9.900983,-5.508402,Phrase,0
6.461726,-2.1736166,Phrase,2
6.9299264,-0.064156674,Phrase,1
8.955327,-2.882285,Phrase,0
9.253704,-3.2260244,Phrase,0
9.13675,-1.7532307,Phrase,2
9.8155365,-2.701028,Phrase,0
9.282395,-1.7441328,Phrase,2
10.6710825,-1.7118338,Phrase,2
7.17737,-1.3991883,Phrase,0
9.323476,-2.9857237,Phrase,0
10.826035,-1.3285072,Phrase,1
8.272252,-0.8290307,Phrase,1
4.317461,-1.4279943,Phrase,0
6.9220576,1.3958404,Phrase,1
7.940403,-1.7691791,Phrase,2
9.750959,-3.2175086,Phrase,2
10.181041,-3.8132484,Phrase,0
7.5754466,-0.89175206,Phrase,2
10.315467,-1.53263,Phrase,2
7.262959,-0.94472224,Phrase,2
7.2242384,-1.7339835,Phrase,2
6.1394534,-1.8059138,Phrase,2
4.7489133,0.77970755,Phrase,1
7.0182033,-0.92515767,Phrase,2
8.1268215,-1.1101836,Phrase,2
8.46749,-1.0811058,Phrase,0
7.786678,-0.6233153,Phrase,2
7.1504893,-1.8387003,Phrase,0
7.0685763,-1.4385179,Phrase,2
10.154268,-1.6927999,Phrase,2
8.80482,-1.2675213,Phrase,2
7.082616,-1.7044864,Phrase,1
6.2275834,-2.5651736,Phrase,2
5.638414,-1.6837968,Phrase,1
7.8132315,-0.35588178,Phrase,2
9.572237,-3.4082754,Phrase,0
5.718502,1.1850402,Phrase,1
7.483165,-2.3599741,Phrase,0
8.57308,-0.82170546,Phrase,2
10.529555,-1.3636277,Phrase,1
6.366296,-0.46594954,Phrase,1
10.28669,-1.971752,Phrase,2
10.632153,-1.5740831,Phrase,2
10.6395235,-2.1885562,Phrase,2
6.823109,-2.0423503,Phrase,2
8.938238,-3.1924977,Phrase,0
9.628604,-0.20489328,Phrase,1
9.989658,-1.8528233,Phrase,2
8.99302,-2.396459,Phrase,2
5.1844907,-0.030638317,Phrase,0
2.860017,-1.2677044,Phrase,0
7.4120464,-2.4549277,Phrase,0
7.577069,-0.45191795,Phrase,1
7.773934,-1.0226336,Phrase,0
6.468007,-2.2447772,Phrase,2
8.911133,-1.7911974,Phrase,2
7.5488505,-2.240492,Phrase,2
6.249949,-1.2526222,Phrase,0
5.7421136,0.7089306,Phrase,1
8.761627,-0.8817936,Phrase,2
8.522001,-1.7157891,Phrase,0
7.403679,1.4470606,Phrase,1
4.087339,-1.007271,Phrase,1
6.4587007,-0.5454367,Phrase,1
9.296844,-2.2969964,Phrase,2
8.192975,-0.2863415,Phrase,2
10.011411,-4.316931,Phrase,0
6.4962616,-1.601361,Phrase,0
9.805307,-0.4239033,Phrase,0
6.233426,-2.727721,Phrase,2
10.421254,-1.9572079,Phrase,2
8.389481,-2.4579065,Phrase,0
10.166375,-1.339143,Phrase,2
5.343718,-0.88772714,Phrase,0
9.964946,-1.5882413,Phrase,2
9.044728,-0.52025044,Phrase,2
7.567789,-1.1650568,Phrase,0
10.468599,-4.0110755,Phrase,0
8.817759,-0.1248436,Phrase,0
11.503891,-4.813938,Phrase,0
7.37711,-1.2032049,Phrase,1
5.3180966,-1.6379212,Phrase,0
8.288801,-2.7841892,Phrase,0
7.3225875,-1.8155956,Phrase,0
9.572046,-4.645004,Phrase,0
7.212798,2.175858,Phrase,1
7.8032064,-1.0693036,Phrase,2
7.4225807,-2.2355237,Phrase,2
7.5347853,-2.6651099,Phrase,0
7.383328,-1.9029089,Phrase,2
6.5682135,-0.60935414,Phrase,1
11.229987,-1.7407583,Phrase,1
9.2328415,-0.59478223,Phrase,2
9.223357,-3.4144218,Phrase,2
5.574651,-0.79052913,Phrase,0
7.0475473,-0.5595852,Phrase,1
7.61232,0.47409683,Phrase,1
7.008934,-0.28398132,Phrase,1
7.222269,-1.6340117,Phrase,0
6.8331213,-2.0374563,Phrase,2
7.8949413,-0.40744862,Phrase,1
9.542948,-2.7492003,Phrase,1
8.400804,-1.239167,Phrase,2
9.064134,-2.654019,Phrase,0
7.286372,-0.6350372,Phrase,2
10.411605,-1.5233734,Phrase,2
8.819198,0.13513373,Phrase,0
7.7700815,-0.69022393,Phrase,2
8.487826,0.32350844,Phrase,2
10.285143,0.17697777,Phrase,1
7.3642125,1.4567264,Phrase,1
9.57199,-1.2925733,Phrase,2
5.473048,-2.5677953,Phrase,0
6.8800516,0.1199439,Phrase,1
10.10195,-2.0769746,Phrase,2
8.901159,-1.6585176,Phrase,2
7.8291254,-1.164313,Phrase,2
6.047149,-1.5620457,Phrase,2
7.394012,-1.1649584,Phrase,2
11.248682,-4.979751,Phrase,1
8.908744,-4.1323214,Phrase,0
10.688027,-1.7045478,Phrase,2
8.462394,-1.5267358,Phrase,2
8.41307,-0.8822107,Phrase,0
8.162135,-0.4700707,Phrase,0
10.413744,-1.9140012,Phrase,2
8.377535,-2.3611066,Phrase,0
9.360838,-2.772906,Phrase,0
7.7866955,1.665812,Phrase,0
9.9651985,-2.1834114,Phrase,2
5.9656286,-0.44709128,Phrase,1
6.578956,0.47199517,Phrase,1
7.9325166,0.24354865,Phrase,1
7.1262817,-0.6710017,Phrase,2
10.618345,-2.2549953,Phrase,0
8.161287,-0.43553266,Phrase,2
7.109141,-1.8257273,Phrase,2
9.281541,4.1638083,Phrase,1
8.16765,-0.46339685,Phrase,0
7.869597,0.23623757,Phrase,0
5.9659123,0.038235895,Phrase,0
-5.855034,2.571289,Phrase,1
6.8561583,7.8270063,Phrase,1
6.690719,-0.6743284,Phrase,1
8.853111,0.09979389,Phrase,0
7.436186,1.6103233,Phrase,1
5.734541,-1.0732149,Phrase,1
8.090793,-0.9554801,Phrase,2
7.355853,-1.5701209,Phrase,2
8.023294,-2.7873292,Phrase,2
7.0211315,-1.2101958,Phrase,2
4.312991,-1.514156,Phrase,0
5.9420795,-0.45730487,Phrase,1
6.424369,0.49172932,Phrase,0
9.26782,-3.4003282,Phrase,0
6.367492,-0.85795337,Phrase,2
10.221251,-1.8580402,Phrase,2
8.197758,-0.0334344,Phrase,1
7.191634,-1.1185166,Phrase,2
5.256799,-1.6252859,Phrase,0
7.0030456,-2.4461484,Phrase,2
10.058872,-2.9942663,Phrase,0
4.9588046,-0.17551292,Phrase,0
5.147913,-0.24487977,Phrase,0
6.1722307,-1.3636572,Phrase,2
10.490271,-1.6942526,Phrase,2
7.390152,-2.1276743,Phrase,0
5.205329,-0.8406636,Phrase,0
9.339021,-2.672589,Phrase,2
10.6131935,-3.2710865,Phrase,1
8.739097,-1.6191642,Phrase,2
10.047831,-2.3759735,Phrase,2
6.625666,0.02935605,Phrase,1
7.574092,-1.3368777,Phrase,0
10.145728,-1.4971408,Phrase,2
7.4655995,-0.8739544,Phrase,2
6.9227643,-0.26527038,Phrase,1
7.166518,-0.060062405,Phrase,1
6.8228664,-0.46218988,Phrase,2
11.046087,-1.954455,Phrase,2
7.8549886,-0.3248326,Phrase,2
9.92446,-4.5456247,Phrase,0
10.219277,-2.5532136,Phrase,2
9.142708,-1.6775527,Phrase,2
10.016093,0.54356736,Phrase,1
7.891228,-1.0808779,Phrase,0
8.202218,-2.131852,Phrase,0
9.665243,-1.8539835,Phrase,2
10.467213,-1.5043626,Phrase,1
8.702192,-2.4181724,Phrase,0
9.387674,-4.406494,Phrase,0
9.951871,-0.7696951,Phrase,2
6.326478,-3.3274517,Phrase,0
10.694485,-1.3052672,Phrase,2
8.300498,0.019041222,Phrase,2
8.206447,-3.0071435,Phrase,0
7.3030615,-1.414232,Phrase,0
10.213901,0.24979718,Phrase,2
9.281694,4.164325,Phrase,1
8.715136,-1.2541263,Phrase,2
9.679939,-1.3150543,Phrase,2
10.644665,-2.258254,Phrase,2
8.6768265,-0.05473078,Phrase,2
7.9989085,-1.0523189,Phrase,2
5.4237766,-0.46724707,Phrase,0
8.085673,-2.041111,Phrase,0
8.2269125,-2.818327,Phrase,0
6.65027,-1.7352588,Phrase,2
8.144917,0.7360395,Phrase,1
7.985138,-0.09489292,Phrase,2
7.478504,-0.37981144,Phrase,2
6.036593,-0.2777938,Phrase,1
5.5559874,1.1518736,Phrase,1
8.234259,0.74696827,Phrase,1
10.364876,-2.0861735,Phrase,2
7.8077083,-2.0114787,Phrase,0
7.7792163,-0.6701563,Phrase,2
10.355918,-1.5809363,Phrase,2
7.175441,-1.137514,Phrase,2
6.828242,-0.59932053,Phrase,2
5.6639977,1.1994873,Phrase,1
6.8068857,-1.9713545,Phrase,2
7.5243235,-0.5388608,Phrase,1
6.465574,-1.6923732,Phrase,0
9.418588,-1.2559911,Phrase,2
7.633387,-1.9265766,Phrase,2
4.4924097,-1.9401506,Phrase,1
4.7214537,0.79534954,Phrase,1
7.6546407,-0.72368443,Phrase,2
9.365219,-4.6594496,Phrase,0
9.1394825,-2.3418846,Phrase,0
6.238056,-1.5639336,Phrase,2
9.044039,-2.681265,Phrase,0
6.0372987,0.051634677,Phrase,1
5.408885,-0.2715016,Phrase,1
10.886488,-1.7268759,Phrase,2
10.979632,-1.8952411,Phrase,2
11.781183,-3.473302,Phrase,1
6.496408,-0.07728496,Phrase,1
8.768768,0.34055302,Phrase,0
10.825437,-2.3319335,Phrase,2
7.842099,-0.57435477,Phrase,2
8.293848,-0.4422061,Phrase,0
6.21911,-1.1432054,Phrase,1
10.445154,-0.4473867,Phrase,2
7.675603,-0.77054614,Phrase,2
11.449726,-4.6837125,Phrase,1
11.585785,-4.0388203,Phrase,0
7.954403,-2.3766577,Phrase,0
9.367966,-2.5779028,Phrase,0
5.679989,0.64128184,Phrase,0
5.4980974,0.75252277,Phrase,1
7.780321,-0.7441588,Phrase,2
6.276277,-2.8006067,Phrase,0
9.366806,0.25544086,Phrase,1
4.170176,-0.5381301,Phrase,0
5.6887746,1.2369666,Phrase,1
8.693426,-1.0634747,Phrase,2
8.330947,-1.9280952,Phrase,2
7.1165047,-1.6878222,Phrase,2
9.09177,-0.35348493,Phrase,2
5.7344704,-0.9008649,Phrase,0
7.3476872,-0.11142367,Phrase,2
6.8214784,1.2971559,Phrase,1
7.3937054,-0.46085313,Phrase,1
9.227574,-1.6198807,Phrase,2
8.46471,-2.5088558,Phrase,2
9.851526,-2.008216,Phrase,2
7.667291,-1.8876138,Phrase,0
9.352934,-2.9202757,Phrase,0
9.654609,-3.4856548,Phrase,0
8.650708,-1.2664386,Phrase,2
10.248977,-1.1129476,Phrase,2
8.092743,-2.0522873,Phrase,0
8.167555,-1.4372127,Phrase,2
6.642759,-1.2797582,Phrase,1
6.318827,-1.6716373,Phrase,2
5.6219926,-2.849043,Phrase,0
8.1891575,-1.8326404,Phrase,0
6.9919457,-2.121645,Phrase,2
7.37121,1.56986,Phrase,1
6.438053,0.13524131,Phrase,1
11.21992,-3.766059,Phrase,0
5.643607,-0.44097358,Phrase,0
7.1689725,-1.8547353,Phrase,0
8.547259,-0.40604237,Phrase,0
7.339086,1.7486521,Phrase,1
7.637615,-0.824238,Phrase,2
8.723264,-2.6903284,Phrase,0
5.4258003,0.31045434,Phrase,1
9.478315,-1.9199324,Phrase,2
5.8856125,0.5426391,Phrase,1
8.01858,0.6574386,Phrase,1
8.038715,-1.954964,Phrase,1
11.73033,-4.9378557,Phrase,1
6.742869,-2.2616324,Phrase,0
9.160835,-2.2864788,Phrase,0
8.07768,-1.500464,Phrase,2
7.6817007,0.8396728,Phrase,0
7.170057,0.5736384,Phrase,0
9.927833,-5.869799,Phrase,0
8.376533,-2.0648851,Phrase,0
9.218066,-1.5163091,Phrase,2
7.4001637,-0.8502391,Phrase,0
6.7816243,8.04477,Phrase,1
7.3856797,-1.1043229,Phrase,2
6.563214,0.6733081,Phrase,1
7.839132,-1.725911,Phrase,0
4.232242,-1.6163665,Phrase,0
9.233996,-4.898945,Phrase,0
7.19485,-0.86680245,Phrase,2
8.112579,-0.70894176,Phrase,0
7.1848855,-1.4479555,Phrase,0
10.862225,-1.5207155,Phrase,2
7.980668,-0.33051673,Phrase,2
8.540383,-2.1898618,Phrase,2
4.329213,-1.0351005,Phrase,0
9.322486,-3.8973544,Phrase,0
5.4606905,-0.21493407,Phrase,1
3.751471,-1.1947043,Phrase,1
8.833548,-2.2131479,Phrase,2
10.052223,0.4147915,Phrase,1
5.8111677,0.7709147,Phrase,1
10.916075,-5.0825906,Phrase,0
8.359573,-1.5259973,Phrase,2
7.0114355,-2.2187996,Phrase,2
6.306953,-2.7664149,Phrase,0
8.783347,-2.6233306,Phrase,0
3.902491,-0.5000571,Phrase,0
8.80535,-1.341567,Phrase,2
10.017351,-4.168289,Phrase,0
10.773337,-2.2580755,Phrase,2
8.576606,-1.3526877,Phrase,2
8.561215,-1.7420914,Phrase,2
6.092299,-1.023487,Phrase,0
6.430818,-1.6557289,Phrase,2
7.8121424,-1.0287936,Phrase,0
6.413694,0.13783413,Phrase,1
7.4844227,-2.8654134,Phrase,2
10.292144,-1.8602612,Phrase,2
6.560012,-1.1877193,Phrase,1
6.6504197,-2.2396297,Phrase,2
7.292508,1.2226497,Phrase,1
5.2756987,-1.9089816,Phrase,0
7.1423483,0.43944523,Phrase,1
6.9241304,1.3910575,Phrase,2
7.8772597,-1.9354247,Phrase,2
9.386446,-3.0336719,Phrase,2
9.870173,-3.259932,Phrase,0
4.48912,-1.2125491,Phrase,0
8.959051,-0.8255956,Phrase,2
7.9747,-2.656495,Phrase,0
9.918577,-5.792749,Phrase,0
8.544839,-0.45937675,Phrase,0
10.048401,-1.9286013,Phrase,2
7.7650795,0.59349525,Phrase,1
7.753473,0.666946,Phrase,1
4.399403,-2.5833488,Phrase,0
7.6588035,0.45648244,Phrase,1
7.3104057,-2.7048526,Phrase,2
7.4345307,-0.23361863,Phrase,2
8.292878,0.19963099,Phrase,1
10.13234,-1.4187082,Phrase,2
9.114864,-1.6766397,Phrase,2
10.197441,-4.671177,Phrase,0
6.9123654,-0.41877523,Phrase,0
5.263608,-1.4475785,Phrase,0
8.203175,-1.6178641,Phrase,2
2.6290367,-1.2609364,Phrase,1
6.5626154,0.63312185,Phrase,1
6.203437,-1.2474685,Phrase,1
9.097827,-0.75653183,Phrase,2
5.2753587,-1.9571418,Phrase,0
8.1070795,-0.4391283,Phrase,1
8.859473,-2.036516,Phrase,0
10.29565,-3.7295034,Phrase,0
5.2667723,-3.1926696,Phrase,1
8.2209425,-1.6731869,Phrase,1
7.440126,-1.5129423,Phrase,2
9.8898735,-1.2046028,Phrase,2
9.096978,-5.1697607,Phrase,0
7.042971,-0.42309073,Phrase,1
5.7203155,-1.926516,Phrase,2
6.778613,-0.59131885,Phrase,2
5.700259,-2.4355218,Phrase,0
10.124367,-0.4152574,Phrase,2
6.915756,1.4060018,Phrase,1
7.965087,-2.410169,Phrase,0
10.466603,-1.5618483,Phrase,2
8.699328,-0.23771332,Phrase,1
6.9840903,-1.7661775,Phrase,2
8.797271,0.12480849,Phrase,0
2.9854653,3.1813555,Phrase,0
7.4730253,-2.1764228,Phrase,0
8.202948,-1.4388726,Phrase,2
11.022649,-1.7489524,Phrase,1
7.4215627,-0.7937738,Phrase,2
8.421539,-2.8032835,Phrase,0
6.1983833,-1.4447322,Phrase,0
11.037587,-2.660995,Phrase,2
5.466086,-0.21292819,Phrase,0
9.118957,-1.320443,Phrase,2
10.895325,-1.9718212,Phrase,2
7.16973,0.45463124,Phrase,1
10.953752,-1.4817224,Phrase,1
10.3932085,-1.7015245,Phrase,2
7.898911,-2.554481,Phrase,2
8.074919,1.1258441,Phrase,1
7.64954,-0.027562013,Phrase,1
6.125936,-3.2923653,Phrase,0
9.527453,-4.5896096,Phrase,0
7.011116,-0.82358915,Phrase,1
7.820854,-1.7536505,Phrase,2
7.677696,-0.7725508,Phrase,2
10.27587,-2.2536378,Phrase,2
7.294024,-1.7199792,Phrase,2
7.9378743,-0.77860916,Phrase,2
9.145494,-3.3701272,Phrase,2
7.8777122,-0.68623143,Phrase,0
7.010625,-1.1978421,Phrase,2
7.03303,-1.8710942,Phrase,0
5.944564,-0.39799643,Phrase,0
9.797034,-3.6241314,Phrase,0
9.948649,-4.247583,Phrase,0
9.121114,-1.2035847,Phrase,2
6.5254164,-0.09525497,Phrase,1
4.911036,-1.3899761,Phrase,0
10.930151,-1.9595659,Phrase,2
4.175894,-1.0412579,Phrase,0
10.933222,-2.3042707,Phrase,2
6.540689,-2.0366495,Phrase,1
10.113681,-2.0908089,Phrase,2
5.667507,1.324187,Phrase,1
10.361715,-1.4461547,Phrase,2
7.793147,-1.9690622,Phrase,0
7.2324486,-0.37419608,Phrase,1
8.553807,-1.207686,Phrase,2
10.314796,-4.5156255,Phrase,0
8.02541,0.6155187,Phrase,2
8.920561,-1.8751194,Phrase,0
6.580146,-1.521412,Phrase,2
9.347069,-4.4946947,Phrase,0
9.034273,-1.62197,Phrase,2
9.929486,-4.871057,Phrase,0
10.553115,-1.8871106,Phrase,2
6.6897154,0.54296875,Phrase,1
5.5433636,-0.29306057,Phrase,0
5.583752,-1.4079492,Phrase,0
4.3483257,-1.2320894,Phrase,0
9.734715,-4.001369,Phrase,0
10.694454,-1.5540622,Phrase,2
7.697975,0.637111,Phrase,1
10.703341,-1.7847937,Phrase,2
10.96364,-1.8337296,Phrase,2
7.936599,-0.9486553,Phrase,2
8.936732,-0.2200648,Phrase,1
7.0414605,-1.954666,Phrase,2
6.0492325,-0.855388,Phrase,1
5.532135,-2.5249472,Phrase,0
3.7986383,-0.80163765,Phrase,1
8.531128,-0.08845371,Phrase,2
8.658489,-0.7204436,Phrase,2
6.5048375,-0.555893,Phrase,1
6.2873435,0.04998266,Phrase,1
6.127418,-1.6252377,Phrase,2
8.406121,0.24766067,Phrase,1
6.8481092,0.010347976,Phrase,1
6.778848,-0.08449394,Phrase,0
6.851162,-1.6391647,Phrase,2
7.877968,-2.9837594,Phrase,0
7.9576845,-0.17991942,Phrase,1
10.081776,0.12939997,Phrase,1
10.539041,-1.2124914,Phrase,2
11.873094,-3.5244508,Phrase,1
7.933162,-1.6191667,Phrase,0
6.7789965,-1.030874,Phrase,0
4.667335,0.8147985,Phrase,1
5.4003983,-3.7383058,Phrase,2
5.9521947,-2.1036232,Phrase,2
6.84916,1.1438963,Phrase,1
5.716611,0.75800693,Phrase,1
10.08327,-1.8751366,Phrase,2
10.371391,-2.144209,Phrase,2
9.082856,-2.0606377,Phrase,1
7.044257,-0.2720958,Phrase,1
7.425994,-1.750788,Phrase,1
11.105198,-5.0326552,Phrase,1
3.8736508,-0.53636134,Phrase,0
11.308857,-4.2845335,Phrase,0
8.053247,-2.7545733,Phrase,0
10.251203,0.24865189,Phrase,0
8.474612,-1.0327829,Phrase,0
6.917279,-1.2791818,Phrase,2
7.9720483,-2.5652997,Phrase,2
6.9344525,-1.4139185,Phrase,2
5.792766,-1.5090578,Phrase,0
8.580372,-0.42147025,Phrase,0
10.140491,-1.0989813,Phrase,2
7.2864003,-1.0217683,Phrase,2
8.921907,0.13636635,Phrase,0
8.136293,-1.5994751,Phrase,0
7.8528357,-1.288286,Phrase,2
4.345901,-2.4756453,Phrase,2
5.175439,-0.43929496,Phrase,0
6.7904444,-1.9040676,Phrase,1
9.778141,-4.9724054,Phrase,0
8.027158,-1.8932264,Phrase,2
9.357067,-5.876292,Phrase,0
8.726961,-0.9073977,Phrase,2
5.6609507,1.3297695,Phrase,1
7.4504833,-1.0276302,Phrase,2
9.290126,-1.637214,Phrase,2
9.289817,-5.018663,Phrase,0
9.2191305,-2.7875881,Phrase,0
10.023385,-4.2532578,Phrase,0
7.3683043,-1.0819705,Phrase,0
7.821565,-2.578131,Phrase,2
8.602722,-1.2139722,Phrase,0
6.668512,-0.30266201,Phrase,1
9.946454,-4.5948167,Phrase,0
6.898669,-0.96281886,Phrase,2
10.241123,-1.4808252,Phrase,2
8.682438,-1.667116,Phrase,2
9.105846,-1.3649106,Phrase,0
9.867073,-1.1988467,Phrase,2
10.369541,-0.9843809,Phrase,2
8.35568,-2.879334,Phrase,2
9.873846,-3.3512864,Phrase,0
8.235334,-1.2602818,Phrase,2
4.570778,-1.3182492,Phrase,0
9.491503,-3.5531716,Phrase,0
6.257931,-1.5611483,Phrase,2
10.317716,-1.6651168,Phrase,2
7.9732785,-1.2481226,Phrase,2
9.5443325,-3.6250412,Phrase,0
7.7810407,-0.9335099,Phrase,2
8.266037,3.0957851,Phrase,1
7.6150346,-0.8978178,Phrase,1
4.3356037,-1.1212049,Phrase,0
3.8077698,-0.8007177,Phrase,1
7.198691,-1.2964289,Phrase,2
6.8723164,-2.039148,Phrase,2
5.4172716,-0.59884226,Phrase,0
7.680104,-2.8066244,Phrase,0
8.851782,-1.7862917,Phrase,2
9.40873,-0.5941247,Phrase,1
8.154578,-1.4041103,Phrase,2
9.794337,-3.22574,Phrase,0
5.2409,-0.17275344,Phrase,0
6.872009,1.2173833,Phrase,1
7.3346906,-0.833399,Phrase,2
9.129059,-1.670788,Phrase,2
8.044761,-5.7979827,Phrase,0
8.89177,-2.066968,Phrase,2
7.916455,-0.4469504,Phrase,2
6.83881,-1.2236135,Phrase,1
10.178095,-1.0015377,Phrase,2
9.618537,-1.767674,Phrase,2
11.362454,-3.4953096,Phrase,2
9.105786,-2.0252078,Phrase,2
10.526324,-2.3656015,Phrase,2
7.9089465,-2.1323977,Phrase,0
6.166154,0.11663596,Phrase,2
9.871947,-5.6948867,Phrase,0
7.15984,-1.435472,Phrase,2
8.673233,-5.544133,Phrase,0
10.350414,-1.5502924,Phrase,2
11.7515,-3.4415574,Phrase,0
4.315749,-1.152064,Phrase,0
8.208423,-2.0016747,Phrase,0
4.7208633,0.77311414,Phrase,1
10.1949,-2.9664335,Phrase,2
7.6030717,-1.8951998,Phrase,0
9.947206,0.38913018,Phrase,1
8.144426,-0.7692644,Phrase,2
9.397213,-1.2801434,Phrase,2
7.836036,0.27116233,Phrase,0
9.77243,-2.4730725,Phrase,2
7.0512094,-1.483997,Phrase,2
10.7404,-1.4069241,Phrase,2
9.138324,-2.2374728,Phrase,2
4.7775187,-1.9686499,Phrase,0
6.1240387,-1.6291485,Phrase,2
8.915305,-2.1535013,Phrase,2
7.5150285,-1.5449882,Phrase,0
10.395505,-0.9747254,Phrase,2
7.1827927,-0.09825688,Phrase,0
11.591911,-4.2817125,Phrase,1
5.981791,-1.0661037,Phrase,0
7.555052,-0.7946366,Phrase,2
7.283846,-2.458568,Phrase,2
10.375147,-0.9961406,Phrase,2
8.796155,-3.543827,Phrase,0
5.579335,-0.63167566,Phrase,2
6.9480405,-1.6756698,Phrase,2
10.810514,-2.3794923,Phrase,2
5.719646,-1.1004931,Phrase,1
9.87472,-2.5347152,Phrase,2
8.859717,-1.4616995,Phrase,0
6.538486,-0.6126687,Phrase,1
7.9414887,-1.7522324,Phrase,0
7.206209,-0.099219166,Phrase,1
8.889453,-2.643079,Phrase,2
8.16762,-2.0941536,Phrase,0
7.2959776,-2.3978302,Phrase,0
8.99047,-1.9592793,Phrase,2
5.1002655,0.11933545,Phrase,0
8.09167,0.2558395,Phrase,1
9.910968,-2.8181756,Phrase,2
10.540893,-1.0641843,Phrase,1
5.9098577,-1.5313255,Phrase,0
6.488455,0.5441702,Phrase,1
8.850093,0.1302332,Phrase,0
8.947615,-3.2845097,Phrase,0
9.519842,-1.5132793,Phrase,2
9.027131,-1.0511419,Phrase,2
7.6677523,0.19575922,Phrase,0
6.271914,-3.4809642,Phrase,2
6.7163534,-0.38266188,Phrase,1
7.3111615,-1.8211176,Phrase,2
8.885118,-1.8486556,Phrase,2
8.187253,-0.89720124,Phrase,2
6.710257,-1.0281436,Phrase,1
7.106431,-1.119922,Phrase,2
9.3810835,-0.63823074,Phrase,2
9.530994,-1.2871102,Phrase,2
7.0409546,-1.1664859,Phrase,2
10.327515,-2.0191667,Phrase,2
10.715135,-2.0305297,Phrase,2
8.3488865,-2.2655537,Phrase,0
9.33782,-3.5999303,Phrase,0
10.081179,-3.8153238,Phrase,0
10.16608,-4.105761,Phrase,0
9.211397,-2.2445545,Phrase,2
10.167894,-1.831129,Phrase,2
10.054175,-1.9739223,Phrase,2
8.481433,-0.69223773,Phrase,0
5.5399504,0.82754195,Phrase,1
10.829506,-1.6812505,Phrase,2
9.048319,-1.6524159,Phrase,2
5.701818,1.2593628,Phrase,1
6.48359,-0.9178383,Phrase,2
7.750678,-1.6861707,Phrase,0
-5.8594313,2.5726876,Phrase,1
9.38206,-2.597799,Phrase,1
8.353258,-1.7839968,Phrase,2
5.459078,-0.89893234,Phrase,0
7.660358,-2.097452,Phrase,0
-5.8600607,2.5747702,Phrase,1
9.716982,-4.6137266,Phrase,0
6.628688,-2.167321,Phrase,2
8.795081,-1.3917389,Phrase,2
11.847737,-3.2194452,Phrase,2
9.077537,-1.7628937,Phrase,2
6.363796,-1.706167,Phrase,0
8.396331,0.5837767,Phrase,2
6.083815,-2.8147392,Phrase,2
10.197362,0.19512968,Phrase,2
7.005625,-0.78863096,Phrase,2
-5.8588133,2.5727725,Phrase,1
11.087883,-5.036091,Phrase,1
10.205632,-4.664244,Phrase,0
6.7075276,0.8328807,Phrase,1
8.299072,-1.1984328,Phrase,0
8.677962,-2.2027793,Phrase,2
8.357626,-1.9387877,Phrase,2
11.110923,-1.6272357,Phrase,1
6.8862576,-2.58615,Phrase,0
9.024419,-5.657055,Phrase,0
6.2700405,-0.3836207,Phrase,1
6.7618804,-1.2232265,Phrase,0
7.966509,-1.992508,Phrase,0
7.958466,-2.0664399,Phrase,2
7.6328583,-1.133889,Phrase,2
7.684575,-0.77435523,Phrase,1
6.6155877,0.2898815,Phrase,1
4.260175,1.7136632,Phrase,0
8.696078,-2.278363,Phrase,0
8.762855,-2.7098002,Phrase,2
8.9225,0.1579889,Phrase,0
7.732088,-1.9494681,Phrase,2
8.6240835,-1.9779404,Phrase,2
7.8365636,-3.9123929,Phrase,2
6.595925,-2.0645053,Phrase,0
8.137788,-1.1208755,Phrase,0
7.9376993,0.6934002,Phrase,0
10.055192,-2.1037061,Phrase,2
6.525704,-2.2366462,Phrase,0
11.861076,-3.2229176,Phrase,0
10.386981,-3.644769,Phrase,0
7.604942,-0.5457407,Phrase,2
5.606899,-2.2103407,Phrase,0
5.7692666,-1.5451082,Phrase,2
7.229025,0.09602694,Phrase,2
10.150319,-2.0700026,Phrase,2
5.394265,-0.4943473,Phrase,0
5.877894,0.5793962,Phrase,1
8.44374,-2.6094334,Phrase,0
8.232171,-2.4290366,Phrase,0
7.032015,-1.2939222,Phrase,0
6.800118,-0.6241338,Phrase,2
8.544091,-0.5428745,Phrase,0
8.794091,-2.8856225,Phrase,0
9.949692,-4.9667325,Phrase,0
9.570291,-5.0177574,Phrase,0
6.5537243,-1.7642907,Phrase,2
6.8799877,-1.2390845,Phrase,2
11.6552,-4.3915553,Phrase,0
10.445049,-1.4931728,Phrase,2
6.9445333,-0.3429675,Phrase,2
8.260197,-2.2361774,Phrase,0
8.242689,0.0010493194,Phrase,0
10.051375,-1.8866771,Phrase,2
6.9247885,-1.9547985,Phrase,2
9.933825,-4.1554685,Phrase,0
7.124816,1.0952455,Phrase,1
9.168728,-4.805639,Phrase,0
6.797367,-0.6358162,Phrase,2
5.8701763,-1.5612953,Phrase,0
3.3131974,-1.5122102,Phrase,0
10.683719,-3.1647913,Phrase,1
8.7137985,-5.314901,Phrase,0
7.9518843,0.16093855,Phrase,1
7.668324,-0.7771624,Phrase,1
10.2565775,-2.4414546,Phrase,2
9.006648,-2.6954536,Phrase,2
7.0941978,-1.2763596,Phrase,2
4.2886662,-1.0612968,Phrase,1
7.7669725,0.5291943,Phrase,1
10.676219,-1.948557,Phrase,2
7.420379,-0.91794837,Phrase,2
6.922837,1.3665167,Phrase,1
6.378533,-1.0815469,Phrase,1
6.0422673,-1.3355744,Phrase,1
6.071835,0.1218862,Phrase,1
6.9449472,-0.48243845,Phrase,2
4.352523,-2.5431774,Phrase,2
7.384268,-1.7117854,Phrase,1
9.894884,-3.6205072,Phrase,0
9.21586,-3.3906612,Phrase,0
7.8767176,-0.12923698,Phrase,1
7.473145,-0.5312965,Phrase,2
9.796447,-3.0811627,Phrase,2
10.921049,-2.8010588,Phrase,2
9.172451,-1.2668635,Phrase,2
9.335163,-1.4082885,Phrase,2
9.191403,-1.1699326,Phrase,2
5.8117933,-0.89749104,Phrase,0
6.7396946,-1.5639553,Phrase,0
7.7927074,-0.7366876,Phrase,2
6.9933066,0.5041714,Phrase,1
5.914465,-1.1282996,Phrase,1
8.366114,-0.4719389,Phrase,2
10.981024,-1.6583549,Phrase,1
7.758464,-1.0717146,Phrase,2
4.386865,-1.1770704,Phrase,0
10.307182,-4.6625266,Phrase,0
11.529266,-3.6515753,Phrase,1
6.242199,-0.45170447,Phrase,1
6.689819,-2.230433,Phrase,0
9.765369,-3.3559685,Phrase,0
6.996852,-2.000792,Phrase,2
10.27173,-3.1718588,Phrase,0
8.261494,-1.3637533,Phrase,0
6.826507,-0.8306143,Phrase,2
9.472637,-1.8535604,Phrase,2
6.2724366,-0.59425527,Phrase,1
8.265528,3.0956104,Phrase,1
6.3815875,-1.6669794,Phrase,2
8.952574,-1.7984356,Phrase,2
10.535249,-4.0970283,Phrase,0
7.1686587,-0.8774603,Phrase,0
4.5651946,-1.9554199,Phrase,1
11.605009,-4.338799,Phrase,1
5.3314767,-0.82831603,Phrase,0
4.091278,-1.5759108,Phrase,0
8.306666,-1.0259384,Phrase,2
9.626831,-1.9185536,Phrase,2
10.569072,-0.9504633,Phrase,2
7.6512012,-0.71844554,Phrase,2
8.324794,-1.3380431,Phrase,2
6.939043,-1.4569445,Phrase,2
6.7624035,-1.7090405,Phrase,0
7.6090217,-1.4103752,Phrase,2
7.517339,-1.9985993,Phrase,2
10.461061,-1.7954291,Phrase,2
9.49403,-4.7464027,Phrase,0
9.393371,-1.8153892,Phrase,1
2.6206124,-1.2607577,Phrase,1
9.272867,-2.1549048,Phrase,2
6.944116,-1.6827459,Phrase,2
6.5579357,-2.0983064,Phrase,2
8.028726,0.16181977,Phrase,0
10.9567,-1.7524549,Phrase,2
7.9029984,-2.6034284,Phrase,2
7.7553496,0.1886162,Phrase,1
8.84605,-2.2008066,Phrase,2
10.02842,-3.0359008,Phrase,2
9.334238,-2.5902627,Phrase,2
7.889668,-4.938298,Phrase,0
9.163354,-4.9850106,Phrase,0
6.9849253,-0.8975337,Phrase,2
7.7487373,-0.92898405,Phrase,2
7.6639843,-1.5761034,Phrase,2
2.376488,-0.55742186,Phrase,0
7.1983566,-1.3614434,Phrase,2
6.3984537,-2.4335947,Phrase,2
10.909519,-1.8552449,Phrase,2
6.034092,-1.5297185,Phrase,2
8.182953,-1.595872,Phrase,2
7.63932,-1.5335281,Phrase,0
8.510497,-0.23520343,Phrase,1
7.979872,-1.8801509,Phrase,0
7.057352,-0.62100524,Phrase,1
5.9715114,0.5762743,Phrase,0
8.498045,-0.079569206,Phrase,0
11.724763,-4.9404783,Phrase,1
10.158006,-3.2149475,Phrase,1
7.6883984,-1.4999949,Phrase,1
5.695983,-1.0616314,Phrase,1
5.9139676,-1.720897,Phrase,1
8.983525,-1.4756235,Phrase,2
5.3727274,-3.694027,Phrase,2
6.9348474,-1.5234439,Phrase,0
9.482996,-0.8732806,Phrase,2
7.450125,-1.565066,Phrase,0
10.578592,-1.688211,Phrase,2
8.055459,0.8677481,Phrase,1
7.682532,-0.32001576,Phrase,1
10.542235,-1.7244918,Phrase,2
7.7967677,-0.71672106,Phrase,2
8.4098425,0.42471948,Phrase,0
10.181558,-4.479509,Phrase,0
8.87977,0.009620686,Phrase,1
10.070219,-5.1207657,Phrase,0
5.1590657,-1.7495956,Phrase,0
7.37952,-2.217633,Phrase,0
6.348448,-0.9253466,Phrase,0
9.270011,-0.59021837,Phrase,1
6.461062,-1.4735379,Phrase,2
5.4760165,-0.10185356,Phrase,0
8.910374,-1.9030306,Phrase,2
6.593322,-1.6847394,Phrase,1
5.4155293,-3.7034621,Phrase,2
10.645993,-2.230998,Phrase,2
11.832735,-3.857072,Phrase,1
8.048025,-0.10096651,Phrase,1
9.884152,-3.6170115,Phrase,2
7.2178307,-2.1861813,Phrase,2
7.0290904,-0.3197499,Phrase,2
7.766345,-2.2854161,Phrase,0
6.337668,0.10544785,Phrase,1
6.214837,-1.6351272,Phrase,0
8.552676,-0.23678601,Phrase,1
8.481797,-2.4760227,Phrase,2
4.2910013,-0.7836534,Phrase,0
10.403118,-1.5387845,Phrase,2
8.4864,-2.6283214,Phrase,0
7.229814,0.17020148,Phrase,2
7.1962953,0.09940165,Phrase,1
3.97529,-1.2055992,Phrase,0
7.5122843,-2.3382862,Phrase,0
4.4282327,-1.0701104,Phrase,2
8.252437,-5.367274,Phrase,0
10.135945,-1.7425973,Phrase,2
8.500686,-0.5689279,Phrase,0
10.133464,-0.12588225,Phrase,2
7.7059407,-0.8214866,Phrase,2
9.223722,-0.7827773,Phrase,1
10.059162,-0.86210006,Phrase,2
8.118442,-1.522629,Phrase,2
6.0101876,0.088016585,Phrase,1
5.5932813,-0.7731034,Phrase,0
8.567049,-2.4989548,Phrase,0
7.0177846,0.1558017,Phrase,1
7.8274136,-3.453381,Phrase,0
10.236445,0.17486171,Phrase,2
8.357598,-1.5178678,Phrase,0
9.08996,-1.9190316,Phrase,2
3.1887388,-1.2729008,Phrase,1
9.6139765,-0.68158203,Phrase,1
10.254962,-1.3771478,Phrase,2
8.335282,-0.6586251,Phrase,0
9.093123,-0.49430138,Phrase,2
11.541082,-4.6209264,Phrase,1
8.524283,-3.3517358,Phrase,2
7.4650893,-0.36870825,Phrase,0
7.191696,-0.6579071,Phrase,2
8.638613,-1.8698565,Phrase,0
8.019357,-0.38457754,Phrase,2
9.246181,-2.744145,Phrase,0
10.684678,-1.2799233,Phrase,2
6.687167,-1.446945,Phrase,1
7.5858297,-0.25260606,Phrase,2
4.2938066,-1.1599753,Phrase,0
7.9321284,-0.5565962,Phrase,0
9.163218,-1.4726504,Phrase,2
9.83299,-4.031418,Phrase,0
5.226087,-0.41158608,Phrase,0
9.775922,-1.350854,Phrase,2
7.6899376,-0.17438492,Phrase,1
3.7909489,-0.7984103,Phrase,1
7.270515,-0.19355471,Phrase,2
9.1851635,-1.8968202,Phrase,2
10.076653,-1.5645391,Phrase,2
4.4738355,-1.9364914,Phrase,0
8.64079,-0.31125152,Phrase,0
2.6277244,-1.2592658,Phrase,2
5.906323,-0.0028008167,Phrase,1
11.616622,-5.0811925,Phrase,1
8.787996,-1.382632,Phrase,1
8.339499,-0.2698721,Phrase,0
5.1491346,0.06420392,Phrase,1
6.7367435,-2.1061242,Phrase,2
11.032018,-1.5579443,Phrase,2
5.6375065,-1.453483,Phrase,1
9.163343,-0.39581868,Phrase,1
8.841407,-1.5233963,Phrase,2
9.215496,-0.4704625,Phrase,0
7.176381,-1.4124151,Phrase,2
10.278927,-3.667312,Phrase,0
8.244579,-1.0713953,Phrase,0
6.7366095,0.6708354,Phrase,1
6.566821,0.26597276,Phrase,1
7.0285754,-1.173627,Phrase,0
7.5834527,-1.76805,Phrase,2
11.322804,-4.119533,Phrase,1
8.316163,-1.0193746,Phrase,1
6.0977597,-1.8104588,Phrase,2
9.354654,-1.0650548,Phrase,2
7.2408304,0.34899962,Phrase,1
10.471989,-2.327382,Phrase,2
6.365649,-1.8319545,Phrase,2
10.209087,-3.106222,Phrase,2
8.493937,-4.7319717,Phrase,0
7.8749356,0.39932343,Phrase,1
9.738696,-0.4988854,Phrase,2
5.6558475,-1.8948203,Phrase,2
5.6757083,-2.2679477,Phrase,1
6.607865,-2.2304306,Phrase,2
9.562868,-1.8116254,Phrase,2
9.263391,-2.272662,Phrase,0
9.731012,-5.000396,Phrase,0
9.203322,-1.6425415,Phrase,2
7.345536,-0.2826825,Phrase,1
9.391271,-5.8202243,Phrase,0
8.358979,0.4810262,Phrase,2
7.1753635,-0.44366258,Phrase,1
5.772757,0.19044894,Phrase,1
4.616433,-1.1048579,Phrase,2
5.908159,-2.5086558,Phrase,1
5.965144,0.07778658,Phrase,1
6.003678,-1.6159469,Phrase,2
5.077897,-0.41125774,Phrase,1
8.479422,-1.7099315,Phrase,2
5.1274548,0.095240474,Phrase,0
5.5596876,0.8253582,Phrase,1
10.009805,-1.3446258,Phrase,2
8.164479,-1.0884123,Phrase,2
8.2973,-1.1392754,Phrase,2
7.9032726,-1.0501324,Phrase,2
11.548606,-4.1210155,Phrase,0
6.6986747,-1.7158912,Phrase,2
9.060605,-1.6335102,Phrase,2
8.0680895,-1.0249535,Phrase,0
10.470184,-1.6653068,Phrase,2
8.084572,-0.66044134,Phrase,0
7.395366,0.9367023,Phrase,1
7.6916347,-1.7495004,Phrase,0
8.378507,-0.4736341,Phrase,0
6.972318,-0.64206165,Phrase,1
8.870983,0.19541353,Phrase,0
5.7464237,-1.9817543,Phrase,2
7.129901,-1.846478,Phrase,0
7.535928,-0.8314014,Phrase,2
9.719961,-3.5878282,Phrase,0
7.7944503,-0.41575313,Phrase,1
7.9483733,-0.3515558,Phrase,2
7.769006,-2.071077,Phrase,2
9.755281,-0.2809036,Phrase,1
7.9753404,-0.22074102,Phrase,1
7.9439716,-1.8995357,Phrase,2
11.699648,-4.9220476,Phrase,1
8.2090845,1.0599854,Phrase,1
5.8896246,-1.4617411,Phrase,2
8.934931,0.15026331,Phrase,0
10.088162,-1.9848135,Phrase,2
6.390978,-1.2210166,Phrase,0
5.170514,-1.0076067,Phrase,0
9.461656,-1.5443225,Phrase,2
6.7782235,-2.028515,Phrase,0
11.123278,-1.9550625,Phrase,2
7.9605184,-0.27790138,Phrase,1
7.2320457,0.5677305,Phrase,1
7.613768,-0.7924776,Phrase,2
7.691426,-1.3728743,Phrase,0
7.3751564,-2.4284685,Phrase,2
7.1708875,2.1278405,Phrase,1
10.012146,0.54350424,Phrase,1
10.48512,-1.3833059,Phrase,2
9.553063,-4.0042357,Phrase,0
5.632295,1.3593109,Phrase,1
7.0327206,-1.2601563,Phrase,2
9.776712,-4.0724554,Phrase,0
11.0595,-1.8225263,Phrase,2
8.647418,-1.5122188,Phrase,1
8.444205,-1.8327619,Phrase,2
6.5650177,-0.035432756,Phrase,1
11.0576105,-2.0768704,Phrase,2
7.868827,-0.77489066,Phrase,2
5.277279,-0.49671507,Phrase,0
4.94184,-0.96888524,Phrase,1
7.3281374,0.8276593,Phrase,1
7.424933,1.0940423,Phrase,1
7.3947835,1.287665,Phrase,1
8.408863,-2.0804322,Phrase,0
9.153909,-1.3735952,Phrase,2
8.468106,-2.5212793,Phrase,0
14.609902,-5.0307918,Phrase,1
7.854386,0.45714197,Phrase,1
8.0295925,0.7557904,Phrase,1
7.2693424,-1.2703767,Phrase,2
8.396609,-1.855427,Phrase,2
7.7506943,-0.894347,Phrase,2
7.2928863,-1.8767157,Phrase,2
6.7512035,-0.45641732,Phrase,2
7.50987,-0.09516151,Phrase,1
10.864936,-3.1470265,Phrase,1
4.6055484,-1.1873311,Phrase,0
11.4084,-4.1738095,Phrase,0
8.301326,-1.945246,Phrase,0
6.999085,0.052535396,Phrase,1
4.569132,-1.4979613,Phrase,0
7.265319,-1.3064804,Phrase,0
6.4361773,-0.98241544,Phrase,0
9.321402,-0.6581384,Phrase,2
5.886726,0.16061795,Phrase,1
6.7037454,-0.84733886,Phrase,1
9.664902,-1.9107064,Phrase,2
7.080292,-1.1622784,Phrase,2
8.209212,-0.41552907,Phrase,1
9.432768,-2.3230176,Phrase,2
6.46905,-1.3398039,Phrase,2
10.299328,-2.3846977,Phrase,2
6.148682,-1.4717753,Phrase,0
6.690325,0.03210211,Phrase,1
8.347183,-1.9471925,Phrase,2
10.353413,-1.0615392,Phrase,2
8.266141,3.0967362,Phrase,1
8.328722,-0.4416401,Phrase,0
5.9924445,-1.6556695,Phrase,0
7.1099854,-0.7351662,Phrase,0
7.4074,-1.7554231,Phrase,2
-5.8589096,2.5722585,Phrase,1
9.5473995,-3.4892144,Phrase,0
7.549031,-2.1414638,Phrase,2
10.983878,-1.800701,Phrase,2
8.237768,0.6921744,Phrase,0
10.497102,-2.476108,Phrase,2
7.118582,-1.2281486,Phrase,2
9.310158,-3.4898124,Phrase,1
5.7993693,-0.94413877,Phrase,0
5.482199,0.34055582,Phrase,0
7.8754516,-1.1006486,Phrase,2
7.693339,-0.23918247,Phrase,2
7.436837,-1.449417,Phrase,2
9.730462,-0.35894746,Phrase,0
8.154449,-1.1626415,Phrase,2
8.905658,0.26598516,Phrase,0
4.0558352,-0.7758881,Phrase,2
9.169622,-1.8931462,Phrase,2
6.3358345,-0.5143533,Phrase,1
8.381046,-0.7808793,Phrase,2
11.916828,-3.78749,Phrase,1
12.051828,-3.6047275,Phrase,1
7.8293676,-3.0701432,Phrase,2
9.160528,-1.4179506,Phrase,0
7.9769096,-1.0348834,Phrase,2
10.171955,2.5863645,Phrase,1
7.490664,-1.440104,Phrase,2
7.0076313,0.26412344,Phrase,1
5.8600984,0.72749877,Phrase,1
7.7768617,-1.5930549,Phrase,0
5.3680587,-1.6301544,Phrase,2
10.284146,-3.9649022,Phrase,0
8.594923,-1.8570676,Phrase,2
7.667566,-1.5293332,Phrase,2
7.781325,-1.6857141,Phrase,0
6.34982,0.6455052,Phrase,1
6.535439,0.9335649,Phrase,1
6.80042,8.028384,Phrase,1
11.767039,-3.3696463,Phrase,0
10.17672,-2.001376,Phrase,2
8.208468,-2.0228689,Phrase,2
9.006273,-5.3462625,Phrase,0
5.38454,0.00594807,Phrase,0
10.406598,-0.87301844,Phrase,2
10.867728,-1.6737181,Phrase,2
6.6930747,-1.9139624,Phrase,2
5.530565,-1.9087175,Phrase,0
7.565559,-1.4547417,Phrase,2
9.907648,-1.5111613,Phrase,2
8.573768,-0.292195,Phrase,0
6.9190707,-1.9137132,Phrase,2
7.081314,-2.284702,Phrase,2
5.7615595,-0.7285754,Phrase,1
2.6095943,-1.2658292,Phrase,1
4.123742,-1.022064,Phrase,0
7.0871806,-1.2267395,Phrase,0
5.6493826,0.7245025,Phrase,0
9.865754,-1.2769102,Phrase,2
7.1557345,-2.0258017,Phrase,2
7.471704,-0.5247103,Phrase,1
7.8631487,-1.1569178,Phrase,1
9.942462,-5.7521253,Phrase,0
6.926161,-0.32739913,Phrase,2
7.284308,0.19859502,Phrase,1
5.6795654,0.71243286,Phrase,1
9.573737,-3.574259,Phrase,2
7.4065976,0.50690556,Phrase,1
7.7115145,-2.6776154,Phrase,0
6.733216,-0.33517304,Phrase,1
7.0402565,-0.7767418,Phrase,2
7.622776,-2.7912846,Phrase,0
8.046004,-2.0399938,Phrase,0
6.796075,8.034658,Phrase,1
9.805326,-1.9496394,Phrase,2
7.560743,-1.9257305,Phrase,2
6.646472,-1.4005148,Phrase,2
7.1962256,-0.6949728,Phrase,2
7.89827,0.17561725,Phrase,0
8.346167,0.4960825,Phrase,2
8.498029,-0.57866615,Phrase,0
8.086105,-1.9257551,Phrase,0
6.170197,-1.8280637,Phrase,2
6.4296184,-0.09313169,Phrase,2
11.635171,-4.4226074,Phrase,1
6.958702,-0.1723557,Phrase,1
7.254538,0.14499608,Phrase,2
10.306394,-3.6096673,Phrase,0
10.263999,-4.4080753,Phrase,0
5.435124,-1.0541817,Phrase,1
6.527706,-0.42865708,Phrase,1
5.8168435,-1.530512,Phrase,0
7.8148685,-0.65634537,Phrase,2
9.281956,4.164941,Phrase,1
7.164819,-0.7709981,Phrase,2
10.705011,-1.8509345,Phrase,2
8.285146,-2.1497064,Phrase,2
7.4326515,1.4937472,Phrase,1
10.553352,-1.8467857,Phrase,2
7.134462,1.138371,Phrase,0
8.678738,-2.282914,Phrase,2
7.3996677,-1.3019055,Phrase,0
6.095087,-1.6413742,Phrase,2
10.300869,0.40926778,Phrase,1
10.113604,-1.6016049,Phrase,2
6.522941,-0.9567384,Phrase,2
8.232764,-0.4747244,Phrase,0
10.26242,0.3284014,Phrase,0
7.7967596,0.27324644,Phrase,2
10.369826,-1.9552407,Phrase,2
11.774123,-3.8121915,Phrase,1
6.8962693,-0.45894244,Phrase,2
7.7687287,-0.89873606,Phrase,0
5.969818,-1.7355332,Phrase,0
7.2179165,-1.9122777,Phrase,0
5.6640663,1.327131,Phrase,1
7.1913905,-1.7152045,Phrase,2
9.994578,-2.9697187,Phrase,1
11.030447,-5.002489,Phrase,1
7.5726676,-1.1689367,Phrase,2
5.611945,-0.4019542,Phrase,1
5.750092,-3.6778028,Phrase,2
10.582901,-0.7483718,Phrase,1
7.8747296,0.403312,Phrase,1
11.013694,-3.3748684,Phrase,1
8.105784,-0.022394096,Phrase,2
7.019001,0.62859523,Phrase,1
11.425984,-4.5915513,Phrase,1
10.4240265,-1.7617058,Phrase,2
9.34016,-0.9445361,Phrase,1
7.199655,-1.5591451,Phrase,2
6.5545993,-2.0853581,Phrase,2
7.7337146,-2.2261138,Phrase,0
7.0785136,-0.9690637,Phrase,0
9.669971,-0.7988272,Phrase,1
9.118334,-0.35889262,Phrase,2
9.773938,-1.297419,Phrase,2
8.938978,-4.0653715,Phrase,0
10.166873,-1.8339909,Phrase,2
8.631149,-1.3047327,Phrase,2
6.6308055,-2.7910068,Phrase,2
4.1906896,-0.9780168,Phrase,1
9.051136,-1.9405764,Phrase,0
9.8440895,-1.0480322,Phrase,2
10.579668,-1.5148273,Phrase,2
8.443323,-2.1668446,Phrase,0
7.69206,-0.0013984983,Phrase,1
10.406295,-1.1849668,Phrase,2
9.855434,0.18169284,Phrase,1
7.957347,-0.814221,Phrase,2
3.8180568,-0.7900504,Phrase,1
5.452307,-1.2319342,Phrase,0
9.736797,-1.7334784,Phrase,2
10.096573,-1.4836807,Phrase,2
4.7313294,0.7868914,Phrase,1
8.485199,-0.25386137,Phrase,0
7.39186,-1.4359372,Phrase,2
5.7382445,-0.13591565,Phrase,1
9.204064,-1.6187071,Phrase,2
7.7367506,-0.9267589,Phrase,0
8.021171,-1.0154061,Phrase,2
7.9756656,-0.8058168,Phrase,1
8.426936,-0.95143014,Phrase,2
9.892763,-1.652737,Phrase,2
4.360754,-1.3734993,Phrase,2
3.9590878,-1.3492907,Phrase,0
8.573737,-2.614239,Phrase,2
8.940746,-2.2909632,Phrase,0
7.986039,-2.4835384,Phrase,0
7.568425,-0.5235256,Phrase,2
10.443144,-1.866659,Phrase,2
6.7505913,-0.7910857,Phrase,1
10.44837,-1.2839537,Phrase,2
10.322562,-4.27698,Phrase,0
5.983774,-2.4762352,Phrase,2
7.681726,-0.3365982,Phrase,2
9.653782,-1.008004,Phrase,2
7.9528375,-0.76610804,Phrase,1
7.774732,-0.27621827,Phrase,1
8.472579,-0.57493156,Phrase,2
8.129747,-1.1812042,Phrase,0
10.621672,-2.1797893,Phrase,2
5.9715834,-2.1767392,Phrase,1
9.14738,-2.0577006,Phrase,2
6.0536876,-1.1053345,Phrase,0
5.20256,-0.37041518,Phrase,0
7.0877666,-2.4668171,Phrase,0
6.6907406,-1.1161331,Phrase,2
8.311803,-2.598476,Phrase,0
7.9018064,-0.89248645,Phrase,2
9.261441,-0.9026044,Phrase,2
6.2174706,-1.2589049,Phrase,0
8.3262615,0.65658915,Phrase,0
8.001754,-1.3517352,Phrase,1
8.022219,-1.5320933,Phrase,0
8.783748,0.0025236672,Phrase,1
7.1871676,0.5159312,Phrase,0
5.958801,0.008981725,Phrase,1
5.9470897,-2.756835,Phrase,0
10.932785,-1.4771649,Phrase,1
6.6324573,-2.019802,Phrase,2
10.331114,-1.5493201,Phrase,2
6.663317,-0.039031025,Phrase,1
8.848386,-4.2760167,Phrase,0
10.600233,-1.7204874,Phrase,2
8.67334,-2.5806675,Phrase,0
9.82193,-0.38342366,Phrase,0
7.9969597,0.6997455,Phrase,0
9.881041,-2.4421663,Phrase,2
6.533562,-0.65927464,Phrase,1
6.96682,-2.1641803,Phrase,0
6.755982,-1.9722126,Phrase,2
7.9957604,-2.193887,Phrase,0
7.346089,1.4854441,Phrase,1
5.4190893,-0.41263416,Phrase,0
6.035189,-1.1344537,Phrase,0
7.1595416,-0.10306888,Phrase,1
8.038316,-1.6799349,Phrase,0
7.6705503,-0.91608804,Phrase,2
6.0601153,-1.724942,Phrase,0
7.0528183,-1.3241881,Phrase,2
8.71926,-2.1374636,Phrase,2
9.523113,-0.59289783,Phrase,2
8.799576,-2.2257707,Phrase,2
8.148093,-0.8875167,Phrase,2
10.134889,-4.4640775,Phrase,0
7.498868,-1.452142,Phrase,1
9.032938,-3.698454,Phrase,2
4.329558,-1.0949527,Phrase,0
3.950208,-1.229587,Phrase,0
8.619216,-1.2954305,Phrase,1
6.688829,-1.45293,Phrase,2
7.305898,0.8220672,Phrase,1
4.477395,-1.1886804,Phrase,0
9.094302,-4.0404196,Phrase,0
6.7920723,-2.1702063,Phrase,2
6.456972,0.1389499,Phrase,1
9.273776,-4.5413036,Phrase,0
8.626217,-1.7319105,Phrase,2
9.066087,-1.849511,Phrase,1
6.773067,-2.1441262,Phrase,2
9.160148,-2.320936,Phrase,2
10.213945,-4.058598,Phrase,2
7.8659506,-0.60936546,Phrase,2
7.6800756,-0.19221257,Phrase,1
7.940322,-1.1786522,Phrase,0
10.8273945,-2.477698,Phrase,2
5.6737175,0.26398337,Phrase,0
5.9407716,0.62060136,Phrase,1
8.041504,-1.1974237,Phrase,2
5.6953044,1.3108573,Phrase,1
7.743362,-0.26700792,Phrase,2
7.777387,-2.0254562,Phrase,0
7.451861,0.8598675,Phrase,1
4.84803,-1.1806488,Phrase,0
9.884748,-4.709639,Phrase,0
10.492854,-1.9387467,Phrase,2
6.7822766,8.051989,Phrase,1
7.599442,-1.3732768,Phrase,0
6.731405,0.27645656,Phrase,1
5.5803633,-1.6168683,Phrase,0
8.265771,3.0972545,Phrase,1
6.538801,-0.24972345,Phrase,1
7.253498,-2.1470432,Phrase,0
7.025369,-1.0328778,Phrase,0
9.765454,-3.192794,Phrase,2
5.135842,-1.3191618,Phrase,0
10.80923,-1.537019,Phrase,2
7.4380755,1.3336601,Phrase,1
7.2625494,-1.463081,Phrase,2
10.979598,-1.6899563,Phrase,2
10.052223,-4.6926875,Phrase,0
8.154643,-0.2956145,Phrase,2
10.93025,-3.3264453,Phrase,1
11.175125,-1.2489761,Phrase,1
9.663173,-3.090888,Phrase,0
8.672555,0.08800077,Phrase,0
9.930094,-2.169308,Phrase,2
8.161017,-2.1492364,Phrase,2
7.837577,0.16327941,Phrase,1
8.425093,-1.5796992,Phrase,1
7.800223,-0.5090602,Phrase,0
10.167981,-4.3920083,Phrase,0
6.7238455,-1.6704001,Phrase,1
6.766973,-1.2771379,Phrase,2
7.365299,-0.95927614,Phrase,2
8.446403,0.45974842,Phrase,0
4.712142,0.8017206,Phrase,1
11.870081,-4.3783393,Phrase,1
8.778952,0.12225638,Phrase,0
9.282948,4.166223,Phrase,1
7.637102,-1.4147005,Phrase,0
9.023598,-2.21513,Phrase,0
-5.857448,2.5708084,Phrase,1
10.986207,-3.3145778,Phrase,1
6.461302,-1.3067923,Phrase,1
10.546249,-1.4406168,Phrase,2
6.471723,-0.064486116,Phrase,1
10.147191,0.23523743,Phrase,0
7.2046022,-0.4722857,Phrase,0
8.045191,0.13107744,Phrase,1
8.076305,0.95183736,Phrase,1
8.3642025,-0.18357521,Phrase,1
8.900566,0.28311357,Phrase,1
8.284698,-2.0762959,Phrase,0
7.626372,-0.5387261,Phrase,2
11.011072,-2.047054,Phrase,2
4.4010644,-1.22245,Phrase,2
7.2282214,0.66960454,Phrase,1
7.218848,-0.7930729,Phrase,0
8.368836,-0.25479886,Phrase,0
10.950182,-3.375117,Phrase,0
7.9862237,-1.5332956,Phrase,1
10.242486,-4.4781523,Phrase,0
8.394104,0.70246476,Phrase,1
8.329243,-2.5604722,Phrase,0
9.021598,-1.431369,Phrase,2
7.7553096,-0.9829358,Phrase,2
8.234452,-1.5631821,Phrase,2
10.547248,-1.990003,Phrase,2
8.25295,0.9456617,Phrase,0
7.6110168,0.03875386,Phrase,2
7.248154,0.0087878425,Phrase,1
7.81985,0.409674,Phrase,2
6.6865673,-0.021861296,Phrase,1
3.6212473,-1.7277838,Phrase,1
7.17913,-0.44990498,Phrase,0
7.7412686,-1.8931767,Phrase,2
9.6909485,-4.0056148,Phrase,0
9.553492,-4.431397,Phrase,0
6.9520407,-0.6236689,Phrase,2
7.166602,-1.9332794,Phrase,2
7.5837965,-2.3292189,Phrase,0
5.0118213,0.17815274,Phrase,0
11.533279,-3.5988853,Phrase,1
7.7092767,0.07651875,Phrase,1
9.191036,-3.1891065,Phrase,0
8.505493,-2.1983607,Phrase,2
10.512682,-2.7365499,Phrase,2
6.8772635,-0.9065641,Phrase,1
4.15676,-1.5316823,Phrase,0
6.475384,0.92945766,Phrase,1
10.194807,-1.8089445,Phrase,2
8.101648,-5.6717067,Phrase,0
9.641026,-4.1869297,Phrase,0
6.8693204,-0.59365124,Phrase,2
6.875929,-0.28796333,Phrase,1
7.651321,1.6411225,Phrase,1
8.317885,-1.0955247,Phrase,2
7.6207485,-1.2015009,Phrase,0
6.5924077,-1.662151,Phrase,2
5.721818,-0.81176573,Phrase,0
8.956817,-1.0791861,Phrase,2
9.190127,-1.4308953,Phrase,0
7.2959905,-1.2843678,Phrase,2
7.369506,-1.7294494,Phrase,0
10.083105,-1.7825143,Phrase,2
7.9314795,-0.1616089,Phrase,2
9.828265,-2.4684968,Phrase,2
8.973563,-1.98946,Phrase,0
6.365345,-0.5954084,Phrase,2
9.010299,-2.3829439,Phrase,2
5.969351,-1.8774489,Phrase,0
6.9491186,0.14464954,Phrase,0
6.819014,-1.7404418,Phrase,0
5.976348,-1.7212604,Phrase,2
8.711612,-1.7552713,Phrase,2
9.549014,-1.7341745,Phrase,2
2.209777,-5.157108,Phrase,0
7.435639,-0.7286919,Phrase,0
10.244438,-1.8272984,Phrase,2
8.219667,-1.2161618,Phrase,2
7.837545,-0.6855707,Phrase,2
5.775249,1.2920996,Phrase,0
11.047152,-1.4013791,Phrase,1
8.602072,-1.3670765,Phrase,2
7.429375,-0.8283972,Phrase,2
6.526874,-1.5284839,Phrase,0
5.6012406,-0.18629299,Phrase,0
10.141305,0.20450306,Phrase,1
9.5312395,-3.290813,Phrase,0
10.245872,0.17979833,Phrase,2
10.003122,-3.4903145,Phrase,0
4.476936,-2.5955446,Phrase,0
7.584722,-1.8957331,Phrase,0
10.897657,-2.2525957,Phrase,2
7.508095,-0.91879934,Phrase,0
10.681201,-2.3169174,Phrase,2
8.174468,-0.2534185,Phrase,1
7.2430797,-0.79168475,Phrase,2
6.937375,-2.166999,Phrase,2
9.413327,-4.271175,Phrase,0
11.449928,-4.2434278,Phrase,0
9.85453,-1.2060363,Phrase,2
10.335586,-1.8383437,Phrase,2
9.176816,-1.8738211,Phrase,2
8.89762,0.13519368,Phrase,0
9.140082,-1.9563792,Phrase,0
7.9559,-0.87411374,Phrase,2
7.371769,0.7312772,Phrase,1
11.452357,-5.010825,Phrase,1
5.3532715,-3.677674,Phrase,1
3.156867,3.0172093,Phrase,1
7.3628397,-2.1421945,Phrase,2
9.421625,-2.072174,Phrase,2
7.09664,-1.7359111,Phrase,2
7.385761,-2.7113843,Phrase,0
7.1340427,-1.7591997,Phrase,2
11.884463,-3.5906286,Phrase,2
6.3750424,-0.78270704,Phrase,0
5.6749587,1.3628892,Phrase,1
11.567985,-3.4372072,Phrase,1
10.646757,-1.9855043,Phrase,2
8.279865,-3.094,Phrase,0
9.133797,-1.95613,Phrase,2
7.913693,-0.9745258,Phrase,1
8.160479,-1.3822764,Phrase,0
3.2296085,-1.4303234,Phrase,0
5.7309194,1.3052166,Phrase,1
7.6081905,-1.4809995,Phrase,2
11.203902,-4.925569,Phrase,1
9.864187,-1.1926986,Phrase,2
10.440013,-0.46993363,Phrase,2
8.021146,0.8013103,Phrase,1
9.512259,-3.1081476,Phrase,0
10.159503,-2.451347,Phrase,0
11.620818,-4.3847847,Phrase,0
7.122094,0.1587597,Phrase,1
8.524902,-1.087497,Phrase,2
9.725004,-0.7432197,Phrase,1
10.787395,-2.0691504,Phrase,2
7.4696302,-1.8951284,Phrase,2
9.12509,-1.7939032,Phrase,2
7.7075005,0.2249202,Phrase,0
7.1036515,-0.53665936,Phrase,0
8.248558,-2.14693,Phrase,0
4.7421517,0.78274643,Phrase,1
6.0038433,0.036617454,Phrase,1
4.360292,-2.4987516,Phrase,1
8.687824,-2.6691658,Phrase,0
9.923187,-1.3819989,Phrase,2
8.540998,-5.770735,Phrase,0
7.770385,0.026101597,Phrase,1
6.3946824,-0.521443,Phrase,1
6.339024,-0.41450912,Phrase,1
8.709415,-2.5949996,Phrase,0
8.605664,-2.2115948,Phrase,0
7.0161095,-0.6931179,Phrase,0
7.256756,-1.3503542,Phrase,2
11.092427,-1.7385515,Phrase,2
8.434585,-0.5165084,Phrase,0
10.240108,-1.7925884,Phrase,2
7.615043,-1.284166,Phrase,2
10.252536,-4.620712,Phrase,0
8.746849,-1.7597915,Phrase,2
7.562004,-1.7238063,Phrase,0
10.17013,-1.7372712,Phrase,2
7.3149843,-0.81059605,Phrase,2
8.095521,-1.0984213,Phrase,2
5.8759475,-2.2154064,Phrase,2
10.496382,-3.384186,Phrase,1
6.9066896,-0.35620564,Phrase,2
9.575318,-1.8668988,Phrase,2
8.053629,0.18278925,Phrase,1
6.459529,-2.1158502,Phrase,2
5.3868365,-0.42927885,Phrase,2
10.037754,-1.597717,Phrase,2
5.769685,-0.8387238,Phrase,1
7.281811,-0.8307698,Phrase,1
7.7953186,-0.09342963,Phrase,2
4.1872516,-1.4438982,Phrase,0
10.258297,0.21853556,Phrase,2
6.1002684,-1.7442106,Phrase,2
7.6285925,-2.3434792,Phrase,0
5.55082,-2.144442,Phrase,0
9.415987,-4.353619,Phrase,0
6.759242,1.2539744,Phrase,0
9.299975,-4.3629904,Phrase,1
10.368022,-1.4677571,Phrase,2
10.033792,-3.0685027,Phrase,0
7.7088995,-2.366351,Phrase,2
7.940628,-0.9401487,Phrase,1
11.845291,-3.6672091,Phrase,1
7.557886,1.3161503,Phrase,1
9.818589,-4.6208105,Phrase,0
4.961384,0.30954185,Phrase,1
9.356218,-0.5796684,Phrase,1
10.057571,-2.6515355,Phrase,2
7.399141,-1.3258793,Phrase,2
6.572646,0.09325255,Phrase,1
6.8412395,-0.5998964,Phrase,1
9.166731,-3.2242203,Phrase,0
4.498785,-0.71629846,Phrase,1
7.258775,-1.3443005,Phrase,2
5.978095,-1.3289734,Phrase,1
9.007137,-1.6044962,Phrase,2
9.220065,-2.819632,Phrase,0
9.801355,-2.8191485,Phrase,1
7.959624,-2.0680683,Phrase,2
10.004781,-2.9197478,Phrase,1
5.977214,-1.5433887,Phrase,1
9.756089,-3.9973013,Phrase,0
5.3676715,-0.23996447,Phrase,0
7.906767,-2.1980307,Phrase,1
6.4936633,-1.6379341,Phrase,1
8.663489,-2.5535424,Phrase,0
5.0782924,0.10239383,Phrase,1
7.4369993,-2.349941,Phrase,2
6.3576946,0.18697767,Phrase,1
7.7345014,-0.10063769,Phrase,1
10.459215,-1.22154,Phrase,2
7.400285,-0.4984127,Phrase,2
7.6106834,-0.39423004,Phrase,2
9.973673,-4.249611,Phrase,0
10.599459,-3.4366376,Phrase,2
8.738956,-0.9276707,Phrase,2
7.395315,-1.3084047,Phrase,2
9.621477,-2.58051,Phrase,2
9.03631,-2.014413,Phrase,2
7.082452,-0.44012633,Phrase,2
10.547626,-1.0798137,Phrase,2
5.270926,-1.5024462,Phrase,1
7.333708,-0.583735,Phrase,2
6.366153,0.8175502,Phrase,1
8.037353,-1.994282,Phrase,0
6.826051,1.2489302,Phrase,1
10.952803,-2.0680401,Phrase,2
8.274528,-1.5976515,Phrase,2
8.999869,-2.4012158,Phrase,2
7.353833,-0.70316267,Phrase,2
11.009626,-1.7986898,Phrase,2
9.60231,-2.7285638,Phrase,0
7.1174273,0.19840619,Phrase,2
6.4526663,-0.59550685,Phrase,0
6.0013313,0.120570354,Phrase,1
6.993222,-1.6783636,Phrase,1
7.0616193,-1.677282,Phrase,2
8.99347,-2.2442904,Phrase,2
4.3710923,-1.3452086,Phrase,0
9.775313,-1.6171111,Phrase,2
8.936826,-2.0702968,Phrase,2
9.666569,-0.32952175,Phrase,2
11.601349,-3.6939728,Phrase,1
5.669466,1.363599,Phrase,1
9.1561775,-0.38147038,Phrase,1
7.899048,-2.877016,Phrase,0
8.373347,-2.3201797,Phrase,0
8.045777,-1.1706089,Phrase,1
5.9290657,-0.89895654,Phrase,1
8.012315,-1.534321,Phrase,2
7.345055,-1.5121994,Phrase,2
10.939228,-1.8909887,Phrase,2
5.7138095,1.4188347,Phrase,1
10.906638,-2.0483325,Phrase,2
6.1528783,-1.7801492,Phrase,2
7.1041875,-1.3654674,Phrase,2
11.23987,-3.4698226,Phrase,2
8.432084,-2.686893,Phrase,0
10.03131,-2.601795,Phrase,2
11.475375,-5.0352335,Phrase,1
7.2378945,-1.2507919,Phrase,2
5.7879686,-0.92631376,Phrase,0
10.738717,-1.923894,Phrase,2
5.632004,-0.15843995,Phrase,1
9.981863,-3.6541512,Phrase,2
5.793761,-0.87103677,Phrase,1
9.448563,-1.5285286,Phrase,2
9.08014,-1.5085077,Phrase,2
7.10021,-0.28831828,Phrase,2
10.581431,-1.2310064,Phrase,1
3.930411,-0.9364134,Phrase,0
8.297298,-1.1118954,Phrase,2
6.6865067,-2.1785436,Phrase,2
8.405472,-2.0240138,Phrase,0
6.4891505,-0.12065371,Phrase,1
6.900624,-2.1888556,Phrase,2
7.6616797,-1.1690813,Phrase,0
6.082663,-4.5123982,Phrase,0
10.368583,-3.9346879,Phrase,0
6.960171,-1.3365316,Phrase,2
8.601833,-0.46807054,Phrase,0
5.0577707,-0.15232947,Phrase,1
10.643144,-1.763257,Phrase,2
6.549549,-1.9591444,Phrase,0
9.623638,-1.7403976,Phrase,2
7.150821,-1.5297861,Phrase,2
7.6947656,-1.3905363,Phrase,2
6.298281,-1.9591347,Phrase,2
7.708879,-1.245687,Phrase,2
6.95938,-2.264027,Phrase,2
4.1201634,-1.408199,Phrase,0
10.508604,-1.9898691,Phrase,2
5.8711615,-1.6875968,Phrase,0
7.9028664,0.55316854,Phrase,1
8.729499,-0.9574605,Phrase,1
5.412109,0.9413286,Phrase,1
6.674444,0.80935144,Phrase,1
10.704329,-3.3697789,Phrase,0
10.228132,-1.8965058,Phrase,2
4.3110886,-1.0559527,Phrase,0
10.449267,-1.011045,Phrase,2
10.394577,-2.7924356,Phrase,0
7.01239,-1.2369336,Phrase,2
9.702987,-0.30599728,Phrase,2
8.803882,0.009548917,Phrase,0
8.164438,-0.58965737,Phrase,1
10.946515,-3.333,Phrase,0
6.721793,-0.13380009,Phrase,1
6.93389,-1.8229643,Phrase,2
6.655797,1.0810935,Phrase,1
4.6481166,-1.5120878,Phrase,0
10.424236,-1.1854792,Phrase,1
8.929211,-1.6403223,Phrase,2
7.245216,-0.66869843,Phrase,2
7.1250877,-1.5398666,Phrase,2
4.6220875,-1.3043975,Phrase,0
7.919345,-0.8374028,Phrase,0
8.735226,-0.4287741,Phrase,0
7.482524,-1.5678061,Phrase,2
10.125777,-2.3155675,Phrase,2
10.09258,0.102458574,Phrase,0
5.6644974,1.3352951,Phrase,1
4.0031605,-0.7604372,Phrase,0
10.611122,-1.5684258,Phrase,2
7.4940395,-1.5181613,Phrase,0
5.6645164,1.3356085,Phrase,1
7.321572,-2.1912665,Phrase,0
8.827218,0.17564909,Phrase,0
7.8929524,-1.1500864,Phrase,1
8.006405,-0.8468303,Phrase,2
5.0897536,-1.6836141,Phrase,0
5.1488576,-0.8848656,Phrase,0
8.566599,-2.0816486,Phrase,2
7.511452,1.4072775,Phrase,1
5.1000757,-0.6014913,Phrase,0
10.3894005,-1.2023588,Phrase,2
7.2990484,-1.3164318,Phrase,2
6.9525733,-0.22852328,Phrase,2
7.3878555,-1.5818062,Phrase,1
6.5460725,-1.7006626,Phrase,0
8.871819,0.102206714,Phrase,0
8.347113,-1.735439,Phrase,2
7.91662,-2.4194221,Phrase,0
8.133595,-1.1323175,Phrase,0
7.3838043,0.076972134,Phrase,1
7.7120185,-0.8749212,Phrase,2
10.201184,-1.8122251,Phrase,2
7.5106936,-2.0569236,Phrase,0
4.9923196,-0.16862233,Phrase,1
10.941145,-3.3051636,Phrase,1
7.370102,1.8301485,Phrase,1
7.9661093,0.18068874,Phrase,1
6.199819,-2.224,Phrase,2
6.403217,-1.1756531,Phrase,0
7.5453577,-1.1931264,Phrase,0
7.6418014,0.8732663,Phrase,1
7.6305676,-0.98834556,Phrase,2
10.3523245,-2.094701,Phrase,0
8.305569,-3.276197,Phrase,0
9.663072,-3.3690734,Phrase,0
8.514142,-1.5456188,Phrase,2
9.075653,-1.2855592,Phrase,2
7.89012,-1.0471479,Phrase,2
3.7959058,-0.79444546,Phrase,1
8.104984,-1.05194,Phrase,2
4.6190743,-1.8424256,Phrase,0
9.026844,-1.8576088,Phrase,2
7.778574,-2.3455853,Phrase,2
5.226247,-0.42375994,Phrase,0
5.9593105,-0.8983783,Phrase,0
10.474042,-1.2200509,Phrase,2
7.3996477,1.5054724,Phrase,1
6.870472,0.36451045,Phrase,0
10.413899,-0.99849796,Phrase,2
7.3902993,-1.4008666,Phrase,0
5.710384,1.0556735,Phrase,1
10.083593,-2.8445468,Phrase,2
9.997594,-2.7921944,Phrase,2
11.5828495,-5.081504,Phrase,1
7.5872483,-2.0358872,Phrase,2
7.4242635,-1.5868428,Phrase,2
7.4582815,-0.44676587,Phrase,2
7.334571,1.1212426,Phrase,1
2.9933383,3.171081,Phrase,0
6.9940553,-0.62788653,Phrase,0
5.690835,1.3101364,Phrase,1
5.8936715,-0.8114653,Phrase,2
6.9225235,-1.7158731,Phrase,0
7.149977,-0.1409716,Phrase,1
9.147299,-2.6365502,Phrase,2
6.3839607,0.3989537,Phrase,0
10.512798,-1.7188625,Phrase,2
5.9988613,-2.3608708,Phrase,0
7.975499,-1.9444704,Phrase,2
9.61984,-3.311834,Phrase,0
11.267923,-4.992555,Phrase,1
3.7957451,-0.7881762,Phrase,1
10.58304,-2.3745852,Phrase,2
7.691308,-1.2285992,Phrase,2
8.879803,-1.9871106,Phrase,0
8.755351,0.31405306,Phrase,0
7.737379,0.7273306,Phrase,1
10.468746,-1.7635304,Phrase,2
7.985651,-0.46572712,Phrase,1
10.468777,-1.3483335,Phrase,2
8.765183,-3.1155899,Phrase,0
7.970048,-0.8309795,Phrase,0
6.8412623,-1.2640754,Phrase,0
8.771544,-0.08323131,Phrase,1
6.758015,-1.9140943,Phrase,0
10.379085,-0.7444193,Phrase,2
10.093969,-0.87940985,Phrase,2
6.727934,-1.3327568,Phrase,2
11.684478,-4.3810787,Phrase,1
5.9998555,-1.112736,Phrase,0
9.300836,-2.3804288,Phrase,0
6.0808496,-1.7575408,Phrase,2
7.1144648,-1.0434852,Phrase,2
6.3103275,-3.1049457,Phrase,2
7.7649727,-1.45095,Phrase,2
8.655695,-1.3044881,Phrase,2
4.6316514,-0.9855176,Phrase,1
9.902154,-3.3702328,Phrase,2
11.616254,-5.088591,Phrase,0
11.346942,-5.303503,Phrase,1
6.2086983,-0.62126315,Phrase,0
6.9173455,-0.21237248,Phrase,2
8.245977,-0.9570284,Phrase,2
9.99731,-2.4009368,Phrase,2
5.603537,-0.3087062,Phrase,0
10.1662855,-2.0093894,Phrase,2
5.0774403,0.12796922,Phrase,0
7.0244627,-1.2320838,Phrase,2
9.803762,-3.179324,Phrase,2
8.383924,-2.4155588,Phrase,2
7.7216496,-1.1887298,Phrase,2
7.2659197,-1.5618753,Phrase,2
9.019318,-1.8900337,Phrase,2
9.648469,-0.7470399,Phrase,2
7.1799355,-1.4451739,Phrase,2
7.2724724,0.07201476,Phrase,1
9.051686,-4.701066,Phrase,0
9.261971,-1.825732,Phrase,2
7.8510585,-0.061377835,Phrase,1
6.783802,-1.508941,Phrase,2
9.691238,-1.1340706,Phrase,0
8.081409,-1.79967,Phrase,0
9.035172,-1.3764422,Phrase,2
7.756048,0.54928505,Phrase,1
7.41569,1.3790842,Phrase,1
8.055186,-2.5697289,Phrase,0
8.901593,-2.0621219,Phrase,2
4.2861013,-1.5733343,Phrase,0
9.241524,-0.6621206,Phrase,1
9.151082,-3.9686122,Phrase,0
10.229282,-1.5912775,Phrase,2
7.658182,-2.2540753,Phrase,0
7.047321,0.93341506,Phrase,1
3.261176,2.8924842,Phrase,1
7.2067103,0.1574213,Phrase,1
9.885803,-1.1606624,Phrase,2
8.034281,-1.458197,Phrase,0
9.735694,-1.4491954,Phrase,2
11.026667,-1.7852113,Phrase,2
8.62683,-1.4458259,Phrase,2
10.100626,-4.6535826,Phrase,0
8.233501,-1.6273975,Phrase,0
6.114397,-0.9888213,Phrase,0
11.000614,-1.4082899,Phrase,2
4.3692074,-1.624749,Phrase,0
6.673244,-1.689728,Phrase,0
9.848591,-1.2305627,Phrase,2
8.339469,-3.2827182,Phrase,0
3.0728295,-1.286471,Phrase,1
9.780073,-2.161527,Phrase,2
7.600781,-0.30561393,Phrase,0
9.934591,-5.8710723,Phrase,0
6.48984,-2.2730696,Phrase,2
10.567203,-2.1543,Phrase,2
10.606371,-2.2762315,Phrase,2
7.8629365,-0.3694855,Phrase,1
7.8174877,-0.9353086,Phrase,2
7.764837,-0.87521285,Phrase,1
7.888644,0.29473543,Phrase,1
10.516582,-1.8192295,Phrase,2
8.455171,-2.3890731,Phrase,0
9.117223,-1.4739529,Phrase,2
8.826339,-5.5169215,Phrase,0
7.4317923,-2.703887,Phrase,2
7.7231736,-0.60857195,Phrase,2
9.456364,-4.2920547,Phrase,0
6.9185615,-0.56155795,Phrase,2
9.930769,-1.7543646,Phrase,2
7.5293617,-1.6186844,Phrase,2
10.657759,-2.1574328,Phrase,2
6.910471,-1.8163896,Phrase,2
6.904356,-0.95574224,Phrase,2
7.764287,-0.24699096,Phrase,1
7.893005,-1.0952545,Phrase,2
5.139522,-0.22707368,Phrase,0
7.634706,-0.93310064,Phrase,1
6.0013747,-1.5171967,Phrase,1
9.351949,-0.6381962,Phrase,2
10.129765,0.13558179,Phrase,2
10.34185,-3.6028183,Phrase,0
7.215221,-0.1888565,Phrase,1
11.60609,-3.6419969,Phrase,0
4.3711667,-0.98591703,Phrase,2
8.210805,-1.2143095,Phrase,0
6.8268805,-0.1931985,Phrase,0
8.009434,-2.43815,Phrase,0
6.2430167,-2.0130184,Phrase,0
10.052854,-2.1326282,Phrase,2
9.428938,-1.3885657,Phrase,1
6.843099,0.8909193,Phrase,1
8.50019,-2.218705,Phrase,2
5.179261,-0.744049,Phrase,1
10.177959,-3.0730183,Phrase,0
8.559471,-2.0413547,Phrase,2
6.7518826,-1.9680747,Phrase,2
9.693589,-1.3793645,Phrase,2
3.6534915,-1.7242503,Phrase,1
9.095133,-1.982368,Phrase,2
8.361249,-0.6724984,Phrase,0
10.847558,-1.8819183,Phrase,2
6.027544,-2.7485049,Phrase,2
10.507026,-0.92466074,Phrase,1
7.286349,1.0375593,Phrase,1
8.851067,-2.3814352,Phrase,2
8.542334,-0.028271504,Phrase,0
5.8676014,-1.8888059,Phrase,1
6.4277363,-1.1298206,Phrase,2
6.67975,0.15520462,Phrase,1
7.7084074,-0.4078239,Phrase,2
6.99053,-0.93121177,Phrase,2
10.024946,-1.8590597,Phrase,2
9.971851,-1.5113035,Phrase,2
6.466754,-1.8661872,Phrase,0
5.6503797,-0.796152,Phrase,0
8.41453,0.17918974,Phrase,0
6.5943513,0.039438587,Phrase,1
-5.8545213,2.5671895,Phrase,1
7.988078,-1.491444,Phrase,0
6.201361,-0.94765735,Phrase,1
8.11052,-1.3367466,Phrase,0
8.234383,-0.35019752,Phrase,2
8.281326,-1.9588349,Phrase,2
7.745015,-0.9753204,Phrase,0
6.761337,-2.5587704,Phrase,2
6.469251,-1.61593,Phrase,2
7.204705,0.5821751,Phrase,0
7.45167,0.17534809,Phrase,1
6.3061614,-0.22330391,Phrase,1
5.850764,-2.1919928,Phrase,1
8.107069,-3.1763778,Phrase,0
9.535261,-1.7866182,Phrase,2
7.311743,-2.1103983,Phrase,2
10.50346,-1.3383003,Phrase,2
5.4329457,0.29044583,Phrase,1
7.664739,-1.4157983,Phrase,2
9.143122,-4.23085,Phrase,0
10.554227,-1.0462469,Phrase,2
5.572452,-2.039155,Phrase,0
6.8225546,-1.2269456,Phrase,1
8.9065075,-2.2507353,Phrase,2
7.6381593,-0.9628668,Phrase,2
6.897473,-0.76300097,Phrase,2
5.4395256,0.29875702,Phrase,1
7.6955585,-2.1830304,Phrase,1
8.368131,-1.9519951,Phrase,2
6.9159265,-1.8289236,Phrase,2
3.8024325,-0.7868863,Phrase,1
6.8573146,-2.1339848,Phrase,2
6.8411846,-0.962446,Phrase,0
6.552428,-1.4319774,Phrase,2
7.538945,-1.1191521,Phrase,0
8.617112,-2.8037424,Phrase,0
6.824625,-0.7452583,Phrase,2
9.866325,-3.8691554,Phrase,0
8.937167,-2.3274047,Phrase,0
6.4200516,-0.71673703,Phrase,1
8.035351,-0.8709732,Phrase,2
9.282696,-2.3692243,Phrase,2
10.0316925,-1.9504365,Phrase,2
11.0179405,-2.1217043,Phrase,2
9.049766,-1.9193854,Phrase,2
10.925549,-2.2708557,Phrase,2
7.8000164,0.002615397,Phrase,0
6.323708,-1.8017303,Phrase,0
8.686854,-0.010085098,Phrase,1
10.938446,-2.027942,Phrase,2
8.428952,-1.9406558,Phrase,2
3.7865539,-1.1817358,Phrase,1
7.9688845,-1.6493603,Phrase,2
2.6264205,-1.2624515,Phrase,1
10.946911,-3.3354712,Phrase,0
8.072154,-2.0454767,Phrase,0
8.081762,-2.2336824,Phrase,0
10.9060335,-1.8325287,Phrase,2
9.029389,-1.8264738,Phrase,2
8.704222,-2.6587684,Phrase,0
8.846707,0.18709174,Phrase,0
6.429547,-0.035194073,Phrase,1
8.438412,-1.3602055,Phrase,2
5.735222,-1.0782642,Phrase,1
8.879126,-2.590898,Phrase,0
7.349251,-0.8047578,Phrase,2
10.25403,-1.5750614,Phrase,2
9.520371,-4.157962,Phrase,0
6.6849055,-0.6975445,Phrase,2
9.668803,-3.992695,Phrase,0
6.2104745,-0.90514374,Phrase,1
4.986713,0.19884089,Phrase,0
10.913792,-3.9824908,Phrase,0
6.695093,-1.1215707,Phrase,0
6.038016,-1.6475803,Phrase,2
6.7271934,-1.2115905,Phrase,1
11.430516,-4.2507105,Phrase,1
6.8776016,-0.49888206,Phrase,2
7.2128,2.1763384,Phrase,1
6.4563494,0.097886704,Phrase,1
10.4683695,-0.76014364,Phrase,1
11.67714,-4.3594747,Phrase,1
10.988173,-1.8253549,Phrase,2
5.7056284,-2.0179882,Phrase,2
9.005985,-1.5640079,Phrase,1
9.375112,-4.29687,Phrase,0
6.055873,-0.24864066,Phrase,1
14.582546,-5.010244,Phrase,1
10.897418,-1.6195793,Phrase,1
10.49354,-2.1026103,Phrase,0
5.669673,1.3433213,Phrase,1
9.206757,-1.7658149,Phrase,2
7.2751727,-0.86551154,Phrase,2
8.58416,-5.486569,Phrase,0
6.375946,-0.07708833,Phrase,1
2.9937258,3.1706197,Phrase,0
6.822715,-0.35262305,Phrase,1
7.6661453,0.12589681,Phrase,1
7.4147015,1.5315905,Phrase,1
11.548204,-4.9524093,Phrase,0
8.001556,-0.72702587,Phrase,1
8.633736,-2.0236588,Phrase,2
9.964304,-2.9472535,Phrase,1
7.547155,-0.18038306,Phrase,1
8.013233,-2.5436194,Phrase,2
9.303996,-0.5683088,Phrase,2
5.242389,-0.93175966,Phrase,0
7.3916354,1.4574523,Phrase,1
10.591778,-0.990984,Phrase,2
8.357698,-0.54734623,Phrase,0
10.986794,-2.0139635,Phrase,2
9.141955,-2.0119894,Phrase,2
7.249777,1.9506092,Phrase,0
7.614584,0.724339,Phrase,1
6.0374184,-2.369472,Phrase,1
11.013541,-1.5405122,Phrase,2
7.7540064,0.66646487,Phrase,1
6.082547,-0.014481916,Phrase,0
10.431315,-0.8396115,Phrase,1
4.2794886,1.6742688,Phrase,1
10.3631315,-1.8163757,Phrase,2
9.173768,-0.38646773,Phrase,2
7.5105,-1.2678176,Phrase,0
7.144395,-2.1474123,Phrase,0
8.234948,-0.68435687,Phrase,1
10.246764,0.3397058,Phrase,0
5.772038,0.8957299,Phrase,1
10.761449,-2.0328667,Phrase,2
6.5430303,-1.7030724,Phrase,2
7.7182636,-1.2327398,Phrase,0
6.1478252,0.07172602,Phrase,1
7.6381044,-1.040189,Phrase,2
8.325362,-2.224291,Phrase,0
8.486264,-2.594763,Phrase,0
7.326785,-0.6654608,Phrase,2
7.9304695,0.6369679,Phrase,1
6.344816,-1.8526878,Phrase,0
7.5021744,-1.9528078,Phrase,2
8.9819355,-1.3339667,Phrase,0
6.827361,8.001403,Phrase,1
10.064113,-3.9723017,Phrase,0
6.319872,-0.6855056,Phrase,1
7.21693,-0.55553573,Phrase,0
10.167632,-1.7365118,Phrase,1
7.2660336,-0.7637176,Phrase,2
8.223405,-1.5409995,Phrase,0
6.9565396,-0.97022474,Phrase,2
10.320116,-2.1825955,Phrase,2
5.123133,0.19464657,Phrase,1
7.911016,-0.8042666,Phrase,2
10.160889,-1.1809226,Phrase,0
7.4156184,-0.8599211,Phrase,2
5.176824,-0.9141479,Phrase,0
9.720574,-2.0848622,Phrase,2
6.0365815,-0.0086767515,Phrase,1
10.072662,-1.0445011,Phrase,2
9.924031,-4.1124444,Phrase,0
4.38633,-1.513132,Phrase,2
10.317957,-1.5987915,Phrase,2
7.1476417,-1.5284317,Phrase,0
9.217364,-2.2843843,Phrase,0
9.01095,0.14001632,Phrase,2
8.234027,-0.20858134,Phrase,2
7.9687223,-2.380097,Phrase,0
9.835634,-2.0292192,Phrase,2
9.148515,-2.4092631,Phrase,0
5.7185135,-2.6502593,Phrase,2
6.0377145,-0.775964,Phrase,0
10.947791,-1.3605736,Phrase,0
7.8673053,-1.7820901,Phrase,0
7.825643,-0.24453567,Phrase,2
4.7607493,-0.64813524,Phrase,0
10.477316,-1.1512265,Phrase,1
6.7714925,-1.2864177,Phrase,2
7.8148265,-0.7135246,Phrase,0
10.8335085,-0.62541187,Phrase,1
7.7102513,-1.0725937,Phrase,0
10.258206,-1.9477212,Phrase,2
10.7299795,-1.502579,Phrase,2
6.773999,-1.8297081,Phrase,2
9.539034,-4.4497204,Phrase,0
7.843189,-3.5467324,Phrase,2
10.021118,-1.6657603,Phrase,2
9.083358,-1.9755129,Phrase,2
3.7606254,-0.8537904,Phrase,0
7.5823703,0.08194513,Phrase,1
8.752452,0.1353806,Phrase,0
9.216395,-1.7520208,Phrase,2
5.659833,1.3396887,Phrase,1
10.745987,-1.2291343,Phrase,2
9.650858,-2.232691,Phrase,2
6.851245,-0.51677936,Phrase,2
7.962734,0.2276716,Phrase,1
3.87033,-0.837627,Phrase,1
9.102139,-0.340062,Phrase,1
8.208086,-5.3034678,Phrase,0
5.1763377,0.4860414,Phrase,0
10.151648,-1.9205456,Phrase,2
8.384962,0.5733838,Phrase,2
7.2300205,-1.3987585,Phrase,2
7.8739996,0.24243091,Phrase,1
8.62499,-2.1024659,Phrase,0
8.264136,3.0959177,Phrase,1
4.1579328,-1.5165298,Phrase,2
10.187645,-3.0446606,Phrase,2
7.8394747,0.24007341,Phrase,0
4.3435698,-1.1030031,Phrase,2
6.398146,-1.2381546,Phrase,2
7.176552,-2.08388,Phrase,2
11.007424,-1.6954904,Phrase,1
11.65736,-4.674012,Phrase,0
6.1053524,-4.3228917,Phrase,0
11.595879,-3.6660225,Phrase,1
7.76296,-0.06922969,Phrase,1
7.4942255,-0.1992672,Phrase,2
8.1568575,-0.30853322,Phrase,1
4.1876135,-0.9412778,Phrase,0
7.946258,-1.1856338,Phrase,0
5.894117,-2.0497007,Phrase,2
7.971375,-1.9555957,Phrase,0
9.0798235,-0.33270863,Phrase,0
7.781113,-1.3362932,Phrase,0
7.65126,-2.4435923,Phrase,2
7.7206016,-1.7002729,Phrase,0
6.3664145,-0.46229333,Phrase,1
8.534704,-1.1655412,Phrase,2
5.905915,-1.7567275,Phrase,2
6.57471,0.18863831,Phrase,1
8.405051,-2.3297381,Phrase,0
7.5109577,-0.75980425,Phrase,1
6.8274503,-2.2079127,Phrase,2
8.562036,-2.6824374,Phrase,2
7.596688,-2.0111508,Phrase,2
10.179177,-1.6512552,Phrase,2
7.2399397,-1.7297668,Phrase,0
9.516141,-3.5077195,Phrase,0
9.2824335,4.165893,Phrase,1
7.926934,0.43204588,Phrase,1
8.326323,-1.8522807,Phrase,2
10.53469,-2.1388535,Phrase,2
14.6452,-5.0466604,Phrase,1
5.9697175,-2.0996497,Phrase,1
6.5988474,0.57887036,Phrase,1
6.596103,-1.6715208,Phrase,1
10.284615,-1.5731001,Phrase,2
9.168794,-2.7225347,Phrase,0
8.009123,-1.3268969,Phrase,0
8.055691,-2.1365175,Phrase,0
8.354622,0.2628581,Phrase,1
9.924335,-4.5211997,Phrase,0
8.418482,-0.16111653,Phrase,1
6.4582863,0.5831408,Phrase,1
7.7404227,-0.7677879,Phrase,2
9.656236,-3.618919,Phrase,0
4.2871923,-1.5593042,Phrase,0
5.688149,-0.6564902,Phrase,0
8.5873165,-2.6320002,Phrase,0
6.2238154,-2.0891855,Phrase,0
11.0760355,-1.3997788,Phrase,1
6.992277,-0.94549406,Phrase,2
9.475252,-3.474573,Phrase,0
9.447822,-1.1210938,Phrase,2
8.915755,-1.3977138,Phrase,0
6.3675203,-0.7163074,Phrase,0
6.4555235,-1.1085204,Phrase,1
6.5269046,0.049813524,Phrase,1
6.2982664,-0.9342956,Phrase,1
6.4833865,-1.3593836,Phrase,0
11.343495,-3.4109604,Phrase,1
5.021368,0.3510274,Phrase,0
7.2113647,-0.60115397,Phrase,0
4.4689746,-1.5820322,Phrase,0
8.08366,-1.1505812,Phrase,2
5.387225,-0.6220125,Phrase,0
7.6231675,-2.5829484,Phrase,2
5.8460097,-2.2621138,Phrase,0
8.984447,-3.574965,Phrase,2
9.545467,-2.9813282,Phrase,2
8.830834,-0.015403206,Phrase,0
5.0945745,0.065242335,Phrase,0
7.846935,-1.3697839,Phrase,2
9.655458,-0.68155044,Phrase,0
5.800131,0.6198672,Phrase,0
6.6254587,-0.31061777,Phrase,1
6.930499,-1.6850777,Phrase,2
7.7173433,-2.9154544,Phrase,1
9.245876,-2.8999884,Phrase,0
10.079284,-1.6161879,Phrase,2
9.717438,-2.632882,Phrase,2
7.26097,0.6744307,Phrase,1
6.7225456,-2.4229324,Phrase,2
6.961771,1.0397542,Phrase,1
8.918467,-0.82409334,Phrase,2
5.600763,-2.0927124,Phrase,1
8.168829,-1.6834534,Phrase,0
5.5149536,0.34162125,Phrase,1
7.1715612,-1.3530279,Phrase,1
8.3677,-2.1283755,Phrase,0
7.0781956,-1.8372178,Phrase,0
9.609164,-4.3698125,Phrase,0
10.419774,-1.9238783,Phrase,2
8.427724,-1.6928062,Phrase,2
9.2536745,-1.1682723,Phrase,2
9.020423,-2.5180068,Phrase,2
11.889688,-3.1541026,Phrase,0
7.94246,-2.419394,Phrase,0
7.3457527,-1.0566261,Phrase,0
8.546195,-1.6829928,Phrase,1
7.4949384,-1.8485119,Phrase,2
8.687516,-2.2092612,Phrase,2
8.02819,-2.2457926,Phrase,0
7.8723836,-0.6501817,Phrase,1
9.576068,-5.4261193,Phrase,0
9.231359,-1.6367155,Phrase,2
7.042615,-0.93097204,Phrase,2
9.177224,-2.20582,Phrase,2
4.7824354,-0.80248094,Phrase,2
7.484913,0.019092109,Phrase,1
4.411383,-2.575186,Phrase,0
10.630002,-1.1578591,Phrase,2
4.52233,-1.1475719,Phrase,0
7.881544,-0.46247366,Phrase,1
7.5812917,-0.8017063,Phrase,2
7.59828,-1.2768621,Phrase,2
7.203599,1.1711963,Phrase,1
3.8689697,-0.81000924,Phrase,0
5.712352,-1.7121418,Phrase,1
7.224968,-0.22997543,Phrase,2
6.0399823,0.110725746,Phrase,1
4.993448,-1.6627336,Phrase,0
5.9637938,0.35698822,Phrase,2
9.164213,-1.9315326,Phrase,2
9.532596,-1.2813437,Phrase,1
9.058642,-3.0379655,Phrase,0
10.277263,-1.582918,Phrase,2
9.282371,4.16562,Phrase,1
10.839943,-1.9807045,Phrase,2
9.419417,-0.5734738,Phrase,2
5.966523,0.29854193,Phrase,1
8.740448,-2.8490067,Phrase,0
10.336288,-2.0391467,Phrase,2
5.2926254,-0.09905851,Phrase,0
8.17884,0.73606867,Phrase,1
11.107086,-1.7137047,Phrase,2
5.685447,-1.0048031,Phrase,0
7.8795147,0.3896361,Phrase,1
10.31213,-1.4606086,Phrase,1
8.355727,-2.355393,Phrase,0
10.139715,-1.9671558,Phrase,2
8.324121,-1.2532918,Phrase,2
9.725168,-3.7108874,Phrase,0
6.2274566,-0.21551836,Phrase,0
8.979958,-2.051184,Phrase,2
10.91115,-2.0204766,Phrase,2
11.704826,-3.593089,Phrase,1
11.624688,-4.273717,Phrase,0
10.337213,-4.3716865,Phrase,0
10.937927,-1.7502836,Phrase,2
7.9366956,-1.1597031,Phrase,2
11.177067,-1.1768104,Phrase,1
7.012532,-0.67089903,Phrase,2
10.25403,-1.3996015,Phrase,2
9.221149,-1.1479187,Phrase,2
8.3586035,-1.9283683,Phrase,2
7.32543,-1.666156,Phrase,2
4.7405,-0.9007197,Phrase,0
8.236511,-1.0793071,Phrase,1
10.983129,-2.099971,Phrase,2
8.261469,3.0875807,Phrase,1
7.298672,-1.4670827,Phrase,0
5.767906,-0.43586162,Phrase,0
5.0799403,-1.0788386,Phrase,0
5.116257,-1.1554098,Phrase,2
10.924053,-1.8697143,Phrase,2
5.8453884,-0.19126342,Phrase,0
7.8431664,-0.9912181,Phrase,2
6.0373273,0.112096466,Phrase,1
9.148849,-2.6896565,Phrase,2
6.971727,-2.045822,Phrase,2
9.638965,-4.005261,Phrase,0
7.2955747,-1.1052284,Phrase,2
9.881703,-3.735316,Phrase,0
10.236275,-1.6363225,Phrase,2
5.6893463,-0.2468805,Phrase,0
10.612616,-3.318708,Phrase,1
8.833497,-1.918509,Phrase,2
7.725585,-0.20143877,Phrase,2
9.324443,-3.714175,Phrase,0
10.114089,-2.5340426,Phrase,2
5.27537,0.63208234,Phrase,1
9.173008,-1.1949072,Phrase,2
6.958069,-0.3431011,Phrase,1
5.6706653,-0.9892937,Phrase,1
9.019291,-0.6830284,Phrase,2
9.377251,-2.267799,Phrase,2
7.5460978,-1.0559527,Phrase,0
8.8790455,0.0823949,Phrase,2
5.3733006,-0.8002926,Phrase,0
7.7363415,0.26661086,Phrase,1
10.108762,-4.4738636,Phrase,0
7.8085737,-1.0288101,Phrase,1
11.814835,-3.2148893,Phrase,1
7.694863,-0.8282804,Phrase,0
9.319808,-2.9159522,Phrase,2
8.590972,-2.230988,Phrase,0
6.08044,0.1564578,Phrase,1
8.31323,-1.7735643,Phrase,0
7.946992,-0.50995433,Phrase,2
8.3546505,-0.27305463,Phrase,0
9.671904,-2.5872264,Phrase,2
5.8837914,-2.3572345,Phrase,2
10.851897,-2.3133738,Phrase,2
6.1706424,-0.04846572,Phrase,0
6.8554583,-1.851624,Phrase,2
7.664194,-0.6576525,Phrase,1
5.7228885,-1.0871711,Phrase,0
8.591428,-2.782271,Phrase,2
5.629416,-0.27515706,Phrase,1
6.1367416,-0.10296899,Phrase,0
8.301383,-1.7769899,Phrase,0
2.3766804,-0.5556928,Phrase,1
8.501278,-2.5311146,Phrase,2
11.398018,-3.0604718,Phrase,0
6.537077,-1.0579926,Phrase,0
10.038594,-1.64331,Phrase,2
6.8157415,-1.9104983,Phrase,0
6.802839,-0.51158583,Phrase,2
10.242383,0.17859866,Phrase,1
9.712266,-0.73694736,Phrase,2
8.704234,-1.8499888,Phrase,2
7.305127,-1.560239,Phrase,0
4.3570867,-1.1705258,Phrase,0
6.024299,-0.078837395,Phrase,1
10.002902,0.56194293,Phrase,1
5.9586725,-1.5918416,Phrase,2
7.3616037,-1.8434622,Phrase,0
5.893386,0.6062413,Phrase,1
10.231453,0.11459221,Phrase,2
8.118508,-1.8753695,Phrase,1
6.923068,1.4102474,Phrase,1
6.7874393,-1.8421601,Phrase,0
8.708165,-3.1288118,Phrase,0
4.7416143,-1.1800314,Phrase,0
7.9175587,-0.6907097,Phrase,0
8.015331,-0.9737245,Phrase,2
5.38258,-3.687932,Phrase,2
8.009252,0.2706813,Phrase,1
6.509041,0.080926046,Phrase,1
6.8246818,1.3083555,Phrase,1
3.781072,-0.8135686,Phrase,0
8.157196,0.028717285,Phrase,2
7.575368,-2.7134519,Phrase,2
8.51924,-5.747715,Phrase,0
5.9804745,0.060125858,Phrase,1
7.044944,-1.2986845,Phrase,0
5.3755865,-1.5194688,Phrase,0
10.797224,-2.0666678,Phrase,2
8.362652,-1.0022283,Phrase,1
8.788873,-1.995944,Phrase,2
11.603368,-3.9903736,Phrase,0
8.787158,0.38657862,Phrase,0
10.361388,-2.4822288,Phrase,2
11.499629,-3.5401528,Phrase,2
11.4457855,-3.5467284,Phrase,1
6.2207913,0.5487922,Phrase,1
7.828632,-1.1235057,Phrase,2
6.5357547,0.40875283,Phrase,1
7.9816747,0.005305368,Phrase,0
11.014782,-2.1362839,Phrase,2
9.627545,-1.8519068,Phrase,2
5.7143383,1.3082031,Phrase,1
6.8323307,-2.0859468,Phrase,2
9.949777,-1.0370432,Phrase,2
11.649745,-4.724142,Phrase,1
10.446979,-0.40668833,Phrase,2
6.049378,-1.8462073,Phrase,0
7.7165256,-2.166111,Phrase,0
4.679423,-1.0932922,Phrase,1
5.9781046,-3.0817456,Phrase,2
8.412255,-1.816564,Phrase,2
9.854372,-3.427085,Phrase,0
7.433883,-1.5118957,Phrase,0
9.844135,-0.7340986,Phrase,2
6.118217,-0.30038422,Phrase,1
8.4411545,-3.2938008,Phrase,0
6.120008,-1.5987476,Phrase,1
5.6643033,1.3405013,Phrase,1
4.332135,-0.91184497,Phrase,1
7.6931148,0.5314621,Phrase,1
10.580277,-2.0081592,Phrase,2
7.806346,0.83172303,Phrase,1
6.0989704,0.23535162,Phrase,1
7.260113,-0.31902334,Phrase,1
5.730514,-2.6615458,Phrase,0
9.384046,-1.7663941,Phrase,2
4.2127066,-0.94599026,Phrase,1
8.885285,0.22944689,Phrase,0
7.7018347,-1.1890342,Phrase,2
7.18763,-2.6421447,Phrase,2
10.23388,-1.6617581,Phrase,2
7.771325,-1.554393,Phrase,2
7.532688,-0.53490543,Phrase,2
9.306929,-0.04687471,Phrase,1
7.293561,0.87005997,Phrase,1
5.6742845,0.9821217,Phrase,1
5.6821194,1.3302089,Phrase,1
14.630737,-5.038589,Phrase,1
6.5503793,-0.14559892,Phrase,1
6.9473143,-1.8817823,Phrase,2
7.88321,-1.9949445,Phrase,2
6.5495424,-0.94566303,Phrase,2
9.026491,-3.3733284,Phrase,0
8.311677,-2.7294588,Phrase,0
8.180479,-1.1856724,Phrase,1
10.930626,-1.5515344,Phrase,2
7.213938,-2.0802913,Phrase,2
7.426631,0.49866882,Phrase,1
10.1663685,-4.361852,Phrase,0
8.324317,-0.3032535,Phrase,0
9.494534,-1.3813274,Phrase,2
9.936427,-1.8676012,Phrase,2
7.692367,-0.8845407,Phrase,1
6.3986864,-0.08241808,Phrase,1
8.776647,-1.8433968,Phrase,2
10.211249,-4.461222,Phrase,0
5.964168,0.5867217,Phrase,0
7.6853204,-1.3133792,Phrase,2
6.572937,0.55169195,Phrase,0
7.221218,-1.8334466,Phrase,2
8.055037,0.89962804,Phrase,0
7.635526,-1.0517292,Phrase,2
8.163651,-1.2307392,Phrase,2
4.4152513,-1.3033935,Phrase,0
4.107896,-1.0146533,Phrase,2
5.792338,-1.8060143,Phrase,2
5.8741703,-2.013514,Phrase,2
5.3459835,-3.678314,Phrase,1
8.408405,-2.2948408,Phrase,2
10.1368265,-2.2607782,Phrase,2
8.301993,-2.40902,Phrase,0
5.968893,-2.2874236,Phrase,2
10.361309,-0.015693713,Phrase,2
6.177822,-2.3562427,Phrase,2
9.023492,-1.4326063,Phrase,2
8.298663,-2.1551685,Phrase,0
8.182789,0.46399307,Phrase,1
10.495345,-0.86366546,Phrase,2
7.517848,-0.18311545,Phrase,2
6.4652414,-0.62722856,Phrase,1
9.530309,-1.559272,Phrase,2
7.0027094,-1.1196104,Phrase,0
9.457358,-5.425762,Phrase,0
8.077554,-1.1745013,Phrase,2
8.713123,-1.6342543,Phrase,2
11.439874,-4.5725493,Phrase,0
7.82749,-0.27434248,Phrase,2
8.389453,-1.9754397,Phrase,0
7.9011984,-0.33241597,Phrase,1
14.608138,-5.033378,Phrase,1
6.9794755,-0.9215282,Phrase,2
7.0489383,-0.35620862,Phrase,2
7.386852,-2.1293602,Phrase,2
8.823258,-0.5950726,Phrase,2
7.422706,0.2203222,Phrase,0
7.514467,-1.2283837,Phrase,2
7.8349633,-1.6020372,Phrase,2
8.452701,-1.0105687,Phrase,2
4.930035,-1.386079,Phrase,0
7.7314196,-0.16668226,Phrase,2
7.485063,-1.7699852,Phrase,0
7.5311017,-0.5825353,Phrase,1
7.9575615,-0.8078876,Phrase,1
8.205981,-0.44497022,Phrase,0
10.679523,-1.2165025,Phrase,2
9.558882,-3.347567,Phrase,0
6.1812687,0.5016292,Phrase,0
8.075571,-1.0143855,Phrase,2
11.672514,-4.398557,Phrase,1
6.1859446,0.6629562,Phrase,1
8.907516,0.25667515,Phrase,1
8.851737,-2.2933395,Phrase,2
9.136754,-1.3003625,Phrase,2
10.166322,-2.1705136,Phrase,2
8.82353,-1.9903133,Phrase,0
8.405993,-0.09742809,Phrase,1
9.412529,-5.285039,Phrase,0
6.955796,-0.90671766,Phrase,0
5.8829484,-0.24014242,Phrase,1
7.018976,-0.647192,Phrase,1
10.409675,-2.1756139,Phrase,2
6.3776865,-0.49911258,Phrase,0
5.5901217,-1.8254799,Phrase,1
8.439456,-1.3438756,Phrase,0
7.3005166,1.1419461,Phrase,1
7.413011,-0.7874787,Phrase,2
9.878944,-3.9854937,Phrase,0
8.083179,-0.10909376,Phrase,1
10.463502,-1.4580488,Phrase,2
5.6932306,-1.9243749,Phrase,2
11.937851,-3.6240668,Phrase,1
4.621453,-1.4693192,Phrase,0
8.232549,-0.27616215,Phrase,2
8.4542885,0.11386463,Phrase,0
8.717983,-1.3294435,Phrase,0
9.134266,-2.4384835,Phrase,0
9.737918,-1.8344492,Phrase,2
5.2094364,-0.16793782,Phrase,0
7.429073,-0.25208318,Phrase,1
7.082607,-1.194192,Phrase,1
7.750662,-1.0819684,Phrase,2
7.638797,0.30513588,Phrase,0
8.0218315,-1.416842,Phrase,2
9.46384,-2.1623743,Phrase,2
7.9079657,0.46510732,Phrase,1
10.175102,-1.6758281,Phrase,2
8.695927,0.14655295,Phrase,0
8.23354,-0.9983215,Phrase,1
9.014168,-0.44396344,Phrase,2
8.607852,-1.3658811,Phrase,2
5.3387294,0.22804123,Phrase,1
10.339021,-3.6891928,Phrase,0
11.764485,-4.9383926,Phrase,1
6.127332,-0.3295685,Phrase,1
6.716952,-0.9518604,Phrase,0
9.071523,-1.8750727,Phrase,0
8.921911,-2.0219035,Phrase,2
10.971223,-1.8399801,Phrase,2
8.101714,-1.3593782,Phrase,0
10.096333,-2.5704656,Phrase,2
8.418354,-2.1076412,Phrase,2
8.656709,-1.7290224,Phrase,2
6.0966225,-0.8481037,Phrase,1
4.258052,1.7140722,Phrase,0
10.5864525,-3.21924,Phrase,2
9.689173,-5.3345585,Phrase,0
7.7893233,-2.213111,Phrase,2
5.705777,-0.097246334,Phrase,1
9.408765,-2.6647222,Phrase,2
5.953565,-0.042338304,Phrase,0
11.493536,-4.120678,Phrase,1
7.1694875,-2.5050569,Phrase,2
7.1429777,-0.2936032,Phrase,2
6.001715,-2.716888,Phrase,1
7.8423357,-0.42283958,Phrase,2
10.470929,-1.3745973,Phrase,2
7.1146126,1.1178609,Phrase,1
8.592243,-2.5573318,Phrase,2
8.149287,-2.8947709,Phrase,2
6.105716,-0.71208423,Phrase,1
7.9325657,-0.42159888,Phrase,2
8.301711,0.38807347,Phrase,0
5.264935,-0.777814,Phrase,0
6.2649593,-0.22789371,Phrase,1
7.0755897,-0.2253361,Phrase,0
11.502723,-3.6043859,Phrase,1
6.016481,-2.010854,Phrase,1
6.1632695,-2.1701312,Phrase,2
11.491664,-3.2067297,Phrase,1
7.441957,-1.1569756,Phrase,2
5.5460644,-0.28435963,Phrase,1
11.037402,-3.3974023,Phrase,1
10.205211,-1.848363,Phrase,2
7.1246457,-1.8855484,Phrase,0
10.870807,-1.6624378,Phrase,2
10.519076,-1.7006179,Phrase,2
10.260351,0.19911507,Phrase,0
8.795939,-2.029487,Phrase,2
9.414208,-0.66783756,Phrase,2
8.93631,-1.3110938,Phrase,2
10.903924,-1.6019571,Phrase,0
6.797676,-2.1880014,Phrase,0
8.100005,-1.3178806,Phrase,0
8.308054,-0.35833222,Phrase,0
10.564028,-0.8152622,Phrase,2
4.9970665,-1.6626016,Phrase,0
6.252163,-2.9307346,Phrase,1
6.4776835,0.27483147,Phrase,1
7.712035,-1.5482637,Phrase,0
6.226999,-0.5248912,Phrase,1
6.6114492,-2.091445,Phrase,2
7.2314124,-0.7757115,Phrase,1
6.679764,-0.846172,Phrase,0
9.011464,-1.5469611,Phrase,2
11.464218,-4.356667,Phrase,1
10.243916,-2.253252,Phrase,2
8.547456,-2.575512,Phrase,0
7.2958813,-1.1589153,Phrase,2
7.153653,0.30870137,Phrase,1
8.255518,-0.8650278,Phrase,0
9.874091,-2.3513052,Phrase,2
7.286291,-0.6558846,Phrase,2
5.405877,0.111917906,Phrase,1
8.624192,-1.9280237,Phrase,2
6.7014303,-0.9759222,Phrase,2
9.147847,-1.0582185,Phrase,2
7.360811,-1.6192089,Phrase,2
7.6244674,-0.08942497,Phrase,1
4.993491,-0.22113004,Phrase,0
7.2899055,-0.2645244,Phrase,1
8.49175,-1.1218663,Phrase,0
9.963047,-5.4835753,Phrase,0
7.5042233,-0.5500283,Phrase,1
6.420508,-0.97729087,Phrase,0
7.6123796,-0.7884174,Phrase,2
9.55018,-4.84757,Phrase,0
6.0792108,0.39200687,Phrase,1
7.8543873,-0.45527244,Phrase,2
9.073201,-1.2393428,Phrase,1
8.460426,-2.1146286,Phrase,0
3.987613,-1.179347,Phrase,0
6.7875643,-1.4288955,Phrase,2
7.1839786,-2.1508477,Phrase,0
7.050491,-1.3858955,Phrase,2
7.748144,-0.54667753,Phrase,2
5.311436,-0.077656895,Phrase,1
6.7434077,0.82002497,Phrase,1
6.2943707,-0.48854792,Phrase,1
7.085329,-0.43864593,Phrase,2
8.930079,-2.0740087,Phrase,1
10.464338,-2.1716635,Phrase,2
10.277813,-2.300526,Phrase,2
5.9409385,-2.0786629,Phrase,2
6.820954,-0.9978394,Phrase,2
10.04813,-2.937642,Phrase,1
10.174556,-1.6786412,Phrase,2
9.048098,-1.7469008,Phrase,1
8.504627,-2.1377752,Phrase,2
9.35747,-3.5193388,Phrase,0
6.3445177,-2.455146,Phrase,2
7.6001396,-2.2332106,Phrase,2
6.2475824,-0.7825325,Phrase,0
9.252431,-0.7593942,Phrase,2
4.2800045,-1.3168108,Phrase,0
6.7450833,-2.0838184,Phrase,2
9.29631,-1.7044584,Phrase,2
7.697771,-0.25753638,Phrase,2
7.5359173,-0.710222,Phrase,2
8.065461,-1.2081885,Phrase,0
6.852045,-0.9376132,Phrase,0
10.060904,-3.0682425,Phrase,0
5.8280306,-2.6689854,Phrase,2
5.3136115,0.024330435,Phrase,1
7.954738,-1.5964087,Phrase,2
8.954035,-2.22262,Phrase,2
6.9449453,-0.98371494,Phrase,2
8.121014,-3.1732376,Phrase,2
6.80537,-2.1823685,Phrase,2
6.320959,-0.2940935,Phrase,0
5.2489643,-1.6407412,Phrase,2
6.360061,-0.18941537,Phrase,1
9.939757,-5.8840938,Phrase,0
9.256333,-1.1347859,Phrase,0
5.6685376,1.3685668,Phrase,1
6.7950525,-1.7242156,Phrase,2
6.9455986,-1.1590893,Phrase,0
6.7942686,-1.236571,Phrase,2
6.6278744,-1.1284466,Phrase,2
11.629414,-3.8071241,Phrase,0
5.8413386,-1.880651,Phrase,2
8.067574,-1.4303613,Phrase,2
10.245547,-3.0112727,Phrase,2
7.913105,-1.4422959,Phrase,0
7.8805156,-2.2802217,Phrase,2
9.304802,-1.4319572,Phrase,0
6.894269,-0.8620576,Phrase,1
7.3587146,-2.0426998,Phrase,2
7.154133,0.0014904508,Phrase,1
6.713531,-2.0195973,Phrase,0
7.8082213,-2.9100506,Phrase,2
6.9511905,-0.8400526,Phrase,1
9.366068,-5.865823,Phrase,0
10.6659355,-1.2124311,Phrase,2
7.803997,-0.9712043,Phrase,2
6.2800703,-1.4177178,Phrase,0
7.350167,-0.2890345,Phrase,1
5.6442094,-1.5374029,Phrase,2
10.708989,-2.036826,Phrase,2
10.917794,-3.2397847,Phrase,2
5.512689,0.96761125,Phrase,1
9.812149,-3.6901915,Phrase,0
7.9768147,-2.2254994,Phrase,0
3.8068326,-0.79005575,Phrase,1
7.1829276,-0.89801073,Phrase,0
10.604488,-1.7886583,Phrase,2
7.189781,-1.5128667,Phrase,0
7.362777,-1.1196692,Phrase,0
5.626375,-2.184849,Phrase,0
9.842512,-3.1135938,Phrase,0
7.7468815,0.41139337,Phrase,1
8.149725,0.25375733,Phrase,1
7.306388,-2.3312461,Phrase,0
8.678834,-1.7627323,Phrase,1
6.9225965,-0.2960476,Phrase,0
9.110844,-1.5707574,Phrase,2
10.937241,-1.7029386,Phrase,2
6.0302925,-2.79582,Phrase,2
9.176401,-2.5654588,Phrase,0
9.022571,-5.2988486,Phrase,0
7.528898,-0.19363216,Phrase,1
5.6646867,-2.2358682,Phrase,1
9.811014,-0.38619602,Phrase,1
7.427058,-1.3127722,Phrase,0
5.6429863,1.3578544,Phrase,1
9.420233,-1.8159629,Phrase,2
5.9199405,-2.7094636,Phrase,2
6.294113,-1.4234132,Phrase,0
7.5856395,-1.5583719,Phrase,0
10.846691,-1.85333,Phrase,2
6.547117,-1.7299309,Phrase,2
7.539093,-2.5085115,Phrase,0
8.682934,-2.1474097,Phrase,2
7.3781724,-1.6920124,Phrase,2
10.464423,-1.2987761,Phrase,1
11.639934,-5.104363,Phrase,1
6.173914,-1.1850804,Phrase,0
10.086662,-1.9950194,Phrase,2
5.646549,1.3517481,Phrase,1
9.470211,-3.552668,Phrase,0
7.1658263,-0.7110382,Phrase,2
6.006191,-1.3053988,Phrase,1
8.795042,-2.2493646,Phrase,1
10.361989,-1.3397247,Phrase,2
8.075111,-1.7488562,Phrase,0
6.8214803,0.56914645,Phrase,1
10.743375,-1.9200686,Phrase,2
8.652265,-2.1567097,Phrase,2
10.260819,-1.2483833,Phrase,2
7.3852053,1.3509221,Phrase,0
11.005064,-2.059491,Phrase,2
7.9203186,0.17887016,Phrase,1
9.950357,-3.3973458,Phrase,0
6.3053417,-1.7565688,Phrase,0
8.886421,-0.18753164,Phrase,0
7.072269,-2.033063,Phrase,2
11.528471,-4.9049172,Phrase,0
11.033445,-2.1305566,Phrase,2
8.404247,-1.034393,Phrase,1
7.683823,-0.041234683,Phrase,2
7.1229277,-0.26511884,Phrase,2
8.917026,0.32600138,Phrase,1
6.4806366,-1.4983718,Phrase,2
4.8533163,-1.7749739,Phrase,1
7.455994,-2.3719397,Phrase,2
10.311114,-2.3363237,Phrase,0
8.772144,0.13420309,Phrase,0
7.711546,-0.8922063,Phrase,0
6.6036654,0.1662157,Phrase,1
3.3252637,-1.5093964,Phrase,0
9.781035,-4.0944657,Phrase,0
6.673266,-3.26935,Phrase,2
8.809911,-0.40184706,Phrase,0
9.432809,-1.1385077,Phrase,2
8.688729,-0.7991736,Phrase,2
7.4231563,-1.2850142,Phrase,2
7.6605573,-1.4522989,Phrase,2
7.7064114,-1.1662685,Phrase,0
5.3329234,-3.6558695,Phrase,1
8.39281,0.5521387,Phrase,2
6.1537952,-1.6549444,Phrase,2
7.359105,-2.0199564,Phrase,2
8.4551,-0.4856863,Phrase,0
10.495321,-2.2804775,Phrase,2
7.6293077,-0.52386665,Phrase,2
5.672455,1.3437828,Phrase,1
10.429149,-3.5177932,Phrase,0
7.25505,-1.1079867,Phrase,2
10.284792,0.12568457,Phrase,0
6.0543947,0.4632605,Phrase,1
9.1477585,-0.41663262,Phrase,1
8.115545,-3.397342,Phrase,0
10.063328,-2.1573126,Phrase,2
6.781823,-0.80011404,Phrase,1
5.7099857,-1.8900075,Phrase,1
6.1963725,0.60987574,Phrase,1
8.2633095,3.0970237,Phrase,1
6.89641,-1.9875163,Phrase,2
9.3098545,-2.5225618,Phrase,2
8.981532,-1.8874004,Phrase,0
7.3527374,-1.6366113,Phrase,0
10.099881,-1.2687782,Phrase,2
5.5943775,-0.77139777,Phrase,0
8.098904,-2.88536,Phrase,2
4.316245,-1.17351,Phrase,2
9.702435,-0.79151374,Phrase,2
8.044141,0.1489525,Phrase,2
5.7529836,-2.924403,Phrase,0
5.8098354,0.029236773,Phrase,1
7.1646643,-1.6287283,Phrase,2
5.4052095,0.29831806,Phrase,1
10.469814,-2.4417884,Phrase,2
10.436856,-2.4474325,Phrase,2
10.539002,-1.1669395,Phrase,1
9.32338,-4.806145,Phrase,0
8.584882,-0.12778288,Phrase,2
7.6817927,-0.680799,Phrase,2
9.33127,-5.877491,Phrase,0
8.097357,-2.0635788,Phrase,0
10.616649,-1.0504947,Phrase,2
5.7356167,-2.4342952,Phrase,1
9.842968,-2.1517634,Phrase,2
7.80061,-0.6355939,Phrase,1
8.19891,-0.4875473,Phrase,0
7.7768097,-1.2223146,Phrase,1
6.356447,0.898668,Phrase,1
6.0392375,-1.6056784,Phrase,0
10.474997,-2.2821856,Phrase,2
10.344351,-3.919402,Phrase,0
10.295875,-4.5678525,Phrase,0
7.2017403,-0.5902046,Phrase,2
9.230521,-0.55226123,Phrase,0
7.38747,-1.6561171,Phrase,0
5.999326,0.26131594,Phrase,1
7.822879,-0.68120116,Phrase,2
10.147203,0.3692166,Phrase,1
5.6058006,0.13857149,Phrase,1
8.01359,-1.2370957,Phrase,0
7.1059675,1.1709394,Phrase,1
5.866979,-1.0161316,Phrase,0
5.9991736,0.12979007,Phrase,1
8.676338,-0.7529423,Phrase,0
3.8016706,-0.7807645,Phrase,0
-5.8588595,2.5724566,Phrase,1
6.2559934,0.5083504,Phrase,0
5.783437,-0.02790852,Phrase,1
6.5556464,-1.6691672,Phrase,0
5.8464336,-1.9275566,Phrase,2
7.4721746,-2.0181084,Phrase,0
9.247066,-2.0201063,Phrase,2
6.5450616,-1.3221492,Phrase,0
11.018611,-1.853849,Phrase,1
8.198769,-1.8369576,Phrase,2
5.536609,-0.38596287,Phrase,0
10.725267,-2.34356,Phrase,0
10.362129,-0.8263835,Phrase,2
7.26246,-1.0578343,Phrase,2
8.198794,-1.5731608,Phrase,0
8.472061,-1.028914,Phrase,2
9.546366,-5.7945724,Phrase,0
10.643952,-1.3817014,Phrase,2
8.682171,-1.5024714,Phrase,2
10.037519,-3.3306947,Phrase,0
4.854257,-1.7590603,Phrase,0
7.41189,-0.88833886,Phrase,0
10.836614,-1.7488624,Phrase,2
7.2208705,-1.3404686,Phrase,0
8.910851,-1.8853098,Phrase,2
10.995159,-1.7258158,Phrase,2
10.261066,-1.8223987,Phrase,2
5.7652154,-0.6598765,Phrase,0
9.880248,-1.7724679,Phrase,2
4.902368,-1.6884987,Phrase,2
9.094646,-1.5858682,Phrase,2
8.024473,-1.7983806,Phrase,0
10.663374,-0.7993775,Phrase,1
5.8509374,0.013247961,Phrase,0
7.2493258,-1.2413622,Phrase,2
10.152198,-1.5482423,Phrase,2
8.903001,0.19280945,Phrase,0
11.441662,-3.490379,Phrase,1
7.712193,-0.5671209,Phrase,2
8.714268,-1.0859178,Phrase,2
6.844373,-0.082174666,Phrase,1
7.8694263,-0.258064,Phrase,2
8.626533,0.09667815,Phrase,0
4.282346,-1.186047,Phrase,0
5.6693735,1.2944194,Phrase,1
14.631095,-5.0388083,Phrase,1
6.2597136,-2.630654,Phrase,2
6.331611,-2.6988924,Phrase,2
5.902055,0.30511722,Phrase,1
11.928387,-4.5105634,Phrase,1
10.37312,-2.3392694,Phrase,2
8.207956,-2.0863972,Phrase,2
7.5697985,-0.37279093,Phrase,2
8.701604,-2.668216,Phrase,2
6.606924,0.37722012,Phrase,1
8.298293,-1.7224777,Phrase,2
7.383206,-2.269779,Phrase,0
6.392227,0.89449716,Phrase,1
8.138226,-0.4292957,Phrase,2
8.880277,-1.8397306,Phrase,2
7.0934134,-2.3275747,Phrase,2
5.1004863,-0.9530466,Phrase,0
5.58599,-3.8149402,Phrase,2
9.275626,-0.611611,Phrase,2
8.384596,-2.7439756,Phrase,0
6.097612,-0.37132993,Phrase,1
8.093764,-0.42457524,Phrase,0
7.556714,-1.5241956,Phrase,2
8.511732,-0.6696643,Phrase,2
8.993259,-1.2294496,Phrase,2
7.9353094,-0.6056696,Phrase,0
6.28255,-1.2859148,Phrase,0
10.604534,-2.0361543,Phrase,0
10.435796,-2.4582355,Phrase,2
7.3499885,-2.2852006,Phrase,0
7.7597895,-2.109367,Phrase,0
5.6454363,-1.8511925,Phrase,1
8.019138,0.8754232,Phrase,1
7.4294615,-0.42070314,Phrase,2
9.402182,-1.7340564,Phrase,2
6.646904,-1.3326362,Phrase,0
8.374573,-2.263772,Phrase,0
8.738791,-0.86166817,Phrase,2
9.117634,-1.93044,Phrase,2
6.990194,0.39051268,Phrase,0
7.4501057,-1.1082662,Phrase,0
8.578532,-2.0548518,Phrase,2
10.360014,-2.1741574,Phrase,2
4.756006,-2.5661595,Phrase,0
9.734198,-2.9584663,Phrase,2
11.531747,-4.1097565,Phrase,0
9.991822,-1.9378674,Phrase,2
9.907405,-1.161272,Phrase,2
6.958777,-1.7734022,Phrase,2
8.747551,-1.7576772,Phrase,0
7.2033577,2.1886792,Phrase,1
7.3514104,-1.0510193,Phrase,2
9.730981,-4.0579553,Phrase,0
8.068271,-0.7275372,Phrase,2
10.587497,-1.9347522,Phrase,2
4.694456,-0.26214388,Phrase,0
5.591406,-3.7999873,Phrase,2
5.679782,-1.9004898,Phrase,2
6.8303366,1.3014141,Phrase,1
4.2915816,-0.7313543,Phrase,1
7.3615212,-0.3817586,Phrase,2
6.0843034,-2.5251644,Phrase,0
6.6931515,-2.003077,Phrase,0
8.476486,-0.3533802,Phrase,0
3.7415097,-1.7807556,Phrase,0
8.841072,-3.0438302,Phrase,0
6.8341503,-0.14676142,Phrase,1
8.861499,-2.6272585,Phrase,2
9.764912,-1.4962082,Phrase,2
8.601794,-0.5038162,Phrase,0
9.58718,-5.7285957,Phrase,0
9.03939,-1.5089768,Phrase,0
8.908483,-0.3840704,Phrase,0
7.5581026,-1.8721877,Phrase,0
7.3665466,1.9607917,Phrase,1
7.940216,-0.72487533,Phrase,2
8.53729,-0.22491306,Phrase,0
2.6490788,-1.2594665,Phrase,1
7.4609804,-0.7811781,Phrase,2
7.985445,-1.4613826,Phrase,0
7.021608,-1.4635441,Phrase,2
7.2401123,-2.2368684,Phrase,0
9.327006,-4.2406554,Phrase,0
9.183557,-1.872747,Phrase,2
6.53597,-0.066947855,Phrase,1
9.183148,-2.7348037,Phrase,0
8.956088,-2.047914,Phrase,2
9.113459,-2.2209795,Phrase,1
10.076842,-2.1044378,Phrase,2
4.9475455,0.3042634,Phrase,1
9.78555,-1.5313883,Phrase,2
5.2215405,-1.2673517,Phrase,0
8.163944,-0.34542713,Phrase,1
4.3267994,-2.5005217,Phrase,1
7.744842,-1.3877451,Phrase,0
8.82482,-1.7065241,Phrase,0
7.760705,-2.5738497,Phrase,2
5.641786,-0.26250345,Phrase,0
7.9992776,-2.3510308,Phrase,0
11.539016,-3.3550258,Phrase,0
7.48289,-1.71156,Phrase,0
9.253857,-1.4263064,Phrase,2
8.378535,0.29022256,Phrase,1
6.564694,-2.1064909,Phrase,0
10.899733,-2.3739865,Phrase,2
9.03381,-3.6445174,Phrase,0
7.9107714,-0.69073725,Phrase,0
8.704626,-2.2923324,Phrase,2
7.8744493,-1.5845863,Phrase,0
10.383634,-1.6935291,Phrase,2
11.42795,-3.5413313,Phrase,1
7.9521527,-0.6888373,Phrase,2
11.107449,-1.3249348,Phrase,1
6.24497,-0.10091046,Phrase,1
9.793209,-4.4830704,Phrase,0
7.1936264,-1.1869673,Phrase,2
9.171542,-2.5901446,Phrase,0
8.537915,-2.0772004,Phrase,2
9.583207,-3.6780367,Phrase,0
8.256049,-2.8172474,Phrase,0
8.233313,0.7130777,Phrase,1
10.469285,-1.1099643,Phrase,1
9.04435,-3.6183584,Phrase,0
5.916282,-2.5915756,Phrase,0
8.978868,-1.3468195,Phrase,0
8.425773,-0.8559887,Phrase,2
6.8005066,0.4613449,Phrase,1
7.8466606,-0.7561313,Phrase,0
7.8468904,0.11802123,Phrase,0
8.449151,-3.0049953,Phrase,0
8.106414,-1.2591745,Phrase,0
8.27897,-0.42991135,Phrase,1
8.2142,1.060769,Phrase,1
10.592693,-2.373779,Phrase,2
10.133607,-1.5016081,Phrase,2
9.764782,-3.2415843,Phrase,1
9.427809,-1.4505185,Phrase,2
3.9599752,-0.83847153,Phrase,0
7.7968063,-1.414276,Phrase,0
5.445439,-0.56166613,Phrase,1
7.131466,-1.5577297,Phrase,2
7.9492974,-1.7108737,Phrase,1
7.7319264,-1.8001628,Phrase,0
9.373425,-3.2335076,Phrase,2
8.037205,0.8165372,Phrase,2
9.519923,-4.1005516,Phrase,0
6.353263,0.88841856,Phrase,1
8.769744,-2.1296892,Phrase,2
8.224962,1.073702,Phrase,1
9.190368,-4.4925137,Phrase,0
6.234559,-0.587047,Phrase,1
7.19884,0.5907415,Phrase,1
6.6007543,0.5347976,Phrase,1
9.649786,-4.1731415,Phrase,0
7.507693,-1.0647852,Phrase,2
5.870952,-1.612942,Phrase,2
6.79188,-1.9046088,Phrase,0
8.078838,-0.46063367,Phrase,2
10.210457,0.14656225,Phrase,2
11.0513115,-5.1096272,Phrase,0
10.089176,-4.3566775,Phrase,0
7.724069,-1.8573905,Phrase,2
11.596614,-4.2203865,Phrase,1
8.402113,-2.133725,Phrase,0
9.536074,-2.856659,Phrase,0
5.2352605,0.57093614,Phrase,1
8.185135,-1.9987937,Phrase,2
11.044557,-2.1481864,Phrase,2
8.881257,-2.0470355,Phrase,2
8.464905,-0.25097704,Phrase,0
7.703429,-1.0401014,Phrase,0
7.0136776,-0.49026704,Phrase,1
9.454771,-3.6947584,Phrase,0
8.697137,-1.8634236,Phrase,1
8.320034,-1.8779933,Phrase,0
8.308653,-5.039346,Phrase,0
3.786479,-0.7927621,Phrase,1
8.616869,-2.995602,Phrase,2
7.81697,-2.2773411,Phrase,0
9.567974,-1.4124265,Phrase,2
5.747757,1.2764914,Phrase,1
7.6514397,-2.7200663,Phrase,2
8.922161,0.18123464,Phrase,0
6.439037,-1.8856018,Phrase,2
10.492102,-2.3100548,Phrase,2
7.3492985,-0.01747571,Phrase,0
5.823104,-1.2110144,Phrase,1
8.149936,-4.757895,Phrase,0
7.368491,-1.2516112,Phrase,0
10.916629,-2.268618,Phrase,2
9.0495825,-0.38065732,Phrase,2
10.346695,-4.652204,Phrase,0
10.346575,-1.9705392,Phrase,0
8.432589,-1.8450072,Phrase,2
10.265682,-2.2697728,Phrase,2
6.1784606,-1.8089794,Phrase,0
8.408433,-1.838897,Phrase,0
7.9181633,-0.9114978,Phrase,2
10.31529,-2.1397543,Phrase,2
5.720656,-0.53726304,Phrase,0
7.7535305,-0.88201845,Phrase,1
9.717794,-1.6894454,Phrase,2
9.136048,-1.9663713,Phrase,1
7.716992,-1.6084722,Phrase,0
10.081631,-1.6600564,Phrase,2
7.8961034,-0.24451058,Phrase,2
4.164658,-0.47513407,Phrase,0
8.745637,-2.0237243,Phrase,0
6.9253955,-1.2831059,Phrase,2
5.952554,-1.9928744,Phrase,2
7.207339,0.12374075,Phrase,1
10.432422,-1.6163281,Phrase,2
5.66581,1.3628836,Phrase,1
8.149854,-0.91087157,Phrase,2
4.1296206,-1.0914164,Phrase,0
11.596169,-4.4514036,Phrase,1
4.2872343,-1.0744753,Phrase,2
9.621921,-2.0730016,Phrase,2
8.600444,-0.577179,Phrase,1
8.204827,-1.3946335,Phrase,0
7.8121333,-2.2704349,Phrase,0
7.4950027,-0.95713776,Phrase,2
7.6694717,-1.1252997,Phrase,2
6.1576176,-1.1503396,Phrase,0
9.408766,-2.0185444,Phrase,2
8.344255,-2.4037473,Phrase,2
9.2515545,-4.4546194,Phrase,1
8.397721,-0.35953438,Phrase,0
7.811609,-0.6764296,Phrase,2
10.295096,-1.5648241,Phrase,2
6.1573124,-4.947535,Phrase,0
5.684704,-1.8847215,Phrase,1
4.834674,-0.6331416,Phrase,0
8.858087,-2.6468291,Phrase,0
7.9647493,0.38108695,Phrase,1
4.3774695,-2.5556786,Phrase,1
6.4612556,-1.571742,Phrase,2
8.987529,-2.618042,Phrase,0
9.593964,-2.456831,Phrase,2
6.6929727,0.87312514,Phrase,1
6.8025007,-1.2061062,Phrase,0
10.304043,-1.7944298,Phrase,2
5.1631675,-0.0800459,Phrase,0
10.540554,-2.2608092,Phrase,2
6.772634,-2.202016,Phrase,2
9.648444,-4.80785,Phrase,0
7.4559636,-1.5329323,Phrase,0
9.3120985,-1.2884616,Phrase,2
6.923747,1.4057279,Phrase,1
8.581739,-0.23062791,Phrase,2
8.710774,-0.028872674,Phrase,0
4.59451,-1.0953645,Phrase,0
8.438079,-1.9615,Phrase,2
9.477295,-1.2382313,Phrase,2
10.1487255,-1.8740418,Phrase,2
5.916954,-1.5009907,Phrase,0
6.1956496,0.18764894,Phrase,1
8.255977,-0.8456874,Phrase,2
4.6186423,-1.5972908,Phrase,0
10.422082,-1.2849278,Phrase,2
6.766363,-0.4016591,Phrase,1
11.021937,-1.619595,Phrase,2
9.766245,-2.9172652,Phrase,2
4.3084,-1.553752,Phrase,0
11.04445,-4.973976,Phrase,1
6.836318,-1.7423037,Phrase,2
5.1557584,-0.23386079,Phrase,0
9.813732,-0.70095867,Phrase,2
6.5552583,-1.0577509,Phrase,1
8.793419,-2.4300308,Phrase,2
7.7362933,-0.14926906,Phrase,0
6.725975,-0.732301,Phrase,1
8.935659,0.29286787,Phrase,2
10.275177,-1.9001011,Phrase,2
6.6106887,-1.0667146,Phrase,0
8.0180645,-0.71109957,Phrase,0
5.165293,-1.5797234,Phrase,0
10.328388,-3.489796,Phrase,0
8.025482,-0.69455564,Phrase,1
8.212836,-0.22135633,Phrase,1
8.360532,-0.78645205,Phrase,2
4.614719,-1.4265988,Phrase,0
5.947699,-0.7680229,Phrase,0
9.915123,-1.6180427,Phrase,2
14.631441,-5.039098,Phrase,1
9.648444,-3.3455741,Phrase,0
7.9193845,-0.8962411,Phrase,2
7.7304955,-1.1254314,Phrase,2
7.069208,-1.0114295,Phrase,2
6.2385864,-0.44188264,Phrase,1
8.69223,-2.5742183,Phrase,2
3.9361186,-1.2416843,Phrase,0
6.688444,-3.776109,Phrase,2
10.140769,-1.9678297,Phrase,2
8.937948,-2.0691516,Phrase,2
7.3605976,-2.4201446,Phrase,0
8.3465,-1.1272519,Phrase,2
9.948048,-0.8755371,Phrase,2
8.3821125,-0.25670606,Phrase,0
7.524522,-0.7271702,Phrase,0
7.642631,-2.49748,Phrase,0
10.38797,-4.397289,Phrase,0
8.616092,-2.58017,Phrase,2
6.031451,-2.0356514,Phrase,2
7.1659975,0.018665772,Phrase,2
5.600566,-2.1985612,Phrase,0
10.228717,-1.4074273,Phrase,2
8.706281,-1.9067018,Phrase,2
6.7561817,-0.009911891,Phrase,1
4.494714,-1.9398603,Phrase,1
6.2125254,-0.6995769,Phrase,1
6.4790754,-1.5776354,Phrase,1
5.631312,-0.28866044,Phrase,0
10.176403,-1.592737,Phrase,2
6.254349,-0.8128989,Phrase,2
10.193555,-1.9548423,Phrase,2
9.99299,-3.2732968,Phrase,0
10.392571,-1.7572739,Phrase,2
8.96794,-2.676296,Phrase,2
4.3645377,-2.3187468,Phrase,0
9.5286,-5.7996926,Phrase,0
6.980047,-1.7302041,Phrase,0
7.275648,-0.51667225,Phrase,2
10.411217,-4.454348,Phrase,0
7.894823,-1.0635136,Phrase,2
7.5557547,-0.039101817,Phrase,1
6.7877965,-1.3244417,Phrase,0
9.861542,-2.687512,Phrase,2
7.297106,-0.16837086,Phrase,1
7.7981224,-1.6715659,Phrase,2
9.647914,-3.6833568,Phrase,0
9.441076,-4.4909015,Phrase,0
9.400847,-1.0612464,Phrase,2
5.397428,-0.08157532,Phrase,1
5.852139,-1.2490388,Phrase,1
7.7135262,-0.5511753,Phrase,1
8.691197,-1.7486254,Phrase,2
14.632229,-5.0394907,Phrase,1
8.453109,-0.9861745,Phrase,1
8.697855,-1.8759862,Phrase,2
-5.8578534,2.572693,Phrase,1
7.070343,-0.20002885,Phrase,1
7.846453,-2.2651005,Phrase,0
8.987349,-2.0042944,Phrase,2
4.852733,-1.106711,Phrase,0
10.815485,-1.3035908,Phrase,2
8.913375,-1.7890027,Phrase,2
10.744438,-1.7340931,Phrase,2
9.582468,-0.9558154,Phrase,2
8.424102,-1.7255727,Phrase,2
7.825337,-0.7502351,Phrase,0
6.886794,0.3012272,Phrase,1
7.3643923,1.388146,Phrase,0
9.125893,-1.4574281,Phrase,0
6.781088,0.8665682,Phrase,1
5.973201,0.28786698,Phrase,1
8.33711,-2.0532665,Phrase,2
10.668457,-1.6275407,Phrase,2
8.779604,-1.5456014,Phrase,2
2.9633303,-1.3057119,Phrase,1
8.017555,-0.087908454,Phrase,2
5.789635,-0.18881369,Phrase,0
7.8226514,-0.014909138,Phrase,1
7.0056243,-1.728132,Phrase,2
8.355881,-0.16107538,Phrase,1
8.101094,-2.0735712,Phrase,0
5.9583554,-0.7917957,Phrase,1
10.467955,-4.458995,Phrase,0
10.074364,-4.227555,Phrase,0
7.77405,-0.76607263,Phrase,2
11.522999,-3.3953683,Phrase,1
7.033624,-0.5323773,Phrase,2
8.243619,-1.6388935,Phrase,0
9.015407,-1.1979716,Phrase,1
6.0668945,-2.492257,Phrase,0
9.39677,-4.0013485,Phrase,0
6.9013853,-0.08393074,Phrase,1
8.544122,-0.5930686,Phrase,0
6.6581206,-1.4180543,Phrase,2
10.775989,-1.8637936,Phrase,2
8.659006,-2.5357058,Phrase,0
7.966431,-0.3080399,Phrase,0
11.27901,-3.564988,Phrase,0
10.799928,-1.9125704,Phrase,2
10.139589,-1.5429826,Phrase,2
8.415076,0.39469054,Phrase,1
10.2615795,-3.9115574,Phrase,0
5.6828456,-0.8784819,Phrase,0
8.42624,-1.88051,Phrase,2
10.674538,-1.763758,Phrase,2
5.408919,-0.058119904,Phrase,0
7.4947762,-1.8870255,Phrase,0
7.4583764,-0.24462098,Phrase,2
7.963678,0.19113067,Phrase,2
6.667465,0.007158866,Phrase,1
5.7840757,-1.2397065,Phrase,1
9.631648,-2.6323009,Phrase,2
7.9587502,0.15524316,Phrase,2
8.802143,0.15661421,Phrase,0
6.071429,-2.407063,Phrase,2
2.2231998,-5.151272,Phrase,0
8.19354,-2.1524138,Phrase,1
5.0824227,0.038802657,Phrase,0
5.6116147,-0.72183764,Phrase,0
4.745562,0.7826226,Phrase,1
10.570208,-2.3058891,Phrase,2
10.705775,-1.4371872,Phrase,2
6.8253026,1.3035275,Phrase,1
7.3090396,-2.4506133,Phrase,0
6.418819,0.86225486,Phrase,1
7.0827775,-1.0813937,Phrase,2
7.688666,-0.8461739,Phrase,2
7.6942496,-2.4615073,Phrase,0
10.095928,-2.5494711,Phrase,2
4.750066,-0.9367626,Phrase,0
7.122476,-2.2063756,Phrase,2
10.460894,-1.8167444,Phrase,2
7.9091043,-1.6199841,Phrase,0
9.958562,-2.6087525,Phrase,2
6.7694297,-1.4099243,Phrase,0
7.0606055,0.56169164,Phrase,1
10.3823395,-3.5956035,Phrase,0
5.518825,0.67480326,Phrase,1
9.840628,-2.6110387,Phrase,2
11.00379,-1.7369183,Phrase,2
7.6187286,-0.7704879,Phrase,2
11.438812,-4.2967653,Phrase,1
8.304281,-1.0065682,Phrase,2
6.615353,-0.53687674,Phrase,2
9.1289,-1.9702445,Phrase,2
9.635724,-2.0960186,Phrase,2
10.628874,-1.0296001,Phrase,2
9.680856,-2.4505143,Phrase,1
10.792092,-1.7531424,Phrase,2
9.019419,-2.4167829,Phrase,2
10.549993,-0.9675764,Phrase,0
4.7068615,0.7920202,Phrase,1
10.733441,-1.2573905,Phrase,2
7.398553,-0.48851013,Phrase,1
7.0070105,-0.0765451,Phrase,1
5.7379785,1.005918,Phrase,1
10.171096,2.5856237,Phrase,1
10.271071,0.21727203,Phrase,0
5.937132,-0.9448331,Phrase,1
7.779393,-0.010325809,Phrase,2
7.5950093,-0.687343,Phrase,1
8.508405,-1.8251721,Phrase,2
5.86266,0.77410746,Phrase,1
7.039334,-1.2287834,Phrase,0
10.333186,-2.03255,Phrase,2
8.97881,-0.64543694,Phrase,2
9.072527,-0.39712456,Phrase,0
6.8214154,-2.917,Phrase,2
7.202196,-2.5396938,Phrase,2
6.971295,-0.14591813,Phrase,1
10.018273,-1.904986,Phrase,2
6.10723,-1.3493544,Phrase,0
9.357876,-2.1568186,Phrase,2
8.184027,-2.4037075,Phrase,0
7.9705048,-0.63932747,Phrase,1
8.099646,-0.8963691,Phrase,2
8.432299,-1.1616282,Phrase,2
5.7979054,0.79934466,Phrase,1
11.059265,-1.9111713,Phrase,2
8.098871,-1.085574,Phrase,2
5.804225,-2.20507,Phrase,1
10.024981,-3.1035109,Phrase,0
10.995284,-2.1069574,Phrase,2
8.218553,-0.75055987,Phrase,0
5.687509,-0.76381564,Phrase,0
8.04199,-1.0146447,Phrase,2
8.456919,0.1773088,Phrase,1
7.366568,-2.3200514,Phrase,0
11.439645,-4.4678288,Phrase,1
10.395774,-1.2311605,Phrase,2
7.7687716,-0.9789334,Phrase,2
8.020556,0.6318349,Phrase,1
9.938879,-1.9065548,Phrase,2
10.6246195,-1.811602,Phrase,2
6.6554856,-1.221511,Phrase,0
4.5476394,-1.4182415,Phrase,2
10.178158,-1.3122299,Phrase,1
7.0834208,-1.5294112,Phrase,0
-5.8613257,2.5706494,Phrase,1
8.223025,-0.54749,Phrase,2
4.5073185,-0.93251616,Phrase,0
7.9155993,-2.7815652,Phrase,2
9.097498,-1.8013465,Phrase,2
5.882107,-0.08928315,Phrase,1
7.1550674,-0.4598229,Phrase,2
9.079672,-2.1721401,Phrase,2
3.668702,-1.7348629,Phrase,0
10.158785,-4.3920712,Phrase,0
7.0117,-0.3522042,Phrase,1
4.27027,-1.2033842,Phrase,0
6.855635,-0.67477155,Phrase,0
7.0608826,-0.36808938,Phrase,1
8.574515,-2.0607727,Phrase,0
10.484633,-1.0640944,Phrase,2
10.174105,-1.1936879,Phrase,2
3.7815192,-0.80532235,Phrase,1
5.72104,-2.2427928,Phrase,0
9.814706,-0.93809795,Phrase,2
5.6177907,0.7354966,Phrase,1
7.200693,-2.1858017,Phrase,0
9.24127,-2.9237475,Phrase,2
8.7262535,-1.2601539,Phrase,2
7.1969476,-2.4497614,Phrase,2
14.620998,-5.027577,Phrase,1
7.901824,-0.35519475,Phrase,2
5.6625986,-1.8933225,Phrase,1
5.959781,-1.5266689,Phrase,2
9.086797,-1.5339469,Phrase,2
7.8340344,-1.2424823,Phrase,2
8.636888,-2.595625,Phrase,0
5.8583727,0.114942946,Phrase,1
7.6192403,-2.0304596,Phrase,2
7.557245,-0.19272844,Phrase,2
11.496246,-3.619079,Phrase,1
7.5325756,-1.4981343,Phrase,0
8.04701,0.9108106,Phrase,1
7.843972,-0.8103264,Phrase,2
8.998441,-0.7064136,Phrase,2
11.621769,-5.0875106,Phrase,1
6.417069,-2.6440308,Phrase,0
8.180982,-1.1389605,Phrase,1
8.8288765,0.18152164,Phrase,0
5.4219193,-3.6908498,Phrase,2
7.0685654,-0.5414315,Phrase,2
7.2785344,-0.76284385,Phrase,2
10.227266,-1.6111045,Phrase,2
5.5724144,-1.991622,Phrase,1
6.276754,0.656816,Phrase,1
9.066703,-1.4196831,Phrase,2
5.679133,1.3020958,Phrase,1
10.275772,-3.7073708,Phrase,0
7.0958967,-1.1178387,Phrase,2
8.225715,-1.222597,Phrase,0
10.075356,-0.98591316,Phrase,1
9.070346,0.20791003,Phrase,0
6.399867,-0.05175437,Phrase,1
8.052427,0.86763006,Phrase,1
8.093635,-0.9430511,Phrase,2
6.4594,-1.9140109,Phrase,2
11.437217,-4.583081,Phrase,1
6.3970504,-0.81901014,Phrase,0
6.9851046,-0.92337525,Phrase,2
6.676182,0.41151538,Phrase,0
10.856249,-2.093256,Phrase,2
8.161016,-1.836495,Phrase,0
8.8327465,-0.12055729,Phrase,0
6.93176,-0.76848906,Phrase,0
8.1195135,-0.09234817,Phrase,0
6.818666,-1.1588454,Phrase,0
7.3503394,-1.2123317,Phrase,2
7.932832,0.34394234,Phrase,1
6.288452,-0.043662306,Phrase,0
8.795588,-1.6800671,Phrase,2
8.388164,-3.3428648,Phrase,2
6.3829517,-1.3315722,Phrase,1
-5.8577943,2.5708356,Phrase,1
9.933183,-1.8834528,Phrase,2
10.194416,-2.0390847,Phrase,2
10.677991,-4.301733,Phrase,0
7.2584662,1.694222,Phrase,1
7.392659,-3.349753,Phrase,2
5.350157,-3.7001116,Phrase,0
9.489997,-3.0498605,Phrase,2
9.537837,-3.5337875,Phrase,0
5.291066,-0.35414785,Phrase,1
6.185615,-1.6896743,Phrase,2
10.316831,-1.4435648,Phrase,2
9.06312,-1.5018343,Phrase,0
7.2988915,-1.3713207,Phrase,2
6.1175537,-0.018287987,Phrase,1
10.317308,-4.6248374,Phrase,0
8.390234,-0.84426165,Phrase,2
8.856939,-1.5276005,Phrase,2
6.7767625,0.14906016,Phrase,1
6.3306227,-1.4689491,Phrase,2
8.396375,-3.0250375,Phrase,0
7.199773,-0.61261946,Phrase,0
7.229225,-0.68451947,Phrase,0
9.427074,-0.7045567,Phrase,1
7.9817276,-1.1957153,Phrase,2
8.481209,-0.4056554,Phrase,0
10.526712,-1.6090884,Phrase,2
8.777587,0.12796225,Phrase,0
9.123062,-0.38110924,Phrase,1
5.4615965,-1.1591535,Phrase,0
7.468189,-0.48804653,Phrase,2
7.0814967,0.83078736,Phrase,2
7.6960287,-0.010865779,Phrase,0
7.6259985,-1.9896578,Phrase,0
6.9908056,-0.30333143,Phrase,1
6.659422,-1.3770812,Phrase,0
5.6018343,-0.7270358,Phrase,0
10.686482,-1.0520351,Phrase,2
7.051696,-1.1009902,Phrase,1
9.362451,-3.1062803,Phrase,0
8.28154,-1.794312,Phrase,0
6.2922583,-0.047082745,Phrase,1
6.6143036,-0.5124119,Phrase,2
8.672593,-2.4896083,Phrase,2
10.364634,-1.5252504,Phrase,2
8.5619135,-1.1201204,Phrase,0
8.165828,-0.094379425,Phrase,0
10.882704,-2.0024881,Phrase,2
8.367838,-1.6454443,Phrase,2
5.754658,1.1937,Phrase,2
7.6370845,-2.7795732,Phrase,2
6.312329,-0.3022918,Phrase,0
7.157834,-0.36988914,Phrase,1
9.706113,-4.120928,Phrase,0
8.352639,0.002573858,Phrase,1
7.1627464,-1.0909097,Phrase,0
10.684183,-1.9625287,Phrase,2
8.203138,-2.3207142,Phrase,0
7.5961604,-1.3665172,Phrase,2
8.233585,-2.1398025,Phrase,0
9.416936,-4.1506686,Phrase,0
11.629641,-3.6175802,Phrase,1
8.316509,-2.0594115,Phrase,0
7.2247815,-0.711607,Phrase,0
8.829083,0.035012625,Phrase,0
7.3239794,0.06319604,Phrase,1
7.317117,-1.091498,Phrase,0
9.868299,-3.5485203,Phrase,0
10.476046,-1.0887842,Phrase,2
9.613263,-4.2442403,Phrase,0
10.264978,-1.6672114,Phrase,2
4.2704954,-1.1567897,Phrase,1
2.629536,-1.2569784,Phrase,1
8.763352,0.031893887,Phrase,0
10.229017,-1.5437528,Phrase,2
7.1924415,-0.9502863,Phrase,2
7.763609,-1.2343599,Phrase,2
8.822201,0.29379877,Phrase,0
9.376919,-0.5576311,Phrase,1
7.4101954,-1.000578,Phrase,1
8.874754,-1.9125102,Phrase,2
10.19754,-1.6826575,Phrase,2
7.4596734,-2.531775,Phrase,2
8.938576,-1.7643744,Phrase,2
5.323114,-3.663903,Phrase,1
7.417887,-1.3640203,Phrase,0
10.469929,-0.7130557,Phrase,1
8.718595,-3.9763687,Phrase,0
7.227021,-0.7432405,Phrase,2
7.345013,-3.2226632,Phrase,2
9.566148,-4.4611216,Phrase,0
6.437605,-0.3445298,Phrase,1
6.653664,-0.94068325,Phrase,2
8.897195,-2.4604108,Phrase,2
9.7476,-1.2698942,Phrase,2
8.50666,-2.1000974,Phrase,2
7.9007726,-1.8953363,Phrase,2
8.3120775,0.06152593,Phrase,0
4.2274375,-0.89663947,Phrase,2
5.7224126,1.2778981,Phrase,1
6.0553846,0.2883517,Phrase,1
8.014637,-0.98506457,Phrase,0
10.6096115,-1.7015927,Phrase,2
9.469182,-3.192011,Phrase,0
7.4369574,0.5526653,Phrase,1
9.772813,-0.27525398,Phrase,1
7.879846,-2.6641624,Phrase,2
9.887294,-1.20867,Phrase,2
8.740326,-2.8138912,Phrase,0
7.587991,0.5835814,Phrase,1
10.099279,-2.4865928,Phrase,2
10.80908,-2.1073058,Phrase,2
8.947239,-1.6970975,Phrase,2
9.713347,-4.2384796,Phrase,0
6.664126,0.11984294,Phrase,1
4.384611,-1.4254011,Phrase,0
10.3143,-2.0872278,Phrase,2
5.990563,-1.8387359,Phrase,2
6.9251533,-0.12543829,Phrase,1
6.4362907,-2.4495683,Phrase,2
7.216687,-1.6379874,Phrase,0
8.903916,-2.0368967,Phrase,2
6.1563125,-0.63153505,Phrase,1
8.825607,-0.34669492,Phrase,0
10.272682,0.19228812,Phrase,0
5.586787,1.0162975,Phrase,1
9.106105,-2.3569067,Phrase,0
7.8548217,-2.5389493,Phrase,1
8.545967,-2.3099341,Phrase,0
8.573305,-2.7148898,Phrase,2
11.310355,-5.215557,Phrase,1
6.333638,-0.44105917,Phrase,0
8.380931,-1.525653,Phrase,2
4.222908,-1.0082806,Phrase,0
10.960231,-3.5489998,Phrase,1
5.3014784,-1.3623329,Phrase,0
8.271193,-2.1873019,Phrase,2
5.033156,0.19972746,Phrase,0
10.461547,-1.0268658,Phrase,2
9.809306,-0.309325,Phrase,0
6.415157,-1.7750386,Phrase,2
7.2758026,0.2900611,Phrase,1
6.504679,-1.2961483,Phrase,2
5.7906585,0.73940784,Phrase,1
9.886301,-2.8489208,Phrase,2
11.65771,-4.7399845,Phrase,1
6.484539,0.5683546,Phrase,0
10.160427,-1.4566042,Phrase,2
7.218886,-0.4014904,Phrase,1
10.352642,-2.2049708,Phrase,2
6.372392,-2.437817,Phrase,2
6.017838,-0.6649481,Phrase,1
5.815447,-0.44311064,Phrase,0
7.9371395,-1.3076279,Phrase,2
7.662756,-1.0792432,Phrase,0
5.922574,-0.71052724,Phrase,1
7.3679786,-0.8729033,Phrase,2
6.629029,-0.5789761,Phrase,2
10.665275,-3.2319498,Phrase,1
9.955904,-3.6414504,Phrase,0
5.967012,-1.0819163,Phrase,0
6.1768007,-0.29977357,Phrase,1
7.8655834,-1.2495096,Phrase,2
8.935047,-1.417535,Phrase,2
4.297965,1.6760398,Phrase,1
7.9679894,-2.453749,Phrase,0
10.440024,-1.3299338,Phrase,2
7.3146715,-0.8643369,Phrase,2
7.8271976,-1.695541,Phrase,2
10.086561,-4.4806433,Phrase,0
8.655159,-2.7923522,Phrase,0
5.9391503,-2.1995823,Phrase,2
9.673112,-3.5218043,Phrase,0
7.257131,-1.3147974,Phrase,2
10.515858,-3.510514,Phrase,2
7.721536,-2.330834,Phrase,2
9.440074,-4.302317,Phrase,0
6.860455,0.5103025,Phrase,0
5.6324763,-2.7695715,Phrase,0
11.920898,-4.5036006,Phrase,1
10.926293,-2.063368,Phrase,2
7.749641,-1.1409208,Phrase,2
7.919438,-0.7408132,Phrase,1
8.961221,-1.1325281,Phrase,2
5.989271,-1.700674,Phrase,0
9.785245,-2.3757493,Phrase,2
10.698134,-3.44181,Phrase,2
8.722953,-1.108836,Phrase,1
5.283438,-0.040268794,Phrase,1
8.792293,-2.1671264,Phrase,2
9.144888,-2.526528,Phrase,0
10.978144,-1.7197043,Phrase,2
7.107988,0.5103668,Phrase,2
7.984027,-1.4718133,Phrase,0
7.9284697,-0.49427947,Phrase,1
8.78134,-2.0148814,Phrase,2
8.015451,-1.5952688,Phrase,0
11.570232,-4.254469,Phrase,0
7.9575877,-0.024864828,Phrase,0
9.354387,-2.152506,Phrase,2
9.436795,-3.568866,Phrase,0
8.286967,-1.3447065,Phrase,0
8.476926,-1.0364286,Phrase,1
11.276731,-5.240833,Phrase,1
10.906693,-1.7894242,Phrase,2
7.5896707,0.24377947,Phrase,0
10.432341,-0.4391135,Phrase,2
8.152345,-0.92787945,Phrase,1
7.484721,0.15755701,Phrase,1
6.8177547,1.3077515,Phrase,1
7.252406,-2.3727458,Phrase,0
8.2266,-2.32286,Phrase,0
7.1166806,-2.4690259,Phrase,2
8.024535,0.19894396,Phrase,1
11.496708,-5.07337,Phrase,1
10.830296,-1.4893239,Phrase,2
10.207846,-4.2118373,Phrase,0
7.552113,-2.8013995,Phrase,2
5.2243834,-0.26507336,Phrase,0
6.55032,-2.7866936,Phrase,2
10.839461,-0.62236977,Phrase,1
5.6580462,-1.9010007,Phrase,1
10.215706,0.059649438,Phrase,2
10.195294,-1.7422327,Phrase,2
9.85772,-1.7092772,Phrase,2
6.451172,-0.5128132,Phrase,1
2.5970013,-1.289118,Phrase,1
9.238548,-3.839047,Phrase,0
9.554588,-2.0056343,Phrase,2
8.673585,0.06096882,Phrase,2
9.805788,-3.3692238,Phrase,0
9.081014,-5.5780387,Phrase,0
6.9874396,-1.5377399,Phrase,2
10.7769985,-1.6541636,Phrase,0
9.252958,-2.4993558,Phrase,2
5.3359785,-0.08618988,Phrase,0
7.6003914,0.023594454,Phrase,2
10.846027,-1.9829928,Phrase,2
9.324764,-1.350347,Phrase,2
11.515798,-4.7619286,Phrase,1
6.6829343,-1.0405358,Phrase,1
5.2534266,-1.9113752,Phrase,0
8.649454,-2.8472462,Phrase,0
2.6200695,-1.2612166,Phrase,1
10.358918,-1.3850794,Phrase,2
6.8137283,1.2923045,Phrase,1
6.6444206,-0.39087495,Phrase,2
6.662352,-0.25133893,Phrase,1
8.284081,-0.52719885,Phrase,0
7.803723,0.32902044,Phrase,1
8.100141,-2.5188966,Phrase,2
7.9136534,-0.5679159,Phrase,0
9.347079,-2.4001439,Phrase,2
6.730065,0.8808891,Phrase,1
5.684859,1.3421991,Phrase,1
8.90184,0.18701787,Phrase,0
8.132997,-1.8937999,Phrase,0
8.34027,-0.08071166,Phrase,1
8.759333,0.0691824,Phrase,0
7.3765507,-2.5199625,Phrase,2
6.6425366,0.25141236,Phrase,0
7.1198554,-1.3160272,Phrase,2
9.1991,-5.4858437,Phrase,0
8.745163,-2.0345273,Phrase,2
5.1130357,0.35355267,Phrase,1
7.033427,-0.0010020272,Phrase,1
9.710867,-2.6216226,Phrase,2
9.49615,-0.6329866,Phrase,1
7.8133087,-0.7343406,Phrase,2
7.5305705,-1.1123074,Phrase,2
5.567049,-0.49998134,Phrase,0
8.644049,-0.4380747,Phrase,2
7.946472,-1.6635891,Phrase,0
9.024035,-3.5307477,Phrase,0
6.5497904,-0.62667,Phrase,2
10.850607,-2.2082694,Phrase,2
6.018834,-1.6487994,Phrase,1
7.209767,0.63664436,Phrase,1
10.2672,0.06648746,Phrase,2
8.078049,0.74708295,Phrase,1
10.98041,-1.900809,Phrase,2
10.914352,-4.1872015,Phrase,0
7.396564,-1.9939797,Phrase,0
7.9531736,-2.2097719,Phrase,0
10.624835,-1.3749442,Phrase,2
10.298689,-2.5386035,Phrase,2
7.4137316,-0.51652735,Phrase,2
9.142378,-1.2862707,Phrase,2
9.05918,-1.086494,Phrase,2
6.695952,-0.7836038,Phrase,0
3.8787086,-0.5250096,Phrase,0
7.753153,-0.40721232,Phrase,0
6.6228194,0.14121488,Phrase,1
7.7233047,-0.6900384,Phrase,2
3.7967842,-0.77499586,Phrase,1
9.150974,-0.399794,Phrase,1
10.070626,-3.8744206,Phrase,0
7.4023466,-2.8258367,Phrase,2
9.37089,-3.299254,Phrase,0
10.417895,-2.6547492,Phrase,0
5.969496,-2.9886036,Phrase,2
11.034871,-1.9358075,Phrase,2
6.0664315,0.010988061,Phrase,1
7.9974027,-1.0059383,Phrase,1
7.2795215,-1.8294662,Phrase,2
5.684174,-1.148377,Phrase,0
10.843816,-1.7424859,Phrase,2
6.208836,0.1152224,Phrase,0
9.292203,-3.4042542,Phrase,0
10.750664,-1.8072364,Phrase,2
4.5713563,-1.4593489,Phrase,1
9.907363,-5.101651,Phrase,0
10.265275,-1.7996377,Phrase,2
6.958741,-1.279864,Phrase,2
8.950201,-1.0240756,Phrase,1
8.883503,-0.4597414,Phrase,2
5.2756996,-0.23675646,Phrase,0
8.384841,0.4460192,Phrase,2
7.210563,-1.436908,Phrase,2
8.837043,-1.9717298,Phrase,0
7.285603,-1.4165103,Phrase,2
11.563366,-5.000122,Phrase,1
7.4964104,-1.1019168,Phrase,2
11.507874,-4.5618434,Phrase,1
7.4161253,-0.8941199,Phrase,2
9.750018,-3.5474083,Phrase,0
8.33631,-1.5348743,Phrase,2
5.614073,1.1561428,Phrase,1
6.0646887,-2.8068733,Phrase,2
5.9418893,0.02592203,Phrase,1
7.209634,-1.2909169,Phrase,2
8.181626,0.2871133,Phrase,1
9.158052,-2.9600017,Phrase,0
10.283416,-4.6242776,Phrase,0
9.671545,-3.244507,Phrase,1
8.620075,-1.0793691,Phrase,2
7.6622486,0.4033013,Phrase,1
8.110479,-0.8885847,Phrase,1
7.4731584,-2.05634,Phrase,0
10.944479,-3.5457501,Phrase,1
10.094958,2.3388634,Phrase,1
9.706982,-3.2761707,Phrase,0
5.787115,-2.2768025,Phrase,2
5.319253,-0.22881679,Phrase,1
6.9572406,-0.733599,Phrase,2
9.328405,-3.0573015,Phrase,0
6.6652594,0.012159592,Phrase,0
7.172611,-0.9229625,Phrase,1
7.233392,-1.3357675,Phrase,1
8.737228,-5.4414687,Phrase,0
7.356287,-0.6395914,Phrase,2
6.184029,-2.8721337,Phrase,0
5.4104037,0.12258003,Phrase,0
10.957442,-1.4688745,Phrase,1
9.037669,-1.8899632,Phrase,2
-5.858963,2.5721257,Phrase,1
8.057014,-0.5630261,Phrase,0
8.8774605,-2.1098008,Phrase,1
8.363448,-2.7931345,Phrase,0
10.803388,-2.0452752,Phrase,2
6.798886,8.030647,Phrase,1
9.667212,-2.1070595,Phrase,2
5.5173297,-0.5126436,Phrase,0
4.1470346,-0.60727555,Phrase,0
8.504305,-0.38584304,Phrase,0
8.895668,-5.116993,Phrase,0
7.25109,1.8320172,Phrase,1
7.9210997,-1.3479214,Phrase,0
7.721358,0.0763653,Phrase,0
8.056776,0.22006512,Phrase,1
8.227926,-2.0208778,Phrase,2
10.148912,-4.060899,Phrase,0
5.277553,-0.031754144,Phrase,0
9.281959,-0.56029975,Phrase,0
10.156932,0.076473735,Phrase,2
10.830662,-1.483721,Phrase,0
8.295097,-1.8698072,Phrase,0
9.736844,-3.4756052,Phrase,0
7.4997787,-0.95140564,Phrase,2
8.5299015,-1.3840439,Phrase,0
8.293917,-2.498173,Phrase,1
9.81709,-0.36976424,Phrase,0
8.501194,-5.099032,Phrase,0
7.0842953,0.26137626,Phrase,2
8.206535,-2.8589232,Phrase,0
8.028412,-1.6634171,Phrase,0
5.596581,-0.10522894,Phrase,1
8.949015,0.22167504,Phrase,1
9.079237,-0.40340775,Phrase,2
9.037781,-2.443965,Phrase,0
8.226821,0.383257,Phrase,0
5.3876767,-0.66990125,Phrase,0
9.165166,-2.5995963,Phrase,0
7.1467094,-0.45884243,Phrase,2
10.146891,-1.2508739,Phrase,2
8.350015,-4.0136294,Phrase,2
8.821432,-1.1318607,Phrase,2
8.055556,-2.9830227,Phrase,2
5.1010027,-0.43567565,Phrase,1
7.0516725,-1.117433,Phrase,2
9.502979,-1.5725507,Phrase,2
8.859947,0.20752728,Phrase,0
11.035258,-1.8492135,Phrase,2
8.406652,-1.5798883,Phrase,2
5.9790735,-2.3508682,Phrase,0
7.9832597,0.18650922,Phrase,1
11.699467,-4.3923335,Phrase,1
6.754368,0.8503352,Phrase,1
8.003642,0.6131312,Phrase,1
8.898663,-1.7424657,Phrase,1
10.305248,-2.2500672,Phrase,2
9.703405,-4.3937635,Phrase,0
9.918936,-2.8354862,Phrase,2
7.497577,-1.5908104,Phrase,2
10.619858,-0.95009315,Phrase,2
9.325681,-2.1146383,Phrase,2
4.2595053,1.7134827,Phrase,0
6.78766,-1.5948017,Phrase,2
10.860022,-1.8618073,Phrase,2
10.63527,-3.411724,Phrase,1
9.765253,-3.7598052,Phrase,0
7.6188245,-0.41915494,Phrase,2
7.948638,-1.5930371,Phrase,0
8.282628,-2.2749276,Phrase,0
9.028659,-2.3486478,Phrase,2
8.458011,-0.7554466,Phrase,1
6.404968,-1.6802932,Phrase,0
9.341856,-3.6427453,Phrase,0
8.802709,-1.0944833,Phrase,2
7.939455,0.17440273,Phrase,1
11.666541,-3.7416823,Phrase,1
4.8795033,-1.3867142,Phrase,0
11.040017,-1.9148883,Phrase,2
5.223057,-1.044892,Phrase,0
10.64087,-1.9901924,Phrase,2
5.0451226,-1.7244046,Phrase,0
10.881394,-1.7632502,Phrase,2
6.2973285,-1.7697664,Phrase,0
9.374992,-5.897134,Phrase,0
9.067668,-1.8567909,Phrase,2
4.4874325,-1.9338772,Phrase,1
8.9539,-2.356758,Phrase,2
7.9291053,-1.73227,Phrase,2
7.8193293,-2.123066,Phrase,0
9.5030575,-4.2086916,Phrase,0
6.312393,0.855757,Phrase,1
6.4690585,-0.41340595,Phrase,1
8.091942,-0.57966554,Phrase,0
7.1957903,0.1764816,Phrase,0
8.156176,-1.3260493,Phrase,0
8.742585,-1.7047296,Phrase,0
7.7279367,-1.1035612,Phrase,2
8.619955,-0.6251927,Phrase,0
7.9458246,-0.5825927,Phrase,1
10.705331,-1.4770648,Phrase,2
4.171329,-1.3628353,Phrase,1
9.048982,-1.8630749,Phrase,0
10.862328,-2.093237,Phrase,2
10.239761,-1.4400659,Phrase,2
3.6363463,-1.7268252,Phrase,1
7.0635495,-1.7498012,Phrase,0
5.2009606,-0.21647663,Phrase,0
7.5345683,-5.0977707,Phrase,0
9.570573,-2.4837687,Phrase,2
-5.8589644,2.5720952,Phrase,1
4.4328046,-1.394555,Phrase,0
5.6262045,-1.7733128,Phrase,1
7.202261,0.57154804,Phrase,2
10.015179,-1.4160833,Phrase,2
7.4315767,-1.1199911,Phrase,2
9.569121,-1.8306375,Phrase,2
9.907841,-2.8528566,Phrase,2
7.646473,-0.77919054,Phrase,2
7.7394257,-0.86338264,Phrase,2
8.569219,-0.4534523,Phrase,0
6.7622724,-2.8872166,Phrase,2
7.047298,-0.87414634,Phrase,2
6.87977,-0.90273285,Phrase,2
2.209935,-5.1567864,Phrase,0
5.4505987,0.09545617,Phrase,1
9.81731,-0.33445522,Phrase,0
9.2923,-0.5522199,Phrase,1
6.377902,-0.8225914,Phrase,1
10.289882,-1.7980373,Phrase,2
8.251904,-1.0677919,Phrase,0
10.014001,0.55677444,Phrase,1
9.15906,-0.4462554,Phrase,1
8.480055,-0.35032144,Phrase,2
9.286696,-1.2733455,Phrase,2
5.1913567,-0.07175076,Phrase,0
9.764685,-1.0551656,Phrase,2
5.687795,-0.42801812,Phrase,0
8.326812,-0.84479874,Phrase,2
6.8776126,-0.3270656,Phrase,1
5.9569554,-1.7246006,Phrase,2
6.4100394,0.30906704,Phrase,1
8.26426,3.0925765,Phrase,1
11.427424,-4.211047,Phrase,0
4.68176,-1.210523,Phrase,0
6.9132876,-1.7317123,Phrase,2
9.894145,-3.8198273,Phrase,0
8.889264,0.17792368,Phrase,0
9.485603,-0.71047676,Phrase,2
6.941141,-2.4410222,Phrase,2
6.9404287,-1.9436641,Phrase,2
9.888925,-1.4226943,Phrase,2
6.6102424,-1.7627745,Phrase,2
10.481481,-2.1498775,Phrase,2
10.078867,-1.7364249,Phrase,2
-5.859055,2.5720656,Phrase,1
10.213007,-1.4473475,Phrase,2
6.0974827,-1.6367216,Phrase,0
8.628879,-1.9021144,Phrase,2
4.161535,-1.529323,Phrase,0
7.3823586,1.5478677,Phrase,1
9.515479,-1.2154499,Phrase,0
7.547845,0.6755146,Phrase,1
4.343661,-1.1498632,Phrase,0
10.032383,-0.86916447,Phrase,2
9.625133,-1.289048,Phrase,2
6.9129586,0.9611511,Phrase,0
6.0148664,-1.6793532,Phrase,2
5.5788507,-0.21554607,Phrase,0
8.450659,-1.5999749,Phrase,2
8.059433,0.932771,Phrase,0
7.5570183,-0.18769996,Phrase,1
9.878054,-4.270634,Phrase,0
10.686342,-2.1860275,Phrase,2
6.878153,-0.2967848,Phrase,1
11.16279,-3.2989886,Phrase,1
9.508084,-0.71246016,Phrase,1
5.507293,-0.8499176,Phrase,0
11.714807,-4.3902135,Phrase,0
6.070754,-1.5966389,Phrase,2
6.036493,0.28407004,Phrase,1
8.7494335,0.1119174,Phrase,1
6.7428527,-1.2960278,Phrase,0
7.077988,-1.5472519,Phrase,2
10.701764,-1.8058145,Phrase,2
10.72144,-1.9439993,Phrase,2
6.553076,-1.5895717,Phrase,1
8.434247,-0.78825355,Phrase,0
4.064625,-0.7878755,Phrase,2
7.578612,-0.48719242,Phrase,1
9.538417,-3.3313684,Phrase,2
9.477362,-0.52966106,Phrase,0
8.529136,-2.01345,Phrase,2
11.757775,-3.3148413,Phrase,1
10.250911,-0.8290189,Phrase,1
5.7338376,-0.3462146,Phrase,0
5.097119,-0.7040686,Phrase,0
7.880329,-2.8801372,Phrase,0
6.9251037,0.11367082,Phrase,1
9.999306,0.5190556,Phrase,1
9.179515,-1.2208717,Phrase,2
7.184799,-1.19131,Phrase,0
8.196553,-0.32664096,Phrase,2
7.2870264,-0.015088905,Phrase,1
6.9676027,-1.6820334,Phrase,0
3.791837,-0.7707035,Phrase,0
9.036376,-2.4927816,Phrase,2
9.798848,-5.6369953,Phrase,0
6.7878876,-0.5414379,Phrase,0
4.2994604,-1.1976236,Phrase,0
8.042447,0.10603715,Phrase,1
8.833044,-3.8678937,Phrase,0
7.59557,-1.7154546,Phrase,0
7.6465025,0.16717556,Phrase,1
8.266923,-0.42546102,Phrase,2
6.4503355,-1.1141424,Phrase,1
8.0458765,-1.9192811,Phrase,0
8.8453665,-0.7568612,Phrase,2
9.57041,-1.1705778,Phrase,2
10.329815,-3.924618,Phrase,0
8.59488,-0.2639927,Phrase,0
10.7271805,-2.064277,Phrase,2
8.411286,-1.1542302,Phrase,2
9.390292,-4.11323,Phrase,0
11.513167,-4.286489,Phrase,1
7.2549853,-0.8440837,Phrase,2
6.5969033,0.13261284,Phrase,1
9.350018,-2.8409905,Phrase,2
8.1711645,-2.1169596,Phrase,0
11.200924,-4.4455485,Phrase,1
7.1206765,-1.3265257,Phrase,2
5.9471087,-1.1506046,Phrase,0
6.006184,-1.790707,Phrase,2
6.1851573,0.7341563,Phrase,1
8.092776,-1.5551679,Phrase,2
9.315636,-4.463651,Phrase,0
7.621797,-1.9030375,Phrase,2
5.570367,1.1296141,Phrase,1
10.504429,-0.79478455,Phrase,2
7.331436,1.7867059,Phrase,1
8.86085,-1.9405382,Phrase,2
8.838315,-2.1904986,Phrase,0
8.75721,-1.5052334,Phrase,2
7.824351,0.24684492,Phrase,0
10.193442,-4.513473,Phrase,0
6.9705095,-0.37652117,Phrase,2
7.456868,-0.7374075,Phrase,1
9.7975,-4.38673,Phrase,0
5.6254053,-0.98399216,Phrase,0
7.3474207,-1.7735387,Phrase,2
7.337056,-0.109993845,Phrase,1
6.840031,7.879604,Phrase,1
8.755656,-1.5209991,Phrase,2
7.7222066,-0.948392,Phrase,2
5.438924,0.78525364,Phrase,1
11.5567255,-4.5281444,Phrase,0
7.9944744,-0.06407632,Phrase,2
6.037147,-2.6600637,Phrase,0
11.746896,-4.4117246,Phrase,1
9.487173,-0.836304,Phrase,2
7.672769,-1.3846059,Phrase,2
6.792298,-1.2508607,Phrase,2
7.2895117,-0.16700384,Phrase,0
10.162745,-4.5185757,Phrase,0
8.7879715,0.34118095,Phrase,1
6.0691066,-1.5145152,Phrase,2
11.433934,-4.3946,Phrase,1
9.117406,-3.1045458,Phrase,0
8.133114,-1.1935214,Phrase,0
11.5690775,-3.6331084,Phrase,0
9.074413,-0.38801435,Phrase,2
9.424448,-0.61400515,Phrase,2
8.666364,-1.7847035,Phrase,2
11.145231,-4.4760833,Phrase,1
5.116483,-1.2327783,Phrase,0
11.247137,-3.2296906,Phrase,1
8.457467,-2.5180342,Phrase,2
6.3138094,-0.063930094,Phrase,2
10.78127,-1.3667033,Phrase,1
9.785056,-0.38198125,Phrase,1
10.464729,-0.7400136,Phrase,1
7.985213,-0.39015186,Phrase,2
9.433266,-1.1737254,Phrase,1
6.671256,-1.5152638,Phrase,1
10.216981,-3.3285122,Phrase,0
5.412421,0.33195618,Phrase,1
8.485904,-1.7558807,Phrase,0
7.3581786,1.3346728,Phrase,1
8.327655,-0.54981637,Phrase,0
9.515671,-3.6865158,Phrase,0
8.64436,-1.033698,Phrase,2
11.908688,-4.235194,Phrase,0
5.6135397,1.0309825,Phrase,1
5.0475483,-2.023002,Phrase,1
6.185025,-0.7313056,Phrase,1
7.527913,-1.4036499,Phrase,2
10.966237,-1.9466351,Phrase,2
8.984401,-0.52235675,Phrase,2
8.3603,-1.3740714,Phrase,2
7.4604106,-1.842182,Phrase,0
9.056634,-1.8736413,Phrase,1
9.895224,-1.1930467,Phrase,2
10.26952,-1.1060876,Phrase,2
7.5555506,-0.3493704,Phrase,2
10.092235,-2.9102397,Phrase,2
6.9722447,-0.35295746,Phrase,1
9.595194,-3.239468,Phrase,2
8.3502,-2.1026442,Phrase,0
2.9868572,3.1799402,Phrase,0
7.4341035,1.5282607,Phrase,1
7.839839,-0.7026707,Phrase,1
8.787689,-0.12486532,Phrase,0
8.026648,-1.1212511,Phrase,2
5.2358437,0.40780514,Phrase,1
6.1474137,0.31804135,Phrase,1
6.7591586,-0.8342087,Phrase,2
5.1797867,-0.03468047,Phrase,0
8.030412,-5.7828503,Phrase,0
7.1675334,-0.8427672,Phrase,2
10.176707,-2.8994567,Phrase,2
10.936184,-3.333448,Phrase,1
6.44504,-0.25998402,Phrase,1
6.9652367,-2.2782197,Phrase,2
5.2548704,0.6314523,Phrase,1
8.706336,-2.8277798,Phrase,0
8.335532,-1.8530846,Phrase,0
6.335614,-1.0512104,Phrase,0
9.613097,-1.897132,Phrase,0
10.906639,-1.6281414,Phrase,2
8.742955,-1.1738286,Phrase,2
7.158713,-1.6099905,Phrase,0
3.8491063,-1.6761236,Phrase,0
8.37603,0.5561439,Phrase,0
5.7105746,-1.1518462,Phrase,2
5.5785193,0.22861402,Phrase,1
8.141428,-1.9685339,Phrase,2
6.4783506,-1.4628774,Phrase,1
9.055929,-1.8893025,Phrase,2
7.4542522,-1.60295,Phrase,0
7.5796947,-1.2869674,Phrase,0
7.553376,-1.316397,Phrase,2
6.4266415,-0.42188516,Phrase,1
10.566352,-1.2617184,Phrase,2
5.6659837,1.2251227,Phrase,1
4.23282,-1.3114309,Phrase,0
11.845759,-4.481369,Phrase,0
8.102503,-0.42193097,Phrase,2
7.320281,-1.575627,Phrase,2
7.9795704,-1.0026717,Phrase,2
3.7230453,-0.9069574,Phrase,0
7.948207,-1.2395618,Phrase,0
9.686519,-3.9428554,Phrase,0
6.179166,-1.9262258,Phrase,0
7.7943673,-0.931041,Phrase,1
7.0738072,-2.1460989,Phrase,2
8.848454,-0.42218202,Phrase,2
8.322808,-1.3686235,Phrase,2
5.777252,-1.9258318,Phrase,2
10.210489,-1.856212,Phrase,2
10.849998,-2.1550035,Phrase,2
9.538246,-1.8923088,Phrase,2
11.64159,-5.0761786,Phrase,1
8.651645,-2.1797876,Phrase,1
7.6184554,-2.0700316,Phrase,1
8.295808,-0.2801452,Phrase,0
8.080349,-3.6106405,Phrase,2
6.953972,-0.33524495,Phrase,2
9.293023,-5.4066463,Phrase,0
8.436819,-2.4256268,Phrase,0
6.3433237,-1.4221069,Phrase,0
5.0218225,-0.44107747,Phrase,0
10.887523,-1.5720147,Phrase,2
9.723728,-3.472934,Phrase,0
7.1497273,-1.6947415,Phrase,2
7.5309343,-0.017586421,Phrase,2
10.237855,-2.125875,Phrase,2
14.631461,-5.0384507,Phrase,1
10.992393,-2.1122098,Phrase,2
10.692209,-1.7734051,Phrase,2
8.289451,-1.598571,Phrase,0
10.293727,-4.3249097,Phrase,0
9.976096,-4.1588783,Phrase,0
6.561335,-1.5926291,Phrase,2
6.982534,-4.0863447,Phrase,2
10.326909,-4.578552,Phrase,0
-5.831983,2.5661142,Phrase,1
10.4011,-1.6562026,Phrase,2
9.220909,-3.2839992,Phrase,0
9.403387,-2.1744668,Phrase,0
6.619265,-0.8265081,Phrase,0
7.7900033,0.5837786,Phrase,1
7.7672925,-2.2015054,Phrase,2
7.3398995,0.15471815,Phrase,2
7.4847584,-0.36632675,Phrase,2
4.0596514,-1.1555145,Phrase,0
6.63185,-0.10847774,Phrase,1
10.17894,2.5958464,Phrase,1
7.801403,-0.3135729,Phrase,1
10.584134,-1.6812811,Phrase,2
10.919298,-2.0846248,Phrase,2
8.05657,-3.8932607,Phrase,2
6.670988,-0.11576629,Phrase,1
7.296044,1.2102612,Phrase,1
9.44324,-3.1508203,Phrase,2
8.870958,-0.7898239,Phrase,2
6.654702,0.35229072,Phrase,1
7.5199757,-1.147149,Phrase,2
8.303246,-1.8760803,Phrase,2
7.1937213,-1.7989861,Phrase,2
8.247361,-2.1511004,Phrase,0
6.370998,-1.2608207,Phrase,2
8.339228,-2.8842793,Phrase,0
8.29105,-1.8271931,Phrase,2
8.848822,-1.5242833,Phrase,2
9.55954,-2.4667854,Phrase,2
10.234965,-0.87757134,Phrase,1
10.210307,-3.4544961,Phrase,0
8.1015215,-1.1308473,Phrase,2
8.585135,-1.3111686,Phrase,2
6.812097,-0.97478026,Phrase,2
8.652889,-2.2937906,Phrase,2
6.8535113,0.03938844,Phrase,2
8.753411,-2.8292322,Phrase,2
4.343639,-1.2498069,Phrase,0
6.9661593,-0.9976993,Phrase,2
10.990626,-2.1501558,Phrase,2
8.367137,-1.5404315,Phrase,2
7.2394834,-0.96849537,Phrase,0
7.987559,-1.0441804,Phrase,2
10.76946,-1.9072746,Phrase,2
7.546237,-0.35528898,Phrase,2
6.4060483,-1.8995032,Phrase,0
7.161072,0.26692492,Phrase,1
7.5978646,-1.8096212,Phrase,0
7.8149433,-1.0159043,Phrase,1
4.9242644,0.31985393,Phrase,0
7.9282346,-0.9023698,Phrase,1
6.617095,0.35502708,Phrase,1
9.871016,-2.9764988,Phrase,2
6.81894,1.3101602,Phrase,1
9.875508,-2.219166,Phrase,2
7.4399557,-0.8187395,Phrase,1
7.369596,1.5038307,Phrase,1
9.036381,-2.3227692,Phrase,0
8.70387,-2.6179578,Phrase,2
6.934205,-1.3647697,Phrase,0
6.045732,-0.6116934,Phrase,1
10.778545,-2.2913985,Phrase,2
7.4040704,-0.9076376,Phrase,2
10.260615,0.1961544,Phrase,0
6.4493537,0.84214985,Phrase,1
8.692551,-2.3622277,Phrase,2
7.937379,-0.7479467,Phrase,0
11.04552,-5.063495,Phrase,1
6.260758,-1.481155,Phrase,2
8.868479,0.15094359,Phrase,0
7.2093887,-0.6363803,Phrase,2
7.775606,-0.75631106,Phrase,2
5.6381564,1.2430749,Phrase,1
8.38547,0.59199363,Phrase,1
5.7136025,0.037042942,Phrase,1
8.637613,-0.34054124,Phrase,0
8.441775,-1.016057,Phrase,2
7.485367,-0.75182396,Phrase,1
6.3832235,-1.5940815,Phrase,0
7.56988,-0.60626835,Phrase,0
7.7978745,-2.3216004,Phrase,2
10.559821,-0.9114831,Phrase,2
9.071553,-1.4266281,Phrase,2
7.0944695,-0.9471356,Phrase,2
7.497186,-0.90792006,Phrase,2
8.4537115,-1.660148,Phrase,2
7.8940363,-0.9993203,Phrase,2
7.6466556,-2.0842643,Phrase,2
9.637166,-3.0685194,Phrase,2
5.1987815,-0.54979223,Phrase,2
9.551759,-5.1427884,Phrase,0
6.108041,-0.010843578,Phrase,1
9.081639,-1.300144,Phrase,2
8.986292,-1.3390172,Phrase,2
6.7840886,-1.2181491,Phrase,0
7.984045,-1.3002272,Phrase,2
8.599779,-2.338139,Phrase,2
7.2808194,0.5556922,Phrase,2
8.28929,-1.9574776,Phrase,0
-5.85696,2.5711892,Phrase,1
3.0072763,3.1546144,Phrase,0
5.6813664,-0.55475175,Phrase,0
11.176941,-1.7383472,Phrase,1
10.293308,-1.6087307,Phrase,2
6.1682086,-1.3050518,Phrase,2
7.023296,1.1637784,Phrase,1
7.8746014,-0.7552513,Phrase,1
7.519896,-0.91148543,Phrase,2
10.447565,-4.3037157,Phrase,0
3.8607478,-0.81964976,Phrase,0
6.4530535,-1.6688123,Phrase,1
6.6177087,0.2825439,Phrase,1
6.8937078,-0.737443,Phrase,1
10.025298,-1.7500836,Phrase,2
6.930531,-1.2789062,Phrase,2
9.376322,-2.982523,Phrase,2
11.092797,-1.8087395,Phrase,2
4.7552714,-0.8589363,Phrase,0
6.7872148,-0.95058924,Phrase,1
6.3004684,-1.0190536,Phrase,1
9.862975,-3.0354419,Phrase,2
10.720333,-1.5736494,Phrase,2
7.525186,-0.8678157,Phrase,2
10.932782,-1.877426,Phrase,2
4.6192236,-1.1492305,Phrase,0
7.404069,-1.4629081,Phrase,0
10.767584,-1.9382406,Phrase,2
8.7948675,-0.37011483,Phrase,0
6.79658,-1.5924951,Phrase,2
9.343053,-3.001887,Phrase,2
7.378117,-0.57013834,Phrase,2
8.397052,0.55043745,Phrase,2
9.080094,-0.3797533,Phrase,2
7.3142743,-1.5154607,Phrase,2
10.14355,-4.3021255,Phrase,0
7.899826,0.18289924,Phrase,1
9.254148,-2.3545732,Phrase,2
6.396039,-1.4120435,Phrase,0
8.116411,-1.7006955,Phrase,2
10.675798,-1.6172116,Phrase,2
8.086801,-2.7556796,Phrase,0
8.310384,-0.32942516,Phrase,1
7.305585,-2.4338171,Phrase,1
7.2811117,-1.2583014,Phrase,2
5.902629,-0.93121654,Phrase,1
7.737698,-1.3138547,Phrase,2
7.635636,-0.20877963,Phrase,1
11.314791,-5.2306447,Phrase,1
6.531803,0.20498109,Phrase,1
6.892672,-2.0516708,Phrase,2
10.52114,-4.306803,Phrase,0
10.747558,-1.9672399,Phrase,2
9.411814,-0.74247247,Phrase,2
10.349744,-3.8866382,Phrase,0
9.007521,-1.1673534,Phrase,2
7.2311797,-2.4269366,Phrase,2
8.643361,-1.9418314,Phrase,2
11.492931,-5.1109667,Phrase,1
9.469528,-1.7632245,Phrase,2
7.5147133,-0.6273574,Phrase,1
5.9185634,-1.4978,Phrase,2
10.374566,-1.7101606,Phrase,2
10.071688,0.38663915,Phrase,1
7.629536,-2.279059,Phrase,0
5.6112013,0.42395386,Phrase,1
6.318929,-0.9967208,Phrase,0
10.042706,-0.9277317,Phrase,2
9.039401,-1.8420266,Phrase,2
10.656489,-1.2601334,Phrase,2
9.199293,-1.2834084,Phrase,2
9.043648,-0.6745535,Phrase,2
8.621656,-1.907782,Phrase,2
5.051495,0.8280524,Phrase,1
9.985492,-3.1866322,Phrase,1
7.473597,0.17127177,Phrase,1
9.628522,-3.544254,Phrase,0
5.8921237,-1.5971767,Phrase,2
8.268079,1.0156287,Phrase,0
7.425716,1.4779992,Phrase,1
9.4952135,-3.7228756,Phrase,0
8.802159,-1.2418473,Phrase,2
8.856661,-2.0740674,Phrase,2
7.1216874,-0.856872,Phrase,2
7.5548196,-2.0553763,Phrase,2
6.5980434,0.14607312,Phrase,1
8.389829,0.17787947,Phrase,2
10.764304,-1.8705083,Phrase,2
8.117759,-2.014389,Phrase,0
9.628893,-4.5049214,Phrase,0
8.96944,-1.3785877,Phrase,0
7.9022436,-1.1741141,Phrase,2
5.6990232,0.0047342554,Phrase,1
6.7997637,1.3327448,Phrase,1
5.9945884,0.021411065,Phrase,1
8.890151,-1.9511558,Phrase,2
5.143358,-0.6166377,Phrase,0
6.8059087,0.36639032,Phrase,1
8.719823,-0.0992748,Phrase,2
8.136989,-1.554036,Phrase,0
5.446806,-0.005157852,Phrase,1
10.224257,-4.1437078,Phrase,2
8.468231,-2.4695628,Phrase,0
8.1021185,0.14765427,Phrase,1
9.690522,-0.23949146,Phrase,0
8.064362,-1.7413785,Phrase,2
7.4143524,-1.7565918,Phrase,2
9.802611,-1.7483379,Phrase,2
7.2946377,-2.4992597,Phrase,2
11.400694,-4.9641275,Phrase,1
10.011064,-4.9186378,Phrase,0
9.758241,-0.272674,Phrase,1
10.174825,-1.7193683,Phrase,2
7.3707,1.4215995,Phrase,1
6.151874,-1.4988444,Phrase,1
8.263809,0.058208667,Phrase,1
7.419095,-2.3824594,Phrase,0
9.602627,-3.0912843,Phrase,0
6.077542,-0.52652985,Phrase,0
11.042761,-2.1636007,Phrase,2
5.965101,0.6528272,Phrase,1
7.626492,-0.7418739,Phrase,0
7.283548,-1.0023711,Phrase,2
5.102545,-1.7878964,Phrase,0
7.962425,-0.3264776,Phrase,0
8.743067,-2.6098173,Phrase,0
8.511736,0.14439096,Phrase,1
5.720468,1.2831451,Phrase,1
9.728824,-3.3834996,Phrase,0
5.113932,0.1749734,Phrase,0
7.475239,-1.4856181,Phrase,1
7.770937,-0.78884625,Phrase,2
6.56634,-2.1877017,Phrase,2
7.5439925,-1.112544,Phrase,0
10.9542885,-1.9127462,Phrase,0
7.7372317,-0.9558661,Phrase,2
11.513329,-5.079441,Phrase,1
5.7831216,-1.9935477,Phrase,2
6.9927716,-0.21195471,Phrase,1
7.6752524,-2.090523,Phrase,0
6.9395156,-0.08954583,Phrase,1
6.311582,-1.2533703,Phrase,1
11.719477,-4.4807467,Phrase,1
9.307496,-2.2943342,Phrase,2
7.5269237,-2.1826556,Phrase,2
5.676695,1.3386213,Phrase,1
6.237316,-1.6497068,Phrase,2
3.6310585,-1.7261661,Phrase,1
7.094102,-1.6358224,Phrase,2
9.7946205,-2.1252534,Phrase,2
8.992678,-1.805908,Phrase,2
5.650028,1.3603071,Phrase,1
8.820728,-1.2469844,Phrase,0
6.1275067,-0.58336145,Phrase,0
7.900906,-0.7037913,Phrase,2
7.769456,-2.3630462,Phrase,2
9.761155,-2.992655,Phrase,0
7.3281326,1.3602033,Phrase,0
9.721742,-3.3178527,Phrase,0
8.933489,-1.699227,Phrase,2
9.445614,-5.8845043,Phrase,0
9.521449,-3.1668046,Phrase,2
9.0135145,-2.0978324,Phrase,0
9.352638,-0.58614045,Phrase,1
10.133261,-4.505935,Phrase,0
8.917292,-3.292155,Phrase,2
10.209302,-3.0267723,Phrase,0
6.07558,-1.4997442,Phrase,0
7.186165,-0.9057511,Phrase,2
6.246482,-1.6272124,Phrase,2
7.728804,-0.7045273,Phrase,2
4.125733,-1.4462912,Phrase,0
9.899462,0.29873747,Phrase,1
7.3097153,1.706195,Phrase,1
9.121662,-1.5746295,Phrase,2
5.9970117,-1.6475836,Phrase,2
8.870974,-2.8536894,Phrase,0
6.8148685,8.006656,Phrase,1
11.654131,-3.657263,Phrase,2
9.123626,-4.7963276,Phrase,0
6.246392,-0.8683247,Phrase,0
6.5702987,0.22660674,Phrase,1
7.2669525,-2.660716,Phrase,0
-5.8584595,2.572014,Phrase,1
10.807523,-1.8031647,Phrase,2
7.74988,-1.2379621,Phrase,2
7.815561,-0.9215963,Phrase,2
10.238325,-3.1357236,Phrase,0
9.678992,-4.833169,Phrase,0
7.8897853,-0.2942086,Phrase,1
7.828358,0.08172548,Phrase,2
6.2725673,-2.794549,Phrase,0
6.8438764,-1.6546971,Phrase,2
5.961206,-0.6442429,Phrase,0
7.297458,-1.8229815,Phrase,2
10.541735,-1.6123587,Phrase,2
10.49448,-1.6700993,Phrase,2
6.4226174,-1.1478864,Phrase,1
7.305244,-1.5405006,Phrase,0
6.468814,-2.13817,Phrase,2
7.3075495,-1.3823009,Phrase,2
6.433174,0.86933386,Phrase,1
7.7118564,-0.8344126,Phrase,2
5.956999,-1.7703803,Phrase,0
7.8447967,-0.29072464,Phrase,1
10.2869,-2.7062647,Phrase,2
11.036604,-5.1388,Phrase,1
8.755151,-1.5610889,Phrase,2
6.528557,-1.6943702,Phrase,2
14.630638,-5.0379276,Phrase,1
7.787885,-1.0171866,Phrase,2
10.036882,-1.9197865,Phrase,2
8.853847,-2.3057551,Phrase,0
6.491167,0.076289944,Phrase,1
11.747493,-3.79818,Phrase,1
9.058425,-1.9290876,Phrase,2
7.949723,-2.5842493,Phrase,0
6.2359004,-1.706416,Phrase,2
8.4033575,-0.6138476,Phrase,0
6.294139,-1.8581595,Phrase,2
5.7947607,-1.9526259,Phrase,2
5.6963925,-2.6126087,Phrase,0
11.025555,-3.381248,Phrase,1
6.13245,0.0011027993,Phrase,1
9.3699665,-0.1523505,Phrase,2
9.64944,-0.8815216,Phrase,2
7.2219925,0.2672392,Phrase,1
8.762486,-1.2489059,Phrase,1
10.956929,-1.8410051,Phrase,2
5.69052,-1.1047047,Phrase,0
8.353765,-1.9197692,Phrase,2
7.7081666,-1.723381,Phrase,0
6.8496766,-2.0635214,Phrase,2
8.866645,-1.1658709,Phrase,2
11.730926,-4.8967037,Phrase,1
5.63721,1.3685101,Phrase,1
5.7342057,1.2118284,Phrase,1
9.680923,-4.518988,Phrase,0
7.606608,-0.8635351,Phrase,1
6.1812673,-0.05951261,Phrase,1
2.616307,-1.26241,Phrase,0
8.418842,-0.3434517,Phrase,2
7.795202,-0.24295294,Phrase,1
9.019977,-2.226375,Phrase,2
11.0932045,-2.6278796,Phrase,1
7.46323,0.018252715,Phrase,1
6.5417604,-2.0395372,Phrase,1
8.6106615,-1.9811444,Phrase,2
9.770913,-2.593378,Phrase,2
7.7381563,-2.1249282,Phrase,0
5.756492,1.0848929,Phrase,1
8.596308,-0.7049156,Phrase,0
7.126687,-1.7889283,Phrase,2
6.537172,-1.6115253,Phrase,1
7.670447,-2.2994614,Phrase,0
9.6180725,-1.9286972,Phrase,2
6.631167,-2.67388,Phrase,2
6.6021743,-1.7919794,Phrase,2
10.008019,-3.0394697,Phrase,1
6.161148,-1.6528896,Phrase,2
11.146543,-1.9081229,Phrase,2
7.788489,-1.2615719,Phrase,0
7.599017,0.13490985,Phrase,1
8.792077,-1.5542899,Phrase,2
8.131946,-0.4269531,Phrase,1
6.0895295,-0.2619536,Phrase,1
10.109109,-1.7931774,Phrase,2
9.681964,-0.21986622,Phrase,0
5.6326785,0.9691435,Phrase,1
7.679412,-0.025589911,Phrase,2
8.905599,-2.1963449,Phrase,2
5.5469065,0.26316622,Phrase,1
8.855743,0.19720028,Phrase,1
10.327057,-4.7322145,Phrase,0
11.007747,-1.8274981,Phrase,2
8.754225,-3.9536228,Phrase,0
6.7216144,-0.62065834,Phrase,1
8.910793,-0.49355045,Phrase,1
7.411173,-1.2554948,Phrase,1
7.7960734,-0.65627015,Phrase,1
9.89431,-0.3614455,Phrase,1
7.886894,-0.7178271,Phrase,2
6.202912,-2.1604042,Phrase,1
8.219104,-2.4291391,Phrase,2
7.1225615,-1.3913114,Phrase,2
9.527566,-2.4687388,Phrase,2
5.6152983,-1.8455133,Phrase,1
8.045257,-1.2048213,Phrase,2
7.0014424,-0.70920914,Phrase,0
5.1035695,-0.4673129,Phrase,0
6.675052,-1.44636,Phrase,2
8.86714,-0.14308201,Phrase,2
8.905896,0.14273931,Phrase,1
10.310154,-2.329641,Phrase,2
7.973152,-0.76655734,Phrase,0
6.404216,-0.32875624,Phrase,1
9.091559,-1.4404882,Phrase,2
7.7597504,-0.80876625,Phrase,2
10.902315,-2.0796897,Phrase,2
4.299664,-2.519128,Phrase,1
9.46556,-1.3108081,Phrase,2
6.9884896,-0.084550336,Phrase,1
10.742134,-1.4469708,Phrase,2
5.7860065,-1.9272598,Phrase,0
5.8696585,0.050910704,Phrase,1
7.2688317,-2.189532,Phrase,0
8.346083,0.20945777,Phrase,1
10.668947,-2.3028986,Phrase,0
10.427845,-3.3408425,Phrase,1
10.689318,-1.062615,Phrase,2
7.9275746,-1.28384,Phrase,0
9.092505,-1.6169502,Phrase,2
7.2567997,-0.5167813,Phrase,2
6.6602,-1.2356354,Phrase,0
7.823622,-0.84022284,Phrase,2
4.011605,-1.8591459,Phrase,1
4.7104754,-1.2238556,Phrase,0
10.049323,-1.460141,Phrase,0
11.45153,-3.4387963,Phrase,1
4.250488,-1.1386852,Phrase,2
6.231339,0.3232224,Phrase,1
6.2324266,0.2234689,Phrase,1
6.81234,1.326057,Phrase,1
7.596218,-1.8214171,Phrase,2
5.645111,-2.0650647,Phrase,1
9.995378,-5.861398,Phrase,0
6.9086475,1.427269,Phrase,1
8.8905325,-1.8445058,Phrase,2
10.076704,-2.239866,Phrase,2
4.116407,-1.3364769,Phrase,0
9.366906,-2.8340697,Phrase,2
7.7983437,-1.134721,Phrase,0
4.6316743,-1.2070092,Phrase,0
9.903068,0.39648455,Phrase,1
6.437866,-1.0238204,Phrase,1
9.631576,-4.141843,Phrase,0
9.036588,-2.930843,Phrase,0
6.74501,-0.21066564,Phrase,0
5.9870243,0.19185992,Phrase,1
4.8952374,-0.6913202,Phrase,0
8.170256,2.0843568,Phrase,0
10.984253,-3.346832,Phrase,1
7.227478,-1.84021,Phrase,0
9.765115,-1.5396729,Phrase,2
8.912904,-1.1269367,Phrase,2
6.128106,-1.0484473,Phrase,0
6.4467835,-0.64084345,Phrase,1
9.50932,-4.9045777,Phrase,0
7.591285,-1.3228568,Phrase,0
10.052943,-4.468924,Phrase,0
10.911865,-3.3552566,Phrase,0
11.028813,-1.9507167,Phrase,2
7.505931,-1.8297412,Phrase,2
8.134742,-2.1609156,Phrase,2
9.864811,-3.232793,Phrase,0
8.809222,-4.688134,Phrase,0
8.943848,0.24330862,Phrase,0
7.05784,-1.727133,Phrase,1
7.2455716,-1.5376991,Phrase,2
10.889967,-1.7254491,Phrase,2
11.57803,-4.1338162,Phrase,0
7.6706505,-1.6542925,Phrase,2
10.477511,-4.617946,Phrase,0
8.896231,0.11452749,Phrase,0
8.846664,-2.446336,Phrase,0
7.88527,-0.3647171,Phrase,1
10.773161,-2.149124,Phrase,2
5.582032,-2.2138643,Phrase,1
6.0277233,0.3517781,Phrase,1
6.1682544,-0.27049276,Phrase,1
10.520519,-2.4184282,Phrase,2
7.660368,-2.7930074,Phrase,0
11.460967,-3.5536294,Phrase,1
9.439002,-5.353534,Phrase,0
4.3322887,-2.5068574,Phrase,1
6.205085,-1.4720386,Phrase,1
6.6695366,-1.3260566,Phrase,1
-5.857081,2.5709836,Phrase,1
10.612826,-1.7909343,Phrase,2
7.2999606,-0.7866103,Phrase,2
8.87566,-1.9757892,Phrase,2
6.1879606,-1.0185398,Phrase,1
6.6601973,-2.0338755,Phrase,0
10.510454,-0.8996556,Phrase,2
6.6836042,-1.0788949,Phrase,2
8.325979,-0.6863921,Phrase,0
8.450105,-0.27326432,Phrase,2
9.461231,-3.4094253,Phrase,0
6.016875,-0.11469605,Phrase,2
10.601233,-1.072541,Phrase,1
6.066182,-1.6117755,Phrase,2
5.9560513,0.71961087,Phrase,1
10.285248,-1.2653159,Phrase,2
9.867858,-1.5359424,Phrase,0
9.16439,-4.7520866,Phrase,0
5.782366,-2.3993514,Phrase,1
7.119933,-1.4776766,Phrase,2
7.316004,-1.8550864,Phrase,2
10.112737,-3.1136827,Phrase,1
8.510772,-2.6005886,Phrase,2
9.991695,-3.1179802,Phrase,1
8.105403,-2.5784893,Phrase,2
6.624178,-0.9376387,Phrase,0
6.0139,0.12651703,Phrase,1
9.63751,-2.979564,Phrase,2
4.370687,-1.1975567,Phrase,0
9.059815,-2.1239698,Phrase,2
7.284583,-0.39308593,Phrase,1
10.259131,0.34672868,Phrase,1
10.4303,-1.6143074,Phrase,2
7.5744267,-0.67147976,Phrase,2
8.412269,0.60532063,Phrase,0
6.4882345,-0.64894915,Phrase,1
7.733679,-0.9386451,Phrase,2
10.742524,-1.5151026,Phrase,1
6.5491147,-1.5153409,Phrase,1
8.597255,-5.56819,Phrase,0
10.245842,0.06296072,Phrase,2
8.484062,-0.26459485,Phrase,1
7.3098035,1.6621133,Phrase,1
7.636912,-1.0888137,Phrase,2
8.00098,0.73602843,Phrase,1
6.729822,-0.6184595,Phrase,2
11.46279,-4.188641,Phrase,1
8.421236,0.56816375,Phrase,0
10.5840435,-1.5007594,Phrase,2
10.473573,-2.1359863,Phrase,2
11.114123,-1.876833,Phrase,2
4.925294,0.33511558,Phrase,1
7.187884,-1.2616322,Phrase,2
7.3126316,-2.007176,Phrase,0
9.200056,-0.7548858,Phrase,2
6.3191404,-1.665558,Phrase,0
6.7113724,-0.9817229,Phrase,1
6.8933434,1.4538109,Phrase,2
10.273981,0.19690867,Phrase,1
10.228019,-4.335855,Phrase,0
8.46339,-2.4090505,Phrase,0
8.726181,-2.3906095,Phrase,0
9.076115,-0.34573737,Phrase,0
7.049242,-0.28401747,Phrase,1
6.54082,-0.6959611,Phrase,1
7.1537924,0.024855254,Phrase,1
7.7357717,-1.9431417,Phrase,2
6.6564474,0.23821618,Phrase,1
10.534831,-1.667299,Phrase,2
4.6764126,0.8171131,Phrase,1
6.969271,-0.5979839,Phrase,2
9.11404,-2.4284174,Phrase,2
8.858862,0.12673387,Phrase,0
8.226464,-0.85415494,Phrase,0
7.953645,-2.0166264,Phrase,1
8.563168,-1.2576699,Phrase,2
10.093599,-4.494515,Phrase,0
9.206939,-4.0300117,Phrase,0
9.401371,-0.6915406,Phrase,0
8.509347,-1.7239257,Phrase,2
7.446106,-2.175122,Phrase,0
7.1199803,-0.9984356,Phrase,2
11.4980955,-3.4898708,Phrase,1
6.388344,-1.4896398,Phrase,2
8.819525,-2.0473921,Phrase,2
10.559661,-1.7321755,Phrase,2
3.8881354,-0.8748671,Phrase,0
9.164479,-0.3168292,Phrase,1
8.105167,-1.8963977,Phrase,2
11.444834,-5.1420164,Phrase,1
7.2146554,0.88517267,Phrase,1
8.091403,-2.3163307,Phrase,0
5.6599236,-1.4585896,Phrase,0
7.1783004,-2.4002507,Phrase,0
7.9390564,-1.8707981,Phrase,0
9.338821,-3.3024707,Phrase,0
6.031939,-1.575677,Phrase,2
8.555762,-0.52268875,Phrase,0
10.992803,-4.813869,Phrase,0
8.701191,-4.282954,Phrase,0
7.61942,-2.0705934,Phrase,0
7.8095403,-0.04670014,Phrase,1
9.162709,-1.8754159,Phrase,2
7.3799977,-0.9615384,Phrase,2
5.2764826,0.009953669,Phrase,1
9.194327,-2.347744,Phrase,2
10.494437,-1.4936708,Phrase,2
8.873611,0.12958786,Phrase,0
8.689337,0.29455268,Phrase,0
-5.8645267,2.5730927,Phrase,1
7.5955677,-1.4146603,Phrase,2
10.222567,-4.2088475,Phrase,0
6.0684905,-1.6137247,Phrase,2
5.9095116,-1.0624294,Phrase,2
7.850719,-0.15788771,Phrase,1
6.3549867,-1.864573,Phrase,2
5.9503403,-1.5522912,Phrase,1
6.7952924,0.7206127,Phrase,1
7.5333714,1.4017897,Phrase,1
8.833483,0.12606046,Phrase,0
5.8573394,0.34915397,Phrase,1
6.1665525,-1.5946102,Phrase,2
11.150399,-1.83101,Phrase,1
6.338345,-2.3938236,Phrase,2
6.9048586,-0.7526528,Phrase,2
7.2791734,-2.0708597,Phrase,2
5.959989,-0.7155554,Phrase,1
7.8261766,-2.3815973,Phrase,0
5.6524787,1.3586403,Phrase,1
5.3216558,-0.22493292,Phrase,0
6.015956,-1.6177009,Phrase,2
9.254468,-4.725527,Phrase,0
7.697132,-0.634488,Phrase,2
10.062695,-4.350601,Phrase,0
3.972072,-1.8669275,Phrase,0
7.7018833,-0.79342604,Phrase,2
9.195446,-0.4953995,Phrase,2
5.4182224,-1.3223164,Phrase,0
10.704822,-1.7509544,Phrase,2
6.538137,-1.6410455,Phrase,0
7.983141,-0.3849675,Phrase,0
10.033895,-1.5442542,Phrase,2
9.854219,-3.772608,Phrase,0
10.101548,-2.0718033,Phrase,2
7.8782444,-0.67282706,Phrase,2
4.61243,-1.3495007,Phrase,0
7.3010693,-0.7166909,Phrase,2
8.844696,-2.1739318,Phrase,2
10.530388,-1.8023016,Phrase,2
6.432864,-1.9544725,Phrase,2
6.745931,0.90619725,Phrase,1
4.364978,-1.3494991,Phrase,0
8.776808,-0.8264203,Phrase,2
8.431726,-2.4811466,Phrase,0
10.190514,-1.892315,Phrase,2
6.43042,-0.26950216,Phrase,1
5.5803585,-0.33982635,Phrase,1
9.09918,-3.710632,Phrase,0
7.5363665,0.30392855,Phrase,0
7.0933337,-1.5864233,Phrase,2
9.411067,-3.8032715,Phrase,1
7.045531,-1.158756,Phrase,2
6.9801397,-2.0902166,Phrase,2
6.0287967,-0.3779219,Phrase,1
8.477215,-0.26567307,Phrase,0
10.254442,-1.8876129,Phrase,2
7.9416804,0.3823758,Phrase,1
7.3277326,-1.0949315,Phrase,2
10.567654,-4.1502557,Phrase,0
9.689178,-3.54139,Phrase,0
8.502533,-0.7187731,Phrase,2
9.852086,-1.4797822,Phrase,2
7.374367,-0.75104845,Phrase,0
5.85532,0.5677428,Phrase,1
9.605893,-0.7726876,Phrase,2
5.9145765,-0.70018077,Phrase,1
6.576313,-1.4054269,Phrase,0
7.998158,0.40673006,Phrase,1
7.3481684,-0.6858429,Phrase,1
7.310205,1.8459171,Phrase,1
10.508207,-1.7619218,Phrase,2
6.1588264,-0.35080427,Phrase,1
8.138513,-0.21981844,Phrase,2
9.574067,-1.9268363,Phrase,0
9.693813,-5.7731175,Phrase,0
5.8335457,0.68539184,Phrase,1
7.661518,-0.52964926,Phrase,2
10.054895,-4.778894,Phrase,0
7.1594434,3.3511825,Phrase,1
7.6831055,-0.79449344,Phrase,2
11.58528,-3.4079652,Phrase,1
10.774931,-1.8587382,Phrase,2
6.950791,-1.0557499,Phrase,2
7.8025594,-1.2634479,Phrase,2
9.611738,-4.6594667,Phrase,0
10.477961,-1.7673212,Phrase,2
5.8090725,0.8516244,Phrase,0
10.450092,-1.2307094,Phrase,1
8.836434,-2.5907843,Phrase,2
6.5544577,-1.7650489,Phrase,0
9.308645,-2.2494652,Phrase,0
9.217969,-2.0933557,Phrase,0
6.336226,0.65687895,Phrase,1
5.229487,-0.39978966,Phrase,1
10.923852,-2.176606,Phrase,2
9.772093,-0.45236135,Phrase,2
7.500412,-1.4239498,Phrase,2
9.223681,-0.46432397,Phrase,0
5.6289268,1.3788302,Phrase,1
6.692188,-2.1363914,Phrase,1
10.320054,-1.6225067,Phrase,2
11.91732,-4.490805,Phrase,0
10.005882,-2.5398374,Phrase,2
10.818045,-1.325332,Phrase,1
7.9939475,-0.07037508,Phrase,2
9.711089,-0.6822679,Phrase,2
7.8277407,-1.019737,Phrase,2
6.4041033,-0.35116497,Phrase,1
10.346599,-4.5957575,Phrase,0
5.3271155,-3.6775374,Phrase,0
6.4759064,-1.29089,Phrase,2
9.698926,-3.2804008,Phrase,1
8.463268,-1.4376082,Phrase,2
7.7354245,-0.590248,Phrase,0
4.855091,-1.6520488,Phrase,2
6.254781,-0.24430363,Phrase,1
9.282872,4.1669,Phrase,1
7.358226,-0.39239916,Phrase,2
9.632502,-4.9275565,Phrase,0
8.289617,-2.0661647,Phrase,2
8.01161,-0.9535456,Phrase,2
7.699762,-2.2970445,Phrase,0
6.6194673,-0.13492431,Phrase,1
7.486194,-0.41092956,Phrase,0
10.349442,-0.558513,Phrase,2
6.740127,-2.1863837,Phrase,2
7.2340975,1.0484372,Phrase,0
9.419894,-1.4907205,Phrase,2
6.1934886,0.5821894,Phrase,1
7.0025516,-1.7884552,Phrase,0
10.897168,-1.8808508,Phrase,2
10.475995,-2.1790655,Phrase,2
8.695244,-1.4423913,Phrase,2
6.72086,-0.06572156,Phrase,1
9.956434,-1.7038615,Phrase,2
10.952485,-1.9047216,Phrase,2
5.6428137,-1.2947947,Phrase,2
5.5859094,0.8044752,Phrase,1
10.040506,-3.934186,Phrase,0
9.560852,-3.2190704,Phrase,1
8.108032,-0.58651555,Phrase,2
8.340987,-1.5389159,Phrase,2
6.0663853,-1.6271265,Phrase,0
8.878412,-1.4263005,Phrase,2
6.083382,-0.51358384,Phrase,0
4.2552447,-1.7930564,Phrase,0
7.1088066,-1.4936721,Phrase,2
3.7725768,-0.81962353,Phrase,1
6.1562886,-1.3918802,Phrase,2
10.583855,-2.093168,Phrase,2
4.3387785,-2.4997687,Phrase,1
7.197057,-0.7748615,Phrase,0
7.4287753,-3.1338277,Phrase,0
8.597847,-2.5363374,Phrase,0
5.706938,0.75830036,Phrase,0
7.3460116,-0.023389995,Phrase,2
5.6750655,-1.9981849,Phrase,0
9.482886,-2.0454278,Phrase,2
8.270783,-0.17687725,Phrase,1
11.068478,-1.9129366,Phrase,2
8.474919,-1.7528473,Phrase,0
9.0742035,-5.4578257,Phrase,0
6.442001,-3.376598,Phrase,2
10.682465,-1.717433,Phrase,2
6.0160303,-1.266176,Phrase,1
5.6818895,1.3318614,Phrase,1
7.185925,-0.3725563,Phrase,1
6.681601,0.46654323,Phrase,1
6.622774,-0.6365003,Phrase,2
4.729676,0.76362133,Phrase,1
7.584287,-0.3043964,Phrase,0
8.262676,1.1049318,Phrase,1
7.1058817,-0.95329136,Phrase,2
9.542391,-1.8320101,Phrase,2
10.47724,-2.2316208,Phrase,2
10.010896,-0.88946235,Phrase,2
7.3837347,1.5766087,Phrase,1
10.843169,-2.2721908,Phrase,2
9.894007,-1.2801813,Phrase,2
10.9664135,-1.7706634,Phrase,2
5.563268,-0.6233054,Phrase,0
10.271271,-4.623163,Phrase,0
8.069833,-0.0360127,Phrase,1
5.9209476,-0.1004607,Phrase,1
10.700699,-1.3977908,Phrase,2
11.500589,-4.7479353,Phrase,1
6.9006767,-1.4003111,Phrase,2
8.224238,1.10371,Phrase,0
10.782211,-2.3680484,Phrase,2
7.727612,-1.6736066,Phrase,0
8.673539,-1.1356148,Phrase,0
7.182221,-1.1948037,Phrase,2
7.3584156,-1.1921631,Phrase,1
7.718105,-0.90143996,Phrase,2
5.7188735,-1.8703339,Phrase,1
8.150408,-0.961656,Phrase,2
8.901277,-1.3028779,Phrase,2
7.780977,-1.3262281,Phrase,2
9.594028,-3.56199,Phrase,0
7.2140837,0.1914018,Phrase,2
6.24292,-1.7836746,Phrase,1
9.635511,-4.480777,Phrase,0
10.862585,-1.5899789,Phrase,2
7.79761,-2.3599565,Phrase,1
8.079326,-1.2852374,Phrase,0
5.6002355,1.4789283,Phrase,1
7.134803,-1.2850404,Phrase,2
5.2820826,-3.6157353,Phrase,1
4.30924,-1.1826395,Phrase,0
6.9789104,-1.2795457,Phrase,1
9.816722,-1.5849154,Phrase,2
8.508224,-1.4069893,Phrase,0
5.6603074,-2.4461727,Phrase,2
4.3550906,-0.7807765,Phrase,1
9.963473,-1.5863032,Phrase,2
11.906566,-3.8696492,Phrase,1
9.054562,-2.2296886,Phrase,2
8.169052,-1.1038308,Phrase,1
4.319253,-1.1993165,Phrase,0
8.979911,-0.89848983,Phrase,2
8.64529,-0.37539378,Phrase,0
10.239544,-1.9272257,Phrase,2
8.465616,-2.3999872,Phrase,2
4.0345564,-1.1420726,Phrase,1
10.308415,-1.830682,Phrase,2
2.7405443,-1.2088983,Phrase,1
5.712061,-1.7073319,Phrase,0
7.3528757,1.8334837,Phrase,1
9.04245,-1.850991,Phrase,2
7.022204,-0.6207777,Phrase,2
7.0261116,-1.2643902,Phrase,0
6.845223,1.2260984,Phrase,1
6.652702,-0.35032657,Phrase,1
8.120684,-2.6424804,Phrase,0
9.003526,-2.5689974,Phrase,0
7.0581293,-1.160362,Phrase,2
9.241738,0.0738452,Phrase,1
9.707005,-0.25809926,Phrase,0
6.2654557,-1.9136434,Phrase,2
5.2631392,0.6257316,Phrase,1
5.923817,-1.50727,Phrase,2
3.7083335,-0.81266546,Phrase,1
9.465759,-1.6820929,Phrase,2
10.435213,-3.6688006,Phrase,0
5.9229307,-1.4813231,Phrase,1
14.38178,-4.9004936,Phrase,0
8.309985,0.057170276,Phrase,1
7.179273,0.45519865,Phrase,1
9.287053,-2.5813704,Phrase,0
6.379928,-2.2924173,Phrase,0
9.082953,-0.7420008,Phrase,2
6.41724,0.8626037,Phrase,1
8.892241,0.3318626,Phrase,0
8.325173,-1.8208084,Phrase,1
7.9496465,-1.8201554,Phrase,2
10.382862,-1.415175,Phrase,2
8.714939,-1.8010597,Phrase,2
9.127639,-2.1643827,Phrase,2
7.1288004,-1.0036209,Phrase,2
6.6904573,-0.9723171,Phrase,0
8.183549,-0.98460585,Phrase,1
8.576931,-1.1627535,Phrase,0
8.027051,-1.6336616,Phrase,0
6.1601634,-0.99607825,Phrase,1
-5.8598733,2.5722241,Phrase,1
10.16241,-1.9132007,Phrase,2
9.128172,-2.310986,Phrase,0
5.828268,-0.6910043,Phrase,0
7.994239,-0.4745326,Phrase,0
6.087123,-0.12332395,Phrase,1
8.802903,-1.8158869,Phrase,0
9.148452,-1.5766643,Phrase,2
9.058729,-1.7733375,Phrase,2
5.1497235,-0.631693,Phrase,0
6.7064214,0.5086499,Phrase,1
8.957074,-0.89163375,Phrase,2
5.9675307,-1.0238525,Phrase,0
9.971739,-1.4962416,Phrase,2
11.912602,-4.03174,Phrase,1
8.539221,-1.2986335,Phrase,2
-5.85812,2.5712154,Phrase,1
10.693509,-1.425589,Phrase,2
4.7623053,-0.6978473,Phrase,1
7.0325537,0.56057847,Phrase,1
8.247596,-1.9122175,Phrase,0
7.3508043,-1.4056015,Phrase,0
7.305796,-2.7794485,Phrase,0
7.1294928,0.4556877,Phrase,1
5.280789,-1.2146788,Phrase,0
8.883876,-0.9456309,Phrase,2
8.949223,-0.036787774,Phrase,0
8.255704,-1.1573619,Phrase,2
7.97162,-0.87217826,Phrase,2
4.8259215,-0.7418456,Phrase,0
6.5693893,-1.6730186,Phrase,2
9.649305,-4.1099863,Phrase,0
7.524634,-2.680871,Phrase,0
8.579168,-1.1033221,Phrase,2
8.836498,-5.5771265,Phrase,0
6.843304,1.3281845,Phrase,1
9.269072,-0.6521962,Phrase,2
11.097643,-3.5504715,Phrase,1
10.278075,0.0981012,Phrase,2
9.420011,-4.6668367,Phrase,0
5.432305,0.16643593,Phrase,1
11.865362,-3.6620133,Phrase,1
11.902215,-3.5897207,Phrase,2
6.9568996,-0.5068704,Phrase,1
7.688594,-2.1721773,Phrase,0
7.3353004,-1.2658224,Phrase,2
8.861611,-2.0300481,Phrase,2
9.7666235,-2.7126873,Phrase,0
6.6663456,-1.6248581,Phrase,0
10.174473,-1.6072367,Phrase,2
8.212235,-2.2922926,Phrase,0
4.843809,0.73591435,Phrase,1
9.067129,-1.3287561,Phrase,2
11.594788,-3.2869804,Phrase,1
6.8163943,1.3196267,Phrase,1
7.8502016,-0.66232014,Phrase,2
10.554036,-0.85394424,Phrase,1
9.271572,-0.7488065,Phrase,2
8.157658,-0.7385845,Phrase,0
11.606199,-3.6633263,Phrase,1
6.38908,-1.8530414,Phrase,0
8.182883,-1.8198903,Phrase,0
4.4244266,-2.0317783,Phrase,1
7.7654743,-3.2943335,Phrase,0
6.244333,-2.3842804,Phrase,2
5.678205,-0.7343779,Phrase,1
-5.8920126,2.601724,Phrase,1
8.45752,-1.6224321,Phrase,2
8.036744,-0.70538145,Phrase,2
7.9752474,-1.2660031,Phrase,2
11.110603,-1.6944708,Phrase,1
9.133734,-0.91173315,Phrase,1
8.430517,-1.3792897,Phrase,2
6.012606,0.30368388,Phrase,1
8.632402,-0.5559429,Phrase,2
5.6820893,-1.9801861,Phrase,2
7.9222984,-0.8054381,Phrase,2
10.9619055,-3.3659928,Phrase,1
9.74969,-1.8929803,Phrase,2
7.240893,-1.1183958,Phrase,1
10.193329,-4.2371473,Phrase,0
5.6482744,1.3515667,Phrase,1
6.940321,-0.31999496,Phrase,0
6.7532315,0.72957146,Phrase,1
8.555089,-1.8077737,Phrase,2
8.244419,-0.9030774,Phrase,2
6.0702033,-1.6801034,Phrase,2
6.431656,0.3581446,Phrase,1
7.4045477,-1.1289228,Phrase,0
8.814636,-2.1570854,Phrase,2
9.484696,-2.8202362,Phrase,2
11.498497,-4.792674,Phrase,0
8.229399,-2.1349466,Phrase,2
5.4595957,-1.4299461,Phrase,0
6.199828,-1.2455482,Phrase,1
7.393625,0.24877311,Phrase,1
7.2673216,0.88834697,Phrase,1
6.6445637,-0.1990077,Phrase,2
7.586392,0.34063116,Phrase,0
7.1890135,0.34677103,Phrase,1
7.0465956,-0.122227475,Phrase,0
7.8086853,0.25791037,Phrase,1
10.5591135,-3.7130878,Phrase,0
9.985544,-3.8122168,Phrase,0
7.759257,-2.3104167,Phrase,2
7.862419,0.23598786,Phrase,0
8.728047,-1.3804643,Phrase,2
7.95288,-1.0480139,Phrase,2
8.401004,-2.449906,Phrase,2
8.407841,0.24686301,Phrase,1
5.7682323,-0.8976583,Phrase,1
7.8531127,-0.16465698,Phrase,2
7.9409018,-1.5821393,Phrase,2
10.274411,-3.6329885,Phrase,0
4.1762714,-0.82026035,Phrase,0
9.502192,-2.4653115,Phrase,2
10.227528,-4.5255594,Phrase,0
10.607343,-1.1712914,Phrase,2
8.294239,-1.2814561,Phrase,0
7.780522,0.48730174,Phrase,1
6.135292,-0.73661965,Phrase,1
10.858031,-1.6949242,Phrase,2
7.654571,-0.8363101,Phrase,2
6.67254,-0.4202815,Phrase,1
8.778589,-1.1165316,Phrase,2
10.872068,-1.5643908,Phrase,2
8.635455,-1.4314759,Phrase,2
6.1666393,-1.7014987,Phrase,2
10.553435,-1.6644931,Phrase,2
2.6154358,-1.256985,Phrase,1
6.3952856,-1.2351046,Phrase,2
7.9947715,-0.669424,Phrase,2
5.608188,0.5280415,Phrase,1
5.778928,-1.5426584,Phrase,2
7.1916165,-1.8278171,Phrase,0
10.526894,-1.824481,Phrase,2
8.5536785,-1.2532684,Phrase,0
10.18532,-1.6263274,Phrase,2
9.285365,-4.7353497,Phrase,0
7.9255404,-0.74696445,Phrase,2
9.988695,-1.8030235,Phrase,2
5.681143,-0.29715458,Phrase,1
5.180008,-0.3112779,Phrase,0
5.9966006,-0.4097398,Phrase,1
7.921212,0.09072646,Phrase,2
10.903566,-1.5775204,Phrase,1
7.316451,0.010923075,Phrase,1
9.190832,-1.987241,Phrase,2
7.880271,-0.19470839,Phrase,1
4.7409797,0.7917537,Phrase,1
9.126146,-2.8275294,Phrase,0
8.907278,0.21476907,Phrase,0
7.4503865,-0.710116,Phrase,0
8.819492,0.010319287,Phrase,0
8.3548765,-0.77214545,Phrase,0
9.885949,-1.4275156,Phrase,2
5.9460835,0.49787775,Phrase,1
6.291766,-0.831431,Phrase,0
5.6224723,-1.2098043,Phrase,2
10.326005,-3.7397902,Phrase,0
10.433201,-3.994349,Phrase,0
11.247626,-3.4344146,Phrase,2
4.0778837,-1.1771972,Phrase,0
10.515739,-1.8484831,Phrase,2
5.629287,-1.9568264,Phrase,0
10.430007,-1.7526501,Phrase,2
7.415564,-0.24065523,Phrase,2
9.983331,-2.049311,Phrase,2
6.781705,0.6871904,Phrase,1
10.046567,-1.3493984,Phrase,2
7.035024,-1.5930392,Phrase,0
9.30206,-1.9569327,Phrase,2
8.572905,-2.7883956,Phrase,0
11.090296,-1.9952977,Phrase,2
5.1318464,-1.9726449,Phrase,0
11.004856,-1.7249207,Phrase,1
4.4585276,-1.007168,Phrase,0
8.992194,-4.003214,Phrase,0
9.08029,-5.5788884,Phrase,0
2.6701508,-1.2642035,Phrase,0
10.659556,-0.9458419,Phrase,2
5.426868,-1.3342268,Phrase,1
11.017627,-1.493375,Phrase,2
7.4962726,-1.500056,Phrase,0
6.195556,-0.0076055303,Phrase,1
9.722129,-1.441086,Phrase,2
8.90884,0.18830812,Phrase,0
11.663394,-3.7264562,Phrase,1
7.251431,0.1643825,Phrase,1
6.759319,0.16205154,Phrase,1
11.809533,-3.595536,Phrase,0
7.052715,-3.354617,Phrase,0
9.296264,-1.9478987,Phrase,2
8.264981,3.0970168,Phrase,1
4.505873,-1.9537055,Phrase,1
6.711692,-0.08683008,Phrase,1
6.409914,-0.2129181,Phrase,2
7.8597007,-0.69322664,Phrase,2
8.661054,-0.81539214,Phrase,0
5.7581153,-2.0952618,Phrase,1
8.12776,-0.6585771,Phrase,2
10.475816,-2.2121854,Phrase,2
8.3444,-2.5154243,Phrase,2
10.714101,-2.2597234,Phrase,2
9.275786,4.1543446,Phrase,1
9.239433,-1.5770631,Phrase,2
7.206406,-1.1576718,Phrase,2
6.2198076,-1.6565353,Phrase,2
8.098717,-0.849202,Phrase,0
8.90679,-5.3194413,Phrase,0
9.100089,-1.9829985,Phrase,2
5.566346,-2.089282,Phrase,1
4.961018,0.11293919,Phrase,0
10.426858,-1.1967368,Phrase,2
7.9760633,0.1910077,Phrase,1
8.4004545,-0.35564667,Phrase,2
7.824993,-0.8446547,Phrase,2
10.256205,-1.7410479,Phrase,0
10.23385,-1.3778517,Phrase,2
10.677747,-1.748267,Phrase,2
9.577477,-2.1497517,Phrase,0
10.628551,-3.3485441,Phrase,1
6.372574,-0.035563614,Phrase,1
9.502905,-3.2266772,Phrase,1
11.147048,-3.990237,Phrase,1
10.256348,-4.7190714,Phrase,0
8.936381,-1.9847836,Phrase,2
7.187013,-0.83583176,Phrase,2
4.305317,-1.1317707,Phrase,0
9.192478,-0.308697,Phrase,1
8.0430565,0.30313796,Phrase,0
8.370897,-2.0612965,Phrase,2
9.82852,-3.331242,Phrase,0
5.998927,-1.6282649,Phrase,2
10.643723,-3.4083498,Phrase,1
9.987375,-1.6062877,Phrase,2
5.7741165,-1.449722,Phrase,0
7.4132657,-0.72057897,Phrase,0
10.244922,-1.8249025,Phrase,2
6.9836826,0.64279234,Phrase,1
9.954677,-0.9632715,Phrase,2
8.844155,-2.2509794,Phrase,2
8.270109,-1.5124043,Phrase,0
7.710818,-1.7320743,Phrase,2
9.808634,-3.916832,Phrase,0
6.0712366,-1.6348577,Phrase,0
4.0765405,-1.45024,Phrase,0
6.8757653,-2.282468,Phrase,2
8.200807,0.24217258,Phrase,1
10.395566,-2.6316252,Phrase,2
7.659545,-0.3108539,Phrase,2
8.093048,-2.6551702,Phrase,2
6.4504514,-2.0331259,Phrase,1
8.691187,-1.233261,Phrase,2
5.810147,-0.7925461,Phrase,0
10.827152,-1.8536692,Phrase,2
9.4705305,-1.2528901,Phrase,2
7.6890035,-2.1115332,Phrase,2
9.282599,4.1667166,Phrase,1
7.902784,0.115572184,Phrase,1
10.474258,-1.9214705,Phrase,2
11.170515,-1.8122253,Phrase,2
6.7106485,-1.4888343,Phrase,2
8.315523,0.63594556,Phrase,0
6.6196985,-0.89098966,Phrase,1
6.5902696,-2.3638275,Phrase,2
6.0343423,-0.62911093,Phrase,1
4.927249,-0.9757872,Phrase,2
9.50483,-1.9705417,Phrase,2
11.083817,-1.7247031,Phrase,2
5.702881,1.312738,Phrase,1
5.8512626,-1.5247005,Phrase,2
10.215551,-3.6168826,Phrase,2
10.660797,-4.3269143,Phrase,0
6.3906097,-0.6928056,Phrase,2
7.687253,-1.853756,Phrase,0
9.939342,-4.5974107,Phrase,0
10.005589,-5.476908,Phrase,0
6.8483667,-1.0148526,Phrase,2
7.82507,0.14776914,Phrase,1
7.1912723,0.009779193,Phrase,1
7.497341,0.5411226,Phrase,1
7.0587964,-1.2854413,Phrase,2
11.49551,-4.189772,Phrase,0
9.477302,-1.5423117,Phrase,2
9.089312,0.09749719,Phrase,0
7.7952676,-1.7162158,Phrase,1
-5.8633223,2.575152,Phrase,1
9.960812,-2.2271304,Phrase,2
10.467377,-2.7177231,Phrase,2
9.405952,-5.868278,Phrase,0
9.511709,-5.0468054,Phrase,0
8.624068,-2.4814706,Phrase,2
10.455459,-2.0733788,Phrase,2
6.1503973,-3.3352187,Phrase,1
6.2477474,-1.4034675,Phrase,1
7.9861226,-1.0164472,Phrase,0
9.773862,-0.40169066,Phrase,0
7.7800555,-0.8870483,Phrase,2
7.005342,-2.0731986,Phrase,2
4.661647,-1.3269367,Phrase,2
6.4901667,-0.4863536,Phrase,1
6.7595162,-1.1845883,Phrase,0
7.302347,-1.2463769,Phrase,2
9.655278,-2.8017194,Phrase,0
7.0877986,-2.2127652,Phrase,2
7.8514786,-2.2334678,Phrase,0
5.059132,0.47093725,Phrase,1
7.3693256,-0.5236246,Phrase,2
10.355579,-1.5307202,Phrase,2
5.598678,0.87486285,Phrase,1
7.0555468,-1.1332349,Phrase,0
8.622965,-0.69853044,Phrase,1
3.7744951,-0.78260815,Phrase,1
10.502092,-1.9565121,Phrase,2
8.945499,-1.6445856,Phrase,2
6.3334184,0.2933347,Phrase,1
9.368662,-0.5620697,Phrase,2
7.0561953,-1.2370715,Phrase,1
5.920516,-2.3421593,Phrase,0
8.180055,-2.6974964,Phrase,2
5.6124167,-0.39674976,Phrase,1
8.315151,-1.7453804,Phrase,0
7.7204328,-2.4512885,Phrase,0
7.6605597,-0.6008814,Phrase,1
8.283423,-0.81728107,Phrase,1
5.6673546,1.3542111,Phrase,1
5.2924366,-0.04277817,Phrase,0
6.749632,-0.04039024,Phrase,1
6.0526705,-1.7277559,Phrase,2
10.996238,-4.830843,Phrase,0
7.474579,0.035453252,Phrase,1
10.179396,-4.4045286,Phrase,0
9.835229,-4.9338293,Phrase,0
7.0054097,-0.81944263,Phrase,1
10.715727,-2.1124969,Phrase,2
6.8471045,-1.3233882,Phrase,2
8.430395,0.5360815,Phrase,2
6.665036,-2.7923143,Phrase,0
9.352865,-0.7409787,Phrase,2
7.605064,-1.7137097,Phrase,2
7.988181,-2.5638442,Phrase,0
6.1602616,-2.1936753,Phrase,2
10.020947,-0.96444786,Phrase,2
8.431409,-0.35163197,Phrase,0
5.653343,-2.2869356,Phrase,0
9.508285,-4.0169706,Phrase,0
7.227604,-1.4845743,Phrase,2
8.1324415,-2.2248604,Phrase,0
10.661452,-4.101347,Phrase,0
5.9124503,-0.011774398,Phrase,0
5.989764,-1.6380367,Phrase,2
8.041564,-2.1343675,Phrase,0
10.314772,-3.9505062,Phrase,0
7.396177,-1.6528499,Phrase,2
9.292062,-0.6595257,Phrase,2
9.336886,-2.11349,Phrase,2
6.6731133,-0.5639267,Phrase,1
6.869823,-0.018207489,Phrase,2
5.142175,-1.6498997,Phrase,0
7.799245,-1.0941222,Phrase,0
10.313435,-1.8146709,Phrase,2
6.2688107,-1.0752811,Phrase,1
6.5242314,-0.027081227,Phrase,0
5.375574,-3.6614394,Phrase,2
8.169212,-1.1327007,Phrase,0
6.4787707,-3.2475307,Phrase,2
7.9439473,-0.79381794,Phrase,2
7.6412325,-0.608285,Phrase,1
7.2400584,-2.1959615,Phrase,2
8.338936,-2.494889,Phrase,0
11.891874,-3.1942337,Phrase,1
8.229751,-1.6812592,Phrase,2
6.953137,-1.9957299,Phrase,2
7.5634995,-0.9762665,Phrase,2
8.0020075,-1.4133351,Phrase,1
7.331256,-1.6838123,Phrase,2
8.23718,-1.4754087,Phrase,2
10.095501,-0.49779823,Phrase,2
6.5268097,-0.8815834,Phrase,0
10.371813,-2.0053685,Phrase,2
11.647108,-4.3466983,Phrase,1
4.8910666,-0.58810776,Phrase,2
10.163775,-2.4316413,Phrase,2
5.881739,-2.2580526,Phrase,2
7.3117604,-1.4735056,Phrase,0
9.220704,-2.7967918,Phrase,2
6.2163343,-2.054869,Phrase,2
6.2991385,0.6662437,Phrase,1
7.5792227,-2.218093,Phrase,0
10.477814,-2.889973,Phrase,2
6.797344,-1.4339781,Phrase,2
7.448586,-1.7936572,Phrase,0
8.471394,-0.11226925,Phrase,1
10.119515,-3.4248996,Phrase,0
7.2079372,0.5643133,Phrase,0
11.480385,-4.432885,Phrase,1
8.034974,-1.7310067,Phrase,0
10.481358,-1.5742784,Phrase,2
5.248929,-0.7562907,Phrase,0
11.020605,-1.778598,Phrase,2
9.624585,-3.1785476,Phrase,2
9.586305,-5.316301,Phrase,0
8.213742,-1.2863687,Phrase,1
7.3051243,1.6797845,Phrase,1
9.721021,-4.0456057,Phrase,0
9.878313,-2.6884832,Phrase,2
4.265335,-1.2530788,Phrase,0
5.414399,-3.678715,Phrase,2
8.968657,-2.3177006,Phrase,2
7.023321,0.35854092,Phrase,1
8.333057,-0.61849576,Phrase,0
5.68635,-1.9138626,Phrase,2
6.7186413,0.8421784,Phrase,1
8.201661,0.9652213,Phrase,1
5.8079047,0.61293906,Phrase,1
7.950091,-2.4053059,Phrase,0
9.717834,-2.1453063,Phrase,2
9.22894,-3.8952558,Phrase,0
10.316951,-1.6744416,Phrase,2
2.209532,-5.1567597,Phrase,0
-5.859152,2.5719202,Phrase,1
6.4462895,-2.5640037,Phrase,2
10.417607,-1.4430603,Phrase,2
6.8703456,-1.0030215,Phrase,0
7.0015807,-1.2233905,Phrase,2
9.219592,-0.47119588,Phrase,2
10.698619,-2.2169292,Phrase,2
5.348624,-0.42512918,Phrase,0
8.269559,-1.251162,Phrase,2
10.125147,-4.1302743,Phrase,0
5.804318,-3.4771461,Phrase,2
9.614206,-2.5035667,Phrase,2
6.8136864,-1.675879,Phrase,2
8.322309,0.2493707,Phrase,1
8.080796,-2.4453537,Phrase,0
6.1532893,-2.6252067,Phrase,2
6.743789,-1.2436404,Phrase,2
8.9471655,0.22640976,Phrase,0
10.93375,-1.8342142,Phrase,2
10.471136,-1.8710775,Phrase,2
8.369561,-1.8252825,Phrase,2
11.635163,-3.717599,Phrase,1
2.620201,-1.2614957,Phrase,1
5.3374033,-0.18667595,Phrase,0
7.8077617,-4.8666563,Phrase,0
9.694664,-1.8998966,Phrase,2
7.302745,0.43594012,Phrase,1
9.472622,-0.45332515,Phrase,0
10.2043705,-4.435263,Phrase,0
6.1334944,-1.1801724,Phrase,1
4.733577,0.79414344,Phrase,1
8.851321,-2.0394459,Phrase,2
5.9462385,-0.04056226,Phrase,1
8.242458,-1.187238,Phrase,0
9.07623,-1.659816,Phrase,2
9.823712,-1.5734086,Phrase,0
8.4002905,0.6417359,Phrase,1
11.664467,-3.6189935,Phrase,1
11.792741,-3.6172636,Phrase,1
3.6294415,-1.7253618,Phrase,1
8.735255,-2.7522638,Phrase,2
14.632329,-5.0390797,Phrase,1
6.088864,-2.6600976,Phrase,2
7.598493,-0.9942881,Phrase,2
6.212378,-3.2323837,Phrase,2
6.356711,-2.3223307,Phrase,0
10.614612,-1.5481329,Phrase,2
9.4213705,-3.0623891,Phrase,0
7.3850975,1.4013295,Phrase,1
11.183591,-3.9725487,Phrase,0
9.608106,-4.2023935,Phrase,0
8.972717,-1.9941766,Phrase,2
7.1097813,-1.5379225,Phrase,0
7.5230904,-0.55414975,Phrase,0
7.0871105,-3.8139405,Phrase,2
9.06823,-2.858247,Phrase,0
6.083343,0.22661045,Phrase,1
7.1962433,0.38427347,Phrase,1
10.840676,-1.582089,Phrase,2
8.403212,-2.5695262,Phrase,0
8.434945,-1.6893376,Phrase,2
5.0862794,-0.71370524,Phrase,0
5.091922,0.07524807,Phrase,0
10.541125,-0.8970625,Phrase,0
10.948622,-2.012566,Phrase,2
5.0373363,-1.0665171,Phrase,0
9.101026,-0.048050467,Phrase,0
9.977084,-3.0510495,Phrase,1
10.696893,-4.5417776,Phrase,0
6.185072,-1.574448,Phrase,2
7.092889,-2.6080408,Phrase,0
11.838723,-3.8237987,Phrase,2
6.73105,-1.6271474,Phrase,1
8.17037,0.8073339,Phrase,0
11.419287,-4.640126,Phrase,1
10.369219,-0.9635007,Phrase,2
10.125798,-2.7516994,Phrase,0
6.583247,-1.6474661,Phrase,0
9.967427,-1.4962726,Phrase,2
9.30316,-3.4174838,Phrase,0
8.420546,-2.6586542,Phrase,0
2.9946642,3.16942,Phrase,0
6.4033365,-1.8518329,Phrase,2
10.388914,-2.874783,Phrase,2
9.424249,-3.7257214,Phrase,0
7.762435,-0.35943347,Phrase,2
6.3118935,-0.959293,Phrase,0
5.884368,-0.93250775,Phrase,0
7.7256346,-0.77487254,Phrase,2
7.1221557,-0.9179878,Phrase,2
6.7949595,-2.0492244,Phrase,2
11.008585,-2.112181,Phrase,2
4.4207654,-0.67366296,Phrase,1
9.329626,-1.7411658,Phrase,2
8.418971,0.5081527,Phrase,0
7.986214,-1.3995504,Phrase,2
6.196061,-1.5576007,Phrase,1
9.393951,-1.6997526,Phrase,2
7.086029,0.89271885,Phrase,0
10.881186,-1.5099014,Phrase,2
11.645768,-3.6861355,Phrase,1
7.6431966,-0.48708868,Phrase,2
7.6271014,-1.5741825,Phrase,0
8.975933,-1.2988292,Phrase,2
7.053056,-0.28072348,Phrase,1
10.426324,-1.6684667,Phrase,2
4.9463325,-1.0388923,Phrase,0
7.598728,-0.9517704,Phrase,2
8.22047,-2.2222207,Phrase,0
8.388007,-1.7662457,Phrase,1
6.848688,-0.9427272,Phrase,2
10.639003,-1.249448,Phrase,0
7.9128213,-2.4794621,Phrase,2
7.166743,-0.33638602,Phrase,1
3.7049484,-1.0980788,Phrase,0
6.8160987,1.3186941,Phrase,1
6.583447,-1.6069958,Phrase,2
10.285478,-1.1070533,Phrase,1
6.1824923,-0.045905754,Phrase,1
9.570447,-1.01438,Phrase,0
7.45546,-1.2712678,Phrase,0
9.721443,-3.4398828,Phrase,0
10.567492,-1.0091803,Phrase,2
10.067116,-1.166329,Phrase,2
6.6008177,0.15322973,Phrase,1
10.236191,-1.7282095,Phrase,2
3.77618,-0.8394117,Phrase,0
5.6399236,1.3639907,Phrase,1
10.810449,-1.8375069,Phrase,2
9.404402,-1.808882,Phrase,2
7.7520723,0.49179798,Phrase,1
6.0788126,0.045297008,Phrase,1
4.550901,-1.4379599,Phrase,0
11.873655,-4.4784865,Phrase,1
8.495987,-1.1764512,Phrase,0
7.6371355,-2.574111,Phrase,0
8.497443,-0.22167309,Phrase,1
10.72073,-0.69352204,Phrase,1
8.334621,-1.0057371,Phrase,2
7.2544317,-1.1901935,Phrase,2
7.9680624,-0.6442663,Phrase,2
11.090013,-1.3846539,Phrase,2
7.170467,-1.7463527,Phrase,1
2.615124,-1.2635581,Phrase,1
7.2089167,0.1742083,Phrase,1
7.193662,-1.2526412,Phrase,0
6.5866785,-0.6042269,Phrase,1
8.62945,-1.4004347,Phrase,2
8.949001,0.19681437,Phrase,0
7.7414303,-2.4907036,Phrase,0
10.037944,-4.140487,Phrase,0
7.019849,-1.3462384,Phrase,1
5.9166784,-1.3613294,Phrase,2
10.029124,-3.5391362,Phrase,0
10.009428,-1.3684096,Phrase,2
9.807567,-3.3834803,Phrase,0
8.093438,-0.1688638,Phrase,2
7.6692977,-1.3648616,Phrase,2
8.157023,-2.2065258,Phrase,0
7.796726,-0.8743894,Phrase,2
8.954983,0.17831087,Phrase,0
5.8999586,-0.91465116,Phrase,0
11.144104,-4.4340773,Phrase,0
8.629204,-0.5842006,Phrase,0
8.649222,-0.9152106,Phrase,0
10.423568,-0.4385454,Phrase,2
7.8034935,-0.3259096,Phrase,2
10.074034,-1.6944999,Phrase,2
9.716083,-2.436908,Phrase,2
8.891649,-1.1183693,Phrase,0
9.733853,-4.4885435,Phrase,0
8.949194,-3.4977908,Phrase,0
10.94179,-1.4279809,Phrase,2
8.746364,0.21537305,Phrase,1
4.9686337,-1.1182112,Phrase,2
9.699611,-3.228941,Phrase,0
6.688156,-0.63022244,Phrase,0
9.840114,-0.61748534,Phrase,1
7.611492,-1.4030164,Phrase,2
6.9304614,-0.9582586,Phrase,0
9.751579,-4.6770415,Phrase,0
6.6635838,-0.39551705,Phrase,0
6.496784,-1.4750439,Phrase,2
7.234596,-2.118443,Phrase,0
9.886479,-0.8627184,Phrase,2
6.5809946,-2.8988662,Phrase,0
9.056927,-1.8693013,Phrase,2
8.648724,-0.21969177,Phrase,0
8.860803,-5.7826343,Phrase,0
8.694363,-1.3466872,Phrase,0
10.154301,-1.7880497,Phrase,2
7.6349235,-1.814728,Phrase,2
6.085032,-1.6631488,Phrase,2
9.786832,-3.1124628,Phrase,0
9.581598,-3.2727823,Phrase,0
8.78313,0.13343778,Phrase,1
5.9016776,0.07637682,Phrase,1
8.104724,-0.66887534,Phrase,0
6.3400664,-1.813754,Phrase,1
10.392816,-4.667771,Phrase,0
4.8789983,-0.16761944,Phrase,0
7.9149895,-0.05505234,Phrase,0
7.851974,-0.2582834,Phrase,2
7.736078,-1.7702973,Phrase,1
5.4126945,0.31802872,Phrase,1
7.6798096,-0.67129856,Phrase,2
7.3702254,1.3765807,Phrase,1
7.305211,-1.4293915,Phrase,0
7.431791,-1.475686,Phrase,2
9.416102,-5.801209,Phrase,0
6.884125,0.45742032,Phrase,1
5.727556,-2.2776017,Phrase,2
6.1122103,-1.7729974,Phrase,2
6.5057163,-1.432534,Phrase,1
10.851341,-1.8413985,Phrase,2
10.233815,-2.035414,Phrase,2
7.2684927,-0.41323596,Phrase,2
4.8754125,-1.2811577,Phrase,0
9.857817,-1.164069,Phrase,2
10.111898,-4.6902704,Phrase,0
4.3469667,-1.1930461,Phrase,0
9.03526,-0.06117799,Phrase,0
8.413624,-1.9800873,Phrase,0
7.355111,-0.115951076,Phrase,0
6.414658,0.53580636,Phrase,1
7.6178536,-1.6833897,Phrase,0
7.1364827,0.23463035,Phrase,1
6.4342184,-1.5215983,Phrase,0
6.963579,0.88168734,Phrase,1
7.6409516,-0.9575788,Phrase,0
6.9562383,-1.1464484,Phrase,2
6.734224,-0.7703775,Phrase,0
9.856827,-1.7106245,Phrase,2
8.9018,0.22226332,Phrase,1
7.4594765,-0.9082645,Phrase,2
6.767823,-1.2472109,Phrase,1
10.918523,-2.121387,Phrase,2
10.58361,-1.7525136,Phrase,2
9.595036,-3.259539,Phrase,1
11.247588,-5.233349,Phrase,1
11.838159,-3.5898838,Phrase,1
8.857056,-2.106977,Phrase,0
8.808602,0.13042429,Phrase,2
7.000748,-0.9565496,Phrase,2
6.4930243,-2.4951234,Phrase,2
10.732061,-1.4882807,Phrase,2
8.339242,0.066652864,Phrase,1
5.2598224,0.62889117,Phrase,1
8.634713,0.09936159,Phrase,0
9.378161,-1.2655776,Phrase,2
9.085699,-2.8145397,Phrase,2
8.421109,-2.409621,Phrase,2
7.1688375,1.2194827,Phrase,1
8.921528,-2.1147387,Phrase,1
7.3261185,-2.487155,Phrase,2
6.281937,-1.5479081,Phrase,2
6.1091547,-0.3802564,Phrase,1
7.546725,-1.5363702,Phrase,0
14.631932,-5.038517,Phrase,1
7.5294175,-0.08599451,Phrase,1
9.532322,-3.3885286,Phrase,0
9.284079,-2.3341012,Phrase,0
11.588539,-3.9200184,Phrase,0
9.727782,-3.8785706,Phrase,0
7.3838778,-1.2581179,Phrase,0
6.768378,-2.0419278,Phrase,0
6.1285095,-1.3522373,Phrase,2
4.901995,-1.1933872,Phrase,0
7.7944064,-1.1516945,Phrase,0
10.861814,-2.3295977,Phrase,2
6.6214585,-1.3045602,Phrase,0
5.2779427,-0.036581855,Phrase,0
11.17231,-1.2405634,Phrase,1
6.5909576,-1.1432632,Phrase,2
10.343496,-0.3053096,Phrase,2
8.761473,-1.3439692,Phrase,2
10.6592245,-1.5608119,Phrase,2
8.250124,-0.9555486,Phrase,2
7.511769,-1.8702751,Phrase,0
6.81193,0.4928511,Phrase,1
8.510191,-2.3251815,Phrase,2
5.7357855,-0.40263847,Phrase,1
9.853678,-4.934542,Phrase,0
6.4650764,-0.9957328,Phrase,1
6.7532883,-1.6323322,Phrase,0
14.631975,-5.0385594,Phrase,1
6.995031,-1.8357936,Phrase,2
8.387726,-2.2221754,Phrase,0
5.06887,0.09761876,Phrase,0
7.986335,-1.8827341,Phrase,2
5.675845,-2.3618684,Phrase,0
6.6639023,-0.6864819,Phrase,0
6.8199625,-0.97746205,Phrase,1
7.327564,1.1600316,Phrase,1
7.3031874,1.9476415,Phrase,1
10.58316,-1.1805931,Phrase,2
10.228823,-1.7486608,Phrase,2
8.208356,-2.148632,Phrase,0
9.421168,-1.2490561,Phrase,2
7.6461935,-1.9418353,Phrase,2
5.8029647,0.9547414,Phrase,1
7.7579055,-0.3406989,Phrase,1
7.496044,-1.6894664,Phrase,2
10.268479,-4.447243,Phrase,0
7.9893622,0.23186937,Phrase,1
8.918266,-2.3019507,Phrase,2
9.328114,-0.67964816,Phrase,2
10.365494,-0.9496559,Phrase,0
10.593622,-1.0147854,Phrase,2
8.59372,-2.7822354,Phrase,0
6.3172874,0.7899505,Phrase,1
6.4383044,0.6865834,Phrase,1
10.338529,-2.395583,Phrase,2
7.8480225,-1.8639262,Phrase,1
8.381769,-1.839208,Phrase,2
8.36809,-0.78575635,Phrase,2
8.270726,-3.0592844,Phrase,0
8.893319,0.22135253,Phrase,0
8.19377,-1.9739376,Phrase,2
8.531465,0.11058125,Phrase,0
7.49295,-0.3409911,Phrase,2
7.2015176,0.9747548,Phrase,1
6.237314,-1.3464922,Phrase,0
5.9153876,-1.5544829,Phrase,0
7.532788,-1.1464285,Phrase,2
9.749538,-1.8735822,Phrase,2
9.323345,-2.8311975,Phrase,0
8.328746,0.6097334,Phrase,2
8.683069,-3.8246007,Phrase,0
10.390181,-3.5507743,Phrase,0
5.4665174,-0.29505652,Phrase,0
10.565611,-1.6183804,Phrase,2
6.3645077,-2.7289565,Phrase,0
7.7826695,1.6727167,Phrase,1
7.28953,-2.253278,Phrase,0
6.9050865,1.4217402,Phrase,1
6.4569783,-0.33942914,Phrase,1
6.3892183,-0.92160547,Phrase,2
5.9490376,0.37928352,Phrase,1
6.6715918,-0.33196044,Phrase,1
7.927038,0.78476113,Phrase,0
10.10947,-0.7890961,Phrase,2
7.499015,-2.2027714,Phrase,2
9.887841,-3.4898524,Phrase,0
9.9343405,-5.124856,Phrase,0
6.4958673,-1.7790995,Phrase,2
5.3289294,-1.308668,Phrase,0
9.904901,-2.1353598,Phrase,2
9.015951,-1.8853235,Phrase,2
6.8312016,-2.6810644,Phrase,0
7.5259056,-0.5303559,Phrase,2
8.180883,-1.9904286,Phrase,0
6.921432,-1.2070417,Phrase,0
6.5024047,-0.99585867,Phrase,1
10.64841,-1.341812,Phrase,2
7.565578,-1.6610197,Phrase,2
8.148115,-1.9690844,Phrase,2
9.737221,-1.296226,Phrase,2
7.363912,-1.2417113,Phrase,2
8.26738,-1.0842202,Phrase,2
8.366008,-0.79508096,Phrase,0
5.685957,-0.7378485,Phrase,0
10.454848,-2.0152407,Phrase,0
5.935868,-2.752861,Phrase,0
9.704877,-2.4539251,Phrase,1
9.527739,-1.6339351,Phrase,2
9.077289,-1.5486641,Phrase,2
9.143065,-1.8767674,Phrase,2
6.301767,-2.1088617,Phrase,2
9.495444,-1.6978333,Phrase,2
10.37426,-3.3180928,Phrase,1
4.695448,-1.3782414,Phrase,0
8.208356,-1.0680093,Phrase,0
5.4141994,-0.50696254,Phrase,0
8.795284,0.13859534,Phrase,1
5.085058,0.14424773,Phrase,0
8.17045,-1.9506367,Phrase,0
8.705795,-2.619406,Phrase,2
7.0730653,-1.1357903,Phrase,0
11.520163,-5.087427,Phrase,1
6.676408,-1.507905,Phrase,2
7.503127,-0.42224407,Phrase,1
10.888517,-2.0570755,Phrase,2
10.041764,-1.803363,Phrase,2
5.8861036,1.2975456,Phrase,1
7.954306,-0.6506927,Phrase,2
8.036463,-0.66459996,Phrase,2
6.2854767,-1.0862445,Phrase,1
7.6048474,0.17914096,Phrase,1
10.358046,-1.9416187,Phrase,2
8.976196,-2.3099682,Phrase,2
11.132539,-3.4857597,Phrase,1
10.346868,-2.564177,Phrase,2
5.8620353,-0.9944597,Phrase,1
9.62165,-3.3997087,Phrase,2
9.766444,-4.950143,Phrase,0
9.2601185,-3.2219687,Phrase,0
5.1764407,-1.036688,Phrase,2
7.9509954,-0.96701205,Phrase,2
5.489134,0.24120565,Phrase,1
8.216072,-1.5390153,Phrase,2
10.18961,-1.3225131,Phrase,2
6.087388,-0.580776,Phrase,0
6.166157,-1.6901474,Phrase,2
7.180698,-0.98707706,Phrase,0
7.8235083,0.12067125,Phrase,1
3.8553479,-0.8337224,Phrase,0
9.867185,-1.3982209,Phrase,2
7.6762657,-0.26882273,Phrase,2
8.488965,-0.37339923,Phrase,0
5.251446,-0.38541663,Phrase,0
9.141253,-1.4817073,Phrase,2
7.5978885,-1.3677579,Phrase,2
5.68724,-1.8109391,Phrase,1
7.5006576,-2.1359785,Phrase,2
9.688771,-3.4509785,Phrase,0
8.938131,-1.8183284,Phrase,1
6.709141,0.21212572,Phrase,0
7.731516,-1.078842,Phrase,1
5.209912,-0.35214657,Phrase,0
5.924703,-2.3178835,Phrase,0
7.3507967,-1.3600318,Phrase,1
10.238129,-2.0408006,Phrase,2
10.978502,-2.1813624,Phrase,2
4.275663,-1.0555402,Phrase,0
9.018253,-4.375532,Phrase,0
6.2144737,-1.5250869,Phrase,2
10.881591,-1.8643509,Phrase,2
10.4319,-1.3706565,Phrase,2
7.781145,-0.078147866,Phrase,1
7.7853847,-2.813985,Phrase,0
9.107057,-1.065162,Phrase,1
10.220041,-3.0108347,Phrase,0
4.079806,-1.4035039,Phrase,0
10.422588,-4.630812,Phrase,0
9.056315,-3.2898765,Phrase,0
4.7425103,0.78786117,Phrase,1
8.967794,-1.5393643,Phrase,0
11.5288105,-5.061626,Phrase,1
7.0161867,0.2681183,Phrase,1
9.897579,-1.7134947,Phrase,2
9.737299,-1.4545239,Phrase,2
10.534466,-2.0173826,Phrase,2
10.64292,-0.7413775,Phrase,1
9.320024,-0.79553944,Phrase,2
11.982655,-4.5129714,Phrase,1
8.396675,-1.2803689,Phrase,2
10.298835,-1.2664561,Phrase,2
5.6729345,1.3745329,Phrase,1
11.95712,-4.501549,Phrase,1
10.001103,-4.1515245,Phrase,0
11.64356,-3.6474545,Phrase,0
7.073587,-0.42356324,Phrase,2
6.9388165,-1.0605124,Phrase,0
5.7450476,1.0898248,Phrase,1
6.1871195,-1.6122726,Phrase,0
7.670435,-0.63377684,Phrase,2
8.863254,-3.0792212,Phrase,0
8.651789,-2.1269784,Phrase,2
8.173764,0.045364298,Phrase,1
8.925576,0.24469231,Phrase,0
6.4282026,-2.3062375,Phrase,0
10.228816,-1.5807234,Phrase,2
9.990495,-3.098139,Phrase,1
7.6180615,-0.8840129,Phrase,2
6.727011,-1.0644037,Phrase,2
5.2547746,0.6405462,Phrase,1
8.026259,-0.40284613,Phrase,1
7.3269277,-1.024377,Phrase,0
6.718398,-0.82167035,Phrase,0
6.8934717,-2.4748168,Phrase,2
8.701756,0.20050134,Phrase,1
9.102258,-1.8747631,Phrase,2
10.4655905,-1.3816004,Phrase,2
11.560078,-4.7355986,Phrase,1
7.4010806,-0.96576345,Phrase,2
8.174737,-0.43225577,Phrase,2
7.06785,-0.22553651,Phrase,1
6.957847,-0.75361896,Phrase,2
8.375784,-2.5570774,Phrase,2
10.895683,-1.4182148,Phrase,2
8.042735,-0.881489,Phrase,1
-5.859328,2.5720246,Phrase,1
6.6224117,-2.164315,Phrase,2
7.42008,-0.6281427,Phrase,1
11.710134,-3.8592906,Phrase,0
10.528014,-0.8622699,Phrase,2
7.45903,-1.7899895,Phrase,2
8.872355,0.07344732,Phrase,2
8.974021,-1.2687658,Phrase,2
6.7516923,0.6790519,Phrase,1
7.440083,-2.2631333,Phrase,0
8.395144,0.18674254,Phrase,1
11.619541,-3.4836016,Phrase,1
11.094669,-2.192938,Phrase,1
4.7420096,0.78340954,Phrase,1
9.50727,-2.0599427,Phrase,2
8.673759,-0.53910875,Phrase,0
7.2772565,-0.72750324,Phrase,2
7.7542696,-0.32683346,Phrase,2
5.2226696,-0.41529462,Phrase,0
10.800535,-1.6914327,Phrase,2
8.665208,0.043244798,Phrase,0
8.064578,-0.43118188,Phrase,2
5.8610163,1.5045063,Phrase,1
9.362457,-1.8666158,Phrase,0
7.653722,-0.8464385,Phrase,1
8.500433,-2.8211174,Phrase,0
7.491108,-0.7126319,Phrase,2
7.9918833,-0.87993044,Phrase,2
10.143425,-3.7917306,Phrase,0
8.56202,-1.5060105,Phrase,2
11.052311,-2.078752,Phrase,2
7.592463,-1.6771947,Phrase,0
6.906731,-1.0854572,Phrase,2
9.269876,-3.2721255,Phrase,0
6.480078,-2.143274,Phrase,0
4.938778,-1.6722373,Phrase,0
3.7662394,-0.7243629,Phrase,0
9.861978,-1.3471216,Phrase,2
7.5672445,-2.312761,Phrase,0
8.631103,-2.2806969,Phrase,2
5.387339,-0.39558953,Phrase,0
6.914536,-2.0997784,Phrase,2
5.9409814,-1.4229082,Phrase,1
6.8474603,-2.3991456,Phrase,0
8.342842,-0.5941734,Phrase,0
8.144326,-0.38369036,Phrase,1
8.431138,-2.4131703,Phrase,2
7.2311735,-2.3200097,Phrase,2
9.848891,-1.3248135,Phrase,2
11.170241,-1.765623,Phrase,2
5.4297066,-3.6212707,Phrase,2
8.912113,-2.5267212,Phrase,0
5.6864557,-1.0438713,Phrase,1
7.7008324,-0.1458428,Phrase,1
8.271784,-0.54499424,Phrase,1
7.230265,-1.2471545,Phrase,2
5.705425,-2.8406057,Phrase,0
8.613483,-1.6112313,Phrase,0
6.5959873,-0.10291627,Phrase,1
6.070502,0.34615675,Phrase,1
11.407395,-4.375914,Phrase,2
4.9243073,-1.6908612,Phrase,0
9.249931,-1.4275342,Phrase,2
9.554032,-4.4033737,Phrase,0
8.243316,0.16395395,Phrase,1
7.5153456,-0.101066105,Phrase,2
8.003756,-0.5261972,Phrase,2
-5.8602266,2.5741458,Phrase,1
8.157153,-0.7706882,Phrase,2
8.911535,-1.8698133,Phrase,2
8.510787,-0.85358,Phrase,0
8.012152,-2.5708039,Phrase,0
7.3216734,-0.7521426,Phrase,2
7.999474,0.8641815,Phrase,0
8.513744,-0.40508726,Phrase,0
5.882059,-2.8546102,Phrase,2
9.39639,-2.6780872,Phrase,2
7.8783574,-0.5548803,Phrase,2
6.930958,-1.9471947,Phrase,2
8.097424,-0.1444791,Phrase,2
14.577053,-4.9794173,Phrase,1
7.58462,-1.3205755,Phrase,2
9.830001,-3.4167283,Phrase,0
8.370939,-1.6553161,Phrase,2
10.193849,0.222433,Phrase,2
11.630019,-4.885211,Phrase,1
7.9148107,0.0742254,Phrase,1
8.447547,-0.36881924,Phrase,0
7.507075,-1.5896251,Phrase,2
7.3294854,-0.23399922,Phrase,1
8.173887,-2.0571625,Phrase,0
9.079685,-2.2492964,Phrase,2
11.251218,-3.7160752,Phrase,0
4.145522,-1.6891702,Phrase,0
5.7333035,-1.2631912,Phrase,2
10.509237,-0.7964868,Phrase,1
9.083996,-0.8080697,Phrase,2
7.5943384,-3.4162183,Phrase,2
11.458559,-4.2755203,Phrase,0
7.4099092,1.4916838,Phrase,0
7.2458725,-0.28416437,Phrase,2
6.192867,0.31316948,Phrase,0
7.272662,-2.1767507,Phrase,0
10.0356245,-1.4983591,Phrase,2
11.668839,-4.904299,Phrase,1
8.599816,-0.123326264,Phrase,2
10.255035,0.25713578,Phrase,2
7.7776685,-0.62957907,Phrase,0
6.9181495,-0.23846605,Phrase,2
11.007982,-2.1763375,Phrase,2
6.3664546,-1.4589158,Phrase,0
9.606343,-3.840458,Phrase,0
7.7385826,-0.16523403,Phrase,1
8.154724,-0.6856316,Phrase,2
9.101824,-0.8435227,Phrase,2
8.559793,-2.785901,Phrase,2
7.0700526,-1.7618761,Phrase,2
8.700121,0.1314969,Phrase,1
9.254877,-1.945887,Phrase,1
9.300124,-2.0940816,Phrase,0
7.5254874,-1.069003,Phrase,0
9.640046,-2.3707688,Phrase,2
9.040248,-2.48149,Phrase,2
7.2816005,-1.8158678,Phrase,2
8.110681,-2.1137216,Phrase,0
9.264016,-3.0374691,Phrase,0
7.016331,-0.23840442,Phrase,2
8.986634,-4.2455883,Phrase,0
10.791275,-3.5006022,Phrase,0
9.997212,0.5865119,Phrase,1
9.832787,-4.096415,Phrase,0
6.8105755,-3.4095614,Phrase,2
7.639289,-2.371978,Phrase,0
7.8198395,-1.6893041,Phrase,2
8.36753,-0.7481812,Phrase,0
7.764732,-0.8558954,Phrase,2
7.1247077,-1.0010985,Phrase,2
10.96896,-2.0005665,Phrase,2
9.367319,-0.60611445,Phrase,1
9.092884,-0.3469658,Phrase,1
6.680866,-1.5459579,Phrase,2
6.3850784,-0.81283134,Phrase,1
6.8124275,-1.8380182,Phrase,2
8.389703,-1.1924678,Phrase,1
5.064791,0.5469841,Phrase,1
9.261763,-2.2333362,Phrase,2
6.842924,-1.060368,Phrase,2
8.727211,-0.6443039,Phrase,0
9.184042,-2.356804,Phrase,1
5.2992277,0.06266948,Phrase,1
11.043857,-4.6026487,Phrase,0
10.265177,-3.963738,Phrase,0
9.431259,-4.4914536,Phrase,0
8.340486,-0.64659065,Phrase,2
10.679132,-1.3141688,Phrase,2
8.253343,1.0931561,Phrase,0
7.282455,-1.5636214,Phrase,1
9.800014,-0.6145149,Phrase,0
11.70202,-4.380981,Phrase,0
8.423559,-0.7783037,Phrase,2
11.214613,-3.9668941,Phrase,1
9.870186,-3.706948,Phrase,0
5.5961623,-0.21106791,Phrase,1
7.9964647,-1.4891398,Phrase,2
6.318408,-0.22482629,Phrase,1
10.956076,-2.0838993,Phrase,2
10.13166,-4.6687546,Phrase,0
7.442011,-0.44941425,Phrase,0
11.211906,-4.2508025,Phrase,1
10.469782,-1.718775,Phrase,2
9.069885,-1.5053008,Phrase,2
5.2369685,0.5123705,Phrase,1
9.480212,-0.69436777,Phrase,2
6.595744,-1.8031343,Phrase,2
10.653227,-2.3395152,Phrase,2
8.184937,-2.3393097,Phrase,0
9.880448,-1.808911,Phrase,2
7.9721236,-0.06576457,Phrase,0
4.6082015,-1.0582627,Phrase,0
9.651626,-0.9597529,Phrase,2
2.6187549,-1.2620565,Phrase,1
9.288365,-1.6750231,Phrase,2
7.158563,-0.12547112,Phrase,2
5.792374,-1.9718225,Phrase,2
7.116683,-0.2875936,Phrase,1
6.9461412,-1.1484536,Phrase,2
6.6024923,-1.4851892,Phrase,2
6.7181706,0.91270363,Phrase,1
6.781318,-2.050323,Phrase,2
8.532817,0.10894615,Phrase,1
10.820629,-3.177476,Phrase,0
4.2870197,-0.73291034,Phrase,0
9.614098,-1.163728,Phrase,2
9.587909,-5.0618057,Phrase,0
5.7397256,-0.91852814,Phrase,1
9.529146,-3.5935998,Phrase,0
9.681457,-3.9232574,Phrase,0
7.2078114,1.1215601,Phrase,1
7.430222,-1.0747279,Phrase,2
6.764973,8.077852,Phrase,1
7.7047143,-0.7163718,Phrase,1
7.71201,0.7646728,Phrase,1
9.414692,-1.5003045,Phrase,2
8.18891,-1.639871,Phrase,0
7.246305,-1.7621218,Phrase,2
4.939229,0.64363706,Phrase,1
4.326997,-2.5169964,Phrase,1
8.477058,-4.8814473,Phrase,0
6.774677,-0.7868198,Phrase,2
6.015482,0.29332173,Phrase,0
7.065595,-1.8606305,Phrase,2
9.487001,-4.4158382,Phrase,0
6.4596653,0.396081,Phrase,0
9.002476,-2.0623538,Phrase,0
8.87472,-0.8379639,Phrase,1
2.599117,-1.2083002,Phrase,1
11.6803875,-3.1825519,Phrase,2
8.978625,-2.800011,Phrase,0
9.251919,-2.4599426,Phrase,0
7.2056713,0.92327213,Phrase,1
5.703191,-1.1534755,Phrase,2
9.213943,-2.2123723,Phrase,2
8.892704,-1.7996782,Phrase,2
8.4560375,-1.6177115,Phrase,2
6.9521174,-1.137419,Phrase,2
7.740694,-0.62078226,Phrase,2
7.671659,-2.3270826,Phrase,0
6.066268,-2.765705,Phrase,2
9.962703,-3.3553932,Phrase,0
7.8154325,-0.6941307,Phrase,2
8.841981,-2.0852654,Phrase,2
8.68293,-1.5154119,Phrase,2
8.523871,-2.5898335,Phrase,0
6.6832223,-2.4228392,Phrase,2
10.500936,-1.8277023,Phrase,2
5.8171725,-1.3629197,Phrase,1
10.2786455,-2.4960494,Phrase,1
7.9232473,0.41263604,Phrase,1
10.286262,0.3846619,Phrase,1
7.228192,-1.2007219,Phrase,2
6.2013974,-0.27897516,Phrase,0
9.900316,-1.3187625,Phrase,2
9.234634,-0.8718419,Phrase,1
9.602897,-3.2196145,Phrase,2
10.390533,-1.8995303,Phrase,2
8.341834,-2.3626254,Phrase,0
5.656027,-1.8981338,Phrase,1
7.231594,-0.7679154,Phrase,0
10.463957,-2.0968537,Phrase,2
10.466643,-0.66799664,Phrase,2
7.0091925,-1.6226014,Phrase,2
7.259005,-2.375381,Phrase,0
6.25424,-0.8980227,Phrase,1
8.545387,-2.590753,Phrase,2
6.84558,-0.9239163,Phrase,0
6.7689314,-0.7986223,Phrase,1
6.6604524,-1.6915731,Phrase,0
7.299103,-2.4262683,Phrase,2
6.540534,-1.8148052,Phrase,2
8.415042,-0.13209556,Phrase,1
6.772495,0.7085557,Phrase,1
10.653364,-1.6521542,Phrase,2
6.6006465,-0.29461896,Phrase,1
10.988546,-1.87069,Phrase,2
-5.863521,2.574098,Phrase,1
8.57916,-3.1041222,Phrase,0
7.436772,-2.3274708,Phrase,0
9.6014185,-4.398961,Phrase,0
7.1426044,-1.6042346,Phrase,2
7.9479303,-1.7666136,Phrase,0
8.101036,-0.54067886,Phrase,2
4.258884,-0.714663,Phrase,1
10.216583,-0.84926826,Phrase,2
5.6792173,-1.918294,Phrase,2
10.282713,-1.0483356,Phrase,1
7.556179,-1.3179241,Phrase,2
9.163837,-2.0804853,Phrase,2
11.627523,-3.2931702,Phrase,1
7.1624217,-1.3207097,Phrase,0
10.500288,-1.7666459,Phrase,2
9.258408,-2.0649755,Phrase,2
10.541065,-1.4686798,Phrase,2
10.390211,-1.5969269,Phrase,2
9.327373,-0.6886469,Phrase,2
8.056883,-1.3953384,Phrase,0
6.5978127,-1.100432,Phrase,2
5.8424015,0.9334412,Phrase,1
6.4505305,-0.4941231,Phrase,1
10.197776,-1.640192,Phrase,2
6.1695004,-1.018497,Phrase,1
8.792859,-1.7463822,Phrase,2
3.873318,-0.52930164,Phrase,0
7.471939,1.6377445,Phrase,1
7.233994,-1.0995147,Phrase,2
7.6602035,-1.1644078,Phrase,2
7.370481,-0.52736104,Phrase,0
8.233161,-1.0858929,Phrase,0
9.419727,-1.509366,Phrase,2
7.9708424,-1.7875154,Phrase,0
5.8811197,-0.5347978,Phrase,1
4.2565017,1.7162887,Phrase,0
9.865567,-5.5217943,Phrase,0
7.910579,-1.3409178,Phrase,0
8.240644,-1.254297,Phrase,2
7.974814,-1.3289214,Phrase,2
6.092892,0.33316287,Phrase,1
10.127222,-1.6081679,Phrase,2
9.324773,-4.2491336,Phrase,0
9.529524,-2.0534198,Phrase,0
11.013935,-1.8225038,Phrase,2
9.80073,-1.136313,Phrase,2
9.859516,-1.9813385,Phrase,2
9.589056,-4.3164477,Phrase,0
6.9482536,-0.5733934,Phrase,1
6.5128436,-2.086254,Phrase,2
7.4789867,-0.65190625,Phrase,2
5.7989516,-0.8502458,Phrase,1
10.181315,-4.3711305,Phrase,0
10.216902,-3.2328544,Phrase,0
6.184388,0.9154804,Phrase,1
7.8605986,-0.8681204,Phrase,2
5.692652,1.3895401,Phrase,1
5.5235415,0.36765644,Phrase,1
8.340639,-0.51646936,Phrase,2
6.049541,-2.1590154,Phrase,2
10.273785,-3.586888,Phrase,0
6.0036073,-2.245505,Phrase,0
6.7773476,-0.16589001,Phrase,1
7.351069,-1.3527206,Phrase,2
10.243346,-1.3902218,Phrase,2
8.485326,-1.0754155,Phrase,2
8.768229,-2.559298,Phrase,1
6.45165,-0.8263729,Phrase,1
9.164221,-5.459145,Phrase,0
9.285261,-2.5493953,Phrase,2
9.491459,-3.2045193,Phrase,0
11.051374,-1.6069037,Phrase,2
-5.838711,2.5662696,Phrase,1
5.533556,-2.7231088,Phrase,0
11.282922,-3.0713954,Phrase,2
8.83675,-0.4046867,Phrase,1
9.525201,-4.6514273,Phrase,0
6.6119995,-1.7636937,Phrase,2
10.353994,-2.4414504,Phrase,2
6.079211,-1.6012383,Phrase,2
7.1776567,-1.1318989,Phrase,2
8.730927,-4.726787,Phrase,0
8.811281,-2.0810857,Phrase,2
5.194305,0.6304802,Phrase,1
6.4718604,-2.2736664,Phrase,0
3.3134806,-1.5145353,Phrase,0
5.673369,-1.0776875,Phrase,1
8.394142,-2.9231527,Phrase,2
5.628756,-2.390965,Phrase,2
6.4003935,0.16213626,Phrase,1
7.5428133,-1.0896952,Phrase,2
10.2383375,-2.18593,Phrase,2
7.5152993,-0.9466844,Phrase,2
8.051738,-1.871335,Phrase,0
11.404668,-4.6702147,Phrase,1
8.720329,-0.7963158,Phrase,0
11.618531,-5.0732007,Phrase,1
9.181083,-1.8527787,Phrase,2
10.559237,-2.197939,Phrase,2
7.113511,-2.090783,Phrase,0
6.661858,0.8159908,Phrase,1
10.930055,-1.7711934,Phrase,2
6.979065,-0.01458768,Phrase,1
7.5793357,-1.7100188,Phrase,0
6.158782,-1.3472816,Phrase,0
9.125514,-0.7903412,Phrase,0
7.4459934,-0.3828088,Phrase,0
8.963961,-1.4816449,Phrase,2
4.899328,-0.7502295,Phrase,2
7.123321,-1.0955412,Phrase,2
7.8022738,-1.8882359,Phrase,0
10.102531,-1.7562046,Phrase,2
6.2609305,-1.2455355,Phrase,2
11.458249,-4.385167,Phrase,0
8.9158745,-1.7491267,Phrase,0
8.941847,-1.4484515,Phrase,0
10.228283,-0.9921722,Phrase,1
7.4550705,-1.475946,Phrase,1
8.070947,-0.6934321,Phrase,1
7.436166,-0.99367,Phrase,2
6.6595974,-0.32058093,Phrase,2
6.7919774,-0.16918297,Phrase,1
7.891602,-0.8986916,Phrase,2
9.183089,-1.0167813,Phrase,1
9.833537,-2.7477572,Phrase,2
9.329087,-0.72681606,Phrase,2
7.5852785,-2.2670634,Phrase,0
5.5201335,-0.16248235,Phrase,0
5.813651,0.7137666,Phrase,1
9.519542,-0.71184045,Phrase,2
8.065786,-1.0762734,Phrase,1
10.684402,-1.9885658,Phrase,2
5.722581,-0.4674259,Phrase,0
8.0574045,-0.9967347,Phrase,2
10.4256115,-2.1130474,Phrase,2
7.4620104,0.8238732,Phrase,1
9.117561,-0.8347731,Phrase,2
9.223549,-4.1751943,Phrase,0
7.201571,0.91439825,Phrase,1
6.2333355,-1.4466776,Phrase,1
6.0046506,0.77977866,Phrase,1
6.522641,-1.5685649,Phrase,1
6.6284003,-0.03063132,Phrase,1
9.79575,-1.9232326,Phrase,2
6.62419,-1.0853657,Phrase,0
11.008343,-1.818225,Phrase,2
8.602178,-1.6274985,Phrase,2
7.173916,-0.96111315,Phrase,2
9.820733,-0.3967738,Phrase,0
5.8363357,-0.0120463455,Phrase,1
10.341221,-3.9092338,Phrase,0
10.128414,-4.593324,Phrase,0
8.162345,-0.9241104,Phrase,1
7.769927,-0.24946193,Phrase,2
8.519967,-2.1104274,Phrase,2
11.50825,-4.507052,Phrase,0
9.490233,-1.1628335,Phrase,2
10.231889,0.2714537,Phrase,0
8.803246,0.026227228,Phrase,1
10.396676,-1.5305885,Phrase,2
-5.910907,2.612562,Phrase,1
5.27096,-0.116940275,Phrase,0
8.068289,-0.99676615,Phrase,2
7.7939463,-1.2674631,Phrase,2
9.323571,-1.680968,Phrase,2
7.5342116,-1.2513427,Phrase,2
11.14986,-1.8474354,Phrase,1
10.224134,0.41723695,Phrase,1
10.2324705,-1.928417,Phrase,2
9.665164,-0.23282887,Phrase,0
5.841988,0.17131767,Phrase,1
7.7033305,-0.84246206,Phrase,2
10.437948,-1.5925037,Phrase,2
9.986949,-0.6970484,Phrase,2
7.664758,-1.2201821,Phrase,2
10.766132,-1.8893759,Phrase,2
3.157511,3.0247598,Phrase,1
9.829431,0.5061888,Phrase,1
11.157766,-1.7843069,Phrase,1
8.401246,-2.5652246,Phrase,0
4.459665,-1.2635065,Phrase,0
6.4695234,-1.0392894,Phrase,2
7.8402996,-1.3479047,Phrase,0
7.7968507,-2.247918,Phrase,0
7.3067226,-1.6476948,Phrase,0
7.5298166,-2.21011,Phrase,2
6.660088,0.74854606,Phrase,1
6.8645926,1.2228429,Phrase,1
9.207108,-2.10409,Phrase,2
8.052092,0.7926326,Phrase,1
9.026098,-1.8946187,Phrase,2
11.968277,-3.8587356,Phrase,0
5.119764,-0.6787429,Phrase,0
8.616922,-5.732,Phrase,0
6.222651,-1.554874,Phrase,2
9.81981,-1.2714757,Phrase,2
8.314314,0.6428254,Phrase,2
9.363119,-2.9802394,Phrase,2
6.652177,-0.8424687,Phrase,1
10.223339,0.28701502,Phrase,1
3.9453263,-1.3416543,Phrase,0
5.9147778,-0.9670535,Phrase,1
8.463532,-1.1066021,Phrase,1
10.82819,-2.266976,Phrase,2
9.905885,-4.381142,Phrase,0
8.272179,-0.44569024,Phrase,2
8.830714,0.15079544,Phrase,0
10.52217,-3.437233,Phrase,2
5.8572125,0.5758682,Phrase,1
7.8318634,-1.2373149,Phrase,2
6.755996,-2.2248514,Phrase,2
9.958043,-1.2758324,Phrase,2
6.9199953,-1.8192538,Phrase,2
6.771645,-0.5301344,Phrase,0
8.411791,0.41540757,Phrase,0
3.626348,-1.7257733,Phrase,1
10.795527,-2.00892,Phrase,2
11.749315,-3.4472246,Phrase,1
8.959241,-1.8050498,Phrase,0
3.99207,-0.24994318,Phrase,0
6.042213,0.28102386,Phrase,1
8.4919405,-3.2351472,Phrase,0
10.472063,-1.2910395,Phrase,1
8.784107,-0.017268868,Phrase,2
7.717947,-0.44277054,Phrase,2
9.551491,-2.2185264,Phrase,2
10.423235,-1.5666075,Phrase,2
9.032808,-2.3269093,Phrase,0
10.641141,-1.6530665,Phrase,2
10.101459,2.3305302,Phrase,2
4.60136,-1.1547184,Phrase,0
9.372876,-2.6348932,Phrase,2
7.651995,-0.21038462,Phrase,1
10.902895,-1.523538,Phrase,2
10.2129345,0.16619536,Phrase,2
8.866576,0.1429057,Phrase,0
9.467628,-3.429363,Phrase,0
6.6452923,-0.13550037,Phrase,0
5.982429,-1.0338742,Phrase,0
8.634758,-2.4310336,Phrase,2
6.5563607,0.1353269,Phrase,1
9.249245,-3.4338846,Phrase,0
9.289024,-0.6696646,Phrase,2
5.751787,-1.0969027,Phrase,1
8.027317,-1.3967814,Phrase,0
9.759443,-2.2130897,Phrase,2
4.257479,1.715982,Phrase,0
10.662739,-1.937046,Phrase,2
7.504841,-0.3134845,Phrase,1
6.51077,-0.7723542,Phrase,2
6.5843525,-1.2971381,Phrase,0
6.8266416,-1.3851374,Phrase,0
10.378634,-1.1670306,Phrase,2
5.2961597,-1.950959,Phrase,0
8.464337,0.55803734,Phrase,0
5.569803,0.18159744,Phrase,0
8.37798,-1.7755141,Phrase,2
6.0176063,1.0691277,Phrase,1
5.770452,0.39941242,Phrase,0
6.922256,-0.18310416,Phrase,1
7.426741,-0.879034,Phrase,0
7.1869307,-0.23495461,Phrase,2
10.400409,-1.9104736,Phrase,2
8.0286045,-1.6541251,Phrase,0
7.322198,0.15271738,Phrase,2
7.786942,-1.1223196,Phrase,2
9.702834,-0.3556261,Phrase,0
8.112405,-1.8205346,Phrase,0
6.030067,-1.1025661,Phrase,0
9.079824,-1.1453363,Phrase,2
6.716953,0.11617114,Phrase,1
10.273384,0.1508202,Phrase,2
10.071834,-1.5239309,Phrase,2
6.8297095,-1.613532,Phrase,2
10.281096,0.29935405,Phrase,1
11.158728,-1.2629985,Phrase,2
7.651893,-0.53338414,Phrase,1
10.637681,-1.7057445,Phrase,2
7.316087,-1.4942354,Phrase,0
-5.8821282,2.595556,Phrase,1
8.89757,0.28715473,Phrase,0
8.052564,-0.8639731,Phrase,2
7.1889167,-0.9781088,Phrase,1
7.1402736,-2.414241,Phrase,2
10.66081,-1.1647826,Phrase,2
4.6786695,-1.3330475,Phrase,0
8.730088,-1.1320748,Phrase,0
9.118772,-1.9058527,Phrase,0
7.4770217,-2.646639,Phrase,2
11.947718,-4.514315,Phrase,1
8.213734,1.0772035,Phrase,1
8.990871,-1.7223979,Phrase,2
5.3106346,-0.07938182,Phrase,0
5.641257,-1.6666423,Phrase,0
10.440016,-1.1420872,Phrase,1
7.1814423,-2.2656045,Phrase,0
9.383543,-2.109539,Phrase,0
4.8357754,-0.71730196,Phrase,0
4.485658,-1.2444335,Phrase,0
-5.8660517,2.577721,Phrase,1
9.071549,-4.4020576,Phrase,0
9.278458,-1.9975402,Phrase,2
8.349758,-1.5866233,Phrase,2
8.0955715,-5.827857,Phrase,0
5.6803603,-1.0152234,Phrase,1
10.043873,2.4153655,Phrase,1
8.401278,0.0919397,Phrase,0
6.268936,-1.0203304,Phrase,1
6.470198,-0.26078627,Phrase,1
10.594928,-2.3529806,Phrase,2
6.044196,-2.6485085,Phrase,0
7.924905,-0.68097454,Phrase,2
5.928289,0.57055146,Phrase,1
7.8692393,-2.1353884,Phrase,2
6.61316,-2.5922866,Phrase,2
9.1217,-0.85539615,Phrase,0
9.210825,-1.3043395,Phrase,2
7.8530397,-2.3729405,Phrase,2
7.2057786,-1.4055438,Phrase,2
8.612916,-0.7082888,Phrase,1
5.3368187,-0.020495486,Phrase,1
10.561085,-4.4414463,Phrase,0
11.298844,-5.220633,Phrase,1
10.903558,-2.1264713,Phrase,2
9.829324,-1.4612775,Phrase,2
9.527214,-2.1673405,Phrase,2
6.0092564,-1.7189183,Phrase,0
8.250717,-2.8346705,Phrase,0
11.319512,-4.2574224,Phrase,0
9.070119,-1.4588928,Phrase,2
10.4904375,-0.7959649,Phrase,2
4.899176,-0.970724,Phrase,0
10.000087,-1.5044674,Phrase,2
11.636622,-3.7085552,Phrase,1
3.8073957,-0.6788416,Phrase,0
8.937104,0.28827226,Phrase,0
4.8071632,-1.5598727,Phrase,0
8.67555,-2.1702893,Phrase,0
8.897016,-1.5479083,Phrase,2
6.725324,-2.5879357,Phrase,0
7.5667562,-2.0942423,Phrase,0
9.420522,-1.2351792,Phrase,1
8.4901705,-2.4528234,Phrase,0
6.8777246,-1.3394204,Phrase,0
7.3184876,-1.831804,Phrase,2
8.379792,-0.81964916,Phrase,1
8.2979765,-1.5410432,Phrase,0
8.032549,-0.1316212,Phrase,2
2.8978698,-1.2777517,Phrase,1
9.714214,-0.7307673,Phrase,2
7.5071435,-0.88953185,Phrase,2
7.278141,-1.449788,Phrase,0
10.510447,-1.7966795,Phrase,2
7.5941205,-0.8274952,Phrase,2
11.11595,-1.5298383,Phrase,1
7.7518334,-1.6857623,Phrase,2
9.794218,-4.0516977,Phrase,0
8.264503,3.097495,Phrase,1
8.20773,-0.25333604,Phrase,0
6.1486177,-1.1204021,Phrase,0
5.714918,-2.7098079,Phrase,2
10.785609,-2.2125514,Phrase,2
9.794684,-0.38038275,Phrase,0
7.909517,-0.2999385,Phrase,2
10.253497,-4.500874,Phrase,0
9.059605,-4.6972904,Phrase,0
10.875373,-2.2432806,Phrase,2
6.3215327,-1.3503258,Phrase,1
9.090084,-1.5125004,Phrase,1
5.7257395,-2.61977,Phrase,0
8.891853,-2.5062912,Phrase,0
6.0439944,0.6997606,Phrase,1
7.1134343,0.71701366,Phrase,1
8.792502,-2.357672,Phrase,2
7.6228523,-0.20524909,Phrase,2
4.211685,-0.69714934,Phrase,0
10.540725,-1.2200032,Phrase,2
7.5380697,-0.4339382,Phrase,2
7.762957,-1.8909124,Phrase,0
8.784772,0.14217354,Phrase,1
6.841487,0.06120135,Phrase,0
10.240126,-1.4975257,Phrase,2
7.6073956,-0.67594326,Phrase,2
10.950298,-3.3242645,Phrase,1
6.841939,-2.4654272,Phrase,0
5.989837,0.29616925,Phrase,1
8.914425,-1.2892853,Phrase,2
-5.8005652,2.5866024,Phrase,0
7.6246343,-1.0327423,Phrase,1
7.6963854,0.50916296,Phrase,1
8.152308,-1.263236,Phrase,2
7.1668763,-0.36776087,Phrase,1
5.8629646,-2.062751,Phrase,2
6.397752,-1.327246,Phrase,1
5.177594,-0.13982385,Phrase,1
6.955968,1.1503446,Phrase,1
8.536026,-0.9055243,Phrase,2
5.6511216,1.3688989,Phrase,1
8.71115,-0.4021039,Phrase,0
7.982934,-0.8137135,Phrase,2
7.7135124,-0.4989172,Phrase,0
6.4767046,-1.9838877,Phrase,2
9.424407,-2.5735035,Phrase,2
6.4522824,-0.5580878,Phrase,1
6.1433463,0.8488643,Phrase,1
9.5543585,-5.241177,Phrase,0
8.873547,-2.7591643,Phrase,0
6.6471887,0.6158778,Phrase,1
7.811983,-2.1908615,Phrase,2
10.848526,-1.8091472,Phrase,2
5.942397,0.18543379,Phrase,1
7.323433,-1.2083759,Phrase,2
9.821246,-3.9132137,Phrase,0
4.407522,-1.2332691,Phrase,2
5.4616218,-2.1803756,Phrase,0
7.568416,-2.0789266,Phrase,0
8.799416,0.0397912,Phrase,0
8.012858,-2.371224,Phrase,2
7.7040524,-0.7341103,Phrase,2
7.7735524,-1.4348608,Phrase,2
8.236651,-0.8157647,Phrase,1
9.8632145,-1.1002125,Phrase,2
10.380585,-0.8737964,Phrase,2
6.086183,-1.0964247,Phrase,0
5.547438,-0.65749097,Phrase,0
5.388789,-3.7334037,Phrase,2
8.680912,-2.813207,Phrase,2
9.443936,-3.847258,Phrase,1
8.200886,0.051413406,Phrase,1
8.571905,-1.8315932,Phrase,2
10.228473,-3.505575,Phrase,1
7.7575345,-0.09536327,Phrase,2
7.633786,-2.510608,Phrase,0
10.426839,-2.1362047,Phrase,2
5.6981297,1.3109838,Phrase,1
5.466617,-0.16230828,Phrase,0
7.364521,-2.1151931,Phrase,2
7.043443,-1.5537041,Phrase,2
10.307825,0.27365142,Phrase,0
10.020855,-5.107037,Phrase,0
10.299841,0.11387561,Phrase,2
10.831556,-1.7402128,Phrase,2
-5.86378,2.579814,Phrase,1
7.4867873,-1.5140107,Phrase,2
14.629121,-5.035226,Phrase,1
8.105418,0.5938553,Phrase,0
6.565513,-1.1832507,Phrase,2
10.672476,-1.6255163,Phrase,2
8.346717,-0.5537271,Phrase,0
9.142141,-1.5370007,Phrase,2
6.3788195,-0.023875074,Phrase,1
7.28838,-1.7293993,Phrase,2
9.076398,-1.9223828,Phrase,0
9.083015,-3.8444738,Phrase,0
7.0573497,-1.0393556,Phrase,2
8.570692,-2.0755982,Phrase,2
7.935972,-0.82424146,Phrase,2
10.522629,-4.7821875,Phrase,0
7.1776767,-2.0449564,Phrase,2
8.574711,-2.99376,Phrase,0
6.8695555,-1.6418438,Phrase,0
9.952682,-1.528669,Phrase,2
7.286512,0.3695296,Phrase,1
10.120286,-1.9808863,Phrase,2
6.1908875,0.25783065,Phrase,1
3.8269475,-1.1699079,Phrase,0
10.637964,-1.1674361,Phrase,2
8.859251,-3.983996,Phrase,0
8.718441,-1.171985,Phrase,1
8.076992,1.0352522,Phrase,1
10.536268,-1.1709083,Phrase,2
7.225589,-0.9558839,Phrase,0
7.9898458,-1.8924751,Phrase,2
5.7846107,-1.6479417,Phrase,1
7.4003577,-2.0770066,Phrase,2
8.485581,-1.0275692,Phrase,2
7.8111644,-1.6869031,Phrase,0
10.452375,-1.6317439,Phrase,2
8.925236,-2.5623195,Phrase,0
9.13847,-1.2931271,Phrase,1
7.95265,-0.35303578,Phrase,2
4.165765,-1.1460485,Phrase,0
8.971,-1.4493212,Phrase,2
9.13531,-1.9853187,Phrase,2
9.073885,-0.30466047,Phrase,0
5.873052,-0.9885111,Phrase,0
10.585878,-1.6768038,Phrase,2
6.0542674,-0.50532955,Phrase,2
9.148192,-2.0382714,Phrase,2
6.568313,-1.3602684,Phrase,0
7.8477335,-1.5354345,Phrase,0
8.136715,-1.6157541,Phrase,2
6.3881497,-1.7212975,Phrase,2
7.264015,0.5698343,Phrase,1
7.311616,-0.18101285,Phrase,1
6.5709276,-0.93968457,Phrase,2
9.512691,-4.133645,Phrase,0
7.274819,-1.9210069,Phrase,2
9.053441,-1.4317265,Phrase,1
11.949107,-3.5319743,Phrase,1
6.596549,-0.9271404,Phrase,2
7.0838966,0.12601961,Phrase,0
7.2298512,1.2503383,Phrase,0
9.52916,-4.3246903,Phrase,0
8.422163,0.4805892,Phrase,2
9.128759,-2.1780155,Phrase,2
7.3511586,-1.684796,Phrase,2
5.5106606,-1.9740936,Phrase,0
7.901472,-1.3702812,Phrase,2
10.18711,-3.1320179,Phrase,0
8.967586,-1.4713931,Phrase,2
7.5849032,-0.89273655,Phrase,2
7.4562564,0.7144048,Phrase,1
7.9198546,-1.1592888,Phrase,2
9.339172,-0.6217032,Phrase,2
5.993005,-1.4858197,Phrase,2
8.177979,-2.234114,Phrase,0
10.481795,-1.3178022,Phrase,1
9.273072,-1.5665268,Phrase,1
7.4698253,-1.0971967,Phrase,2
10.805029,-1.4502661,Phrase,2
7.7266808,-2.201239,Phrase,0
10.485982,-0.8077747,Phrase,2
9.282374,4.166211,Phrase,1
8.837864,-3.1232622,Phrase,0
5.6442127,-1.128559,Phrase,1
9.65623,-3.2588887,Phrase,0
8.288017,0.15803355,Phrase,1
6.3371243,-0.91594094,Phrase,1
9.480265,-1.0261307,Phrase,0
10.643726,-3.4299734,Phrase,0
5.9683905,-0.65652037,Phrase,1
8.615688,-0.9852971,Phrase,0
8.421629,0.5753857,Phrase,2
9.143911,-0.92766565,Phrase,0
7.876096,-1.8305763,Phrase,0
7.523319,-1.4991541,Phrase,2
7.4119787,-0.95319074,Phrase,2
5.863912,-0.96388876,Phrase,0
9.774178,-5.829122,Phrase,0
8.960358,-1.2956115,Phrase,2
6.6417274,0.9006564,Phrase,1
7.550824,0.10419249,Phrase,0
9.700627,-1.5456865,Phrase,2
9.68927,-3.1001108,Phrase,2
7.3550653,-2.1804612,Phrase,0
8.490299,0.09617535,Phrase,0
5.4065485,-0.21222985,Phrase,1
10.117122,-1.6582818,Phrase,2
10.765754,-1.4074006,Phrase,2
4.2546782,1.7180276,Phrase,0
9.10359,-0.8882653,Phrase,2
7.1206727,-0.16448784,Phrase,1
5.4378996,0.029800678,Phrase,0
6.488939,-1.1774838,Phrase,0
10.168677,-1.3731517,Phrase,2
7.385235,-1.6464441,Phrase,0
9.306506,-2.3026109,Phrase,0
11.46945,-3.5105152,Phrase,1
10.267157,-1.8231053,Phrase,2
8.244019,-2.5980372,Phrase,0
11.5553665,-4.88771,Phrase,0
5.2731023,-0.6567637,Phrase,0
7.127927,-2.4748971,Phrase,0
7.3539715,0.42649338,Phrase,1
10.23188,-2.4032972,Phrase,2
10.549167,-2.1341045,Phrase,2
9.79738,-0.20719723,Phrase,1
7.895573,0.5676519,Phrase,0
10.253528,-1.9347482,Phrase,2
7.980838,-0.51885706,Phrase,2
8.750618,-0.10341077,Phrase,2
8.209799,0.7672324,Phrase,1
7.1203775,-0.09346957,Phrase,0
4.2863693,-1.2788541,Phrase,0
8.483655,-0.88475484,Phrase,0
8.4535885,0.23313169,Phrase,1
9.983636,-5.087271,Phrase,0
7.1430874,-0.7565427,Phrase,1
3.7902055,-0.79272914,Phrase,1
5.9585085,-1.5474306,Phrase,1
8.162692,-1.0543956,Phrase,2
8.029619,-0.72882015,Phrase,2
8.164552,-1.2774718,Phrase,1
4.5905695,-1.1617312,Phrase,0
9.002348,-3.9061906,Phrase,0
8.261944,-2.1684897,Phrase,0
7.028094,-1.8771477,Phrase,2
7.797315,-1.1603042,Phrase,2
8.457152,-1.7801658,Phrase,0
11.675469,-3.6308131,Phrase,1
9.76032,-2.2960942,Phrase,2
8.930946,0.25249577,Phrase,0
7.2140956,1.1422927,Phrase,1
10.928439,-1.9840362,Phrase,2
5.6943135,-1.9468653,Phrase,0
6.5741944,-0.9595859,Phrase,2
9.691569,-4.3956976,Phrase,0
9.125605,-1.8455383,Phrase,2
10.089229,-1.8221222,Phrase,2
7.7667313,-1.7989155,Phrase,2
6.2299314,-1.7005488,Phrase,2
6.820484,-0.9315421,Phrase,2
6.096667,-0.034879424,Phrase,1
10.148949,-4.0930176,Phrase,0
6.6065164,-0.8508305,Phrase,1
4.2602434,-1.20115,Phrase,0
4.83067,-0.56656975,Phrase,1
10.113805,-0.10968427,Phrase,2
7.4832797,-0.69477266,Phrase,2
11.463089,-3.7865744,Phrase,1
5.7527404,-2.5670526,Phrase,2
8.324114,-2.5592759,Phrase,0
7.939468,-2.7901444,Phrase,0
4.345005,-2.5337214,Phrase,2
10.828323,-1.7946744,Phrase,2
10.346347,-4.1492705,Phrase,1
8.392713,0.19733486,Phrase,0
8.748881,-0.07962034,Phrase,2
10.292483,-4.352092,Phrase,0
7.0853915,-0.68829733,Phrase,2
9.223934,-2.943691,Phrase,0
9.06389,-3.3960843,Phrase,2
6.407477,-1.2687923,Phrase,2
7.1507382,-2.046486,Phrase,0
6.4031553,-1.666843,Phrase,1
8.138857,-1.0334666,Phrase,2
8.9263735,-1.97273,Phrase,0
7.2830353,-1.3389285,Phrase,2
6.5230536,-1.4333885,Phrase,2
7.9398937,-1.1297348,Phrase,2
10.6009035,-1.089113,Phrase,2
7.4173884,-1.7808346,Phrase,2
7.654505,0.014554529,Phrase,1
7.5124288,-0.92070043,Phrase,2
5.284134,0.67865884,Phrase,1
5.057276,-0.32293963,Phrase,0
9.278552,-4.696672,Phrase,0
10.891429,-1.7138149,Phrase,2
9.638558,-4.894865,Phrase,0
6.2690334,-1.5498842,Phrase,2
11.01903,-3.3132288,Phrase,1
8.958588,-2.4822922,Phrase,2
5.4571114,-0.876739,Phrase,0
5.211907,-1.7361277,Phrase,0
8.307016,-0.44501525,Phrase,2
7.3996644,-2.2035375,Phrase,2
9.781055,-3.1911576,Phrase,2
7.5889044,-1.4146221,Phrase,0
9.356339,-4.161127,Phrase,0
6.635015,-0.87374425,Phrase,0
6.0903654,-1.0173407,Phrase,2
9.013882,-0.7166298,Phrase,2
9.226747,-0.54365784,Phrase,2
10.642808,-0.94453925,Phrase,2
8.932382,-1.6942475,Phrase,2
10.09164,-2.6226914,Phrase,2
6.594534,-0.93250805,Phrase,2
6.692419,0.7884841,Phrase,1
10.6602,-1.0114094,Phrase,1
7.2165217,-1.0710822,Phrase,2
6.6440263,0.7092229,Phrase,1
8.5114975,-0.3987914,Phrase,0
6.2996,-1.2930485,Phrase,0
7.470721,-0.79793626,Phrase,2
7.8468943,-1.0073534,Phrase,0
9.621701,-3.534988,Phrase,0
6.985761,-0.38499776,Phrase,0
6.885467,-0.66030395,Phrase,2
8.71576,-3.2100356,Phrase,0
8.899734,0.23237808,Phrase,0
4.9698777,-0.15466717,Phrase,0
6.7302876,0.7270301,Phrase,1
3.8080544,-0.7420032,Phrase,1
5.424653,-0.22664268,Phrase,0
9.319489,-4.8476396,Phrase,0
7.4231453,1.6261117,Phrase,1
8.560168,-2.2999816,Phrase,0
7.20946,0.7364043,Phrase,1
6.9486175,-0.435707,Phrase,0
8.155886,-2.2544916,Phrase,0
10.34831,-1.5100005,Phrase,2
11.137496,-1.7180609,Phrase,2
5.6050496,-0.795781,Phrase,1
11.045658,-4.198035,Phrase,0
7.0705667,-0.41829956,Phrase,0
4.7700877,-0.5903032,Phrase,2
6.2421274,0.62375927,Phrase,1
10.955251,-1.9188193,Phrase,2
6.8959303,-1.9360589,Phrase,2
9.16333,-2.0753434,Phrase,2
8.437136,-0.57708967,Phrase,0
7.365847,0.12486684,Phrase,1
6.9475017,-1.903677,Phrase,2
7.3438325,-1.2426432,Phrase,0
8.070523,0.52626383,Phrase,0
6.230695,-1.5781268,Phrase,2
9.287735,-1.4973663,Phrase,2
8.501581,-1.8704838,Phrase,2
8.212039,-0.7805629,Phrase,2
5.675664,1.3505087,Phrase,1
7.554556,-1.6423981,Phrase,2
8.391206,-2.9388475,Phrase,0
9.189095,-2.818649,Phrase,2
10.745367,-2.1108172,Phrase,2
8.235995,-2.8647866,Phrase,0
7.239265,-1.0688632,Phrase,2
10.213143,-1.6624166,Phrase,2
8.265962,3.1002467,Phrase,1
7.1098804,-1.6185504,Phrase,0
5.3888226,0.2934889,Phrase,1
11.538051,-4.471522,Phrase,0
7.748163,-1.4022429,Phrase,0
4.357801,-2.5995648,Phrase,2
9.795769,-0.37742782,Phrase,1
8.191553,-2.020026,Phrase,1
6.0534678,-1.2223455,Phrase,0
9.398332,-3.824665,Phrase,0
8.206324,-2.33013,Phrase,0
6.712777,0.752498,Phrase,1
5.949844,0.4165763,Phrase,2
6.661383,0.71818227,Phrase,1
8.503166,-1.8929005,Phrase,2
8.090534,-1.5704626,Phrase,2
9.535691,-1.260148,Phrase,1
3.7517533,-0.75816953,Phrase,1
11.590826,-3.710421,Phrase,1
7.632138,-2.177252,Phrase,2
8.87991,0.17892724,Phrase,0
10.942253,-3.2336116,Phrase,0
8.011932,-0.06561334,Phrase,1
11.903308,-3.8047545,Phrase,1
14.627756,-5.033895,Phrase,1
5.791641,-2.730286,Phrase,0
7.1636057,-0.69753325,Phrase,2
8.789101,-2.1817389,Phrase,2
9.68032,-3.4774082,Phrase,0
8.96014,-1.0983692,Phrase,0
11.670937,-4.863853,Phrase,1
7.5139985,-0.58734584,Phrase,2
6.3860216,-1.3452343,Phrase,1
7.9703217,-1.6954619,Phrase,1
7.7060738,-0.97153044,Phrase,0
5.8492346,-1.7698876,Phrase,1
10.32872,-3.57469,Phrase,0
11.7706,-3.350216,Phrase,0
9.998341,-4.9316764,Phrase,0
5.7965527,-0.9696859,Phrase,0
9.487139,-3.693095,Phrase,0
6.5972486,-1.1356183,Phrase,1
10.260549,-4.820161,Phrase,0
8.260063,-2.3833036,Phrase,0
9.079073,0.09232125,Phrase,0
6.9746375,-1.2267059,Phrase,2
7.7220116,-2.3496823,Phrase,0
9.806392,-1.7753361,Phrase,2
8.684012,-3.027194,Phrase,2
10.598562,-1.7307838,Phrase,2
7.387577,-0.72360384,Phrase,2
10.272367,0.17711796,Phrase,1
6.9392633,-0.37241134,Phrase,1
8.80171,-2.385237,Phrase,2
8.636092,-0.5167477,Phrase,2
10.260411,0.18152533,Phrase,2
6.5375023,-1.8573595,Phrase,2
6.3920617,-1.8388895,Phrase,2
6.776282,-1.1008626,Phrase,0
8.563169,-2.4066052,Phrase,2
8.146443,-1.5904819,Phrase,0
10.448755,-3.5414493,Phrase,0
9.880373,0.51626235,Phrase,1
9.160484,-2.2026503,Phrase,0
8.515338,-2.3973,Phrase,0
10.371416,-1.8617326,Phrase,2
10.144594,-4.312862,Phrase,0
8.550714,-1.5054419,Phrase,2
6.755214,-1.530529,Phrase,1
6.0293565,-1.3044862,Phrase,1
9.538258,-2.0339835,Phrase,2
6.7576447,-1.2376165,Phrase,2
11.73575,-4.9452896,Phrase,1
8.965124,-1.1690848,Phrase,2
7.1457586,0.009801593,Phrase,2
7.032903,-2.1272635,Phrase,2
7.9733305,-0.5718731,Phrase,2
9.703629,-1.9421235,Phrase,2
8.01164,-1.0020983,Phrase,1
6.825853,1.3363158,Phrase,1
9.98124,-2.051917,Phrase,2
11.610446,-3.2973328,Phrase,0
8.53498,0.4946331,Phrase,0
8.885252,0.28164694,Phrase,1
4.477876,-1.9510897,Phrase,0
6.6016736,-0.038784385,Phrase,1
8.781231,-1.2161614,Phrase,2
7.563075,-1.5787284,Phrase,2
5.6193633,-0.3298109,Phrase,1
9.275381,-5.5404787,Phrase,0
10.960448,-1.5081285,Phrase,2
10.731759,-2.006988,Phrase,2
8.060327,-2.0937097,Phrase,2
8.493809,-3.0968692,Phrase,0
9.420209,-2.5325527,Phrase,0
6.824449,-1.749704,Phrase,2
9.360706,-4.2508597,Phrase,0
5.8493347,-1.1714426,Phrase,0
9.694415,-3.2030036,Phrase,0
5.3747363,-1.649638,Phrase,0
9.781214,-0.22649084,Phrase,0
10.271543,-3.6432338,Phrase,0
6.392087,-0.31385466,Phrase,1
6.884525,-0.5444892,Phrase,2
6.7286215,-0.17506126,Phrase,1
7.5816345,-1.9885291,Phrase,2
8.512171,-1.8015015,Phrase,2
6.2411275,-1.0561767,Phrase,2
7.5178466,-1.1770391,Phrase,0
9.9338,-0.91111076,Phrase,2
10.504957,-1.6533443,Phrase,2
8.335529,-1.9283478,Phrase,0
9.85039,-0.5027328,Phrase,0
7.3710413,-0.86487883,Phrase,0
4.138766,-1.6093423,Phrase,0
10.269265,-1.6674932,Phrase,2
10.055579,-4.640552,Phrase,0
7.7487607,-0.50166917,Phrase,2
11.649481,-4.0084486,Phrase,0
8.070393,-1.2652555,Phrase,0
5.4573736,-0.13070187,Phrase,1
7.9151864,-0.39709115,Phrase,2
9.548534,-1.0091499,Phrase,2
9.474858,-1.7236246,Phrase,0
10.045792,-3.130852,Phrase,1
6.783701,-2.8354824,Phrase,2
6.9908805,-0.8418808,Phrase,2
5.396535,0.31746057,Phrase,1
10.102041,-1.9053087,Phrase,2
6.743652,-2.1975045,Phrase,2
7.6957293,-1.2940378,Phrase,2
8.316285,-0.8846431,Phrase,0
9.114174,-2.0094666,Phrase,2
9.327237,-2.9142349,Phrase,0
9.645453,-1.4915664,Phrase,2
11.023305,-4.9327235,Phrase,0
7.7839527,-1.857882,Phrase,0
7.565763,-1.7986087,Phrase,2
10.182393,-4.393,Phrase,0
8.086133,-1.0571352,Phrase,0
11.279563,-4.9093947,Phrase,0
10.231722,-3.6451373,Phrase,0
10.148367,-3.5055466,Phrase,0
2.7329879,-1.2827725,Phrase,0
6.2367253,0.29965687,Phrase,1
6.0035715,-0.1880719,Phrase,1
6.645229,-1.043888,Phrase,2
5.7660823,1.0047276,Phrase,1
9.791844,-3.1270466,Phrase,2
8.387316,0.5923023,Phrase,1
8.525313,-0.96745795,Phrase,0
8.422631,-0.6066931,Phrase,2
9.987655,-1.3938866,Phrase,2
8.331277,-2.1178622,Phrase,2
4.596412,-1.8472269,Phrase,0
5.7647657,-1.5622118,Phrase,1
8.939598,-1.7766908,Phrase,2
6.626736,-0.29986644,Phrase,1
7.6574354,1.6472845,Phrase,1
10.118266,-1.8430668,Phrase,2
5.220881,0.3560138,Phrase,1
6.99439,-0.46017456,Phrase,2
4.9468603,-1.5654163,Phrase,0
11.113719,-1.9772551,Phrase,1
8.109833,-0.66060257,Phrase,0
6.7708745,-0.75206244,Phrase,1
5.042174,0.61017233,Phrase,1
7.511735,-0.87564045,Phrase,2
6.408662,-0.23778556,Phrase,1
8.63606,-1.509148,Phrase,2
10.162141,-4.122198,Phrase,0
6.8007584,-2.1761253,Phrase,2
7.4806857,-0.5313483,Phrase,1
6.807561,-0.13514379,Phrase,1
9.332992,-3.5519645,Phrase,0
5.7729015,-1.8875953,Phrase,2
11.470129,-4.9428096,Phrase,0
10.056574,-4.078938,Phrase,0
4.700403,-1.4545035,Phrase,1
9.939815,-2.780496,Phrase,2
8.195452,-1.2109472,Phrase,0
9.292103,0.08171996,Phrase,1
7.777328,0.6259894,Phrase,1
7.932383,-0.0050879894,Phrase,2
5.211949,-0.4090184,Phrase,1
7.0554185,-1.6289438,Phrase,2
8.250864,-1.6155928,Phrase,0
7.681479,-1.7968756,Phrase,0
7.2614975,-1.0593666,Phrase,0
11.318186,-5.2295938,Phrase,1
5.6509895,-2.2409031,Phrase,1
8.615109,-1.2449687,Phrase,1
6.575301,-0.33444148,Phrase,2
10.99398,-1.9103554,Phrase,2
8.19162,-1.5596101,Phrase,2
6.1724944,0.43823785,Phrase,1
9.28427,4.1688113,Phrase,1
6.922346,-1.6723114,Phrase,2
8.370276,0.11688924,Phrase,0
7.815181,-0.17967913,Phrase,2
5.760815,-0.8074245,Phrase,0
10.515035,-1.0892497,Phrase,2
8.825892,-2.624747,Phrase,2
9.391034,-4.797959,Phrase,0
9.283357,4.1682787,Phrase,1
9.07867,-1.3563266,Phrase,2
7.3472204,-0.9578769,Phrase,2
5.869764,-2.6186705,Phrase,2
11.596254,-5.140124,Phrase,0
10.660633,-1.7497847,Phrase,2
7.672093,-2.249023,Phrase,0
11.045304,-2.0333815,Phrase,2
9.890397,-0.80814147,Phrase,2
8.411793,0.5698916,Phrase,2
10.529548,-3.3384535,Phrase,1
9.246572,-0.7860687,Phrase,2
10.748413,-3.287002,Phrase,1
6.6421037,0.52438825,Phrase,1
5.7572436,-1.0943941,Phrase,1
6.800921,8.031804,Phrase,1
6.590037,-1.31668,Phrase,2
7.643199,-0.02506055,Phrase,1
6.886931,0.72119075,Phrase,1
5.1134973,-0.2944604,Phrase,0
5.9718714,-1.3382597,Phrase,2
7.1830926,-0.0063241,Phrase,0
8.8491745,0.19768037,Phrase,0
6.141505,-1.5452745,Phrase,2
6.2621555,0.31552166,Phrase,1
9.408257,-3.0614858,Phrase,2
6.4836307,-1.1875135,Phrase,2
7.9350986,-1.2193286,Phrase,2
8.947869,-1.0927563,Phrase,1
9.566675,-4.539499,Phrase,0
5.663753,-0.28690836,Phrase,0
6.0508375,0.15608147,Phrase,2
14.627452,-5.033348,Phrase,1
9.245975,-0.838163,Phrase,2
5.635602,-0.3169505,Phrase,0
10.944337,-4.1848803,Phrase,0
10.674672,-3.312425,Phrase,1
6.6538687,-0.6083512,Phrase,1
8.204254,-0.2949292,Phrase,0
11.03562,-1.4879875,Phrase,2
3.7565238,-0.80641663,Phrase,1
10.808139,-2.3756132,Phrase,2
7.9583473,-0.13979034,Phrase,2
7.21263,1.063753,Phrase,1
8.159213,-2.2803645,Phrase,0
8.047132,-1.8923047,Phrase,2
3.8153927,-0.7821127,Phrase,0
6.6191955,0.024571694,Phrase,1
6.7806206,7.9736156,Phrase,0
8.829542,0.26005673,Phrase,0
9.63648,-0.50506586,Phrase,1
10.439273,-1.8792671,Phrase,2
7.246627,-0.10557765,Phrase,1
10.425264,-1.9130278,Phrase,2
4.5301332,-1.4478649,Phrase,0
8.351711,-1.727204,Phrase,0
8.772839,-1.9823562,Phrase,0
7.60068,-0.43061998,Phrase,0
6.627365,-1.4710448,Phrase,2
6.7704635,-0.68093556,Phrase,2
6.943437,-0.692042,Phrase,0
9.681718,-3.181689,Phrase,2
9.041582,-2.013495,Phrase,2
9.059698,-1.0604564,Phrase,2
7.407732,-0.956819,Phrase,2
4.3365283,-1.0676297,Phrase,1
11.603852,-3.679474,Phrase,1
6.072422,-1.7775184,Phrase,2
10.206615,-0.72994393,Phrase,1
11.649722,-5.0895333,Phrase,1
8.597853,-2.318682,Phrase,2
9.647105,-3.203978,Phrase,2
8.638891,-2.8062985,Phrase,2
10.544176,-1.2525674,Phrase,2
9.006625,-1.652327,Phrase,0
6.721646,-0.34531844,Phrase,2
14.585034,-4.984771,Phrase,1
11.552238,-3.628236,Phrase,1
9.444578,-1.6815765,Phrase,2
6.3892655,-0.7965841,Phrase,1
6.77528,-1.8217152,Phrase,2
6.965959,-0.3797669,Phrase,1
9.564269,-0.4961129,Phrase,2
6.885352,-2.5707493,Phrase,0
6.0888247,-1.4739941,Phrase,1
9.621253,-3.9254978,Phrase,0
3.5895479,-1.2889718,Phrase,1
8.369144,0.11627685,Phrase,1
5.252605,-1.0504717,Phrase,0
6.9732857,-0.52605414,Phrase,2
8.006344,0.27039933,Phrase,1
9.655327,-1.6726587,Phrase,2
10.505046,-1.6049742,Phrase,2
9.774181,-2.6588354,Phrase,2
9.480786,-0.6756104,Phrase,2
4.9457703,-1.068971,Phrase,0
11.738793,-4.946067,Phrase,1
11.0525465,-2.1424367,Phrase,2
6.372653,0.56990945,Phrase,1
8.743063,-3.609026,Phrase,0
8.247279,-0.14877504,Phrase,1
6.544833,-2.492566,Phrase,2
10.078108,-1.4117148,Phrase,2
5.6877875,-0.94049144,Phrase,0
7.3931856,-0.9595593,Phrase,2
6.6313796,0.36456636,Phrase,1
7.000383,-0.1562913,Phrase,2
7.809024,0.45272028,Phrase,1
4.4883156,-1.9449818,Phrase,1
6.058404,0.18258068,Phrase,1
9.039001,-2.0610235,Phrase,1
9.803087,-5.8340087,Phrase,0
6.817863,-0.7888451,Phrase,1
8.54579,-5.102213,Phrase,0
8.360217,-2.7280326,Phrase,0
4.3529778,-0.8363913,Phrase,2
7.606122,-1.0826812,Phrase,0
11.611268,-3.7027905,Phrase,1
6.6866746,-0.9970688,Phrase,2
10.735444,-1.3758279,Phrase,2
6.308703,-0.8356122,Phrase,0
8.785367,0.024105078,Phrase,0
10.111485,-4.2948446,Phrase,0
10.248334,-2.2859075,Phrase,2
7.3951197,-1.6799544,Phrase,0
7.0810523,-2.124588,Phrase,2
4.7065077,-1.515787,Phrase,2
8.22028,-0.77369756,Phrase,2
7.437328,0.49485418,Phrase,1
5.2499657,0.68992335,Phrase,1
8.850463,0.035056964,Phrase,2
8.862239,0.13888556,Phrase,0
10.153449,-1.5852832,Phrase,2
8.215194,-1.5102863,Phrase,1
8.091633,-1.6604553,Phrase,0
8.300765,0.124102086,Phrase,1
7.4260697,-0.5741339,Phrase,2
9.866101,-1.2057496,Phrase,2
5.250763,-0.32893088,Phrase,0
7.0425143,-1.6844822,Phrase,0
8.900127,-1.8909106,Phrase,1
9.859193,-2.3021004,Phrase,2
11.949031,-4.5307636,Phrase,1
5.0468984,-0.6637821,Phrase,0
5.131797,0.56905025,Phrase,1
11.568713,-3.659444,Phrase,2
8.07739,-1.3084997,Phrase,2
9.384879,-5.890087,Phrase,0
10.800598,-2.0542078,Phrase,2
5.6891007,1.3169512,Phrase,1
5.8625793,-0.031669524,Phrase,0
10.212557,0.21772197,Phrase,2
8.3326,-0.32194608,Phrase,2
10.166521,-1.1942517,Phrase,2
8.436793,-1.3837345,Phrase,2
8.482427,-2.2052891,Phrase,0
7.636076,-0.5048009,Phrase,2
7.959175,-0.85217714,Phrase,0
8.709593,-2.6803637,Phrase,0
5.2640553,-1.1284493,Phrase,0
8.765517,-2.1607852,Phrase,0
8.033033,-1.7072624,Phrase,0
6.649019,-1.9575653,Phrase,1
3.787158,-0.7442092,Phrase,1
9.668071,-3.347377,Phrase,0
7.8710423,-2.830962,Phrase,0
10.159622,-2.0032527,Phrase,2
9.460806,-3.4200802,Phrase,0
10.338588,-1.8892328,Phrase,2
9.333824,-3.0995753,Phrase,2
7.563328,-1.3649305,Phrase,0
7.5372252,-0.4702721,Phrase,1
5.145962,-1.0166125,Phrase,0
9.107804,-1.0882865,Phrase,2
8.6757,-0.13099569,Phrase,0
6.759023,-3.2376184,Phrase,2
7.298581,-1.0927304,Phrase,2
9.249321,-2.4637575,Phrase,0
9.008034,-1.7520518,Phrase,2
7.3845415,1.6328932,Phrase,1
6.129624,-3.1302314,Phrase,0
10.842719,-2.1331477,Phrase,2
4.261341,-1.5999998,Phrase,0
8.793235,-0.83323765,Phrase,1
7.653331,-2.0383372,Phrase,0
11.019103,-1.9078765,Phrase,2
9.331409,-1.4260852,Phrase,2
8.091371,-1.4309175,Phrase,0
11.314095,-5.2470956,Phrase,1
10.504551,-4.0854907,Phrase,0
11.980878,-3.5315516,Phrase,1
11.0615635,-2.0677855,Phrase,2
11.034519,-3.3061717,Phrase,2
6.374182,0.74687296,Phrase,1
6.929599,-1.8170272,Phrase,2
7.222599,0.25947538,Phrase,1
6.3016424,-1.4670213,Phrase,1
9.954654,-1.9586488,Phrase,2
7.620759,1.3738289,Phrase,1
8.749359,-2.5962338,Phrase,2
8.994952,0.1861502,Phrase,0
10.224953,-1.1735568,Phrase,2
11.090792,-1.3435379,Phrase,1
9.024692,-4.5634875,Phrase,0
6.2273607,-1.4047563,Phrase,2
5.86936,0.0653808,Phrase,1
10.4274845,-1.3904724,Phrase,2
10.308021,-1.6311705,Phrase,2
7.86673,0.011263768,Phrase,1
10.2859535,0.3761771,Phrase,1
7.430282,1.3081851,Phrase,1
5.2549124,-0.05238892,Phrase,0
7.584355,-0.10201885,Phrase,1
6.4602118,0.8147899,Phrase,1
5.9149323,-2.4324853,Phrase,1
6.8377223,-1.4834496,Phrase,2
7.6403356,0.48201516,Phrase,1
9.484325,-1.200355,Phrase,2
11.375949,-3.9502976,Phrase,0
5.688436,-2.415446,Phrase,0
9.767205,-1.6133456,Phrase,2
8.189621,-1.2997823,Phrase,2
7.732496,-1.8125448,Phrase,2
6.191113,-1.5660084,Phrase,2
4.658002,-0.08311909,Phrase,1
6.9282846,-1.1553764,Phrase,2
5.7443237,1.2415416,Phrase,1
6.5838876,-0.622365,Phrase,0
7.063229,1.1219751,Phrase,1
7.3265476,-2.0619864,Phrase,2
8.616532,-2.7460873,Phrase,0
10.203121,-0.7524019,Phrase,1
11.454846,-4.7040267,Phrase,1
8.266513,3.1023374,Phrase,1
11.076189,-5.036859,Phrase,0
5.56261,-1.7079914,Phrase,1
7.835343,-0.3932923,Phrase,2
5.45886,-3.7322075,Phrase,2
7.6017976,-1.44725,Phrase,2
6.8439274,-0.23096614,Phrase,1
9.072334,-0.8867619,Phrase,0
6.6673393,-0.8477414,Phrase,2
8.045002,-2.0436323,Phrase,0
9.317551,-3.0369492,Phrase,2
5.64357,-1.9061103,Phrase,2
9.578099,-1.0253797,Phrase,2
3.74135,-0.76662886,Phrase,0
5.476048,-1.2457272,Phrase,0
5.8684382,-1.5782398,Phrase,2
8.096111,0.12694095,Phrase,1
-5.862332,2.5751686,Phrase,1
8.1839,-2.3985622,Phrase,0
7.4341974,1.1383089,Phrase,1
7.9970818,0.87199044,Phrase,0
6.259153,-1.3880448,Phrase,1
9.089277,-1.79385,Phrase,2
8.94589,0.30850583,Phrase,1
7.7592964,-2.485052,Phrase,0
7.3056526,1.410547,Phrase,1
7.4495354,-0.5512388,Phrase,2
6.407472,0.86226445,Phrase,1
8.004288,-1.4318821,Phrase,0
10.376142,-1.4744118,Phrase,2
9.263642,4.147677,Phrase,1
7.7742615,-1.4083582,Phrase,0
7.4301944,-2.101098,Phrase,0
6.9109674,-1.0495709,Phrase,0
7.962317,0.6643437,Phrase,2
7.277126,-2.6817632,Phrase,2
7.231912,-0.91199833,Phrase,2
8.441495,-2.3906844,Phrase,1
10.476401,-3.7259517,Phrase,0
7.7192874,-0.96612835,Phrase,2
-5.839842,2.5663662,Phrase,1
7.3948226,1.5067149,Phrase,1
9.850325,-3.3963542,Phrase,0
9.579421,-4.3418903,Phrase,0
7.54668,-1.5069008,Phrase,1
-5.898881,2.6073043,Phrase,1
6.0157876,0.12961248,Phrase,1
9.2385845,-2.3689287,Phrase,0
6.741648,-2.1880016,Phrase,2
4.3486032,-2.493073,Phrase,1
10.3908415,-2.0782177,Phrase,2
9.120125,-1.7078794,Phrase,2
8.830855,0.038562022,Phrase,0
8.824965,-1.1951784,Phrase,1
7.872012,0.4551846,Phrase,1
7.99905,-1.8084645,Phrase,0
9.335789,-4.152933,Phrase,0
7.89373,0.35261717,Phrase,0
7.072478,-0.8415666,Phrase,2
10.093982,-2.344172,Phrase,2
7.402636,-2.5016649,Phrase,2
5.7589164,-0.39498162,Phrase,0
7.2786837,-0.01192625,Phrase,2
9.916187,-1.6500607,Phrase,2
6.2089705,-1.590707,Phrase,2
6.5532274,0.048344262,Phrase,1
7.708544,-1.6019377,Phrase,2
6.9627237,0.121039465,Phrase,0
8.641036,-1.6168056,Phrase,2
11.894476,-3.2093666,Phrase,0
9.7626505,-3.7086654,Phrase,0
7.1568365,-1.7868156,Phrase,1
10.585249,-1.1056086,Phrase,2
7.9393234,-5.5378523,Phrase,0
10.314762,-1.017083,Phrase,2
10.9806185,-1.935172,Phrase,2
11.172063,-5.1512876,Phrase,1
8.412133,-1.2834601,Phrase,2
10.662698,-1.3456664,Phrase,2
7.431667,-0.15808359,Phrase,0
6.275955,-0.42035186,Phrase,0
5.7845893,-1.1189228,Phrase,0
9.733088,-2.0595176,Phrase,2
7.4048233,-2.384324,Phrase,0
10.029925,-2.4935405,Phrase,2
10.373114,-3.6273525,Phrase,1
8.159383,-5.923802,Phrase,0
11.461388,-4.7045965,Phrase,1
8.581458,-0.33122233,Phrase,1
6.373608,-0.10219651,Phrase,1
9.445044,-4.9734545,Phrase,0
5.8939905,0.77721995,Phrase,1
6.8844,-1.0618666,Phrase,2
7.833636,0.28315958,Phrase,1
9.66408,-0.20397402,Phrase,1
10.884547,-1.9405854,Phrase,2
7.907118,-1.9516419,Phrase,0
5.9641604,-2.2640722,Phrase,2
5.1907496,-0.41480765,Phrase,0
8.719485,-2.1366794,Phrase,2
11.382771,-4.73052,Phrase,1
9.432445,-3.3393064,Phrase,0
7.085526,-2.0983484,Phrase,0
9.791241,-2.6233008,Phrase,0
6.5307293,-1.9690892,Phrase,0
7.4599695,-0.6151108,Phrase,0
8.332063,-0.806532,Phrase,0
7.6461253,-2.4244022,Phrase,2
8.959329,-3.5122786,Phrase,0
11.149199,-3.4216008,Phrase,0
7.8335843,-0.6979513,Phrase,2
6.8222685,1.3136965,Phrase,1
8.96504,-2.455702,Phrase,2
7.006088,-0.7539,Phrase,2
10.72563,-2.0370998,Phrase,2
7.033491,-0.2265748,Phrase,1
5.0944247,0.017831052,Phrase,1
8.390805,-0.8479055,Phrase,2
9.330353,-2.9710865,Phrase,1
7.9687743,-2.2799814,Phrase,0
6.0935154,-0.89105165,Phrase,1
10.16907,2.5821486,Phrase,1
10.780546,-1.8575497,Phrase,2
8.062964,-1.3663474,Phrase,2
8.815641,-1.1000165,Phrase,2
6.150164,-2.8449962,Phrase,2
7.1349564,-1.2353625,Phrase,2
4.8645496,-0.15274075,Phrase,0
9.543383,-4.2394247,Phrase,0
7.3737497,1.8027601,Phrase,1
9.813848,-1.4753481,Phrase,2
9.174952,-2.7025554,Phrase,2
7.313399,-1.1991398,Phrase,0
8.787088,0.105351925,Phrase,2
8.883757,-0.16431542,Phrase,2
9.065059,-2.4107583,Phrase,1
9.364984,-2.9794717,Phrase,2
10.014961,0.40022463,Phrase,1
8.415852,-1.1393154,Phrase,1
8.385826,0.7359302,Phrase,1
10.921185,-1.3814509,Phrase,2
9.65799,-3.529764,Phrase,0
6.911096,-1.9295783,Phrase,2
8.005417,-1.0124122,Phrase,2
7.4641795,-1.2472893,Phrase,2
9.339089,-2.0687008,Phrase,2
7.8995576,-0.41603243,Phrase,1
7.564136,0.12641339,Phrase,1
6.991719,-0.6801303,Phrase,1
7.894208,0.31045133,Phrase,2
7.1500697,-1.198072,Phrase,2
8.888085,-3.58232,Phrase,0
6.2925973,-1.5262588,Phrase,2
11.656458,-4.4083605,Phrase,1
8.217333,-1.9781244,Phrase,2
6.048491,0.097556606,Phrase,1
8.181306,-2.2046204,Phrase,0
3.956703,-0.97132194,Phrase,0
