x,y,boundary_type,cluster_id
9.068736,15.225448,Sentence,2
10.19649,11.332639,Sentence,3
7.986959,10.721079,Sentence,0
9.910179,11.544164,Sentence,1
8.732654,14.22488,Sentence,2
7.646741,11.153842,Sentence,0
7.540945,12.523307,Sentence,0
7.919767,12.788202,Sentence,0
10.342839,9.767456,Sentence,1
8.230722,12.258765,Sentence,1
9.221335,13.986127,Sentence,2
9.356938,13.321537,Sentence,2
8.230546,13.090953,Sentence,2
12.454963,11.752487,Sentence,3
12.12774,10.4910555,Sentence,1
8.57554,11.807918,Sentence,1
7.6115866,13.615845,Sentence,2
10.473343,19.997826,Sentence,1
8.536416,13.128264,Sentence,0
9.357147,13.970892,Sentence,2
8.06568,12.463996,Sentence,0
7.975511,11.304451,Sentence,0
11.356009,10.655848,Sentence,1
10.193269,11.659104,Sentence,1
7.906067,12.932906,Sentence,2
7.644441,11.765491,Sentence,0
8.584928,12.526666,Sentence,0
9.054582,11.782259,Sentence,0
9.217961,10.663443,Sentence,1
8.502053,13.113439,Sentence,2
8.655734,12.364041,Sentence,2
8.380877,11.8525505,Sentence,0
7.7801614,12.245113,Sentence,0
12.225307,11.475982,Sentence,3
8.157288,13.6990595,Sentence,2
9.950483,12.234069,Sentence,1
8.911733,14.522457,Sentence,2
7.430731,12.5130205,Sentence,0
9.06331,11.236703,Sentence,0
11.333384,14.26827,Sentence,3
8.287416,13.807261,Sentence,2
10.143794,8.0674715,Sentence,1
8.659903,11.633761,Sentence,1
8.629433,13.613754,Sentence,2
11.10031,6.919008,Sentence,1
7.9134746,11.412033,Sentence,0
7.339403,12.554425,Sentence,0
12.108975,11.08123,Sentence,3
8.814156,13.844177,Sentence,0
9.587571,14.907005,Sentence,2
9.78516,11.709976,Sentence,1
8.096725,14.249209,Sentence,2
12.625127,11.715008,Sentence,3
7.5394835,12.86775,Sentence,2
9.202051,14.137977,Sentence,2
8.851211,10.905776,Sentence,0
8.58052,13.420076,Sentence,2
8.291897,14.853084,Sentence,2
10.203988,11.335559,Sentence,1
7.3258615,10.809324,Sentence,0
7.086395,13.337242,Sentence,0
9.765767,13.792546,Sentence,2
10.157615,14.999702,Sentence,1
8.4847145,12.099819,Sentence,0
12.454005,10.292569,Sentence,3
8.253884,12.385164,Sentence,0
7.2468863,13.606473,Sentence,2
12.187366,10.675362,Sentence,3
11.768431,12.280923,Sentence,3
8.652468,13.262615,Sentence,2
7.9665017,11.723945,Sentence,0
12.172221,10.774199,Sentence,3
8.658195,14.070321,Sentence,2
10.864048,14.318061,Sentence,3
9.841816,10.987677,Sentence,1
9.502684,12.123085,Sentence,2
9.490907,15.303605,Sentence,1
6.4786963,13.620323,Sentence,0
8.550128,14.077169,Sentence,2
8.222046,13.036404,Sentence,2
8.539168,10.025192,Sentence,0
7.3806667,13.738744,Sentence,0
7.2270355,11.734387,Sentence,0
9.495043,14.59515,Sentence,2
9.421538,12.819335,Sentence,1
11.3274555,9.797278,Sentence,3
7.1929307,12.4407,Sentence,0
12.24953,14.017015,Sentence,3
11.331451,11.672605,Sentence,1
9.704288,15.312406,Sentence,3
8.266873,10.663731,Sentence,1
10.039205,12.879078,Sentence,1
8.608437,13.8597355,Sentence,2
8.592509,13.710975,Sentence,2
7.481387,12.765483,Sentence,0
7.647172,10.478626,Sentence,0
8.874448,13.996569,Sentence,2
8.470137,13.609357,Sentence,1
10.586315,7.551702,Sentence,1
8.665695,13.597115,Sentence,2
8.972426,10.5219,Sentence,1
9.820722,12.674173,Sentence,3
11.913225,7.150698,Sentence,1
8.288428,13.652349,Sentence,2
8.476214,13.1109,Sentence,2
7.9534006,13.182178,Sentence,0
6.39456,13.592871,Sentence,1
8.414195,13.453023,Sentence,2
8.051854,13.4641695,Sentence,2
9.109674,10.6362095,Sentence,0
8.640241,12.91352,Sentence,2
11.915431,10.5097275,Sentence,1
7.68591,12.792367,Sentence,2
11.563537,14.340471,Sentence,1
10.462327,8.097025,Sentence,1
8.185412,14.093266,Sentence,2
8.728156,9.600405,Sentence,1
10.0442295,10.668175,Sentence,1
7.356932,11.8878765,Sentence,0
8.351863,13.687322,Sentence,2
7.34171,12.948273,Sentence,2
9.762159,9.607072,Sentence,1
9.589996,10.522784,Sentence,1
7.8625913,9.363513,Sentence,0
7.9138713,13.554211,Sentence,2
8.226923,14.021298,Sentence,2
7.788539,11.57561,Sentence,0
10.856359,14.148675,Sentence,2
9.100744,12.547502,Sentence,2
8.172398,14.001379,Sentence,2
7.1464753,12.383268,Sentence,0
8.658934,9.7288065,Sentence,1
7.98879,13.950477,Sentence,2
9.923954,6.1299477,Sentence,1
10.472958,11.479108,Sentence,1
11.908442,7.163974,Sentence,1
7.9177957,14.365441,Sentence,2
9.238351,14.17561,Sentence,2
7.462745,10.365052,Sentence,0
7.8010545,11.621241,Sentence,0
8.069417,14.036378,Sentence,2
10.061862,12.400169,Sentence,1
8.010193,10.993606,Sentence,1
12.312748,10.59923,Sentence,2
9.823582,12.211806,Sentence,2
8.060872,13.670706,Sentence,2
12.1369,11.318728,Sentence,3
7.8015466,13.103021,Sentence,2
8.622377,12.287406,Sentence,0
12.489872,11.78132,Sentence,3
7.8419957,11.612702,Sentence,0
7.284711,13.755991,Sentence,2
7.6898313,11.131414,Sentence,0
8.188251,14.547035,Sentence,2
9.896689,11.506846,Sentence,1
7.2720857,11.905651,Sentence,0
9.384232,15.175286,Sentence,2
8.871051,14.434274,Sentence,2
7.9328723,13.852104,Sentence,2
7.19147,12.21541,Sentence,0
12.38929,10.582515,Sentence,3
9.316633,15.0859375,Sentence,2
8.466457,14.218425,Sentence,2
9.238455,14.267789,Sentence,2
7.1945233,12.842873,Sentence,0
7.797107,9.348416,Sentence,1
12.474227,11.631735,Sentence,3
8.382704,12.314688,Sentence,0
11.667725,11.210695,Sentence,1
9.391565,14.313587,Sentence,2
10.603065,9.311462,Sentence,3
8.883221,13.736941,Sentence,2
7.5203114,12.149217,Sentence,0
8.146603,11.79611,Sentence,1
9.368935,13.596932,Sentence,2
7.5007787,13.5291815,Sentence,2
7.7052765,12.208637,Sentence,0
7.5415792,13.350264,Sentence,2
7.384716,11.920586,Sentence,0
9.010909,9.6883,Sentence,1
11.557626,12.248906,Sentence,2
8.442457,12.909641,Sentence,2
8.95796,11.7343,Sentence,1
7.620478,12.78732,Sentence,0
7.553105,12.260775,Sentence,0
9.507253,14.501198,Sentence,2
8.187158,11.848333,Sentence,0
9.032426,9.968902,Sentence,2
7.2599363,14.1838,Sentence,2
7.51269,13.890341,Sentence,2
7.495757,13.441421,Sentence,2
12.670824,10.346955,Sentence,3
7.779709,13.304652,Sentence,2
7.5331836,14.559818,Sentence,2
11.023735,10.966876,Sentence,1
10.243735,10.726493,Sentence,1
8.342153,12.094102,Sentence,0
7.317878,14.369801,Sentence,0
7.9750333,14.141292,Sentence,2
9.729291,14.277205,Sentence,2
9.303625,14.960609,Sentence,2
9.594942,12.317977,Sentence,0
8.798572,14.859103,Sentence,2
7.139986,13.358778,Sentence,0
7.6235776,10.055659,Sentence,0
12.85237,10.390557,Sentence,3
7.892741,12.262375,Sentence,0
7.849258,13.787275,Sentence,2
9.825724,12.135141,Sentence,3
8.344165,9.649167,Sentence,1
8.125273,13.326082,Sentence,1
8.140999,10.247736,Sentence,0
9.30556,12.154586,Sentence,2
7.4912047,12.289677,Sentence,0
8.330522,12.783061,Sentence,0
11.260695,10.737751,Sentence,1
9.301606,11.370432,Sentence,1
8.510795,14.523961,Sentence,2
7.232493,13.078512,Sentence,2
8.859363,15.084588,Sentence,0
8.264284,13.988483,Sentence,2
11.780051,12.175812,Sentence,1
9.066649,14.4606085,Sentence,2
10.056218,11.04231,Sentence,1
8.735369,13.95609,Sentence,2
7.194665,13.082694,Sentence,2
8.888701,11.794777,Sentence,2
8.036249,13.362769,Sentence,2
10.54016,10.760863,Sentence,1
7.2528906,12.431031,Sentence,0
10.487624,13.002701,Sentence,2
7.838464,9.353171,Sentence,1
6.534179,13.602111,Sentence,1
7.940321,8.669903,Sentence,1
10.446515,13.715933,Sentence,2
8.810169,13.786104,Sentence,2
8.303764,14.516627,Sentence,2
7.299171,12.483638,Sentence,0
9.374913,13.925918,Sentence,0
9.639051,15.037942,Sentence,2
12.245737,11.618187,Sentence,3
7.7162156,9.677741,Sentence,0
7.134742,11.216491,Sentence,0
8.959102,14.220502,Sentence,2
7.3705378,12.728545,Sentence,0
7.6595573,14.091435,Sentence,2
7.8015237,14.084955,Sentence,2
7.96629,9.726142,Sentence,1
6.8880506,21.030186,Sentence,1
9.925343,11.348838,Sentence,1
7.813236,13.290761,Sentence,2
7.2170334,12.092021,Sentence,0
7.591607,9.90015,Sentence,0
7.765828,13.4198065,Sentence,2
8.961226,13.8403225,Sentence,2
12.573572,11.735478,Sentence,3
8.004757,12.265615,Sentence,0
7.56161,12.218099,Sentence,0
8.474097,13.528675,Sentence,2
8.655597,14.845157,Sentence,2
7.973114,14.214272,Sentence,2
9.407048,12.169073,Sentence,1
12.542051,11.803467,Sentence,3
10.808611,11.224029,Sentence,1
6.4590235,13.584113,Sentence,1
11.57917,11.923376,Sentence,1
7.713206,12.911861,Sentence,0
9.203099,12.5999975,Sentence,2
7.537055,12.134984,Sentence,0
7.9485254,9.612044,Sentence,1
8.323828,13.956324,Sentence,2
9.748877,15.155051,Sentence,2
8.087405,13.367052,Sentence,2
7.781623,14.201466,Sentence,2
7.451715,12.655643,Sentence,0
7.9293065,14.432615,Sentence,2
12.772464,8.956132,Sentence,1
8.427747,11.260539,Sentence,1
9.7754345,14.5431185,Sentence,2
7.998394,14.48106,Sentence,2
10.782561,12.103338,Sentence,2
10.428973,11.759837,Sentence,1
7.90099,13.570187,Sentence,2
10.43399,11.927592,Sentence,1
7.6270833,13.278699,Sentence,2
10.690405,15.506872,Sentence,3
9.993798,11.812165,Sentence,2
8.97166,11.926675,Sentence,0
7.636785,13.117925,Sentence,2
7.6794615,13.418253,Sentence,2
8.871077,10.049516,Sentence,1
8.31404,10.372866,Sentence,0
7.2381377,12.354718,Sentence,0
8.471387,13.471243,Sentence,2
11.323756,11.693055,Sentence,3
8.27364,10.966928,Sentence,0
6.6787724,13.516064,Sentence,1
7.8871307,13.184662,Sentence,2
12.308699,11.878657,Sentence,3
11.491658,12.078367,Sentence,3
7.5625033,9.952117,Sentence,0
7.3986998,13.439672,Sentence,2
9.21775,14.688886,Sentence,2
9.062319,11.3112755,Sentence,0
10.074787,7.9508204,Sentence,1
7.618932,11.213107,Sentence,0
9.664948,14.588311,Sentence,2
7.7100744,13.683354,Sentence,2
8.2428465,12.953322,Sentence,0
9.548945,11.148972,Sentence,1
7.7266417,14.1741,Sentence,2
8.063374,12.172172,Sentence,0
8.994062,13.441215,Sentence,2
9.605951,15.24181,Sentence,2
10.495373,12.676886,Sentence,1
7.5747566,8.767292,Sentence,1
7.5307827,23.833351,Sentence,1
12.150754,10.724153,Sentence,1
8.398765,7.9882536,Sentence,3
7.945282,13.389158,Sentence,2
9.163508,15.083599,Sentence,2
8.536805,13.561822,Sentence,2
7.6412134,13.928652,Sentence,2
9.909483,14.593288,Sentence,2
11.480009,12.273952,Sentence,2
7.065573,12.6990595,Sentence,2
7.5416937,13.273977,Sentence,0
10.615521,11.480639,Sentence,1
7.564307,12.105914,Sentence,0
7.8727736,12.00436,Sentence,1
8.049731,12.569566,Sentence,0
9.886555,7.3147545,Sentence,2
7.125043,12.863036,Sentence,0
7.2100253,8.691849,Sentence,1
9.051421,13.803068,Sentence,2
8.001183,11.260883,Sentence,0
8.320057,13.046579,Sentence,2
7.4157624,12.124337,Sentence,0
9.098638,15.48224,Sentence,3
10.300676,11.475045,Sentence,1
9.780683,12.799637,Sentence,2
7.045792,13.749332,Sentence,2
8.0399475,10.932332,Sentence,0
8.708962,14.297805,Sentence,2
12.071406,10.826085,Sentence,3
7.77934,13.177987,Sentence,2
7.5043197,13.603313,Sentence,2
7.9824033,12.569761,Sentence,2
7.682724,12.5484085,Sentence,0
8.394094,12.430847,Sentence,0
10.125694,10.066533,Sentence,3
8.089427,13.394659,Sentence,2
7.4188023,12.704376,Sentence,0
12.335617,10.489981,Sentence,3
9.349624,12.726557,Sentence,1
9.63323,12.946451,Sentence,2
9.106804,14.9060755,Sentence,2
9.72196,13.99498,Sentence,2
10.922033,12.590201,Sentence,2
9.4498625,13.603592,Sentence,2
8.983274,14.357415,Sentence,0
7.78163,11.973927,Sentence,0
9.738709,11.531128,Sentence,3
9.096918,14.753366,Sentence,2
8.68733,15.096711,Sentence,2
7.617336,12.364394,Sentence,0
8.683491,13.601639,Sentence,2
8.018756,13.422861,Sentence,2
10.526477,14.513892,Sentence,2
11.62239,11.7909,Sentence,3
9.439948,14.351059,Sentence,2
7.8411136,10.818586,Sentence,0
9.211163,12.25532,Sentence,0
8.862671,10.721044,Sentence,1
7.3162174,11.242739,Sentence,0
11.097902,12.590093,Sentence,3
8.015371,13.015733,Sentence,0
11.64635,10.9138365,Sentence,3
10.284612,13.502067,Sentence,3
12.3404455,10.573523,Sentence,1
7.4940095,11.049658,Sentence,0
8.323505,9.09074,Sentence,1
11.643429,9.817245,Sentence,1
7.283874,12.478108,Sentence,0
7.5879827,10.865682,Sentence,0
9.111105,12.5170145,Sentence,2
7.346233,13.043815,Sentence,0
10.043292,15.065199,Sentence,2
10.8588705,11.870377,Sentence,2
7.7216954,12.988459,Sentence,2
8.206372,14.141232,Sentence,1
8.6808815,8.434972,Sentence,1
8.470061,14.723507,Sentence,2
8.906711,13.409192,Sentence,2
7.164081,13.617182,Sentence,2
10.918993,8.967091,Sentence,3
9.1201515,13.038789,Sentence,2
7.610301,12.970431,Sentence,2
8.143587,13.433223,Sentence,0
7.821701,11.477982,Sentence,0
7.1730747,14.107325,Sentence,2
9.356052,12.131409,Sentence,2
8.127614,12.01748,Sentence,1
7.815968,11.915418,Sentence,0
9.385453,14.248042,Sentence,2
8.827362,12.666524,Sentence,2
12.120289,11.139423,Sentence,3
7.490802,9.117051,Sentence,1
8.341933,11.847703,Sentence,0
9.84408,8.379477,Sentence,1
7.6907845,11.531556,Sentence,0
10.9247265,8.959359,Sentence,1
10.130454,9.646454,Sentence,0
7.7184315,11.901115,Sentence,0
9.209838,14.563986,Sentence,2
12.008354,12.204101,Sentence,1
9.348007,15.473404,Sentence,2
7.823101,11.621295,Sentence,0
7.9095936,13.086874,Sentence,0
8.390808,14.431742,Sentence,2
8.053555,12.774001,Sentence,0
6.9447913,13.415506,Sentence,2
11.680559,9.166412,Sentence,1
7.8969803,12.4391575,Sentence,0
10.030404,7.856328,Sentence,1
7.529038,14.02507,Sentence,2
10.755915,11.515945,Sentence,3
8.197863,11.123088,Sentence,0
8.042002,13.446325,Sentence,2
9.484062,11.460408,Sentence,1
8.575423,12.889296,Sentence,2
12.265291,10.930201,Sentence,3
8.577948,12.570346,Sentence,0
8.78075,13.14731,Sentence,2
12.228447,10.587224,Sentence,1
7.3656206,10.101727,Sentence,0
7.4873643,12.597451,Sentence,0
10.177432,10.54453,Sentence,1
8.035495,14.928149,Sentence,2
8.401966,11.038113,Sentence,0
7.869,12.78024,Sentence,0
9.272658,13.984741,Sentence,1
8.716139,15.2820835,Sentence,2
10.826445,12.02377,Sentence,1
8.462707,14.238377,Sentence,2
7.035761,11.502906,Sentence,0
7.5096602,13.202274,Sentence,2
7.665151,12.553823,Sentence,0
9.42764,14.821962,Sentence,2
9.796928,14.825826,Sentence,2
9.914399,13.49607,Sentence,2
11.352678,11.895775,Sentence,1
7.4555016,13.671952,Sentence,2
8.621298,13.772905,Sentence,2
10.130094,11.271293,Sentence,0
8.614786,13.478522,Sentence,2
8.185985,14.384313,Sentence,2
8.14295,13.173337,Sentence,2
9.80999,15.0622635,Sentence,2
12.197924,12.25293,Sentence,3
9.6645,14.660473,Sentence,0
8.977244,14.664436,Sentence,2
8.41828,8.013928,Sentence,3
7.492422,11.772083,Sentence,0
8.152501,12.822675,Sentence,2
9.805627,11.036987,Sentence,1
11.304486,11.888929,Sentence,3
8.530941,10.2895155,Sentence,1
7.6158795,9.659529,Sentence,1
8.965485,13.009126,Sentence,2
12.43991,11.745626,Sentence,3
11.901619,10.603155,Sentence,1
11.040983,13.908293,Sentence,2
12.203857,11.107032,Sentence,3
10.248051,14.741209,Sentence,3
7.4227624,13.011069,Sentence,0
8.130162,13.219984,Sentence,0
8.539601,13.581479,Sentence,2
6.5563784,13.515466,Sentence,0
12.148346,11.532948,Sentence,3
7.921989,13.99265,Sentence,2
6.3887253,13.519519,Sentence,0
8.888594,12.852041,Sentence,1
9.295625,15.079453,Sentence,2
11.815128,11.729587,Sentence,3
7.664079,13.908926,Sentence,2
8.056766,9.617168,Sentence,0
6.6852536,8.937839,Sentence,1
12.137985,10.656343,Sentence,1
8.0691805,13.853065,Sentence,2
10.459174,12.280681,Sentence,1
9.226394,14.035324,Sentence,2
7.600578,9.713684,Sentence,0
12.284513,10.59142,Sentence,3
9.592724,14.242281,Sentence,2
10.3042145,14.127993,Sentence,2
7.331309,11.06601,Sentence,0
7.4030704,12.347187,Sentence,0
10.854528,13.711318,Sentence,2
9.548345,13.23315,Sentence,0
10.800977,12.2141075,Sentence,1
7.840145,13.246033,Sentence,0
9.321107,14.2452545,Sentence,2
9.197251,15.166224,Sentence,0
9.330295,11.668763,Sentence,0
7.2325563,11.09587,Sentence,0
10.419961,10.353999,Sentence,1
13.951382,11.353649,Sentence,3
8.084458,12.2702,Sentence,0
7.408687,12.415335,Sentence,0
8.343916,14.164956,Sentence,2
8.574344,15.16392,Sentence,2
8.478131,12.826576,Sentence,0
6.395276,13.589559,Sentence,1
7.4232593,12.980541,Sentence,2
9.632738,13.384457,Sentence,2
11.471133,12.31083,Sentence,3
7.940683,13.559085,Sentence,2
6.362178,13.605349,Sentence,0
9.356478,12.632748,Sentence,2
11.486844,11.652613,Sentence,3
8.167814,11.379827,Sentence,1
10.716598,15.067761,Sentence,3
7.4714136,11.755348,Sentence,0
7.5327654,23.821444,Sentence,1
8.425012,10.094993,Sentence,1
12.0560465,11.075992,Sentence,2
7.2714314,12.00972,Sentence,0
11.015395,11.963632,Sentence,2
7.7230396,10.219788,Sentence,1
9.114618,13.981917,Sentence,0
8.23202,9.286172,Sentence,1
7.508126,14.439569,Sentence,2
8.143594,8.47894,Sentence,1
9.538797,11.860693,Sentence,2
11.319145,12.216987,Sentence,1
9.902652,13.542079,Sentence,2
10.247999,11.92401,Sentence,2
12.626364,11.761166,Sentence,3
7.3601456,12.981171,Sentence,2
8.531096,13.043336,Sentence,2
6.4430804,13.60328,Sentence,2
8.190606,12.625699,Sentence,0
12.070367,10.337215,Sentence,1
9.636338,15.326955,Sentence,3
8.998992,14.447421,Sentence,2
9.208613,11.568675,Sentence,1
12.020764,10.947721,Sentence,1
10.565807,11.018173,Sentence,3
8.784361,10.008951,Sentence,1
10.2069845,11.446383,Sentence,1
7.956779,13.538129,Sentence,2
10.662271,11.319703,Sentence,3
9.691912,14.142559,Sentence,2
8.90682,10.325248,Sentence,0
11.924315,11.633389,Sentence,3
10.009746,7.4902654,Sentence,1
10.692849,9.23664,Sentence,1
8.2151575,13.949463,Sentence,2
9.198714,13.0363655,Sentence,1
11.908005,7.15912,Sentence,1
9.4044285,14.414907,Sentence,2
11.049695,12.242074,Sentence,2
7.8209853,13.307328,Sentence,2
7.2798867,10.861417,Sentence,0
6.749166,13.464672,Sentence,0
8.207366,14.337426,Sentence,2
10.056671,12.061973,Sentence,2
8.356615,11.928544,Sentence,0
8.376393,14.39119,Sentence,2
10.714646,10.078948,Sentence,1
8.350446,9.833668,Sentence,1
12.378015,11.050146,Sentence,3
9.563912,15.211286,Sentence,1
9.488093,13.183014,Sentence,1
7.5358386,12.702472,Sentence,0
7.2123113,11.616647,Sentence,0
10.470494,11.76562,Sentence,1
8.084786,13.6165085,Sentence,2
8.606306,13.908276,Sentence,2
9.712469,14.521526,Sentence,2
9.98618,12.688016,Sentence,2
9.429048,12.912541,Sentence,1
8.187867,11.644584,Sentence,0
9.002392,13.446226,Sentence,2
8.550898,7.971246,Sentence,3
10.315244,10.407111,Sentence,1
7.331517,14.476919,Sentence,2
9.144188,12.500464,Sentence,1
7.5306144,14.0008745,Sentence,2
9.021132,13.616203,Sentence,0
13.555192,-2.927328,Sentence,3
11.059715,10.827725,Sentence,1
9.100401,14.203591,Sentence,2
8.419983,13.946837,Sentence,2
7.2470737,13.666318,Sentence,2
8.341386,14.8610115,Sentence,2
7.4406877,12.390893,Sentence,0
8.397203,12.450588,Sentence,2
12.310206,10.542652,Sentence,1
8.768191,13.776632,Sentence,2
7.96027,12.193961,Sentence,2
7.365362,12.160832,Sentence,0
8.45785,11.558905,Sentence,1
7.4438133,11.663107,Sentence,0
7.433438,11.642626,Sentence,0
9.219489,13.747251,Sentence,2
9.257206,11.151573,Sentence,1
7.672696,13.12822,Sentence,0
11.425064,11.909807,Sentence,2
8.9827585,14.25558,Sentence,2
9.521453,14.873514,Sentence,2
11.080875,7.006755,Sentence,1
8.661758,14.375711,Sentence,2
8.072183,13.98922,Sentence,2
10.568281,7.5748234,Sentence,1
9.746518,14.380398,Sentence,0
11.423308,11.6296215,Sentence,1
8.199117,9.582328,Sentence,0
9.789699,8.337589,Sentence,1
8.891087,11.95956,Sentence,1
12.063965,10.504902,Sentence,3
8.002294,8.707519,Sentence,1
8.331498,11.619008,Sentence,0
7.6546674,14.18282,Sentence,2
7.9402137,13.943888,Sentence,2
7.714545,12.6538725,Sentence,0
7.4583955,9.800157,Sentence,0
11.644889,14.213319,Sentence,3
7.8975697,12.889677,Sentence,2
9.378181,14.432218,Sentence,2
10.231145,14.932109,Sentence,2
12.083268,10.699882,Sentence,3
7.587667,13.528454,Sentence,2
10.7277355,13.528281,Sentence,3
7.319254,14.11667,Sentence,2
7.2535343,12.822631,Sentence,0
8.950635,12.954018,Sentence,2
8.594288,13.209604,Sentence,2
8.668773,13.77796,Sentence,2
7.970244,13.415737,Sentence,2
11.638954,12.420094,Sentence,3
7.3728213,10.942835,Sentence,0
9.02038,11.144564,Sentence,1
7.633204,8.530616,Sentence,1
8.431889,8.31364,Sentence,0
7.908072,13.2883625,Sentence,0
12.454922,11.693045,Sentence,3
8.008829,14.093833,Sentence,2
13.555683,-2.9264543,Sentence,3
7.824688,8.175778,Sentence,1
11.334402,10.497274,Sentence,1
10.952316,8.50482,Sentence,1
11.895668,11.655918,Sentence,3
9.187273,14.481956,Sentence,2
10.768989,13.644613,Sentence,3
11.682007,7.991994,Sentence,1
8.210238,13.379543,Sentence,2
10.293529,11.973642,Sentence,1
11.519174,12.462121,Sentence,3
7.401621,14.353133,Sentence,2
9.286551,11.931274,Sentence,2
7.448099,11.510827,Sentence,0
9.252914,12.4749,Sentence,2
7.6017656,8.554364,Sentence,1
7.5773315,10.1867485,Sentence,0
14.528586,8.039991,Sentence,1
9.11269,11.653815,Sentence,0
8.627045,11.488253,Sentence,0
8.528058,12.79743,Sentence,1
9.06254,12.7171335,Sentence,2
10.054386,8.291733,Sentence,1
7.976659,10.39295,Sentence,1
7.4636626,12.317006,Sentence,0
11.816808,10.721427,Sentence,3
11.939603,11.159301,Sentence,1
8.784076,10.571701,Sentence,1
10.406678,10.541365,Sentence,3
9.156532,14.210139,Sentence,2
10.584028,13.473585,Sentence,3
8.540272,13.932621,Sentence,2
6.9312944,13.833755,Sentence,2
7.6892242,11.581994,Sentence,0
7.8556104,14.081837,Sentence,2
7.4167247,12.72161,Sentence,0
8.724642,13.241121,Sentence,2
9.20027,14.037589,Sentence,2
9.873452,11.5736885,Sentence,1
7.5875497,13.994826,Sentence,2
8.214942,12.550425,Sentence,0
11.470505,12.984378,Sentence,3
10.482698,9.222088,Sentence,1
11.365109,11.185553,Sentence,1
9.449412,14.787373,Sentence,2
7.497731,13.230707,Sentence,2
11.574825,11.336782,Sentence,1
10.091808,13.449522,Sentence,2
11.007924,7.326393,Sentence,1
8.522375,12.103593,Sentence,0
12.400177,10.319566,Sentence,3
8.814345,12.100644,Sentence,1
8.476758,11.069771,Sentence,1
6.6022897,8.363999,Sentence,1
8.5552225,14.501565,Sentence,2
7.964657,14.374694,Sentence,2
7.6472983,9.246015,Sentence,1
10.288627,11.288259,Sentence,3
6.82085,13.658925,Sentence,1
7.585166,11.776433,Sentence,0
12.312274,10.470594,Sentence,3
7.8717117,13.036633,Sentence,0
7.557771,9.7280035,Sentence,0
7.6121206,14.526299,Sentence,2
7.489206,11.126394,Sentence,0
7.8463225,11.388839,Sentence,0
8.255367,12.477806,Sentence,0
8.158478,13.62704,Sentence,2
10.8319435,13.71423,Sentence,2
6.940126,13.632813,Sentence,1
11.579863,11.713587,Sentence,1
9.230774,11.609665,Sentence,0
9.821092,11.260752,Sentence,3
8.817192,15.335917,Sentence,1
8.791824,8.414246,Sentence,1
10.268193,11.47753,Sentence,1
7.6939244,12.820194,Sentence,0
7.2741647,11.127301,Sentence,0
8.548128,13.8831,Sentence,2
9.847774,13.593054,Sentence,2
8.416012,11.454745,Sentence,0
10.128209,15.197049,Sentence,3
10.261586,11.4819975,Sentence,1
7.8649387,14.127542,Sentence,2
11.247143,12.906168,Sentence,0
8.814271,14.21294,Sentence,2
9.697755,13.467206,Sentence,2
10.473317,19.998152,Sentence,1
10.611214,9.723238,Sentence,1
9.094766,12.116589,Sentence,1
7.227684,12.708453,Sentence,0
6.955302,11.081826,Sentence,0
11.226547,11.584168,Sentence,1
8.476759,8.222359,Sentence,3
9.143165,11.813679,Sentence,2
8.870348,11.097838,Sentence,2
7.8737783,9.036573,Sentence,1
10.001001,15.336004,Sentence,1
7.688711,14.3889475,Sentence,2
8.75912,13.845507,Sentence,2
7.223233,14.07711,Sentence,2
8.033576,12.096542,Sentence,0
10.391433,15.116605,Sentence,2
7.643725,13.12233,Sentence,0
8.320304,13.607543,Sentence,2
11.481939,7.8939433,Sentence,1
8.176579,12.807842,Sentence,2
8.073602,11.291513,Sentence,1
7.428579,10.235451,Sentence,0
8.406533,13.570639,Sentence,2
7.79465,11.811187,Sentence,0
7.466561,12.062843,Sentence,0
7.5492406,13.465531,Sentence,2
7.6463814,11.457253,Sentence,0
6.4057646,13.538663,Sentence,0
6.448458,13.585172,Sentence,1
8.066103,12.733444,Sentence,2
9.347109,14.852504,Sentence,2
11.159015,12.123295,Sentence,2
7.952346,12.149928,Sentence,0
11.334078,9.99838,Sentence,3
7.9818106,14.06042,Sentence,2
7.4895663,11.679556,Sentence,0
9.36105,15.664063,Sentence,3
7.9815383,12.714914,Sentence,2
7.5297627,10.178678,Sentence,0
8.994499,13.508957,Sentence,2
7.381091,13.847091,Sentence,2
9.418163,9.941184,Sentence,0
7.3055706,11.117263,Sentence,0
8.937458,12.463446,Sentence,1
8.890821,12.114444,Sentence,2
9.783021,11.358036,Sentence,1
9.906722,7.274693,Sentence,1
7.879281,13.591329,Sentence,2
8.411347,13.916737,Sentence,2
12.42107,13.844621,Sentence,1
11.322424,11.144953,Sentence,1
12.347454,11.652324,Sentence,3
7.311824,11.8059635,Sentence,0
7.3022885,10.285478,Sentence,0
8.235474,14.128332,Sentence,2
7.1912966,13.144209,Sentence,1
9.374844,14.841771,Sentence,2
8.534495,15.093678,Sentence,2
10.7463045,12.229925,Sentence,2
8.222341,10.991521,Sentence,1
7.2175713,12.418374,Sentence,0
8.919192,14.12891,Sentence,2
8.780488,11.118236,Sentence,0
8.658542,13.7728405,Sentence,2
9.233992,13.357512,Sentence,2
8.548084,12.282094,Sentence,0
10.879327,12.158338,Sentence,1
8.182119,11.980977,Sentence,1
8.792172,12.576521,Sentence,0
10.302972,12.020858,Sentence,1
8.163682,13.0415945,Sentence,2
7.915278,12.260908,Sentence,0
8.194293,11.303152,Sentence,0
6.872403,21.063,Sentence,1
8.047095,13.8351,Sentence,2
9.451923,14.000566,Sentence,2
8.811256,13.835828,Sentence,2
7.9570184,9.917039,Sentence,0
7.891148,12.563276,Sentence,0
7.3466983,12.654195,Sentence,0
7.7065606,9.95539,Sentence,0
8.1768265,13.324582,Sentence,2
9.045668,12.362303,Sentence,1
8.830969,14.699832,Sentence,0
9.383587,12.322004,Sentence,3
7.675821,12.655465,Sentence,0
9.560603,14.451993,Sentence,1
8.953069,12.409172,Sentence,2
9.431704,14.453398,Sentence,2
10.575561,9.703442,Sentence,1
7.517156,14.228886,Sentence,2
10.919272,13.918724,Sentence,1
7.672278,13.989042,Sentence,2
7.2589307,12.44653,Sentence,0
9.8498125,7.3580575,Sentence,1
10.364755,10.585013,Sentence,3
12.020461,10.6010895,Sentence,1
7.911775,10.95035,Sentence,0
10.241505,14.713864,Sentence,2
9.334132,13.212982,Sentence,0
8.58683,13.280668,Sentence,2
9.628345,12.416104,Sentence,2
9.565493,15.014299,Sentence,2
7.267837,11.514884,Sentence,0
10.330857,12.7528515,Sentence,2
11.762243,12.056298,Sentence,2
10.76275,12.022539,Sentence,1
9.402808,14.537025,Sentence,2
8.273875,10.813394,Sentence,0
9.710606,12.739786,Sentence,1
8.90716,13.215287,Sentence,2
6.5958443,8.365186,Sentence,1
8.577758,14.439014,Sentence,2
8.583823,10.003048,Sentence,2
10.544073,11.626791,Sentence,1
9.596359,13.212166,Sentence,2
8.915949,10.484649,Sentence,1
10.693845,14.0748005,Sentence,2
8.724844,14.095281,Sentence,2
10.422328,9.804448,Sentence,1
9.044063,14.08855,Sentence,2
8.251967,8.917815,Sentence,1
7.175135,11.234243,Sentence,0
7.7489257,12.10599,Sentence,0
8.83915,13.404156,Sentence,0
8.893872,12.478399,Sentence,1
7.810783,11.447844,Sentence,0
8.27823,12.759997,Sentence,2
9.511138,11.940253,Sentence,3
8.378194,11.50745,Sentence,0
9.127709,12.235949,Sentence,1
6.888186,21.032879,Sentence,1
9.171641,11.082226,Sentence,0
8.770516,14.764523,Sentence,2
9.906479,14.786883,Sentence,1
8.972719,11.924413,Sentence,1
10.131171,14.430121,Sentence,2
9.029285,13.632564,Sentence,2
10.677373,12.196091,Sentence,3
7.837471,11.225716,Sentence,0
9.370464,14.685008,Sentence,1
8.290668,12.210056,Sentence,0
7.7442117,14.469681,Sentence,0
11.2963295,11.425191,Sentence,3
8.366563,11.163456,Sentence,0
7.9051247,11.45006,Sentence,0
8.297538,9.87199,Sentence,1
8.178477,11.781841,Sentence,1
7.8951583,12.590489,Sentence,2
9.725138,11.383534,Sentence,1
8.477703,12.266799,Sentence,0
9.781304,8.160261,Sentence,1
8.426689,11.858633,Sentence,0
10.525772,9.862073,Sentence,1
4.2949157,4.5859814,Sentence,1
8.53082,10.760279,Sentence,1
10.292299,13.642642,Sentence,2
8.168258,12.346633,Sentence,1
8.732315,10.844407,Sentence,1
8.409412,13.17561,Sentence,0
11.47599,10.274461,Sentence,1
9.792661,15.063763,Sentence,2
8.372508,11.412154,Sentence,0
12.470404,11.729477,Sentence,3
7.809188,14.357815,Sentence,2
9.905725,7.277018,Sentence,1
7.704432,11.309358,Sentence,0
8.813137,14.825281,Sentence,2
9.084874,12.183514,Sentence,0
8.26537,14.484605,Sentence,2
9.532443,14.538841,Sentence,0
11.125367,11.228521,Sentence,3
10.456215,13.240014,Sentence,3
7.3935704,12.498338,Sentence,0
10.587982,7.546819,Sentence,1
10.047784,11.59362,Sentence,1
7.4454026,10.692956,Sentence,0
8.885082,13.968642,Sentence,2
9.892476,7.2597566,Sentence,1
9.977096,13.562281,Sentence,2
7.412557,13.580588,Sentence,2
7.971227,9.405349,Sentence,1
13.55545,-2.9270244,Sentence,3
11.932638,7.2939568,Sentence,3
7.809756,13.444523,Sentence,2
10.433836,11.9811945,Sentence,1
7.469458,12.135994,Sentence,0
8.13634,10.696862,Sentence,0
7.188256,14.274381,Sentence,2
12.170637,10.486385,Sentence,3
12.468355,11.8919,Sentence,3
9.211349,15.231444,Sentence,2
8.847972,12.771905,Sentence,1
7.4628015,13.1389475,Sentence,0
12.3198,12.514913,Sentence,3
8.537936,10.387904,Sentence,0
7.654126,13.44582,Sentence,2
10.727638,10.181372,Sentence,3
9.591282,10.720716,Sentence,1
8.117252,13.787816,Sentence,2
7.899195,13.59046,Sentence,2
11.898715,7.1736407,Sentence,1
7.3750978,14.345202,Sentence,2
11.374045,11.071811,Sentence,3
8.621881,12.784894,Sentence,2
7.6620865,14.549264,Sentence,1
9.601493,14.871381,Sentence,2
7.3070602,12.316452,Sentence,0
8.0457325,13.07615,Sentence,2
7.720754,12.706235,Sentence,0
9.944047,11.230706,Sentence,1
8.732413,13.366229,Sentence,0
8.841778,11.677198,Sentence,1
7.951424,11.188739,Sentence,0
7.840883,12.7170105,Sentence,0
7.137298,14.350014,Sentence,1
7.395895,13.11236,Sentence,0
7.166606,12.756416,Sentence,2
9.230123,14.124347,Sentence,2
7.5412908,13.685327,Sentence,2
7.9729767,13.288016,Sentence,0
9.33117,15.297294,Sentence,1
10.5707445,11.168982,Sentence,1
8.627615,11.819406,Sentence,1
10.585782,12.508174,Sentence,2
9.866591,11.522884,Sentence,1
8.68504,9.686308,Sentence,3
5.7333436,5.5116134,Sentence,1
11.289014,10.425303,Sentence,3
7.34443,9.635441,Sentence,1
7.733584,12.156216,Sentence,0
7.6321692,13.399836,Sentence,2
9.233012,13.481076,Sentence,2
7.785006,11.241563,Sentence,0
9.344725,12.550969,Sentence,0
7.5848484,9.1318035,Sentence,1
8.131969,13.967507,Sentence,2
9.612235,11.664599,Sentence,1
9.721651,14.146411,Sentence,2
7.6037064,10.446026,Sentence,0
10.635863,7.5016613,Sentence,1
8.394586,12.630044,Sentence,0
9.807943,15.297416,Sentence,2
8.435507,11.393501,Sentence,0
9.005796,14.6404705,Sentence,2
7.1488857,11.809761,Sentence,0
7.248989,12.126461,Sentence,0
7.7801275,11.997652,Sentence,0
12.447214,11.738329,Sentence,3
12.660142,10.658428,Sentence,3
8.242878,13.917861,Sentence,2
10.38181,9.600666,Sentence,0
9.76107,14.565222,Sentence,2
7.9988847,14.032739,Sentence,2
7.156382,13.740985,Sentence,2
8.500052,11.94852,Sentence,0
7.2142496,12.885614,Sentence,0
11.426221,11.73328,Sentence,3
7.0311127,13.426505,Sentence,0
8.115918,12.623626,Sentence,0
10.317432,12.238706,Sentence,2
12.413027,13.8313465,Sentence,1
7.9641647,13.284686,Sentence,2
7.6243463,11.528654,Sentence,0
8.416895,9.172619,Sentence,1
8.074077,11.47703,Sentence,0
8.674798,10.516121,Sentence,0
9.014854,14.556414,Sentence,0
9.638666,12.99698,Sentence,2
8.585481,14.897524,Sentence,2
8.229972,9.248688,Sentence,1
7.692699,14.410213,Sentence,2
7.78046,13.75645,Sentence,2
8.330522,13.2542925,Sentence,2
7.767939,12.219736,Sentence,0
7.6144814,12.879381,Sentence,0
8.101572,12.942327,Sentence,2
12.085007,11.462402,Sentence,3
9.207635,13.738362,Sentence,2
9.565114,15.153273,Sentence,3
7.6849875,14.166473,Sentence,2
8.339639,13.967782,Sentence,2
7.613429,13.901621,Sentence,2
7.4063387,9.836457,Sentence,0
8.525594,11.750558,Sentence,0
8.892,12.32147,Sentence,0
12.540492,11.86178,Sentence,3
7.8412876,11.728421,Sentence,0
9.701527,12.306738,Sentence,1
7.7738147,9.528028,Sentence,0
7.9079075,12.670441,Sentence,2
7.689859,12.730686,Sentence,1
7.2133203,13.027874,Sentence,2
8.4977,13.696879,Sentence,2
11.349058,10.136886,Sentence,1
11.430834,10.160843,Sentence,1
8.4404955,13.642108,Sentence,2
7.6392016,9.651834,Sentence,1
7.3338985,10.940703,Sentence,0
8.69754,11.602176,Sentence,0
11.709526,12.426226,Sentence,3
10.14935,11.940341,Sentence,1
13.554464,-2.9258766,Sentence,3
10.410417,12.181917,Sentence,2
12.123564,11.6232395,Sentence,3
7.9824905,9.894576,Sentence,0
8.357367,13.685232,Sentence,2
7.8321505,12.837745,Sentence,0
7.8128934,13.742975,Sentence,2
7.9465876,11.43312,Sentence,0
11.685896,11.193876,Sentence,3
6.389582,13.59228,Sentence,1
12.361025,13.915346,Sentence,3
7.2196894,12.873158,Sentence,0
7.7399807,10.853678,Sentence,0
8.930582,14.058317,Sentence,0
11.110783,11.957553,Sentence,3
8.983553,14.057974,Sentence,2
16.303038,9.63775,Sentence,3
10.882743,13.484056,Sentence,1
7.8828197,12.229273,Sentence,0
11.465237,13.976548,Sentence,2
10.836215,10.171425,Sentence,1
7.569752,14.057568,Sentence,2
12.104981,12.164482,Sentence,3
8.323302,13.139456,Sentence,2
8.11259,12.080397,Sentence,0
7.7399597,10.003255,Sentence,0
7.8145094,10.0574665,Sentence,0
7.249185,12.984756,Sentence,0
9.107394,11.375201,Sentence,1
12.305503,11.880676,Sentence,3
8.128543,8.644278,Sentence,0
7.5833864,12.382158,Sentence,0
7.168779,12.913618,Sentence,0
8.48322,11.006866,Sentence,1
8.987352,13.663833,Sentence,2
9.565132,11.989573,Sentence,2
8.16792,12.439136,Sentence,0
9.323674,14.415353,Sentence,2
12.367545,11.712481,Sentence,3
7.541842,13.212542,Sentence,0
11.845522,11.17596,Sentence,3
7.578078,12.00791,Sentence,0
7.9080896,13.2760315,Sentence,2
7.554342,13.57178,Sentence,2
7.8585134,11.314783,Sentence,0
9.587801,12.849665,Sentence,2
8.438302,10.673294,Sentence,0
7.9296937,12.322677,Sentence,0
10.600356,9.865183,Sentence,1
7.2280188,13.930691,Sentence,2
9.851723,12.592378,Sentence,3
8.093464,12.498893,Sentence,0
9.049789,14.461145,Sentence,2
12.080843,10.479298,Sentence,3
9.075608,12.656709,Sentence,2
8.6901865,14.642921,Sentence,2
8.615367,14.660061,Sentence,2
8.557283,14.938924,Sentence,1
8.659614,13.731478,Sentence,2
9.25877,14.394516,Sentence,2
7.953627,11.406481,Sentence,0
9.260959,14.52816,Sentence,2
7.388254,10.29505,Sentence,0
11.491482,12.587186,Sentence,1
12.046363,11.832942,Sentence,3
11.947769,10.243656,Sentence,3
8.312047,13.10559,Sentence,0
10.389388,15.326722,Sentence,3
10.35617,12.422158,Sentence,2
8.921694,12.514897,Sentence,0
9.372017,12.997463,Sentence,2
9.25339,13.177356,Sentence,2
8.1913395,12.798759,Sentence,2
9.09359,9.943434,Sentence,0
8.442573,9.055257,Sentence,1
11.521477,11.476555,Sentence,3
8.75549,13.1885605,Sentence,2
8.429283,13.951735,Sentence,2
9.535204,13.460196,Sentence,2
7.4642043,10.923721,Sentence,0
8.173224,13.183971,Sentence,0
8.059131,13.37574,Sentence,2
11.082546,14.601075,Sentence,3
7.0170116,13.671265,Sentence,2
7.3254423,11.929896,Sentence,0
10.187777,11.064997,Sentence,3
7.3143415,12.305099,Sentence,0
9.565044,13.769485,Sentence,2
10.208707,12.578499,Sentence,0
9.52463,14.204692,Sentence,2
8.148247,14.345227,Sentence,2
9.583087,12.790298,Sentence,1
7.348893,12.027022,Sentence,0
9.237945,13.212145,Sentence,2
8.872226,14.358462,Sentence,2
8.092975,14.023191,Sentence,2
7.390499,11.59815,Sentence,0
8.34449,12.252601,Sentence,1
10.460836,15.196062,Sentence,1
7.921022,10.396347,Sentence,0
11.407934,11.011641,Sentence,3
9.859315,12.682457,Sentence,2
9.436032,10.962254,Sentence,1
7.992862,13.343533,Sentence,2
7.1067643,12.073525,Sentence,0
6.516393,13.453206,Sentence,0
7.6663623,11.642244,Sentence,0
8.61891,13.306367,Sentence,2
10.780855,12.111113,Sentence,2
7.8015532,12.999434,Sentence,2
10.769561,12.284153,Sentence,2
7.633407,13.240423,Sentence,2
7.6302876,11.122143,Sentence,0
9.009574,14.356939,Sentence,2
8.858868,11.297675,Sentence,0
8.472626,10.717021,Sentence,0
10.367404,9.56349,Sentence,1
7.9029336,13.8000555,Sentence,2
10.010518,13.83663,Sentence,2
10.270855,12.837367,Sentence,1
8.425642,11.714469,Sentence,0
8.803689,9.755744,Sentence,1
9.521642,12.847844,Sentence,0
8.581436,14.355833,Sentence,2
7.642224,10.6746645,Sentence,0
9.650389,13.298755,Sentence,2
12.34298,10.280761,Sentence,3
10.412968,11.460517,Sentence,3
9.317107,12.367077,Sentence,0
8.6028185,12.077506,Sentence,0
8.567821,12.901249,Sentence,2
8.790289,12.936151,Sentence,0
7.609922,13.245734,Sentence,2
7.858149,13.368638,Sentence,2
8.200584,11.857459,Sentence,2
7.28147,13.005998,Sentence,0
8.318288,11.922103,Sentence,0
8.553328,7.9627476,Sentence,3
7.841032,12.892924,Sentence,0
11.78665,12.14238,Sentence,1
8.532558,14.905851,Sentence,2
7.9654093,14.146132,Sentence,2
7.156544,12.51649,Sentence,2
12.37116,11.833468,Sentence,3
8.240208,8.415755,Sentence,1
9.603308,11.954018,Sentence,2
10.418318,11.541538,Sentence,1
8.898497,14.389533,Sentence,2
8.602545,11.566304,Sentence,1
9.2020645,12.972469,Sentence,2
12.591888,11.762313,Sentence,3
7.6497283,10.953539,Sentence,0
7.5574512,13.673184,Sentence,2
8.693964,13.502311,Sentence,2
12.749062,10.503567,Sentence,3
11.073163,8.0840645,Sentence,1
9.283086,15.2726965,Sentence,0
12.046696,14.020825,Sentence,1
8.5481205,12.416727,Sentence,0
11.954724,7.0887017,Sentence,1
10.16352,11.391864,Sentence,1
7.701133,13.769707,Sentence,2
9.2209425,15.465648,Sentence,3
9.881253,12.401021,Sentence,3
7.8214016,13.73367,Sentence,2
11.468568,9.09354,Sentence,3
9.075843,14.465548,Sentence,2
10.587746,12.96602,Sentence,1
10.208737,15.084614,Sentence,3
7.5798945,11.86045,Sentence,0
10.836888,14.483765,Sentence,1
9.163789,14.28852,Sentence,2
8.0725,13.216198,Sentence,2
9.256289,14.623536,Sentence,2
9.235763,14.416254,Sentence,2
11.338518,11.016482,Sentence,1
8.421505,11.7383585,Sentence,0
7.278273,12.155139,Sentence,0
9.954272,12.088295,Sentence,2
8.143233,12.75071,Sentence,2
8.05076,10.125974,Sentence,0
10.396754,11.8465605,Sentence,1
7.967171,10.98415,Sentence,0
8.081654,8.498309,Sentence,1
8.015511,13.845246,Sentence,2
7.5314817,11.690363,Sentence,0
8.761637,12.312304,Sentence,1
8.065406,12.833366,Sentence,2
7.2406964,14.117932,Sentence,2
7.2055554,14.306498,Sentence,2
8.340123,13.393326,Sentence,2
11.195208,11.233893,Sentence,1
8.408037,12.367393,Sentence,2
9.067387,14.537759,Sentence,2
8.965666,13.133125,Sentence,2
8.1535635,8.5365305,Sentence,1
10.993605,8.1398735,Sentence,1
10.424072,9.687354,Sentence,0
8.11178,14.462986,Sentence,2
9.427861,13.250154,Sentence,2
7.5328364,23.82138,Sentence,1
7.5807786,12.534949,Sentence,0
12.333301,10.463205,Sentence,1
7.888286,13.601224,Sentence,2
7.99825,13.851181,Sentence,2
9.700264,12.356596,Sentence,1
10.534416,10.33362,Sentence,1
11.465979,11.561981,Sentence,1
7.478195,13.566783,Sentence,2
8.980157,11.897666,Sentence,1
8.55221,10.710395,Sentence,0
10.148936,15.122593,Sentence,3
7.99751,12.846191,Sentence,0
7.941739,14.1211815,Sentence,2
7.6138372,11.437387,Sentence,0
7.9606023,14.143776,Sentence,2
9.239388,13.427167,Sentence,2
7.3896394,12.369445,Sentence,0
11.492244,10.008236,Sentence,1
9.484906,11.177668,Sentence,1
7.9289126,11.269698,Sentence,0
10.464543,8.161671,Sentence,1
10.128232,10.236812,Sentence,1
6.938497,13.523136,Sentence,1
8.513993,12.278355,Sentence,0
7.919765,12.100187,Sentence,0
9.722412,12.035066,Sentence,1
11.48502,11.391081,Sentence,3
8.621609,13.761525,Sentence,2
8.152482,10.150555,Sentence,1
7.583611,9.764995,Sentence,0
10.825409,12.203162,Sentence,1
8.428242,14.172892,Sentence,2
9.554489,14.514987,Sentence,2
7.751824,13.058831,Sentence,2
8.173422,13.786515,Sentence,2
7.2341247,12.854246,Sentence,0
7.611041,11.3191,Sentence,0
7.6575828,12.005353,Sentence,0
9.515078,10.276155,Sentence,1
10.926894,10.400909,Sentence,1
12.027683,12.220017,Sentence,3
9.417518,13.224144,Sentence,2
8.426731,12.179049,Sentence,0
7.886574,8.586245,Sentence,1
11.734466,12.055248,Sentence,1
7.782552,12.559067,Sentence,0
12.59434,11.741637,Sentence,3
11.124386,10.820811,Sentence,1
10.283576,13.070894,Sentence,1
8.59256,12.686857,Sentence,2
12.425278,13.95046,Sentence,1
8.389702,12.404264,Sentence,0
7.57222,11.75026,Sentence,0
7.5255923,11.384675,Sentence,0
9.30011,15.337369,Sentence,2
9.614261,14.851928,Sentence,2
9.802201,13.215518,Sentence,0
8.731531,15.503373,Sentence,1
7.3719773,14.281447,Sentence,2
7.502883,12.72961,Sentence,0
8.003006,14.106235,Sentence,2
8.0429325,9.638375,Sentence,0
8.287881,13.752003,Sentence,2
11.783104,11.223796,Sentence,1
11.872524,9.5978365,Sentence,1
9.90352,7.2733016,Sentence,1
7.8369007,14.081956,Sentence,2
12.128874,10.390801,Sentence,3
7.4785852,11.790129,Sentence,0
5.733343,5.5116324,Sentence,1
6.442476,13.599547,Sentence,1
9.215981,12.693612,Sentence,0
9.616506,12.182148,Sentence,1
11.608739,11.875333,Sentence,2
10.989725,11.874338,Sentence,1
10.782865,11.632563,Sentence,1
7.332224,14.346933,Sentence,2
8.749625,12.256024,Sentence,0
9.287309,14.572163,Sentence,2
11.346282,11.909942,Sentence,1
7.927418,10.08843,Sentence,3
9.864095,9.947466,Sentence,1
10.213777,14.929255,Sentence,3
12.600055,10.412417,Sentence,2
11.009015,8.112848,Sentence,1
7.86701,13.683199,Sentence,2
9.070208,13.704009,Sentence,2
10.98542,12.581735,Sentence,3
7.4234724,10.085008,Sentence,0
11.10269,12.57542,Sentence,2
8.819416,10.638475,Sentence,1
11.203583,11.602973,Sentence,1
10.146816,13.737924,Sentence,2
8.651712,11.604667,Sentence,0
9.279404,10.766668,Sentence,1
11.587572,12.594954,Sentence,1
8.347126,13.9595585,Sentence,2
8.9891,15.416505,Sentence,2
7.984972,14.095745,Sentence,2
7.36855,11.62406,Sentence,0
8.281942,13.166913,Sentence,1
9.062579,14.295704,Sentence,2
8.332202,13.140644,Sentence,2
7.465738,13.169394,Sentence,2
10.322677,13.884158,Sentence,3
11.558,12.957744,Sentence,2
7.867251,9.249495,Sentence,1
9.912073,14.297309,Sentence,2
7.717321,13.544696,Sentence,2
7.7163253,12.396925,Sentence,0
7.861318,13.350637,Sentence,2
7.6428466,12.899707,Sentence,0
10.323865,15.286581,Sentence,1
7.4143853,14.237369,Sentence,2
9.323892,13.930712,Sentence,1
7.4865046,10.751343,Sentence,0
9.583363,14.297525,Sentence,2
8.295304,12.983523,Sentence,0
11.536834,14.107242,Sentence,2
11.662864,12.273634,Sentence,2
7.6476746,14.714186,Sentence,1
7.2663903,8.520748,Sentence,3
7.87408,13.541873,Sentence,0
8.004679,11.926682,Sentence,1
8.076248,13.44417,Sentence,2
10.48869,10.611959,Sentence,3
7.755241,13.299993,Sentence,2
10.354739,12.980404,Sentence,2
8.576089,13.851864,Sentence,2
8.653857,12.40499,Sentence,0
6.9216714,20.950079,Sentence,3
8.927473,13.295575,Sentence,2
8.304456,14.361355,Sentence,2
7.656084,11.674951,Sentence,0
8.158038,13.598574,Sentence,2
11.650402,9.494386,Sentence,1
8.084048,14.10872,Sentence,2
9.333631,10.331272,Sentence,1
7.644907,13.119231,Sentence,0
7.514124,14.245765,Sentence,2
8.996122,14.757229,Sentence,2
7.5209885,13.159347,Sentence,2
11.688652,12.1663885,Sentence,1
9.417547,12.150632,Sentence,1
7.623121,11.358126,Sentence,0
7.2816515,12.378621,Sentence,0
8.795222,12.1514435,Sentence,0
8.310404,13.81811,Sentence,2
7.5446773,11.478719,Sentence,0
7.6436067,12.644104,Sentence,0
6.490218,13.587655,Sentence,1
11.656115,13.32742,Sentence,3
8.419626,14.109689,Sentence,2
10.457992,10.933843,Sentence,1
9.081553,10.03294,Sentence,1
8.900893,13.2255,Sentence,2
9.861575,12.406933,Sentence,2
7.530857,23.833355,Sentence,1
10.00019,11.436919,Sentence,1
10.7996,13.312746,Sentence,1
7.5537577,13.305002,Sentence,2
11.610369,11.864563,Sentence,3
7.487257,13.557559,Sentence,1
8.070426,12.2375555,Sentence,2
11.332239,12.033435,Sentence,3
8.277598,13.853583,Sentence,0
8.993444,12.6507635,Sentence,2
10.36357,10.375057,Sentence,1
8.907972,14.421335,Sentence,2
11.257567,11.65519,Sentence,0
8.480961,12.4184065,Sentence,1
7.7254763,14.357719,Sentence,2
8.7776,11.716301,Sentence,1
9.456917,10.606942,Sentence,1
7.786037,11.241811,Sentence,0
7.4739404,12.991631,Sentence,0
8.608681,12.961765,Sentence,2
8.460082,12.9266405,Sentence,2
8.598501,10.974641,Sentence,1
7.2687654,8.558289,Sentence,1
12.374769,12.031914,Sentence,3
9.929962,14.548644,Sentence,2
9.398184,12.646606,Sentence,1
7.39551,12.605231,Sentence,0
7.4546213,12.163667,Sentence,0
8.766804,12.433666,Sentence,2
7.5404873,12.405215,Sentence,0
7.699071,13.538446,Sentence,2
7.317047,12.562712,Sentence,0
10.473338,19.998255,Sentence,1
7.9362483,13.72983,Sentence,2
12.207672,11.432408,Sentence,3
8.016307,12.01093,Sentence,0
11.72061,12.041086,Sentence,3
10.409824,11.2326975,Sentence,1
10.580343,13.8705635,Sentence,1
11.770495,12.304918,Sentence,3
12.334817,11.810256,Sentence,3
7.4230347,10.7915125,Sentence,0
7.8504057,12.551743,Sentence,0
7.391196,12.997082,Sentence,2
6.814344,13.315852,Sentence,0
9.656696,15.013888,Sentence,2
8.908528,11.643805,Sentence,1
9.811883,12.549616,Sentence,1
11.284938,12.290648,Sentence,1
8.253835,13.567271,Sentence,2
8.042335,14.05483,Sentence,2
9.312144,11.821195,Sentence,1
10.951955,7.4728203,Sentence,1
10.150155,12.865293,Sentence,3
8.602121,11.799144,Sentence,1
10.75511,11.270422,Sentence,1
7.74283,12.928389,Sentence,0
7.5985885,11.791256,Sentence,0
7.7066126,13.375621,Sentence,2
8.991696,14.267445,Sentence,2
11.066604,8.080707,Sentence,1
7.6963463,14.002094,Sentence,2
7.95749,11.144891,Sentence,0
8.887793,10.976115,Sentence,1
9.744884,14.801785,Sentence,2
8.070764,10.305625,Sentence,0
11.019541,13.9700165,Sentence,3
10.952176,8.485592,Sentence,1
12.11706,8.634636,Sentence,1
7.4618864,11.30555,Sentence,0
7.8159537,9.415003,Sentence,1
7.7528358,12.123176,Sentence,0
10.267335,14.460217,Sentence,3
8.7707205,13.5747795,Sentence,2
12.007468,11.631496,Sentence,2
8.227579,13.662389,Sentence,2
8.466809,8.947628,Sentence,1
9.045725,10.705973,Sentence,1
7.333316,12.910095,Sentence,0
11.375551,13.457362,Sentence,3
7.8606586,12.989673,Sentence,2
10.832883,9.40332,Sentence,1
11.260492,11.764297,Sentence,3
8.43026,13.842783,Sentence,2
7.705854,13.412366,Sentence,2
10.1446085,14.930027,Sentence,2
7.7652063,12.984489,Sentence,2
8.907842,14.527389,Sentence,2
7.235511,14.134929,Sentence,2
7.97554,12.980458,Sentence,0
7.451598,9.028496,Sentence,0
7.6278925,11.730276,Sentence,0
7.6511364,8.729235,Sentence,1
12.367822,10.62051,Sentence,1
8.023918,9.536612,Sentence,1
9.534521,15.432075,Sentence,2
8.126768,13.316978,Sentence,2
12.394886,11.472121,Sentence,3
7.8471565,13.455901,Sentence,2
11.103071,6.9102836,Sentence,1
8.866601,13.470785,Sentence,2
8.833641,15.123697,Sentence,2
7.5475874,11.848946,Sentence,0
7.2382183,12.692181,Sentence,2
9.179005,15.223764,Sentence,2
10.174844,9.767434,Sentence,1
7.7293053,11.917631,Sentence,0
8.32243,14.065161,Sentence,2
8.789386,8.341507,Sentence,1
9.551579,14.792222,Sentence,2
12.2634945,10.596192,Sentence,0
8.809225,12.2623005,Sentence,2
7.923177,9.05428,Sentence,1
7.549448,13.736205,Sentence,2
7.6574183,13.60365,Sentence,2
12.251178,10.97815,Sentence,3
10.092588,14.754514,Sentence,1
7.306031,13.296842,Sentence,0
7.819009,13.221768,Sentence,2
10.35513,10.030272,Sentence,1
7.698975,13.227021,Sentence,0
7.520811,11.325989,Sentence,0
7.9986973,13.59543,Sentence,2
9.466067,13.417065,Sentence,2
7.7212124,13.420866,Sentence,2
9.338253,15.106064,Sentence,2
9.298868,13.995441,Sentence,0
8.208242,9.019624,Sentence,1
6.5035195,13.53386,Sentence,1
7.921736,13.924165,Sentence,2
10.199512,11.036414,Sentence,1
9.277499,14.228329,Sentence,2
7.859079,8.821425,Sentence,1
9.189018,15.103094,Sentence,0
9.849974,11.993283,Sentence,1
7.8670926,14.326628,Sentence,2
8.864791,14.981353,Sentence,2
10.463548,9.716459,Sentence,1
10.106102,14.921859,Sentence,2
8.661395,14.556872,Sentence,2
9.003941,15.006099,Sentence,2
9.2793665,15.055524,Sentence,2
11.621484,12.699537,Sentence,3
11.066021,7.7359037,Sentence,1
8.3388405,13.7851305,Sentence,2
7.5284657,12.203045,Sentence,0
9.874098,11.240367,Sentence,1
7.7343745,12.97571,Sentence,2
10.631598,12.925547,Sentence,1
10.417837,12.205978,Sentence,1
9.078686,10.239207,Sentence,0
9.606458,15.119401,Sentence,2
7.7987337,11.122771,Sentence,0
12.687193,11.511447,Sentence,3
7.3374104,13.322749,Sentence,0
9.571323,10.553047,Sentence,3
12.052251,10.496201,Sentence,1
9.579268,10.334172,Sentence,0
7.287196,13.671278,Sentence,0
7.705758,12.109584,Sentence,0
8.995285,14.02077,Sentence,2
7.886144,9.222478,Sentence,0
10.647528,8.320973,Sentence,1
9.101502,14.199477,Sentence,1
8.33477,14.812475,Sentence,2
8.355663,12.203729,Sentence,0
8.07797,11.478034,Sentence,0
6.4010777,13.602941,Sentence,1
10.89506,12.432519,Sentence,2
8.068212,9.543916,Sentence,1
8.290112,10.615965,Sentence,1
8.758334,14.858739,Sentence,2
8.185821,13.128883,Sentence,2
8.825845,12.043681,Sentence,0
8.565491,10.685663,Sentence,1
7.5255165,11.051516,Sentence,0
9.877273,11.158944,Sentence,3
10.755505,11.994131,Sentence,3
8.278015,13.348546,Sentence,2
10.18624,12.651672,Sentence,1
7.6635327,11.13148,Sentence,0
8.312465,14.6064415,Sentence,2
10.362887,11.710317,Sentence,2
9.666059,14.456083,Sentence,2
8.813762,14.1466875,Sentence,2
7.8762646,11.684543,Sentence,0
7.3600492,14.354144,Sentence,2
7.481546,13.071647,Sentence,0
9.629829,11.946448,Sentence,1
7.737983,13.943286,Sentence,2
8.556438,12.847883,Sentence,1
8.245384,11.860542,Sentence,0
11.725983,13.391149,Sentence,1
8.062014,11.334918,Sentence,0
7.3815475,13.270827,Sentence,2
7.9809155,10.409583,Sentence,0
11.050104,12.126292,Sentence,2
8.074896,11.372271,Sentence,0
7.6420407,12.365681,Sentence,0
7.6971245,10.977322,Sentence,0
11.545932,10.028711,Sentence,1
10.016082,12.517554,Sentence,3
7.78112,12.442758,Sentence,0
9.543129,14.178622,Sentence,1
9.9340725,13.18803,Sentence,2
8.721488,13.052287,Sentence,2
9.2865305,13.40794,Sentence,2
7.4375887,9.853459,Sentence,0
10.58246,10.748863,Sentence,1
10.006517,14.981843,Sentence,2
10.053011,14.407628,Sentence,2
7.786465,13.194305,Sentence,2
7.814341,13.531123,Sentence,2
10.36409,13.990183,Sentence,2
8.91278,14.012113,Sentence,1
7.397631,12.247514,Sentence,0
7.364755,13.963768,Sentence,2
7.5473285,12.919082,Sentence,2
7.651029,13.234514,Sentence,2
8.445474,13.931248,Sentence,0
8.340854,12.512322,Sentence,0
11.849921,11.455513,Sentence,3
9.378717,14.203507,Sentence,2
7.3268785,14.302512,Sentence,2
8.35873,14.573176,Sentence,2
10.488129,15.353947,Sentence,3
7.5862865,12.7320175,Sentence,0
7.5898185,13.761406,Sentence,2
12.097321,11.838265,Sentence,3
7.418473,12.096703,Sentence,0
8.25424,12.35008,Sentence,0
8.322174,13.469159,Sentence,2
11.058906,12.818898,Sentence,2
7.3100533,12.469253,Sentence,0
8.542396,11.0563135,Sentence,0
7.220572,8.096915,Sentence,1
7.4756246,13.648221,Sentence,2
12.026345,11.477592,Sentence,3
7.83952,13.64416,Sentence,2
9.013171,14.201132,Sentence,0
8.4089365,13.102521,Sentence,2
8.226842,14.67372,Sentence,2
7.9957585,9.711358,Sentence,1
7.532726,23.821733,Sentence,1
7.163782,14.197186,Sentence,0
7.5510736,13.398808,Sentence,2
7.25774,8.510828,Sentence,3
7.329097,12.257693,Sentence,0
10.627782,12.398648,Sentence,2
8.978758,14.237514,Sentence,0
7.8999624,10.014417,Sentence,0
9.209588,14.317788,Sentence,2
8.080932,12.125858,Sentence,0
7.942189,14.595644,Sentence,2
7.2552648,12.365429,Sentence,0
9.857831,13.492553,Sentence,2
7.8346395,12.44644,Sentence,0
6.583504,13.548314,Sentence,1
10.266374,12.706071,Sentence,2
11.908329,10.20997,Sentence,3
8.026548,9.870446,Sentence,0
7.5892715,13.907861,Sentence,2
8.798738,12.349485,Sentence,2
8.461469,13.818821,Sentence,2
7.318988,10.818895,Sentence,0
9.55876,15.176798,Sentence,1
7.823179,14.236324,Sentence,2
7.521092,13.690644,Sentence,2
7.4397902,13.37212,Sentence,2
9.50697,14.848992,Sentence,2
8.655621,14.999126,Sentence,2
9.344769,11.414534,Sentence,1
9.150021,15.340696,Sentence,2
8.925185,12.692685,Sentence,2
16.303047,9.637701,Sentence,3
7.5839267,11.013092,Sentence,0
8.022132,12.972566,Sentence,2
9.363921,14.341746,Sentence,0
10.878721,8.300439,Sentence,3
9.101288,9.74489,Sentence,3
8.960374,13.73494,Sentence,2
11.910067,7.1624813,Sentence,1
9.25897,13.195057,Sentence,1
7.4563494,11.6795635,Sentence,0
8.0161085,13.605478,Sentence,2
7.518874,12.963856,Sentence,0
12.437787,11.725184,Sentence,3
7.414091,12.808957,Sentence,2
7.2594013,12.049171,Sentence,0
8.002211,9.34766,Sentence,1
8.880674,11.988985,Sentence,0
9.25128,11.743468,Sentence,2
8.3535385,11.875168,Sentence,0
7.6904874,13.174419,Sentence,2
7.498784,9.744944,Sentence,1
10.121511,11.159734,Sentence,2
8.604395,15.235871,Sentence,2
9.18683,11.793069,Sentence,2
7.9168596,13.337409,Sentence,2
8.196594,11.151476,Sentence,0
7.866093,13.888631,Sentence,2
7.572917,12.710784,Sentence,0
8.096348,14.042573,Sentence,2
7.89035,14.859884,Sentence,3
9.673868,12.596458,Sentence,2
7.368459,13.054549,Sentence,0
9.249696,12.896177,Sentence,2
8.2502,11.121108,Sentence,0
9.82018,13.360661,Sentence,0
8.597741,13.872227,Sentence,2
10.414012,11.149831,Sentence,1
7.6250224,13.181659,Sentence,2
9.128256,12.648918,Sentence,2
7.8733087,11.256221,Sentence,0
9.903984,7.273879,Sentence,1
6.4034743,13.583293,Sentence,1
12.243562,11.645314,Sentence,3
9.208764,12.864084,Sentence,2
9.203797,12.436818,Sentence,2
12.512755,10.5302305,Sentence,1
9.986759,15.287875,Sentence,2
8.648536,13.289877,Sentence,2
8.368434,9.008579,Sentence,1
14.533206,8.038001,Sentence,0
7.1764793,12.046305,Sentence,0
7.8125854,14.550879,Sentence,2
11.09188,11.23703,Sentence,1
11.478491,11.999482,Sentence,1
7.3469596,11.613341,Sentence,0
12.033409,11.880733,Sentence,3
7.777092,9.826978,Sentence,0
7.8548565,10.113263,Sentence,0
11.239119,12.082942,Sentence,1
8.150728,11.784231,Sentence,0
7.4912753,14.102485,Sentence,2
8.501676,13.627371,Sentence,2
7.9592333,11.748055,Sentence,0
8.853084,14.217532,Sentence,0
9.411841,12.814349,Sentence,2
12.1338,11.410123,Sentence,3
8.211008,12.407753,Sentence,2
7.7572107,9.663068,Sentence,0
8.906885,11.73453,Sentence,1
7.292107,10.916865,Sentence,0
9.266344,14.607394,Sentence,2
8.530703,12.522656,Sentence,0
9.160851,10.328806,Sentence,1
8.325056,12.057384,Sentence,0
7.7735033,12.957289,Sentence,0
9.043333,14.404016,Sentence,2
7.0633574,12.481922,Sentence,0
7.852541,11.083733,Sentence,0
8.453952,13.865139,Sentence,2
13.555177,-2.9270854,Sentence,3
10.454693,9.261795,Sentence,1
7.8873615,8.524419,Sentence,1
9.058081,12.155889,Sentence,2
8.833534,13.051282,Sentence,2
7.75793,12.103081,Sentence,0
9.482861,13.460212,Sentence,0
8.335766,8.236015,Sentence,3
7.5864377,13.045096,Sentence,0
8.834895,13.91768,Sentence,2
8.729961,12.958138,Sentence,2
7.8499055,8.56264,Sentence,1
7.1721992,14.298667,Sentence,1
6.5292287,13.598792,Sentence,1
7.5990677,11.372099,Sentence,0
7.4250183,12.521775,Sentence,0
8.292202,9.203261,Sentence,0
9.282914,13.699087,Sentence,2
10.365708,11.5593605,Sentence,1
8.043613,13.954253,Sentence,2
9.316978,13.533257,Sentence,2
7.907614,13.06624,Sentence,0
7.6875486,13.334531,Sentence,2
8.952195,12.88568,Sentence,2
7.9304633,14.080959,Sentence,2
9.266925,12.83862,Sentence,1
10.627448,11.641686,Sentence,1
9.574894,11.408676,Sentence,1
8.060192,14.872679,Sentence,2
7.3065224,13.375337,Sentence,2
10.58956,13.441225,Sentence,3
6.9575562,11.541852,Sentence,0
8.973959,13.02528,Sentence,2
8.565753,11.249654,Sentence,1
7.786188,13.072896,Sentence,2
7.823096,12.176979,Sentence,0
7.7277675,13.35428,Sentence,2
7.532832,23.821577,Sentence,1
8.631206,10.762761,Sentence,1
8.528387,9.445631,Sentence,0
9.40981,14.780573,Sentence,2
9.324153,12.613713,Sentence,2
11.073308,11.161873,Sentence,3
7.852662,13.282077,Sentence,2
7.353213,10.899766,Sentence,0
7.7965646,10.533561,Sentence,0
6.6006036,8.349047,Sentence,1
11.456199,11.517212,Sentence,1
8.243094,11.513922,Sentence,1
8.197608,12.565568,Sentence,1
9.721234,14.779747,Sentence,0
7.8799753,9.767018,Sentence,1
8.483694,12.611863,Sentence,0
7.874093,13.883003,Sentence,2
12.461994,10.5660305,Sentence,3
8.1227,11.981872,Sentence,0
8.953373,12.273369,Sentence,1
11.278068,11.875336,Sentence,2
7.8942995,14.067326,Sentence,2
7.6269803,14.214509,Sentence,2
8.639472,13.986026,Sentence,2
7.996981,13.338585,Sentence,0
9.656327,13.0846815,Sentence,0
10.252033,12.667976,Sentence,2
10.660326,7.9884825,Sentence,1
10.462579,8.378921,Sentence,1
10.984787,12.896644,Sentence,2
9.123334,14.93802,Sentence,2
7.6053476,11.469658,Sentence,0
7.175621,12.766743,Sentence,0
7.456215,12.765309,Sentence,0
9.053996,10.852464,Sentence,1
11.177703,12.353225,Sentence,2
8.205491,14.284691,Sentence,2
8.698961,11.316459,Sentence,1
6.629379,13.547821,Sentence,1
9.849526,14.223158,Sentence,2
9.244239,15.424438,Sentence,1
7.9955153,13.972999,Sentence,2
8.470873,11.4794035,Sentence,0
8.991174,13.943786,Sentence,1
9.521727,15.746337,Sentence,3
8.677764,12.975601,Sentence,2
11.23394,10.517217,Sentence,3
8.420108,13.561984,Sentence,0
8.222675,13.3761425,Sentence,2
7.3124404,12.075051,Sentence,0
7.7625604,13.109791,Sentence,2
7.497702,11.416773,Sentence,0
11.919335,7.126019,Sentence,1
7.905841,10.9097595,Sentence,1
7.6528153,14.169883,Sentence,2
7.4683003,12.477931,Sentence,0
8.995601,12.994932,Sentence,2
10.783546,11.020334,Sentence,3
10.488279,8.553703,Sentence,1
8.736001,13.718078,Sentence,2
7.695321,13.653108,Sentence,2
11.027335,7.0716286,Sentence,1
10.242869,11.906061,Sentence,1
8.427578,13.667057,Sentence,0
7.639525,12.537686,Sentence,0
8.116908,8.5418825,Sentence,1
8.641627,14.88617,Sentence,2
8.947436,13.280767,Sentence,2
12.396935,10.609396,Sentence,0
10.595155,9.545981,Sentence,1
13.555057,-2.9281387,Sentence,3
7.7294574,12.199704,Sentence,0
11.218098,10.238211,Sentence,3
8.6670065,15.465592,Sentence,2
8.837754,10.171892,Sentence,1
7.659979,12.66275,Sentence,0
7.4090614,12.892898,Sentence,0
11.909066,7.162694,Sentence,1
12.511651,10.503842,Sentence,3
9.523372,10.750663,Sentence,1
7.8844523,13.653372,Sentence,2
9.123612,15.050936,Sentence,1
9.47295,10.699756,Sentence,1
10.14081,12.435106,Sentence,3
7.524433,12.3779,Sentence,0
11.556639,12.09534,Sentence,1
7.9619102,8.732594,Sentence,1
8.102535,11.948218,Sentence,0
9.995672,10.6705,Sentence,1
7.6171937,8.838968,Sentence,1
10.439797,8.382239,Sentence,1
7.4145117,11.159553,Sentence,0
8.178186,14.934479,Sentence,2
10.266433,12.6528425,Sentence,0
9.601877,13.176133,Sentence,2
8.820886,13.89264,Sentence,2
6.8134212,12.766721,Sentence,0
7.9545164,13.990731,Sentence,2
7.770373,12.623806,Sentence,0
8.004653,9.700133,Sentence,1
9.783675,11.504957,Sentence,2
6.8470497,13.655888,Sentence,1
8.624171,13.907793,Sentence,0
11.412162,12.056235,Sentence,3
10.486186,11.709429,Sentence,3
8.657406,13.588063,Sentence,2
8.960973,9.732091,Sentence,1
9.572223,13.909254,Sentence,2
8.641867,10.449508,Sentence,1
7.12154,13.518227,Sentence,0
12.168435,10.905831,Sentence,3
9.217188,9.6652975,Sentence,1
8.407793,10.518355,Sentence,0
8.352473,12.952362,Sentence,2
8.788736,13.825977,Sentence,2
10.217789,13.867047,Sentence,2
10.800147,12.5285015,Sentence,2
10.622199,11.893126,Sentence,3
11.987748,10.520093,Sentence,1
9.503827,14.269198,Sentence,2
7.7502885,12.589986,Sentence,2
10.114829,12.755791,Sentence,2
10.038666,13.48,Sentence,2
7.8648095,13.456989,Sentence,2
7.282655,13.583424,Sentence,2
12.343907,10.572954,Sentence,3
7.810701,12.141601,Sentence,0
8.1163435,11.175616,Sentence,0
8.252428,11.312933,Sentence,0
9.781371,12.710312,Sentence,2
9.623853,15.135017,Sentence,2
10.266487,14.662195,Sentence,3
9.692565,14.410672,Sentence,2
8.402091,11.414676,Sentence,1
9.510979,13.713611,Sentence,3
7.4367924,12.842016,Sentence,0
7.7888303,13.85271,Sentence,2
7.634043,12.297145,Sentence,0
9.636854,13.373821,Sentence,2
10.730776,11.867848,Sentence,2
10.37979,10.322662,Sentence,1
8.54555,10.745016,Sentence,0
9.447957,14.0432415,Sentence,0
9.48476,11.520438,Sentence,0
10.372677,15.400719,Sentence,3
7.8225737,13.304467,Sentence,2
7.411611,12.623458,Sentence,0
7.8256035,13.308819,Sentence,2
8.047646,13.265787,Sentence,2
8.10104,12.121157,Sentence,0
9.9726095,13.800635,Sentence,2
16.298159,9.639246,Sentence,3
10.36672,8.192755,Sentence,1
11.196532,10.94503,Sentence,3
9.256629,12.820634,Sentence,2
11.655517,10.390169,Sentence,3
8.595097,12.683148,Sentence,2
8.877225,13.673857,Sentence,0
9.147761,13.918787,Sentence,2
9.005669,13.4259,Sentence,0
16.30316,9.637719,Sentence,3
13.555138,-2.9283137,Sentence,3
9.19138,12.305514,Sentence,2
8.648058,13.554025,Sentence,2
7.6645956,13.174737,Sentence,2
8.108397,12.602573,Sentence,2
11.923469,10.507502,Sentence,1
8.030847,13.026522,Sentence,2
7.515879,11.916879,Sentence,0
10.985939,13.248322,Sentence,3
8.0689,11.777547,Sentence,0
8.635702,11.661277,Sentence,0
9.457932,15.41382,Sentence,2
8.158759,12.585734,Sentence,0
7.435834,13.221283,Sentence,0
6.690684,13.561319,Sentence,1
7.3232446,8.499861,Sentence,1
8.368509,14.790978,Sentence,2
10.63671,7.5022717,Sentence,1
7.913923,13.312321,Sentence,2
7.642266,14.712514,Sentence,3
11.635158,11.669406,Sentence,3
12.2648735,10.679586,Sentence,3
7.0601225,12.669188,Sentence,0
7.3865833,10.515918,Sentence,0
8.362311,12.589891,Sentence,2
10.28279,11.115044,Sentence,3
7.491266,10.40362,Sentence,0
14.530025,8.039229,Sentence,1
7.396261,13.151116,Sentence,0
7.798141,9.485389,Sentence,1
8.799421,13.2096615,Sentence,2
8.173296,12.803682,Sentence,2
12.178958,10.698109,Sentence,1
12.932866,12.517884,Sentence,3
9.549862,12.43524,Sentence,2
8.145691,8.613401,Sentence,1
7.4761806,9.719628,Sentence,1
8.461929,11.529686,Sentence,0
8.378597,12.857235,Sentence,2
8.771922,14.925723,Sentence,2
10.84022,13.728661,Sentence,1
8.465391,14.347864,Sentence,2
8.658437,9.282908,Sentence,0
8.04238,13.764667,Sentence,2
12.380703,10.604959,Sentence,3
10.855211,9.818742,Sentence,1
7.3451295,14.393509,Sentence,2
7.3324256,10.258707,Sentence,0
8.170168,14.846894,Sentence,2
7.6522245,12.477166,Sentence,2
8.687197,13.8460865,Sentence,2
8.149663,12.675796,Sentence,0
8.887583,14.004667,Sentence,0
7.786535,14.404934,Sentence,2
7.3995523,14.252964,Sentence,2
10.371094,11.627822,Sentence,1
6.53839,13.594587,Sentence,1
8.748497,13.28947,Sentence,2
7.418625,11.050492,Sentence,0
7.316837,11.537466,Sentence,0
8.076189,14.409195,Sentence,2
7.379442,12.380094,Sentence,0
11.644696,7.827849,Sentence,0
8.879947,11.810453,Sentence,2
9.974084,12.94155,Sentence,1
7.9864073,13.825046,Sentence,2
7.306476,12.866038,Sentence,0
13.603464,11.416255,Sentence,3
7.50808,9.697849,Sentence,0
9.982852,13.363066,Sentence,2
10.06552,10.425891,Sentence,1
8.783551,15.35929,Sentence,2
8.028426,11.852428,Sentence,0
10.9190645,11.993155,Sentence,1
7.5552635,14.136375,Sentence,2
11.618798,12.636155,Sentence,2
7.3272977,12.825872,Sentence,0
7.7214465,13.556658,Sentence,2
7.6713586,13.994518,Sentence,2
8.007676,12.422499,Sentence,0
7.467226,10.764668,Sentence,0
11.454071,11.294641,Sentence,3
8.135354,10.913021,Sentence,1
7.886257,13.186506,Sentence,0
9.356972,10.290127,Sentence,1
8.652467,14.134344,Sentence,2
8.411552,11.416697,Sentence,1
9.407292,15.097383,Sentence,2
10.106506,8.426714,Sentence,1
7.895634,10.856591,Sentence,1
10.787403,11.442233,Sentence,3
10.543245,13.27005,Sentence,3
10.676666,14.094921,Sentence,2
8.5634985,15.1598425,Sentence,2
12.411604,10.58231,Sentence,3
9.747665,13.890615,Sentence,2
9.181214,13.326035,Sentence,0
12.050158,11.590715,Sentence,3
8.015558,13.4744,Sentence,2
7.2282157,8.097422,Sentence,1
9.913218,15.69121,Sentence,3
10.433295,7.717048,Sentence,1
11.204201,11.643902,Sentence,3
7.8573112,11.061612,Sentence,0
9.005018,12.3288555,Sentence,2
8.913462,11.346376,Sentence,1
7.431038,12.632902,Sentence,0
7.203793,12.606602,Sentence,0
8.618872,14.41589,Sentence,2
10.267388,10.64176,Sentence,3
11.347291,11.1224785,Sentence,1
12.352308,10.356443,Sentence,1
9.432352,14.584237,Sentence,2
9.544116,13.110661,Sentence,2
7.587373,11.403445,Sentence,0
12.158626,10.7454,Sentence,3
8.073845,11.26357,Sentence,0
11.188719,11.303247,Sentence,1
11.101155,6.918176,Sentence,1
11.208566,12.288628,Sentence,1
9.67513,13.514724,Sentence,2
8.077771,11.112444,Sentence,0
11.444954,11.68227,Sentence,1
8.680057,12.19178,Sentence,0
8.828788,13.948076,Sentence,2
8.490877,13.63447,Sentence,2
10.383522,12.602477,Sentence,2
10.049742,12.098648,Sentence,1
9.357582,13.130141,Sentence,2
12.444783,10.5983305,Sentence,2
12.366463,10.55468,Sentence,2
12.224889,11.686159,Sentence,3
10.453517,10.953774,Sentence,1
10.86252,12.452708,Sentence,2
7.996247,13.578106,Sentence,2
8.848441,11.334856,Sentence,1
11.105444,6.904855,Sentence,1
11.366132,12.100476,Sentence,1
7.539001,12.1560135,Sentence,0
7.2520227,14.354074,Sentence,1
8.120357,13.40351,Sentence,2
7.551622,13.381954,Sentence,2
9.859023,8.459401,Sentence,1
7.1791778,14.292568,Sentence,2
7.8252172,12.736187,Sentence,2
8.73514,12.2719345,Sentence,2
8.558339,13.841948,Sentence,2
7.8637934,13.529167,Sentence,2
9.438784,14.94569,Sentence,2
7.8973465,11.0163765,Sentence,0
6.4574695,13.570627,Sentence,2
7.9176707,13.2925,Sentence,0
12.6018915,11.786509,Sentence,3
8.071253,14.122812,Sentence,2
10.552986,9.532569,Sentence,0
10.302458,12.018288,Sentence,1
9.944326,13.854665,Sentence,2
7.9437637,13.011714,Sentence,2
9.505498,15.460261,Sentence,3
7.129462,12.270736,Sentence,0
7.1283746,12.500716,Sentence,0
8.248593,13.619267,Sentence,2
11.067586,12.614781,Sentence,1
10.049782,13.153823,Sentence,2
9.165052,11.070075,Sentence,1
7.814633,13.577403,Sentence,2
7.2103033,14.370338,Sentence,2
10.230038,11.789678,Sentence,1
8.349666,10.774912,Sentence,0
7.9659314,13.025622,Sentence,0
8.042615,11.745515,Sentence,0
12.420861,11.961395,Sentence,3
9.463243,13.16349,Sentence,2
12.510321,11.735969,Sentence,3
8.156577,13.464941,Sentence,0
7.6423435,13.786388,Sentence,2
7.598342,10.630794,Sentence,0
8.579909,11.553046,Sentence,0
7.6493034,14.060862,Sentence,2
10.660776,12.635934,Sentence,3
7.5329056,23.821482,Sentence,1
11.011649,11.270096,Sentence,1
7.805116,13.698138,Sentence,2
7.2066417,12.832934,Sentence,0
7.3736773,12.931914,Sentence,2
7.650121,13.317958,Sentence,2
7.776944,13.394045,Sentence,2
7.2985306,14.275948,Sentence,2
11.100591,6.9182143,Sentence,1
8.168337,13.011212,Sentence,2
9.112574,14.7346525,Sentence,2
11.559753,9.785766,Sentence,1
10.597252,9.272177,Sentence,1
8.213136,14.513997,Sentence,2
10.371009,7.9229827,Sentence,1
8.317942,8.682152,Sentence,1
9.3921,11.991201,Sentence,1
8.794676,14.138313,Sentence,2
8.406799,13.092238,Sentence,2
8.495911,15.096336,Sentence,2
10.0744705,12.590129,Sentence,2
8.280275,11.854835,Sentence,0
8.3844385,9.027957,Sentence,1
7.347262,13.027566,Sentence,0
9.895577,14.92481,Sentence,2
7.673652,12.509354,Sentence,0
7.346207,12.509602,Sentence,0
6.3974566,13.600296,Sentence,1
10.709826,7.903195,Sentence,1
8.38424,9.028086,Sentence,1
8.181221,12.117191,Sentence,2
9.234101,15.0086155,Sentence,2
9.370416,15.349669,Sentence,2
8.321371,13.227469,Sentence,2
9.308717,11.554889,Sentence,1
9.197039,12.28951,Sentence,2
10.36431,14.359512,Sentence,2
8.419588,11.766473,Sentence,2
7.36678,11.909084,Sentence,0
9.868818,11.367901,Sentence,3
9.674058,13.933739,Sentence,2
8.3695135,14.687541,Sentence,2
8.560375,13.357256,Sentence,0
10.155864,8.050032,Sentence,1
11.56139,11.676922,Sentence,1
7.3277745,11.054161,Sentence,0
11.646383,7.8107586,Sentence,1
13.5548,-2.9273753,Sentence,3
8.370005,13.683253,Sentence,2
11.114048,9.819936,Sentence,3
12.523903,11.700594,Sentence,3
7.51713,12.302571,Sentence,1
10.543177,15.177365,Sentence,3
10.277457,12.951336,Sentence,2
7.5223393,13.101756,Sentence,0
11.109687,14.791195,Sentence,2
8.951158,11.228017,Sentence,0
7.9607716,13.744285,Sentence,2
8.795784,11.121662,Sentence,1
7.141669,12.478235,Sentence,0
10.999676,13.723052,Sentence,3
7.685513,12.927684,Sentence,2
8.763795,14.901464,Sentence,2
8.595084,13.520684,Sentence,0
8.417667,13.401178,Sentence,2
9.062988,13.157314,Sentence,2
9.870215,8.348441,Sentence,1
7.507338,13.8455715,Sentence,2
7.5485415,13.585723,Sentence,2
7.5864716,13.084819,Sentence,2
7.6435094,14.479344,Sentence,2
9.433519,15.227848,Sentence,2
10.471979,8.403628,Sentence,1
7.3869925,14.340241,Sentence,0
7.7976165,14.288096,Sentence,2
9.399806,14.96097,Sentence,2
7.482738,11.245676,Sentence,0
11.433977,10.111759,Sentence,3
10.296278,12.479787,Sentence,2
7.2474046,14.407308,Sentence,2
7.5438886,12.137427,Sentence,0
11.623073,10.409186,Sentence,1
10.640439,11.644367,Sentence,1
7.2026334,14.109263,Sentence,2
7.7866416,11.964779,Sentence,0
7.9636455,10.981314,Sentence,0
7.3769727,13.962721,Sentence,2
7.99276,10.932575,Sentence,0
7.49614,12.425863,Sentence,0
8.2253065,10.699965,Sentence,0
8.844655,12.578501,Sentence,2
8.41078,8.995493,Sentence,1
7.3086624,13.360715,Sentence,2
9.239146,15.426824,Sentence,2
9.847388,15.266386,Sentence,1
8.895575,14.267083,Sentence,2
10.160425,12.273549,Sentence,2
8.02147,12.083791,Sentence,0
7.212382,13.106364,Sentence,0
10.672994,13.542169,Sentence,2
7.8715453,8.572739,Sentence,1
7.1654778,12.89128,Sentence,0
8.543246,14.039421,Sentence,2
10.533572,10.6428585,Sentence,1
7.774222,9.995217,Sentence,0
8.067813,12.086298,Sentence,0
8.279577,14.184534,Sentence,2
11.248727,11.306452,Sentence,3
11.040535,12.120529,Sentence,3
9.470126,14.876872,Sentence,2
11.982018,11.934902,Sentence,3
7.799551,13.892155,Sentence,2
7.889181,11.990635,Sentence,0
12.26444,10.76987,Sentence,3
8.785756,11.630381,Sentence,0
11.724623,9.653317,Sentence,1
9.455877,13.871192,Sentence,2
7.3259892,13.730936,Sentence,2
10.288928,12.860996,Sentence,2
8.33382,8.229391,Sentence,3
7.9287157,11.832145,Sentence,0
8.210862,9.314143,Sentence,1
8.196104,13.544605,Sentence,2
10.461697,11.535388,Sentence,2
11.893453,11.692572,Sentence,3
8.45551,8.17656,Sentence,3
9.141345,11.522237,Sentence,1
8.181513,13.753924,Sentence,2
6.7079964,13.572601,Sentence,2
9.212921,14.386915,Sentence,2
8.215865,12.244993,Sentence,1
9.421285,12.494798,Sentence,2
8.730631,11.249966,Sentence,0
7.800263,12.621513,Sentence,0
11.388707,12.294611,Sentence,3
8.801316,14.480001,Sentence,2
7.474347,13.095768,Sentence,2
9.485558,11.999778,Sentence,1
9.611613,14.713581,Sentence,2
7.8316755,11.273299,Sentence,0
9.709317,11.944665,Sentence,1
8.202314,13.112032,Sentence,2
9.870226,11.356049,Sentence,2
7.456188,11.484575,Sentence,0
7.6516595,9.684121,Sentence,1
10.854221,11.41519,Sentence,3
8.4400425,10.693272,Sentence,0
10.216356,11.91031,Sentence,2
11.897685,10.603578,Sentence,1
8.422317,13.089796,Sentence,2
11.393193,11.882401,Sentence,1
11.246178,11.502792,Sentence,1
8.1426735,13.303682,Sentence,2
8.526574,10.644492,Sentence,0
7.6563525,12.8526535,Sentence,0
8.02221,10.132891,Sentence,0
9.110441,11.9185705,Sentence,2
7.4363523,14.320356,Sentence,2
7.409435,12.331266,Sentence,0
11.466362,11.089615,Sentence,3
12.7906685,8.939196,Sentence,1
7.362341,12.929544,Sentence,1
7.3459625,12.273396,Sentence,0
7.726563,13.442839,Sentence,2
8.400503,11.03761,Sentence,0
8.343565,13.080195,Sentence,2
7.1347866,12.0106945,Sentence,0
8.010077,13.501301,Sentence,2
12.000463,11.791283,Sentence,3
8.189178,12.264582,Sentence,0
8.598264,12.84935,Sentence,2
8.880599,13.763405,Sentence,0
10.543074,9.869375,Sentence,1
8.362744,14.769688,Sentence,2
8.25321,14.029537,Sentence,2
11.906617,7.15735,Sentence,1
7.2207947,8.083469,Sentence,1
8.011203,13.263201,Sentence,2
9.642387,9.776031,Sentence,1
7.256874,11.869898,Sentence,0
9.169811,14.011783,Sentence,2
10.041609,13.378365,Sentence,3
11.089594,11.913835,Sentence,3
12.230409,10.617476,Sentence,3
9.911303,12.236717,Sentence,1
10.141859,11.474985,Sentence,1
7.3555117,9.819762,Sentence,0
16.303146,9.63762,Sentence,3
7.3344436,11.469626,Sentence,0
11.189017,10.753647,Sentence,1
7.262818,11.260493,Sentence,0
8.071427,11.595941,Sentence,1
7.9534254,11.814943,Sentence,0
7.421881,12.618909,Sentence,0
8.24124,14.703316,Sentence,2
7.692139,13.519746,Sentence,0
7.3951206,10.713702,Sentence,0
7.660786,9.708686,Sentence,0
7.0922155,13.550189,Sentence,2
7.975969,13.33483,Sentence,2
7.659811,13.455705,Sentence,0
9.665832,15.139345,Sentence,2
11.802771,12.02625,Sentence,1
8.978725,11.49505,Sentence,1
7.9255805,12.922139,Sentence,0
9.658571,13.657493,Sentence,2
9.230451,15.193172,Sentence,0
7.658458,12.649508,Sentence,0
9.280089,14.813496,Sentence,2
9.633236,13.685239,Sentence,2
9.040597,13.172253,Sentence,2
9.655512,12.342774,Sentence,1
11.218736,12.343277,Sentence,2
9.515371,13.039769,Sentence,2
11.292635,9.708932,Sentence,1
7.8669267,13.479951,Sentence,2
8.228933,13.775407,Sentence,2
9.147129,14.705967,Sentence,2
9.331325,14.724083,Sentence,2
8.379105,13.2319565,Sentence,2
6.823027,13.668476,Sentence,1
9.779485,15.611892,Sentence,3
8.04551,12.943965,Sentence,2
7.771826,13.258538,Sentence,2
9.2204485,11.151318,Sentence,1
11.0476265,13.215139,Sentence,3
7.3910933,12.522636,Sentence,0
8.926776,13.013588,Sentence,2
10.158124,13.442561,Sentence,2
7.656442,14.044604,Sentence,2
6.600543,8.360729,Sentence,1
7.639514,13.102857,Sentence,0
7.818746,13.827351,Sentence,2
9.838245,8.188002,Sentence,0
8.109298,13.0833,Sentence,2
12.343437,12.523704,Sentence,3
10.01004,11.834253,Sentence,1
7.532986,23.821339,Sentence,1
9.009942,13.302967,Sentence,0
7.623303,12.658852,Sentence,0
10.090535,15.161504,Sentence,1
7.383713,12.150785,Sentence,0
6.673497,13.5935,Sentence,2
7.5803294,12.148868,Sentence,0
10.999235,8.115794,Sentence,1
12.684535,12.27596,Sentence,3
7.816471,11.08583,Sentence,0
8.026532,9.281287,Sentence,1
11.668316,10.798422,Sentence,3
7.7463865,14.143503,Sentence,2
9.0999565,13.591043,Sentence,2
10.561543,11.637361,Sentence,1
11.743258,11.641451,Sentence,3
11.116928,10.840584,Sentence,1
10.161781,8.083632,Sentence,1
11.63436,12.417639,Sentence,3
10.454382,7.7189217,Sentence,1
12.35664,11.7916355,Sentence,3
9.375354,12.3945,Sentence,0
7.984936,13.804535,Sentence,2
11.01703,12.109653,Sentence,1
9.034498,13.538468,Sentence,2
8.078949,14.286545,Sentence,2
10.015386,15.080314,Sentence,3
9.373222,14.717955,Sentence,2
9.493417,14.369045,Sentence,2
9.347975,14.241248,Sentence,2
7.436087,10.575429,Sentence,0
8.693567,10.531047,Sentence,1
8.840102,12.178913,Sentence,2
7.451303,13.175746,Sentence,2
9.70582,12.423031,Sentence,2
7.54713,11.63783,Sentence,0
10.397302,9.201703,Sentence,1
10.778154,11.055898,Sentence,3
9.916011,9.758614,Sentence,1
10.391141,11.699302,Sentence,3
11.413857,11.009582,Sentence,3
7.852648,12.615586,Sentence,0
8.513672,13.946676,Sentence,2
7.9043727,12.51004,Sentence,0
9.089077,12.000322,Sentence,1
7.3640437,12.546684,Sentence,0
8.001932,11.453727,Sentence,0
7.1271152,12.742034,Sentence,0
12.376397,10.655652,Sentence,2
7.7779098,12.867549,Sentence,2
11.674747,11.5489435,Sentence,3
8.266808,13.431547,Sentence,2
7.739201,13.535629,Sentence,2
9.060716,13.953987,Sentence,2
7.4859734,12.423062,Sentence,1
8.291381,13.604745,Sentence,2
7.3319826,11.016655,Sentence,0
10.580716,11.197828,Sentence,1
10.339819,12.828129,Sentence,3
8.626904,13.606598,Sentence,2
8.983437,11.649232,Sentence,1
8.651485,13.496492,Sentence,2
8.724525,12.263809,Sentence,2
8.593718,10.600774,Sentence,0
9.085589,13.535376,Sentence,2
9.082712,14.618579,Sentence,2
10.757058,9.3658495,Sentence,1
7.8644876,13.716335,Sentence,2
6.682188,8.936605,Sentence,1
9.169083,14.026473,Sentence,1
10.815383,15.57396,Sentence,3
11.083955,12.289167,Sentence,1
8.134085,10.243257,Sentence,0
8.7687,14.533887,Sentence,2
12.01505,11.733794,Sentence,3
9.2492075,11.459162,Sentence,0
10.880373,10.505198,Sentence,1
7.3377466,11.03767,Sentence,0
10.970822,11.140651,Sentence,3
9.94365,14.671329,Sentence,2
9.559861,11.214094,Sentence,3
7.1892405,11.555107,Sentence,0
7.080953,12.411208,Sentence,0
10.471092,15.478388,Sentence,1
8.139437,12.134308,Sentence,0
8.289241,10.573661,Sentence,0
7.1102047,13.421733,Sentence,0
11.509204,11.731111,Sentence,2
9.257637,15.140645,Sentence,2
7.372624,12.742188,Sentence,0
7.1044903,12.616024,Sentence,0
11.8277445,10.461815,Sentence,1
9.737876,13.102547,Sentence,3
7.569414,14.342718,Sentence,2
8.937995,13.396705,Sentence,2
7.746289,13.121028,Sentence,0
12.431639,11.760161,Sentence,3
8.120694,10.597899,Sentence,1
16.30327,9.637708,Sentence,3
8.014997,11.914424,Sentence,0
7.784867,11.579071,Sentence,0
7.8557577,9.904534,Sentence,1
8.046889,13.826558,Sentence,2
10.644868,11.855442,Sentence,3
11.258421,15.687925,Sentence,3
12.2400465,11.050789,Sentence,3
8.558242,15.0203085,Sentence,2
9.105559,11.009696,Sentence,0
7.537743,10.558702,Sentence,0
7.3210983,13.042378,Sentence,2
8.511712,10.956641,Sentence,1
8.256624,13.524759,Sentence,2
8.067802,9.137998,Sentence,1
8.739557,13.011655,Sentence,2
11.88776,7.1219273,Sentence,1
7.6106644,11.666548,Sentence,0
7.7358336,12.629208,Sentence,1
7.9580545,13.117236,Sentence,2
7.555479,12.011263,Sentence,0
11.068139,11.839869,Sentence,3
10.177823,11.131136,Sentence,1
7.484399,12.468192,Sentence,0
9.311244,11.449586,Sentence,1
10.136835,13.411514,Sentence,1
7.400732,9.814099,Sentence,0
12.252592,10.672275,Sentence,3
7.99864,12.5343075,Sentence,2
8.675057,14.128958,Sentence,2
11.695642,11.562065,Sentence,3
8.009311,13.065326,Sentence,2
8.271507,9.311656,Sentence,0
11.093681,11.608438,Sentence,3
7.4558845,13.561747,Sentence,2
13.555421,-2.9280012,Sentence,3
7.8283668,12.826381,Sentence,0
7.5918694,11.099056,Sentence,0
9.121499,12.773198,Sentence,2
8.516898,8.160546,Sentence,3
7.6497297,12.062669,Sentence,0
12.116161,11.198825,Sentence,3
11.967953,12.514444,Sentence,3
6.88204,13.603769,Sentence,2
8.259757,14.579287,Sentence,2
7.818445,13.892399,Sentence,2
8.4276285,14.485522,Sentence,2
9.140658,12.3464155,Sentence,2
10.48902,15.344626,Sentence,3
16.315712,9.6275425,Sentence,3
12.277342,11.57294,Sentence,3
6.9744406,11.509409,Sentence,0
8.801276,13.451791,Sentence,2
10.207122,11.91097,Sentence,1
6.805871,13.708481,Sentence,1
7.2586975,12.966686,Sentence,2
8.951649,9.917514,Sentence,3
7.689179,12.587181,Sentence,0
7.273579,12.385626,Sentence,0
9.817023,11.997632,Sentence,1
9.562329,14.735897,Sentence,2
7.390264,12.2788925,Sentence,0
11.041099,9.784003,Sentence,1
9.540824,13.153312,Sentence,1
7.333223,10.696254,Sentence,0
10.649683,11.317475,Sentence,3
8.694465,12.532278,Sentence,1
7.9678,12.398682,Sentence,0
9.338646,14.757324,Sentence,2
13.55524,-2.9282327,Sentence,3
9.876087,13.669087,Sentence,1
10.334024,10.792523,Sentence,1
11.418762,11.231366,Sentence,3
8.781456,13.969176,Sentence,2
7.321713,11.582691,Sentence,0
8.617405,13.80974,Sentence,2
7.977833,11.569685,Sentence,0
8.1835785,12.601448,Sentence,2
9.834928,11.554905,Sentence,1
10.732965,11.973293,Sentence,3
7.380891,12.672823,Sentence,0
8.391156,14.298498,Sentence,2
6.652106,13.61596,Sentence,1
8.622299,12.609232,Sentence,0
9.350111,11.621927,Sentence,1
7.4150305,14.269274,Sentence,1
12.309863,10.507094,Sentence,3
10.529584,12.521066,Sentence,2
8.600746,13.346882,Sentence,2
7.4746857,11.648931,Sentence,0
7.4109116,12.075665,Sentence,0
10.078575,9.439432,Sentence,1
9.177293,12.564718,Sentence,2
12.08265,10.01288,Sentence,3
8.58128,12.634504,Sentence,0
10.753316,12.383975,Sentence,3
8.4492235,12.792204,Sentence,0
7.276414,10.856965,Sentence,0
7.294731,14.166163,Sentence,2
7.536361,13.350745,Sentence,0
7.2126,14.236272,Sentence,2
9.601436,11.421351,Sentence,1
9.809524,13.75464,Sentence,0
7.5972,13.287929,Sentence,2
10.046316,13.364601,Sentence,2
7.4957824,14.273048,Sentence,2
9.871982,10.046715,Sentence,1
7.145914,12.121156,Sentence,0
7.657214,12.76509,Sentence,0
9.174365,12.481867,Sentence,1
9.3658285,13.38422,Sentence,2
8.301174,12.4904375,Sentence,2
11.0136,12.993413,Sentence,3
9.306517,13.787395,Sentence,2
7.9103775,11.628075,Sentence,0
7.8091116,11.963086,Sentence,0
11.581425,12.02144,Sentence,3
10.583464,11.306115,Sentence,1
9.944087,11.086482,Sentence,1
8.248665,14.814985,Sentence,3
7.349331,11.682307,Sentence,0
8.0624895,12.522032,Sentence,0
7.205495,14.29606,Sentence,1
10.876903,14.158486,Sentence,2
9.059363,11.665211,Sentence,2
7.2559595,13.223322,Sentence,2
7.5673294,14.192717,Sentence,2
11.553432,14.221321,Sentence,2
7.404092,12.256209,Sentence,0
7.4839883,12.307005,Sentence,0
8.232024,10.325313,Sentence,1
8.052457,14.660915,Sentence,2
10.950054,12.231401,Sentence,3
10.929016,11.908077,Sentence,3
7.96316,13.583645,Sentence,2
8.012705,9.842823,Sentence,1
8.492063,13.082252,Sentence,0
8.63632,13.467681,Sentence,2
8.969989,12.74538,Sentence,0
8.811841,12.263276,Sentence,0
7.465411,13.55848,Sentence,2
9.589381,14.493856,Sentence,2
10.838703,12.926009,Sentence,2
7.8318114,14.531096,Sentence,2
11.771355,11.807646,Sentence,1
8.085499,13.68187,Sentence,2
9.513667,11.085094,Sentence,1
9.4278145,14.486447,Sentence,0
7.3807235,13.003536,Sentence,0
13.555478,-2.9265535,Sentence,3
10.680463,11.629212,Sentence,1
7.7826443,13.843733,Sentence,2
9.085204,12.525995,Sentence,1
8.786291,13.86756,Sentence,2
11.416336,13.472534,Sentence,1
9.437787,15.56256,Sentence,3
9.460188,12.048655,Sentence,1
9.728225,12.384154,Sentence,3
10.731137,14.076294,Sentence,2
10.886276,13.518733,Sentence,3
8.871336,12.099661,Sentence,0
7.317802,12.441056,Sentence,0
7.9333463,13.101867,Sentence,0
7.4476824,10.6148615,Sentence,0
7.659869,12.616258,Sentence,0
9.356689,15.480871,Sentence,1
7.750003,12.327443,Sentence,0
7.8216004,13.823674,Sentence,2
8.415971,12.667846,Sentence,2
8.754477,8.330457,Sentence,3
8.031098,13.2960005,Sentence,0
7.222546,12.166235,Sentence,0
7.690901,13.338895,Sentence,2
16.306288,9.635027,Sentence,3
9.844442,14.948583,Sentence,0
9.607476,15.39768,Sentence,2
8.921018,14.342365,Sentence,2
10.466001,9.081067,Sentence,1
8.482208,13.633254,Sentence,2
8.820877,11.846833,Sentence,0
7.4693823,8.622388,Sentence,1
11.904385,7.165775,Sentence,1
7.405523,14.366469,Sentence,2
7.3129573,10.867298,Sentence,0
8.201008,10.834727,Sentence,0
8.8739605,12.411311,Sentence,1
8.598284,12.425327,Sentence,0
7.64873,13.155566,Sentence,2
8.75725,14.915701,Sentence,2
9.739652,12.589822,Sentence,2
8.457788,13.035224,Sentence,2
8.258237,8.841654,Sentence,0
8.194279,12.838882,Sentence,0
9.523819,10.808137,Sentence,1
7.998942,13.248855,Sentence,0
9.362599,9.800319,Sentence,1
9.082184,13.119157,Sentence,0
9.723249,11.409123,Sentence,1
10.089841,8.26687,Sentence,1
7.7354994,13.07121,Sentence,2
9.868027,8.1895895,Sentence,0
7.8865323,9.040741,Sentence,1
8.599289,10.446648,Sentence,1
7.533158,23.81854,Sentence,1
9.679429,13.743137,Sentence,2
8.753261,12.382893,Sentence,1
8.714524,14.086826,Sentence,2
8.794541,13.449566,Sentence,2
9.281235,11.781905,Sentence,2
11.756766,14.119409,Sentence,3
7.4520636,11.989959,Sentence,0
7.701197,9.988357,Sentence,0
8.857874,9.716214,Sentence,3
10.000757,14.487963,Sentence,2
7.0565314,12.265415,Sentence,0
7.495034,11.3284025,Sentence,0
8.47307,13.44902,Sentence,2
7.813619,12.085646,Sentence,0
7.6575933,12.156013,Sentence,0
11.934977,7.1609225,Sentence,2
7.290101,9.071884,Sentence,1
7.776307,14.392923,Sentence,2
7.5876107,12.259178,Sentence,0
8.368712,13.552827,Sentence,0
10.232909,13.916948,Sentence,2
8.751936,10.731536,Sentence,0
9.512588,14.589895,Sentence,2
7.595376,14.154469,Sentence,2
7.981663,12.46417,Sentence,0
12.169521,10.632372,Sentence,2
7.1855745,12.904207,Sentence,1
8.046377,13.416029,Sentence,2
8.624452,13.912139,Sentence,0
6.891385,21.030897,Sentence,1
9.322345,13.802511,Sentence,2
9.530033,14.301791,Sentence,2
10.586123,9.545527,Sentence,1
8.901133,13.663333,Sentence,2
8.564096,11.274724,Sentence,0
8.975845,13.313746,Sentence,2
9.191068,12.30834,Sentence,2
10.535137,9.516893,Sentence,1
8.069837,10.155426,Sentence,0
8.460252,14.513398,Sentence,2
6.9605823,13.650726,Sentence,1
9.790967,11.230184,Sentence,2
13.555499,-2.9279826,Sentence,3
9.329536,13.18598,Sentence,1
10.254183,12.927979,Sentence,1
8.0701,12.003149,Sentence,0
7.726684,12.900368,Sentence,2
8.409514,9.821078,Sentence,0
7.5800414,14.301331,Sentence,2
9.459657,15.060907,Sentence,1
7.2670574,12.952226,Sentence,0
9.316296,12.359774,Sentence,2
9.535416,11.340943,Sentence,0
8.120993,10.299211,Sentence,0
10.023226,13.189938,Sentence,2
7.389511,13.229007,Sentence,0
6.94788,11.113202,Sentence,0
7.640309,9.55518,Sentence,1
8.18041,13.33857,Sentence,2
7.947716,13.144892,Sentence,2
7.789201,11.103468,Sentence,0
7.819157,11.215192,Sentence,0
7.930526,13.827509,Sentence,2
8.153229,13.609459,Sentence,2
8.698877,12.958748,Sentence,1
7.4057755,11.259548,Sentence,0
8.582562,9.24118,Sentence,3
7.3680983,12.835755,Sentence,0
8.655403,11.234184,Sentence,1
9.926945,14.570653,Sentence,2
7.740313,11.956623,Sentence,0
7.9998903,13.820625,Sentence,2
12.505844,11.664889,Sentence,3
7.735468,12.515437,Sentence,0
10.326517,15.355282,Sentence,1
8.705369,14.746202,Sentence,2
8.776766,12.608284,Sentence,2
7.532465,23.825916,Sentence,1
8.156566,8.4405775,Sentence,1
8.999976,12.8272505,Sentence,2
9.042366,12.942428,Sentence,1
9.693955,13.455162,Sentence,0
8.306695,12.24038,Sentence,0
8.062192,13.1659155,Sentence,2
12.089691,10.525492,Sentence,3
7.1563673,12.883148,Sentence,0
10.093051,11.218149,Sentence,1
7.680327,13.311284,Sentence,0
8.135893,12.348925,Sentence,2
9.283515,14.52824,Sentence,0
9.278983,13.372789,Sentence,0
9.244934,14.112275,Sentence,2
12.152061,11.670845,Sentence,3
8.467379,14.057808,Sentence,2
8.162595,12.489563,Sentence,0
8.899691,14.236593,Sentence,0
9.771776,14.636431,Sentence,0
8.048301,12.218697,Sentence,0
6.8861995,21.038927,Sentence,1
7.5155406,13.249774,Sentence,0
9.539004,15.223495,Sentence,2
17.235863,11.111869,Sentence,3
12.701018,12.025036,Sentence,3
7.9020514,9.467537,Sentence,1
8.391026,11.749163,Sentence,0
11.959468,11.476488,Sentence,1
12.2332535,12.298617,Sentence,3
9.025427,13.210232,Sentence,2
10.271572,13.509355,Sentence,2
9.367463,11.578068,Sentence,0
7.1382775,12.258341,Sentence,0
10.902613,13.914922,Sentence,2
7.902944,12.542806,Sentence,0
7.814935,8.46736,Sentence,1
12.204258,11.872199,Sentence,3
9.904359,7.274698,Sentence,1
6.3882775,13.58396,Sentence,1
8.56847,14.1257515,Sentence,2
11.229862,10.19662,Sentence,3
8.356237,12.328583,Sentence,0
9.599883,14.32108,Sentence,2
11.987882,11.365993,Sentence,3
9.191212,12.272733,Sentence,0
8.369205,13.092334,Sentence,2
9.083923,15.435339,Sentence,2
10.6965885,12.080122,Sentence,2
8.43755,11.377649,Sentence,1
8.985351,15.577063,Sentence,3
11.859289,13.4068985,Sentence,1
9.712556,13.424085,Sentence,2
9.037097,12.741647,Sentence,2
7.9907594,8.717489,Sentence,1
8.142356,12.5713215,Sentence,0
9.133317,14.541121,Sentence,2
10.870989,12.2431345,Sentence,2
10.568873,11.119086,Sentence,1
7.4765377,9.626692,Sentence,1
8.959667,11.865714,Sentence,2
7.438154,12.64188,Sentence,0
7.2041383,11.86787,Sentence,0
9.878759,7.34154,Sentence,1
11.949997,11.494488,Sentence,3
8.389678,9.333406,Sentence,1
11.550332,10.013501,Sentence,1
7.577894,13.107812,Sentence,0
7.6143603,10.958286,Sentence,0
9.168199,14.772847,Sentence,2
9.476843,13.127177,Sentence,3
8.805752,12.692823,Sentence,0
8.507316,13.295108,Sentence,2
7.40472,11.589651,Sentence,0
8.8438,13.224699,Sentence,2
7.2686763,11.424765,Sentence,0
7.670992,9.821124,Sentence,0
9.33382,14.554485,Sentence,2
9.007492,11.929785,Sentence,0
7.721859,11.142383,Sentence,0
10.962024,10.714338,Sentence,1
7.587101,12.206077,Sentence,0
11.276162,11.674878,Sentence,3
9.86286,11.054616,Sentence,0
9.295608,15.183815,Sentence,0
11.73055,7.227568,Sentence,1
14.530337,8.038755,Sentence,1
11.828834,7.2484293,Sentence,1
7.6987,10.259828,Sentence,1
9.042885,13.613452,Sentence,2
9.386442,12.810333,Sentence,3
7.2606707,12.015821,Sentence,0
7.833445,13.811173,Sentence,2
11.203193,12.206752,Sentence,3
10.115099,13.094548,Sentence,2
7.813538,12.386227,Sentence,0
7.822845,12.730793,Sentence,0
9.241866,13.841855,Sentence,2
9.77241,14.3921,Sentence,3
8.907568,12.966688,Sentence,2
10.401707,11.291772,Sentence,3
8.468453,14.461626,Sentence,2
9.803816,14.544186,Sentence,2
7.366769,12.6319,Sentence,1
9.921408,14.445711,Sentence,2
11.881639,12.336112,Sentence,3
7.3797855,12.709887,Sentence,0
8.511445,13.538527,Sentence,2
7.092304,12.361786,Sentence,0
7.938371,14.752855,Sentence,2
8.250693,12.083449,Sentence,0
9.51853,15.465371,Sentence,2
9.591857,10.877758,Sentence,1
11.423457,12.038887,Sentence,1
8.9393015,12.126894,Sentence,0
10.8509,11.923372,Sentence,3
11.449112,10.577218,Sentence,1
11.752595,10.199046,Sentence,1
8.255204,8.679961,Sentence,1
6.927666,20.942743,Sentence,1
7.3257093,12.013112,Sentence,0
8.210161,10.794887,Sentence,0
9.160542,13.619145,Sentence,2
8.724017,15.29366,Sentence,2
12.478923,10.23317,Sentence,3
7.960032,12.889782,Sentence,2
7.866755,12.431443,Sentence,0
11.643261,7.89931,Sentence,1
12.215364,10.482466,Sentence,1
7.7008533,10.981078,Sentence,0
7.231342,14.414016,Sentence,2
8.009463,13.663609,Sentence,0
7.4625235,9.687811,Sentence,0
8.037284,13.942897,Sentence,2
12.219035,10.669298,Sentence,3
9.012225,12.798458,Sentence,2
7.3942504,11.15129,Sentence,0
9.4586315,10.337313,Sentence,1
10.514264,11.072115,Sentence,1
8.896912,13.05106,Sentence,2
10.622644,9.658161,Sentence,1
10.254392,12.694461,Sentence,1
7.04571,12.376432,Sentence,0
13.554764,-2.9261458,Sentence,3
8.044997,10.00528,Sentence,0
8.198232,10.74101,Sentence,0
7.4783626,8.811557,Sentence,1
12.679518,10.313095,Sentence,3
10.608776,11.900907,Sentence,1
8.753067,15.054264,Sentence,2
10.641677,12.346207,Sentence,2
9.8217945,13.917259,Sentence,2
12.158759,10.316111,Sentence,1
8.097074,11.071201,Sentence,0
10.034356,12.775754,Sentence,1
11.477733,9.963909,Sentence,3
8.333755,13.415118,Sentence,2
8.111229,14.188083,Sentence,2
9.834441,14.703404,Sentence,2
10.021828,13.448425,Sentence,3
7.954904,13.40355,Sentence,2
10.047171,13.763455,Sentence,2
8.620436,12.215889,Sentence,0
7.4920974,13.051143,Sentence,0
9.2095785,14.500216,Sentence,2
11.77456,11.862234,Sentence,3
11.232234,12.47582,Sentence,3
10.441142,9.136229,Sentence,1
7.203533,13.056169,Sentence,0
9.441967,12.883987,Sentence,2
8.342675,9.102787,Sentence,1
10.546339,12.039771,Sentence,2
9.226063,14.2572155,Sentence,0
8.350187,14.683911,Sentence,0
7.4858646,13.102645,Sentence,0
7.8966665,12.123597,Sentence,0
12.257726,10.835823,Sentence,3
10.067344,14.586087,Sentence,2
6.967522,13.509138,Sentence,2
9.061994,13.250731,Sentence,2
7.3856025,11.029784,Sentence,0
11.767907,14.190937,Sentence,3
9.113102,13.948668,Sentence,2
7.3583217,12.655872,Sentence,0
7.670718,12.826916,Sentence,2
7.9218235,13.123281,Sentence,2
8.132492,12.656952,Sentence,0
9.87945,14.675522,Sentence,2
7.8378625,13.315473,Sentence,2
9.127962,11.811559,Sentence,1
12.7552,10.513213,Sentence,3
7.8246202,13.760281,Sentence,2
7.99579,9.398982,Sentence,1
7.3627377,9.870975,Sentence,0
10.3106985,11.965579,Sentence,2
10.857749,13.982986,Sentence,3
8.08626,11.551694,Sentence,0
7.3094406,11.644367,Sentence,0
8.087549,13.57471,Sentence,0
9.31593,13.214963,Sentence,0
11.31611,10.870843,Sentence,1
8.637999,12.647663,Sentence,0
10.100055,13.446407,Sentence,2
9.393631,12.572597,Sentence,1
10.168195,12.675699,Sentence,2
9.310477,12.85898,Sentence,2
11.435845,11.435447,Sentence,1
7.656888,12.752657,Sentence,0
12.610541,11.784688,Sentence,3
7.4810543,12.3412895,Sentence,0
7.221874,13.038829,Sentence,2
11.0737095,12.529291,Sentence,1
9.089566,12.625306,Sentence,2
8.794866,14.22624,Sentence,2
10.050166,13.453412,Sentence,1
9.246443,12.248928,Sentence,2
8.061002,12.468118,Sentence,2
11.206464,10.490909,Sentence,1
8.656915,14.689405,Sentence,2
8.298498,14.304163,Sentence,2
7.468158,13.353069,Sentence,2
7.6836834,14.167292,Sentence,2
9.719315,13.774681,Sentence,2
7.6936235,13.721426,Sentence,2
9.124397,12.18273,Sentence,0
7.60194,11.7836275,Sentence,0
10.2919445,11.965402,Sentence,1
7.9907694,13.960511,Sentence,2
7.1512465,11.929955,Sentence,0
7.8299565,13.776791,Sentence,2
10.074551,12.358635,Sentence,1
8.111933,9.614042,Sentence,1
12.236726,11.564884,Sentence,3
7.1788554,14.165574,Sentence,2
10.491611,8.419439,Sentence,1
8.492878,10.323734,Sentence,0
9.533124,14.047068,Sentence,2
7.5556636,13.171719,Sentence,2
11.133594,11.66029,Sentence,3
7.094741,13.814629,Sentence,1
11.82331,12.019455,Sentence,3
8.523835,11.845759,Sentence,1
7.862785,13.078404,Sentence,0
8.659033,12.76665,Sentence,2
8.978129,11.909654,Sentence,1
8.973933,14.032727,Sentence,2
9.238006,15.046252,Sentence,2
8.624331,12.137903,Sentence,0
9.129551,14.97269,Sentence,2
8.615006,13.186775,Sentence,2
10.0971775,13.044728,Sentence,1
7.6925373,14.309713,Sentence,2
7.6089387,8.62579,Sentence,1
7.2881627,13.956339,Sentence,2
7.9450793,13.899969,Sentence,2
9.311762,11.818695,Sentence,1
8.195682,13.905894,Sentence,2
8.485444,11.5792465,Sentence,1
9.334275,14.686135,Sentence,2
7.431135,11.293064,Sentence,0
8.169611,9.840798,Sentence,1
8.105348,14.073575,Sentence,2
7.697414,10.037076,Sentence,0
7.8085213,9.6581955,Sentence,1
7.906297,12.025229,Sentence,0
7.600938,12.063895,Sentence,0
8.747216,11.731703,Sentence,1
12.373244,11.632124,Sentence,3
9.435022,12.725708,Sentence,2
7.8765316,14.115543,Sentence,2
8.106161,10.453083,Sentence,1
8.373139,12.99193,Sentence,0
8.210917,13.402234,Sentence,2
8.143721,13.035656,Sentence,2
8.784918,12.344795,Sentence,0
8.408866,14.271605,Sentence,0
7.609902,14.262187,Sentence,2
8.205822,14.403194,Sentence,2
7.926193,12.161766,Sentence,0
8.709505,12.550508,Sentence,0
7.595664,10.035715,Sentence,0
8.0103,12.613232,Sentence,0
11.272082,15.6956,Sentence,3
11.449209,14.200902,Sentence,0
7.8401937,12.830107,Sentence,2
9.616341,9.274648,Sentence,3
9.226537,14.475855,Sentence,2
9.366221,14.999403,Sentence,1
8.926134,12.2100315,Sentence,2
10.085409,11.766423,Sentence,2
11.663509,12.129192,Sentence,3
11.259662,12.610461,Sentence,3
7.4557233,11.339732,Sentence,0
9.105596,14.993413,Sentence,3
11.3525915,10.46133,Sentence,1
7.1474724,11.754547,Sentence,0
11.981057,11.484774,Sentence,3
9.532669,13.149397,Sentence,0
10.223591,8.144631,Sentence,1
7.3116374,14.472051,Sentence,2
8.777023,12.578066,Sentence,1
7.4464855,12.612042,Sentence,0
7.6750007,12.564884,Sentence,0
8.002762,9.1203785,Sentence,1
8.512893,14.726501,Sentence,2
9.947869,10.19971,Sentence,1
8.887696,13.957656,Sentence,1
8.817415,13.70806,Sentence,0
7.8871293,12.993913,Sentence,2
8.216748,13.272737,Sentence,0
7.2971983,12.393626,Sentence,0
10.3478565,10.312564,Sentence,3
11.3969755,10.20238,Sentence,1
9.757177,11.943802,Sentence,3
10.844156,13.048482,Sentence,2
8.189234,11.928106,Sentence,0
7.9101152,13.476556,Sentence,2
7.82356,11.323672,Sentence,0
8.092172,13.365994,Sentence,0
13.555014,-2.9269779,Sentence,3
7.631686,9.436123,Sentence,1
8.033639,13.987627,Sentence,2
7.601259,9.039187,Sentence,1
10.35288,14.969338,Sentence,3
7.699337,14.159064,Sentence,2
7.702947,13.321853,Sentence,2
10.175418,12.22608,Sentence,2
9.353872,15.381097,Sentence,2
10.020292,15.00062,Sentence,2
9.534183,13.666695,Sentence,2
10.875423,12.634724,Sentence,1
7.923335,14.205272,Sentence,2
6.9158115,13.313887,Sentence,1
8.0649805,14.391306,Sentence,2
8.985571,14.992392,Sentence,2
7.6250734,13.682351,Sentence,2
8.22082,14.06242,Sentence,2
10.147541,13.505118,Sentence,2
8.278143,14.093096,Sentence,2
7.7024617,9.873199,Sentence,1
7.2251463,14.463344,Sentence,2
11.675831,11.523314,Sentence,1
7.916518,13.82393,Sentence,2
8.592691,14.078746,Sentence,2
7.367523,12.89521,Sentence,2
8.532766,13.777323,Sentence,2
9.008048,13.047003,Sentence,2
7.418787,12.617123,Sentence,0
8.821535,15.2949295,Sentence,2
11.60785,12.483591,Sentence,3
7.554808,13.244036,Sentence,2
8.284038,10.699673,Sentence,1
7.2036204,14.297824,Sentence,2
7.4332876,12.726969,Sentence,1
7.2061443,13.099199,Sentence,0
9.906325,12.397222,Sentence,1
8.908134,11.806291,Sentence,1
7.2855234,12.334369,Sentence,0
7.483754,14.5671,Sentence,2
7.3365235,11.907904,Sentence,0
7.7719674,12.589305,Sentence,0
9.886663,14.673055,Sentence,0
9.021001,8.376125,Sentence,1
9.107416,11.3384285,Sentence,1
8.120005,13.27365,Sentence,2
10.373301,13.01453,Sentence,1
8.472318,8.111417,Sentence,3
8.377976,10.146061,Sentence,0
8.667866,13.897421,Sentence,0
10.203955,14.601596,Sentence,2
7.8470607,12.481817,Sentence,0
11.50692,11.639941,Sentence,1
9.3804,13.8061075,Sentence,2
7.3008847,14.473815,Sentence,2
9.485573,13.347541,Sentence,2
8.067196,10.867791,Sentence,0
7.7001934,13.65013,Sentence,2
12.777106,8.9523,Sentence,1
8.202495,12.329041,Sentence,0
7.4223137,13.399861,Sentence,2
9.089225,15.340802,Sentence,1
10.170896,12.36435,Sentence,2
8.5590725,10.644193,Sentence,1
11.223948,12.518889,Sentence,3
9.174922,12.453169,Sentence,2
12.305817,10.606748,Sentence,3
7.8497047,13.837361,Sentence,2
9.243099,15.1449585,Sentence,2
11.234576,11.927579,Sentence,3
7.8164897,11.445751,Sentence,0
10.573364,10.569111,Sentence,3
9.0829735,9.983588,Sentence,1
10.647009,11.983369,Sentence,2
7.2329907,11.998588,Sentence,0
9.886243,11.3523245,Sentence,1
12.168846,11.658083,Sentence,3
7.5124373,12.614978,Sentence,0
12.572557,11.744821,Sentence,3
7.4695024,12.285125,Sentence,0
9.311666,12.255825,Sentence,2
9.314795,11.537864,Sentence,1
10.81993,13.202103,Sentence,1
9.832633,11.220236,Sentence,1
8.690576,12.687153,Sentence,2
10.181891,11.55618,Sentence,1
8.61471,13.454241,Sentence,2
8.145474,12.191055,Sentence,0
8.742775,13.80737,Sentence,2
11.079624,11.028495,Sentence,1
7.1146607,12.92696,Sentence,0
8.166528,9.510501,Sentence,1
8.020519,13.153138,Sentence,2
8.863778,13.890982,Sentence,2
8.134103,13.793632,Sentence,2
10.5243225,11.059136,Sentence,1
11.3316765,14.351387,Sentence,2
7.901823,12.4851,Sentence,1
10.940067,13.907745,Sentence,1
10.347001,9.5546255,Sentence,1
8.1281,13.141826,Sentence,2
8.048432,12.152534,Sentence,0
8.37659,12.416931,Sentence,1
12.334882,11.672601,Sentence,3
8.185642,13.321445,Sentence,2
8.461058,14.647132,Sentence,2
9.233159,13.838196,Sentence,2
10.990363,11.462541,Sentence,1
9.435103,14.351274,Sentence,2
7.9633584,11.796841,Sentence,0
8.232738,12.735981,Sentence,1
10.307896,13.262165,Sentence,1
10.811941,11.182168,Sentence,1
12.170463,11.8773365,Sentence,3
6.8031588,13.648074,Sentence,2
7.390525,11.841304,Sentence,0
7.2272463,12.105718,Sentence,0
7.7899895,14.254017,Sentence,2
8.041482,12.710827,Sentence,0
9.264469,14.720089,Sentence,2
8.499678,13.791132,Sentence,2
10.403372,11.147535,Sentence,1
7.839585,12.310686,Sentence,0
8.635393,13.597639,Sentence,2
11.744215,12.191268,Sentence,3
8.935565,14.167164,Sentence,2
9.584346,12.924018,Sentence,2
10.255307,13.049522,Sentence,2
10.918176,10.95499,Sentence,3
9.931688,15.088193,Sentence,2
8.210595,13.561898,Sentence,2
6.888772,21.035381,Sentence,1
8.28412,13.49226,Sentence,2
9.063227,12.506682,Sentence,2
7.5485716,10.008427,Sentence,0
12.059772,11.845815,Sentence,3
17.253742,11.110417,Sentence,3
8.3158245,10.308794,Sentence,1
8.863185,14.982867,Sentence,2
7.9378233,11.189666,Sentence,0
8.011604,11.824718,Sentence,0
11.209727,11.682802,Sentence,1
10.295267,13.646733,Sentence,3
7.5283575,11.731107,Sentence,0
7.899876,9.605428,Sentence,0
10.800087,12.936704,Sentence,2
9.921356,14.513,Sentence,2
11.908013,7.1591234,Sentence,1
8.086516,8.776516,Sentence,1
10.70167,13.240339,Sentence,3
7.6541724,13.56692,Sentence,2
9.127924,13.926259,Sentence,2
9.57588,14.779322,Sentence,2
8.923981,10.471196,Sentence,0
7.498311,13.66984,Sentence,2
9.950034,13.114485,Sentence,3
11.885754,11.574327,Sentence,3
12.151541,11.648055,Sentence,3
8.815536,11.728915,Sentence,0
10.245937,12.736023,Sentence,1
10.116887,13.221599,Sentence,2
9.357914,13.92939,Sentence,2
9.218754,13.539121,Sentence,2
12.730382,10.507727,Sentence,3
7.7473974,11.337282,Sentence,0
7.5921974,12.621571,Sentence,0
8.965227,11.425051,Sentence,1
8.349762,10.433115,Sentence,3
10.792495,8.911611,Sentence,1
8.40504,9.148139,Sentence,1
8.474444,13.477312,Sentence,2
9.774506,13.498836,Sentence,2
12.11363,11.908596,Sentence,3
7.4235353,11.375641,Sentence,0
9.81271,11.57969,Sentence,2
7.419986,14.222961,Sentence,2
7.106439,12.783288,Sentence,2
7.505777,12.274734,Sentence,0
7.075122,12.484209,Sentence,0
8.639079,12.217983,Sentence,0
7.363552,12.609907,Sentence,0
8.683687,11.883428,Sentence,2
12.024407,11.793684,Sentence,3
9.291963,14.778694,Sentence,2
9.700115,12.768566,Sentence,2
7.681718,11.690577,Sentence,0
6.9571,11.207119,Sentence,0
7.932161,14.913181,Sentence,3
8.830011,13.176753,Sentence,2
10.155758,8.055963,Sentence,1
12.367122,10.8333,Sentence,3
9.338516,10.777919,Sentence,0
8.140294,13.741275,Sentence,2
9.587783,14.557189,Sentence,2
11.020047,13.853595,Sentence,3
11.168875,12.735373,Sentence,2
7.959206,9.666175,Sentence,0
7.2013226,12.972506,Sentence,0
7.579053,13.880314,Sentence,2
8.643776,11.948148,Sentence,0
9.480783,14.18969,Sentence,2
10.384762,13.573827,Sentence,1
8.815035,11.114264,Sentence,0
7.497725,12.143109,Sentence,0
9.153996,15.357265,Sentence,2
9.28603,12.730584,Sentence,2
10.186713,13.791941,Sentence,3
7.3903284,11.1433735,Sentence,0
7.601361,14.042917,Sentence,2
12.05432,11.834984,Sentence,1
11.028691,10.903211,Sentence,1
8.999825,13.2116165,Sentence,2
12.359458,10.550498,Sentence,3
9.968354,14.461249,Sentence,2
8.271558,8.687068,Sentence,1
9.101302,15.143305,Sentence,2
7.5803585,12.940759,Sentence,2
7.9951096,11.9173565,Sentence,0
7.9426227,12.111185,Sentence,0
10.755044,13.613768,Sentence,1
8.62445,13.980264,Sentence,2
7.2708106,12.710775,Sentence,0
8.943465,13.9849415,Sentence,2
8.516948,13.689531,Sentence,0
8.057807,13.913609,Sentence,2
7.6606393,12.117895,Sentence,0
7.531233,23.830608,Sentence,1
9.002287,12.524742,Sentence,0
6.890253,21.031887,Sentence,1
7.700012,13.086249,Sentence,2
12.05298,10.466727,Sentence,3
8.9563465,13.219337,Sentence,2
7.784055,14.043459,Sentence,2
8.4711075,12.185263,Sentence,2
7.5599294,9.359131,Sentence,1
9.182411,12.647212,Sentence,2
8.931376,14.00128,Sentence,0
7.1835375,8.619292,Sentence,1
8.5247135,10.75544,Sentence,0
6.922299,13.5148735,Sentence,1
7.301992,11.983935,Sentence,0
9.597187,12.105346,Sentence,1
7.67655,11.2807045,Sentence,0
7.322625,11.835365,Sentence,0
9.261374,13.969963,Sentence,2
10.980615,12.344235,Sentence,3
8.601274,11.277372,Sentence,0
8.529289,12.91056,Sentence,2
12.9424925,12.473367,Sentence,3
8.4884815,12.437655,Sentence,0
10.674568,11.607445,Sentence,3
7.39894,9.251746,Sentence,1
9.4890585,13.840737,Sentence,2
9.069712,15.12641,Sentence,2
10.0158,11.808944,Sentence,2
12.413642,13.832616,Sentence,1
10.250588,10.907978,Sentence,1
7.431633,14.371873,Sentence,2
11.727854,12.011107,Sentence,3
8.644971,14.538458,Sentence,2
9.835141,10.589056,Sentence,1
10.1884985,10.453857,Sentence,1
7.6614614,13.584213,Sentence,2
9.580955,13.152597,Sentence,0
8.327231,12.152737,Sentence,1
10.563963,13.440364,Sentence,3
7.4877124,13.3712225,Sentence,2
12.034264,11.641316,Sentence,3
13.555158,-2.926889,Sentence,3
11.2349205,13.802265,Sentence,3
9.352474,12.24932,Sentence,0
11.444631,14.183366,Sentence,0
9.986089,15.382671,Sentence,3
11.778889,11.848557,Sentence,3
9.953631,12.051226,Sentence,2
7.3382406,12.615675,Sentence,0
8.025362,13.318116,Sentence,2
7.443413,12.58624,Sentence,0
16.307693,9.633912,Sentence,3
7.1521564,11.98627,Sentence,0
9.692227,11.985898,Sentence,1
7.133728,12.034577,Sentence,0
13.554415,-2.9259343,Sentence,3
7.6386085,13.518325,Sentence,2
7.278513,13.063116,Sentence,0
10.527413,14.453935,Sentence,2
8.247979,13.551461,Sentence,2
9.975083,11.191301,Sentence,1
8.927798,10.022642,Sentence,1
8.058669,11.819935,Sentence,0
8.044054,14.428203,Sentence,2
8.664766,9.57404,Sentence,1
7.7542844,12.029846,Sentence,0
7.1868606,12.039659,Sentence,0
10.950145,13.281275,Sentence,3
7.99818,11.329802,Sentence,0
8.736127,12.911379,Sentence,0
7.9677525,13.893345,Sentence,2
9.920284,14.419349,Sentence,1
8.251076,10.546806,Sentence,1
7.5863776,12.728733,Sentence,0
7.6038275,13.238562,Sentence,0
7.451389,14.384068,Sentence,2
9.516542,15.0448885,Sentence,2
10.828214,7.9047275,Sentence,1
8.533046,12.786261,Sentence,1
9.977268,8.557892,Sentence,1
17.25388,11.1103,Sentence,3
7.383423,13.950213,Sentence,2
7.896919,9.554694,Sentence,0
8.941706,13.907905,Sentence,2
10.428264,12.666317,Sentence,2
9.729119,15.366308,Sentence,0
8.485797,13.881739,Sentence,2
8.24731,13.184387,Sentence,0
9.78177,15.3035145,Sentence,2
8.614203,14.691065,Sentence,2
9.822019,13.839495,Sentence,2
10.458609,15.226339,Sentence,2
7.847538,13.336517,Sentence,0
11.375714,10.619605,Sentence,1
9.759517,14.746981,Sentence,0
9.77479,12.088367,Sentence,2
8.106867,13.17836,Sentence,2
7.6252704,9.827742,Sentence,0
8.310827,9.976748,Sentence,1
10.43635,11.815606,Sentence,2
8.823151,12.799145,Sentence,0
8.298078,12.771502,Sentence,0
8.411495,11.756988,Sentence,0
12.283573,10.854372,Sentence,3
9.79051,13.307611,Sentence,2
7.889867,9.843585,Sentence,0
8.176072,8.446412,Sentence,1
9.720015,13.927985,Sentence,2
8.057235,9.598346,Sentence,1
9.805225,13.369997,Sentence,2
7.130926,13.11369,Sentence,2
8.400245,14.173572,Sentence,2
8.809676,12.078408,Sentence,2
8.409462,14.224029,Sentence,2
9.442252,14.770838,Sentence,2
10.583964,13.828256,Sentence,2
7.13184,12.240127,Sentence,0
9.68522,14.486046,Sentence,2
8.360731,11.643765,Sentence,0
8.41339,11.651079,Sentence,1
12.237806,10.770173,Sentence,3
7.867446,13.216158,Sentence,2
10.923167,12.050833,Sentence,2
8.043652,13.1906395,Sentence,2
8.449483,12.82876,Sentence,2
7.6301227,12.316537,Sentence,0
7.725862,10.934883,Sentence,0
9.357458,14.021818,Sentence,2
13.155944,12.50884,Sentence,3
9.723703,14.777945,Sentence,2
8.795175,11.659176,Sentence,0
10.884957,10.596557,Sentence,1
8.084384,12.733308,Sentence,0
7.705573,11.29048,Sentence,0
7.9246526,9.84597,Sentence,1
9.210975,12.178666,Sentence,1
9.028538,12.850276,Sentence,2
10.876336,12.58572,Sentence,2
9.214488,13.568932,Sentence,2
8.620501,9.615254,Sentence,0
7.2603784,11.32314,Sentence,0
7.8231883,13.562864,Sentence,2
7.9139752,12.790046,Sentence,2
12.210277,11.696957,Sentence,3
10.829657,12.424502,Sentence,3
8.662071,15.287702,Sentence,2
6.9970903,12.23696,Sentence,0
9.412057,13.766713,Sentence,1
11.019692,14.420093,Sentence,2
10.387128,12.748733,Sentence,2
8.13287,13.397234,Sentence,2
11.101073,6.9162583,Sentence,1
7.596149,13.098882,Sentence,2
12.528583,11.556199,Sentence,3
8.093103,13.680756,Sentence,2
11.866959,11.827941,Sentence,3
7.928465,10.216198,Sentence,0
8.484557,13.253539,Sentence,2
12.002886,10.977373,Sentence,3
11.0717325,11.016993,Sentence,1
9.211511,13.500367,Sentence,2
8.130388,14.220481,Sentence,2
8.588369,14.083352,Sentence,2
7.297514,12.814282,Sentence,0
10.1701145,10.601246,Sentence,3
7.8808346,9.845804,Sentence,0
9.214996,14.03258,Sentence,2
9.877439,15.536759,Sentence,1
12.548482,10.190981,Sentence,3
7.881295,12.9668045,Sentence,2
8.22265,11.279235,Sentence,0
8.562076,12.796985,Sentence,2
12.279183,11.653273,Sentence,3
8.908492,12.445808,Sentence,2
10.577711,11.223276,Sentence,1
12.207072,11.967271,Sentence,3
7.5559855,13.648589,Sentence,2
7.1800694,12.623109,Sentence,0
9.0945425,14.582822,Sentence,2
9.273151,14.915161,Sentence,2
10.210083,11.770851,Sentence,3
12.673179,10.407358,Sentence,3
13.554396,-2.927776,Sentence,3
11.830512,12.175487,Sentence,3
11.903012,10.598697,Sentence,1
7.3821898,12.34579,Sentence,0
10.969042,14.494244,Sentence,2
7.943518,13.572072,Sentence,2
9.0051365,9.699609,Sentence,1
7.6985245,8.777781,Sentence,1
8.239644,13.056281,Sentence,0
6.39,13.613422,Sentence,1
10.984436,12.168559,Sentence,3
7.603911,11.5558195,Sentence,0
7.745682,14.109886,Sentence,2
11.879413,11.134412,Sentence,1
10.859777,11.835081,Sentence,1
7.222578,13.818874,Sentence,2
10.062826,12.24304,Sentence,1
8.813606,14.393378,Sentence,1
10.151009,13.995264,Sentence,2
7.4846606,12.815838,Sentence,0
10.469741,12.365785,Sentence,2
10.698553,14.456437,Sentence,2
10.529231,11.774823,Sentence,1
12.429719,10.665771,Sentence,3
10.025137,11.538539,Sentence,1
7.755703,10.206572,Sentence,0
12.617908,11.651715,Sentence,3
10.471375,9.504165,Sentence,0
7.3564496,11.632256,Sentence,0
11.623259,10.18821,Sentence,1
10.289972,13.320294,Sentence,0
10.783233,14.278203,Sentence,1
12.160161,11.71861,Sentence,3
9.262796,14.168792,Sentence,0
10.952322,10.748189,Sentence,3
7.9752316,10.56868,Sentence,0
8.917868,13.145463,Sentence,2
7.7915063,12.157824,Sentence,0
10.486387,14.121038,Sentence,2
9.969428,14.997295,Sentence,1
7.5629854,12.138602,Sentence,0
11.097751,11.304716,Sentence,1
8.144592,12.666413,Sentence,0
7.4392004,12.1696205,Sentence,0
10.043572,11.997599,Sentence,1
7.9264936,13.806006,Sentence,2
7.5249276,12.135125,Sentence,0
7.8491435,9.497888,Sentence,1
7.5332313,23.820398,Sentence,1
7.52799,9.71978,Sentence,0
8.739766,9.613132,Sentence,1
8.471822,10.795553,Sentence,0
7.4886575,12.028531,Sentence,0
8.448723,14.518092,Sentence,2
10.1099415,12.40823,Sentence,2
8.103172,14.425635,Sentence,2
8.470311,12.817899,Sentence,2
9.260192,14.81426,Sentence,2
9.624855,12.075865,Sentence,2
8.521471,15.058943,Sentence,2
7.2882395,13.182636,Sentence,2
7.779483,13.861486,Sentence,2
7.766305,13.717275,Sentence,2
7.738901,13.581942,Sentence,2
10.263351,10.63167,Sentence,3
11.495105,11.015624,Sentence,3
9.435146,12.189322,Sentence,1
8.38387,12.089743,Sentence,0
7.3883643,14.513534,Sentence,2
12.6785345,10.321162,Sentence,3
8.917753,13.276509,Sentence,2
9.057139,13.136271,Sentence,2
7.604796,11.835706,Sentence,0
9.083355,12.430098,Sentence,2
7.7593265,11.871932,Sentence,0
9.8410225,10.839187,Sentence,1
8.511922,11.70884,Sentence,0
8.356433,12.480073,Sentence,0
7.8343353,12.621782,Sentence,2
8.591188,8.264218,Sentence,3
4.2936215,4.5846643,Sentence,1
7.621876,11.531457,Sentence,0
8.029026,13.446952,Sentence,2
6.6711836,13.467682,Sentence,1
10.797752,14.73243,Sentence,3
9.669152,10.333575,Sentence,1
9.157543,13.349341,Sentence,2
9.010328,14.008588,Sentence,2
8.414984,10.381306,Sentence,1
10.478684,14.508442,Sentence,2
7.700364,8.930089,Sentence,0
9.013863,12.593648,Sentence,2
10.3957205,12.944509,Sentence,2
7.8708835,12.780203,Sentence,2
9.392971,14.204949,Sentence,0
10.470207,11.592788,Sentence,1
8.024143,14.141,Sentence,2
10.760856,11.486261,Sentence,3
9.010772,14.982257,Sentence,1
8.555932,12.875425,Sentence,0
7.815212,12.686036,Sentence,0
12.423073,11.498143,Sentence,3
9.397666,13.3998375,Sentence,1
10.723569,12.507266,Sentence,2
7.5077953,12.839344,Sentence,2
8.023501,14.075004,Sentence,2
8.855108,14.220824,Sentence,0
6.5973864,8.358761,Sentence,1
8.711089,13.521187,Sentence,0
7.9659095,11.597045,Sentence,0
7.4122324,11.846604,Sentence,0
10.221271,9.755582,Sentence,1
12.207373,11.385698,Sentence,3
9.72,15.1952715,Sentence,2
6.7169337,8.964956,Sentence,1
8.7711315,13.637122,Sentence,1
9.13316,12.529559,Sentence,0
8.108621,13.613371,Sentence,2
9.8694105,13.131486,Sentence,2
9.814955,12.999664,Sentence,3
7.2693496,12.964556,Sentence,0
10.714632,11.734096,Sentence,2
7.703181,12.377448,Sentence,0
11.99373,11.338541,Sentence,3
7.8526254,9.498496,Sentence,1
7.48875,12.835824,Sentence,0
8.011713,13.476621,Sentence,2
9.91003,10.646372,Sentence,1
10.821625,8.567501,Sentence,1
10.559208,13.390616,Sentence,1
10.4812355,10.79271,Sentence,3
9.817723,14.406869,Sentence,2
8.002642,10.338871,Sentence,1
7.234431,12.096105,Sentence,0
12.8050785,11.746171,Sentence,3
11.831628,11.764759,Sentence,3
7.4133506,14.208616,Sentence,2
9.528713,15.449802,Sentence,3
8.088323,13.206635,Sentence,2
9.811151,10.762642,Sentence,0
10.620571,8.362792,Sentence,1
11.266711,15.695542,Sentence,3
8.315383,14.414626,Sentence,2
8.02588,9.169202,Sentence,1
9.355044,11.98442,Sentence,1
10.154525,9.902035,Sentence,1
11.938285,12.257812,Sentence,3
13.554284,-2.927882,Sentence,3
8.248557,12.1545,Sentence,0
7.5444036,13.748355,Sentence,2
9.340336,15.345294,Sentence,2
11.402931,11.497909,Sentence,1
6.8907156,21.042465,Sentence,1
7.6830087,13.095514,Sentence,2
6.703088,13.496333,Sentence,1
11.223709,10.931965,Sentence,2
7.5158753,10.2539215,Sentence,0
12.6741705,10.424135,Sentence,3
8.979688,14.374465,Sentence,2
9.615148,12.326788,Sentence,2
8.073791,14.959864,Sentence,2
8.812197,13.829001,Sentence,0
9.437504,14.046789,Sentence,1
7.5088925,12.676085,Sentence,0
9.193929,11.167022,Sentence,1
12.633638,11.770995,Sentence,3
7.409723,12.147129,Sentence,0
11.620196,11.579207,Sentence,1
7.8352056,13.134299,Sentence,2
8.831085,12.365972,Sentence,2
10.38321,11.784441,Sentence,1
10.85522,13.537027,Sentence,3
6.9495277,13.306316,Sentence,2
8.2522,12.97964,Sentence,0
9.907391,11.30879,Sentence,3
11.202134,11.629457,Sentence,2
7.484162,12.164332,Sentence,0
7.326975,12.311544,Sentence,0
11.037126,14.465056,Sentence,0
7.5959034,13.656354,Sentence,2
7.892691,11.231636,Sentence,0
7.6153674,11.843611,Sentence,0
7.7558913,11.935249,Sentence,0
7.73139,13.182665,Sentence,0
7.7696924,12.79297,Sentence,0
11.550885,14.206647,Sentence,1
11.117453,13.933326,Sentence,1
9.63084,11.263436,Sentence,0
11.100331,6.917047,Sentence,1
7.482796,11.839236,Sentence,0
10.523928,8.233661,Sentence,1
7.8280816,13.797655,Sentence,2
7.0551186,13.807791,Sentence,2
8.533463,14.187768,Sentence,2
8.969443,12.300999,Sentence,0
7.95995,12.228985,Sentence,0
11.944321,10.731887,Sentence,1
9.019952,10.0741625,Sentence,1
7.40985,8.498472,Sentence,1
12.306091,10.542679,Sentence,2
9.608189,14.488456,Sentence,2
8.267974,12.748724,Sentence,2
8.076109,11.479148,Sentence,0
10.143612,13.29637,Sentence,1
11.78988,11.383451,Sentence,1
8.411872,9.066431,Sentence,1
7.960894,14.071492,Sentence,2
12.778519,8.939101,Sentence,1
7.617285,13.821273,Sentence,2
11.214552,10.000182,Sentence,1
9.768785,14.143245,Sentence,2
11.608299,11.897878,Sentence,2
10.539745,11.019461,Sentence,1
9.167717,11.592479,Sentence,0
8.2443285,11.735383,Sentence,0
9.712494,13.842351,Sentence,2
7.629837,11.362928,Sentence,0
8.416401,8.107261,Sentence,3
8.519023,12.686045,Sentence,2
12.063933,12.3678255,Sentence,3
9.444743,13.130812,Sentence,0
8.909995,9.500383,Sentence,3
11.206689,10.439536,Sentence,1
10.8615465,13.339416,Sentence,2
9.988569,14.625083,Sentence,2
7.6152554,8.050651,Sentence,1
9.7623,13.28197,Sentence,1
8.291749,12.057694,Sentence,0
11.099791,6.918431,Sentence,1
7.9167533,14.100219,Sentence,2
7.5504675,13.956229,Sentence,2
7.574426,13.943115,Sentence,2
12.202385,8.597957,Sentence,1
9.176345,15.381711,Sentence,2
7.5576067,10.816384,Sentence,0
9.4768,14.830871,Sentence,2
7.268984,11.976778,Sentence,0
7.605664,13.267663,Sentence,0
7.818706,12.046474,Sentence,0
9.390005,13.043612,Sentence,2
8.252073,12.837893,Sentence,0
12.248174,10.6536455,Sentence,3
10.706162,11.21427,Sentence,3
7.953411,13.27882,Sentence,0
9.856003,11.395976,Sentence,1
7.118078,12.281221,Sentence,0
11.542109,11.094405,Sentence,3
8.744019,12.932119,Sentence,2
8.256605,11.083601,Sentence,0
8.189086,13.723037,Sentence,2
10.228763,12.010744,Sentence,2
7.284729,11.033766,Sentence,0
8.426927,14.319999,Sentence,2
9.587458,11.283205,Sentence,1
10.356973,12.749142,Sentence,1
8.599359,14.382653,Sentence,2
7.561765,9.33922,Sentence,1
7.9734464,13.066138,Sentence,0
9.850471,14.336148,Sentence,2
8.13763,12.035676,Sentence,0
10.157796,12.552896,Sentence,2
7.8028035,13.111285,Sentence,2
7.727402,13.025033,Sentence,2
7.6555185,13.828209,Sentence,2
7.7748413,13.019955,Sentence,2
7.244924,12.794632,Sentence,0
10.076016,14.81426,Sentence,1
9.8224745,15.066678,Sentence,2
7.251117,8.1267,Sentence,1
11.915122,7.15232,Sentence,1
10.686958,8.576056,Sentence,1
11.921119,10.924779,Sentence,3
7.2628694,14.182403,Sentence,2
8.312057,14.444766,Sentence,2
7.8829255,9.197123,Sentence,1
7.76138,13.508718,Sentence,2
8.057133,13.336735,Sentence,2
7.5827885,10.609963,Sentence,0
11.833439,13.347545,Sentence,1
9.167004,14.09652,Sentence,2
7.9248176,11.9215355,Sentence,0
7.424706,11.739963,Sentence,0
11.906732,7.1688004,Sentence,1
12.473674,12.182075,Sentence,3
7.8299026,12.194477,Sentence,0
8.254884,9.622125,Sentence,1
11.44705,11.453558,Sentence,3
7.5902553,10.614093,Sentence,0
7.3183646,12.357829,Sentence,0
7.5618963,8.83104,Sentence,2
7.4915233,12.626317,Sentence,0
8.264545,13.048587,Sentence,0
12.212177,11.604725,Sentence,3
7.596159,12.064618,Sentence,0
10.817107,13.246615,Sentence,3
10.50397,9.69381,Sentence,1
7.1388097,11.749517,Sentence,0
7.89179,13.090794,Sentence,0
9.489453,15.097473,Sentence,2
9.337449,14.4539795,Sentence,3
12.14288,10.7409525,Sentence,3
9.206653,11.294942,Sentence,0
7.3366194,11.064852,Sentence,0
8.994636,12.276497,Sentence,0
8.049088,14.1005,Sentence,2
12.417002,12.152027,Sentence,3
8.210648,13.264698,Sentence,2
8.0314,12.835926,Sentence,0
10.155042,13.699105,Sentence,1
11.705692,11.599017,Sentence,3
8.910943,11.93379,Sentence,0
8.746144,15.131814,Sentence,2
9.461576,11.237544,Sentence,1
7.350699,14.349293,Sentence,2
7.847331,14.05721,Sentence,2
8.367815,12.594117,Sentence,2
10.32627,8.219351,Sentence,1
11.20895,11.649617,Sentence,1
8.756484,11.806905,Sentence,0
13.554294,-2.925312,Sentence,3
9.948627,14.270886,Sentence,2
8.265506,11.2118025,Sentence,0
7.6448317,12.316146,Sentence,0
10.248372,10.936009,Sentence,1
12.156351,10.371852,Sentence,3
7.4582725,13.037494,Sentence,2
8.419545,11.860005,Sentence,0
9.671726,14.536557,Sentence,2
10.386461,11.591268,Sentence,1
8.436688,9.594819,Sentence,1
12.63313,10.360763,Sentence,3
8.851677,14.935394,Sentence,2
8.0678835,10.042357,Sentence,0
9.304054,14.708314,Sentence,2
8.318554,14.424324,Sentence,2
7.3766704,11.397338,Sentence,0
11.098407,12.430808,Sentence,3
12.178873,11.66845,Sentence,3
7.8937516,9.346349,Sentence,1
11.450415,12.708649,Sentence,1
7.738382,10.119728,Sentence,0
11.654196,12.035273,Sentence,3
7.2379923,13.807637,Sentence,0
8.102458,13.161048,Sentence,2
11.455007,12.116479,Sentence,2
8.334133,9.063075,Sentence,1
7.8056726,12.463707,Sentence,0
8.880923,12.701445,Sentence,1
9.696775,14.871065,Sentence,2
8.455905,13.589211,Sentence,2
10.056171,13.871363,Sentence,2
9.3686695,12.3672085,Sentence,1
6.381824,13.585033,Sentence,1
11.307628,12.546596,Sentence,2
10.9365225,13.852308,Sentence,2
9.017188,14.071321,Sentence,0
12.413398,13.828577,Sentence,1
10.386969,13.713737,Sentence,2
13.553964,-2.929277,Sentence,3
11.12676,11.472453,Sentence,3
10.645126,8.638502,Sentence,1
7.4236293,12.388041,Sentence,0
10.141389,11.5675,Sentence,1
10.534322,9.510224,Sentence,1
10.085465,10.878228,Sentence,1
7.520144,11.628972,Sentence,0
7.7647953,13.049003,Sentence,0
7.8984423,13.6774645,Sentence,2
7.386055,11.964419,Sentence,0
7.269618,11.650339,Sentence,0
8.563798,14.591115,Sentence,2
8.0235615,12.083614,Sentence,0
7.7732177,13.977771,Sentence,2
7.164437,12.651855,Sentence,0
10.024854,10.534799,Sentence,1
7.428727,11.280526,Sentence,0
9.55498,14.32456,Sentence,2
8.41694,8.587589,Sentence,1
12.219692,11.914835,Sentence,3
8.134591,13.325419,Sentence,2
12.309312,10.682863,Sentence,3
9.370137,11.430082,Sentence,1
7.3708024,12.269019,Sentence,0
7.098212,13.789271,Sentence,0
9.72663,14.079076,Sentence,2
12.1846285,10.142422,Sentence,3
10.964877,10.445844,Sentence,1
10.606392,11.829236,Sentence,1
11.910269,7.1646695,Sentence,1
7.525036,13.769894,Sentence,2
7.826407,14.308414,Sentence,2
8.966666,14.010891,Sentence,0
7.085423,12.172326,Sentence,0
7.4201927,13.943918,Sentence,2
8.923464,13.749139,Sentence,0
7.2249093,12.400489,Sentence,0
11.9061985,10.662549,Sentence,1
12.469504,10.343569,Sentence,3
10.961947,13.898002,Sentence,2
10.231524,15.259954,Sentence,1
9.909378,12.104448,Sentence,1
10.258375,11.37925,Sentence,3
9.287835,13.791731,Sentence,2
7.526431,13.456815,Sentence,2
7.5257845,9.825778,Sentence,0
8.029243,11.610707,Sentence,0
12.252046,11.589471,Sentence,3
9.041459,15.312169,Sentence,2
10.259367,13.045215,Sentence,1
8.88982,12.994405,Sentence,2
7.510073,13.493618,Sentence,2
8.312015,12.805243,Sentence,0
9.851219,12.33721,Sentence,2
12.171918,11.500472,Sentence,3
9.320255,14.075303,Sentence,2
10.4630375,10.76465,Sentence,3
8.451311,14.20159,Sentence,1
9.192427,11.530215,Sentence,1
9.014741,14.749384,Sentence,0
7.456614,10.617247,Sentence,0
7.4082484,12.485661,Sentence,0
7.419011,11.571624,Sentence,0
11.9200945,7.1582437,Sentence,1
9.410715,13.64948,Sentence,2
10.4130945,11.385503,Sentence,3
9.384427,13.594701,Sentence,2
8.603516,15.310569,Sentence,2
7.5742145,11.77162,Sentence,0
8.235833,12.680306,Sentence,0
9.06473,14.343255,Sentence,2
7.6212826,13.4755125,Sentence,2
7.494543,11.900322,Sentence,0
8.71042,15.337445,Sentence,2
10.066762,9.863683,Sentence,1
7.9751143,10.57641,Sentence,0
11.584922,10.635184,Sentence,1
7.3067794,14.494579,Sentence,3
7.523557,23.832874,Sentence,1
8.944509,13.790414,Sentence,2
7.2752533,13.397701,Sentence,2
7.706095,14.151883,Sentence,2
8.360338,13.187719,Sentence,2
11.041629,12.744478,Sentence,2
9.575231,13.50485,Sentence,0
12.002701,12.594719,Sentence,1
11.746466,14.129714,Sentence,3
9.802416,10.946967,Sentence,3
7.4629617,11.760057,Sentence,0
6.960815,13.603453,Sentence,2
11.650196,11.602086,Sentence,1
8.368901,14.050487,Sentence,2
7.862654,9.668636,Sentence,0
8.6970625,13.4309,Sentence,2
7.644428,10.693092,Sentence,0
7.2023416,14.29859,Sentence,2
11.846439,10.42167,Sentence,1
9.106493,14.27834,Sentence,2
8.202763,12.661452,Sentence,1
10.32701,11.299282,Sentence,1
8.162909,13.149406,Sentence,2
8.950266,11.001263,Sentence,1
10.028499,12.065568,Sentence,3
8.810624,11.925067,Sentence,0
9.503429,10.147228,Sentence,1
9.897346,10.2083845,Sentence,1
11.465505,11.947757,Sentence,2
8.770971,14.272418,Sentence,2
9.49142,11.247921,Sentence,0
10.122949,13.946736,Sentence,2
7.455927,12.420458,Sentence,0
7.599534,14.503303,Sentence,2
9.294728,13.001076,Sentence,2
7.5430923,8.756522,Sentence,1
7.503551,11.6892395,Sentence,0
10.757046,14.460737,Sentence,3
9.652161,14.036976,Sentence,2
8.485751,14.474492,Sentence,2
8.013283,13.727447,Sentence,2
9.123522,14.929545,Sentence,2
9.183776,11.89049,Sentence,3
9.711945,13.673912,Sentence,2
9.888777,7.252002,Sentence,1
8.581028,13.131639,Sentence,0
10.869203,11.683497,Sentence,2
8.638674,14.636356,Sentence,2
7.2138243,12.503603,Sentence,0
8.790433,14.673444,Sentence,2
7.8338532,14.161395,Sentence,2
11.4894285,12.34386,Sentence,1
9.250131,13.6549225,Sentence,2
8.104761,11.670429,Sentence,0
7.4209757,12.88073,Sentence,0
7.8105164,14.019637,Sentence,2
8.356699,12.492437,Sentence,0
7.1019073,12.622513,Sentence,2
9.344546,12.973541,Sentence,3
7.8853335,13.741382,Sentence,2
9.1986265,14.948774,Sentence,1
7.6829085,13.430163,Sentence,0
10.30101,11.470432,Sentence,1
10.488217,8.251437,Sentence,1
7.481885,12.367414,Sentence,0
11.097565,6.920338,Sentence,1
8.128176,9.7915125,Sentence,0
7.366181,12.931039,Sentence,0
9.858321,13.993819,Sentence,0
11.4102335,12.298342,Sentence,2
7.16901,14.279346,Sentence,2
10.588167,10.775992,Sentence,1
12.199037,11.455112,Sentence,3
7.2174706,11.400252,Sentence,0
7.817979,11.583475,Sentence,0
8.889133,12.0942135,Sentence,0
7.692512,13.275133,Sentence,2
8.353266,14.227836,Sentence,0
8.221451,13.409843,Sentence,2
10.010126,12.410439,Sentence,2
8.117331,9.818223,Sentence,0
7.5315723,23.827011,Sentence,1
10.946318,12.514413,Sentence,2
10.551578,13.59303,Sentence,2
9.497284,9.99724,Sentence,1
10.410055,15.240647,Sentence,3
7.2371254,12.425185,Sentence,0
7.3895235,14.33674,Sentence,2
8.066852,15.007055,Sentence,2
9.1109915,10.850894,Sentence,1
8.03468,9.541044,Sentence,1
7.482862,12.979313,Sentence,0
7.941082,12.7997055,Sentence,2
9.516979,11.161347,Sentence,1
10.577701,7.540674,Sentence,1
9.361965,11.1795845,Sentence,1
10.0519,11.50967,Sentence,1
7.344176,9.918637,Sentence,0
11.11354,12.061819,Sentence,2
7.689237,12.94814,Sentence,2
7.773111,8.6259575,Sentence,1
10.239673,9.478302,Sentence,1
9.201614,14.290183,Sentence,2
8.841251,10.951932,Sentence,0
11.4758415,11.89874,Sentence,2
8.669881,13.688433,Sentence,2
8.077036,13.694512,Sentence,2
7.503731,10.270666,Sentence,0
4.2935247,4.584558,Sentence,1
8.009261,13.185398,Sentence,0
7.7219253,12.692497,Sentence,0
8.385312,13.610878,Sentence,2
7.7465878,11.542687,Sentence,0
7.658699,13.474182,Sentence,2
10.58971,10.228102,Sentence,1
8.488632,12.520465,Sentence,1
10.245568,13.176794,Sentence,2
11.0389385,11.116346,Sentence,1
8.883608,12.904713,Sentence,1
9.613441,14.160634,Sentence,2
8.143631,11.693287,Sentence,0
7.3231616,13.972356,Sentence,2
9.28813,11.188767,Sentence,1
7.465625,11.473313,Sentence,0
10.838266,8.476358,Sentence,1
8.395157,8.808699,Sentence,1
12.212763,10.896814,Sentence,3
7.713116,14.781412,Sentence,1
8.022082,12.588103,Sentence,2
10.110632,12.432578,Sentence,2
7.5703673,12.708707,Sentence,0
7.9688506,13.765191,Sentence,2
12.576977,11.739738,Sentence,3
7.7748566,12.598705,Sentence,1
8.182829,14.294951,Sentence,2
11.077525,11.455539,Sentence,3
7.387795,12.2619095,Sentence,0
8.275656,11.7411,Sentence,0
10.455895,12.908861,Sentence,2
7.503897,11.672641,Sentence,0
9.203365,14.643927,Sentence,2
7.2194552,11.507331,Sentence,0
7.854526,14.317298,Sentence,2
8.59692,10.876011,Sentence,0
9.904555,11.471812,Sentence,1
10.472567,10.353104,Sentence,3
8.131616,12.813592,Sentence,0
8.638785,13.680287,Sentence,2
8.079487,12.112419,Sentence,0
9.325949,13.742194,Sentence,1
7.2135153,13.017712,Sentence,2
8.251098,13.916222,Sentence,2
7.5261703,13.274236,Sentence,2
9.146183,14.785665,Sentence,2
8.363508,14.14669,Sentence,2
12.60561,11.688716,Sentence,3
7.984606,11.324138,Sentence,0
10.291395,13.158661,Sentence,1
10.238848,15.456785,Sentence,3
8.021111,13.751316,Sentence,2
8.129162,11.2947855,Sentence,0
7.4278474,12.789808,Sentence,0
12.329716,11.42659,Sentence,3
7.8376307,12.2948265,Sentence,1
10.511867,15.299781,Sentence,3
7.4703264,13.095343,Sentence,0
8.609412,13.133329,Sentence,2
7.746369,12.907104,Sentence,2
10.526973,13.457952,Sentence,2
8.333782,12.192599,Sentence,2
7.6015496,10.907491,Sentence,0
11.913768,7.159423,Sentence,1
9.630013,14.92776,Sentence,2
7.333715,12.685464,Sentence,0
7.414208,10.131906,Sentence,0
8.657088,14.634916,Sentence,2
8.64716,13.320823,Sentence,2
7.857125,9.109893,Sentence,1
11.101365,12.619764,Sentence,3
7.652738,13.586413,Sentence,0
8.251793,12.617469,Sentence,2
9.68641,13.516725,Sentence,2
9.551433,13.043478,Sentence,2
9.777451,14.704376,Sentence,2
7.6566777,10.14508,Sentence,0
7.657483,9.778409,Sentence,1
8.075013,13.943646,Sentence,2
8.711583,9.188229,Sentence,1
11.973773,10.545154,Sentence,0
7.367876,12.867742,Sentence,2
8.403608,11.620758,Sentence,1
10.413503,11.744653,Sentence,2
9.316927,14.485711,Sentence,2
7.1674542,13.531463,Sentence,2
7.833477,11.182394,Sentence,1
7.89679,13.833128,Sentence,2
8.42999,12.811714,Sentence,2
7.6930227,12.873416,Sentence,0
10.193938,11.90309,Sentence,2
7.51641,14.584665,Sentence,2
7.4756937,13.058833,Sentence,2
8.180448,9.117633,Sentence,1
9.411373,13.518227,Sentence,3
7.541033,11.870409,Sentence,0
8.285621,11.866641,Sentence,0
7.82745,12.310173,Sentence,0
8.617068,14.107327,Sentence,2
8.614163,10.304057,Sentence,1
8.098898,13.125277,Sentence,2
10.0786705,14.829699,Sentence,2
8.944179,13.113334,Sentence,2
11.929721,13.949262,Sentence,3
10.618813,7.5319505,Sentence,1
7.3242693,12.755376,Sentence,0
7.925955,11.128463,Sentence,0
8.792248,15.44316,Sentence,2
8.185997,14.2303915,Sentence,2
11.091297,11.665603,Sentence,1
7.9131727,9.803071,Sentence,0
9.775359,15.525993,Sentence,1
7.2884355,12.237222,Sentence,0
12.347336,10.577697,Sentence,2
12.058149,11.845913,Sentence,3
7.78338,11.524313,Sentence,1
12.502136,11.938837,Sentence,3
7.2110367,12.458106,Sentence,0
7.89664,13.312206,Sentence,2
8.324687,13.0811,Sentence,2
7.598245,13.272846,Sentence,2
8.203148,12.733344,Sentence,2
7.795759,10.953208,Sentence,0
9.603711,11.541097,Sentence,1
12.28058,11.792906,Sentence,3
8.819844,14.940002,Sentence,2
9.005687,14.495484,Sentence,2
7.4077682,12.745044,Sentence,0
10.140364,11.815911,Sentence,1
9.453725,10.249815,Sentence,1
8.923192,14.506518,Sentence,2
7.4814534,13.925608,Sentence,2
11.122821,11.787652,Sentence,1
9.362329,14.836072,Sentence,2
7.1823597,14.395614,Sentence,2
12.408147,11.667829,Sentence,3
10.937785,11.623065,Sentence,2
9.345181,11.789284,Sentence,3
9.206427,11.904995,Sentence,1
9.665115,12.3187,Sentence,2
10.276554,13.079374,Sentence,2
7.680307,13.276496,Sentence,2
12.415369,13.831145,Sentence,1
11.179609,10.589624,Sentence,1
7.259896,11.254048,Sentence,0
12.269295,10.523497,Sentence,3
7.996596,10.537368,Sentence,0
7.435768,14.195956,Sentence,2
10.382788,15.122668,Sentence,3
8.241307,13.484573,Sentence,2
8.19758,12.210304,Sentence,0
7.587392,12.822659,Sentence,0
10.659169,9.875144,Sentence,1
7.556117,13.000795,Sentence,2
7.6911426,11.459512,Sentence,0
7.322966,14.413226,Sentence,2
7.5492187,11.746864,Sentence,0
7.713205,14.259074,Sentence,2
7.8261876,12.898395,Sentence,0
8.762064,11.485513,Sentence,1
8.938466,11.822908,Sentence,0
8.631079,13.431146,Sentence,1
10.922473,12.252789,Sentence,1
10.134009,11.566443,Sentence,1
7.8026247,12.641663,Sentence,0
7.67279,9.763382,Sentence,1
8.205689,10.864076,Sentence,1
8.214749,10.092254,Sentence,0
6.716738,13.316671,Sentence,0
5.733071,5.5112486,Sentence,1
8.98426,10.831342,Sentence,0
8.907511,13.201823,Sentence,2
9.277813,12.495023,Sentence,2
7.2786603,11.862678,Sentence,0
11.228739,10.064985,Sentence,1
8.479091,13.404932,Sentence,2
11.46902,11.583867,Sentence,2
7.10998,12.720867,Sentence,0
7.398755,10.024768,Sentence,0
6.8686314,13.385538,Sentence,1
7.6952257,12.313791,Sentence,0
7.398864,12.803897,Sentence,2
12.110013,10.785541,Sentence,3
7.827956,14.104204,Sentence,2
8.048685,9.393631,Sentence,1
11.457791,9.94332,Sentence,1
8.772467,13.995965,Sentence,2
12.200285,10.653189,Sentence,3
7.7478595,14.887333,Sentence,3
10.86318,11.893778,Sentence,3
7.5673566,13.109304,Sentence,0
10.0524845,9.964151,Sentence,0
12.206666,11.766053,Sentence,3
8.361492,13.160788,Sentence,2
8.213847,8.523003,Sentence,1
7.538933,12.599963,Sentence,0
7.9283075,11.965735,Sentence,0
8.807703,14.1095085,Sentence,2
9.53649,12.453859,Sentence,1
8.928107,11.830703,Sentence,1
9.916386,11.650478,Sentence,1
9.30125,12.802787,Sentence,1
9.32852,11.94677,Sentence,1
7.920812,14.229258,Sentence,2
7.532938,14.520864,Sentence,1
7.657826,14.803639,Sentence,3
9.2850485,14.403908,Sentence,2
16.307354,9.633734,Sentence,3
8.072971,9.864537,Sentence,0
11.730451,9.644922,Sentence,1
8.147597,13.648538,Sentence,2
8.522625,14.413347,Sentence,2
8.947512,10.583073,Sentence,0
8.358906,12.58797,Sentence,2
7.590628,12.851808,Sentence,0
7.4671516,12.32139,Sentence,0
8.137888,13.469055,Sentence,2
10.98195,12.241735,Sentence,3
7.827289,13.003385,Sentence,0
7.9333496,13.089509,Sentence,2
12.074647,11.644693,Sentence,3
12.175423,11.381787,Sentence,3
10.982879,10.912123,Sentence,3
8.777892,13.980274,Sentence,0
8.252564,13.317475,Sentence,2
7.575103,13.252917,Sentence,0
8.176437,12.80413,Sentence,1
7.354738,12.38771,Sentence,0
12.44533,10.645897,Sentence,3
8.267939,14.118849,Sentence,2
10.017343,11.100046,Sentence,1
8.142581,13.23961,Sentence,2
8.983542,12.510951,Sentence,2
9.674656,13.53294,Sentence,2
7.4072094,13.91575,Sentence,2
7.357018,14.005471,Sentence,2
12.237313,10.657751,Sentence,3
10.212748,14.021824,Sentence,2
7.458106,11.465641,Sentence,0
8.538602,13.058602,Sentence,2
12.565209,11.707671,Sentence,3
6.930648,20.850948,Sentence,1
10.962958,12.955132,Sentence,1
9.734784,12.855195,Sentence,2
8.4978,14.413211,Sentence,2
8.355559,13.704782,Sentence,0
10.144923,13.317738,Sentence,1
17.255991,11.105571,Sentence,3
9.622706,12.826287,Sentence,2
7.39144,14.466652,Sentence,2
8.247097,13.48681,Sentence,0
12.258372,10.429154,Sentence,3
9.331601,15.148271,Sentence,1
8.615752,12.46802,Sentence,2
9.236999,14.794223,Sentence,2
8.283535,13.865848,Sentence,0
7.188913,12.426888,Sentence,0
8.58283,13.516734,Sentence,2
10.49898,8.374403,Sentence,1
7.6657453,12.434751,Sentence,0
8.834725,13.306484,Sentence,2
10.580568,13.681813,Sentence,2
12.187931,10.793692,Sentence,3
8.369438,12.753722,Sentence,2
8.972177,12.543103,Sentence,1
7.3069882,13.825741,Sentence,2
7.4300475,12.872724,Sentence,2
7.865234,10.9656,Sentence,0
8.858581,14.860795,Sentence,2
7.9250546,12.900682,Sentence,2
7.5315723,23.82276,Sentence,1
11.080409,12.24152,Sentence,2
8.039099,13.25505,Sentence,2
8.940718,13.026977,Sentence,2
8.001338,12.194753,Sentence,0
12.179467,10.272522,Sentence,3
7.9130836,13.432588,Sentence,2
9.167073,14.210104,Sentence,2
7.5418606,13.963352,Sentence,2
9.931633,15.377876,Sentence,2
7.7106786,14.0763235,Sentence,2
7.285213,12.794056,Sentence,0
10.370239,13.690781,Sentence,1
9.673046,9.173556,Sentence,3
7.4643745,13.4665165,Sentence,2
7.005,11.088777,Sentence,0
7.6714773,13.049007,Sentence,2
7.4995627,12.638724,Sentence,0
9.776044,15.341965,Sentence,2
6.735698,13.306209,Sentence,2
7.7586255,10.241554,Sentence,0
7.651215,13.367076,Sentence,2
7.6536183,13.523252,Sentence,2
7.777745,14.177343,Sentence,2
11.564861,14.143337,Sentence,3
10.084141,13.982436,Sentence,2
9.332934,14.850542,Sentence,2
12.2825,11.779584,Sentence,3
7.683627,13.862484,Sentence,2
8.5895815,11.931779,Sentence,0
8.764354,15.229691,Sentence,2
8.104603,13.96684,Sentence,2
7.967328,13.900486,Sentence,2
7.579288,9.786545,Sentence,0
9.145216,14.400907,Sentence,2
7.806717,12.439688,Sentence,2
12.153201,11.946837,Sentence,3
8.846412,13.712721,Sentence,0
8.059739,13.984153,Sentence,2
10.371358,11.369203,Sentence,1
7.280464,11.33879,Sentence,0
11.530461,13.526074,Sentence,1
9.306045,14.649485,Sentence,2
8.214041,11.394159,Sentence,0
7.870113,12.620851,Sentence,2
12.227142,10.906417,Sentence,1
7.4656405,12.581603,Sentence,0
8.482401,14.022246,Sentence,2
10.069618,12.239097,Sentence,2
12.092637,13.793031,Sentence,1
7.4965367,13.378364,Sentence,2
9.873717,9.977499,Sentence,1
6.7193146,13.682038,Sentence,1
7.101978,12.062712,Sentence,0
8.2067375,10.97293,Sentence,0
10.576672,15.353679,Sentence,3
12.45606,11.546112,Sentence,3
10.500059,13.340783,Sentence,2
10.428808,7.755932,Sentence,1
10.973448,10.969672,Sentence,1
9.319412,12.53173,Sentence,1
8.794755,13.27572,Sentence,2
7.814897,10.479303,Sentence,0
7.485253,10.790793,Sentence,0
7.2733555,14.493956,Sentence,2
7.3866286,10.1534195,Sentence,0
8.641663,13.317178,Sentence,2
8.181009,13.299587,Sentence,2
9.351614,14.53721,Sentence,2
8.5862875,14.335002,Sentence,2
7.6481476,14.213792,Sentence,2
9.49726,12.156959,Sentence,1
12.425852,13.954835,Sentence,1
7.6417036,9.836601,Sentence,0
7.8009214,12.709782,Sentence,0
9.096825,14.445285,Sentence,2
8.975207,15.428159,Sentence,3
9.220738,13.943544,Sentence,2
8.017705,9.047673,Sentence,1
9.107157,14.598302,Sentence,2
9.1367855,14.868389,Sentence,2
9.519812,15.012625,Sentence,2
7.2864056,10.867628,Sentence,0
7.7739863,9.655809,Sentence,0
8.050855,13.730102,Sentence,2
9.377539,14.232834,Sentence,2
17.254091,11.1102085,Sentence,3
11.160459,12.073942,Sentence,3
11.529809,10.002857,Sentence,1
9.962663,14.428533,Sentence,2
10.930272,10.970756,Sentence,1
10.131189,11.316039,Sentence,3
9.167493,12.834463,Sentence,2
9.224233,13.623725,Sentence,2
10.837792,11.884944,Sentence,3
10.007631,13.176859,Sentence,2
9.449161,14.182514,Sentence,2
8.88459,14.645356,Sentence,2
8.630295,13.37815,Sentence,2
8.156401,11.36779,Sentence,0
8.071303,10.511169,Sentence,0
7.5379395,9.851946,Sentence,0
11.180662,12.580339,Sentence,1
8.244614,13.498819,Sentence,2
7.5576863,10.500819,Sentence,0
9.411559,13.142491,Sentence,2
8.429337,11.243728,Sentence,0
10.378298,8.633671,Sentence,1
7.8274693,11.487448,Sentence,0
7.566488,13.1900215,Sentence,2
7.659165,12.966661,Sentence,0
7.4406743,12.170878,Sentence,0
7.2290144,13.226167,Sentence,2
7.6977987,12.953684,Sentence,0
10.294035,13.794355,Sentence,2
11.054465,11.735451,Sentence,1
11.685219,9.788293,Sentence,1
7.6528525,12.026193,Sentence,0
8.317595,14.2344055,Sentence,2
8.313782,13.359051,Sentence,2
11.675401,11.3721695,Sentence,3
8.673959,12.376303,Sentence,0
7.5313625,11.964083,Sentence,0
12.222135,11.177035,Sentence,3
7.5930977,12.655154,Sentence,0
7.728448,14.609933,Sentence,2
8.794413,14.1570425,Sentence,2
9.035572,13.964338,Sentence,2
7.7266865,14.127752,Sentence,2
7.740225,13.506432,Sentence,2
9.8604965,14.8640585,Sentence,2
7.4306417,12.105574,Sentence,0
9.630792,12.391555,Sentence,1
7.7402425,12.982695,Sentence,2
12.462339,10.548333,Sentence,1
16.307615,9.633875,Sentence,3
6.5281816,13.517502,Sentence,0
7.958088,13.677203,Sentence,2
11.350651,12.573196,Sentence,3
7.7792993,13.868132,Sentence,2
8.054851,10.949333,Sentence,0
8.744371,10.41476,Sentence,1
12.015431,10.741811,Sentence,1
7.803286,13.04541,Sentence,2
8.020132,10.945084,Sentence,0
9.512164,12.741644,Sentence,2
9.61051,12.273899,Sentence,1
7.4319253,9.947333,Sentence,0
7.374789,9.518115,Sentence,0
9.544744,14.401959,Sentence,2
7.5608487,13.757976,Sentence,2
10.278732,11.89203,Sentence,2
9.4851675,12.786788,Sentence,3
8.8362465,13.36268,Sentence,2
9.903986,7.273921,Sentence,1
8.959523,10.7836275,Sentence,1
9.041243,13.309266,Sentence,2
8.144205,12.275112,Sentence,0
7.902399,13.983445,Sentence,2
7.140908,13.475337,Sentence,1
11.524313,10.392221,Sentence,1
9.558182,14.218133,Sentence,2
9.45846,14.033855,Sentence,2
11.076275,11.571828,Sentence,1
7.63379,11.352304,Sentence,0
7.245537,8.115804,Sentence,1
7.6237297,11.594851,Sentence,0
8.374747,10.469229,Sentence,1
9.084581,13.834717,Sentence,2
7.311629,12.564087,Sentence,0
7.7290735,12.165921,Sentence,0
8.455425,9.096711,Sentence,1
11.847734,10.223088,Sentence,3
10.635339,12.506851,Sentence,2
7.3215437,14.533403,Sentence,2
9.748198,14.614593,Sentence,2
8.4464855,13.050393,Sentence,2
7.9364085,12.408525,Sentence,0
10.070836,13.233366,Sentence,2
7.484755,12.542558,Sentence,0
7.3309755,10.603731,Sentence,0
11.039905,7.5279765,Sentence,1
8.628271,15.344268,Sentence,2
12.226288,10.684203,Sentence,3
8.474997,14.242999,Sentence,2
8.501811,8.198641,Sentence,3
7.877692,12.234789,Sentence,0
7.1689286,14.397181,Sentence,2
10.828092,9.782817,Sentence,1
8.309215,13.811423,Sentence,2
8.072724,13.672089,Sentence,2
7.2587066,12.461091,Sentence,0
9.875806,14.685959,Sentence,1
9.171496,10.817373,Sentence,1
9.162323,14.752212,Sentence,0
10.386468,11.476672,Sentence,1
8.412586,9.567694,Sentence,1
7.460467,10.057016,Sentence,0
9.483976,13.935761,Sentence,0
11.377069,11.078168,Sentence,1
12.305651,10.206638,Sentence,3
7.649233,13.590687,Sentence,2
8.053464,14.344452,Sentence,2
8.157292,12.460554,Sentence,0
11.955681,12.072881,Sentence,3
9.332754,14.993791,Sentence,2
6.4580603,13.5915,Sentence,1
9.750529,10.519305,Sentence,1
6.5548706,13.580971,Sentence,0
8.291354,14.7441025,Sentence,2
12.123664,10.677116,Sentence,3
8.140735,14.057581,Sentence,2
7.041222,12.815123,Sentence,0
8.272685,14.460943,Sentence,2
8.444023,12.842699,Sentence,0
9.867031,10.22014,Sentence,1
7.721074,12.701507,Sentence,0
8.932956,13.8180485,Sentence,0
7.506776,13.797291,Sentence,2
11.9784565,12.263955,Sentence,3
10.841138,13.809665,Sentence,2
11.272376,12.262552,Sentence,3
7.677434,13.761326,Sentence,2
7.751551,13.598408,Sentence,2
7.541641,12.351943,Sentence,0
11.946079,10.553774,Sentence,1
11.403001,8.492274,Sentence,1
7.46768,11.829045,Sentence,0
9.784341,15.63828,Sentence,1
7.9248247,9.218658,Sentence,1
8.290107,14.694695,Sentence,2
9.648093,10.970296,Sentence,1
11.643481,14.246757,Sentence,1
7.298898,14.475974,Sentence,2
12.259375,10.6543865,Sentence,3
8.325365,13.458716,Sentence,2
9.350492,14.3148365,Sentence,2
9.3035965,11.407721,Sentence,1
8.292683,14.613057,Sentence,2
13.558006,-2.9133935,Sentence,3
7.7089105,11.0856085,Sentence,0
7.738788,13.669733,Sentence,2
8.455817,14.653076,Sentence,2
8.725044,15.004353,Sentence,2
9.384985,13.539091,Sentence,1
10.955005,12.659439,Sentence,2
11.006754,10.855367,Sentence,2
10.462851,15.431473,Sentence,3
7.9552712,9.851796,Sentence,0
10.1462145,14.825316,Sentence,2
8.675225,14.265585,Sentence,2
7.4030766,11.516542,Sentence,0
9.140568,13.737244,Sentence,2
10.625538,12.469521,Sentence,3
8.057195,9.41958,Sentence,1
8.469226,14.366384,Sentence,2
7.6003523,12.882872,Sentence,0
6.9121,10.995076,Sentence,0
9.192107,14.423296,Sentence,0
9.975277,12.025122,Sentence,2
8.673628,13.707564,Sentence,2
7.5681357,14.41153,Sentence,2
8.7203245,14.4656105,Sentence,2
8.552108,11.4531,Sentence,0
7.426402,11.665961,Sentence,0
7.4930735,10.956306,Sentence,0
10.922084,11.374036,Sentence,1
7.6669602,12.576845,Sentence,0
9.794463,12.393223,Sentence,0
8.276967,11.516419,Sentence,1
9.082609,11.846494,Sentence,0
10.589372,11.073047,Sentence,1
8.249818,12.079676,Sentence,0
10.148602,12.496299,Sentence,2
7.1688256,12.540087,Sentence,0
10.082851,11.868642,Sentence,1
7.304895,10.115594,Sentence,0
8.380095,9.005277,Sentence,1
7.885574,13.169411,Sentence,2
8.108451,12.946734,Sentence,0
11.748789,11.796267,Sentence,3
8.278988,13.437219,Sentence,2
9.557765,10.682303,Sentence,1
7.4118605,9.797668,Sentence,0
9.009999,14.1362295,Sentence,2
6.97392,13.413742,Sentence,1
10.291566,8.5725355,Sentence,0
8.466025,13.830503,Sentence,2
9.603861,14.248391,Sentence,2
7.5827856,12.062443,Sentence,0
10.469981,14.991259,Sentence,3
7.9951963,13.96539,Sentence,2
8.265196,12.057066,Sentence,0
8.332481,14.465535,Sentence,2
8.4284525,9.303098,Sentence,1
10.2218275,8.143489,Sentence,1
7.380372,12.874706,Sentence,0
7.6619678,11.490225,Sentence,0
7.7198305,9.099569,Sentence,1
9.5069685,15.054301,Sentence,2
7.3410516,8.443792,Sentence,3
8.606193,11.486627,Sentence,1
10.229979,14.873868,Sentence,3
7.7542505,9.7448,Sentence,3
7.4013968,13.597174,Sentence,2
7.8811717,9.653951,Sentence,1
7.622076,11.540062,Sentence,0
7.514944,13.200751,Sentence,2
7.3516726,14.51062,Sentence,2
7.2576137,11.955177,Sentence,0
7.476895,10.75201,Sentence,0
8.966368,10.482726,Sentence,3
11.3974495,8.509245,Sentence,1
7.4441657,13.061298,Sentence,2
8.565834,12.735231,Sentence,2
7.6134667,13.571045,Sentence,2
11.876565,10.246869,Sentence,3
8.481588,13.821831,Sentence,2
7.682486,12.650931,Sentence,2
7.9175625,14.007678,Sentence,2
10.05149,14.014281,Sentence,2
8.9127445,14.020145,Sentence,2
8.674475,13.781219,Sentence,2
7.1268363,13.339461,Sentence,0
8.010393,11.137735,Sentence,0
11.895008,10.369225,Sentence,0
9.250331,12.008581,Sentence,1
8.900542,14.440755,Sentence,2
8.538419,8.0785475,Sentence,3
8.175504,12.633032,Sentence,1
7.833944,13.680829,Sentence,2
12.188644,10.317652,Sentence,3
13.554136,-2.9277234,Sentence,3
10.095222,15.105804,Sentence,1
11.831963,10.078511,Sentence,1
9.45951,14.845032,Sentence,2
8.622758,12.282947,Sentence,1
9.940695,15.673483,Sentence,3
9.144605,10.497225,Sentence,0
10.996532,12.09405,Sentence,3
11.842516,12.616637,Sentence,3
8.6150875,10.76104,Sentence,0
10.991015,10.46488,Sentence,1
8.180124,11.731653,Sentence,0
7.5834026,12.574388,Sentence,0
7.614103,13.337239,Sentence,2
7.652648,14.149111,Sentence,2
10.230147,10.570497,Sentence,1
8.6985,12.967885,Sentence,2
8.386684,10.435615,Sentence,1
8.706745,13.01508,Sentence,2
10.441048,8.432986,Sentence,1
6.709338,13.483704,Sentence,1
7.6774178,13.861436,Sentence,2
11.819252,11.099165,Sentence,3
12.051292,11.677667,Sentence,3
8.068065,11.0173645,Sentence,0
7.531623,23.822468,Sentence,1
10.046414,14.593102,Sentence,3
8.556212,12.489198,Sentence,2
7.7667265,9.542363,Sentence,1
8.249167,11.999257,Sentence,1
7.715549,13.517804,Sentence,2
8.595384,12.489759,Sentence,0
6.8886247,21.036846,Sentence,1
7.9350586,9.861245,Sentence,1
8.832002,14.721004,Sentence,2
8.156261,13.972836,Sentence,2
7.925661,10.926739,Sentence,0
12.554908,11.710709,Sentence,3
7.539042,12.4966545,Sentence,0
7.308761,9.776994,Sentence,0
11.198687,9.627959,Sentence,3
8.28075,13.053143,Sentence,0
7.995856,14.083053,Sentence,2
10.006683,10.87368,Sentence,0
7.5722184,9.988019,Sentence,0
12.482871,10.879553,Sentence,0
9.757602,14.341835,Sentence,2
6.574842,13.537121,Sentence,1
8.278205,11.51056,Sentence,0
7.0860415,12.417375,Sentence,0
7.2910743,11.169937,Sentence,0
8.108645,10.816396,Sentence,0
9.586528,14.331281,Sentence,2
11.112889,12.070454,Sentence,1
8.55845,12.426275,Sentence,0
7.4170494,12.684138,Sentence,0
10.013271,13.461084,Sentence,1
7.929616,13.933481,Sentence,2
10.548032,11.823342,Sentence,3
9.2080965,14.85181,Sentence,2
7.4126325,12.589246,Sentence,0
9.207297,15.389116,Sentence,2
9.931196,12.540451,Sentence,2
10.068297,14.603636,Sentence,0
10.653315,11.117476,Sentence,1
10.758709,12.825133,Sentence,2
8.106356,13.888154,Sentence,2
12.252688,10.672553,Sentence,3
7.222595,8.230626,Sentence,1
7.3882976,11.399483,Sentence,0
7.919295,11.517792,Sentence,0
10.583215,7.551098,Sentence,1
8.330355,11.792877,Sentence,1
7.412975,10.061516,Sentence,0
12.54325,11.301617,Sentence,1
7.887892,11.425196,Sentence,0
7.596371,13.175253,Sentence,2
7.543214,12.874621,Sentence,0
9.427757,12.814997,Sentence,2
9.170365,15.081606,Sentence,2
7.435766,12.467655,Sentence,0
12.212282,11.494631,Sentence,3
9.705017,10.2251,Sentence,1
9.461019,14.682862,Sentence,2
7.2257233,13.156218,Sentence,0
8.065592,12.593863,Sentence,2
10.27346,10.579938,Sentence,3
7.5268984,14.414476,Sentence,2
11.47149,12.179899,Sentence,3
7.6466026,13.386487,Sentence,2
7.4852123,12.847873,Sentence,2
7.895096,9.608252,Sentence,0
8.579062,12.233444,Sentence,0
7.7115,12.12969,Sentence,0
8.043594,13.634588,Sentence,2
9.097596,14.162848,Sentence,2
10.804151,11.879024,Sentence,1
7.6096697,11.676091,Sentence,0
8.981456,13.360056,Sentence,0
8.2673645,12.560722,Sentence,2
8.86477,13.877191,Sentence,2
7.4484634,12.024099,Sentence,0
7.767945,9.815901,Sentence,0
9.101828,11.41368,Sentence,1
6.8760295,13.34613,Sentence,1
7.5821633,14.048249,Sentence,2
11.106202,12.193691,Sentence,2
8.426481,10.920958,Sentence,0
6.897001,21.028833,Sentence,1
9.563773,14.757815,Sentence,2
10.008384,9.862907,Sentence,1
8.749637,13.496412,Sentence,2
8.27314,12.200746,Sentence,0
7.9063854,13.159428,Sentence,2
8.578038,14.7711115,Sentence,2
9.749623,14.048862,Sentence,1
8.354478,13.683851,Sentence,0
10.561315,10.369737,Sentence,1
6.8892837,21.03673,Sentence,1
7.7206283,13.395219,Sentence,2
9.867499,11.35979,Sentence,1
8.432379,11.821261,Sentence,1
8.886793,10.535256,Sentence,1
8.163854,12.87224,Sentence,0
9.313649,14.589285,Sentence,2
11.593958,12.121329,Sentence,3
9.859194,12.606335,Sentence,3
7.2073736,11.758654,Sentence,0
9.683407,14.473323,Sentence,1
7.4535418,11.5909395,Sentence,0
7.6106253,10.4245615,Sentence,0
9.503015,15.635848,Sentence,2
7.3423576,12.324341,Sentence,0
7.9587226,14.516235,Sentence,2
12.619608,11.7498,Sentence,3
12.523815,10.65465,Sentence,3
8.06792,10.882152,Sentence,0
7.80975,13.437669,Sentence,2
10.761071,12.433313,Sentence,1
8.879993,11.946808,Sentence,0
8.136736,14.216176,Sentence,2
10.732995,9.980642,Sentence,1
9.483851,12.395226,Sentence,1
7.8929825,12.314601,Sentence,0
8.646124,11.317368,Sentence,0
7.9610305,9.4131775,Sentence,1
8.583865,14.089341,Sentence,2
12.206091,10.411126,Sentence,1
11.588647,14.236807,Sentence,1
9.054834,12.996096,Sentence,2
8.864005,12.423214,Sentence,0
11.784331,11.487776,Sentence,3
9.326488,11.183465,Sentence,1
10.130494,12.060039,Sentence,0
7.7561884,10.163435,Sentence,0
8.122734,13.111114,Sentence,0
7.4319415,13.370538,Sentence,0
8.698811,12.276838,Sentence,0
11.083733,11.22938,Sentence,3
7.9374976,13.277907,Sentence,2
8.16314,13.798803,Sentence,2
8.378969,13.777984,Sentence,2
7.9629107,8.8942995,Sentence,1
12.229083,10.704936,Sentence,3
12.300585,11.79832,Sentence,3
9.911591,12.735423,Sentence,1
11.758094,10.761705,Sentence,1
11.311621,11.300419,Sentence,1
12.009124,10.76781,Sentence,3
8.500057,8.152423,Sentence,3
7.58177,12.525015,Sentence,0
9.829264,14.69881,Sentence,2
12.473487,11.589067,Sentence,3
8.251345,12.40816,Sentence,0
9.481526,14.58697,Sentence,1
11.695938,10.935253,Sentence,1
7.6365957,13.385656,Sentence,2
6.4007764,13.601033,Sentence,1
9.078785,12.362881,Sentence,0
12.609053,10.575418,Sentence,3
7.4226885,13.872755,Sentence,2
7.7763467,12.715256,Sentence,0
9.042037,13.169519,Sentence,2
12.51381,11.739703,Sentence,3
9.550799,13.8356085,Sentence,1
9.892467,12.127045,Sentence,1
8.021028,13.8835,Sentence,2
12.379358,11.373459,Sentence,3
7.7844753,9.990521,Sentence,1
7.8808002,13.449393,Sentence,2
7.922266,11.27629,Sentence,1
12.18982,11.649519,Sentence,3
9.345788,14.05849,Sentence,0
9.694271,11.9561615,Sentence,1
8.806434,13.768729,Sentence,2
7.6894774,14.505031,Sentence,2
11.014185,7.403001,Sentence,1
13.553618,-2.9266531,Sentence,3
7.149211,11.731844,Sentence,0
11.685969,12.373102,Sentence,3
7.7129345,13.723972,Sentence,2
8.527193,12.533095,Sentence,0
8.491004,11.167098,Sentence,1
11.814389,11.984929,Sentence,1
8.996375,13.627093,Sentence,2
8.373995,15.04458,Sentence,2
8.396722,14.599999,Sentence,2
8.1508465,12.500616,Sentence,2
8.367891,12.191883,Sentence,0
12.1612625,10.481411,Sentence,1
9.296677,11.403501,Sentence,1
7.3938518,14.070957,Sentence,2
7.3461676,13.153702,Sentence,2
9.065695,14.318213,Sentence,2
9.398544,12.285554,Sentence,2
8.878325,11.227649,Sentence,0
10.3443985,11.783494,Sentence,1
9.75776,13.887391,Sentence,2
8.128571,9.547668,Sentence,1
9.545747,14.365831,Sentence,2
12.424953,10.402551,Sentence,1
8.761152,11.91698,Sentence,1
11.905159,7.1660814,Sentence,1
8.64206,12.276962,Sentence,2
7.666774,13.441251,Sentence,2
10.58706,10.870971,Sentence,3
12.459158,10.326855,Sentence,3
7.517778,9.602987,Sentence,0
12.5744095,11.836812,Sentence,3
7.9921575,11.408431,Sentence,0
7.1814923,12.510692,Sentence,0
8.811493,10.328935,Sentence,1
7.5785637,13.754417,Sentence,2
10.867878,7.739698,Sentence,1
10.675086,12.108475,Sentence,2
8.277531,11.554129,Sentence,0
7.4889936,13.834266,Sentence,2
8.5147915,12.993258,Sentence,2
13.553678,-2.9280636,Sentence,3
7.5085416,9.696269,Sentence,1
9.614548,14.123256,Sentence,2
9.898278,7.2689486,Sentence,1
9.174232,15.002478,Sentence,2
7.9424286,13.686014,Sentence,2
7.38733,13.398897,Sentence,2
10.333969,11.647939,Sentence,1
7.2598057,12.990318,Sentence,0
8.985302,14.317159,Sentence,2
7.865376,13.391572,Sentence,2
8.679854,11.199635,Sentence,0
8.689544,13.949698,Sentence,2
9.440027,15.086206,Sentence,2
8.516789,12.446784,Sentence,0
7.92457,13.107988,Sentence,2
9.232428,12.500886,Sentence,1
8.613174,12.941944,Sentence,2
7.7706394,9.58409,Sentence,0
8.142762,10.919175,Sentence,0
12.288358,10.516131,Sentence,3
9.394745,14.290258,Sentence,2
7.766258,12.124782,Sentence,0
7.7984395,10.091462,Sentence,1
8.712868,14.223408,Sentence,2
7.4618173,12.282059,Sentence,0
9.607464,13.661436,Sentence,2
6.885263,11.012122,Sentence,0
10.276751,12.863619,Sentence,2
9.089566,12.203978,Sentence,2
10.350792,13.388563,Sentence,3
7.904854,12.868185,Sentence,0
10.179715,10.787971,Sentence,1
9.3509035,11.867987,Sentence,2
7.3863273,11.9634695,Sentence,0
7.594078,9.940104,Sentence,0
9.177068,12.443222,Sentence,1
7.825125,12.561984,Sentence,0
7.8494253,9.568801,Sentence,1
11.475148,11.730376,Sentence,1
4.2934504,4.584498,Sentence,1
10.891939,12.1688795,Sentence,2
8.688453,9.615513,Sentence,0
7.926792,11.043243,Sentence,0
9.440066,13.584157,Sentence,0
7.6643615,9.669191,Sentence,0
7.0599113,12.924278,Sentence,0
11.629385,12.313772,Sentence,1
7.9854827,10.945082,Sentence,0
7.712791,12.12494,Sentence,0
7.531696,23.82219,Sentence,1
7.71892,12.908707,Sentence,2
7.7409697,12.88799,Sentence,0
13.972662,11.337767,Sentence,3
11.1582365,7.045541,Sentence,1
7.9078927,13.110157,Sentence,2
10.229332,14.047053,Sentence,2
8.14945,14.165042,Sentence,2
8.253917,13.311586,Sentence,2
7.629322,13.958162,Sentence,2
10.455489,12.846694,Sentence,3
7.2631865,14.420861,Sentence,2
10.900904,11.348306,Sentence,1
9.83181,14.398331,Sentence,2
11.7600155,11.899706,Sentence,3
12.360567,10.622263,Sentence,2
11.074513,8.069314,Sentence,1
10.510706,7.7536807,Sentence,1
8.027727,14.200723,Sentence,2
10.8301525,11.923246,Sentence,3
8.987566,10.9882,Sentence,0
8.340076,12.488678,Sentence,2
7.1594124,12.004383,Sentence,0
8.746737,12.260988,Sentence,1
7.3088017,11.7342005,Sentence,0
9.319817,11.516705,Sentence,1
8.573817,14.569806,Sentence,2
9.19305,11.119657,Sentence,0
9.090312,12.635379,Sentence,2
8.131411,13.471442,Sentence,2
7.735319,12.817261,Sentence,0
7.656767,10.48313,Sentence,0
9.406673,10.003494,Sentence,1
10.60209,12.857757,Sentence,2
11.480055,12.393134,Sentence,3
9.75654,9.856865,Sentence,1
10.416087,11.196118,Sentence,3
9.3180275,12.313452,Sentence,2
9.163799,13.682684,Sentence,2
11.33374,12.2661085,Sentence,3
7.307435,12.325422,Sentence,0
9.297835,13.725221,Sentence,3
8.056116,11.9377,Sentence,0
8.442133,12.171249,Sentence,1
8.383132,9.518902,Sentence,1
7.3417006,12.955882,Sentence,0
8.829011,11.557871,Sentence,0
7.6755133,10.662824,Sentence,0
7.9635205,11.5701065,Sentence,0
9.058403,12.991744,Sentence,2
8.024625,14.469113,Sentence,2
9.18416,10.839851,Sentence,1
10.740953,11.806562,Sentence,1
8.893164,14.337835,Sentence,2
12.785479,10.514634,Sentence,3
7.864309,12.798601,Sentence,0
7.7744102,13.429831,Sentence,2
12.378547,10.612699,Sentence,3
7.4670672,11.3986225,Sentence,0
8.041087,13.45429,Sentence,2
9.035698,13.59635,Sentence,2
8.421995,13.511155,Sentence,2
8.363687,12.443754,Sentence,0
12.747045,10.494793,Sentence,3
9.146911,13.009392,Sentence,2
6.3953214,13.597469,Sentence,1
9.1580715,14.601737,Sentence,2
9.104646,15.043899,Sentence,0
9.317883,15.168434,Sentence,2
9.143547,13.728376,Sentence,2
11.148164,6.8656316,Sentence,1
10.821296,13.794358,Sentence,2
9.307513,12.199723,Sentence,1
8.980796,12.953425,Sentence,2
8.352351,12.326354,Sentence,0
10.378345,12.789457,Sentence,1
11.868087,12.388018,Sentence,1
8.710554,12.439061,Sentence,2
11.681011,10.818136,Sentence,1
7.419536,11.744228,Sentence,0
8.986096,13.277624,Sentence,2
8.19961,10.868,Sentence,0
10.167863,10.031164,Sentence,1
7.5523186,10.268354,Sentence,0
8.999464,13.872982,Sentence,1
8.726789,11.506896,Sentence,1
8.565574,12.539414,Sentence,2
8.972262,14.108792,Sentence,0
8.128631,11.810154,Sentence,0
7.8691187,14.354428,Sentence,2
8.445643,10.18195,Sentence,0
7.2613688,13.522423,Sentence,2
7.4113,14.43331,Sentence,2
8.195795,11.946832,Sentence,0
10.911532,10.585798,Sentence,1
7.2197065,14.150514,Sentence,2
8.04525,14.423877,Sentence,2
8.190089,14.060251,Sentence,2
6.7406564,13.440758,Sentence,0
8.982226,13.199834,Sentence,2
12.054317,10.455174,Sentence,3
8.686302,14.117624,Sentence,2
8.0336485,13.311324,Sentence,2
7.835492,11.059932,Sentence,0
13.159815,12.50976,Sentence,3
9.950017,14.81466,Sentence,0
8.78549,12.601064,Sentence,1
8.700266,12.42043,Sentence,1
16.307888,9.633828,Sentence,3
9.493389,14.876462,Sentence,2
10.974089,11.4653635,Sentence,3
7.5799685,14.201195,Sentence,2
7.61337,12.048464,Sentence,0
8.779178,9.436838,Sentence,1
7.4599953,9.350649,Sentence,1
10.38618,14.56791,Sentence,3
7.779506,12.078362,Sentence,0
7.4149914,12.036861,Sentence,0
9.067762,11.481921,Sentence,1
10.03841,9.502623,Sentence,3
7.057449,12.32877,Sentence,0
8.628245,14.63214,Sentence,1
7.7813125,11.173467,Sentence,0
11.088431,11.688845,Sentence,2
7.897988,11.578708,Sentence,0
8.393537,13.104163,Sentence,2
9.699508,13.330682,Sentence,2
7.6030083,9.7903185,Sentence,0
7.5976863,13.383472,Sentence,2
11.160562,12.524989,Sentence,3
8.836606,12.758769,Sentence,1
9.511727,12.384432,Sentence,1
7.56139,13.234783,Sentence,2
8.983618,15.413288,Sentence,2
8.248948,12.892494,Sentence,2
11.486659,12.039486,Sentence,2
7.9057193,11.540185,Sentence,0
8.668969,13.4544,Sentence,2
9.79294,13.690691,Sentence,2
8.140212,14.274427,Sentence,2
7.8167596,9.99508,Sentence,0
8.268571,13.865988,Sentence,2
7.8006606,13.802378,Sentence,2
7.4766555,11.526388,Sentence,0
10.692589,14.272732,Sentence,2
9.934436,11.395034,Sentence,1
11.316743,7.8474545,Sentence,1
7.638038,9.891246,Sentence,0
11.8955,11.587055,Sentence,3
7.678717,13.870181,Sentence,2
7.739327,13.1882515,Sentence,0
7.358472,13.327826,Sentence,2
9.930322,13.2226305,Sentence,2
7.2331095,12.028214,Sentence,0
9.174867,12.827414,Sentence,2
8.425432,9.104201,Sentence,1
8.544025,14.361829,Sentence,2
8.936337,12.414009,Sentence,2
7.209621,13.747778,Sentence,2
7.883843,12.144767,Sentence,0
8.091004,12.949811,Sentence,1
8.249698,12.702093,Sentence,0
7.711877,13.929344,Sentence,2
8.412117,12.563873,Sentence,0
11.23973,10.918907,Sentence,1
10.225714,9.562567,Sentence,1
8.1102,12.746843,Sentence,0
7.959136,12.941523,Sentence,0
10.182296,15.235876,Sentence,3
8.720519,14.197023,Sentence,2
7.2504773,14.370737,Sentence,2
7.230066,11.671425,Sentence,0
7.4730873,10.039651,Sentence,0
9.376661,10.432203,Sentence,1
11.230242,14.615457,Sentence,3
9.655862,13.154265,Sentence,2
7.600581,9.80863,Sentence,0
9.842914,14.208811,Sentence,2
8.026915,14.10634,Sentence,2
7.488156,10.125914,Sentence,0
7.5765324,13.416936,Sentence,2
10.46598,14.968868,Sentence,2
6.8891172,21.037165,Sentence,1
9.634724,13.080847,Sentence,2
12.033295,11.958973,Sentence,3
7.2963605,11.922287,Sentence,0
9.924032,7.320181,Sentence,1
9.469834,11.4246435,Sentence,2
9.11886,15.332602,Sentence,3
9.330944,14.596333,Sentence,2
7.3965282,13.257659,Sentence,2
7.7433124,11.968238,Sentence,0
8.22112,14.494687,Sentence,2
5.7328997,5.5109377,Sentence,1
9.166707,12.687396,Sentence,2
8.296708,13.2338085,Sentence,2
7.659764,13.887363,Sentence,2
7.499071,13.287934,Sentence,0
8.92257,12.600176,Sentence,1
7.8279047,10.392705,Sentence,0
9.026678,13.575254,Sentence,2
11.197464,11.893037,Sentence,3
8.318314,9.103144,Sentence,1
9.421697,11.069393,Sentence,1
7.5576606,10.739029,Sentence,0
8.786852,14.417307,Sentence,0
17.25432,11.110153,Sentence,3
7.347935,11.015853,Sentence,0
7.4538293,13.9024315,Sentence,2
7.6371984,10.279218,Sentence,0
9.685912,11.921976,Sentence,1
8.376797,12.795668,Sentence,0
8.486284,13.168583,Sentence,2
12.333911,11.771799,Sentence,3
7.2797647,10.884678,Sentence,0
7.4678965,10.958256,Sentence,0
11.028255,12.83972,Sentence,2
8.645388,14.270675,Sentence,2
11.996467,12.375393,Sentence,3
9.481719,13.177908,Sentence,2
9.027057,11.879114,Sentence,1
11.142189,10.449101,Sentence,1
8.289162,11.52141,Sentence,0
9.832977,14.664211,Sentence,2
9.543649,14.427057,Sentence,0
8.093365,13.595541,Sentence,2
10.64686,13.137847,Sentence,3
7.400774,13.262079,Sentence,2
7.8531046,14.242078,Sentence,2
8.37496,10.052808,Sentence,1
9.543241,13.249899,Sentence,1
9.250969,11.8373785,Sentence,0
8.896037,10.50245,Sentence,1
9.305703,10.037034,Sentence,1
8.725577,13.686303,Sentence,2
8.166236,12.073887,Sentence,0
8.849046,10.7544985,Sentence,1
10.121852,13.362031,Sentence,3
7.65556,14.235309,Sentence,2
9.194253,11.735971,Sentence,1
7.3587804,13.844142,Sentence,2
9.810765,10.814494,Sentence,1
7.48663,13.205155,Sentence,2
7.4717846,13.090894,Sentence,0
8.383321,13.925143,Sentence,2
6.9286766,13.522165,Sentence,2
7.5930963,11.9313,Sentence,0
7.3484116,12.255537,Sentence,0
8.421103,11.343922,Sentence,1
8.568749,14.024293,Sentence,2
9.991081,13.460323,Sentence,3
10.576486,11.220508,Sentence,1
8.800699,15.274873,Sentence,2
7.873292,13.901195,Sentence,2
7.731968,13.921625,Sentence,2
6.389455,13.6000395,Sentence,1
7.915237,13.981257,Sentence,2
8.182596,13.973259,Sentence,2
7.840601,8.667242,Sentence,1
8.75368,13.842652,Sentence,2
8.883167,13.096245,Sentence,2
8.037669,12.418662,Sentence,0
7.9475083,10.04018,Sentence,1
9.233315,14.399113,Sentence,2
12.222298,11.652354,Sentence,3
10.291264,12.799013,Sentence,2
8.715639,13.480122,Sentence,2
10.738174,12.407527,Sentence,1
7.652111,12.869335,Sentence,2
10.278452,11.146871,Sentence,3
9.573844,11.406044,Sentence,1
10.760687,9.899386,Sentence,1
12.095587,10.423846,Sentence,1
7.4861,11.285257,Sentence,0
8.868799,12.58452,Sentence,2
11.709018,10.529819,Sentence,1
7.6913285,12.61014,Sentence,2
7.709506,13.809789,Sentence,2
7.4352365,13.462196,Sentence,2
7.6351233,12.444503,Sentence,0
10.11,12.902811,Sentence,2
10.358078,8.235378,Sentence,1
8.664501,12.264529,Sentence,0
8.68167,14.230474,Sentence,2
7.5816894,11.078782,Sentence,0
10.307644,12.011414,Sentence,0
8.794563,13.75842,Sentence,2
7.702971,10.050278,Sentence,0
11.299491,12.137765,Sentence,2
9.920264,12.748396,Sentence,2
7.804785,13.3739,Sentence,2
9.189823,12.359052,Sentence,2
7.5307713,23.828024,Sentence,1
12.506454,11.737967,Sentence,3
12.584613,11.744122,Sentence,3
9.421088,15.511144,Sentence,1
7.8280697,11.422964,Sentence,0
8.227016,13.002218,Sentence,2
7.635251,13.381895,Sentence,2
11.592699,12.804929,Sentence,2
9.833364,12.393166,Sentence,3
12.493501,11.610575,Sentence,3
7.6357565,13.010415,Sentence,0
7.2649407,13.001664,Sentence,0
8.583144,14.728848,Sentence,2
7.5525703,13.258788,Sentence,2
7.6744714,13.285676,Sentence,2
10.383374,8.307298,Sentence,1
9.148727,15.044515,Sentence,2
7.3859277,14.497213,Sentence,2
8.675998,11.023503,Sentence,0
8.378546,12.091554,Sentence,0
8.10445,14.673207,Sentence,2
7.625832,13.994356,Sentence,2
7.3198547,12.447824,Sentence,0
7.8802066,13.674082,Sentence,2
10.656747,8.089131,Sentence,1
8.471378,14.082177,Sentence,2
7.912102,13.408067,Sentence,2
10.523671,11.301025,Sentence,1
6.514109,13.575149,Sentence,1
7.913022,12.628489,Sentence,0
8.771759,13.710203,Sentence,1
7.701246,12.137349,Sentence,0
8.339801,14.151729,Sentence,2
6.9521494,13.677946,Sentence,1
8.144926,12.160284,Sentence,1
7.7526436,11.899139,Sentence,0
7.5206695,12.090038,Sentence,0
8.7246,13.280711,Sentence,2
9.349673,14.626594,Sentence,2
8.338287,13.964938,Sentence,2
8.253737,11.644587,Sentence,0
10.891459,12.497762,Sentence,3
12.57982,11.613955,Sentence,3
7.9667573,13.197937,Sentence,0
7.614355,11.229626,Sentence,0
8.323984,13.8299,Sentence,2
12.4602165,11.798687,Sentence,3
10.180484,12.157027,Sentence,1
8.990811,13.248607,Sentence,0
7.7345214,12.173435,Sentence,0
4.2933607,4.5843635,Sentence,1
7.6936646,10.88889,Sentence,0
9.099337,15.189228,Sentence,0
7.586936,14.581446,Sentence,1
8.029508,10.841968,Sentence,0
8.756736,12.002369,Sentence,0
8.84246,14.250253,Sentence,2
11.585012,9.957807,Sentence,1
7.5733666,13.391999,Sentence,2
8.780325,13.526098,Sentence,2
10.002206,11.546207,Sentence,1
10.10317,13.303336,Sentence,2
9.705989,9.7641735,Sentence,1
7.206734,14.252298,Sentence,2
8.863484,15.234012,Sentence,1
9.044505,14.334994,Sentence,2
7.530136,23.832878,Sentence,1
12.6605425,10.308718,Sentence,3
8.235932,11.954082,Sentence,0
8.161724,12.2032,Sentence,0
10.359638,9.690744,Sentence,0
11.29877,10.265857,Sentence,3
8.469792,13.02377,Sentence,2
7.6677437,12.704708,Sentence,0
11.073823,15.622378,Sentence,3
7.122587,11.881385,Sentence,0
9.208424,15.401036,Sentence,2
12.597641,10.519338,Sentence,1
10.32357,14.735235,Sentence,3
8.690062,13.845106,Sentence,2
11.385561,10.602502,Sentence,1
8.259093,13.927011,Sentence,2
11.740883,10.312471,Sentence,1
8.3334875,12.888924,Sentence,2
8.262039,13.807428,Sentence,2
9.873417,13.858753,Sentence,2
9.3102665,13.344749,Sentence,2
7.791147,10.257255,Sentence,0
13.553659,-2.9265966,Sentence,3
6.4440136,13.595749,Sentence,1
7.8160343,13.08679,Sentence,2
8.32753,9.042012,Sentence,1
6.9740024,13.535158,Sentence,1
8.63743,13.9878025,Sentence,2
10.160235,14.343545,Sentence,3
7.771808,13.267865,Sentence,2
8.358985,11.234208,Sentence,0
9.185347,14.369873,Sentence,2
8.629249,13.683765,Sentence,2
7.860314,10.143389,Sentence,1
9.220418,12.189889,Sentence,1
10.262859,13.627447,Sentence,2
10.912369,11.476349,Sentence,2
10.011036,12.292247,Sentence,2
9.185442,14.46372,Sentence,2
9.550013,13.487036,Sentence,2
12.414151,11.4792185,Sentence,3
7.774369,11.212127,Sentence,0
7.3296237,14.452997,Sentence,2
9.458583,11.530895,Sentence,1
7.8021226,12.413861,Sentence,0
11.614377,10.7411375,Sentence,1
8.425632,11.930362,Sentence,0
7.9029937,13.515007,Sentence,2
8.109013,14.388426,Sentence,2
7.3316407,11.856507,Sentence,0
12.307821,11.768884,Sentence,3
7.792708,13.87137,Sentence,2
7.6081953,13.667137,Sentence,2
7.283395,12.616005,Sentence,0
11.936414,11.230467,Sentence,3
10.930624,12.43695,Sentence,1
8.712813,14.709789,Sentence,2
8.829106,13.798372,Sentence,1
10.305521,12.141736,Sentence,1
7.503622,14.5724125,Sentence,2
10.157251,12.416354,Sentence,3
8.029785,13.625678,Sentence,2
7.929784,9.946336,Sentence,1
8.147883,13.157332,Sentence,2
11.098055,6.916838,Sentence,1
7.3538218,14.4464655,Sentence,2
6.6838565,8.932263,Sentence,1
8.635123,13.140423,Sentence,2
10.173634,13.288919,Sentence,2
8.639182,15.0679455,Sentence,2
11.96009,10.291887,Sentence,3
8.365536,13.848557,Sentence,2
9.301762,12.992611,Sentence,2
7.6884003,11.528806,Sentence,0
12.7633,10.510097,Sentence,3
10.16011,11.71841,Sentence,1
10.794521,11.017588,Sentence,3
7.495248,13.380915,Sentence,2
8.398545,13.009888,Sentence,2
9.18929,11.355145,Sentence,1
7.092658,12.42839,Sentence,0
7.829229,12.723089,Sentence,0
7.244258,12.738231,Sentence,2
7.917162,12.853801,Sentence,2
10.690686,11.133699,Sentence,3
8.516658,12.977276,Sentence,2
8.526321,11.076988,Sentence,0
7.8920827,13.613108,Sentence,2
9.967331,11.888817,Sentence,1
8.578507,14.162715,Sentence,2
11.418506,11.265537,Sentence,1
8.426086,14.759154,Sentence,2
8.843877,13.059765,Sentence,2
7.953503,13.443004,Sentence,2
8.520481,11.213706,Sentence,0
8.499905,12.489525,Sentence,1
7.8706264,13.7708845,Sentence,2
7.255281,14.264954,Sentence,2
7.2940354,14.383528,Sentence,2
7.391526,12.891008,Sentence,0
10.033147,8.2964,Sentence,1
10.2582445,9.683385,Sentence,1
7.4656005,13.152226,Sentence,1
11.912368,7.1527104,Sentence,1
9.735231,13.192428,Sentence,1
7.738803,12.811231,Sentence,2
11.1719055,12.379346,Sentence,3
9.662219,12.997265,Sentence,2
8.02395,13.025884,Sentence,2
8.486343,13.95882,Sentence,2
8.737571,13.389932,Sentence,2
8.116163,10.855195,Sentence,0
11.951315,11.67154,Sentence,3
7.34754,14.062691,Sentence,2
9.276107,12.988841,Sentence,2
7.35384,13.183047,Sentence,2
8.790336,14.192474,Sentence,2
8.463221,14.198548,Sentence,2
11.037027,11.658705,Sentence,3
10.400415,14.982619,Sentence,2
10.12064,13.418915,Sentence,3
9.315598,13.721826,Sentence,2
7.7638907,8.579615,Sentence,1
7.5197625,11.333176,Sentence,0
8.283971,11.774378,Sentence,0
10.069253,13.161137,Sentence,0
9.028737,14.374109,Sentence,0
10.464266,9.548511,Sentence,0
11.629811,12.0262785,Sentence,3
8.909343,14.592295,Sentence,2
11.419295,12.344848,Sentence,1
7.9125814,13.351083,Sentence,2
9.672317,12.893611,Sentence,3
8.942281,15.143638,Sentence,2
12.095192,10.7445965,Sentence,3
8.024452,13.137476,Sentence,2
7.9378405,12.797098,Sentence,0
7.995253,14.454063,Sentence,2
12.107704,10.468741,Sentence,3
9.489381,14.104648,Sentence,0
7.2904434,12.402028,Sentence,0
8.633277,14.08751,Sentence,2
7.7776957,12.877887,Sentence,0
7.221334,8.502345,Sentence,3
7.1650076,14.41249,Sentence,2
8.057625,10.70035,Sentence,0
7.316233,13.0596695,Sentence,0
6.688233,8.93767,Sentence,1
8.473962,13.331326,Sentence,2
12.2991295,10.506877,Sentence,3
8.200162,13.648057,Sentence,2
9.714866,12.770343,Sentence,3
6.8889313,21.037704,Sentence,1
7.2550187,14.315743,Sentence,2
8.565595,14.979622,Sentence,3
9.467507,13.259937,Sentence,2
7.3987184,13.374412,Sentence,2
9.473124,14.786669,Sentence,2
7.8055043,9.917267,Sentence,0
12.313203,11.754073,Sentence,3
7.422437,10.374284,Sentence,0
8.258214,13.016474,Sentence,2
10.750483,11.794367,Sentence,1
7.772817,13.083143,Sentence,2
6.9847236,11.179971,Sentence,0
7.9429193,13.638275,Sentence,2
9.374181,11.05575,Sentence,1
8.619897,13.036337,Sentence,0
9.872796,12.041719,Sentence,1
8.007826,13.730818,Sentence,2
11.555685,12.310843,Sentence,1
7.23491,14.469128,Sentence,2
9.808181,11.949776,Sentence,3
10.621059,7.496362,Sentence,1
9.50481,14.2453,Sentence,2
9.367377,12.8439665,Sentence,1
10.178329,11.002141,Sentence,1
10.614994,10.027217,Sentence,0
7.921437,12.764255,Sentence,0
9.355993,14.29486,Sentence,2
8.56655,14.968329,Sentence,0
8.504411,13.752579,Sentence,2
10.291529,14.544398,Sentence,3
7.85332,14.076773,Sentence,2
7.5190926,12.790806,Sentence,0
8.0274935,14.028282,Sentence,2
12.171496,10.681328,Sentence,3
9.802655,11.710259,Sentence,1
9.56469,11.286452,Sentence,1
11.427547,11.152279,Sentence,1
9.08291,10.926483,Sentence,0
7.1610656,12.401903,Sentence,0
8.510113,15.0303955,Sentence,2
9.648862,15.017888,Sentence,2
11.958721,11.532688,Sentence,3
8.654319,12.712569,Sentence,1
8.2215605,14.033822,Sentence,2
8.052911,12.792144,Sentence,0
7.5771427,12.257275,Sentence,0
8.184508,12.458069,Sentence,0
8.145225,13.689086,Sentence,2
7.829262,11.597433,Sentence,0
10.333894,15.234691,Sentence,1
7.967892,11.028416,Sentence,0
8.164831,14.013679,Sentence,2
9.206483,12.814071,Sentence,2
8.74018,12.2032385,Sentence,1
7.7623153,11.646684,Sentence,0
11.9534855,11.732835,Sentence,3
8.767292,12.473685,Sentence,2
7.414567,12.64644,Sentence,1
7.844064,12.951791,Sentence,2
12.207043,8.595536,Sentence,1
9.394866,14.617895,Sentence,2
9.647627,15.456997,Sentence,0
11.251879,13.086822,Sentence,3
7.628025,9.41413,Sentence,1
7.988984,12.886275,Sentence,2
11.722658,12.733399,Sentence,1
8.338484,14.298769,Sentence,2
10.967753,11.030363,Sentence,3
8.398146,9.475083,Sentence,1
8.945088,10.443184,Sentence,1
11.010385,11.510427,Sentence,1
9.063242,13.147966,Sentence,2
9.189419,10.690746,Sentence,0
8.300927,15.256324,Sentence,1
11.575679,13.307982,Sentence,3
11.18605,12.433192,Sentence,2
8.539751,12.709602,Sentence,2
7.64797,13.496898,Sentence,2
9.294152,14.062427,Sentence,2
7.3266644,12.580713,Sentence,0
7.93337,12.876495,Sentence,0
7.4206977,11.72585,Sentence,0
7.1371274,12.516063,Sentence,0
7.741015,11.790789,Sentence,0
7.5235763,12.862794,Sentence,2
8.066517,13.364128,Sentence,2
9.421772,14.6238,Sentence,0
10.44434,8.347008,Sentence,1
12.429584,11.808764,Sentence,3
7.613095,13.238675,Sentence,2
8.227334,12.899897,Sentence,0
7.901095,11.093322,Sentence,0
8.697276,13.608508,Sentence,0
7.464339,13.756366,Sentence,2
7.4336057,12.948453,Sentence,0
10.578376,11.020084,Sentence,3
7.5042744,14.279387,Sentence,2
10.097811,13.779391,Sentence,2
10.065531,13.681504,Sentence,2
8.427194,13.166912,Sentence,2
8.344245,13.442868,Sentence,2
7.771579,11.421086,Sentence,0
8.404652,7.9954996,Sentence,3
9.251492,13.6862545,Sentence,2
8.433799,13.0509405,Sentence,2
11.512712,11.449593,Sentence,1
7.77544,12.991413,Sentence,0
8.21916,13.683729,Sentence,2
10.067586,12.896897,Sentence,2
8.482525,13.33138,Sentence,2
7.4233975,11.303517,Sentence,0
7.5936093,13.722895,Sentence,2
10.280922,11.462117,Sentence,1
9.10604,13.300959,Sentence,2
8.486339,11.961354,Sentence,0
8.622712,12.75247,Sentence,2
8.701911,15.205414,Sentence,2
10.281562,13.944452,Sentence,2
7.649082,14.001376,Sentence,2
12.087708,11.401755,Sentence,3
9.882408,14.705472,Sentence,3
11.895605,11.821043,Sentence,3
10.34354,8.178836,Sentence,1
7.6138325,12.163613,Sentence,0
7.990956,11.271827,Sentence,0
8.08077,10.749613,Sentence,0
10.6116705,11.775414,Sentence,3
9.260507,15.107351,Sentence,1
9.464152,14.159068,Sentence,2
11.310405,12.484279,Sentence,1
8.378101,13.9548855,Sentence,2
16.308006,9.633753,Sentence,3
11.908765,10.788255,Sentence,3
7.8215723,14.526416,Sentence,2
11.482808,11.412925,Sentence,3
7.412999,14.481118,Sentence,2
9.157524,13.930046,Sentence,0
7.4291134,14.13927,Sentence,2
8.426809,13.551938,Sentence,0
8.417348,11.5137415,Sentence,0
8.556321,14.085085,Sentence,2
8.993163,13.806366,Sentence,2
6.7227683,13.615949,Sentence,1
8.828039,13.59508,Sentence,2
9.328789,12.557557,Sentence,2
10.740052,11.533897,Sentence,3
11.586466,11.434817,Sentence,3
8.238801,13.714771,Sentence,2
7.913331,14.220411,Sentence,2
7.2911944,12.577621,Sentence,0
7.9430633,12.022144,Sentence,0
8.127305,14.755341,Sentence,2
12.050521,10.299228,Sentence,3
11.669581,14.370125,Sentence,1
10.43694,12.419538,Sentence,2
9.4516535,13.596197,Sentence,2
11.145039,10.092335,Sentence,1
9.737858,15.704667,Sentence,3
10.398703,15.271292,Sentence,3
8.441761,12.077185,Sentence,2
7.703854,12.544327,Sentence,2
8.234404,13.802664,Sentence,2
7.279826,14.091865,Sentence,2
7.339077,12.706433,Sentence,0
13.554825,-2.9250958,Sentence,3
7.504809,13.978426,Sentence,2
7.575445,13.174297,Sentence,2
8.781512,14.600735,Sentence,2
7.942825,12.590878,Sentence,2
8.416124,11.772176,Sentence,0
12.510114,11.7039795,Sentence,3
8.2187805,11.912141,Sentence,0
8.73415,14.193679,Sentence,2
9.529311,13.023975,Sentence,2
9.75708,13.230324,Sentence,2
10.855004,13.06629,Sentence,2
9.181494,10.734854,Sentence,1
6.7294927,13.587028,Sentence,2
7.5834394,13.818074,Sentence,2
8.083711,8.444871,Sentence,1
7.5493636,11.673039,Sentence,0
7.821691,9.8955555,Sentence,1
7.770461,13.568413,Sentence,2
12.227013,12.031408,Sentence,3
8.667174,12.490931,Sentence,0
8.9815235,13.981317,Sentence,2
9.181982,15.061025,Sentence,2
11.418106,8.492727,Sentence,1
9.110566,14.641206,Sentence,0
7.087859,12.125007,Sentence,0
9.889219,9.900854,Sentence,1
12.099943,11.381454,Sentence,3
12.770342,10.501045,Sentence,3
7.6842136,13.37866,Sentence,2
10.4733715,19.99853,Sentence,1
10.411939,15.105562,Sentence,3
7.8989897,9.960328,Sentence,1
9.427508,14.370535,Sentence,2
11.912565,11.398796,Sentence,3
7.9970922,9.441393,Sentence,1
8.284003,12.878483,Sentence,2
7.298651,14.473427,Sentence,2
8.251277,13.133011,Sentence,2
8.3137665,8.863551,Sentence,1
9.844432,14.9872055,Sentence,2
4.2933064,4.584297,Sentence,1
7.2369184,12.01206,Sentence,0
8.987318,12.272667,Sentence,1
11.465095,11.332174,Sentence,3
11.606457,10.141957,Sentence,1
8.766312,10.248244,Sentence,1
7.769908,9.555387,Sentence,1
8.559527,14.721478,Sentence,2
12.207244,10.924073,Sentence,1
8.195889,14.0893345,Sentence,2
9.76048,12.177306,Sentence,2
9.819764,13.425374,Sentence,1
8.094591,13.008471,Sentence,2
6.513017,13.609088,Sentence,0
6.559773,13.619394,Sentence,2
7.606257,10.65262,Sentence,0
9.007769,14.314692,Sentence,2
11.666591,10.645436,Sentence,3
9.5735235,15.240526,Sentence,2
9.255788,14.417672,Sentence,2
10.592784,12.573858,Sentence,1
7.9065104,11.877257,Sentence,0
7.693415,14.387856,Sentence,2
7.7360177,13.355345,Sentence,2
9.897813,13.169352,Sentence,1
7.4771056,14.398323,Sentence,2
10.226503,11.795,Sentence,1
8.60143,10.028276,Sentence,1
6.4178596,13.593331,Sentence,1
9.620387,10.898153,Sentence,1
8.365988,13.566253,Sentence,2
7.8517594,10.632727,Sentence,0
9.135889,15.028119,Sentence,0
7.36371,10.420423,Sentence,0
11.612,11.932127,Sentence,3
10.413924,11.911859,Sentence,2
7.3968267,11.023537,Sentence,0
8.826769,14.205705,Sentence,2
10.686798,13.052,Sentence,2
8.610783,13.665831,Sentence,2
11.149367,12.211773,Sentence,1
8.864377,12.781488,Sentence,1
10.466565,8.3880415,Sentence,1
6.482763,13.599717,Sentence,1
9.117821,11.988187,Sentence,1
8.136849,10.654183,Sentence,1
7.331563,13.005048,Sentence,0
17.254541,11.11007,Sentence,3
8.028255,12.141369,Sentence,0
7.8455987,12.118434,Sentence,0
10.177706,11.717168,Sentence,2
7.881341,8.560167,Sentence,1
8.217818,13.662113,Sentence,2
7.7573133,12.911312,Sentence,2
12.05859,11.179342,Sentence,3
10.244379,14.008687,Sentence,3
10.921868,10.293996,Sentence,1
9.486575,15.153654,Sentence,2
8.109655,13.251025,Sentence,2
9.30965,14.889603,Sentence,2
8.734328,12.1411705,Sentence,1
11.101561,11.476603,Sentence,3
10.303995,11.393012,Sentence,1
7.4315553,9.878495,Sentence,0
8.225655,12.101062,Sentence,1
10.001076,11.904257,Sentence,3
8.394888,12.4502535,Sentence,0
9.349169,12.705125,Sentence,2
7.39377,14.496093,Sentence,1
9.718527,14.688049,Sentence,2
7.8803735,11.744865,Sentence,0
7.053418,13.771869,Sentence,1
8.059955,13.710459,Sentence,2
10.550745,13.13565,Sentence,0
8.366258,11.560688,Sentence,0
10.966871,11.637947,Sentence,1
7.3708687,13.224776,Sentence,2
8.593378,12.367476,Sentence,1
8.623373,14.8311205,Sentence,2
8.027823,12.898813,Sentence,0
9.481138,13.032613,Sentence,2
7.9972644,11.554549,Sentence,0
8.9919815,14.278386,Sentence,2
9.439788,13.379864,Sentence,2
7.9064145,13.791708,Sentence,2
7.7213807,9.710938,Sentence,0
10.562332,14.303638,Sentence,2
7.201836,14.241368,Sentence,1
8.2400255,14.286961,Sentence,2
11.623508,10.632601,Sentence,3
9.148995,13.499686,Sentence,0
8.555194,7.964284,Sentence,3
7.2798657,13.91686,Sentence,2
12.2741995,10.429224,Sentence,1
8.850599,12.894555,Sentence,2
11.645052,10.870285,Sentence,3
12.222662,11.2669525,Sentence,3
9.480302,15.22139,Sentence,2
8.041329,13.422987,Sentence,2
13.169467,12.513641,Sentence,3
9.33948,11.253755,Sentence,0
11.493202,10.57187,Sentence,3
7.1845164,13.296462,Sentence,2
10.912542,7.181826,Sentence,1
7.2055774,12.625503,Sentence,0
7.9925785,14.430224,Sentence,2
7.69749,13.173287,Sentence,2
8.505732,11.227274,Sentence,0
8.913326,11.733749,Sentence,0
12.499475,10.479733,Sentence,3
7.5540295,13.251255,Sentence,2
9.078334,13.0669,Sentence,2
7.5083203,14.167393,Sentence,2
11.959178,11.4391985,Sentence,1
8.175646,13.072473,Sentence,2
8.296931,9.839531,Sentence,1
6.9870176,11.922527,Sentence,0
7.428858,12.34169,Sentence,0
8.684717,13.588578,Sentence,2
7.5319495,23.821018,Sentence,1
10.187855,11.265859,Sentence,1
8.443761,9.753643,Sentence,1
13.554529,-2.925347,Sentence,3
7.8366675,9.849939,Sentence,0
7.829791,13.597484,Sentence,2
7.525722,13.757232,Sentence,2
8.105371,12.681553,Sentence,0
8.328607,9.98782,Sentence,1
8.632829,11.7696495,Sentence,0
7.821976,11.183028,Sentence,0
8.107811,13.297415,Sentence,2
7.9752474,12.933604,Sentence,0
10.064349,9.715943,Sentence,1
8.045196,12.242132,Sentence,0
9.852965,14.605503,Sentence,0
8.391829,13.763607,Sentence,2
10.527922,15.09147,Sentence,3
7.7572412,13.254982,Sentence,2
7.329055,13.470308,Sentence,2
10.576389,12.073343,Sentence,1
7.2530394,13.105817,Sentence,0
12.16215,11.740861,Sentence,3
10.515189,12.368706,Sentence,1
12.121617,11.602513,Sentence,2
9.558109,13.865411,Sentence,2
7.7609925,13.406768,Sentence,2
7.8844886,12.516293,Sentence,0
7.1236467,12.602588,Sentence,0
9.326113,14.661082,Sentence,2
7.928878,13.672539,Sentence,2
7.428826,12.060252,Sentence,0
11.434,10.789688,Sentence,3
7.320223,12.839943,Sentence,0
7.772835,14.58338,Sentence,2
6.376348,13.599466,Sentence,1
10.231629,10.99212,Sentence,1
10.749274,11.168234,Sentence,3
11.64967,10.17493,Sentence,1
7.225932,13.978259,Sentence,2
12.802345,8.148201,Sentence,1
8.345297,11.261013,Sentence,0
11.773946,12.481488,Sentence,1
10.372854,11.427576,Sentence,1
7.3922243,12.707623,Sentence,0
7.9603066,13.538914,Sentence,2
8.015365,10.132433,Sentence,0
10.238544,11.765538,Sentence,1
12.074665,11.474926,Sentence,3
10.845581,12.1743555,Sentence,2
9.044005,12.497848,Sentence,2
10.927076,12.702974,Sentence,2
7.2730417,10.919304,Sentence,0
8.415456,8.004891,Sentence,3
8.225145,9.737643,Sentence,1
10.423987,8.073322,Sentence,1
9.900849,7.2701235,Sentence,1
7.5992303,11.105732,Sentence,0
8.157396,9.802557,Sentence,1
9.604102,13.420401,Sentence,2
12.797874,8.159142,Sentence,1
9.304976,11.782826,Sentence,2
8.0223465,10.326677,Sentence,0
10.305558,11.173977,Sentence,1
8.122773,12.809044,Sentence,2
9.174463,14.131019,Sentence,0
7.334376,14.221238,Sentence,2
7.372689,13.35025,Sentence,0
7.4316278,12.46007,Sentence,0
7.4821897,14.0524435,Sentence,1
11.352002,10.2715645,Sentence,3
10.007186,13.804644,Sentence,2
9.238555,12.225985,Sentence,2
8.425339,13.299034,Sentence,0
9.652782,15.252232,Sentence,3
9.332391,14.317105,Sentence,2
10.3077,11.242741,Sentence,0
9.872474,14.501207,Sentence,2
10.400124,12.721026,Sentence,2
10.154823,9.831821,Sentence,1
7.8206835,11.275971,Sentence,1
8.444752,12.940195,Sentence,2
9.4526,12.041788,Sentence,0
17.25474,11.110019,Sentence,3
8.937381,9.691593,Sentence,1
7.183821,12.501424,Sentence,0
8.105537,11.110006,Sentence,0
9.32118,11.943731,Sentence,2
10.667756,12.345318,Sentence,2
8.266064,12.871579,Sentence,2
8.905233,14.426183,Sentence,2
9.63478,11.662957,Sentence,1
7.7735825,14.3345995,Sentence,2
11.153286,10.916365,Sentence,2
7.9756327,13.726323,Sentence,2
7.5478992,12.453265,Sentence,0
9.992747,11.846663,Sentence,3
9.5170555,11.985379,Sentence,2
9.951782,11.790525,Sentence,2
7.3023977,12.672585,Sentence,0
8.989577,12.172901,Sentence,1
8.073468,11.637422,Sentence,0
8.462199,8.174042,Sentence,3
8.3867035,14.127675,Sentence,2
7.890281,13.952244,Sentence,3
11.497401,11.890766,Sentence,3
8.743871,13.094613,Sentence,2
8.998418,11.36198,Sentence,1
8.226833,11.0608225,Sentence,0
9.963304,15.679701,Sentence,3
8.749142,13.367153,Sentence,2
7.959123,13.326655,Sentence,2
11.59063,13.699143,Sentence,1
11.675308,13.899825,Sentence,1
11.487842,10.171643,Sentence,1
9.587638,13.193416,Sentence,2
9.105773,13.626947,Sentence,2
9.233196,12.99444,Sentence,1
8.799513,14.263404,Sentence,2
8.789964,14.62214,Sentence,0
7.763992,11.179701,Sentence,0
9.366287,14.418012,Sentence,2
9.738845,14.703037,Sentence,3
7.867625,14.377126,Sentence,2
11.395189,8.490319,Sentence,1
6.627438,13.615236,Sentence,1
7.5320616,23.820591,Sentence,1
7.766344,13.397607,Sentence,2
10.420574,11.742743,Sentence,1
11.162034,7.963267,Sentence,1
7.4381638,13.276961,Sentence,0
9.138241,12.208368,Sentence,2
7.704549,12.876706,Sentence,2
7.7910604,13.7215185,Sentence,2
9.476174,14.87963,Sentence,2
9.329908,12.704399,Sentence,1
9.683267,14.895178,Sentence,1
8.431483,14.420001,Sentence,2
7.6749616,14.004463,Sentence,2
10.561995,11.7904415,Sentence,1
7.972022,12.142923,Sentence,0
9.886583,15.035085,Sentence,3
7.9818606,8.453991,Sentence,1
7.5668597,13.06912,Sentence,2
8.084974,13.346506,Sentence,2
8.403759,10.858862,Sentence,0
7.782882,13.476737,Sentence,2
9.257778,13.467868,Sentence,2
10.007283,11.8770895,Sentence,1
7.8814144,9.527919,Sentence,0
7.501245,11.958071,Sentence,0
9.581158,11.479312,Sentence,1
8.814103,13.7461195,Sentence,2
8.23407,11.943545,Sentence,0
8.512391,14.216494,Sentence,2
8.306219,11.385907,Sentence,0
9.895311,7.293695,Sentence,0
7.905161,12.700277,Sentence,0
6.765033,13.667711,Sentence,1
7.5742106,13.234031,Sentence,2
7.5744443,11.154858,Sentence,0
10.195425,13.708969,Sentence,2
7.938555,14.867648,Sentence,3
8.774272,12.633392,Sentence,0
14.525869,8.038455,Sentence,1
9.728508,12.302876,Sentence,1
10.687661,14.105955,Sentence,1
9.903009,11.508948,Sentence,1
7.4856997,13.697456,Sentence,2
7.4278045,10.01033,Sentence,0
12.445522,11.765422,Sentence,3
7.1412244,12.91981,Sentence,0
8.957604,12.065876,Sentence,1
7.8496637,13.903407,Sentence,2
10.573563,8.312008,Sentence,1
8.383914,13.519716,Sentence,2
11.911584,7.159584,Sentence,1
12.008263,10.543805,Sentence,1
9.174888,14.564466,Sentence,2
7.3746877,11.02201,Sentence,0
7.2026715,13.999245,Sentence,2
7.8986225,9.813254,Sentence,1
9.794631,12.683014,Sentence,2
7.100383,13.663612,Sentence,2
10.76607,12.193882,Sentence,2
12.202965,10.740468,Sentence,3
10.150402,8.058847,Sentence,1
9.354697,14.693325,Sentence,2
9.030631,14.882585,Sentence,2
7.3284802,13.143766,Sentence,2
10.54393,9.034193,Sentence,1
11.356772,13.451254,Sentence,3
6.4144597,13.590638,Sentence,1
8.2140665,14.023181,Sentence,2
9.071145,12.285523,Sentence,2
7.16938,14.140303,Sentence,2
9.293539,11.168781,Sentence,1
9.284184,13.403087,Sentence,2
7.98713,12.629617,Sentence,2
8.265674,13.479574,Sentence,2
10.689171,13.947279,Sentence,2
7.317274,11.2174635,Sentence,0
8.184874,13.926327,Sentence,2
7.117267,11.361722,Sentence,0
12.782088,8.948377,Sentence,1
7.243241,12.045621,Sentence,0
8.538297,8.115566,Sentence,3
11.050626,11.71726,Sentence,1
8.848619,12.617222,Sentence,2
7.4689374,11.58802,Sentence,1
7.7599015,11.268797,Sentence,0
10.661217,11.230426,Sentence,1
7.786862,9.58804,Sentence,1
9.038451,13.451684,Sentence,0
8.965519,14.528958,Sentence,2
10.945029,11.351724,Sentence,3
7.970059,14.504561,Sentence,2
8.951161,11.814141,Sentence,1
7.438886,12.091595,Sentence,0
8.164452,13.947944,Sentence,2
7.857814,11.024332,Sentence,0
10.337539,8.033336,Sentence,1
8.992589,11.386235,Sentence,0
7.2679644,12.49411,Sentence,0
7.3703036,13.720384,Sentence,2
12.50422,10.541488,Sentence,3
13.165306,12.508333,Sentence,3
12.04758,10.166607,Sentence,3
8.559319,13.997618,Sentence,2
9.593417,14.594561,Sentence,2
7.422549,12.056557,Sentence,0
7.4035788,11.823746,Sentence,0
7.7359104,13.481408,Sentence,2
10.167047,11.507607,Sentence,3
7.706785,12.459406,Sentence,0
9.7969885,12.852847,Sentence,2
8.860297,12.802995,Sentence,2
8.48285,14.50844,Sentence,2
7.6507816,13.680012,Sentence,2
7.907618,12.484212,Sentence,2
8.345604,13.244931,Sentence,2
7.7678814,12.555419,Sentence,2
8.05795,12.763059,Sentence,0
7.3854775,14.148895,Sentence,2
16.308294,9.633677,Sentence,3
8.474236,13.949987,Sentence,2
11.96701,11.714489,Sentence,3
8.851099,14.378868,Sentence,2
7.7792177,11.391779,Sentence,0
7.703791,12.723338,Sentence,0
7.9797406,9.384624,Sentence,1
9.776394,11.524599,Sentence,3
8.397481,13.806002,Sentence,2
7.4854794,10.692305,Sentence,0
8.093103,13.784449,Sentence,2
9.117361,13.251092,Sentence,2
9.534442,14.538415,Sentence,2
7.091443,12.884617,Sentence,0
7.5183144,8.688902,Sentence,1
9.674165,14.521333,Sentence,2
9.65177,13.035177,Sentence,2
11.906044,11.136327,Sentence,1
8.128427,14.043444,Sentence,2
12.01245,10.436256,Sentence,1
12.1187105,13.946349,Sentence,1
7.4836245,11.589995,Sentence,0
8.735744,14.413494,Sentence,2
7.8680553,14.150361,Sentence,2
9.89242,9.511194,Sentence,1
7.9857416,10.944395,Sentence,0
8.334925,14.481051,Sentence,2
11.490888,11.775297,Sentence,1
9.884482,14.868222,Sentence,3
7.3276753,11.376946,Sentence,0
8.093489,13.32271,Sentence,2
10.449051,10.662849,Sentence,1
8.866671,15.1719885,Sentence,2
8.731113,12.273228,Sentence,0
9.7446575,11.199441,Sentence,1
9.362025,11.844398,Sentence,1
8.445405,9.007956,Sentence,1
12.079129,11.589995,Sentence,3
7.451913,11.319355,Sentence,0
9.896272,10.603965,Sentence,1
6.7305484,13.593113,Sentence,1
7.3449054,8.390547,Sentence,1
7.400226,10.953575,Sentence,0
8.121995,13.681031,Sentence,2
7.8576665,12.624988,Sentence,1
11.48194,11.899306,Sentence,1
8.358552,13.01438,Sentence,2
7.4374285,9.301554,Sentence,1
7.6150613,10.190991,Sentence,0
12.1727295,11.625881,Sentence,3
8.557485,7.9602327,Sentence,3
10.281089,11.308282,Sentence,1
7.397323,12.782118,Sentence,0
8.131717,13.949489,Sentence,2
8.125698,8.622901,Sentence,1
8.527545,12.548785,Sentence,2
8.5611725,12.071098,Sentence,0
8.742492,12.954055,Sentence,2
7.9112062,10.989923,Sentence,1
8.750838,12.08672,Sentence,1
7.5881114,14.527981,Sentence,2
7.6128397,10.017857,Sentence,0
17.25628,11.111306,Sentence,3
7.4380417,12.84688,Sentence,2
10.718581,13.733054,Sentence,2
8.607004,13.277748,Sentence,2
8.670587,11.475087,Sentence,1
8.451158,13.63599,Sentence,2
7.478561,12.495904,Sentence,0
12.597186,11.77201,Sentence,3
8.336062,13.886873,Sentence,2
8.247488,12.7802725,Sentence,2
9.880865,12.550542,Sentence,2
9.511353,15.152081,Sentence,2
9.196621,12.3668,Sentence,0
8.163686,14.515344,Sentence,2
8.64515,15.326308,Sentence,2
8.927086,13.10093,Sentence,0
7.81528,14.900198,Sentence,1
8.184865,13.446565,Sentence,2
11.375422,11.765858,Sentence,1
9.696284,11.402003,Sentence,3
8.9346075,13.846165,Sentence,2
8.508675,14.486183,Sentence,2
9.104249,12.0698595,Sentence,1
12.290953,11.439165,Sentence,3
8.026311,12.972008,Sentence,0
12.318745,10.390611,Sentence,3
8.639143,11.426297,Sentence,1
10.721982,12.758547,Sentence,1
7.840111,13.284859,Sentence,2
6.3989882,13.554416,Sentence,1
8.128143,12.195934,Sentence,2
8.378076,13.167401,Sentence,2
8.145511,14.077593,Sentence,2
7.8728676,10.730841,Sentence,0
6.952822,13.551397,Sentence,2
9.558642,12.144026,Sentence,2
8.057548,13.509192,Sentence,0
11.453102,8.923306,Sentence,1
8.275536,13.501069,Sentence,2
10.212941,11.27476,Sentence,3
8.923886,13.852971,Sentence,2
11.010465,7.4159756,Sentence,1
10.053776,12.821482,Sentence,3
12.220187,11.74389,Sentence,3
8.713266,14.932297,Sentence,2
8.04974,11.966167,Sentence,0
8.916769,14.494293,Sentence,2
8.55322,12.391701,Sentence,0
7.2511497,12.017126,Sentence,0
7.3892164,10.931874,Sentence,0
10.774631,9.997691,Sentence,1
11.493655,11.149925,Sentence,3
7.4855037,9.818749,Sentence,0
12.568473,10.279397,Sentence,3
8.374834,13.637265,Sentence,2
8.449918,13.53289,Sentence,0
11.539975,11.693678,Sentence,1
8.898996,11.279639,Sentence,0
8.648903,14.891092,Sentence,0
8.516484,10.265581,Sentence,1
9.666826,14.062788,Sentence,2
7.6546884,11.1099415,Sentence,0
10.145962,13.513757,Sentence,1
10.093021,8.905136,Sentence,1
7.5568566,9.738272,Sentence,0
8.608467,13.289576,Sentence,2
9.247228,15.427623,Sentence,2
8.864762,12.896961,Sentence,2
9.040424,14.429311,Sentence,0
12.097039,11.516022,Sentence,3
7.7827907,10.11822,Sentence,0
11.060064,10.34057,Sentence,1
9.45026,14.451243,Sentence,2
9.700052,13.641065,Sentence,0
12.832801,10.301222,Sentence,3
8.196635,11.963107,Sentence,1
7.786161,9.892848,Sentence,1
8.082223,11.033795,Sentence,0
7.8143396,10.958089,Sentence,0
7.268243,12.874219,Sentence,0
7.185514,13.195556,Sentence,2
9.478321,10.001386,Sentence,1
9.36089,13.198154,Sentence,2
10.573857,7.561803,Sentence,1
6.407546,13.587238,Sentence,1
7.9412103,11.156119,Sentence,0
8.269544,10.874796,Sentence,0
8.93947,10.721468,Sentence,1
8.722503,15.407974,Sentence,2
6.891666,21.03237,Sentence,1
12.294866,10.572606,Sentence,3
10.986744,12.446871,Sentence,2
9.68226,14.183981,Sentence,2
10.074149,15.139639,Sentence,2
9.577094,14.805498,Sentence,2
7.598523,13.805386,Sentence,2
10.539428,11.485913,Sentence,1
8.076497,9.816179,Sentence,1
11.21989,12.529199,Sentence,3
11.081141,12.865134,Sentence,3
7.57965,11.789626,Sentence,0
7.4990926,11.5458355,Sentence,0
8.6548605,14.570285,Sentence,2
9.11127,14.443171,Sentence,2
12.01044,11.657925,Sentence,3
11.067021,8.085703,Sentence,1
7.375084,11.180758,Sentence,0
8.980726,10.267298,Sentence,1
8.496112,11.135892,Sentence,1
8.21534,13.854875,Sentence,2
10.029343,14.670822,Sentence,2
8.373746,10.90998,Sentence,0
8.699828,11.40798,Sentence,1
7.4936748,13.721395,Sentence,2
8.102046,13.428849,Sentence,2
11.717604,14.020872,Sentence,2
8.913502,14.6327,Sentence,0
9.37655,13.762782,Sentence,2
8.162996,13.326579,Sentence,2
11.908353,10.338273,Sentence,1
8.463501,12.8351555,Sentence,0
7.7244883,10.628742,Sentence,0
8.546566,13.009658,Sentence,2
12.807977,10.45281,Sentence,3
7.54509,12.41795,Sentence,0
8.045096,12.920048,Sentence,2
7.9358363,11.4047165,Sentence,0
10.172506,8.153973,Sentence,1
8.679379,11.022461,Sentence,0
7.594513,13.660222,Sentence,2
7.414942,14.245548,Sentence,2
7.439594,14.255961,Sentence,2
10.530872,10.259479,Sentence,1
12.295996,10.771004,Sentence,3
8.078681,11.066364,Sentence,1
8.2309675,14.181454,Sentence,2
8.19766,9.578338,Sentence,1
7.6343737,12.937032,Sentence,0
8.157387,12.488955,Sentence,0
11.926562,12.012858,Sentence,1
10.94736,10.325858,Sentence,1
11.261361,12.082927,Sentence,1
9.499817,11.306094,Sentence,0
8.554372,7.963567,Sentence,3
7.5377693,12.436978,Sentence,0
11.43156,11.001969,Sentence,3
9.670854,14.503744,Sentence,2
9.159008,13.599811,Sentence,2
9.531844,13.480718,Sentence,0
8.057148,13.86522,Sentence,2
7.952914,13.961094,Sentence,2
7.725157,13.126061,Sentence,0
9.890132,13.174112,Sentence,1
10.195161,14.002068,Sentence,2
9.377288,12.528257,Sentence,2
8.42684,13.419153,Sentence,0
8.415404,9.667909,Sentence,1
8.928016,9.979007,Sentence,1
8.131178,14.724165,Sentence,2
7.3318467,8.33442,Sentence,3
11.60332,11.712712,Sentence,3
7.6761417,13.394467,Sentence,0
12.293987,11.647632,Sentence,3
8.905031,14.298676,Sentence,0
7.493501,13.243305,Sentence,2
9.261353,12.145732,Sentence,0
8.793682,11.921823,Sentence,0
9.481752,15.156768,Sentence,2
9.285853,11.028184,Sentence,1
8.714205,14.31581,Sentence,2
9.175693,13.606467,Sentence,2
11.772249,12.663445,Sentence,3
9.087898,14.978937,Sentence,0
9.406039,14.649619,Sentence,2
7.256077,12.689978,Sentence,0
8.113525,13.123898,Sentence,2
8.104089,12.889445,Sentence,2
7.9520335,11.187921,Sentence,0
10.576979,12.408277,Sentence,1
9.720627,15.5995035,Sentence,1
11.316968,9.217097,Sentence,3
8.851378,9.932354,Sentence,0
10.0064945,14.788823,Sentence,2
9.88818,7.2579594,Sentence,2
9.018898,12.960376,Sentence,2
8.593706,14.086464,Sentence,2
12.264438,10.739562,Sentence,3
8.38456,11.529392,Sentence,0
8.472398,14.345672,Sentence,2
7.0678167,13.830124,Sentence,2
8.012479,9.4712305,Sentence,1
7.755751,11.180874,Sentence,0
9.126196,15.037201,Sentence,2
9.010344,15.468019,Sentence,2
10.109583,11.766976,Sentence,2
7.712231,9.888857,Sentence,1
10.026749,14.281181,Sentence,2
10.619878,7.618185,Sentence,1
8.73615,12.203415,Sentence,1
7.6269126,13.2887535,Sentence,2
8.150962,8.521083,Sentence,1
7.2102275,13.376548,Sentence,2
8.699888,12.660908,Sentence,2
7.8570247,13.078212,Sentence,0
12.215741,10.74774,Sentence,3
10.633195,10.718684,Sentence,1
7.7060766,9.161865,Sentence,1
6.5560813,13.55213,Sentence,2
12.194787,10.495628,Sentence,3
10.296004,12.764078,Sentence,2
7.545375,13.549092,Sentence,2
10.573232,12.426181,Sentence,2
8.671031,13.552837,Sentence,2
7.953833,11.527379,Sentence,0
7.9396095,11.01481,Sentence,0
12.079506,11.663805,Sentence,3
8.067898,11.327312,Sentence,1
7.6424828,12.993297,Sentence,2
8.515102,10.225665,Sentence,1
7.7909875,11.543266,Sentence,0
8.645445,12.375277,Sentence,2
9.274352,14.697799,Sentence,2
7.757999,13.800351,Sentence,2
9.503721,10.698507,Sentence,1
7.408765,11.584159,Sentence,0
10.141474,8.083579,Sentence,1
7.9926157,11.527146,Sentence,1
10.203481,12.41926,Sentence,2
7.5658197,13.954778,Sentence,2
8.383471,10.442972,Sentence,0
8.268847,12.760392,Sentence,2
7.585104,10.338999,Sentence,0
7.2065344,11.176488,Sentence,0
7.908289,10.651993,Sentence,0
9.022042,9.488386,Sentence,0
8.790358,14.647662,Sentence,2
7.3688784,14.158068,Sentence,2
10.6135845,12.325982,Sentence,1
7.611912,12.326184,Sentence,0
9.271513,14.368159,Sentence,2
7.737069,12.2133665,Sentence,0
6.6762495,8.938686,Sentence,1
7.4587483,12.482005,Sentence,0
7.061875,12.479468,Sentence,0
8.458886,13.524035,Sentence,2
9.198126,14.042373,Sentence,2
7.627717,11.426775,Sentence,0
8.72154,15.176887,Sentence,2
8.137339,13.829276,Sentence,2
7.863559,11.2954855,Sentence,0
7.708045,10.471662,Sentence,0
7.6435885,14.2284565,Sentence,2
8.978879,14.192472,Sentence,2
8.026897,11.685082,Sentence,0
8.314632,14.13151,Sentence,2
7.2303686,14.450936,Sentence,2
10.784185,13.972381,Sentence,2
8.690357,11.80388,Sentence,3
11.519535,11.907556,Sentence,1
11.074997,9.722558,Sentence,1
17.25008,11.115757,Sentence,3
7.5312247,13.760427,Sentence,2
8.353841,9.564576,Sentence,1
10.029028,14.99066,Sentence,3
8.931964,11.040184,Sentence,0
9.500305,15.179932,Sentence,2
9.592942,14.2897215,Sentence,2
9.908087,12.620317,Sentence,2
7.3128247,11.955156,Sentence,0
7.513244,11.101192,Sentence,0
8.682918,13.232822,Sentence,2
7.53765,13.756923,Sentence,2
7.43161,9.728236,Sentence,1
8.733447,14.761495,Sentence,0
8.963726,14.627233,Sentence,2
7.574934,11.121622,Sentence,0
8.492817,11.541364,Sentence,0
9.72341,15.375807,Sentence,3
8.010913,9.933111,Sentence,0
7.8685975,11.878239,Sentence,0
11.32875,11.787667,Sentence,1
8.193422,13.087839,Sentence,2
8.368617,12.471207,Sentence,2
7.9134674,11.912763,Sentence,0
12.39502,11.677767,Sentence,1
10.127168,8.489171,Sentence,1
7.341821,13.107263,Sentence,0
8.316289,14.55336,Sentence,2
7.4696436,9.892167,Sentence,0
7.5156584,12.138953,Sentence,0
7.8080497,11.724261,Sentence,0
9.541121,13.426781,Sentence,2
8.808401,10.681861,Sentence,0
7.3890257,9.623544,Sentence,0
9.794838,10.648932,Sentence,1
8.467318,10.643814,Sentence,1
7.8147535,12.986463,Sentence,2
9.682357,15.131388,Sentence,2
7.661181,13.752484,Sentence,2
7.5321636,23.819975,Sentence,1
10.84712,14.490746,Sentence,2
8.770743,11.207793,Sentence,0
8.530162,11.59935,Sentence,1
10.890423,10.368987,Sentence,1
10.244155,12.753561,Sentence,2
9.192475,14.495961,Sentence,2
8.612537,13.136666,Sentence,2
7.7057877,12.806118,Sentence,0
11.754136,9.878307,Sentence,3
7.9656544,13.924414,Sentence,2
8.820129,12.691776,Sentence,0
7.7344775,10.595082,Sentence,0
12.432948,13.952601,Sentence,1
10.51258,14.418875,Sentence,2
9.615064,13.729592,Sentence,2
11.74267,14.12011,Sentence,1
8.656062,12.859273,Sentence,2
8.874179,14.7819,Sentence,3
8.784206,14.6609535,Sentence,2
12.064368,13.678698,Sentence,2
7.584139,11.63516,Sentence,0
7.9673786,12.916541,Sentence,0
7.8740296,13.134746,Sentence,2
7.6487327,13.4356165,Sentence,2
8.016222,11.027067,Sentence,0
10.99365,11.890169,Sentence,3
9.48192,14.739758,Sentence,2
7.8407845,11.124847,Sentence,0
6.411486,13.575931,Sentence,0
8.683141,13.580657,Sentence,2
9.409038,14.097256,Sentence,2
9.176339,14.933946,Sentence,2
10.84512,12.829329,Sentence,3
7.126926,13.228463,Sentence,0
8.568309,13.990514,Sentence,2
10.207013,10.630362,Sentence,1
7.6704273,8.781828,Sentence,1
8.255555,13.975385,Sentence,2
7.196516,12.363461,Sentence,0
12.969105,12.467686,Sentence,3
7.620467,11.12776,Sentence,0
8.510342,12.077757,Sentence,1
11.392916,10.964889,Sentence,3
8.660015,14.323377,Sentence,2
8.129366,9.944297,Sentence,0
7.608757,12.945299,Sentence,2
10.495397,9.685928,Sentence,1
9.914199,14.996928,Sentence,2
8.356864,13.339319,Sentence,2
9.069507,10.669108,Sentence,1
8.717953,15.50476,Sentence,2
8.677614,12.786211,Sentence,1
10.422157,12.218354,Sentence,2
10.099212,11.109532,Sentence,1
9.2344675,15.231123,Sentence,2
8.8940735,13.564077,Sentence,0
7.108613,12.299164,Sentence,0
8.952918,13.065835,Sentence,1
10.7693615,12.025531,Sentence,3
11.619218,7.3946757,Sentence,1
10.291736,13.22425,Sentence,2
11.562248,11.646127,Sentence,1
7.5584784,13.138386,Sentence,2
9.754833,9.6934185,Sentence,3
9.495214,15.156216,Sentence,2
7.276609,13.353514,Sentence,2
9.274036,12.805019,Sentence,2
9.496895,14.319649,Sentence,2
10.495813,12.827969,Sentence,2
9.33742,14.349967,Sentence,2
11.797001,14.141301,Sentence,1
9.706973,12.054949,Sentence,1
7.985316,10.859025,Sentence,0
10.060833,10.475895,Sentence,1
17.255978,11.111804,Sentence,3
8.321501,11.439789,Sentence,0
9.709115,12.218206,Sentence,3
8.915916,9.933462,Sentence,0
9.8274145,12.709405,Sentence,2
8.386432,14.495086,Sentence,2
7.9554195,13.035356,Sentence,2
8.143581,11.25457,Sentence,0
9.1642685,14.322789,Sentence,2
8.243793,12.963603,Sentence,0
7.2736316,12.905882,Sentence,2
8.148845,13.974579,Sentence,2
8.935038,11.746013,Sentence,0
9.951461,12.183258,Sentence,0
9.785946,13.309656,Sentence,3
9.929537,14.415576,Sentence,2
11.24001,11.912163,Sentence,3
10.713786,14.33247,Sentence,2
7.870548,12.66124,Sentence,0
7.589488,11.85627,Sentence,0
8.103154,8.617909,Sentence,1
8.996987,14.422694,Sentence,2
8.053872,13.680883,Sentence,2
11.320378,10.63329,Sentence,1
10.331903,10.8587055,Sentence,1
8.442766,14.484121,Sentence,2
12.240309,10.618857,Sentence,3
8.105913,11.368816,Sentence,0
8.762089,12.569208,Sentence,2
8.28604,9.256925,Sentence,1
7.484037,9.613669,Sentence,0
8.049341,12.857083,Sentence,2
12.20998,11.792133,Sentence,3
7.4591823,10.279794,Sentence,0
9.050213,15.211796,Sentence,2
8.21529,13.4151945,Sentence,0
7.3385777,12.601825,Sentence,0
7.7918897,11.754479,Sentence,0
9.048442,14.077159,Sentence,0
8.23298,13.898279,Sentence,2
8.783594,13.637737,Sentence,2
9.852748,14.619029,Sentence,2
10.076148,13.94249,Sentence,2
7.7088466,12.088698,Sentence,0
7.429336,14.446906,Sentence,2
9.784811,10.355017,Sentence,1
6.386956,13.597061,Sentence,0
7.322578,14.019896,Sentence,2
9.521038,12.363871,Sentence,1
7.277561,12.496718,Sentence,0
7.7153854,11.888994,Sentence,0
7.13166,12.039413,Sentence,0
11.711027,10.481737,Sentence,3
9.449375,14.996545,Sentence,2
9.152529,14.017116,Sentence,2
9.5855665,12.233276,Sentence,2
7.0831084,13.541625,Sentence,2
7.8074203,9.333679,Sentence,1
12.598272,11.698233,Sentence,3
10.367112,10.3265915,Sentence,1
8.883351,10.501337,Sentence,1
7.6499524,13.074666,Sentence,0
10.145671,7.3426447,Sentence,1
9.576807,11.304184,Sentence,1
7.52818,12.673706,Sentence,0
10.6685915,8.5456705,Sentence,1
11.202648,12.5821,Sentence,2
7.243997,11.13975,Sentence,0
9.769301,13.331494,Sentence,2
8.299675,13.010599,Sentence,0
8.8212595,15.36263,Sentence,2
9.205843,11.813648,Sentence,1
10.499029,8.195389,Sentence,1
9.134529,12.2378435,Sentence,1
7.72665,11.548197,Sentence,0
8.186061,12.373122,Sentence,0
9.845428,10.159239,Sentence,1
10.6987295,11.693378,Sentence,1
7.346831,12.6473055,Sentence,0
6.9594374,13.083056,Sentence,1
10.007928,11.0586405,Sentence,1
7.075536,14.021965,Sentence,1
8.101564,12.26755,Sentence,2
6.8916636,21.032394,Sentence,1
11.349402,12.704609,Sentence,3
10.196179,15.181622,Sentence,3
8.985392,12.417167,Sentence,2
8.940416,12.514086,Sentence,1
7.5316167,23.825045,Sentence,1
11.764393,12.070613,Sentence,3
7.7845774,14.063838,Sentence,2
8.052878,13.765034,Sentence,2
9.853244,10.471092,Sentence,1
10.549657,12.08989,Sentence,3
10.694988,11.265933,Sentence,1
9.564187,15.025311,Sentence,2
11.917,7.1630745,Sentence,1
8.538074,14.326629,Sentence,2
7.70319,10.94486,Sentence,0
10.384093,14.776438,Sentence,2
6.3786726,13.602738,Sentence,0
10.1667,10.678377,Sentence,1
11.245775,9.977965,Sentence,1
7.517016,11.481856,Sentence,0
7.1288276,14.306682,Sentence,2
8.868522,12.440753,Sentence,1
14.535532,8.068679,Sentence,1
7.3343244,12.048149,Sentence,0
8.706959,11.858614,Sentence,1
7.4186125,12.692508,Sentence,0
10.722862,12.647465,Sentence,2
12.406832,11.506233,Sentence,3
10.802685,11.305849,Sentence,3
8.146625,10.449807,Sentence,0
11.580387,11.677332,Sentence,3
11.359521,11.503697,Sentence,3
9.017948,14.977002,Sentence,2
10.1208315,10.922346,Sentence,3
11.372479,8.450349,Sentence,1
9.184212,14.430297,Sentence,2
8.3783655,14.54021,Sentence,2
8.14894,13.430757,Sentence,2
7.6554275,13.2736435,Sentence,2
8.498666,12.93928,Sentence,0
8.846107,13.220441,Sentence,2
6.6317286,8.787334,Sentence,1
7.257741,14.3975115,Sentence,2
9.513126,12.065096,Sentence,1
7.93126,12.24273,Sentence,0
7.986236,12.664726,Sentence,0
8.314735,12.184242,Sentence,2
10.859956,11.847219,Sentence,2
7.5091963,12.406057,Sentence,0
8.140431,12.181252,Sentence,0
8.76678,10.41193,Sentence,0
8.522609,10.826863,Sentence,0
9.17905,15.022234,Sentence,2
9.287419,13.051035,Sentence,2
7.760198,13.77264,Sentence,2
8.603433,14.210406,Sentence,2
7.4637556,10.422494,Sentence,0
7.4816165,13.540035,Sentence,2
7.5997405,13.047433,Sentence,2
12.733492,13.178869,Sentence,3
7.608657,14.218016,Sentence,2
8.742654,14.124543,Sentence,2
8.904432,13.217735,Sentence,2
8.822671,13.2212515,Sentence,2
11.648769,12.803264,Sentence,3
8.787041,12.949905,Sentence,1
10.4008,15.127083,Sentence,2
9.237605,13.749592,Sentence,2
7.764005,14.214333,Sentence,2
8.948223,14.359418,Sentence,2
8.103632,14.081238,Sentence,2
8.417899,9.030242,Sentence,1
7.6604166,11.242479,Sentence,0
12.48466,11.713751,Sentence,3
7.9255795,8.805277,Sentence,1
7.481019,13.245536,Sentence,2
8.075434,14.24243,Sentence,2
9.56132,13.762919,Sentence,2
10.570309,13.55392,Sentence,1
12.019508,10.892704,Sentence,3
8.129336,12.940926,Sentence,0
10.582744,11.970175,Sentence,1
7.524911,10.888899,Sentence,0
10.069953,10.993773,Sentence,1
12.178515,11.937158,Sentence,3
8.504739,11.19091,Sentence,0
12.172869,13.959438,Sentence,1
9.1153965,13.467132,Sentence,2
8.372411,12.272579,Sentence,0
12.405244,10.620541,Sentence,1
11.043244,13.237163,Sentence,3
8.952157,14.418545,Sentence,2
7.426873,11.702881,Sentence,0
7.895908,13.106242,Sentence,0
7.948337,13.7719345,Sentence,2
7.244,11.735616,Sentence,0
7.5723577,13.093372,Sentence,0
8.650035,13.586595,Sentence,2
11.114341,8.107138,Sentence,3
11.691993,11.938054,Sentence,1
9.723859,12.256947,Sentence,3
7.796034,8.597162,Sentence,1
7.7451653,13.6212435,Sentence,2
9.895445,12.078464,Sentence,0
11.543686,7.304491,Sentence,0
9.923973,10.315766,Sentence,1
8.96378,14.780611,Sentence,0
11.521403,14.1497555,Sentence,2
6.79501,13.596418,Sentence,1
8.611344,12.377107,Sentence,1
9.580859,14.849158,Sentence,2
8.070576,12.503413,Sentence,0
8.728453,15.216823,Sentence,2
8.029858,13.416455,Sentence,2
8.0299225,9.324883,Sentence,1
9.125436,15.329792,Sentence,2
10.272165,11.264639,Sentence,3
7.8211284,13.406691,Sentence,2
13.553293,-2.9281678,Sentence,3
9.621086,12.548621,Sentence,1
9.282764,13.64844,Sentence,2
9.830628,15.354323,Sentence,1
7.7894783,13.475731,Sentence,2
11.258658,14.757957,Sentence,2
7.232497,14.13757,Sentence,0
8.307026,12.956887,Sentence,2
9.596124,12.245444,Sentence,2
7.5090833,11.715587,Sentence,0
7.1459107,14.4400835,Sentence,2
8.647015,13.04273,Sentence,2
9.867662,11.804679,Sentence,1
7.845314,11.893003,Sentence,0
9.074908,13.077636,Sentence,0
9.629738,13.775547,Sentence,2
9.892808,11.373401,Sentence,2
10.643239,13.817117,Sentence,2
7.408342,11.804477,Sentence,0
9.14584,14.885792,Sentence,2
7.4596796,10.943698,Sentence,0
7.375471,12.871069,Sentence,0
7.9387035,12.514111,Sentence,0
7.6097736,12.057434,Sentence,0
9.506276,13.4243765,Sentence,2
7.644113,13.5197525,Sentence,2
7.9509206,11.459729,Sentence,0
7.9773474,12.5454035,Sentence,0
7.9096866,9.67341,Sentence,0
9.021808,13.006539,Sentence,2
9.429007,15.225962,Sentence,1
8.722272,13.380779,Sentence,0
10.421514,15.388379,Sentence,3
7.343174,11.488572,Sentence,0
12.004009,7.0901666,Sentence,1
9.95458,9.187845,Sentence,0
7.4503384,12.489791,Sentence,0
8.874576,12.0837755,Sentence,2
8.05119,9.229894,Sentence,1
8.032329,13.126335,Sentence,2
7.7737374,12.663118,Sentence,0
7.8418407,13.849493,Sentence,2
8.434208,14.155983,Sentence,2
7.5017734,9.552723,Sentence,0
12.565998,11.819741,Sentence,3
9.806854,13.163205,Sentence,2
9.135545,11.925574,Sentence,0
9.140465,13.780874,Sentence,2
7.8348985,9.741046,Sentence,1
8.772807,14.184741,Sentence,2
8.640541,15.096283,Sentence,2
6.611604,13.517625,Sentence,1
7.3969846,11.578386,Sentence,0
10.144162,11.690178,Sentence,1
7.458564,10.859911,Sentence,0
10.817764,8.573661,Sentence,1
8.641512,14.506652,Sentence,1
10.52343,7.7410054,Sentence,1
11.152698,10.761525,Sentence,1
7.298015,10.442561,Sentence,0
7.712999,11.975351,Sentence,0
8.470194,13.765425,Sentence,2
8.154138,13.962344,Sentence,2
7.4511867,10.0232725,Sentence,0
5.7334285,5.510999,Sentence,1
9.5849,14.077964,Sentence,2
9.236285,14.910501,Sentence,2
13.555334,-2.9276955,Sentence,3
8.426211,14.310663,Sentence,2
12.320424,10.877962,Sentence,3
7.6961584,10.504332,Sentence,0
10.635238,10.667436,Sentence,1
8.169077,13.814939,Sentence,2
9.391767,14.362875,Sentence,2
7.8516607,9.593407,Sentence,0
8.869099,13.652002,Sentence,2
7.566232,12.432425,Sentence,0
10.434154,15.188371,Sentence,3
9.116644,13.882825,Sentence,2
8.215049,12.610766,Sentence,0
9.853926,13.101101,Sentence,2
8.20953,13.564539,Sentence,2
11.156069,10.176235,Sentence,2
7.825216,11.19778,Sentence,0
8.655713,11.6974,Sentence,0
10.319822,8.0644655,Sentence,1
8.400018,10.784475,Sentence,0
7.4852266,13.396122,Sentence,2
11.170299,10.082861,Sentence,3
7.3392115,13.30422,Sentence,2
9.325675,14.621585,Sentence,2
10.434035,10.623855,Sentence,1
11.993611,10.77198,Sentence,2
7.513817,12.680262,Sentence,0
8.397429,12.721328,Sentence,2
10.260413,14.836341,Sentence,3
8.136099,13.092975,Sentence,2
10.042389,14.619935,Sentence,1
8.992171,14.079981,Sentence,2
5.732716,5.51068,Sentence,1
7.4772844,14.306005,Sentence,2
12.1486,11.847842,Sentence,3
12.348382,10.546832,Sentence,3
8.164896,12.378489,Sentence,0
7.5417824,11.908768,Sentence,0
7.8058286,11.233579,Sentence,0
7.367359,13.411802,Sentence,2
11.3661995,9.240335,Sentence,3
7.281238,11.026427,Sentence,0
8.315544,14.044438,Sentence,2
7.3812766,13.30373,Sentence,2
8.718139,14.6403,Sentence,2
8.565188,8.400505,Sentence,3
8.445436,8.154829,Sentence,1
7.6248336,13.429108,Sentence,2
7.287494,11.228358,Sentence,0
7.962592,13.703537,Sentence,2
11.62746,10.641166,Sentence,1
9.354489,14.50009,Sentence,2
8.832392,15.3592205,Sentence,2
8.87942,13.057452,Sentence,2
8.547626,14.149779,Sentence,2
7.84068,10.48687,Sentence,0
8.789428,12.188141,Sentence,2
9.589628,13.411841,Sentence,0
7.9540334,13.281349,Sentence,2
7.4627533,11.406297,Sentence,0
13.554719,-2.9283843,Sentence,3
8.050491,13.240936,Sentence,2
7.28935,11.221783,Sentence,0
7.6387525,12.218808,Sentence,0
10.786086,12.215254,Sentence,3
8.059543,12.603163,Sentence,0
7.6146173,11.82269,Sentence,0
7.877907,13.031112,Sentence,2
7.4011116,13.150498,Sentence,0
7.3991776,12.490679,Sentence,0
9.087651,10.755244,Sentence,1
12.899725,10.318165,Sentence,3
7.902231,11.666408,Sentence,0
7.7267776,9.588026,Sentence,1
7.1076903,13.8555975,Sentence,2
12.2164955,10.615356,Sentence,3
12.240665,11.640654,Sentence,3
10.270142,13.204441,Sentence,0
9.900862,7.2801957,Sentence,1
7.6710234,14.51058,Sentence,2
7.8241324,12.235564,Sentence,0
8.005645,10.801503,Sentence,0
8.541257,12.563972,Sentence,0
8.488367,11.247444,Sentence,0
9.753167,12.09401,Sentence,3
7.5011983,10.036153,Sentence,0
8.00097,10.589759,Sentence,0
8.251364,14.401539,Sentence,2
12.315401,11.799985,Sentence,3
7.9057174,10.911149,Sentence,0
6.7328773,13.6489725,Sentence,1
7.755387,14.494312,Sentence,2
9.599144,10.94173,Sentence,1
7.5282054,12.410985,Sentence,0
7.1915736,12.521163,Sentence,0
9.50629,9.98765,Sentence,1
7.810533,9.445616,Sentence,1
9.819848,11.353391,Sentence,1
8.856581,14.064924,Sentence,0
6.7246537,13.825627,Sentence,2
7.4990277,12.565862,Sentence,0
6.6832213,13.529656,Sentence,0
10.544042,11.223533,Sentence,1
7.8849754,13.255688,Sentence,2
8.118479,12.917679,Sentence,0
7.8303056,13.770305,Sentence,2
9.164883,15.18022,Sentence,0
6.4986334,13.618764,Sentence,1
7.622355,11.304705,Sentence,0
9.598989,12.584524,Sentence,3
7.6170077,10.022742,Sentence,0
8.692976,11.488082,Sentence,0
8.014604,11.7476015,Sentence,0
7.696499,13.545355,Sentence,2
7.2636976,14.48914,Sentence,3
12.033111,10.207729,Sentence,3
9.049988,12.23831,Sentence,3
8.5895405,13.517005,Sentence,2
8.901098,13.966074,Sentence,2
8.869169,12.585942,Sentence,2
8.278178,13.643402,Sentence,2
10.276286,12.434053,Sentence,3
7.073711,12.329372,Sentence,0
8.993288,13.309189,Sentence,2
10.400303,13.449875,Sentence,1
7.8656015,12.783038,Sentence,0
11.726005,11.593191,Sentence,1
7.7404723,12.173426,Sentence,0
7.3470244,14.021097,Sentence,2
7.8530526,11.543245,Sentence,0
11.195542,12.626986,Sentence,1
7.5148444,13.834962,Sentence,2
7.9462423,9.72824,Sentence,0
8.079888,11.060445,Sentence,0
8.40296,10.692704,Sentence,0
11.292444,11.820004,Sentence,1
7.4360127,13.06583,Sentence,2
10.389207,11.269928,Sentence,1
9.09361,12.503911,Sentence,3
8.159332,13.065288,Sentence,0
8.74716,14.320557,Sentence,2
9.825896,12.4304,Sentence,2
7.834265,11.182915,Sentence,0
8.189257,8.594118,Sentence,1
7.465622,13.518982,Sentence,0
7.5833983,13.354802,Sentence,2
12.397433,11.74541,Sentence,3
11.446386,11.108912,Sentence,3
9.84896,12.642545,Sentence,2
11.478326,9.725033,Sentence,1
9.177762,14.350317,Sentence,2
10.507153,14.172562,Sentence,2
7.96185,12.982425,Sentence,2
7.3378158,12.395883,Sentence,0
7.869567,14.61109,Sentence,2
13.555316,-2.9262385,Sentence,3
7.2334065,12.593283,Sentence,0
8.031344,12.340369,Sentence,0
9.507999,15.395837,Sentence,2
7.6168275,14.195506,Sentence,2
8.660429,10.633901,Sentence,0
7.7629933,12.020545,Sentence,0
12.030416,11.275244,Sentence,1
11.336044,9.862512,Sentence,1
7.291335,10.788262,Sentence,0
9.181631,14.387939,Sentence,2
7.0481596,11.551049,Sentence,0
7.188411,13.350956,Sentence,2
7.536973,13.850462,Sentence,2
10.144214,13.577442,Sentence,2
8.587638,9.535602,Sentence,0
8.329144,9.214916,Sentence,1
7.7815614,12.220157,Sentence,0
7.5484805,13.878729,Sentence,0
11.611405,11.899645,Sentence,3
8.706954,15.300962,Sentence,2
7.78252,13.678029,Sentence,2
6.8917027,21.03237,Sentence,1
8.226168,11.091101,Sentence,0
7.878514,13.742895,Sentence,2
10.43036,12.002839,Sentence,2
8.664448,14.081923,Sentence,2
9.126761,13.143017,Sentence,2
8.027401,12.378908,Sentence,0
9.101432,14.970445,Sentence,2
7.6984887,13.063446,Sentence,2
11.368182,14.273479,Sentence,0
7.175242,14.27751,Sentence,2
11.85258,10.884158,Sentence,3
11.601875,11.709847,Sentence,3
11.642269,7.800803,Sentence,1
16.308235,9.633334,Sentence,3
11.664656,14.031562,Sentence,1
8.233808,11.128511,Sentence,1
12.5917,11.803598,Sentence,3
9.046617,11.479078,Sentence,0
7.689125,11.723548,Sentence,0
9.241229,11.813242,Sentence,2
7.549209,9.743722,Sentence,1
7.3994265,13.19561,Sentence,2
10.123839,10.378339,Sentence,3
8.969606,14.425136,Sentence,2
8.429877,13.75638,Sentence,2
8.801406,14.020189,Sentence,2
7.265907,12.516091,Sentence,0
10.711871,15.601417,Sentence,3
7.251603,14.28684,Sentence,1
7.499744,14.686784,Sentence,1
10.960187,13.948498,Sentence,3
8.708625,12.565094,Sentence,2
7.63004,11.703079,Sentence,0
9.745602,12.3785715,Sentence,2
7.3307157,8.332035,Sentence,3
7.1112456,12.487752,Sentence,0
9.064462,12.661025,Sentence,2
8.908317,10.766682,Sentence,1
11.135483,12.928008,Sentence,3
7.557876,13.833925,Sentence,2
7.893056,12.25843,Sentence,0
7.0370336,13.750091,Sentence,1
12.333114,10.530893,Sentence,0
9.800288,14.915279,Sentence,3
9.538241,13.159461,Sentence,1
9.117099,11.655966,Sentence,1
11.956778,10.46021,Sentence,1
12.372711,10.5338,Sentence,2
8.299042,11.406031,Sentence,0
10.366491,11.751694,Sentence,1
6.972046,13.6902,Sentence,2
7.728149,11.137531,Sentence,0
8.933574,13.88464,Sentence,2
8.663135,13.666275,Sentence,2
7.2713466,11.01473,Sentence,0
7.8280926,13.407717,Sentence,2
8.647499,13.5697775,Sentence,2
11.582478,12.22284,Sentence,3
8.4936,11.963691,Sentence,0
8.233428,9.289574,Sentence,1
10.689604,10.660449,Sentence,3
11.539603,11.805157,Sentence,3
8.244726,9.122678,Sentence,1
7.376316,13.225428,Sentence,0
7.2607923,12.396598,Sentence,0
10.152135,13.1739235,Sentence,2
10.789949,10.6359,Sentence,1
8.069906,13.944941,Sentence,2
8.145841,12.029727,Sentence,0
7.577031,12.883783,Sentence,0
11.251917,10.849158,Sentence,3
9.760674,14.590123,Sentence,2
11.947017,10.517512,Sentence,3
7.1563263,14.433911,Sentence,2
11.449827,12.134935,Sentence,1
7.6724515,13.101038,Sentence,0
7.051925,13.6614275,Sentence,2
10.460654,8.401267,Sentence,1
8.456961,14.531717,Sentence,2
10.264354,11.599296,Sentence,1
11.211624,11.314026,Sentence,3
7.5377603,10.461061,Sentence,0
9.12311,12.255827,Sentence,2
9.536199,12.043051,Sentence,1
12.1075,11.407866,Sentence,3
12.294468,10.672657,Sentence,1
7.8270354,13.275922,Sentence,2
7.2402015,12.760571,Sentence,0
8.4256115,14.144458,Sentence,2
8.550021,7.9622526,Sentence,3
14.509918,8.052542,Sentence,1
11.366572,13.641885,Sentence,3
8.3260765,14.755823,Sentence,2
7.5447416,11.794407,Sentence,0
12.33218,11.524686,Sentence,3
8.259539,14.330593,Sentence,2
7.3597536,12.823409,Sentence,0
9.023302,14.3827505,Sentence,2
7.1768827,12.903919,Sentence,0
7.212393,14.41192,Sentence,2
7.2198143,13.097858,Sentence,0
8.115179,11.234909,Sentence,0
9.425964,11.090728,Sentence,0
7.4529853,13.31892,Sentence,2
10.1458845,9.862292,Sentence,1
9.081404,14.678595,Sentence,1
8.070778,12.043882,Sentence,0
8.05741,11.739511,Sentence,0
9.103905,15.150954,Sentence,0
9.80012,15.294183,Sentence,2
7.6143394,13.452998,Sentence,2
9.342894,12.781293,Sentence,0
10.179778,11.84075,Sentence,1
7.30553,12.835116,Sentence,0
7.885841,8.459637,Sentence,1
7.859427,14.6566,Sentence,2
8.853003,11.190626,Sentence,0
9.056381,11.374916,Sentence,0
9.959652,14.8781595,Sentence,1
11.228055,14.394093,Sentence,2
10.038945,15.0428915,Sentence,3
8.294953,12.678785,Sentence,0
9.135414,14.141202,Sentence,0
9.524796,12.105162,Sentence,3
7.4900103,12.3463,Sentence,0
8.932862,14.821151,Sentence,2
7.398746,13.003897,Sentence,0
7.892417,14.136123,Sentence,2
7.977545,14.963137,Sentence,3
12.432405,11.666935,Sentence,3
7.467882,9.296527,Sentence,1
11.707249,11.245305,Sentence,3
12.6255665,11.367169,Sentence,1
13.159869,12.508574,Sentence,3
8.465358,12.548236,Sentence,2
10.754381,10.816307,Sentence,1
6.7983146,13.39966,Sentence,2
10.338241,15.502937,Sentence,3
7.3051615,8.33062,Sentence,3
10.208566,8.18893,Sentence,1
8.929918,14.376062,Sentence,1
7.234905,12.205259,Sentence,0
10.202749,12.191462,Sentence,1
8.353259,11.170399,Sentence,1
10.968456,12.504618,Sentence,2
7.990186,14.013165,Sentence,2
7.547858,14.222048,Sentence,2
8.5173025,14.599,Sentence,2
9.701478,14.836869,Sentence,2
7.507325,13.166887,Sentence,2
8.880874,13.041933,Sentence,1
8.170421,8.584152,Sentence,1
8.319165,11.772711,Sentence,0
7.6693153,9.55855,Sentence,0
9.71691,13.2766695,Sentence,1
8.519411,8.13776,Sentence,3
8.914421,9.819402,Sentence,1
10.544976,12.839933,Sentence,3
12.017298,11.634848,Sentence,2
8.434049,10.633998,Sentence,1
7.642719,12.958926,Sentence,2
11.1897135,12.825827,Sentence,2
7.423869,9.740077,Sentence,1
8.885191,12.665912,Sentence,2
8.451137,14.153739,Sentence,2
7.822174,14.17014,Sentence,2
7.874457,13.668271,Sentence,2
7.0607862,12.581825,Sentence,0
7.5233684,11.229424,Sentence,0
7.656115,13.912034,Sentence,2
8.117185,11.779734,Sentence,0
8.948261,13.074688,Sentence,2
8.7198,10.972798,Sentence,0
7.499581,9.737182,Sentence,0
7.2376866,11.717368,Sentence,0
7.3075137,13.091776,Sentence,2
10.118766,13.725694,Sentence,2
8.16089,13.571694,Sentence,2
12.283059,11.544209,Sentence,3
6.443432,13.605009,Sentence,1
7.449044,9.609084,Sentence,0
7.154209,13.999412,Sentence,2
12.101495,10.693999,Sentence,3
9.228781,13.3792925,Sentence,2
7.1876125,12.169319,Sentence,0
9.2116585,12.616365,Sentence,2
7.1974797,14.235458,Sentence,2
8.334472,13.041532,Sentence,2
8.832095,14.106368,Sentence,2
9.511677,14.580431,Sentence,2
11.957095,11.102532,Sentence,3
11.416584,10.176796,Sentence,1
9.487201,14.235617,Sentence,2
9.810922,11.258525,Sentence,1
8.030694,14.819574,Sentence,0
11.765187,9.615972,Sentence,1
11.611776,11.243284,Sentence,1
8.712572,13.305759,Sentence,2
9.2331295,12.52893,Sentence,3
13.555244,-2.9263806,Sentence,3
7.456107,12.431508,Sentence,0
8.151884,14.574868,Sentence,2
11.445152,12.336253,Sentence,3
9.835032,12.418523,Sentence,3
8.172394,14.345458,Sentence,2
6.765929,13.326412,Sentence,1
10.662896,12.252144,Sentence,1
7.577619,12.908746,Sentence,0
11.892489,7.1512947,Sentence,1
9.833448,14.571348,Sentence,2
10.870713,10.90651,Sentence,3
12.203766,11.79247,Sentence,3
11.965499,10.782563,Sentence,2
7.866781,14.354248,Sentence,2
9.628953,13.06699,Sentence,0
8.311294,12.413376,Sentence,1
7.352775,12.71204,Sentence,0
10.173803,9.733498,Sentence,1
9.518096,11.668311,Sentence,1
11.55874,11.681162,Sentence,2
7.5691066,13.585447,Sentence,2
7.0878687,12.622828,Sentence,0
9.549175,14.879109,Sentence,2
10.238778,9.772527,Sentence,1
8.820664,13.659805,Sentence,2
10.932443,10.757457,Sentence,1
7.311514,12.368636,Sentence,0
12.269123,12.113319,Sentence,3
7.889921,13.197916,Sentence,2
8.417949,10.028436,Sentence,0
8.605026,14.945268,Sentence,2
10.943156,13.08859,Sentence,2
12.4934025,10.682324,Sentence,3
11.739065,10.817233,Sentence,1
7.82045,13.842891,Sentence,2
7.247043,13.313975,Sentence,0
7.4483438,10.04321,Sentence,0
9.147454,11.830294,Sentence,1
9.118177,14.457457,Sentence,2
7.7185354,12.228391,Sentence,0
8.023794,11.180585,Sentence,0
8.235965,13.714997,Sentence,2
7.464445,14.424311,Sentence,2
7.408472,8.630498,Sentence,1
8.4513645,11.58563,Sentence,2
7.480113,12.637898,Sentence,2
8.935023,13.6957445,Sentence,2
8.061317,13.285412,Sentence,2
8.266577,10.820879,Sentence,0
9.618709,14.847217,Sentence,2
7.3935947,14.066782,Sentence,2
9.89558,8.201834,Sentence,1
7.897239,13.44827,Sentence,2
9.436451,14.759295,Sentence,0
7.4841022,13.217433,Sentence,2
11.955386,13.929823,Sentence,1
8.335956,13.440146,Sentence,0
8.183925,13.575151,Sentence,2
7.90243,13.067832,Sentence,0
7.4469514,13.829416,Sentence,2
8.074169,13.270126,Sentence,2
8.297758,12.429314,Sentence,1
8.016141,13.573572,Sentence,2
12.375917,11.825307,Sentence,3
9.384487,9.879708,Sentence,1
9.878285,8.035581,Sentence,1
11.604219,11.983401,Sentence,3
6.402018,13.581251,Sentence,1
7.856832,12.52065,Sentence,0
8.594843,12.0717535,Sentence,2
7.3411074,12.309429,Sentence,0
11.187971,12.185784,Sentence,3
7.7079835,10.591833,Sentence,0
12.113832,11.029332,Sentence,1
7.623927,8.455069,Sentence,1
8.615019,10.794034,Sentence,1
8.949994,15.302577,Sentence,2
7.6304116,12.594284,Sentence,0
12.157032,11.539174,Sentence,3
9.095818,15.038579,Sentence,2
9.161004,12.237459,Sentence,2
9.441811,11.18922,Sentence,1
9.017911,12.779778,Sentence,2
7.3381433,13.517051,Sentence,2
8.862297,14.388538,Sentence,2
10.002494,11.650908,Sentence,1
7.40587,14.191464,Sentence,2
8.885034,12.841431,Sentence,2
8.152757,9.460346,Sentence,1
12.3734665,10.6888275,Sentence,2
11.97991,10.803658,Sentence,1
7.597531,12.16924,Sentence,0
7.3896394,13.042938,Sentence,2
10.745046,14.083197,Sentence,2
8.7795515,12.890697,Sentence,2
8.239198,12.23115,Sentence,0
8.058015,12.057959,Sentence,0
8.492317,13.650313,Sentence,2
12.107934,11.240997,Sentence,1
11.072379,12.536192,Sentence,2
7.405936,12.30165,Sentence,0
16.308979,9.632845,Sentence,3
9.190811,15.15329,Sentence,2
7.9848394,13.372423,Sentence,2
8.369591,14.1002865,Sentence,2
7.9291725,13.081002,Sentence,2
7.4365067,11.404194,Sentence,0
9.5774355,11.437596,Sentence,1
7.3373804,12.99705,Sentence,0
9.208667,13.710004,Sentence,2
8.400568,14.21066,Sentence,2
7.367692,13.019399,Sentence,0
8.157148,11.344755,Sentence,1
8.202334,13.108491,Sentence,2
7.2666864,13.08807,Sentence,0
7.920671,12.394013,Sentence,0
9.268575,12.921421,Sentence,2
10.5367155,10.861875,Sentence,1
11.677013,10.89191,Sentence,1
9.390231,13.147336,Sentence,2
10.092267,11.877064,Sentence,2
9.072282,11.698776,Sentence,1
9.847604,12.297726,Sentence,2
8.012452,11.586422,Sentence,0
8.726284,11.554618,Sentence,0
7.7721825,11.186482,Sentence,0
8.903167,13.802751,Sentence,0
10.102641,12.470869,Sentence,2
8.6064205,12.006387,Sentence,0
12.22511,11.731973,Sentence,3
8.845775,14.354324,Sentence,2
9.558171,12.571364,Sentence,1
7.910475,9.767856,Sentence,1
7.2567625,12.68742,Sentence,0
8.624331,15.070532,Sentence,2
7.331142,14.437237,Sentence,2
12.517205,10.455858,Sentence,1
10.719911,7.925694,Sentence,1
8.773674,12.81552,Sentence,2
10.574732,12.825501,Sentence,2
9.837068,10.644665,Sentence,1
8.798171,13.836476,Sentence,2
12.312291,10.574975,Sentence,1
8.706168,11.643992,Sentence,1
7.5679846,13.151786,Sentence,2
8.299466,11.707647,Sentence,0
8.71354,14.874347,Sentence,2
8.308906,13.493496,Sentence,2
8.117643,13.263202,Sentence,2
10.342712,14.308048,Sentence,3
9.0826025,14.954884,Sentence,1
9.7395315,8.289503,Sentence,1
7.9544396,8.699813,Sentence,1
9.419542,14.932305,Sentence,2
8.91671,14.541401,Sentence,2
8.777811,14.043483,Sentence,2
7.6877503,11.931213,Sentence,0
10.619998,8.994114,Sentence,1
7.3844767,10.457313,Sentence,0
11.26435,14.762038,Sentence,3
8.65611,13.830051,Sentence,2
10.156488,14.960269,Sentence,3
7.9654036,12.022692,Sentence,2
7.8494096,9.897474,Sentence,0
7.412529,14.453052,Sentence,2
8.953861,14.762854,Sentence,2
8.869815,15.467342,Sentence,2
10.748699,11.3252535,Sentence,1
4.2932224,4.584212,Sentence,1
8.125998,11.397626,Sentence,0
8.784334,12.35154,Sentence,1
7.338929,14.494553,Sentence,2
7.6257143,9.400156,Sentence,1
7.9884663,14.377184,Sentence,2
8.947431,11.020309,Sentence,2
8.039942,13.128063,Sentence,0
9.881139,13.563076,Sentence,2
8.757264,12.394323,Sentence,0
10.655582,7.5398064,Sentence,1
7.510214,11.608004,Sentence,0
7.5580287,9.553851,Sentence,1
8.389264,10.205113,Sentence,0
10.161298,11.8228,Sentence,2
7.674639,12.201591,Sentence,0
8.376693,14.123072,Sentence,2
8.918011,13.936306,Sentence,2
8.766234,11.711644,Sentence,1
7.470281,13.981341,Sentence,2
11.057109,8.05116,Sentence,1
7.9644613,13.424578,Sentence,2
12.213356,11.836012,Sentence,3
7.4287004,11.1940975,Sentence,0
9.654889,14.779355,Sentence,2
9.994496,10.029386,Sentence,1
8.412274,13.729678,Sentence,2
9.937793,12.827053,Sentence,2
7.5536056,13.099813,Sentence,0
9.348057,13.423154,Sentence,2
10.692028,12.629816,Sentence,2
8.577967,9.643759,Sentence,3
8.739734,12.568696,Sentence,2
9.041413,14.673296,Sentence,2
8.5983715,14.208404,Sentence,2
8.452596,10.773951,Sentence,1
7.6456223,13.79736,Sentence,2
9.258044,14.344409,Sentence,0
8.227032,9.657682,Sentence,0
10.368983,13.209931,Sentence,1
9.287657,14.1934595,Sentence,2
8.130938,13.777751,Sentence,2
11.102127,13.203667,Sentence,3
8.596144,14.03244,Sentence,1
9.004134,10.934922,Sentence,1
11.3938,14.015891,Sentence,3
8.911418,13.331627,Sentence,2
10.833676,13.24632,Sentence,2
11.687748,11.5813265,Sentence,3
8.09756,14.179981,Sentence,2
12.410667,10.628976,Sentence,1
8.158508,12.1530905,Sentence,0
9.361638,14.759901,Sentence,2
8.892853,14.026705,Sentence,2
7.8570013,14.164672,Sentence,2
9.256036,12.083251,Sentence,2
10.195773,9.653859,Sentence,1
9.954047,11.872178,Sentence,2
8.528663,9.367495,Sentence,1
7.655281,9.350912,Sentence,1
9.30876,13.096503,Sentence,2
8.58538,10.723499,Sentence,0
9.501684,13.484331,Sentence,2
9.299148,12.4072895,Sentence,2
10.805613,11.86823,Sentence,1
12.202895,10.738645,Sentence,1
9.751248,15.085291,Sentence,2
9.05615,13.966384,Sentence,2
8.125712,11.85038,Sentence,0
9.447644,14.996252,Sentence,2
9.432214,13.584736,Sentence,2
9.755529,13.431129,Sentence,2
11.719783,11.554084,Sentence,1
9.379514,14.364418,Sentence,2
9.645295,14.962817,Sentence,2
12.758283,10.472398,Sentence,1
12.776392,8.927296,Sentence,1
11.024391,12.536245,Sentence,3
8.276267,13.529415,Sentence,2
9.222739,14.5100975,Sentence,0
9.968599,10.788643,Sentence,3
8.267876,12.238371,Sentence,1
8.020407,13.568479,Sentence,2
11.759577,12.598598,Sentence,3
10.094375,13.309571,Sentence,2
8.697477,13.918482,Sentence,2
7.54645,12.682633,Sentence,2
10.853535,12.483081,Sentence,2
7.277611,11.879954,Sentence,0
7.4750476,10.715272,Sentence,0
7.3581104,13.580317,Sentence,2
8.82571,13.588324,Sentence,0
7.7382708,11.624569,Sentence,0
10.175707,11.926336,Sentence,1
10.214651,14.198357,Sentence,2
9.762609,14.0505,Sentence,3
8.316845,9.604943,Sentence,1
7.8369274,11.284222,Sentence,0
7.7169714,11.506118,Sentence,0
6.315977,13.571309,Sentence,0
10.314646,9.337766,Sentence,1
9.100807,14.739451,Sentence,2
8.5861845,13.114553,Sentence,0
7.83189,14.07565,Sentence,2
9.301302,11.318592,Sentence,1
10.605643,12.022255,Sentence,1
12.710258,11.754862,Sentence,3
7.8296432,12.449121,Sentence,0
7.686331,11.414343,Sentence,0
7.843047,9.71839,Sentence,1
7.5702133,14.316298,Sentence,2
8.323242,11.395023,Sentence,0
8.907901,14.176357,Sentence,0
7.511181,14.524794,Sentence,2
7.938329,12.95489,Sentence,0
8.164095,11.359666,Sentence,0
7.9334235,13.785278,Sentence,2
9.361235,13.546194,Sentence,2
7.868805,9.6148815,Sentence,0
8.854503,11.946396,Sentence,1
9.89528,7.2624454,Sentence,1
7.548808,11.4800205,Sentence,0
7.876292,13.4007635,Sentence,2
9.395204,12.965409,Sentence,1
9.007914,14.1671715,Sentence,2
8.867076,11.324393,Sentence,0
8.794408,9.105038,Sentence,1
8.483103,12.31367,Sentence,2
7.388764,11.959626,Sentence,0
11.908958,7.1666203,Sentence,1
7.4081173,14.334326,Sentence,2
10.291312,14.807657,Sentence,2
7.6380186,12.995114,Sentence,0
8.164257,10.124201,Sentence,1
7.6361346,13.4295635,Sentence,2
8.242025,12.500161,Sentence,0
8.17935,8.505886,Sentence,1
8.352639,14.944988,Sentence,2
7.790134,9.175243,Sentence,1
8.690474,13.00911,Sentence,2
10.112373,12.841375,Sentence,1
11.764858,11.582332,Sentence,1
7.4077144,9.878315,Sentence,0
12.37755,10.596126,Sentence,1
8.717825,11.914309,Sentence,0
7.1697755,14.25711,Sentence,2
7.7177587,10.408572,Sentence,0
8.810069,13.487469,Sentence,2
9.979284,11.294566,Sentence,1
8.516847,14.290246,Sentence,2
9.02098,13.279641,Sentence,0
9.784199,14.130523,Sentence,2
8.326025,10.312103,Sentence,1
12.07739,11.554408,Sentence,3
8.357725,8.207727,Sentence,3
7.955397,14.082627,Sentence,2
8.243289,12.762403,Sentence,2
7.1923966,12.509387,Sentence,0
7.5434604,10.60521,Sentence,0
8.227324,14.231293,Sentence,2
9.644919,10.41136,Sentence,1
7.1657057,13.6068945,Sentence,2
8.2500925,13.241447,Sentence,2
10.520022,12.978947,Sentence,3
6.7704325,13.443535,Sentence,1
7.723688,13.663032,Sentence,2
16.308645,9.633302,Sentence,3
10.335782,10.023471,Sentence,1
9.757676,14.888156,Sentence,2
9.904882,12.542549,Sentence,1
10.656707,13.980095,Sentence,1
8.224089,14.227975,Sentence,2
9.080212,13.563111,Sentence,2
9.227685,14.611928,Sentence,0
8.419222,10.712698,Sentence,0
8.035405,12.250932,Sentence,1
7.300039,12.776357,Sentence,0
8.613398,10.539903,Sentence,1
7.320188,8.461142,Sentence,1
7.6832647,13.843749,Sentence,2
7.23947,12.199186,Sentence,2
9.007236,12.245856,Sentence,1
10.057239,11.933822,Sentence,0
8.943327,13.117731,Sentence,2
7.5162597,8.784849,Sentence,1
8.546301,13.486867,Sentence,2
7.4142866,11.140465,Sentence,0
7.658665,11.393596,Sentence,0
11.089595,10.787947,Sentence,3
9.20641,12.982584,Sentence,2
12.379093,10.670291,Sentence,3
9.312043,11.805902,Sentence,1
8.858428,14.203899,Sentence,2
9.761304,8.172775,Sentence,0
9.447179,12.705849,Sentence,2
7.993218,10.699723,Sentence,0
9.288664,14.698982,Sentence,2
7.169511,13.260997,Sentence,2
8.418347,10.256472,Sentence,0
7.231207,12.173296,Sentence,0
8.939918,13.845877,Sentence,2
7.858314,11.609487,Sentence,0
7.9739437,12.73579,Sentence,2
10.421727,9.594254,Sentence,0
9.45363,13.985139,Sentence,1
7.5237107,12.91831,Sentence,0
7.401173,12.862067,Sentence,1
8.034878,14.007336,Sentence,2
8.710124,14.503785,Sentence,2
7.448121,10.985449,Sentence,0
7.3984737,13.728219,Sentence,2
8.284072,13.732492,Sentence,2
7.6132636,13.329677,Sentence,2
11.11151,11.40055,Sentence,1
8.799055,13.042469,Sentence,2
10.842633,13.595199,Sentence,3
8.7972355,14.055945,Sentence,2
7.614948,11.161914,Sentence,0
11.918438,11.2838335,Sentence,3
12.117558,10.327217,Sentence,1
7.4372506,12.610867,Sentence,0
7.757856,8.564444,Sentence,1
7.4733434,11.288436,Sentence,0
7.6766634,13.495621,Sentence,2
7.7767367,11.186509,Sentence,1
7.165053,12.485457,Sentence,0
12.189906,10.705742,Sentence,3
7.9181166,13.892557,Sentence,2
7.5040636,10.582333,Sentence,0
8.238922,11.799574,Sentence,0
11.584373,12.240535,Sentence,3
10.779907,12.592494,Sentence,2
10.212182,11.62956,Sentence,1
7.246829,14.336391,Sentence,2
11.825541,12.017691,Sentence,1
7.4049463,11.738398,Sentence,0
7.999648,12.315085,Sentence,0
7.3584285,10.837125,Sentence,0
9.71035,15.070076,Sentence,2
11.446889,14.264972,Sentence,2
7.8161516,13.056109,Sentence,0
11.778908,11.713484,Sentence,1
8.940483,13.491225,Sentence,0
8.426705,8.253443,Sentence,3
12.227182,11.602492,Sentence,3
7.4042554,12.084968,Sentence,0
7.8134136,13.863503,Sentence,2
9.113401,15.272304,Sentence,2
7.228722,14.335036,Sentence,2
10.315716,12.132686,Sentence,2
7.472996,13.94331,Sentence,2
10.52333,7.733835,Sentence,1
8.9967,13.434178,Sentence,2
8.679598,12.436064,Sentence,0
8.363142,8.720613,Sentence,1
10.674437,10.432153,Sentence,1
7.619616,11.821661,Sentence,0
7.3110337,12.743592,Sentence,0
16.308731,9.633296,Sentence,3
10.699214,12.202124,Sentence,2
9.408912,14.1880245,Sentence,2
10.573732,7.558659,Sentence,1
8.724887,14.224116,Sentence,0
10.285009,8.2556925,Sentence,1
8.484879,14.792096,Sentence,2
8.200803,11.300559,Sentence,0
9.8134,15.214488,Sentence,3
7.963461,13.676114,Sentence,2
7.8276706,8.697916,Sentence,1
7.531865,23.820177,Sentence,1
7.31083,13.97389,Sentence,2
7.6860876,12.562674,Sentence,0
11.530477,11.439332,Sentence,1
8.901672,14.211578,Sentence,2
7.8372316,11.640168,Sentence,0
8.004635,9.538237,Sentence,1
11.503044,11.568572,Sentence,3
7.5425506,13.157425,Sentence,0
9.6283455,11.689736,Sentence,1
8.231031,11.038635,Sentence,0
8.641208,13.875246,Sentence,0
9.327241,12.288728,Sentence,3
8.903017,13.376165,Sentence,2
10.095691,13.884334,Sentence,2
8.652263,12.593048,Sentence,2
7.09937,11.195048,Sentence,0
7.500985,10.56547,Sentence,0
9.068741,13.799713,Sentence,2
8.670709,10.615863,Sentence,1
7.0163236,12.415109,Sentence,0
8.606691,11.879301,Sentence,2
8.515569,11.16004,Sentence,0
7.2181373,12.300448,Sentence,0
10.712351,13.078109,Sentence,3
7.492705,13.757865,Sentence,2
7.855454,11.900969,Sentence,0
6.7843943,13.453029,Sentence,1
12.800362,8.925817,Sentence,1
9.024176,11.732685,Sentence,1
10.515495,15.380292,Sentence,3
8.032084,8.675065,Sentence,1
8.342222,13.920166,Sentence,2
9.234963,14.403578,Sentence,2
7.9504166,12.686425,Sentence,0
10.4897995,12.939843,Sentence,3
10.660454,8.195392,Sentence,1
11.501219,11.984705,Sentence,3
12.571738,11.867804,Sentence,3
8.49095,12.193668,Sentence,2
7.4453673,11.000635,Sentence,0
7.1889744,12.2984295,Sentence,0
7.1917434,13.837509,Sentence,2
7.510359,13.638281,Sentence,2
7.211166,13.012786,Sentence,2
7.353166,12.493892,Sentence,0
8.52442,11.079305,Sentence,0
8.064773,13.385979,Sentence,2
7.5316734,13.499174,Sentence,0
8.893223,10.58298,Sentence,0
11.862623,12.176289,Sentence,3
9.194568,14.795918,Sentence,2
8.693076,12.871236,Sentence,2
8.921706,10.964665,Sentence,1
8.296753,14.275868,Sentence,2
9.654209,12.525677,Sentence,2
8.40151,9.16809,Sentence,0
8.552457,15.265122,Sentence,2
11.269824,15.6971445,Sentence,3
10.264803,11.041365,Sentence,1
9.423643,13.709172,Sentence,2
8.365876,14.075984,Sentence,2
8.183553,13.871945,Sentence,0
12.1142,10.3128805,Sentence,3
10.239604,12.558658,Sentence,2
8.19462,8.778006,Sentence,1
10.037315,11.940247,Sentence,1
7.3463864,11.729663,Sentence,0
8.96538,13.331754,Sentence,2
7.133307,12.898774,Sentence,0
7.374281,11.174984,Sentence,0
10.451467,9.312495,Sentence,1
7.8963394,12.857825,Sentence,0
16.30892,9.633237,Sentence,3
7.27204,13.237587,Sentence,0
7.1682367,12.475445,Sentence,0
9.411179,15.232625,Sentence,2
7.9583173,11.88187,Sentence,0
7.5648146,13.696302,Sentence,2
8.244304,12.016758,Sentence,1
8.407222,11.542292,Sentence,1
8.85244,14.729865,Sentence,2
7.2465906,11.014093,Sentence,0
8.212523,11.751568,Sentence,0
16.319231,9.626951,Sentence,3
7.554375,12.913208,Sentence,0
9.255601,14.001177,Sentence,2
7.5065084,12.751666,Sentence,0
7.7405615,12.751095,Sentence,0
9.646162,13.609188,Sentence,2
8.424642,9.021728,Sentence,1
10.445958,15.315563,Sentence,0
11.03161,12.364965,Sentence,2
7.7266135,13.206273,Sentence,2
9.016843,14.286605,Sentence,2
8.73545,12.691481,Sentence,2
9.404154,13.381604,Sentence,2
8.389426,13.755451,Sentence,2
10.012307,12.344129,Sentence,1
8.381,13.804523,Sentence,2
7.961773,12.5474615,Sentence,0
10.297212,10.50823,Sentence,1
8.507432,8.831842,Sentence,1
10.217577,11.240939,Sentence,1
10.355848,7.868218,Sentence,1
8.613597,12.555186,Sentence,0
8.5789585,12.787193,Sentence,0
11.510808,11.879968,Sentence,3
16.311394,9.634194,Sentence,3
11.01695,12.831457,Sentence,3
10.002079,7.986434,Sentence,0
8.743553,13.759744,Sentence,2
12.04965,13.77873,Sentence,3
8.413548,8.010704,Sentence,3
7.841964,12.849629,Sentence,0
9.208955,13.730347,Sentence,2
8.321392,11.204296,Sentence,1
8.612526,13.2595,Sentence,2
7.891856,11.877916,Sentence,0
7.563207,9.724176,Sentence,1
11.662557,11.6552725,Sentence,3
10.574741,13.522104,Sentence,2
8.788276,12.993708,Sentence,2
8.476016,14.831718,Sentence,2
8.763485,14.355165,Sentence,0
10.75575,13.997247,Sentence,2
9.134535,10.972802,Sentence,1
9.701148,12.911878,Sentence,2
8.05875,12.888831,Sentence,2
8.337633,12.164776,Sentence,0
7.385944,12.768323,Sentence,0
11.288831,9.842721,Sentence,1
12.79889,8.160465,Sentence,1
8.545469,9.580248,Sentence,1
9.491392,11.61501,Sentence,1
9.803556,14.462193,Sentence,2
9.727383,14.643103,Sentence,2
7.794864,12.596752,Sentence,0
7.5835314,14.532678,Sentence,2
7.791537,11.344898,Sentence,0
7.7371182,10.079337,Sentence,0
11.402485,11.636265,Sentence,1
7.8815312,11.306874,Sentence,1
9.148314,14.044537,Sentence,2
9.208747,15.291053,Sentence,0
9.212539,13.70093,Sentence,2
8.841893,12.254173,Sentence,0
7.5850835,9.323645,Sentence,1
8.694812,12.125448,Sentence,1
10.073849,10.572683,Sentence,1
9.968807,14.931762,Sentence,2
8.412511,13.808303,Sentence,2
8.69522,13.113413,Sentence,2
7.506897,10.464371,Sentence,0
7.7925696,12.790358,Sentence,0
7.596613,13.35619,Sentence,1
8.694353,15.077892,Sentence,0
10.196368,9.999729,Sentence,0
8.865269,15.019789,Sentence,2
11.929407,11.384227,Sentence,3
7.412472,12.540871,Sentence,0
7.6843624,14.627079,Sentence,2
9.802084,15.092114,Sentence,2
7.2009025,14.14871,Sentence,2
11.811246,12.451545,Sentence,3
7.857411,14.2189,Sentence,2
7.729419,13.671991,Sentence,2
9.997794,12.984039,Sentence,2
9.281565,11.4616375,Sentence,0
11.970654,10.3878565,Sentence,1
9.446288,14.602339,Sentence,2
6.7218585,13.54021,Sentence,1
9.430388,12.669411,Sentence,1
8.87931,14.309909,Sentence,0
7.92387,14.9080925,Sentence,3
12.20608,10.816391,Sentence,1
8.85956,13.976204,Sentence,0
6.7615776,13.608505,Sentence,1
7.440844,14.129766,Sentence,2
8.115473,13.676204,Sentence,2
7.212896,13.145035,Sentence,0
7.324157,11.515808,Sentence,0
9.467759,13.824067,Sentence,2
12.169803,10.523926,Sentence,1
8.258414,11.344138,Sentence,0
8.659121,14.120381,Sentence,2
6.6873293,8.935396,Sentence,1
7.808134,13.807149,Sentence,2
7.9140034,9.5751,Sentence,1
7.538996,14.265536,Sentence,2
10.315741,13.376828,Sentence,3
7.3764715,12.65701,Sentence,0
9.541493,13.282699,Sentence,1
9.039441,11.369844,Sentence,1
6.8917966,21.032207,Sentence,1
7.4690347,11.672625,Sentence,0
8.399566,10.9975195,Sentence,1
10.667829,10.553602,Sentence,1
8.066529,11.361248,Sentence,1
11.39901,11.45482,Sentence,3
8.27237,12.995218,Sentence,2
7.224963,11.023,Sentence,0
10.150917,11.396295,Sentence,1
8.641846,11.456647,Sentence,1
11.492519,12.028436,Sentence,3
11.088367,11.316252,Sentence,1
8.080118,12.543212,Sentence,0
8.001571,10.767284,Sentence,1
8.94461,11.283494,Sentence,1
7.48614,13.08591,Sentence,2
10.532441,11.887064,Sentence,1
6.7672563,13.582015,Sentence,2
8.861135,15.356352,Sentence,2
8.978946,12.728098,Sentence,1
8.87876,12.989923,Sentence,1
7.466377,13.11837,Sentence,0
7.987781,10.139976,Sentence,0
10.850392,13.215177,Sentence,3
8.344273,8.586724,Sentence,1
7.087421,12.514272,Sentence,0
8.969015,12.874325,Sentence,2
11.10057,6.9102025,Sentence,1
10.665579,11.665985,Sentence,3
9.14904,13.907618,Sentence,2
9.375919,15.265686,Sentence,2
7.405721,13.103631,Sentence,0
7.2116766,8.089523,Sentence,1
7.5508575,14.434389,Sentence,2
10.370718,10.867606,Sentence,1
12.668349,10.307538,Sentence,3
9.956773,12.781707,Sentence,1
8.316435,13.385745,Sentence,2
9.9997,13.824784,Sentence,2
7.743395,13.056331,Sentence,2
7.555284,10.748989,Sentence,0
7.7246943,11.487539,Sentence,0
8.286503,13.511815,Sentence,2
7.973057,12.940306,Sentence,0
7.1925707,12.054807,Sentence,0
9.90249,7.2666106,Sentence,1
7.4077415,9.934418,Sentence,0
10.674946,10.073771,Sentence,1
8.388385,12.790872,Sentence,2
7.6720376,12.027785,Sentence,0
7.7975636,13.654633,Sentence,2
7.4111605,9.52709,Sentence,1
9.597937,14.683898,Sentence,2
8.399878,11.752661,Sentence,0
7.283395,14.184648,Sentence,2
8.429824,12.283219,Sentence,1
7.1568937,12.746945,Sentence,0
8.80689,12.025443,Sentence,1
7.5394597,11.887629,Sentence,0
8.402114,9.704571,Sentence,1
9.881154,11.469242,Sentence,1
9.999084,13.62993,Sentence,2
8.10852,11.5901165,Sentence,1
10.711646,13.952665,Sentence,2
7.821831,12.327068,Sentence,0
8.098191,12.567399,Sentence,0
10.63227,11.809672,Sentence,3
7.6152897,11.387125,Sentence,0
9.715767,12.477859,Sentence,3
8.137651,9.897596,Sentence,1
7.7959933,9.274528,Sentence,1
11.5186205,13.950387,Sentence,2
7.9374466,13.337034,Sentence,2
7.496247,11.725092,Sentence,0
10.160232,8.076456,Sentence,1
8.460623,13.282072,Sentence,2
8.322619,11.040293,Sentence,1
8.916319,13.412313,Sentence,2
9.818278,11.318433,Sentence,1
9.071057,12.573989,Sentence,1
8.452761,13.387731,Sentence,2
11.064781,13.656372,Sentence,1
7.745682,9.003591,Sentence,1
7.8349185,10.424289,Sentence,0
8.962414,13.621467,Sentence,2
11.428427,13.5075035,Sentence,3
8.838324,15.129416,Sentence,2
7.519147,9.899821,Sentence,0
7.714368,12.390513,Sentence,0
7.5671782,10.083934,Sentence,0
8.949856,12.936789,Sentence,2
7.587813,9.93374,Sentence,0
9.95426,11.316272,Sentence,1
8.955373,14.78092,Sentence,2
8.287866,13.83359,Sentence,2
7.3209395,12.300276,Sentence,0
8.972375,13.849735,Sentence,2
9.857323,13.155383,Sentence,2
11.135715,11.409738,Sentence,1
12.324876,10.696312,Sentence,3
7.865029,8.570522,Sentence,1
9.359602,14.694178,Sentence,2
13.562362,-2.9255977,Sentence,3
9.25071,12.668936,Sentence,0
8.758848,13.368629,Sentence,0
7.5990744,12.403085,Sentence,0
10.253432,13.360489,Sentence,3
17.26139,11.114227,Sentence,3
11.790286,10.443982,Sentence,1
8.69714,13.055346,Sentence,2
9.981058,11.6647835,Sentence,1
8.356468,12.981776,Sentence,2
9.770635,12.767182,Sentence,1
8.502243,12.790398,Sentence,2
7.704819,13.4157095,Sentence,0
9.898922,9.418581,Sentence,1
8.0588255,11.96803,Sentence,0
8.18351,9.75382,Sentence,0
11.000529,14.581822,Sentence,1
6.6079326,13.654899,Sentence,1
10.161057,11.913373,Sentence,1
9.838031,12.636184,Sentence,2
7.5583034,13.197416,Sentence,2
11.985424,11.406103,Sentence,3
7.1537027,11.783341,Sentence,0
7.828782,13.087973,Sentence,0
10.099033,13.173019,Sentence,3
10.21033,10.171235,Sentence,1
10.925784,10.040375,Sentence,1
10.166154,11.201659,Sentence,1
7.570461,11.349499,Sentence,0
8.030958,12.537716,Sentence,0
9.911791,12.433978,Sentence,2
12.149742,10.594385,Sentence,3
8.978153,12.994553,Sentence,1
7.1682167,12.177143,Sentence,0
10.823291,13.89433,Sentence,2
8.709023,12.260276,Sentence,2
7.5317736,23.824087,Sentence,1
8.155353,12.26053,Sentence,0
10.122869,12.548888,Sentence,1
6.9827485,11.016713,Sentence,0
7.8255024,14.049426,Sentence,2
13.5651245,-2.917401,Sentence,3
9.400489,13.18671,Sentence,2
8.688463,10.810738,Sentence,1
8.558974,14.178842,Sentence,2
10.489974,15.292437,Sentence,3
11.902324,7.1700783,Sentence,1
8.415949,12.750757,Sentence,2
8.4648,14.460137,Sentence,2
7.793696,13.379657,Sentence,2
11.171394,12.844184,Sentence,2
11.661772,11.9642725,Sentence,3
12.303825,10.7331,Sentence,1
7.9769063,11.262301,Sentence,0
7.0708923,14.425224,Sentence,2
12.580925,11.696568,Sentence,3
7.5256944,23.83373,Sentence,1
10.015254,14.480339,Sentence,2
10.642513,12.156543,Sentence,1
8.251006,8.971412,Sentence,0
8.174425,13.9948635,Sentence,2
7.8734736,13.361446,Sentence,2
8.754993,15.336437,Sentence,2
9.58217,10.330738,Sentence,1
7.2735386,12.527831,Sentence,0
8.6942005,14.160916,Sentence,0
8.135362,14.849321,Sentence,2
10.27918,11.190076,Sentence,1
7.5555043,8.929847,Sentence,1
9.099452,12.809092,Sentence,2
10.1064825,12.872464,Sentence,2
7.893664,12.623658,Sentence,2
7.6687903,11.647264,Sentence,0
11.578102,11.426371,Sentence,3
7.590786,12.509733,Sentence,0
8.817069,11.23294,Sentence,0
10.341985,12.505187,Sentence,2
8.642427,10.42914,Sentence,0
9.007052,15.404383,Sentence,3
11.781472,9.644634,Sentence,1
11.363017,12.339533,Sentence,3
7.806681,11.864011,Sentence,0
10.033727,12.440171,Sentence,2
7.0343876,12.361471,Sentence,0
8.9605255,12.546344,Sentence,2
7.5683827,13.044278,Sentence,2
9.032648,13.186488,Sentence,2
10.356991,10.328707,Sentence,1
8.6347475,10.834727,Sentence,0
10.118472,13.33283,Sentence,2
7.283869,13.062955,Sentence,0
8.843065,10.101664,Sentence,1
10.275671,11.83435,Sentence,1
11.423869,9.702804,Sentence,1
7.8073545,13.318382,Sentence,2
8.0088,12.188006,Sentence,0
8.101632,12.573425,Sentence,2
7.2716846,14.407465,Sentence,2
9.051842,14.814547,Sentence,2
7.863527,11.4988575,Sentence,0
7.911846,14.494586,Sentence,1
7.8867936,9.448196,Sentence,1
7.7193513,14.484651,Sentence,2
12.1554985,10.761005,Sentence,3
8.660301,14.037759,Sentence,2
7.6912255,11.311564,Sentence,0
12.041183,11.508797,Sentence,3
8.95332,14.3674965,Sentence,2
9.427863,10.759015,Sentence,1
7.4962587,13.805886,Sentence,2
7.585805,12.454025,Sentence,0
9.872265,12.280776,Sentence,2
6.731833,13.544742,Sentence,2
9.640068,15.159592,Sentence,3
8.125435,13.836729,Sentence,2
11.475365,12.109147,Sentence,1
8.217128,13.133572,Sentence,0
9.812301,13.63519,Sentence,2
8.594052,13.129744,Sentence,2
8.906193,14.819779,Sentence,1
7.761166,11.311593,Sentence,0
8.637398,14.482578,Sentence,2
7.7637024,14.1624565,Sentence,2
9.615629,13.614686,Sentence,2
10.67654,11.070877,Sentence,0
7.5740337,12.424917,Sentence,0
8.394262,12.567228,Sentence,2
9.32178,11.54626,Sentence,1
7.6469536,10.596934,Sentence,0
8.191242,9.507826,Sentence,1
7.659264,13.8503275,Sentence,2
10.280269,13.132518,Sentence,1
8.173463,9.351236,Sentence,1
9.6150255,15.09624,Sentence,2
17.257835,11.111399,Sentence,3
9.793691,12.305998,Sentence,3
9.426212,11.356141,Sentence,1
9.406015,12.95491,Sentence,1
8.020381,13.797725,Sentence,2
8.161286,14.832574,Sentence,2
10.0200615,12.011366,Sentence,2
10.653307,12.23078,Sentence,2
11.404423,11.46238,Sentence,2
7.9620643,13.879814,Sentence,2
7.8010554,11.061509,Sentence,0
13.558107,-2.9258351,Sentence,3
11.710598,10.995341,Sentence,1
8.344648,13.511406,Sentence,2
6.8575635,13.403163,Sentence,0
7.6903386,12.414774,Sentence,1
7.9516196,12.814631,Sentence,0
7.8755965,13.153952,Sentence,0
8.291152,12.760788,Sentence,0
7.960172,12.513149,Sentence,0
8.79191,10.511676,Sentence,1
8.418405,13.56349,Sentence,1
8.300959,10.065796,Sentence,0
8.128432,12.798281,Sentence,2
8.288299,14.407484,Sentence,2
9.218087,14.285154,Sentence,2
8.151761,13.282206,Sentence,2
9.15317,15.101163,Sentence,2
7.653338,14.377789,Sentence,1
8.8305855,15.401936,Sentence,2
9.36206,10.977959,Sentence,1
8.728388,12.776064,Sentence,2
7.8130293,13.797091,Sentence,2
7.8590636,13.922797,Sentence,2
7.01669,12.899241,Sentence,2
9.110543,12.34157,Sentence,2
11.871284,11.677326,Sentence,3
11.6028185,12.5144,Sentence,3
7.976594,9.60833,Sentence,1
8.280749,9.255848,Sentence,1
7.444865,13.340741,Sentence,2
7.1320376,14.146283,Sentence,2
7.8354053,13.603857,Sentence,2
8.048424,13.334348,Sentence,2
10.154125,13.445143,Sentence,2
8.559659,11.01492,Sentence,0
11.357375,11.8237705,Sentence,3
11.562867,10.767003,Sentence,3
9.535475,13.723049,Sentence,2
8.376883,9.027531,Sentence,1
7.19953,11.970122,Sentence,0
7.985238,13.285919,Sentence,2
7.427788,12.115889,Sentence,0
8.427677,14.0494585,Sentence,2
9.422064,14.697632,Sentence,2
6.938419,20.930414,Sentence,3
8.438472,12.494743,Sentence,0
7.542669,8.66555,Sentence,1
7.9422507,14.34957,Sentence,2
8.1698,14.454881,Sentence,2
8.324302,8.609493,Sentence,1
7.5944514,13.384055,Sentence,0
12.448915,11.753235,Sentence,3
8.216369,11.638782,Sentence,0
9.49538,13.132935,Sentence,2
7.934972,13.331442,Sentence,2
7.822798,9.457074,Sentence,1
9.157422,14.241482,Sentence,2
9.99764,13.075656,Sentence,2
7.273593,14.408324,Sentence,2
8.110026,13.655073,Sentence,2
9.053287,15.566701,Sentence,1
8.415512,11.416877,Sentence,1
8.131908,14.009976,Sentence,2
7.365246,12.935665,Sentence,0
7.7187862,10.175226,Sentence,0
9.743494,12.215008,Sentence,3
7.62752,12.343444,Sentence,0
10.175748,12.244788,Sentence,2
8.250353,12.686479,Sentence,0
8.08466,13.400471,Sentence,2
8.434265,13.8628025,Sentence,2
8.688213,11.5283375,Sentence,2
9.337918,13.624353,Sentence,0
11.089701,11.265417,Sentence,1
7.471678,10.948244,Sentence,1
9.9159,12.746347,Sentence,2
7.541662,13.148127,Sentence,0
7.7420397,13.719764,Sentence,2
10.139363,12.817037,Sentence,2
7.832487,8.208221,Sentence,1
11.003139,12.403353,Sentence,3
7.7406936,13.2134285,Sentence,0
7.740816,12.1187935,Sentence,0
7.586022,11.356127,Sentence,0
9.656907,14.985898,Sentence,2
7.780527,13.5659,Sentence,2
8.337633,12.67509,Sentence,2
11.525509,11.590335,Sentence,1
9.555757,12.201111,Sentence,0
7.2573504,11.1472025,Sentence,0
8.080642,12.559092,Sentence,0
7.8752475,13.700984,Sentence,0
8.479308,8.009815,Sentence,3
10.630432,10.852526,Sentence,3
8.599095,13.457038,Sentence,0
11.569782,11.111719,Sentence,1
7.292961,9.645196,Sentence,1
7.3741083,12.46611,Sentence,0
12.789148,8.942675,Sentence,1
11.135988,12.701259,Sentence,2
11.036103,9.994622,Sentence,3
7.5058002,12.814441,Sentence,2
6.892099,21.031343,Sentence,1
7.765162,13.716769,Sentence,2
8.157777,12.334519,Sentence,0
8.571116,13.520896,Sentence,0
8.450129,10.737837,Sentence,0
8.324248,8.858399,Sentence,1
8.396044,11.488294,Sentence,1
9.566824,11.808861,Sentence,1
8.248444,8.386954,Sentence,1
8.867498,14.673169,Sentence,2
10.024208,11.877219,Sentence,1
11.909888,10.435849,Sentence,3
7.4769278,14.372372,Sentence,2
9.788756,13.49529,Sentence,2
8.086014,8.635792,Sentence,1
8.685861,14.939243,Sentence,2
9.390731,10.562267,Sentence,1
10.045583,14.379955,Sentence,2
9.676788,14.821292,Sentence,2
8.85266,12.010334,Sentence,2
7.8360424,11.140133,Sentence,0
8.172141,14.575981,Sentence,2
7.633514,12.412344,Sentence,0
10.623314,11.787695,Sentence,3
13.555943,-2.9258,Sentence,3
10.755233,13.429384,Sentence,2
7.297902,13.197486,Sentence,2
7.514042,12.879452,Sentence,0
9.148686,11.538457,Sentence,1
8.051112,9.629128,Sentence,0
11.761973,11.289796,Sentence,3
8.651456,14.768558,Sentence,2
10.059287,14.563384,Sentence,2
7.574519,14.102305,Sentence,2
9.295178,12.990474,Sentence,3
7.5968714,13.122703,Sentence,2
7.2081447,11.410174,Sentence,0
8.554627,13.400957,Sentence,1
9.48587,13.067461,Sentence,2
11.411793,11.682063,Sentence,1
9.304431,11.738545,Sentence,1
9.456626,14.568048,Sentence,2
9.147671,12.940891,Sentence,2
8.415501,14.177993,Sentence,2
10.585544,7.5616117,Sentence,1
9.58242,14.403241,Sentence,2
12.239387,11.861369,Sentence,3
7.08999,13.874765,Sentence,1
10.010567,12.210954,Sentence,3
9.10356,14.316796,Sentence,2
7.414665,13.408025,Sentence,2
8.473774,13.150775,Sentence,2
9.735019,13.163716,Sentence,1
9.308429,13.517371,Sentence,2
11.458633,10.3556795,Sentence,3
8.618844,13.770684,Sentence,2
11.909686,7.1642985,Sentence,1
7.9738975,13.66903,Sentence,2
9.168313,14.314356,Sentence,2
10.503189,7.753169,Sentence,1
8.046037,13.048997,Sentence,0
7.6392555,14.382501,Sentence,2
9.838571,14.471618,Sentence,2
12.964623,12.469983,Sentence,3
9.080004,15.096772,Sentence,0
8.749847,14.041676,Sentence,2
7.715453,12.591865,Sentence,0
9.163306,13.849075,Sentence,2
8.177186,8.626634,Sentence,1
10.022782,13.307722,Sentence,2
9.18156,14.725609,Sentence,2
9.032664,13.653373,Sentence,2
7.25957,11.277929,Sentence,0
8.553071,13.7527075,Sentence,2
9.8054085,10.947805,Sentence,1
7.3660655,11.708232,Sentence,0
7.7720566,13.878591,Sentence,2
10.518692,9.253698,Sentence,1
9.118095,14.183198,Sentence,2
7.174219,14.472222,Sentence,2
11.691341,12.172302,Sentence,2
8.619904,9.952782,Sentence,0
9.26726,12.262466,Sentence,0
8.587306,14.408524,Sentence,2
8.332541,8.866633,Sentence,1
9.034578,13.108195,Sentence,2
7.64731,14.3501215,Sentence,2
8.188467,13.111565,Sentence,2
13.166555,12.507651,Sentence,3
5.732454,5.510118,Sentence,1
12.073812,10.564219,Sentence,3
9.311962,11.315577,Sentence,0
8.155949,14.07422,Sentence,2
8.01981,12.221471,Sentence,0
10.857513,12.30579,Sentence,1
8.758144,11.423506,Sentence,0
11.869569,11.792282,Sentence,3
9.242797,11.175354,Sentence,0
8.667761,14.326754,Sentence,0
8.405634,13.921272,Sentence,2
8.49519,12.283432,Sentence,2
8.506724,8.203071,Sentence,3
7.277185,12.569754,Sentence,0
8.730544,13.070434,Sentence,2
8.538402,15.140737,Sentence,2
9.713629,11.143058,Sentence,1
7.2321806,12.965976,Sentence,0
7.6149364,8.635046,Sentence,1
9.485568,14.277087,Sentence,2
7.009304,13.520722,Sentence,2
9.047646,11.54351,Sentence,0
7.507571,14.059001,Sentence,2
9.827761,11.913359,Sentence,2
7.2183933,12.915216,Sentence,0
8.7610855,13.7046385,Sentence,0
10.744693,12.456207,Sentence,1
4.293069,4.5840855,Sentence,1
9.105324,15.081118,Sentence,2
7.6177588,13.470125,Sentence,2
8.867992,14.144617,Sentence,0
9.379669,9.9151535,Sentence,1
7.508608,13.269763,Sentence,2
7.091915,12.584909,Sentence,0
11.639904,14.31213,Sentence,1
8.486786,13.721881,Sentence,2
7.43732,12.415077,Sentence,0
10.366774,12.841964,Sentence,1
11.268863,14.735198,Sentence,3
9.461283,14.7814045,Sentence,1
9.0360985,15.374056,Sentence,2
8.532889,13.917784,Sentence,2
8.240219,12.939844,Sentence,2
8.487758,14.149952,Sentence,2
7.4558907,12.405044,Sentence,0
7.691744,11.081318,Sentence,0
8.019409,10.863076,Sentence,0
8.357827,9.0955515,Sentence,1
11.136751,11.45603,Sentence,3
9.267715,14.991867,Sentence,2
8.276002,14.293457,Sentence,2
12.373517,10.913836,Sentence,3
7.4899163,12.820854,Sentence,0
7.2758694,11.919551,Sentence,0
9.767488,13.759186,Sentence,2
7.400698,13.598859,Sentence,2
7.759882,14.0274105,Sentence,2
9.888096,7.256634,Sentence,2
9.0112705,14.100757,Sentence,2
8.879777,14.079243,Sentence,0
10.295732,8.194343,Sentence,1
7.561976,12.437911,Sentence,0
10.426769,11.631357,Sentence,1
9.501704,13.005433,Sentence,2
10.249303,13.291189,Sentence,1
9.380526,11.388533,Sentence,0
10.208691,9.640024,Sentence,1
8.443816,10.674048,Sentence,0
8.882917,13.044363,Sentence,2
10.032696,12.062405,Sentence,2
7.914274,11.274404,Sentence,0
10.129103,13.579238,Sentence,2
8.761809,11.132313,Sentence,1
7.921665,13.435419,Sentence,2
17.25824,11.111294,Sentence,3
8.038216,10.318477,Sentence,0
7.421666,13.836937,Sentence,2
7.3044214,12.656647,Sentence,0
9.271043,15.124609,Sentence,3
7.941724,13.618492,Sentence,1
10.161846,14.94782,Sentence,2
10.659478,8.661401,Sentence,1
10.452173,12.324995,Sentence,1
8.760054,11.825228,Sentence,1
10.023647,14.567769,Sentence,2
8.33376,13.681407,Sentence,2
6.9285293,13.265974,Sentence,1
9.343405,12.164377,Sentence,1
8.883944,11.903029,Sentence,1
8.273002,13.809159,Sentence,2
11.543816,13.919914,Sentence,2
7.731283,13.082127,Sentence,0
8.552707,7.9522576,Sentence,3
10.330132,14.55633,Sentence,1
8.821801,13.295988,Sentence,2
11.680746,10.224221,Sentence,1
7.548672,11.683716,Sentence,0
9.290896,12.844258,Sentence,0
12.604862,11.894302,Sentence,3
7.817492,11.32775,Sentence,0
7.700387,13.31335,Sentence,2
9.284737,14.939395,Sentence,2
7.4303317,9.656559,Sentence,1
7.430381,12.797264,Sentence,0
9.635034,15.217434,Sentence,3
8.483079,13.063845,Sentence,2
9.467271,14.339175,Sentence,2
9.9000025,11.83874,Sentence,1
7.1218576,13.016396,Sentence,0
11.329225,12.0293665,Sentence,3
10.258118,14.781619,Sentence,1
8.535848,14.992385,Sentence,2
7.6262636,12.73884,Sentence,0
9.061754,12.570856,Sentence,1
8.0571785,13.097055,Sentence,0
7.4782724,11.572448,Sentence,0
8.244665,10.750766,Sentence,1
7.427076,11.344961,Sentence,0
8.120603,13.77202,Sentence,2
6.949897,13.603155,Sentence,1
8.24655,10.886605,Sentence,0
13.5580225,-2.9258943,Sentence,3
7.9422483,13.480354,Sentence,2
11.160901,11.105336,Sentence,3
10.198413,13.491201,Sentence,2
11.142382,12.304266,Sentence,3
8.150456,13.5679245,Sentence,2
8.190339,11.386316,Sentence,0
7.2257676,13.447737,Sentence,2
11.829307,10.296701,Sentence,3
7.454724,10.956736,Sentence,0
8.219988,13.719122,Sentence,2
8.968188,10.534685,Sentence,0
8.583599,14.34688,Sentence,2
7.9111323,10.131939,Sentence,0
7.985879,14.09429,Sentence,2
10.482354,10.424851,Sentence,1
10.679174,8.418764,Sentence,1
11.135008,12.859789,Sentence,2
9.262261,10.661008,Sentence,0
7.36894,13.983143,Sentence,2
9.025173,13.592885,Sentence,2
8.018606,14.080978,Sentence,2
9.655028,12.918605,Sentence,2
7.33417,13.179751,Sentence,0
11.572233,14.041215,Sentence,2
10.166313,9.888562,Sentence,1
8.077244,12.550732,Sentence,2
9.32457,14.521519,Sentence,2
7.980417,11.064781,Sentence,0
7.5653577,13.293156,Sentence,2
7.1593432,12.209806,Sentence,0
8.120829,8.648229,Sentence,1
9.195117,12.655232,Sentence,1
8.519258,11.621707,Sentence,0
12.235099,11.675689,Sentence,3
8.109522,11.383115,Sentence,0
7.870687,11.909011,Sentence,0
7.222595,13.372384,Sentence,2
7.0777864,12.492879,Sentence,0
7.3177104,11.165743,Sentence,0
10.0372,14.014828,Sentence,2
7.9628425,11.899961,Sentence,0
8.265821,12.203783,Sentence,0
8.7231455,14.356559,Sentence,2
7.7202315,13.711673,Sentence,2
8.793645,10.603288,Sentence,1
8.3800125,11.157763,Sentence,0
7.535336,13.147869,Sentence,2
11.128601,7.697271,Sentence,1
10.067234,11.742842,Sentence,1
7.7414093,11.024763,Sentence,0
9.888379,12.624817,Sentence,1
9.409552,13.774796,Sentence,2
9.667998,12.060884,Sentence,3
8.695371,12.393909,Sentence,2
7.0646887,13.004862,Sentence,0
7.91312,11.063473,Sentence,0
8.526911,11.670593,Sentence,0
10.968129,13.905986,Sentence,3
7.6233087,12.114459,Sentence,0
7.4549875,8.823869,Sentence,1
9.917127,13.058664,Sentence,2
7.6318517,12.41316,Sentence,0
10.050945,14.955872,Sentence,3
10.1462145,9.779601,Sentence,1
7.673834,12.072302,Sentence,0
8.929515,12.77587,Sentence,2
11.143434,11.564805,Sentence,3
7.631657,13.5913105,Sentence,2
9.548052,15.486608,Sentence,2
8.036809,13.560368,Sentence,2
10.880102,12.52725,Sentence,3
11.888587,11.925025,Sentence,3
11.031877,10.781226,Sentence,1
8.367714,9.010126,Sentence,1
7.229018,12.960923,Sentence,2
8.357407,12.261601,Sentence,0
8.615415,14.51602,Sentence,2
10.302918,10.310871,Sentence,1
7.3718953,10.165886,Sentence,0
8.559001,13.694355,Sentence,2
10.775222,13.9289,Sentence,2
8.037005,13.442324,Sentence,2
10.352327,10.310567,Sentence,3
9.2177725,11.323647,Sentence,1
8.043772,14.044012,Sentence,2
7.568061,9.856643,Sentence,1
7.5855083,11.188573,Sentence,0
8.022244,13.270883,Sentence,2
11.02677,10.968054,Sentence,1
7.5365453,9.017225,Sentence,1
7.67408,11.4468565,Sentence,0
9.463498,11.296383,Sentence,0
7.927186,12.443623,Sentence,0
8.553162,14.702859,Sentence,2
10.891506,12.342007,Sentence,1
7.8453903,12.973373,Sentence,0
7.180705,12.689291,Sentence,2
9.288911,15.094326,Sentence,2
7.9019275,13.296717,Sentence,2
8.902888,13.943097,Sentence,2
9.249038,14.895719,Sentence,2
7.831209,12.149714,Sentence,0
10.301296,9.970782,Sentence,1
8.470915,11.71202,Sentence,0
7.738163,12.306776,Sentence,0
14.530283,8.040001,Sentence,1
8.771206,12.514832,Sentence,2
7.338964,11.43378,Sentence,0
8.0904045,12.032536,Sentence,0
7.5226345,14.164997,Sentence,2
9.019552,10.24742,Sentence,0
8.10464,13.738573,Sentence,2
10.161313,8.071605,Sentence,1
7.718202,8.641449,Sentence,1
7.412465,11.116334,Sentence,0
7.8543415,9.984741,Sentence,0
7.798027,9.873793,Sentence,0
7.585673,13.693742,Sentence,2
7.170766,14.333042,Sentence,2
7.397163,13.244531,Sentence,2
11.329534,11.767319,Sentence,2
9.103708,12.05978,Sentence,2
12.131479,12.298167,Sentence,3
10.228063,14.449043,Sentence,2
9.522929,12.4424715,Sentence,2
10.58081,14.674473,Sentence,3
8.148505,13.57617,Sentence,2
9.89068,14.836162,Sentence,1
7.9869127,11.25964,Sentence,0
7.3682904,10.876219,Sentence,0
7.3802137,10.063386,Sentence,0
11.182648,8.293951,Sentence,3
8.758676,10.370861,Sentence,0
9.832057,15.051952,Sentence,2
8.312575,13.926608,Sentence,2
8.287363,9.631645,Sentence,1
7.760268,13.510375,Sentence,2
8.315282,15.071212,Sentence,2
8.739087,14.398261,Sentence,2
7.3099174,11.20551,Sentence,0
8.795526,14.235885,Sentence,2
7.327302,14.423776,Sentence,2
11.801808,11.475289,Sentence,3
10.183268,9.740822,Sentence,0
7.569882,13.475039,Sentence,2
8.472727,13.442038,Sentence,2
10.672167,9.786531,Sentence,1
8.162286,12.704055,Sentence,1
7.514943,11.737906,Sentence,0
9.1856165,15.315867,Sentence,2
7.5602303,9.3963175,Sentence,0
9.834122,10.846612,Sentence,1
8.258666,11.669108,Sentence,0
10.293315,12.907328,Sentence,3
9.057925,14.29826,Sentence,2
8.073163,11.690077,Sentence,0
7.9627886,8.858532,Sentence,0
6.334793,13.615793,Sentence,0
10.120232,11.450173,Sentence,3
6.5992537,8.360939,Sentence,1
9.18252,14.596379,Sentence,2
7.5112724,13.349563,Sentence,2
9.888848,10.911067,Sentence,1
7.532147,12.762596,Sentence,0
8.103394,13.838633,Sentence,2
7.4992476,8.873463,Sentence,1
9.1164255,12.456948,Sentence,1
16.311295,9.634197,Sentence,3
11.762637,11.92733,Sentence,3
8.383319,9.038954,Sentence,1
11.223842,12.382935,Sentence,2
12.091907,11.578014,Sentence,3
7.85883,14.06224,Sentence,2
7.3390794,11.407408,Sentence,0
9.353827,15.096291,Sentence,3
10.625349,11.164524,Sentence,1
6.9143386,21.008686,Sentence,1
8.129534,14.139827,Sentence,2
8.413207,14.32214,Sentence,2
9.931731,11.740835,Sentence,1
7.949713,12.940256,Sentence,2
7.9802094,13.103286,Sentence,2
7.2171173,12.186778,Sentence,0
11.842927,10.864348,Sentence,3
7.0067916,12.6164465,Sentence,0
8.161995,11.254325,Sentence,1
11.775363,10.484631,Sentence,1
7.8812833,13.4384775,Sentence,2
8.823672,15.118933,Sentence,2
8.591937,13.701393,Sentence,2
12.247056,11.453878,Sentence,3
10.785957,12.2640505,Sentence,1
7.960533,13.081913,Sentence,2
8.614013,14.190228,Sentence,2
8.738004,12.352475,Sentence,2
7.318882,10.722141,Sentence,0
9.395524,15.097186,Sentence,2
7.206754,12.369536,Sentence,0
12.308707,10.849097,Sentence,3
12.2173,11.656383,Sentence,3
7.4327326,11.763261,Sentence,1
11.005641,11.997968,Sentence,3
10.629773,11.116985,Sentence,1
7.7806525,10.9695635,Sentence,0
9.162636,14.165736,Sentence,2
7.535919,13.384071,Sentence,2
7.2828493,12.227852,Sentence,0
7.753512,13.84305,Sentence,2
12.214155,10.111646,Sentence,1
7.3355412,11.439272,Sentence,0
8.160113,14.075316,Sentence,2
7.3219423,12.026871,Sentence,0
11.5582285,11.897883,Sentence,2
8.675387,12.877319,Sentence,2
8.711801,14.359062,Sentence,0
9.710411,14.125938,Sentence,2
7.175851,12.5425005,Sentence,0
11.547058,12.151222,Sentence,3
6.36143,13.550182,Sentence,0
7.702406,11.835902,Sentence,0
7.418416,12.413635,Sentence,0
8.111149,13.238992,Sentence,2
8.913745,12.912672,Sentence,2
8.281401,14.755198,Sentence,2
10.705193,11.560549,Sentence,1
8.825296,10.495659,Sentence,1
7.4303,9.525825,Sentence,0
7.4625235,11.793242,Sentence,0
8.864957,12.268337,Sentence,0
10.069763,13.92732,Sentence,2
10.050823,8.340234,Sentence,1
8.7714205,14.429728,Sentence,0
8.383424,12.735679,Sentence,2
8.836046,13.800935,Sentence,2
8.057838,13.601203,Sentence,0
8.835362,14.913374,Sentence,2
10.177007,12.9368725,Sentence,1
7.015766,13.34396,Sentence,0
7.573497,11.8980255,Sentence,0
7.92087,14.454831,Sentence,2
7.3400145,12.309543,Sentence,0
9.761616,14.60086,Sentence,2
9.022784,10.366225,Sentence,1
9.392116,14.188016,Sentence,2
8.473912,11.589506,Sentence,0
11.424939,14.337828,Sentence,0
7.538664,12.059361,Sentence,0
10.196846,8.104106,Sentence,1
8.013474,12.810793,Sentence,0
7.4978333,12.432659,Sentence,0
11.735191,11.984862,Sentence,1
7.1862063,12.609316,Sentence,0
10.198064,12.499804,Sentence,1
7.4139247,9.25819,Sentence,0
8.173086,12.739754,Sentence,2
8.265744,8.540187,Sentence,1
7.402294,13.425526,Sentence,2
17.258432,11.111253,Sentence,3
9.639758,9.54633,Sentence,3
9.396131,15.185799,Sentence,2
8.559101,12.855021,Sentence,1
8.404707,13.299067,Sentence,2
7.542459,13.38325,Sentence,2
10.502975,13.251477,Sentence,1
11.380758,10.259812,Sentence,1
7.9773335,11.818685,Sentence,1
10.786207,7.9658775,Sentence,1
9.773559,13.474764,Sentence,2
8.581345,14.638541,Sentence,2
8.119185,13.682897,Sentence,2
7.506045,10.659339,Sentence,0
12.158087,11.645075,Sentence,3
8.317622,8.848954,Sentence,0
16.311495,9.633848,Sentence,3
7.7755857,12.396511,Sentence,0
11.327024,12.365401,Sentence,3
7.627817,12.876733,Sentence,0
10.196459,10.325699,Sentence,1
7.842048,14.011589,Sentence,2
7.818462,13.071125,Sentence,2
11.069729,12.417533,Sentence,3
7.3959594,12.182214,Sentence,0
17.243164,11.148197,Sentence,0
12.344287,10.565815,Sentence,3
10.552482,12.081776,Sentence,2
8.490853,13.366271,Sentence,2
9.201753,12.485161,Sentence,1
12.568713,11.796311,Sentence,3
6.8256497,13.298722,Sentence,0
11.95703,10.863199,Sentence,3
8.920243,13.20964,Sentence,0
10.726041,10.3975935,Sentence,1
9.4192915,14.373246,Sentence,2
10.603776,10.616548,Sentence,1
7.54386,12.087259,Sentence,0
9.649496,12.142788,Sentence,3
8.268077,14.8935795,Sentence,2
9.276472,11.420071,Sentence,2
8.82705,8.639299,Sentence,1
8.67749,9.21071,Sentence,1
7.8426447,13.544546,Sentence,2
9.659516,14.933021,Sentence,2
11.903904,7.180857,Sentence,1
9.199882,13.1286125,Sentence,0
7.291705,8.356718,Sentence,1
7.533501,11.609629,Sentence,0
8.057338,9.534227,Sentence,1
10.76042,9.870554,Sentence,1
7.8343043,9.921047,Sentence,0
8.194095,9.478464,Sentence,1
9.003269,12.037933,Sentence,0
8.609119,7.984778,Sentence,3
7.94994,13.927073,Sentence,2
10.460973,12.342117,Sentence,2
8.203613,11.494558,Sentence,0
9.540779,14.630258,Sentence,2
9.168397,12.624042,Sentence,2
10.1943865,8.319232,Sentence,1
7.4128017,14.081988,Sentence,2
8.250412,11.532035,Sentence,0
9.026407,13.237504,Sentence,2
10.549082,11.575789,Sentence,1
7.8241715,12.687756,Sentence,0
10.864011,12.144445,Sentence,3
8.166044,13.656202,Sentence,2
9.011695,14.510519,Sentence,2
8.567106,8.091286,Sentence,3
7.8658166,13.997758,Sentence,2
7.8450823,9.680358,Sentence,1
7.7099285,13.768916,Sentence,0
7.9324555,13.558496,Sentence,2
11.028199,14.038045,Sentence,1
12.263914,11.630553,Sentence,3
7.671531,13.521844,Sentence,2
7.986665,14.302483,Sentence,2
7.784069,9.51402,Sentence,0
7.6376476,12.595286,Sentence,0
9.378539,14.312589,Sentence,2
7.760144,11.171984,Sentence,0
8.036615,13.878292,Sentence,2
8.328786,10.828612,Sentence,0
8.958375,13.602508,Sentence,2
7.9099417,13.006709,Sentence,0
10.37616,13.190472,Sentence,1
12.312697,11.330882,Sentence,3
7.5976853,13.646314,Sentence,2
8.421131,10.380247,Sentence,1
9.415359,12.662297,Sentence,1
7.6502867,12.85097,Sentence,2
10.381163,11.805414,Sentence,1
7.454468,11.339486,Sentence,0
9.813656,14.353345,Sentence,2
8.186079,11.628144,Sentence,1
8.260098,12.90517,Sentence,0
8.672484,10.505877,Sentence,0
9.890669,8.185168,Sentence,0
10.221108,15.00323,Sentence,3
8.458357,13.652492,Sentence,2
13.551761,-2.9297183,Sentence,3
9.977757,12.76126,Sentence,2
9.592356,13.916185,Sentence,0
10.220237,14.562022,Sentence,1
9.20636,13.697977,Sentence,2
10.295998,13.190226,Sentence,1
10.526074,14.206836,Sentence,2
11.192883,11.937425,Sentence,2
8.805361,11.838336,Sentence,1
16.321945,9.624202,Sentence,3
7.5344586,11.595355,Sentence,0
8.012071,13.06251,Sentence,2
7.389653,10.546019,Sentence,0
12.303933,10.462639,Sentence,1
7.9123526,11.987003,Sentence,0
7.8603926,13.524881,Sentence,2
7.7466383,12.00512,Sentence,0
8.909791,13.343402,Sentence,2
9.892516,14.7270355,Sentence,2
8.148439,14.017249,Sentence,2
7.785831,14.30302,Sentence,2
8.429733,13.12731,Sentence,2
9.347705,14.147982,Sentence,2
7.287976,13.00332,Sentence,1
7.5245647,13.966479,Sentence,2
11.11721,11.566337,Sentence,1
7.218744,11.173963,Sentence,0
12.020672,10.506999,Sentence,3
11.866964,10.3061905,Sentence,3
8.744582,12.914643,Sentence,0
8.771753,10.686052,Sentence,1
7.5768366,14.485948,Sentence,1
7.7770357,13.77107,Sentence,2
9.158692,13.307281,Sentence,2
8.360163,13.516892,Sentence,2
12.133228,10.450878,Sentence,3
8.150953,13.394676,Sentence,2
8.645667,14.269516,Sentence,2
12.730952,10.46722,Sentence,3
9.724175,13.672948,Sentence,2
8.456327,12.229419,Sentence,0
9.911163,11.382697,Sentence,1
10.153991,14.738106,Sentence,0
7.4616303,13.510785,Sentence,2
8.546548,14.293608,Sentence,2
9.409992,11.593015,Sentence,1
8.8579855,12.08887,Sentence,2
9.770994,11.818908,Sentence,1
10.810037,15.599795,Sentence,3
8.030684,10.935252,Sentence,0
7.2587624,10.972325,Sentence,0
10.856576,12.227213,Sentence,2
7.3471746,12.38859,Sentence,0
9.012646,11.889888,Sentence,0
10.489532,11.561514,Sentence,2
10.799382,11.647054,Sentence,3
7.737814,12.807008,Sentence,0
7.2332377,11.24212,Sentence,0
8.347659,9.49638,Sentence,1
7.183836,12.655029,Sentence,0
7.5568695,12.426716,Sentence,0
8.8860855,9.774877,Sentence,1
8.519753,12.31912,Sentence,0
8.478556,12.91277,Sentence,2
9.679462,15.068805,Sentence,2
10.853232,11.252967,Sentence,3
8.035323,8.714377,Sentence,1
9.526601,15.133289,Sentence,2
9.081864,14.799462,Sentence,2
11.025543,11.49583,Sentence,3
7.851309,13.121536,Sentence,2
8.713926,13.767835,Sentence,2
8.3206,12.731401,Sentence,2
12.134485,11.384996,Sentence,3
8.964464,12.440972,Sentence,2
10.709412,11.29841,Sentence,1
9.707166,15.080403,Sentence,2
12.727172,10.294123,Sentence,3
9.396412,14.120458,Sentence,2
9.550736,14.481105,Sentence,2
6.8931193,21.03082,Sentence,1
8.451307,10.495307,Sentence,1
10.354164,9.37286,Sentence,1
7.5002728,14.45183,Sentence,2
7.699433,11.082762,Sentence,0
7.264801,12.82857,Sentence,2
11.310204,9.653334,Sentence,3
8.010485,10.309798,Sentence,0
8.002972,13.473778,Sentence,2
7.2272267,8.122386,Sentence,1
7.360051,14.129191,Sentence,2
7.4184837,11.519751,Sentence,0
8.276145,9.071154,Sentence,1
7.6789646,13.440208,Sentence,2
7.7578573,12.39936,Sentence,0
7.880832,13.3953085,Sentence,2
8.13386,14.2733555,Sentence,2
7.423331,12.871595,Sentence,0
7.811062,13.458705,Sentence,2
8.127718,9.051218,Sentence,0
8.183663,14.25181,Sentence,2
8.25091,11.015782,Sentence,0
7.4954014,12.085074,Sentence,0
13.558105,-2.926223,Sentence,3
9.453793,11.423253,Sentence,0
7.1070385,14.402005,Sentence,2
8.921248,12.938221,Sentence,2
7.8421345,12.164642,Sentence,0
7.3539143,13.755495,Sentence,2
8.083518,11.985409,Sentence,2
7.546803,14.157707,Sentence,2
7.878083,9.926251,Sentence,1
10.922885,11.879094,Sentence,2
9.448436,14.296961,Sentence,2
7.5814905,14.08441,Sentence,2
8.248256,13.251041,Sentence,2
8.739161,13.073701,Sentence,0
9.257988,12.813463,Sentence,3
10.1669445,12.135447,Sentence,2
12.028546,10.575098,Sentence,1
11.291878,10.2179165,Sentence,1
7.312682,11.838802,Sentence,0
8.272774,9.859737,Sentence,1
7.8520184,12.929532,Sentence,2
9.819114,10.467849,Sentence,1
10.11527,10.425587,Sentence,1
12.186436,11.836744,Sentence,3
9.879071,14.887935,Sentence,2
9.153263,11.351678,Sentence,1
11.827503,11.32656,Sentence,3
10.348923,9.629242,Sentence,1
10.050399,12.783117,Sentence,2
8.072081,11.095363,Sentence,0
9.670094,12.860734,Sentence,1
9.704237,14.5144615,Sentence,2
8.756772,12.924663,Sentence,2
9.798374,14.155898,Sentence,0
10.363448,13.296212,Sentence,3
9.624304,14.060814,Sentence,2
9.727391,14.389199,Sentence,2
11.101666,9.229915,Sentence,1
7.3687415,12.375338,Sentence,0
9.598755,14.042231,Sentence,2
9.046214,14.4977,Sentence,1
11.930777,10.830771,Sentence,3
11.182064,10.595215,Sentence,1
9.292004,14.328636,Sentence,1
9.95124,10.967368,Sentence,1
7.7104807,14.086529,Sentence,2
7.157831,13.981381,Sentence,2
10.959806,13.189439,Sentence,1
8.795307,12.374577,Sentence,1
8.733037,13.60851,Sentence,2
9.181802,13.040008,Sentence,2
10.275835,11.762424,Sentence,3
8.341902,13.292134,Sentence,2
9.450774,12.277279,Sentence,1
9.336189,12.657752,Sentence,2
8.769558,12.472873,Sentence,2
8.432401,13.401942,Sentence,2
11.011912,12.567603,Sentence,2
12.2469845,10.661321,Sentence,3
9.850496,14.686655,Sentence,2
9.840177,12.982307,Sentence,2
7.143965,14.065781,Sentence,1
12.295724,11.59658,Sentence,3
7.4925704,12.945669,Sentence,2
8.222823,14.03029,Sentence,2
7.335561,14.442468,Sentence,2
7.6891093,12.515051,Sentence,0
9.802161,11.613022,Sentence,2
8.115674,8.745426,Sentence,1
7.9113193,11.973471,Sentence,0
7.7062936,14.346685,Sentence,2
10.461229,11.863112,Sentence,3
9.177817,13.746402,Sentence,0
9.978243,15.335906,Sentence,2
7.489736,13.725733,Sentence,2
8.216034,12.80397,Sentence,2
7.231525,14.524331,Sentence,1
7.6662636,11.118814,Sentence,0
8.718752,13.579851,Sentence,2
8.6916275,14.224319,Sentence,2
7.5234857,11.1372385,Sentence,0
8.278795,13.450913,Sentence,0
8.795468,14.139535,Sentence,2
8.568069,15.32382,Sentence,2
7.373862,13.1682,Sentence,2
9.871057,13.50366,Sentence,2
12.479069,11.773344,Sentence,3
7.276594,11.515493,Sentence,0
8.753512,13.827155,Sentence,2
6.748959,13.400088,Sentence,1
8.511326,14.278029,Sentence,2
7.954797,13.805137,Sentence,2
7.507207,13.904424,Sentence,2
7.7192426,14.134255,Sentence,2
10.64224,12.180945,Sentence,2
7.7413483,11.739038,Sentence,0
7.0915594,12.195651,Sentence,2
7.2256074,14.126878,Sentence,2
7.3672066,13.009885,Sentence,0
7.1988606,13.0281725,Sentence,2
8.410709,13.932904,Sentence,2
8.809917,13.3516865,Sentence,2
11.900645,9.784797,Sentence,3
13.559879,-2.9233892,Sentence,3
7.90199,14.094437,Sentence,2
8.589156,14.047739,Sentence,2
7.0580745,11.321789,Sentence,0
12.207223,8.596459,Sentence,1
7.4176903,13.526803,Sentence,2
10.963441,10.607163,Sentence,1
8.014473,13.375065,Sentence,0
7.2840185,13.185084,Sentence,2
8.5680065,13.8765,Sentence,2
7.458814,13.003733,Sentence,0
7.43058,10.5385,Sentence,0
9.5069275,15.075576,Sentence,3
8.374715,9.004426,Sentence,1
17.258682,11.111207,Sentence,3
7.746636,14.000072,Sentence,2
7.5385275,11.493425,Sentence,0
7.3812866,11.462743,Sentence,0
8.320051,13.484832,Sentence,0
8.247245,12.906307,Sentence,2
6.403093,13.585835,Sentence,1
7.6455874,13.165838,Sentence,2
7.3335648,11.290069,Sentence,0
7.8763814,13.989316,Sentence,2
12.166972,11.85115,Sentence,3
12.103802,10.906192,Sentence,3
10.826955,13.879468,Sentence,3
9.195842,15.236328,Sentence,0
7.459375,13.114459,Sentence,2
6.7727947,13.52951,Sentence,1
8.148208,12.761166,Sentence,0
7.5853033,12.488691,Sentence,0
10.30192,12.177506,Sentence,1
8.696195,12.682331,Sentence,2
9.516138,12.513791,Sentence,1
10.055811,12.932935,Sentence,1
7.4343815,11.787358,Sentence,0
11.852177,14.086476,Sentence,1
7.933035,13.579486,Sentence,2
10.404708,12.064921,Sentence,2
7.7364454,12.6104765,Sentence,0
7.5962577,13.391895,Sentence,2
10.437798,11.600527,Sentence,1
7.739725,11.463648,Sentence,0
12.287393,10.701664,Sentence,3
8.820775,13.629353,Sentence,2
7.7212977,10.2056465,Sentence,0
8.436844,13.557703,Sentence,2
7.4939623,13.224994,Sentence,2
8.073228,12.223556,Sentence,0
10.507663,7.6926103,Sentence,1
8.359252,13.310139,Sentence,0
13.557706,-2.9262402,Sentence,3
7.426018,12.400373,Sentence,0
7.918289,13.346599,Sentence,2
9.820735,13.306061,Sentence,2
7.709258,14.727496,Sentence,2
7.5430684,11.900681,Sentence,0
6.934838,13.507346,Sentence,2
10.824344,11.569262,Sentence,1
7.8267474,11.337344,Sentence,0
10.470727,7.726266,Sentence,2
8.905684,14.383012,Sentence,2
8.651073,12.670707,Sentence,0
8.500333,13.713451,Sentence,2
7.2236276,13.233959,Sentence,2
8.291892,9.173389,Sentence,1
12.099309,10.537054,Sentence,1
11.5460615,12.455948,Sentence,2
8.244338,12.640466,Sentence,0
7.6220264,13.09716,Sentence,2
7.260897,10.966524,Sentence,0
10.407015,15.393668,Sentence,3
7.413436,14.512045,Sentence,2
7.910278,11.127092,Sentence,0
7.9440403,11.166528,Sentence,0
9.890282,14.450264,Sentence,2
10.025968,11.740216,Sentence,1
9.892191,12.461678,Sentence,2
7.561458,13.358196,Sentence,2
10.805622,13.600455,Sentence,3
10.755587,14.166464,Sentence,1
8.067132,9.826808,Sentence,0
7.828713,14.229789,Sentence,2
7.593829,10.371727,Sentence,0
8.255686,10.176806,Sentence,1
8.832596,13.000482,Sentence,2
9.123227,14.46685,Sentence,2
14.525472,8.039882,Sentence,1
8.788984,14.880307,Sentence,0
10.175655,11.27476,Sentence,3
8.196873,14.369905,Sentence,2
7.5435815,8.834064,Sentence,1
10.08789,13.804407,Sentence,2
10.179979,11.657289,Sentence,3
8.23802,12.7637415,Sentence,2
9.768791,8.286993,Sentence,1
10.476624,8.390371,Sentence,1
8.80507,12.138671,Sentence,1
7.928167,10.682069,Sentence,0
8.157828,11.865611,Sentence,0
9.459226,11.646234,Sentence,1
9.760307,14.80138,Sentence,2
8.527229,10.688368,Sentence,0
11.247266,11.216094,Sentence,3
12.380446,11.785536,Sentence,3
8.223848,14.41094,Sentence,2
8.496418,13.650983,Sentence,2
6.8684273,11.018274,Sentence,0
7.6825695,14.060568,Sentence,2
8.598588,13.87727,Sentence,2
11.647747,13.935716,Sentence,1
7.440205,13.610702,Sentence,2
8.278611,14.445832,Sentence,2
7.403925,13.3200445,Sentence,2
7.860378,9.511803,Sentence,1
8.362029,12.630084,Sentence,0
9.393005,12.270875,Sentence,2
7.809037,13.679214,Sentence,2
7.8239655,13.6172085,Sentence,2
12.217659,10.730051,Sentence,3
11.95719,10.183511,Sentence,3
8.035468,11.412401,Sentence,0
7.7630367,11.10429,Sentence,0
7.5043993,9.672804,Sentence,0
8.378005,12.553058,Sentence,0
10.273439,10.777268,Sentence,3
8.372611,12.3760805,Sentence,0
10.03985,11.888195,Sentence,0
8.093239,13.737642,Sentence,2
11.327067,12.5475855,Sentence,3
8.834972,11.892032,Sentence,0
9.55651,12.715069,Sentence,1
12.221217,11.660867,Sentence,3
7.4114094,12.227113,Sentence,0
7.7295265,8.98979,Sentence,1
7.781375,11.341956,Sentence,0
9.203542,12.822269,Sentence,2
10.15407,11.099757,Sentence,1
10.56364,14.938896,Sentence,3
9.600865,15.067696,Sentence,2
7.313787,12.910474,Sentence,0
7.3133516,11.995635,Sentence,0
7.806843,12.3761215,Sentence,0
7.2570815,12.297536,Sentence,0
11.099736,6.9148726,Sentence,1
8.1983185,12.102301,Sentence,0
8.251443,11.392002,Sentence,0
8.880756,14.18005,Sentence,2
8.441526,10.592757,Sentence,1
12.073161,13.092219,Sentence,3
8.178978,12.823381,Sentence,2
9.727376,14.883911,Sentence,0
9.68757,14.738349,Sentence,2
11.060673,11.135205,Sentence,2
10.170823,13.597694,Sentence,2
10.289915,11.899941,Sentence,1
7.4301057,13.412984,Sentence,2
10.487081,12.534972,Sentence,2
9.968174,14.171112,Sentence,3
12.205009,11.600042,Sentence,3
9.528194,14.927405,Sentence,2
9.775845,11.021703,Sentence,1
11.479668,11.79605,Sentence,3
11.356289,10.839804,Sentence,1
12.33994,11.793951,Sentence,3
7.5983024,13.2830715,Sentence,2
11.321878,10.060326,Sentence,1
8.242355,14.131071,Sentence,2
10.275639,14.688007,Sentence,2
9.3101635,10.914037,Sentence,1
7.428904,10.699283,Sentence,0
10.214501,9.959056,Sentence,3
12.211192,8.592947,Sentence,1
11.902979,7.1712117,Sentence,1
10.108828,13.40481,Sentence,2
8.03896,14.992738,Sentence,2
8.153208,8.745206,Sentence,1
9.532711,13.894573,Sentence,2
11.676573,11.684416,Sentence,1
6.7971797,13.670658,Sentence,1
13.563003,-2.9255643,Sentence,3
7.847909,13.230432,Sentence,2
8.262556,11.80382,Sentence,0
7.622514,12.472254,Sentence,0
11.798664,12.126432,Sentence,3
12.381711,10.539778,Sentence,3
8.846424,12.420806,Sentence,2
7.5292826,13.355032,Sentence,2
9.936696,13.263048,Sentence,3
7.8727703,9.1188135,Sentence,1
7.7286735,10.604716,Sentence,0
10.187828,11.490764,Sentence,3
7.65917,11.366234,Sentence,0
6.356016,13.605678,Sentence,0
11.156253,11.512834,Sentence,3
7.801974,13.495676,Sentence,2
11.782669,11.636617,Sentence,3
7.878436,14.083646,Sentence,2
7.835642,13.415827,Sentence,2
11.240603,11.453866,Sentence,3
8.075652,13.0893345,Sentence,2
7.7137604,12.482671,Sentence,0
8.845782,12.667376,Sentence,2
7.492824,11.587722,Sentence,0
7.356266,12.780296,Sentence,0
9.3547125,14.582925,Sentence,2
8.593492,11.608181,Sentence,1
6.967948,13.656264,Sentence,2
8.507173,11.970982,Sentence,0
11.252419,14.760828,Sentence,3
8.443999,12.924747,Sentence,2
7.542029,12.965907,Sentence,0
7.3859873,9.760441,Sentence,0
7.210196,14.272466,Sentence,2
8.127572,13.378656,Sentence,2
9.967265,10.972139,Sentence,1
9.298116,14.677208,Sentence,2
7.560041,13.893926,Sentence,2
7.6174126,13.592521,Sentence,2
10.135423,12.058949,Sentence,1
9.900786,13.288896,Sentence,1
8.656103,12.035319,Sentence,1
9.413967,12.857681,Sentence,2
9.813118,13.057707,Sentence,2
9.603942,10.071143,Sentence,1
7.8117304,9.711435,Sentence,0
9.768506,10.883579,Sentence,0
12.677947,10.29279,Sentence,3
9.124541,12.953099,Sentence,1
9.510341,12.920591,Sentence,1
7.5463605,13.802261,Sentence,2
7.554029,12.552469,Sentence,2
10.067483,11.378999,Sentence,3
11.798928,11.447725,Sentence,3
8.182593,11.556324,Sentence,0
9.930694,11.814068,Sentence,1
8.460271,12.241087,Sentence,2
9.858574,14.883664,Sentence,2
7.415757,13.5627985,Sentence,2
9.139945,13.198303,Sentence,2
8.609435,12.020655,Sentence,1
9.424688,12.675693,Sentence,0
7.816159,13.357888,Sentence,0
8.969589,15.183989,Sentence,1
9.352382,11.80133,Sentence,1
7.8738217,13.541289,Sentence,2
7.4055386,11.69522,Sentence,0
8.102566,14.355813,Sentence,2
11.439857,11.571886,Sentence,1
10.723468,14.47072,Sentence,3
7.8214493,12.744714,Sentence,0
9.360154,14.895141,Sentence,2
7.217362,14.385081,Sentence,2
7.966029,13.669828,Sentence,2
7.9919667,13.833268,Sentence,2
8.392309,12.5421915,Sentence,0
9.935073,13.327441,Sentence,1
11.276371,9.956642,Sentence,2
7.41825,12.080533,Sentence,0
7.9307127,12.233883,Sentence,0
10.725926,10.626219,Sentence,1
11.823328,9.660215,Sentence,1
7.874271,9.930062,Sentence,0
8.75232,14.413134,Sentence,2
9.22293,12.891687,Sentence,2
10.1649885,13.110638,Sentence,0
6.9234586,21.000748,Sentence,1
11.381733,13.07354,Sentence,3
7.912008,13.734022,Sentence,2
9.40309,14.114227,Sentence,2
8.763749,11.484297,Sentence,1
9.03729,14.0716095,Sentence,3
9.382239,12.649182,Sentence,1
8.177522,9.325641,Sentence,1
10.005083,13.430201,Sentence,2
10.072773,10.056717,Sentence,1
12.57033,11.861227,Sentence,3
10.346355,11.45602,Sentence,1
8.80947,11.6146555,Sentence,0
10.80812,12.704417,Sentence,1
7.237155,10.97,Sentence,0
9.720025,12.552187,Sentence,1
9.205782,14.628396,Sentence,2
9.229969,14.413188,Sentence,2
8.9050865,13.913476,Sentence,2
11.093142,6.911923,Sentence,1
7.8714147,13.17817,Sentence,0
7.684079,12.598238,Sentence,0
7.8388124,14.109058,Sentence,2
9.99476,13.221362,Sentence,0
9.044624,14.415866,Sentence,0
7.3537507,14.319103,Sentence,2
10.909644,12.354026,Sentence,1
8.52789,13.381421,Sentence,1
9.86796,11.559624,Sentence,1
17.259003,11.111137,Sentence,3
8.218852,13.66122,Sentence,2
11.120883,11.171441,Sentence,3
8.593489,13.074725,Sentence,2
9.160332,11.3976,Sentence,0
8.395472,10.65329,Sentence,0
9.402311,12.5429535,Sentence,1
7.126707,12.81811,Sentence,0
12.00124,11.390453,Sentence,3
8.935598,15.142229,Sentence,2
9.009118,12.579245,Sentence,2
8.2913065,14.525098,Sentence,2
10.1996,9.650884,Sentence,1
7.1182976,12.827464,Sentence,2
11.234124,11.491889,Sentence,1
7.8356647,13.831585,Sentence,2
9.141746,11.867805,Sentence,2
10.755036,10.520839,Sentence,1
12.035955,10.355827,Sentence,3
9.369332,15.111847,Sentence,2
11.807985,12.26614,Sentence,3
11.444554,11.430166,Sentence,3
11.640189,11.616039,Sentence,1
12.38968,13.9322405,Sentence,1
7.4555516,12.565139,Sentence,0
9.648799,13.366594,Sentence,2
8.039958,13.984802,Sentence,2
9.931411,13.236445,Sentence,2
9.931399,12.24495,Sentence,3
8.286555,13.784822,Sentence,2
7.429448,11.123104,Sentence,0
7.959949,10.406788,Sentence,0
12.363082,10.707459,Sentence,3
9.006086,12.048667,Sentence,2
8.36839,13.226015,Sentence,2
7.157243,12.646699,Sentence,0
7.7219167,12.688769,Sentence,0
8.41207,13.253049,Sentence,2
8.05016,10.946566,Sentence,1
12.082114,11.8067465,Sentence,3
8.387695,12.951145,Sentence,2
7.5469236,13.2100525,Sentence,0
12.387538,10.598849,Sentence,1
9.248938,14.292382,Sentence,2
7.755286,11.652606,Sentence,0
7.370388,12.386218,Sentence,0
7.3807793,12.618505,Sentence,0
7.526193,14.160044,Sentence,2
8.456316,13.752257,Sentence,2
7.8563213,11.008038,Sentence,0
7.0259633,13.023018,Sentence,1
7.6045613,13.279644,Sentence,2
6.56281,13.606332,Sentence,1
11.585805,11.979471,Sentence,3
7.256263,11.93917,Sentence,2
7.773865,12.86384,Sentence,0
8.199897,14.869015,Sentence,2
9.20723,13.184119,Sentence,1
8.175803,14.624428,Sentence,2
10.461563,11.223985,Sentence,1
7.530653,10.11612,Sentence,0
6.5268326,13.585538,Sentence,1
11.461306,14.16658,Sentence,2
7.414335,13.7035055,Sentence,2
8.164624,9.721806,Sentence,0
7.781458,13.957105,Sentence,2
9.290746,15.205235,Sentence,2
7.542106,13.680036,Sentence,2
9.631552,11.829302,Sentence,1
8.084267,12.396807,Sentence,2
8.877534,14.614322,Sentence,2
9.723695,14.820725,Sentence,2
10.765397,12.964961,Sentence,2
7.5392914,11.217231,Sentence,0
7.502622,14.622415,Sentence,2
11.863515,11.628185,Sentence,3
9.359085,12.599482,Sentence,2
8.961253,14.9760475,Sentence,2
8.478613,11.6598,Sentence,1
7.278788,14.464388,Sentence,2
7.395047,13.135638,Sentence,2
7.990104,14.448674,Sentence,2
7.8977747,13.580068,Sentence,2
8.23224,15.000928,Sentence,2
7.99164,13.758681,Sentence,2
7.8165946,14.368995,Sentence,2
10.394474,9.283137,Sentence,1
8.677253,11.021233,Sentence,1
11.535738,11.409321,Sentence,3
7.6314297,11.802399,Sentence,0
8.707,14.602113,Sentence,2
11.907906,7.1749177,Sentence,1
8.317622,10.65606,Sentence,1
8.4572735,13.443001,Sentence,2
9.455347,14.211604,Sentence,0
11.4523115,10.505901,Sentence,1
7.5394273,13.004032,Sentence,2
8.926921,12.182611,Sentence,1
8.0945,11.532586,Sentence,0
7.794833,11.407936,Sentence,0
9.717164,14.554743,Sentence,0
6.894661,21.029383,Sentence,1
7.143633,11.655353,Sentence,0
12.539749,11.766392,Sentence,3
7.8806195,10.159641,Sentence,0
7.4999847,13.377433,Sentence,2
7.7594123,14.609471,Sentence,2
7.1505923,13.925331,Sentence,1
8.919333,10.963777,Sentence,1
7.970386,11.620773,Sentence,0
8.439363,14.370144,Sentence,2
8.503808,14.91959,Sentence,2
7.852919,9.154284,Sentence,1
12.547282,10.505504,Sentence,1
9.03352,13.952808,Sentence,2
7.5373545,11.692711,Sentence,0
10.313087,12.137981,Sentence,2
7.490732,12.729236,Sentence,0
7.841229,9.543145,Sentence,1
8.47193,12.8074665,Sentence,2
10.634149,11.287609,Sentence,1
8.83108,11.626163,Sentence,0
7.807497,12.624834,Sentence,0
16.331234,9.660396,Sentence,3
8.624464,14.921303,Sentence,2
9.912476,14.466969,Sentence,2
9.696284,14.893675,Sentence,2
12.007563,10.550567,Sentence,3
8.042668,10.177518,Sentence,0
12.799018,8.159281,Sentence,1
8.253583,11.766822,Sentence,1
7.6769786,12.129211,Sentence,0
8.215055,10.378697,Sentence,1
9.994335,12.933627,Sentence,2
8.931032,14.758245,Sentence,2
8.675546,12.539879,Sentence,0
10.161302,11.486388,Sentence,1
8.916134,14.226376,Sentence,2
8.648873,13.635281,Sentence,0
11.562508,11.760811,Sentence,3
10.952619,12.394132,Sentence,2
9.546445,12.224805,Sentence,2
10.0935955,12.348632,Sentence,1
8.45462,14.814548,Sentence,2
7.0701027,12.228873,Sentence,0
9.398914,14.86108,Sentence,2
9.180153,15.668752,Sentence,2
8.531854,12.615154,Sentence,2
6.8945894,21.029495,Sentence,1
11.445166,8.708122,Sentence,1
8.196425,14.6037245,Sentence,2
11.318484,11.804587,Sentence,2
9.892691,13.049635,Sentence,2
7.3600526,13.157517,Sentence,2
6.3462386,13.589208,Sentence,1
10.172511,9.584072,Sentence,1
7.570519,12.55136,Sentence,0
7.4238944,11.38245,Sentence,0
13.556222,-2.9228864,Sentence,3
8.78181,13.339401,Sentence,1
9.445109,14.99106,Sentence,2
9.810385,14.310148,Sentence,2
10.82837,10.998614,Sentence,1
8.393625,12.782281,Sentence,0
7.5315695,23.823992,Sentence,1
8.114675,11.717569,Sentence,0
7.2887855,13.414742,Sentence,2
11.471314,14.354386,Sentence,3
8.0208235,13.175612,Sentence,0
7.7792983,13.842385,Sentence,2
11.435785,12.135663,Sentence,3
11.580855,11.903075,Sentence,1
7.6036882,11.308735,Sentence,0
8.215598,10.504185,Sentence,0
8.132196,12.125548,Sentence,0
12.399783,13.754563,Sentence,1
7.462032,13.020801,Sentence,2
10.429592,7.6739125,Sentence,1
9.347276,14.4814825,Sentence,2
7.4221334,12.40459,Sentence,0
7.5199556,11.577031,Sentence,0
10.26023,7.7486897,Sentence,1
10.102524,13.616343,Sentence,2
7.477317,13.425212,Sentence,2
7.4493074,13.269422,Sentence,0
9.248328,12.273916,Sentence,1
8.237924,11.410384,Sentence,0
7.3704305,13.3932495,Sentence,2
8.67761,11.489557,Sentence,1
11.939629,11.935921,Sentence,1
9.066148,14.233828,Sentence,2
7.4606476,9.907101,Sentence,0
8.727191,14.553182,Sentence,1
9.498777,15.021208,Sentence,2
6.955169,13.543168,Sentence,2
9.120934,10.260824,Sentence,0
7.4631815,13.766742,Sentence,2
7.7296343,13.162306,Sentence,2
8.527657,14.067134,Sentence,2
8.915897,10.868401,Sentence,1
8.703221,10.391153,Sentence,1
8.525183,8.092892,Sentence,3
8.946192,13.659759,Sentence,2
9.020412,14.256098,Sentence,2
9.992995,11.351045,Sentence,3
7.6149993,12.349987,Sentence,0
10.0744705,15.029004,Sentence,2
7.740398,9.011328,Sentence,1
7.58152,11.206321,Sentence,0
7.131857,12.641569,Sentence,0
9.156739,14.562795,Sentence,2
7.6260643,11.419391,Sentence,0
7.30945,11.604642,Sentence,0
11.082159,12.370553,Sentence,3
8.766445,12.208648,Sentence,0
7.951938,9.428553,Sentence,1
9.172008,14.27279,Sentence,2
8.328596,14.976933,Sentence,2
9.889652,10.54407,Sentence,1
9.050779,12.812954,Sentence,2
7.643367,13.305369,Sentence,2
9.757776,13.639793,Sentence,0
9.012267,11.328101,Sentence,0
7.731713,13.950685,Sentence,2
9.768926,14.36766,Sentence,2
6.534824,13.535074,Sentence,0
7.885064,13.906997,Sentence,2
12.190831,13.173806,Sentence,1
8.628627,12.922672,Sentence,2
7.766125,13.929999,Sentence,2
7.3848505,12.986021,Sentence,2
8.925222,13.863327,Sentence,2
8.554378,13.957746,Sentence,2
8.45354,12.9004755,Sentence,0
7.896889,13.520952,Sentence,2
9.996192,13.887241,Sentence,2
9.146272,14.415757,Sentence,0
10.466905,11.734254,Sentence,2
11.269907,15.699046,Sentence,3
7.4344597,14.104829,Sentence,2
8.287937,13.290605,Sentence,2
8.024407,12.457718,Sentence,0
11.260477,10.142606,Sentence,1
9.129672,12.137361,Sentence,2
7.4628425,12.874806,Sentence,0
9.747252,11.378302,Sentence,1
9.717092,14.89973,Sentence,1
8.866374,12.977534,Sentence,0
8.189987,14.503296,Sentence,2
7.9168687,13.361,Sentence,2
10.36307,13.519278,Sentence,3
12.664162,11.659643,Sentence,3
7.142725,12.187937,Sentence,0
7.1566052,12.664307,Sentence,2
7.3509064,11.600004,Sentence,0
10.821127,12.270501,Sentence,2
12.005494,10.632802,Sentence,3
8.635417,14.815051,Sentence,2
9.506229,15.367044,Sentence,0
9.348267,14.352131,Sentence,0
10.144767,14.6782,Sentence,2
7.46694,11.860963,Sentence,0
10.058768,14.723136,Sentence,3
8.452331,9.117283,Sentence,1
7.620576,11.453111,Sentence,0
9.04508,14.3048115,Sentence,2
7.443006,13.067188,Sentence,0
7.890881,12.757043,Sentence,0
8.027145,13.9164,Sentence,2
12.173383,10.492662,Sentence,3
7.132235,14.430212,Sentence,2
9.720058,13.994279,Sentence,2
10.753879,13.735526,Sentence,1
7.7787395,10.829889,Sentence,0
10.475147,12.211217,Sentence,2
7.2103643,14.290448,Sentence,2
12.689116,10.5088215,Sentence,3
7.887674,12.571942,Sentence,0
8.908375,11.94553,Sentence,0
11.18238,13.989289,Sentence,1
10.400755,10.317101,Sentence,1
9.572747,13.59841,Sentence,1
7.448177,13.539477,Sentence,2
10.075246,7.9495845,Sentence,1
11.323497,9.792303,Sentence,3
9.473769,12.01765,Sentence,2
8.672625,15.286818,Sentence,2
7.4676023,13.410694,Sentence,2
8.853483,14.175858,Sentence,2
8.4512005,14.461395,Sentence,2
8.372769,14.473309,Sentence,2
8.830669,14.065791,Sentence,2
12.084228,10.785175,Sentence,1
9.166847,13.060695,Sentence,2
9.643398,9.418828,Sentence,0
7.4673514,11.038389,Sentence,0
8.881686,12.775141,Sentence,2
8.051031,9.473615,Sentence,1
8.6039505,13.732299,Sentence,2
7.0311375,12.617943,Sentence,0
10.614809,13.916618,Sentence,2
7.464766,11.865145,Sentence,0
7.356821,9.873057,Sentence,0
9.140282,12.787144,Sentence,2
7.528049,13.028425,Sentence,0
8.866013,13.337882,Sentence,2
8.546015,13.578042,Sentence,2
11.90949,7.1810107,Sentence,1
8.075307,12.586438,Sentence,0
7.9934735,13.404522,Sentence,2
9.265267,14.837742,Sentence,2
7.859485,13.894328,Sentence,2
12.286684,10.582368,Sentence,3
8.919686,10.347042,Sentence,1
9.104839,15.012509,Sentence,0
9.367279,13.150094,Sentence,0
7.733191,13.453175,Sentence,2
11.570655,10.8125925,Sentence,3
7.8467975,13.041308,Sentence,2
9.394203,12.719786,Sentence,1
9.592443,15.128172,Sentence,2
9.130848,12.481206,Sentence,1
12.134934,10.799416,Sentence,2
10.218665,15.540389,Sentence,1
7.7216806,14.2726145,Sentence,2
9.162992,12.072338,Sentence,1
7.031634,12.405299,Sentence,0
12.74727,11.761703,Sentence,3
12.480821,11.716598,Sentence,3
7.8703017,13.234782,Sentence,2
7.363769,14.061291,Sentence,1
10.533173,11.747885,Sentence,3
11.276073,11.55602,Sentence,3
10.566511,12.015269,Sentence,1
7.6882005,8.751401,Sentence,1
9.044468,15.332462,Sentence,2
10.479942,11.657248,Sentence,3
10.828779,11.280434,Sentence,1
7.532371,23.816933,Sentence,1
9.036621,14.595648,Sentence,2
8.349666,9.900698,Sentence,0
7.6731014,12.1919775,Sentence,0
7.531745,23.822342,Sentence,1
12.638688,11.75355,Sentence,3
7.356225,13.707595,Sentence,2
12.35342,10.582471,Sentence,2
9.654857,12.988598,Sentence,0
7.8884134,13.995288,Sentence,2
8.863936,12.929596,Sentence,0
12.5796995,11.691597,Sentence,3
9.575046,14.845604,Sentence,1
9.844466,12.64839,Sentence,0
7.6326494,12.479873,Sentence,0
7.938402,11.624239,Sentence,1
7.833754,13.200675,Sentence,0
9.754539,15.138461,Sentence,2
7.7255006,13.003302,Sentence,0
11.803454,10.7085495,Sentence,1
8.901955,12.686375,Sentence,2
8.113812,13.122312,Sentence,0
8.634506,14.009141,Sentence,0
11.405229,12.415736,Sentence,3
8.813733,14.44874,Sentence,2
8.783603,13.8421135,Sentence,2
12.438607,11.566116,Sentence,3
7.201775,12.9118595,Sentence,2
8.83456,13.8106575,Sentence,2
7.9491315,11.6856575,Sentence,1
9.845694,11.717477,Sentence,0
7.9149804,13.508715,Sentence,2
8.66999,13.357639,Sentence,2
11.106812,12.780723,Sentence,1
8.003437,12.591094,Sentence,2
8.593607,11.628788,Sentence,0
9.7835655,14.758853,Sentence,1
7.9139595,12.386728,Sentence,1
11.227972,14.057917,Sentence,2
7.690606,12.656863,Sentence,0
9.815957,11.246765,Sentence,1
9.458678,10.839344,Sentence,1
11.027597,11.281918,Sentence,1
7.901675,13.713324,Sentence,2
9.281925,13.033936,Sentence,2
10.871079,12.188919,Sentence,2
7.751376,12.649151,Sentence,2
7.957511,13.8395605,Sentence,2
8.5468645,7.994737,Sentence,3
8.292964,12.68899,Sentence,2
9.814411,7.2581735,Sentence,1
11.618836,9.099608,Sentence,1
7.845752,11.812076,Sentence,0
11.334347,13.496533,Sentence,1
7.461464,11.330452,Sentence,0
9.708222,13.639421,Sentence,2
8.214057,12.509051,Sentence,2
8.292671,10.7419405,Sentence,0
9.710611,14.44059,Sentence,2
8.163026,13.633359,Sentence,2
7.8389635,13.786853,Sentence,2
10.233373,13.646125,Sentence,2
9.55352,14.645462,Sentence,2
8.6268,15.224823,Sentence,1
9.680187,11.453668,Sentence,3
7.526685,13.281483,Sentence,2
7.2422476,12.25397,Sentence,0
12.843829,11.715143,Sentence,3
7.8457036,13.283297,Sentence,2
11.512352,10.880011,Sentence,1
10.64072,12.0295725,Sentence,2
16.314346,9.634045,Sentence,3
8.026455,12.491244,Sentence,0
8.163555,13.570127,Sentence,2
7.5880356,11.779924,Sentence,0
8.207927,8.563217,Sentence,1
10.634411,12.463538,Sentence,2
8.029739,14.220417,Sentence,2
11.254249,11.391326,Sentence,2
8.654562,13.372027,Sentence,2
12.407333,10.986224,Sentence,3
8.20191,12.480874,Sentence,0
12.427269,10.706651,Sentence,3
9.71187,13.07337,Sentence,1
9.113812,12.750099,Sentence,2
8.863365,10.696056,Sentence,1
6.7035747,13.464249,Sentence,1
9.898118,7.2560983,Sentence,1
7.814142,13.1590605,Sentence,2
6.8946033,21.029596,Sentence,1
8.314861,13.7892275,Sentence,2
8.037063,11.860837,Sentence,0
8.8444,15.28209,Sentence,1
12.304267,10.5616665,Sentence,3
8.027592,13.665232,Sentence,2
11.624877,11.733906,Sentence,1
7.729401,12.827617,Sentence,0
8.179386,13.016312,Sentence,2
10.294692,11.638391,Sentence,1
8.373981,13.510405,Sentence,2
9.610431,11.84224,Sentence,1
8.873469,8.505143,Sentence,2
12.143526,11.380178,Sentence,3
11.582045,11.935746,Sentence,1
9.201959,11.545525,Sentence,1
8.999135,14.344032,Sentence,0
7.67747,12.815593,Sentence,0
10.948425,12.659091,Sentence,2
8.3902235,13.950467,Sentence,2
8.096819,11.593176,Sentence,0
8.151179,13.694181,Sentence,2
11.260006,12.173655,Sentence,1
17.278162,11.127608,Sentence,3
7.2922726,12.51307,Sentence,0
10.524375,10.141498,Sentence,1
11.509617,9.162671,Sentence,1
7.8953657,12.400636,Sentence,0
7.879255,11.322003,Sentence,0
8.807738,15.276115,Sentence,1
8.622388,13.74772,Sentence,2
6.4496436,13.5754385,Sentence,1
7.8204226,14.102751,Sentence,2
11.419884,10.378073,Sentence,3
11.459317,10.555925,Sentence,3
8.379004,11.939873,Sentence,1
8.075999,14.185172,Sentence,2
7.041471,12.820492,Sentence,0
10.012362,11.23091,Sentence,1
7.7282705,11.549441,Sentence,0
8.406139,14.012067,Sentence,2
9.313494,13.204621,Sentence,2
8.105733,13.921555,Sentence,2
8.068308,13.534348,Sentence,2
7.4763165,10.712991,Sentence,0
8.023527,11.899968,Sentence,0
10.9902315,12.086692,Sentence,1
9.253887,15.328736,Sentence,2
12.837972,10.45615,Sentence,3
10.678089,12.735356,Sentence,2
10.645654,12.918804,Sentence,1
7.4452667,10.941889,Sentence,0
8.083362,12.520917,Sentence,0
10.995304,12.802676,Sentence,3
12.787083,8.943177,Sentence,1
7.8054595,13.966562,Sentence,2
11.094173,6.913535,Sentence,1
7.771304,10.920868,Sentence,0
8.141225,9.427061,Sentence,1
6.9915247,11.81549,Sentence,0
11.130101,12.632843,Sentence,2
8.008515,13.342135,Sentence,2
10.979009,7.4101243,Sentence,1
12.483581,11.689631,Sentence,3
7.7649384,10.141939,Sentence,1
9.102421,14.579968,Sentence,2
7.4952216,13.151852,Sentence,2
8.549903,14.928857,Sentence,2
8.482895,8.3211775,Sentence,1
9.225654,14.2848,Sentence,2
7.651307,12.15233,Sentence,0
12.489895,11.430625,Sentence,3
8.370961,13.823788,Sentence,2
9.101872,13.06031,Sentence,2
8.183646,13.30294,Sentence,2
9.032547,15.125621,Sentence,2
12.722712,11.688959,Sentence,3
8.197633,12.523991,Sentence,0
10.147822,13.511997,Sentence,2
7.9331503,11.26584,Sentence,0
9.344491,11.389677,Sentence,1
9.138555,11.505377,Sentence,1
12.550188,10.3139715,Sentence,3
8.23803,12.716732,Sentence,0
10.486884,8.364025,Sentence,1
8.483636,9.759778,Sentence,1
9.255001,13.612208,Sentence,1
8.762351,12.491716,Sentence,0
8.798765,12.168578,Sentence,0
7.2051096,11.712813,Sentence,0
8.661429,12.176114,Sentence,0
8.32913,13.66291,Sentence,2
7.4415083,10.184331,Sentence,0
16.31468,9.633727,Sentence,3
7.376651,13.609192,Sentence,2
7.52528,12.097177,Sentence,0
9.436472,10.710722,Sentence,1
17.268549,11.104842,Sentence,3
9.953813,12.743696,Sentence,1
10.159448,12.321803,Sentence,1
7.947932,13.656436,Sentence,2
8.660037,11.480429,Sentence,1
8.071322,13.79884,Sentence,2
7.3667736,12.204474,Sentence,0
9.441682,14.148452,Sentence,2
12.6547575,11.722443,Sentence,3
13.571674,-2.914228,Sentence,3
9.528207,12.108078,Sentence,1
9.660882,15.176214,Sentence,1
7.498275,13.164539,Sentence,0
7.648181,13.441834,Sentence,0
7.1276593,11.714741,Sentence,0
7.406056,11.520417,Sentence,0
9.756674,10.587482,Sentence,1
11.033345,11.041036,Sentence,1
7.467948,13.015077,Sentence,2
10.105098,14.625822,Sentence,3
10.704269,11.2787,Sentence,1
10.7592745,7.911678,Sentence,1
8.027572,13.937381,Sentence,2
7.063572,13.683813,Sentence,2
8.192334,14.371443,Sentence,2
11.233172,10.010373,Sentence,1
6.980005,9.250871,Sentence,1
7.7648015,11.173061,Sentence,0
7.111001,13.791688,Sentence,2
6.7713246,13.650884,Sentence,1
9.4715,11.708019,Sentence,1
8.754155,15.376681,Sentence,2
9.4264965,12.372119,Sentence,2
8.156718,13.523659,Sentence,2
7.356274,14.041642,Sentence,2
7.688223,13.905713,Sentence,2
8.281867,11.3992405,Sentence,1
9.093209,14.937727,Sentence,2
7.8594375,12.981439,Sentence,1
12.601021,11.812952,Sentence,3
7.3228803,10.865755,Sentence,0
8.231133,12.43627,Sentence,0
12.45915,10.573039,Sentence,1
10.415694,9.547216,Sentence,0
8.261765,11.61246,Sentence,0
11.89037,10.955127,Sentence,3
7.642008,14.351076,Sentence,2
9.32712,15.435838,Sentence,2
10.619207,12.02979,Sentence,2
8.427292,13.491147,Sentence,2
7.4275994,12.604642,Sentence,0
12.215344,10.528556,Sentence,3
7.9773808,11.51045,Sentence,1
11.587874,11.484827,Sentence,1
8.099401,12.33957,Sentence,0
7.5753784,8.813342,Sentence,1
9.529114,14.411585,Sentence,2
8.932901,15.264119,Sentence,2
8.142195,11.373746,Sentence,0
9.624933,13.276939,Sentence,0
7.4929237,9.352081,Sentence,1
8.93065,15.483302,Sentence,2
8.916598,14.44503,Sentence,2
11.956607,11.955149,Sentence,3
8.863905,14.912764,Sentence,2
6.5658216,13.580808,Sentence,1
7.9475927,14.250716,Sentence,2
9.674187,15.015978,Sentence,2
7.480799,13.387317,Sentence,0
10.440557,7.7489934,Sentence,1
8.0417795,11.670139,Sentence,0
7.2445407,12.198466,Sentence,0
11.446272,12.136141,Sentence,1
8.729545,15.041862,Sentence,2
7.392449,11.978846,Sentence,2
7.2125626,8.131759,Sentence,1
9.166303,10.832083,Sentence,0
9.734075,13.303922,Sentence,0
12.47396,10.479769,Sentence,3
12.161177,10.797912,Sentence,3
8.584672,10.882065,Sentence,1
7.860141,9.715028,Sentence,1
8.243844,8.690205,Sentence,1
8.268254,13.078999,Sentence,2
8.810359,14.3105,Sentence,2
7.3803897,13.540084,Sentence,2
10.045949,11.504187,Sentence,1
12.1475935,12.219919,Sentence,3
11.319037,10.727766,Sentence,2
8.286116,13.74498,Sentence,2
9.284271,14.470439,Sentence,2
7.885175,13.897025,Sentence,2
11.723034,11.614998,Sentence,3
17.261648,11.111772,Sentence,3
8.322513,8.916206,Sentence,1
7.096476,11.954294,Sentence,0
9.776572,11.123468,Sentence,0
7.6013937,13.692742,Sentence,2
7.626708,13.663689,Sentence,2
9.134043,14.429975,Sentence,2
7.364751,12.400152,Sentence,0
7.678503,9.95052,Sentence,1
6.3739314,13.593051,Sentence,1
8.809896,13.143604,Sentence,0
8.957314,14.430743,Sentence,2
8.301894,13.178684,Sentence,2
11.169593,12.502293,Sentence,2
7.410851,14.475466,Sentence,2
8.394037,10.898097,Sentence,0
12.425734,10.714606,Sentence,3
12.454295,11.631943,Sentence,3
11.978244,10.166554,Sentence,1
8.248688,9.587388,Sentence,1
8.05829,13.588814,Sentence,2
10.349211,13.570312,Sentence,3
8.070086,9.467788,Sentence,1
7.748537,12.0242195,Sentence,0
9.839822,12.239156,Sentence,2
10.112107,15.020721,Sentence,3
6.6834664,8.933017,Sentence,1
8.036495,10.90793,Sentence,0
9.188064,14.761025,Sentence,2
7.548938,12.917998,Sentence,2
11.912113,7.1656256,Sentence,1
7.9825573,13.172913,Sentence,2
7.6998024,13.367664,Sentence,2
8.22109,11.030028,Sentence,0
7.65146,11.068624,Sentence,0
10.211997,13.776655,Sentence,2
7.873615,12.410805,Sentence,0
7.4853234,13.215008,Sentence,2
7.3994503,13.098194,Sentence,2
9.609543,14.682185,Sentence,2
9.810311,12.881141,Sentence,1
9.233856,14.105734,Sentence,1
7.243167,11.564816,Sentence,0
7.6097703,12.987973,Sentence,2
7.6253505,13.414523,Sentence,2
11.053494,10.718175,Sentence,3
6.7927947,13.596176,Sentence,2
11.738713,12.409329,Sentence,3
8.694552,14.206719,Sentence,2
8.235695,14.057722,Sentence,2
11.748186,12.239666,Sentence,3
8.733047,14.692286,Sentence,2
9.853898,12.7548485,Sentence,1
8.3601675,12.420252,Sentence,0
9.757389,11.993471,Sentence,1
7.805205,11.256914,Sentence,0
8.184109,13.327276,Sentence,0
8.491824,11.283086,Sentence,0
12.789257,8.929138,Sentence,1
7.610366,10.226984,Sentence,0
8.697099,14.12443,Sentence,0
12.466569,12.571087,Sentence,3
8.812882,12.8163185,Sentence,2
8.053518,13.8043585,Sentence,2
8.997592,15.2109,Sentence,2
8.406055,8.104141,Sentence,3
7.3031836,8.3011055,Sentence,1
8.208788,11.472676,Sentence,0
11.431728,11.39928,Sentence,3
10.987204,12.104174,Sentence,3
7.2387366,11.438157,Sentence,0
8.423703,7.9637647,Sentence,3
7.2678456,8.353015,Sentence,0
10.1413765,12.483742,Sentence,2
7.6097727,11.137103,Sentence,1
10.04858,9.762002,Sentence,0
9.365498,11.428878,Sentence,0
9.1574955,13.335983,Sentence,2
12.317031,12.23107,Sentence,3
8.283838,14.596717,Sentence,2
10.280401,11.277787,Sentence,1
10.2893305,11.995035,Sentence,2
7.601833,13.421259,Sentence,0
10.058485,9.901828,Sentence,1
11.395003,10.882561,Sentence,1
8.419761,12.609888,Sentence,0
7.4179196,12.67372,Sentence,0
9.206477,13.648439,Sentence,0
11.922484,7.147109,Sentence,1
7.3547263,12.682832,Sentence,0
8.95077,14.344709,Sentence,2
12.2676735,11.411029,Sentence,3
12.393683,10.296706,Sentence,3
11.558987,12.098037,Sentence,2
7.52229,13.649293,Sentence,2
7.5431995,14.595768,Sentence,2
8.265706,14.162547,Sentence,2
7.47672,10.560132,Sentence,0
12.352494,10.534718,Sentence,1
11.922625,12.3806305,Sentence,3
8.169414,13.912876,Sentence,2
8.735689,14.681191,Sentence,2
7.7183375,11.186943,Sentence,0
10.234616,13.243624,Sentence,3
7.723299,14.016156,Sentence,2
8.225512,10.752008,Sentence,0
8.679689,12.088244,Sentence,2
8.149494,12.775361,Sentence,0
8.104175,12.012439,Sentence,0
11.112748,10.675136,Sentence,1
10.042125,9.7582245,Sentence,1
7.760378,13.582064,Sentence,2
10.715604,13.290422,Sentence,3
8.370952,13.6392145,Sentence,2
8.005507,13.270047,Sentence,2
7.858792,13.213985,Sentence,2
7.7260776,13.064291,Sentence,0
8.5890255,13.671501,Sentence,2
7.2858405,12.696028,Sentence,2
7.8347793,8.911761,Sentence,1
9.238654,14.990929,Sentence,2
7.3891773,9.771891,Sentence,0
10.134562,12.368776,Sentence,2
10.850869,11.284544,Sentence,1
7.55412,12.928099,Sentence,2
7.3063445,12.504785,Sentence,0
6.3267727,13.588645,Sentence,0
8.2448015,13.536324,Sentence,0
10.627744,12.489201,Sentence,2
7.783333,14.069866,Sentence,2
9.161706,14.34902,Sentence,2
7.409182,12.844215,Sentence,0
10.124557,14.925293,Sentence,3
7.574861,10.887433,Sentence,0
8.086267,13.786786,Sentence,2
12.421311,11.801579,Sentence,3
8.453564,12.43847,Sentence,1
10.039499,12.511868,Sentence,2
8.0623455,8.594606,Sentence,1
8.48667,10.6901045,Sentence,0
7.6517053,13.413047,Sentence,2
8.496886,14.908492,Sentence,2
8.6791315,13.54219,Sentence,2
10.333246,12.424622,Sentence,1
7.413642,13.611684,Sentence,2
7.9933996,9.814637,Sentence,0
7.3984585,13.427187,Sentence,2
9.349413,10.633105,Sentence,1
10.401441,11.780769,Sentence,1
7.6325827,14.536097,Sentence,2
10.617539,13.10107,Sentence,3
8.614555,10.888089,Sentence,0
10.89847,11.168675,Sentence,1
7.2975445,12.804215,Sentence,0
9.85786,14.996486,Sentence,2
7.5609045,13.583645,Sentence,2
11.738195,12.197861,Sentence,2
7.6821985,9.605344,Sentence,1
7.9230733,12.870142,Sentence,0
10.250263,13.4824295,Sentence,2
9.015954,9.1621895,Sentence,1
8.823959,13.684242,Sentence,2
11.5202675,10.1505,Sentence,1
11.994028,7.3083296,Sentence,1
9.284762,10.834427,Sentence,0
8.901672,12.854993,Sentence,2
7.7323537,14.011912,Sentence,2
11.684388,12.303747,Sentence,2
7.6556997,13.438339,Sentence,2
9.420946,10.844245,Sentence,1
8.370188,13.972139,Sentence,2
8.783184,11.843075,Sentence,0
8.784477,12.479469,Sentence,1
7.506571,13.69336,Sentence,2
12.652852,11.733595,Sentence,3
8.778974,14.350447,Sentence,2
8.5766535,13.789625,Sentence,2
12.211218,8.5923195,Sentence,1
11.277407,15.702276,Sentence,3
12.37516,11.808611,Sentence,3
8.966435,15.249085,Sentence,0
7.5859556,12.837214,Sentence,0
10.75057,12.00727,Sentence,1
9.545565,14.536169,Sentence,2
11.296764,11.172088,Sentence,2
9.021166,14.484129,Sentence,2
9.223092,13.225443,Sentence,2
7.4619575,12.941077,Sentence,0
8.881258,14.318251,Sentence,2
7.63642,14.170244,Sentence,2
9.287355,11.622809,Sentence,0
9.954256,11.818537,Sentence,2
7.479182,10.761012,Sentence,0
11.300304,14.281689,Sentence,0
11.59112,11.807651,Sentence,1
7.18067,14.295844,Sentence,2
7.487694,13.873563,Sentence,2
10.891532,13.8872795,Sentence,2
7.9374337,11.402148,Sentence,1
10.0254545,12.611309,Sentence,3
10.657053,11.7020445,Sentence,2
12.753117,10.511358,Sentence,3
6.917012,12.528698,Sentence,0
7.177904,13.17621,Sentence,2
8.25981,11.546491,Sentence,2
9.879382,14.566562,Sentence,0
7.847176,13.19725,Sentence,2
9.418376,15.23977,Sentence,3
8.168203,12.750021,Sentence,0
8.578007,12.454029,Sentence,0
8.210234,12.937073,Sentence,2
7.9657307,10.083713,Sentence,0
8.769082,15.32894,Sentence,2
9.700893,13.360301,Sentence,2
9.114101,14.616654,Sentence,2
8.422074,15.110863,Sentence,2
7.97237,10.680564,Sentence,0
7.431996,13.160896,Sentence,0
7.758486,13.07002,Sentence,0
10.156167,15.21967,Sentence,2
8.101735,12.362432,Sentence,0
9.416222,10.687646,Sentence,1
9.267432,14.800595,Sentence,2
12.194302,10.830092,Sentence,3
10.966511,13.75197,Sentence,3
9.680018,9.676725,Sentence,1
10.737624,11.643965,Sentence,3
9.098028,15.475971,Sentence,2
7.364916,12.186188,Sentence,0
7.8148,11.801506,Sentence,0
10.718248,7.97213,Sentence,1
7.9806194,14.064997,Sentence,2
10.187445,13.547308,Sentence,2
10.829369,13.699877,Sentence,3
8.314331,9.17829,Sentence,1
8.568714,14.477024,Sentence,2
11.590994,8.944828,Sentence,3
12.711984,10.328637,Sentence,3
9.318466,14.956278,Sentence,2
11.88694,11.462478,Sentence,3
12.484003,10.500758,Sentence,3
9.494834,12.6479225,Sentence,0
7.734147,12.406346,Sentence,0
7.560539,12.795852,Sentence,0
7.6128926,13.044217,Sentence,0
7.454555,9.109757,Sentence,1
11.433447,11.76061,Sentence,1
7.531839,23.821594,Sentence,1
9.265784,11.204315,Sentence,1
8.5699005,8.781513,Sentence,1
10.63697,11.720853,Sentence,3
8.092016,9.727756,Sentence,0
12.15878,11.897119,Sentence,3
8.22618,14.370647,Sentence,2
7.9309773,12.994067,Sentence,0
10.418334,8.199777,Sentence,1
10.636389,13.051067,Sentence,3
12.701781,10.337388,Sentence,3
8.881787,9.222004,Sentence,1
7.787446,13.208538,Sentence,2
12.282937,10.67642,Sentence,2
8.825789,12.819264,Sentence,2
7.9707108,12.209504,Sentence,0
7.2318716,13.292131,Sentence,0
8.065191,8.642342,Phrase,2
10.015516,11.217979,Phrase,0
11.7241955,9.720001,Phrase,1
8.139286,11.789485,Phrase,2
9.329339,11.34547,Phrase,0
9.724935,11.700837,Phrase,0
9.1882105,10.462042,Phrase,2
10.6217985,11.25435,Phrase,1
11.121798,10.952445,Phrase,0
11.990131,12.136579,Phrase,0
9.498233,12.25509,Phrase,0
9.831273,10.135073,Phrase,2
9.378177,14.956035,Phrase,3
9.493417,9.424616,Phrase,2
11.002931,8.337553,Phrase,0
10.305427,12.810823,Phrase,0
10.793087,11.780488,Phrase,0
8.050907,9.88533,Phrase,2
11.419858,10.486007,Phrase,1
10.960258,11.388527,Phrase,0
7.735048,8.509025,Phrase,2
10.6060915,11.909775,Phrase,0
10.4333,11.83249,Phrase,0
10.10156,14.835213,Phrase,3
11.566646,11.251469,Phrase,1
11.0215,10.783642,Phrase,0
9.113899,15.418604,Phrase,3
10.062499,15.0175,Phrase,3
8.085919,10.168854,Phrase,0
9.694076,13.213311,Phrase,2
9.961966,15.103311,Phrase,3
8.50322,10.364657,Phrase,2
11.230284,11.222051,Phrase,0
9.101128,15.438418,Phrase,3
9.640232,15.292413,Phrase,3
10.307384,11.025225,Phrase,0
12.235996,13.818179,Phrase,1
9.362384,12.709109,Phrase,2
10.402846,11.209448,Phrase,0
11.9267235,10.81479,Phrase,1
11.369935,12.324917,Phrase,0
9.583972,15.48462,Phrase,3
9.396076,15.537413,Phrase,3
11.128584,9.745179,Phrase,1
9.834179,14.416885,Phrase,3
9.293085,15.331497,Phrase,3
10.110864,12.772934,Phrase,0
10.444834,9.533593,Phrase,1
10.593264,10.507919,Phrase,1
10.429,14.62808,Phrase,3
10.077538,10.444485,Phrase,3
10.96345,10.1316395,Phrase,1
10.27453,12.059948,Phrase,0
10.669199,15.545928,Phrase,3
9.57064,15.820971,Phrase,3
9.633724,14.174541,Phrase,3
9.986275,11.565037,Phrase,2
9.6966505,10.429363,Phrase,2
9.325373,11.221406,Phrase,2
10.3361435,13.985628,Phrase,2
9.838904,12.766647,Phrase,0
11.393744,10.5740795,Phrase,1
9.33715,10.127572,Phrase,0
10.212995,10.0956545,Phrase,1
9.594632,9.486063,Phrase,2
7.785983,8.626834,Phrase,2
10.696646,12.160261,Phrase,0
11.381862,12.052586,Phrase,0
9.192012,11.192837,Phrase,2
10.054946,11.999195,Phrase,0
9.388729,10.445127,Phrase,2
11.866879,10.201264,Phrase,2
12.440927,11.456469,Phrase,0
9.899412,12.912337,Phrase,2
9.401176,12.000474,Phrase,2
9.454209,12.12259,Phrase,0
10.603769,14.730898,Phrase,3
9.095672,9.337636,Phrase,2
11.078415,12.499432,Phrase,0
9.28286,15.3458,Phrase,3
8.901769,10.582657,Phrase,2
9.618976,13.695578,Phrase,0
9.749626,10.158964,Phrase,2
9.900329,12.443274,Phrase,0
11.222462,11.743967,Phrase,0
8.468276,8.537408,Phrase,1
9.961353,10.621554,Phrase,2
9.383208,9.429981,Phrase,2
11.494019,11.909701,Phrase,0
11.850178,11.878615,Phrase,0
9.804081,14.333675,Phrase,3
9.475892,12.607184,Phrase,3
10.889945,13.991785,Phrase,0
9.787124,10.517317,Phrase,2
8.377427,9.674265,Phrase,2
11.928889,10.08298,Phrase,1
7.7892046,10.731706,Phrase,2
10.855425,12.185751,Phrase,2
11.830244,11.139536,Phrase,0
7.7516513,11.140837,Phrase,2
10.955863,11.1917515,Phrase,0
7.95561,10.190834,Phrase,2
8.096533,10.017116,Phrase,2
10.273121,14.828208,Phrase,3
8.053417,10.348244,Phrase,2
11.405643,8.7892475,Phrase,0
8.542859,15.215052,Phrase,3
12.674633,10.110491,Phrase,1
10.960808,10.345153,Phrase,2
9.405525,9.888934,Phrase,2
-6.071031,7.6119776,Phrase,1
9.767991,12.733685,Phrase,0
10.879473,13.375264,Phrase,1
9.536191,9.135307,Phrase,2
12.227433,11.5230465,Phrase,1
8.550634,9.577583,Phrase,2
9.720937,9.491954,Phrase,2
10.392619,11.466505,Phrase,2
11.89428,12.244203,Phrase,0
9.491371,15.217414,Phrase,3
10.060099,13.097858,Phrase,1
10.53648,10.194359,Phrase,2
10.201427,13.059111,Phrase,2
8.059487,9.531335,Phrase,2
8.613688,7.9865785,Phrase,2
10.508833,12.13812,Phrase,0
10.809486,12.252416,Phrase,0
9.978163,14.965765,Phrase,3
10.368462,13.408492,Phrase,2
11.456222,11.958993,Phrase,0
11.593378,12.365927,Phrase,1
10.203099,12.075699,Phrase,0
12.188289,9.899494,Phrase,0
10.372704,14.660744,Phrase,3
9.692353,12.077089,Phrase,1
9.566353,10.061754,Phrase,2
10.506931,13.15567,Phrase,2
8.99871,10.562859,Phrase,2
9.504952,15.328883,Phrase,3
9.897678,14.133072,Phrase,3
10.014096,12.956811,Phrase,2
10.241856,10.303421,Phrase,2
11.088877,6.9318595,Phrase,0
9.839754,11.164106,Phrase,0
10.077262,14.754259,Phrase,3
9.886191,5.951514,Phrase,1
10.56064,10.311483,Phrase,0
10.200582,13.824923,Phrase,2
9.052136,9.849024,Phrase,2
12.670744,11.714576,Phrase,2
10.633544,11.585469,Phrase,0
11.169991,12.011343,Phrase,0
10.297865,11.82949,Phrase,0
11.152881,10.983202,Phrase,0
10.844223,13.999385,Phrase,0
10.593949,12.785209,Phrase,0
9.479012,11.458041,Phrase,2
8.912198,14.964522,Phrase,3
8.30905,10.999976,Phrase,2
11.0274515,11.2028,Phrase,0
11.095223,10.478412,Phrase,2
11.288117,9.786125,Phrase,2
9.80294,14.834072,Phrase,3
10.484894,10.729842,Phrase,0
9.272005,10.828128,Phrase,0
8.695821,15.368406,Phrase,3
11.214815,10.265863,Phrase,2
9.717835,14.596732,Phrase,3
9.499727,10.686512,Phrase,0
12.231873,8.628595,Phrase,0
9.429557,11.058441,Phrase,0
10.1830225,13.307673,Phrase,0
10.578735,14.947188,Phrase,3
11.078905,8.777437,Phrase,1
9.533536,15.488635,Phrase,3
10.935565,11.337133,Phrase,1
12.690317,13.121981,Phrase,1
9.923115,12.539563,Phrase,2
10.538946,9.337761,Phrase,2
9.930096,11.124295,Phrase,0
11.976811,12.104518,Phrase,1
8.86537,10.935624,Phrase,2
10.419169,12.514904,Phrase,0
9.861772,14.21289,Phrase,3
10.527363,12.665433,Phrase,0
10.153272,11.233161,Phrase,2
9.127393,9.809148,Phrase,2
10.875627,10.72368,Phrase,2
8.000949,8.383486,Phrase,1
10.245487,11.293035,Phrase,0
9.90351,13.228135,Phrase,2
8.9892,11.201662,Phrase,0
10.865606,12.629782,Phrase,0
8.825458,15.352512,Phrase,3
10.358846,9.821983,Phrase,0
11.634176,8.5890875,Phrase,1
10.506732,10.995934,Phrase,0
10.8272915,11.657047,Phrase,2
11.436532,11.634386,Phrase,0
9.080121,15.297083,Phrase,3
11.214962,11.216236,Phrase,2
9.710359,11.007158,Phrase,0
12.789283,9.43207,Phrase,1
12.530262,10.853178,Phrase,1
10.907082,13.904313,Phrase,0
11.916505,7.1467795,Phrase,0
10.390911,12.2954035,Phrase,0
9.458016,10.508885,Phrase,2
12.131614,13.416209,Phrase,1
10.816647,10.792975,Phrase,0
11.08844,13.24046,Phrase,0
11.153637,11.361284,Phrase,1
8.287365,8.651072,Phrase,2
10.574224,13.332588,Phrase,0
10.038326,11.310798,Phrase,1
10.896914,13.100839,Phrase,2
9.223468,14.492461,Phrase,3
12.70667,9.031794,Phrase,2
9.973914,13.493382,Phrase,2
12.205948,10.776214,Phrase,1
10.5527,12.174141,Phrase,0
10.376609,8.419104,Phrase,0
10.030843,13.663085,Phrase,0
12.367257,13.878232,Phrase,1
10.697748,8.892364,Phrase,0
8.446408,9.662875,Phrase,2
9.812093,14.762491,Phrase,3
10.26344,10.645988,Phrase,1
9.79003,15.128108,Phrase,3
10.377449,12.434524,Phrase,0
9.050194,10.793038,Phrase,2
11.319604,11.944768,Phrase,0
9.740587,10.164408,Phrase,2
7.4329967,8.420422,Phrase,1
9.931872,9.97607,Phrase,2
9.675523,15.223445,Phrase,3
10.513929,11.836027,Phrase,0
9.957812,10.175121,Phrase,2
10.834853,11.616676,Phrase,0
9.298377,10.6035,Phrase,2
11.256634,8.881169,Phrase,1
10.469631,15.465398,Phrase,3
11.900338,11.309817,Phrase,1
10.150718,15.467137,Phrase,3
9.675606,11.2604265,Phrase,0
10.458153,12.637321,Phrase,0
9.877146,15.726117,Phrase,3
10.582075,9.646956,Phrase,2
10.5527525,14.932392,Phrase,3
9.407532,15.308187,Phrase,3
10.134638,12.34839,Phrase,0
10.855902,10.1470585,Phrase,0
9.981016,14.571162,Phrase,3
8.8742485,11.329481,Phrase,2
7.8827357,9.879215,Phrase,2
10.368336,12.6302185,Phrase,0
11.359914,13.531729,Phrase,0
8.420001,10.11748,Phrase,2
7.6802783,8.534255,Phrase,1
10.158395,13.974031,Phrase,3
-6.0696654,7.6131043,Phrase,2
11.033581,13.9528055,Phrase,0
9.851109,11.416162,Phrase,0
9.353274,11.627995,Phrase,0
11.134184,7.688014,Phrase,0
9.983295,14.757775,Phrase,3
11.333028,8.560109,Phrase,2
9.945856,14.548331,Phrase,3
8.466953,8.322232,Phrase,1
11.333775,12.579493,Phrase,0
9.559579,12.338198,Phrase,2
9.747644,14.614902,Phrase,3
11.211245,11.178527,Phrase,1
11.185422,13.194337,Phrase,0
11.351863,11.048841,Phrase,2
7.478171,9.937787,Phrase,2
7.928323,8.397537,Phrase,1
9.572684,9.327324,Phrase,2
10.9616995,12.10916,Phrase,0
11.763821,14.184223,Phrase,3
8.625882,10.757409,Phrase,2
8.332713,10.769338,Phrase,2
12.635216,11.769178,Phrase,1
10.428694,13.801303,Phrase,3
7.9029937,11.0961075,Phrase,2
9.543893,9.495454,Phrase,2
10.462293,10.202483,Phrase,2
9.668533,13.309132,Phrase,3
8.498687,8.173112,Phrase,1
11.3706665,11.273567,Phrase,1
8.528613,8.165183,Phrase,2
9.420309,13.297106,Phrase,0
9.462783,12.0169735,Phrase,0
10.459353,9.707003,Phrase,2
10.897767,11.654242,Phrase,0
9.534414,15.601125,Phrase,3
10.648239,13.569306,Phrase,2
8.334677,10.360939,Phrase,2
9.760074,12.368516,Phrase,0
9.546258,10.423644,Phrase,2
8.9443035,11.753173,Phrase,2
9.613869,9.301651,Phrase,2
10.220724,14.009273,Phrase,2
8.969933,15.403806,Phrase,3
10.601136,11.6387825,Phrase,0
10.895734,11.985502,Phrase,0
8.968994,14.6867895,Phrase,3
9.090455,11.300002,Phrase,0
12.735317,11.4099045,Phrase,1
10.287543,11.132353,Phrase,0
12.7982025,9.418983,Phrase,1
11.247354,9.816655,Phrase,1
8.751634,11.232327,Phrase,2
11.424614,12.148651,Phrase,0
9.40138,12.274777,Phrase,2
7.942022,8.40382,Phrase,2
9.697542,15.603303,Phrase,2
12.735653,10.472069,Phrase,1
10.381702,8.60257,Phrase,2
10.217409,14.403216,Phrase,3
9.6426525,14.03935,Phrase,0
10.303267,11.102229,Phrase,0
12.775228,9.030433,Phrase,1
10.99671,10.670312,Phrase,2
10.990659,11.963607,Phrase,0
9.857864,14.477474,Phrase,3
12.7950535,9.4242935,Phrase,1
8.736115,10.620544,Phrase,2
12.080951,11.842891,Phrase,0
10.597342,12.990761,Phrase,0
12.776734,8.936089,Phrase,0
9.802627,13.269556,Phrase,0
10.712872,9.156639,Phrase,1
11.131607,8.9525795,Phrase,0
9.291159,15.035475,Phrase,3
12.501004,10.3040285,Phrase,1
7.214321,8.094154,Phrase,1
10.581849,10.8479185,Phrase,0
10.286056,10.586274,Phrase,0
10.65024,14.842334,Phrase,3
14.755786,7.1936207,Phrase,1
10.01239,13.249996,Phrase,0
12.7840805,9.436759,Phrase,1
11.475854,11.627328,Phrase,2
10.379105,10.711162,Phrase,0
8.050705,11.815014,Phrase,2
9.556784,10.260617,Phrase,2
9.930034,12.019959,Phrase,2
11.280519,11.353082,Phrase,0
11.124821,11.895561,Phrase,0
9.600132,15.504239,Phrase,3
11.378543,13.192921,Phrase,0
10.836114,9.310502,Phrase,2
9.386552,10.92589,Phrase,2
10.185277,13.375759,Phrase,3
10.359789,10.991322,Phrase,0
11.832901,10.688082,Phrase,1
10.5960865,12.169758,Phrase,0
11.240304,12.0373535,Phrase,0
11.157771,10.466205,Phrase,2
10.061075,14.745412,Phrase,3
10.9496975,11.987736,Phrase,0
12.408676,10.033366,Phrase,1
6.8994503,10.948567,Phrase,2
8.385541,10.628732,Phrase,2
10.819216,13.741539,Phrase,0
8.029374,12.25807,Phrase,0
11.906374,10.967532,Phrase,0
10.467144,10.39706,Phrase,2
10.582484,13.575943,Phrase,1
12.800718,11.347119,Phrase,1
17.257652,11.113326,Phrase,1
9.8697405,14.607446,Phrase,3
11.416817,8.831949,Phrase,2
9.926262,15.07274,Phrase,3
10.147331,10.943671,Phrase,0
10.2523155,11.4282875,Phrase,2
9.65735,9.387675,Phrase,2
8.7295065,9.608308,Phrase,0
8.956141,10.877727,Phrase,0
9.407597,9.787707,Phrase,2
11.315542,10.624948,Phrase,1
8.162634,8.360605,Phrase,1
10.792921,10.057224,Phrase,2
9.33301,15.024882,Phrase,3
10.587664,11.743217,Phrase,0
10.6632805,11.409217,Phrase,1
10.117831,12.43487,Phrase,0
9.990005,11.64197,Phrase,1
10.390193,10.434098,Phrase,1
11.189439,10.681069,Phrase,2
10.4853945,13.2791195,Phrase,2
10.8364725,13.216363,Phrase,0
9.556428,11.712288,Phrase,2
12.805846,9.055356,Phrase,1
10.140187,12.824512,Phrase,0
9.358507,10.425267,Phrase,2
9.530269,9.147069,Phrase,2
10.330713,9.551637,Phrase,1
9.493718,12.037358,Phrase,2
10.192161,13.291445,Phrase,0
10.813458,12.087392,Phrase,0
8.835522,11.711938,Phrase,0
14.033829,11.314646,Phrase,1
8.653947,8.190894,Phrase,1
9.383337,12.574742,Phrase,0
9.878472,5.961153,Phrase,2
11.577489,12.096879,Phrase,0
12.600054,10.40751,Phrase,1
10.405187,14.781664,Phrase,3
10.040115,13.644234,Phrase,0
11.3431635,9.500242,Phrase,1
9.189363,12.56694,Phrase,0
11.770808,12.215853,Phrase,0
11.938131,7.115866,Phrase,0
10.472245,11.859698,Phrase,0
9.437374,9.516821,Phrase,2
9.573963,9.136626,Phrase,2
11.823938,10.289933,Phrase,1
10.208002,13.881495,Phrase,2
9.354815,9.936666,Phrase,2
9.10901,14.78663,Phrase,3
10.266542,12.876969,Phrase,0
10.171776,14.81717,Phrase,3
10.514666,12.371599,Phrase,0
11.573975,9.678048,Phrase,2
9.582347,9.198537,Phrase,1
11.028617,11.754391,Phrase,0
10.740318,14.100526,Phrase,0
11.931072,11.818976,Phrase,2
11.74266,14.157774,Phrase,3
10.429003,10.735247,Phrase,0
10.548557,9.667848,Phrase,1
9.667649,15.327966,Phrase,3
8.982604,15.167232,Phrase,3
10.191123,13.151163,Phrase,0
10.877574,11.66487,Phrase,1
10.121189,13.963405,Phrase,3
10.64306,9.060199,Phrase,2
9.392129,15.31738,Phrase,3
8.193206,9.578524,Phrase,2
10.333942,12.3974085,Phrase,0
11.711965,11.392925,Phrase,0
9.133457,11.815565,Phrase,0
11.249241,12.688786,Phrase,0
9.338466,11.052606,Phrase,2
10.96565,11.37961,Phrase,0
12.788806,9.425242,Phrase,1
12.475047,9.94815,Phrase,1
10.747979,10.28884,Phrase,1
10.845953,11.503742,Phrase,0
10.976482,9.468994,Phrase,2
9.097839,9.806248,Phrase,2
12.934042,11.40641,Phrase,1
9.337891,10.353145,Phrase,2
6.890249,10.921146,Phrase,2
9.860127,13.111181,Phrase,2
11.686144,10.901701,Phrase,1
10.539344,12.317804,Phrase,1
8.327426,10.686973,Phrase,2
11.6430855,12.757293,Phrase,2
10.986709,10.897943,Phrase,2
13.181301,12.528084,Phrase,2
10.947002,10.045318,Phrase,2
10.3975315,11.499363,Phrase,0
9.79471,11.870315,Phrase,2
9.883434,14.760425,Phrase,3
11.703926,14.054594,Phrase,0
9.35245,9.577352,Phrase,2
10.52708,13.127192,Phrase,1
9.252084,12.598363,Phrase,2
12.302372,10.766026,Phrase,1
11.850838,9.202615,Phrase,1
11.100797,9.69953,Phrase,2
11.948963,10.617723,Phrase,1
10.351964,14.730163,Phrase,3
10.209938,14.064217,Phrase,3
8.527199,10.862168,Phrase,2
9.7339735,11.804806,Phrase,0
8.378737,10.581169,Phrase,2
11.669247,10.895099,Phrase,1
10.779547,11.721429,Phrase,0
11.639901,12.572886,Phrase,0
10.90971,12.556503,Phrase,0
9.856555,15.199592,Phrase,3
7.1646967,8.804921,Phrase,1
9.674377,11.667033,Phrase,2
10.145209,14.65756,Phrase,3
10.02497,9.74192,Phrase,1
11.673169,11.74156,Phrase,0
11.587538,12.436037,Phrase,0
9.602616,9.286275,Phrase,2
12.89364,10.325067,Phrase,1
10.910146,11.85855,Phrase,0
10.928134,12.007803,Phrase,0
11.5900545,10.02639,Phrase,0
10.116078,13.72293,Phrase,2
8.126043,13.008488,Phrase,2
9.188225,11.545473,Phrase,0
11.083904,12.054793,Phrase,0
10.103985,15.08348,Phrase,3
10.66635,8.295658,Phrase,0
10.515171,7.7557096,Phrase,0
9.715436,9.4545965,Phrase,2
10.706174,14.727839,Phrase,3
10.341057,14.026179,Phrase,1
9.680994,12.645835,Phrase,0
11.658335,12.127565,Phrase,0
8.41107,9.774311,Phrase,2
10.499366,10.9502535,Phrase,2
10.117679,10.254763,Phrase,2
10.913294,12.185754,Phrase,0
8.3615055,9.8404255,Phrase,2
11.039331,11.152774,Phrase,0
11.374376,11.790547,Phrase,0
10.656301,12.905072,Phrase,3
10.045414,10.899228,Phrase,0
10.125365,14.76353,Phrase,3
11.16769,15.448607,Phrase,2
9.629663,10.677582,Phrase,2
10.429678,13.741836,Phrase,0
12.033837,9.943643,Phrase,1
10.051599,11.020435,Phrase,2
10.373048,11.421098,Phrase,2
14.717511,7.24707,Phrase,1
11.30058,9.932143,Phrase,1
10.457698,14.677852,Phrase,3
7.636307,8.978926,Phrase,1
11.145466,13.775028,Phrase,2
9.662776,13.418337,Phrase,2
9.58203,9.50814,Phrase,2
11.103057,6.923165,Phrase,2
9.756512,12.494288,Phrase,0
12.515557,12.324006,Phrase,1
9.642652,14.43541,Phrase,3
11.30665,12.5625,Phrase,0
11.510912,10.944667,Phrase,0
14.524421,8.039319,Phrase,2
10.261953,9.454096,Phrase,1
9.39872,12.517652,Phrase,3
10.2012415,13.645473,Phrase,3
10.163219,10.483942,Phrase,1
11.120689,12.14154,Phrase,1
10.687095,12.643223,Phrase,0
10.419854,10.769103,Phrase,0
10.782942,14.13937,Phrase,0
8.070213,9.440775,Phrase,2
11.283773,10.58881,Phrase,1
10.804345,11.915343,Phrase,0
10.801485,12.8251295,Phrase,0
10.142433,14.966038,Phrase,3
-6.068601,7.6141515,Phrase,1
10.223631,11.863558,Phrase,2
10.391889,13.419524,Phrase,2
11.089806,12.473719,Phrase,1
9.859942,14.894073,Phrase,3
9.565363,15.578531,Phrase,3
-6.0682817,7.614483,Phrase,1
-6.068425,7.6144114,Phrase,1
10.834863,14.82054,Phrase,3
12.340296,13.909827,Phrase,1
9.826966,10.4253025,Phrase,2
7.9478526,10.107666,Phrase,2
7.856402,8.493929,Phrase,1
9.910538,11.259526,Phrase,0
8.995512,9.9685755,Phrase,2
12.399458,13.936287,Phrase,1
10.691762,10.112518,Phrase,2
10.829785,13.915612,Phrase,2
9.712274,11.902301,Phrase,0
10.139403,12.000458,Phrase,0
11.024659,14.338395,Phrase,2
12.370367,10.148396,Phrase,1
11.072558,11.770911,Phrase,0
9.755215,9.414085,Phrase,2
9.004762,11.464771,Phrase,2
7.851186,9.770381,Phrase,2
10.784054,11.136507,Phrase,2
9.783539,9.880487,Phrase,1
8.124189,8.294593,Phrase,1
10.505737,10.309187,Phrase,1
9.966476,11.251036,Phrase,2
8.579736,10.756518,Phrase,2
10.766826,12.438585,Phrase,0
9.340671,9.41423,Phrase,2
9.201289,11.187946,Phrase,0
10.967303,10.709476,Phrase,1
7.855621,10.921514,Phrase,2
9.387502,12.016327,Phrase,2
7.2169814,8.086181,Phrase,1
9.738382,10.347977,Phrase,2
10.437526,10.6081295,Phrase,0
9.166968,11.619448,Phrase,2
10.935333,13.949331,Phrase,0
10.791247,11.46447,Phrase,0
8.076003,9.790281,Phrase,2
10.893308,10.993427,Phrase,0
9.774801,9.263136,Phrase,2
14.757259,7.192432,Phrase,1
9.761193,10.714034,Phrase,0
8.638399,10.556405,Phrase,2
9.418903,11.1426115,Phrase,0
10.83417,11.105611,Phrase,2
11.371929,14.090484,Phrase,2
11.074357,10.553754,Phrase,2
11.337359,13.187255,Phrase,0
11.924386,7.1507864,Phrase,0
11.177007,10.520982,Phrase,1
9.176571,11.023485,Phrase,2
10.30696,14.678239,Phrase,3
8.325844,11.9064455,Phrase,0
7.5789948,12.926997,Phrase,0
10.391176,15.471638,Phrase,3
9.560303,10.905552,Phrase,2
10.296906,12.590322,Phrase,2
11.073145,11.663296,Phrase,1
14.767022,7.1863747,Phrase,1
10.357781,10.115947,Phrase,2
11.625096,11.817965,Phrase,2
9.773623,15.547947,Phrase,3
11.540308,11.585842,Phrase,2
8.317232,9.188946,Phrase,2
9.540639,11.810769,Phrase,2
9.98921,10.804214,Phrase,1
9.413715,11.263971,Phrase,0
9.486892,9.471955,Phrase,2
11.343757,8.887873,Phrase,1
9.775489,13.27812,Phrase,2
9.173318,13.359638,Phrase,0
10.9006605,7.587015,Phrase,0
10.581629,8.399169,Phrase,0
9.237754,11.035446,Phrase,2
9.654244,15.045342,Phrase,3
11.294946,10.122724,Phrase,1
9.73702,13.644936,Phrase,0
10.610812,10.212982,Phrase,2
8.285812,8.580718,Phrase,2
10.49829,13.25457,Phrase,2
10.2206745,11.4094305,Phrase,2
10.435172,14.935737,Phrase,3
10.226028,10.144497,Phrase,2
10.357106,13.388427,Phrase,0
10.103005,12.720825,Phrase,0
11.929125,11.051297,Phrase,2
8.118892,15.024573,Phrase,1
10.961573,13.056959,Phrase,0
9.192835,11.085211,Phrase,0
11.393136,8.850555,Phrase,2
9.905145,11.829958,Phrase,0
7.9986954,9.820165,Phrase,2
10.804986,11.304599,Phrase,0
8.71472,9.230929,Phrase,0
11.503964,10.104081,Phrase,1
10.609818,10.538035,Phrase,0
10.447913,13.360073,Phrase,1
11.077686,11.5825205,Phrase,0
8.693295,10.741885,Phrase,0
10.223976,14.795167,Phrase,3
9.807355,15.492907,Phrase,3
11.6046505,12.2800255,Phrase,0
11.126799,12.758436,Phrase,0
10.545406,8.581258,Phrase,1
12.406343,13.844278,Phrase,1
9.04236,11.302382,Phrase,0
9.947549,10.173936,Phrase,2
7.5999904,8.575933,Phrase,1
11.989751,10.600336,Phrase,0
11.168154,10.155426,Phrase,2
12.265099,12.395352,Phrase,1
10.7203,10.698746,Phrase,1
10.0011215,13.087471,Phrase,0
9.978455,12.017758,Phrase,0
11.137356,13.079591,Phrase,0
9.677748,11.266235,Phrase,0
10.745139,12.527054,Phrase,0
9.283146,10.373611,Phrase,2
9.389806,11.206704,Phrase,0
11.627239,11.668013,Phrase,1
9.982323,15.682997,Phrase,3
11.033805,9.716071,Phrase,2
11.230012,12.670611,Phrase,0
12.200657,13.511199,Phrase,1
8.502297,8.232216,Phrase,2
10.67594,8.695584,Phrase,0
10.523541,11.4828825,Phrase,1
11.594475,12.572236,Phrase,0
8.653639,8.758066,Phrase,1
11.555099,12.781977,Phrase,0
6.5746326,8.360424,Phrase,0
10.645931,11.141971,Phrase,2
10.325864,12.250909,Phrase,0
7.937697,9.351235,Phrase,2
9.617264,10.3023,Phrase,0
11.742494,10.115198,Phrase,2
9.612148,15.262551,Phrase,3
10.215572,11.461792,Phrase,0
10.419666,12.828571,Phrase,0
11.488515,11.783363,Phrase,0
9.407538,11.011254,Phrase,2
9.868435,12.261515,Phrase,1
10.375144,7.903914,Phrase,0
10.231123,14.067986,Phrase,0
7.964867,9.650322,Phrase,2
10.861703,12.86765,Phrase,0
10.65256,12.135282,Phrase,0
11.661113,12.815129,Phrase,0
13.168442,12.5115595,Phrase,1
9.904841,13.898854,Phrase,3
8.387149,9.000625,Phrase,2
10.979624,11.090617,Phrase,0
10.451964,10.575428,Phrase,1
11.764191,11.860968,Phrase,0
11.4951105,9.0621605,Phrase,1
9.925045,12.855008,Phrase,0
10.769524,11.994631,Phrase,0
10.197738,13.962544,Phrase,0
9.388148,9.43137,Phrase,2
11.115529,9.802614,Phrase,2
10.907572,11.02562,Phrase,0
9.174783,11.164178,Phrase,2
9.3774805,10.2693615,Phrase,2
9.421766,15.671357,Phrase,3
11.269703,10.867594,Phrase,2
8.536898,8.34342,Phrase,2
9.082109,11.599774,Phrase,2
9.04447,11.648349,Phrase,2
9.507807,15.076717,Phrase,3
11.107489,10.417895,Phrase,1
9.642137,14.994395,Phrase,3
10.389849,9.6146555,Phrase,2
11.899535,11.786938,Phrase,0
9.624591,12.715891,Phrase,0
9.957407,14.657979,Phrase,3
8.937834,15.595279,Phrase,3
11.267555,12.075916,Phrase,0
12.278235,9.954854,Phrase,1
9.192276,12.608882,Phrase,1
11.213458,12.346877,Phrase,0
8.997377,15.397833,Phrase,3
9.939742,11.569113,Phrase,0
-6.066914,7.6158624,Phrase,1
9.549107,9.3238735,Phrase,2
12.291454,11.464312,Phrase,1
9.95577,13.38882,Phrase,2
12.071351,9.110615,Phrase,1
10.256796,13.660667,Phrase,3
10.898838,13.962238,Phrase,0
9.470544,15.631189,Phrase,3
9.379764,10.636091,Phrase,2
9.761813,10.696935,Phrase,2
11.0409155,11.894073,Phrase,0
10.838725,13.0556135,Phrase,2
9.00848,10.75088,Phrase,2
7.4546905,8.764139,Phrase,1
9.400075,15.191714,Phrase,3
11.93375,9.9627695,Phrase,1
9.534732,15.202954,Phrase,3
11.230239,13.186151,Phrase,0
10.633351,13.119223,Phrase,0
9.533112,11.981676,Phrase,2
11.755333,11.485788,Phrase,2
10.817226,8.553626,Phrase,2
11.319777,11.587038,Phrase,0
12.417721,11.842367,Phrase,1
9.966844,10.970192,Phrase,2
11.725003,7.311889,Phrase,0
10.181877,10.782087,Phrase,1
12.725639,9.738633,Phrase,1
11.266732,13.570503,Phrase,0
9.211416,11.163821,Phrase,0
10.203327,10.282836,Phrase,1
11.156239,11.833269,Phrase,0
12.10671,11.627831,Phrase,1
8.729218,15.126633,Phrase,3
10.821755,13.180181,Phrase,2
10.207665,10.542042,Phrase,0
9.673973,10.331479,Phrase,2
9.224942,11.186767,Phrase,0
10.464382,8.842337,Phrase,1
11.350183,9.332339,Phrase,2
11.136704,11.514009,Phrase,0
8.084492,8.533185,Phrase,1
7.5999217,8.553779,Phrase,2
11.764316,14.034056,Phrase,0
10.070515,10.30811,Phrase,2
9.873396,15.627073,Phrase,3
11.151413,10.124097,Phrase,1
9.313579,12.159024,Phrase,2
11.910288,11.64843,Phrase,1
10.380949,12.741023,Phrase,0
12.495073,10.044871,Phrase,1
9.179924,11.124586,Phrase,1
9.550048,15.328242,Phrase,3
10.371401,11.475753,Phrase,0
10.047281,12.099814,Phrase,0
11.046775,7.104307,Phrase,0
11.442922,11.587585,Phrase,0
9.709459,9.524514,Phrase,2
9.359943,15.589728,Phrase,3
10.361021,9.943486,Phrase,1
9.601059,9.72417,Phrase,2
9.634149,9.357611,Phrase,2
7.2391763,8.113428,Phrase,1
10.766948,11.036094,Phrase,1
8.639746,10.681863,Phrase,2
11.732866,10.319038,Phrase,2
10.089696,14.180897,Phrase,3
10.018621,13.126425,Phrase,3
8.747889,10.866719,Phrase,0
11.45057,10.932345,Phrase,2
10.118806,10.512994,Phrase,2
9.487555,9.908989,Phrase,2
8.967702,10.458256,Phrase,2
10.329885,14.853575,Phrase,3
9.728792,14.916837,Phrase,3
11.724273,11.415633,Phrase,0
9.849806,8.1201315,Phrase,2
10.002754,10.266491,Phrase,2
9.351143,12.088205,Phrase,0
11.284397,12.79975,Phrase,3
10.25897,14.771832,Phrase,3
10.781442,12.337359,Phrase,0
10.342442,11.21795,Phrase,0
9.755297,15.366371,Phrase,3
9.768369,11.752976,Phrase,0
12.25912,11.7388115,Phrase,0
12.102527,9.187721,Phrase,1
10.249475,12.624359,Phrase,0
10.281708,13.748718,Phrase,0
8.508064,9.826793,Phrase,2
10.60289,12.378499,Phrase,0
9.666208,14.811019,Phrase,3
9.653629,10.403283,Phrase,2
10.52691,12.315558,Phrase,0
11.341766,11.283491,Phrase,2
10.4846325,8.368474,Phrase,0
9.505312,11.202077,Phrase,0
8.808609,9.716936,Phrase,2
8.902473,15.37764,Phrase,3
12.350576,9.995157,Phrase,1
11.479741,11.613968,Phrase,0
8.970928,10.768176,Phrase,2
11.536832,10.53738,Phrase,1
9.521617,9.3605585,Phrase,2
8.999876,14.992963,Phrase,3
8.988418,15.341727,Phrase,3
7.955491,10.201173,Phrase,2
10.949261,9.15971,Phrase,2
9.886826,5.950222,Phrase,1
9.912903,14.592807,Phrase,3
7.9245667,9.895669,Phrase,2
9.26101,11.689223,Phrase,2
10.870039,11.818617,Phrase,0
7.313501,8.691524,Phrase,2
10.629909,11.562491,Phrase,0
10.107023,13.330091,Phrase,0
10.616737,10.194476,Phrase,1
9.819656,11.290857,Phrase,2
8.698681,10.524565,Phrase,2
10.264536,11.918817,Phrase,0
11.720674,10.287117,Phrase,1
10.768879,11.11863,Phrase,0
10.1347,14.879602,Phrase,3
11.561477,12.378864,Phrase,0
9.79929,13.806462,Phrase,0
10.096968,10.464101,Phrase,2
10.704667,12.002557,Phrase,0
9.995965,10.910952,Phrase,2
10.521542,14.709411,Phrase,3
8.30892,10.841615,Phrase,0
9.87867,14.9347725,Phrase,3
9.446493,11.698378,Phrase,0
10.717318,10.968703,Phrase,1
10.378609,12.462355,Phrase,0
7.5081596,8.578301,Phrase,1
10.14575,11.0127945,Phrase,1
10.08441,11.105847,Phrase,0
10.702222,12.120911,Phrase,0
8.991041,10.252828,Phrase,2
11.315195,10.821423,Phrase,0
8.31176,10.723229,Phrase,2
9.750603,9.709655,Phrase,2
9.095372,9.332168,Phrase,2
7.641552,8.6232395,Phrase,1
7.474023,8.8314,Phrase,2
10.386612,11.387052,Phrase,0
9.766925,13.084155,Phrase,0
11.843538,12.735565,Phrase,2
7.9506993,9.6905985,Phrase,2
10.6399355,11.67843,Phrase,0
11.070114,12.624333,Phrase,0
10.212249,14.845641,Phrase,3
10.751519,12.927303,Phrase,1
10.442569,13.645522,Phrase,0
10.721791,9.571976,Phrase,2
9.867782,15.041381,Phrase,3
11.071657,8.079068,Phrase,0
10.453147,13.242823,Phrase,2
10.368459,11.504365,Phrase,0
10.508646,12.618338,Phrase,0
10.550742,8.956321,Phrase,0
9.887523,15.122854,Phrase,3
9.561499,15.40177,Phrase,3
9.112394,9.934978,Phrase,2
-6.0678873,7.614877,Phrase,1
10.653221,13.166093,Phrase,1
11.681616,12.862908,Phrase,1
9.930202,10.064162,Phrase,2
10.253295,13.01539,Phrase,0
11.280584,10.056997,Phrase,1
9.578441,9.38194,Phrase,2
7.5307236,8.566641,Phrase,1
9.053994,15.463398,Phrase,3
9.884303,14.914255,Phrase,3
8.937568,10.268413,Phrase,2
6.588537,8.370996,Phrase,0
9.430877,9.256438,Phrase,2
11.691382,10.059535,Phrase,2
8.582062,9.447013,Phrase,2
11.323357,12.483304,Phrase,0
8.723866,15.3312,Phrase,3
9.151629,11.207219,Phrase,0
10.009547,10.782766,Phrase,1
9.573564,10.870272,Phrase,0
12.456898,9.932242,Phrase,1
11.618799,10.547299,Phrase,1
10.109202,11.175552,Phrase,1
10.16199,13.083407,Phrase,0
11.528373,11.679476,Phrase,1
11.411238,10.46131,Phrase,0
9.127128,15.42893,Phrase,3
11.232643,13.382673,Phrase,0
8.884053,10.564386,Phrase,0
9.674517,15.600337,Phrase,3
11.427045,8.934456,Phrase,1
10.54645,13.454339,Phrase,3
8.899811,15.532749,Phrase,3
9.014462,9.838281,Phrase,2
9.734312,11.879876,Phrase,2
9.776548,11.024663,Phrase,0
11.261815,12.182142,Phrase,0
10.777727,12.549016,Phrase,0
11.259761,12.343986,Phrase,0
9.92425,14.49467,Phrase,3
9.77195,11.120779,Phrase,2
11.303524,11.761886,Phrase,0
10.168104,15.196918,Phrase,3
8.966437,14.546121,Phrase,3
9.747783,15.690347,Phrase,3
11.816784,9.80696,Phrase,1
9.639384,10.627667,Phrase,2
12.477587,9.924104,Phrase,1
9.189595,14.848513,Phrase,3
8.941825,10.907429,Phrase,2
11.307198,14.205817,Phrase,2
11.083573,10.915945,Phrase,1
10.22075,12.241024,Phrase,0
11.411865,12.332138,Phrase,0
10.922153,14.008292,Phrase,3
11.737151,12.545769,Phrase,0
12.242625,10.7068815,Phrase,1
10.853537,7.783267,Phrase,0
12.63491,12.298493,Phrase,1
9.098782,10.615458,Phrase,2
10.968298,12.900994,Phrase,0
10.865069,10.944574,Phrase,0
10.050447,10.519419,Phrase,2
9.92454,10.617616,Phrase,0
9.969438,12.752636,Phrase,0
10.497042,14.081717,Phrase,3
9.650604,10.832449,Phrase,2
8.887409,11.219539,Phrase,2
7.8056793,9.930302,Phrase,2
9.829585,14.779971,Phrase,3
10.747854,12.774519,Phrase,1
11.429829,12.331561,Phrase,0
9.476619,11.373924,Phrase,2
10.886312,12.133426,Phrase,0
10.951645,13.896811,Phrase,0
10.768594,12.510099,Phrase,2
10.120243,14.093055,Phrase,3
7.670948,8.088133,Phrase,2
11.729588,12.93942,Phrase,0
12.061949,9.124254,Phrase,1
9.910511,13.533625,Phrase,0
8.781538,10.731685,Phrase,2
9.734613,14.487058,Phrase,3
9.944294,15.134319,Phrase,3
10.527296,12.3218565,Phrase,0
12.628614,10.059974,Phrase,1
12.803761,8.147448,Phrase,0
10.234783,15.267669,Phrase,3
12.029338,11.677741,Phrase,1
9.038961,9.761705,Phrase,2
9.370553,11.681491,Phrase,0
11.910033,11.512041,Phrase,1
10.595417,15.383788,Phrase,3
9.109189,13.866309,Phrase,3
9.521173,11.074872,Phrase,0
10.13583,15.168996,Phrase,3
10.602732,14.899523,Phrase,3
10.91736,14.639606,Phrase,3
10.959248,10.889879,Phrase,1
9.674438,11.227298,Phrase,2
9.8708935,9.969205,Phrase,2
11.0793085,11.052677,Phrase,1
12.038592,10.06838,Phrase,1
8.450953,10.40523,Phrase,2
9.61339,10.878135,Phrase,2
10.100636,12.929722,Phrase,2
8.671847,9.638943,Phrase,2
9.368997,14.958829,Phrase,3
11.097819,12.250556,Phrase,0
10.846481,11.982116,Phrase,0
10.973875,11.190718,Phrase,2
10.106634,14.8243685,Phrase,3
11.739692,12.357405,Phrase,0
10.011553,13.144428,Phrase,0
9.777264,14.661563,Phrase,3
9.5471,9.284581,Phrase,2
10.200647,13.454767,Phrase,0
9.372499,15.475941,Phrase,3
10.391765,11.853198,Phrase,2
9.28477,15.369871,Phrase,3
11.539519,12.124751,Phrase,0
10.379652,8.930226,Phrase,2
9.34586,15.335694,Phrase,3
9.71867,14.709103,Phrase,3
9.054823,15.678825,Phrase,3
9.509299,9.2186,Phrase,2
10.442376,13.087585,Phrase,0
10.443694,13.18442,Phrase,0
12.278792,9.938879,Phrase,1
7.952946,9.950662,Phrase,2
9.6862135,14.380471,Phrase,3
10.834405,10.63819,Phrase,2
12.029528,14.003314,Phrase,2
10.953874,11.209017,Phrase,0
10.046387,10.445924,Phrase,2
10.352523,14.484867,Phrase,3
9.560304,11.640889,Phrase,2
10.599286,10.774982,Phrase,2
9.739165,15.038206,Phrase,3
9.828116,12.663481,Phrase,0
10.417959,14.725954,Phrase,3
10.254149,15.259558,Phrase,3
10.689123,9.654666,Phrase,1
10.42362,15.448649,Phrase,3
11.212984,9.08658,Phrase,2
11.445025,9.646114,Phrase,1
9.896593,15.074525,Phrase,3
9.835171,12.720703,Phrase,0
10.15126,11.090969,Phrase,0
12.167044,12.294756,Phrase,1
9.440788,10.401943,Phrase,2
9.760126,10.953803,Phrase,2
11.73658,9.214908,Phrase,1
9.522398,15.220729,Phrase,3
9.984358,11.559397,Phrase,0
9.268197,15.479338,Phrase,3
11.249062,14.7296095,Phrase,3
8.634388,11.055207,Phrase,2
8.752817,9.915803,Phrase,2
7.296761,8.358178,Phrase,1
10.553735,11.603358,Phrase,0
10.347539,14.334697,Phrase,3
10.286318,10.1374445,Phrase,2
10.486748,11.323439,Phrase,0
10.750511,9.841647,Phrase,1
10.423399,11.904438,Phrase,0
10.616731,8.82759,Phrase,2
9.65035,12.146696,Phrase,0
11.703782,11.508953,Phrase,0
7.1545105,8.801558,Phrase,1
10.187766,12.7204485,Phrase,2
9.105297,11.048153,Phrase,2
10.343355,10.706272,Phrase,2
11.145077,13.258992,Phrase,0
10.980669,10.933652,Phrase,2
11.170148,13.5325985,Phrase,1
11.216756,11.534574,Phrase,0
9.4820795,10.266251,Phrase,2
12.210958,10.444571,Phrase,1
10.451844,13.070032,Phrase,2
11.240779,14.73688,Phrase,1
9.23248,9.758265,Phrase,2
7.484872,14.440503,Phrase,0
11.04971,9.878973,Phrase,2
9.285952,9.457681,Phrase,2
8.513415,9.195057,Phrase,2
9.749153,15.453144,Phrase,3
10.428365,10.935673,Phrase,0
7.4046974,8.076812,Phrase,1
11.079003,10.951187,Phrase,0
10.391383,8.07946,Phrase,0
12.048673,10.439584,Phrase,1
10.120526,14.312963,Phrase,3
10.082979,12.811894,Phrase,2
9.022225,10.574247,Phrase,0
8.878505,11.166911,Phrase,2
10.357623,14.264151,Phrase,3
9.433172,13.623084,Phrase,0
9.962132,15.423471,Phrase,3
9.662054,9.514423,Phrase,1
9.920369,11.977853,Phrase,2
11.502366,11.566447,Phrase,0
9.916862,11.541073,Phrase,0
11.484106,12.168145,Phrase,0
10.707424,8.139144,Phrase,0
11.189416,12.167719,Phrase,0
10.623188,11.077257,Phrase,0
12.265525,12.139213,Phrase,3
9.993212,15.466496,Phrase,3
11.090347,6.9324145,Phrase,0
9.254447,15.453286,Phrase,3
10.64408,10.507317,Phrase,1
10.779746,14.076942,Phrase,3
11.38474,12.30664,Phrase,0
10.057046,14.858723,Phrase,3
8.814989,15.404269,Phrase,3
11.074636,13.833154,Phrase,0
9.353033,9.209943,Phrase,2
8.178992,9.570701,Phrase,2
11.459611,11.358282,Phrase,0
8.221977,8.568723,Phrase,2
11.054576,10.226775,Phrase,2
9.863699,15.126909,Phrase,3
10.650646,12.437905,Phrase,0
10.149228,13.338998,Phrase,0
8.857585,14.993821,Phrase,3
9.48226,10.502231,Phrase,3
9.733132,12.486375,Phrase,0
9.347463,13.015654,Phrase,0
9.075623,10.525697,Phrase,2
9.52003,9.743725,Phrase,2
10.797575,10.950747,Phrase,1
9.659845,10.699082,Phrase,2
12.861655,11.857606,Phrase,1
11.086081,9.859702,Phrase,1
12.109853,11.391512,Phrase,1
10.994258,12.494486,Phrase,0
8.772129,10.648103,Phrase,2
8.994863,15.25098,Phrase,3
9.883766,12.088464,Phrase,1
10.860118,10.135263,Phrase,1
8.591703,10.444456,Phrase,2
10.211408,11.689694,Phrase,2
10.423045,13.886211,Phrase,1
12.889863,11.740115,Phrase,1
10.273872,10.589323,Phrase,1
8.9122095,15.5442705,Phrase,3
11.419416,11.767662,Phrase,1
7.929834,9.895391,Phrase,2
11.590697,12.755156,Phrase,0
11.231242,9.621668,Phrase,1
9.657836,14.097355,Phrase,3
12.130529,11.109712,Phrase,1
9.573061,10.92313,Phrase,0
-6.0727305,7.610053,Phrase,1
8.063929,8.306071,Phrase,1
11.54588,10.302708,Phrase,1
10.618657,13.0180025,Phrase,0
10.704541,9.077482,Phrase,0
8.4072895,7.970915,Phrase,1
11.361264,9.899061,Phrase,1
8.422059,10.307568,Phrase,2
9.589143,12.2907095,Phrase,0
8.59138,9.458192,Phrase,2
10.571727,11.885689,Phrase,0
9.181369,9.2989,Phrase,2
11.749217,11.7948065,Phrase,2
10.757354,11.808412,Phrase,0
10.456871,14.987671,Phrase,1
10.223211,14.64558,Phrase,3
9.716824,15.426824,Phrase,3
7.552972,9.900895,Phrase,2
10.321719,15.015973,Phrase,3
10.151124,8.340813,Phrase,0
10.500448,14.50163,Phrase,3
10.524606,12.302226,Phrase,1
11.571506,11.442824,Phrase,1
9.599912,9.11616,Phrase,1
10.435918,10.012848,Phrase,1
8.347443,8.904493,Phrase,2
8.982717,11.735013,Phrase,0
8.077941,8.389108,Phrase,2
8.387495,8.195442,Phrase,2
9.09885,11.228736,Phrase,2
9.282713,10.629598,Phrase,2
9.951027,11.2923565,Phrase,0
12.520304,9.915132,Phrase,1
11.393434,8.893648,Phrase,0
8.080238,12.951,Phrase,2
11.538195,11.273729,Phrase,2
9.097488,10.329788,Phrase,2
11.388201,8.849313,Phrase,0
11.080562,12.810832,Phrase,0
10.389054,9.461659,Phrase,2
7.4651628,8.775978,Phrase,1
10.933606,11.323329,Phrase,0
9.8861065,15.106513,Phrase,3
7.581242,8.632614,Phrase,1
10.234062,13.644251,Phrase,2
8.910055,10.221644,Phrase,2
10.009483,10.335544,Phrase,0
9.841819,11.048073,Phrase,0
10.425105,12.512871,Phrase,0
8.375827,10.039568,Phrase,2
8.228028,10.967666,Phrase,2
10.871729,9.802149,Phrase,1
9.2476,10.426506,Phrase,2
11.138068,11.421369,Phrase,1
9.133579,9.931742,Phrase,0
9.183402,15.642399,Phrase,3
10.052284,13.640373,Phrase,3
10.22601,10.495362,Phrase,2
9.391068,10.272137,Phrase,2
11.687297,11.699668,Phrase,0
9.467704,12.647301,Phrase,0
10.282569,13.50107,Phrase,0
10.233789,11.175619,Phrase,1
8.45716,10.105406,Phrase,2
11.966645,11.282027,Phrase,1
11.766596,12.5964775,Phrase,1
10.923433,8.047895,Phrase,0
9.041625,11.878735,Phrase,0
10.274714,11.509803,Phrase,0
10.072887,15.170581,Phrase,3
9.86961,13.062321,Phrase,0
11.029206,12.601355,Phrase,0
10.392483,12.227574,Phrase,0
11.861236,10.666015,Phrase,2
10.782958,11.448802,Phrase,0
9.924731,13.931606,Phrase,0
10.1343565,11.234532,Phrase,0
10.123607,15.037198,Phrase,3
10.225297,12.615423,Phrase,0
11.247274,13.152749,Phrase,0
11.126979,11.991292,Phrase,0
11.041485,14.030553,Phrase,0
9.37516,15.600256,Phrase,3
11.678816,7.802797,Phrase,1
9.671522,11.344115,Phrase,0
10.601532,11.605196,Phrase,0
11.364154,11.966579,Phrase,0
9.321838,9.892837,Phrase,2
8.625652,11.607135,Phrase,0
10.49296,7.726257,Phrase,0
9.731406,9.386348,Phrase,2
12.643828,8.344703,Phrase,0
12.643042,10.262728,Phrase,1
11.593061,8.613998,Phrase,1
6.7517433,9.042421,Phrase,0
11.296532,11.346406,Phrase,0
10.418156,11.559714,Phrase,0
10.964129,11.358014,Phrase,1
9.762004,12.821507,Phrase,2
11.129691,11.593936,Phrase,1
10.854412,13.6713,Phrase,0
10.940526,9.39213,Phrase,2
9.84573,14.684191,Phrase,3
11.097258,9.188063,Phrase,0
11.287445,9.884905,Phrase,1
9.809278,15.477084,Phrase,3
12.374278,13.970295,Phrase,1
11.911392,10.261095,Phrase,1
8.421591,9.6342745,Phrase,2
8.5188,9.41018,Phrase,2
9.517722,15.507954,Phrase,3
6.868576,10.957708,Phrase,2
9.843483,13.886491,Phrase,0
12.247368,10.564195,Phrase,1
11.032175,9.548804,Phrase,2
9.287333,10.459333,Phrase,2
10.9106245,10.00936,Phrase,2
8.901373,9.44727,Phrase,2
12.153275,9.220045,Phrase,2
10.213291,13.236948,Phrase,0
9.746988,15.547645,Phrase,3
9.728882,11.108236,Phrase,2
9.682084,10.065116,Phrase,2
11.584052,11.844204,Phrase,0
7.9928956,8.569257,Phrase,2
9.771538,12.498729,Phrase,0
11.073821,8.023753,Phrase,0
10.4061985,10.523449,Phrase,2
9.451551,14.704143,Phrase,3
9.933459,14.277921,Phrase,3
10.389907,12.743684,Phrase,0
9.363067,15.162045,Phrase,3
9.068325,11.169015,Phrase,0
9.683007,11.926384,Phrase,2
9.382462,14.240044,Phrase,3
11.378868,12.284638,Phrase,0
10.990156,7.4045525,Phrase,0
9.749653,10.489354,Phrase,0
10.72486,10.785217,Phrase,2
10.574996,12.2204485,Phrase,0
17.26007,11.110068,Phrase,1
10.987101,12.398029,Phrase,0
9.13647,10.957645,Phrase,2
9.152453,10.512863,Phrase,2
8.511969,13.984278,Phrase,2
10.820152,13.394918,Phrase,0
9.876128,11.927169,Phrase,0
7.4396515,8.759665,Phrase,1
11.264821,10.789665,Phrase,1
11.580728,12.157379,Phrase,0
10.226195,11.305481,Phrase,1
11.447996,11.316564,Phrase,0
10.013023,11.032572,Phrase,2
7.778121,10.264352,Phrase,2
11.396264,9.019345,Phrase,1
10.682932,11.636752,Phrase,0
7.209303,8.08781,Phrase,1
10.515013,14.504607,Phrase,3
8.467754,9.89626,Phrase,2
11.713403,11.942179,Phrase,2
11.029215,11.473773,Phrase,2
8.840487,10.354672,Phrase,2
11.093981,13.824999,Phrase,2
9.622142,9.233442,Phrase,2
9.984711,13.267031,Phrase,0
11.481477,10.906031,Phrase,2
11.804354,10.739297,Phrase,1
11.411092,11.8251095,Phrase,0
11.783046,9.933945,Phrase,1
11.257172,12.025423,Phrase,2
11.607921,11.919407,Phrase,1
10.566519,10.603996,Phrase,2
9.477022,12.075845,Phrase,0
12.18836,12.434939,Phrase,1
10.273522,10.7375965,Phrase,0
10.376489,11.395365,Phrase,0
9.020405,11.630791,Phrase,2
9.697928,12.286057,Phrase,2
10.172722,11.852477,Phrase,0
11.917206,11.156995,Phrase,1
9.868176,13.135267,Phrase,0
11.197443,9.919172,Phrase,0
9.902486,10.968401,Phrase,2
10.746513,10.997078,Phrase,0
9.655818,10.8637295,Phrase,2
9.820317,9.809089,Phrase,1
11.756167,14.4049015,Phrase,1
-5.9968276,7.684256,Phrase,1
11.746292,14.427781,Phrase,1
9.357354,10.590574,Phrase,0
8.599205,10.829562,Phrase,2
9.455322,9.557027,Phrase,2
9.672748,8.468877,Phrase,2
10.526274,11.115491,Phrase,1
11.5203705,12.333993,Phrase,2
-6.067817,7.6149354,Phrase,1
11.061516,11.351935,Phrase,0
12.49612,10.332928,Phrase,1
11.109052,11.788731,Phrase,0
10.042117,11.344016,Phrase,0
11.461744,10.672531,Phrase,0
10.276309,11.07546,Phrase,2
9.483633,12.779372,Phrase,0
8.507626,9.500599,Phrase,2
8.34577,10.116861,Phrase,2
9.274252,9.325148,Phrase,2
7.786903,8.4806595,Phrase,1
10.802445,12.333,Phrase,2
10.284204,10.754452,Phrase,1
10.375269,10.125475,Phrase,1
10.948236,11.460162,Phrase,0
9.784876,9.533156,Phrase,2
10.218051,7.380453,Phrase,0
7.890461,9.931331,Phrase,2
7.8990703,9.777701,Phrase,2
9.206224,10.381846,Phrase,2
10.954261,11.779794,Phrase,0
9.549254,9.413694,Phrase,2
10.419141,12.895977,Phrase,0
11.127336,6.8894906,Phrase,0
10.543662,10.902749,Phrase,2
10.701209,10.510418,Phrase,2
11.125644,11.307598,Phrase,0
14.758352,7.191618,Phrase,1
10.026865,12.4168415,Phrase,0
8.423825,9.6825485,Phrase,2
12.132489,13.379119,Phrase,0
10.085071,13.93092,Phrase,0
10.295621,9.207938,Phrase,2
7.5649896,8.530565,Phrase,1
11.08592,11.900861,Phrase,0
9.750157,10.825462,Phrase,2
11.173712,12.133812,Phrase,0
11.863563,11.745957,Phrase,0
9.243249,13.895014,Phrase,0
11.913616,11.306073,Phrase,2
9.466006,15.459771,Phrase,3
10.549728,11.190164,Phrase,0
8.5717535,9.240227,Phrase,1
12.279944,10.430901,Phrase,1
8.935602,10.448526,Phrase,2
8.59991,10.337834,Phrase,2
10.821243,12.318302,Phrase,0
9.587541,15.437129,Phrase,3
10.040961,15.032602,Phrase,3
10.664786,8.341729,Phrase,0
10.167947,13.831489,Phrase,2
11.058666,13.276142,Phrase,3
10.382496,11.528486,Phrase,2
10.227099,15.076678,Phrase,3
9.379606,10.121918,Phrase,2
11.687344,11.966468,Phrase,0
10.235841,12.760251,Phrase,0
10.938055,12.496008,Phrase,0
10.866273,12.055594,Phrase,2
9.138319,12.723027,Phrase,0
11.100856,10.851498,Phrase,2
10.571309,14.4547825,Phrase,3
11.24644,12.745503,Phrase,0
9.244785,9.604099,Phrase,2
11.388079,10.247596,Phrase,1
7.57186,8.665491,Phrase,1
8.732234,9.577064,Phrase,2
9.620756,14.034001,Phrase,3
11.45641,10.676609,Phrase,1
11.65523,7.8134913,Phrase,0
10.509116,12.385432,Phrase,0
10.995612,10.857547,Phrase,2
9.835852,9.795092,Phrase,2
10.620236,11.760023,Phrase,2
10.762755,12.142989,Phrase,0
7.884028,8.575174,Phrase,1
9.1875,10.037839,Phrase,2
8.293427,9.691122,Phrase,2
11.082889,15.60937,Phrase,2
11.169362,11.5946045,Phrase,0
8.1931715,10.316828,Phrase,2
10.858403,11.7162,Phrase,0
10.63754,9.171443,Phrase,2
9.744318,15.650783,Phrase,3
12.081119,11.735081,Phrase,1
12.158183,12.060416,Phrase,1
10.567287,13.248463,Phrase,0
9.735861,15.383172,Phrase,3
11.091511,6.9236674,Phrase,0
9.133382,9.410081,Phrase,2
11.627595,11.207953,Phrase,1
9.310703,9.921692,Phrase,2
9.471125,11.065909,Phrase,2
10.492101,11.167295,Phrase,0
8.551567,8.298503,Phrase,1
8.7514515,14.676628,Phrase,3
11.05784,11.526809,Phrase,0
9.693843,11.310253,Phrase,2
9.573875,10.487023,Phrase,0
11.213214,12.629566,Phrase,1
10.657045,11.635234,Phrase,0
11.019278,12.419375,Phrase,0
10.63598,9.567306,Phrase,1
8.466264,10.68078,Phrase,2
10.766055,11.922252,Phrase,0
11.354174,12.619371,Phrase,0
10.630919,15.52167,Phrase,3
10.17255,14.402562,Phrase,3
9.622516,10.901537,Phrase,2
12.086833,10.14341,Phrase,1
10.610306,11.248267,Phrase,0
8.931186,15.606815,Phrase,3
7.6560345,8.077946,Phrase,2
11.041018,9.013473,Phrase,2
10.024895,12.772578,Phrase,0
12.91577,11.391199,Phrase,1
10.105044,10.720232,Phrase,1
10.262966,14.816934,Phrase,3
7.4608054,9.400496,Phrase,2
10.049291,13.081799,Phrase,1
10.785042,12.667959,Phrase,0
9.872436,8.113954,Phrase,2
10.557708,14.976212,Phrase,3
10.773083,11.301416,Phrase,1
8.456421,12.05261,Phrase,0
10.392344,12.435122,Phrase,0
9.858439,12.159651,Phrase,0
10.373432,10.830356,Phrase,1
-6.0676966,7.6150546,Phrase,1
9.740314,15.466227,Phrase,3
8.10857,9.908797,Phrase,2
12.798687,9.427307,Phrase,1
11.44641,11.404683,Phrase,0
11.136197,12.141665,Phrase,0
10.640744,10.733521,Phrase,0
12.413333,9.584293,Phrase,1
9.484582,9.73482,Phrase,2
11.193467,12.081399,Phrase,0
10.829945,10.675691,Phrase,1
9.715951,9.898958,Phrase,0
11.246391,13.349048,Phrase,0
10.7112875,9.556122,Phrase,2
10.964601,9.361765,Phrase,2
9.87053,15.179352,Phrase,3
9.066233,9.784161,Phrase,2
7.6730027,8.132499,Phrase,2
9.652051,15.457598,Phrase,3
9.451852,10.419859,Phrase,2
10.067097,11.594259,Phrase,0
10.978051,13.975294,Phrase,0
9.5260515,12.711854,Phrase,0
9.934883,10.568883,Phrase,2
9.031214,9.365572,Phrase,2
8.509149,10.918623,Phrase,2
10.270049,10.362665,Phrase,2
12.516804,10.075484,Phrase,1
11.50217,10.282386,Phrase,2
9.148259,11.181834,Phrase,2
11.042545,12.389663,Phrase,0
10.355138,10.618272,Phrase,1
10.332743,8.907871,Phrase,2
11.597102,9.748333,Phrase,2
9.761315,11.088342,Phrase,2
10.107139,11.111096,Phrase,0
9.635855,12.646586,Phrase,0
10.566436,11.089572,Phrase,2
9.451655,10.386705,Phrase,2
11.258885,10.5122795,Phrase,1
9.768376,10.973417,Phrase,0
8.944962,10.874738,Phrase,2
11.008365,12.668884,Phrase,0
10.780254,10.227412,Phrase,0
11.760275,14.414739,Phrase,1
11.333318,11.948369,Phrase,2
10.876729,11.643125,Phrase,0
9.422484,11.907745,Phrase,2
11.0417,12.252686,Phrase,0
9.592041,14.747152,Phrase,3
10.158471,12.012247,Phrase,0
11.652167,12.353885,Phrase,0
10.480409,10.409892,Phrase,0
9.746413,12.769331,Phrase,0
10.409938,9.661387,Phrase,2
12.905325,11.723089,Phrase,1
10.630914,12.734348,Phrase,0
10.078619,10.841917,Phrase,0
10.320281,13.468537,Phrase,0
12.104487,12.01305,Phrase,1
10.542951,12.012937,Phrase,0
8.973772,10.22678,Phrase,2
10.414719,10.626454,Phrase,2
8.861674,9.118353,Phrase,2
10.015356,14.823997,Phrase,3
11.371266,10.649329,Phrase,0
10.314077,15.144971,Phrase,3
11.902709,7.1522903,Phrase,0
8.92939,10.850687,Phrase,2
10.016547,14.971831,Phrase,3
9.026155,11.130432,Phrase,0
8.4596615,9.441431,Phrase,2
9.431126,12.695551,Phrase,0
11.365742,8.914418,Phrase,0
9.733363,15.178639,Phrase,3
10.839,10.940733,Phrase,0
11.563698,11.431067,Phrase,0
10.672112,10.687379,Phrase,2
11.4855995,8.973935,Phrase,0
12.589963,10.129109,Phrase,1
11.596719,10.1710825,Phrase,1
10.563817,11.773538,Phrase,0
9.022804,9.978378,Phrase,2
12.733454,13.1785755,Phrase,1
10.674936,9.998638,Phrase,0
9.60259,11.044759,Phrase,2
9.034642,11.107889,Phrase,2
11.446797,10.547629,Phrase,1
11.002964,13.690257,Phrase,0
10.861388,12.218077,Phrase,0
9.545995,12.112599,Phrase,0
9.566368,11.122347,Phrase,0
10.017034,12.924241,Phrase,2
9.555999,15.299327,Phrase,3
10.353151,13.44149,Phrase,2
10.295807,11.520627,Phrase,2
-6.075127,7.607698,Phrase,1
7.6710677,8.502235,Phrase,1
9.5976925,11.749187,Phrase,0
11.478892,10.51762,Phrase,1
10.07446,9.903623,Phrase,2
10.773301,11.219757,Phrase,0
9.97376,15.277707,Phrase,3
9.675486,15.63778,Phrase,3
11.016386,10.652471,Phrase,0
12.705495,10.533862,Phrase,1
11.452234,11.542529,Phrase,0
10.094291,11.824826,Phrase,0
9.442069,13.942686,Phrase,0
10.843664,8.874063,Phrase,2
10.085075,13.57232,Phrase,0
11.303492,7.6414275,Phrase,0
10.180721,11.900796,Phrase,0
10.761126,12.10405,Phrase,0
7.7553854,9.762195,Phrase,2
10.092932,12.694458,Phrase,0
11.380004,10.413443,Phrase,0
10.614583,10.661239,Phrase,0
9.965087,12.555969,Phrase,0
9.996835,11.902712,Phrase,0
10.967698,10.77359,Phrase,0
9.546758,15.325071,Phrase,3
11.485885,10.661359,Phrase,2
11.046627,11.517221,Phrase,1
9.802266,14.586153,Phrase,3
9.233673,14.516054,Phrase,3
9.355766,15.636896,Phrase,3
9.4487915,11.281811,Phrase,2
11.087149,8.75792,Phrase,1
10.547187,11.024158,Phrase,0
11.060776,12.846363,Phrase,0
8.968788,11.293812,Phrase,2
12.166613,10.942379,Phrase,2
9.595724,9.104698,Phrase,2
8.609927,9.610721,Phrase,2
9.8919735,14.972801,Phrase,3
11.048221,14.370839,Phrase,3
9.712022,14.802401,Phrase,3
9.885223,15.051903,Phrase,3
11.071217,14.738196,Phrase,3
11.174576,9.42307,Phrase,2
10.171012,10.269218,Phrase,2
9.17022,15.43572,Phrase,3
11.09061,9.621218,Phrase,0
9.445335,9.73794,Phrase,2
11.06949,11.5124235,Phrase,0
9.831574,14.844628,Phrase,3
12.423794,9.917271,Phrase,1
9.665167,9.856212,Phrase,2
9.325558,9.844425,Phrase,2
12.000956,10.083509,Phrase,1
11.519204,10.405555,Phrase,1
11.815966,11.914892,Phrase,1
10.786341,14.523363,Phrase,3
11.547017,11.291145,Phrase,1
10.237251,15.226663,Phrase,3
11.614203,11.852995,Phrase,1
10.536564,13.349403,Phrase,0
10.245379,15.05973,Phrase,3
11.803561,14.006544,Phrase,1
8.25264,8.974247,Phrase,2
12.261426,9.817961,Phrase,1
7.741896,9.833613,Phrase,2
10.342482,10.871521,Phrase,0
9.874579,10.254238,Phrase,0
10.4106455,12.412589,Phrase,0
11.029914,11.452264,Phrase,0
10.385595,14.114869,Phrase,2
8.997917,9.879249,Phrase,2
7.7753887,10.031869,Phrase,2
9.14918,11.07282,Phrase,0
11.021661,9.804576,Phrase,2
11.516496,10.801551,Phrase,0
11.103208,12.600371,Phrase,0
11.35295,11.27673,Phrase,0
9.219753,11.369217,Phrase,2
6.8819804,10.908516,Phrase,2
10.666498,13.334949,Phrase,2
9.952471,12.560972,Phrase,0
8.69422,12.409882,Phrase,0
8.96367,10.199823,Phrase,2
11.960639,9.93743,Phrase,1
10.722007,14.628136,Phrase,3
11.684998,10.25984,Phrase,2
11.827243,12.604843,Phrase,1
11.479635,11.566991,Phrase,2
9.625852,9.219978,Phrase,2
9.002438,14.555894,Phrase,3
12.153436,11.442232,Phrase,2
9.456072,14.700909,Phrase,3
11.23646,12.503802,Phrase,0
9.601246,15.370758,Phrase,3
10.989544,11.560341,Phrase,0
10.966009,11.856005,Phrase,0
10.222994,10.481712,Phrase,2
12.945694,11.400978,Phrase,1
10.339737,15.465419,Phrase,3
10.447202,15.106933,Phrase,3
10.974867,10.875137,Phrase,0
11.986588,10.030842,Phrase,1
11.070666,12.819832,Phrase,0
11.299296,9.215448,Phrase,2
10.890819,10.951772,Phrase,0
10.177788,13.4452095,Phrase,0
10.742355,12.658869,Phrase,0
10.228836,15.388457,Phrase,3
11.681016,11.042264,Phrase,1
10.476111,11.459955,Phrase,0
10.978487,13.961369,Phrase,0
9.46046,15.515203,Phrase,3
10.095775,14.415383,Phrase,3
9.077277,10.949064,Phrase,0
9.669852,14.516167,Phrase,3
9.910304,12.015183,Phrase,0
9.099906,10.297357,Phrase,2
11.685045,14.062535,Phrase,0
10.640287,8.30625,Phrase,0
9.018305,15.309291,Phrase,3
8.983078,10.709577,Phrase,2
10.225388,12.707615,Phrase,1
11.149302,11.805891,Phrase,0
10.40198,10.151912,Phrase,0
10.7392435,12.229975,Phrase,0
9.828781,13.683859,Phrase,0
10.585183,14.594711,Phrase,3
10.21815,11.334664,Phrase,0
11.349995,11.829693,Phrase,0
10.38744,11.096962,Phrase,0
9.847655,15.242163,Phrase,3
10.464822,14.807677,Phrase,3
8.227593,8.765382,Phrase,2
11.088435,13.447429,Phrase,2
10.628196,12.147087,Phrase,2
10.394011,12.855323,Phrase,0
9.904837,14.689476,Phrase,3
12.217874,12.39973,Phrase,1
10.250857,12.287986,Phrase,0
10.88829,10.079371,Phrase,0
11.986992,12.473239,Phrase,2
11.731168,11.176383,Phrase,0
11.184458,11.94652,Phrase,1
10.230683,10.286915,Phrase,2
11.425272,11.819262,Phrase,0
4.290005,4.5809865,Phrase,2
10.066469,13.856559,Phrase,3
8.968999,12.5652075,Phrase,0
9.346318,9.598547,Phrase,2
9.620635,14.949391,Phrase,3
9.432623,10.357569,Phrase,0
10.111197,14.719083,Phrase,3
9.873936,15.133737,Phrase,3
11.145651,12.401391,Phrase,0
7.5258846,8.465793,Phrase,1
11.634275,8.589574,Phrase,1
10.173471,14.881997,Phrase,3
11.203834,9.522767,Phrase,2
12.734094,13.178395,Phrase,1
11.168661,9.993997,Phrase,2
10.078727,7.8639107,Phrase,2
11.675009,11.429912,Phrase,1
8.228131,8.26504,Phrase,1
9.930969,12.450349,Phrase,0
7.903031,9.917398,Phrase,2
7.575463,8.693028,Phrase,2
10.308549,11.917944,Phrase,0
11.630687,10.982136,Phrase,0
10.973034,9.589403,Phrase,2
10.344874,15.140642,Phrase,3
10.809605,11.932884,Phrase,0
12.687675,10.514467,Phrase,1
8.930073,14.933046,Phrase,3
10.111147,15.025099,Phrase,3
9.99012,10.346163,Phrase,2
10.458947,12.220727,Phrase,0
10.909784,7.1697626,Phrase,0
11.970833,12.221283,Phrase,1
9.360616,11.440314,Phrase,2
12.692669,10.192742,Phrase,1
12.060055,9.121789,Phrase,1
10.714795,10.821064,Phrase,0
8.797703,13.894262,Phrase,2
11.841085,12.721563,Phrase,1
9.309656,9.803827,Phrase,0
10.112879,11.077164,Phrase,2
11.66302,7.805251,Phrase,0
9.413146,15.395992,Phrase,3
9.609665,14.380344,Phrase,3
8.587045,9.241797,Phrase,1
10.0133505,15.336534,Phrase,3
8.644899,10.459376,Phrase,2
8.270971,8.560822,Phrase,2
10.305417,11.648408,Phrase,0
9.391503,12.593809,Phrase,0
10.990468,10.841114,Phrase,0
9.933008,14.669726,Phrase,3
9.899438,12.448824,Phrase,1
10.221852,11.0364065,Phrase,2
9.942454,12.940579,Phrase,0
11.753825,12.123032,Phrase,0
11.980604,10.501908,Phrase,0
11.343822,12.478483,Phrase,0
11.33892,12.279478,Phrase,3
11.497803,11.543456,Phrase,0
9.510122,11.821499,Phrase,2
9.820319,13.038282,Phrase,0
8.544694,10.333847,Phrase,2
10.780144,11.60317,Phrase,1
10.100171,14.502365,Phrase,3
10.054871,12.164757,Phrase,0
10.707809,12.1063,Phrase,0
10.960483,11.974465,Phrase,0
9.556193,10.635055,Phrase,2
8.038368,9.60122,Phrase,2
9.829485,12.176518,Phrase,0
10.20113,14.765056,Phrase,3
11.613407,12.623036,Phrase,1
9.747676,14.948044,Phrase,3
8.63176,8.333878,Phrase,3
10.079149,15.03932,Phrase,3
9.45177,11.496119,Phrase,2
9.519287,10.090674,Phrase,2
10.505926,13.590264,Phrase,3
10.403907,15.105778,Phrase,3
10.820778,12.454711,Phrase,0
12.440895,9.930709,Phrase,1
-6.0685806,7.6141963,Phrase,1
14.754936,7.1943154,Phrase,1
11.1470995,9.727465,Phrase,1
10.917863,11.526015,Phrase,0
12.060662,10.50475,Phrase,1
10.168627,15.525119,Phrase,3
9.908055,14.513576,Phrase,3
9.179073,15.137463,Phrase,3
11.279532,13.21782,Phrase,0
10.833586,14.431797,Phrase,3
9.80463,12.427811,Phrase,0
10.709087,11.318404,Phrase,0
11.338982,12.979071,Phrase,1
8.890631,11.767414,Phrase,0
14.523191,8.039516,Phrase,2
9.663979,13.255145,Phrase,0
11.719301,9.973029,Phrase,2
11.905945,11.5028515,Phrase,1
12.184544,11.543363,Phrase,2
9.798829,11.407833,Phrase,1
11.037046,13.940644,Phrase,0
10.4842825,13.330987,Phrase,2
10.952234,10.1020775,Phrase,2
12.563988,11.714543,Phrase,1
8.3087,9.705863,Phrase,2
10.471511,8.359766,Phrase,0
11.080273,13.731748,Phrase,0
10.550223,8.240374,Phrase,2
8.196587,8.417531,Phrase,2
11.332672,10.030773,Phrase,2
9.009813,10.051576,Phrase,2
9.088086,12.747266,Phrase,2
11.095316,6.937134,Phrase,0
9.906271,15.114745,Phrase,3
11.04147,11.789491,Phrase,0
9.841121,11.132588,Phrase,0
10.450779,11.206115,Phrase,0
7.2170515,8.08503,Phrase,1
10.288817,10.279333,Phrase,1
9.482831,9.318742,Phrase,2
11.244427,11.043917,Phrase,2
10.40172,13.332404,Phrase,0
11.647655,14.111337,Phrase,2
10.489647,10.11839,Phrase,1
10.284691,11.69,Phrase,0
9.637549,10.716146,Phrase,2
10.315661,13.820045,Phrase,0
9.961115,13.657006,Phrase,2
10.816855,14.749031,Phrase,3
9.467582,12.544968,Phrase,2
10.403451,10.547268,Phrase,1
12.293434,10.00312,Phrase,1
10.031056,15.234046,Phrase,3
11.025149,13.716124,Phrase,0
11.271456,11.533484,Phrase,0
10.23426,14.482689,Phrase,3
9.450204,9.6191845,Phrase,2
11.615058,11.309041,Phrase,0
11.041369,14.004731,Phrase,1
9.548379,9.07626,Phrase,2
10.172792,10.092312,Phrase,2
9.873604,14.898531,Phrase,3
10.890162,10.338689,Phrase,1
10.015441,11.23676,Phrase,1
9.49361,9.675776,Phrase,2
8.576202,10.362534,Phrase,2
11.790692,12.752125,Phrase,0
10.203229,9.611976,Phrase,2
12.028093,12.061927,Phrase,1
11.185449,12.524504,Phrase,0
10.687638,11.582086,Phrase,0
11.1881275,11.287089,Phrase,1
9.306821,10.543641,Phrase,2
10.9943075,11.502749,Phrase,0
10.532093,11.018958,Phrase,2
7.79475,8.532034,Phrase,2
10.573759,7.560439,Phrase,0
10.785109,10.572019,Phrase,1
8.355003,9.097479,Phrase,2
11.192763,11.01073,Phrase,1
10.144039,12.680196,Phrase,0
10.067137,14.302567,Phrase,3
11.313615,9.694968,Phrase,2
10.38671,14.954934,Phrase,3
11.459708,10.532541,Phrase,1
10.0986185,8.602548,Phrase,2
8.418602,9.792175,Phrase,2
9.693296,15.606588,Phrase,3
11.228102,10.226982,Phrase,1
10.689309,12.170357,Phrase,0
9.955429,15.669434,Phrase,3
10.796388,10.252485,Phrase,1
12.803218,10.489579,Phrase,1
9.914202,14.6779375,Phrase,3
10.590073,11.472234,Phrase,0
9.886287,5.9504037,Phrase,1
9.669902,10.626087,Phrase,0
10.607545,8.272932,Phrase,2
10.360909,13.133089,Phrase,1
9.762759,13.119619,Phrase,2
10.267458,15.042299,Phrase,3
10.915453,13.138055,Phrase,2
11.571984,9.480008,Phrase,1
9.446303,15.0091,Phrase,3
11.938423,10.505868,Phrase,1
10.13892,11.429504,Phrase,0
9.783412,14.939992,Phrase,3
9.379015,14.658386,Phrase,3
11.154194,9.725162,Phrase,1
8.808216,8.391223,Phrase,0
11.470454,11.801157,Phrase,1
7.1954703,8.064878,Phrase,1
10.579332,11.091241,Phrase,0
9.160302,10.531141,Phrase,2
9.674166,9.318887,Phrase,2
10.367362,10.976884,Phrase,2
10.273488,12.957051,Phrase,1
11.620636,10.696213,Phrase,0
9.803335,15.590933,Phrase,3
10.778281,9.707026,Phrase,0
10.976365,12.273018,Phrase,0
8.854039,9.814217,Phrase,2
10.041439,9.502444,Phrase,2
11.052659,12.236161,Phrase,0
11.815753,12.366212,Phrase,0
9.693137,10.35669,Phrase,2
12.330186,9.901963,Phrase,1
10.837776,11.385407,Phrase,1
9.577314,11.305819,Phrase,2
9.543329,15.400638,Phrase,3
10.668832,10.988232,Phrase,1
8.540594,9.732273,Phrase,2
9.750679,11.928382,Phrase,2
9.761145,11.894597,Phrase,0
11.979831,12.055804,Phrase,1
8.975718,9.825194,Phrase,2
10.442586,12.971415,Phrase,0
8.706578,11.360471,Phrase,0
8.495162,9.956446,Phrase,2
10.165806,12.349664,Phrase,2
12.05265,12.1638565,Phrase,2
11.995635,10.134684,Phrase,1
10.019862,13.420817,Phrase,0
9.198884,14.795569,Phrase,3
8.053178,8.198155,Phrase,1
10.80301,8.6023245,Phrase,2
10.154243,10.719943,Phrase,1
11.496344,9.018998,Phrase,1
9.558652,13.103483,Phrase,0
10.605037,11.624743,Phrase,0
10.122508,10.366083,Phrase,2
11.376086,10.795243,Phrase,2
9.66902,9.393512,Phrase,2
10.951813,12.281083,Phrase,0
11.260205,11.969525,Phrase,0
9.782069,10.742344,Phrase,2
10.800169,14.319143,Phrase,3
9.670971,14.957687,Phrase,3
9.902677,14.722666,Phrase,3
10.0393915,11.482218,Phrase,0
9.849968,10.583698,Phrase,1
9.688407,14.279968,Phrase,3
10.650535,12.713851,Phrase,1
9.53558,9.153361,Phrase,2
17.206516,11.121775,Phrase,0
9.279248,15.111676,Phrase,3
9.534763,9.344527,Phrase,2
9.974118,12.792148,Phrase,1
10.532095,9.638573,Phrase,1
11.850536,14.100775,Phrase,3
10.240853,13.046268,Phrase,2
10.719494,10.212288,Phrase,1
8.766745,11.105377,Phrase,2
10.276007,11.944181,Phrase,0
9.623498,10.799679,Phrase,2
10.666431,11.008663,Phrase,0
8.105375,9.876668,Phrase,2
10.740115,14.5467615,Phrase,3
11.269694,11.236794,Phrase,0
11.110759,12.392201,Phrase,0
7.60901,8.548268,Phrase,1
10.165477,10.995921,Phrase,0
10.323407,11.115066,Phrase,2
11.317783,11.199904,Phrase,0
10.839315,12.03137,Phrase,0
9.964818,11.6063595,Phrase,0
10.391725,14.051188,Phrase,0
11.823117,12.163755,Phrase,1
9.411118,10.2301445,Phrase,2
11.27286,12.358186,Phrase,1
8.957078,10.26543,Phrase,2
8.638607,10.026228,Phrase,2
9.5576515,10.2190695,Phrase,2
9.830118,14.807249,Phrase,3
10.45002,14.524042,Phrase,3
12.778713,10.518359,Phrase,1
11.26235,13.163075,Phrase,0
9.8553915,14.289738,Phrase,3
11.910581,11.859296,Phrase,1
9.455172,10.025158,Phrase,2
10.140405,13.721787,Phrase,3
10.530715,10.69255,Phrase,0
7.1545405,8.799114,Phrase,1
9.503547,11.654141,Phrase,0
11.075133,9.779119,Phrase,1
10.614563,11.482248,Phrase,0
11.003937,7.044256,Phrase,0
11.0365505,13.8214855,Phrase,2
11.290706,15.709379,Phrase,1
10.428759,14.854437,Phrase,3
11.088621,7.0404134,Phrase,0
10.058807,12.784441,Phrase,2
10.039062,11.371192,Phrase,0
11.723292,12.467869,Phrase,0
8.420111,8.250875,Phrase,1
9.505873,10.265512,Phrase,2
10.505154,11.826299,Phrase,1
10.91361,9.977378,Phrase,0
12.34053,10.354814,Phrase,1
12.207185,10.531665,Phrase,1
9.936145,13.169345,Phrase,0
10.040915,13.400291,Phrase,0
9.146345,15.36223,Phrase,3
11.019443,9.367866,Phrase,2
12.399613,11.093094,Phrase,2
10.11501,10.476838,Phrase,2
7.4157596,12.310429,Phrase,2
11.065378,10.171568,Phrase,1
12.401712,13.939088,Phrase,1
9.724061,13.819214,Phrase,3
8.049116,9.636447,Phrase,2
11.820082,9.73228,Phrase,1
11.148757,10.67643,Phrase,2
11.3073015,12.488134,Phrase,0
9.985944,10.57179,Phrase,2
9.10586,11.040885,Phrase,0
10.5427265,15.329394,Phrase,3
9.787133,15.669728,Phrase,3
12.216573,11.170584,Phrase,1
10.8698635,8.120831,Phrase,0
10.691377,12.261139,Phrase,0
10.463796,8.735329,Phrase,2
7.9033313,10.077066,Phrase,2
10.979086,9.352317,Phrase,1
9.816567,11.770448,Phrase,0
12.086113,10.34264,Phrase,1
10.4389305,10.869999,Phrase,2
8.849958,9.955853,Phrase,2
14.711802,7.2298064,Phrase,1
11.581011,11.2893305,Phrase,1
9.263404,12.048027,Phrase,2
11.220203,10.184994,Phrase,0
12.805343,8.146747,Phrase,0
9.38831,11.217687,Phrase,0
11.686144,12.276823,Phrase,0
8.640914,11.157356,Phrase,2
10.675137,9.83767,Phrase,1
9.4927635,11.410007,Phrase,0
10.134195,15.072168,Phrase,3
8.909494,10.6595955,Phrase,2
12.412452,10.042779,Phrase,1
7.5010014,8.683449,Phrase,1
10.929392,10.6117525,Phrase,1
11.095865,6.917799,Phrase,0
12.493581,10.045592,Phrase,1
9.335295,14.181271,Phrase,3
10.353561,13.537185,Phrase,0
10.137741,14.201359,Phrase,0
8.389918,9.702173,Phrase,2
11.590568,10.978426,Phrase,1
10.9384575,9.960566,Phrase,1
12.6860695,12.364118,Phrase,1
11.705909,11.375742,Phrase,0
7.4134593,8.575898,Phrase,1
11.348085,13.48704,Phrase,2
10.267056,10.430598,Phrase,0
8.563884,10.917268,Phrase,2
9.672047,9.482292,Phrase,2
9.943933,15.103982,Phrase,3
10.517056,11.798103,Phrase,0
10.337632,14.950358,Phrase,3
11.036819,10.085842,Phrase,2
12.401207,12.3713255,Phrase,1
11.201543,11.437778,Phrase,0
10.308985,11.767036,Phrase,0
9.626047,14.771224,Phrase,3
11.211262,9.544387,Phrase,1
11.060406,13.8264475,Phrase,0
12.348295,10.475792,Phrase,1
10.144387,13.60791,Phrase,2
10.129031,10.745285,Phrase,0
10.669723,11.777291,Phrase,0
9.902563,11.305965,Phrase,2
10.408762,11.054571,Phrase,0
15.999842,9.636133,Phrase,2
12.068213,13.773813,Phrase,1
10.073556,14.584272,Phrase,3
9.391355,10.289874,Phrase,2
10.207548,12.115032,Phrase,0
10.129285,14.61095,Phrase,3
10.502796,15.222505,Phrase,3
10.651651,11.309904,Phrase,0
11.107773,11.563646,Phrase,1
8.253925,9.585103,Phrase,2
10.320781,13.511088,Phrase,0
10.965284,11.988875,Phrase,0
11.34669,14.191213,Phrase,2
10.180618,13.238503,Phrase,0
10.596931,13.197499,Phrase,3
7.901727,10.033019,Phrase,2
12.871071,11.420252,Phrase,1
9.717197,9.641335,Phrase,2
10.038859,10.004867,Phrase,1
9.8972,8.725219,Phrase,2
10.714775,14.280314,Phrase,3
11.157096,9.4591255,Phrase,1
11.369262,12.418749,Phrase,0
11.198227,12.169243,Phrase,0
9.335498,15.111767,Phrase,3
9.742074,10.972842,Phrase,2
7.516326,8.778977,Phrase,1
10.058151,15.096273,Phrase,3
10.647219,15.523708,Phrase,3
10.669194,11.622106,Phrase,2
7.981807,10.865743,Phrase,2
8.044533,8.418544,Phrase,2
9.938041,7.284643,Phrase,0
8.699412,10.475931,Phrase,2
10.527977,13.3840685,Phrase,2
9.470786,11.686701,Phrase,2
10.856653,14.167015,Phrase,3
10.931273,12.119393,Phrase,0
8.2868,9.570274,Phrase,2
9.366123,11.821107,Phrase,2
10.121164,10.588234,Phrase,2
10.472119,11.985975,Phrase,0
10.899398,8.311227,Phrase,0
10.525373,8.288038,Phrase,0
10.323616,15.255132,Phrase,3
9.670969,10.956572,Phrase,0
10.443139,10.562845,Phrase,2
10.717711,11.469554,Phrase,0
11.246091,9.841054,Phrase,1
12.386428,12.48987,Phrase,1
9.645072,10.586866,Phrase,2
10.500671,10.916937,Phrase,2
8.921307,10.455304,Phrase,0
11.671755,7.7734237,Phrase,1
7.140902,8.795446,Phrase,1
8.983009,15.633874,Phrase,3
9.751787,15.1342325,Phrase,3
-6.0685115,7.6142683,Phrase,1
9.714507,14.309112,Phrase,3
10.193899,13.316121,Phrase,0
11.213568,9.351832,Phrase,2
7.559288,8.675702,Phrase,2
9.885669,12.205514,Phrase,0
11.382041,10.729155,Phrase,1
12.151262,12.110597,Phrase,1
11.716644,11.249413,Phrase,1
12.393018,13.952318,Phrase,2
10.38814,12.475213,Phrase,0
12.932098,11.336493,Phrase,1
9.872769,8.098874,Phrase,2
11.165743,11.0215435,Phrase,0
9.284878,15.529146,Phrase,3
10.893988,11.2859955,Phrase,0
10.31226,14.11442,Phrase,3
11.461346,11.514226,Phrase,1
9.317513,10.428545,Phrase,2
8.912482,14.80088,Phrase,3
11.323201,11.292756,Phrase,0
10.4143915,11.823673,Phrase,0
9.886035,5.949868,Phrase,1
10.962548,9.636111,Phrase,2
10.080441,7.956281,Phrase,0
7.916142,9.9919615,Phrase,2
9.656855,14.782909,Phrase,3
10.306884,9.357991,Phrase,2
12.353277,11.457328,Phrase,0
12.79333,10.453956,Phrase,1
9.528414,11.851409,Phrase,0
8.304377,9.56719,Phrase,2
10.291992,14.009796,Phrase,3
10.339484,14.476903,Phrase,3
10.589257,14.477307,Phrase,0
9.497087,15.078058,Phrase,3
10.420366,10.541228,Phrase,2
12.139541,12.15284,Phrase,1
8.950942,11.323243,Phrase,2
10.394517,13.576957,Phrase,3
8.729357,9.745608,Phrase,1
11.245102,12.101406,Phrase,0
11.034582,10.425915,Phrase,2
10.013279,12.28585,Phrase,2
11.389724,10.39913,Phrase,0
9.557186,15.488714,Phrase,3
11.808777,11.934248,Phrase,0
11.245795,13.51579,Phrase,0
9.83925,14.4168625,Phrase,3
8.959601,10.943459,Phrase,2
11.502148,7.4895234,Phrase,0
12.149417,10.56657,Phrase,1
12.047184,10.905788,Phrase,0
10.142277,13.644623,Phrase,3
11.151303,10.208809,Phrase,2
11.093606,6.9203424,Phrase,0
10.692526,15.225759,Phrase,3
10.253845,9.724735,Phrase,2
9.5745,15.287171,Phrase,3
10.1692,14.441264,Phrase,3
10.327863,11.151095,Phrase,2
10.068846,15.227437,Phrase,3
8.59062,9.618588,Phrase,2
8.871603,10.849936,Phrase,2
9.331121,10.150946,Phrase,2
9.804135,10.803192,Phrase,2
11.465449,11.111983,Phrase,1
10.649269,9.763484,Phrase,1
9.75598,12.497339,Phrase,1
9.693562,9.379264,Phrase,2
8.962132,10.255744,Phrase,2
8.976287,10.153799,Phrase,2
8.890953,9.703433,Phrase,2
9.581671,9.253307,Phrase,2
10.146182,10.399549,Phrase,2
10.97747,11.359744,Phrase,2
10.164126,13.479945,Phrase,3
11.014721,11.184634,Phrase,1
10.218375,14.5565605,Phrase,3
11.13999,11.877161,Phrase,0
9.802455,13.491591,Phrase,3
11.39385,10.808664,Phrase,1
11.242586,10.246566,Phrase,1
9.472789,12.634442,Phrase,2
9.037833,10.712861,Phrase,2
10.456088,15.318744,Phrase,3
9.600805,9.148636,Phrase,2
10.340092,7.6999016,Phrase,0
11.198616,13.2447,Phrase,0
10.480369,15.483211,Phrase,3
11.45636,13.371551,Phrase,3
8.652655,10.695245,Phrase,2
11.37822,9.351981,Phrase,2
10.449005,13.907654,Phrase,3
10.794678,10.860456,Phrase,1
10.54243,12.226284,Phrase,1
9.62785,10.721756,Phrase,2
8.696704,9.858787,Phrase,2
12.161678,10.170236,Phrase,1
10.404257,13.055373,Phrase,0
10.584722,12.472237,Phrase,0
9.713804,11.949802,Phrase,1
10.158033,13.945772,Phrase,0
10.0233135,9.684039,Phrase,2
11.415571,8.907327,Phrase,1
12.789812,10.570219,Phrase,1
11.736642,11.429816,Phrase,1
10.933484,11.657957,Phrase,0
10.543606,11.365132,Phrase,0
11.66353,12.460788,Phrase,3
10.335875,15.501391,Phrase,3
9.673805,11.564677,Phrase,2
9.79827,13.569376,Phrase,2
11.53242,11.526911,Phrase,1
9.427855,11.355731,Phrase,0
9.736142,11.10343,Phrase,0
10.9239855,14.432542,Phrase,3
11.837094,12.300018,Phrase,0
9.397147,9.757644,Phrase,2
11.728762,10.673563,Phrase,1
9.551163,15.093576,Phrase,3
12.263376,10.469865,Phrase,1
9.732518,12.128422,Phrase,3
9.208045,11.061655,Phrase,2
10.106019,14.930023,Phrase,3
10.646353,10.580458,Phrase,1
10.608394,10.817884,Phrase,1
9.874702,12.681113,Phrase,0
10.073967,11.167235,Phrase,1
10.919234,11.25637,Phrase,0
11.10206,10.9640465,Phrase,1
10.774064,11.344527,Phrase,1
10.232656,10.648766,Phrase,2
10.702167,10.423869,Phrase,1
10.294403,12.608039,Phrase,1
9.03349,14.660262,Phrase,3
10.762462,11.748447,Phrase,0
10.280934,14.724509,Phrase,3
12.259866,10.816905,Phrase,1
9.333392,11.908633,Phrase,0
9.365799,9.859673,Phrase,0
11.585806,14.267689,Phrase,3
10.067975,9.841471,Phrase,2
10.500995,15.441982,Phrase,3
8.636031,10.660756,Phrase,2
14.758727,7.1912913,Phrase,1
10.570261,12.068225,Phrase,2
7.748979,10.437163,Phrase,2
7.209457,8.046399,Phrase,1
9.981986,15.263416,Phrase,3
9.114244,10.065539,Phrase,2
8.022961,10.131351,Phrase,1
10.423157,11.257905,Phrase,1
11.118856,8.744045,Phrase,1
10.285233,12.970328,Phrase,0
11.160889,11.918707,Phrase,0
12.036316,14.043361,Phrase,1
10.78522,14.851251,Phrase,3
9.77221,12.960711,Phrase,2
12.403221,11.13986,Phrase,2
10.498782,12.569167,Phrase,1
10.108501,11.848583,Phrase,0
11.558919,12.223374,Phrase,3
9.843348,11.3417425,Phrase,0
8.391625,9.950927,Phrase,2
11.948808,11.036665,Phrase,2
11.871193,9.9508,Phrase,1
9.477983,15.191574,Phrase,3
10.803318,10.763475,Phrase,0
10.27533,14.592694,Phrase,3
10.729889,11.901545,Phrase,0
9.691188,9.327674,Phrase,2
10.4553795,10.585451,Phrase,0
10.98223,10.179067,Phrase,0
10.17359,15.514483,Phrase,3
12.73429,13.181803,Phrase,1
10.117245,10.554788,Phrase,1
10.071075,13.1677475,Phrase,0
10.204323,9.9904995,Phrase,1
10.138711,12.145794,Phrase,0
10.667428,11.224655,Phrase,0
9.831683,15.497394,Phrase,3
10.043732,15.028912,Phrase,3
10.153845,14.877146,Phrase,3
9.116214,15.602757,Phrase,3
10.9727335,14.409416,Phrase,3
9.875792,10.130975,Phrase,2
10.952291,10.4795065,Phrase,2
10.135632,14.499273,Phrase,3
10.616175,13.355858,Phrase,2
9.009834,10.811676,Phrase,0
12.33928,11.581335,Phrase,0
10.806719,14.100706,Phrase,3
10.746729,10.440401,Phrase,0
12.806493,8.146252,Phrase,0
12.686794,9.515691,Phrase,1
11.220242,10.970164,Phrase,0
9.183449,9.646923,Phrase,2
10.481624,11.75025,Phrase,0
8.816116,9.496504,Phrase,2
11.079802,11.025739,Phrase,0
10.9049225,12.202925,Phrase,0
8.469961,11.275391,Phrase,2
11.755414,9.865164,Phrase,1
11.110577,6.914715,Phrase,0
8.629125,10.536112,Phrase,2
11.084698,9.738265,Phrase,2
9.318437,11.410461,Phrase,0
9.686812,10.793582,Phrase,0
17.143791,11.112127,Phrase,1
9.138812,15.431106,Phrase,3
11.067869,11.407163,Phrase,0
9.886417,5.94975,Phrase,1
10.643579,14.467392,Phrase,3
9.966258,12.040748,Phrase,1
8.830693,10.543238,Phrase,2
11.350059,11.663731,Phrase,2
11.859163,14.008951,Phrase,1
8.7085705,10.678494,Phrase,2
9.6298065,15.162094,Phrase,3
10.892458,10.950839,Phrase,0
10.811778,11.388147,Phrase,1
8.816206,15.66839,Phrase,3
10.810584,12.104572,Phrase,0
11.294223,12.361686,Phrase,0
11.648623,11.927396,Phrase,2
9.80255,14.671431,Phrase,3
9.799218,14.918793,Phrase,3
7.708847,8.494854,Phrase,1
12.447511,10.8038435,Phrase,1
11.851176,10.847226,Phrase,1
12.94237,11.413812,Phrase,1
8.964103,10.544319,Phrase,0
11.961472,12.546884,Phrase,1
10.15839,10.229824,Phrase,1
9.094371,15.02833,Phrase,3
10.266884,13.804136,Phrase,0
11.099326,12.898975,Phrase,0
10.595714,12.384691,Phrase,0
11.000799,11.8100395,Phrase,0
12.713574,9.999927,Phrase,1
9.483414,15.217919,Phrase,3
9.980671,14.737158,Phrase,2
9.135351,11.164819,Phrase,2
11.099316,10.523439,Phrase,2
10.680416,10.481716,Phrase,2
11.45968,11.808608,Phrase,0
10.1470175,14.544388,Phrase,3
11.135159,12.533809,Phrase,0
9.804778,10.710283,Phrase,2
10.383043,11.3235855,Phrase,2
9.56869,14.288705,Phrase,3
8.379142,8.970041,Phrase,2
9.879475,7.294898,Phrase,0
9.539721,11.401116,Phrase,0
10.833444,11.972986,Phrase,0
10.6972065,11.658606,Phrase,0
10.853002,14.446721,Phrase,3
7.2000017,8.095903,Phrase,1
9.477626,14.513613,Phrase,3
11.574002,12.296906,Phrase,0
9.462684,11.173882,Phrase,0
9.528852,11.878223,Phrase,2
9.972976,12.170545,Phrase,0
10.027803,14.263217,Phrase,3
12.119077,10.3269825,Phrase,1
11.379885,13.815985,Phrase,2
11.594204,11.5405,Phrase,0
10.279298,14.421977,Phrase,3
10.1971855,9.419987,Phrase,2
12.747795,12.324208,Phrase,1
10.453035,11.893931,Phrase,1
11.254384,10.226804,Phrase,1
12.387853,11.397032,Phrase,1
9.905309,12.308704,Phrase,0
10.01191,14.537924,Phrase,3
11.971264,10.251153,Phrase,1
10.663645,12.048051,Phrase,0
10.278879,14.521666,Phrase,3
8.63747,10.506784,Phrase,2
10.175578,13.777123,Phrase,3
12.348617,10.274891,Phrase,1
8.650768,9.656072,Phrase,2
9.924384,10.133903,Phrase,2
11.531048,14.150302,Phrase,2
9.762468,12.883818,Phrase,0
10.473365,19.998476,Phrase,0
10.934013,12.377685,Phrase,0
10.467654,10.769986,Phrase,1
10.533694,11.446595,Phrase,0
11.193176,12.017978,Phrase,0
9.43006,9.23367,Phrase,2
10.039269,10.60487,Phrase,2
11.217513,12.052734,Phrase,0
11.641959,8.581281,Phrase,1
9.918836,15.207264,Phrase,3
10.21812,12.399097,Phrase,0
11.058674,9.726773,Phrase,1
10.576782,15.021616,Phrase,3
7.4270043,8.772943,Phrase,1
7.766917,8.942789,Phrase,1
10.656308,11.763334,Phrase,2
10.772343,8.187023,Phrase,0
9.616392,9.475024,Phrase,2
9.062788,9.884033,Phrase,0
9.285501,11.345178,Phrase,2
9.220697,9.722872,Phrase,2
10.116964,13.4217615,Phrase,0
9.59144,9.561549,Phrase,2
10.200759,11.705619,Phrase,1
9.631225,14.675023,Phrase,3
10.131217,11.477445,Phrase,0
7.445943,8.763732,Phrase,1
12.242102,11.227909,Phrase,1
10.587455,14.302205,Phrase,3
10.794034,12.504689,Phrase,0
9.531078,11.725915,Phrase,2
12.424055,9.973557,Phrase,1
9.63993,12.472262,Phrase,2
11.132725,12.631412,Phrase,2
10.276981,9.9785,Phrase,1
12.07132,11.659965,Phrase,1
9.8877325,8.758099,Phrase,2
10.303587,10.329077,Phrase,3
9.4397745,10.820321,Phrase,2
10.614013,11.890214,Phrase,0
11.17897,10.161003,Phrase,0
10.838383,10.408261,Phrase,0
11.410137,11.984985,Phrase,0
8.933543,15.368319,Phrase,3
11.031777,13.657527,Phrase,0
11.66183,12.168019,Phrase,2
10.025854,11.097654,Phrase,0
11.1757345,12.590057,Phrase,0
9.474044,9.42459,Phrase,2
10.371567,10.320104,Phrase,2
10.164631,10.235541,Phrase,2
11.018866,12.312297,Phrase,0
11.324485,11.162386,Phrase,0
9.918459,15.048817,Phrase,3
10.937979,13.715119,Phrase,0
10.502751,8.420549,Phrase,0
11.065379,11.142378,Phrase,0
8.731642,10.041973,Phrase,0
10.051754,9.912617,Phrase,0
9.878183,11.281169,Phrase,0
8.9538965,11.456082,Phrase,0
10.867408,11.82364,Phrase,1
10.110033,10.294615,Phrase,2
11.418784,10.240394,Phrase,2
10.966675,13.621153,Phrase,0
11.331302,11.785143,Phrase,0
8.375759,9.42127,Phrase,2
10.3036,14.867224,Phrase,3
9.143457,15.167819,Phrase,3
9.603464,12.570827,Phrase,2
10.647562,11.305069,Phrase,0
10.061971,14.672888,Phrase,3
8.90933,15.548296,Phrase,3
11.237034,11.222181,Phrase,0
9.807459,9.466309,Phrase,0
8.457654,10.037957,Phrase,2
11.020374,13.929917,Phrase,1
10.721522,10.632093,Phrase,0
10.358615,8.07659,Phrase,0
11.451393,11.845682,Phrase,0
10.861315,11.560633,Phrase,0
10.151288,14.365785,Phrase,3
9.651283,11.7335205,Phrase,2
10.244526,14.003633,Phrase,2
9.491338,10.232813,Phrase,1
11.020553,12.495438,Phrase,1
10.762358,12.012669,Phrase,0
8.632722,9.423184,Phrase,2
11.105247,10.106279,Phrase,1
10.9348755,10.71918,Phrase,0
9.3653965,11.326976,Phrase,2
10.979974,12.156688,Phrase,0
9.745054,11.344288,Phrase,0
9.893486,11.397637,Phrase,0
11.293951,13.412793,Phrase,3
10.662162,12.248017,Phrase,0
11.173092,11.273459,Phrase,0
11.199159,10.553827,Phrase,1
9.275686,10.944467,Phrase,2
9.469108,9.818712,Phrase,2
11.371301,11.711979,Phrase,0
7.6254916,8.561326,Phrase,1
12.3631735,10.600092,Phrase,1
10.539314,12.378897,Phrase,0
11.617355,12.324709,Phrase,0
11.209885,12.9640045,Phrase,2
11.014575,11.957446,Phrase,0
9.023975,8.959439,Phrase,2
9.990717,11.753274,Phrase,0
10.835755,7.519562,Phrase,0
11.637476,10.514924,Phrase,0
12.057636,11.886631,Phrase,1
11.463266,12.222317,Phrase,0
11.093036,10.406714,Phrase,2
10.697158,11.023989,Phrase,2
9.758599,14.73041,Phrase,3
10.846125,12.296162,Phrase,2
10.044686,15.183117,Phrase,0
12.275092,10.668065,Phrase,1
8.174666,8.885269,Phrase,2
11.21799,11.802544,Phrase,0
10.995537,10.002944,Phrase,1
11.442749,13.084594,Phrase,3
12.581433,10.331714,Phrase,1
11.236814,9.618485,Phrase,2
11.825116,11.045517,Phrase,1
10.46904,11.334712,Phrase,0
10.524153,11.310772,Phrase,0
10.223504,14.677618,Phrase,3
9.228581,10.49911,Phrase,2
11.634493,10.9827795,Phrase,1
10.376381,15.431934,Phrase,3
10.378711,15.047792,Phrase,3
9.641235,10.290407,Phrase,2
10.38641,15.213121,Phrase,3
9.94867,10.433118,Phrase,2
12.496812,10.049455,Phrase,1
9.891002,14.966539,Phrase,3
12.204999,12.026752,Phrase,1
9.609573,9.22653,Phrase,2
9.725792,9.518937,Phrase,2
9.123036,10.430156,Phrase,2
11.465649,13.500771,Phrase,0
10.0071,10.894116,Phrase,0
11.044012,11.98759,Phrase,0
10.483211,9.928118,Phrase,2
8.297078,9.7385235,Phrase,2
11.480182,11.488441,Phrase,1
11.181567,10.6002445,Phrase,1
7.6921215,8.568982,Phrase,1
9.964446,13.19472,Phrase,0
10.858301,12.141462,Phrase,0
9.482279,11.43695,Phrase,2
8.890663,10.456169,Phrase,0
10.261601,12.19595,Phrase,0
12.249203,10.230476,Phrase,1
10.628169,9.680207,Phrase,1
9.684584,9.457057,Phrase,2
10.944652,10.101112,Phrase,2
10.653068,8.259443,Phrase,2
9.901762,6.013544,Phrase,1
10.464766,12.336245,Phrase,0
11.038961,12.547045,Phrase,0
9.366898,10.401321,Phrase,2
10.099165,12.331198,Phrase,0
10.204297,14.899703,Phrase,3
9.871917,11.451268,Phrase,0
11.091827,12.701652,Phrase,0
9.723758,15.250614,Phrase,3
12.355033,13.882883,Phrase,1
8.651079,10.93101,Phrase,0
10.12124,15.226004,Phrase,3
10.241469,10.767458,Phrase,0
12.260125,9.869934,Phrase,1
10.681705,10.224233,Phrase,0
9.50076,12.735913,Phrase,0
12.30037,9.921207,Phrase,1
9.142474,13.130397,Phrase,0
10.305157,15.465911,Phrase,3
9.333749,13.694866,Phrase,0
12.402038,12.402728,Phrase,1
9.049816,11.032049,Phrase,0
12.380199,9.986869,Phrase,1
10.207999,14.730534,Phrase,3
8.554949,10.869344,Phrase,2
12.160926,11.872348,Phrase,1
6.8823886,10.947707,Phrase,2
7.1384344,13.87796,Phrase,0
9.662645,9.233669,Phrase,2
10.7945385,11.371676,Phrase,0
10.258083,9.550363,Phrase,1
10.897171,11.755321,Phrase,0
9.996584,13.088721,Phrase,0
11.12073,11.192131,Phrase,2
8.191924,8.454202,Phrase,2
12.084827,12.058282,Phrase,1
10.946721,11.048794,Phrase,1
10.494371,14.777781,Phrase,3
10.225759,9.815544,Phrase,1
-6.068448,7.61429,Phrase,1
7.5171385,8.710645,Phrase,1
11.667373,12.016962,Phrase,0
11.520426,10.546289,Phrase,1
10.827537,11.41148,Phrase,1
10.179013,13.517466,Phrase,1
9.904314,10.652912,Phrase,1
10.864518,11.327331,Phrase,1
7.375103,8.298318,Phrase,1
10.497275,11.178246,Phrase,0
10.9819,7.416368,Phrase,0
8.965631,11.377695,Phrase,1
11.177553,10.5997925,Phrase,2
9.111934,10.880989,Phrase,2
9.199718,10.179986,Phrase,2
10.161639,12.436022,Phrase,2
12.661371,11.766175,Phrase,2
11.29053,9.03176,Phrase,0
8.522681,10.565323,Phrase,2
9.790119,11.482169,Phrase,0
10.812219,9.873526,Phrase,1
9.66708,12.528854,Phrase,2
9.888229,15.736242,Phrase,3
9.093657,12.816365,Phrase,2
11.098918,12.814629,Phrase,0
11.068617,10.681328,Phrase,2
9.901114,10.903602,Phrase,0
12.783789,10.452378,Phrase,1
11.089104,6.928473,Phrase,0
8.522681,8.353503,Phrase,2
11.338642,11.667029,Phrase,0
10.703168,10.125387,Phrase,2
9.628877,11.701292,Phrase,0
9.598524,9.406048,Phrase,2
9.618036,11.041511,Phrase,2
10.067474,10.883194,Phrase,1
10.402514,11.139519,Phrase,0
9.368075,15.44934,Phrase,3
11.763618,12.877276,Phrase,1
10.488849,12.497897,Phrase,0
8.894234,10.797842,Phrase,1
9.4765415,11.550179,Phrase,2
11.380367,10.817486,Phrase,1
8.428556,9.1547575,Phrase,2
7.6354175,8.521915,Phrase,1
9.202886,15.146371,Phrase,3
11.212139,11.160817,Phrase,0
8.676099,10.634894,Phrase,2
9.626231,9.232411,Phrase,2
8.738617,15.381332,Phrase,3
10.152081,9.682744,Phrase,1
9.779783,12.444228,Phrase,0
9.937406,10.962128,Phrase,1
8.18526,10.545168,Phrase,2
8.680293,10.540188,Phrase,2
9.883822,13.257027,Phrase,2
10.401582,13.286252,Phrase,1
9.630107,10.24238,Phrase,2
11.690619,10.286723,Phrase,1
9.933187,8.29228,Phrase,0
10.693455,14.442087,Phrase,3
8.860357,15.077765,Phrase,3
9.878196,14.592502,Phrase,3
10.738133,14.916177,Phrase,3
9.145405,15.495518,Phrase,3
12.813211,9.433479,Phrase,1
9.239485,12.317202,Phrase,2
11.063233,12.155009,Phrase,0
10.848025,9.832901,Phrase,2
10.969032,12.858753,Phrase,0
10.4458065,12.00113,Phrase,0
7.398779,8.772711,Phrase,1
11.839144,12.140731,Phrase,2
11.800741,12.877619,Phrase,1
9.12186,9.742794,Phrase,2
9.619526,9.621173,Phrase,2
11.326217,11.969007,Phrase,0
11.336975,10.24729,Phrase,2
10.712551,9.998283,Phrase,1
8.997003,11.473764,Phrase,2
11.320505,9.511291,Phrase,1
9.850982,10.301563,Phrase,2
10.677064,11.088487,Phrase,0
9.418139,9.339881,Phrase,2
9.554805,13.588654,Phrase,0
10.9711275,9.31829,Phrase,1
10.082556,10.575569,Phrase,2
9.898838,13.086333,Phrase,1
8.748886,8.322919,Phrase,3
10.656292,11.848105,Phrase,0
9.310458,11.612154,Phrase,0
10.476448,11.564589,Phrase,0
10.819204,12.898714,Phrase,0
10.411176,12.123016,Phrase,2
9.322614,12.385154,Phrase,2
10.077068,13.56935,Phrase,0
11.098531,6.9172997,Phrase,0
8.798961,10.486779,Phrase,2
10.114271,10.364257,Phrase,2
9.51719,9.159009,Phrase,2
9.698566,15.370116,Phrase,3
10.150291,13.014721,Phrase,0
11.127028,12.036774,Phrase,0
10.26273,12.439322,Phrase,3
9.081129,15.30837,Phrase,3
9.015655,9.430738,Phrase,2
11.567163,9.449676,Phrase,1
9.800837,11.411042,Phrase,0
8.427047,10.345984,Phrase,2
9.92873,10.748471,Phrase,0
9.924745,14.401419,Phrase,3
10.69334,7.9979796,Phrase,0
11.378054,10.284308,Phrase,0
9.595673,11.504185,Phrase,0
11.105582,10.691378,Phrase,0
11.095492,7.1097913,Phrase,2
9.490405,14.663298,Phrase,3
10.338179,10.387152,Phrase,1
9.99944,9.905256,Phrase,0
7.4895616,8.736448,Phrase,1
8.9349785,15.273208,Phrase,3
11.051643,12.33289,Phrase,2
8.580548,9.900416,Phrase,2
11.104835,12.360387,Phrase,0
8.162242,9.726543,Phrase,2
9.033465,11.0776825,Phrase,2
10.859526,11.016818,Phrase,1
-6.0497036,7.654078,Phrase,1
9.568041,14.255867,Phrase,3
8.80256,11.030002,Phrase,2
10.940196,12.646437,Phrase,0
9.433804,9.571613,Phrase,2
10.321977,9.879409,Phrase,2
9.4304085,11.884312,Phrase,2
9.356415,10.369979,Phrase,0
11.062533,11.05529,Phrase,0
11.303068,11.064328,Phrase,1
9.963618,15.005063,Phrase,3
9.417982,9.185488,Phrase,2
9.638937,12.971239,Phrase,2
9.849684,11.280093,Phrase,0
10.133328,13.232762,Phrase,1
8.070458,12.089858,Phrase,2
8.208604,9.9861145,Phrase,2
10.380333,9.966504,Phrase,1
10.573859,12.00403,Phrase,0
9.817655,11.02143,Phrase,0
9.92934,15.459372,Phrase,3
8.838463,10.56502,Phrase,2
11.274954,11.651871,Phrase,1
9.118907,15.56504,Phrase,3
11.618032,10.407331,Phrase,1
9.378718,11.63343,Phrase,2
9.936676,15.100457,Phrase,3
9.148481,10.845334,Phrase,2
11.499767,11.845939,Phrase,0
11.289762,10.198198,Phrase,0
10.1624155,12.807622,Phrase,1
10.824287,11.976959,Phrase,0
9.896862,14.941293,Phrase,3
10.713448,11.7211075,Phrase,0
10.422684,9.022992,Phrase,2
11.02075,12.798916,Phrase,0
11.099408,12.511535,Phrase,0
9.606979,14.831823,Phrase,3
-6.0687795,7.614008,Phrase,1
9.70103,11.123032,Phrase,0
10.836302,10.269231,Phrase,1
10.298347,13.228064,Phrase,2
9.733462,11.192344,Phrase,0
9.5940485,15.580419,Phrase,3
10.672168,10.718545,Phrase,0
11.43595,10.765571,Phrase,0
10.365527,14.676869,Phrase,3
12.057949,12.145134,Phrase,1
9.56083,12.077017,Phrase,0
9.335807,15.063698,Phrase,3
10.416558,15.508402,Phrase,3
11.630493,12.5848465,Phrase,0
10.380297,15.383452,Phrase,3
10.413884,11.137118,Phrase,0
11.395832,11.153827,Phrase,1
8.7552,10.128529,Phrase,2
10.538941,11.793317,Phrase,0
9.457801,12.71117,Phrase,1
9.746166,15.593323,Phrase,3
12.537194,12.241315,Phrase,1
10.941754,9.673422,Phrase,0
10.180847,8.145888,Phrase,2
9.461816,11.187257,Phrase,2
10.815944,12.001151,Phrase,0
9.7490225,9.3712435,Phrase,2
12.739481,13.184084,Phrase,1
10.174087,13.454202,Phrase,0
10.430968,11.259339,Phrase,1
9.808553,10.619297,Phrase,2
11.2122,10.047034,Phrase,1
10.125202,10.219197,Phrase,2
8.38435,8.175095,Phrase,2
9.22434,15.635304,Phrase,3
7.7125907,8.10742,Phrase,1
10.998301,13.931997,Phrase,0
10.471776,14.734547,Phrase,3
9.683503,10.288114,Phrase,2
10.1831665,11.343281,Phrase,0
10.4328375,11.86087,Phrase,0
10.229999,10.339264,Phrase,2
11.205627,12.736519,Phrase,0
8.854392,10.302229,Phrase,2
10.974096,11.020876,Phrase,1
9.668424,9.753892,Phrase,2
8.688881,9.248648,Phrase,2
11.096414,10.561555,Phrase,0
8.932827,11.340052,Phrase,0
8.434558,11.398476,Phrase,2
10.414533,15.51851,Phrase,3
9.993199,11.738077,Phrase,2
11.778572,11.960589,Phrase,0
11.200274,12.848807,Phrase,0
10.895178,12.689078,Phrase,0
10.743161,12.241218,Phrase,0
9.645942,9.273789,Phrase,2
9.435741,15.431161,Phrase,3
9.806596,14.870781,Phrase,3
10.351935,7.968979,Phrase,0
10.113957,15.439714,Phrase,3
9.6768465,15.251621,Phrase,3
10.480858,8.389762,Phrase,0
10.612115,10.883751,Phrase,0
12.11225,12.216358,Phrase,0
11.479912,11.376927,Phrase,0
10.36164,9.078625,Phrase,2
9.996159,13.999214,Phrase,1
9.5215,11.624573,Phrase,0
12.269165,9.98255,Phrase,1
9.804376,11.675982,Phrase,1
9.608114,12.204283,Phrase,3
11.572711,10.668202,Phrase,0
11.016659,11.329677,Phrase,0
11.117492,15.6511545,Phrase,1
11.941122,12.415826,Phrase,1
10.638271,12.046685,Phrase,2
11.10154,12.336844,Phrase,0
9.606682,11.441043,Phrase,2
10.301192,12.503213,Phrase,2
9.694029,15.6281185,Phrase,3
11.043086,11.45402,Phrase,2
9.734716,14.492205,Phrase,3
10.7644415,12.250438,Phrase,0
11.022244,12.033526,Phrase,0
11.072237,11.470185,Phrase,1
11.51779,10.589972,Phrase,1
11.75111,9.731063,Phrase,2
9.56385,10.118881,Phrase,0
10.483904,13.315508,Phrase,0
9.581245,9.168627,Phrase,2
9.792909,14.008651,Phrase,3
11.275508,11.046539,Phrase,1
10.28281,14.501766,Phrase,3
10.13494,11.342002,Phrase,0
9.999624,14.921742,Phrase,3
9.641317,11.765884,Phrase,0
10.809564,10.081706,Phrase,2
11.134631,11.936233,Phrase,0
10.138666,12.68777,Phrase,0
11.016062,13.809907,Phrase,2
11.0306835,10.841991,Phrase,0
7.6801186,9.426768,Phrase,0
9.985887,10.5878315,Phrase,2
8.603981,9.965414,Phrase,2
10.274812,9.226876,Phrase,0
9.346005,10.964596,Phrase,0
9.237386,11.186756,Phrase,0
9.937397,14.888313,Phrase,3
8.887585,9.967228,Phrase,1
10.312173,10.339811,Phrase,1
10.876441,12.573731,Phrase,2
10.4682255,11.496845,Phrase,1
11.023991,10.945933,Phrase,1
9.1598835,12.019574,Phrase,2
11.096839,6.9172616,Phrase,0
10.557011,12.548232,Phrase,0
8.112181,8.394855,Phrase,2
11.490662,11.995083,Phrase,0
8.631933,9.351489,Phrase,0
9.177495,10.512169,Phrase,2
10.708916,12.115746,Phrase,0
10.931454,10.8480625,Phrase,2
11.440721,10.477485,Phrase,0
10.374821,11.254083,Phrase,0
11.946688,9.925489,Phrase,1
11.765084,12.896732,Phrase,2
8.841329,15.407827,Phrase,3
10.593304,12.569618,Phrase,0
12.47064,9.838007,Phrase,1
9.73109,10.147909,Phrase,0
9.936634,14.676839,Phrase,3
8.590448,11.725547,Phrase,2
10.342194,11.108597,Phrase,1
10.52906,13.4965515,Phrase,3
9.678305,9.177356,Phrase,1
11.713187,11.353889,Phrase,1
9.148474,9.653979,Phrase,2
12.938606,11.42189,Phrase,1
11.586468,9.827983,Phrase,1
9.620948,13.765013,Phrase,2
12.336673,10.677589,Phrase,1
10.773042,12.671933,Phrase,0
8.997409,15.61352,Phrase,3
10.899783,8.138435,Phrase,0
10.376701,12.328321,Phrase,2
9.775912,11.93631,Phrase,0
10.594553,14.808636,Phrase,3
10.064136,10.365863,Phrase,2
9.514558,10.270028,Phrase,2
11.1913,12.175899,Phrase,0
9.297602,9.327186,Phrase,2
9.485915,10.8181305,Phrase,2
8.988975,9.610289,Phrase,2
10.982963,9.402936,Phrase,2
12.44002,11.24574,Phrase,1
11.221848,9.7188,Phrase,2
10.15939,14.776093,Phrase,3
9.381671,10.105261,Phrase,2
9.750047,10.2809925,Phrase,2
9.488762,10.223234,Phrase,2
8.763117,9.0061455,Phrase,2
7.8833838,10.705818,Phrase,2
9.927368,11.439357,Phrase,0
10.339329,13.050757,Phrase,1
12.133069,11.19614,Phrase,1
11.949302,11.458949,Phrase,0
-6.0201983,7.6349463,Phrase,1
10.616781,9.03711,Phrase,1
11.0645895,11.449507,Phrase,0
7.709665,8.522028,Phrase,1
11.115993,10.274885,Phrase,1
10.986881,12.076166,Phrase,0
9.303499,10.258737,Phrase,0
10.888641,12.604118,Phrase,0
12.5210285,10.067887,Phrase,1
11.294761,10.633746,Phrase,2
10.989496,7.4254875,Phrase,0
9.979547,9.258255,Phrase,1
13.531113,-2.924347,Phrase,2
10.848364,9.89061,Phrase,1
10.731755,10.622648,Phrase,0
10.014511,14.473861,Phrase,3
9.102442,9.956838,Phrase,2
8.8379345,11.834865,Phrase,2
9.635719,11.923851,Phrase,1
11.73603,11.490496,Phrase,1
10.320047,13.2620325,Phrase,2
11.867012,11.480143,Phrase,1
8.99309,11.167828,Phrase,2
10.801108,12.096557,Phrase,0
10.762013,11.802495,Phrase,0
11.267873,9.820565,Phrase,2
9.003375,11.164505,Phrase,2
10.515778,13.664864,Phrase,0
9.70489,14.370546,Phrase,3
11.206255,10.872053,Phrase,2
11.746275,12.265268,Phrase,1
9.754357,12.31569,Phrase,0
12.185138,10.694567,Phrase,1
10.5212345,13.532828,Phrase,3
10.961692,10.996492,Phrase,2
10.77409,12.608373,Phrase,0
11.055018,12.65029,Phrase,0
8.516053,9.714248,Phrase,2
10.961542,14.620266,Phrase,3
8.31913,10.153191,Phrase,2
10.500497,13.165557,Phrase,1
10.26024,14.531221,Phrase,3
11.416572,10.628429,Phrase,1
9.172148,13.125167,Phrase,2
8.548774,9.607695,Phrase,2
8.262929,9.7757,Phrase,2
8.453423,10.127752,Phrase,2
9.526906,15.177581,Phrase,3
8.801829,10.570234,Phrase,2
11.386945,12.47788,Phrase,0
11.261097,11.157067,Phrase,0
8.48208,10.889873,Phrase,2
10.07775,10.270187,Phrase,2
8.70017,12.408738,Phrase,0
8.313387,9.678973,Phrase,2
10.521534,12.361619,Phrase,0
9.403503,11.482951,Phrase,2
9.684418,12.007895,Phrase,0
9.267496,14.634743,Phrase,3
10.094913,15.371253,Phrase,3
-6.0696354,7.6131105,Phrase,1
12.444225,10.087793,Phrase,1
11.136791,11.480871,Phrase,0
10.77877,13.089056,Phrase,0
11.239553,12.065148,Phrase,0
8.218391,8.245488,Phrase,1
9.243026,15.099087,Phrase,3
9.536636,11.306024,Phrase,0
10.16278,13.044004,Phrase,0
10.429682,10.968058,Phrase,2
10.525423,11.332144,Phrase,0
8.783655,15.27269,Phrase,3
10.773051,13.172093,Phrase,1
10.184307,10.121755,Phrase,1
9.600165,9.282254,Phrase,2
8.416459,9.769963,Phrase,2
10.783031,13.2193775,Phrase,0
11.534213,11.673222,Phrase,0
11.083922,8.038546,Phrase,3
9.58913,9.059767,Phrase,2
9.087043,14.995888,Phrase,3
11.546996,9.383391,Phrase,1
10.808325,11.729746,Phrase,0
9.094064,10.861284,Phrase,0
10.305237,14.082537,Phrase,0
11.931942,10.180125,Phrase,1
9.389718,14.680613,Phrase,3
11.925916,12.564922,Phrase,1
9.930782,12.575046,Phrase,3
10.263967,13.260064,Phrase,2
12.741379,13.182286,Phrase,1
10.427435,13.4354,Phrase,0
7.6260357,8.060334,Phrase,1
9.335165,10.258024,Phrase,2
9.491433,10.808611,Phrase,2
7.5373187,8.490032,Phrase,1
10.655822,14.323687,Phrase,3
8.559592,10.179801,Phrase,2
10.620182,9.558547,Phrase,1
11.079746,7.739482,Phrase,2
10.108557,11.259437,Phrase,0
9.8345,9.64141,Phrase,2
9.688113,12.001678,Phrase,2
9.324469,15.582058,Phrase,3
8.992301,11.39303,Phrase,2
9.422479,11.937668,Phrase,0
10.263709,13.81152,Phrase,3
9.293802,10.631786,Phrase,2
10.226432,15.270404,Phrase,3
11.369805,13.2692375,Phrase,3
9.365648,12.615358,Phrase,0
9.260716,11.643717,Phrase,0
10.194503,13.384912,Phrase,1
10.474491,8.602698,Phrase,1
10.883545,10.05983,Phrase,2
9.545359,9.327226,Phrase,2
10.906082,12.0497675,Phrase,0
9.520697,11.73551,Phrase,1
9.686061,14.067017,Phrase,3
10.364513,10.076982,Phrase,1
7.4537573,8.754704,Phrase,1
11.335042,11.983086,Phrase,0
9.591255,9.116609,Phrase,1
10.124979,10.6105385,Phrase,0
10.819396,10.755791,Phrase,2
9.604287,12.035589,Phrase,3
11.302697,10.696922,Phrase,1
11.254139,10.741758,Phrase,2
12.218468,9.9043455,Phrase,1
12.104563,12.4675255,Phrase,1
10.600299,12.274747,Phrase,0
10.229659,10.585778,Phrase,1
9.768139,13.240149,Phrase,2
7.7185144,10.092761,Phrase,2
10.137036,10.264026,Phrase,1
11.088879,11.131086,Phrase,0
9.328847,9.496033,Phrase,2
9.562039,11.938863,Phrase,2
11.035439,11.235401,Phrase,1
11.084017,13.582921,Phrase,2
10.421014,13.741115,Phrase,2
9.347832,9.212924,Phrase,2
7.157261,8.799527,Phrase,1
10.723955,10.587358,Phrase,1
8.487425,10.302334,Phrase,2
11.393343,10.369232,Phrase,1
9.214665,10.277106,Phrase,2
9.452279,10.972357,Phrase,2
9.462701,10.556681,Phrase,2
11.018678,11.5262375,Phrase,2
11.269998,11.594355,Phrase,0
10.906932,10.850905,Phrase,0
10.479651,11.803217,Phrase,0
10.913475,11.286329,Phrase,0
8.649583,11.035119,Phrase,2
9.990538,14.471785,Phrase,3
10.387859,14.24273,Phrase,3
10.556012,10.989668,Phrase,2
10.566477,13.169974,Phrase,2
8.674805,11.148831,Phrase,0
11.647007,10.96981,Phrase,2
11.218681,9.35556,Phrase,2
10.213576,15.058891,Phrase,3
12.215475,10.466235,Phrase,1
9.152012,15.115579,Phrase,3
9.181964,13.887024,Phrase,3
9.6081505,9.327246,Phrase,2
10.472559,12.004576,Phrase,0
9.535181,15.199691,Phrase,3
10.417451,10.5192995,Phrase,2
10.572396,11.980637,Phrase,0
10.172889,13.183579,Phrase,1
10.7448225,11.342772,Phrase,0
9.820768,15.102365,Phrase,3
9.380958,15.347936,Phrase,3
11.329171,10.347799,Phrase,2
7.850973,8.594199,Phrase,2
11.133392,10.80918,Phrase,1
12.101636,13.3318405,Phrase,1
10.526519,11.249934,Phrase,0
9.822538,12.007204,Phrase,0
10.552326,9.293447,Phrase,2
9.6817875,10.136386,Phrase,2
11.702866,11.475637,Phrase,0
11.108731,12.508791,Phrase,0
10.9205885,10.848707,Phrase,0
9.971133,10.241182,Phrase,2
12.532141,10.192209,Phrase,1
9.654616,12.526225,Phrase,0
10.329715,15.360009,Phrase,3
10.78299,12.864929,Phrase,0
9.956013,12.571083,Phrase,0
10.564732,12.723595,Phrase,0
9.557809,14.768773,Phrase,3
10.704213,11.640614,Phrase,1
10.274234,15.187641,Phrase,3
9.865437,9.271114,Phrase,1
9.02156,15.037194,Phrase,3
9.362382,10.392005,Phrase,0
10.870505,9.487123,Phrase,2
7.9534535,10.056241,Phrase,2
7.9164877,10.746155,Phrase,2
11.608603,10.976822,Phrase,0
10.020068,15.231033,Phrase,3
11.200449,12.013105,Phrase,0
9.058753,15.079256,Phrase,3
9.795314,15.738534,Phrase,3
9.849819,15.085577,Phrase,3
9.9998665,10.258657,Phrase,2
9.839105,10.447517,Phrase,2
8.399022,11.337635,Phrase,2
9.753147,13.456431,Phrase,0
11.251464,9.392485,Phrase,1
9.904165,10.609365,Phrase,1
9.752738,10.315462,Phrase,2
10.870404,13.078706,Phrase,0
8.671915,10.747624,Phrase,2
9.506597,10.434214,Phrase,2
10.846319,13.710355,Phrase,0
9.216447,15.58295,Phrase,3
9.817889,11.079914,Phrase,1
11.914077,11.944878,Phrase,0
11.389917,11.46491,Phrase,2
9.468595,10.7242365,Phrase,2
9.554645,15.792524,Phrase,3
11.437787,12.504657,Phrase,1
8.932776,15.492639,Phrase,3
9.496612,12.323572,Phrase,2
11.226681,10.430576,Phrase,2
9.817275,13.1014,Phrase,2
9.351657,14.952764,Phrase,3
9.76065,14.6101885,Phrase,3
12.281653,12.278302,Phrase,2
9.743704,12.725189,Phrase,2
12.293781,12.391844,Phrase,1
9.143651,11.346951,Phrase,2
9.799886,15.422945,Phrase,3
9.969219,10.933106,Phrase,1
11.555597,11.859211,Phrase,0
9.123996,15.651307,Phrase,3
9.545552,11.763998,Phrase,1
8.871064,11.764947,Phrase,2
10.413533,15.323107,Phrase,3
10.472442,15.493366,Phrase,3
10.299066,14.19248,Phrase,3
10.45849,13.3879,Phrase,3
9.807138,15.16676,Phrase,3
11.344496,10.381551,Phrase,1
8.15708,8.493637,Phrase,1
11.089396,11.484768,Phrase,2
10.619749,12.429518,Phrase,0
10.453841,12.707887,Phrase,0
8.914573,12.976945,Phrase,0
9.170718,10.253351,Phrase,2
12.281452,10.039175,Phrase,1
9.681325,10.488837,Phrase,2
11.013857,12.313017,Phrase,0
9.52719,13.181482,Phrase,2
7.7970724,8.562672,Phrase,2
9.866921,14.624715,Phrase,3
11.315081,12.704876,Phrase,0
9.55224,15.517406,Phrase,3
9.469782,11.450411,Phrase,0
9.7513275,10.887029,Phrase,1
10.264181,11.284613,Phrase,0
10.442993,8.080114,Phrase,2
10.425097,15.408483,Phrase,3
10.675847,10.505329,Phrase,0
12.790822,9.435303,Phrase,1
10.659238,12.080906,Phrase,0
11.243986,13.103291,Phrase,0
6.894767,10.899397,Phrase,2
11.601174,12.069369,Phrase,0
11.587432,9.724681,Phrase,1
9.672059,15.372833,Phrase,3
11.967483,10.738051,Phrase,0
9.19008,10.617088,Phrase,0
11.514704,11.179198,Phrase,0
10.642093,11.653615,Phrase,0
-6.069616,7.6132164,Phrase,1
11.687737,11.444053,Phrase,0
9.097664,11.934252,Phrase,2
11.899249,10.255986,Phrase,1
11.372178,10.520063,Phrase,2
12.06977,11.767136,Phrase,1
9.792183,12.275666,Phrase,0
9.8187895,9.782391,Phrase,1
10.53005,11.231248,Phrase,0
11.691156,12.185075,Phrase,0
11.256651,11.316109,Phrase,0
9.233213,10.679282,Phrase,2
12.065461,12.211435,Phrase,1
11.309298,9.036791,Phrase,1
9.35721,11.941714,Phrase,0
11.0956745,9.606294,Phrase,2
10.149023,13.914713,Phrase,0
12.111778,12.412417,Phrase,1
10.761672,10.64549,Phrase,1
9.582068,9.087808,Phrase,1
7.554879,10.4168005,Phrase,2
9.774367,14.518167,Phrase,3
9.898417,13.109901,Phrase,2
9.885927,5.948121,Phrase,1
10.011855,10.353222,Phrase,2
11.694555,12.277504,Phrase,0
9.76267,12.460272,Phrase,0
9.738041,15.122645,Phrase,3
11.29133,10.892704,Phrase,0
9.909253,10.863581,Phrase,0
9.270656,10.4663105,Phrase,2
10.799251,11.581217,Phrase,2
11.622654,12.44213,Phrase,0
9.934642,11.414858,Phrase,2
10.9282675,12.636364,Phrase,0
10.902337,13.893808,Phrase,2
10.196439,8.754921,Phrase,1
9.8855715,8.160745,Phrase,1
9.520604,9.206056,Phrase,2
11.624451,11.243942,Phrase,1
12.880179,11.863738,Phrase,1
10.43112,11.232757,Phrase,0
10.829058,10.330024,Phrase,1
6.9466743,9.151595,Phrase,2
10.161624,15.200163,Phrase,3
9.687846,11.77004,Phrase,2
9.089072,15.281795,Phrase,3
9.147139,10.416521,Phrase,2
9.812849,11.401841,Phrase,2
10.931618,10.799925,Phrase,1
11.953609,13.314415,Phrase,2
12.785683,8.931582,Phrase,0
9.636441,11.838913,Phrase,0
10.977868,10.252265,Phrase,0
10.200865,11.557381,Phrase,0
10.884938,9.39158,Phrase,2
12.051934,9.207318,Phrase,2
12.710995,12.430516,Phrase,1
11.107416,11.706186,Phrase,0
11.813492,9.954714,Phrase,1
10.514027,10.294508,Phrase,2
9.541634,12.719829,Phrase,0
10.105655,10.752305,Phrase,2
12.870357,11.836183,Phrase,2
12.396216,10.395821,Phrase,1
11.381295,11.292481,Phrase,0
10.43703,13.1956215,Phrase,0
9.589256,9.176489,Phrase,1
12.042032,12.30554,Phrase,0
12.60141,10.023441,Phrase,1
11.876939,12.08421,Phrase,0
9.2021475,13.743471,Phrase,3
11.330901,10.961553,Phrase,0
10.957069,11.440347,Phrase,1
8.567263,8.566649,Phrase,1
10.589236,11.893319,Phrase,0
10.325404,14.627545,Phrase,3
12.33687,11.976103,Phrase,2
9.708481,10.1782465,Phrase,0
12.2069645,11.028524,Phrase,1
11.152321,9.6028595,Phrase,2
10.577621,14.849168,Phrase,3
11.064999,11.306182,Phrase,0
10.326526,12.1926,Phrase,0
10.455912,13.580096,Phrase,0
9.332884,11.64666,Phrase,2
9.39429,9.329066,Phrase,2
12.960267,11.400905,Phrase,1
10.537055,11.571434,Phrase,0
10.939032,11.412456,Phrase,0
12.810418,10.500756,Phrase,1
11.067572,12.098819,Phrase,0
11.437202,11.41744,Phrase,1
10.324227,14.667885,Phrase,3
9.448003,15.150345,Phrase,3
11.949535,7.0504084,Phrase,0
10.869856,12.683468,Phrase,1
10.173802,12.013234,Phrase,0
10.1649475,11.7446,Phrase,0
12.145688,10.987417,Phrase,1
10.385061,12.235391,Phrase,0
9.042957,15.509691,Phrase,3
10.7272215,11.767165,Phrase,0
10.037913,14.911005,Phrase,3
8.515932,9.489334,Phrase,2
8.78564,9.228798,Phrase,2
10.111996,12.049702,Phrase,1
9.825342,15.56029,Phrase,3
9.3664055,11.272217,Phrase,0
9.690138,9.296579,Phrase,0
11.887861,9.205453,Phrase,1
8.833682,10.567207,Phrase,2
11.405733,12.133697,Phrase,0
10.644673,12.627389,Phrase,1
11.301957,9.527558,Phrase,1
12.466806,10.073673,Phrase,1
10.664888,11.753214,Phrase,0
7.8640075,9.791989,Phrase,2
11.413007,12.955425,Phrase,2
9.234743,9.822785,Phrase,2
9.340678,11.148545,Phrase,0
11.831153,8.851367,Phrase,1
9.54431,9.179501,Phrase,2
12.908169,10.317276,Phrase,1
8.420719,11.193168,Phrase,2
11.434009,10.2480755,Phrase,1
8.360635,9.564241,Phrase,2
11.373367,12.829152,Phrase,0
10.460525,15.247795,Phrase,3
11.326081,12.8303795,Phrase,0
9.36648,11.06521,Phrase,2
11.523257,11.083711,Phrase,1
10.183476,13.221683,Phrase,0
10.438219,9.840911,Phrase,1
11.904364,9.767947,Phrase,2
12.347965,12.265525,Phrase,1
9.243492,10.916049,Phrase,0
9.514134,15.443705,Phrase,3
12.47482,11.262445,Phrase,1
10.722825,10.3667345,Phrase,1
12.243607,11.461111,Phrase,0
10.462982,8.3425255,Phrase,0
10.895808,11.497998,Phrase,0
11.080421,13.225301,Phrase,0
11.180918,12.564084,Phrase,0
10.268755,13.88151,Phrase,0
12.532188,12.062981,Phrase,1
7.899436,9.526452,Phrase,2
8.208237,10.143485,Phrase,2
8.40323,10.859721,Phrase,2
9.797391,14.931949,Phrase,3
10.454188,13.301386,Phrase,0
12.463013,10.739483,Phrase,1
11.05503,12.282779,Phrase,0
12.246766,10.451098,Phrase,2
8.923105,15.514271,Phrase,3
9.515491,12.095643,Phrase,0
9.119762,11.324487,Phrase,0
11.261293,10.439009,Phrase,1
8.777735,10.620551,Phrase,2
12.458023,10.169471,Phrase,1
12.826177,10.528324,Phrase,1
8.819359,9.348967,Phrase,2
8.136369,9.850702,Phrase,2
10.986745,14.002397,Phrase,0
11.193397,12.36671,Phrase,0
9.557068,11.848306,Phrase,0
8.357296,10.089877,Phrase,2
10.573993,12.686434,Phrase,1
10.394461,11.007169,Phrase,2
9.527212,12.402547,Phrase,2
8.082793,9.716917,Phrase,2
11.057143,12.496186,Phrase,0
9.718137,11.134627,Phrase,0
10.416961,13.517323,Phrase,3
9.222248,11.947033,Phrase,2
10.513536,13.381103,Phrase,0
11.150758,12.223137,Phrase,2
8.797171,15.428076,Phrase,3
9.767752,8.198132,Phrase,2
8.420328,9.505094,Phrase,2
9.401016,13.691864,Phrase,1
10.351701,10.60985,Phrase,2
11.724067,11.0437355,Phrase,0
11.636842,8.583971,Phrase,1
10.690178,10.981836,Phrase,1
9.724642,11.983731,Phrase,0
9.693492,11.693298,Phrase,2
9.397558,14.942462,Phrase,3
7.6934886,11.948725,Phrase,2
9.921043,12.454146,Phrase,0
9.044859,9.757136,Phrase,2
9.905369,14.863942,Phrase,3
10.412113,11.398251,Phrase,0
9.760902,10.63945,Phrase,2
11.000028,9.997003,Phrase,0
11.833059,11.945375,Phrase,0
9.870217,9.945873,Phrase,2
11.018294,12.142331,Phrase,0
12.514588,10.05347,Phrase,1
8.943757,10.375244,Phrase,2
12.099021,9.892422,Phrase,1
10.080546,11.654584,Phrase,0
10.649399,10.849507,Phrase,0
9.249674,13.922915,Phrase,3
10.227981,13.6731615,Phrase,0
11.614162,12.399667,Phrase,0
11.527184,11.643564,Phrase,0
11.112708,13.249404,Phrase,3
10.37772,12.489362,Phrase,0
10.29966,15.505911,Phrase,3
9.490011,15.202492,Phrase,3
10.16957,14.611275,Phrase,3
9.314319,12.455541,Phrase,0
10.184351,13.817709,Phrase,2
11.080963,9.907971,Phrase,0
11.091681,11.399221,Phrase,0
7.1943016,8.8148985,Phrase,1
7.4460754,8.773903,Phrase,1
10.437332,13.518311,Phrase,0
10.46772,14.6753025,Phrase,3
11.0223055,12.333782,Phrase,1
9.935436,15.279874,Phrase,3
-6.069882,7.6129193,Phrase,1
8.839276,10.76886,Phrase,2
10.842805,9.975139,Phrase,2
9.677202,14.703601,Phrase,3
11.156019,12.700882,Phrase,0
9.856224,14.622326,Phrase,3
10.045714,11.25186,Phrase,1
9.576761,13.7398205,Phrase,3
9.060525,15.5576105,Phrase,3
10.044774,15.171128,Phrase,3
10.461743,12.154766,Phrase,2
8.456463,8.902313,Phrase,2
11.653638,11.781074,Phrase,1
12.880173,10.516876,Phrase,0
11.3654995,10.033335,Phrase,1
8.834324,9.461761,Phrase,2
11.808745,14.165634,Phrase,3
9.75082,11.55517,Phrase,0
10.170003,11.036293,Phrase,0
10.159008,13.844773,Phrase,3
11.186162,11.144471,Phrase,0
9.348512,9.348243,Phrase,2
11.484854,12.332779,Phrase,0
10.071761,10.217714,Phrase,2
9.461868,12.236458,Phrase,2
10.571376,14.288724,Phrase,3
10.622406,11.89761,Phrase,0
11.364362,11.91398,Phrase,0
9.996436,13.7295885,Phrase,0
12.946887,11.417092,Phrase,1
11.3209095,11.351846,Phrase,0
11.016749,12.320529,Phrase,0
9.76226,9.628309,Phrase,2
10.379324,12.465758,Phrase,0
10.517285,9.797172,Phrase,1
10.55116,11.032381,Phrase,1
9.239604,12.863841,Phrase,0
10.420163,15.33063,Phrase,3
12.558506,11.69035,Phrase,2
12.390805,10.04494,Phrase,1
12.716624,10.580114,Phrase,0
11.128795,11.636614,Phrase,0
11.637108,11.807892,Phrase,0
9.821568,10.100013,Phrase,2
11.065005,6.945574,Phrase,2
11.054691,11.994072,Phrase,0
9.1424055,10.852233,Phrase,0
10.652852,9.573005,Phrase,2
9.899088,14.68888,Phrase,3
10.518897,13.474068,Phrase,1
10.778861,11.992335,Phrase,0
10.202519,14.023978,Phrase,0
9.55091,14.387467,Phrase,3
9.583731,11.487004,Phrase,2
10.926782,14.546137,Phrase,2
11.664598,12.214895,Phrase,0
9.753858,12.26228,Phrase,0
10.181853,10.4692545,Phrase,2
9.737158,11.37719,Phrase,0
11.05558,11.467379,Phrase,0
11.544233,9.867135,Phrase,2
10.506128,12.452321,Phrase,2
11.23198,11.068125,Phrase,2
10.320419,14.537665,Phrase,3
11.654916,12.560082,Phrase,2
10.205252,15.231201,Phrase,3
11.844545,10.343002,Phrase,1
10.343746,9.927953,Phrase,1
11.11147,11.902499,Phrase,0
10.774697,10.579719,Phrase,2
12.721281,11.362093,Phrase,1
11.901064,9.206537,Phrase,1
10.366089,13.508047,Phrase,0
10.229749,11.592613,Phrase,0
8.53865,9.313143,Phrase,2
7.750662,10.577475,Phrase,0
11.04011,11.807291,Phrase,0
10.38203,10.495136,Phrase,0
10.299707,12.8614,Phrase,0
11.410445,12.706976,Phrase,1
9.249002,10.894784,Phrase,0
11.159766,11.595809,Phrase,2
10.256446,10.450254,Phrase,2
10.131382,10.470167,Phrase,2
10.223116,15.1035595,Phrase,3
10.308696,11.697265,Phrase,0
12.092616,13.812345,Phrase,0
8.472374,10.701567,Phrase,2
10.561478,9.519128,Phrase,2
9.44743,12.405341,Phrase,0
9.698985,15.21397,Phrase,3
8.744975,8.371136,Phrase,0
9.732774,9.799568,Phrase,2
9.196648,12.258038,Phrase,2
11.096654,10.62091,Phrase,1
8.895271,10.594132,Phrase,2
10.917955,11.508272,Phrase,0
8.298985,9.175756,Phrase,2
11.351824,10.884323,Phrase,0
10.31966,11.170872,Phrase,2
10.774958,12.435295,Phrase,0
10.819178,10.450532,Phrase,1
10.847657,10.884207,Phrase,0
10.296043,9.424616,Phrase,2
12.0554495,9.1207485,Phrase,1
9.431803,15.072876,Phrase,3
11.234157,10.765456,Phrase,1
10.501282,13.587637,Phrase,1
10.047032,13.722444,Phrase,3
8.929265,10.675776,Phrase,2
12.388567,9.908171,Phrase,1
9.287418,10.459036,Phrase,2
10.572899,12.6052475,Phrase,0
12.601132,10.19424,Phrase,1
9.548012,11.910482,Phrase,0
9.836367,12.975144,Phrase,0
11.92308,12.839549,Phrase,2
10.588066,15.363182,Phrase,3
12.108997,10.560372,Phrase,1
12.367041,10.01283,Phrase,1
9.381912,14.068523,Phrase,3
10.645105,11.443355,Phrase,2
10.829936,9.823798,Phrase,1
12.269688,9.601888,Phrase,1
9.081991,10.955398,Phrase,0
11.723443,10.0294485,Phrase,1
9.524038,9.17466,Phrase,2
9.006005,15.544408,Phrase,3
10.029382,10.014254,Phrase,2
10.257902,14.654377,Phrase,3
9.895601,12.795182,Phrase,2
7.990034,10.766974,Phrase,2
10.333992,15.593727,Phrase,3
9.366971,10.367041,Phrase,2
8.687647,8.412596,Phrase,1
10.826125,12.395379,Phrase,0
12.066703,9.131265,Phrase,1
12.789891,11.721033,Phrase,2
10.390643,12.268057,Phrase,0
10.56317,12.50572,Phrase,0
11.318233,10.8425455,Phrase,1
10.493569,12.311361,Phrase,0
11.057994,9.356174,Phrase,0
8.910833,15.383689,Phrase,3
10.545872,11.020527,Phrase,2
9.608744,12.81024,Phrase,0
10.0725,11.368298,Phrase,2
10.230942,10.017746,Phrase,0
7.806783,8.632284,Phrase,0
10.179386,13.045415,Phrase,0
9.8335495,11.088575,Phrase,2
11.942564,14.084056,Phrase,1
10.370665,12.453342,Phrase,0
9.251797,15.0315895,Phrase,3
9.706845,11.067057,Phrase,0
11.875865,11.625505,Phrase,1
10.592498,10.161529,Phrase,1
10.179344,14.10191,Phrase,3
10.7624035,11.96548,Phrase,0
8.775891,8.368413,Phrase,1
11.679606,12.400172,Phrase,0
10.070629,14.243346,Phrase,3
9.992747,10.591506,Phrase,2
10.343385,14.61512,Phrase,3
12.111589,12.149643,Phrase,0
7.992072,8.63451,Phrase,2
10.780493,12.133339,Phrase,0
10.696171,10.605336,Phrase,0
8.780778,11.051183,Phrase,2
9.397027,15.080985,Phrase,3
10.17365,10.73447,Phrase,2
10.980126,13.386195,Phrase,2
9.844228,13.416617,Phrase,0
9.7963,13.2003765,Phrase,2
10.399511,14.753065,Phrase,3
8.857787,12.231426,Phrase,0
10.821115,10.318522,Phrase,0
11.941197,11.677725,Phrase,2
11.5123205,10.837271,Phrase,0
9.812,9.696923,Phrase,0
11.170299,12.627202,Phrase,0
11.4714575,14.200958,Phrase,2
9.94266,8.723997,Phrase,2
9.8702965,10.905105,Phrase,0
9.601511,9.225287,Phrase,2
10.897251,12.602995,Phrase,0
10.079229,14.355951,Phrase,3
16.257397,9.666071,Phrase,2
12.280806,10.792951,Phrase,1
9.723655,11.246018,Phrase,2
9.900621,12.187181,Phrase,0
9.838406,13.87443,Phrase,0
9.6782875,9.775433,Phrase,2
10.489814,13.150025,Phrase,2
9.186882,12.003922,Phrase,2
11.269856,12.366372,Phrase,1
11.425688,10.910573,Phrase,0
9.6570635,15.283031,Phrase,3
9.886969,10.208331,Phrase,2
11.223187,13.076052,Phrase,0
10.078903,11.535478,Phrase,0
6.850081,10.922787,Phrase,2
12.4296875,10.620789,Phrase,1
11.5995455,8.612779,Phrase,1
11.512097,11.242009,Phrase,0
9.474709,9.204169,Phrase,2
7.5832896,10.075894,Phrase,2
10.759277,11.134,Phrase,0
9.829195,14.294959,Phrase,3
9.530052,9.243436,Phrase,2
10.242551,10.204977,Phrase,0
11.430102,12.811214,Phrase,1
10.9756,13.7828665,Phrase,0
12.913544,11.87176,Phrase,1
10.849383,11.286798,Phrase,1
9.680101,11.097965,Phrase,2
8.910215,9.854373,Phrase,2
9.961105,13.946873,Phrase,0
10.389264,15.314765,Phrase,3
9.630734,10.667921,Phrase,2
11.168433,10.477144,Phrase,0
10.14767,9.907671,Phrase,0
9.869843,10.254303,Phrase,1
7.782048,8.956108,Phrase,1
10.191886,15.29768,Phrase,3
10.038065,13.667096,Phrase,2
10.78548,11.462565,Phrase,0
11.904809,9.191916,Phrase,1
9.538495,9.202444,Phrase,2
9.461134,15.738278,Phrase,3
9.521639,15.702878,Phrase,3
10.228838,12.274474,Phrase,0
10.518781,12.563478,Phrase,0
10.1578045,11.677694,Phrase,0
11.902001,12.280458,Phrase,0
11.341361,8.260498,Phrase,2
9.026557,15.154738,Phrase,3
10.493853,14.984101,Phrase,3
11.556353,10.350663,Phrase,0
10.822897,11.323644,Phrase,0
9.726647,15.488978,Phrase,3
10.334853,11.410172,Phrase,0
11.66,7.805997,Phrase,0
10.905208,11.048464,Phrase,2
10.368155,14.315394,Phrase,3
9.682615,9.304983,Phrase,1
10.501171,15.384876,Phrase,3
11.205441,9.899799,Phrase,1
9.7683935,12.632305,Phrase,0
10.259823,10.003322,Phrase,2
10.468969,14.089826,Phrase,0
10.691324,12.108405,Phrase,0
9.753494,9.828963,Phrase,2
9.578301,15.370376,Phrase,3
7.3296294,12.4927845,Phrase,3
12.098451,12.496883,Phrase,1
10.042333,12.31363,Phrase,0
9.79918,10.351105,Phrase,2
11.558372,13.240119,Phrase,0
11.4249525,13.111562,Phrase,0
11.049239,12.463433,Phrase,0
9.301232,9.634665,Phrase,2
10.33556,11.129754,Phrase,0
10.193458,10.717053,Phrase,0
9.707225,13.456461,Phrase,0
9.907266,15.636326,Phrase,3
10.209429,15.238067,Phrase,3
9.005005,9.732766,Phrase,2
10.219206,15.213094,Phrase,3
9.826945,14.378266,Phrase,3
9.685732,14.633274,Phrase,3
11.743023,14.127739,Phrase,2
10.36353,12.696342,Phrase,0
7.441644,10.384166,Phrase,2
11.6285095,11.044863,Phrase,0
10.630039,12.996826,Phrase,2
9.104565,9.816533,Phrase,2
9.919046,10.702871,Phrase,1
10.416202,12.015922,Phrase,2
10.961593,11.247916,Phrase,0
10.732758,11.522342,Phrase,2
10.524845,7.7032986,Phrase,2
11.278884,8.868439,Phrase,1
10.715129,12.255584,Phrase,0
11.928237,11.335318,Phrase,0
9.84211,9.345613,Phrase,2
11.245683,10.460708,Phrase,1
9.002481,10.461235,Phrase,2
9.129383,11.11036,Phrase,2
8.100516,9.452859,Phrase,2
12.333553,9.957748,Phrase,1
9.949817,14.49557,Phrase,3
10.195591,13.534638,Phrase,0
8.925205,10.596865,Phrase,2
10.401667,10.176065,Phrase,2
10.240509,13.266534,Phrase,0
11.184967,11.996337,Phrase,2
10.088004,12.861288,Phrase,0
10.739703,11.561738,Phrase,0
9.579225,10.387153,Phrase,2
11.493638,12.20055,Phrase,0
10.836014,11.791033,Phrase,0
9.726378,14.542738,Phrase,3
9.685701,14.681819,Phrase,3
10.595869,13.547621,Phrase,3
10.319558,10.483227,Phrase,1
11.975472,9.983527,Phrase,1
10.434175,8.23226,Phrase,2
11.382361,9.970455,Phrase,1
10.966789,10.779836,Phrase,0
10.238296,13.3178625,Phrase,0
11.605695,12.925481,Phrase,1
9.307678,15.044375,Phrase,3
9.690873,9.196258,Phrase,1
10.6236725,15.033345,Phrase,3
9.330054,10.102876,Phrase,2
12.413691,9.937277,Phrase,1
9.15089,10.887106,Phrase,2
9.928524,14.983357,Phrase,3
10.343663,10.434152,Phrase,2
10.069217,13.830886,Phrase,3
12.157151,10.751581,Phrase,1
10.559628,14.633839,Phrase,3
9.450407,15.522409,Phrase,3
12.234363,11.784086,Phrase,0
9.273437,15.347428,Phrase,3
10.104666,9.90796,Phrase,0
11.60871,12.758023,Phrase,0
10.352226,11.188806,Phrase,0
9.199115,13.862833,Phrase,0
8.984644,10.024239,Phrase,2
9.611645,12.637434,Phrase,0
9.040743,10.401455,Phrase,2
11.906155,11.771351,Phrase,1
8.2691,9.922253,Phrase,2
12.008739,13.643836,Phrase,0
10.839987,10.998635,Phrase,1
10.108022,15.202714,Phrase,3
9.790551,15.180262,Phrase,3
12.536269,10.074122,Phrase,1
12.816059,11.857953,Phrase,1
10.500018,9.774077,Phrase,2
11.221146,10.226333,Phrase,2
9.362393,15.64105,Phrase,3
11.440096,7.6025243,Phrase,0
9.504158,12.725977,Phrase,1
9.687418,10.98489,Phrase,2
10.117384,11.0004,Phrase,2
11.134572,13.320932,Phrase,3
9.593732,15.587323,Phrase,3
10.488299,11.5352545,Phrase,0
9.788338,11.41531,Phrase,2
8.861828,9.876304,Phrase,2
11.229228,12.213536,Phrase,0
10.274618,9.648456,Phrase,2
10.39991,13.817325,Phrase,3
11.317809,12.040275,Phrase,0
7.976129,9.86064,Phrase,2
10.340324,10.997379,Phrase,0
8.662446,9.314628,Phrase,2
11.596927,10.473752,Phrase,2
10.82822,11.328844,Phrase,1
11.783569,10.626515,Phrase,1
9.32844,12.593829,Phrase,3
11.995139,11.615604,Phrase,2
12.430878,10.030996,Phrase,1
10.682852,10.270059,Phrase,0
10.064641,10.559804,Phrase,2
9.348363,15.651086,Phrase,3
12.165082,13.332146,Phrase,0
9.812424,11.015951,Phrase,2
11.24874,9.778256,Phrase,2
10.88973,12.594474,Phrase,0
9.695912,15.57457,Phrase,3
9.964304,14.873108,Phrase,3
12.000258,9.844344,Phrase,1
10.343709,11.393082,Phrase,0
10.392393,10.182452,Phrase,2
11.49481,14.2263,Phrase,3
12.2812395,10.331565,Phrase,1
7.4349933,8.751193,Phrase,1
10.591462,14.938391,Phrase,3
10.263749,10.988438,Phrase,0
7.2388244,8.111766,Phrase,1
11.985232,12.569134,Phrase,1
11.199544,12.689493,Phrase,0
9.702629,10.562694,Phrase,2
12.0493355,12.501926,Phrase,1
12.3491125,11.734085,Phrase,1
7.654105,8.554197,Phrase,1
11.454282,11.13851,Phrase,1
9.985984,12.420577,Phrase,0
11.281936,11.194306,Phrase,1
11.196649,11.528143,Phrase,0
7.385024,8.6063595,Phrase,1
9.965497,9.576171,Phrase,2
6.9329686,10.885118,Phrase,2
8.94588,9.952148,Phrase,0
9.682145,9.152736,Phrase,1
7.6071777,8.477196,Phrase,2
12.300784,13.795694,Phrase,1
10.893344,10.687423,Phrase,0
10.726886,9.388548,Phrase,2
10.56007,11.121167,Phrase,1
12.480301,9.90259,Phrase,1
9.9669895,8.579721,Phrase,2
9.482603,9.298144,Phrase,2
12.43977,10.069386,Phrase,1
8.763899,15.174652,Phrase,3
9.990257,10.514598,Phrase,2
12.399214,11.402467,Phrase,0
10.821976,10.213395,Phrase,1
9.35517,14.635843,Phrase,3
10.368996,13.725043,Phrase,1
10.817032,8.538988,Phrase,2
10.748985,11.775456,Phrase,0
11.777108,12.67183,Phrase,0
9.008285,10.625685,Phrase,2
11.885298,10.734479,Phrase,1
12.30031,10.445004,Phrase,1
10.023636,14.91673,Phrase,3
9.255374,9.776546,Phrase,2
10.007694,13.468489,Phrase,2
9.55958,15.478405,Phrase,3
11.289412,12.046541,Phrase,0
9.631925,9.530598,Phrase,2
8.788513,8.521944,Phrase,1
10.476401,8.735565,Phrase,0
10.220372,13.034407,Phrase,2
10.349573,9.5765295,Phrase,1
11.693768,12.288528,Phrase,0
10.250619,15.114867,Phrase,3
9.567857,15.498143,Phrase,3
10.8526945,12.175987,Phrase,0
7.5646725,10.049482,Phrase,2
9.124312,10.439589,Phrase,0
12.14878,10.514699,Phrase,1
7.334678,12.050944,Phrase,2
10.352465,13.1489315,Phrase,0
10.398885,9.931447,Phrase,0
10.133535,14.028678,Phrase,3
9.508933,10.76778,Phrase,0
10.828344,11.303744,Phrase,1
10.345418,12.715571,Phrase,0
9.108162,13.673489,Phrase,2
9.275003,11.93645,Phrase,1
10.951813,12.510026,Phrase,0
9.512005,15.664916,Phrase,3
10.946721,9.342446,Phrase,0
11.211526,9.188185,Phrase,1
10.127701,15.260081,Phrase,3
10.29132,10.350413,Phrase,0
7.749145,8.48161,Phrase,1
10.580909,11.133507,Phrase,0
10.942234,10.811629,Phrase,0
8.882018,9.59167,Phrase,2
8.930387,12.951702,Phrase,2
11.574139,11.250316,Phrase,0
10.343998,11.630011,Phrase,0
9.219025,9.919544,Phrase,2
10.330729,12.190137,Phrase,2
8.899361,10.219934,Phrase,2
11.161712,11.335371,Phrase,0
10.28507,13.60472,Phrase,3
10.44422,12.455828,Phrase,0
12.130989,11.710482,Phrase,1
9.462689,9.349067,Phrase,2
10.708826,10.922999,Phrase,0
10.252668,13.455689,Phrase,0
12.030747,11.6387825,Phrase,0
10.744776,11.427422,Phrase,0
11.503324,12.059114,Phrase,0
9.557533,15.531145,Phrase,3
9.460771,15.645105,Phrase,3
10.187631,14.337178,Phrase,3
9.735995,13.047125,Phrase,2
8.183226,8.302665,Phrase,2
10.695334,8.301889,Phrase,0
9.019559,15.559344,Phrase,3
12.061762,11.851473,Phrase,0
10.9551525,11.963802,Phrase,0
14.759334,7.1909604,Phrase,1
10.186058,15.316419,Phrase,3
10.190737,15.189702,Phrase,3
8.845163,10.827977,Phrase,2
9.971105,10.774279,Phrase,2
9.988237,10.194342,Phrase,2
11.367636,10.186709,Phrase,1
11.775762,12.696344,Phrase,1
11.546054,9.364976,Phrase,1
10.328544,15.056241,Phrase,3
8.210852,8.291847,Phrase,2
10.922564,12.367422,Phrase,0
10.130943,9.565416,Phrase,1
8.43035,10.881711,Phrase,2
12.616347,10.041652,Phrase,1
10.615147,13.58573,Phrase,1
11.145119,10.489006,Phrase,2
11.066322,6.972215,Phrase,0
10.348605,11.948191,Phrase,0
12.229423,13.493286,Phrase,3
9.237897,15.35516,Phrase,3
10.967161,12.542129,Phrase,0
11.027091,10.713129,Phrase,2
10.843378,10.077317,Phrase,1
10.221405,13.208611,Phrase,0
9.90676,14.870813,Phrase,3
11.198547,10.703299,Phrase,2
11.185507,10.32941,Phrase,0
9.291397,15.24068,Phrase,3
10.003543,13.6123085,Phrase,0
10.686501,14.605225,Phrase,3
11.709455,11.705682,Phrase,1
9.380257,12.991242,Phrase,0
10.183088,11.92647,Phrase,0
11.349199,9.103025,Phrase,0
17.257647,11.113421,Phrase,1
10.07427,11.605619,Phrase,1
9.785089,10.262352,Phrase,2
8.602274,10.046084,Phrase,2
10.170983,10.302618,Phrase,2
9.373948,14.985571,Phrase,3
11.678359,11.847613,Phrase,0
9.935229,14.704347,Phrase,3
7.4735336,9.40688,Phrase,2
9.659569,9.133235,Phrase,2
7.554615,8.541013,Phrase,1
10.261657,12.900794,Phrase,1
9.88653,5.9492993,Phrase,1
11.377508,9.632599,Phrase,0
10.021467,14.999548,Phrase,3
10.97484,13.938811,Phrase,3
11.426364,11.1755295,Phrase,1
10.393631,11.158298,Phrase,1
11.401763,11.030641,Phrase,0
8.408738,8.677391,Phrase,1
11.516094,9.078894,Phrase,1
10.360479,11.946201,Phrase,0
11.463835,12.879952,Phrase,0
8.7452345,10.686869,Phrase,2
10.12,13.44089,Phrase,0
11.187598,10.771562,Phrase,1
9.607069,11.635779,Phrase,0
8.468029,9.088901,Phrase,2
7.875682,9.324752,Phrase,1
10.707204,9.259923,Phrase,1
9.197339,12.410851,Phrase,2
10.996407,9.348188,Phrase,2
8.035185,10.0918865,Phrase,2
10.788272,10.493638,Phrase,0
12.225062,13.112178,Phrase,2
9.370042,14.405828,Phrase,3
12.169211,11.623454,Phrase,0
10.860346,11.917308,Phrase,1
9.544322,12.270016,Phrase,2
10.014949,10.82349,Phrase,2
12.110111,12.386343,Phrase,0
11.254659,11.021702,Phrase,1
9.600952,9.073026,Phrase,2
8.356271,9.783428,Phrase,2
11.23109,10.890325,Phrase,2
9.013966,10.020127,Phrase,2
10.137555,15.219256,Phrase,3
10.389474,15.402883,Phrase,3
10.124223,9.650179,Phrase,1
10.467257,14.3636675,Phrase,3
9.962467,10.865758,Phrase,2
9.568117,9.488154,Phrase,2
10.235998,11.339307,Phrase,2
10.600352,11.553088,Phrase,0
9.874535,11.676389,Phrase,2
10.682238,11.371399,Phrase,0
9.861771,11.335275,Phrase,0
9.903874,14.932526,Phrase,3
11.356051,9.61046,Phrase,1
10.956067,13.954588,Phrase,3
8.057475,9.663556,Phrase,2
11.161388,10.4090605,Phrase,1
9.767706,15.36306,Phrase,3
11.466759,11.366737,Phrase,0
11.669907,12.745033,Phrase,1
10.710566,12.030348,Phrase,0
10.034958,13.855697,Phrase,0
12.807901,8.145067,Phrase,0
10.47998,11.200842,Phrase,0
9.442862,10.334678,Phrase,2
11.669904,10.553851,Phrase,1
10.368197,10.690933,Phrase,0
10.766925,12.013722,Phrase,0
10.961954,12.549531,Phrase,0
11.252082,13.527108,Phrase,2
10.14003,14.58596,Phrase,3
9.707363,11.864925,Phrase,2
12.396027,9.932981,Phrase,1
9.670606,10.526732,Phrase,2
9.497419,10.62579,Phrase,2
17.2574,11.11367,Phrase,1
9.77389,12.309743,Phrase,2
8.05983,8.447215,Phrase,1
10.549663,10.190252,Phrase,1
9.727783,11.215698,Phrase,2
10.627385,12.032917,Phrase,0
11.049215,9.490788,Phrase,1
9.603687,15.254987,Phrase,3
9.653471,10.936476,Phrase,2
10.783383,11.747589,Phrase,0
10.370511,12.958099,Phrase,3
10.279451,14.61723,Phrase,3
11.377021,11.99184,Phrase,0
10.748179,11.056908,Phrase,2
10.1807995,10.735386,Phrase,1
9.932926,13.801432,Phrase,0
10.449367,12.505175,Phrase,0
10.855729,10.839074,Phrase,2
9.307194,11.61163,Phrase,2
10.494972,8.326863,Phrase,0
9.612646,11.72353,Phrase,0
11.528312,7.8555603,Phrase,2
11.100223,12.184943,Phrase,0
12.386821,10.035071,Phrase,1
8.690135,9.503166,Phrase,3
9.227243,15.248317,Phrase,3
10.971708,11.657458,Phrase,0
9.673137,11.3336,Phrase,2
10.714951,14.0931635,Phrase,0
9.44364,15.280597,Phrase,3
10.002177,13.967158,Phrase,0
10.521103,10.732084,Phrase,0
11.080959,11.369636,Phrase,0
10.2710085,10.456294,Phrase,2
9.673534,10.727447,Phrase,1
12.205579,10.540287,Phrase,1
11.141943,11.820567,Phrase,0
9.821987,12.965451,Phrase,0
9.630644,15.256615,Phrase,3
10.88464,9.103839,Phrase,0
8.5316725,8.287711,Phrase,1
10.107567,14.093683,Phrase,3
11.013918,9.940727,Phrase,0
9.683443,9.742692,Phrase,0
10.326567,12.780977,Phrase,0
11.885578,14.090585,Phrase,0
11.36659,11.764953,Phrase,0
10.446757,10.96229,Phrase,2
9.524816,9.607703,Phrase,2
8.181066,8.422042,Phrase,1
9.484,15.53752,Phrase,3
9.957295,9.343046,Phrase,3
10.095871,10.858831,Phrase,2
11.498728,10.375549,Phrase,0
10.751679,9.7627535,Phrase,1
10.374523,11.818545,Phrase,0
11.407748,11.50659,Phrase,2
8.827538,15.2430935,Phrase,3
9.461425,15.508399,Phrase,3
11.305155,8.958849,Phrase,2
11.201653,12.96162,Phrase,0
12.03887,12.709273,Phrase,1
10.505301,10.503725,Phrase,1
10.9587755,13.230499,Phrase,3
11.178534,12.865344,Phrase,0
9.901987,13.122402,Phrase,0
10.225048,13.916653,Phrase,2
10.658369,11.944004,Phrase,0
10.369857,12.225374,Phrase,0
9.379507,11.631249,Phrase,0
9.015238,10.3832655,Phrase,2
5.735269,5.51285,Phrase,1
9.173743,10.343173,Phrase,2
9.795738,11.070504,Phrase,2
9.759568,15.473091,Phrase,3
11.378471,10.861042,Phrase,2
10.006804,12.378252,Phrase,2
11.722008,11.64251,Phrase,0
11.394868,10.232382,Phrase,1
12.5614,10.742503,Phrase,1
10.204689,12.419871,Phrase,0
11.139134,11.589068,Phrase,0
9.902165,12.2184,Phrase,0
10.472064,13.086005,Phrase,1
9.506291,15.560982,Phrase,3
9.644767,9.559714,Phrase,0
9.979068,13.867922,Phrase,2
11.247061,10.490936,Phrase,2
7.441352,8.785732,Phrase,1
11.625196,12.893002,Phrase,0
11.575044,9.481183,Phrase,2
9.580936,10.593085,Phrase,0
9.425397,11.489397,Phrase,1
11.676107,12.367683,Phrase,0
10.96021,11.254561,Phrase,2
11.335796,10.888191,Phrase,1
9.966211,8.465215,Phrase,0
11.659862,12.834279,Phrase,2
8.948263,10.738625,Phrase,0
10.417179,13.604072,Phrase,0
10.310364,14.026724,Phrase,2
11.788636,12.063337,Phrase,0
9.340781,11.177188,Phrase,2
10.594658,10.472267,Phrase,2
10.980543,10.577722,Phrase,1
10.594653,10.729802,Phrase,1
9.91518,8.7318945,Phrase,2
9.623993,9.609119,Phrase,2
9.9991,13.268546,Phrase,0
11.265726,11.651008,Phrase,0
9.91245,10.05099,Phrase,2
9.205099,15.690788,Phrase,3
11.79582,10.845646,Phrase,0
10.178443,15.286883,Phrase,3
12.4114685,10.854122,Phrase,1
9.277182,14.268645,Phrase,3
10.755705,11.12357,Phrase,1
10.320417,10.2498,Phrase,1
10.579387,14.948641,Phrase,3
10.863884,11.766275,Phrase,1
10.161861,13.2572565,Phrase,0
9.651976,12.403872,Phrase,2
11.36699,9.897458,Phrase,1
11.32037,9.938943,Phrase,2
9.8629055,12.8639965,Phrase,0
9.721414,9.817953,Phrase,2
8.932933,11.097976,Phrase,2
11.264955,13.554058,Phrase,0
11.087405,8.073422,Phrase,0
10.948126,12.232052,Phrase,0
8.620627,15.148611,Phrase,0
8.857532,9.304309,Phrase,1
-6.071842,7.6114006,Phrase,1
9.747937,14.879724,Phrase,3
9.955492,7.296282,Phrase,0
9.071651,10.622229,Phrase,0
10.406295,13.621214,Phrase,0
12.816473,9.417698,Phrase,1
9.47246,15.369331,Phrase,3
10.364391,13.254657,Phrase,0
8.008903,9.965521,Phrase,2
10.24763,9.016467,Phrase,2
10.538756,14.441256,Phrase,3
11.489186,11.591658,Phrase,1
10.629662,12.629707,Phrase,0
10.113531,11.829095,Phrase,0
10.362304,13.012993,Phrase,0
8.893438,10.828813,Phrase,2
11.417211,11.39315,Phrase,0
12.324903,12.177373,Phrase,0
9.303908,9.556525,Phrase,2
9.984716,11.3714075,Phrase,2
8.507127,10.00144,Phrase,2
-6.069935,7.612961,Phrase,1
11.38538,12.818938,Phrase,0
10.135761,12.08708,Phrase,0
10.077764,10.332924,Phrase,2
7.675487,8.495305,Phrase,2
10.220749,14.562855,Phrase,3
11.036543,11.922817,Phrase,0
9.846069,10.758408,Phrase,2
11.232578,10.404952,Phrase,1
10.116568,10.752539,Phrase,0
8.671424,10.209033,Phrase,2
8.148165,9.197896,Phrase,2
9.695795,14.856557,Phrase,3
9.5076475,10.584616,Phrase,2
9.035289,15.62963,Phrase,3
11.703731,13.970453,Phrase,0
11.024457,13.077208,Phrase,0
10.7790365,8.75697,Phrase,0
10.128804,13.049097,Phrase,0
8.063539,8.228069,Phrase,2
9.957674,14.852939,Phrase,3
9.815382,13.877055,Phrase,2
10.395375,13.064722,Phrase,0
11.402848,12.503072,Phrase,2
9.351006,9.250976,Phrase,2
10.328958,11.675795,Phrase,0
8.434409,8.192036,Phrase,2
8.283717,10.936128,Phrase,2
10.125469,14.11412,Phrase,3
11.786987,11.116127,Phrase,1
11.110498,6.903621,Phrase,0
10.081341,9.898974,Phrase,2
8.948087,11.621313,Phrase,2
11.49064,12.807698,Phrase,1
8.689637,8.379034,Phrase,1
11.101028,6.9087677,Phrase,0
8.753764,10.713777,Phrase,2
9.026226,11.810157,Phrase,2
9.818969,10.800038,Phrase,0
10.723329,10.696918,Phrase,1
12.396031,12.506219,Phrase,1
10.857993,10.279473,Phrase,1
11.030544,12.724726,Phrase,0
12.637428,10.157325,Phrase,1
9.849878,9.714697,Phrase,2
10.761922,12.095228,Phrase,0
11.17898,11.5399685,Phrase,0
9.236153,10.494251,Phrase,2
9.673731,13.1454115,Phrase,0
9.551583,8.632548,Phrase,2
11.302057,12.467375,Phrase,0
9.439537,15.350375,Phrase,3
9.366557,9.146766,Phrase,2
9.997976,13.000304,Phrase,2
7.8340874,9.287281,Phrase,2
10.267663,11.583091,Phrase,0
11.425421,11.877762,Phrase,0
10.516407,11.129094,Phrase,0
10.207244,15.07897,Phrase,3
10.595075,10.068583,Phrase,1
12.681372,11.732981,Phrase,2
9.472688,11.004322,Phrase,0
10.796898,13.082248,Phrase,0
10.635244,8.355649,Phrase,0
10.713336,13.152894,Phrase,2
9.58993,13.513317,Phrase,0
9.7420025,13.503222,Phrase,0
9.904233,14.880815,Phrase,3
10.04119,12.8622465,Phrase,1
8.171403,10.377366,Phrase,2
9.70764,10.9223175,Phrase,0
10.004356,15.02023,Phrase,3
11.333595,12.154493,Phrase,0
10.797717,15.4613905,Phrase,2
9.2145815,10.296654,Phrase,2
11.421771,8.834146,Phrase,0
10.669963,12.891083,Phrase,0
11.113677,9.819736,Phrase,2
9.260874,10.285484,Phrase,2
12.810133,11.304499,Phrase,1
8.785425,8.48836,Phrase,1
9.327959,15.676281,Phrase,3
12.654174,12.474324,Phrase,1
10.914453,11.190914,Phrase,0
12.750812,9.461139,Phrase,1
10.293765,13.815614,Phrase,0
11.967458,11.731082,Phrase,0
11.700054,11.419893,Phrase,2
9.711488,13.369777,Phrase,0
10.207116,11.596038,Phrase,0
8.216822,9.892418,Phrase,2
10.779782,12.233727,Phrase,0
8.163094,9.866562,Phrase,2
9.694719,10.95245,Phrase,2
9.491563,11.829178,Phrase,2
8.072512,8.737686,Phrase,2
9.519173,12.007562,Phrase,2
9.680319,10.862598,Phrase,2
10.129701,10.346745,Phrase,2
9.858563,15.652576,Phrase,3
9.491461,10.174789,Phrase,2
10.678844,8.689788,Phrase,0
9.228103,10.729093,Phrase,0
9.426464,12.157102,Phrase,2
11.008424,8.454953,Phrase,0
9.413461,15.6748905,Phrase,3
10.266839,11.862342,Phrase,0
10.331729,15.19738,Phrase,3
11.628846,12.47175,Phrase,0
9.872816,11.956442,Phrase,0
11.812437,10.454675,Phrase,0
10.00045,14.309846,Phrase,3
8.114274,9.386542,Phrase,2
11.363507,9.40702,Phrase,1
8.971329,10.237068,Phrase,2
9.987874,12.520649,Phrase,2
9.079434,10.495608,Phrase,2
11.176428,11.03347,Phrase,0
11.092454,11.506631,Phrase,1
9.654006,13.840887,Phrase,0
11.431643,12.3987255,Phrase,0
9.8879795,5.948838,Phrase,1
10.551325,13.511436,Phrase,2
7.5797887,8.543849,Phrase,1
8.687632,10.667699,Phrase,2
9.811741,10.860712,Phrase,2
10.308829,9.949988,Phrase,2
10.385908,9.502467,Phrase,2
8.041179,9.859891,Phrase,2
10.689759,10.674963,Phrase,0
11.348674,9.412842,Phrase,2
7.224124,8.070592,Phrase,1
10.974154,13.868884,Phrase,0
14.759255,7.190936,Phrase,1
8.594496,12.5627775,Phrase,2
10.238967,12.545062,Phrase,0
9.139212,15.35048,Phrase,3
10.842219,10.608518,Phrase,0
10.055115,12.781149,Phrase,0
10.094069,12.326432,Phrase,2
13.549095,-2.9181411,Phrase,2
9.803511,13.099746,Phrase,2
10.1980915,14.86625,Phrase,3
10.52382,11.427711,Phrase,0
10.056618,7.63347,Phrase,0
8.987014,11.066994,Phrase,0
11.80547,10.226015,Phrase,1
11.613762,12.678894,Phrase,0
12.070095,9.141831,Phrase,1
9.889142,5.948215,Phrase,1
10.8772545,10.263698,Phrase,0
10.178956,12.672383,Phrase,0
10.70489,10.182087,Phrase,2
10.697688,10.708903,Phrase,2
10.965423,11.005882,Phrase,1
10.685687,11.631547,Phrase,0
11.117969,12.306712,Phrase,0
9.920824,11.226751,Phrase,0
10.974652,11.429831,Phrase,0
9.754865,14.486146,Phrase,3
8.371151,9.564114,Phrase,2
12.0350275,12.162626,Phrase,0
9.825492,15.628904,Phrase,3
12.403317,12.33542,Phrase,1
11.063722,6.9284644,Phrase,2
9.199087,10.407443,Phrase,2
10.522113,11.198523,Phrase,1
11.914656,10.679211,Phrase,1
10.145219,7.3439794,Phrase,2
10.482512,12.116932,Phrase,0
11.10416,9.6174135,Phrase,2
9.722971,10.816699,Phrase,2
8.400221,10.344374,Phrase,0
10.398157,10.0422125,Phrase,2
7.1523395,8.775729,Phrase,1
11.108932,12.696416,Phrase,0
10.252665,14.507356,Phrase,3
10.896118,11.774417,Phrase,1
10.206447,11.833344,Phrase,0
10.613668,12.819573,Phrase,0
9.998971,12.488979,Phrase,1
11.394538,12.069116,Phrase,0
10.418018,7.763303,Phrase,0
11.028015,9.958333,Phrase,1
9.744188,12.335617,Phrase,1
9.781128,12.701818,Phrase,2
10.25495,13.942405,Phrase,0
11.175527,11.045516,Phrase,0
10.254733,14.022645,Phrase,3
9.254055,14.607883,Phrase,3
10.486562,14.944415,Phrase,3
9.400787,11.6025,Phrase,1
11.137553,10.935331,Phrase,1
9.47267,9.61068,Phrase,2
8.805881,10.649901,Phrase,2
10.528891,12.795113,Phrase,0
8.886717,10.712647,Phrase,2
9.892527,13.158305,Phrase,0
9.191737,11.061881,Phrase,0
12.693658,10.18025,Phrase,1
8.40802,9.130342,Phrase,2
10.190247,13.438241,Phrase,2
11.122545,11.940454,Phrase,0
9.88164,15.254975,Phrase,3
11.078945,11.853778,Phrase,0
10.944278,12.476689,Phrase,0
10.105768,10.626888,Phrase,0
12.286264,10.783821,Phrase,1
10.341661,13.243988,Phrase,0
9.01897,15.618239,Phrase,3
9.998321,11.571366,Phrase,2
10.830569,9.245479,Phrase,0
10.1599655,15.23184,Phrase,3
14.7599945,7.190381,Phrase,1
9.487733,11.107984,Phrase,0
9.975987,14.9835615,Phrase,3
11.947576,12.099995,Phrase,0
11.107238,11.845546,Phrase,2
11.677497,14.249815,Phrase,3
8.52619,8.304436,Phrase,1
9.783143,14.990756,Phrase,3
10.930684,9.949692,Phrase,2
11.689911,12.9727545,Phrase,0
9.590825,14.386748,Phrase,3
8.46493,9.878381,Phrase,2
9.216516,14.882551,Phrase,3
9.909808,10.780916,Phrase,1
12.95689,11.401868,Phrase,1
12.317106,10.715835,Phrase,1
8.07884,9.567941,Phrase,2
10.398039,15.46297,Phrase,3
12.190079,10.560323,Phrase,1
11.413416,13.550627,Phrase,2
11.210226,12.618408,Phrase,0
9.006714,10.75655,Phrase,2
9.0738,10.414576,Phrase,2
10.100374,15.12163,Phrase,3
9.517451,10.3516865,Phrase,2
8.812741,9.851158,Phrase,2
12.169728,12.467109,Phrase,1
10.605367,12.239271,Phrase,0
11.464789,9.401315,Phrase,2
9.966471,14.966139,Phrase,3
10.323381,9.597798,Phrase,2
11.755419,12.261203,Phrase,0
7.6391287,8.54638,Phrase,1
11.051401,12.868472,Phrase,0
11.555903,13.732106,Phrase,0
9.353122,9.497644,Phrase,2
7.69856,11.048789,Phrase,2
11.664004,12.613123,Phrase,0
9.13313,9.641766,Phrase,2
10.967329,12.006666,Phrase,0
10.299325,13.24254,Phrase,0
8.893204,14.880982,Phrase,3
11.876969,9.200513,Phrase,1
11.149836,11.912061,Phrase,0
9.580242,13.744439,Phrase,0
10.439338,15.505246,Phrase,3
10.220829,12.77627,Phrase,1
17.262447,11.112265,Phrase,1
9.106938,15.5916815,Phrase,3
9.646062,11.08606,Phrase,0
9.922772,14.886171,Phrase,3
11.002045,13.794022,Phrase,0
8.872863,15.395343,Phrase,3
10.125488,10.039905,Phrase,2
12.487158,11.167111,Phrase,1
11.031339,10.400106,Phrase,0
11.867506,12.038241,Phrase,0
10.578364,15.4219055,Phrase,3
7.796839,8.456412,Phrase,1
11.832417,11.325771,Phrase,2
10.552572,12.179039,Phrase,0
10.55065,13.339013,Phrase,0
10.307757,14.532522,Phrase,3
9.650046,13.973807,Phrase,3
9.483449,15.533108,Phrase,3
8.445224,9.625162,Phrase,2
10.51411,10.24167,Phrase,2
9.281094,10.325223,Phrase,0
10.201962,9.423319,Phrase,2
11.655402,12.04455,Phrase,0
11.359292,12.144084,Phrase,0
11.660243,10.105674,Phrase,1
8.163957,11.976108,Phrase,2
11.395201,11.571043,Phrase,0
10.84139,13.745189,Phrase,0
10.445451,10.012969,Phrase,2
11.05256,8.950869,Phrase,0
8.722028,10.431751,Phrase,2
9.986197,13.779829,Phrase,2
10.9849825,11.874929,Phrase,0
9.746641,12.32138,Phrase,0
10.465698,12.377567,Phrase,2
10.614954,11.661259,Phrase,0
12.153798,10.161434,Phrase,1
12.445355,10.162418,Phrase,1
10.926611,14.637147,Phrase,3
10.90345,14.355969,Phrase,3
9.907699,9.623237,Phrase,2
9.526558,11.446775,Phrase,0
8.55469,9.359429,Phrase,2
11.173034,12.031628,Phrase,0
10.47497,12.154569,Phrase,0
10.34278,15.386076,Phrase,3
8.621882,10.708079,Phrase,2
10.368114,12.197539,Phrase,0
10.9049225,11.261398,Phrase,1
9.226371,9.559781,Phrase,2
9.560076,9.277955,Phrase,2
9.225268,11.037572,Phrase,2
9.96239,15.581481,Phrase,3
9.618913,12.5913725,Phrase,0
10.707307,13.361279,Phrase,0
11.635123,12.930657,Phrase,0
9.015015,10.98907,Phrase,2
12.897385,10.325317,Phrase,1
10.611422,13.883908,Phrase,0
12.2905445,12.4388275,Phrase,1
9.749729,14.628469,Phrase,3
9.497744,9.224608,Phrase,2
10.76052,10.859717,Phrase,2
9.939689,14.025762,Phrase,3
10.916265,11.737413,Phrase,2
8.565101,9.142768,Phrase,2
10.807032,11.00791,Phrase,0
10.234585,11.884148,Phrase,0
10.9497595,8.085143,Phrase,0
10.027957,12.398462,Phrase,0
8.694515,10.684999,Phrase,2
10.211861,13.661407,Phrase,0
10.984737,11.281754,Phrase,0
10.986681,8.202583,Phrase,0
9.386571,10.845119,Phrase,1
7.6650505,10.103496,Phrase,2
9.948642,15.2098465,Phrase,3
7.4848127,9.514143,Phrase,2
9.743028,15.481342,Phrase,3
11.867146,10.615182,Phrase,1
8.961931,9.152806,Phrase,2
11.528807,13.473429,Phrase,1
12.418176,9.941146,Phrase,1
10.237873,11.938468,Phrase,2
9.137941,12.840814,Phrase,0
10.575956,14.230709,Phrase,1
9.335947,15.617479,Phrase,3
9.127157,9.366758,Phrase,2
12.115264,10.996227,Phrase,1
9.5801115,9.141878,Phrase,2
10.149722,15.248035,Phrase,3
10.105465,11.846737,Phrase,0
9.647148,13.675533,Phrase,2
9.312262,15.384621,Phrase,3
10.664811,15.370889,Phrase,1
10.529897,11.433299,Phrase,0
11.243407,11.4068575,Phrase,2
11.314571,11.853244,Phrase,2
10.676389,11.278834,Phrase,2
12.034336,12.317438,Phrase,1
10.722891,12.634804,Phrase,0
10.44088,14.093747,Phrase,2
10.033369,15.031037,Phrase,3
9.9143305,14.3387165,Phrase,3
12.466787,9.967509,Phrase,1
9.8706,15.08496,Phrase,3
8.8210945,10.433331,Phrase,2
10.522354,11.552319,Phrase,1
12.857396,10.485278,Phrase,1
12.314805,9.882035,Phrase,1
9.485534,15.2538185,Phrase,3
9.988325,14.812564,Phrase,3
10.028162,11.911168,Phrase,0
11.609661,11.804346,Phrase,0
10.774601,12.048765,Phrase,0
10.18697,10.203767,Phrase,1
9.241669,9.8925705,Phrase,2
11.168157,11.765218,Phrase,0
9.885275,5.940767,Phrase,1
9.942041,12.995132,Phrase,0
9.778167,11.175964,Phrase,1
9.432762,9.789521,Phrase,2
10.675679,15.318758,Phrase,3
8.267568,8.39276,Phrase,2
10.013802,10.236908,Phrase,2
10.669774,12.785269,Phrase,0
11.33263,9.440876,Phrase,2
9.671997,11.040295,Phrase,3
10.188134,11.569749,Phrase,0
9.578073,9.205899,Phrase,2
9.336013,11.870988,Phrase,0
10.377814,11.187161,Phrase,2
9.445385,10.949774,Phrase,2
10.86531,11.921732,Phrase,0
9.501453,12.076313,Phrase,0
10.479351,10.032794,Phrase,0
9.320053,10.4315,Phrase,2
11.56563,10.513828,Phrase,0
9.795142,9.841214,Phrase,2
10.268028,10.753182,Phrase,0
10.545604,8.293604,Phrase,2
11.29704,10.42132,Phrase,1
7.5922804,10.011208,Phrase,2
8.877497,9.385741,Phrase,2
9.753825,15.693084,Phrase,3
9.362781,12.137963,Phrase,2
9.77184,13.69256,Phrase,3
9.868395,9.573154,Phrase,0
10.105571,10.26532,Phrase,2
9.841156,10.9428,Phrase,0
9.524279,11.812623,Phrase,1
9.892564,13.465678,Phrase,2
9.895172,11.422578,Phrase,0
10.836289,11.31002,Phrase,0
11.532206,13.216369,Phrase,0
10.083152,10.380308,Phrase,2
9.425299,9.440874,Phrase,2
10.210906,9.700286,Phrase,2
9.013311,15.725152,Phrase,3
9.66796,10.3783245,Phrase,2
12.417267,12.033999,Phrase,1
9.611677,15.593989,Phrase,3
9.854745,15.208654,Phrase,3
8.018241,9.710975,Phrase,2
8.932824,10.901419,Phrase,2
9.611643,15.618763,Phrase,3
11.687572,11.368667,Phrase,2
10.355966,14.313386,Phrase,3
11.478733,10.7833,Phrase,1
10.159005,13.493382,Phrase,0
8.396703,8.0227785,Phrase,1
7.8044567,8.426577,Phrase,1
10.88301,12.503857,Phrase,0
9.72216,12.034085,Phrase,2
9.404411,14.396249,Phrase,3
8.767598,10.422413,Phrase,2
11.495754,12.9071455,Phrase,0
9.390195,9.983676,Phrase,2
11.674638,9.7827215,Phrase,2
10.614565,12.496489,Phrase,0
11.2827425,9.475312,Phrase,1
8.3951025,9.636086,Phrase,2
11.440681,11.477304,Phrase,0
10.090862,15.336929,Phrase,3
8.2709875,10.343709,Phrase,2
9.688432,10.612332,Phrase,2
10.200487,12.273708,Phrase,0
7.747469,10.281261,Phrase,2
9.30034,10.685574,Phrase,2
10.1996,12.030615,Phrase,0
11.71802,13.856793,Phrase,2
10.187219,14.49613,Phrase,3
10.042708,14.122752,Phrase,3
10.24906,13.379135,Phrase,3
7.7434206,8.522599,Phrase,0
9.911711,11.77004,Phrase,2
8.408629,8.031705,Phrase,1
10.703871,13.530819,Phrase,0
9.688135,10.155152,Phrase,2
12.229712,10.227552,Phrase,1
7.8903956,9.732804,Phrase,2
9.557951,11.394781,Phrase,2
9.58218,9.159467,Phrase,2
8.452666,8.313528,Phrase,1
11.200912,11.3372555,Phrase,0
11.474609,12.610939,Phrase,2
11.756803,11.443875,Phrase,0
10.6114645,12.005971,Phrase,0
10.052441,11.331034,Phrase,2
12.558337,9.471271,Phrase,0
11.773438,13.04137,Phrase,0
12.437889,10.765781,Phrase,1
10.476801,12.551676,Phrase,0
10.148628,14.596987,Phrase,3
11.342619,9.892207,Phrase,0
9.625254,14.909869,Phrase,3
9.647878,15.305468,Phrase,3
10.276923,14.635973,Phrase,3
11.9695425,11.945111,Phrase,1
10.58864,12.5958805,Phrase,0
10.885778,11.332478,Phrase,0
9.702973,10.96811,Phrase,2
9.899007,13.699182,Phrase,3
9.397438,15.661027,Phrase,3
10.810786,13.369406,Phrase,0
10.986743,13.081723,Phrase,0
12.6467,10.175344,Phrase,1
11.52284,9.291983,Phrase,2
9.937848,11.126387,Phrase,0
8.408381,10.3553095,Phrase,2
8.373799,8.524364,Phrase,2
10.312329,10.360639,Phrase,2
10.641418,12.826474,Phrase,0
10.35873,11.792931,Phrase,0
9.839169,10.865884,Phrase,0
10.959562,10.540193,Phrase,1
9.386784,10.09939,Phrase,2
10.616212,13.650682,Phrase,0
9.635007,12.067204,Phrase,0
11.208572,9.136256,Phrase,2
11.834403,9.196532,Phrase,1
9.801273,9.433184,Phrase,2
8.470909,10.590711,Phrase,2
11.143115,9.937917,Phrase,1
10.668928,14.27925,Phrase,3
9.612548,13.162864,Phrase,0
10.503493,14.727102,Phrase,3
9.854954,11.367465,Phrase,1
10.7537,13.029763,Phrase,0
9.18123,14.976823,Phrase,3
11.789356,14.421917,Phrase,1
8.1753435,9.842605,Phrase,2
8.090707,9.590713,Phrase,2
9.73958,15.1396055,Phrase,3
10.338408,10.678871,Phrase,2
11.834935,12.73448,Phrase,2
10.868283,9.443524,Phrase,0
8.128367,8.677676,Phrase,2
10.374947,12.311443,Phrase,1
6.86888,10.929582,Phrase,2
10.143166,14.56093,Phrase,3
10.525973,10.646306,Phrase,2
11.721747,10.655754,Phrase,0
9.0987215,11.20215,Phrase,2
10.035361,14.887612,Phrase,3
8.420046,8.167414,Phrase,1
11.129242,10.448215,Phrase,1
10.046368,10.536551,Phrase,2
9.713553,11.505113,Phrase,2
8.366478,9.001857,Phrase,2
9.888128,5.9479456,Phrase,1
9.053166,10.791275,Phrase,2
11.112606,9.276041,Phrase,1
9.49233,15.414903,Phrase,3
9.495737,10.846741,Phrase,2
11.252473,14.743412,Phrase,1
11.65082,8.568005,Phrase,1
9.7603855,10.931013,Phrase,2
9.985188,8.779823,Phrase,2
10.910228,12.54637,Phrase,0
10.809291,12.628569,Phrase,0
11.709756,11.155385,Phrase,0
9.036799,10.852745,Phrase,2
9.452766,9.498317,Phrase,2
9.464051,9.404455,Phrase,2
6.6581993,8.88596,Phrase,2
9.938848,11.242825,Phrase,0
11.847222,11.822248,Phrase,2
9.677474,11.000029,Phrase,0
8.509706,10.95087,Phrase,2
11.411589,11.226324,Phrase,0
8.632364,9.636177,Phrase,2
9.837974,15.702885,Phrase,3
11.570905,12.712693,Phrase,0
12.077689,10.305229,Phrase,1
10.473026,12.729293,Phrase,0
9.529326,10.245593,Phrase,2
11.289272,12.168301,Phrase,0
8.404887,9.741087,Phrase,2
9.771639,13.125557,Phrase,0
9.051698,15.366447,Phrase,3
10.749552,11.10179,Phrase,2
11.947121,12.072785,Phrase,0
10.642911,9.892009,Phrase,1
10.078585,13.264053,Phrase,2
10.012239,10.092316,Phrase,0
12.422144,13.936485,Phrase,1
10.675881,13.36027,Phrase,1
10.627134,12.166694,Phrase,0
10.871283,11.196377,Phrase,0
10.425036,10.079889,Phrase,2
10.934622,12.159436,Phrase,0
9.962872,11.218625,Phrase,0
9.484289,9.313273,Phrase,2
10.574177,11.683952,Phrase,0
9.990538,10.909949,Phrase,2
8.868442,10.910171,Phrase,2
12.132001,11.407162,Phrase,1
11.356937,14.701802,Phrase,3
8.266719,10.89606,Phrase,2
9.447236,9.227168,Phrase,2
8.89801,15.461403,Phrase,3
9.7124,12.512972,Phrase,2
10.995221,9.384642,Phrase,1
8.984572,10.305084,Phrase,2
11.978104,11.468214,Phrase,0
8.387257,11.630502,Phrase,2
12.235036,9.934161,Phrase,1
9.654917,10.820242,Phrase,0
9.984422,11.403917,Phrase,0
12.1812,12.462177,Phrase,0
9.838429,11.798681,Phrase,0
9.819011,9.77437,Phrase,0
11.3516,11.337687,Phrase,0
9.749379,11.923453,Phrase,2
9.568478,15.427854,Phrase,3
10.558585,11.691572,Phrase,0
9.504047,15.169042,Phrase,3
10.131274,7.8361006,Phrase,2
11.826141,11.704554,Phrase,0
11.139417,11.315269,Phrase,2
9.729664,12.792048,Phrase,2
8.381695,10.401167,Phrase,2
10.461703,11.33457,Phrase,1
10.132677,14.886458,Phrase,3
7.8092775,10.314906,Phrase,2
9.96313,12.507594,Phrase,0
10.589292,10.701237,Phrase,1
9.979981,14.708599,Phrase,3
9.526528,15.208447,Phrase,3
10.761995,14.623004,Phrase,3
11.603341,12.902184,Phrase,1
10.4453335,13.502951,Phrase,0
10.482662,12.295436,Phrase,0
11.332622,12.427025,Phrase,0
9.864846,15.21983,Phrase,3
9.838132,10.919188,Phrase,1
9.448887,12.515673,Phrase,3
10.313695,11.454821,Phrase,0
12.753498,13.196547,Phrase,1
10.181519,10.804005,Phrase,2
9.486553,11.143508,Phrase,2
9.085217,15.393179,Phrase,3
10.299741,13.124603,Phrase,0
8.649581,8.704159,Phrase,2
11.001191,10.543161,Phrase,0
10.818952,11.890699,Phrase,0
10.463058,11.794866,Phrase,0
12.129644,13.440657,Phrase,2
9.92553,10.589317,Phrase,2
9.678578,14.78531,Phrase,3
10.377933,11.82122,Phrase,0
11.342795,10.035012,Phrase,1
11.107249,13.724025,Phrase,1
10.296828,15.054952,Phrase,3
9.593037,13.8723,Phrase,3
10.819484,12.34992,Phrase,0
10.49508,15.48845,Phrase,3
11.283894,11.540119,Phrase,0
12.145068,10.004495,Phrase,1
10.632166,14.3028,Phrase,1
6.575152,8.371108,Phrase,0
11.0173,12.273492,Phrase,0
12.362791,9.988646,Phrase,1
11.480094,11.447927,Phrase,1
11.112349,9.763918,Phrase,1
12.073794,12.077311,Phrase,0
9.853226,10.944879,Phrase,0
8.085886,10.137507,Phrase,2
9.628232,12.073242,Phrase,2
9.044464,14.138333,Phrase,3
9.624865,12.04457,Phrase,2
11.315679,9.334549,Phrase,2
8.463654,9.766036,Phrase,2
11.126537,12.683013,Phrase,0
10.082332,15.009939,Phrase,3
10.684106,11.325683,Phrase,0
9.38497,10.529878,Phrase,2
11.23352,12.392287,Phrase,0
9.363689,10.755946,Phrase,0
9.5688715,11.946801,Phrase,0
11.099429,6.918376,Phrase,0
9.426959,9.504998,Phrase,2
10.857126,10.635746,Phrase,0
9.387419,12.196201,Phrase,3
11.787849,12.865037,Phrase,2
9.02897,10.782071,Phrase,2
9.701113,11.419514,Phrase,1
8.006051,8.3831,Phrase,2
8.975149,8.619917,Phrase,2
10.333991,12.09564,Phrase,0
9.897939,14.297384,Phrase,3
10.5599575,12.368515,Phrase,0
9.07625,10.422691,Phrase,2
10.880545,10.864033,Phrase,0
10.407126,10.869909,Phrase,0
9.312282,13.012383,Phrase,0
10.965805,11.394002,Phrase,0
10.006763,13.866677,Phrase,3
11.570762,12.577322,Phrase,0
10.465058,12.8162365,Phrase,2
7.320718,8.96329,Phrase,1
8.943239,15.38882,Phrase,3
9.316625,15.64343,Phrase,3
8.652186,11.2476,Phrase,2
10.286755,13.240626,Phrase,0
10.016989,10.883557,Phrase,2
9.353754,13.539682,Phrase,3
10.432247,12.489587,Phrase,2
12.260242,9.95102,Phrase,1
9.122133,11.530201,Phrase,0
10.231214,13.393077,Phrase,0
10.273046,9.548511,Phrase,2
7.461727,9.439207,Phrase,2
10.31381,9.756414,Phrase,2
9.6019945,14.599961,Phrase,3
9.307538,14.913251,Phrase,3
9.856398,13.172238,Phrase,0
11.239718,12.900357,Phrase,0
11.078685,15.577744,Phrase,1
9.965487,14.733932,Phrase,3
11.004656,13.851572,Phrase,0
9.699612,13.372493,Phrase,3
9.033443,9.845947,Phrase,2
10.174389,13.277333,Phrase,2
12.783932,10.530009,Phrase,1
10.04834,7.9925265,Phrase,2
8.277685,10.721091,Phrase,2
10.058403,9.679057,Phrase,2
7.2037516,8.076688,Phrase,1
9.235436,15.601632,Phrase,3
11.825157,11.904655,Phrase,1
10.056306,15.238053,Phrase,3
7.7104163,8.532689,Phrase,1
9.868807,12.321337,Phrase,0
9.714071,11.491999,Phrase,2
6.937719,12.430774,Phrase,2
11.205502,13.601068,Phrase,1
11.097743,6.9168944,Phrase,0
11.059554,10.59207,Phrase,2
11.490535,13.139153,Phrase,2
10.0297,12.543269,Phrase,0
10.170032,13.586067,Phrase,2
16.144333,9.77297,Phrase,2
11.206356,9.144545,Phrase,2
8.135896,12.349887,Phrase,2
9.846542,11.29155,Phrase,2
9.125853,11.334931,Phrase,2
10.577232,11.321291,Phrase,0
9.695097,14.801681,Phrase,3
11.882102,12.1038,Phrase,0
12.358302,11.945294,Phrase,1
11.383586,11.515573,Phrase,0
9.743256,11.038092,Phrase,1
10.7482,11.412039,Phrase,0
9.011906,15.620385,Phrase,3
9.151357,15.027086,Phrase,3
10.971567,11.918404,Phrase,1
11.427548,11.154606,Phrase,1
10.477123,11.230053,Phrase,0
12.186517,11.218331,Phrase,2
10.160566,12.496903,Phrase,0
11.409043,10.646466,Phrase,1
10.61931,14.834406,Phrase,3
8.669378,10.568292,Phrase,2
11.285358,9.856123,Phrase,1
9.53146,9.680862,Phrase,2
10.845317,13.03518,Phrase,2
12.415106,13.713185,Phrase,2
7.214409,8.087025,Phrase,1
7.6729026,8.50794,Phrase,1
9.43983,9.713498,Phrase,2
12.531028,10.229248,Phrase,1
10.807658,10.655449,Phrase,1
10.525114,12.092273,Phrase,0
9.699035,14.501687,Phrase,3
10.327973,12.248483,Phrase,0
8.4994955,9.461246,Phrase,2
9.334109,13.751824,Phrase,1
10.679383,8.024477,Phrase,1
9.388882,9.557031,Phrase,2
9.837834,12.22725,Phrase,3
9.30516,13.367299,Phrase,3
12.443295,11.276601,Phrase,1
9.797422,12.447956,Phrase,2
9.064964,10.870756,Phrase,2
8.952269,10.3914385,Phrase,2
11.187056,11.224673,Phrase,0
7.701389,8.508187,Phrase,1
9.685864,9.617375,Phrase,2
9.462315,9.693279,Phrase,2
12.209765,10.28468,Phrase,2
11.852042,9.183057,Phrase,1
11.000424,10.791382,Phrase,1
9.577473,15.398859,Phrase,3
12.749746,13.188139,Phrase,1
9.853137,11.904758,Phrase,2
10.394263,11.479459,Phrase,0
7.1790266,14.4285345,Phrase,0
10.07016,13.056444,Phrase,0
9.630271,15.7429085,Phrase,3
9.640114,11.95701,Phrase,1
11.467849,11.237076,Phrase,0
8.977649,10.6617155,Phrase,0
8.883595,15.496806,Phrase,0
9.497868,9.640933,Phrase,2
10.695059,8.344273,Phrase,0
9.042688,10.794314,Phrase,0
10.787493,10.808842,Phrase,0
9.964225,14.887218,Phrase,3
7.400232,9.438062,Phrase,2
8.173483,9.6844,Phrase,2
10.099805,15.456924,Phrase,3
10.861798,14.258748,Phrase,0
11.075517,12.472565,Phrase,0
10.749797,13.535276,Phrase,0
9.933967,14.533935,Phrase,3
9.21267,11.8039875,Phrase,0
9.479062,14.030138,Phrase,3
9.597732,9.959771,Phrase,2
9.048867,15.487978,Phrase,3
9.267487,10.4450865,Phrase,2
10.984422,12.522337,Phrase,0
7.428049,8.766036,Phrase,1
11.118269,10.752881,Phrase,1
11.111009,6.917204,Phrase,0
11.249453,12.414266,Phrase,0
11.830904,10.243417,Phrase,0
8.760942,15.596255,Phrase,2
6.812505,9.137745,Phrase,2
11.086592,12.308987,Phrase,0
-6.0698113,7.6131177,Phrase,1
11.975782,10.738405,Phrase,0
10.049544,14.61533,Phrase,3
10.320178,14.165167,Phrase,2
11.092011,11.189602,Phrase,0
10.062909,13.338867,Phrase,0
10.695975,12.293424,Phrase,0
10.841624,8.087705,Phrase,0
11.866406,12.223706,Phrase,0
12.202072,10.233564,Phrase,1
9.940398,11.272274,Phrase,2
11.54574,14.084324,Phrase,0
9.340665,13.536946,Phrase,1
7.927341,10.118061,Phrase,2
9.4152975,12.57881,Phrase,0
10.7230215,13.362685,Phrase,2
9.08574,15.471485,Phrase,3
10.975198,10.04782,Phrase,0
11.643761,10.06023,Phrase,1
12.144462,10.636361,Phrase,1
11.767501,12.892009,Phrase,0
10.368668,10.586513,Phrase,1
10.713415,13.379378,Phrase,2
10.296499,15.03174,Phrase,3
11.800278,7.445838,Phrase,2
9.125211,11.186638,Phrase,2
9.182346,10.249053,Phrase,2
11.113473,10.943521,Phrase,0
9.897703,11.122473,Phrase,2
11.105891,6.9003663,Phrase,0
9.458069,10.434985,Phrase,2
7.460372,8.450206,Phrase,1
10.688063,11.236992,Phrase,0
12.238111,11.906352,Phrase,2
11.919766,10.295287,Phrase,1
9.897492,11.039263,Phrase,1
10.387393,12.640472,Phrase,0
8.443058,7.9985757,Phrase,1
10.940526,12.283783,Phrase,0
10.965613,10.547964,Phrase,0
9.754324,15.135599,Phrase,3
11.582987,12.085382,Phrase,1
9.947944,10.103019,Phrase,2
8.898936,15.329176,Phrase,3
9.47027,10.729487,Phrase,2
10.809418,11.48894,Phrase,0
10.3266535,15.317412,Phrase,3
8.806875,10.953187,Phrase,0
11.551059,11.819341,Phrase,0
9.95419,13.568154,Phrase,3
10.798594,13.64356,Phrase,0
11.2402315,11.1491585,Phrase,2
9.948102,14.849017,Phrase,3
10.303942,11.403582,Phrase,0
9.020184,10.6786375,Phrase,2
9.087667,14.940051,Phrase,3
9.898206,13.40852,Phrase,0
9.934653,15.530095,Phrase,2
10.518195,11.144479,Phrase,0
10.229137,14.820087,Phrase,3
10.18743,11.331761,Phrase,0
9.809075,15.486223,Phrase,3
9.978,11.579086,Phrase,0
9.73847,8.730064,Phrase,2
11.716834,12.42595,Phrase,1
10.991826,9.992726,Phrase,1
10.786637,12.407818,Phrase,0
11.151916,11.982618,Phrase,2
11.011321,10.755849,Phrase,1
9.198826,15.576571,Phrase,3
8.849664,15.656061,Phrase,1
10.21744,13.107258,Phrase,0
11.130074,10.884523,Phrase,1
11.433481,13.563022,Phrase,1
7.9989886,10.207816,Phrase,2
-6.069955,7.612945,Phrase,1
11.937272,11.567855,Phrase,0
8.400846,8.255618,Phrase,1
10.22151,9.759488,Phrase,2
9.688478,9.550794,Phrase,2
10.333058,13.348124,Phrase,0
10.961071,11.895733,Phrase,0
11.321571,9.636728,Phrase,2
7.961625,9.687366,Phrase,2
9.625001,13.082161,Phrase,0
12.169665,9.989634,Phrase,1
10.281992,11.641466,Phrase,1
7.9288754,9.436943,Phrase,2
10.622975,12.436949,Phrase,1
11.447815,12.209619,Phrase,0
10.238811,14.877817,Phrase,3
10.272873,12.704337,Phrase,0
11.014769,9.934058,Phrase,1
9.960304,9.983084,Phrase,2
9.790209,15.377924,Phrase,3
8.806273,10.561891,Phrase,0
12.134977,10.633492,Phrase,1
11.183102,13.524964,Phrase,0
10.253568,12.157465,Phrase,2
10.911104,13.03055,Phrase,0
7.710754,10.206007,Phrase,2
11.080962,10.607609,Phrase,1
9.806823,14.567564,Phrase,3
11.213588,12.548177,Phrase,2
10.393368,11.4300995,Phrase,0
9.352371,14.202397,Phrase,3
10.219534,13.155316,Phrase,0
10.972128,13.969131,Phrase,0
9.481384,10.567491,Phrase,2
10.998037,9.324785,Phrase,0
10.458602,7.8776007,Phrase,2
10.467599,11.153427,Phrase,0
10.557437,12.763428,Phrase,0
10.533189,14.31126,Phrase,3
7.9679856,8.450601,Phrase,2
11.265133,13.142458,Phrase,0
11.962502,10.031728,Phrase,2
10.5380745,14.570981,Phrase,3
7.4868793,8.758964,Phrase,1
10.545949,10.52965,Phrase,1
10.066272,11.192538,Phrase,1
11.972814,11.763023,Phrase,0
11.771994,11.671388,Phrase,0
11.781323,11.300166,Phrase,1
10.347524,12.853369,Phrase,0
8.419689,10.348263,Phrase,2
9.172654,11.123334,Phrase,2
9.77452,15.549813,Phrase,3
10.201775,10.340902,Phrase,2
10.783604,9.67609,Phrase,1
11.919648,12.387615,Phrase,1
9.721283,10.91202,Phrase,2
8.354585,9.49488,Phrase,2
12.200715,14.027853,Phrase,1
8.059159,9.783336,Phrase,2
9.108003,15.515681,Phrase,3
11.001018,7.013477,Phrase,0
9.925965,9.793116,Phrase,0
10.526056,11.087382,Phrase,0
9.26852,15.10852,Phrase,3
6.834474,9.1781645,Phrase,0
10.542378,9.105549,Phrase,2
10.412633,14.6189,Phrase,3
10.715577,11.082088,Phrase,1
11.055008,11.699727,Phrase,0
11.53034,11.392463,Phrase,0
7.5709977,8.076696,Phrase,2
9.615199,9.162781,Phrase,2
9.740269,13.008914,Phrase,2
11.254938,12.5998335,Phrase,0
9.532149,11.968023,Phrase,1
8.722245,10.900545,Phrase,2
8.276444,8.530661,Phrase,2
10.871453,12.100848,Phrase,0
10.1988125,15.366605,Phrase,3
9.579201,10.94831,Phrase,0
9.839174,12.640306,Phrase,1
10.340742,14.240534,Phrase,3
7.455009,8.67424,Phrase,2
9.857185,8.154982,Phrase,0
11.335067,12.94532,Phrase,0
11.94718,10.516754,Phrase,1
9.270769,12.629072,Phrase,2
8.980431,9.972851,Phrase,2
9.926443,12.148492,Phrase,0
12.001434,12.294968,Phrase,1
11.043759,11.34808,Phrase,2
9.433234,15.534684,Phrase,3
10.047892,10.618989,Phrase,0
9.784949,14.765151,Phrase,3
9.161136,9.777981,Phrase,2
10.464355,13.068117,Phrase,2
10.623364,8.33783,Phrase,2
12.1580515,10.931301,Phrase,1
11.107852,11.138732,Phrase,0
9.625058,10.985546,Phrase,0
9.465909,10.533783,Phrase,2
11.59904,9.506295,Phrase,2
12.408671,13.850158,Phrase,1
10.717617,10.3609495,Phrase,0
9.396469,15.2579775,Phrase,3
9.837529,15.51608,Phrase,3
9.227433,10.807946,Phrase,0
10.061273,14.59191,Phrase,3
7.682081,9.851141,Phrase,2
8.879176,11.918454,Phrase,2
9.700723,14.519272,Phrase,3
9.860048,11.460134,Phrase,2
10.983117,12.639622,Phrase,1
10.333822,13.319077,Phrase,2
12.384276,9.952985,Phrase,1
11.74601,11.243555,Phrase,1
9.045787,15.299228,Phrase,3
11.218585,10.243426,Phrase,1
10.763079,14.115378,Phrase,3
11.121882,12.795943,Phrase,0
11.930032,14.046626,Phrase,1
11.290611,13.603597,Phrase,3
11.387567,12.566938,Phrase,0
11.715444,12.760251,Phrase,1
7.8235874,10.322047,Phrase,2
9.007924,10.322235,Phrase,2
9.739861,12.192771,Phrase,2
9.909481,14.984853,Phrase,3
9.664277,9.172406,Phrase,1
9.0411415,12.622215,Phrase,2
7.129622,8.775787,Phrase,1
9.940278,15.078428,Phrase,3
10.71277,10.433956,Phrase,2
9.933086,13.283364,Phrase,0
9.8507395,15.003717,Phrase,3
9.559017,10.795555,Phrase,2
9.939072,11.193965,Phrase,0
9.341574,11.233665,Phrase,1
10.241256,15.437951,Phrase,3
9.078372,10.592458,Phrase,2
11.604952,12.819968,Phrase,0
7.835813,11.096538,Phrase,2
10.26558,10.677392,Phrase,2
10.903351,11.856672,Phrase,0
11.560052,11.464514,Phrase,0
9.478087,9.825994,Phrase,2
9.686507,11.706908,Phrase,2
12.5177145,9.926525,Phrase,1
10.544796,11.739571,Phrase,0
11.68983,10.625993,Phrase,0
8.987113,11.697517,Phrase,0
10.379041,13.511243,Phrase,0
11.738819,12.1163225,Phrase,0
11.193093,11.447252,Phrase,0
9.568978,11.854498,Phrase,2
8.179391,9.524929,Phrase,2
10.164132,12.906144,Phrase,0
8.5829525,9.294798,Phrase,0
10.473197,13.083619,Phrase,2
11.621973,13.284487,Phrase,1
11.171702,12.141156,Phrase,0
12.926257,10.308648,Phrase,1
12.069065,10.295048,Phrase,1
9.964727,9.778848,Phrase,2
10.878547,10.440361,Phrase,2
10.1983385,11.25813,Phrase,2
10.819663,11.360162,Phrase,0
8.376288,10.716729,Phrase,2
9.512282,9.768021,Phrase,2
11.070444,10.412043,Phrase,1
9.175462,14.769385,Phrase,3
10.415945,10.690632,Phrase,0
10.543854,11.936719,Phrase,0
10.196497,14.3009,Phrase,3
11.126289,9.047444,Phrase,1
9.24779,11.085322,Phrase,1
11.118783,14.186343,Phrase,3
9.404779,9.379861,Phrase,2
10.18154,14.789854,Phrase,3
10.37954,13.931479,Phrase,3
8.746965,9.082522,Phrase,2
7.942396,9.999573,Phrase,2
9.323476,12.124626,Phrase,0
7.6353354,8.550962,Phrase,1
9.918114,11.3697195,Phrase,2
9.211905,9.370885,Phrase,2
10.88777,11.229155,Phrase,0
10.050475,13.483435,Phrase,2
9.768437,10.617535,Phrase,2
9.707392,14.997959,Phrase,3
10.981566,11.9724045,Phrase,0
9.877725,14.165746,Phrase,3
9.817568,14.895718,Phrase,3
9.494271,9.672332,Phrase,2
9.732449,11.676734,Phrase,0
10.5965,9.531032,Phrase,2
9.830098,11.807079,Phrase,2
10.907388,11.387535,Phrase,1
10.962051,9.848178,Phrase,2
10.643711,8.579816,Phrase,0
11.256833,12.471139,Phrase,0
8.979545,10.068055,Phrase,2
8.031431,8.734928,Phrase,2
7.935347,9.9816065,Phrase,2
8.539532,9.856889,Phrase,0
10.494895,10.988126,Phrase,0
9.950223,12.788909,Phrase,0
11.220828,11.688252,Phrase,1
10.1661625,12.017677,Phrase,0
8.796257,10.595183,Phrase,2
7.602651,8.500687,Phrase,1
11.201156,10.515632,Phrase,1
10.744205,11.588745,Phrase,1
9.788528,14.751172,Phrase,3
9.51784,14.338186,Phrase,3
9.4564295,12.658749,Phrase,3
8.82061,10.95637,Phrase,2
9.816635,11.20638,Phrase,0
11.474231,11.446295,Phrase,0
11.466222,11.386727,Phrase,0
10.300629,14.575296,Phrase,3
11.650828,12.074575,Phrase,0
11.085331,6.8959036,Phrase,0
9.693927,12.69889,Phrase,2
10.867594,12.384991,Phrase,0
9.541896,9.217465,Phrase,2
10.575633,12.144407,Phrase,2
9.585493,11.85501,Phrase,2
10.636792,11.340931,Phrase,0
9.854239,9.676324,Phrase,2
10.696532,12.562581,Phrase,0
11.689396,11.982324,Phrase,1
9.694028,9.260291,Phrase,2
9.692519,10.218739,Phrase,2
9.181129,9.214738,Phrase,2
12.291433,11.670777,Phrase,1
11.545859,11.016538,Phrase,1
10.466891,13.330578,Phrase,0
11.129448,13.683864,Phrase,0
10.405232,11.329797,Phrase,0
12.253546,10.33217,Phrase,1
11.9735565,11.043302,Phrase,1
11.21181,11.178412,Phrase,0
9.283576,10.844078,Phrase,2
10.559806,9.988828,Phrase,2
9.770452,12.823011,Phrase,2
9.247024,14.913109,Phrase,3
8.9331455,10.515189,Phrase,2
11.064451,12.343479,Phrase,0
10.641945,10.727134,Phrase,1
10.289272,13.992049,Phrase,2
9.414694,12.750527,Phrase,0
9.354876,9.864962,Phrase,0
9.854914,14.139084,Phrase,3
9.623444,15.372225,Phrase,3
9.433483,14.107506,Phrase,3
11.269807,10.781896,Phrase,0
9.349855,12.740435,Phrase,0
11.862857,12.801282,Phrase,1
10.155243,12.812895,Phrase,1
11.298843,9.047312,Phrase,1
10.215591,11.72689,Phrase,0
11.020461,7.300815,Phrase,0
9.902616,14.86597,Phrase,3
12.127167,11.036403,Phrase,1
10.0800905,7.953159,Phrase,0
9.824445,10.9664135,Phrase,0
10.25616,14.645342,Phrase,3
8.87872,11.176678,Phrase,2
10.5419445,11.4138775,Phrase,0
10.453145,11.863818,Phrase,0
12.0449505,10.343763,Phrase,1
10.017237,15.430221,Phrase,3
8.259387,11.113552,Phrase,2
9.761751,11.299343,Phrase,1
9.582227,14.077464,Phrase,3
9.164527,10.85744,Phrase,0
9.950206,10.183519,Phrase,2
7.5326123,8.623943,Phrase,2
9.590578,10.488857,Phrase,0
10.078801,12.833821,Phrase,2
9.566211,11.251363,Phrase,0
11.253793,14.716947,Phrase,3
10.496445,10.997981,Phrase,1
9.059439,10.481475,Phrase,2
10.556633,11.350474,Phrase,2
11.438831,12.1624,Phrase,0
9.439546,10.825623,Phrase,2
9.12214,14.923324,Phrase,3
9.494082,12.239532,Phrase,3
10.259054,10.150294,Phrase,2
9.815722,12.046019,Phrase,2
11.438082,11.714196,Phrase,1
11.153114,11.560722,Phrase,0
10.394468,13.278034,Phrase,0
8.255124,8.611927,Phrase,2
10.314954,13.548532,Phrase,0
12.772923,8.948268,Phrase,0
10.849386,12.319131,Phrase,0
9.29949,15.266319,Phrase,3
11.267964,11.436026,Phrase,0
8.527806,8.238098,Phrase,1
10.141583,15.077291,Phrase,3
11.208422,9.212839,Phrase,2
8.253708,8.379641,Phrase,1
12.864056,10.473606,Phrase,1
10.154952,10.29055,Phrase,2
9.880276,13.379097,Phrase,3
10.594804,12.563262,Phrase,0
10.05135,14.674892,Phrase,3
12.401736,11.297566,Phrase,1
9.972221,14.674499,Phrase,3
9.879314,12.6223135,Phrase,1
8.724684,9.171727,Phrase,2
11.111148,10.925142,Phrase,0
10.2316475,12.260466,Phrase,0
9.559499,14.972956,Phrase,3
9.340862,15.526755,Phrase,3
10.498966,10.036864,Phrase,1
10.697129,11.193667,Phrase,0
10.28072,9.432244,Phrase,2
11.725061,10.590786,Phrase,1
7.620687,8.941151,Phrase,2
11.357546,11.724853,Phrase,0
11.226473,12.27233,Phrase,0
12.423376,11.992751,Phrase,1
9.370161,9.196465,Phrase,2
10.300472,14.853472,Phrase,3
8.436012,10.659817,Phrase,2
9.695094,12.7660885,Phrase,1
10.408416,8.909258,Phrase,0
9.544754,12.207968,Phrase,2
11.437767,10.902184,Phrase,1
10.6363945,13.341115,Phrase,1
10.794106,11.656966,Phrase,0
8.451735,9.906608,Phrase,0
9.993332,13.579299,Phrase,0
10.171391,11.125547,Phrase,2
7.7053986,8.443784,Phrase,2
10.431986,13.37334,Phrase,0
11.642397,9.793352,Phrase,1
10.420562,13.34875,Phrase,0
10.084397,10.434815,Phrase,2
11.554667,12.516224,Phrase,0
10.022254,11.172488,Phrase,1
9.795358,13.677509,Phrase,0
9.987512,10.900193,Phrase,0
10.079475,13.14348,Phrase,2
8.995604,10.698243,Phrase,0
10.487488,11.748985,Phrase,0
8.866963,8.447542,Phrase,1
7.9489894,9.854697,Phrase,2
11.697261,11.938425,Phrase,0
11.293607,10.245305,Phrase,1
12.763091,9.464846,Phrase,1
8.255809,8.611236,Phrase,2
10.498783,14.521305,Phrase,3
9.743654,9.771671,Phrase,0
9.955846,14.829666,Phrase,3
11.422754,13.038479,Phrase,0
12.278494,12.4129,Phrase,1
11.979167,12.194834,Phrase,0
11.026623,13.137857,Phrase,0
11.815631,10.279003,Phrase,1
9.690061,11.357801,Phrase,2
8.377839,9.13354,Phrase,2
9.701165,11.29568,Phrase,2
11.549674,9.38274,Phrase,1
8.478635,9.677635,Phrase,2
10.41583,12.571722,Phrase,0
8.371259,9.603437,Phrase,2
10.046923,11.344048,Phrase,2
10.730243,11.621576,Phrase,2
10.617296,10.583528,Phrase,1
9.981039,10.794149,Phrase,0
8.761327,11.051926,Phrase,0
9.698393,11.86212,Phrase,2
9.05071,10.511364,Phrase,2
11.328453,11.921213,Phrase,0
10.964266,11.706774,Phrase,0
11.123059,11.80557,Phrase,0
9.407879,10.653213,Phrase,2
11.011393,11.463823,Phrase,0
10.296006,14.702613,Phrase,3
9.421937,14.799934,Phrase,3
11.091084,11.1290045,Phrase,0
9.674072,12.289859,Phrase,1
10.404898,14.090768,Phrase,3
9.694889,15.238705,Phrase,3
9.673233,9.16176,Phrase,2
9.473173,10.930851,Phrase,1
11.145158,9.824878,Phrase,2
8.936971,10.206107,Phrase,2
8.793642,10.539358,Phrase,2
11.102776,12.382008,Phrase,0
8.284122,10.276504,Phrase,2
10.558967,12.067587,Phrase,0
10.827892,12.827797,Phrase,1
10.212252,11.265496,Phrase,0
11.130949,11.695085,Phrase,0
11.461958,12.368237,Phrase,0
10.286693,12.01523,Phrase,0
10.42372,15.477117,Phrase,3
10.337301,10.578342,Phrase,1
9.835582,15.075104,Phrase,3
10.730433,10.39811,Phrase,2
10.238011,14.395571,Phrase,3
11.681167,7.8492393,Phrase,0
11.550082,11.303997,Phrase,0
11.237171,11.620221,Phrase,0
10.777648,12.236252,Phrase,0
9.92433,15.571736,Phrase,3
12.088214,12.367338,Phrase,0
11.114477,6.9080453,Phrase,0
11.116993,6.8912406,Phrase,0
10.854035,11.040042,Phrase,2
10.4759865,13.279187,Phrase,0
9.580364,10.312157,Phrase,2
7.785812,8.437473,Phrase,1
12.4813795,9.923,Phrase,1
9.476465,9.443516,Phrase,2
9.443104,11.961037,Phrase,2
10.437913,8.402928,Phrase,0
9.557711,11.870299,Phrase,0
9.520305,15.459969,Phrase,3
9.515589,11.528726,Phrase,0
10.069732,15.509336,Phrase,3
9.966537,13.297554,Phrase,0
9.619703,14.088825,Phrase,3
9.393183,15.370304,Phrase,3
12.984068,11.387684,Phrase,1
9.089498,10.680473,Phrase,2
7.6960745,8.886938,Phrase,2
10.037858,15.215247,Phrase,2
10.338398,14.615764,Phrase,3
10.53021,9.307087,Phrase,2
10.040563,10.203362,Phrase,2
9.516747,10.504553,Phrase,0
9.891824,12.989001,Phrase,0
10.270907,13.071732,Phrase,1
11.343056,12.740282,Phrase,0
10.64263,14.469016,Phrase,3
10.371487,11.984231,Phrase,0
10.060498,10.9772835,Phrase,0
8.552187,10.417797,Phrase,2
9.861701,12.941904,Phrase,0
11.315298,12.13024,Phrase,0
8.591787,11.50692,Phrase,2
9.454059,11.9441395,Phrase,2
9.928343,10.075714,Phrase,2
8.7739315,9.003158,Phrase,2
9.888056,5.9451933,Phrase,1
10.027684,10.146314,Phrase,2
10.126271,15.437573,Phrase,3
10.395985,12.345776,Phrase,0
9.787864,15.03527,Phrase,3
11.851152,10.440426,Phrase,0
10.271936,13.68951,Phrase,3
9.373344,9.579261,Phrase,2
11.070989,13.412061,Phrase,1
10.310629,11.799525,Phrase,0
12.167947,11.682559,Phrase,1
11.455502,10.977174,Phrase,1
8.196626,10.188473,Phrase,2
9.335843,15.160803,Phrase,3
10.833586,11.686461,Phrase,0
11.760421,11.32491,Phrase,2
10.121805,13.527306,Phrase,0
10.030244,9.547906,Phrase,2
9.843651,10.457875,Phrase,2
9.61924,15.456195,Phrase,3
9.119794,10.894811,Phrase,2
10.054555,7.875132,Phrase,2
11.312148,12.257328,Phrase,0
11.126359,12.548647,Phrase,0
10.334518,10.80762,Phrase,2
11.220624,10.687919,Phrase,0
12.286495,10.063636,Phrase,1
9.265552,15.0817,Phrase,3
12.251867,11.021327,Phrase,1
9.887863,5.9471335,Phrase,1
10.030791,15.665042,Phrase,3
10.464408,8.345998,Phrase,0
11.116009,12.548402,Phrase,0
11.056545,12.223906,Phrase,0
11.616591,11.774738,Phrase,0
8.683864,12.088321,Phrase,0
10.702575,11.620827,Phrase,0
9.216146,11.347596,Phrase,2
12.70677,11.481086,Phrase,1
11.852032,7.2177305,Phrase,0
10.121932,10.6632185,Phrase,2
9.049863,14.720703,Phrase,3
10.6113825,11.042502,Phrase,0
12.285278,12.32956,Phrase,1
9.365829,9.244371,Phrase,2
11.214432,12.8749895,Phrase,0
11.075057,12.757389,Phrase,0
8.772149,10.400473,Phrase,2
9.508665,15.070734,Phrase,3
8.358105,8.288083,Phrase,1
11.565474,14.226601,Phrase,3
10.216438,12.170601,Phrase,2
10.861529,13.353713,Phrase,0
8.69438,12.3849325,Phrase,0
12.438195,10.02104,Phrase,1
11.00786,12.950923,Phrase,0
10.798031,12.504314,Phrase,0
10.648354,12.226891,Phrase,2
12.055239,9.130894,Phrase,1
9.174004,15.559978,Phrase,3
11.064199,12.005994,Phrase,0
9.031928,15.626261,Phrase,3
11.275448,13.575077,Phrase,0
11.275857,10.71258,Phrase,0
10.012197,12.440085,Phrase,0
12.220466,11.366838,Phrase,1
12.43778,9.97153,Phrase,1
12.030981,12.650863,Phrase,1
12.23388,12.31885,Phrase,1
9.609884,9.466758,Phrase,1
9.808044,10.761217,Phrase,2
11.432859,10.162396,Phrase,0
11.903443,10.5883255,Phrase,0
11.003576,11.741137,Phrase,0
7.612151,10.079736,Phrase,2
9.921862,11.928436,Phrase,0
10.40474,13.494266,Phrase,0
12.080651,14.09588,Phrase,1
11.408012,12.893835,Phrase,0
10.735018,15.301748,Phrase,3
9.7121935,12.125534,Phrase,0
11.9698305,13.250059,Phrase,0
9.59813,11.567581,Phrase,0
9.748153,15.34129,Phrase,3
9.279103,11.939631,Phrase,0
9.839714,11.981743,Phrase,1
11.489527,12.47975,Phrase,0
12.309298,10.638916,Phrase,1
9.60236,15.081006,Phrase,3
10.780369,9.627996,Phrase,2
10.797555,12.321166,Phrase,0
12.519033,9.970718,Phrase,1
12.370169,10.863161,Phrase,0
11.297595,9.067452,Phrase,1
10.263398,13.530602,Phrase,0
12.1699705,10.988057,Phrase,1
10.813812,13.53211,Phrase,0
12.157908,10.304338,Phrase,1
8.484255,8.062209,Phrase,1
10.000205,11.204084,Phrase,1
11.817444,13.960312,Phrase,1
11.036752,9.528305,Phrase,2
10.009696,14.996921,Phrase,3
9.480582,13.2687435,Phrase,0
9.374855,11.022848,Phrase,2
9.579093,15.032216,Phrase,3
11.011295,12.044842,Phrase,1
11.20369,10.195767,Phrase,2
9.036311,15.525656,Phrase,3
11.599118,8.6120405,Phrase,1
9.559516,9.224996,Phrase,2
11.561901,11.894407,Phrase,0
10.319176,10.53597,Phrase,0
10.5159025,11.551146,Phrase,0
10.378177,10.332982,Phrase,2
10.864082,11.173152,Phrase,2
10.154625,14.847165,Phrase,3
10.660003,14.117811,Phrase,3
9.220275,11.037467,Phrase,2
11.122963,6.8806806,Phrase,2
11.325662,11.73151,Phrase,0
10.458847,11.915305,Phrase,0
11.3109865,10.194389,Phrase,2
10.375706,9.20238,Phrase,2
11.007125,9.317343,Phrase,1
8.251265,9.927269,Phrase,2
10.531505,13.404764,Phrase,2
11.071986,6.93307,Phrase,0
10.572487,12.542771,Phrase,0
7.571117,23.542667,Phrase,2
7.288714,8.344305,Phrase,1
11.562333,12.451497,Phrase,0
9.671653,13.120765,Phrase,0
10.017789,12.881812,Phrase,0
11.0532055,11.689785,Phrase,0
9.71459,11.857387,Phrase,0
8.097489,8.43497,Phrase,1
11.440913,10.18553,Phrase,1
9.788626,14.663598,Phrase,3
9.001252,10.472305,Phrase,2
8.082505,9.526889,Phrase,2
10.352003,10.500829,Phrase,0
10.372451,11.959873,Phrase,0
10.481448,8.345032,Phrase,0
9.5123415,12.552017,Phrase,0
10.294247,15.29831,Phrase,3
10.022821,9.84489,Phrase,0
11.738096,10.883964,Phrase,0
10.157641,11.076474,Phrase,1
11.867678,13.625416,Phrase,1
9.987563,10.658949,Phrase,2
9.902816,14.754754,Phrase,3
11.226442,10.538467,Phrase,1
9.362999,15.068108,Phrase,3
11.347239,10.65963,Phrase,2
9.867564,8.786953,Phrase,1
10.255334,14.699915,Phrase,3
9.7923155,9.23604,Phrase,2
11.763935,12.440351,Phrase,0
9.099615,10.678573,Phrase,2
8.282536,8.618637,Phrase,2
9.396603,10.11151,Phrase,0
10.305833,8.82005,Phrase,2
11.276705,11.414551,Phrase,0
9.721428,9.209719,Phrase,2
10.69697,8.4072075,Phrase,2
8.802289,9.779008,Phrase,2
7.2295485,8.107999,Phrase,1
10.241336,10.289306,Phrase,2
9.513175,15.340674,Phrase,3
9.920323,10.764615,Phrase,2
11.805964,12.311037,Phrase,0
12.211458,9.938838,Phrase,1
11.766414,12.201066,Phrase,0
10.25041,11.607018,Phrase,2
9.854591,14.829463,Phrase,3
9.961584,10.210517,Phrase,2
10.223538,14.15679,Phrase,3
10.614087,11.264672,Phrase,0
10.817775,11.149707,Phrase,0
10.110561,10.478932,Phrase,2
10.311246,14.837742,Phrase,3
11.882733,10.980199,Phrase,1
10.718714,10.201663,Phrase,1
8.527917,9.562898,Phrase,2
11.278265,12.006058,Phrase,0
10.930609,14.571069,Phrase,3
10.249051,15.423055,Phrase,3
9.278747,12.100898,Phrase,0
12.592907,9.475688,Phrase,1
9.899106,11.596982,Phrase,0
10.648784,13.053065,Phrase,3
10.501657,13.633627,Phrase,1
8.721081,10.824109,Phrase,2
8.846742,15.444346,Phrase,3
10.777656,9.70129,Phrase,2
10.246965,14.334644,Phrase,3
12.680335,11.751037,Phrase,1
10.267989,13.977402,Phrase,1
9.536497,9.406107,Phrase,2
8.62826,9.414639,Phrase,2
9.3917265,15.567126,Phrase,3
10.278682,11.554884,Phrase,0
8.423942,12.71802,Phrase,2
10.333053,10.314541,Phrase,1
10.45006,10.671626,Phrase,0
10.094244,14.907732,Phrase,3
11.145276,12.506075,Phrase,0
9.747886,14.460578,Phrase,3
11.027403,11.897427,Phrase,0
8.997648,12.910113,Phrase,2
7.8267894,12.814766,Phrase,2
9.746544,12.203097,Phrase,2
9.336846,11.706073,Phrase,0
11.439042,12.1887,Phrase,0
9.765431,14.675132,Phrase,3
9.442208,11.178279,Phrase,2
10.515138,12.64037,Phrase,0
10.58401,9.522894,Phrase,2
11.039317,11.8918085,Phrase,0
9.071148,9.811014,Phrase,2
9.531958,13.358784,Phrase,0
10.296226,14.162474,Phrase,3
10.444638,11.093806,Phrase,2
11.566016,11.586308,Phrase,1
10.9771,12.7702265,Phrase,0
9.555854,10.858593,Phrase,2
-6.0805745,7.6036158,Phrase,1
10.489155,12.583274,Phrase,0
8.005731,9.96146,Phrase,2
9.695999,10.758901,Phrase,0
9.091694,12.474551,Phrase,0
11.637967,11.611495,Phrase,0
10.192231,13.911405,Phrase,3
8.8687,10.534374,Phrase,2
9.589981,11.813686,Phrase,0
10.863437,11.228781,Phrase,0
11.267237,12.537605,Phrase,0
10.090534,12.419915,Phrase,2
8.355276,9.677492,Phrase,2
9.012547,10.684072,Phrase,1
8.540738,14.538731,Phrase,3
9.960564,10.85734,Phrase,1
12.438801,13.852991,Phrase,1
10.96321,11.706068,Phrase,0
11.18455,10.828386,Phrase,2
10.36897,10.361984,Phrase,2
9.211244,10.965012,Phrase,2
9.029513,9.912376,Phrase,2
12.408842,9.894157,Phrase,1
10.194905,10.228445,Phrase,2
12.151403,10.936066,Phrase,1
12.408438,13.879022,Phrase,2
9.91158,13.019711,Phrase,3
11.598187,8.609306,Phrase,1
9.66831,15.044745,Phrase,3
11.4015875,8.845652,Phrase,1
10.5340395,11.867457,Phrase,0
10.151845,12.007269,Phrase,0
9.37546,13.144818,Phrase,0
9.564025,10.4092245,Phrase,2
9.077783,15.545953,Phrase,3
10.863836,10.77015,Phrase,2
12.797522,9.427106,Phrase,1
10.908085,11.289039,Phrase,1
12.025353,10.930186,Phrase,0
9.682091,12.668115,Phrase,0
11.4506645,11.334189,Phrase,0
11.245209,10.394461,Phrase,0
8.940078,15.4434185,Phrase,3
9.739998,12.839874,Phrase,1
9.331015,12.076156,Phrase,2
12.28884,10.74682,Phrase,1
9.419039,13.68901,Phrase,0
9.917768,14.809252,Phrase,3
9.168773,10.932296,Phrase,2
11.106203,6.9048853,Phrase,0
11.292228,12.13146,Phrase,0
9.750407,11.33029,Phrase,2
10.813113,8.3163805,Phrase,0
10.658937,9.5826645,Phrase,1
10.711346,12.21082,Phrase,2
9.625363,9.096716,Phrase,2
9.459603,10.967672,Phrase,2
9.206828,12.088543,Phrase,2
12.361354,13.912889,Phrase,1
11.404477,14.214745,Phrase,2
11.965711,11.2518425,Phrase,2
10.48498,12.706184,Phrase,0
10.0469475,13.832938,Phrase,2
10.876649,14.092307,Phrase,3
11.2314,12.449406,Phrase,0
8.512626,10.38712,Phrase,2
12.2641325,12.463412,Phrase,1
8.870565,15.387528,Phrase,3
11.211657,12.952018,Phrase,0
9.5014105,10.369944,Phrase,0
8.394624,8.067099,Phrase,2
9.62843,10.138959,Phrase,2
10.558562,13.585178,Phrase,3
9.847202,11.609837,Phrase,0
7.7862945,8.485514,Phrase,2
11.207579,12.589606,Phrase,0
9.474366,11.077633,Phrase,2
10.709865,11.65902,Phrase,0
9.996447,12.044553,Phrase,1
11.923893,10.923045,Phrase,1
8.780783,11.758948,Phrase,0
8.849053,9.890308,Phrase,2
12.80292,9.418471,Phrase,1
10.807883,12.098493,Phrase,0
9.074949,11.905191,Phrase,0
9.837943,9.609881,Phrase,2
8.723031,14.54587,Phrase,3
10.608548,14.52035,Phrase,3
11.452597,13.02216,Phrase,0
9.906247,11.075272,Phrase,2
10.376053,12.549941,Phrase,0
10.529425,11.077337,Phrase,1
9.291346,15.227475,Phrase,3
11.056399,11.501628,Phrase,2
10.345606,12.507335,Phrase,0
12.330181,13.920209,Phrase,1
11.370047,11.91123,Phrase,0
10.674652,8.561335,Phrase,0
12.077055,10.126273,Phrase,1
9.621958,15.209303,Phrase,3
10.476848,12.025555,Phrase,2
11.836365,12.037145,Phrase,0
10.47988,15.371268,Phrase,3
9.505574,15.613753,Phrase,3
11.659275,12.235836,Phrase,0
12.282885,10.514565,Phrase,1
10.072419,15.05191,Phrase,3
7.62176,10.098451,Phrase,2
11.408422,11.671973,Phrase,0
12.219191,8.595247,Phrase,0
10.937082,11.964722,Phrase,0
9.966384,15.139485,Phrase,3
10.21442,7.371014,Phrase,0
11.84343,11.728701,Phrase,0
7.8557405,8.421863,Phrase,1
9.039738,9.769718,Phrase,2
10.607094,12.288753,Phrase,0
9.15577,10.806817,Phrase,2
11.493688,11.520359,Phrase,0
7.6144786,10.008428,Phrase,2
10.94686,9.427046,Phrase,1
11.085851,13.784081,Phrase,2
10.795257,11.384692,Phrase,0
11.82009,13.560107,Phrase,0
8.581952,9.724425,Phrase,2
10.42372,11.366991,Phrase,2
11.323435,11.961889,Phrase,0
11.143775,12.324787,Phrase,0
8.479152,11.288529,Phrase,2
9.120686,11.53492,Phrase,0
9.089308,15.609789,Phrase,3
10.989053,12.304478,Phrase,0
9.083289,11.401284,Phrase,2
10.964712,9.338866,Phrase,1
10.310413,14.612076,Phrase,3
11.008624,11.205507,Phrase,1
11.301854,12.53728,Phrase,0
10.729962,11.925376,Phrase,2
7.680327,8.501104,Phrase,1
9.941361,9.915025,Phrase,0
12.779397,8.90616,Phrase,0
10.397417,10.8092575,Phrase,1
11.289152,13.560338,Phrase,1
12.807847,8.144904,Phrase,0
10.086012,12.871522,Phrase,2
9.799535,14.967655,Phrase,3
8.512653,9.740583,Phrase,2
10.347613,12.511628,Phrase,1
11.733133,11.625255,Phrase,1
10.080881,10.905001,Phrase,0
7.7175303,10.771681,Phrase,2
9.536344,13.481658,Phrase,0
11.239954,10.481969,Phrase,1
11.626912,12.242378,Phrase,0
9.722036,15.321924,Phrase,3
10.9928875,13.915066,Phrase,0
9.798046,14.814189,Phrase,3
10.601059,12.145994,Phrase,0
10.284343,10.565135,Phrase,2
9.333464,10.639181,Phrase,2
10.96222,9.307261,Phrase,1
9.270489,10.0108795,Phrase,2
9.97667,15.747069,Phrase,3
10.7909155,11.6434,Phrase,2
9.688228,9.98873,Phrase,2
11.67128,11.867895,Phrase,0
8.651652,10.645066,Phrase,2
9.029872,9.600628,Phrase,2
9.627737,9.15227,Phrase,2
11.646823,8.5819845,Phrase,1
10.593107,11.486068,Phrase,0
10.219192,11.893564,Phrase,0
9.441191,9.474362,Phrase,2
9.513473,12.24723,Phrase,2
10.13632,10.425515,Phrase,2
9.7879095,11.570551,Phrase,0
10.937984,12.08284,Phrase,2
10.129723,14.187711,Phrase,3
10.104608,13.140494,Phrase,0
8.116009,10.497668,Phrase,2
10.828372,12.071014,Phrase,0
9.013858,11.724405,Phrase,2
10.690469,12.08366,Phrase,2
12.077163,10.998195,Phrase,1
9.634797,9.12528,Phrase,2
10.441675,14.209752,Phrase,2
9.939081,10.977212,Phrase,0
10.596919,13.07956,Phrase,0
11.278425,13.518133,Phrase,0
10.695494,10.219518,Phrase,0
11.485768,10.346148,Phrase,1
8.923228,11.286862,Phrase,2
11.299492,12.470895,Phrase,0
10.738199,13.001406,Phrase,1
10.97358,9.348777,Phrase,2
11.123003,11.966205,Phrase,0
10.366449,13.265056,Phrase,0
9.610075,14.8843565,Phrase,3
12.871194,10.501103,Phrase,1
12.548443,10.042449,Phrase,1
6.9103174,10.937837,Phrase,2
9.848923,15.752081,Phrase,3
10.9965105,11.492623,Phrase,0
12.287045,10.031828,Phrase,1
10.3964815,9.5476,Phrase,1
10.51081,14.880473,Phrase,3
12.257424,13.824883,Phrase,2
11.771075,12.074036,Phrase,0
9.314001,14.750299,Phrase,3
10.530484,9.768609,Phrase,2
10.178034,10.28975,Phrase,1
8.034307,8.546104,Phrase,2
11.235419,11.737426,Phrase,0
11.602886,10.988734,Phrase,1
9.749375,13.342879,Phrase,0
8.744013,15.064021,Phrase,3
9.603551,10.989813,Phrase,2
10.756394,12.026439,Phrase,0
10.578109,11.645037,Phrase,0
10.495305,10.629066,Phrase,2
8.797502,10.826421,Phrase,2
9.321585,14.10208,Phrase,0
11.674841,11.960576,Phrase,0
10.390652,11.844921,Phrase,0
10.239446,12.506061,Phrase,2
9.478274,14.168332,Phrase,0
9.869971,11.698737,Phrase,0
9.737648,10.925066,Phrase,2
10.802623,10.501592,Phrase,2
9.8372755,8.199176,Phrase,2
7.357914,8.285417,Phrase,1
9.065032,9.901997,Phrase,2
17.23958,11.110783,Phrase,1
9.940518,14.327399,Phrase,3
10.443636,14.320434,Phrase,3
11.196626,12.440046,Phrase,0
9.556358,9.25245,Phrase,2
10.438047,12.930868,Phrase,3
9.970397,14.902433,Phrase,3
8.447384,10.467593,Phrase,2
9.992391,15.537739,Phrase,3
9.932261,11.586571,Phrase,0
9.905165,11.15756,Phrase,0
11.410277,11.220994,Phrase,0
11.391006,11.953661,Phrase,0
9.580422,15.427078,Phrase,3
11.149261,11.557792,Phrase,1
8.391263,9.644591,Phrase,2
9.162519,15.452755,Phrase,3
10.756422,13.060995,Phrase,0
9.729683,15.331253,Phrase,3
8.5038,10.352001,Phrase,2
11.302139,10.220769,Phrase,1
10.75466,11.760629,Phrase,0
9.125139,15.16156,Phrase,3
11.799143,8.913998,Phrase,2
9.991474,10.940543,Phrase,2
10.186012,14.66687,Phrase,3
11.092371,11.057228,Phrase,1
11.720347,14.424516,Phrase,1
10.578427,15.438702,Phrase,2
10.108502,14.697932,Phrase,3
10.191988,10.97819,Phrase,0
11.32571,10.588242,Phrase,0
9.943413,11.887617,Phrase,0
11.855665,7.521742,Phrase,1
9.388615,11.226001,Phrase,0
11.158985,11.70514,Phrase,0
9.488463,9.229039,Phrase,2
9.3742895,10.108706,Phrase,0
9.647431,9.160998,Phrase,2
11.338449,13.216014,Phrase,0
10.256919,10.150832,Phrase,2
9.91393,14.828574,Phrase,3
9.681713,10.455252,Phrase,0
12.493749,9.910688,Phrase,1
9.833685,9.239411,Phrase,0
11.594536,12.045611,Phrase,0
10.453794,14.565417,Phrase,3
10.840342,9.325856,Phrase,0
9.325143,14.663442,Phrase,3
9.825409,11.479297,Phrase,0
10.796503,8.277161,Phrase,0
10.970004,14.356611,Phrase,3
11.04886,13.821298,Phrase,0
9.514208,12.649424,Phrase,3
11.327172,12.485008,Phrase,0
8.45649,10.441052,Phrase,2
9.824677,13.829211,Phrase,0
9.072252,9.880548,Phrase,2
11.150646,10.104631,Phrase,2
11.45262,9.631408,Phrase,0
12.293042,11.471677,Phrase,0
9.988662,12.701179,Phrase,0
9.485718,9.425116,Phrase,2
15.989674,9.775019,Phrase,2
11.619068,11.538334,Phrase,0
8.291543,8.58713,Phrase,2
9.9395275,10.685571,Phrase,2
9.52685,10.948728,Phrase,2
12.929542,10.379911,Phrase,1
11.803568,10.427054,Phrase,1
10.416139,15.367749,Phrase,3
11.136848,10.558502,Phrase,1
7.6139007,8.6564865,Phrase,1
10.408976,10.794459,Phrase,0
10.392077,13.162676,Phrase,2
11.465799,11.846919,Phrase,0
9.537706,14.488593,Phrase,3
11.470024,10.884478,Phrase,1
10.441689,11.9535885,Phrase,2
9.352352,10.514287,Phrase,0
7.4634056,8.72694,Phrase,1
8.365807,8.68052,Phrase,1
9.625773,9.199075,Phrase,2
11.718199,11.503188,Phrase,2
9.918049,14.875593,Phrase,3
12.467441,9.964573,Phrase,1
10.459107,10.498272,Phrase,0
9.194591,12.839648,Phrase,2
9.22898,11.245911,Phrase,2
10.5307045,14.342911,Phrase,2
11.307354,9.8073225,Phrase,1
11.12935,10.655431,Phrase,2
9.984482,13.972835,Phrase,3
9.801696,12.429389,Phrase,1
10.088637,7.3542657,Phrase,0
9.145427,10.477081,Phrase,2
9.90848,15.018474,Phrase,3
11.010077,11.507904,Phrase,0
11.723915,12.592543,Phrase,1
11.884843,12.846993,Phrase,1
8.99747,15.330649,Phrase,3
10.771564,10.402971,Phrase,2
9.570767,15.568611,Phrase,3
8.038013,9.747465,Phrase,2
11.962497,10.747812,Phrase,1
9.999993,14.07323,Phrase,3
9.271492,10.237155,Phrase,2
8.747186,10.375376,Phrase,2
11.290653,12.167161,Phrase,1
9.450243,10.935999,Phrase,2
9.423418,13.697287,Phrase,0
11.255515,9.782976,Phrase,1
8.109035,9.590414,Phrase,2
11.236463,12.591499,Phrase,1
8.440858,10.25271,Phrase,2
10.64271,11.197021,Phrase,0
12.185046,11.510174,Phrase,1
10.347099,14.015463,Phrase,3
9.556928,13.3133335,Phrase,2
8.864475,15.380455,Phrase,3
10.131588,12.9967575,Phrase,0
9.65538,9.89734,Phrase,2
10.410649,10.638837,Phrase,2
12.930068,11.36613,Phrase,1
9.54265,10.385604,Phrase,2
10.633583,12.733515,Phrase,0
9.933918,15.049449,Phrase,3
9.136718,15.223845,Phrase,3
9.764767,9.233115,Phrase,2
10.209074,11.236209,Phrase,1
10.019469,11.507539,Phrase,1
11.388124,12.669625,Phrase,0
9.907718,12.937366,Phrase,2
12.335874,9.901757,Phrase,1
11.906987,10.527687,Phrase,0
9.87911,11.300872,Phrase,0
10.300105,14.308486,Phrase,3
10.415408,7.652549,Phrase,0
9.959214,14.696553,Phrase,3
10.363102,9.758921,Phrase,2
10.812864,10.259052,Phrase,1
9.452039,10.409983,Phrase,1
10.222006,11.13765,Phrase,3
11.06191,7.03539,Phrase,2
12.112337,11.233609,Phrase,0
8.75382,13.049496,Phrase,0
10.3644,15.330329,Phrase,3
11.572058,11.689117,Phrase,0
9.626445,11.527618,Phrase,0
11.437825,11.790695,Phrase,1
12.702374,10.167777,Phrase,1
11.48102,10.582156,Phrase,1
11.124986,10.809522,Phrase,2
9.303493,9.518418,Phrase,2
9.338691,11.296905,Phrase,0
8.562877,8.659827,Phrase,1
9.888412,5.9480004,Phrase,1
9.202335,14.765881,Phrase,3
8.424772,8.544863,Phrase,2
9.398852,15.736684,Phrase,3
10.363874,15.090027,Phrase,3
9.33958,11.834735,Phrase,2
10.841224,7.8735404,Phrase,0
9.143999,9.507834,Phrase,2
10.283358,7.9150505,Phrase,0
10.2519,14.965348,Phrase,3
9.443903,10.542777,Phrase,2
10.369476,11.029168,Phrase,0
8.384406,9.198627,Phrase,2
10.206455,14.76255,Phrase,3
11.323788,12.145097,Phrase,0
10.071462,12.030273,Phrase,2
6.81669,9.062995,Phrase,1
10.238131,10.082912,Phrase,2
10.871004,12.002653,Phrase,0
10.655523,15.341861,Phrase,3
9.873974,11.402862,Phrase,0
10.132159,12.363347,Phrase,0
9.498526,10.105459,Phrase,0
10.578445,11.120764,Phrase,0
11.418955,12.656035,Phrase,0
10.503266,9.987842,Phrase,1
10.705258,11.044417,Phrase,0
9.582825,12.668177,Phrase,0
11.112192,12.180242,Phrase,0
9.396459,13.35746,Phrase,1
10.167028,12.681819,Phrase,2
11.38196,11.158859,Phrase,0
9.982627,14.354414,Phrase,3
11.364964,8.830511,Phrase,1
10.253617,11.828122,Phrase,0
11.3016405,11.604992,Phrase,1
10.086837,9.798861,Phrase,1
10.011619,10.868901,Phrase,2
8.094458,9.741013,Phrase,2
11.656621,10.198435,Phrase,1
10.117139,10.497357,Phrase,1
10.045128,14.196056,Phrase,3
9.994499,11.20992,Phrase,0
11.290648,11.443851,Phrase,1
11.528689,11.604863,Phrase,0
10.107265,15.03474,Phrase,3
11.029949,10.402818,Phrase,1
7.796979,9.923178,Phrase,2
10.05222,10.93154,Phrase,0
8.714799,10.047332,Phrase,2
9.453462,11.619162,Phrase,2
10.779553,12.734454,Phrase,0
10.685808,12.270386,Phrase,0
10.256926,14.05481,Phrase,0
8.009632,11.118346,Phrase,2
12.093035,11.351325,Phrase,1
10.909022,12.075048,Phrase,0
11.574231,10.845082,Phrase,0
12.593556,11.782476,Phrase,1
10.167343,12.19604,Phrase,0
10.89406,11.982926,Phrase,0
9.622806,10.438965,Phrase,0
12.389178,9.967268,Phrase,1
11.436205,11.60248,Phrase,0
10.812675,15.47518,Phrase,2
12.073719,10.839886,Phrase,1
9.428383,9.15837,Phrase,2
10.317704,13.911004,Phrase,0
10.6125345,11.09303,Phrase,0
9.404791,15.276984,Phrase,3
11.015981,12.770293,Phrase,0
11.456974,12.060882,Phrase,1
9.4451885,10.5627775,Phrase,2
9.59706,10.641055,Phrase,0
11.341055,9.4846525,Phrase,2
8.521479,10.703483,Phrase,2
8.998942,9.470822,Phrase,2
10.92362,14.629746,Phrase,3
11.277243,10.482107,Phrase,1
10.162869,14.835521,Phrase,3
11.816861,12.646868,Phrase,0
10.4894,11.238525,Phrase,0
10.169662,10.974332,Phrase,0
10.475171,15.030718,Phrase,3
11.461705,11.142417,Phrase,1
10.554778,12.706282,Phrase,0
9.826739,9.830642,Phrase,2
10.412586,10.10503,Phrase,0
10.045654,15.607947,Phrase,3
8.717191,10.802147,Phrase,2
10.276562,10.7598095,Phrase,2
10.83691,12.264771,Phrase,0
10.728019,11.880488,Phrase,0
14.76053,7.190078,Phrase,1
9.250613,10.553819,Phrase,2
8.397483,11.750151,Phrase,2
10.520139,15.399075,Phrase,3
10.2282715,14.699094,Phrase,3
9.408987,15.374331,Phrase,3
10.61971,13.835635,Phrase,0
9.543426,10.526854,Phrase,2
11.6464815,10.415713,Phrase,1
8.903232,10.713385,Phrase,0
11.299065,9.06364,Phrase,1
9.557205,13.070673,Phrase,0
11.272585,8.853102,Phrase,0
11.045979,12.058559,Phrase,0
12.657425,11.342356,Phrase,0
10.055693,12.757768,Phrase,0
9.277206,10.854379,Phrase,2
11.094825,11.354738,Phrase,0
8.923604,9.057819,Phrase,2
11.152887,11.8032675,Phrase,0
11.942807,12.187485,Phrase,1
10.398829,10.635062,Phrase,0
9.633662,9.195886,Phrase,2
9.996871,10.913161,Phrase,2
11.186718,9.267191,Phrase,1
8.948221,14.740547,Phrase,3
9.989427,11.960977,Phrase,0
7.8695164,8.665325,Phrase,1
9.485005,10.362089,Phrase,2
11.239954,12.114047,Phrase,0
10.176363,13.378958,Phrase,0
11.307051,12.109396,Phrase,1
10.721369,12.291138,Phrase,0
10.87518,10.325815,Phrase,2
9.218347,13.463986,Phrase,2
17.27087,11.12738,Phrase,1
9.296357,12.62579,Phrase,2
12.094171,10.002862,Phrase,1
8.065639,9.952391,Phrase,2
10.138562,11.268818,Phrase,0
10.408746,12.541598,Phrase,0
9.171977,14.985821,Phrase,3
9.741344,12.614739,Phrase,0
10.93558,11.981139,Phrase,0
11.323427,11.781854,Phrase,0
7.7320695,8.525821,Phrase,1
-6.0707893,7.612248,Phrase,1
11.252631,12.716298,Phrase,0
9.100089,11.0442915,Phrase,2
12.460657,9.948211,Phrase,1
11.062988,13.730128,Phrase,0
9.544472,12.1104355,Phrase,0
12.026104,11.429474,Phrase,1
11.85381,11.245233,Phrase,2
9.429515,15.049085,Phrase,3
10.10363,9.8707,Phrase,1
10.321506,15.239497,Phrase,3
10.404705,11.623072,Phrase,0
10.855282,11.875866,Phrase,0
12.574508,9.993204,Phrase,1
11.052399,11.671603,Phrase,0
7.2082424,14.4479265,Phrase,2
9.523158,11.902906,Phrase,2
7.623513,8.684516,Phrase,2
9.373427,10.935318,Phrase,2
10.2171135,13.7094965,Phrase,3
10.788504,14.3761635,Phrase,3
8.860904,11.369446,Phrase,2
7.7649803,10.165284,Phrase,2
9.964016,14.192415,Phrase,3
9.364899,9.798742,Phrase,2
11.930281,11.693786,Phrase,2
11.347352,10.330678,Phrase,2
10.999117,12.956964,Phrase,0
10.353241,13.226991,Phrase,1
10.152045,13.894826,Phrase,0
9.363396,10.281503,Phrase,2
9.637278,12.484628,Phrase,2
10.666327,10.324237,Phrase,1
11.170111,10.187121,Phrase,0
7.825588,10.016924,Phrase,2
9.773125,12.490426,Phrase,0
9.9085455,12.979589,Phrase,0
10.292528,15.460474,Phrase,3
11.910249,7.1673274,Phrase,0
8.857558,12.906784,Phrase,2
8.531246,9.63602,Phrase,0
7.7151546,9.997603,Phrase,2
11.553279,10.586498,Phrase,1
9.481467,11.105797,Phrase,0
11.040524,9.54678,Phrase,2
11.7138,10.567133,Phrase,1
10.572192,10.169489,Phrase,1
10.25726,12.762424,Phrase,0
9.892602,10.252608,Phrase,2
11.108347,10.834916,Phrase,1
10.145346,13.44681,Phrase,0
12.375984,10.756481,Phrase,1
11.740929,12.976353,Phrase,0
10.443403,15.504168,Phrase,3
10.75601,9.264588,Phrase,1
10.928045,14.404684,Phrase,3
9.562009,10.502216,Phrase,2
9.756355,15.175668,Phrase,3
8.899347,10.683251,Phrase,0
10.078379,15.112122,Phrase,3
11.826746,9.88305,Phrase,2
10.3923435,12.438938,Phrase,0
10.328753,12.194949,Phrase,0
9.530252,9.195175,Phrase,2
-6.075121,7.607943,Phrase,1
10.828186,11.474878,Phrase,0
11.119106,10.901103,Phrase,1
9.874259,12.74915,Phrase,0
10.843314,13.366998,Phrase,0
9.922864,10.11405,Phrase,2
10.159417,10.128225,Phrase,0
10.041043,15.288449,Phrase,3
11.079293,9.898814,Phrase,2
10.151814,10.911239,Phrase,2
8.3231945,9.84033,Phrase,2
10.425158,15.027885,Phrase,3
10.184183,10.295109,Phrase,2
10.764702,10.736731,Phrase,0
9.847856,8.104844,Phrase,0
9.525089,11.627254,Phrase,0
10.435599,13.65241,Phrase,3
10.065212,15.56923,Phrase,3
10.052308,13.134932,Phrase,0
8.259642,9.785121,Phrase,2
10.827296,9.8060875,Phrase,1
10.632368,10.81835,Phrase,2
8.870832,15.423508,Phrase,3
10.569739,12.17472,Phrase,0
8.927401,9.971963,Phrase,2
11.36623,13.547106,Phrase,2
8.767165,10.631658,Phrase,0
11.977487,12.376205,Phrase,3
8.429291,10.704134,Phrase,2
9.38938,10.841538,Phrase,0
10.171543,15.1888895,Phrase,3
11.245314,10.382638,Phrase,2
9.77742,9.422109,Phrase,1
11.141864,11.778122,Phrase,1
9.261221,11.317173,Phrase,2
9.027843,9.3888,Phrase,2
10.063783,11.016565,Phrase,0
12.808002,8.143835,Phrase,0
11.058184,11.199609,Phrase,0
11.147755,9.267325,Phrase,1
12.4598465,9.806021,Phrase,1
10.475266,12.063071,Phrase,1
11.301677,11.087118,Phrase,2
9.702601,9.6443615,Phrase,2
9.319877,11.021681,Phrase,2
10.616679,14.051957,Phrase,0
10.604966,9.778289,Phrase,2
8.901355,10.960099,Phrase,2
10.848601,12.886046,Phrase,0
11.21853,11.021634,Phrase,0
9.824424,9.548804,Phrase,2
9.886936,13.951257,Phrase,3
9.473785,15.582208,Phrase,3
11.992643,12.0461,Phrase,0
9.160971,9.114003,Phrase,2
9.888267,9.46917,Phrase,1
12.749691,13.19071,Phrase,1
9.719518,15.656836,Phrase,3
11.346321,9.987112,Phrase,1
10.589716,11.183361,Phrase,2
8.960781,10.367335,Phrase,2
9.881528,15.254057,Phrase,3
10.94496,10.638429,Phrase,0
11.174768,12.511384,Phrase,0
11.145178,10.215884,Phrase,1
10.305079,12.503677,Phrase,0
9.124284,9.845617,Phrase,2
11.943254,10.510264,Phrase,0
10.233943,15.19366,Phrase,3
7.598616,10.026216,Phrase,2
9.594239,12.004645,Phrase,0
9.451539,9.200276,Phrase,2
9.548595,9.115871,Phrase,2
9.12736,11.025143,Phrase,2
10.99465,11.347843,Phrase,0
10.361277,13.566828,Phrase,3
11.0386715,10.554033,Phrase,2
10.737745,12.583091,Phrase,1
11.197502,12.939285,Phrase,0
11.952239,9.662568,Phrase,1
11.479736,10.831172,Phrase,0
10.204015,10.358803,Phrase,2
8.607612,14.60635,Phrase,3
11.510929,12.30771,Phrase,0
10.0580015,14.621676,Phrase,3
10.857346,11.100608,Phrase,0
10.898839,11.451419,Phrase,1
10.660233,8.698076,Phrase,0
11.650249,11.406675,Phrase,2
11.127383,12.045467,Phrase,0
10.175096,10.192594,Phrase,1
7.83753,8.51477,Phrase,1
10.842082,11.061527,Phrase,0
12.010093,11.65511,Phrase,2
10.826134,8.563842,Phrase,2
10.667518,11.231651,Phrase,2
10.319856,13.279495,Phrase,0
10.473491,19.99873,Phrase,0
9.770804,10.6220255,Phrase,0
9.927237,15.522058,Phrase,2
11.262066,12.019121,Phrase,0
10.321447,12.872512,Phrase,2
10.474819,9.562563,Phrase,2
10.724422,8.675971,Phrase,0
11.344682,12.583248,Phrase,1
9.845846,12.445669,Phrase,1
9.556088,14.806183,Phrase,3
10.038138,13.769261,Phrase,3
11.596635,11.944389,Phrase,0
10.0807905,11.373112,Phrase,1
9.674827,11.945149,Phrase,0
10.757305,11.950108,Phrase,0
12.077601,10.912658,Phrase,1
8.248968,9.500668,Phrase,2
10.945893,9.408961,Phrase,2
11.100806,11.3628845,Phrase,1
11.78555,11.669155,Phrase,1
10.020904,14.811391,Phrase,3
10.116997,14.929661,Phrase,3
12.179511,9.956435,Phrase,1
11.592242,12.282828,Phrase,0
10.330668,13.476998,Phrase,3
14.523683,8.039476,Phrase,2
8.683017,10.934478,Phrase,2
8.750085,10.465262,Phrase,2
8.240914,10.471895,Phrase,2
10.129069,15.140673,Phrase,3
10.450745,13.118002,Phrase,3
8.874406,10.724652,Phrase,0
9.990966,11.407535,Phrase,0
11.277454,11.739701,Phrase,0
11.006188,10.244688,Phrase,1
9.960435,14.560556,Phrase,3
8.655432,10.460369,Phrase,2
8.880401,9.038799,Phrase,2
10.786945,11.455224,Phrase,0
12.654352,10.116166,Phrase,1
10.183393,10.156441,Phrase,2
10.6215925,11.573805,Phrase,0
10.538265,11.279303,Phrase,0
9.809946,9.858378,Phrase,0
9.204401,13.3488865,Phrase,2
10.860398,8.554563,Phrase,2
10.562744,9.4014845,Phrase,2
9.705003,7.4962993,Phrase,2
10.187517,12.819478,Phrase,0
7.9956656,9.443342,Phrase,2
10.994957,14.006166,Phrase,0
10.411805,8.513581,Phrase,2
7.5813603,10.060143,Phrase,2
11.660852,12.2451315,Phrase,0
9.097211,10.831644,Phrase,0
9.256469,10.689403,Phrase,2
9.619756,14.909968,Phrase,3
8.54129,8.227861,Phrase,0
10.062618,12.082987,Phrase,2
8.759272,8.431661,Phrase,1
9.603451,12.339574,Phrase,0
7.8715878,9.657149,Phrase,2
10.920379,12.610568,Phrase,0
10.715277,12.440035,Phrase,0
8.983068,10.041968,Phrase,2
9.477249,10.92448,Phrase,2
11.304371,12.199355,Phrase,0
10.839171,10.930635,Phrase,0
8.352118,11.454352,Phrase,2
10.373965,13.440626,Phrase,0
11.186311,11.765538,Phrase,0
9.526699,15.692809,Phrase,3
9.736166,10.766621,Phrase,0
11.210185,10.561218,Phrase,0
12.442691,9.988918,Phrase,1
11.923663,12.536612,Phrase,0
11.554967,12.41508,Phrase,2
11.050626,7.241821,Phrase,0
10.754241,10.685747,Phrase,0
9.43735,9.301996,Phrase,2
9.880607,11.92761,Phrase,0
9.056241,11.071826,Phrase,2
10.716201,10.953209,Phrase,2
10.92997,11.400665,Phrase,2
9.90511,14.925873,Phrase,3
9.528991,10.249797,Phrase,0
8.860083,15.582536,Phrase,3
10.116817,15.189224,Phrase,1
9.399122,15.259473,Phrase,3
10.753951,11.161728,Phrase,1
9.795543,10.412086,Phrase,2
9.99675,13.385305,Phrase,3
11.108501,13.110794,Phrase,1
9.311802,14.7411175,Phrase,0
9.138341,14.999128,Phrase,3
10.509739,15.336787,Phrase,3
11.571783,11.121337,Phrase,1
10.255847,13.479593,Phrase,0
8.724275,9.990512,Phrase,2
10.186236,14.575772,Phrase,3
9.191141,15.302561,Phrase,3
9.717078,15.529985,Phrase,3
11.225212,11.747526,Phrase,2
11.416345,12.1779375,Phrase,0
11.201354,11.646455,Phrase,0
11.653806,11.089028,Phrase,1
7.7373185,10.49488,Phrase,2
12.069847,12.327739,Phrase,1
9.251459,10.242741,Phrase,2
10.91286,12.011253,Phrase,0
9.835289,14.127488,Phrase,3
11.148082,12.051281,Phrase,0
9.765933,11.6678,Phrase,0
10.567223,9.253501,Phrase,2
10.544328,10.154762,Phrase,0
10.517738,12.242927,Phrase,0
11.51047,13.270979,Phrase,0
11.993472,12.543756,Phrase,1
10.056206,15.194896,Phrase,3
10.7334175,12.303374,Phrase,0
9.374227,9.513558,Phrase,2
10.035914,13.637448,Phrase,3
11.565016,9.398851,Phrase,2
9.694872,9.346074,Phrase,2
10.767425,11.397264,Phrase,0
9.902647,12.279507,Phrase,0
10.515551,11.7492895,Phrase,2
10.013166,12.862197,Phrase,3
9.980163,10.842371,Phrase,1
10.121219,13.565965,Phrase,3
11.10578,6.903661,Phrase,0
10.416534,12.008844,Phrase,0
11.411429,10.376247,Phrase,1
10.833356,10.611596,Phrase,1
9.608719,11.633623,Phrase,2
11.1230345,10.918862,Phrase,2
11.866977,14.13107,Phrase,2
9.779677,14.515007,Phrase,3
10.888382,12.539684,Phrase,0
11.782559,11.615992,Phrase,0
11.305011,10.500373,Phrase,1
11.754832,12.944103,Phrase,0
10.759104,14.319242,Phrase,3
9.973079,11.584554,Phrase,2
11.2173605,11.226918,Phrase,1
9.871205,10.641603,Phrase,2
9.952408,10.750541,Phrase,1
11.71293,12.206009,Phrase,0
11.709923,10.25812,Phrase,1
11.970752,12.518091,Phrase,2
12.291127,12.410399,Phrase,1
9.631666,15.583065,Phrase,3
11.011216,7.3769236,Phrase,0
9.786636,7.2520437,Phrase,2
-6.0710626,7.611985,Phrase,1
10.156624,11.831257,Phrase,0
9.508026,15.60006,Phrase,3
10.150898,10.509549,Phrase,2
10.760272,12.855399,Phrase,0
10.616541,14.608859,Phrase,3
8.081152,10.210552,Phrase,2
10.920922,11.936731,Phrase,0
10.704447,13.130544,Phrase,0
8.496006,11.088107,Phrase,2
8.862532,10.820491,Phrase,2
12.477815,9.901719,Phrase,1
11.949567,11.93758,Phrase,1
10.98794,11.029821,Phrase,0
10.891417,12.640235,Phrase,0
11.874744,10.820661,Phrase,1
13.035384,12.456482,Phrase,1
11.50779,9.806793,Phrase,2
11.019991,9.33933,Phrase,0
6.895225,21.027637,Phrase,1
11.621194,11.299327,Phrase,1
10.670737,11.090334,Phrase,0
10.495378,8.616189,Phrase,2
10.352837,12.523069,Phrase,0
10.520342,11.338837,Phrase,0
8.89422,14.342873,Phrase,3
11.654411,10.422911,Phrase,2
11.671541,14.165476,Phrase,3
8.893637,15.468657,Phrase,3
10.712271,14.067347,Phrase,3
11.891316,11.852328,Phrase,0
11.376984,10.851937,Phrase,1
8.778261,10.586381,Phrase,2
9.489905,13.010496,Phrase,3
10.029702,13.801494,Phrase,2
9.40882,15.110818,Phrase,3
11.345558,12.293775,Phrase,1
9.654077,10.609853,Phrase,2
10.931774,11.780631,Phrase,0
8.115138,9.463046,Phrase,1
10.046196,11.013541,Phrase,0
10.953935,12.834182,Phrase,0
9.970929,12.142691,Phrase,0
10.039582,10.305664,Phrase,2
8.847995,9.388373,Phrase,2
10.2525215,11.259578,Phrase,2
9.614318,10.392184,Phrase,2
9.820492,11.595169,Phrase,0
11.105967,10.071413,Phrase,1
9.480491,15.257722,Phrase,3
10.342326,14.268183,Phrase,3
8.807851,8.403704,Phrase,2
10.7497635,13.859248,Phrase,0
9.765823,11.120311,Phrase,0
8.711443,10.581418,Phrase,2
9.323267,9.635092,Phrase,2
8.250295,8.620497,Phrase,2
9.500698,10.31028,Phrase,2
11.282836,12.443774,Phrase,0
9.818202,11.398814,Phrase,0
11.210836,10.109605,Phrase,2
10.646914,8.154312,Phrase,0
11.28983,9.270573,Phrase,2
11.259751,9.152033,Phrase,2
10.196591,10.250567,Phrase,2
9.765687,14.833502,Phrase,3
11.362419,11.847651,Phrase,0
11.1002445,10.332311,Phrase,1
12.486509,11.971061,Phrase,1
11.184453,12.625417,Phrase,0
11.444296,12.170077,Phrase,0
10.618971,9.53586,Phrase,2
11.503523,8.951923,Phrase,1
10.321746,11.115359,Phrase,0
10.950994,11.319554,Phrase,0
12.804864,8.156005,Phrase,0
10.111367,15.002187,Phrase,3
10.781566,9.724294,Phrase,1
9.629973,11.018822,Phrase,0
8.55079,10.676701,Phrase,2
10.787185,10.727496,Phrase,1
10.286368,14.834715,Phrase,3
9.89999,12.933031,Phrase,0
9.527585,15.588304,Phrase,3
11.302129,10.039606,Phrase,1
8.488142,10.408445,Phrase,2
8.302633,9.508165,Phrase,2
10.547404,12.668304,Phrase,0
9.898377,12.020259,Phrase,0
11.133487,11.3020315,Phrase,1
12.206307,12.423673,Phrase,1
9.523445,9.358297,Phrase,2
8.424568,9.057221,Phrase,2
11.557407,13.176432,Phrase,0
11.496872,11.125485,Phrase,0
9.020057,10.495596,Phrase,0
9.5406275,15.522115,Phrase,3
9.408324,14.393659,Phrase,3
8.860254,10.127787,Phrase,2
10.440712,12.243782,Phrase,0
10.777247,10.130945,Phrase,0
11.132376,9.745389,Phrase,1
12.344286,9.814633,Phrase,1
10.658275,12.001809,Phrase,0
9.799668,15.563707,Phrase,3
9.979234,11.316083,Phrase,0
7.145831,8.776213,Phrase,1
11.795354,11.854113,Phrase,0
10.203447,10.137718,Phrase,2
10.981499,13.925117,Phrase,0
9.815408,15.1764555,Phrase,3
11.279801,11.001596,Phrase,2
11.297362,11.96484,Phrase,0
10.646303,10.767483,Phrase,0
9.687689,9.454312,Phrase,2
10.83014,10.515413,Phrase,2
11.405112,12.525845,Phrase,1
10.795812,11.733879,Phrase,0
7.5943418,8.04991,Phrase,1
9.02407,11.711212,Phrase,2
9.962424,13.546991,Phrase,3
10.458857,13.19879,Phrase,0
8.624612,10.135427,Phrase,2
11.832817,12.2657795,Phrase,0
9.586641,15.202627,Phrase,3
11.732488,12.025278,Phrase,0
9.933919,10.351834,Phrase,0
9.959377,13.7401905,Phrase,1
10.388814,14.691616,Phrase,3
10.888719,12.003504,Phrase,0
11.046956,13.864726,Phrase,2
11.744022,11.82591,Phrase,2
10.587212,11.304764,Phrase,2
10.777012,10.189794,Phrase,0
11.246617,9.391803,Phrase,1
9.797088,11.751635,Phrase,2
11.51817,12.251717,Phrase,0
11.005807,10.345014,Phrase,1
10.361875,10.915715,Phrase,0
10.304216,14.643862,Phrase,3
11.334025,10.580378,Phrase,1
9.707394,12.288554,Phrase,2
11.038948,11.975781,Phrase,2
10.120266,10.767539,Phrase,0
8.352954,10.449989,Phrase,0
10.715684,11.962227,Phrase,0
9.797674,10.928904,Phrase,0
11.764562,12.899276,Phrase,1
7.6572194,11.052866,Phrase,2
8.583447,9.745269,Phrase,2
11.985965,11.349778,Phrase,1
10.445614,11.955542,Phrase,0
11.109804,6.887478,Phrase,0
9.656822,13.602343,Phrase,2
10.959249,13.0011215,Phrase,0
12.190951,10.869598,Phrase,1
10.916716,12.197255,Phrase,0
9.818842,13.163498,Phrase,0
10.100863,10.092349,Phrase,2
11.136101,11.677316,Phrase,2
9.994713,13.435041,Phrase,0
11.025278,12.176666,Phrase,1
11.42974,10.262593,Phrase,2
11.301059,9.701485,Phrase,1
10.912962,14.003164,Phrase,0
9.454428,15.465048,Phrase,3
9.93695,9.615501,Phrase,2
9.247255,11.246447,Phrase,0
9.547359,11.786593,Phrase,0
11.762152,11.938257,Phrase,0
11.467898,12.599253,Phrase,0
9.727151,15.116838,Phrase,3
9.977592,10.824977,Phrase,0
8.833324,10.859395,Phrase,2
10.068064,15.150797,Phrase,3
7.8412824,8.4102,Phrase,1
10.975574,10.404562,Phrase,2
10.208053,12.440871,Phrase,1
10.008675,14.958746,Phrase,3
9.318268,10.279478,Phrase,2
10.744637,11.1929865,Phrase,2
10.653457,12.399125,Phrase,0
7.5514517,8.642025,Phrase,1
9.3047,15.295589,Phrase,3
6.914615,10.955826,Phrase,2
11.564839,12.4524355,Phrase,0
10.288849,15.233479,Phrase,3
10.039814,12.859889,Phrase,2
10.831947,13.425545,Phrase,1
9.679997,11.392012,Phrase,0
10.494821,10.05693,Phrase,1
12.478876,10.8487,Phrase,1
9.472844,14.8246975,Phrase,3
11.770507,12.678857,Phrase,1
12.319423,13.873954,Phrase,1
9.494018,9.378072,Phrase,2
10.479144,11.324596,Phrase,1
10.76744,10.983277,Phrase,0
9.085055,10.614137,Phrase,2
9.11061,15.473269,Phrase,3
10.993484,11.271258,Phrase,0
9.020426,10.620543,Phrase,2
11.29977,11.733446,Phrase,0
12.375512,10.05804,Phrase,1
9.94832,11.003654,Phrase,2
8.902403,10.306356,Phrase,2
11.35446,9.83628,Phrase,0
8.7052355,10.607062,Phrase,2
7.764412,10.003248,Phrase,2
8.453396,11.423242,Phrase,0
11.352247,13.579031,Phrase,0
10.354967,12.765507,Phrase,0
9.477954,12.246668,Phrase,0
10.491467,11.37425,Phrase,2
8.143298,8.516867,Phrase,0
9.740916,9.327696,Phrase,2
9.420931,10.681132,Phrase,0
12.821981,9.430849,Phrase,1
9.209972,9.860557,Phrase,2
10.444347,12.625055,Phrase,1
9.592322,15.724055,Phrase,3
8.807187,14.863962,Phrase,3
11.4579935,10.239017,Phrase,1
10.032313,13.653757,Phrase,0
11.311061,11.7648535,Phrase,0
11.692768,11.0753765,Phrase,2
10.443751,7.680584,Phrase,0
11.810981,11.92279,Phrase,0
10.161827,13.138419,Phrase,3
10.873211,12.652656,Phrase,0
8.896728,13.877774,Phrase,0
12.873227,11.740638,Phrase,1
10.143154,9.760198,Phrase,2
9.563615,10.396857,Phrase,2
11.504657,11.169399,Phrase,0
12.427551,10.838897,Phrase,1
10.502233,12.187101,Phrase,0
10.576338,12.691433,Phrase,0
8.44943,9.7583,Phrase,1
11.552181,12.903181,Phrase,0
11.549474,11.344843,Phrase,2
8.502857,8.98028,Phrase,1
8.251442,8.638395,Phrase,2
10.068003,7.949115,Phrase,0
11.578877,10.464888,Phrase,2
12.003945,12.587847,Phrase,0
10.250269,13.334098,Phrase,0
11.487482,9.306074,Phrase,1
12.855271,11.42217,Phrase,1
9.468871,15.271664,Phrase,3
9.0274315,10.771951,Phrase,2
9.722036,11.13614,Phrase,0
9.321982,11.2132635,Phrase,0
12.427754,9.878496,Phrase,1
9.332167,9.229101,Phrase,2
11.418654,12.271263,Phrase,0
11.133999,12.630253,Phrase,1
10.452866,9.709755,Phrase,1
7.722128,9.92965,Phrase,2
9.949195,11.138766,Phrase,2
10.662825,10.501718,Phrase,2
12.743769,9.460868,Phrase,1
8.490775,10.216935,Phrase,2
9.354731,11.731212,Phrase,0
9.410873,11.294985,Phrase,0
10.081152,15.051001,Phrase,3
11.697703,10.5199995,Phrase,2
10.365088,15.050826,Phrase,3
10.858074,11.174799,Phrase,0
8.011212,9.893945,Phrase,2
10.157685,14.78809,Phrase,3
11.502128,12.584444,Phrase,0
9.5501175,9.17879,Phrase,2
9.595574,9.25433,Phrase,2
11.252101,8.955287,Phrase,1
10.175908,11.83874,Phrase,0
8.961431,10.893723,Phrase,0
11.760202,9.766468,Phrase,1
10.955658,10.116844,Phrase,1
10.918407,12.874135,Phrase,0
11.53072,12.660613,Phrase,0
9.990399,10.329458,Phrase,2
9.310182,11.480074,Phrase,1
11.917052,11.542187,Phrase,2
11.716074,14.357108,Phrase,2
11.283234,9.667312,Phrase,0
9.78641,10.238602,Phrase,1
10.715345,13.882139,Phrase,2
9.576107,10.716374,Phrase,2
11.131061,8.682715,Phrase,1
10.9812355,9.364067,Phrase,0
9.709374,15.706529,Phrase,3
10.180024,10.49379,Phrase,2
11.51101,11.399351,Phrase,0
12.177742,10.221808,Phrase,1
10.570903,10.754852,Phrase,2
11.192884,12.180942,Phrase,0
10.101004,11.923513,Phrase,0
7.612955,8.575605,Phrase,1
9.434034,9.252359,Phrase,2
11.837201,11.732086,Phrase,1
11.138207,9.24032,Phrase,3
9.829538,12.464897,Phrase,0
10.007256,7.879206,Phrase,2
9.735841,14.890653,Phrase,3
11.668533,9.729386,Phrase,2
12.11144,11.414394,Phrase,1
10.037731,7.76486,Phrase,2
10.577028,9.696249,Phrase,1
10.60821,8.314799,Phrase,2
10.826138,14.743147,Phrase,3
9.780702,15.2145405,Phrase,3
11.6551695,8.57076,Phrase,1
6.803543,9.098604,Phrase,2
11.899417,10.346136,Phrase,1
9.962189,14.326419,Phrase,3
9.144727,10.885103,Phrase,2
11.296617,10.503851,Phrase,2
11.042934,11.181357,Phrase,0
10.401841,11.91414,Phrase,0
8.466191,10.452487,Phrase,2
12.072512,10.458997,Phrase,1
7.8291283,8.384242,Phrase,2
10.025894,9.76807,Phrase,2
9.869968,12.072759,Phrase,2
9.187015,11.961139,Phrase,2
11.192956,12.384335,Phrase,0
9.247398,11.788945,Phrase,0
10.027201,13.081249,Phrase,0
11.708322,10.513021,Phrase,1
8.447071,9.963928,Phrase,2
9.47618,10.82338,Phrase,0
10.080397,12.619735,Phrase,1
8.672016,15.320276,Phrase,3
10.719156,11.408197,Phrase,0
12.488966,11.953758,Phrase,1
10.106349,12.616011,Phrase,0
10.597079,8.331915,Phrase,0
9.668165,11.963838,Phrase,0
10.2339525,14.604277,Phrase,3
10.530106,12.025584,Phrase,0
8.973905,9.821359,Phrase,2
9.203895,15.599464,Phrase,3
10.931874,12.382382,Phrase,0
11.655641,8.577078,Phrase,1
11.03346,12.283205,Phrase,0
11.57544,12.461078,Phrase,1
9.65025,14.648899,Phrase,3
12.288482,9.42686,Phrase,0
11.081028,13.975992,Phrase,2
10.229975,15.12632,Phrase,3
8.664094,8.143787,Phrase,2
11.488868,11.026888,Phrase,0
9.848705,8.097811,Phrase,0
11.270315,11.103896,Phrase,2
10.794492,11.865646,Phrase,0
9.463096,14.174147,Phrase,3
12.792122,10.562053,Phrase,0
12.211783,11.876785,Phrase,2
10.219266,11.322729,Phrase,2
7.6238875,10.303204,Phrase,2
9.708039,10.163003,Phrase,2
7.411394,8.745947,Phrase,2
9.5994215,10.512275,Phrase,0
10.38069,14.841411,Phrase,3
9.564103,11.99853,Phrase,0
9.716316,9.35283,Phrase,2
11.348012,8.98899,Phrase,1
10.722293,11.209519,Phrase,0
11.507448,10.270855,Phrase,1
10.283636,11.410704,Phrase,0
11.102128,6.901684,Phrase,0
11.299513,11.970221,Phrase,0
12.793047,8.927695,Phrase,2
11.498436,11.526094,Phrase,0
10.125984,14.221966,Phrase,2
8.028556,9.420398,Phrase,1
12.637185,12.298926,Phrase,1
11.369257,8.797332,Phrase,2
9.95747,10.969011,Phrase,0
12.101965,10.389065,Phrase,1
9.825652,11.297525,Phrase,0
10.558865,11.047271,Phrase,0
10.603971,12.557144,Phrase,0
9.159605,11.211904,Phrase,2
8.287696,8.607334,Phrase,2
9.969968,14.477945,Phrase,3
8.518766,8.559794,Phrase,1
11.958747,9.725558,Phrase,2
10.442224,13.422032,Phrase,3
10.30865,10.203663,Phrase,2
9.227355,15.422122,Phrase,3
10.519203,15.258599,Phrase,3
9.767512,9.640537,Phrase,2
10.924784,11.204299,Phrase,0
10.545502,9.948034,Phrase,2
12.808143,9.413572,Phrase,1
7.2765913,14.556428,Phrase,0
11.9977665,11.5849,Phrase,1
10.0718155,13.246004,Phrase,1
11.086361,9.665728,Phrase,2
10.693515,11.827747,Phrase,0
10.1541,10.131975,Phrase,3
11.432511,10.864631,Phrase,0
8.731042,10.694329,Phrase,2
11.896549,7.1287026,Phrase,0
10.414396,7.6787195,Phrase,0
7.602035,8.0721,Phrase,1
9.413286,9.123014,Phrase,2
6.8675804,10.938519,Phrase,2
10.897731,10.419802,Phrase,1
10.555138,10.195298,Phrase,2
9.495379,9.404391,Phrase,2
8.638157,10.951346,Phrase,2
10.7842245,11.730794,Phrase,0
7.978356,10.167074,Phrase,2
9.970055,8.721619,Phrase,1
12.7908945,8.138693,Phrase,0
9.816399,11.962656,Phrase,0
8.233868,10.701967,Phrase,2
9.72387,11.204011,Phrase,2
10.301423,10.7771635,Phrase,2
10.04421,13.465183,Phrase,2
10.037995,11.1652565,Phrase,2
9.447106,9.156714,Phrase,2
10.47739,9.460778,Phrase,1
10.780739,11.186533,Phrase,2
9.645829,12.652518,Phrase,1
9.6038,9.187962,Phrase,2
10.85789,9.443053,Phrase,1
9.644923,14.663347,Phrase,3
11.95912,11.369403,Phrase,1
12.125751,12.592319,Phrase,1
10.583323,13.4976425,Phrase,1
10.027357,15.316297,Phrase,3
10.206518,14.316167,Phrase,3
9.970912,10.035188,Phrase,2
11.764348,14.415547,Phrase,1
11.343096,8.26038,Phrase,2
9.597579,12.669225,Phrase,0
10.145784,15.248932,Phrase,3
11.798697,10.010963,Phrase,1
10.086974,15.034323,Phrase,3
9.465369,10.319295,Phrase,2
12.161141,13.899566,Phrase,1
12.467648,9.933861,Phrase,1
11.644714,11.338803,Phrase,1
11.103537,6.898845,Phrase,0
9.000769,10.563448,Phrase,2
9.237447,15.583644,Phrase,3
10.217423,14.953394,Phrase,3
9.805346,15.248885,Phrase,3
9.779741,14.679928,Phrase,3
8.59874,8.411022,Phrase,0
12.357955,13.885892,Phrase,2
8.846591,15.250806,Phrase,2
11.422563,14.058486,Phrase,1
10.908982,10.3194275,Phrase,1
8.835132,10.401999,Phrase,2
11.84421,11.504025,Phrase,0
9.7482605,10.06952,Phrase,2
9.897652,11.225536,Phrase,2
9.363658,15.424103,Phrase,3
9.664099,11.142232,Phrase,0
11.0380535,11.844814,Phrase,0
10.106096,10.541953,Phrase,0
10.60095,10.083707,Phrase,2
10.598747,10.973272,Phrase,2
11.274625,10.501978,Phrase,1
11.060536,9.699761,Phrase,1
9.600301,12.378849,Phrase,1
9.870239,14.924163,Phrase,3
12.359961,12.393218,Phrase,1
10.917257,10.500649,Phrase,2
8.2307825,8.480258,Phrase,1
7.6873426,9.271869,Phrase,0
9.90442,10.313762,Phrase,2
10.107869,14.949736,Phrase,3
11.243717,11.132483,Phrase,0
10.419423,10.2183485,Phrase,2
7.8422637,8.393858,Phrase,1
10.675209,12.273912,Phrase,0
11.465231,14.230984,Phrase,2
10.836064,7.7817173,Phrase,0
11.707679,11.605277,Phrase,0
10.544107,10.259329,Phrase,1
10.6673155,13.01284,Phrase,1
10.051518,10.085059,Phrase,0
11.957139,12.001785,Phrase,0
11.817611,10.149901,Phrase,1
11.785526,12.352228,Phrase,3
10.128806,10.598122,Phrase,0
9.152305,10.873082,Phrase,2
12.7420845,11.377605,Phrase,1
11.260339,12.488829,Phrase,0
10.69428,10.770528,Phrase,2
11.42143,11.245691,Phrase,2
10.224984,11.488736,Phrase,0
10.236923,13.738669,Phrase,0
9.469392,14.495593,Phrase,3
7.4223027,8.790968,Phrase,1
10.659701,13.148882,Phrase,0
12.226549,11.251907,Phrase,1
9.32577,14.443743,Phrase,2
10.748896,11.544591,Phrase,0
12.304068,9.812757,Phrase,1
9.934371,12.771098,Phrase,0
9.224326,11.759891,Phrase,2
10.488523,12.625884,Phrase,3
9.764384,15.149507,Phrase,3
10.396002,13.10178,Phrase,2
11.823765,12.775316,Phrase,0
9.102866,10.20463,Phrase,2
10.203961,12.67133,Phrase,0
9.783576,11.507052,Phrase,0
10.830965,13.768479,Phrase,0
8.471419,10.370477,Phrase,2
7.4812512,8.819399,Phrase,2
9.891217,15.159353,Phrase,3
10.512921,8.268176,Phrase,0
10.7299595,12.611594,Phrase,0
10.410744,9.6704645,Phrase,2
9.9660845,7.923125,Phrase,0
9.481971,15.531356,Phrase,3
7.7548914,9.8293085,Phrase,2
11.482145,11.555152,Phrase,2
9.82474,15.608969,Phrase,3
10.851947,13.860177,Phrase,1
9.404272,11.264706,Phrase,0
9.247138,9.631628,Phrase,2
11.743225,11.965426,Phrase,1
8.093146,9.817155,Phrase,2
12.325884,10.757145,Phrase,0
8.760331,8.341926,Phrase,1
10.334618,13.025493,Phrase,0
11.187934,9.875871,Phrase,2
9.426494,14.736486,Phrase,3
7.7053447,8.0737095,Phrase,1
9.009928,15.3482,Phrase,3
11.168856,10.118158,Phrase,2
9.443353,10.14431,Phrase,2
10.975233,13.152832,Phrase,1
9.183909,10.96451,Phrase,2
9.292859,9.634666,Phrase,2
10.621941,13.158202,Phrase,0
10.613064,12.829172,Phrase,0
11.2993965,13.220052,Phrase,0
10.766964,12.228068,Phrase,0
10.737825,11.421918,Phrase,0
10.692068,12.022175,Phrase,0
10.164776,14.707147,Phrase,3
9.842009,14.802043,Phrase,3
9.845994,10.754422,Phrase,0
9.377392,10.343675,Phrase,2
10.964627,13.017112,Phrase,0
7.6453333,10.4098,Phrase,2
7.3038507,9.896407,Phrase,2
7.3503566,8.3568735,Phrase,1
9.4443,12.991415,Phrase,2
10.554974,10.766913,Phrase,1
10.649777,11.4169035,Phrase,0
9.077119,11.885544,Phrase,2
10.521479,10.704941,Phrase,0
10.514326,10.562541,Phrase,1
9.665219,15.546149,Phrase,3
8.747813,8.451224,Phrase,1
11.506022,10.400306,Phrase,1
10.171506,13.896357,Phrase,0
16.217659,9.668997,Phrase,1
9.775008,12.983465,Phrase,0
11.385998,11.096383,Phrase,2
7.1469436,8.776549,Phrase,1
11.455574,10.161756,Phrase,1
10.676301,8.676365,Phrase,0
10.240614,11.606876,Phrase,0
9.793262,10.883569,Phrase,2
11.682038,10.069279,Phrase,0
11.2869215,10.374796,Phrase,1
11.620263,8.583084,Phrase,1
10.605408,10.5349455,Phrase,0
9.723698,14.769325,Phrase,3
8.389719,10.337278,Phrase,2
7.4259505,8.749882,Phrase,0
10.423581,9.298527,Phrase,2
10.39769,13.434597,Phrase,0
10.367501,10.045496,Phrase,2
10.507643,10.529103,Phrase,2
9.382583,10.747007,Phrase,0
10.935343,12.227468,Phrase,0
10.557119,11.755323,Phrase,0
11.841617,11.355067,Phrase,1
7.544777,8.580809,Phrase,1
10.359751,13.111024,Phrase,0
10.234961,14.058872,Phrase,0
10.403586,10.101482,Phrase,1
10.380844,12.239475,Phrase,2
11.769089,10.511424,Phrase,1
10.205246,14.639193,Phrase,3
9.818149,11.454539,Phrase,0
11.592302,10.788041,Phrase,1
9.5740385,11.960076,Phrase,0
10.150972,14.823505,Phrase,3
10.26404,10.245942,Phrase,0
10.656717,9.04649,Phrase,2
8.44676,12.299424,Phrase,2
10.956884,12.262954,Phrase,0
12.180692,10.107373,Phrase,1
10.573986,11.597041,Phrase,0
9.874793,11.148178,Phrase,0
9.385837,10.6459055,Phrase,2
8.16788,10.105755,Phrase,2
10.596914,11.703304,Phrase,0
10.7641,10.567227,Phrase,1
10.101109,15.282384,Phrase,3
7.5394197,23.775906,Phrase,2
8.708121,15.003999,Phrase,3
10.1973,10.90842,Phrase,1
11.617642,10.967984,Phrase,0
10.575611,14.220485,Phrase,3
9.351819,11.230207,Phrase,0
10.172651,11.187292,Phrase,0
10.9651985,11.742328,Phrase,0
11.221111,9.409472,Phrase,1
7.1743336,8.052083,Phrase,1
10.416574,13.100392,Phrase,0
11.568295,12.589157,Phrase,0
12.4735775,10.824189,Phrase,1
9.528253,10.4713745,Phrase,2
9.284283,11.177565,Phrase,2
4.2928324,4.5838656,Phrase,2
6.893432,21.032305,Phrase,1
9.076752,15.572002,Phrase,3
10.089928,14.867995,Phrase,3
10.398012,10.386072,Phrase,1
11.324478,12.750358,Phrase,0
9.739907,11.713103,Phrase,0
9.850151,10.197111,Phrase,2
11.055522,12.196891,Phrase,0
12.648095,8.799796,Phrase,0
9.548359,9.3872385,Phrase,2
9.291595,15.382307,Phrase,1
11.647248,11.214186,Phrase,0
9.481862,11.509688,Phrase,0
11.695656,9.201946,Phrase,1
9.384624,11.371726,Phrase,2
9.540372,12.591295,Phrase,3
11.736541,11.519299,Phrase,0
9.089349,10.683821,Phrase,2
12.725603,11.752924,Phrase,1
9.493678,12.669506,Phrase,0
-6.0709867,7.612067,Phrase,1
10.250959,15.299265,Phrase,3
8.396003,10.1452675,Phrase,2
12.422454,12.372278,Phrase,1
10.228811,12.9043045,Phrase,0
12.253399,10.938464,Phrase,1
10.296305,14.191223,Phrase,3
11.180731,11.816799,Phrase,0
9.914776,13.765006,Phrase,2
12.01203,11.601413,Phrase,0
9.28813,12.781754,Phrase,0
9.134256,10.704111,Phrase,2
9.423363,11.494936,Phrase,2
9.207963,10.998464,Phrase,0
12.044925,13.269106,Phrase,0
10.56224,11.375928,Phrase,0
11.298588,9.994445,Phrase,1
9.121987,11.120688,Phrase,2
9.609745,9.14682,Phrase,2
9.970282,15.455386,Phrase,3
9.687548,14.625876,Phrase,3
9.463559,11.9957285,Phrase,0
9.529689,15.369029,Phrase,3
10.257926,14.450492,Phrase,3
9.493715,13.220284,Phrase,0
9.285056,15.604979,Phrase,3
10.507228,14.343024,Phrase,3
11.230974,12.84741,Phrase,0
9.621544,9.192792,Phrase,2
9.5066395,15.587381,Phrase,3
8.744134,8.985624,Phrase,2
9.61566,11.77619,Phrase,0
10.348589,13.845838,Phrase,1
8.645596,10.482858,Phrase,1
-6.0762444,7.606863,Phrase,1
10.825306,12.398338,Phrase,0
12.171933,11.455853,Phrase,2
10.361793,10.281878,Phrase,2
10.092122,9.878617,Phrase,2
10.452457,15.426152,Phrase,3
10.330408,15.05665,Phrase,3
11.404331,10.579629,Phrase,2
10.05727,11.449368,Phrase,2
10.52922,10.072178,Phrase,2
14.528852,8.038417,Phrase,2
10.882316,12.095402,Phrase,0
9.24191,9.605033,Phrase,2
7.241212,8.129626,Phrase,1
9.60261,12.454526,Phrase,2
10.312058,15.2426605,Phrase,3
9.884873,15.43782,Phrase,3
11.0994425,6.901883,Phrase,0
10.704182,9.34976,Phrase,2
12.580146,10.076589,Phrase,1
9.739853,13.796439,Phrase,0
10.977999,14.445758,Phrase,3
10.8291,10.837047,Phrase,1
7.188604,8.047256,Phrase,1
10.264965,13.67937,Phrase,0
9.616611,12.175235,Phrase,0
10.863554,10.69389,Phrase,2
9.924869,11.554651,Phrase,2
10.758086,11.516117,Phrase,2
9.750046,15.732176,Phrase,3
10.591011,10.580642,Phrase,2
10.989299,8.103073,Phrase,0
12.425982,9.89843,Phrase,1
10.751092,10.954626,Phrase,0
11.088678,9.413375,Phrase,1
8.172356,10.178635,Phrase,2
10.962988,11.913071,Phrase,0
9.988488,10.887427,Phrase,0
7.9824066,9.554312,Phrase,2
11.048652,9.392626,Phrase,1
11.440915,12.704155,Phrase,0
9.739614,10.256987,Phrase,2
11.027115,9.982535,Phrase,2
12.7973995,9.449101,Phrase,1
9.658439,11.898318,Phrase,2
11.198415,10.19777,Phrase,1
10.046958,14.521688,Phrase,3
12.303939,13.524281,Phrase,1
9.153595,10.658241,Phrase,2
11.923599,11.615936,Phrase,0
9.43112,12.75348,Phrase,0
11.305821,10.078473,Phrase,2
12.865254,10.486111,Phrase,1
10.571182,13.614935,Phrase,3
10.834217,14.096593,Phrase,3
9.363428,10.178071,Phrase,2
9.159175,9.619558,Phrase,2
9.636208,14.732232,Phrase,3
10.430778,14.142867,Phrase,2
9.35917,10.310193,Phrase,2
10.257815,10.469436,Phrase,2
9.817959,13.971543,Phrase,3
11.389735,10.888321,Phrase,1
9.318955,11.035125,Phrase,0
10.173951,15.013389,Phrase,3
11.3666725,8.872272,Phrase,0
10.362186,11.252202,Phrase,1
8.158544,9.651366,Phrase,2
9.165268,9.5092535,Phrase,2
8.784696,10.577591,Phrase,2
11.215558,10.703391,Phrase,2
9.851713,11.0224905,Phrase,0
11.015794,10.612242,Phrase,1
9.90078,14.767212,Phrase,3
11.856241,11.055216,Phrase,1
9.194019,14.019951,Phrase,2
7.094288,8.796933,Phrase,1
10.221743,13.826893,Phrase,0
10.45954,10.310887,Phrase,2
9.882654,12.224746,Phrase,3
9.284691,9.994428,Phrase,2
11.017395,9.240026,Phrase,1
9.685919,10.698067,Phrase,2
9.38197,9.703219,Phrase,2
10.672185,8.702727,Phrase,0
11.583382,9.256752,Phrase,2
11.7097435,11.747,Phrase,0
9.808389,11.290694,Phrase,0
10.566714,12.87085,Phrase,0
10.446472,11.034688,Phrase,2
10.796017,11.604766,Phrase,0
10.545272,10.74205,Phrase,0
9.060857,11.527102,Phrase,0
11.091179,6.8871417,Phrase,0
10.252355,14.654365,Phrase,3
12.550458,10.7643,Phrase,1
8.52347,11.591004,Phrase,2
10.010457,10.039062,Phrase,2
7.7477727,9.986505,Phrase,2
8.780211,11.532102,Phrase,2
11.005392,12.449523,Phrase,0
10.256227,9.734664,Phrase,2
9.885033,13.1946335,Phrase,0
9.307359,15.654124,Phrase,3
9.627018,15.517226,Phrase,3
10.188427,12.691566,Phrase,0
11.098734,10.877087,Phrase,2
10.749944,9.751157,Phrase,0
7.3916726,8.617211,Phrase,1
11.204447,11.925775,Phrase,0
8.302478,8.980165,Phrase,2
11.33106,12.2518635,Phrase,0
12.368546,10.776216,Phrase,1
8.563194,9.513512,Phrase,2
11.410963,14.231762,Phrase,3
10.428375,7.667912,Phrase,0
9.243489,14.382414,Phrase,3
11.170723,10.67116,Phrase,0
12.9393215,11.391118,Phrase,1
9.963736,14.040389,Phrase,3
8.852384,11.177818,Phrase,2
9.348789,13.817682,Phrase,3
10.883911,12.301652,Phrase,2
10.447215,11.823157,Phrase,2
10.166686,15.42741,Phrase,3
11.238324,10.140335,Phrase,1
11.220809,11.355644,Phrase,0
10.038987,14.941975,Phrase,3
8.623376,10.501726,Phrase,2
9.13872,10.213882,Phrase,0
10.47713,15.101308,Phrase,3
12.241523,11.011925,Phrase,1
10.114173,10.220994,Phrase,2
11.316626,12.096041,Phrase,1
10.141742,12.93128,Phrase,1
8.013773,10.257588,Phrase,2
12.028145,13.349747,Phrase,0
9.268113,9.548247,Phrase,2
9.548487,14.448523,Phrase,3
12.364219,13.877847,Phrase,1
12.790392,10.514503,Phrase,0
9.435494,10.647545,Phrase,0
11.217083,13.031452,Phrase,0
11.821226,12.8268175,Phrase,2
11.287452,10.457265,Phrase,0
9.828659,15.376755,Phrase,3
10.798466,10.716881,Phrase,0
9.575109,15.376975,Phrase,3
9.275568,11.534554,Phrase,2
9.012067,10.321629,Phrase,2
12.887608,11.729533,Phrase,1
10.914788,11.931468,Phrase,0
10.082273,13.197577,Phrase,0
8.972408,12.050557,Phrase,0
9.327724,10.616563,Phrase,2
10.660362,11.329244,Phrase,2
9.90282,14.866426,Phrase,3
9.627745,10.144386,Phrase,2
9.931788,11.299939,Phrase,2
11.676186,11.697257,Phrase,0
8.536026,10.300406,Phrase,2
7.9504337,10.028173,Phrase,2
9.887879,12.527815,Phrase,0
9.545353,14.448974,Phrase,3
11.474182,13.102288,Phrase,1
11.201694,10.783106,Phrase,1
10.438991,14.951244,Phrase,3
10.198937,13.502107,Phrase,1
11.952494,11.817703,Phrase,1
11.791995,11.687572,Phrase,2
7.7716913,9.745946,Phrase,2
10.967815,9.336052,Phrase,1
10.318141,9.320313,Phrase,1
11.837055,10.970958,Phrase,0
9.123485,9.794686,Phrase,2
12.479168,9.928151,Phrase,1
10.479433,12.504615,Phrase,0
9.152825,14.75923,Phrase,3
10.1261,14.1158905,Phrase,2
9.776133,15.252871,Phrase,3
8.723968,8.4789295,Phrase,1
9.288599,15.695688,Phrase,3
9.886584,10.193771,Phrase,2
11.577563,12.885718,Phrase,0
10.5598135,15.448206,Phrase,2
11.118707,12.572866,Phrase,1
10.954526,12.395109,Phrase,0
10.506777,11.23698,Phrase,1
11.011101,10.527347,Phrase,2
9.632707,10.897603,Phrase,0
10.500442,11.717997,Phrase,0
10.264716,10.312503,Phrase,1
12.465884,10.077023,Phrase,1
12.318373,9.901492,Phrase,1
9.449489,10.939482,Phrase,2
9.538858,13.385412,Phrase,0
9.901716,10.492269,Phrase,2
9.467057,11.429455,Phrase,1
9.566865,12.499824,Phrase,0
10.792845,13.315554,Phrase,0
9.560338,9.6985655,Phrase,2
14.761001,7.189767,Phrase,1
10.221939,10.602538,Phrase,1
11.434079,13.589064,Phrase,1
7.3695054,9.316688,Phrase,2
10.215783,15.392778,Phrase,3
12.441171,9.886615,Phrase,1
10.964591,11.514375,Phrase,0
10.788407,9.671374,Phrase,1
10.901141,12.899271,Phrase,0
9.584076,14.737083,Phrase,3
9.495814,12.501049,Phrase,0
9.668795,9.32364,Phrase,2
9.494436,10.701933,Phrase,2
10.289322,14.837012,Phrase,3
11.888502,11.917728,Phrase,0
9.533156,11.901513,Phrase,0
10.492587,13.368787,Phrase,0
10.094003,13.230641,Phrase,2
9.02937,11.175604,Phrase,0
10.533161,12.162829,Phrase,0
10.500406,13.866734,Phrase,3
9.478651,14.463246,Phrase,3
12.026135,9.772552,Phrase,1
9.04719,15.511967,Phrase,3
6.567418,13.459254,Phrase,2
11.335546,9.35808,Phrase,2
10.729959,10.334669,Phrase,0
10.123737,14.970922,Phrase,3
11.468505,11.905932,Phrase,0
10.625471,11.0669775,Phrase,0
10.382749,15.359806,Phrase,3
10.622298,12.487487,Phrase,0
9.282701,15.16723,Phrase,3
9.817703,15.065536,Phrase,3
11.132197,13.185578,Phrase,0
10.475087,12.475412,Phrase,0
9.918894,15.300978,Phrase,3
10.336941,10.728334,Phrase,1
9.634057,12.0450945,Phrase,0
11.950118,7.200015,Phrase,0
11.334868,10.710625,Phrase,0
9.255986,9.892322,Phrase,2
9.182576,9.518573,Phrase,2
9.742302,15.638331,Phrase,3
9.301606,9.640891,Phrase,2
10.28871,13.275482,Phrase,0
10.825828,10.338595,Phrase,2
12.009634,12.356797,Phrase,0
8.35867,8.234039,Phrase,1
10.72805,12.613551,Phrase,0
9.402469,10.76065,Phrase,2
10.312459,11.188815,Phrase,0
11.1711645,9.773732,Phrase,0
10.466264,15.105385,Phrase,3
9.185142,12.972742,Phrase,0
10.390215,9.295543,Phrase,0
8.57391,10.357186,Phrase,2
12.481052,10.015637,Phrase,1
17.252438,11.112274,Phrase,1
10.488609,11.54265,Phrase,2
11.442914,10.433527,Phrase,0
10.5322,13.177683,Phrase,0
9.94979,11.20193,Phrase,0
10.456597,13.183594,Phrase,0
11.304857,13.610416,Phrase,0
11.684347,14.186722,Phrase,2
11.651481,8.577229,Phrase,1
9.164385,11.128474,Phrase,2
10.110816,11.589784,Phrase,0
8.962152,11.195247,Phrase,0
12.758072,11.231953,Phrase,1
10.711453,14.347831,Phrase,3
10.597044,13.235271,Phrase,0
10.150694,7.6932383,Phrase,0
8.400624,10.841485,Phrase,2
9.497827,9.33907,Phrase,2
10.528605,11.402243,Phrase,0
10.527989,14.545995,Phrase,3
11.102901,6.9082336,Phrase,0
11.947263,9.992999,Phrase,1
10.950454,9.115773,Phrase,1
9.889129,11.305584,Phrase,2
9.731785,14.86091,Phrase,3
-6.0708294,7.612211,Phrase,1
12.452604,11.372245,Phrase,1
9.756154,12.075341,Phrase,2
9.89847,7.272401,Phrase,1
10.571571,11.256126,Phrase,2
10.06086,11.862451,Phrase,3
10.977841,11.97984,Phrase,0
8.808378,10.289677,Phrase,2
8.2236,8.492406,Phrase,2
10.755501,13.124058,Phrase,1
12.730302,12.334687,Phrase,2
9.498694,9.241639,Phrase,2
9.669369,15.464574,Phrase,3
10.07175,15.192504,Phrase,3
10.980561,14.0464325,Phrase,1
9.667165,14.87613,Phrase,3
9.2033415,14.062721,Phrase,3
11.129759,9.771257,Phrase,2
10.635812,11.123843,Phrase,2
8.1442375,10.199282,Phrase,2
8.798729,9.972116,Phrase,2
12.0112505,11.601988,Phrase,1
9.111253,11.5237465,Phrase,2
10.850513,12.031194,Phrase,0
9.968481,11.797475,Phrase,1
8.93857,10.153487,Phrase,2
12.464311,9.91289,Phrase,1
8.77714,9.32051,Phrase,2
10.4128,8.2459955,Phrase,0
12.096842,9.084686,Phrase,1
7.708195,9.999787,Phrase,2
9.330268,11.025301,Phrase,2
11.764626,7.2474127,Phrase,0
10.565539,13.258883,Phrase,3
10.633955,12.478374,Phrase,0
8.056961,8.391586,Phrase,2
8.535984,8.223607,Phrase,1
12.232272,10.16687,Phrase,1
7.1891575,8.047946,Phrase,1
12.008804,10.096558,Phrase,1
11.176986,9.1298,Phrase,0
10.230174,10.237617,Phrase,1
9.931596,13.277497,Phrase,0
10.394932,12.085076,Phrase,2
9.333154,13.755192,Phrase,0
11.954371,11.384473,Phrase,0
12.459637,10.42915,Phrase,1
11.208464,11.641294,Phrase,0
9.4968,12.191357,Phrase,2
9.502313,10.38953,Phrase,2
10.025192,13.43237,Phrase,2
10.366006,11.777018,Phrase,0
10.241787,14.956897,Phrase,3
10.596208,9.965493,Phrase,1
9.79736,9.63694,Phrase,1
10.699017,11.55594,Phrase,0
10.522957,7.828372,Phrase,2
10.603174,12.329129,Phrase,0
10.954703,11.125946,Phrase,2
8.195358,9.749044,Phrase,2
9.848684,11.22488,Phrase,0
11.595475,9.757238,Phrase,1
9.433132,15.45545,Phrase,3
8.040896,10.318362,Phrase,0
6.587481,13.611302,Phrase,1
9.508132,9.2579,Phrase,2
10.740673,10.21414,Phrase,0
9.454287,13.715309,Phrase,0
9.579931,9.161978,Phrase,2
9.200746,9.517543,Phrase,2
9.731219,14.733727,Phrase,3
14.523732,8.0389385,Phrase,2
10.999171,13.931009,Phrase,0
9.353686,10.249608,Phrase,2
9.094102,15.558069,Phrase,3
11.086283,12.152929,Phrase,0
10.320949,14.040982,Phrase,0
10.888758,10.048328,Phrase,2
10.476193,7.7186418,Phrase,0
10.659819,12.581448,Phrase,1
9.987052,10.36056,Phrase,2
11.275166,11.630794,Phrase,0
9.821397,14.856181,Phrase,3
10.7188225,10.806104,Phrase,2
8.839338,10.911412,Phrase,2
10.563997,10.624098,Phrase,0
9.213935,10.361023,Phrase,2
10.286239,13.171843,Phrase,2
11.016052,9.194713,Phrase,1
10.50606,13.087008,Phrase,0
10.6421,14.721931,Phrase,3
10.3033495,12.229595,Phrase,0
9.276988,9.246248,Phrase,2
12.563914,10.27993,Phrase,1
9.516413,9.2319975,Phrase,2
9.554168,13.391917,Phrase,3
9.327893,11.888626,Phrase,0
10.541392,10.247145,Phrase,0
9.052795,10.6394415,Phrase,2
11.35993,11.688073,Phrase,0
10.517452,14.641628,Phrase,3
10.487088,10.197984,Phrase,2
9.936481,14.533669,Phrase,3
10.078729,11.722871,Phrase,2
10.447964,10.248981,Phrase,2
10.464823,14.887124,Phrase,3
10.66122,9.550722,Phrase,1
11.115718,6.8985257,Phrase,0
11.3566475,12.19674,Phrase,0
10.870858,10.383173,Phrase,0
9.701744,9.706047,Phrase,2
7.8299584,8.485392,Phrase,1
10.262216,11.23795,Phrase,2
10.432933,15.237392,Phrase,3
10.107465,10.236163,Phrase,2
9.074288,9.742095,Phrase,2
9.778396,15.261677,Phrase,3
8.017973,11.020428,Phrase,2
10.62315,9.023034,Phrase,1
11.47916,11.25179,Phrase,0
9.270183,9.285235,Phrase,2
9.490477,9.284246,Phrase,2
10.383828,10.660819,Phrase,2
9.583339,9.300041,Phrase,2
11.055037,13.088556,Phrase,1
8.461573,12.205518,Phrase,2
9.869416,12.596982,Phrase,0
9.339046,14.741937,Phrase,3
12.885864,11.431641,Phrase,1
9.071033,15.636755,Phrase,3
10.737801,11.987799,Phrase,0
10.9090805,9.839191,Phrase,2
9.857858,11.112907,Phrase,2
11.839301,11.311083,Phrase,1
11.655275,12.625955,Phrase,1
10.557876,9.254668,Phrase,2
8.643702,10.960902,Phrase,2
8.376996,8.224391,Phrase,2
10.600114,13.331351,Phrase,0
10.664944,8.385541,Phrase,0
10.01222,11.9337015,Phrase,0
9.646113,11.242673,Phrase,0
11.309446,10.162898,Phrase,1
10.465789,13.60489,Phrase,0
10.552984,10.862832,Phrase,2
9.73698,15.273696,Phrase,3
8.563433,8.830561,Phrase,1
10.777874,14.605742,Phrase,3
10.453792,11.216411,Phrase,2
10.416246,10.57807,Phrase,0
9.866452,10.98866,Phrase,1
10.142895,13.161851,Phrase,0
9.3887205,11.990892,Phrase,2
9.8124275,15.498021,Phrase,3
11.444475,12.120862,Phrase,1
10.057016,15.178704,Phrase,3
7.2600937,8.438549,Phrase,1
11.199786,12.301756,Phrase,0
9.707927,12.77342,Phrase,0
9.166721,11.115033,Phrase,2
11.262208,14.759913,Phrase,1
10.206893,14.25725,Phrase,3
9.437777,10.134424,Phrase,0
11.232777,10.745025,Phrase,1
9.861144,15.286028,Phrase,3
10.512792,12.913988,Phrase,0
9.527233,12.104855,Phrase,0
10.181335,14.725349,Phrase,3
10.59207,13.252651,Phrase,0
11.944189,10.409019,Phrase,0
12.425803,11.80946,Phrase,1
9.068743,11.727349,Phrase,2
10.1431465,11.019152,Phrase,0
9.348131,14.893254,Phrase,3
7.6410775,8.670439,Phrase,1
11.280611,11.02262,Phrase,0
9.062835,15.5291,Phrase,3
11.239034,11.966165,Phrase,0
10.368331,13.958933,Phrase,3
11.730288,12.781191,Phrase,2
12.166652,10.833356,Phrase,1
9.340967,10.345463,Phrase,2
10.632913,11.761849,Phrase,0
9.459776,12.503572,Phrase,3
12.438197,9.931773,Phrase,1
11.415775,10.0835905,Phrase,1
9.829395,12.774167,Phrase,0
9.537177,10.784604,Phrase,0
9.73755,9.455608,Phrase,2
9.075835,11.136946,Phrase,0
9.723014,11.368091,Phrase,1
10.634693,11.510527,Phrase,0
10.981098,12.166773,Phrase,0
10.998575,13.681212,Phrase,0
9.745843,10.944862,Phrase,0
11.30029,11.131182,Phrase,1
9.67928,12.100829,Phrase,0
10.389717,13.438964,Phrase,0
11.110542,8.973149,Phrase,2
9.939724,15.531363,Phrase,3
9.694455,9.450322,Phrase,2
10.773049,11.625031,Phrase,0
11.031626,11.885264,Phrase,0
11.534304,12.850974,Phrase,3
9.651968,13.008475,Phrase,0
11.022756,10.663043,Phrase,0
10.125265,10.667923,Phrase,0
9.69405,9.185264,Phrase,1
11.211002,9.260995,Phrase,2
10.664679,11.167609,Phrase,1
11.899152,11.492698,Phrase,1
9.028052,11.060803,Phrase,0
10.4842005,15.307622,Phrase,3
9.946371,10.300005,Phrase,2
9.406886,9.77701,Phrase,2
10.254984,13.231511,Phrase,0
9.434552,10.35643,Phrase,2
9.474813,9.246688,Phrase,2
11.051379,10.44367,Phrase,1
11.023388,9.404924,Phrase,2
12.552644,9.978847,Phrase,1
10.465355,14.116332,Phrase,2
9.998124,10.9805765,Phrase,1
9.128406,14.68721,Phrase,3
10.402197,12.5455475,Phrase,0
8.258774,10.589682,Phrase,2
12.402747,9.903721,Phrase,1
12.012347,11.806271,Phrase,0
10.859844,9.894932,Phrase,1
10.078686,11.414603,Phrase,2
8.137594,8.298644,Phrase,1
10.027351,13.934211,Phrase,3
11.79637,12.112736,Phrase,0
9.850597,15.307794,Phrase,3
9.31095,9.691731,Phrase,2
10.069424,14.822853,Phrase,3
11.818127,11.929481,Phrase,0
11.8719,12.309103,Phrase,0
9.981008,15.253201,Phrase,3
12.39265,9.905046,Phrase,1
11.959632,11.21402,Phrase,1
9.016843,10.819913,Phrase,2
11.293651,14.772688,Phrase,3
11.533375,12.455939,Phrase,1
12.139184,11.956378,Phrase,1
10.375308,8.500517,Phrase,2
11.492757,11.879926,Phrase,0
9.028902,11.761502,Phrase,2
10.272528,14.615393,Phrase,3
11.836237,12.625811,Phrase,0
10.377249,10.717143,Phrase,0
10.615222,15.0020485,Phrase,3
9.357196,11.757913,Phrase,0
10.976605,10.35469,Phrase,2
10.327696,14.042623,Phrase,0
10.05943,10.227683,Phrase,2
9.684186,9.568463,Phrase,0
10.4741335,11.058564,Phrase,0
11.501141,9.50235,Phrase,1
11.55692,9.80001,Phrase,1
11.014014,10.673186,Phrase,2
10.927052,8.245012,Phrase,0
10.036172,9.724493,Phrase,1
8.593422,7.9147906,Phrase,1
12.468092,9.916457,Phrase,1
7.646652,8.484189,Phrase,1
9.979927,11.265727,Phrase,2
8.125585,9.5653515,Phrase,2
10.719285,10.759565,Phrase,1
10.276416,12.395566,Phrase,0
9.18368,10.538111,Phrase,2
10.17785,11.338741,Phrase,2
9.73959,14.742011,Phrase,3
9.677268,10.811686,Phrase,2
8.593463,10.746852,Phrase,2
11.694469,11.837988,Phrase,1
10.304941,15.293374,Phrase,2
10.20124,10.80252,Phrase,0
10.891701,10.569835,Phrase,0
10.658002,12.306845,Phrase,0
12.041412,12.1022625,Phrase,0
10.397509,13.143438,Phrase,3
10.27181,11.972631,Phrase,0
10.583772,11.036365,Phrase,0
10.017951,13.225833,Phrase,2
10.301265,12.034308,Phrase,0
10.424991,13.658968,Phrase,1
9.437789,15.38136,Phrase,3
7.7349563,8.443047,Phrase,2
9.640406,15.039856,Phrase,3
11.214756,10.183644,Phrase,1
8.120329,10.274908,Phrase,2
11.321748,13.489303,Phrase,1
12.478668,9.924089,Phrase,1
9.952817,11.27693,Phrase,2
11.4652405,11.133347,Phrase,0
9.157596,15.689481,Phrase,3
10.964559,12.166073,Phrase,0
11.14286,13.03457,Phrase,0
10.291013,13.523118,Phrase,0
8.104249,10.86746,Phrase,2
10.565446,11.799109,Phrase,0
10.768289,12.042556,Phrase,0
10.674538,11.2583885,Phrase,0
8.202135,11.069275,Phrase,2
6.888521,12.232672,Phrase,2
10.140226,13.322628,Phrase,2
9.899269,9.355629,Phrase,1
9.917214,10.54509,Phrase,2
12.462031,9.920891,Phrase,1
11.36819,12.364063,Phrase,0
11.189971,9.419807,Phrase,2
10.567683,12.320329,Phrase,0
9.897101,9.331223,Phrase,1
11.433665,12.589866,Phrase,0
8.567404,8.229051,Phrase,1
9.181846,9.848763,Phrase,2
10.570367,11.9943695,Phrase,2
10.006148,14.740659,Phrase,3
10.983238,13.530235,Phrase,0
7.2724032,8.321136,Phrase,1
11.412387,12.154983,Phrase,0
9.043619,10.739336,Phrase,0
7.8505187,9.789664,Phrase,2
11.67441,10.611194,Phrase,1
10.3981905,11.438707,Phrase,2
11.273852,12.509804,Phrase,0
9.49192,11.585013,Phrase,0
9.496053,9.189461,Phrase,2
10.6764555,14.372992,Phrase,3
9.387707,10.404433,Phrase,2
9.533855,14.953621,Phrase,3
9.870994,8.147758,Phrase,0
11.250161,10.555182,Phrase,1
8.979786,11.694286,Phrase,2
10.124579,13.24501,Phrase,0
12.501923,10.099278,Phrase,1
9.353604,15.192244,Phrase,3
10.505992,11.358664,Phrase,0
9.614536,10.770142,Phrase,0
8.4041815,9.706199,Phrase,2
17.262022,11.11341,Phrase,1
9.571387,15.0630665,Phrase,2
10.993954,8.4051895,Phrase,2
11.235012,11.551665,Phrase,0
10.762299,12.136184,Phrase,0
10.613804,9.778139,Phrase,0
10.4314,13.396588,Phrase,0
9.592586,15.48949,Phrase,3
11.110936,9.349462,Phrase,1
11.823202,13.56401,Phrase,1
11.395512,13.635651,Phrase,1
10.271068,13.446672,Phrase,0
9.61994,14.001691,Phrase,3
9.309427,9.939287,Phrase,2
8.872471,15.718621,Phrase,3
11.221071,12.9876375,Phrase,1
11.323716,10.693364,Phrase,1
9.291019,11.376273,Phrase,2
9.851197,12.938026,Phrase,0
-6.071158,7.6119165,Phrase,1
11.036602,11.349281,Phrase,0
9.535414,13.871169,Phrase,0
12.747926,8.159578,Phrase,2
9.942069,15.729406,Phrase,3
11.031186,8.281917,Phrase,0
8.801279,10.476824,Phrase,0
10.583921,12.161046,Phrase,0
10.403805,13.987895,Phrase,2
8.709258,14.871974,Phrase,3
9.6434355,15.17277,Phrase,3
10.012065,14.8954935,Phrase,3
9.94567,15.312255,Phrase,3
11.081337,10.891085,Phrase,0
11.298965,11.806338,Phrase,0
10.120045,11.765945,Phrase,0
8.785186,15.029962,Phrase,3
9.732201,11.308785,Phrase,0
11.379404,8.837222,Phrase,0
10.757913,13.204048,Phrase,1
9.668246,10.868461,Phrase,2
9.616475,10.439818,Phrase,2
7.759448,8.491113,Phrase,1
7.9901924,9.528424,Phrase,2
10.601069,14.845799,Phrase,3
12.394585,11.2007,Phrase,1
10.490364,13.329955,Phrase,1
8.157822,9.607601,Phrase,2
11.101539,6.90918,Phrase,0
8.368778,9.644647,Phrase,2
11.612728,12.501128,Phrase,0
10.444151,15.149986,Phrase,3
9.717323,12.358846,Phrase,2
10.441736,14.328707,Phrase,3
9.601874,14.806129,Phrase,3
10.566383,15.436107,Phrase,3
12.336629,12.4391575,Phrase,1
10.096716,14.448874,Phrase,3
10.329834,10.887007,Phrase,1
11.318283,12.892785,Phrase,1
11.086635,8.770756,Phrase,2
11.412489,10.710383,Phrase,0
11.0914955,13.17283,Phrase,0
10.795106,12.119237,Phrase,0
9.648607,14.670297,Phrase,3
10.248939,9.868885,Phrase,1
11.264151,9.176102,Phrase,2
11.018982,11.359394,Phrase,0
9.408365,11.09986,Phrase,2
9.708352,10.614647,Phrase,2
8.740723,10.714746,Phrase,0
9.179555,12.859142,Phrase,0
11.252743,10.1960945,Phrase,0
9.75948,12.695553,Phrase,0
9.431927,9.313092,Phrase,2
9.808991,14.5790205,Phrase,3
9.755426,13.048637,Phrase,0
10.633053,13.46042,Phrase,2
12.421591,13.900488,Phrase,1
11.093983,11.986533,Phrase,0
9.480281,12.239089,Phrase,0
10.557501,12.670053,Phrase,0
11.132154,8.837088,Phrase,1
12.219186,11.598203,Phrase,1
9.078002,14.395927,Phrase,3
10.534576,14.907476,Phrase,3
11.891738,11.89538,Phrase,0
10.513587,13.601767,Phrase,3
10.002725,15.505724,Phrase,3
8.835749,10.573582,Phrase,2
8.816653,10.761877,Phrase,2
11.246517,9.140451,Phrase,2
11.860434,11.837065,Phrase,1
9.403399,11.036303,Phrase,1
9.195746,10.351525,Phrase,2
8.655524,10.311363,Phrase,1
11.869171,10.991918,Phrase,1
8.238018,10.783501,Phrase,2
11.459632,7.6763973,Phrase,0
8.976771,11.308159,Phrase,0
11.865419,10.270206,Phrase,1
11.824981,11.509548,Phrase,1
12.956492,11.417697,Phrase,1
9.823364,13.216693,Phrase,2
11.739889,11.746782,Phrase,0
9.641679,11.142334,Phrase,0
11.375489,10.312349,Phrase,0
10.461794,13.611717,Phrase,2
10.548762,10.440766,Phrase,2
9.95751,15.323644,Phrase,3
12.824652,8.93922,Phrase,0
10.661113,10.95399,Phrase,0
11.835893,12.233109,Phrase,1
10.4741745,15.443855,Phrase,3
10.972482,10.885264,Phrase,0
11.557437,14.270167,Phrase,2
7.39788,8.761164,Phrase,1
9.81084,10.065365,Phrase,2
11.073494,6.9412584,Phrase,0
8.806079,10.4668665,Phrase,2
10.437012,13.315928,Phrase,2
9.966271,10.65802,Phrase,0
12.786276,8.934532,Phrase,0
9.368885,15.118505,Phrase,3
12.479094,9.911758,Phrase,1
8.155504,9.946733,Phrase,2
11.064389,10.671553,Phrase,0
11.437036,12.089223,Phrase,1
9.966875,13.365646,Phrase,0
10.9275675,12.027068,Phrase,0
11.218943,11.635723,Phrase,0
8.115966,9.875206,Phrase,2
12.36168,13.922949,Phrase,1
10.217622,13.027484,Phrase,0
9.586149,12.362915,Phrase,2
11.112039,6.900218,Phrase,0
8.412595,9.70995,Phrase,2
11.989528,13.980607,Phrase,2
10.477996,14.9440365,Phrase,3
10.424028,12.085994,Phrase,0
11.922537,11.045469,Phrase,2
12.260138,12.419435,Phrase,2
10.324493,14.326957,Phrase,3
10.849643,12.923619,Phrase,0
7.5965385,8.469278,Phrase,1
9.271026,9.938057,Phrase,2
11.4432955,10.201253,Phrase,1
9.835357,11.44769,Phrase,0
9.612067,9.430643,Phrase,2
10.044425,14.8028965,Phrase,3
9.297157,11.582801,Phrase,0
8.498773,8.911732,Phrase,1
10.938565,11.426037,Phrase,0
10.516213,11.954857,Phrase,0
9.9696,10.734097,Phrase,2
9.179113,10.925649,Phrase,0
9.692552,12.163759,Phrase,2
8.634659,9.706307,Phrase,2
10.951874,8.649996,Phrase,1
9.1952715,12.940212,Phrase,0
9.374496,14.24255,Phrase,3
11.266479,12.797322,Phrase,1
10.639052,13.249456,Phrase,0
10.915028,10.821377,Phrase,0
9.906071,8.124177,Phrase,0
11.339365,10.3235235,Phrase,2
9.963713,13.405137,Phrase,0
9.516242,12.440432,Phrase,2
9.637892,15.366346,Phrase,3
10.921366,10.6222,Phrase,1
9.80146,11.063593,Phrase,0
10.170165,14.3037405,Phrase,3
11.82355,10.155629,Phrase,1
9.916067,11.019262,Phrase,2
11.301417,10.077719,Phrase,1
10.423543,15.490336,Phrase,3
11.857321,11.72502,Phrase,0
11.383628,10.660315,Phrase,0
11.041389,10.84521,Phrase,1
8.418365,8.266456,Phrase,1
9.297436,11.269969,Phrase,0
9.314044,12.604724,Phrase,2
11.004413,11.329573,Phrase,1
9.622241,13.784157,Phrase,2
10.827637,11.190449,Phrase,0
11.52685,11.365542,Phrase,0
11.91106,7.213719,Phrase,1
-6.0699277,7.6130843,Phrase,1
11.554914,10.011952,Phrase,0
8.928685,10.295967,Phrase,0
10.454475,15.516559,Phrase,3
11.085941,13.111181,Phrase,0
9.767004,11.908906,Phrase,2
9.628788,12.153494,Phrase,3
12.228146,12.187327,Phrase,0
10.395799,10.318855,Phrase,2
9.535897,10.930696,Phrase,2
11.252148,10.674624,Phrase,1
8.524156,10.924061,Phrase,2
12.918369,10.3285,Phrase,1
9.109563,11.388454,Phrase,2
10.403839,11.002575,Phrase,1
11.288739,11.518949,Phrase,0
11.50857,10.167091,Phrase,1
8.92548,8.460723,Phrase,1
9.1149645,10.438682,Phrase,2
9.505769,10.154736,Phrase,2
10.332139,11.650238,Phrase,0
10.092532,14.455124,Phrase,3
9.310606,10.214098,Phrase,1
11.227309,9.833421,Phrase,1
7.554673,8.467066,Phrase,2
10.499229,13.584674,Phrase,3
9.63557,11.632189,Phrase,1
9.595274,15.004817,Phrase,3
10.319786,13.947884,Phrase,1
12.316134,10.544194,Phrase,1
10.191743,15.647763,Phrase,3
10.8317795,10.456453,Phrase,2
7.910512,12.683758,Phrase,0
12.418885,11.31433,Phrase,1
9.816125,10.335585,Phrase,2
10.1966715,14.519432,Phrase,3
10.5079365,10.727356,Phrase,2
10.221154,14.110248,Phrase,3
10.251967,15.259711,Phrase,3
9.202313,9.946865,Phrase,2
10.474827,14.472985,Phrase,3
9.678379,12.552827,Phrase,2
8.72588,8.58518,Phrase,3
10.272647,14.497286,Phrase,3
9.637132,11.079288,Phrase,0
10.986282,12.255644,Phrase,0
8.07102,9.439346,Phrase,2
8.15204,8.336812,Phrase,1
10.129555,10.987582,Phrase,2
10.832632,11.882764,Phrase,0
9.757104,9.48615,Phrase,0
8.589762,10.456427,Phrase,2
10.660656,12.925281,Phrase,0
9.386727,12.59887,Phrase,3
12.203018,12.434313,Phrase,2
10.609486,11.070826,Phrase,0
10.884213,13.201937,Phrase,1
10.236194,10.7751045,Phrase,2
10.578238,15.445152,Phrase,3
10.748956,9.471356,Phrase,2
11.02684,12.391553,Phrase,0
-6.071017,7.6120896,Phrase,1
9.816236,13.646044,Phrase,3
9.650793,15.528193,Phrase,3
10.221186,13.842791,Phrase,0
9.960856,12.829731,Phrase,0
9.552895,9.365355,Phrase,2
9.149486,10.642224,Phrase,2
11.5660305,7.481359,Phrase,2
9.016471,12.699268,Phrase,2
8.947238,11.205394,Phrase,0
7.2325845,8.442225,Phrase,1
10.61626,12.447974,Phrase,0
7.8667502,8.374438,Phrase,1
11.289128,11.188525,Phrase,1
10.729713,12.658514,Phrase,1
9.29573,11.014136,Phrase,2
9.574601,12.127157,Phrase,0
9.297829,15.336766,Phrase,3
9.402651,9.143179,Phrase,2
11.15611,12.598084,Phrase,1
9.300771,12.607876,Phrase,2
9.855142,14.844882,Phrase,3
8.236264,10.22547,Phrase,2
10.355114,11.116464,Phrase,2
9.749165,15.509517,Phrase,3
9.9284935,15.778737,Phrase,3
9.894101,10.358916,Phrase,2
10.128802,12.288538,Phrase,2
9.475807,9.17463,Phrase,2
11.131569,9.8657255,Phrase,1
12.322643,11.557905,Phrase,2
9.597347,10.826274,Phrase,0
10.121094,15.461325,Phrase,3
12.035676,11.089844,Phrase,1
10.224505,15.163731,Phrase,3
9.696383,15.712001,Phrase,3
10.951407,12.22147,Phrase,0
9.885127,10.897233,Phrase,0
9.125112,14.2682705,Phrase,3
10.746386,11.297342,Phrase,0
9.9914875,14.847408,Phrase,3
9.679908,11.668462,Phrase,0
12.136294,11.852888,Phrase,1
10.039152,10.783307,Phrase,2
8.739484,15.389505,Phrase,3
10.630069,11.114305,Phrase,2
10.59587,11.571094,Phrase,0
11.220658,10.490294,Phrase,0
10.0054035,14.494929,Phrase,3
9.439537,10.769496,Phrase,0
9.549672,15.520749,Phrase,3
10.537044,12.251962,Phrase,0
9.371485,10.208525,Phrase,2
10.831386,13.100783,Phrase,2
10.772537,12.61937,Phrase,0
10.921371,11.147738,Phrase,1
9.442597,9.211711,Phrase,2
10.486184,8.339786,Phrase,0
8.144998,9.766351,Phrase,2
12.244523,11.13062,Phrase,1
10.555874,11.317458,Phrase,0
10.48779,8.351771,Phrase,0
9.409894,13.539045,Phrase,0
10.830075,8.560219,Phrase,2
10.909734,11.813278,Phrase,0
8.189732,9.992366,Phrase,2
11.578458,10.013475,Phrase,2
9.29731,9.287894,Phrase,2
11.672448,12.861868,Phrase,0
12.267597,9.861992,Phrase,1
10.359745,13.006875,Phrase,0
10.587979,12.675664,Phrase,0
10.573946,10.242703,Phrase,2
9.455521,11.604933,Phrase,2
11.228337,12.567499,Phrase,0
11.433797,11.445557,Phrase,0
10.807658,11.065399,Phrase,0
11.018206,12.262585,Phrase,0
11.32183,12.214649,Phrase,0
11.519489,10.618423,Phrase,0
11.928832,11.087844,Phrase,1
11.788345,10.9757185,Phrase,1
11.065517,9.651517,Phrase,2
10.73461,12.266894,Phrase,0
9.770061,13.023929,Phrase,2
10.193264,13.349561,Phrase,0
12.165839,12.431259,Phrase,2
11.213064,13.052252,Phrase,0
9.980814,11.106781,Phrase,2
7.3836823,13.598917,Phrase,2
7.806727,8.424642,Phrase,1
11.300653,11.056885,Phrase,0
11.042893,10.748458,Phrase,0
10.0433655,10.574121,Phrase,2
6.839974,9.14718,Phrase,2
11.518004,7.461147,Phrase,0
9.752181,10.606112,Phrase,2
10.1489,11.520009,Phrase,0
11.1353445,11.236666,Phrase,0
8.953578,15.573382,Phrase,3
10.28843,14.771318,Phrase,3
10.760872,13.447308,Phrase,2
9.535063,12.37613,Phrase,2
11.114263,11.538806,Phrase,0
11.38996,14.046989,Phrase,2
10.939977,11.989765,Phrase,0
10.040782,11.073535,Phrase,2
9.497395,14.392848,Phrase,3
11.759149,12.111219,Phrase,0
11.157995,9.621833,Phrase,1
9.143083,11.216499,Phrase,2
11.451732,13.046741,Phrase,0
10.4809265,11.851641,Phrase,0
6.5873,8.353685,Phrase,1
9.180235,10.529871,Phrase,2
10.171077,9.918154,Phrase,1
10.263008,10.119481,Phrase,2
10.166904,10.152789,Phrase,2
10.552463,13.079882,Phrase,0
9.818243,11.278452,Phrase,2
10.266613,14.81266,Phrase,3
10.166685,11.878706,Phrase,0
10.893011,13.943659,Phrase,0
10.246676,12.9273615,Phrase,0
10.069072,8.99651,Phrase,2
10.251726,13.246738,Phrase,0
10.626202,15.415887,Phrase,3
8.896762,15.514555,Phrase,3
8.470019,10.9931965,Phrase,2
8.791302,10.648482,Phrase,2
11.212106,11.29857,Phrase,0
10.345647,8.4084425,Phrase,2
10.051057,12.050247,Phrase,0
10.426292,9.528387,Phrase,1
11.076225,10.200481,Phrase,2
10.862873,14.964109,Phrase,3
11.241618,13.295267,Phrase,0
11.942099,12.085635,Phrase,0
7.947067,9.668031,Phrase,2
10.368477,10.415798,Phrase,0
11.01336,9.897039,Phrase,1
9.371176,10.160603,Phrase,0
9.697964,15.457963,Phrase,3
9.371652,9.73842,Phrase,0
8.409457,10.358796,Phrase,2
9.828669,11.402225,Phrase,0
10.26672,14.832136,Phrase,3
11.67187,8.546786,Phrase,1
9.410059,15.63646,Phrase,3
9.179183,12.592752,Phrase,0
9.548418,14.994787,Phrase,3
11.572697,12.434363,Phrase,0
11.488639,11.051123,Phrase,1
10.165131,10.62174,Phrase,2
9.915994,13.370147,Phrase,0
9.416715,9.07276,Phrase,2
10.518062,10.9728565,Phrase,1
9.3474045,15.386758,Phrase,3
10.566839,11.284786,Phrase,1
11.128656,13.354883,Phrase,3
12.804001,9.430956,Phrase,1
11.192174,13.0471115,Phrase,0
11.252624,9.304174,Phrase,1
10.756752,10.968354,Phrase,0
10.48983,11.897361,Phrase,2
10.408172,10.431582,Phrase,1
9.841464,10.29249,Phrase,2
10.6889925,11.710566,Phrase,0
10.363311,9.974358,Phrase,2
10.706752,15.460622,Phrase,3
8.068498,9.274907,Phrase,2
11.07013,12.491776,Phrase,0
10.594177,15.50368,Phrase,3
10.729872,14.516436,Phrase,3
10.895298,11.838877,Phrase,0
11.25321,10.885865,Phrase,0
12.439812,11.876704,Phrase,1
10.049318,14.692065,Phrase,3
12.006381,11.266492,Phrase,1
10.829367,11.019703,Phrase,0
10.371538,10.032456,Phrase,1
10.898496,9.428818,Phrase,1
12.6675415,12.472188,Phrase,1
10.721142,10.995814,Phrase,0
12.259658,10.923587,Phrase,1
7.5368,23.771957,Phrase,0
8.810308,11.812232,Phrase,2
11.548664,9.963597,Phrase,1
11.201145,9.241317,Phrase,0
10.771014,11.194379,Phrase,0
10.59508,10.510042,Phrase,0
11.742625,14.146631,Phrase,1
11.029049,10.977383,Phrase,0
11.364406,9.20561,Phrase,2
8.095286,9.60534,Phrase,2
10.973546,13.8541765,Phrase,1
12.736589,10.298571,Phrase,1
10.246121,14.927165,Phrase,3
10.144202,9.889862,Phrase,2
12.286782,10.732644,Phrase,0
10.4073305,14.566565,Phrase,3
8.615014,10.984415,Phrase,0
11.428059,13.6460705,Phrase,0
10.724321,10.407754,Phrase,0
12.204785,9.616338,Phrase,0
9.213159,11.305049,Phrase,0
10.984108,9.313493,Phrase,0
10.964514,10.804127,Phrase,0
10.0962105,14.639932,Phrase,3
12.516684,9.902205,Phrase,1
8.443518,10.783181,Phrase,2
9.374633,15.633045,Phrase,3
11.317918,9.011591,Phrase,1
9.531457,12.037518,Phrase,0
11.592606,12.547268,Phrase,1
10.378879,11.154995,Phrase,0
11.684259,12.142353,Phrase,0
10.29361,15.376915,Phrase,3
11.831845,13.889542,Phrase,0
11.5021925,12.33087,Phrase,0
7.7766404,8.512757,Phrase,1
8.641803,10.765334,Phrase,2
11.18951,10.221386,Phrase,2
11.420555,9.671696,Phrase,2
11.154257,13.582022,Phrase,1
9.614281,10.152125,Phrase,2
9.474731,9.218312,Phrase,2
9.568807,11.331518,Phrase,0
9.365735,9.331044,Phrase,2
10.433134,14.621876,Phrase,0
11.734897,12.924407,Phrase,1
10.743432,12.347067,Phrase,0
8.185575,10.281027,Phrase,2
9.657428,10.775276,Phrase,0
9.839812,8.059598,Phrase,2
10.9164915,12.103257,Phrase,0
11.15902,12.567055,Phrase,0
8.632052,15.342775,Phrase,3
11.101268,6.907422,Phrase,0
11.848793,9.818134,Phrase,1
9.248039,15.436764,Phrase,3
7.679085,8.93531,Phrase,2
11.292536,9.896725,Phrase,1
11.430411,12.896042,Phrase,3
11.076209,9.836086,Phrase,1
10.037112,11.864183,Phrase,0
10.260073,12.567805,Phrase,0
10.677953,12.437828,Phrase,0
9.889313,5.9459877,Phrase,1
13.817186,11.398937,Phrase,2
10.068622,12.657598,Phrase,2
10.066467,9.830517,Phrase,0
10.393651,12.83612,Phrase,1
11.327109,11.516932,Phrase,0
10.109592,12.793535,Phrase,2
11.102015,8.888946,Phrase,2
8.362652,9.544713,Phrase,2
10.2849455,15.355159,Phrase,3
7.7306046,8.108553,Phrase,1
12.164066,10.430268,Phrase,1
11.149121,13.233835,Phrase,0
10.942483,9.974772,Phrase,1
9.947572,15.034412,Phrase,3
12.557605,9.601086,Phrase,1
10.6631975,13.343624,Phrase,3
10.309796,12.6166,Phrase,0
-6.0709877,7.6121287,Phrase,1
10.017369,11.638488,Phrase,0
10.409038,12.543134,Phrase,2
11.015034,10.011945,Phrase,2
11.085283,11.02225,Phrase,0
11.287232,14.762417,Phrase,1
9.969292,11.167074,Phrase,2
10.371837,14.870407,Phrase,3
9.241574,14.58718,Phrase,3
10.789708,12.615552,Phrase,0
9.881847,13.016458,Phrase,0
9.910664,10.693763,Phrase,0
10.834396,10.873531,Phrase,2
10.966233,12.563166,Phrase,1
10.717411,12.0005455,Phrase,0
11.109374,6.8798003,Phrase,0
11.046946,11.023671,Phrase,0
10.83268,11.621481,Phrase,0
11.045195,11.941051,Phrase,0
11.07069,10.237818,Phrase,0
9.008367,14.700937,Phrase,3
9.696587,9.287371,Phrase,2
9.47851,14.562276,Phrase,3
10.819282,10.142424,Phrase,1
10.96535,10.954092,Phrase,3
11.3341,12.712483,Phrase,0
10.238471,9.364893,Phrase,2
10.204052,11.066318,Phrase,2
9.0014105,10.752223,Phrase,2
9.823535,15.17089,Phrase,3
8.795281,10.428708,Phrase,2
8.877685,10.558542,Phrase,2
10.143191,14.822185,Phrase,3
8.973657,15.26585,Phrase,3
11.47234,12.189013,Phrase,1
12.283466,11.183647,Phrase,1
11.802649,10.867587,Phrase,1
10.026472,13.056596,Phrase,0
10.710933,12.602009,Phrase,0
12.576287,11.731085,Phrase,1
9.928091,10.383115,Phrase,2
9.289396,10.893097,Phrase,2
12.947874,11.421024,Phrase,1
9.841971,10.5169735,Phrase,2
9.872287,10.996883,Phrase,1
9.672103,15.133748,Phrase,3
11.979098,10.472399,Phrase,1
11.453546,11.217186,Phrase,2
9.046604,10.509222,Phrase,2
12.916299,11.387517,Phrase,1
-6.070498,7.612598,Phrase,1
11.101203,13.300281,Phrase,1
11.071281,11.61577,Phrase,0
10.024775,10.678407,Phrase,0
9.919752,10.838623,Phrase,2
10.164522,14.7076645,Phrase,3
11.314739,11.626272,Phrase,0
10.54168,10.531598,Phrase,0
9.840298,9.974331,Phrase,0
9.691614,10.562214,Phrase,2
7.928963,8.367986,Phrase,2
9.233182,9.939513,Phrase,2
8.44491,11.00761,Phrase,2
10.676112,8.13393,Phrase,0
11.285514,9.062112,Phrase,0
10.0722065,12.5916815,Phrase,2
11.507629,9.653672,Phrase,2
10.247914,10.628063,Phrase,1
7.699672,9.9331045,Phrase,2
10.793716,11.13118,Phrase,0
11.012825,11.315606,Phrase,0
9.735883,10.284534,Phrase,2
9.667634,10.378663,Phrase,2
10.113634,15.425832,Phrase,3
10.425809,15.379143,Phrase,3
9.549057,9.145935,Phrase,2
10.968504,8.443195,Phrase,2
7.5998855,10.300001,Phrase,2
11.421725,10.307168,Phrase,1
9.958389,11.931969,Phrase,0
9.679539,15.065529,Phrase,3
9.534101,10.86226,Phrase,0
8.747621,9.47149,Phrase,2
12.2926,9.953529,Phrase,1
11.082114,11.953233,Phrase,0
10.097532,11.047025,Phrase,1
11.001764,12.41211,Phrase,0
9.200077,11.574955,Phrase,0
11.875843,12.068452,Phrase,0
8.792274,9.743755,Phrase,2
9.495379,15.066814,Phrase,3
9.630781,10.318388,Phrase,1
11.429069,14.203971,Phrase,2
7.870771,8.430441,Phrase,1
11.001925,12.7369175,Phrase,0
9.94585,13.048689,Phrase,2
9.836549,10.141764,Phrase,2
11.075658,12.558432,Phrase,0
10.708328,14.548785,Phrase,2
9.818208,11.637111,Phrase,0
10.834514,11.825006,Phrase,0
10.422838,14.847586,Phrase,3
10.974981,11.735285,Phrase,0
10.487731,9.066,Phrase,2
9.277139,15.616907,Phrase,3
11.60855,12.421435,Phrase,0
10.370327,11.062648,Phrase,0
10.06829,13.662523,Phrase,0
9.535368,13.579107,Phrase,0
11.58475,10.914552,Phrase,0
10.53487,12.887209,Phrase,0
10.309873,13.343838,Phrase,0
9.03251,9.414253,Phrase,2
11.162364,12.543373,Phrase,0
9.640936,10.654378,Phrase,0
11.2265,9.368814,Phrase,0
11.116941,6.9007254,Phrase,0
10.373919,13.657129,Phrase,0
8.038161,8.556158,Phrase,2
10.178156,11.326786,Phrase,0
10.4276705,10.6291065,Phrase,0
11.713328,11.298055,Phrase,1
12.714373,12.390869,Phrase,1
11.884716,10.012429,Phrase,1
12.330048,12.093755,Phrase,2
11.1990795,10.902041,Phrase,2
12.512048,11.150277,Phrase,1
11.8236685,9.828506,Phrase,0
9.707496,12.501035,Phrase,0
10.400036,8.719563,Phrase,2
10.929382,11.382672,Phrase,0
8.511605,11.2342,Phrase,2
10.638804,9.966469,Phrase,2
9.096566,15.317661,Phrase,3
11.191767,10.572376,Phrase,0
8.986072,9.083956,Phrase,1
11.668169,14.237865,Phrase,3
9.043064,15.649659,Phrase,3
9.730181,15.684152,Phrase,3
10.920697,12.663548,Phrase,0
12.191548,11.6297,Phrase,1
8.9159775,9.467033,Phrase,2
9.433005,9.192885,Phrase,2
10.551328,11.7247505,Phrase,0
10.748875,10.771096,Phrase,2
10.215988,12.051412,Phrase,0
10.393999,11.23079,Phrase,0
9.605702,12.231718,Phrase,0
10.315895,13.137589,Phrase,2
10.614744,9.578527,Phrase,1
10.314964,12.5041685,Phrase,0
10.071941,14.761669,Phrase,3
10.555109,10.43536,Phrase,2
9.807448,13.117153,Phrase,0
10.319259,14.635225,Phrase,3
10.277008,11.354887,Phrase,3
9.108185,12.198188,Phrase,2
12.961395,11.382608,Phrase,1
8.901089,10.531356,Phrase,2
11.378135,11.43939,Phrase,0
11.139773,9.844843,Phrase,2
9.974911,15.205739,Phrase,3
9.784099,13.011953,Phrase,2
9.44176,12.077852,Phrase,0
11.656359,12.427228,Phrase,0
12.0003605,12.129436,Phrase,1
10.534546,13.697177,Phrase,1
12.58828,9.783405,Phrase,1
9.080302,15.5476465,Phrase,3
10.380611,12.238962,Phrase,0
9.888991,15.132652,Phrase,3
10.266744,12.521532,Phrase,0
10.521207,11.060162,Phrase,2
12.480277,11.22745,Phrase,1
10.383268,11.398258,Phrase,0
11.312974,9.055966,Phrase,1
10.4452505,11.511365,Phrase,0
10.299925,12.506145,Phrase,0
9.742584,9.606208,Phrase,2
9.2392435,9.284723,Phrase,2
9.513682,11.769048,Phrase,2
10.489911,13.507012,Phrase,0
10.068706,11.277923,Phrase,2
9.650755,10.139769,Phrase,2
11.488068,11.457261,Phrase,0
8.949768,12.342638,Phrase,0
11.260965,10.846533,Phrase,2
12.968773,9.929881,Phrase,1
10.268982,11.856594,Phrase,0
8.388769,9.665127,Phrase,2
9.002689,9.815994,Phrase,2
9.551669,9.445348,Phrase,2
10.640558,13.42845,Phrase,1
9.943854,7.273379,Phrase,0
9.324091,15.553052,Phrase,3
11.181407,15.596199,Phrase,2
10.038957,10.566622,Phrase,0
12.808405,9.431009,Phrase,1
11.383947,8.850329,Phrase,0
9.473256,9.421885,Phrase,2
9.896177,8.151092,Phrase,0
10.874775,12.20954,Phrase,0
11.912112,10.641144,Phrase,0
11.18479,9.556324,Phrase,1
10.604471,10.406554,Phrase,1
10.722016,11.681723,Phrase,0
9.579678,9.941708,Phrase,2
7.2588644,9.370054,Phrase,2
9.990237,11.64734,Phrase,2
10.54804,12.374647,Phrase,0
9.802217,11.020758,Phrase,2
9.477464,9.846124,Phrase,2
12.182201,10.607048,Phrase,1
10.013291,10.550109,Phrase,2
10.868696,12.331691,Phrase,1
10.309033,13.333123,Phrase,0
11.673736,10.847255,Phrase,2
10.364113,14.275968,Phrase,3
11.838996,12.163793,Phrase,0
9.636561,15.628161,Phrase,3
10.502248,12.116773,Phrase,0
9.885501,10.4035225,Phrase,0
11.094429,8.929784,Phrase,0
9.348332,14.058943,Phrase,3
11.150222,12.021911,Phrase,0
10.606006,14.104338,Phrase,2
9.784561,12.483362,Phrase,0
10.242485,15.210776,Phrase,3
9.969482,10.726051,Phrase,0
9.139239,11.366036,Phrase,2
10.964635,10.526694,Phrase,2
10.999635,12.655581,Phrase,0
10.638699,9.487633,Phrase,2
8.532431,15.249044,Phrase,0
10.331087,12.520336,Phrase,0
10.889691,11.150288,Phrase,0
11.029166,11.758475,Phrase,0
9.400902,11.045952,Phrase,0
12.304942,12.184896,Phrase,0
12.303329,11.911695,Phrase,1
11.6563835,8.560112,Phrase,1
11.596561,10.990471,Phrase,0
11.224085,13.209981,Phrase,0
10.144075,14.535986,Phrase,3
11.375424,10.30247,Phrase,1
10.559741,13.478904,Phrase,2
12.074828,11.26135,Phrase,1
9.434089,15.505781,Phrase,3
7.0919914,10.820191,Phrase,2
10.50552,12.603984,Phrase,0
10.989966,12.409251,Phrase,0
11.20543,12.396787,Phrase,0
9.591418,13.498983,Phrase,0
11.963672,12.128745,Phrase,0
10.162342,11.334205,Phrase,2
11.441793,10.358038,Phrase,1
12.202145,11.792306,Phrase,2
12.37287,13.90527,Phrase,1
12.4925,10.128671,Phrase,1
10.4714365,12.062602,Phrase,0
11.482417,11.271285,Phrase,0
7.927555,9.89322,Phrase,2
11.034534,9.664006,Phrase,1
17.219223,11.074392,Phrase,1
9.88116,9.993628,Phrase,2
9.921224,10.24833,Phrase,2
9.944212,11.101303,Phrase,0
12.623822,10.181572,Phrase,1
8.797493,15.476715,Phrase,3
8.875668,10.046717,Phrase,2
12.764365,11.80724,Phrase,1
10.067418,13.21373,Phrase,2
9.343438,13.511214,Phrase,2
9.360712,15.759273,Phrase,3
11.134143,11.65897,Phrase,0
11.523341,10.219247,Phrase,1
9.903906,10.763837,Phrase,1
9.880087,14.615701,Phrase,3
11.506379,13.184519,Phrase,3
10.417018,10.480928,Phrase,2
12.13787,9.881324,Phrase,1
11.4284525,13.601589,Phrase,2
10.516044,15.36125,Phrase,3
9.850385,11.207891,Phrase,0
9.183603,10.427883,Phrase,2
11.586971,11.327151,Phrase,0
11.103615,13.889377,Phrase,2
7.1487203,8.786502,Phrase,1
10.157157,15.016579,Phrase,3
11.179232,10.9826565,Phrase,0
9.564095,15.70949,Phrase,3
-6.0711226,7.612026,Phrase,1
11.497007,11.87132,Phrase,0
11.330341,8.92402,Phrase,0
10.848199,10.316192,Phrase,0
9.654385,11.799035,Phrase,0
9.277901,15.284815,Phrase,3
9.832361,12.386419,Phrase,2
10.229847,13.940655,Phrase,2
10.509285,13.126756,Phrase,0
9.700513,15.535015,Phrase,3
8.306538,9.534491,Phrase,2
11.926703,11.270912,Phrase,1
10.756564,12.146967,Phrase,2
8.024617,8.83291,Phrase,2
10.669559,15.003288,Phrase,3
9.537821,10.81896,Phrase,2
8.71973,10.813226,Phrase,2
10.639861,9.997902,Phrase,0
9.331605,10.994403,Phrase,2
9.428333,9.317229,Phrase,2
10.305318,14.899548,Phrase,3
10.846843,15.446316,Phrase,2
10.610317,12.296752,Phrase,0
11.180021,12.82924,Phrase,1
12.10825,9.9888525,Phrase,1
11.236924,11.399079,Phrase,0
10.287524,14.580032,Phrase,3
11.130302,8.68967,Phrase,1
10.321547,13.353255,Phrase,3
11.77255,14.170764,Phrase,3
11.527805,11.01294,Phrase,1
11.3707485,11.730857,Phrase,0
10.774133,10.184807,Phrase,0
10.666081,12.307906,Phrase,0
9.954518,10.392261,Phrase,2
9.301302,12.504109,Phrase,0
9.0960045,10.914576,Phrase,0
10.917691,11.832487,Phrase,0
12.781403,10.498006,Phrase,0
10.520578,14.5617695,Phrase,3
9.75772,15.129403,Phrase,3
11.559661,12.213814,Phrase,0
10.065164,10.181156,Phrase,2
11.484591,10.702312,Phrase,0
9.559446,12.022662,Phrase,0
9.770019,13.331804,Phrase,0
10.917019,10.7276,Phrase,2
8.570436,10.915187,Phrase,2
11.030797,12.241474,Phrase,0
10.80798,11.3352585,Phrase,0
8.943883,12.579338,Phrase,0
10.235545,11.279747,Phrase,0
9.93964,15.589871,Phrase,3
11.530762,10.620774,Phrase,1
11.049493,14.46852,Phrase,3
9.065282,10.30547,Phrase,2
12.808353,8.154746,Phrase,2
11.993052,12.148244,Phrase,1
9.368301,10.920312,Phrase,2
10.309175,11.839325,Phrase,0
8.255706,10.327381,Phrase,2
12.594199,10.249919,Phrase,1
12.147851,10.765841,Phrase,1
9.421341,11.402069,Phrase,0
9.993858,11.50898,Phrase,0
9.524812,10.239276,Phrase,2
10.156458,14.383027,Phrase,3
11.427931,13.575786,Phrase,2
11.642091,10.8938875,Phrase,2
9.519161,11.968496,Phrase,3
10.370451,14.644918,Phrase,3
9.933087,9.398993,Phrase,2
10.89161,12.159063,Phrase,0
10.226024,13.820208,Phrase,0
12.271493,10.901579,Phrase,1
8.907844,11.008724,Phrase,2
11.656074,9.579777,Phrase,1
11.123494,11.4330435,Phrase,0
10.370305,11.780955,Phrase,0
11.340514,10.526104,Phrase,1
11.000013,13.951158,Phrase,0
9.73437,13.846298,Phrase,0
10.35664,9.876078,Phrase,2
12.777171,11.461754,Phrase,1
9.741671,12.154636,Phrase,0
11.126323,13.282728,Phrase,0
10.751136,10.963556,Phrase,0
10.535565,11.648787,Phrase,0
11.151869,12.623423,Phrase,0
10.406926,10.702026,Phrase,1
11.2956705,12.33796,Phrase,0
7.682419,10.719507,Phrase,2
-6.0712404,7.611919,Phrase,1
9.17463,10.394388,Phrase,2
10.235713,10.45166,Phrase,2
11.140742,10.9890785,Phrase,2
12.315327,9.889971,Phrase,1
9.6564665,9.300572,Phrase,2
10.340404,15.194539,Phrase,3
12.057971,10.126872,Phrase,1
10.06636,10.924009,Phrase,0
10.806124,10.8352,Phrase,0
10.6587305,8.064781,Phrase,0
11.9732275,12.721511,Phrase,1
9.815213,11.932459,Phrase,0
11.650363,9.891291,Phrase,2
12.370347,10.725964,Phrase,1
10.498063,12.380036,Phrase,0
9.072941,11.366819,Phrase,2
12.3277,10.928029,Phrase,1
10.826405,10.134573,Phrase,2
10.724093,10.301011,Phrase,2
11.086573,13.885823,Phrase,0
9.858385,15.120701,Phrase,3
11.925042,12.119051,Phrase,1
9.05626,10.722914,Phrase,2
10.690909,12.174792,Phrase,0
11.030368,13.804872,Phrase,0
12.366831,10.65263,Phrase,1
8.252561,8.5004835,Phrase,0
10.977926,12.167539,Phrase,0
12.399775,12.351109,Phrase,1
9.763374,13.471187,Phrase,0
9.901075,5.948767,Phrase,1
10.844079,11.058674,Phrase,0
8.67372,15.421316,Phrase,3
9.423825,14.959459,Phrase,3
10.518506,14.99253,Phrase,3
10.588856,11.984658,Phrase,0
9.609823,9.091722,Phrase,2
11.628538,14.211378,Phrase,3
11.291181,10.149988,Phrase,1
10.324071,9.361622,Phrase,2
11.084067,11.822581,Phrase,0
9.4739065,9.353258,Phrase,2
9.384182,10.2473755,Phrase,2
10.913529,12.386613,Phrase,0
8.918773,8.616875,Phrase,2
10.688408,9.923421,Phrase,2
11.276104,9.590494,Phrase,1
11.595472,10.428576,Phrase,0
8.29456,8.660927,Phrase,2
9.541183,12.076237,Phrase,2
9.2895355,11.287808,Phrase,2
11.690104,12.825178,Phrase,0
10.851826,11.188586,Phrase,1
11.028678,13.976773,Phrase,2
8.002014,9.624792,Phrase,2
11.531517,11.84129,Phrase,0
7.1327887,8.780113,Phrase,1
10.45233,10.386758,Phrase,2
11.237954,11.7347145,Phrase,0
11.1345825,12.202617,Phrase,0
9.511006,11.094703,Phrase,2
11.057485,12.753278,Phrase,0
9.695701,15.0134,Phrase,3
10.547959,11.69663,Phrase,0
9.946862,11.994078,Phrase,2
9.523906,9.092031,Phrase,2
9.536631,12.086961,Phrase,2
10.244137,13.431991,Phrase,0
9.063218,11.629993,Phrase,3
7.4260926,8.759068,Phrase,1
11.287557,11.734798,Phrase,0
9.846449,15.246228,Phrase,3
10.530075,10.034629,Phrase,2
8.847645,15.486114,Phrase,3
11.913109,11.715468,Phrase,0
11.434821,10.24901,Phrase,2
10.389252,11.204892,Phrase,0
11.431385,13.586654,Phrase,2
11.630638,13.281668,Phrase,1
9.763884,14.73956,Phrase,3
12.808741,8.143215,Phrase,2
8.357146,10.364311,Phrase,2
11.106311,9.561061,Phrase,2
10.6040945,13.714883,Phrase,0
10.284154,13.234606,Phrase,0
12.186397,11.590754,Phrase,0
9.694061,9.435462,Phrase,2
12.30862,9.8188,Phrase,1
10.897546,11.555342,Phrase,1
9.896629,15.102112,Phrase,3
8.775871,10.906891,Phrase,2
8.148543,8.615609,Phrase,2
8.148491,9.934961,Phrase,2
7.5337014,10.039518,Phrase,2
9.46103,12.62652,Phrase,2
7.985687,8.730327,Phrase,2
10.086102,14.924567,Phrase,3
10.058198,14.866024,Phrase,3
9.641583,12.271575,Phrase,0
9.482675,9.375906,Phrase,2
9.901311,10.725239,Phrase,0
7.5521417,13.237825,Phrase,0
9.6774435,10.035221,Phrase,2
9.515659,15.656779,Phrase,3
10.705511,11.769181,Phrase,0
10.296908,14.630559,Phrase,3
10.873096,14.91703,Phrase,3
8.4124775,8.987418,Phrase,2
9.2323885,9.679143,Phrase,2
11.0858555,10.2420435,Phrase,2
11.309,12.180769,Phrase,0
9.452076,10.52928,Phrase,2
10.043614,10.986912,Phrase,1
11.02565,10.919599,Phrase,1
9.571745,9.1973295,Phrase,2
10.959622,14.6220045,Phrase,3
12.321376,13.828083,Phrase,1
9.624094,15.696562,Phrase,3
11.0416155,13.830009,Phrase,2
9.427874,10.0126295,Phrase,1
7.809413,10.217169,Phrase,2
11.647121,11.691357,Phrase,0
11.025125,12.914755,Phrase,0
10.361361,12.357054,Phrase,0
8.872896,9.7439,Phrase,2
8.261261,10.524364,Phrase,2
11.624673,11.84328,Phrase,1
10.784363,14.386063,Phrase,3
10.43567,13.254327,Phrase,1
8.435184,10.409809,Phrase,2
12.173565,12.632071,Phrase,1
9.948533,13.023478,Phrase,0
11.197663,11.735727,Phrase,2
8.291389,10.808505,Phrase,2
8.656406,9.648706,Phrase,2
11.31827,8.840002,Phrase,1
10.389677,13.944162,Phrase,3
12.443291,9.913819,Phrase,1
11.222831,12.5016985,Phrase,0
9.777739,9.481912,Phrase,2
8.903832,14.829734,Phrase,3
9.375813,15.738963,Phrase,3
11.171786,12.845407,Phrase,0
10.576059,12.281882,Phrase,0
10.230552,14.411017,Phrase,3
9.925035,11.819271,Phrase,1
11.476656,8.760238,Phrase,1
8.486526,7.943167,Phrase,2
9.837269,9.271469,Phrase,1
9.693398,15.60396,Phrase,3
9.459721,10.315598,Phrase,2
12.146036,12.291275,Phrase,2
11.536205,9.800437,Phrase,1
7.5870204,8.0639305,Phrase,1
10.645171,10.764711,Phrase,2
11.199667,11.976273,Phrase,2
10.870983,12.156169,Phrase,0
11.136333,13.8868475,Phrase,2
10.6153555,10.056004,Phrase,2
10.389925,14.4163065,Phrase,3
9.41625,10.170611,Phrase,2
9.606554,12.021577,Phrase,2
8.668185,8.452288,Phrase,1
10.0935,13.25085,Phrase,0
10.656531,10.902856,Phrase,0
10.478485,14.771142,Phrase,3
10.475839,14.3949795,Phrase,3
10.350985,9.4162855,Phrase,2
9.260476,13.290709,Phrase,0
11.095411,9.045943,Phrase,2
11.209785,10.124051,Phrase,1
10.282282,14.905886,Phrase,3
10.851434,11.8296175,Phrase,0
9.502715,9.565399,Phrase,2
11.567556,10.549887,Phrase,1
11.896708,9.183067,Phrase,1
10.675493,8.68856,Phrase,0
12.97537,11.395863,Phrase,1
9.870332,14.321827,Phrase,3
9.664985,9.334228,Phrase,2
12.313368,10.6035385,Phrase,1
11.094308,12.335598,Phrase,0
7.681271,8.5219755,Phrase,1
11.659904,11.13695,Phrase,0
10.800766,11.5433035,Phrase,0
12.959823,10.341431,Phrase,1
10.392699,9.653629,Phrase,1
10.744394,12.115277,Phrase,2
9.133646,11.518576,Phrase,0
10.178055,9.7252865,Phrase,2
9.1666,11.29537,Phrase,2
10.95053,11.447507,Phrase,1
9.485549,9.380313,Phrase,2
10.9895935,14.430738,Phrase,3
9.350617,9.138707,Phrase,2
10.421493,11.383864,Phrase,0
10.798815,11.537301,Phrase,0
11.6913,10.703333,Phrase,1
10.024328,15.274064,Phrase,3
9.5548115,9.270818,Phrase,2
9.898658,7.255211,Phrase,2
9.200118,9.462573,Phrase,2
10.588773,13.620417,Phrase,0
9.54832,12.558034,Phrase,2
11.537799,11.147909,Phrase,0
8.663665,15.180294,Phrase,2
10.323025,14.584589,Phrase,3
10.655824,12.557851,Phrase,0
11.564436,12.13363,Phrase,0
9.460746,9.333963,Phrase,2
9.908469,13.066688,Phrase,0
9.94345,14.596265,Phrase,3
9.026434,9.644768,Phrase,2
11.684993,10.549546,Phrase,0
8.594993,8.902181,Phrase,2
11.609539,8.5885105,Phrase,1
8.956523,14.920755,Phrase,3
8.937504,15.110368,Phrase,3
9.93768,10.209423,Phrase,2
9.092342,10.569686,Phrase,2
9.287485,10.068652,Phrase,2
10.159322,15.049481,Phrase,3
9.851063,12.89793,Phrase,0
10.427433,10.718353,Phrase,2
11.140122,9.260815,Phrase,2
11.009896,12.204593,Phrase,0
9.738746,9.433262,Phrase,2
9.387316,11.769222,Phrase,0
12.365977,11.387629,Phrase,1
10.297026,12.918473,Phrase,0
10.304606,13.457823,Phrase,0
8.551687,12.978439,Phrase,0
10.451933,7.9954014,Phrase,0
11.616945,11.72275,Phrase,0
9.681422,10.25788,Phrase,2
9.88531,14.871656,Phrase,3
9.576729,12.122896,Phrase,1
9.084437,15.780725,Phrase,3
10.394423,9.792926,Phrase,1
10.535777,10.607433,Phrase,1
11.444528,11.54802,Phrase,1
11.1782465,11.322992,Phrase,0
9.500436,15.631818,Phrase,3
9.617158,11.834397,Phrase,2
9.663625,10.22669,Phrase,2
8.761026,11.134416,Phrase,2
11.175476,13.151881,Phrase,0
11.356127,11.145545,Phrase,0
11.663249,11.334063,Phrase,1
10.413742,12.64493,Phrase,0
8.82008,9.602934,Phrase,2
10.140445,11.784533,Phrase,0
10.486148,8.3385935,Phrase,0
12.759482,12.32668,Phrase,1
8.544646,9.414516,Phrase,2
11.640331,10.935342,Phrase,0
10.313546,15.203142,Phrase,3
10.357854,12.278708,Phrase,0
9.280044,15.502939,Phrase,3
10.953277,11.52859,Phrase,1
9.355306,15.654176,Phrase,3
10.587851,13.2389965,Phrase,0
7.936885,10.8915,Phrase,2
9.047038,10.2180195,Phrase,2
10.892352,11.108647,Phrase,0
9.005398,11.886198,Phrase,0
8.47142,8.122893,Phrase,1
8.521162,10.751908,Phrase,2
9.609516,10.406206,Phrase,0
10.826351,12.538545,Phrase,0
10.448326,13.342186,Phrase,0
9.423339,10.117449,Phrase,2
11.337977,12.277204,Phrase,0
11.048201,13.708474,Phrase,2
10.9329815,15.642867,Phrase,2
10.66306,11.781069,Phrase,0
9.86783,11.736239,Phrase,2
9.392943,10.027236,Phrase,2
8.256376,8.528252,Phrase,2
9.368059,11.417407,Phrase,2
10.482581,10.082662,Phrase,1
9.534884,10.430455,Phrase,2
9.697532,15.096349,Phrase,3
10.1246195,9.966521,Phrase,2
11.608915,12.048491,Phrase,1
9.37113,11.607561,Phrase,2
10.4893265,13.502976,Phrase,0
8.137349,9.296326,Phrase,2
11.9161,11.5941305,Phrase,1
11.714038,12.376212,Phrase,0
10.631613,12.803268,Phrase,0
10.969585,9.4475565,Phrase,1
10.5000925,10.639194,Phrase,0
9.817764,13.688208,Phrase,3
9.557942,9.099628,Phrase,2
10.861091,10.531336,Phrase,1
10.688032,12.524855,Phrase,0
9.835715,11.289743,Phrase,0
10.485529,14.635826,Phrase,3
9.572131,11.624309,Phrase,2
10.182406,12.090549,Phrase,0
10.63032,10.732766,Phrase,1
9.578453,15.558252,Phrase,3
10.131481,14.537225,Phrase,3
10.271672,11.67342,Phrase,0
11.46261,8.779502,Phrase,1
10.191603,12.096567,Phrase,0
10.047559,14.800638,Phrase,3
8.978259,10.507697,Phrase,2
10.978222,14.030485,Phrase,0
10.273859,10.3541565,Phrase,0
11.090053,9.869167,Phrase,1
10.031516,15.13125,Phrase,3
10.411443,14.611924,Phrase,3
9.26375,11.283928,Phrase,2
10.488305,11.906853,Phrase,0
11.123583,12.547672,Phrase,0
9.472096,15.078855,Phrase,3
11.514866,8.858033,Phrase,1
11.353762,11.464373,Phrase,2
10.396937,12.09883,Phrase,2
9.128602,11.341732,Phrase,2
9.767985,11.134188,Phrase,2
11.258089,12.550535,Phrase,0
10.028319,14.827096,Phrase,3
10.737572,13.666013,Phrase,0
9.307341,15.183762,Phrase,3
9.425066,10.69288,Phrase,0
14.763166,7.1879783,Phrase,1
9.260038,11.25888,Phrase,2
11.556757,12.309723,Phrase,1
10.620992,13.142724,Phrase,3
8.992988,10.540009,Phrase,2
11.061597,10.699228,Phrase,0
9.783381,9.653008,Phrase,2
10.131038,14.116044,Phrase,2
9.805395,11.997308,Phrase,1
7.2772074,8.299515,Phrase,1
10.111712,14.999831,Phrase,3
11.950503,12.491265,Phrase,0
8.624169,11.24301,Phrase,2
10.401273,13.934665,Phrase,2
8.142594,9.532982,Phrase,2
12.032044,9.841768,Phrase,1
8.968955,10.972848,Phrase,2
11.211648,8.660433,Phrase,2
9.236162,10.617816,Phrase,2
10.674021,11.061966,Phrase,0
11.054639,6.9583063,Phrase,0
9.824755,9.673656,Phrase,2
9.686928,9.389269,Phrase,2
8.6345825,9.743795,Phrase,2
11.261326,11.208868,Phrase,2
11.021817,13.644363,Phrase,1
9.570863,15.506433,Phrase,3
10.339158,9.617386,Phrase,1
10.172939,13.819131,Phrase,0
9.935502,11.524013,Phrase,0
9.379811,9.158096,Phrase,2
10.594551,12.679874,Phrase,0
11.668026,11.959534,Phrase,0
10.15762,11.628986,Phrase,2
8.47607,8.073848,Phrase,1
9.391968,10.370653,Phrase,2
10.322141,9.850897,Phrase,2
9.334182,14.878882,Phrase,3
9.246836,10.540764,Phrase,0
9.441175,11.989438,Phrase,2
10.385763,10.794382,Phrase,1
9.218009,15.636136,Phrase,3
10.2379,11.951211,Phrase,0
10.833816,10.040314,Phrase,2
9.661687,11.71654,Phrase,0
8.622056,10.354284,Phrase,2
10.665372,12.5024605,Phrase,0
11.3625765,10.5143585,Phrase,1
9.821915,12.689904,Phrase,0
7.9176116,11.349882,Phrase,2
11.458432,9.451977,Phrase,1
10.11051,11.274726,Phrase,0
9.392267,14.575157,Phrase,3
11.661467,7.434359,Phrase,0
11.943332,10.322615,Phrase,2
11.145138,6.978682,Phrase,0
9.881956,14.921039,Phrase,3
9.986961,10.8574505,Phrase,2
9.553725,9.672988,Phrase,2
9.577362,11.246583,Phrase,0
11.279054,12.236988,Phrase,0
8.871666,9.44266,Phrase,2
11.284253,11.192896,Phrase,1
10.219228,15.237028,Phrase,3
10.744471,10.211836,Phrase,1
10.14558,10.343908,Phrase,0
7.7512,9.809686,Phrase,2
9.5387945,11.094989,Phrase,0
10.145247,13.298425,Phrase,0
9.289214,10.262443,Phrase,2
11.289094,12.093724,Phrase,0
11.58316,9.983985,Phrase,1
9.744021,9.543165,Phrase,2
10.162026,15.152115,Phrase,3
10.362587,9.584531,Phrase,1
9.517808,9.264681,Phrase,2
9.513015,12.678524,Phrase,2
9.574809,12.114026,Phrase,2
9.570444,12.81035,Phrase,0
12.671034,11.709516,Phrase,1
10.812777,11.910885,Phrase,0
9.428587,10.45273,Phrase,2
7.5582876,10.109251,Phrase,2
9.18839,10.624566,Phrase,0
8.486331,10.192618,Phrase,2
9.913575,10.824225,Phrase,0
9.316208,15.641139,Phrase,3
10.211246,13.693419,Phrase,0
11.592831,11.302213,Phrase,0
10.087014,14.684831,Phrase,3
11.017061,12.511988,Phrase,0
10.400792,13.916579,Phrase,2
10.59117,10.74821,Phrase,0
10.162947,13.34759,Phrase,0
10.795597,11.295309,Phrase,2
10.632905,13.309717,Phrase,0
9.63765,11.892119,Phrase,1
12.00703,13.887518,Phrase,2
10.279058,11.677207,Phrase,0
10.148164,15.092763,Phrase,3
9.590682,14.78251,Phrase,3
10.504587,10.578021,Phrase,0
8.537024,9.888482,Phrase,2
10.071439,11.0868,Phrase,0
12.3478,11.251655,Phrase,1
11.973332,10.554853,Phrase,0
10.437774,9.591604,Phrase,1
11.077456,13.0314455,Phrase,0
10.340052,10.383564,Phrase,1
9.680082,12.356336,Phrase,0
11.013281,7.6157694,Phrase,0
10.112578,11.35553,Phrase,0
10.652824,12.885469,Phrase,0
11.006328,11.417829,Phrase,0
9.760706,9.691622,Phrase,2
10.313368,12.00649,Phrase,0
8.588367,10.653568,Phrase,2
11.126737,9.796535,Phrase,1
9.692246,11.122072,Phrase,2
9.271701,11.51578,Phrase,0
8.864007,10.646434,Phrase,2
9.349248,11.771494,Phrase,2
8.023118,8.4557905,Phrase,2
12.029028,10.659611,Phrase,1
11.251748,9.788266,Phrase,1
12.328067,9.964274,Phrase,1
11.295129,11.312486,Phrase,0
9.694147,9.249336,Phrase,2
12.016522,10.44915,Phrase,0
9.77415,10.937352,Phrase,2
9.968781,11.4971,Phrase,1
10.346712,9.977309,Phrase,1
11.470792,13.055952,Phrase,0
10.505254,12.215132,Phrase,0
12.162311,9.873387,Phrase,1
11.407728,12.201448,Phrase,0
11.236196,11.9125595,Phrase,0
10.956311,13.9452305,Phrase,0
7.415917,11.113207,Phrase,2
12.478909,9.960249,Phrase,1
11.714843,11.919101,Phrase,0
11.189125,10.321532,Phrase,0
12.42396,9.934801,Phrase,1
10.197243,14.587208,Phrase,3
11.350386,9.815442,Phrase,1
10.150456,10.44999,Phrase,2
9.489191,11.138158,Phrase,0
10.049706,8.315339,Phrase,2
10.033384,15.281344,Phrase,3
11.590174,11.356845,Phrase,0
9.760793,9.446517,Phrase,2
9.661443,12.689159,Phrase,2
10.16376,10.425197,Phrase,2
10.874662,8.124297,Phrase,0
9.924106,10.428524,Phrase,2
7.617785,8.521219,Phrase,1
8.872772,9.381112,Phrase,2
8.663172,9.016075,Phrase,2
11.159389,12.674,Phrase,0
8.905038,10.257068,Phrase,2
10.607752,8.3215,Phrase,0
11.145036,11.193222,Phrase,0
9.101216,10.634125,Phrase,0
9.442943,12.797917,Phrase,0
9.968171,10.462358,Phrase,0
10.862867,10.318656,Phrase,2
11.162115,10.450179,Phrase,1
9.763623,15.053024,Phrase,3
11.472362,11.007985,Phrase,0
10.047968,14.884044,Phrase,3
9.119997,11.230975,Phrase,2
11.275174,10.46235,Phrase,1
12.968203,11.416315,Phrase,1
10.688922,13.135424,Phrase,0
7.688,8.609483,Phrase,2
10.754813,10.589874,Phrase,2
11.0013275,12.429342,Phrase,0
11.30649,9.786282,Phrase,2
8.846026,10.817778,Phrase,2
11.065922,8.324608,Phrase,0
9.55735,9.207053,Phrase,2
10.4422655,15.519761,Phrase,3
10.8207445,12.097698,Phrase,0
9.5690975,15.808361,Phrase,3
12.157572,12.080291,Phrase,1
10.463397,12.237532,Phrase,0
9.249047,10.791856,Phrase,0
11.928815,11.8728695,Phrase,0
10.009418,13.019446,Phrase,0
11.653588,13.124214,Phrase,0
9.894845,15.352071,Phrase,3
10.31312,9.931301,Phrase,1
11.924855,11.532024,Phrase,2
10.511317,9.706635,Phrase,2
9.475663,15.666543,Phrase,3
10.576093,11.278427,Phrase,0
11.455487,8.782257,Phrase,1
8.176939,9.526704,Phrase,2
10.885033,10.256225,Phrase,2
12.415763,11.45459,Phrase,0
9.296638,15.449884,Phrase,3
9.641322,10.788051,Phrase,0
9.997513,15.2046585,Phrase,3
10.562622,9.607208,Phrase,1
11.920474,7.1077223,Phrase,2
10.442711,10.49625,Phrase,0
12.403196,9.857524,Phrase,1
10.179579,7.3582573,Phrase,2
11.11481,11.001171,Phrase,0
9.490833,15.73611,Phrase,3
8.165886,9.473797,Phrase,2
12.030454,10.702584,Phrase,1
10.760348,14.458833,Phrase,3
11.207535,11.381685,Phrase,1
10.154623,9.71307,Phrase,2
10.739851,12.088639,Phrase,0
9.963771,15.092719,Phrase,3
11.30498,12.286594,Phrase,0
10.798033,10.6698885,Phrase,2
9.83723,11.536618,Phrase,2
12.035934,12.366365,Phrase,1
9.578417,9.153609,Phrase,2
10.15825,13.295844,Phrase,3
10.229236,13.48444,Phrase,2
11.570025,9.805098,Phrase,1
9.361904,15.190089,Phrase,3
11.079807,8.777915,Phrase,1
10.806163,11.067405,Phrase,0
11.385644,11.502286,Phrase,2
11.5882,10.628876,Phrase,2
11.908092,7.1583085,Phrase,0
10.107443,10.693803,Phrase,2
10.23267,9.442379,Phrase,2
10.065606,11.362036,Phrase,0
8.792348,8.453566,Phrase,2
10.547262,11.272728,Phrase,2
9.597984,12.089578,Phrase,1
11.424402,11.836903,Phrase,0
7.949527,9.417991,Phrase,2
9.937833,13.797547,Phrase,0
9.620599,15.185684,Phrase,3
8.904687,10.682051,Phrase,2
11.290587,8.873972,Phrase,2
10.136637,11.007901,Phrase,0
9.661729,13.200878,Phrase,0
9.642318,10.998976,Phrase,2
10.385903,11.270748,Phrase,2
9.487775,11.811022,Phrase,2
12.091866,10.611351,Phrase,1
10.338377,9.74402,Phrase,2
10.996119,12.800984,Phrase,0
8.22767,9.790947,Phrase,2
8.764058,9.386715,Phrase,2
9.152346,15.635166,Phrase,3
9.731559,13.760034,Phrase,3
9.829247,12.474919,Phrase,2
10.569167,10.42705,Phrase,2
8.8765135,9.289449,Phrase,2
9.853253,11.178844,Phrase,2
12.097787,12.084641,Phrase,0
11.508224,12.187091,Phrase,2
11.327559,11.834091,Phrase,0
10.739027,11.986245,Phrase,0
9.295084,14.176731,Phrase,1
10.22819,9.886704,Phrase,1
10.592057,14.976954,Phrase,3
9.427853,10.772857,Phrase,0
12.726954,10.336301,Phrase,1
12.294816,12.486832,Phrase,1
9.627558,10.200338,Phrase,2
8.891567,9.541511,Phrase,2
8.475228,9.715361,Phrase,2
8.073372,8.245453,Phrase,1
12.764049,11.248243,Phrase,1
10.125637,11.309386,Phrase,0
7.62098,8.96678,Phrase,1
11.069362,12.15512,Phrase,0
11.699579,11.3245535,Phrase,1
9.476818,12.008982,Phrase,0
11.457039,11.064572,Phrase,2
8.933099,12.478303,Phrase,0
10.637116,10.490362,Phrase,0
9.366314,15.668975,Phrase,3
7.7270083,8.491415,Phrase,1
10.043269,10.63126,Phrase,0
10.220042,11.679243,Phrase,0
12.485126,9.880574,Phrase,1
9.448375,9.250093,Phrase,2
9.721223,11.07386,Phrase,2
10.851235,11.29096,Phrase,2
10.912096,10.2359295,Phrase,0
11.73316,11.414057,Phrase,0
10.136078,11.696042,Phrase,2
10.7752285,11.475286,Phrase,0
12.296811,10.605939,Phrase,1
10.928865,11.933164,Phrase,0
11.37028,12.778215,Phrase,0
-6.0713625,7.6118245,Phrase,1
8.227148,8.483269,Phrase,2
8.285443,9.7569475,Phrase,2
9.371383,10.232286,Phrase,0
8.841008,14.841996,Phrase,3
11.321074,10.8131895,Phrase,2
10.899115,11.951016,Phrase,0
9.540563,9.079155,Phrase,1
12.357573,9.85536,Phrase,1
7.6495047,8.673197,Phrase,1
10.082523,11.166465,Phrase,0
10.533374,11.151293,Phrase,0
9.781579,14.919289,Phrase,3
9.67176,11.324315,Phrase,1
7.588294,8.040049,Phrase,1
10.896581,12.078502,Phrase,0
11.123874,12.291533,Phrase,0
9.037255,12.660618,Phrase,0
10.651008,15.476257,Phrase,3
10.289676,14.851811,Phrase,3
10.414416,9.584038,Phrase,2
10.041102,10.401316,Phrase,2
9.318698,10.778441,Phrase,2
10.984092,11.7573395,Phrase,0
11.215279,13.100571,Phrase,1
11.359018,9.470951,Phrase,1
10.667451,10.948266,Phrase,1
10.438869,12.51099,Phrase,0
10.524532,12.112045,Phrase,0
9.629116,9.424569,Phrase,2
12.374516,9.943437,Phrase,1
10.473413,19.998785,Phrase,2
9.930266,15.340284,Phrase,3
8.5578165,10.952061,Phrase,2
10.055303,14.090225,Phrase,0
8.851492,15.417939,Phrase,3
11.8181,10.102538,Phrase,1
9.491933,10.213697,Phrase,2
9.572687,10.496923,Phrase,2
12.213833,12.336836,Phrase,1
10.64645,11.322924,Phrase,0
10.981039,13.201579,Phrase,0
8.773393,15.44912,Phrase,3
10.106548,11.193789,Phrase,0
9.105959,10.991022,Phrase,2
12.4513235,9.909407,Phrase,1
10.647993,9.570332,Phrase,0
9.532452,11.051904,Phrase,2
12.340692,11.333599,Phrase,1
7.83085,10.078585,Phrase,2
11.318422,10.139873,Phrase,2
10.399559,15.355178,Phrase,3
10.587177,15.524938,Phrase,3
10.55725,9.274204,Phrase,2
8.548378,9.908732,Phrase,0
12.513524,9.873761,Phrase,1
10.950028,11.910679,Phrase,0
12.510598,9.866283,Phrase,1
9.927241,12.025603,Phrase,0
10.860045,15.115951,Phrase,3
10.047815,7.938825,Phrase,0
11.3488455,12.379315,Phrase,0
9.371896,15.430446,Phrase,3
8.509987,9.613617,Phrase,2
9.238479,12.187964,Phrase,2
8.814392,8.371123,Phrase,0
11.058595,9.327142,Phrase,1
10.589663,10.119352,Phrase,2
9.031615,9.552914,Phrase,2
10.108088,15.405357,Phrase,0
9.902845,14.469669,Phrase,3
10.201624,14.692207,Phrase,3
9.71262,11.4152975,Phrase,2
10.254347,11.451834,Phrase,0
11.15188,11.081568,Phrase,1
9.633577,15.07592,Phrase,3
9.409851,9.85367,Phrase,2
10.421912,12.710973,Phrase,0
10.080798,12.707047,Phrase,0
10.706109,10.437375,Phrase,0
10.449537,9.673156,Phrase,2
8.903738,10.670113,Phrase,0
10.140966,7.330672,Phrase,2
9.4088955,11.253219,Phrase,2
11.11135,11.898534,Phrase,0
10.311648,13.416911,Phrase,0
12.116677,12.535237,Phrase,0
11.474684,12.052362,Phrase,1
10.001684,14.324876,Phrase,3
10.665477,11.572819,Phrase,1
10.327169,15.013022,Phrase,3
11.103215,8.998397,Phrase,1
8.46008,11.541884,Phrase,2
12.212972,12.501626,Phrase,1
9.417088,11.792075,Phrase,1
9.672282,10.855437,Phrase,2
10.526721,11.910069,Phrase,2
11.512501,10.746566,Phrase,0
11.5297365,10.907699,Phrase,1
9.598916,11.5200405,Phrase,0
9.415065,15.122667,Phrase,3
11.131468,6.8716936,Phrase,0
10.781341,12.734455,Phrase,0
12.262155,10.3687105,Phrase,1
8.534247,10.7282715,Phrase,2
10.575926,10.739771,Phrase,0
9.1693325,15.607482,Phrase,3
9.842117,12.986037,Phrase,0
12.504747,9.858819,Phrase,1
10.918974,13.558303,Phrase,2
10.567102,12.432647,Phrase,0
9.840304,15.386424,Phrase,3
11.432631,9.794712,Phrase,1
7.547562,8.724087,Phrase,1
8.206227,10.781249,Phrase,2
10.388082,11.636925,Phrase,0
9.460116,9.0872,Phrase,2
9.864376,11.50616,Phrase,2
10.378967,13.440204,Phrase,1
11.250479,12.496146,Phrase,0
9.824892,14.343952,Phrase,3
10.477683,10.371151,Phrase,1
11.735851,12.353394,Phrase,0
9.348458,11.9143305,Phrase,0
10.506032,11.845431,Phrase,0
9.996159,15.031377,Phrase,3
10.673013,15.505663,Phrase,3
8.440617,10.69604,Phrase,0
11.581728,10.567786,Phrase,1
12.405593,9.814789,Phrase,1
11.035855,10.647053,Phrase,2
11.2832985,10.410009,Phrase,0
8.374818,9.705293,Phrase,2
9.678255,9.265488,Phrase,2
10.912048,10.729526,Phrase,1
9.995401,15.572703,Phrase,3
9.418543,10.426796,Phrase,2
11.098636,11.498191,Phrase,0
9.215339,10.813712,Phrase,0
10.7103195,10.479332,Phrase,1
10.1349325,13.22565,Phrase,0
9.998153,14.364088,Phrase,3
11.102806,6.906352,Phrase,0
11.224401,13.64716,Phrase,0
12.51593,9.899863,Phrase,1
8.886294,10.52584,Phrase,2
10.602021,11.627173,Phrase,0
9.677027,9.31838,Phrase,2
8.853597,10.424228,Phrase,0
9.0037155,15.655238,Phrase,3
11.207228,12.235457,Phrase,0
11.116145,12.988591,Phrase,0
9.75875,9.623652,Phrase,2
9.489708,9.442294,Phrase,2
11.034898,14.206699,Phrase,0
11.397318,10.096249,Phrase,2
9.003811,10.4108715,Phrase,0
11.72346,10.1162195,Phrase,2
11.189026,12.400559,Phrase,0
10.402454,12.650159,Phrase,0
9.0101795,8.617413,Phrase,2
9.710589,12.5698395,Phrase,2
9.99749,7.595833,Phrase,0
9.773194,10.271929,Phrase,2
10.898067,10.816018,Phrase,2
9.953764,13.26744,Phrase,0
10.961008,11.370595,Phrase,2
12.029757,10.845055,Phrase,0
9.7010145,12.113975,Phrase,0
10.563847,15.395246,Phrase,3
11.066099,10.396718,Phrase,2
10.467431,10.308147,Phrase,2
9.197212,10.567908,Phrase,2
11.553564,13.268589,Phrase,0
10.030623,11.00176,Phrase,1
12.005709,9.886047,Phrase,1
9.735373,11.53586,Phrase,0
8.307859,8.291428,Phrase,1
9.4185,11.264154,Phrase,2
8.729657,15.438943,Phrase,0
9.402334,10.298409,Phrase,0
10.557449,15.166397,Phrase,3
12.637437,10.100562,Phrase,1
9.12236,13.231199,Phrase,2
8.6855955,10.363507,Phrase,2
7.673404,9.822649,Phrase,2
9.56213,12.640475,Phrase,0
8.020185,8.364908,Phrase,1
9.879893,10.981135,Phrase,0
9.7140665,14.688328,Phrase,3
10.123598,15.076618,Phrase,3
12.083041,11.859927,Phrase,1
10.465137,14.235191,Phrase,3
9.370597,11.636109,Phrase,2
11.590298,10.605081,Phrase,1
9.408653,10.874893,Phrase,2
10.508149,15.353743,Phrase,3
7.8080997,8.542599,Phrase,2
10.848894,11.092304,Phrase,0
9.3422575,9.9418745,Phrase,0
10.625157,13.244771,Phrase,2
12.381603,10.821986,Phrase,1
9.652379,15.691232,Phrase,3
10.596174,12.035697,Phrase,0
7.4301443,8.351374,Phrase,1
9.473888,9.241417,Phrase,2
11.465385,11.022624,Phrase,0
14.70895,7.2324014,Phrase,1
10.36542,13.271598,Phrase,0
10.747972,14.999203,Phrase,3
10.143178,10.607923,Phrase,2
11.79688,12.7989025,Phrase,0
8.963461,10.414276,Phrase,2
10.062263,12.864528,Phrase,2
9.273339,15.6059265,Phrase,3
9.6515465,11.634954,Phrase,0
9.296271,10.367664,Phrase,2
9.849722,11.137728,Phrase,2
6.367957,13.575825,Phrase,2
10.916013,11.985377,Phrase,0
10.472401,10.806536,Phrase,2
11.168943,12.772537,Phrase,0
10.599394,13.336629,Phrase,1
10.962943,14.010848,Phrase,0
11.148831,13.868226,Phrase,2
8.205898,8.416972,Phrase,2
10.651932,10.88591,Phrase,1
7.732615,8.518969,Phrase,1
10.392274,10.5904255,Phrase,0
10.109657,14.680076,Phrase,3
11.558149,12.5178385,Phrase,0
9.743504,14.781218,Phrase,3
11.695402,8.544637,Phrase,1
11.168824,12.550908,Phrase,2
10.196199,15.085773,Phrase,3
8.200147,11.785844,Phrase,0
7.7250447,10.030336,Phrase,2
10.471137,12.16866,Phrase,0
11.527841,12.122546,Phrase,0
9.242986,15.373115,Phrase,3
10.966675,9.340326,Phrase,1
8.583079,8.26215,Phrase,1
10.221854,14.641593,Phrase,3
10.555354,12.0283165,Phrase,0
10.932488,11.42071,Phrase,0
10.375646,11.99949,Phrase,0
10.238205,7.7681212,Phrase,2
8.088701,8.326749,Phrase,1
9.710947,14.842055,Phrase,3
11.082333,12.652134,Phrase,0
9.6392765,15.360962,Phrase,3
14.761116,7.1894875,Phrase,1
11.159289,12.400413,Phrase,0
11.4501505,10.267515,Phrase,2
10.072045,10.916875,Phrase,2
11.004844,12.010847,Phrase,0
11.445361,11.940122,Phrase,0
11.020549,11.795729,Phrase,0
9.245535,15.733902,Phrase,3
11.42095,9.3097515,Phrase,0
11.156102,9.912385,Phrase,2
9.420348,14.987636,Phrase,3
8.192727,8.342544,Phrase,0
9.9044485,14.799942,Phrase,3
10.484953,10.017684,Phrase,2
11.4387245,12.842691,Phrase,0
8.916404,9.769953,Phrase,2
9.504265,15.318856,Phrase,3
9.684422,10.436072,Phrase,1
12.156034,12.464494,Phrase,2
10.117542,12.403492,Phrase,2
10.068537,14.339177,Phrase,3
9.713677,12.231434,Phrase,0
11.238637,12.55261,Phrase,0
9.591836,9.250237,Phrase,2
9.984182,9.6660185,Phrase,2
9.413381,11.09957,Phrase,0
11.644835,12.5133295,Phrase,0
9.773987,10.313559,Phrase,0
9.244849,10.319092,Phrase,2
8.574862,12.636333,Phrase,3
9.593158,9.094262,Phrase,2
7.8277283,8.578016,Phrase,2
10.594941,13.5946,Phrase,2
11.442345,8.772332,Phrase,1
12.518273,9.956536,Phrase,1
9.569805,9.144355,Phrase,2
9.571074,11.764228,Phrase,0
12.663512,10.476665,Phrase,1
9.139912,15.637226,Phrase,3
11.727658,12.607216,Phrase,2
9.917079,15.804442,Phrase,3
9.593863,11.24206,Phrase,0
11.017433,10.187048,Phrase,1
8.601336,9.774594,Phrase,2
11.663884,7.825433,Phrase,1
10.211852,15.131071,Phrase,3
10.459248,12.455646,Phrase,0
10.873169,11.473839,Phrase,0
10.352441,14.734345,Phrase,3
9.00022,10.21327,Phrase,2
11.400455,12.612927,Phrase,0
9.437984,14.984792,Phrase,3
10.050767,11.559297,Phrase,0
12.785574,8.924902,Phrase,0
11.001331,12.509856,Phrase,0
9.737707,10.169566,Phrase,2
9.277376,14.827516,Phrase,3
9.691042,12.027678,Phrase,0
9.5878725,15.127696,Phrase,3
10.287086,10.48237,Phrase,1
9.738482,15.066266,Phrase,3
10.706968,12.471258,Phrase,0
11.12606,11.348626,Phrase,0
8.52588,10.344488,Phrase,2
10.571317,11.0841675,Phrase,0
10.298241,9.579426,Phrase,2
9.79797,11.473936,Phrase,2
9.638517,9.472622,Phrase,2
11.471557,11.739468,Phrase,0
12.254528,11.584087,Phrase,1
10.360715,13.235706,Phrase,0
11.649622,12.203352,Phrase,0
10.187206,11.727737,Phrase,2
10.594672,13.844414,Phrase,3
10.023783,12.063892,Phrase,0
10.279956,13.76956,Phrase,1
11.452071,11.638668,Phrase,0
11.1387825,12.180564,Phrase,0
12.402769,10.354024,Phrase,0
11.624185,11.468104,Phrase,1
9.337258,11.220259,Phrase,0
10.408851,15.501933,Phrase,3
9.764012,13.552291,Phrase,0
9.868224,13.330536,Phrase,0
8.303246,9.161826,Phrase,2
9.559571,9.167251,Phrase,2
8.137253,9.516656,Phrase,2
7.85122,8.48176,Phrase,1
8.702145,10.501482,Phrase,2
10.294993,8.326326,Phrase,2
11.296589,9.924257,Phrase,1
10.628875,15.453774,Phrase,3
9.518011,10.893265,Phrase,2
10.872118,13.274219,Phrase,0
9.395357,15.043614,Phrase,3
11.056929,10.147243,Phrase,1
12.639389,10.259334,Phrase,1
8.652142,10.392532,Phrase,2
10.415426,12.916571,Phrase,0
9.796765,13.603629,Phrase,0
9.907597,7.2564235,Phrase,2
9.996815,11.921492,Phrase,0
9.644393,15.231048,Phrase,3
10.36504,10.716609,Phrase,0
11.786823,10.779642,Phrase,0
10.834285,15.529189,Phrase,3
11.083963,10.883762,Phrase,1
11.965228,13.547457,Phrase,1
9.840631,9.38246,Phrase,2
11.941824,12.14516,Phrase,1
11.644882,13.327988,Phrase,1
10.860876,9.872661,Phrase,1
11.727407,12.149282,Phrase,0
9.754732,10.728333,Phrase,2
9.86661,15.321497,Phrase,3
9.687136,12.145401,Phrase,0
10.067876,15.144276,Phrase,3
8.870512,10.276625,Phrase,0
11.957766,11.478169,Phrase,2
10.808856,12.131816,Phrase,0
11.575697,9.844286,Phrase,1
12.504108,9.998091,Phrase,1
9.482858,15.803827,Phrase,3
9.604682,12.124175,Phrase,0
10.486459,10.242788,Phrase,2
9.232251,13.943402,Phrase,0
10.3562,14.096271,Phrase,2
11.623227,8.588484,Phrase,1
8.604151,10.923158,Phrase,2
10.114965,15.245984,Phrase,3
10.601758,12.253704,Phrase,0
9.376485,11.387982,Phrase,2
10.0865,14.490291,Phrase,3
10.259083,10.760384,Phrase,2
9.780836,12.740321,Phrase,2
11.138419,12.522743,Phrase,0
11.005696,9.308076,Phrase,2
9.334779,12.197321,Phrase,0
12.784151,8.927544,Phrase,0
9.55125,11.738011,Phrase,0
12.31557,11.325136,Phrase,1
11.643241,12.813854,Phrase,0
11.945353,10.6260195,Phrase,1
9.374461,15.624154,Phrase,3
8.890465,9.67161,Phrase,2
10.2927475,12.55603,Phrase,0
12.920442,10.330884,Phrase,1
9.504268,15.344723,Phrase,3
9.993935,11.13701,Phrase,1
9.679468,13.772433,Phrase,3
7.6020303,11.365957,Phrase,2
8.450974,9.642684,Phrase,2
9.632777,9.125369,Phrase,2
9.714736,9.450551,Phrase,1
9.067622,10.673849,Phrase,2
10.289238,14.613752,Phrase,3
10.6953745,12.511566,Phrase,0
10.961581,9.8484535,Phrase,1
10.300369,15.278716,Phrase,3
10.509194,13.266086,Phrase,0
9.984097,11.002237,Phrase,2
8.479566,8.707658,Phrase,1
9.033688,11.064068,Phrase,2
6.8650107,10.953245,Phrase,2
8.695745,10.634406,Phrase,2
9.653908,12.170761,Phrase,2
12.42866,9.959278,Phrase,1
11.052214,10.395365,Phrase,0
10.824789,15.594066,Phrase,3
10.724586,10.036967,Phrase,1
10.16437,11.347661,Phrase,0
12.089898,11.612373,Phrase,1
11.254298,13.636692,Phrase,0
11.061153,12.640688,Phrase,0
9.650886,9.2356,Phrase,2
8.297753,9.849584,Phrase,2
9.79157,11.909104,Phrase,1
10.246213,12.601907,Phrase,0
9.98706,13.791913,Phrase,3
9.951135,10.889759,Phrase,3
10.636063,12.555452,Phrase,0
11.018347,10.719913,Phrase,0
9.798729,9.191969,Phrase,3
9.400147,9.941368,Phrase,2
9.586856,15.179842,Phrase,3
12.811877,8.142873,Phrase,0
11.660258,12.270751,Phrase,0
10.2802305,12.082009,Phrase,0
10.042158,10.110967,Phrase,2
9.238314,10.814986,Phrase,2
9.283166,15.252161,Phrase,3
12.210098,12.547733,Phrase,1
11.643515,10.451944,Phrase,1
8.919054,10.171147,Phrase,2
11.858152,11.469124,Phrase,0
9.024111,15.427739,Phrase,3
11.139604,10.779071,Phrase,2
10.778864,11.218259,Phrase,0
10.056238,14.260851,Phrase,3
9.103229,10.914078,Phrase,0
11.518566,11.853862,Phrase,0
10.83246,10.029246,Phrase,1
10.926248,10.170376,Phrase,1
8.153381,9.863622,Phrase,2
9.142289,15.193972,Phrase,3
9.986219,12.617442,Phrase,0
11.243339,10.69857,Phrase,1
11.233515,11.737519,Phrase,0
9.510563,9.4264765,Phrase,2
11.552266,11.463449,Phrase,0
10.272511,14.682744,Phrase,3
9.730902,9.402765,Phrase,1
11.183602,11.681805,Phrase,0
9.763443,10.565351,Phrase,1
7.621556,8.531121,Phrase,1
10.805773,10.812438,Phrase,0
11.017672,8.942391,Phrase,0
10.654256,12.9251995,Phrase,0
10.631389,12.855558,Phrase,0
10.256258,13.233936,Phrase,0
9.000021,9.7324915,Phrase,0
11.282643,11.460682,Phrase,0
9.929208,14.93695,Phrase,3
10.876654,8.816548,Phrase,2
9.596723,15.77516,Phrase,3
10.500907,9.609002,Phrase,1
10.967666,13.950229,Phrase,0
11.636665,9.94756,Phrase,0
11.973767,12.52998,Phrase,1
9.770047,15.427998,Phrase,3
8.32471,9.915333,Phrase,2
10.050328,10.521339,Phrase,2
10.814213,9.109088,Phrase,2
11.501158,11.12641,Phrase,2
11.765471,14.420562,Phrase,1
11.198611,12.324915,Phrase,0
11.717728,11.445309,Phrase,0
11.094636,12.605505,Phrase,0
9.432772,9.6334715,Phrase,2
11.601822,11.705012,Phrase,0
9.378251,11.358292,Phrase,2
9.7145405,12.637094,Phrase,2
9.106372,15.637069,Phrase,3
10.989487,13.389594,Phrase,0
11.843569,12.725886,Phrase,2
10.801143,7.7677236,Phrase,2
8.201068,9.942813,Phrase,2
9.590211,10.985303,Phrase,2
11.402497,13.616991,Phrase,1
8.874146,10.58279,Phrase,2
12.121757,13.295981,Phrase,0
10.25626,13.773656,Phrase,0
10.549764,9.546373,Phrase,2
9.627561,15.405656,Phrase,3
9.46241,15.544011,Phrase,3
10.130483,11.145596,Phrase,0
9.599457,14.811649,Phrase,3
9.058739,15.107668,Phrase,3
9.3305855,10.530287,Phrase,2
9.076853,10.524451,Phrase,2
11.600679,11.514611,Phrase,1
9.332484,13.226908,Phrase,0
10.093303,10.2519245,Phrase,2
11.116635,13.808427,Phrase,0
12.083325,9.712951,Phrase,1
9.035913,10.368842,Phrase,2
9.564972,12.99781,Phrase,0
10.273799,10.615086,Phrase,0
10.139613,10.13349,Phrase,2
12.03827,9.706522,Phrase,1
9.307387,11.072709,Phrase,2
10.46526,12.139287,Phrase,0
9.776402,9.674922,Phrase,0
8.82401,9.903733,Phrase,2
9.092328,11.988162,Phrase,0
10.665159,13.439026,Phrase,1
9.362955,12.212127,Phrase,0
8.278705,8.588771,Phrase,2
9.655285,10.389961,Phrase,2
11.659805,11.724929,Phrase,2
9.145827,15.273775,Phrase,3
11.806506,12.004487,Phrase,0
12.21249,10.489939,Phrase,1
10.977017,13.083655,Phrase,0
10.941502,14.850359,Phrase,3
