x,y,boundary_type,cluster_id,z
12.706917,17.01931,Sentence,2,11.181428
14.537835,14.789071,Sentence,3,9.518176
11.919478,14.23427,Sentence,0,9.167688
13.979992,14.132907,Sentence,1,9.894173
12.204275,16.78415,Sentence,2,10.111081
11.937873,14.732175,Sentence,0,8.80401
12.314497,15.946445,Sentence,0,8.900662
12.087574,16.025171,Sentence,0,9.2032795
14.339252,14.037327,Sentence,1,8.859668
12.9218855,15.744042,Sentence,1,9.371285
11.819674,16.310394,Sentence,2,10.204909
13.491592,16.024435,Sentence,2,10.433484
13.5926285,16.053776,Sentence,2,9.59869
14.998624,13.934807,Sentence,3,11.168304
15.219009,14.022046,Sentence,1,9.584097
13.84417,15.038577,Sentence,1,8.949589
13.708623,16.31379,Sentence,2,9.364023
13.3645525,9.616532,Sentence,1,6.5779734
12.347356,16.131525,Sentence,0,9.541773
12.582745,16.229183,Sentence,2,10.6301985
11.858265,15.907804,Sentence,0,9.240148
12.973463,14.905409,Sentence,0,8.508849
14.926441,14.433875,Sentence,1,9.498997
13.850138,14.530622,Sentence,1,10.481365
13.339319,16.078259,Sentence,2,9.087558
12.468176,15.3715315,Sentence,0,8.545816
12.191157,15.402539,Sentence,0,9.528716
12.083424,14.841889,Sentence,0,9.781838
12.649281,13.872569,Sentence,1,9.56481
12.48591,15.967874,Sentence,2,9.565667
13.063724,15.388987,Sentence,2,9.624248
13.300302,15.123362,Sentence,0,9.142619
12.893155,15.629515,Sentence,0,8.457589
14.922412,14.100763,Sentence,3,10.952352
13.392922,16.442062,Sentence,2,9.600393
12.946389,14.707402,Sentence,1,10.65012
12.0139065,16.79016,Sentence,2,10.17122
12.390163,15.92434,Sentence,0,8.653671
12.080429,14.007529,Sentence,0,9.661543
12.549794,15.529406,Sentence,3,12.187192
12.405868,16.710587,Sentence,2,9.537672
13.862223,12.622001,Sentence,1,7.9888206
14.218786,14.700336,Sentence,1,9.0232525
12.501431,16.42239,Sentence,2,9.987167
15.346375,11.371739,Sentence,1,7.8918147
12.940699,14.915,Sentence,0,8.386689
12.934347,15.779329,Sentence,0,8.407034
14.93999,13.953301,Sentence,3,10.492438
11.728406,16.368095,Sentence,0,9.728905
12.14973,16.776073,Sentence,2,11.091074
14.1666975,14.603623,Sentence,1,9.647045
13.900118,16.358984,Sentence,2,10.022199
15.112411,13.668693,Sentence,3,11.42331
13.097132,16.378391,Sentence,2,8.8546
12.486619,16.477465,Sentence,2,10.522039
12.913517,13.9759865,Sentence,0,9.242792
13.4473295,15.854724,Sentence,2,10.380022
13.074909,17.0618,Sentence,2,10.463636
13.530172,14.146363,Sentence,1,10.053404
11.858608,14.493262,Sentence,0,8.388842
13.9288,15.85206,Sentence,0,8.930054
13.372607,16.027502,Sentence,2,11.029957
11.463666,16.583952,Sentence,1,11.152866
13.870285,15.198858,Sentence,0,9.143329
15.377913,13.676417,Sentence,3,9.856939
12.376282,15.531427,Sentence,0,9.326701
13.960558,15.970171,Sentence,2,9.378676
15.155865,13.886437,Sentence,3,9.924151
14.565097,14.587585,Sentence,3,11.468726
13.345834,16.099272,Sentence,2,9.686196
12.598012,15.222488,Sentence,0,8.712563
15.135134,13.822016,Sentence,3,10.1303835
12.368566,16.600105,Sentence,2,9.746191
12.500802,15.83774,Sentence,3,11.759912
13.747603,14.253803,Sentence,1,9.468374
13.508636,14.919444,Sentence,2,9.762701
12.186835,17.092152,Sentence,1,11.333288
14.515891,16.034664,Sentence,0,8.674689
12.996874,16.69428,Sentence,2,10.0296955
12.606746,16.072111,Sentence,2,9.3691025
12.143981,13.478389,Sentence,0,9.382485
13.726893,16.402351,Sentence,0,9.182777
12.18623,15.281656,Sentence,0,8.426909
12.945028,16.789095,Sentence,2,11.181453
14.061374,15.430441,Sentence,1,9.958025
13.945133,13.776267,Sentence,3,11.4843
12.125316,15.905482,Sentence,0,8.715805
12.909321,15.085625,Sentence,3,12.762421
14.429935,14.714442,Sentence,1,10.24662
12.133142,16.704947,Sentence,3,11.40638
12.360478,14.701208,Sentence,1,9.158946
11.973107,14.792872,Sentence,1,10.714109
11.901594,16.608992,Sentence,2,9.726847
13.049337,16.456024,Sentence,2,10.09524
12.683625,16.393702,Sentence,0,8.666881
11.743226,14.03409,Sentence,0,8.827368
13.514882,16.796907,Sentence,2,10.630888
12.998916,16.354298,Sentence,1,9.611067
14.098571,12.036122,Sentence,1,7.73692
12.562075,16.35439,Sentence,2,9.853777
12.740966,13.750087,Sentence,1,9.237848
11.931266,14.716465,Sentence,3,10.632957
14.722762,11.434356,Sentence,1,6.9931374
12.382972,16.689018,Sentence,2,9.560052
13.685859,15.942987,Sentence,2,9.704802
12.872107,16.742922,Sentence,0,9.157496
14.607976,15.960132,Sentence,1,8.624058
12.479802,16.156086,Sentence,2,9.534839
12.365383,16.49742,Sentence,2,9.317987
12.598008,13.842737,Sentence,0,9.476239
13.1876745,15.970095,Sentence,2,9.544815
15.196363,14.053012,Sentence,1,9.803917
12.876646,16.228254,Sentence,2,8.900183
10.88912,14.7098675,Sentence,1,9.912879
13.937204,12.350796,Sentence,1,8.139635
12.791701,16.857855,Sentence,2,9.725734
12.657793,12.816121,Sentence,1,9.085775
13.809948,14.076375,Sentence,1,9.388628
12.522198,15.486516,Sentence,0,8.412922
12.730905,16.627687,Sentence,2,9.706226
12.888436,16.217176,Sentence,2,8.800148
13.451799,12.93299,Sentence,1,8.797928
13.455365,14.006014,Sentence,1,9.393152
11.495854,12.971085,Sentence,0,9.160084
12.758921,16.603552,Sentence,2,9.317306
12.90672,16.69849,Sentence,2,9.792451
12.894041,15.010191,Sentence,0,8.507593
12.634094,15.931475,Sentence,2,11.491935
12.378843,15.159601,Sentence,2,10.090815
13.316396,16.644922,Sentence,2,9.865701
13.154655,15.596459,Sentence,0,8.73003
12.825188,13.099546,Sentence,1,8.692275
13.019468,16.776087,Sentence,2,9.589171
14.897631,10.843708,Sentence,1,9.80131
13.626696,14.377872,Sentence,1,10.124362
14.722491,11.445366,Sentence,1,7.0043325
13.51589,16.856474,Sentence,2,10.060649
12.124095,16.495905,Sentence,2,10.450826
11.728221,13.994116,Sentence,0,8.556425
12.614349,15.1067,Sentence,0,8.718214
13.224186,16.818266,Sentence,2,9.76242
12.81611,14.865059,Sentence,1,11.365638
12.831535,14.316423,Sentence,1,8.484563
15.283907,14.218521,Sentence,2,9.774928
14.024061,15.199429,Sentence,2,10.213128
12.993725,16.631067,Sentence,2,9.528095
14.814379,14.016973,Sentence,3,10.527204
13.271532,16.13828,Sentence,2,9.147104
12.660056,15.1157,Sentence,0,9.955639
14.954518,13.8964205,Sentence,3,11.24593
13.202376,15.027705,Sentence,0,8.681947
13.912956,16.297432,Sentence,2,9.254654
12.964698,14.70699,Sentence,0,8.384422
12.649406,16.803595,Sentence,2,10.237932
13.769685,14.624704,Sentence,1,9.827056
12.815901,15.400031,Sentence,0,8.536671
12.175563,16.991726,Sentence,2,11.17629
13.098761,16.719313,Sentence,2,10.65348
13.188251,16.777636,Sentence,2,9.49978
12.055214,15.7051735,Sentence,0,8.663735
15.279514,13.664215,Sentence,3,10.064333
12.164983,16.973019,Sentence,2,11.059557
12.552576,16.808413,Sentence,2,9.96131
12.280672,16.519106,Sentence,2,10.425356
12.1323595,16.241035,Sentence,0,8.931566
11.566752,12.992612,Sentence,1,9.125314
15.01826,13.830738,Sentence,3,11.269121
13.412754,15.599086,Sentence,0,9.30793
14.708152,14.858008,Sentence,1,10.00634
11.574032,16.344791,Sentence,2,10.60375
13.58304,12.618073,Sentence,3,9.266415
12.495034,16.320852,Sentence,2,10.046011
12.725733,15.556806,Sentence,0,8.737079
12.8530655,15.025053,Sentence,1,8.944559
12.445821,15.877772,Sentence,2,10.51119
13.600435,16.269035,Sentence,2,9.24569
13.094101,15.561285,Sentence,0,8.681474
13.315334,16.478403,Sentence,2,9.299073
12.8841,15.383068,Sentence,0,8.608311
13.164501,13.2179785,Sentence,1,9.068586
13.852819,14.358615,Sentence,2,11.296275
13.554632,15.94417,Sentence,2,9.6337595
13.66117,14.689606,Sentence,1,9.292451
12.6774435,16.033985,Sentence,0,8.737317
12.322218,15.817349,Sentence,0,8.727946
12.286165,16.593616,Sentence,2,10.531811
12.015707,15.418156,Sentence,0,9.419567
12.019415,13.569709,Sentence,2,9.657499
14.215559,16.365353,Sentence,2,9.207588
13.869161,16.57532,Sentence,2,9.266895
13.102258,16.627777,Sentence,2,9.071144
15.583581,13.489755,Sentence,3,10.054727
12.464332,16.496267,Sentence,2,9.093004
14.044052,16.824398,Sentence,2,9.624024
14.065887,14.129117,Sentence,1,9.996932
13.301033,13.505751,Sentence,1,10.265702
12.672226,15.347389,Sentence,0,9.067601
14.151209,16.591269,Sentence,0,9.4118595
13.396911,16.305061,Sentence,2,9.162587
13.184603,16.346533,Sentence,2,10.438344
12.107539,16.950987,Sentence,2,10.911834
12.611144,14.6197195,Sentence,0,10.309878
12.572719,17.017748,Sentence,2,10.598137
13.767774,16.022552,Sentence,0,8.965507
11.716797,13.67275,Sentence,0,8.522377
15.7139435,13.468514,Sentence,3,10.105173
13.177778,15.407348,Sentence,0,8.81882
13.123097,16.686255,Sentence,2,9.411455
11.84239,14.243877,Sentence,3,10.5715885
11.975601,13.363244,Sentence,1,8.877776
12.563232,16.597754,Sentence,1,9.306757
12.321513,13.653171,Sentence,0,8.640554
13.74176,14.987456,Sentence,2,9.8631735
12.196716,15.682855,Sentence,0,8.7858515
12.636305,15.803745,Sentence,0,9.406669
14.301243,13.508558,Sentence,1,10.152606
13.13684,14.19773,Sentence,1,9.385598
13.704035,16.497135,Sentence,2,10.241605
13.254364,16.468529,Sentence,2,8.81203
11.921609,17.08244,Sentence,0,10.390286
13.374103,16.786634,Sentence,2,9.891578
13.917453,14.073032,Sentence,1,11.431147
12.22178,16.662508,Sentence,2,10.600741
13.460134,12.954077,Sentence,1,10.196799
12.537106,16.477264,Sentence,2,10.09807
12.597542,16.40367,Sentence,2,8.912638
13.934582,14.841119,Sentence,2,9.282873
12.820222,16.461468,Sentence,2,9.462287
13.981544,14.472865,Sentence,1,9.908319
12.794868,15.839652,Sentence,0,8.712765
13.071876,14.97313,Sentence,2,11.064034
11.413218,12.948031,Sentence,1,9.09135
14.523045,15.97103,Sentence,1,8.715751
11.743779,12.214164,Sentence,1,8.832167
11.9806595,15.107406,Sentence,2,11.313298
14.317684,15.48057,Sentence,2,9.48373
13.200852,16.917492,Sentence,2,10.241449
12.392488,15.994023,Sentence,0,8.606297
12.673889,16.102232,Sentence,0,10.494442
11.965159,16.798471,Sentence,2,11.051828
14.687089,13.871122,Sentence,3,11.125027
12.591712,13.42409,Sentence,0,8.214959
11.976619,14.886908,Sentence,0,8.12114
12.3256035,16.735771,Sentence,2,10.195444
12.384268,16.014593,Sentence,0,8.802071
13.562223,16.803612,Sentence,2,9.571034
13.245434,16.957256,Sentence,2,9.559666
11.737614,13.311732,Sentence,1,8.734746
14.677468,22.16374,Sentence,1,14.591617
13.773344,14.653756,Sentence,1,9.901035
12.454582,16.516905,Sentence,2,9.126299
12.4851,15.741529,Sentence,0,8.404506
11.525666,13.520344,Sentence,0,8.762682
13.225997,16.401121,Sentence,2,9.294631
12.000902,16.328259,Sentence,2,10.147296
14.978531,13.8429165,Sentence,3,11.31053
11.910599,15.623971,Sentence,0,9.2450905
12.18055,15.637213,Sentence,0,8.716441
12.912592,16.086433,Sentence,2,10.000771
12.695238,17.042566,Sentence,2,10.603788
13.377596,16.890041,Sentence,2,9.763199
11.892195,14.360638,Sentence,1,10.34516
14.95575,13.832242,Sentence,3,11.38493
13.5755625,13.912716,Sentence,1,10.408505
14.550547,15.962056,Sentence,1,8.704321
14.323594,14.550961,Sentence,1,10.670776
12.773933,16.04562,Sentence,0,8.94767
12.526088,15.154124,Sentence,2,10.069156
12.348689,15.494128,Sentence,0,8.944199
11.638236,13.312109,Sentence,1,9.3266945
13.063954,16.87696,Sentence,2,10.394425
11.488615,16.895235,Sentence,2,10.973884
13.863701,16.23197,Sentence,2,9.555756
13.7467985,16.8439,Sentence,2,9.814752
12.071949,15.996602,Sentence,0,8.978244
13.158682,16.764618,Sentence,2,10.046545
15.423702,11.942469,Sentence,1,11.056157
14.10528,14.329151,Sentence,1,9.244649
11.659154,16.413952,Sentence,2,10.609289
13.376589,16.940414,Sentence,2,9.881312
13.715965,14.730012,Sentence,2,10.850156
13.796171,14.659968,Sentence,1,10.562655
12.858765,16.626036,Sentence,2,9.485688
13.508515,14.62939,Sentence,1,10.334904
12.765839,16.552015,Sentence,2,9.049254
11.598267,16.66875,Sentence,3,12.00601
13.490238,14.542992,Sentence,2,9.815633
12.919656,14.856088,Sentence,0,9.46846
12.474018,16.31831,Sentence,2,8.921346
12.918426,16.843306,Sentence,2,9.0862465
12.902064,13.410351,Sentence,1,8.946785
11.985714,13.751438,Sentence,0,9.427121
12.31979,15.740124,Sentence,0,8.62002
12.673056,16.400639,Sentence,2,9.639833
13.277505,13.821742,Sentence,3,11.303
12.507969,14.072446,Sentence,0,9.074449
14.420122,15.85929,Sentence,1,8.853803
13.9499235,15.914895,Sentence,2,9.501444
14.656451,13.825951,Sentence,3,11.406388
14.277699,14.674217,Sentence,3,11.21192
11.6558485,13.486316,Sentence,0,8.495829
13.177213,16.601156,Sentence,2,9.162817
11.813779,16.932112,Sentence,2,10.656725
12.033374,14.198545,Sentence,0,9.754752
13.456394,12.229298,Sentence,1,8.14304
12.206556,14.855714,Sentence,0,8.589052
11.64108,16.564722,Sentence,2,10.582657
12.991161,16.816639,Sentence,2,9.39173
13.00478,16.206564,Sentence,0,9.158754
13.213462,14.438988,Sentence,1,9.706991
13.851378,16.667664,Sentence,2,9.785315
13.452597,15.374948,Sentence,0,8.759677
12.785537,15.93551,Sentence,2,10.039613
11.990042,17.095201,Sentence,2,11.151493
13.376487,15.246688,Sentence,1,10.762788
11.404633,12.37154,Sentence,1,9.220913
12.711286,9.813775,Sentence,1,1.5839914
15.06635,13.843019,Sentence,1,10.087901
12.045623,11.575358,Sentence,3,9.42556
13.582761,16.295952,Sentence,2,9.452483
12.066496,16.957714,Sentence,2,10.943051
13.221122,16.312302,Sentence,2,9.940833
13.676693,16.505486,Sentence,2,9.900098
11.811338,16.629078,Sentence,2,11.32042
14.380973,15.493739,Sentence,2,10.159345
12.316816,16.275356,Sentence,2,8.906319
12.972411,16.377966,Sentence,0,8.974862
14.319543,14.520886,Sentence,1,10.129723
12.318509,15.366572,Sentence,0,8.602961
14.037379,15.050035,Sentence,1,8.822949
12.956238,15.605044,Sentence,0,9.227518
13.674912,12.288953,Sentence,2,7.1117873
12.591923,16.282803,Sentence,0,8.852576
11.025979,12.442899,Sentence,1,8.717071
12.37963,15.960365,Sentence,2,10.263206
14.147185,14.441624,Sentence,0,8.625263
13.199677,16.061817,Sentence,2,9.349401
12.2039,15.686923,Sentence,0,8.5574
12.505853,17.199928,Sentence,3,11.278112
14.100541,14.557195,Sentence,1,10.011491
13.501985,15.529367,Sentence,2,10.521089
14.177796,16.11925,Sentence,2,9.107526
12.577832,14.393183,Sentence,0,8.442594
12.973617,16.690748,Sentence,2,10.220995
15.057635,13.696023,Sentence,3,10.392608
12.744634,16.19133,Sentence,2,9.098125
13.2029705,16.579777,Sentence,2,9.345723
13.733201,15.752601,Sentence,2,8.859276
12.593157,15.860465,Sentence,0,8.822651
12.068712,15.879235,Sentence,0,9.390333
12.959426,13.464494,Sentence,3,11.133981
13.595131,16.346643,Sentence,2,9.582965
12.146489,15.976906,Sentence,0,8.794991
15.252162,13.755043,Sentence,3,10.095598
13.289844,15.584284,Sentence,1,10.069257
12.416955,15.082541,Sentence,2,10.638484
12.394908,16.948692,Sentence,2,10.745127
12.366051,16.060379,Sentence,2,11.034867
13.945279,15.1344385,Sentence,2,11.167368
12.040873,15.787369,Sentence,2,10.042159
11.724741,16.644325,Sentence,0,9.938677
12.119981,15.324898,Sentence,0,8.937613
14.7509985,14.094637,Sentence,3,10.605109
12.22029,17.052526,Sentence,2,10.50415
12.830267,17.087114,Sentence,2,10.835276
12.460449,15.845616,Sentence,0,8.730194
12.437619,16.205698,Sentence,2,9.844295
12.809613,16.489166,Sentence,2,9.439084
12.315865,16.066477,Sentence,2,11.595152
14.517887,14.210034,Sentence,3,10.801355
12.777847,16.473017,Sentence,2,10.84505
12.52462,14.291529,Sentence,0,8.569753
12.891158,14.993065,Sentence,0,9.87711
12.905399,13.922495,Sentence,1,8.884324
12.203148,15.032915,Sentence,0,8.335222
14.635292,14.982937,Sentence,3,10.74222
12.349922,15.966638,Sentence,0,9.463799
14.240331,13.486639,Sentence,3,10.844134
12.457921,15.372501,Sentence,3,10.98564
15.3239765,14.11836,Sentence,1,9.785547
12.240734,14.781363,Sentence,0,8.323304
12.093839,12.531878,Sentence,1,8.528987
14.846785,13.615789,Sentence,1,9.102738
12.040239,15.800315,Sentence,0,8.779921
11.844375,14.620231,Sentence,0,8.832313
13.997005,15.493916,Sentence,2,9.934667
12.269308,16.282743,Sentence,0,8.92586
11.974222,16.604536,Sentence,2,11.46797
14.086991,14.567543,Sentence,2,10.756467
12.453952,16.289467,Sentence,2,8.936256
13.328174,16.18703,Sentence,1,9.707751
12.338356,12.132452,Sentence,1,9.5843525
12.966165,16.909618,Sentence,2,10.396624
13.526421,16.080854,Sentence,2,10.012879
13.804126,16.353523,Sentence,2,9.093967
14.517458,12.788227,Sentence,3,9.007063
13.718279,16.09993,Sentence,2,9.776232
12.525846,16.389608,Sentence,2,9.024463
11.893147,16.58127,Sentence,0,9.490292
12.226442,14.767656,Sentence,0,8.895612
14.034684,16.49095,Sentence,2,9.411575
13.324136,14.921872,Sentence,2,9.951879
13.304647,15.456175,Sentence,1,8.782818
12.845798,15.310498,Sentence,0,8.686394
13.385426,16.764193,Sentence,2,10.961178
13.667164,15.587177,Sentence,2,9.704319
14.720288,13.660154,Sentence,3,10.745372
11.379012,12.772569,Sentence,1,9.401751
13.585209,15.049371,Sentence,0,8.830804
13.5959215,12.698308,Sentence,1,8.053607
12.458256,15.021248,Sentence,0,8.420093
14.678106,15.518243,Sentence,1,10.681244
14.287865,14.076681,Sentence,0,8.706285
13.132143,15.436907,Sentence,0,8.560316
12.168362,16.801363,Sentence,2,10.549028
14.11064,13.882293,Sentence,1,11.461155
12.530742,17.071684,Sentence,2,11.349595
12.895944,14.97621,Sentence,0,8.546096
12.232033,16.268852,Sentence,0,9.261189
13.143444,16.805727,Sentence,2,10.341922
13.873335,15.639285,Sentence,0,9.153714
14.189075,15.78522,Sentence,2,8.863032
14.271077,12.2746,Sentence,1,9.45117
12.963186,15.733748,Sentence,0,8.947768
13.585006,12.5994,Sentence,1,7.9851046
13.543838,16.794205,Sentence,2,9.459442
13.658723,13.863469,Sentence,3,10.742042
12.813816,14.502156,Sentence,0,8.646223
12.2809725,16.634287,Sentence,2,9.565954
12.086917,14.017559,Sentence,1,10.420417
13.559216,15.899003,Sentence,2,9.636808
15.122318,14.038355,Sentence,3,10.157946
11.9156275,15.360761,Sentence,0,9.662625
13.580304,16.18251,Sentence,2,9.739249
15.252594,14.35013,Sentence,1,9.670715
11.595367,13.810262,Sentence,0,8.511577
12.551206,15.9086895,Sentence,0,8.734471
14.01577,13.803938,Sentence,1,9.276737
13.591497,17.081009,Sentence,2,10.325576
12.880407,14.348747,Sentence,0,8.788591
12.160304,15.987221,Sentence,0,9.312165
13.471657,16.196857,Sentence,1,10.6416855
12.748846,17.143177,Sentence,2,11.028344
13.28178,14.35139,Sentence,1,11.108227
12.657693,16.547537,Sentence,2,10.065297
12.180758,15.164261,Sentence,0,8.134725
13.447569,16.221872,Sentence,2,8.856215
12.412923,15.925372,Sentence,0,8.90874
11.896638,16.89879,Sentence,2,10.745353
12.319861,16.537468,Sentence,2,11.114919
12.42103,15.4171915,Sentence,2,10.924005
13.564247,13.930553,Sentence,1,11.062471
13.856366,16.286314,Sentence,2,9.388723
13.09913,16.352123,Sentence,2,9.834617
14.179277,14.473809,Sentence,0,9.851477
12.695662,16.115807,Sentence,2,9.803847
13.608614,16.914703,Sentence,2,10.238349
12.387569,16.346912,Sentence,2,9.356012
11.558813,16.845516,Sentence,2,11.036691
14.217291,14.070608,Sentence,3,11.712807
12.012361,16.471386,Sentence,0,10.633007
12.321261,16.959831,Sentence,2,10.882343
12.032457,11.566793,Sentence,3,9.414133
12.362319,15.1175375,Sentence,0,8.555662
12.46966,16.01224,Sentence,2,9.38676
12.647713,13.826236,Sentence,1,10.451537
14.309882,14.595605,Sentence,3,10.109974
13.23647,13.628778,Sentence,1,8.841924
11.7427635,13.470471,Sentence,1,8.64329
13.59117,16.029707,Sentence,2,10.088525
14.976945,13.960367,Sentence,3,11.201105
15.122236,14.190441,Sentence,1,9.92604
12.603239,15.486869,Sentence,2,11.773907
14.931781,14.207875,Sentence,3,10.289652
12.135125,16.374388,Sentence,3,11.367281
12.58503,16.25342,Sentence,0,8.963659
12.029419,16.400953,Sentence,0,9.530116
13.587348,16.443304,Sentence,2,10.05285
14.385671,16.00564,Sentence,0,8.68478
14.777093,13.88001,Sentence,3,11.020416
13.28157,16.814167,Sentence,2,9.7330675
14.531055,15.953635,Sentence,0,8.636348
13.7788315,15.863196,Sentence,1,10.371218
11.935778,17.035648,Sentence,2,10.749359
14.434282,13.914341,Sentence,3,11.195517
13.244712,16.628073,Sentence,2,9.463208
11.892934,13.123829,Sentence,0,8.740012
13.542387,13.048684,Sentence,1,7.4437747
15.203576,13.994511,Sentence,1,9.9727955
13.441185,16.66642,Sentence,2,9.590881
14.109232,15.119745,Sentence,1,10.950819
12.264015,16.357613,Sentence,2,10.3055105
11.788778,13.407546,Sentence,0,8.504497
15.165576,13.782018,Sentence,3,10.0730715
11.743005,16.233063,Sentence,2,10.474885
12.988462,16.018618,Sentence,2,11.331964
12.001019,14.620985,Sentence,0,8.538451
12.217382,15.5843935,Sentence,0,8.75363
11.381755,14.98814,Sentence,2,10.380955
11.769729,15.165392,Sentence,0,10.621056
13.344845,14.364179,Sentence,1,11.141797
12.462371,16.270382,Sentence,0,9.152996
12.046866,16.289509,Sentence,2,10.321627
11.728679,17.105091,Sentence,0,10.779186
13.314242,14.575976,Sentence,0,9.818713
11.954069,14.691762,Sentence,0,8.358061
14.033145,14.074529,Sentence,1,9.141429
12.851881,9.879548,Sentence,3,13.560931
12.411464,15.584311,Sentence,0,8.918564
13.026545,15.828404,Sentence,0,8.68082
13.171786,16.758514,Sentence,2,10.098649
12.803984,17.284502,Sentence,2,10.656732
12.802526,15.842293,Sentence,0,9.594535
14.602901,15.964683,Sentence,1,8.632701
12.303107,16.301344,Sentence,2,8.952283
12.738811,15.592376,Sentence,2,10.5706835
13.9234085,14.504536,Sentence,3,11.32843
12.718453,16.701424,Sentence,2,9.447849
14.613661,15.971964,Sentence,0,8.625312
13.320809,15.231995,Sentence,2,10.156396
14.739806,14.347661,Sentence,3,10.649698
14.291976,14.468234,Sentence,1,8.638964
12.196864,16.442966,Sentence,3,11.999865
12.914773,15.3078575,Sentence,0,8.515993
12.7125025,9.818338,Sentence,1,1.5933117
12.666127,13.006262,Sentence,1,8.902716
14.983345,14.360679,Sentence,2,10.032897
12.181283,15.567384,Sentence,0,8.601623
13.751145,14.425238,Sentence,2,10.990083
11.772961,13.803734,Sentence,1,8.834425
11.967968,16.413065,Sentence,0,9.775051
11.997731,12.883965,Sentence,1,8.598117
14.132061,16.414616,Sentence,2,9.783317
11.934567,12.012958,Sentence,1,9.117832
12.077622,14.213816,Sentence,2,10.995709
14.124971,14.586709,Sentence,1,11.1095915
13.133599,16.150127,Sentence,2,10.744732
14.065468,15.0811,Sentence,2,10.786775
15.144664,13.748801,Sentence,3,11.413206
12.847197,16.458258,Sentence,2,8.868574
13.526528,15.994963,Sentence,2,9.702592
14.523946,15.962575,Sentence,2,8.707875
12.6367855,15.668273,Sentence,0,9.489245
14.885758,13.419305,Sentence,1,9.650923
12.493105,16.82147,Sentence,3,11.449821
12.229515,16.945272,Sentence,2,10.411329
14.08768,15.007839,Sentence,1,9.455401
14.357733,14.014926,Sentence,1,10.535104
14.131823,13.907131,Sentence,3,10.034242
12.09424,13.252221,Sentence,1,9.296955
14.209114,14.789326,Sentence,1,9.903662
12.119902,16.580809,Sentence,2,9.361822
14.470881,14.524634,Sentence,3,10.083469
11.91107,16.19689,Sentence,2,10.681597
12.990026,13.758596,Sentence,0,8.792781
14.139774,13.549893,Sentence,3,11.467451
13.732136,12.234168,Sentence,1,7.312695
14.067119,12.875721,Sentence,1,9.1790695
12.956994,16.841013,Sentence,2,9.628331
14.477383,16.23197,Sentence,1,9.781586
14.725301,11.440837,Sentence,1,6.9947767
11.980157,16.523596,Sentence,2,10.543487
13.573352,14.44822,Sentence,2,11.105025
12.513945,16.448286,Sentence,2,9.1962595
11.8396635,14.607628,Sentence,0,8.333478
14.325615,15.855814,Sentence,0,8.79318
13.2752075,16.90044,Sentence,2,10.201894
13.553086,14.939381,Sentence,2,10.43107
12.472178,15.306227,Sentence,0,9.403787
12.903223,16.716026,Sentence,2,10.251168
14.13381,13.509316,Sentence,1,9.530826
12.190864,13.256473,Sentence,1,8.791183
14.935881,13.486595,Sentence,3,10.831602
12.186069,17.059435,Sentence,1,11.226623
12.893884,15.466425,Sentence,1,10.126513
12.525707,16.021017,Sentence,0,8.751723
12.067957,15.224364,Sentence,0,8.546724
14.242528,14.993276,Sentence,1,9.758089
13.537276,16.363968,Sentence,2,9.572303
12.919484,16.5249,Sentence,2,10.015752
12.315727,16.723364,Sentence,2,11.009988
13.992517,15.672975,Sentence,2,10.445224
14.52485,16.07959,Sentence,1,9.8821745
13.230574,14.90806,Sentence,0,8.792358
12.811795,16.093176,Sentence,2,10.179602
12.2276125,11.58591,Sentence,3,9.521131
14.077196,13.2370615,Sentence,1,9.528724
14.229407,16.624405,Sentence,2,9.515735
13.864016,15.189348,Sentence,1,9.835291
13.937045,16.485405,Sentence,2,9.605553
12.02389,16.358019,Sentence,0,10.04212
11.760545,-0.9586843,Sentence,3,11.304593
14.147029,13.428955,Sentence,1,10.410499
12.038149,16.500536,Sentence,2,10.378289
13.176268,16.71397,Sentence,2,10.056056
13.360137,16.63876,Sentence,2,8.958844
13.231625,17.068766,Sentence,2,10.541506
12.022938,15.800921,Sentence,0,8.963482
12.849352,15.7060175,Sentence,2,9.571621
15.26756,14.168352,Sentence,1,9.784153
12.496862,16.468224,Sentence,2,9.74997
12.918559,15.53956,Sentence,2,8.890666
12.177136,15.633216,Sentence,0,8.902465
13.833704,14.709697,Sentence,1,9.015428
12.399124,15.1013975,Sentence,0,8.330863
12.453555,15.216651,Sentence,0,8.362494
12.524287,16.183681,Sentence,2,10.418467
13.006281,14.244291,Sentence,1,9.565565
13.729715,16.216951,Sentence,0,8.989716
14.079504,14.336613,Sentence,2,11.187567
12.566874,16.733795,Sentence,2,10.207863
12.325894,16.6026,Sentence,2,11.004398
15.319136,11.432396,Sentence,1,7.9363594
12.48707,16.893124,Sentence,2,10.157934
13.770811,16.438972,Sentence,2,9.839108
14.0782795,12.087164,Sentence,1,7.7607903
11.762227,16.182419,Sentence,0,10.503235
14.558614,14.949408,Sentence,1,9.738581
12.189483,13.1970415,Sentence,0,8.607138
13.48665,12.645357,Sentence,1,8.1109915
13.221625,15.065544,Sentence,1,9.588613
15.239691,14.021557,Sentence,3,9.797217
11.743395,12.248625,Sentence,1,8.796546
13.267743,14.913635,Sentence,0,8.982688
13.649733,16.862885,Sentence,2,9.562565
13.23245,16.887657,Sentence,2,9.658528
12.25347,15.949507,Sentence,0,8.91979
11.519157,13.437907,Sentence,0,8.524118
12.703552,15.44993,Sentence,3,12.360403
12.058637,16.29762,Sentence,2,9.15417
11.753412,16.617779,Sentence,2,10.288139
11.6992655,16.469263,Sentence,2,11.300043
15.04317,13.844449,Sentence,3,10.019335
13.103572,16.588657,Sentence,2,9.163086
11.631756,14.7571125,Sentence,3,10.894577
14.081759,16.428799,Sentence,2,9.43556
12.119767,16.300982,Sentence,0,8.932445
12.846531,15.644376,Sentence,2,9.978001
13.559506,16.217278,Sentence,2,9.547488
12.711986,16.317556,Sentence,2,9.907961
13.5462885,16.372154,Sentence,2,9.372907
14.08978,14.577097,Sentence,3,11.22498
11.880338,14.5795,Sentence,0,8.415169
13.064425,14.318754,Sentence,1,9.408311
11.486743,12.086904,Sentence,1,8.944122
12.11764,11.880785,Sentence,0,9.362205
12.436744,16.678185,Sentence,0,9.158782
14.993429,13.9117985,Sentence,3,11.235437
13.155238,16.887531,Sentence,2,9.551919
11.762413,-0.96143454,Sentence,3,11.303826
11.492875,11.85245,Sentence,1,8.989211
14.765961,13.597846,Sentence,1,9.972285
14.4528,12.596022,Sentence,1,8.778294
14.714217,14.333017,Sentence,3,10.711544
11.82702,16.677546,Sentence,2,10.326361
12.10109,14.898552,Sentence,3,11.030046
13.605821,15.954635,Sentence,1,11.411214
12.825224,16.298628,Sentence,2,9.580019
13.850445,14.946974,Sentence,1,10.380206
13.836391,14.461474,Sentence,3,11.355418
14.098257,16.729647,Sentence,2,9.394011
13.693699,15.115027,Sentence,2,9.869851
12.247154,15.007398,Sentence,0,8.559406
14.041044,15.672579,Sentence,2,10.72144
11.388203,12.181814,Sentence,1,9.031399
11.8409815,13.768395,Sentence,0,8.487994
13.4674015,10.768691,Sentence,1,7.388303
11.964274,14.152155,Sentence,0,10.177826
11.7304735,13.885181,Sentence,0,10.072413
13.813027,15.366854,Sentence,1,9.21583
13.942478,15.255804,Sentence,2,9.752611
13.822451,12.756405,Sentence,1,8.07914
11.99563,13.886625,Sentence,1,8.97487
12.410299,15.890257,Sentence,0,8.813887
14.915791,13.816453,Sentence,3,10.078218
14.646151,13.631517,Sentence,1,10.621003
12.971724,13.933847,Sentence,1,8.731449
14.117929,13.881675,Sentence,3,9.444232
12.218005,16.325142,Sentence,2,10.233417
12.246655,14.940224,Sentence,3,11.031009
12.573955,16.56382,Sentence,2,9.814647
14.256588,16.133003,Sentence,2,9.406201
12.909359,15.142282,Sentence,0,8.283723
13.553925,16.85623,Sentence,2,9.8282385
11.997724,16.02683,Sentence,0,8.973589
13.616918,15.717107,Sentence,2,10.025586
12.675268,16.36463,Sentence,2,10.467581
12.692613,14.380114,Sentence,1,10.18719
13.578507,16.80613,Sentence,2,9.47696
12.180183,15.903292,Sentence,0,9.522742
13.633581,15.055867,Sentence,3,11.425881
13.953672,12.91752,Sentence,1,9.098231
13.944282,13.59273,Sentence,1,11.027608
11.886078,16.420769,Sentence,2,10.872281
12.976052,16.573862,Sentence,2,8.910867
14.476458,13.9635105,Sentence,1,9.94462
12.367076,15.271525,Sentence,2,10.873839
14.869324,11.803638,Sentence,1,8.15679
13.432385,15.239297,Sentence,0,9.356989
15.39461,13.627203,Sentence,3,9.8413725
14.477809,14.95875,Sentence,1,9.343006
13.072429,14.300121,Sentence,1,8.822363
13.966027,12.837274,Sentence,1,7.475629
12.318549,16.787275,Sentence,2,10.197909
13.756334,16.852673,Sentence,2,10.15399
11.67875,12.711505,Sentence,1,8.976024
13.824316,14.28418,Sentence,3,9.900651
14.423924,15.967488,Sentence,1,9.051081
12.558321,15.280946,Sentence,0,8.466146
15.299897,13.593934,Sentence,3,9.979405
12.392744,16.12773,Sentence,0,9.146312
11.547033,13.36306,Sentence,0,8.544568
13.904309,16.608425,Sentence,2,9.812523
12.004923,14.643947,Sentence,0,8.630385
12.744228,14.772377,Sentence,0,8.357605
13.435836,15.824887,Sentence,0,9.071591
13.472192,16.312317,Sentence,2,9.745557
11.394181,15.068034,Sentence,2,10.510728
14.149642,15.99244,Sentence,1,9.018534
14.498226,14.6164875,Sentence,1,9.792496
12.684709,14.527133,Sentence,0,9.842097
13.306581,14.090963,Sentence,3,10.0361395
12.663592,17.088129,Sentence,1,10.922856
12.246398,12.158425,Sentence,1,9.816136
14.162333,14.672982,Sentence,1,9.898786
12.679725,16.11816,Sentence,0,9.003005
11.99375,14.746625,Sentence,0,8.342745
13.808449,16.248108,Sentence,2,10.014368
12.384493,15.687686,Sentence,2,10.751361
12.850815,14.627711,Sentence,0,9.08207
11.945307,16.732855,Sentence,3,11.473307
13.0950165,13.968743,Sentence,1,10.766498
13.280894,17.01122,Sentence,2,9.7387
13.986483,15.340539,Sentence,0,11.126273
12.683046,16.632843,Sentence,2,10.158322
13.08874,15.864589,Sentence,2,10.668229
13.364393,9.615908,Sentence,1,6.5775404
14.34624,14.164999,Sentence,1,8.865928
13.663581,15.098141,Sentence,1,9.640482
12.861402,16.137257,Sentence,0,8.622519
11.931061,14.878475,Sentence,0,8.015231
13.995707,14.172553,Sentence,1,10.692592
12.164347,11.7698,Sentence,3,9.4138
13.027007,14.799886,Sentence,2,9.482588
12.909121,14.331315,Sentence,2,9.24345
11.676503,12.608555,Sentence,1,8.923321
12.200709,16.73359,Sentence,1,11.394842
13.995493,16.434301,Sentence,2,9.702015
13.221093,16.462206,Sentence,2,10.288398
14.172791,16.401176,Sentence,2,9.437892
12.8753395,15.3978815,Sentence,0,8.797208
11.513972,16.59449,Sentence,2,11.586195
12.632839,16.545238,Sentence,0,8.737042
12.68202,16.530396,Sentence,2,9.68383
14.580702,11.811818,Sentence,1,7.5152607
12.415045,16.184898,Sentence,2,9.310804
14.11646,14.408874,Sentence,1,8.740433
11.803982,14.074459,Sentence,0,8.426768
12.228585,16.350155,Sentence,2,9.698601
12.713481,15.309886,Sentence,0,8.5687895
12.075193,15.497909,Sentence,0,8.756158
12.975759,16.344341,Sentence,2,8.84293
11.98323,14.965494,Sentence,0,8.815543
14.549708,15.949908,Sentence,0,8.615009
14.537951,15.983649,Sentence,1,8.694904
13.465524,15.8262415,Sentence,2,9.105942
11.950994,16.848604,Sentence,2,10.695254
13.638404,14.56981,Sentence,2,11.137033
13.327623,15.371053,Sentence,0,8.628843
14.2563505,13.197769,Sentence,3,9.567039
12.667253,16.855265,Sentence,2,9.673719
12.14656,15.484448,Sentence,0,8.8799305
12.056452,17.287691,Sentence,3,11.378128
13.559783,15.904092,Sentence,2,9.123077
11.689067,13.786014,Sentence,0,8.664059
13.360628,16.128244,Sentence,2,10.287515
14.108815,16.271578,Sentence,2,9.431698
12.129229,13.498685,Sentence,0,10.694425
12.164483,14.790029,Sentence,0,8.20926
14.000313,15.098662,Sentence,1,9.613011
12.744157,14.415895,Sentence,2,9.937752
13.614469,14.227814,Sentence,1,9.770536
13.686296,12.252102,Sentence,1,7.1028733
12.634936,16.596804,Sentence,2,9.3057375
12.773392,16.809605,Sentence,2,9.729423
13.037107,14.821429,Sentence,1,12.868635
14.579728,14.538399,Sentence,1,10.210176
14.834279,13.951533,Sentence,3,11.115054
12.234435,15.455241,Sentence,0,8.374592
11.610972,14.024385,Sentence,0,8.518049
12.939433,16.891716,Sentence,2,9.85253
14.1017685,15.728983,Sentence,1,9.320799
12.279208,16.881683,Sentence,2,11.014054
12.866127,17.124006,Sentence,2,10.767282
13.90101,14.799404,Sentence,2,11.022102
13.105581,14.263875,Sentence,1,8.49199
12.406171,15.824529,Sentence,0,8.650178
12.223486,16.767614,Sentence,2,10.123804
13.745683,14.348537,Sentence,0,8.9766245
12.571836,16.423779,Sentence,2,10.091843
12.732715,15.667317,Sentence,2,10.312853
12.42099,15.890748,Sentence,0,9.407497
14.303662,15.021383,Sentence,1,10.520942
14.279417,14.639266,Sentence,1,8.7526655
15.049174,14.530726,Sentence,0,9.743722
13.890588,14.742445,Sentence,1,10.349888
12.709736,16.01984,Sentence,2,9.333879
12.62281,15.434668,Sentence,0,8.913359
14.166611,14.393136,Sentence,0,8.767266
14.686699,22.177177,Sentence,1,14.604129
12.629179,16.667433,Sentence,2,9.587338
11.747136,16.025751,Sentence,2,9.903502
12.905256,16.485823,Sentence,2,9.8812
11.713152,13.670039,Sentence,0,8.832129
13.450524,15.7162285,Sentence,0,8.901328
12.474689,16.14515,Sentence,0,8.804088
11.547983,13.564821,Sentence,0,8.982282
13.82403,16.137024,Sentence,2,9.593442
12.836893,15.244897,Sentence,1,9.898097
11.908992,17.047585,Sentence,0,10.182095
13.322552,14.927623,Sentence,3,9.989361
12.379163,15.95522,Sentence,0,9.040938
12.470469,16.427122,Sentence,1,10.931273
13.126629,15.226593,Sentence,2,9.90918
12.427658,16.344728,Sentence,2,10.785997
14.54149,14.054583,Sentence,1,8.846195
13.733393,16.518995,Sentence,2,9.475302
13.564692,16.13995,Sentence,1,11.329454
13.774673,16.556969,Sentence,2,9.471198
12.844964,15.817813,Sentence,0,8.437908
13.667421,12.276779,Sentence,1,7.144363
14.434296,14.338246,Sentence,3,9.494473
15.090218,14.033744,Sentence,1,9.741945
13.027616,14.414331,Sentence,0,8.326286
12.298667,15.980776,Sentence,2,11.674313
12.587349,15.545506,Sentence,0,9.966873
13.416147,15.699786,Sentence,2,10.182021
13.234045,15.331597,Sentence,2,10.25875
11.85858,16.877153,Sentence,2,10.875781
12.146012,15.109401,Sentence,0,8.441685
13.40986,15.376258,Sentence,2,10.713197
13.987785,14.091634,Sentence,2,11.326627
13.98582,14.60675,Sentence,1,11.004592
12.007004,16.612919,Sentence,2,10.512136
12.571054,14.225558,Sentence,0,8.6389885
11.857097,14.972218,Sentence,1,10.303421
13.734469,16.108606,Sentence,2,9.947627
13.966619,12.837332,Sentence,1,7.4717803
12.996543,16.673567,Sentence,2,10.381181
12.580255,13.562379,Sentence,2,8.844123
13.402734,14.310891,Sentence,1,10.539505
13.147933,15.693196,Sentence,2,10.433893
13.107145,13.5463505,Sentence,1,8.732614
12.507266,15.756422,Sentence,2,11.305062
12.055221,16.568321,Sentence,2,9.9973755
14.323175,13.840797,Sentence,1,9.038168
12.093839,16.312983,Sentence,2,10.157617
11.983377,12.445452,Sentence,1,8.682395
12.106079,13.618136,Sentence,0,8.523172
11.806294,15.609075,Sentence,0,9.127974
12.714944,16.190294,Sentence,0,9.893613
13.569771,15.555574,Sentence,1,9.798411
12.697109,14.915784,Sentence,0,8.394867
12.930409,15.618982,Sentence,2,9.344888
14.507753,14.49127,Sentence,3,10.305099
12.899762,14.706374,Sentence,0,8.872203
11.601142,13.818791,Sentence,1,10.050434
14.678269,22.164505,Sentence,1,14.592393
12.875673,13.906447,Sentence,0,10.221621
12.359953,17.102104,Sentence,2,10.4371195
11.825406,16.1936,Sentence,1,11.26746
13.33235,14.817791,Sentence,1,9.609733
11.774989,16.145273,Sentence,2,11.052825
11.983179,15.801009,Sentence,2,9.929189
14.659993,14.775551,Sentence,3,10.183222
13.076627,14.749442,Sentence,0,8.255881
12.759714,16.494036,Sentence,1,10.96953
13.429801,15.269039,Sentence,0,9.183315
13.812105,16.463444,Sentence,0,9.614133
13.812707,13.877669,Sentence,3,11.061359
12.673821,14.581558,Sentence,0,8.891608
12.609585,15.029825,Sentence,0,8.810634
12.056191,13.60448,Sentence,1,9.0136
13.317457,14.949168,Sentence,1,8.738861
12.898063,15.793063,Sentence,2,9.0893545
13.035404,14.2944975,Sentence,1,10.391232
12.2613735,15.407408,Sentence,0,9.516565
14.135801,13.228726,Sentence,1,7.950915
12.530542,15.068432,Sentence,0,9.30096
14.412695,14.212192,Sentence,1,8.938253
16.916428,10.462177,Sentence,1,15.671455
13.4338255,13.501153,Sentence,1,8.301432
12.741633,15.510901,Sentence,2,11.067442
14.034199,15.534842,Sentence,1,8.973691
12.643777,13.924034,Sentence,1,9.133921
12.302072,15.837949,Sentence,0,9.751597
14.4844,13.680979,Sentence,1,9.629914
12.095246,16.818436,Sentence,2,11.285567
13.49397,13.998589,Sentence,0,8.797864
14.949232,13.881475,Sentence,3,11.20088
13.726365,16.789011,Sentence,2,9.710975
13.692718,12.242879,Sentence,1,7.116102
12.607421,14.809835,Sentence,0,8.231728
12.362144,16.975142,Sentence,2,10.537067
12.814353,15.199952,Sentence,0,9.731742
13.77522,16.129269,Sentence,2,10.450522
11.647559,16.702278,Sentence,0,10.710869
14.401928,14.250607,Sentence,3,10.259977
11.923112,14.940586,Sentence,3,10.890841
12.44443,16.113474,Sentence,0,8.695734
14.084761,12.033192,Sentence,1,7.7405405
13.5198145,14.413536,Sentence,1,10.159459
11.735683,14.393928,Sentence,0,8.664217
13.599479,16.437473,Sentence,2,10.338889
13.687271,12.245201,Sentence,1,7.109704
12.9312525,15.595955,Sentence,2,10.897584
14.0691185,15.877501,Sentence,2,9.368193
11.670476,13.057133,Sentence,1,9.084337
11.762979,-0.9615237,Sentence,3,11.3031
14.544846,13.0213995,Sentence,3,10.525493
12.61303,16.68415,Sentence,2,9.148011
13.887573,14.73239,Sentence,1,10.017547
12.169861,15.492746,Sentence,0,8.700839
12.759039,14.143169,Sentence,0,8.488236
14.243718,16.645824,Sentence,2,9.366131
15.129073,13.726637,Sentence,3,9.98888
14.784629,13.88266,Sentence,3,11.305839
12.703606,16.915829,Sentence,2,11.222458
14.082415,15.200623,Sentence,1,9.662936
12.312486,16.503977,Sentence,0,9.060842
14.06441,14.06842,Sentence,3,11.84851
12.670126,13.602841,Sentence,0,8.820136
12.57856,16.727116,Sentence,2,9.162853
14.085362,13.53531,Sentence,3,9.300233
13.472466,13.761065,Sentence,1,9.218573
13.465721,16.398033,Sentence,2,9.7463045
12.748754,16.467478,Sentence,2,9.412634
14.719199,11.4493065,Sentence,1,7.009092
13.873625,16.861027,Sentence,2,9.412586
13.476165,13.176244,Sentence,3,11.195625
13.860008,15.602842,Sentence,2,9.501425
14.22611,16.122698,Sentence,1,9.692172
12.190671,16.580404,Sentence,2,11.066278
12.104348,15.606859,Sentence,0,9.100432
13.416658,16.07478,Sentence,2,9.146647
12.499761,16.371439,Sentence,0,8.980088
13.5305,14.051152,Sentence,1,9.855491
12.957287,16.157602,Sentence,0,9.858951
13.702458,14.619697,Sentence,1,9.199152
12.741531,14.657636,Sentence,0,8.421059
12.47982,15.951085,Sentence,0,9.095735
14.186697,16.70597,Sentence,1,9.309522
12.774501,16.343513,Sentence,0,8.872223
12.913873,16.197355,Sentence,2,8.522829
12.281019,16.339674,Sentence,2,10.332866
13.19562,16.633766,Sentence,2,9.066918
12.827308,16.412722,Sentence,0,9.4028225
12.185276,16.955032,Sentence,1,11.258737
14.335121,14.562486,Sentence,1,10.036452
14.480245,14.86687,Sentence,1,9.181374
13.730408,15.0391655,Sentence,2,10.771218
13.828215,14.460671,Sentence,1,9.964017
12.766524,13.14799,Sentence,3,8.660038
16.744104,10.229378,Sentence,1,9.177142
14.946637,14.235153,Sentence,3,9.376104
11.430071,13.390664,Sentence,1,8.568183
12.745666,15.52846,Sentence,0,8.769613
12.5777645,16.6727,Sentence,2,9.168497
13.862889,16.367533,Sentence,2,10.544095
12.840066,14.80506,Sentence,0,8.279407
13.91989,15.8831415,Sentence,0,10.393432
11.488775,12.723223,Sentence,1,9.079427
12.833805,16.612608,Sentence,2,9.36888
13.886139,14.842175,Sentence,1,9.704504
11.742743,16.02359,Sentence,2,10.399449
11.877161,14.131336,Sentence,0,8.678181
14.135604,12.017615,Sentence,1,7.6954417
13.490748,15.783135,Sentence,0,9.53934
11.933661,16.7137,Sentence,2,11.534493
12.707692,14.754873,Sentence,0,9.1912155
12.058354,16.990335,Sentence,2,10.457542
11.937481,15.373541,Sentence,0,8.510041
11.984697,15.4277,Sentence,0,8.734995
12.996997,15.516984,Sentence,0,8.603355
14.92969,13.872201,Sentence,3,11.340183
15.54643,13.8184185,Sentence,3,10.087272
12.905892,16.659473,Sentence,2,9.822232
14.297964,14.103944,Sentence,0,8.656614
11.851658,16.471968,Sentence,2,10.839226
12.931937,16.856518,Sentence,2,9.62221
14.220516,15.775143,Sentence,2,9.385735
12.96714,15.118888,Sentence,0,9.26318
12.630853,16.22301,Sentence,0,8.724829
14.449293,14.368595,Sentence,3,10.72985
12.347067,16.318453,Sentence,0,9.150042
12.4382305,15.744612,Sentence,0,9.121776
13.690136,14.896962,Sentence,2,10.740009
13.047721,14.797435,Sentence,1,12.891419
12.358859,16.152811,Sentence,2,9.267612
12.193559,14.887807,Sentence,0,8.871884
12.311041,12.793607,Sentence,1,8.589224
12.314308,14.822377,Sentence,0,8.939464
12.971703,13.777621,Sentence,0,8.731671
11.784006,16.554667,Sentence,0,10.12775
12.123313,14.930394,Sentence,2,10.656308
13.132503,16.93537,Sentence,2,10.69151
11.9376,12.797664,Sentence,1,9.012036
13.317326,16.907356,Sentence,2,9.601905
13.104644,16.573969,Sentence,2,9.548979
12.765664,16.16225,Sentence,2,9.559775
12.35399,15.660232,Sentence,0,8.896294
12.387671,16.208395,Sentence,0,8.992046
13.317216,16.198454,Sentence,2,9.237714
14.890992,14.219211,Sentence,3,10.8248
13.400009,15.974713,Sentence,2,10.596747
11.902713,16.934685,Sentence,3,11.021201
13.591639,16.851572,Sentence,2,9.552564
12.335537,16.884678,Sentence,2,9.607188
13.620034,16.756945,Sentence,2,9.602787
11.466862,13.498264,Sentence,0,8.543971
12.797331,15.064439,Sentence,0,9.187694
12.688357,14.440573,Sentence,0,9.111685
14.918889,13.805033,Sentence,3,11.370608
12.872065,15.251733,Sentence,0,8.587275
12.345396,14.317432,Sentence,1,10.454678
11.768604,13.152519,Sentence,0,8.700374
13.567578,15.835534,Sentence,2,9.038265
13.102627,15.471924,Sentence,1,9.150515
12.954759,16.449255,Sentence,2,8.713835
12.706336,16.405472,Sentence,2,9.69538
14.567565,15.531658,Sentence,1,10.849537
14.852808,14.149849,Sentence,1,10.102532
13.454992,16.430576,Sentence,2,9.915329
11.733944,13.291766,Sentence,1,8.575494
11.904753,14.6339035,Sentence,0,8.436582
12.340778,14.30252,Sentence,0,9.304542
14.075795,14.289824,Sentence,3,11.570198
12.886132,14.220755,Sentence,1,10.705022
11.763152,-0.96020377,Sentence,3,11.303159
14.1572075,15.275221,Sentence,2,10.524606
14.840953,14.056326,Sentence,3,10.966186
11.880053,13.378105,Sentence,0,8.771989
13.04645,16.394232,Sentence,2,9.695797
12.18523,16.247652,Sentence,0,9.224864
13.506883,16.665173,Sentence,2,9.573889
12.978832,14.743658,Sentence,0,8.623385
14.169336,13.400707,Sentence,3,11.060208
14.598827,15.964903,Sentence,1,8.63601
12.988283,14.911204,Sentence,3,12.8641
12.515328,16.368929,Sentence,0,8.851565
12.201938,14.480283,Sentence,0,8.533265
11.877425,16.516935,Sentence,0,10.237357
14.452,14.747127,Sentence,3,10.484478
13.549812,16.671064,Sentence,2,10.586112
12.695196,9.067631,Sentence,3,13.926629
12.951436,15.552593,Sentence,1,11.014982
13.025603,15.704765,Sentence,0,8.710661
12.817978,15.454385,Sentence,2,12.105947
14.443844,14.013832,Sentence,1,9.331332
14.00061,16.61673,Sentence,2,9.514628
14.156054,13.919563,Sentence,3,11.5883875
12.67761,15.933167,Sentence,2,9.556002
12.06422,15.338141,Sentence,0,9.264855
11.63479,13.713301,Sentence,0,8.785505
11.919164,13.54171,Sentence,0,8.648208
12.137411,16.27999,Sentence,0,8.926478
13.233184,14.334993,Sentence,1,9.165821
14.951887,14.063303,Sentence,3,11.196999
12.056734,12.077181,Sentence,0,8.880337
12.481803,15.754235,Sentence,0,8.768339
13.059986,16.05234,Sentence,0,8.691961
13.313064,14.509265,Sentence,1,8.512198
12.983764,16.183773,Sentence,2,10.201914
12.024969,14.075286,Sentence,2,11.201047
12.303535,15.885636,Sentence,0,9.3871565
12.242855,16.612398,Sentence,2,10.636813
14.91159,13.964613,Sentence,3,11.180945
12.090431,16.399721,Sentence,0,9.290161
14.918706,14.471551,Sentence,3,9.926966
11.822469,15.3797865,Sentence,0,9.027504
13.284604,16.32057,Sentence,2,9.304046
13.139698,16.737585,Sentence,2,9.111173
12.929155,14.812582,Sentence,0,8.484277
14.032206,15.596025,Sentence,2,10.386992
12.829717,14.070364,Sentence,0,8.473545
12.621354,15.588359,Sentence,0,9.150703
13.96851,13.47746,Sentence,1,9.074048
14.018996,16.278534,Sentence,2,9.382366
12.533208,14.740941,Sentence,3,10.410019
12.425313,15.779913,Sentence,0,9.195095
12.249224,16.790266,Sentence,2,10.387774
14.999293,13.658941,Sentence,3,10.041218
12.4721575,15.156638,Sentence,2,9.96899
12.926546,16.633635,Sentence,2,10.598099
12.671283,16.913885,Sentence,2,10.563798
12.638657,16.964645,Sentence,1,10.535093
12.925006,16.454987,Sentence,2,10.155642
11.978677,16.846638,Sentence,2,10.364076
13.330693,15.027402,Sentence,0,8.306699
11.59546,16.571337,Sentence,2,10.588474
11.635244,14.214267,Sentence,0,8.895388
14.168677,14.918176,Sentence,1,10.998889
14.693437,14.245639,Sentence,3,11.016905
15.01321,13.595136,Sentence,3,9.771806
13.185652,16.145988,Sentence,0,9.627256
11.488791,16.781092,Sentence,3,11.556672
13.574533,15.150821,Sentence,2,10.738646
12.15021,15.109943,Sentence,0,10.223346
14.084992,15.935267,Sentence,2,9.927119
13.795507,15.376073,Sentence,2,10.097452
13.14148,15.882437,Sentence,2,9.297284
13.126407,13.333738,Sentence,0,8.696214
12.079733,12.52133,Sentence,1,8.443879
13.68903,13.769407,Sentence,3,11.054377
12.50294,16.019398,Sentence,2,9.661817
13.085639,16.676376,Sentence,2,9.898416
12.858979,15.840013,Sentence,2,10.594778
11.941587,14.481772,Sentence,0,8.431392
12.421931,16.439087,Sentence,0,9.403027
13.020101,16.528625,Sentence,2,9.344481
12.453589,15.939057,Sentence,3,12.010811
14.147543,16.119852,Sentence,2,9.027934
12.435871,15.675855,Sentence,0,8.551774
14.590958,14.686463,Sentence,3,9.493865
12.239338,15.680457,Sentence,0,8.672925
12.272781,15.981223,Sentence,2,10.291575
13.277171,15.248969,Sentence,0,10.887773
12.128467,16.234827,Sentence,2,10.545794
13.557972,16.816212,Sentence,2,9.866604
12.704832,15.044689,Sentence,1,10.423251
12.179949,15.5123005,Sentence,0,8.555547
13.659747,15.720416,Sentence,2,10.396775
12.410493,16.844913,Sentence,2,10.068949
13.569582,16.838892,Sentence,2,9.945992
12.1559105,15.0116415,Sentence,0,8.567396
13.922192,15.323334,Sentence,1,9.369019
11.454936,16.560831,Sentence,1,11.589838
11.812639,14.363307,Sentence,0,9.112247
14.689524,14.184019,Sentence,3,10.446523
13.09168,15.137544,Sentence,2,10.515975
13.348916,14.111192,Sentence,1,9.529946
13.4657955,16.283047,Sentence,2,9.425703
12.494433,15.823962,Sentence,0,8.448458
14.403837,15.955852,Sentence,0,8.630194
12.018715,15.120823,Sentence,0,8.932187
12.413074,16.023096,Sentence,2,9.875464
13.992873,14.97075,Sentence,2,10.782786
13.311125,16.020584,Sentence,2,8.960642
14.396903,14.85041,Sentence,2,10.418743
13.247971,16.370922,Sentence,2,9.05068
11.887204,14.678686,Sentence,0,9.147842
12.044983,16.773918,Sentence,2,10.460691
12.103968,14.495172,Sentence,0,9.546312
12.400183,14.079896,Sentence,0,9.125611
13.878563,13.407934,Sentence,1,9.074959
13.29019,16.756804,Sentence,2,9.501563
12.60607,15.607833,Sentence,2,10.970339
13.995848,15.014122,Sentence,1,9.902075
12.145585,14.594627,Sentence,0,9.505789
12.372145,13.279197,Sentence,1,9.286884
12.286258,14.938205,Sentence,0,10.36751
12.724102,16.931654,Sentence,2,10.140793
12.245247,14.227628,Sentence,0,8.396875
12.279375,15.32221,Sentence,2,10.420541
15.310778,13.558326,Sentence,3,9.832662
13.230232,13.928448,Sentence,3,10.013423
13.501813,15.073091,Sentence,0,10.026017
12.228406,15.126824,Sentence,0,9.5107155
13.272992,15.852746,Sentence,2,9.65532
12.508414,15.675014,Sentence,0,9.654981
12.217408,16.42437,Sentence,2,9.280084
13.460473,16.390276,Sentence,2,9.291492
12.577664,15.127993,Sentence,2,8.897952
12.815742,16.179886,Sentence,0,8.626535
13.22552,15.133623,Sentence,0,9.009229
12.224162,11.588456,Sentence,3,9.519194
12.389191,16.284674,Sentence,0,9.098984
14.62069,14.753743,Sentence,1,11.031288
13.14798,17.041409,Sentence,2,10.674429
13.388722,16.707695,Sentence,2,9.699108
12.263631,16.140411,Sentence,2,8.6090975
15.011355,14.061745,Sentence,3,11.267318
11.947962,12.006216,Sentence,1,9.153223
13.727427,14.918706,Sentence,2,10.0066
13.978029,14.485795,Sentence,1,10.229674
12.071981,16.68413,Sentence,2,10.244713
14.056001,15.844369,Sentence,1,9.706504
13.971814,15.981755,Sentence,2,10.04966
15.024689,13.784588,Sentence,3,11.331345
12.088146,14.434375,Sentence,0,8.51201
13.736154,16.238678,Sentence,2,9.177565
13.903751,15.9076805,Sentence,2,9.806458
15.669613,13.6660185,Sentence,3,10.096225
14.79336,12.203443,Sentence,1,8.576459
11.741743,16.988247,Sentence,0,11.122413
12.841117,15.17572,Sentence,1,12.585156
12.778034,15.472055,Sentence,0,9.7084055
14.772471,11.389681,Sentence,1,6.949559
13.976429,14.475265,Sentence,1,9.556363
13.1946125,16.785757,Sentence,2,9.433992
11.997216,17.281162,Sentence,3,11.1775875
12.121822,14.554078,Sentence,3,11.284096
12.834458,16.454876,Sentence,2,9.595231
13.404019,12.682391,Sentence,3,11.2703
11.745596,16.709606,Sentence,2,10.513063
12.662583,14.453784,Sentence,1,10.776662
12.281151,16.440945,Sentence,3,11.489839
12.102936,15.453707,Sentence,0,8.778355
12.413966,15.831686,Sentence,1,11.778264
12.227981,16.5837,Sentence,2,10.326663
13.047873,16.1564,Sentence,2,9.333409
11.800902,16.661953,Sentence,2,10.377541
12.874873,16.707254,Sentence,2,10.825448
13.647722,13.40316,Sentence,1,11.120523
13.93798,15.257136,Sentence,0,8.448142
12.357546,15.583242,Sentence,0,8.529611
13.633876,14.845148,Sentence,2,10.235707
13.51024,15.863621,Sentence,2,9.240045
11.952631,13.672772,Sentence,0,8.84248
14.075391,15.150432,Sentence,1,9.838292
12.20419,14.306461,Sentence,0,8.949432
11.898854,12.079742,Sentence,1,9.108226
12.943106,16.912815,Sentence,2,9.54988
12.35539,15.017405,Sentence,0,8.471855
14.506453,15.049236,Sentence,1,9.24585
12.662057,15.937998,Sentence,2,9.379038
14.141257,16.469728,Sentence,2,9.625276
14.150734,16.657917,Sentence,2,9.342122
13.52775,16.101822,Sentence,2,9.736279
14.086728,13.835291,Sentence,1,10.675865
13.217138,15.584957,Sentence,2,9.682607
11.985392,16.849606,Sentence,2,10.432179
14.031488,15.955606,Sentence,2,10.335194
11.988267,12.181174,Sentence,1,8.887564
14.656296,12.613034,Sentence,1,8.524127
14.352337,13.98338,Sentence,0,8.739558
14.358945,15.823644,Sentence,2,9.342177
13.818985,16.332289,Sentence,2,10.50069
12.712469,9.818345,Sentence,1,1.5932466
12.366052,15.785016,Sentence,0,9.016662
15.230833,14.2482195,Sentence,1,9.652595
12.816066,16.57352,Sentence,2,9.422076
12.699157,16.882814,Sentence,2,9.44701
12.308252,14.590259,Sentence,1,10.477233
13.322696,13.288125,Sentence,1,10.435697
14.333713,14.8984375,Sentence,1,9.699817
13.392981,16.405079,Sentence,2,8.980136
13.078759,14.985296,Sentence,1,9.798138
12.847319,14.02986,Sentence,0,8.812379
11.932755,16.633017,Sentence,3,11.499868
13.186945,16.035265,Sentence,0,9.134461
12.664525,17.069689,Sentence,2,9.696557
12.683842,15.022433,Sentence,0,8.238044
13.413881,16.627226,Sentence,2,9.682068
12.500215,15.756715,Sentence,2,10.271316
12.34864,15.679007,Sentence,0,8.678204
14.672967,13.936606,Sentence,1,9.233005
13.454004,13.516563,Sentence,1,9.713355
13.065504,14.764281,Sentence,0,8.220615
14.014122,12.617509,Sentence,1,7.9600744
12.635959,13.200952,Sentence,1,10.488389
14.150674,15.783988,Sentence,1,9.023882
14.006666,15.318376,Sentence,0,9.11355
13.457578,15.342786,Sentence,0,8.663069
14.089177,15.238579,Sentence,1,9.941157
13.397842,13.491885,Sentence,3,11.351232
12.116668,16.477966,Sentence,2,9.7807455
11.698416,12.839473,Sentence,1,9.434826
11.514213,13.523614,Sentence,0,8.59182
14.106207,15.231625,Sentence,1,10.417915
13.299807,16.637981,Sentence,2,10.47987
12.188892,16.58946,Sentence,2,10.838061
13.024983,16.288525,Sentence,2,9.302883
12.458298,16.695723,Sentence,2,9.55892
12.95145,15.892926,Sentence,0,8.489569
12.445855,14.766111,Sentence,0,8.422166
12.099149,15.411177,Sentence,0,8.916538
13.486837,13.564668,Sentence,1,9.34401
14.507495,14.016792,Sentence,1,9.637505
14.075517,13.7757635,Sentence,3,11.469272
12.429984,15.665912,Sentence,2,10.188169
13.631009,15.298481,Sentence,0,9.114638
11.700976,12.179773,Sentence,1,9.153438
14.468559,14.355101,Sentence,1,11.251646
13.397028,15.752996,Sentence,0,8.852575
15.037632,13.793694,Sentence,3,11.372464
13.992258,13.617413,Sentence,1,10.176406
13.536608,15.066977,Sentence,1,10.274606
13.559984,15.905945,Sentence,2,9.269814
12.971243,14.916505,Sentence,1,12.932805
13.665369,15.478069,Sentence,0,9.173621
12.190016,15.210264,Sentence,0,8.546253
12.785124,14.879612,Sentence,0,8.310423
12.202268,17.036268,Sentence,2,11.2873955
11.861374,16.825045,Sentence,2,10.869134
12.231607,14.972526,Sentence,0,10.676444
12.752602,17.348137,Sentence,1,11.160553
14.028492,16.644205,Sentence,2,9.496414
12.383721,16.10042,Sentence,0,8.854153
13.285153,16.837774,Sentence,2,9.719944
11.640458,13.223712,Sentence,0,9.005855
13.299535,16.394466,Sentence,2,10.004774
14.089941,13.979178,Sentence,1,10.769473
14.247654,12.655183,Sentence,1,10.779435
13.686078,12.246183,Sentence,1,7.108886
13.307119,16.893463,Sentence,2,9.631633
15.22726,13.70749,Sentence,3,9.823389
12.436319,15.3183565,Sentence,0,8.412677
16.744274,10.229154,Sentence,1,9.177063
14.568943,15.9849,Sentence,1,8.649375
11.786981,15.249938,Sentence,0,10.286439
14.632714,14.959725,Sentence,1,9.64583
14.487751,14.559478,Sentence,2,10.763536
14.143422,14.766975,Sentence,1,10.620736
14.378156,14.246511,Sentence,1,10.00883
14.156871,16.313673,Sentence,2,9.521865
13.089343,15.208598,Sentence,0,9.584738
12.425295,16.812252,Sentence,2,10.60831
14.319517,14.718175,Sentence,1,10.703128
11.751234,13.571482,Sentence,3,9.069097
13.143625,13.001447,Sentence,1,9.585197
12.461934,16.23452,Sentence,3,11.603661
15.558468,13.47902,Sentence,2,10.099879
14.652021,12.622894,Sentence,1,8.534925
13.487451,16.67005,Sentence,2,9.208826
11.997014,16.037193,Sentence,2,9.906714
12.949014,14.193632,Sentence,3,11.1844225
11.648169,13.689656,Sentence,0,8.554302
14.561091,15.256403,Sentence,2,10.862604
12.662508,13.953179,Sentence,1,9.240909
14.118068,15.883654,Sentence,1,9.919131
12.029659,15.409051,Sentence,2,10.757035
13.025091,14.755528,Sentence,0,9.305035
13.366602,14.16377,Sentence,1,9.156543
14.063776,14.581309,Sentence,1,11.47152
12.8792925,16.811235,Sentence,2,9.8246355
12.540218,17.203335,Sentence,2,11.276222
13.488614,16.735434,Sentence,2,9.75469
12.233241,15.315458,Sentence,0,8.53535
13.479377,15.579156,Sentence,1,9.464069
11.796922,16.53923,Sentence,2,10.339536
12.637608,16.180864,Sentence,2,9.471538
13.135967,16.46116,Sentence,2,8.846552
11.409748,15.482382,Sentence,3,10.6100235
14.1916895,15.516875,Sentence,2,11.407951
11.527339,12.884007,Sentence,1,9.048944
12.236319,16.213196,Sentence,2,11.14743
12.894463,16.741175,Sentence,2,9.16424
12.223085,15.865931,Sentence,0,9.073268
12.501329,16.510286,Sentence,2,9.243335
12.504091,15.852095,Sentence,0,9.028056
11.4263735,16.642622,Sentence,1,11.495523
14.076755,16.39824,Sentence,2,9.685746
13.741397,16.583853,Sentence,1,10.865882
12.057294,14.518826,Sentence,0,8.464714
11.801727,16.349844,Sentence,2,10.530504
12.48116,15.85249,Sentence,0,9.334109
12.71711,15.492984,Sentence,2,12.132556
14.061143,14.433267,Sentence,2,11.493886
14.306674,16.375378,Sentence,1,9.843132
10.9796915,12.253363,Sentence,3,9.049372
12.356281,16.643974,Sentence,0,9.327742
14.017441,15.365528,Sentence,1,8.932183
13.064393,16.26681,Sentence,2,9.479726
14.30286,13.933866,Sentence,3,9.585027
13.339026,16.205374,Sentence,2,9.278892
13.583557,15.800637,Sentence,2,10.835716
12.619268,16.583618,Sentence,2,9.864956
12.135195,15.486637,Sentence,0,9.617844
14.6577425,22.083963,Sentence,3,14.535953
13.84185,16.118156,Sentence,2,10.172583
13.149933,16.886433,Sentence,2,10.080875
12.620483,15.256135,Sentence,0,8.368617
13.287331,16.384245,Sentence,2,9.663014
14.507679,12.428422,Sentence,1,9.988807
13.506794,16.878307,Sentence,2,9.788424
12.963543,13.516331,Sentence,1,9.485362
12.323275,16.505808,Sentence,0,8.959725
13.9960785,16.517323,Sentence,2,9.556456
12.671263,16.761412,Sentence,2,10.851089
12.901583,16.50563,Sentence,2,8.916914
14.338524,14.42625,Sentence,1,11.245174
13.585763,15.103569,Sentence,1,9.920584
13.193741,14.947798,Sentence,0,8.424683
11.988073,15.690949,Sentence,0,9.047403
12.120075,15.213747,Sentence,0,9.958405
12.506687,16.597658,Sentence,2,9.433023
12.458042,14.940605,Sentence,0,8.65973
12.475729,15.93462,Sentence,0,8.932974
14.542117,15.951257,Sentence,1,8.71777
12.655724,14.38591,Sentence,3,11.773142
13.389676,16.625423,Sentence,2,10.073633
14.378522,14.484288,Sentence,1,9.641266
13.257713,13.338667,Sentence,1,9.11677
14.009239,16.015137,Sentence,2,10.308842
14.191011,15.318461,Sentence,2,10.285544
12.7109,9.813429,Sentence,1,1.5827793
13.199315,14.361667,Sentence,1,10.215258
12.405049,14.437362,Sentence,1,11.122592
12.710321,16.227047,Sentence,2,9.034029
14.200702,14.154486,Sentence,3,11.109724
14.215764,15.750632,Sentence,1,9.296649
13.223157,15.498423,Sentence,2,8.8337755
14.581477,14.45912,Sentence,3,10.597934
11.857397,16.604048,Sentence,0,9.478296
13.364295,15.660119,Sentence,2,9.848507
13.280493,13.2813015,Sentence,1,10.234857
12.430618,16.845781,Sentence,2,10.307446
14.156242,14.491218,Sentence,0,10.67124
13.813692,15.786327,Sentence,1,9.447298
13.847137,16.656841,Sentence,2,9.867549
14.028185,14.825498,Sentence,1,9.102887
13.649975,13.999571,Sentence,1,8.900783
12.726192,14.581785,Sentence,0,8.468101
13.131457,16.272655,Sentence,0,8.767851
14.038762,15.780232,Sentence,2,9.634923
13.231708,15.448974,Sentence,2,9.558278
13.366229,13.658362,Sentence,1,9.220783
10.99773,12.279033,Sentence,1,9.057605
14.848234,14.179105,Sentence,3,11.3026705
11.721517,16.48952,Sentence,2,10.937223
13.865225,15.328695,Sentence,1,10.336061
12.311493,16.000526,Sentence,0,8.669111
13.825285,15.329336,Sentence,0,8.663211
13.190236,15.31537,Sentence,2,9.602025
12.306619,15.377301,Sentence,0,8.896272
13.154656,16.478756,Sentence,2,9.1944275
12.03434,16.171968,Sentence,0,8.966403
13.364419,9.615652,Sentence,1,6.5773063
12.690567,16.654705,Sentence,2,9.400119
14.985956,13.993285,Sentence,3,10.968193
11.971331,15.371022,Sentence,0,9.187084
14.335484,14.16777,Sentence,3,11.263517
13.41901,13.962083,Sentence,1,10.241653
11.893941,14.6252,Sentence,1,10.831408
14.313281,14.002485,Sentence,3,11.352808
14.679907,14.048922,Sentence,3,11.276398
11.884285,14.380364,Sentence,0,8.40954
12.481371,15.763969,Sentence,0,9.000659
13.62301,15.86154,Sentence,2,9.031564
14.086922,15.898438,Sentence,0,8.79454
12.151066,16.585556,Sentence,2,11.202098
13.372269,14.596139,Sentence,1,9.47653
14.121026,15.420762,Sentence,1,10.203371
14.413769,15.049358,Sentence,1,10.731787
12.288163,16.646275,Sentence,2,9.569926
13.566019,16.902222,Sentence,2,9.940825
14.152595,14.906585,Sentence,1,9.597996
14.861584,11.719083,Sentence,1,8.089353
12.498744,14.848472,Sentence,3,10.719166
12.257365,14.801418,Sentence,1,9.656853
14.227231,15.281584,Sentence,1,10.293198
13.034145,15.997432,Sentence,0,8.946201
12.434535,15.157068,Sentence,0,8.609447
13.239291,16.505337,Sentence,2,9.232813
11.658546,16.376368,Sentence,2,10.040001
14.775515,12.217528,Sentence,1,8.583029
13.771444,16.551977,Sentence,2,9.520021
12.635923,14.557718,Sentence,0,8.561846
13.006204,13.929749,Sentence,1,9.178856
11.69769,16.695097,Sentence,2,10.932745
12.439324,13.769263,Sentence,0,8.808773
13.602335,16.200666,Sentence,3,11.411023
14.444665,11.721731,Sentence,1,9.276593
13.289639,11.5432415,Sentence,1,10.755418
12.212071,14.797359,Sentence,0,8.492171
11.509378,13.025913,Sentence,1,9.060494
12.764009,15.461204,Sentence,0,8.81258
11.652167,16.073502,Sentence,3,11.238505
12.036345,16.18302,Sentence,2,9.68485
14.789116,14.338526,Sentence,2,10.954337
12.858335,16.103056,Sentence,2,9.8201475
12.179904,12.417956,Sentence,1,8.825219
12.829857,13.876446,Sentence,1,9.408469
12.6073,16.23037,Sentence,0,8.838414
12.163192,14.333132,Sentence,3,11.562915
13.282648,16.309599,Sentence,2,9.104097
13.641369,13.517196,Sentence,1,9.655216
14.532812,14.464776,Sentence,3,10.841314
13.407718,16.236996,Sentence,2,10.234845
12.976359,16.69818,Sentence,2,9.182286
12.273802,16.494453,Sentence,2,11.377632
13.106406,16.247517,Sentence,2,9.234987
11.960144,16.744287,Sentence,2,10.086473
14.211399,16.522968,Sentence,2,9.344709
12.154961,16.15811,Sentence,0,9.163249
11.374795,12.574126,Sentence,0,8.789508
12.729666,15.136943,Sentence,0,8.468155
11.449902,12.37588,Sentence,1,9.277612
15.267477,13.841528,Sentence,1,10.0868635
11.853792,12.973501,Sentence,1,8.724579
12.289096,16.956774,Sentence,2,11.432806
13.425807,16.278044,Sentence,2,9.507812
14.934768,13.765308,Sentence,3,11.02674
12.5957365,16.700214,Sentence,2,9.18125
15.35149,11.365064,Sentence,1,7.8871207
12.497632,16.141891,Sentence,2,9.983991
12.887485,16.910254,Sentence,2,11.119144
12.429629,15.408372,Sentence,0,8.496773
12.479854,16.047678,Sentence,2,8.848903
12.337005,17.009398,Sentence,2,11.013035
13.277819,12.74191,Sentence,1,9.20269
11.975366,15.694298,Sentence,0,8.996153
12.350504,16.76706,Sentence,2,9.679285
12.241498,12.02319,Sentence,1,9.810398
12.038414,16.786793,Sentence,2,10.68707
15.315626,14.089378,Sentence,0,9.791409
13.438813,15.342324,Sentence,2,9.527105
11.812651,12.633812,Sentence,1,8.9371195
12.924448,16.841763,Sentence,2,9.218741
13.144536,16.506943,Sentence,2,9.205374
15.003024,13.951421,Sentence,3,10.2267
11.67265,16.381998,Sentence,1,11.228997
12.902509,16.43227,Sentence,0,8.878623
12.806324,16.404919,Sentence,2,9.102909
13.457132,13.204321,Sentence,1,9.349269
12.324533,16.311983,Sentence,0,9.271663
12.164982,14.807166,Sentence,0,8.596001
12.553364,16.661442,Sentence,2,9.280072
13.009136,16.043715,Sentence,2,10.171232
13.42362,16.360456,Sentence,2,9.28025
12.469908,16.892534,Sentence,2,11.06447
11.810648,16.229319,Sentence,0,10.1072645
12.1020565,12.509074,Sentence,1,8.775178
14.586732,15.954507,Sentence,1,8.587565
13.019317,16.85851,Sentence,2,9.475475
13.786426,14.820866,Sentence,1,10.047104
12.6558485,16.45245,Sentence,2,10.702383
11.657017,12.287378,Sentence,1,9.070664
11.926345,16.8825,Sentence,0,10.30938
13.436828,14.827279,Sentence,1,10.0997
13.788392,16.654688,Sentence,2,9.743908
12.181924,17.051855,Sentence,2,10.732898
13.54298,13.408313,Sentence,1,8.914877
11.5081835,16.441822,Sentence,2,11.01987
13.056165,16.644112,Sentence,2,10.532176
12.782237,16.857738,Sentence,2,11.002033
11.8114195,17.015638,Sentence,2,10.889872
13.405183,14.497418,Sentence,3,11.53645
14.386105,12.020457,Sentence,1,7.510513
12.975103,16.468555,Sentence,2,10.005441
12.174106,15.530387,Sentence,0,8.932752
13.407935,14.011207,Sentence,1,9.96861
13.313302,15.879988,Sentence,2,9.0661745
12.742476,14.348928,Sentence,1,10.901597
13.298226,14.875269,Sentence,1,11.034201
12.618452,14.041345,Sentence,0,9.726596
12.372568,16.83315,Sentence,2,11.447112
12.711569,14.562687,Sentence,0,8.273363
15.0678835,13.816088,Sentence,3,11.253029
14.399957,15.287937,Sentence,0,9.233103
13.048235,13.571893,Sentence,3,10.298409
15.202166,13.978801,Sentence,1,9.826316
13.778351,13.964811,Sentence,0,9.08262
13.756615,16.43568,Sentence,0,9.147242
12.766983,15.594949,Sentence,0,8.606913
13.13684,16.49595,Sentence,2,10.526578
11.926257,12.630996,Sentence,0,8.876298
13.932302,12.442466,Sentence,1,8.553728
12.236432,16.5398,Sentence,1,10.658154
13.076483,17.027418,Sentence,2,10.581529
12.368762,15.229945,Sentence,0,9.205059
14.103933,14.597183,Sentence,0,8.719053
14.623301,15.948347,Sentence,1,8.658922
14.208903,15.035239,Sentence,2,10.909944
11.620562,13.154682,Sentence,1,9.327629
13.495248,13.85562,Sentence,1,8.780948
12.374859,16.994884,Sentence,2,10.634586
12.735581,16.268421,Sentence,2,9.510065
12.2316885,14.892093,Sentence,0,9.679408
13.288671,13.217044,Sentence,1,8.78843
12.07273,14.626638,Sentence,0,8.596952
13.268372,12.846383,Sentence,3,10.06834
13.123872,14.042999,Sentence,3,11.214507
13.671186,16.218441,Sentence,2,9.547388
13.147377,15.004691,Sentence,1,10.692571
12.95561,14.8005295,Sentence,0,8.186299
13.2375765,17.048998,Sentence,2,10.28642
14.253391,14.681464,Sentence,2,10.074895
11.45013,16.365376,Sentence,2,10.6205435
12.351404,16.385029,Sentence,2,9.986373
13.121469,15.237434,Sentence,0,8.568067
14.106399,16.547842,Sentence,2,9.452604
12.238443,16.16459,Sentence,0,9.134494
12.051799,14.049585,Sentence,1,11.228371
13.253361,16.829033,Sentence,2,9.530299
12.968794,15.814075,Sentence,1,9.478792
12.969576,15.137422,Sentence,0,8.950854
13.240651,14.834543,Sentence,1,12.09061
14.020736,14.358976,Sentence,0,8.69143
12.962302,16.488295,Sentence,2,9.096798
12.077498,13.8851795,Sentence,0,8.782124
14.090119,15.028583,Sentence,2,10.707998
14.268009,14.568055,Sentence,0,8.782275
12.377441,15.922,Sentence,0,8.898315
11.926275,14.410745,Sentence,0,8.895151
14.464376,13.582626,Sentence,1,9.618314
12.644452,14.681689,Sentence,3,11.252601
13.125061,15.661109,Sentence,0,8.7305565
12.656135,16.100204,Sentence,1,10.783455
12.144281,15.208806,Sentence,2,10.659843
11.968083,16.00628,Sentence,2,9.599865
13.642598,15.809453,Sentence,2,10.428015
11.61458,13.34576,Sentence,0,8.410086
13.640365,13.842222,Sentence,1,11.002269
12.716444,16.46657,Sentence,2,11.27901
11.977588,16.197046,Sentence,2,11.0101
13.5738535,16.173319,Sentence,2,9.353411
12.739636,16.816809,Sentence,2,9.272532
13.437881,16.356134,Sentence,2,10.971536
12.408003,16.080198,Sentence,1,9.693265
12.424432,15.63875,Sentence,0,8.571734
14.128115,16.061184,Sentence,2,9.671022
12.329187,16.295422,Sentence,2,8.91567
12.530411,16.551308,Sentence,2,9.023566
11.669956,16.567337,Sentence,0,9.803381
11.863917,15.843319,Sentence,0,9.573845
14.1560545,13.623951,Sentence,3,11.154734
12.446172,16.548668,Sentence,2,10.553253
14.187051,16.349936,Sentence,2,9.59645
12.91624,16.932966,Sentence,2,10.607943
11.580686,16.533997,Sentence,3,11.677629
12.178872,16.009663,Sentence,0,8.988672
13.181869,16.832132,Sentence,2,9.215245
14.7754545,14.285248,Sentence,3,11.006709
12.360752,15.5284195,Sentence,0,8.69745
13.420132,15.4330015,Sentence,0,9.281541
14.393962,15.339492,Sentence,2,10.145807
14.20601,15.4789095,Sentence,2,10.775784
12.118494,15.924996,Sentence,0,8.867118
12.907853,14.179208,Sentence,0,8.699391
10.842588,11.991713,Sentence,1,8.842221
13.529511,16.541142,Sentence,2,9.096284
14.872435,14.192896,Sentence,3,10.908477
12.808273,16.802414,Sentence,2,9.362442
11.800724,16.560465,Sentence,0,10.176919
13.383238,16.143717,Sentence,2,9.705275
14.231933,15.933514,Sentence,2,9.829263
11.732081,13.22081,Sentence,1,8.929293
12.712398,9.818358,Sentence,1,1.5931075
14.0680065,16.622477,Sentence,0,9.346996
12.624892,16.683388,Sentence,2,9.084031
10.985667,12.225164,Sentence,3,9.029815
12.383017,15.66295,Sentence,0,8.593524
13.914233,15.322055,Sentence,2,10.892846
12.540035,16.83913,Sentence,0,10.166917
11.94888,13.598185,Sentence,0,8.609062
12.558085,16.55704,Sentence,2,10.452994
12.151819,15.334507,Sentence,0,9.174421
13.672556,16.448706,Sentence,2,9.964899
12.194448,15.559433,Sentence,0,8.646183
12.197366,15.40936,Sentence,2,10.747077
12.428962,15.75097,Sentence,0,8.960678
14.503081,15.868505,Sentence,1,8.831557
13.181361,15.081034,Sentence,2,10.7305
14.829659,13.296466,Sentence,3,10.254686
11.924342,13.43154,Sentence,0,8.8957205
13.196557,16.760994,Sentence,2,9.374585
13.785894,15.270695,Sentence,2,9.895219
12.475152,16.69089,Sentence,2,9.858513
11.796874,14.544355,Sentence,0,8.426701
12.468526,16.80401,Sentence,1,11.628838
13.48446,16.894352,Sentence,2,9.695882
13.257482,16.469902,Sentence,2,9.297781
13.101641,16.54847,Sentence,2,9.002801
12.24688,16.740372,Sentence,2,11.136169
12.595427,17.203335,Sentence,2,10.81839
13.4742,14.46327,Sentence,1,9.764791
12.718425,16.981697,Sentence,2,11.283021
14.264978,15.299724,Sentence,2,9.511604
12.69191,9.0720005,Sentence,3,13.923494
12.197057,14.557093,Sentence,0,8.368615
13.47299,15.966546,Sentence,2,9.347732
11.898649,16.474829,Sentence,0,10.387034
14.652773,12.277731,Sentence,3,8.742431
13.228839,13.166867,Sentence,3,9.019624
12.827642,16.320591,Sentence,2,9.988217
14.72465,11.442575,Sentence,1,7.001706
13.86986,15.880293,Sentence,1,10.017892
12.173389,15.119193,Sentence,0,8.58944
12.461741,16.735773,Sentence,2,9.34811
12.081873,16.06201,Sentence,0,9.125775
14.836031,13.808973,Sentence,3,11.217074
12.325571,16.245392,Sentence,2,8.8323
12.092794,15.490768,Sentence,0,8.515809
11.917887,12.776564,Sentence,1,9.10277
13.273617,15.012276,Sentence,0,9.310739
12.692355,14.738101,Sentence,2,9.906495
13.8642025,15.127045,Sentence,0,9.28999
12.880082,16.431442,Sentence,2,9.01938
11.553441,13.349908,Sentence,1,8.492896
13.414735,14.011579,Sentence,2,10.261625
12.923364,17.257877,Sentence,2,10.811812
13.393391,14.736592,Sentence,2,9.756712
12.184982,16.441927,Sentence,2,9.279617
13.137572,14.4825,Sentence,0,8.725613
12.772966,16.969576,Sentence,2,9.339556
12.541115,16.255957,Sentence,0,8.877325
12.876901,16.833961,Sentence,2,9.613374
14.03054,16.753948,Sentence,3,10.247916
12.143885,14.638356,Sentence,2,10.731013
13.4265375,16.241095,Sentence,0,8.924805
13.926327,15.877345,Sentence,2,10.395644
12.002408,14.28389,Sentence,0,9.287836
12.251529,15.474263,Sentence,0,10.692512
12.418426,16.592175,Sentence,2,9.867997
13.775957,14.951226,Sentence,1,10.500968
13.300926,16.359907,Sentence,2,8.985782
14.388043,15.238556,Sentence,2,9.769675
11.907736,14.879886,Sentence,0,9.056924
13.68627,12.245081,Sentence,1,7.107858
14.59506,15.943216,Sentence,1,8.631081
14.848282,13.89731,Sentence,3,11.132058
13.124424,15.464837,Sentence,2,10.175764
13.857233,15.224189,Sentence,2,10.1741905
15.5123005,13.857205,Sentence,1,9.960345
12.04549,16.822273,Sentence,2,11.562061
14.006518,16.134604,Sentence,2,9.91823
12.031896,12.538094,Sentence,1,8.587169
13.467281,10.76088,Sentence,0,7.3827486
12.276716,15.761242,Sentence,0,8.540366
13.711295,16.828203,Sentence,2,9.89274
14.299588,13.828633,Sentence,1,10.480685
14.0233345,14.082998,Sentence,1,11.128805
12.401292,15.250867,Sentence,0,8.278876
14.491086,13.864525,Sentence,3,11.290772
11.666582,13.471138,Sentence,0,8.6677885
11.836219,13.662851,Sentence,0,8.892399
14.092142,14.527982,Sentence,1,10.868655
13.49495,14.831538,Sentence,0,8.737511
13.586998,16.797781,Sentence,2,9.439113
12.840588,16.543526,Sentence,2,9.780968
12.459571,14.983747,Sentence,0,8.725168
11.69254,16.478458,Sentence,0,9.768449
14.277367,15.5457325,Sentence,2,9.943063
14.947951,14.121365,Sentence,3,10.846636
13.87703,15.821437,Sentence,2,9.363257
11.904962,13.368823,Sentence,0,8.648716
13.635751,14.504134,Sentence,1,9.307469
11.942038,14.597935,Sentence,0,8.383086
12.489047,16.591248,Sentence,2,10.845912
12.74634,15.586467,Sentence,0,9.480322
12.938345,13.510487,Sentence,1,9.394628
12.234911,15.266779,Sentence,0,9.163433
13.617663,15.92497,Sentence,0,8.928876
12.025708,16.565842,Sentence,2,10.180801
11.993774,16.03097,Sentence,0,8.690094
12.652247,14.588267,Sentence,0,8.403528
12.143353,16.780981,Sentence,2,9.521805
11.763415,-0.96192604,Sentence,3,11.302742
13.884244,13.01931,Sentence,1,9.005623
11.644215,12.097036,Sentence,1,9.154321
14.788758,14.885241,Sentence,2,9.623545
13.745656,15.591893,Sentence,2,10.128277
12.898716,15.654768,Sentence,0,8.61681
12.2859335,15.714914,Sentence,0,10.018552
12.071026,11.843753,Sentence,3,9.41161
13.207922,16.074574,Sentence,0,8.97126
12.408956,16.705381,Sentence,2,9.8436775
13.331866,15.891319,Sentence,2,9.753971
11.622001,12.184446,Sentence,1,9.141489
14.2238245,16.66306,Sentence,1,9.356315
14.5161915,15.9003725,Sentence,1,8.762752
12.39795,14.740926,Sentence,0,8.591275
13.088316,15.8264065,Sentence,0,8.53432
11.989497,12.691848,Sentence,0,8.475147
12.598403,16.090883,Sentence,2,10.39173
14.044912,14.550815,Sentence,1,10.064214
12.218819,16.652945,Sentence,2,9.715272
13.756162,16.459217,Sentence,2,10.762588
12.51958,16.343246,Sentence,0,9.077534
13.028576,16.655313,Sentence,2,9.15463
13.942847,15.971433,Sentence,2,10.144343
13.217874,16.964401,Sentence,2,9.596501
12.408823,15.022429,Sentence,1,10.041994
14.005762,14.723112,Sentence,1,10.599683
13.332246,14.207773,Sentence,1,9.828396
13.4014015,17.053015,Sentence,2,10.336296
12.894851,16.62138,Sentence,2,9.160471
12.122722,14.677343,Sentence,3,11.162643
12.004751,15.359279,Sentence,0,8.185989
13.934868,15.984704,Sentence,2,10.35211
13.137216,14.483405,Sentence,1,8.82289
12.311205,16.405817,Sentence,2,9.057727
12.388043,15.492849,Sentence,0,8.807852
12.463771,16.567451,Sentence,2,9.141218
12.712382,9.818416,Sentence,1,1.5931536
13.344311,13.918276,Sentence,1,9.100455
12.601321,12.969326,Sentence,0,8.55954
11.849902,16.81975,Sentence,2,10.796178
13.869506,15.828562,Sentence,2,10.407244
14.197717,14.001211,Sentence,3,10.535475
12.203235,16.339262,Sentence,2,9.220002
11.923944,14.545158,Sentence,0,8.378223
12.014074,13.986661,Sentence,0,8.691643
13.968151,12.835944,Sentence,1,7.4742255
14.272205,14.223069,Sentence,1,10.709469
14.220152,14.782962,Sentence,1,8.807236
13.291302,15.7904215,Sentence,1,9.172964
11.504106,16.780708,Sentence,0,10.662753
11.763174,13.317657,Sentence,1,8.718364
12.397547,15.458038,Sentence,0,9.37854
13.182384,16.798618,Sentence,2,9.366464
15.3689575,13.916828,Sentence,3,9.929512
12.023699,14.964848,Sentence,0,9.456675
14.093492,15.813706,Sentence,1,9.333279
14.454819,14.841353,Sentence,2,10.735217
13.217789,16.908663,Sentence,2,9.633009
13.807954,16.699198,Sentence,2,9.586338
12.185852,16.71597,Sentence,2,9.74909
12.33838,16.290222,Sentence,0,9.373592
11.9722805,15.104454,Sentence,0,10.35846
13.588825,15.310157,Sentence,2,10.645175
14.21324,12.411775,Sentence,1,8.327782
13.729405,12.179225,Sentence,1,8.523287
13.424519,14.858219,Sentence,2,11.319026
12.908587,16.85507,Sentence,2,11.112713
12.554978,14.99064,Sentence,0,8.291238
11.973595,16.249147,Sentence,0,9.026264
12.008863,16.153387,Sentence,0,8.991708
12.800008,13.977609,Sentence,1,9.260412
14.081245,14.9935055,Sentence,2,10.892976
13.646837,16.84909,Sentence,2,10.228419
13.109391,14.431252,Sentence,1,9.025877
14.485299,15.913689,Sentence,1,8.832944
11.7744055,16.08601,Sentence,2,10.8822775
12.184188,17.013977,Sentence,1,11.312228
13.084264,16.744858,Sentence,2,9.508045
12.659399,14.850604,Sentence,0,8.928762
12.040712,16.273066,Sentence,1,10.270349
12.204464,17.287584,Sentence,3,11.5541525
13.664319,15.651483,Sentence,2,9.875278
14.535425,14.035593,Sentence,3,10.033327
12.203175,16.244886,Sentence,0,9.515319
13.397138,16.274073,Sentence,2,9.590562
12.443029,15.578205,Sentence,0,8.3452635
12.840647,16.44728,Sentence,2,9.143588
11.941054,15.015544,Sentence,0,8.7729225
14.740878,11.416325,Sentence,1,6.968343
13.316657,12.966059,Sentence,1,8.035128
13.977274,16.564655,Sentence,2,9.653078
12.687136,15.820094,Sentence,0,8.602886
12.608004,15.590441,Sentence,2,10.05648
13.817605,13.871078,Sentence,3,10.66845
13.7847,12.402697,Sentence,1,8.641672
12.630409,16.161568,Sentence,2,10.029049
13.03903,16.655708,Sentence,2,9.42434
13.957751,15.140352,Sentence,1,9.142803
13.7618685,14.397214,Sentence,1,10.549801
11.9457035,16.470205,Sentence,0,9.516273
12.167743,15.98447,Sentence,0,9.075084
12.004906,12.126964,Sentence,1,9.2843685
13.0540495,16.883993,Sentence,2,10.80787
13.11573,16.163958,Sentence,2,10.3136
15.404891,13.924543,Sentence,0,10.058004
14.518287,13.917042,Sentence,1,8.749274
11.762483,-0.9628001,Sentence,3,11.303224
12.214721,15.623319,Sentence,0,8.830484
14.557195,15.409915,Sentence,3,10.869873
12.82563,17.343172,Sentence,2,11.085457
12.632217,13.6199045,Sentence,1,9.050948
12.305005,15.961941,Sentence,0,8.842408
12.507456,16.515886,Sentence,0,8.716219
14.723344,11.445833,Sentence,1,7.0056376
15.369087,13.698395,Sentence,3,10.003064
12.903785,13.589023,Sentence,1,9.79216
12.879091,16.779064,Sentence,2,9.453694
11.894558,17.003939,Sentence,1,10.632444
13.72802,14.063929,Sentence,1,9.210477
14.554854,15.151093,Sentence,3,10.1669235
11.825628,15.849582,Sentence,0,9.088634
14.075313,14.248292,Sentence,1,11.330226
11.749409,12.284549,Sentence,1,8.846247
12.778661,15.173871,Sentence,0,8.851312
12.908187,13.684062,Sentence,1,10.230124
11.454518,12.421873,Sentence,1,9.289719
13.714259,12.215532,Sentence,1,8.492234
12.3206625,14.7447195,Sentence,0,8.233854
13.663853,16.97294,Sentence,2,10.429139
13.185575,15.198794,Sentence,0,10.937106
12.464822,15.373601,Sentence,2,10.495973
12.60787,16.611692,Sentence,2,9.855341
13.699681,15.467772,Sentence,0,8.743111
13.588526,16.54845,Sentence,2,9.760731
12.542963,15.93311,Sentence,0,8.965953
11.603321,13.313733,Sentence,1,9.380333
12.8917265,14.303549,Sentence,2,10.326097
14.370087,15.808806,Sentence,1,9.105234
11.939353,16.603767,Sentence,0,9.598818
12.092706,14.696158,Sentence,3,10.657014
13.62656,14.331064,Sentence,3,10.455713
13.206968,16.22072,Sentence,2,10.1868515
13.148834,13.199081,Sentence,1,8.912179
12.638097,16.269049,Sentence,2,10.829562
12.5765085,13.74432,Sentence,1,9.030907
13.897015,16.266716,Sentence,0,9.023626
15.002823,14.005941,Sentence,3,10.209696
12.680591,14.214349,Sentence,1,8.958364
12.71698,13.902045,Sentence,0,8.482425
13.61586,16.006819,Sentence,2,9.487295
13.416879,16.360998,Sentence,2,10.201127
12.007684,15.532434,Sentence,2,10.954136
13.924178,15.049015,Sentence,2,10.868318
14.185566,14.939648,Sentence,3,10.433996
15.177801,13.995886,Sentence,1,9.766881
13.124383,16.592169,Sentence,2,11.024537
13.889605,15.735764,Sentence,2,9.085276
13.674729,15.517708,Sentence,2,10.515689
12.727093,15.541264,Sentence,2,11.085652
12.909517,16.427616,Sentence,2,9.461972
13.268637,16.38128,Sentence,2,9.371139
15.357712,14.044103,Sentence,3,9.788833
11.85442,15.299232,Sentence,0,9.104233
12.915695,14.577814,Sentence,0,8.528876
13.283721,14.608268,Sentence,0,8.848372
12.971953,15.037811,Sentence,2,10.598192
11.935406,16.820608,Sentence,2,11.157113
11.144259,16.175446,Sentence,3,10.8450165
11.734205,16.322294,Sentence,2,10.89371
13.177105,14.825077,Sentence,1,9.066671
13.180561,15.904231,Sentence,3,10.535199
11.965436,15.905778,Sentence,0,9.162741
13.265603,16.921503,Sentence,2,9.369506
13.394361,15.582775,Sentence,0,8.601775
12.549069,15.913645,Sentence,2,10.593675
13.954585,14.628038,Sentence,2,10.722386
14.222659,13.782802,Sentence,1,9.25137
11.820965,13.776341,Sentence,0,9.7639
11.655065,16.064047,Sentence,0,10.203198
12.571102,14.273054,Sentence,0,10.137169
11.389687,16.772667,Sentence,3,11.7392
12.971234,16.34064,Sentence,2,9.1862135
12.222918,15.969686,Sentence,0,8.705601
12.919639,16.312197,Sentence,2,9.259662
13.466952,16.293922,Sentence,2,9.283432
12.263311,15.255485,Sentence,0,9.245708
13.353905,16.221968,Sentence,2,10.892576
12.6897545,9.06978,Sentence,3,13.925705
13.854837,12.506495,Sentence,1,7.926147
14.178465,13.320946,Sentence,3,10.485429
13.540982,15.342859,Sentence,2,10.34158
14.831663,13.69178,Sentence,3,9.783717
13.032421,15.611665,Sentence,2,9.868187
12.660447,16.216572,Sentence,0,10.252765
12.290448,16.268585,Sentence,2,10.368977
12.662808,15.897036,Sentence,0,10.337677
12.692296,9.067781,Sentence,3,13.927383
11.762683,-0.9627156,Sentence,3,11.303152
13.747129,15.478561,Sentence,2,9.791042
12.0184355,16.278292,Sentence,2,9.610124
13.056032,16.360884,Sentence,2,9.109166
13.218503,15.736819,Sentence,2,9.048654
15.158682,13.984668,Sentence,1,9.7917795
12.508108,16.210917,Sentence,2,9.344291
12.692469,15.419754,Sentence,0,8.493886
12.385233,14.909501,Sentence,3,11.372499
13.979345,15.029099,Sentence,0,8.858599
13.395468,14.693004,Sentence,0,9.065849
12.4680195,16.997545,Sentence,2,11.395655
12.139828,15.910326,Sentence,0,9.276169
12.241381,16.312847,Sentence,0,9.242404
14.415902,15.88586,Sentence,1,8.891107
11.044686,12.456503,Sentence,1,9.029068
13.2465725,16.975016,Sentence,2,10.332557
14.137267,12.018231,Sentence,1,7.694756
12.633032,16.384773,Sentence,2,9.202863
14.182537,16.616734,Sentence,3,9.895123
14.521017,14.410521,Sentence,3,10.819815
15.177734,13.660723,Sentence,3,10.184354
12.176979,16.28147,Sentence,0,8.790754
11.564869,14.363545,Sentence,0,8.796707
12.886153,15.615099,Sentence,2,9.554792
14.26482,14.39642,Sentence,3,9.7468815
11.794807,14.086439,Sentence,0,8.521101
13.464143,10.764398,Sentence,1,7.385011
12.396656,16.239029,Sentence,0,8.791042
11.658377,13.003555,Sentence,1,8.681614
13.382359,16.049522,Sentence,2,10.045693
13.185478,16.18005,Sentence,2,9.456907
15.1652975,14.327012,Sentence,1,9.751541
13.867558,13.381591,Sentence,3,12.488237
13.409859,15.207312,Sentence,2,10.138526
12.031438,12.086712,Sentence,1,8.893032
11.488127,13.46068,Sentence,1,8.541287
12.400352,14.679113,Sentence,0,9.648131
12.1093,15.6349535,Sentence,2,9.437826
12.631466,17.129612,Sentence,2,10.912255
13.013721,15.505486,Sentence,1,11.08777
12.336495,16.92775,Sentence,2,10.132091
12.61225,12.921401,Sentence,0,8.536028
13.149824,16.725895,Sentence,2,9.226067
15.251351,13.9152155,Sentence,3,10.021566
14.634144,13.764204,Sentence,1,9.208453
14.07909,16.688715,Sentence,2,9.463176
11.593811,13.897185,Sentence,0,8.490769
13.252847,17.038439,Sentence,2,10.3218
13.140191,16.076506,Sentence,2,8.914642
12.592745,16.330067,Sentence,2,10.069023
13.849071,15.718794,Sentence,0,8.995819
12.0355625,16.43366,Sentence,0,10.126173
13.8009405,16.508757,Sentence,2,9.833862
14.008246,16.665108,Sentence,2,9.440372
14.15344,14.682814,Sentence,1,9.839267
14.473779,15.997225,Sentence,1,8.82959
13.320344,16.114334,Sentence,2,9.798017
11.986441,14.547271,Sentence,0,8.5586195
12.044753,14.946798,Sentence,0,8.668669
13.33024,16.871351,Sentence,2,10.123775
12.306393,15.968762,Sentence,0,8.713801
14.563327,11.938448,Sentence,0,7.555498
13.533157,14.674426,Sentence,2,9.223543
12.627457,14.885066,Sentence,1,10.793051
12.676606,16.887466,Sentence,2,9.506837
12.346095,16.30655,Sentence,0,8.814011
13.019078,10.40969,Sentence,3,13.290166
11.626713,13.381455,Sentence,0,8.580064
13.238711,15.814224,Sentence,2,10.693657
14.166761,13.995697,Sentence,1,9.317881
12.727003,17.248938,Sentence,2,11.1537075
12.407705,15.198032,Sentence,0,8.994748
13.581337,14.330086,Sentence,1,10.798512
13.822031,16.597061,Sentence,2,9.582632
14.233155,15.1001215,Sentence,2,10.826017
13.416062,15.910971,Sentence,0,8.760148
12.826465,16.617746,Sentence,2,9.221551
13.454676,16.8437,Sentence,2,9.437419
12.828477,15.689689,Sentence,0,8.926876
11.906132,14.264239,Sentence,0,8.53829
13.578264,13.659169,Sentence,3,11.083917
13.054929,14.340248,Sentence,1,8.24475
12.788296,16.240566,Sentence,0,9.158307
13.234516,13.4949255,Sentence,1,9.113586
12.04646,16.617342,Sentence,2,10.213637
13.118068,14.823116,Sentence,1,8.659861
12.033259,17.00348,Sentence,2,11.085203
13.728305,12.742475,Sentence,1,8.251583
12.977466,14.337026,Sentence,1,8.272506
13.955172,14.137345,Sentence,3,10.6363325
14.56971,14.61939,Sentence,3,10.111509
12.789421,15.904813,Sentence,2,11.573384
13.090084,17.111113,Sentence,2,10.789509
15.348322,13.868719,Sentence,3,10.00103
12.32909,15.899632,Sentence,2,10.627669
11.834048,15.626559,Sentence,0,9.893882
14.64832,14.041796,Sentence,3,10.849061
13.049087,16.352497,Sentence,2,9.356769
10.85159,11.99066,Sentence,1,8.843256
11.902936,17.106682,Sentence,3,11.696407
13.989882,12.399873,Sentence,1,7.694539
13.527959,13.990357,Sentence,3,10.915335
12.999425,14.555592,Sentence,0,8.334682
14.106705,15.100147,Sentence,2,9.80145
11.917499,13.854407,Sentence,1,9.857954
13.026995,15.765746,Sentence,0,8.614956
12.956669,16.004381,Sentence,0,8.505269
12.729312,16.693045,Sentence,2,10.319486
14.007504,13.889662,Sentence,3,9.439812
13.624448,13.395489,Sentence,1,11.10298
15.317681,13.962132,Sentence,1,9.712123
12.05793,16.812374,Sentence,2,10.5946455
13.821248,15.96985,Sentence,2,9.840959
12.590884,14.9691725,Sentence,0,8.30891
14.983345,13.657618,Sentence,3,10.323016
12.891756,14.499315,Sentence,0,8.663157
14.056106,14.0082855,Sentence,1,10.74056
15.346344,11.371785,Sentence,1,7.8914933
13.9466095,14.226827,Sentence,1,11.392994
12.228067,15.613299,Sentence,2,10.4410925
12.129537,14.540128,Sentence,0,9.16092
13.953007,14.699608,Sentence,1,10.916125
13.122953,15.269595,Sentence,0,9.5841055
13.491982,16.749456,Sentence,2,10.487178
12.666268,16.154888,Sentence,2,9.945982
13.734206,15.564007,Sentence,2,10.481315
13.436367,14.6697035,Sentence,1,10.454161
12.337248,15.561713,Sentence,2,10.325244
15.382612,14.018571,Sentence,2,9.862486
15.30566,14.27959,Sentence,2,9.752011
14.840478,14.115815,Sentence,3,11.037711
13.352937,13.875315,Sentence,1,10.418912
13.939032,15.443758,Sentence,2,11.041877
13.4825945,16.533955,Sentence,2,9.5063715
12.094598,14.493746,Sentence,1,9.557499
15.348744,11.366678,Sentence,1,7.8908787
14.36667,14.751506,Sentence,1,10.334433
12.457324,15.723421,Sentence,0,8.660474
14.268111,16.478521,Sentence,1,9.526465
13.534119,16.384577,Sentence,2,9.372909
12.796478,16.425438,Sentence,2,9.301734
13.530643,12.810419,Sentence,1,8.31212
14.183302,16.649065,Sentence,2,9.464712
12.659154,16.02812,Sentence,2,8.897449
13.121413,15.271346,Sentence,2,9.5712805
12.801034,16.571127,Sentence,2,9.813095
13.048117,16.506884,Sentence,2,9.258851
12.1040125,16.94253,Sentence,2,10.771847
13.339827,14.405326,Sentence,0,8.432742
14.535404,15.989357,Sentence,2,8.674653
12.418551,16.51803,Sentence,0,9.403152
14.991468,13.943075,Sentence,3,11.336324
12.430901,16.703575,Sentence,2,9.801619
14.450051,13.980894,Sentence,0,8.699113
14.0444,14.896812,Sentence,1,10.198106
12.357096,15.72254,Sentence,2,10.753582
12.527616,16.317009,Sentence,2,9.223418
12.251188,17.14106,Sentence,3,11.305167
12.200179,15.713641,Sentence,0,8.551039
12.512775,15.9810505,Sentence,0,8.526284
13.512786,16.225393,Sentence,2,9.657678
14.134478,15.344099,Sentence,1,10.62735
12.707434,15.45702,Sentence,2,10.554768
13.147994,14.237036,Sentence,1,9.510166
12.765294,16.610075,Sentence,2,9.437747
14.217124,16.718372,Sentence,2,9.44115
14.019147,14.706959,Sentence,1,10.048827
12.867998,14.078125,Sentence,0,8.555291
12.509925,16.171804,Sentence,0,9.159007
12.89762,15.131297,Sentence,0,8.739483
14.839682,13.891229,Sentence,3,11.381657
13.85158,15.5080185,Sentence,2,10.389428
14.851458,13.713108,Sentence,3,11.400251
12.695646,16.649343,Sentence,0,9.529602
13.102803,16.75118,Sentence,2,9.132151
11.705426,14.3133745,Sentence,0,8.754795
12.285725,14.783942,Sentence,0,9.241864
13.377727,16.89857,Sentence,2,9.434927
13.314387,14.892019,Sentence,3,10.885301
12.712372,9.8184805,Sentence,1,1.59322
13.618183,13.863604,Sentence,1,10.648207
13.272304,16.786194,Sentence,2,9.443601
12.864742,16.348566,Sentence,0,8.751966
12.400243,16.208616,Sentence,2,8.904373
13.056066,16.382572,Sentence,2,9.0823965
12.631078,16.599735,Sentence,2,9.106269
14.202063,16.562164,Sentence,2,9.546198
15.343056,11.368797,Sentence,1,7.8887434
12.746543,16.041508,Sentence,2,9.406821
12.988656,16.66574,Sentence,2,10.913129
14.580591,13.368346,Sentence,1,9.325761
14.022111,12.933195,Sentence,1,9.214529
12.209775,16.460041,Sentence,2,10.413147
13.99775,12.472027,Sentence,1,7.9800854
12.091038,12.181664,Sentence,1,8.679836
14.451661,15.024388,Sentence,1,9.652302
12.456675,16.324354,Sentence,2,10.213945
12.52782,16.134714,Sentence,2,9.68204
13.131289,17.161238,Sentence,2,10.787531
14.275412,15.49607,Sentence,2,10.364544
13.856527,15.2726555,Sentence,0,8.400593
12.045997,12.515867,Sentence,1,8.610777
12.887072,16.458427,Sentence,0,8.866544
11.615599,16.611414,Sentence,2,11.091141
12.69262,15.794385,Sentence,0,8.70626
12.080244,15.838886,Sentence,0,8.8881445
14.587811,15.990465,Sentence,1,8.66168
14.091057,12.363052,Sentence,1,7.851529
12.06189,12.568834,Sentence,1,8.432983
13.658037,15.489304,Sentence,2,9.11486
12.393027,16.871246,Sentence,2,11.068301
12.0997,16.994595,Sentence,2,11.091901
12.896983,16.109268,Sentence,2,9.630631
12.218763,14.126393,Sentence,1,10.257244
13.751803,15.151285,Sentence,2,9.9571705
11.32996,15.922188,Sentence,2,10.845608
13.9943075,15.223844,Sentence,2,8.435377
11.689485,15.812339,Sentence,0,9.317428
12.617917,14.099754,Sentence,3,10.490101
12.660698,16.103024,Sentence,2,10.698401
12.998135,17.218433,Sentence,2,10.48965
12.004837,16.194372,Sentence,0,9.412867
13.859833,12.6140375,Sentence,1,7.9928355
14.4556675,14.80017,Sentence,1,9.655325
11.999331,14.673549,Sentence,0,8.4087305
14.567452,11.901331,Sentence,1,7.542527
11.763713,-0.96238345,Sentence,3,11.302843
12.45313,16.675867,Sentence,2,9.6539545
13.978076,13.227039,Sentence,3,10.274127
14.973097,13.731213,Sentence,3,11.421564
13.190222,15.376548,Sentence,1,8.602915
12.225902,16.595297,Sentence,3,11.860398
13.335367,15.44474,Sentence,2,10.368925
12.446179,16.465929,Sentence,0,8.941447
12.162709,15.750874,Sentence,2,12.140826
12.695903,14.401373,Sentence,0,9.426104
13.092414,16.643658,Sentence,2,9.583486
12.673841,14.269581,Sentence,1,9.54816
12.492371,16.055773,Sentence,0,8.602507
13.629438,16.107718,Sentence,3,11.229094
12.739194,16.095146,Sentence,2,9.255294
12.827085,16.87157,Sentence,2,10.661914
11.902889,16.084448,Sentence,0,9.435608
13.660009,16.191248,Sentence,2,9.7981825
13.744467,15.969368,Sentence,2,10.157354
13.618358,12.679847,Sentence,1,8.087927
13.599935,16.552664,Sentence,2,9.256213
12.891897,16.832743,Sentence,2,9.1936455
12.7619295,16.403406,Sentence,2,8.908179
14.163069,16.19461,Sentence,2,9.966644
12.11784,16.904207,Sentence,2,11.201409
13.725329,12.185102,Sentence,1,8.525011
14.324834,16.492945,Sentence,0,9.669116
13.496802,16.752876,Sentence,2,9.669344
12.617983,16.70379,Sentence,2,11.291029
12.215229,14.811483,Sentence,0,8.4389925
14.235783,13.569217,Sentence,3,9.431943
14.024924,15.501002,Sentence,2,10.620717
14.185677,16.67106,Sentence,2,9.46319
12.215172,15.666906,Sentence,0,8.868201
14.483925,13.678201,Sentence,1,9.644708
14.072128,14.702604,Sentence,1,10.425642
14.225105,16.173954,Sentence,2,9.352051
12.371011,15.1613035,Sentence,0,8.824549
12.652517,14.45483,Sentence,0,8.380281
14.093688,16.246841,Sentence,2,9.462606
12.80936,14.460967,Sentence,0,8.652515
13.641962,15.871223,Sentence,0,8.96749
12.439056,14.150071,Sentence,0,8.804574
13.69789,15.645375,Sentence,2,9.6744175
12.076137,12.509818,Sentence,1,8.438464
13.248373,16.591982,Sentence,2,8.958825
12.42216,17.215677,Sentence,2,11.300443
11.967941,16.990368,Sentence,1,11.252151
12.203149,16.793724,Sentence,2,10.320292
14.248482,15.189755,Sentence,2,10.088087
12.627362,15.33648,Sentence,0,9.009473
13.245818,16.505213,Sentence,0,8.800418
13.4229765,15.831639,Sentence,2,11.054831
11.6505,12.137025,Sentence,1,9.135885
12.7315,16.230482,Sentence,0,8.588513
12.451211,16.656988,Sentence,2,10.04199
14.253115,15.087792,Sentence,1,9.714752
11.864151,13.530017,Sentence,0,8.692428
12.783735,15.215208,Sentence,0,8.888978
12.982774,16.739248,Sentence,2,9.96715
13.977471,13.604472,Sentence,3,11.04937
14.354556,14.755521,Sentence,3,10.815068
12.044777,16.72902,Sentence,2,10.919993
14.862355,14.656785,Sentence,3,10.58236
13.458017,16.62289,Sentence,2,9.430786
12.4010515,15.129903,Sentence,0,8.816888
15.134138,13.687985,Sentence,3,10.197487
13.248937,14.700801,Sentence,0,9.492039
14.971769,13.46197,Sentence,1,9.054667
13.082246,16.159334,Sentence,2,10.963625
13.310885,16.61549,Sentence,2,9.074753
13.038667,15.074335,Sentence,2,11.081678
12.046621,11.854527,Sentence,3,9.394031
13.104326,15.313389,Sentence,0,8.733303
11.947903,12.824092,Sentence,1,9.04752
12.442998,16.587635,Sentence,2,9.490049
13.740321,14.525391,Sentence,2,10.257192
13.97256,14.028411,Sentence,3,11.205403
12.1587715,11.786702,Sentence,3,9.4509535
13.405634,14.595263,Sentence,1,9.275623
12.974919,16.518888,Sentence,2,9.521596
14.43179,15.857705,Sentence,2,8.858314
12.456983,16.684025,Sentence,2,10.474923
12.637867,15.364828,Sentence,1,9.147578
12.1770935,14.569923,Sentence,2,10.620717
12.175605,14.438177,Sentence,0,9.450965
12.09086,15.809124,Sentence,0,9.303289
14.630781,14.845001,Sentence,3,10.065473
12.647731,16.685997,Sentence,2,10.492176
12.493688,16.57336,Sentence,2,8.844572
13.303467,14.571267,Sentence,1,10.037115
11.657303,16.686005,Sentence,2,10.768168
12.902961,14.708345,Sentence,0,8.382909
13.066252,14.645151,Sentence,1,10.220678
12.5328045,16.076231,Sentence,2,9.397699
13.956388,14.573581,Sentence,2,9.56664
12.412638,15.017635,Sentence,0,8.33453
11.660637,13.312471,Sentence,1,8.704572
13.704415,13.933041,Sentence,3,10.907454
12.152634,14.040195,Sentence,0,9.845517
13.144257,14.695826,Sentence,2,10.516056
15.120605,14.127644,Sentence,1,9.894778
12.725643,16.118738,Sentence,2,9.487533
14.345629,15.036329,Sentence,1,10.004549
13.7162695,13.852397,Sentence,1,11.008487
12.613425,16.278748,Sentence,2,9.41715
12.843359,13.922398,Sentence,0,8.641133
13.392645,15.892627,Sentence,0,8.809072
12.145525,13.65867,Sentence,0,8.621463
13.637396,15.261987,Sentence,2,9.93653
13.909375,16.6635,Sentence,2,9.381607
12.044644,15.715789,Sentence,0,8.867548
13.38196,13.117988,Sentence,3,11.299706
15.424761,11.941252,Sentence,1,11.05629
13.252906,15.645593,Sentence,1,8.501598
12.276176,15.789605,Sentence,0,8.687504
12.765558,16.454956,Sentence,2,9.28329
13.050871,14.410531,Sentence,0,8.759127
13.906155,16.082153,Sentence,2,9.684594
12.024373,15.580319,Sentence,0,8.605172
12.565019,16.439846,Sentence,2,9.279417
14.835895,14.3681345,Sentence,3,10.66729
11.722574,15.479469,Sentence,0,9.468725
12.288988,15.856148,Sentence,2,9.651939
11.754126,16.21362,Sentence,0,9.803692
14.238429,13.885905,Sentence,1,9.141305
12.715176,16.993414,Sentence,2,10.380731
12.97337,16.926018,Sentence,2,10.107957
14.711603,11.45157,Sentence,1,6.9946537
10.860119,12.001554,Sentence,1,8.852456
12.5949545,16.432371,Sentence,2,9.342588
12.815041,13.399132,Sentence,1,10.663626
12.172589,15.43585,Sentence,0,8.506009
12.334515,16.351694,Sentence,2,10.1553955
12.493453,15.3567095,Sentence,3,10.939146
14.231742,14.685607,Sentence,3,10.554485
15.274021,13.805047,Sentence,3,10.0181675
13.555136,15.062427,Sentence,1,10.232226
14.402362,14.740922,Sentence,1,9.707685
11.310608,13.681781,Sentence,0,8.897804
12.691623,9.070323,Sentence,3,13.924877
12.023314,14.927312,Sentence,0,8.635155
13.098908,12.878357,Sentence,1,11.04314
12.118729,14.899818,Sentence,0,8.311448
13.3196745,14.802397,Sentence,1,8.535344
12.297223,15.235911,Sentence,0,8.952114
13.048272,16.05545,Sentence,0,8.62876
13.30291,16.900885,Sentence,2,10.2385845
12.778716,16.642738,Sentence,0,9.385545
11.973786,14.386428,Sentence,0,8.396859
11.59872,13.351594,Sentence,0,8.79527
14.028756,16.175928,Sentence,2,9.018359
12.449919,16.335894,Sentence,2,9.333251
12.525103,16.650919,Sentence,0,9.256017
12.104926,17.037174,Sentence,2,11.205813
14.066305,13.975409,Sentence,1,11.358328
13.795499,14.505229,Sentence,1,9.469027
13.401236,15.862029,Sentence,0,9.026357
12.937811,15.855632,Sentence,2,10.509955
11.685972,17.112154,Sentence,0,10.7931185
13.770578,15.618797,Sentence,0,8.897468
11.609237,16.82586,Sentence,2,11.130081
12.941342,16.034935,Sentence,2,10.30899
13.395686,15.934852,Sentence,2,10.247706
14.474288,15.043868,Sentence,1,9.786683
13.881266,14.6293,Sentence,2,11.004258
13.945185,15.7349205,Sentence,2,10.887042
14.652893,15.494829,Sentence,1,10.803458
12.28879,16.74388,Sentence,2,9.354957
13.580321,16.507969,Sentence,2,9.807956
11.833554,16.808859,Sentence,2,10.379033
12.047457,16.887222,Sentence,2,10.555541
13.8266535,16.149181,Sentence,2,9.667964
14.458708,15.800084,Sentence,1,9.136255
12.137136,17.098938,Sentence,3,11.726505
13.283313,15.960047,Sentence,2,9.326044
12.209819,16.309444,Sentence,2,9.449717
13.15151,14.167527,Sentence,1,9.530752
12.508962,15.036239,Sentence,3,11.478201
12.357061,15.941683,Sentence,0,8.732762
13.887511,15.844477,Sentence,2,10.062477
13.186238,15.481211,Sentence,2,10.701901
13.894199,16.206013,Sentence,2,10.025587
13.9700985,12.843822,Sentence,1,7.467816
13.026721,16.35219,Sentence,0,9.064139
13.145144,16.677992,Sentence,2,9.41256
14.078205,13.240975,Sentence,0,7.9014907
13.6534195,16.20239,Sentence,2,9.548134
14.072792,14.070508,Sentence,3,11.863858
14.043588,14.861159,Sentence,1,9.877586
12.712389,9.818451,Sentence,1,1.5931548
12.114526,15.606962,Sentence,0,9.948967
12.435689,16.165422,Sentence,0,8.863339
11.771438,16.606493,Sentence,1,11.37271
11.945286,15.521472,Sentence,0,8.979835
14.454165,16.001951,Sentence,2,8.756275
12.759482,15.304103,Sentence,0,8.615282
14.666316,12.615034,Sentence,1,8.526554
13.602368,13.660939,Sentence,3,12.150949
12.551899,14.500845,Sentence,0,8.565673
11.636711,12.950604,Sentence,1,9.029519
14.5590725,14.17357,Sentence,3,10.508307
13.201986,17.088675,Sentence,2,9.542321
12.515553,16.084606,Sentence,2,10.104919
13.63407,14.370937,Sentence,1,10.439521
14.268021,13.938733,Sentence,3,11.165938
14.18209,13.7461815,Sentence,1,9.934965
13.857204,12.617017,Sentence,1,7.9961247
14.141605,14.582165,Sentence,3,11.476528
14.024778,12.434081,Sentence,1,7.694694
14.737032,13.933758,Sentence,3,11.382805
14.312468,14.921388,Sentence,0,9.433709
13.102732,16.928211,Sentence,2,9.375154
13.869876,14.934343,Sentence,1,10.850872
12.978149,16.305023,Sentence,2,10.123099
12.936507,16.85121,Sentence,2,9.838094
11.464621,16.711645,Sentence,3,11.130991
12.671738,16.696135,Sentence,2,11.0135765
12.122265,16.365372,Sentence,2,10.666914
12.324149,16.553835,Sentence,2,10.614577
11.81326,14.233252,Sentence,0,8.403302
13.0856085,13.622577,Sentence,1,8.840162
13.441802,15.175565,Sentence,2,9.604986
12.951017,16.28234,Sentence,2,8.836893
12.115668,14.159948,Sentence,2,11.247739
12.040402,15.187806,Sentence,0,8.750989
14.073698,12.799825,Sentence,1,8.941688
14.470163,14.107768,Sentence,3,10.081332
13.724975,13.604879,Sentence,1,8.747478
11.973416,14.247262,Sentence,3,10.332329
13.359273,13.064661,Sentence,3,11.295042
12.727193,15.949787,Sentence,0,9.025964
12.195857,16.662271,Sentence,2,9.643976
13.050689,15.734987,Sentence,0,8.726507
13.235139,14.841846,Sentence,1,9.814336
11.872656,16.179726,Sentence,0,9.295718
14.230329,14.7323065,Sentence,0,8.704423
12.255496,16.135088,Sentence,0,8.77112
15.378057,14.183742,Sentence,2,9.878549
12.474505,16.283972,Sentence,2,8.964359
14.25854,14.52671,Sentence,3,9.814452
12.793754,16.568565,Sentence,2,9.487032
13.306671,16.358002,Sentence,2,9.372074
12.6717615,16.3093,Sentence,2,10.444076
14.324244,15.639367,Sentence,1,8.899936
12.734486,16.535286,Sentence,2,9.565994
12.036176,14.650886,Sentence,0,8.381008
14.21462,15.159411,Sentence,1,10.115745
12.063061,14.295842,Sentence,3,10.696921
12.184749,16.455656,Sentence,2,9.76315
11.785457,14.420289,Sentence,1,10.058149
12.458224,16.200312,Sentence,2,9.797457
14.1687765,15.252283,Sentence,2,9.26052
11.842644,13.750868,Sentence,0,9.470211
11.98651,15.747813,Sentence,2,10.19166
12.009613,16.637705,Sentence,2,10.5707445
14.5455475,13.726961,Sentence,1,8.789225
13.1757345,16.601954,Sentence,2,9.406313
13.564349,13.017079,Sentence,1,7.446197
11.87914,16.737547,Sentence,1,10.535049
12.126272,16.582815,Sentence,3,12.332854
14.078035,14.883663,Sentence,1,10.69462
12.267663,13.751528,Sentence,0,8.701251
12.893542,16.882313,Sentence,2,10.502769
14.856356,14.293006,Sentence,3,10.812535
12.162624,14.332258,Sentence,0,9.960462
14.073577,13.635148,Sentence,1,9.683604
11.89457,14.601907,Sentence,0,8.529548
14.476094,14.304094,Sentence,3,9.9951515
11.670506,16.446777,Sentence,2,11.054361
13.5912,13.606129,Sentence,3,9.391857
12.097559,14.986488,Sentence,0,8.422289
12.888871,16.013142,Sentence,0,8.429711
11.417585,16.741243,Sentence,1,11.731193
12.812458,15.392057,Sentence,0,9.062547
11.64804,13.722717,Sentence,0,9.583166
14.239199,15.280251,Sentence,0,8.920843
14.47083,14.548724,Sentence,2,10.626516
12.009828,17.109337,Sentence,2,11.0793
12.900426,16.148548,Sentence,0,8.537839
12.136003,16.130163,Sentence,0,8.718312
14.694299,14.428597,Sentence,1,9.126263
13.577417,15.347764,Sentence,3,10.139321
13.845832,16.62838,Sentence,2,9.52523
11.816989,15.737853,Sentence,2,9.72985
12.997575,16.358192,Sentence,0,9.032324
14.920116,13.863727,Sentence,3,11.278407
11.967142,13.776851,Sentence,1,9.089993
12.691633,9.0701885,Sentence,3,13.92497
12.240485,15.157414,Sentence,0,9.07767
12.365829,15.091903,Sentence,0,8.6925955
11.851258,13.386205,Sentence,1,8.737389
13.168985,16.78708,Sentence,2,9.607088
14.0006275,14.710857,Sentence,3,10.854355
12.135563,16.504976,Sentence,3,12.799085
15.127982,14.025023,Sentence,3,10.57768
12.804009,17.075516,Sentence,2,10.759417
12.637393,14.134179,Sentence,0,9.524035
11.887912,14.338031,Sentence,0,8.691453
12.225111,16.44303,Sentence,2,8.93776
14.204635,14.236085,Sentence,1,8.8229685
13.320178,16.299726,Sentence,2,9.618926
11.880204,12.497424,Sentence,1,9.299098
13.463333,15.927629,Sentence,2,9.86492
14.723555,11.432594,Sentence,1,6.993888
12.0683365,15.103469,Sentence,0,8.773319
13.72645,15.848448,Sentence,1,8.973272
13.435713,16.233992,Sentence,2,9.199657
11.930764,15.373179,Sentence,0,8.843296
13.960364,14.244097,Sentence,3,11.091452
13.227956,14.0487385,Sentence,1,10.395641
12.185837,15.878254,Sentence,0,8.773404
12.539528,14.085803,Sentence,1,9.770913
13.07189,16.030174,Sentence,1,10.96255
11.477277,13.493031,Sentence,0,8.528193
15.169962,13.803852,Sentence,3,10.142053
13.615195,15.585599,Sentence,2,9.1227255
13.229166,16.414433,Sentence,2,10.51279
14.52438,14.350599,Sentence,3,10.503712
12.385127,16.15187,Sentence,2,9.374224
12.319394,13.0209255,Sentence,0,8.654629
14.478679,14.629329,Sentence,3,10.577098
13.855794,16.118204,Sentence,2,9.18822
11.7626095,-0.96271133,Sentence,3,11.30356
12.197286,15.951354,Sentence,0,9.275856
12.208722,14.59857,Sentence,0,8.426589
13.344328,15.953689,Sentence,2,10.191777
12.193616,11.775277,Sentence,3,9.476523
13.682669,15.407877,Sentence,0,8.601796
14.781271,13.48049,Sentence,3,10.881102
13.859905,14.134022,Sentence,3,11.887866
14.243472,15.925472,Sentence,2,9.023633
13.100815,17.014605,Sentence,2,10.230782
13.1352,16.920273,Sentence,2,9.376536
12.959068,16.919533,Sentence,2,10.34117
13.71094,15.487253,Sentence,2,9.725268
11.600302,16.712355,Sentence,3,11.807344
12.691658,9.070064,Sentence,3,13.925042
14.754158,13.920482,Sentence,3,11.208072
11.960596,15.27932,Sentence,0,8.358712
12.313111,16.008036,Sentence,2,9.993126
14.203652,15.064157,Sentence,1,9.419357
14.462019,15.835252,Sentence,1,9.194707
12.160011,16.335295,Sentence,2,8.936744
13.868554,13.359282,Sentence,3,9.601301
12.466855,16.264893,Sentence,0,8.744177
12.106829,15.903623,Sentence,0,8.752335
13.6683035,14.326734,Sentence,1,9.953869
11.670957,16.74405,Sentence,2,11.151118
12.137587,15.701322,Sentence,0,8.780859
14.028291,13.087719,Sentence,1,9.335007
12.392232,15.366288,Sentence,1,10.272548
11.713484,14.207536,Sentence,0,8.522184
13.718545,14.005712,Sentence,3,10.820017
13.5636635,15.639075,Sentence,1,9.713175
12.645052,15.439721,Sentence,0,9.218925
12.128255,16.74685,Sentence,2,10.953175
11.762827,-0.9631971,Sentence,3,11.303005
12.823225,15.739261,Sentence,1,10.537424
14.316214,14.6239395,Sentence,1,9.477827
14.7513895,14.306592,Sentence,3,10.179261
11.972944,16.598381,Sentence,2,10.021541
12.329531,15.189728,Sentence,0,8.440051
12.673394,16.563032,Sentence,2,9.777436
12.373477,14.858746,Sentence,0,8.848879
13.272251,15.682949,Sentence,2,9.467295
13.322712,14.323873,Sentence,1,10.249973
13.778455,14.417274,Sentence,3,10.643915
12.48582,15.9940195,Sentence,0,8.636737
12.9355955,16.70966,Sentence,2,10.119502
14.427618,15.947545,Sentence,1,8.909367
13.540785,15.751413,Sentence,0,9.568493
11.946538,13.994489,Sentence,1,10.688389
14.004539,16.639397,Sentence,1,9.458876
15.310306,13.8915825,Sentence,3,9.862971
14.219763,15.522436,Sentence,2,10.685566
13.291104,15.633861,Sentence,2,9.993786
12.128193,15.296229,Sentence,0,8.570225
12.558697,15.5855465,Sentence,0,8.550108
13.680361,13.065735,Sentence,1,9.039934
13.756442,15.361432,Sentence,2,10.069297
15.144218,13.39918,Sentence,3,9.683736
12.147348,15.493787,Sentence,0,9.613024
13.950379,14.910603,Sentence,3,10.727222
12.358321,15.777953,Sentence,0,9.274931
11.83377,14.497109,Sentence,0,8.367255
14.135384,16.66676,Sentence,2,9.446323
12.774268,16.65836,Sentence,0,9.10149
14.08696,16.7333,Sentence,2,9.443855
13.887916,14.670543,Sentence,1,9.508272
11.546269,15.70139,Sentence,0,10.13357
13.315034,16.399311,Sentence,2,9.126597
12.546235,15.683359,Sentence,2,10.64736
14.061232,16.649412,Sentence,2,9.603335
13.857222,14.377568,Sentence,1,9.006046
12.83479,15.667032,Sentence,0,8.260383
13.036253,16.16192,Sentence,0,9.005656
14.594282,14.896891,Sentence,1,9.937168
13.6026945,15.964623,Sentence,2,10.500123
13.353224,15.745178,Sentence,2,9.208166
13.228039,14.771226,Sentence,3,11.360651
13.065002,15.841975,Sentence,2,10.539992
14.178948,14.876985,Sentence,0,8.6955185
12.720272,15.364018,Sentence,0,8.702809
14.051681,14.190322,Sentence,3,11.241338
13.713478,14.148056,Sentence,1,10.593901
13.268697,13.920378,Sentence,1,10.068991
13.949122,15.971494,Sentence,3,10.410645
12.036526,15.155856,Sentence,0,8.446696
12.19289,15.732322,Sentence,0,9.262137
14.314861,16.500586,Sentence,1,9.344546
12.903667,15.803299,Sentence,2,11.506473
13.141472,14.821264,Sentence,2,9.831826
12.370742,16.575525,Sentence,2,9.562137
13.824057,16.786556,Sentence,2,9.512286
12.672931,15.558378,Sentence,2,12.273098
12.635358,15.694971,Sentence,0,8.572801
12.211961,15.734959,Sentence,0,8.655982
11.587128,13.3704605,Sentence,1,9.502098
13.514288,16.941887,Sentence,2,10.087616
14.3748255,14.769763,Sentence,3,11.144525
14.311289,14.796375,Sentence,3,10.458239
12.883009,16.440222,Sentence,2,9.3386
11.908529,13.349329,Sentence,1,8.786602
12.38311,15.852759,Sentence,0,9.598839
12.357141,16.201403,Sentence,2,9.724284
13.275051,16.053143,Sentence,0,11.049689
11.7424135,15.105949,Sentence,0,9.720371
13.332067,16.342602,Sentence,2,9.595208
12.33812,16.446764,Sentence,2,10.886212
13.889655,15.382754,Sentence,2,10.594904
13.671936,16.801172,Sentence,2,9.868481
14.4186535,14.341482,Sentence,1,11.087461
12.49353,16.648415,Sentence,2,9.504372
14.2589,14.097488,Sentence,1,10.089968
11.627988,16.547152,Sentence,0,10.505563
12.507356,16.374481,Sentence,0,8.681787
11.762037,-0.960621,Sentence,3,11.304185
14.486118,14.86071,Sentence,1,9.925144
13.613839,16.618574,Sentence,2,9.414173
11.938206,14.637569,Sentence,1,10.111457
13.301346,16.44751,Sentence,2,10.143169
12.159554,14.387258,Sentence,1,11.558303
12.273258,17.132723,Sentence,3,11.334321
11.897928,14.226884,Sentence,1,11.046525
12.608154,14.585601,Sentence,3,10.60744
13.338493,16.299915,Sentence,2,11.273546
12.7782955,14.029334,Sentence,3,11.332617
13.14029,14.944222,Sentence,0,9.439521
12.223365,15.914615,Sentence,0,8.735492
12.662086,16.02013,Sentence,0,8.87061
11.716051,14.260365,Sentence,0,8.701826
12.1307335,15.944114,Sentence,0,9.061717
11.931912,17.309858,Sentence,1,11.279362
13.247795,15.817449,Sentence,0,8.712812
12.902867,16.884327,Sentence,2,9.376831
13.530178,15.915488,Sentence,2,9.597224
12.201229,12.032395,Sentence,3,9.750725
12.326307,16.510971,Sentence,0,9.1280985
12.6351185,15.563893,Sentence,0,8.711759
12.683151,16.67987,Sentence,2,9.071413
12.690614,9.068812,Sentence,3,13.926242
11.45126,16.675816,Sentence,0,11.043327
12.179387,16.946032,Sentence,2,11.46563
12.215473,16.750858,Sentence,2,10.278719
13.728176,12.542326,Sentence,1,9.153552
12.966391,16.568535,Sentence,2,9.999772
13.303044,15.198813,Sentence,0,9.360813
11.362628,12.184114,Sentence,1,9.315474
14.714037,11.4529705,Sentence,1,7.0144205
14.119723,16.580147,Sentence,2,9.530494
11.9215145,14.591737,Sentence,0,8.327363
13.049569,14.236128,Sentence,0,8.352477
13.886352,15.26612,Sentence,1,9.902543
13.059484,15.743294,Sentence,0,9.900924
12.492575,16.304308,Sentence,2,9.039689
12.568097,17.044044,Sentence,2,10.513629
11.863101,14.520013,Sentence,2,10.467619
12.043746,15.797106,Sentence,2,9.568917
12.0796585,12.335672,Sentence,0,8.883129
12.066882,16.202253,Sentence,0,9.46279
13.280023,13.722338,Sentence,1,9.831592
12.200654,16.354937,Sentence,0,9.249197
13.10259,13.109394,Sentence,1,9.4949665
12.515756,15.564005,Sentence,0,10.024108
14.186358,14.706986,Sentence,1,9.5381975
13.784831,12.704926,Sentence,1,8.020081
12.752056,16.296894,Sentence,2,9.097684
14.08493,13.223028,Sentence,0,7.897447
11.761916,12.549389,Sentence,1,8.963807
11.813853,13.538159,Sentence,1,9.720623
12.712418,9.818808,Sentence,1,1.5939606
12.774639,15.977883,Sentence,2,10.5758505
13.374904,14.927211,Sentence,1,10.208275
12.1101675,16.250322,Sentence,2,10.011348
12.049016,15.821756,Sentence,2,9.710047
14.051175,15.87599,Sentence,2,10.538676
12.758043,15.358882,Sentence,3,12.374794
12.149777,15.571746,Sentence,0,8.705526
11.684401,13.621821,Sentence,0,8.799
13.642736,13.366241,Sentence,3,9.2777605
11.279066,16.251724,Sentence,2,10.69198
11.988625,15.843134,Sentence,0,8.697875
12.389137,14.860869,Sentence,0,8.374083
12.616298,15.995876,Sentence,2,9.894731
12.976995,15.543503,Sentence,0,8.698422
12.859487,15.460744,Sentence,0,8.883993
14.742062,11.439341,Sentence,2,6.991289
11.041593,12.572917,Sentence,1,9.149041
13.55777,16.854248,Sentence,2,9.8122635
12.5393095,15.99091,Sentence,0,8.66149
12.115685,16.375904,Sentence,0,9.335713
12.962007,16.10158,Sentence,2,11.151047
13.080487,14.108637,Sentence,0,8.922166
12.157924,16.401436,Sentence,2,10.896106
13.908185,16.67349,Sentence,2,9.580145
12.269414,15.526077,Sentence,0,9.338831
15.069752,14.190216,Sentence,2,9.937455
13.551976,15.886417,Sentence,1,8.94393
13.227807,16.613821,Sentence,2,9.061765
12.527596,16.511988,Sentence,0,9.97237
14.677496,22.161644,Sentence,1,14.590334
12.333398,16.036943,Sentence,2,10.181688
12.648451,16.207767,Sentence,2,10.73422
14.543938,13.914501,Sentence,1,8.744105
12.462337,16.217476,Sentence,2,9.92308
13.087663,14.522837,Sentence,0,9.119943
13.806221,16.353327,Sentence,2,10.253381
13.127088,15.312355,Sentence,2,9.844599
14.504787,13.913349,Sentence,1,8.676518
12.190322,13.66287,Sentence,0,8.676279
13.172532,16.78836,Sentence,2,10.384158
13.989281,16.263662,Sentence,1,8.970085
13.798072,14.389241,Sentence,2,9.499299
11.762337,-0.9625466,Sentence,3,11.303783
13.04696,15.321444,Sentence,1,9.8740835
12.039279,14.543649,Sentence,1,10.736027
13.135639,15.5573635,Sentence,0,8.969133
12.120777,16.088324,Sentence,2,8.959927
11.718582,13.627495,Sentence,0,9.586977
14.147016,16.289152,Sentence,2,9.78753
11.856913,16.712643,Sentence,1,11.095774
12.619328,16.363012,Sentence,0,8.742391
13.739203,15.501913,Sentence,2,9.859545
12.673612,13.985711,Sentence,0,10.154806
12.258269,13.819903,Sentence,0,8.73847
12.749392,15.327874,Sentence,2,10.7997
12.848482,16.389044,Sentence,0,8.887898
11.903153,14.917052,Sentence,0,8.065667
11.600398,13.184684,Sentence,1,8.610761
12.105285,16.44039,Sentence,2,9.464775
13.34269,16.245007,Sentence,2,9.212463
13.543313,14.454857,Sentence,0,8.318918
12.955903,14.771998,Sentence,0,8.264952
12.756032,16.626575,Sentence,2,9.531843
12.97979,16.48167,Sentence,2,9.6823435
13.730605,15.842304,Sentence,1,9.743491
12.24168,14.793288,Sentence,0,8.285463
12.436493,12.814905,Sentence,3,8.555835
13.041338,16.055813,Sentence,0,8.568416
14.295983,14.398287,Sentence,1,8.992303
11.724123,16.37963,Sentence,2,11.079557
12.481684,15.387641,Sentence,0,8.627388
12.615644,16.427074,Sentence,2,9.58738
14.958584,13.860971,Sentence,3,11.180449
12.653055,15.832409,Sentence,0,8.861302
11.4189005,16.713871,Sentence,1,11.674994
12.769809,16.952393,Sentence,2,10.631911
13.0036955,15.459927,Sentence,2,9.695906
12.712569,9.818756,Sentence,1,1.5944037
11.911838,11.974506,Sentence,1,9.170934
14.048937,15.723685,Sentence,2,9.762057
14.174953,15.962827,Sentence,1,9.914544
12.261755,15.460037,Sentence,0,10.445373
12.156365,15.408101,Sentence,0,9.216141
13.042381,16.305542,Sentence,2,9.174575
15.206602,13.951968,Sentence,3,9.825346
12.795897,16.350655,Sentence,0,8.684035
14.159618,14.47137,Sentence,1,9.603752
12.330429,16.514374,Sentence,0,9.207404
12.823045,15.685889,Sentence,2,9.026172
11.552055,16.498262,Sentence,0,10.410829
12.053234,15.748602,Sentence,0,9.817695
12.375845,16.402658,Sentence,2,10.282157
14.822017,14.24716,Sentence,3,11.035336
12.490695,16.71588,Sentence,2,9.8532715
13.310597,15.846925,Sentence,0,8.904356
11.999362,16.475166,Sentence,0,9.761139
11.275733,16.356838,Sentence,0,10.673282
12.894011,15.42381,Sentence,0,8.808612
14.677571,22.162718,Sentence,1,14.591102
13.4012985,16.19314,Sentence,0,8.859782
12.02371,16.823732,Sentence,2,11.335541
9.645096,8.128723,Sentence,3,15.0456295
14.559905,13.600159,Sentence,3,11.788104
11.595511,13.100475,Sentence,1,9.095695
13.001342,15.041031,Sentence,0,8.929766
14.885911,14.61186,Sentence,1,10.162128
14.030942,13.892372,Sentence,3,11.797862
12.269831,15.610055,Sentence,2,10.039627
12.437313,15.425968,Sentence,2,10.974541
13.048872,14.517811,Sentence,0,9.612473
12.478092,15.9765215,Sentence,0,8.498134
13.445393,16.156408,Sentence,2,11.321802
13.656339,15.724301,Sentence,0,8.981247
11.644027,12.07723,Sentence,1,9.251402
14.791902,13.978959,Sentence,3,11.2139435
13.687366,12.245447,Sentence,1,7.1096554
14.627635,15.929447,Sentence,1,8.6476555
12.717082,16.814163,Sentence,2,9.890312
14.08857,12.892107,Sentence,3,10.469244
12.836625,15.566797,Sentence,0,9.575509
12.161235,16.49761,Sentence,2,10.641369
14.697101,13.890037,Sentence,3,10.804053
12.425212,14.69325,Sentence,0,9.903056
12.822081,15.835964,Sentence,2,9.311496
12.470107,17.150993,Sentence,2,11.212657
13.554638,14.505721,Sentence,2,11.029974
12.993191,14.659057,Sentence,1,8.829287
12.699869,17.294233,Sentence,3,11.25496
13.222817,14.747943,Sentence,1,12.169517
12.175878,15.530438,Sentence,2,10.444666
14.359643,15.655739,Sentence,2,9.746289
11.8524475,12.255731,Sentence,1,8.873709
13.313812,15.940256,Sentence,0,9.115449
12.707206,16.575956,Sentence,2,10.729053
13.802773,14.865912,Sentence,2,10.890827
14.45912,14.506397,Sentence,1,9.442092
11.528256,13.269592,Sentence,1,8.500221
13.391779,15.010179,Sentence,2,9.633302
12.962168,15.960584,Sentence,0,8.864671
12.240728,15.376157,Sentence,0,8.41708
13.676145,12.297854,Sentence,1,7.153121
14.341969,13.806221,Sentence,3,11.108887
12.041085,12.896716,Sentence,1,8.693726
14.513511,13.611174,Sentence,1,9.58534
11.799964,16.206758,Sentence,0,9.237007
12.140067,14.524215,Sentence,0,8.4701605
12.533733,16.89714,Sentence,2,10.781783
13.0628395,15.619716,Sentence,3,10.19699
12.835313,15.410717,Sentence,0,9.914058
13.412935,16.2438,Sentence,2,9.771738
12.430962,15.219753,Sentence,0,8.32424
13.390602,16.084934,Sentence,2,9.9648075
12.441602,14.80834,Sentence,0,8.402648
11.664513,13.310296,Sentence,0,8.579183
11.953288,16.525225,Sentence,2,10.557259
12.321377,14.868754,Sentence,0,9.918672
13.004103,14.647883,Sentence,0,8.270641
14.230791,14.092274,Sentence,1,9.964626
12.885225,15.796133,Sentence,0,8.757265
13.482062,13.934877,Sentence,3,11.213939
13.092599,14.01386,Sentence,0,9.894052
11.697672,17.069899,Sentence,0,10.993242
14.684673,11.541696,Sentence,1,7.16443
13.466985,10.766109,Sentence,1,7.386305
14.681702,11.551812,Sentence,1,7.136318
11.5375595,13.940693,Sentence,1,9.225014
13.122922,16.105553,Sentence,2,10.219298
14.437721,15.461766,Sentence,3,9.974995
12.335683,15.669169,Sentence,0,8.496047
13.6540165,16.29475,Sentence,2,9.537779
14.213723,14.651608,Sentence,3,11.199886
12.907743,15.083151,Sentence,2,10.78752
13.264353,15.802859,Sentence,0,8.693969
12.723731,16.014872,Sentence,0,9.076579
12.574411,16.10573,Sentence,2,10.372266
11.763408,16.254927,Sentence,3,10.853281
14.057832,16.024158,Sentence,2,9.83002
13.434978,14.095104,Sentence,3,10.610972
12.595601,17.023832,Sentence,2,10.169068
12.350156,16.2839,Sentence,2,10.919793
13.023335,15.531045,Sentence,1,8.96456
12.236054,16.275068,Sentence,2,11.0700035
14.115101,14.324137,Sentence,3,11.5145235
12.34632,16.083866,Sentence,0,8.686105
12.257178,16.24662,Sentence,2,9.60473
12.787473,15.919769,Sentence,0,8.441142
13.357213,17.070383,Sentence,2,10.225084
12.828732,15.257996,Sentence,0,9.15945
12.013644,17.149818,Sentence,2,11.234996
13.986964,14.474643,Sentence,1,9.387263
14.281824,14.64494,Sentence,1,10.7328825
12.968551,15.05932,Sentence,0,9.647019
14.2203865,14.77464,Sentence,3,10.637363
14.298297,14.03487,Sentence,1,9.470498
14.693988,13.41996,Sentence,1,9.614774
12.090018,12.143923,Sentence,1,8.799715
14.9263525,13.42655,Sentence,1,9.68455
12.187764,15.391641,Sentence,0,8.427827
12.024027,14.139671,Sentence,0,9.12825
12.926622,15.7324705,Sentence,2,10.222923
12.865794,17.15431,Sentence,2,11.006672
15.464528,13.509172,Sentence,3,9.955942
12.594372,16.366531,Sentence,2,9.065091
12.418262,15.69576,Sentence,0,9.155328
14.576016,12.027795,Sentence,1,7.6051927
15.247375,13.8005495,Sentence,1,9.896149
12.230852,14.502715,Sentence,0,8.509781
14.201422,16.671333,Sentence,2,9.436351
12.43094,16.607584,Sentence,0,9.532019
11.454732,13.528864,Sentence,0,8.628989
12.866676,16.906832,Sentence,2,9.501231
15.085373,13.851981,Sentence,3,10.081433
13.7452755,15.725414,Sentence,2,10.024367
12.171353,14.668871,Sentence,0,8.430212
13.436034,13.480369,Sentence,1,9.078236
13.447146,13.912354,Sentence,1,10.444318
14.079336,15.31323,Sentence,2,9.900283
14.103072,13.58137,Sentence,1,9.128947
13.025298,15.054316,Sentence,1,10.851467
12.781411,15.970294,Sentence,0,8.364374
11.768636,-0.96734387,Sentence,3,11.29808
11.736598,13.761798,Sentence,0,9.247821
12.815014,14.118602,Sentence,0,8.399818
11.2631645,12.471168,Sentence,1,8.8980875
15.575884,13.341146,Sentence,3,10.112492
13.827197,14.559634,Sentence,1,10.821698
12.834314,16.978342,Sentence,2,10.987672
13.9509735,14.989794,Sentence,2,10.982098
11.833305,15.824586,Sentence,2,10.310809
15.001308,13.320796,Sentence,1,10.299496
12.832266,14.400939,Sentence,0,8.628079
13.977757,15.486794,Sentence,1,10.304775
14.488088,13.412293,Sentence,3,9.536424
13.0475445,16.080912,Sentence,2,9.818711
12.838037,17.029232,Sentence,2,9.920677
11.800966,16.101038,Sentence,2,11.119619
12.889111,15.5653305,Sentence,3,10.967712
13.383092,16.381897,Sentence,2,9.328462
11.623253,15.593798,Sentence,2,10.4392185
13.699866,15.3295,Sentence,0,9.309372
12.641706,16.43021,Sentence,0,8.839914
12.090943,16.48309,Sentence,2,10.564208
14.598998,14.440724,Sentence,3,10.982332
13.143953,14.535398,Sentence,3,11.333781
14.0471115,12.932639,Sentence,1,8.782994
13.118618,16.494493,Sentence,0,8.818852
13.183262,15.524887,Sentence,2,10.311125
12.060287,12.585381,Sentence,1,8.425419
13.687279,14.716319,Sentence,2,10.733899
11.596687,16.385998,Sentence,0,10.230713
12.623203,16.906755,Sentence,0,10.089566
12.714263,16.340002,Sentence,0,8.8212385
12.063735,15.4460335,Sentence,0,9.141131
15.057892,13.682092,Sentence,3,10.290988
12.202232,16.579565,Sentence,2,11.208487
14.094389,15.942716,Sentence,2,8.83628
13.532864,15.915957,Sentence,2,10.237729
12.118483,14.612532,Sentence,0,8.335415
12.736868,15.394713,Sentence,3,12.400651
13.507078,16.612011,Sentence,2,10.530914
12.515106,15.926748,Sentence,0,8.723442
13.287683,16.124773,Sentence,2,8.908643
12.256654,16.377453,Sentence,2,9.234649
12.305061,15.628867,Sentence,0,9.339299
11.6348915,16.51161,Sentence,2,10.9775
12.605512,16.655666,Sentence,2,9.196327
13.057037,14.936742,Sentence,1,9.452281
15.681554,13.641446,Sentence,3,10.091882
12.763889,16.986685,Sentence,2,9.280008
11.563292,13.0485325,Sentence,1,9.057762
11.468672,13.5923395,Sentence,0,8.565476
13.821013,14.761013,Sentence,2,10.395193
13.450356,16.154755,Sentence,3,11.341072
13.132989,14.886422,Sentence,0,8.726576
12.230296,15.140821,Sentence,0,8.43322
12.128502,16.518967,Sentence,0,9.396023
12.426426,15.625307,Sentence,0,9.991498
13.928134,13.500108,Sentence,1,10.709183
12.763802,15.661437,Sentence,0,9.665591
12.727395,15.659686,Sentence,2,10.906181
11.950815,14.844836,Sentence,1,10.240545
13.515354,15.297346,Sentence,2,10.663265
12.217935,15.362654,Sentence,2,10.527373
14.188082,14.038684,Sentence,1,10.809111
12.852722,15.997122,Sentence,0,8.968998
15.1085,13.822658,Sentence,3,11.397655
12.169349,15.570484,Sentence,0,8.827678
13.179683,15.779407,Sentence,2,9.01263
14.587959,15.093835,Sentence,1,10.838492
13.664854,15.394509,Sentence,2,9.68369
12.135726,16.64729,Sentence,2,10.291452
13.3636055,15.708519,Sentence,1,10.54095
13.861515,15.254246,Sentence,2,10.022328
13.927093,15.857294,Sentence,2,8.619269
14.60105,13.732997,Sentence,1,9.888838
12.275303,16.832594,Sentence,2,10.298861
13.117442,16.62448,Sentence,2,10.158701
12.823724,16.592276,Sentence,2,9.049662
13.641453,16.606733,Sentence,2,9.55828
13.2174635,16.04387,Sentence,2,10.6290455
12.998017,16.834925,Sentence,2,9.231417
12.3647585,14.907553,Sentence,0,9.904626
12.890749,14.89735,Sentence,0,8.362763
14.410413,15.069,Sentence,1,10.888633
12.951293,16.804874,Sentence,2,9.54834
12.46366,15.361584,Sentence,0,8.42871
13.218027,16.71424,Sentence,2,9.4873705
13.995371,15.497993,Sentence,1,10.417457
11.780321,13.251573,Sentence,1,8.792345
14.960504,14.12679,Sentence,3,10.973976
14.140419,16.513018,Sentence,2,9.275033
13.740421,12.196907,Sentence,1,8.546647
12.517289,13.6040325,Sentence,0,8.662775
11.57594,15.454381,Sentence,2,10.299934
12.403466,16.527975,Sentence,2,8.97965
14.242027,14.407883,Sentence,3,10.483812
14.164669,15.956237,Sentence,1,9.292785
14.699345,14.418326,Sentence,3,11.000114
13.369643,15.181301,Sentence,1,9.026222
12.447935,16.161448,Sentence,0,9.0902
13.793401,15.583339,Sentence,2,9.50149
14.504509,14.829191,Sentence,1,9.382436
12.54857,16.06396,Sentence,2,10.134469
11.9955845,17.098925,Sentence,2,10.74994
12.936505,15.152202,Sentence,0,9.535723
12.701457,16.773674,Sentence,2,11.07358
12.379633,16.166058,Sentence,2,9.757978
13.213228,15.214031,Sentence,1,10.645638
13.49069,16.943138,Sentence,2,9.75203
11.430514,12.336865,Sentence,1,8.898718
13.660362,16.58054,Sentence,2,9.164356
12.964624,16.845976,Sentence,2,9.440876
13.206847,14.672508,Sentence,1,9.692852
12.434213,16.659878,Sentence,2,9.647668
13.769211,14.789517,Sentence,1,8.949486
13.282361,16.878584,Sentence,2,11.00986
12.836098,14.918824,Sentence,0,8.163156
11.673977,13.37033,Sentence,1,9.316155
12.83143,16.881956,Sentence,2,9.847468
11.558517,14.162279,Sentence,0,9.549824
11.505271,13.185107,Sentence,1,9.060836
12.72545,15.41542,Sentence,0,8.808435
12.390024,15.575813,Sentence,0,8.897004
13.231551,14.973998,Sentence,1,9.492886
14.716065,13.811807,Sentence,3,11.346381
12.0480995,14.890905,Sentence,2,10.163617
13.524715,16.605085,Sentence,2,9.693784
12.60112,14.022161,Sentence,1,8.749601
12.250131,15.842885,Sentence,0,9.526482
12.78774,16.095552,Sentence,2,9.449907
12.340805,15.993647,Sentence,2,9.5714
12.958915,15.730323,Sentence,0,9.875978
12.367062,16.812326,Sentence,0,9.814255
13.451933,16.867252,Sentence,2,9.405016
12.675973,16.910257,Sentence,2,9.97365
12.49738,15.510946,Sentence,0,8.939357
11.981013,15.301804,Sentence,0,9.817551
11.530818,13.681372,Sentence,0,8.854537
11.99184,15.901941,Sentence,0,9.315172
12.137124,16.505066,Sentence,3,12.8013315
11.124912,14.791029,Sentence,0,9.927948
12.596365,16.108253,Sentence,2,8.884675
12.423125,12.720443,Sentence,3,11.0538645
12.6311245,16.61774,Sentence,2,10.735449
11.68579,16.903608,Sentence,1,10.73175
13.981203,16.117493,Sentence,2,9.743818
13.677521,14.691184,Sentence,2,9.973059
14.49635,14.635705,Sentence,3,10.947243
14.19178,14.883031,Sentence,3,11.127545
12.818218,14.848902,Sentence,0,8.314945
12.882122,16.88191,Sentence,3,11.080213
14.93165,14.378585,Sentence,1,9.352279
12.0761175,15.226615,Sentence,0,8.5288
14.862974,14.431295,Sentence,3,10.52891
11.95322,15.321504,Sentence,0,10.152143
13.866786,12.599288,Sentence,1,8.04491
14.139955,16.739964,Sentence,2,9.514955
14.922109,14.501749,Sentence,1,9.835465
12.015525,15.939043,Sentence,0,9.048054
12.745432,16.09906,Sentence,0,8.747439
11.64146,12.630172,Sentence,1,9.2457
13.005259,17.001934,Sentence,2,10.629836
12.876916,13.213426,Sentence,1,10.301946
12.082616,16.524925,Sentence,1,9.9686165
11.911315,16.242262,Sentence,0,9.921786
12.629244,16.278828,Sentence,2,9.227639
12.276762,16.206064,Sentence,0,9.58863
12.589058,15.716664,Sentence,0,8.444974
14.147615,13.788508,Sentence,3,9.310388
14.739321,13.717887,Sentence,1,9.462432
12.926066,14.554919,Sentence,3,10.03242
13.749336,15.438274,Sentence,2,10.52719
12.140983,15.130388,Sentence,0,9.141165
12.851325,16.717775,Sentence,2,9.155373
12.888153,14.795534,Sentence,0,8.273741
13.122261,16.448471,Sentence,0,9.387862
11.763965,-0.96277875,Sentence,3,11.302223
11.606278,13.15964,Sentence,1,8.851566
13.116139,16.72066,Sentence,2,9.876732
11.435818,12.508642,Sentence,1,9.149737
12.365721,16.254879,Sentence,3,11.702478
13.568552,17.011333,Sentence,2,9.541045
12.899699,16.58477,Sentence,2,9.006805
14.178686,15.130891,Sentence,2,10.448034
11.917038,17.148773,Sentence,2,11.188337
11.768027,16.717636,Sentence,2,11.197836
12.243287,15.77649,Sentence,2,10.489681
14.452104,15.06928,Sentence,1,10.814401
13.388167,16.95082,Sentence,2,9.902212
14.146047,15.681091,Sentence,1,8.9248
12.763696,16.88349,Sentence,2,9.851648
12.722197,16.84089,Sentence,2,11.156978
13.033576,16.705534,Sentence,2,9.15556
12.730065,16.884869,Sentence,2,9.750738
11.699173,14.906808,Sentence,2,10.762858
12.938356,16.702845,Sentence,2,10.024541
11.680257,13.474346,Sentence,1,8.622127
14.310297,16.661144,Sentence,2,9.446943
14.48338,14.932392,Sentence,1,9.583936
13.307181,16.670765,Sentence,2,9.584651
12.611049,16.92086,Sentence,2,9.660057
13.37569,15.945844,Sentence,2,8.73146
11.984047,16.524515,Sentence,2,9.458158
12.371544,15.624163,Sentence,2,10.032872
13.61542,15.675808,Sentence,0,8.685587
12.649696,17.218803,Sentence,2,10.998193
14.317108,14.903757,Sentence,3,11.281641
12.33502,16.434729,Sentence,2,9.487915
12.927135,14.140413,Sentence,1,8.33896
14.162724,16.64129,Sentence,2,9.393883
13.620536,15.721386,Sentence,1,8.854227
12.8274555,16.526546,Sentence,0,8.686846
14.044826,15.513665,Sentence,1,10.50704
14.05249,14.864295,Sentence,1,9.526381
12.113063,15.9781275,Sentence,0,8.6294775
14.122887,16.71132,Sentence,2,9.6268215
12.049154,15.415744,Sentence,0,8.520433
12.324854,15.81067,Sentence,0,8.989276
11.265011,16.330454,Sentence,0,10.761179
12.731287,12.346421,Sentence,1,9.451238
12.276149,14.256474,Sentence,1,9.92431
12.606967,16.317888,Sentence,2,9.297785
13.443775,15.323513,Sentence,1,10.663741
12.161386,11.727716,Sentence,3,9.480097
12.646752,13.72232,Sentence,0,8.542069
12.03343,16.203812,Sentence,0,9.664726
11.683691,16.204432,Sentence,2,11.0092
12.838418,15.87047,Sentence,0,8.83883
14.3898,14.380434,Sentence,1,10.585572
12.50148,16.299818,Sentence,2,10.511091
14.220949,16.703772,Sentence,2,9.479072
12.113819,15.517106,Sentence,2,10.32754
12.901058,14.367787,Sentence,0,8.642838
12.335193,16.55822,Sentence,2,9.262657
15.425466,11.940364,Sentence,1,11.057419
12.204001,15.38704,Sentence,0,9.20741
13.042604,16.676197,Sentence,2,8.944641
12.501899,17.151972,Sentence,1,11.126002
13.883982,15.456036,Sentence,2,10.45024
13.344579,13.6306925,Sentence,1,8.363841
13.88197,14.688085,Sentence,3,11.36049
11.821904,14.39458,Sentence,2,11.037041
15.147088,13.724067,Sentence,3,10.196539
13.460555,16.496748,Sentence,2,9.861826
12.213871,16.97707,Sentence,2,11.241336
14.624745,14.608711,Sentence,3,10.5706415
12.484171,14.925874,Sentence,0,8.574159
14.356937,14.19318,Sentence,3,9.511254
13.063452,13.303471,Sentence,1,8.944388
13.982008,14.890207,Sentence,2,10.536985
12.4267435,15.619167,Sentence,0,8.386871
12.917838,14.023884,Sentence,1,10.18348
14.715785,14.09724,Sentence,3,11.098477
12.61694,16.031218,Sentence,0,8.851315
15.049498,13.80963,Sentence,3,11.351699
12.253319,15.760711,Sentence,0,8.708223
13.294755,14.876748,Sentence,2,10.058093
13.303456,14.610128,Sentence,1,9.651217
13.119403,15.265588,Sentence,1,10.926483
13.414789,13.024992,Sentence,1,10.183628
13.729455,15.705671,Sentence,2,9.561063
13.72172,14.380912,Sentence,1,10.413302
12.739211,16.207426,Sentence,2,9.687978
13.746782,15.53592,Sentence,0,8.591251
12.510377,16.384892,Sentence,2,9.923106
14.315282,15.448194,Sentence,1,10.792102
12.58263,16.259571,Sentence,0,8.717661
11.924001,13.083004,Sentence,1,8.798875
12.925834,16.117645,Sentence,2,9.011324
11.880131,16.26924,Sentence,2,9.993686
12.992353,16.601532,Sentence,2,9.685919
14.690164,14.100687,Sentence,1,9.932202
10.993556,14.934932,Sentence,2,9.94845
14.1328945,15.556325,Sentence,1,9.016663
13.526064,16.126451,Sentence,1,11.333937
13.396174,12.854161,Sentence,1,9.417571
12.426876,16.318916,Sentence,2,9.25581
12.568782,15.552644,Sentence,0,8.942277
13.606077,15.696944,Sentence,1,9.512426
14.915551,13.87624,Sentence,3,11.198325
13.725759,16.11209,Sentence,2,9.598706
13.0634985,16.893196,Sentence,2,10.477629
13.70839,16.689877,Sentence,2,10.731292
14.548118,15.04476,Sentence,1,9.980625
12.240009,16.291471,Sentence,2,10.824588
12.778074,15.211309,Sentence,0,8.85451
14.064416,15.687473,Sentence,1,9.317529
12.456249,15.169044,Sentence,1,10.592251
14.429495,14.145438,Sentence,1,10.116595
14.676023,14.069041,Sentence,3,11.328614
14.360574,16.042458,Sentence,2,8.888181
12.15241,15.352221,Sentence,0,8.585849
12.206628,15.68197,Sentence,0,8.501902
13.52164,16.868671,Sentence,2,9.822837
11.9754,15.982717,Sentence,0,9.35684
11.865922,16.77879,Sentence,2,10.549174
12.289848,16.5334,Sentence,2,9.725806
13.915792,14.184303,Sentence,1,10.082278
12.597108,15.727232,Sentence,0,8.982407
12.101206,16.318008,Sentence,2,9.724554
14.318129,14.34498,Sentence,3,11.26562
13.229408,16.361616,Sentence,2,10.594128
13.24704,15.316984,Sentence,2,10.3872795
12.615641,15.056476,Sentence,2,10.89032
13.869006,13.30419,Sentence,3,10.91628
12.118006,16.553535,Sentence,2,11.325636
12.188566,16.569754,Sentence,2,9.516565
14.677618,22.162811,Sentence,1,14.591192
12.660141,16.56537,Sentence,2,9.643571
11.9129095,14.79407,Sentence,2,10.198101
11.498434,13.705121,Sentence,0,8.822426
14.709789,13.961323,Sentence,3,11.118656
9.645819,8.128758,Sentence,3,15.043812
12.6977825,13.626718,Sentence,1,8.688903
13.18531,16.67841,Sentence,2,10.791002
12.923372,14.660352,Sentence,0,8.311211
11.909154,15.176831,Sentence,0,9.087249
14.186088,13.857877,Sentence,1,10.6474905
12.023809,15.609445,Sentence,3,10.928768
12.625565,15.065937,Sentence,0,8.308848
12.079829,13.196857,Sentence,0,8.673033
14.264495,15.829496,Sentence,2,10.145526
11.66106,16.556246,Sentence,2,10.925324
14.720452,11.448153,Sentence,1,7.0022125
11.945528,12.354771,Sentence,1,8.872389
12.89049,15.208001,Sentence,3,11.108622
13.390269,16.598457,Sentence,2,9.195968
13.620856,16.731312,Sentence,2,10.57788
12.26099,16.595886,Sentence,2,11.101248
12.929581,14.068098,Sentence,0,8.859476
13.181403,16.67967,Sentence,2,9.109376
13.050376,15.249566,Sentence,3,10.591387
14.309889,14.03322,Sentence,3,10.951254
14.687607,13.9383955,Sentence,3,10.981873
12.1074915,14.624024,Sentence,0,9.861259
12.854362,14.576275,Sentence,1,11.046475
13.223995,15.629944,Sentence,2,10.807066
12.078719,16.177385,Sentence,2,10.67334
12.398842,15.8527,Sentence,2,10.368974
15.632723,13.651975,Sentence,3,10.14108
12.813133,14.846419,Sentence,0,8.406561
13.065329,15.925603,Sentence,0,8.5804
13.265171,14.317106,Sentence,1,9.3438425
12.639825,13.765865,Sentence,3,8.45355
14.233972,12.764933,Sentence,1,8.953559
11.948484,12.694935,Sentence,1,8.730102
12.960171,16.49352,Sentence,2,9.484243
12.221051,15.436183,Sentence,2,10.619225
14.665104,14.622729,Sentence,3,10.974144
11.91124,14.910945,Sentence,0,8.70922
13.641561,14.623973,Sentence,2,9.557018
13.983105,16.569454,Sentence,2,9.477509
13.820738,15.785556,Sentence,2,8.801254
12.559228,15.654378,Sentence,0,8.597776
12.3454075,15.952137,Sentence,0,8.5945425
12.282982,14.810191,Sentence,0,9.191669
12.455985,16.081854,Sentence,0,8.639244
13.007551,15.169901,Sentence,2,9.448841
14.724441,14.220249,Sentence,3,10.7227745
12.044455,16.70423,Sentence,2,10.676302
14.028294,15.587326,Sentence,2,10.382646
12.5588,14.94404,Sentence,0,8.530149
11.938184,14.983407,Sentence,0,8.070601
13.958925,16.835394,Sentence,3,10.303383
12.506386,16.092804,Sentence,2,10.106642
13.851814,12.614435,Sentence,1,7.980831
15.1369505,13.632118,Sentence,3,10.3974495
12.930098,13.903658,Sentence,0,9.526191
12.297029,16.803967,Sentence,2,9.336886
12.29404,16.477388,Sentence,2,10.799207
13.475372,16.053732,Sentence,3,11.404661
14.392069,15.560127,Sentence,2,10.588361
11.790879,13.250422,Sentence,0,8.711194
13.858452,15.758013,Sentence,0,9.028898
13.228763,16.897854,Sentence,2,9.278948
13.108866,15.218836,Sentence,0,9.268058
13.135502,16.400894,Sentence,2,11.083988
12.143678,15.142659,Sentence,1,10.989496
12.871559,14.181626,Sentence,0,9.165698
11.739993,15.463603,Sentence,0,9.306863
12.373092,17.15968,Sentence,2,11.258483
13.9924755,15.788647,Sentence,2,10.592833
12.398916,15.549902,Sentence,3,11.135546
12.155314,14.631323,Sentence,0,8.437648
13.794387,16.738216,Sentence,2,9.526296
14.282805,13.751785,Sentence,1,11.3773155
14.447676,13.690602,Sentence,1,10.369523
13.124706,15.511948,Sentence,2,9.815074
15.322331,13.887795,Sentence,3,9.946274
12.251401,16.214115,Sentence,2,11.216933
11.952072,12.284289,Sentence,1,9.346404
12.493172,17.044937,Sentence,2,11.099617
13.014654,16.410233,Sentence,2,9.005732
12.364564,15.29682,Sentence,0,8.944841
12.256011,15.296444,Sentence,0,8.989069
13.428442,15.926561,Sentence,1,10.98204
12.729989,16.565792,Sentence,2,9.9944515
12.122034,16.17736,Sentence,0,8.938307
12.057813,16.376919,Sentence,2,10.142306
11.973888,16.304895,Sentence,0,9.522358
12.821821,16.596012,Sentence,2,9.503419
12.957924,15.422132,Sentence,0,8.682114
12.709785,9.814861,Sentence,1,1.5813768
12.766542,15.488322,Sentence,0,9.855084
14.677603,22.162306,Sentence,1,14.590809
13.147354,16.37986,Sentence,2,9.116632
15.11943,13.79349,Sentence,3,9.958565
13.538259,16.089527,Sentence,2,10.572713
13.801848,16.647734,Sentence,2,9.69401
13.385552,15.241644,Sentence,2,9.3832655
11.408815,12.969144,Sentence,1,8.765375
13.661528,15.535868,Sentence,2,10.224275
11.846243,16.341671,Sentence,0,9.896176
10.999163,12.261147,Sentence,1,9.015228
12.951498,14.063898,Sentence,0,8.896908
14.36315,15.501563,Sentence,1,9.405149
12.536838,15.490286,Sentence,0,8.576636
12.471443,14.97681,Sentence,1,10.224902
12.511684,14.806054,Sentence,0,8.328351
12.216287,15.3102455,Sentence,0,8.471796
12.851471,16.439522,Sentence,2,10.4815855
14.476853,15.406125,Sentence,3,10.350654
12.671255,14.457835,Sentence,0,8.989617
13.724013,15.762814,Sentence,2,9.42755
13.8754425,13.394112,Sentence,3,12.486064
12.425867,15.798919,Sentence,0,9.621673
13.28585,14.068414,Sentence,3,10.883124
11.375653,12.987821,Sentence,1,8.727314
12.08619,15.859881,Sentence,2,10.334741
12.874516,16.898796,Sentence,2,11.076971
13.999945,15.0072975,Sentence,2,10.429177
13.041906,14.815058,Sentence,1,12.877158
13.85683,13.90519,Sentence,1,9.558855
14.054148,16.69338,Sentence,2,9.470453
14.573049,14.7669115,Sentence,3,11.353685
12.627191,16.996706,Sentence,2,10.400827
13.136598,13.675259,Sentence,1,9.811256
14.019977,13.942613,Sentence,1,9.341284
13.071774,16.59851,Sentence,2,9.159447
12.472887,15.323585,Sentence,0,10.464391
13.997756,15.518599,Sentence,1,9.224942
11.577425,14.78171,Sentence,3,10.815963
12.552477,16.485203,Sentence,2,9.157684
13.097288,13.937514,Sentence,3,11.302487
11.769099,-0.96807283,Sentence,3,11.300035
13.632594,15.93123,Sentence,3,11.46826
13.066432,14.7763815,Sentence,0,9.872789
11.071575,14.793064,Sentence,0,9.925288
12.006526,16.723454,Sentence,3,11.575172
14.618548,14.413741,Sentence,3,10.954943
13.87369,15.019938,Sentence,2,10.300213
12.503306,16.134499,Sentence,0,8.601219
13.488181,16.151558,Sentence,2,9.400721
13.5027685,15.8290205,Sentence,0,8.849096
12.690623,9.068678,Sentence,3,13.926356
11.971701,15.690341,Sentence,0,8.615117
13.9212475,15.133956,Sentence,1,9.968925
11.965853,15.527702,Sentence,0,8.725137
11.763698,-0.96329,Sentence,3,11.302453
12.848267,16.712055,Sentence,2,9.116071
12.303377,16.460243,Sentence,0,9.062191
12.282468,15.957821,Sentence,2,11.672534
13.241582,16.511484,Sentence,2,9.582534
13.4283285,12.833578,Sentence,1,10.262642
12.805567,13.060445,Sentence,1,9.284717
13.071405,15.093885,Sentence,0,8.738049
13.810278,16.69576,Sentence,2,10.078648
12.972951,12.853656,Sentence,1,8.926814
12.040999,15.657772,Sentence,0,9.041036
12.404222,15.5505495,Sentence,0,8.494175
12.486009,15.196852,Sentence,3,11.344991
14.093695,14.704295,Sentence,0,8.815638
12.983443,15.582622,Sentence,0,9.512472
13.17384,16.910378,Sentence,2,9.529011
11.865081,15.367036,Sentence,1,10.310432
12.680999,13.856733,Sentence,1,8.846339
12.092897,16.033012,Sentence,0,8.980758
12.212506,16.62447,Sentence,0,9.204011
13.970365,16.660847,Sentence,2,9.514886
12.38158,16.672348,Sentence,2,11.112104
14.25311,12.127277,Sentence,1,8.291942
13.669344,15.582619,Sentence,1,9.387883
13.850453,13.380262,Sentence,1,8.364058
9.643138,8.125972,Sentence,3,15.046635
13.247974,16.708906,Sentence,2,9.062945
11.941123,13.055269,Sentence,0,8.591865
12.594656,16.548073,Sentence,2,10.200334
13.4396105,15.124402,Sentence,2,10.94954
11.534367,17.08262,Sentence,0,11.044457
13.250761,16.054014,Sentence,2,9.8363905
11.897336,16.033632,Sentence,0,9.528692
11.614853,17.083117,Sentence,2,11.069665
13.033621,16.994295,Sentence,2,10.420276
12.928217,16.04889,Sentence,2,10.957039
11.466729,16.696112,Sentence,2,11.581249
12.361522,16.273973,Sentence,0,9.259014
14.458081,13.511108,Sentence,1,10.347911
11.589658,16.478455,Sentence,0,10.818671
12.017383,14.190836,Sentence,2,11.045267
13.45775,16.192665,Sentence,2,9.18249
11.522323,13.434329,Sentence,0,8.722656
12.540334,13.384409,Sentence,1,8.510062
13.874861,14.64797,Sentence,2,10.512514
11.964547,15.507732,Sentence,0,9.816498
11.969061,15.860502,Sentence,0,9.511977
13.926038,15.224163,Sentence,0,8.429942
15.108141,14.014649,Sentence,3,10.16567
12.306672,15.028877,Sentence,2,10.749411
11.773871,13.389001,Sentence,0,8.883082
11.931817,12.000952,Sentence,1,9.125803
12.325703,15.951619,Sentence,2,10.528691
11.52669,13.178098,Sentence,1,9.483062
12.950275,15.742375,Sentence,2,10.450331
13.052724,16.481316,Sentence,2,8.728183
12.515694,16.74623,Sentence,2,9.921056
13.697569,15.251258,Sentence,2,9.5053835
12.86911,16.746254,Sentence,2,10.021299
12.264508,16.540392,Sentence,2,11.0138235
11.413118,15.167869,Sentence,2,10.44725
12.1116705,15.894438,Sentence,0,8.706374
11.778385,16.474009,Sentence,2,10.604055
13.597286,14.73213,Sentence,0,9.002158
14.323435,14.896294,Sentence,1,8.933869
15.159408,13.7745,Sentence,3,10.238651
12.3814,16.486032,Sentence,2,9.125313
13.506775,14.354877,Sentence,2,10.9241495
12.486965,16.445053,Sentence,2,8.931294
13.84639,15.787573,Sentence,2,9.433024
13.25582,15.711114,Sentence,0,8.903782
12.622278,14.55952,Sentence,0,8.2437315
12.807214,16.121803,Sentence,2,10.555042
13.903681,13.240775,Sentence,3,12.640939
11.958261,16.542736,Sentence,2,11.055381
12.965741,14.587476,Sentence,0,9.538836
14.4993,15.491875,Sentence,1,10.744912
12.921903,15.824654,Sentence,0,9.318937
12.794363,14.758707,Sentence,0,8.342092
11.853629,13.283447,Sentence,1,8.694141
13.477311,15.127195,Sentence,1,9.7956295
13.6222925,15.831282,Sentence,2,10.334302
13.540361,15.004806,Sentence,2,11.062594
13.288092,16.054358,Sentence,2,10.213278
11.924616,13.325426,Sentence,0,9.381615
12.186652,14.913212,Sentence,0,8.316904
12.832078,16.470558,Sentence,2,9.50379
12.888538,16.058569,Sentence,2,9.078103
14.820223,13.9057865,Sentence,3,11.110169
14.403601,15.532759,Sentence,3,10.479288
12.8594,17.279736,Sentence,2,10.911263
12.852346,15.927405,Sentence,0,8.329001
14.047682,15.311819,Sentence,1,9.815099
12.51414,15.643436,Sentence,2,12.042733
12.269943,14.507286,Sentence,2,10.738191
12.820622,16.790743,Sentence,2,9.283094
15.346709,11.3697815,Sentence,1,7.890671
12.56579,16.441017,Sentence,2,9.05978
15.068056,13.776507,Sentence,3,11.286453
12.600132,16.637829,Sentence,2,9.523314
14.387655,14.055427,Sentence,3,11.2486925
11.757383,13.796235,Sentence,0,8.83873
12.572172,15.9783535,Sentence,2,9.898135
14.801273,13.845295,Sentence,3,9.934393
13.822461,13.676417,Sentence,1,10.574992
11.939311,15.642249,Sentence,2,9.744758
12.905086,16.959484,Sentence,2,9.726909
12.317928,16.449608,Sentence,2,10.136748
12.7162695,16.347313,Sentence,0,8.635577
12.690245,13.460417,Sentence,3,10.672802
11.824,13.426107,Sentence,0,8.678079
12.127254,16.25701,Sentence,2,10.26761
11.602206,17.067875,Sentence,1,11.386883
15.454934,13.519978,Sentence,3,9.950489
13.28792,16.197407,Sentence,2,9.08133
13.668547,14.536099,Sentence,0,8.765574
13.578773,15.69567,Sentence,2,9.767964
14.900712,14.0133505,Sentence,3,11.098208
13.696193,15.4295,Sentence,2,9.820273
13.782127,14.326655,Sentence,1,10.168173
14.609193,14.130008,Sentence,3,11.184585
13.293277,16.628366,Sentence,2,9.078275
12.086082,16.022818,Sentence,0,8.757715
12.667091,16.515554,Sentence,2,10.944299
11.78875,16.681429,Sentence,2,11.065508
14.073594,14.930485,Sentence,3,10.261361
15.613484,13.640104,Sentence,3,10.100258
11.763619,-0.96431106,Sentence,3,11.302642
14.059355,14.146137,Sentence,3,11.566797
15.198699,14.146124,Sentence,1,9.89718
12.464284,15.87264,Sentence,0,8.784555
12.508057,15.928622,Sentence,2,11.891454
13.270289,16.743914,Sentence,2,9.461503
13.172373,13.114244,Sentence,1,8.531148
11.56857,12.31726,Sentence,1,8.924976
12.112645,16.022757,Sentence,0,9.360544
14.599531,15.998009,Sentence,1,8.627861
13.787999,14.381395,Sentence,3,10.89258
12.538619,15.046251,Sentence,0,8.593744
13.111328,17.01309,Sentence,2,9.633624
14.244991,13.432898,Sentence,1,10.807771
14.105649,14.748401,Sentence,1,10.193019
14.101703,16.053036,Sentence,2,9.522907
13.89831,15.263748,Sentence,1,10.277879
13.002693,16.74596,Sentence,1,10.415166
11.499997,15.740409,Sentence,2,10.659799
12.538334,16.234827,Sentence,0,8.875843
13.694337,14.991995,Sentence,2,10.636542
12.421635,16.030252,Sentence,2,11.665922
13.232929,14.049823,Sentence,1,11.011562
15.313878,13.693923,Sentence,3,10.049399
14.423126,14.502474,Sentence,1,9.492454
11.565975,13.943424,Sentence,0,9.197671
15.041268,13.834691,Sentence,3,11.305325
14.47851,13.957322,Sentence,0,8.682921
12.167755,15.190651,Sentence,0,8.533988
14.818251,14.326018,Sentence,1,10.208633
12.304812,14.981604,Sentence,0,11.117881
12.601577,16.178389,Sentence,1,11.437548
14.516953,13.927497,Sentence,3,11.245687
11.611038,16.00995,Sentence,0,9.866048
14.598334,14.3785715,Sentence,3,9.656738
12.099028,14.113066,Sentence,0,8.802098
13.580577,15.794638,Sentence,2,10.292786
13.174415,15.402451,Sentence,0,8.429263
13.136596,16.461712,Sentence,2,11.2149
12.24274,16.747065,Sentence,1,11.307094
12.87832,15.657995,Sentence,0,8.5589485
14.595035,14.587439,Sentence,1,10.042371
12.001143,15.638528,Sentence,0,9.582324
12.260071,15.735124,Sentence,0,8.933852
13.879993,14.635618,Sentence,1,10.285323
12.930704,16.887163,Sentence,2,9.569883
12.177147,15.577896,Sentence,0,8.515448
11.667937,13.178724,Sentence,1,8.706754
12.712515,9.818961,Sentence,1,1.5942407
11.594869,13.287637,Sentence,0,8.66787
12.35539,12.950639,Sentence,1,8.627675
13.004928,14.049175,Sentence,0,8.815592
12.686183,15.460504,Sentence,0,8.663411
13.236719,16.865175,Sentence,2,10.563407
13.521925,15.1063175,Sentence,2,10.28084
12.854095,16.91158,Sentence,2,9.840974
13.634581,16.228186,Sentence,2,9.825012
12.159796,16.61122,Sentence,2,10.537838
12.088637,14.111331,Sentence,2,11.108065
12.868073,17.241285,Sentence,2,10.745778
13.243931,16.515587,Sentence,2,8.868886
13.009927,16.801622,Sentence,2,9.40559
13.475424,16.730164,Sentence,2,9.469454
13.132707,16.754332,Sentence,2,9.428527
12.408836,14.384311,Sentence,3,10.671165
13.374341,13.101312,Sentence,3,11.302404
13.4717,15.072475,Sentence,1,9.990783
13.630556,15.284837,Sentence,0,9.226574
14.079736,16.77602,Sentence,2,9.535902
15.5742035,13.316977,Sentence,3,10.098631
12.578496,15.827181,Sentence,2,9.973508
14.032567,15.991403,Sentence,2,10.010059
12.296192,15.119378,Sentence,0,8.671966
12.486782,15.051445,Sentence,2,9.91018
12.325687,15.516074,Sentence,0,8.75078
13.440392,12.899267,Sentence,1,10.210726
12.303983,14.781271,Sentence,0,9.580155
12.823207,15.739486,Sentence,0,9.429232
13.135726,16.208164,Sentence,2,9.077622
12.227685,11.873973,Sentence,3,9.57986
16.918125,10.460188,Sentence,1,15.673816
12.441931,15.207679,Sentence,0,8.397045
12.7083235,16.669073,Sentence,2,9.258188
14.486696,15.697907,Sentence,1,8.926069
12.203617,16.104479,Sentence,3,11.921684
13.8611555,13.340268,Sentence,1,9.698699
12.980408,15.993453,Sentence,2,10.020637
11.96805,16.594702,Sentence,2,10.023301
12.399458,13.73687,Sentence,1,9.004249
12.147949,16.010868,Sentence,2,11.502896
11.6015005,12.451183,Sentence,0,8.980219
13.747505,15.6093445,Sentence,2,9.707689
13.317974,15.399243,Sentence,2,10.834021
12.3768015,16.162636,Sentence,2,8.948708
11.478728,16.143343,Sentence,0,10.04566
14.062053,14.650503,Sentence,1,10.8724785
13.412814,16.821085,Sentence,2,9.786891
13.697139,14.262773,Sentence,3,10.766406
11.912853,17.158672,Sentence,1,10.767687
11.879719,16.068981,Sentence,0,9.711743
12.197835,15.927562,Sentence,0,9.250557
15.046518,13.979374,Sentence,3,10.967405
12.033253,15.492526,Sentence,1,10.213074
14.370071,15.2999525,Sentence,2,10.483143
12.56347,16.149752,Sentence,2,8.599852
13.330107,16.870413,Sentence,2,9.757565
12.102777,16.452501,Sentence,0,10.195105
13.970421,12.836233,Sentence,1,7.471242
12.228924,16.366148,Sentence,0,9.736316
12.904139,15.004325,Sentence,0,8.557834
12.232927,15.400691,Sentence,0,8.580019
13.922999,13.611543,Sentence,1,8.812934
14.802672,13.702468,Sentence,3,10.771657
12.216717,16.848774,Sentence,2,11.490266
13.547439,13.040529,Sentence,1,7.4371834
13.465794,16.124733,Sentence,1,10.06303
12.28252,15.308746,Sentence,0,9.820455
12.613192,16.783504,Sentence,2,9.715493
12.894013,15.289539,Sentence,2,10.53803
13.454443,15.255174,Sentence,3,10.168578
13.409425,15.897606,Sentence,0,8.726572
13.331429,14.409104,Sentence,2,10.78609
12.123689,15.758611,Sentence,0,8.930044
14.600402,13.639835,Sentence,3,10.729148
11.713535,13.159066,Sentence,1,8.73241
13.719396,15.966548,Sentence,0,8.921878
12.997673,16.452972,Sentence,2,9.226842
13.483943,13.701257,Sentence,1,9.646344
13.692533,11.692505,Sentence,1,9.030594
12.511,14.535208,Sentence,1,10.844402
14.149584,13.969695,Sentence,3,9.739137
11.782737,16.454044,Sentence,2,10.877293
11.989247,13.723374,Sentence,1,8.93413
12.156851,15.620151,Sentence,0,8.593612
14.787057,13.415806,Sentence,3,11.636421
14.771089,14.675918,Sentence,3,10.478545
14.133262,16.627087,Sentence,2,9.470203
12.388648,17.020021,Sentence,3,11.464695
12.371039,16.352392,Sentence,2,9.575758
13.219544,13.998769,Sentence,0,9.568262
13.965021,12.616642,Sentence,1,8.507768
12.13438,16.505655,Sentence,3,12.802512
13.591467,16.876295,Sentence,2,10.421182
11.7201805,12.847456,Sentence,1,9.435246
12.313439,14.641866,Sentence,1,10.087834
13.871181,13.504776,Sentence,1,8.927424
14.073572,14.024209,Sentence,3,11.461872
11.76364,-0.9640525,Sentence,3,11.302697
11.7391205,15.577446,Sentence,0,9.446405
13.750214,16.310669,Sentence,2,9.369848
11.953633,16.963158,Sentence,2,11.324337
14.581628,14.674874,Sentence,1,10.187803
14.67767,22.163292,Sentence,1,14.591488
12.72058,16.507027,Sentence,2,8.954032
14.422936,15.838791,Sentence,1,8.936768
14.37243,15.72244,Sentence,2,10.1942425
11.633866,13.758578,Sentence,0,8.633416
15.633767,13.546276,Sentence,3,10.102833
12.745091,16.579742,Sentence,2,10.609839
14.467767,15.038589,Sentence,2,9.904711
13.582231,17.038204,Sentence,2,10.329382
12.26411,16.72698,Sentence,0,9.878267
14.255002,15.3924,Sentence,1,9.491998
12.57234,16.239231,Sentence,0,8.786946
13.759004,13.829458,Sentence,1,9.214138
15.033324,13.812681,Sentence,3,11.354434
12.803128,15.695392,Sentence,0,8.431488
14.445982,14.194495,Sentence,1,10.646969
13.280923,16.293352,Sentence,2,9.229476
13.163408,15.303244,Sentence,2,10.067659
14.434111,14.863309,Sentence,1,10.074896
12.5225935,15.622788,Sentence,3,11.527667
13.914526,15.952651,Sentence,2,8.915346
12.36771,16.018475,Sentence,0,9.325622
13.7939,13.487318,Sentence,3,9.947524
13.947796,14.087368,Sentence,2,10.975704
12.157044,15.626427,Sentence,0,8.582298
12.396564,15.788004,Sentence,0,8.771976
11.097603,15.071749,Sentence,0,9.928091
13.47859,16.586023,Sentence,2,9.263061
12.969416,14.710037,Sentence,0,8.312434
12.988917,15.39006,Sentence,0,8.413675
12.787505,15.462349,Sentence,0,8.462641
12.163821,16.306723,Sentence,0,9.160142
13.124609,16.071604,Sentence,0,8.978143
12.710461,15.4888,Sentence,1,12.25425
13.586822,16.151903,Sentence,1,11.3875265
12.417842,14.096195,Sentence,0,10.418167
15.345682,11.371553,Sentence,1,7.891717
12.752821,15.242268,Sentence,0,8.399763
14.237441,12.598036,Sentence,1,8.43207
12.912568,16.896673,Sentence,2,9.340783
14.2629795,16.114033,Sentence,2,9.195158
12.83601,16.874043,Sentence,2,10.043727
14.2412815,15.688223,Sentence,0,10.635958
13.371744,15.4701605,Sentence,0,8.697266
14.931502,13.797051,Sentence,1,10.025012
13.151981,13.366018,Sentence,1,8.831656
11.0808325,12.434231,Sentence,1,8.924034
15.248597,14.338512,Sentence,2,9.65601
12.558646,16.434252,Sentence,2,10.992732
13.423953,16.045395,Sentence,2,9.433162
12.772409,14.794483,Sentence,0,8.638174
12.161678,15.180189,Sentence,1,10.890063
14.589683,14.456652,Sentence,1,9.188479
12.062311,12.601533,Sentence,1,8.602849
13.423127,16.710743,Sentence,2,9.915132
15.428639,11.936165,Sentence,1,11.059439
12.835445,16.917194,Sentence,2,9.369709
14.127121,12.7839155,Sentence,1,10.256803
12.036041,16.222574,Sentence,2,10.588575
14.498791,14.354172,Sentence,2,11.106714
13.824729,14.267936,Sentence,1,10.27905
13.362746,14.681161,Sentence,0,9.552986
13.093055,14.966965,Sentence,0,8.843607
12.40401,15.99705,Sentence,2,10.694281
12.800484,14.866319,Sentence,0,8.641532
12.074475,11.678104,Sentence,3,9.376736
12.408976,15.856814,Sentence,2,9.506347
14.063888,14.086186,Sentence,3,11.555485
11.822098,14.887038,Sentence,0,10.710068
13.022879,13.001822,Sentence,3,8.94172
14.820635,14.1799345,Sentence,1,9.365614
13.908783,15.744779,Sentence,2,10.788178
12.287667,16.334791,Sentence,2,11.1555605
11.238477,11.771996,Sentence,1,8.95172
12.242573,15.234484,Sentence,1,10.711946
13.31329,15.312593,Sentence,0,8.986253
15.344599,11.36899,Sentence,1,7.888494
13.405455,16.721554,Sentence,2,9.760586
13.488481,16.71499,Sentence,2,9.313885
13.575804,16.789345,Sentence,2,9.3631315
13.336341,11.458848,Sentence,1,10.801478
12.30933,17.143225,Sentence,2,11.186995
12.136005,14.226962,Sentence,0,8.347702
12.716141,16.478006,Sentence,2,11.094492
12.116559,15.604929,Sentence,0,8.46952
13.157474,16.447887,Sentence,0,9.256995
12.767175,15.421308,Sentence,0,8.948971
12.158296,15.435868,Sentence,2,10.630969
12.268243,15.840606,Sentence,0,9.42816
15.293538,14.058504,Sentence,3,9.904232
13.533176,13.774202,Sentence,3,10.604442
13.139627,16.40193,Sentence,0,8.7567425
13.812733,13.826601,Sentence,1,9.898299
12.1126995,15.911026,Sentence,0,8.678961
14.338493,13.502833,Sentence,3,10.263603
12.094852,15.846289,Sentence,2,9.633837
12.870305,14.4515705,Sentence,0,8.717291
12.097214,16.63549,Sentence,2,9.538796
14.561216,14.980208,Sentence,2,10.105284
11.975811,14.744202,Sentence,0,8.306375
13.233052,16.866837,Sentence,2,10.234334
13.935287,14.589998,Sentence,1,9.606733
13.519898,15.164497,Sentence,1,10.569467
12.76968,16.688694,Sentence,2,10.172479
11.461122,12.906498,Sentence,1,8.622177
12.704644,16.316017,Sentence,0,9.167289
11.841716,16.162828,Sentence,2,10.960505
13.737811,15.519472,Sentence,0,8.551471
13.849892,15.647515,Sentence,2,10.493318
12.306976,16.342752,Sentence,2,9.29274
13.7253065,16.029322,Sentence,2,9.202803
13.1044035,16.853315,Sentence,2,9.439374
12.620589,16.377956,Sentence,2,8.890899
12.88243,16.15498,Sentence,0,8.601872
12.080155,12.739472,Sentence,1,8.638742
12.847911,16.53945,Sentence,2,11.309478
10.850557,11.985834,Sentence,1,8.852037
14.722029,11.4454975,Sentence,1,7.005089
13.914935,12.377054,Sentence,1,8.672023
14.864547,13.884468,Sentence,3,10.265946
13.876173,16.643007,Sentence,2,9.271922
13.179741,16.730843,Sentence,2,10.12563
12.310539,13.358187,Sentence,1,8.8967085
12.333323,16.557886,Sentence,2,9.262834
13.566303,16.316633,Sentence,2,9.3856325
11.919569,14.180734,Sentence,0,8.484812
13.238824,14.756294,Sentence,1,12.192868
12.21756,16.67761,Sentence,2,10.340296
12.795599,15.047692,Sentence,0,8.8575115
12.423127,15.275348,Sentence,0,8.463597
14.717099,11.453817,Sentence,1,7.014341
14.948573,14.104074,Sentence,3,10.660747
12.918868,15.502615,Sentence,0,9.047182
12.080717,13.066368,Sentence,1,8.64092
13.893528,14.056397,Sentence,3,10.840963
11.8553295,14.191721,Sentence,0,8.685882
12.475645,15.912906,Sentence,0,8.589303
11.352693,12.462971,Sentence,2,9.193257
12.274401,16.088175,Sentence,0,8.848957
12.209768,16.171904,Sentence,0,9.364369
14.819966,13.990699,Sentence,3,10.891533
12.193122,15.786264,Sentence,0,8.803303
12.574842,15.077888,Sentence,3,11.238113
13.980417,13.541259,Sentence,1,8.957686
12.407094,15.347832,Sentence,0,8.239176
12.459736,16.195242,Sentence,0,9.238854
12.013569,16.877502,Sentence,2,11.218074
11.942371,16.558838,Sentence,3,10.527894
15.069118,13.752499,Sentence,3,10.234233
13.0290165,14.254533,Sentence,0,9.694692
12.027266,14.672455,Sentence,0,8.3786125
12.74227,15.192417,Sentence,0,9.572425
13.365689,16.82269,Sentence,2,9.532678
14.272615,13.835997,Sentence,3,11.86948
14.201334,15.737812,Sentence,2,9.306679
13.482393,15.980448,Sentence,0,9.086893
11.831268,15.289544,Sentence,1,10.905867
14.439558,14.090376,Sentence,3,10.897137
12.670284,14.285164,Sentence,0,9.010344
12.751864,17.174574,Sentence,2,10.957458
13.266346,14.554947,Sentence,1,9.497338
14.095745,16.580956,Sentence,2,9.548202
12.895222,16.642715,Sentence,2,9.633404
13.626516,15.779456,Sentence,2,9.284691
13.755605,12.786235,Sentence,1,8.287745
13.972065,14.283567,Sentence,1,10.635502
12.096581,14.677517,Sentence,0,9.720081
11.748542,-0.9463295,Sentence,3,11.318274
11.726923,16.079325,Sentence,2,10.765129
12.945039,14.647516,Sentence,0,8.270157
12.530405,15.809034,Sentence,0,8.953497
14.104994,14.009334,Sentence,1,9.835521
15.124462,13.603156,Sentence,3,9.741974
12.974153,16.177782,Sentence,2,8.931778
13.119124,15.148186,Sentence,0,9.330324
11.930369,16.467442,Sentence,2,10.639962
13.098251,14.180654,Sentence,1,10.257057
11.931924,13.253346,Sentence,1,8.9720745
15.523432,13.451591,Sentence,3,10.066045
12.647618,16.797636,Sentence,2,10.818537
11.839879,13.543316,Sentence,0,9.000216
11.657256,16.826302,Sentence,2,10.652024
13.136946,16.857174,Sentence,2,10.133561
12.071271,14.627647,Sentence,0,8.71408
14.589833,15.137786,Sentence,3,10.819441
14.824551,14.435426,Sentence,3,10.966308
11.53546,13.004425,Sentence,1,9.121627
14.108778,15.457321,Sentence,1,11.25075
11.772084,13.5484915,Sentence,0,8.639797
14.564671,14.697807,Sentence,3,10.658995
14.138318,16.137056,Sentence,0,9.175174
13.532466,16.04782,Sentence,2,9.309872
14.308609,14.196493,Sentence,2,11.120446
12.065965,12.697687,Sentence,1,8.513253
12.129846,15.681823,Sentence,0,9.05391
13.665052,15.577173,Sentence,1,10.07406
11.639769,16.688694,Sentence,2,10.947741
13.004304,16.545916,Sentence,2,9.711876
11.962378,15.989963,Sentence,2,10.713622
12.4182205,14.733446,Sentence,1,9.938646
14.5707245,15.974755,Sentence,1,8.660344
14.289953,14.693142,Sentence,2,11.035794
13.546241,16.02798,Sentence,2,11.286261
11.606464,16.360003,Sentence,0,10.013846
13.038522,14.822703,Sentence,1,12.894043
13.614182,16.181568,Sentence,2,11.135558
11.762541,-0.9641127,Sentence,3,11.303552
14.635097,14.036223,Sentence,3,10.281912
14.255074,13.550502,Sentence,1,8.631115
12.139602,15.946547,Sentence,0,8.733296
13.342839,14.072153,Sentence,1,10.631797
13.894457,13.25134,Sentence,1,8.886155
13.46712,13.508209,Sentence,1,9.6550045
12.785401,15.151959,Sentence,0,8.380338
11.97396,16.075981,Sentence,0,9.17381
12.623112,16.765934,Sentence,2,9.337531
12.553594,15.410533,Sentence,0,8.430963
11.906351,15.186915,Sentence,0,8.640315
12.235343,16.848137,Sentence,2,10.165144
13.54251,15.455198,Sentence,0,8.900569
13.661607,16.570248,Sentence,2,9.435801
12.258698,16.039364,Sentence,0,8.596985
13.208266,13.384329,Sentence,1,9.537078
12.054049,14.676344,Sentence,0,8.62751
12.54605,16.397049,Sentence,2,11.035031
12.156557,12.095984,Sentence,1,9.041793
14.612027,14.085926,Sentence,3,11.3068285
12.211378,16.324774,Sentence,2,9.251162
15.306651,14.228624,Sentence,3,9.939331
13.558076,14.332393,Sentence,1,9.727778
12.459333,15.84817,Sentence,0,8.572853
14.016034,16.386307,Sentence,0,8.967339
12.199478,15.89068,Sentence,2,10.572343
15.369721,13.39715,Sentence,3,9.82334
14.579105,15.419119,Sentence,1,10.711071
14.573215,14.780942,Sentence,1,10.041471
14.717564,11.452235,Sentence,1,7.0115175
13.357828,16.795053,Sentence,2,9.256076
13.737486,16.858768,Sentence,2,9.914489
11.821335,16.295296,Sentence,0,9.888223
12.308329,15.892386,Sentence,0,8.528729
13.787875,16.68387,Sentence,2,9.344185
11.5442095,16.104319,Sentence,0,9.808371
12.015932,16.02916,Sentence,0,8.809708
15.029107,13.991448,Sentence,1,10.091662
15.430179,13.660841,Sentence,3,9.880743
13.565267,16.121075,Sentence,2,11.39598
11.350365,16.783913,Sentence,1,11.369214
12.514179,14.26867,Sentence,1,10.966947
13.011726,13.993609,Sentence,3,10.497649
12.996589,16.139305,Sentence,2,10.459963
13.150955,16.536158,Sentence,2,9.021557
11.553714,13.4399805,Sentence,0,8.534972
14.310946,14.932476,Sentence,0,8.89371
14.993343,14.1620865,Sentence,3,10.8726425
12.434881,17.259281,Sentence,2,10.974246
12.4207535,14.993406,Sentence,1,10.925408
13.7529545,15.72162,Sentence,2,10.127985
12.701939,16.681461,Sentence,2,9.307532
12.834205,15.722764,Sentence,0,9.6031475
14.481786,15.371005,Sentence,2,9.83144
14.944218,14.163197,Sentence,3,10.917086
12.25339,16.266392,Sentence,2,10.390536
13.988249,13.609246,Sentence,3,9.693386
13.461353,16.416945,Sentence,1,10.099161
11.99432,13.957014,Sentence,1,9.955854
12.110806,16.812576,Sentence,0,10.428937
11.836654,14.311251,Sentence,0,8.488669
12.638456,16.136616,Sentence,0,8.804624
12.259921,15.14375,Sentence,0,8.436751
14.730478,11.437839,Sentence,1,6.997177
12.6424465,16.00276,Sentence,2,10.532526
14.185051,14.431525,Sentence,3,9.614831
12.907229,15.955003,Sentence,2,10.300437
12.846949,17.314337,Sentence,2,10.972854
12.128859,15.267926,Sentence,0,8.734622
12.406099,15.79594,Sentence,0,9.413492
11.91086,16.697283,Sentence,2,10.378752
12.749562,16.81463,Sentence,2,9.160932
12.363621,15.625876,Sentence,0,8.627232
12.901373,17.080212,Sentence,2,10.64407
14.06111,14.198277,Sentence,1,8.643866
12.075107,14.08893,Sentence,0,8.898625
15.050131,14.180003,Sentence,1,9.698706
14.326981,16.481977,Sentence,3,9.656627
12.712543,9.819081,Sentence,1,1.5944562
12.426582,16.148275,Sentence,2,9.717473
13.57129,16.281078,Sentence,2,9.054584
13.325838,16.879284,Sentence,2,9.577426
12.901739,15.985886,Sentence,2,9.763973
13.728694,14.713506,Sentence,2,11.210344
11.752238,15.694818,Sentence,0,10.178077
13.652053,13.928797,Sentence,1,11.632508
12.7077055,15.506224,Sentence,3,12.341799
14.172372,14.007859,Sentence,3,9.532223
12.567759,15.287161,Sentence,0,8.501249
14.271297,15.912349,Sentence,2,9.2012005
14.702482,14.4914465,Sentence,1,10.515243
13.373512,16.664719,Sentence,2,10.29363
11.75825,13.260928,Sentence,0,8.740598
11.94267,15.946029,Sentence,2,9.78182
11.877397,14.33756,Sentence,0,8.694057
14.221228,16.654037,Sentence,2,9.333159
14.937384,13.993382,Sentence,1,9.498133
12.133928,16.739323,Sentence,2,10.120582
13.873711,15.742946,Sentence,1,9.029541
13.938664,14.407878,Sentence,1,9.75514
13.439429,16.207203,Sentence,2,9.485975
12.862559,14.140261,Sentence,1,9.408247
12.809187,14.418095,Sentence,3,10.3618555
11.846046,14.623577,Sentence,0,10.068556
13.383042,13.492984,Sentence,1,9.002393
13.3429785,13.397612,Sentence,1,9.65305
14.082775,14.172298,Sentence,2,11.167907
12.196653,16.828703,Sentence,2,10.027186
12.308698,14.019436,Sentence,0,10.459729
12.87604,15.695542,Sentence,2,10.854923
12.479222,15.722504,Sentence,0,8.777091
14.430695,15.657704,Sentence,2,10.280574
12.243163,15.42449,Sentence,2,10.214262
11.388513,12.307792,Sentence,1,9.351412
12.397918,15.173409,Sentence,0,8.388032
11.967441,15.1448145,Sentence,3,11.222693
12.349064,16.155878,Sentence,2,10.616907
13.108438,16.833494,Sentence,2,10.404625
12.840234,16.819218,Sentence,2,9.630101
12.020077,16.907686,Sentence,2,10.728696
13.646199,15.15737,Sentence,3,10.063577
11.797984,15.683499,Sentence,2,10.273314
13.656366,12.232559,Sentence,1,7.075853
12.25262,15.882329,Sentence,0,9.691934
13.652833,14.075981,Sentence,2,10.832843
12.79418,16.982101,Sentence,2,10.345318
12.176993,15.875166,Sentence,0,8.65693
12.427401,17.051935,Sentence,2,10.4603195
13.301496,16.958406,Sentence,2,9.67419
13.872635,14.417993,Sentence,1,11.398358
13.99361,16.156406,Sentence,2,10.255142
12.71057,14.913638,Sentence,0,8.837418
12.155546,16.134846,Sentence,0,9.031422
12.985704,16.849379,Sentence,2,9.681474
13.517595,15.472233,Sentence,0,9.295049
12.698901,16.081612,Sentence,2,8.599402
14.532817,16.207579,Sentence,3,9.825451
12.835498,16.564173,Sentence,2,9.273127
12.150863,17.004108,Sentence,1,11.025562
12.089038,16.337484,Sentence,0,9.542513
13.929385,14.429742,Sentence,1,10.366092
13.835537,12.253292,Sentence,1,8.357619
12.368261,15.802648,Sentence,0,8.7084055
15.346389,11.370331,Sentence,1,7.890217
11.880824,13.351988,Sentence,0,8.887714
12.208562,16.121922,Sentence,0,8.872832
11.479919,15.305063,Sentence,0,10.234864
13.890302,14.549244,Sentence,2,11.29099
14.1444,16.726183,Sentence,2,9.357887
13.739288,13.750565,Sentence,1,10.408678
14.822219,14.033458,Sentence,3,11.019012
12.047475,14.924357,Sentence,0,8.443785
13.157914,15.031675,Sentence,0,8.450614
13.377814,15.120567,Sentence,0,9.553667
12.40669,16.531946,Sentence,2,9.146626
12.009994,17.128004,Sentence,0,10.029572
13.71162,16.099895,Sentence,2,9.416867
12.934342,14.766243,Sentence,2,10.570379
11.998593,13.3323345,Sentence,0,8.689692
12.712069,9.817679,Sentence,1,1.5916152
14.49833,15.304011,Sentence,2,10.710015
13.272377,15.944895,Sentence,2,11.089821
13.299719,13.170601,Sentence,1,9.215643
11.491549,16.674473,Sentence,3,11.680483
12.501115,15.655158,Sentence,0,8.51708
13.908503,16.73376,Sentence,2,9.451229
13.611785,17.059975,Sentence,2,10.3854885
13.4051075,13.687874,Sentence,1,8.825635
11.713462,13.26185,Sentence,1,8.782971
12.306171,16.382998,Sentence,0,8.965902
13.051944,15.976635,Sentence,2,9.179525
12.292635,13.80383,Sentence,1,10.326536
14.09537,12.037628,Sentence,1,7.7394953
11.82295,13.8634,Sentence,1,10.037574
14.124389,14.873382,Sentence,1,9.824109
11.440511,13.573118,Sentence,0,8.523816
13.973684,14.616241,Sentence,2,10.784207
13.375125,16.252008,Sentence,2,8.9997425
11.44417,12.118763,Sentence,1,8.926767
13.780913,13.175836,Sentence,1,9.149087
12.412009,16.65088,Sentence,2,10.68061
12.646292,13.916577,Sentence,0,9.606201
13.93039,15.245163,Sentence,2,10.082884
12.156206,16.326511,Sentence,2,9.879929
12.954351,16.721508,Sentence,2,9.333422
11.736856,13.853562,Sentence,0,8.439311
16.918222,10.46009,Sentence,1,15.673968
11.955815,16.312641,Sentence,0,9.45869
13.21388,15.710147,Sentence,0,8.921027
13.095663,16.380955,Sentence,2,9.864257
12.545367,15.234709,Sentence,0,8.43196
12.847951,16.701159,Sentence,2,9.076182
13.262699,12.625104,Sentence,1,10.50624
13.631925,15.4490595,Sentence,1,9.294526
12.861672,15.046896,Sentence,2,11.068824
14.568658,14.554696,Sentence,1,9.712941
12.299599,15.210963,Sentence,1,9.715979
12.844217,16.245485,Sentence,2,11.039595
12.139415,14.917262,Sentence,0,9.102565
13.907954,16.269331,Sentence,2,9.186533
11.790826,13.899725,Sentence,1,10.042715
12.368255,15.031233,Sentence,0,8.272543
14.288932,12.72835,Sentence,1,8.6154
12.141934,12.312619,Sentence,1,8.768813
15.033432,13.875249,Sentence,3,10.280876
14.10578,16.673426,Sentence,1,10.030437
13.434753,15.848833,Sentence,2,8.99889
13.176725,14.978929,Sentence,2,10.43047
12.685414,15.988481,Sentence,0,8.670995
12.63221,16.806808,Sentence,2,9.447181
15.059703,13.839654,Sentence,3,11.336848
13.995227,15.512008,Sentence,1,9.086271
13.408714,16.639217,Sentence,2,10.005703
14.18528,14.379951,Sentence,3,10.305224
11.855124,15.531735,Sentence,0,8.971095
13.832767,15.253892,Sentence,0,8.411083
13.691154,15.552013,Sentence,2,10.952456
12.346272,15.226563,Sentence,0,8.384985
12.777228,16.643946,Sentence,2,10.624821
12.292018,15.105899,Sentence,0,8.203171
13.721022,16.694853,Sentence,2,9.863542
12.939592,14.167362,Sentence,0,8.951766
14.255776,14.885197,Sentence,1,9.544419
14.09568,13.669516,Sentence,3,9.389118
12.260097,15.92706,Sentence,0,9.390155
12.129505,16.316193,Sentence,2,9.835967
13.5976925,15.403651,Sentence,0,9.033747
13.091535,16.013916,Sentence,1,10.418795
12.805864,16.39321,Sentence,2,8.6978035
13.213415,16.479702,Sentence,2,9.664207
12.896102,16.636765,Sentence,2,8.866478
12.015556,16.875387,Sentence,2,10.69591
13.081222,16.741863,Sentence,2,10.038392
15.004772,13.795285,Sentence,3,11.220307
13.891101,14.744783,Sentence,0,8.648303
12.251306,14.711842,Sentence,1,10.81775
11.995374,16.646744,Sentence,3,11.728317
13.481418,16.606218,Sentence,2,9.554809
13.025912,14.592352,Sentence,0,8.481144
12.556689,16.281298,Sentence,0,8.814405
14.846683,13.884572,Sentence,3,10.734659
13.027388,15.835545,Sentence,1,8.616431
11.548123,16.594532,Sentence,3,11.727988
11.784576,16.28176,Sentence,0,9.386303
11.989458,15.838606,Sentence,2,9.718313
13.086285,16.032288,Sentence,2,9.099248
13.316203,15.827036,Sentence,2,11.179793
13.311491,15.330191,Sentence,2,9.224415
12.447983,14.368634,Sentence,0,8.554909
14.72161,11.446403,Sentence,1,7.004978
12.038084,16.615324,Sentence,2,10.922923
12.2342005,16.361235,Sentence,0,9.597483
11.509934,13.73528,Sentence,0,8.670397
13.1349,16.735699,Sentence,2,10.618836
13.051459,16.098223,Sentence,2,9.774229
11.745582,12.693102,Sentence,1,9.068403
14.325675,15.09618,Sentence,3,11.094677
13.955243,15.762928,Sentence,0,8.928043
13.578272,15.78158,Sentence,2,9.31918
12.292045,15.769626,Sentence,2,10.616203
13.494433,15.551038,Sentence,2,10.677145
11.714636,16.545797,Sentence,2,11.080192
11.601306,13.748427,Sentence,0,8.852007
11.718367,13.184526,Sentence,1,8.597807
13.590107,16.790934,Sentence,2,9.954976
12.751709,12.797692,Sentence,1,8.456646
15.105588,14.032283,Sentence,0,9.681716
12.703731,16.163294,Sentence,2,8.71874
13.871783,14.803436,Sentence,1,8.868173
14.196915,14.6032095,Sentence,2,9.886056
11.938619,16.584827,Sentence,2,10.512638
13.669765,16.096756,Sentence,2,9.107288
12.950524,14.735957,Sentence,1,8.267879
13.58126,16.424273,Sentence,2,9.466333
13.160287,15.862007,Sentence,2,9.253697
12.721192,16.270832,Sentence,0,8.8569565
13.985963,14.772064,Sentence,2,10.063603
14.077934,16.76043,Sentence,2,9.6639385
12.280434,16.365782,Sentence,2,8.970544
11.806953,12.789456,Sentence,1,8.867119
12.029322,15.639443,Sentence,3,10.467959
11.872412,15.331124,Sentence,0,8.999166
12.708317,15.118427,Sentence,0,9.064876
12.644839,15.644267,Sentence,0,9.036395
13.280409,16.535944,Sentence,2,10.41387
13.071234,13.557425,Sentence,1,8.778219
13.41544,16.001429,Sentence,2,9.309649
11.909039,16.603645,Sentence,2,11.464013
13.816262,15.6556015,Sentence,2,10.124391
12.863322,15.154334,Sentence,3,12.470577
14.106931,12.020494,Sentence,1,7.7460194
12.609327,16.227568,Sentence,0,8.686923
13.176654,14.509541,Sentence,0,8.430793
12.727964,17.316685,Sentence,2,11.001207
12.395824,16.498217,Sentence,2,9.348638
14.543551,14.887771,Sentence,1,11.239159
11.814512,13.427507,Sentence,0,8.7840605
11.550493,17.121471,Sentence,1,11.265262
12.156577,15.814846,Sentence,0,8.70351
15.305568,14.054649,Sentence,2,9.835342
14.111656,13.8174305,Sentence,3,11.317435
12.673405,15.078663,Sentence,1,8.334891
14.560506,13.679777,Sentence,3,11.692459
12.20861,15.777632,Sentence,0,8.651751
12.952423,16.398378,Sentence,2,8.93416
12.583665,15.899705,Sentence,2,9.598982
13.759515,16.280663,Sentence,2,9.241176
13.692377,15.898601,Sentence,2,9.2291
12.150064,14.506841,Sentence,0,8.820626
12.123444,14.065528,Sentence,1,10.355626
13.938966,13.629694,Sentence,3,11.638607
12.524145,17.114946,Sentence,2,10.709618
12.3863325,16.943836,Sentence,2,10.297865
12.648211,16.013037,Sentence,0,8.748694
14.528035,14.617881,Sentence,1,10.075145
12.930556,13.356194,Sentence,1,9.615129
12.2581835,16.572634,Sentence,2,10.384121
13.722099,16.657263,Sentence,2,9.307383
13.894966,14.3201,Sentence,1,11.020647
12.031944,16.92155,Sentence,2,10.785653
14.279798,16.659624,Sentence,2,9.403322
14.901252,13.873307,Sentence,3,11.151288
14.137637,14.587966,Sentence,2,10.639353
12.187984,14.674682,Sentence,3,10.218298
13.219142,15.015384,Sentence,1,10.122475
14.245327,15.720877,Sentence,2,10.589673
14.080279,15.840501,Sentence,2,10.551355
13.308304,16.479288,Sentence,2,8.876255
13.037554,14.817417,Sentence,1,12.883666
14.179957,13.852666,Sentence,1,9.916283
12.021722,14.889598,Sentence,0,8.553885
15.13545,13.5483675,Sentence,3,10.133778
12.106576,14.103372,Sentence,0,8.827224
13.876103,16.68338,Sentence,2,9.444375
11.824696,16.485058,Sentence,3,11.611549
12.969702,16.118895,Sentence,2,9.697723
12.581001,15.428492,Sentence,0,9.206933
12.593152,16.268991,Sentence,0,8.729043
14.335808,13.931729,Sentence,1,9.059862
12.460256,16.44737,Sentence,2,8.989651
13.316467,15.123741,Sentence,0,8.50604
13.911877,16.763897,Sentence,2,9.45428
12.918371,15.143703,Sentence,0,8.4660425
14.102575,16.284622,Sentence,2,10.052122
12.421991,16.217382,Sentence,0,8.958134
12.8726,14.40483,Sentence,1,9.3007145
13.718139,15.268334,Sentence,0,9.839479
14.042196,15.62056,Sentence,1,9.508951
13.30642,14.257103,Sentence,1,11.094972
13.701022,14.2449875,Sentence,1,10.05341
12.8820915,15.895894,Sentence,0,8.992462
11.645305,13.403594,Sentence,1,8.670286
13.035218,14.353524,Sentence,1,8.232185
12.0585375,13.786547,Sentence,0,9.043993
14.206102,15.934987,Sentence,0,8.662025
16.744766,10.228554,Sentence,1,9.1770315
13.269775,13.976073,Sentence,0,9.014163
13.420696,15.796025,Sentence,2,9.966097
12.374082,15.0419035,Sentence,2,10.148223
12.254529,15.377865,Sentence,0,8.390994
14.58631,15.526358,Sentence,1,10.860401
12.945819,16.542833,Sentence,2,9.607328
14.166275,14.379349,Sentence,2,10.317467
12.688151,16.13815,Sentence,0,8.485231
11.609418,13.67816,Sentence,0,8.5048895
14.154051,15.855218,Sentence,1,9.049501
12.445163,15.705834,Sentence,0,8.831889
12.242187,16.185972,Sentence,2,8.8688545
14.903234,13.799977,Sentence,3,10.298822
13.201307,16.999565,Sentence,2,9.651512
11.709214,13.159683,Sentence,1,9.307136
14.337743,12.996422,Sentence,1,9.615995
12.100159,16.388851,Sentence,2,10.055274
15.074372,13.562254,Sentence,3,10.246112
14.080779,16.69558,Sentence,3,10.141739
14.531428,14.673285,Sentence,3,10.166746
13.082402,16.348206,Sentence,0,9.013776
13.406974,13.777404,Sentence,0,9.143228
14.796719,14.134426,Sentence,3,11.161003
12.308566,16.006247,Sentence,2,9.670812
11.985244,12.20449,Sentence,1,9.523019
12.185472,16.07979,Sentence,0,9.215698
13.038209,15.239386,Sentence,0,8.710919
12.297091,16.92395,Sentence,2,9.949103
12.453016,14.165216,Sentence,1,10.824669
13.819292,15.491514,Sentence,1,9.840748
13.455767,14.338521,Sentence,1,10.031619
13.294678,15.720217,Sentence,1,9.872356
14.057589,14.349316,Sentence,1,9.347694
13.544403,16.78363,Sentence,2,9.8433075
14.218451,16.054438,Sentence,1,10.040906
14.194016,16.618189,Sentence,3,9.983739
11.843309,16.466457,Sentence,2,10.71696
12.690685,9.068611,Sentence,3,13.926394
11.943253,13.593736,Sentence,0,8.667659
14.980204,13.454347,Sentence,1,9.056497
13.217198,16.604254,Sentence,2,9.688109
12.380411,16.830923,Sentence,2,9.7128725
12.185712,13.896864,Sentence,0,9.806505
13.361848,15.801988,Sentence,2,9.314632
12.453498,16.045324,Sentence,0,8.973968
12.017127,15.841688,Sentence,0,8.896023
13.619167,16.454748,Sentence,2,9.600026
14.113915,14.882213,Sentence,3,11.00798
12.413474,16.110939,Sentence,0,9.138308
12.212594,16.199993,Sentence,2,9.399745
14.483786,13.810198,Sentence,3,11.261221
15.056299,14.250393,Sentence,3,10.797111
14.132195,13.7827015,Sentence,3,10.519693
11.80993,16.399889,Sentence,0,9.649446
13.524605,16.228312,Sentence,2,9.533892
12.388839,16.504057,Sentence,0,9.155022
13.032902,15.806192,Sentence,1,9.220816
12.312815,15.812649,Sentence,0,8.74115
15.37021,13.931351,Sentence,3,10.096318
12.800018,16.93029,Sentence,2,9.675767
13.028763,13.819233,Sentence,1,9.953423
13.148484,16.058697,Sentence,2,9.453814
13.798772,15.656191,Sentence,2,9.751328
12.76233,15.668671,Sentence,2,10.489496
13.72684,16.582443,Sentence,2,9.372827
13.965324,16.497726,Sentence,2,9.356787
15.11023,13.617435,Sentence,3,10.22745
12.222749,15.734704,Sentence,2,11.081845
11.933682,14.932118,Sentence,0,8.623545
13.088769,16.141262,Sentence,2,9.641188
15.015139,13.813781,Sentence,3,11.323817
14.647113,22.010794,Sentence,1,14.471328
13.467357,14.720856,Sentence,1,10.972169
12.329715,15.088232,Sentence,2,10.45029
13.500813,16.918085,Sentence,2,10.555447
12.01452,16.414267,Sentence,0,9.54014
11.677677,14.9883585,Sentence,1,10.365355
9.639894,8.122584,Sentence,3,15.04886
12.416526,14.97471,Sentence,2,10.561255
14.110248,16.609495,Sentence,2,9.4728775
12.032469,16.418806,Sentence,0,9.475042
15.396204,13.5333805,Sentence,3,9.9463
12.005542,16.738165,Sentence,1,10.892369
13.550796,15.682723,Sentence,2,9.617293
12.3201275,16.556286,Sentence,2,10.9673
12.421326,16.57733,Sentence,0,9.590874
12.736008,15.921873,Sentence,0,8.41259
12.028481,16.939468,Sentence,2,10.297276
13.726853,12.172479,Sentence,1,8.505667
13.571631,15.912834,Sentence,0,8.897272
13.848903,16.003103,Sentence,2,10.501656
13.370366,15.525993,Sentence,2,10.940494
15.130344,13.816644,Sentence,3,10.300122
13.357828,15.77462,Sentence,2,9.308318
13.679001,15.457463,Sentence,1,10.064308
14.141195,16.266611,Sentence,2,9.473373
12.612364,16.222546,Sentence,2,8.921132
12.766651,14.451025,Sentence,0,8.410539
12.408551,16.861378,Sentence,2,10.520624
13.520291,16.032692,Sentence,2,8.97845
12.712589,9.819288,Sentence,1,1.594861
14.577185,15.032451,Sentence,2,10.507806
12.923365,16.476885,Sentence,2,9.175255
13.987892,15.740756,Sentence,2,10.153448
12.635049,15.377272,Sentence,0,9.242852
15.04431,13.516491,Sentence,3,9.719797
12.524646,16.638376,Sentence,2,9.2264385
12.180422,16.447985,Sentence,2,10.525494
13.313977,16.908247,Sentence,2,9.41437
11.52203,16.857111,Sentence,2,11.315048
13.724448,16.569204,Sentence,2,9.504656
13.685075,15.873044,Sentence,0,8.840579
12.262249,15.31556,Sentence,1,11.118787
12.248891,12.641351,Sentence,3,11.027293
12.761451,16.710968,Sentence,2,8.922698
11.874561,14.933522,Sentence,0,8.048357
12.276766,16.466759,Sentence,2,8.894732
12.344662,16.083416,Sentence,0,8.843543
11.495586,16.99928,Sentence,2,11.092169
13.942542,15.778574,Sentence,2,8.942494
11.563136,13.991676,Sentence,0,9.237704
12.726223,16.751747,Sentence,2,8.968258
12.909142,16.789999,Sentence,2,9.084553
13.482528,16.933687,Sentence,2,9.658788
12.713523,15.426983,Sentence,3,12.220783
11.692238,15.714777,Sentence,2,10.629557
12.348345,16.506073,Sentence,2,11.140626
14.906916,13.993416,Sentence,3,11.064508
13.068885,16.765017,Sentence,2,9.297226
13.524715,15.190804,Sentence,0,9.066245
12.911013,16.96632,Sentence,2,11.187699
13.983632,16.06546,Sentence,2,9.994697
12.8843565,16.727047,Sentence,2,9.655205
11.604938,13.347597,Sentence,0,8.553157
12.067702,16.63288,Sentence,2,10.453292
12.235199,15.930337,Sentence,2,8.840494
14.835329,14.154997,Sentence,3,11.280379
11.979036,16.285408,Sentence,0,9.608981
13.217167,16.730999,Sentence,2,9.907475
14.486343,14.476084,Sentence,1,9.724975
12.767482,15.028557,Sentence,0,8.309383
13.286962,15.072608,Sentence,1,11.830975
12.044692,16.760904,Sentence,2,10.679718
12.829531,14.703607,Sentence,0,8.912455
12.591684,15.818139,Sentence,2,9.235872
14.981585,14.094281,Sentence,1,10.64491
12.225484,16.140928,Sentence,0,8.804994
12.448907,16.746336,Sentence,2,9.753194
13.903103,14.988518,Sentence,2,10.470083
12.977789,14.944493,Sentence,1,12.566065
13.007461,16.533579,Sentence,2,9.10416
13.330156,13.316273,Sentence,1,9.552105
14.405329,15.923486,Sentence,1,9.062298
12.096717,15.604802,Sentence,0,8.6021805
12.361509,14.155387,Sentence,0,9.31774
11.978597,16.694756,Sentence,3,11.922619
14.92053,13.831363,Sentence,3,11.161259
13.16247,15.415675,Sentence,2,11.23016
14.010594,12.495735,Sentence,1,7.755542
13.856048,13.533215,Sentence,1,10.052684
11.658505,14.6241045,Sentence,1,11.288653
12.378753,16.074474,Sentence,2,9.907693
12.162171,14.039738,Sentence,0,8.487286
12.03693,14.507529,Sentence,0,8.465449
14.197249,16.635239,Sentence,2,9.496885
11.598654,13.7761755,Sentence,0,8.559548
13.029449,16.035444,Sentence,2,10.111407
12.135954,16.293226,Sentence,2,9.443908
12.332169,16.515205,Sentence,2,10.798411
12.859955,16.83491,Sentence,2,10.22126
13.642292,16.88094,Sentence,2,9.582213
13.254504,14.910971,Sentence,1,9.889858
12.970363,14.916522,Sentence,1,12.940178
11.730041,13.528098,Sentence,0,8.461979
12.785592,15.919132,Sentence,0,9.048721
11.983558,16.643126,Sentence,2,10.306686
12.410372,17.232426,Sentence,3,11.290216
12.2560625,16.255789,Sentence,2,10.2081375
11.753895,12.651983,Sentence,1,9.298368
12.127036,16.779747,Sentence,2,10.363276
11.838425,16.938286,Sentence,2,10.573491
12.339696,16.749079,Sentence,2,11.144048
11.824778,14.5616455,Sentence,0,8.337299
11.9422245,13.239029,Sentence,0,8.544768
12.759654,16.491796,Sentence,2,9.574692
12.331612,16.373655,Sentence,2,10.624866
9.642982,8.125791,Sentence,3,15.046779
13.714376,14.565355,Sentence,3,10.967505
14.435131,13.141077,Sentence,1,10.195106
12.169586,16.052046,Sentence,2,11.170496
14.429197,14.919475,Sentence,1,10.431882
12.949762,13.814201,Sentence,3,10.3966255
14.25463,15.841406,Sentence,2,9.896273
13.247794,16.156,Sentence,2,10.290647
13.215299,14.069312,Sentence,3,11.171799
12.70666,15.309398,Sentence,2,10.664791
11.882055,16.33495,Sentence,2,10.440751
12.017659,16.85646,Sentence,2,10.382225
12.815839,16.115906,Sentence,2,9.632029
13.642851,15.154199,Sentence,0,8.369077
12.122968,13.739064,Sentence,0,8.813767
11.663722,13.476457,Sentence,0,8.537195
14.629199,15.022555,Sentence,1,10.83775
12.901643,16.418533,Sentence,2,9.509432
11.941577,14.080568,Sentence,0,8.481571
13.616576,15.563122,Sentence,2,10.484627
14.106427,14.4348,Sentence,0,9.063937
13.959094,12.797224,Sentence,1,8.226336
12.697705,15.072529,Sentence,0,8.544111
13.418559,16.390705,Sentence,2,8.928091
11.910144,16.292755,Sentence,0,9.2737875
12.485956,15.615984,Sentence,0,8.631093
12.79119,16.312157,Sentence,2,8.872232
12.255805,16.22172,Sentence,0,9.071662
11.902968,15.252961,Sentence,2,11.22167
14.126591,14.89724,Sentence,1,10.569802
14.94589,13.5118265,Sentence,1,9.103381
13.03578,15.33948,Sentence,0,8.65315
12.610106,16.711292,Sentence,2,10.090207
12.338588,16.307678,Sentence,2,9.358223
14.759041,14.8529825,Sentence,3,10.457512
12.139603,15.2666,Sentence,0,9.846016
13.016456,15.509424,Sentence,0,8.653859
14.96634,13.995581,Sentence,3,10.293938
11.979529,16.038908,Sentence,0,8.96603
13.877755,16.891262,Sentence,2,9.760641
12.155955,16.522709,Sentence,2,10.169036
12.248685,16.38049,Sentence,2,10.269222
13.470967,16.973366,Sentence,2,9.616723
13.451065,16.456114,Sentence,2,9.334041
11.763904,16.508083,Sentence,2,11.221564
12.172686,15.493376,Sentence,0,8.54949
14.160598,15.398892,Sentence,1,10.169249
12.710186,16.26074,Sentence,2,9.1127615
15.355595,13.864991,Sentence,1,10.005969
12.6907,9.068516,Sentence,3,13.926471
14.497973,15.922515,Sentence,0,8.694361
13.352163,16.6477,Sentence,2,9.395824
14.094469,14.968338,Sentence,3,11.65135
13.455221,16.6617,Sentence,2,9.485963
12.763366,14.438394,Sentence,0,8.61124
11.793691,13.560313,Sentence,1,9.882578
15.038586,14.219512,Sentence,1,9.92606
12.699067,16.087864,Sentence,2,9.245053
12.814525,14.464334,Sentence,0,8.233049
12.7846985,15.05052,Sentence,2,10.570951
14.679322,14.982769,Sentence,1,9.647996
11.590738,13.58868,Sentence,0,8.576761
11.45314,13.1641445,Sentence,0,8.588429
12.316921,16.35734,Sentence,2,10.845595
13.111185,16.735685,Sentence,2,9.2149105
14.602174,14.805057,Sentence,2,10.142528
11.845627,14.778248,Sentence,3,11.402581
12.447419,15.9793215,Sentence,2,9.901912
13.686975,12.2452135,Sentence,1,7.108004
13.799738,14.186358,Sentence,1,8.928447
13.875098,16.02769,Sentence,2,10.336098
14.059848,15.490223,Sentence,0,9.026908
13.283771,16.947577,Sentence,2,9.5810795
14.205525,15.794255,Sentence,1,9.446679
14.182905,13.499621,Sentence,1,9.617257
11.720742,16.27373,Sentence,2,10.472776
12.091695,16.216625,Sentence,2,10.053921
14.211922,14.991455,Sentence,1,10.410233
12.445033,14.984985,Sentence,0,8.62388
10.859568,12.005588,Sentence,1,8.860797
12.636254,15.024724,Sentence,0,8.494415
11.665859,13.569346,Sentence,1,9.56962
13.689607,16.454876,Sentence,2,10.377817
12.154716,15.996685,Sentence,0,8.707857
11.782299,15.477104,Sentence,0,9.11218
12.119659,12.68308,Sentence,1,8.526913
14.915342,13.867268,Sentence,3,9.483631
13.867868,15.163354,Sentence,2,10.665602
14.265689,16.635244,Sentence,2,9.631498
11.648018,16.801208,Sentence,2,10.996441
13.061059,16.242414,Sentence,2,9.520209
13.394078,15.696489,Sentence,0,8.719489
12.349067,15.154484,Sentence,2,10.853125
13.040548,15.821445,Sentence,0,8.792831
11.698702,14.505493,Sentence,0,8.737064
14.718843,11.854584,Sentence,1,7.8558784
12.839363,17.311516,Sentence,2,10.923117
15.091665,13.576767,Sentence,3,10.289591
12.422138,16.560246,Sentence,2,10.096703
12.189082,11.787175,Sentence,3,9.509256
11.91094,15.391472,Sentence,0,9.075256
14.222017,16.766033,Sentence,2,9.27257
13.944488,13.307304,Sentence,1,9.586096
12.389985,16.553526,Sentence,2,9.5947485
13.312882,16.314798,Sentence,2,9.645307
12.288727,16.029196,Sentence,0,8.802394
13.279829,16.398872,Sentence,1,11.089385
12.68178,13.578533,Sentence,1,9.811916
11.784088,16.84129,Sentence,0,10.3918705
13.583523,14.1129265,Sentence,1,10.361241
12.108765,13.179247,Sentence,1,8.871027
11.642991,13.649121,Sentence,0,8.5587015
11.578102,16.062685,Sentence,0,10.114595
14.624917,14.713696,Sentence,1,9.886066
15.362649,13.540476,Sentence,3,9.968547
12.591345,16.658646,Sentence,2,9.035574
13.303945,16.674541,Sentence,2,9.980613
12.036085,15.915499,Sentence,0,9.465079
13.699762,13.999687,Sentence,3,11.607299
11.924824,17.022112,Sentence,2,10.727888
14.527471,15.917667,Sentence,1,8.718052
12.515865,13.7286005,Sentence,1,9.842909
14.520648,15.994626,Sentence,0,8.69837
12.817726,17.144022,Sentence,2,10.365196
15.088543,13.698976,Sentence,3,10.144429
12.482152,16.786194,Sentence,2,9.613784
13.531812,16.002077,Sentence,0,8.657192
13.030795,16.965218,Sentence,2,9.973145
11.955456,16.041767,Sentence,0,9.352673
13.444722,13.585958,Sentence,1,9.57053
12.023355,16.18146,Sentence,0,9.176913
12.060701,15.9528055,Sentence,0,9.668616
13.227621,16.823566,Sentence,2,9.176334
14.044809,14.037088,Sentence,3,11.7338505
13.336191,16.049929,Sentence,2,11.215699
14.080252,14.537657,Sentence,3,10.965931
13.581127,16.564453,Sentence,2,9.28988
12.948696,16.826586,Sentence,2,9.248693
12.66176,15.899813,Sentence,0,8.79944
14.715776,13.810169,Sentence,1,9.599859
14.103693,11.805511,Sentence,1,9.064969
12.520318,15.241317,Sentence,0,8.488825
11.477302,17.186377,Sentence,1,11.231834
11.652563,12.9877205,Sentence,1,9.377089
13.156543,17.016777,Sentence,2,10.400261
13.11938,14.121791,Sentence,1,9.424401
12.649652,15.509317,Sentence,1,12.365796
14.209934,16.679266,Sentence,2,9.465681
15.118795,13.597217,Sentence,3,10.292933
12.854582,16.450546,Sentence,2,9.502624
12.018963,16.464464,Sentence,2,10.42396
13.692012,14.352548,Sentence,1,9.299454
13.099004,16.959314,Sentence,2,10.13962
11.760154,-0.9669684,Sentence,3,11.304616
12.97896,14.681965,Sentence,0,8.188838
12.568615,16.84386,Sentence,2,9.567456
12.86411,16.887074,Sentence,2,10.261636
12.489072,17.225016,Sentence,2,10.702456
13.926439,16.226797,Sentence,1,10.50928
14.475706,15.272137,Sentence,2,10.842939
14.163679,14.059915,Sentence,2,10.246629
11.549699,16.70205,Sentence,3,11.787184
11.88635,13.45158,Sentence,0,8.682358
12.245943,16.426224,Sentence,2,11.408805
12.8755,16.629824,Sentence,2,10.30731
12.319249,15.0974045,Sentence,0,8.436175
12.422988,16.228811,Sentence,2,10.127969
13.470596,14.973352,Sentence,3,10.479893
11.533415,13.080624,Sentence,1,9.293687
12.546242,16.874239,Sentence,2,9.793956
12.301379,16.28355,Sentence,0,9.024901
11.929531,14.884822,Sentence,0,7.992317
11.541639,16.470936,Sentence,0,10.488061
12.4116745,14.277604,Sentence,2,10.979522
12.160705,16.635193,Sentence,2,9.694731
14.112261,16.412622,Sentence,2,9.957787
13.105461,16.921303,Sentence,2,10.402298
12.736564,14.797239,Sentence,0,9.127452
12.132673,15.097242,Sentence,0,8.552016
11.9320545,14.503344,Sentence,0,8.7084465
13.702147,14.251031,Sentence,1,10.62889
12.8852005,15.91424,Sentence,0,8.69959
13.330231,14.705747,Sentence,0,10.270336
14.222414,14.892671,Sentence,1,8.961213
12.087231,14.801565,Sentence,0,9.986319
13.328688,13.792958,Sentence,1,10.596314
12.42047,15.285232,Sentence,0,9.164798
14.093237,15.637386,Sentence,2,10.397688
12.044411,16.127666,Sentence,0,8.750641
14.456694,14.83379,Sentence,1,9.836853
11.570792,13.808314,Sentence,0,8.490644
12.055341,12.533759,Sentence,1,8.468247
12.325342,16.505472,Sentence,2,9.148478
12.280638,15.799071,Sentence,0,9.360402
14.374155,14.209974,Sentence,3,11.084003
12.20096,16.168606,Sentence,2,9.639298
14.086691,13.946005,Sentence,1,9.591958
11.560659,13.376639,Sentence,0,8.521418
13.08589,16.134647,Sentence,2,10.453888
14.138378,15.7572565,Sentence,1,8.955856
13.892806,12.616572,Sentence,0,8.468988
12.272157,16.599783,Sentence,2,9.690948
12.014404,16.428007,Sentence,2,10.903606
12.67354,15.518826,Sentence,0,8.622963
11.666782,16.421595,Sentence,3,11.596304
13.684098,16.525244,Sentence,2,9.803452
13.097399,15.306751,Sentence,0,8.9866905
13.266469,16.880135,Sentence,2,10.227795
12.168335,12.778467,Sentence,1,8.566553
13.888655,12.6301775,Sentence,1,8.052204
12.004871,16.208702,Sentence,0,9.068026
12.616469,15.007304,Sentence,0,8.470093
11.679417,12.747922,Sentence,1,8.813227
11.557987,17.056345,Sentence,2,10.891974
11.030138,12.300507,Sentence,3,9.098986
13.585355,14.553424,Sentence,1,8.910821
11.705956,16.46318,Sentence,3,11.317068
11.684541,13.270586,Sentence,3,8.749316
13.9054985,16.06882,Sentence,2,9.009457
11.934586,13.275575,Sentence,1,8.514362
11.963545,14.945117,Sentence,0,8.878616
12.373737,16.565823,Sentence,2,8.978049
14.129181,16.795286,Sentence,2,9.491115
12.448875,15.791656,Sentence,0,8.316317
11.729408,14.27835,Sentence,0,8.603363
13.313179,13.705525,Sentence,3,9.3815
14.105569,11.802109,Sentence,1,9.063757
12.376151,16.332949,Sentence,2,8.980373
13.230735,15.873969,Sentence,2,9.550747
12.637591,16.812248,Sentence,2,9.289041
14.930058,13.544609,Sentence,3,9.742422
13.286156,16.455227,Sentence,2,9.981357
13.295243,16.005075,Sentence,2,9.033901
13.169297,16.821527,Sentence,2,9.590296
12.132332,15.801647,Sentence,2,10.83625
12.517247,16.62881,Sentence,2,10.294516
12.803218,16.418825,Sentence,2,9.865005
13.365566,16.45391,Sentence,0,8.761804
13.038429,14.98925,Sentence,0,8.617554
15.050178,13.918525,Sentence,0,9.527362
12.194568,14.721122,Sentence,1,9.960238
12.179391,16.889982,Sentence,2,10.304929
12.253446,11.792851,Sentence,3,9.537173
13.876697,15.754758,Sentence,1,9.080408
13.318419,16.562092,Sentence,2,9.273595
15.124097,13.6046505,Sentence,3,9.660141
11.762391,-0.9636174,Sentence,3,11.303783
12.087646,16.520468,Sentence,1,11.530914
14.873016,13.525085,Sentence,1,9.486806
12.126509,16.764606,Sentence,2,10.8763075
12.86393,15.76917,Sentence,1,9.91125
11.916297,17.114197,Sentence,3,11.751983
13.425272,13.862512,Sentence,0,8.824711
14.194982,14.833346,Sentence,3,11.194252
13.631505,14.385647,Sentence,3,11.694498
12.438965,13.947817,Sentence,0,8.902255
13.824918,13.221591,Sentence,1,10.509745
12.477884,15.085862,Sentence,0,8.853104
11.995801,15.913336,Sentence,0,8.958673
12.948015,16.580778,Sentence,2,9.020665
13.493127,16.815763,Sentence,2,9.470936
13.366126,13.27891,Sentence,1,10.399062
13.031631,15.826529,Sentence,2,9.773467
13.199639,14.109271,Sentence,1,8.654162
13.507159,15.982261,Sentence,2,9.790956
13.680052,12.177464,Sentence,1,8.54122
14.453638,15.737822,Sentence,1,9.092328
13.061793,16.947985,Sentence,2,9.628106
14.130646,13.598052,Sentence,3,11.315799
14.156866,13.632861,Sentence,3,11.320709
12.900977,14.577873,Sentence,0,8.274146
12.714864,9.8216715,Sentence,1,1.6027429
12.026214,16.2326,Sentence,3,11.427255
13.171685,15.479732,Sentence,2,9.404848
11.686133,13.278289,Sentence,1,8.72668
13.311612,15.266268,Sentence,1,9.379558
12.787723,16.818447,Sentence,2,9.202909
12.633143,15.469108,Sentence,0,9.609672
14.677563,22.163086,Sentence,1,14.591253
11.787173,13.302254,Sentence,1,8.863561
13.258484,16.613123,Sentence,2,10.835321
13.515667,16.599472,Sentence,2,9.942124
11.832485,14.64264,Sentence,0,9.517459
15.042491,13.779,Sentence,3,11.366898
13.29688,15.638088,Sentence,0,8.696216
11.416216,13.435899,Sentence,0,8.614395
14.328819,13.512093,Sentence,3,9.18395
12.575712,16.480083,Sentence,0,9.440049
13.606858,16.707773,Sentence,2,9.830954
13.534606,13.779606,Sentence,0,9.818023
11.671356,13.505238,Sentence,0,8.52163
15.127127,14.185866,Sentence,0,9.863617
11.506307,16.307425,Sentence,2,10.52594
14.4550295,15.9109,Sentence,1,8.745395
13.055304,14.965526,Sentence,0,8.708202
12.242138,15.881538,Sentence,0,8.571964
11.948592,14.805275,Sentence,0,8.445357
12.948925,14.203708,Sentence,0,8.580383
12.236356,16.345037,Sentence,2,10.877055
14.350075,15.108392,Sentence,1,10.443009
12.999506,15.43453,Sentence,0,9.349616
12.225315,16.068626,Sentence,0,8.785893
12.761096,15.267704,Sentence,1,10.374652
12.771208,16.858833,Sentence,2,9.520878
14.562043,14.840215,Sentence,3,10.044289
12.174373,16.869684,Sentence,2,10.828044
12.353496,16.058199,Sentence,0,8.675364
12.586846,17.115416,Sentence,2,11.183828
13.587767,15.3226595,Sentence,2,10.455526
11.249267,16.226736,Sentence,0,10.711097
14.37965,14.47112,Sentence,1,9.492136
14.326254,15.34045,Sentence,2,10.315028
12.669811,16.671469,Sentence,2,9.551603
15.130597,13.707537,Sentence,3,10.15367
11.017801,12.399226,Sentence,1,9.128117
12.255726,14.97526,Sentence,0,8.270606
12.964528,15.033871,Sentence,0,8.630734
14.092417,12.033336,Sentence,1,7.73086
14.082622,14.511852,Sentence,1,8.84419
11.430409,13.679243,Sentence,0,8.733569
14.144853,13.060562,Sentence,1,11.520873
13.414493,14.911145,Sentence,0,8.481202
12.436216,16.436543,Sentence,2,8.98681
11.951012,16.268856,Sentence,0,9.316494
12.989311,15.449225,Sentence,2,10.026153
12.1539755,17.058556,Sentence,2,10.893773
12.384112,15.85584,Sentence,0,8.578
15.001323,14.158712,Sentence,3,10.942473
14.35654,14.566,Sentence,1,8.8734255
11.570032,16.697227,Sentence,2,10.484106
13.55953,16.059141,Sentence,0,8.928742
13.586441,15.524411,Sentence,2,8.892355
13.792482,13.305322,Sentence,3,9.75692
13.785698,16.882185,Sentence,2,9.62027
14.383356,14.811214,Sentence,3,10.803049
13.571715,16.324697,Sentence,2,9.155443
12.391516,16.177935,Sentence,2,8.87387
11.6259985,13.061793,Sentence,0,9.086228
13.652195,15.399663,Sentence,0,9.090218
12.211977,15.512273,Sentence,0,8.886616
12.619564,16.305191,Sentence,2,9.421696
12.22095,16.35609,Sentence,2,10.419164
14.242094,14.368059,Sentence,1,10.437261
13.20524,15.208618,Sentence,0,8.4656315
11.780964,15.903405,Sentence,0,10.002753
13.35628,15.702653,Sentence,2,9.341006
12.038609,16.547112,Sentence,2,9.961056
12.96542,15.601505,Sentence,0,8.527945
11.972094,13.455744,Sentence,0,8.598254
12.766434,14.565076,Sentence,1,9.880444
14.081566,15.69152,Sentence,1,8.829029
13.4697,16.708214,Sentence,2,9.34771
14.227825,14.866733,Sentence,2,10.657554
12.781697,14.130772,Sentence,0,8.687499
14.677596,22.163351,Sentence,1,14.591434
12.295544,16.524454,Sentence,2,10.8932
13.801419,13.6501255,Sentence,1,8.7489
12.423052,16.17891,Sentence,2,9.911252
13.095617,15.2184515,Sentence,0,9.131427
13.545871,16.232428,Sentence,2,9.057515
12.518958,17.180742,Sentence,2,10.389886
13.297822,16.345385,Sentence,1,10.753104
11.874402,16.54531,Sentence,0,9.815599
13.963897,13.354172,Sentence,1,10.108995
14.677638,22.163652,Sentence,1,14.591625
12.983647,16.62909,Sentence,2,9.128783
13.818771,13.722076,Sentence,1,9.949317
13.098317,14.7465725,Sentence,1,9.43515
13.122697,13.538888,Sentence,1,8.719306
12.755464,15.990426,Sentence,0,9.216521
11.935099,16.552185,Sentence,2,10.7345295
14.258019,14.102141,Sentence,3,11.227152
11.948324,14.617202,Sentence,3,10.563933
12.076721,15.182042,Sentence,0,8.569925
11.783279,16.484093,Sentence,1,10.739017
12.257983,15.0679,Sentence,0,8.527111
11.7441,14.052684,Sentence,0,8.598825
12.10886,17.141912,Sentence,2,11.234937
12.187159,15.825792,Sentence,0,8.723485
13.30587,17.050182,Sentence,2,9.837684
15.103288,13.803222,Sentence,3,11.40122
15.389284,13.988204,Sentence,3,9.870564
12.8305855,14.269913,Sentence,0,8.401421
12.65598,16.660963,Sentence,2,9.274973
13.597234,15.284341,Sentence,1,10.913056
12.251708,15.048617,Sentence,0,9.654818
13.683152,16.839603,Sentence,2,10.216775
14.355777,13.416534,Sentence,1,9.352058
12.471887,14.994019,Sentence,1,9.997981
12.252096,15.616185,Sentence,0,8.9407835
12.507661,14.61351,Sentence,0,9.231631
11.902583,12.91527,Sentence,1,8.73222
12.504881,16.743433,Sentence,2,9.935643
15.247157,14.276909,Sentence,1,9.628595
12.650177,15.5703745,Sentence,1,12.274876
13.098032,15.68825,Sentence,2,10.209274
12.103395,15.17504,Sentence,0,9.866569
14.555978,13.8842125,Sentence,3,11.049717
11.801699,13.854043,Sentence,1,10.065981
12.883076,14.344031,Sentence,0,10.244268
11.684404,13.805912,Sentence,0,8.839905
12.60066,16.64003,Sentence,0,9.26788
13.085021,16.652342,Sentence,0,9.065112
12.33564,15.370399,Sentence,0,9.489221
14.212805,14.388555,Sentence,3,10.449184
13.704805,16.4381,Sentence,2,9.726855
12.822131,16.706238,Sentence,2,9.519803
12.12315,16.497477,Sentence,2,9.257532
11.9488535,12.325448,Sentence,1,8.967777
15.132978,13.937945,Sentence,3,10.023063
14.78293,13.858309,Sentence,3,11.215235
14.036294,15.105831,Sentence,1,10.489332
14.388928,13.270241,Sentence,1,10.656949
13.665512,13.387236,Sentence,1,10.721437
15.10388,14.27032,Sentence,3,9.933051
12.222575,11.739094,Sentence,3,9.526762
13.0772915,15.862645,Sentence,0,9.076326
12.140036,16.476374,Sentence,2,11.033732
15.092285,13.907549,Sentence,3,11.100752
12.375385,15.380123,Sentence,0,9.75541
12.286205,16.431316,Sentence,1,10.866647
14.48726,14.813304,Sentence,1,9.3699045
12.8541355,16.746983,Sentence,2,9.157682
14.594922,15.976371,Sentence,1,8.64786
12.722573,15.052536,Sentence,0,9.961607
15.562251,13.695511,Sentence,3,10.174978
13.224307,16.770098,Sentence,2,9.0891485
12.244784,15.952467,Sentence,0,9.142419
13.968309,15.971246,Sentence,2,9.672853
14.894503,13.800988,Sentence,3,11.243378
12.842536,16.041857,Sentence,1,10.612561
14.788693,14.699855,Sentence,1,9.827893
13.383009,16.710135,Sentence,2,9.503518
14.948829,14.002735,Sentence,3,10.701355
11.728051,13.673958,Sentence,1,8.885995
12.455363,16.654247,Sentence,2,9.128042
12.932857,14.81679,Sentence,1,8.373839
14.780968,13.970235,Sentence,3,11.186752
11.826389,16.303207,Sentence,0,10.269292
12.637225,14.5300455,Sentence,1,10.100661
12.336371,16.43188,Sentence,2,10.075949
13.933833,16.759892,Sentence,2,9.903103
15.118525,11.799149,Sentence,1,8.149095
11.762396,-0.9621161,Sentence,3,11.304067
12.079354,15.314464,Sentence,0,8.257712
14.065198,14.446424,Sentence,3,11.327333
13.347951,16.684969,Sentence,2,9.272046
11.948437,15.47647,Sentence,0,9.720263
12.903316,14.65894,Sentence,1,9.017826
14.418859,14.05613,Sentence,1,11.267017
12.395923,16.150597,Sentence,2,10.053517
13.066712,17.15183,Sentence,2,10.784147
13.673776,16.083858,Sentence,2,10.222857
13.815815,15.805947,Sentence,2,9.310033
13.539036,15.44462,Sentence,0,9.131783
15.27695,13.868874,Sentence,1,9.770066
13.257671,13.932948,Sentence,1,9.266162
13.804634,16.61151,Sentence,2,9.276201
12.988583,16.620453,Sentence,2,8.860845
11.857112,16.409758,Sentence,2,10.187244
14.268925,15.384421,Sentence,2,9.290138
12.038059,14.213188,Sentence,0,9.753459
14.148418,14.898415,Sentence,1,9.945264
12.303698,15.894127,Sentence,2,10.686017
12.094662,13.055469,Sentence,1,8.623311
12.953829,16.472912,Sentence,2,11.049065
15.443465,13.848404,Sentence,1,9.774158
14.184526,14.944746,Sentence,1,9.370568
14.718856,11.450939,Sentence,1,7.009457
13.503455,15.671925,Sentence,2,9.554047
12.328542,16.69298,Sentence,2,9.201241
13.49256,12.83024,Sentence,3,10.813463
15.404018,13.624665,Sentence,3,9.871555
11.45432,13.178347,Sentence,0,8.744913
14.972502,13.818667,Sentence,3,11.432639
14.133485,14.560256,Sentence,0,8.708163
12.423835,15.830965,Sentence,0,8.59563
13.092918,14.084077,Sentence,1,8.684491
13.416256,16.574724,Sentence,2,9.271688
14.296871,12.030436,Sentence,1,8.164736
13.514675,14.548064,Sentence,2,10.749949
12.505202,15.158404,Sentence,0,8.914015
13.2597,16.968515,Sentence,2,9.384453
12.925288,15.664368,Sentence,2,9.321782
11.755869,-0.9547968,Sentence,3,11.31138
11.517494,13.312998,Sentence,1,8.530643
11.796389,16.309052,Sentence,2,10.428171
13.682648,12.240449,Sentence,1,7.0903788
12.347833,16.759783,Sentence,2,10.787898
12.795929,16.684036,Sentence,2,9.364856
12.986646,16.733494,Sentence,2,8.987948
14.302906,14.653456,Sentence,1,9.828653
12.601166,16.34872,Sentence,0,8.941391
12.207048,16.624418,Sentence,2,10.174986
13.225714,16.418798,Sentence,2,9.37549
12.268629,14.237939,Sentence,0,9.048995
12.217538,16.663103,Sentence,2,9.751043
11.971636,16.996786,Sentence,2,11.286194
13.009722,15.550308,Sentence,0,9.469112
12.4706335,16.175415,Sentence,2,9.085857
13.836,15.375363,Sentence,1,10.13106
13.566808,15.913975,Sentence,2,9.559917
12.0378685,13.397223,Sentence,0,8.629668
12.611121,14.366044,Sentence,0,8.506997
15.322093,13.935998,Sentence,3,9.782622
11.892681,16.726912,Sentence,2,10.3141165
12.287776,15.562194,Sentence,0,8.667383
11.706962,13.69781,Sentence,1,8.948896
11.868989,16.67104,Sentence,2,10.120076
12.458991,15.777006,Sentence,0,8.694949
13.629599,16.191618,Sentence,2,11.020321
11.928817,14.880823,Sentence,0,7.9187994
13.280621,15.210264,Sentence,2,10.939338
13.589764,15.255169,Sentence,2,9.715087
12.270303,15.031614,Sentence,3,11.139329
12.151149,16.019655,Sentence,0,8.931527
13.371293,13.598736,Sentence,1,10.293851
13.68869,14.708269,Sentence,2,9.826963
12.423249,15.503849,Sentence,0,8.648622
11.564711,13.548537,Sentence,0,8.735081
14.012099,15.559495,Sentence,1,9.958325
12.579014,15.791616,Sentence,0,8.870309
11.465416,13.079908,Sentence,1,9.199636
14.52753,14.908534,Sentence,1,9.7459135
16.918308,10.460002,Sentence,1,15.674079
14.554274,15.041051,Sentence,2,11.290824
12.026228,13.400748,Sentence,0,9.234022
13.039896,14.617646,Sentence,0,8.234972
11.88413,15.662432,Sentence,0,10.157362
11.787028,13.289784,Sentence,0,8.489468
13.1888,16.052979,Sentence,0,8.534743
14.289225,14.505383,Sentence,1,11.227565
12.458289,14.523713,Sentence,0,8.666815
12.897511,15.5329895,Sentence,0,8.6651325
12.712856,9.819727,Sentence,1,1.5960053
12.877617,16.27806,Sentence,2,8.671007
11.949227,16.228588,Sentence,0,9.291776
12.855127,9.898017,Sentence,3,13.553272
15.391575,11.515808,Sentence,1,7.9609504
13.0143585,16.249065,Sentence,2,9.184429
12.022727,15.674807,Sentence,2,11.032188
12.865447,16.97663,Sentence,2,9.454378
12.119712,16.463552,Sentence,2,9.489543
13.789022,16.440432,Sentence,2,9.517312
12.3352375,14.572731,Sentence,3,10.998939
14.191098,16.71765,Sentence,2,9.465835
14.442972,14.480469,Sentence,1,10.179432
12.091763,16.421638,Sentence,2,10.901387
14.468929,14.162796,Sentence,3,11.089182
15.307367,14.0130205,Sentence,2,9.932934
14.80086,12.190725,Sentence,1,8.603086
14.04376,12.394911,Sentence,1,7.729782
13.260775,16.953676,Sentence,2,9.727378
14.057759,15.212317,Sentence,3,10.756737
12.79783,14.099887,Sentence,0,9.392337
13.778549,15.85864,Sentence,2,9.369185
12.199398,15.403838,Sentence,0,8.582461
13.981993,15.162647,Sentence,1,9.428241
12.095644,15.217924,Sentence,0,8.544133
13.662184,14.633646,Sentence,1,9.789687
12.286124,17.075703,Sentence,2,10.150859
12.979401,14.2547245,Sentence,0,8.928691
13.463868,15.492123,Sentence,2,9.842538
13.211916,16.338068,Sentence,2,9.631362
12.802556,16.0822,Sentence,0,8.967406
12.292605,13.918617,Sentence,0,8.441511
13.494004,13.32115,Sentence,1,8.971343
13.781011,15.578948,Sentence,2,10.908172
14.602669,14.769959,Sentence,3,10.967691
13.721461,13.448779,Sentence,1,9.057058
14.181649,14.1835,Sentence,3,10.020799
13.851428,15.2417145,Sentence,2,10.138672
12.753386,15.94629,Sentence,2,10.43123
14.545112,14.871927,Sentence,3,10.845892
12.035089,15.760531,Sentence,0,8.828799
12.886303,15.7882395,Sentence,3,10.638213
12.789803,14.973807,Sentence,0,8.760985
12.283199,15.290333,Sentence,1,9.260647
12.117831,13.014875,Sentence,1,8.885702
12.154809,16.355204,Sentence,0,8.99364
13.067518,14.679212,Sentence,0,9.297987
12.019529,14.210961,Sentence,0,8.607271
12.67217,15.050714,Sentence,0,8.460662
13.181726,15.636232,Sentence,2,9.926729
13.373945,16.944502,Sentence,2,9.951707
12.63699,13.849036,Sentence,1,9.427362
13.758708,14.682031,Sentence,1,10.523356
12.29795,16.5329,Sentence,2,10.527786
15.689311,13.640391,Sentence,3,10.088735
13.2693205,16.053562,Sentence,0,8.951367
12.775507,16.543747,Sentence,2,8.998199
15.283285,13.775357,Sentence,3,10.089661
12.195817,14.936856,Sentence,0,8.5313225
12.775119,16.728096,Sentence,2,8.891056
13.046383,16.075478,Sentence,2,10.535979
13.47051,16.292627,Sentence,2,9.75227
12.276886,15.60701,Sentence,0,9.628725
15.757417,13.635036,Sentence,3,10.088664
14.033114,15.521208,Sentence,2,10.65597
14.621246,15.945942,Sentence,1,8.645529
12.348637,16.664392,Sentence,2,10.771863
11.790718,17.08891,Sentence,0,10.7587185
12.243829,16.911959,Sentence,2,11.164699
12.62383,16.277489,Sentence,2,10.272817
15.41397,11.438027,Sentence,1,7.8819294
13.599151,16.006227,Sentence,2,11.199928
13.614132,15.262736,Sentence,1,9.791165
11.819164,14.84009,Sentence,2,11.388535
12.761701,15.14985,Sentence,0,9.286985
13.134963,15.052378,Sentence,1,11.079745
13.707634,14.001465,Sentence,1,11.565051
14.698416,15.065018,Sentence,2,9.417133
14.843294,14.017278,Sentence,1,9.682268
12.267582,15.337276,Sentence,0,8.271337
13.829302,16.132877,Sentence,2,10.117026
12.977541,14.318973,Sentence,0,8.592874
13.162573,13.132292,Sentence,1,9.787848
11.554284,13.952888,Sentence,0,9.049889
12.147026,16.075462,Sentence,1,9.863342
14.073357,15.017059,Sentence,1,8.412219
13.67258,15.462965,Sentence,2,9.50194
11.652826,16.255083,Sentence,0,9.957829
12.811649,15.004614,Sentence,0,8.964188
13.750114,16.566162,Sentence,2,9.937485
12.528728,13.748807,Sentence,0,8.709935
12.743261,16.73487,Sentence,2,8.859775
14.017253,16.616669,Sentence,2,9.618134
13.150589,15.26305,Sentence,0,8.880629
14.473757,15.534715,Sentence,1,10.889055
13.970884,16.734928,Sentence,2,9.323242
13.948889,16.04382,Sentence,2,9.491951
12.597521,16.985245,Sentence,2,9.59687
14.259068,15.907432,Sentence,0,8.749434
14.182731,15.951936,Sentence,2,10.019642
15.173266,13.830564,Sentence,3,9.854748
12.421762,16.742037,Sentence,2,9.671652
12.89221,16.57564,Sentence,2,9.342008
13.598044,14.427143,Sentence,0,8.325931
13.903961,13.242002,Sentence,3,12.640485
11.355176,16.727392,Sentence,0,10.86828
14.449123,15.827296,Sentence,1,9.5342045
14.165094,15.692556,Sentence,1,9.269176
12.690693,9.068351,Sentence,3,13.926606
12.141938,16.621391,Sentence,2,11.140813
14.2974205,14.511164,Sentence,3,10.172557
13.698033,16.805828,Sentence,2,9.395764
12.392026,15.625497,Sentence,0,8.696187
12.629863,12.946184,Sentence,1,8.638426
11.380458,12.844173,Sentence,1,8.572042
12.1910925,16.130281,Sentence,3,11.4523115
13.197625,15.547379,Sentence,0,8.670356
12.456956,15.5058975,Sentence,0,8.382496
12.282535,14.140281,Sentence,1,9.95001
13.053661,12.658137,Sentence,3,10.146003
12.518319,15.896218,Sentence,0,8.496083
12.399014,16.739397,Sentence,1,10.1992
12.750922,14.689944,Sentence,0,8.260451
13.855181,14.353102,Sentence,2,10.800219
12.44704,14.842874,Sentence,0,8.704559
13.0504,15.961168,Sentence,2,9.828221
12.519266,15.368442,Sentence,2,10.401963
11.761834,13.478947,Sentence,0,8.590224
13.3126,16.50454,Sentence,2,9.231809
13.101907,14.3382,Sentence,3,11.154646
13.74427,15.569955,Sentence,1,9.708561
14.054889,14.98089,Sentence,1,9.607463
12.749772,16.560827,Sentence,2,8.952209
12.304123,17.257086,Sentence,2,10.936536
13.523499,16.004538,Sentence,2,9.496889
14.094558,14.085826,Sentence,2,11.133018
12.563409,15.087786,Sentence,0,8.587676
13.591219,16.0582,Sentence,2,10.012841
13.299897,15.955397,Sentence,2,10.749801
13.281295,16.610785,Sentence,2,9.981879
11.789347,13.692909,Sentence,0,8.951446
13.277932,16.613712,Sentence,2,9.870425
13.320252,16.726765,Sentence,2,9.502656
12.880041,15.138003,Sentence,0,8.363113
12.6843605,15.918058,Sentence,2,11.548094
13.308124,14.225207,Sentence,1,10.098235
14.701633,12.04586,Sentence,1,7.781735
11.551033,13.576584,Sentence,0,8.761165
14.421877,13.835831,Sentence,3,11.1732235
13.266927,16.97633,Sentence,2,9.328616
12.225566,16.267065,Sentence,0,9.388754
13.549337,16.30187,Sentence,2,8.907923
11.770167,14.748743,Sentence,2,10.679305
12.106117,15.486601,Sentence,0,8.8280325
13.617301,15.525204,Sentence,2,10.231658
12.108778,12.651517,Sentence,1,8.5307255
12.811831,16.892815,Sentence,2,10.183732
13.701223,15.256852,Sentence,2,9.634327
14.097411,16.272099,Sentence,2,9.313937
12.457875,15.621771,Sentence,0,8.821372
14.007654,15.601529,Sentence,1,8.986439
12.787247,15.589551,Sentence,0,9.301957
13.402753,16.848383,Sentence,2,9.41217
13.22187,15.842894,Sentence,0,9.280972
13.443261,13.43776,Sentence,1,11.188522
14.278556,14.017892,Sentence,1,8.662009
13.486375,15.828798,Sentence,0,9.296006
12.499032,16.044302,Sentence,0,9.146841
11.644115,16.650166,Sentence,3,11.553404
11.951144,16.706072,Sentence,2,9.968229
14.118709,16.791752,Sentence,2,9.43171
12.141344,15.231313,Sentence,0,8.458025
11.663999,13.720302,Sentence,0,8.438001
13.302796,13.774211,Sentence,1,9.10281
12.300156,15.524439,Sentence,3,12.131435
12.751533,15.393371,Sentence,2,10.190474
11.669532,13.466686,Sentence,0,8.560404
12.251527,16.22216,Sentence,2,11.015777
13.266661,16.811743,Sentence,2,9.686517
11.897505,13.743476,Sentence,0,8.468725
12.3372555,16.491272,Sentence,2,9.25849
11.629663,16.352247,Sentence,2,11.534461
14.677664,22.163897,Sentence,1,14.591784
12.8224745,15.290993,Sentence,2,10.341196
14.650458,14.444232,Sentence,3,11.078945
12.187403,15.307784,Sentence,0,8.546425
13.686317,12.244582,Sentence,1,7.1680555
13.207198,14.423374,Sentence,2,9.7815485
12.334593,17.111584,Sentence,3,11.307628
12.576983,16.6648,Sentence,2,10.842028
12.73912,16.70945,Sentence,2,8.918775
12.567544,15.509097,Sentence,0,8.586351
13.2044935,16.747858,Sentence,2,10.323166
16.74523,10.228049,Sentence,1,9.176855
14.271942,15.800036,Sentence,2,10.002548
12.685759,16.223707,Sentence,2,9.487438
13.575071,16.333158,Sentence,2,9.634463
12.455245,16.435925,Sentence,0,8.997099
13.624663,15.479257,Sentence,1,9.673816
11.9451885,14.018948,Sentence,0,8.811279
12.349877,15.948168,Sentence,2,9.481533
14.66405,14.833407,Sentence,3,10.92653
11.989977,12.64927,Sentence,1,8.451755
13.029208,13.94218,Sentence,1,9.85994
12.00397,14.229579,Sentence,0,8.718544
11.9535265,16.46933,Sentence,0,9.855421
9.642869,8.125649,Sentence,3,15.046891
11.925618,14.761758,Sentence,0,8.442047
13.220334,16.910473,Sentence,2,9.210596
11.759709,14.026148,Sentence,0,8.74907
13.231694,14.620209,Sentence,1,10.181059
13.605546,16.012152,Sentence,0,9.349283
13.545154,16.135178,Sentence,2,9.772987
14.870139,13.995707,Sentence,3,11.134613
11.888056,14.557414,Sentence,0,8.327201
12.179743,14.639712,Sentence,0,8.288728
13.709892,15.575428,Sentence,2,10.925476
13.097502,16.822172,Sentence,2,10.012446
14.047425,14.051877,Sentence,3,11.743578
13.044485,15.601316,Sentence,2,10.334031
14.1849985,14.762111,Sentence,1,9.226408
14.104332,13.585186,Sentence,1,10.173905
12.73355,14.848002,Sentence,0,9.002636
11.755181,16.266735,Sentence,2,11.025184
11.382512,16.414558,Sentence,0,10.639387
13.781864,16.41629,Sentence,2,9.643432
14.145055,15.929311,Sentence,3,10.254099
12.852785,16.50322,Sentence,2,8.888795
13.335669,16.991116,Sentence,2,9.678447
12.096017,13.504607,Sentence,1,9.107285
13.574464,15.46868,Sentence,1,10.371554
13.941859,14.359142,Sentence,0,9.19339
13.099429,13.546783,Sentence,1,8.666039
12.654355,13.163959,Sentence,1,9.638874
12.700576,16.115078,Sentence,2,9.838
13.649848,15.30971,Sentence,0,8.939245
12.9312,14.157236,Sentence,1,9.034912
12.32976,15.32877,Sentence,3,10.838567
13.608402,16.882883,Sentence,2,9.457897
13.675887,15.263023,Sentence,1,9.779857
13.730926,16.658686,Sentence,2,9.25485
13.397598,12.974139,Sentence,1,10.081114
12.532106,16.561872,Sentence,2,8.906807
13.259809,16.3485,Sentence,0,8.8481045
12.722126,16.788576,Sentence,2,9.653529
14.276727,15.725709,Sentence,2,9.059605
12.345588,15.353091,Sentence,0,8.482277
12.363843,15.838954,Sentence,0,8.58646
13.207675,14.717272,Sentence,1,9.070524
12.413974,16.3622,Sentence,2,9.992075
12.289943,15.434646,Sentence,3,10.801002
14.024006,14.375363,Sentence,1,10.399422
12.753764,17.257269,Sentence,2,11.104221
13.493342,16.667994,Sentence,2,9.584223
12.97388,17.052843,Sentence,2,9.455278
14.614471,15.957015,Sentence,1,8.629027
13.248705,16.51884,Sentence,2,9.588332
12.585253,16.804276,Sentence,2,9.906452
11.524238,12.282736,Sentence,1,9.060102
12.680896,16.428398,Sentence,2,10.0459175
13.50901,16.0929,Sentence,2,9.93264
12.501248,15.29563,Sentence,0,9.070548
11.832505,13.6000395,Sentence,1,8.942538
11.915598,16.573061,Sentence,2,10.794445
14.85896,14.016784,Sentence,3,10.997139
13.509193,15.268796,Sentence,2,10.611315
13.253035,16.201656,Sentence,2,10.012386
13.871265,15.139074,Sentence,1,10.889332
13.1950035,16.078785,Sentence,2,8.731247
12.875179,13.886525,Sentence,3,10.447148
13.305305,14.344864,Sentence,1,10.072876
14.508288,13.840819,Sentence,1,9.112214
14.934165,13.5090475,Sentence,1,9.942564
12.333646,14.769923,Sentence,0,8.2816305
13.335663,15.452582,Sentence,2,9.921607
15.142484,14.086065,Sentence,1,9.718688
11.9801035,15.701478,Sentence,2,9.238189
12.568307,16.648912,Sentence,2,9.489011
12.656571,16.476833,Sentence,2,9.28416
12.146973,15.893909,Sentence,0,9.049955
13.749401,15.526324,Sentence,2,10.546847
13.96409,12.580533,Sentence,1,8.165177
12.357273,15.371844,Sentence,0,9.7309885
12.399314,16.775381,Sentence,2,10.162921
12.410636,14.619598,Sentence,0,8.413986
13.855799,14.7907,Sentence,0,10.2056265
12.474836,16.645714,Sentence,2,9.723533
11.601422,13.704399,Sentence,0,8.86971
13.98803,14.239446,Sentence,2,11.023128
13.407907,15.576317,Sentence,2,10.990034
13.0333395,16.472975,Sentence,2,9.348145
13.775379,15.310422,Sentence,2,9.778021
12.711795,9.816044,Sentence,1,1.5882269
14.902665,13.813325,Sentence,3,11.241482
15.092216,13.848907,Sentence,3,11.309345
11.6842575,17.022177,Sentence,1,11.196908
12.841615,14.980233,Sentence,0,8.404476
13.5488825,16.250942,Sentence,2,9.487461
13.151897,16.735292,Sentence,2,9.095525
14.212213,15.570652,Sentence,2,11.301628
12.553908,14.569415,Sentence,3,10.650812
15.059898,13.873306,Sentence,3,11.199618
12.451423,16.325739,Sentence,0,8.9989805
12.908306,16.56571,Sentence,0,8.784238
12.992104,16.958374,Sentence,2,10.603192
12.869799,16.54244,Sentence,2,8.9810705
12.653562,16.647896,Sentence,2,9.161436
13.916034,12.538433,Sentence,1,8.333802
12.396462,16.912209,Sentence,2,11.044592
14.070039,16.747934,Sentence,2,9.539658
14.5120535,14.445916,Sentence,0,9.160899
12.298895,15.007248,Sentence,0,9.381416
12.908631,16.739923,Sentence,2,10.1588955
12.985174,16.984428,Sentence,2,9.371034
12.022765,16.163149,Sentence,0,8.809622
13.345036,16.577461,Sentence,2,9.404693
14.157641,12.571141,Sentence,1,7.9535956
13.265018,16.547108,Sentence,2,9.937849
12.752488,16.603085,Sentence,2,9.052275
13.25416,14.23991,Sentence,1,10.773634
14.5713625,15.905129,Sentence,1,8.739127
12.910962,15.734197,Sentence,0,8.997884
11.983535,16.919249,Sentence,1,10.226754
12.521428,15.54762,Sentence,0,8.79203
13.354497,16.695507,Sentence,2,9.877955
14.186618,16.073715,Sentence,1,8.792273
13.560816,15.547252,Sentence,1,8.968094
13.015941,15.383751,Sentence,0,8.514504
12.782757,15.550874,Sentence,0,8.469548
12.85957,16.068316,Sentence,2,9.912956
12.646367,16.689762,Sentence,2,11.067184
12.26642,16.709478,Sentence,2,9.653734
13.546307,14.838328,Sentence,0,8.586671
14.474918,15.338261,Sentence,3,10.766556
14.821645,13.6680975,Sentence,3,11.235179
12.469956,16.529352,Sentence,0,9.094081
12.319062,14.769998,Sentence,0,8.460962
13.401537,16.446527,Sentence,2,9.969672
14.832563,13.874611,Sentence,3,11.3196535
12.672207,14.456384,Sentence,1,10.659821
11.990746,16.036604,Sentence,0,9.91006
11.695973,15.457095,Sentence,0,9.196552
16.918386,10.459917,Sentence,1,15.674214
12.712869,14.57937,Sentence,0,8.383541
11.679852,17.129204,Sentence,0,10.714317
14.005775,16.736244,Sentence,1,9.779994
12.409453,14.194976,Sentence,0,8.842304
12.065353,14.67311,Sentence,0,9.729942
12.238032,16.650742,Sentence,2,10.281547
14.249775,13.087731,Sentence,1,10.4576025
12.583921,16.533606,Sentence,2,9.192395
13.6645,16.233501,Sentence,2,10.031392
13.737726,14.093133,Sentence,1,9.957466
12.38868,15.23733,Sentence,2,10.82127
13.440575,13.17785,Sentence,1,9.21677
14.222993,16.643848,Sentence,2,9.49328
12.764143,17.223358,Sentence,1,10.993007
12.282657,16.897097,Sentence,2,10.045969
12.711299,9.814548,Sentence,1,1.5851866
15.596262,13.328443,Sentence,3,10.09532
12.850371,15.144905,Sentence,0,8.97226
13.172278,15.549567,Sentence,0,8.937953
14.3043375,13.975131,Sentence,0,8.795958
14.381755,13.585395,Sentence,3,9.742206
13.020803,16.137367,Sentence,2,9.86706
12.85016,16.094555,Sentence,0,8.891238
12.137638,16.522274,Sentence,3,12.632041
12.037155,15.448136,Sentence,0,8.36189
12.232679,17.136879,Sentence,2,11.175828
15.553953,13.831259,Sentence,1,10.006766
11.744017,15.957928,Sentence,3,11.385279
13.134672,16.372372,Sentence,2,10.1245985
14.6665125,13.976152,Sentence,1,9.848267
12.855523,16.723211,Sentence,2,9.787499
14.687128,13.648542,Sentence,1,9.565105
13.251113,15.779615,Sentence,2,9.434761
13.220683,16.407537,Sentence,2,9.827501
11.627048,15.605941,Sentence,2,10.351661
13.7867155,16.141386,Sentence,2,10.808839
11.633546,13.805741,Sentence,0,9.243044
11.76349,-0.9602087,Sentence,3,11.303917
14.563345,15.973802,Sentence,1,8.668464
12.388704,16.487364,Sentence,2,9.026708
12.063635,12.609578,Sentence,1,8.472926
14.269905,15.888809,Sentence,1,9.261788
12.974948,16.544807,Sentence,2,10.16769
13.129492,16.406738,Sentence,3,10.677166
12.812439,16.588379,Sentence,2,9.110163
12.785828,14.597638,Sentence,0,8.876211
12.109237,16.334932,Sentence,2,10.513778
13.54873,16.393581,Sentence,2,9.926609
11.782438,13.755792,Sentence,1,8.978969
14.119347,15.40557,Sentence,1,9.766264
13.510814,16.18702,Sentence,2,11.095433
14.658123,14.88578,Sentence,2,10.044821
14.239795,15.288779,Sentence,2,10.264132
11.791649,16.744287,Sentence,2,10.324378
12.331217,15.584678,Sentence,2,10.47655
14.721632,13.539386,Sentence,3,11.445261
12.744827,14.629391,Sentence,0,8.322867
14.194196,16.691864,Sentence,2,9.439549
13.146171,14.559939,Sentence,1,9.755078
12.352712,15.854081,Sentence,0,8.929272
14.79618,13.958636,Sentence,1,9.952132
12.869949,15.16714,Sentence,0,9.327516
13.269263,16.766132,Sentence,2,9.294966
13.066202,16.872713,Sentence,2,9.976961
12.261712,15.402122,Sentence,0,8.551666
14.833707,14.038758,Sentence,3,11.184141
12.940179,16.625818,Sentence,2,9.455623
13.086199,16.743505,Sentence,2,9.177162
12.418011,16.211754,Sentence,0,8.542181
14.565249,13.644146,Sentence,3,10.596501
14.482958,15.34505,Sentence,1,9.950773
12.454588,16.935726,Sentence,2,10.244127
12.116289,16.342758,Sentence,1,10.134428
14.536218,15.012454,Sentence,1,9.992777
14.0745325,16.786663,Sentence,2,9.583453
14.399456,15.357778,Sentence,3,10.325918
12.389655,16.759277,Sentence,2,9.634283
11.628525,13.591377,Sentence,1,9.111562
13.4454775,16.276772,Sentence,2,9.318689
15.347186,11.369219,Sentence,1,7.888643
14.217276,16.566307,Sentence,2,9.572654
13.548797,13.045557,Sentence,1,7.4238143
12.849193,16.12211,Sentence,2,9.897764
12.917388,15.640523,Sentence,2,10.84774
12.924609,17.149086,Sentence,2,10.657204
14.894878,13.401994,Sentence,3,9.798401
12.533131,16.55963,Sentence,2,9.541503
14.530029,16.185125,Sentence,2,9.838647
12.830543,14.944846,Sentence,0,8.345827
15.6107025,13.631268,Sentence,3,10.159431
14.281106,14.891075,Sentence,1,9.485116
14.678748,14.604499,Sentence,3,9.740592
12.710167,16.333183,Sentence,2,9.109999
12.626831,16.090439,Sentence,2,9.488078
12.901564,14.292446,Sentence,1,9.266603
12.071742,16.024555,Sentence,0,8.708905
13.626922,15.762711,Sentence,0,8.868214
12.1019,16.172136,Sentence,2,8.825626
12.995527,16.232422,Sentence,2,8.986967
14.426337,14.3660555,Sentence,3,9.635383
13.995035,16.065783,Sentence,2,9.743825
11.77745,13.66991,Sentence,0,9.337137
12.483288,16.739393,Sentence,2,9.176704
13.570439,14.55372,Sentence,1,10.259329
12.248589,16.578629,Sentence,2,10.008079
14.556237,14.409349,Sentence,1,10.445821
12.948535,16.972918,Sentence,2,10.535738
12.73106,15.702758,Sentence,2,10.034152
13.68871,16.37417,Sentence,2,9.579314
13.114497,14.362029,Sentence,0,9.103315
13.652785,15.66442,Sentence,1,9.322959
12.915565,16.762194,Sentence,2,9.459901
14.219911,16.61588,Sentence,2,9.563958
14.122676,16.783628,Sentence,2,9.441588
11.943841,16.148943,Sentence,0,8.964245
13.81741,12.764333,Sentence,1,8.038041
14.355661,14.162757,Sentence,1,8.742592
13.596422,16.07211,Sentence,1,8.991476
14.707969,11.457353,Sentence,1,7.01542
13.576605,15.617931,Sentence,1,10.381547
13.283523,16.134626,Sentence,2,9.0565815
14.684339,14.986841,Sentence,3,10.84006
13.775795,15.641471,Sentence,2,10.308019
13.389609,16.15978,Sentence,2,9.112764
12.384959,16.863932,Sentence,2,9.609274
12.019129,16.154873,Sentence,2,9.91358
12.712423,14.520686,Sentence,0,8.675712
14.8241005,14.177281,Sentence,3,10.958231
13.730156,16.510593,Sentence,2,9.54052
13.386258,15.592083,Sentence,2,10.162904
13.186233,16.29861,Sentence,2,8.82228
12.396829,16.73278,Sentence,2,10.132299
13.416931,16.630573,Sentence,2,10.078293
14.603872,14.492502,Sentence,3,10.404251
11.507224,16.480715,Sentence,2,11.46581
12.611839,15.34902,Sentence,3,10.869165
13.817161,16.543995,Sentence,2,10.79225
11.669109,12.17052,Sentence,1,8.873869
12.340197,14.919726,Sentence,0,8.243042
13.771571,15.299499,Sentence,0,8.998719
12.292136,14.783107,Sentence,0,10.754931
11.66086,16.622622,Sentence,0,10.219039
14.421275,14.097272,Sentence,0,8.679676
13.808993,14.088118,Sentence,3,11.289106
12.844993,16.670803,Sentence,2,10.682988
14.393162,14.710443,Sentence,1,10.6145935
12.753782,16.015844,Sentence,2,9.601619
11.888548,14.643852,Sentence,3,10.394982
12.580662,17.041023,Sentence,2,10.861599
15.089301,13.842131,Sentence,3,10.180836
11.98746,15.887331,Sentence,2,9.146393
12.178288,15.853549,Sentence,0,9.241785
13.265672,16.936607,Sentence,2,9.958587
14.994836,13.730855,Sentence,3,9.954191
11.448651,16.119991,Sentence,0,10.319988
12.27547,15.721825,Sentence,0,8.590978
12.940911,16.477339,Sentence,2,10.044913
12.046136,16.171768,Sentence,0,9.473249
10.948564,12.243241,Sentence,3,9.083056
14.24106,16.778587,Sentence,2,9.412799
11.979569,14.225237,Sentence,0,9.002485
12.491502,16.46203,Sentence,0,8.838009
13.549803,13.031159,Sentence,1,7.425033
13.183339,16.360111,Sentence,2,9.799085
15.120812,13.403231,Sentence,3,10.125479
12.605413,16.552122,Sentence,2,9.488479
12.368984,14.863398,Sentence,3,10.704519
14.677725,22.164192,Sentence,1,14.591978
13.994466,16.702656,Sentence,2,9.408628
13.6893425,16.48494,Sentence,3,10.789739
11.912817,15.565647,Sentence,2,10.112766
12.930945,16.803461,Sentence,2,8.874065
12.239809,16.582392,Sentence,2,10.934668
11.7984295,13.416624,Sentence,0,8.79756
14.868007,13.83218,Sentence,3,11.279358
11.856753,14.131793,Sentence,0,8.487714
12.632285,15.956465,Sentence,2,9.744523
14.275142,14.673441,Sentence,1,10.424177
13.113823,16.2178,Sentence,2,9.169996
12.023997,14.933835,Sentence,0,8.021411
13.195764,16.667131,Sentence,2,9.471874
13.308198,14.087131,Sentence,1,9.218915
11.8504,15.94408,Sentence,0,9.570689
14.652166,14.811734,Sentence,1,9.80535
12.555279,16.827852,Sentence,2,9.375916
14.095291,14.529236,Sentence,1,11.0545845
14.216615,16.596481,Sentence,2,9.480489
14.658321,14.745871,Sentence,3,9.795491
14.129863,11.986615,Sentence,1,7.6989985
11.761308,16.471502,Sentence,2,10.512624
14.350505,15.305132,Sentence,1,10.048136
14.247266,14.488,Sentence,1,9.5680895
13.918211,13.763426,Sentence,0,9.214782
12.264446,16.07009,Sentence,0,9.178884
12.67369,16.389019,Sentence,2,10.499125
12.950764,17.06362,Sentence,0,10.679148
12.19681,16.35339,Sentence,2,9.811486
11.997761,16.119053,Sentence,3,11.330369
13.378984,16.873587,Sentence,2,9.5982485
12.21091,16.26741,Sentence,0,8.872996
12.935073,16.956635,Sentence,2,9.638062
15.191095,13.801707,Sentence,3,10.113494
13.385339,14.710963,Sentence,1,9.993988
13.295174,14.206602,Sentence,1,9.764472
14.502028,14.635435,Sentence,1,10.024864
12.772675,14.050407,Sentence,0,9.389557
12.287099,15.814269,Sentence,0,8.581138
13.122845,17.112375,Sentence,2,10.770333
11.792092,16.604168,Sentence,2,11.185826
14.885888,14.436691,Sentence,3,10.408059
13.391343,15.614608,Sentence,1,9.636648
12.796586,16.833782,Sentence,2,9.699823
12.443407,15.933694,Sentence,0,9.066634
13.091097,15.7023325,Sentence,0,8.613549
12.741892,15.740884,Sentence,0,9.247239
12.3792925,16.729704,Sentence,2,9.381203
12.089362,14.624502,Sentence,0,9.040528
11.448711,16.614216,Sentence,1,11.545928
12.833677,14.480107,Sentence,0,8.225025
13.148973,16.976578,Sentence,2,9.850825
14.089551,15.61669,Sentence,2,10.188574
14.149391,15.14821,Sentence,1,9.352701
12.567315,15.140034,Sentence,0,8.453336
14.73591,14.128247,Sentence,3,10.842149
13.376116,15.603869,Sentence,2,9.510316
13.136429,16.029638,Sentence,1,8.765212
13.6941595,16.186802,Sentence,2,8.941394
13.31512,11.438089,Sentence,1,10.782283
12.647287,16.53354,Sentence,2,10.903428
11.538469,17.095219,Sentence,0,11.03719
13.564988,15.412112,Sentence,3,11.355394
11.551334,13.058736,Sentence,1,8.691236
11.981041,16.207245,Sentence,2,9.205289
13.770797,14.824713,Sentence,1,11.421072
13.576514,16.643753,Sentence,2,10.122626
13.641369,13.422248,Sentence,3,10.486459
12.071868,12.925861,Sentence,1,9.010003
13.022324,13.821902,Sentence,1,8.993026
13.968649,14.46622,Sentence,1,10.532513
12.341974,15.610027,Sentence,2,10.10694
12.543651,13.533769,Sentence,0,9.470781
12.912197,17.212063,Sentence,1,10.947145
11.2755785,14.811803,Sentence,3,10.650552
14.286886,15.105904,Sentence,2,10.483619
13.555099,15.643556,Sentence,2,9.535212
13.338324,16.566418,Sentence,2,9.120191
12.02775,16.40442,Sentence,2,10.097747
12.949742,16.011843,Sentence,0,8.579485
13.307112,15.959405,Sentence,0,9.149671
12.199667,15.140186,Sentence,0,8.607911
12.038488,16.078257,Sentence,0,8.766639
13.999771,15.117248,Sentence,0,8.674966
12.3279505,16.205767,Sentence,2,8.881235
13.228093,16.462152,Sentence,2,9.292719
11.754969,16.661049,Sentence,0,10.551115
13.903735,12.336351,Sentence,1,8.41054
15.062436,14.005689,Sentence,3,11.229466
12.264581,16.4453,Sentence,2,9.15219
13.493933,16.117601,Sentence,0,9.201027
12.927092,14.593308,Sentence,0,8.274105
11.887597,16.11726,Sentence,0,9.495762
13.127404,16.837666,Sentence,2,9.160526
13.448852,15.723023,Sentence,0,8.793369
14.363156,14.313044,Sentence,3,9.68031
13.868031,16.784258,Sentence,2,9.527718
14.686566,14.703242,Sentence,2,10.50338
12.377477,15.588648,Sentence,2,10.758498
12.848495,16.414728,Sentence,2,9.614644
11.950398,16.21871,Sentence,2,9.45706
13.260839,14.943692,Sentence,0,8.314022
12.02729,11.605566,Sentence,3,9.397884
12.494318,16.153912,Sentence,2,10.392305
13.4722,16.10222,Sentence,2,9.934709
14.187537,13.7984915,Sentence,1,10.975368
12.448966,16.637526,Sentence,0,9.128394
12.987483,16.605448,Sentence,2,9.393981
12.692392,15.012058,Sentence,2,11.083828
12.784839,16.361675,Sentence,2,9.638306
12.305013,14.948277,Sentence,0,8.408211
13.187284,16.710394,Sentence,2,9.139564
13.78259,14.2012415,Sentence,1,9.984626
13.460036,15.673124,Sentence,2,10.383014
13.842318,14.975187,Sentence,0,8.877507
13.783926,15.704294,Sentence,2,9.551936
12.767664,17.176006,Sentence,2,11.059751
13.344045,16.303091,Sentence,2,11.043036
13.759529,16.736973,Sentence,2,9.6232395
14.743771,13.8373995,Sentence,3,10.863245
11.874545,16.335539,Sentence,3,10.985374
14.437604,14.17757,Sentence,3,11.163944
13.864246,12.502535,Sentence,1,8.244956
12.901885,15.44072,Sentence,0,8.639017
14.053746,14.40941,Sentence,0,8.578602
12.413689,14.30782,Sentence,0,8.734086
14.52702,14.615557,Sentence,3,10.286818
12.001931,17.086956,Sentence,1,10.92724
12.0772705,16.452572,Sentence,2,10.346867
14.65339,15.042399,Sentence,1,10.841324
13.563161,16.484755,Sentence,2,10.036347
12.690718,9.068253,Sentence,3,13.926648
14.804813,13.896047,Sentence,3,9.939582
13.822023,16.693392,Sentence,2,9.862227
13.403033,13.628115,Sentence,3,11.25555
14.246915,16.247835,Sentence,2,9.868622
12.113767,16.206285,Sentence,0,10.285902
13.77895,16.63255,Sentence,2,9.485862
12.158352,16.328985,Sentence,0,9.504608
14.235034,14.648226,Sentence,0,8.845936
13.953594,16.156395,Sentence,2,10.221205
12.446036,16.409702,Sentence,2,10.080831
14.40857,15.9419775,Sentence,1,9.074824
12.673177,16.239416,Sentence,2,9.848619
14.120625,15.322925,Sentence,2,10.099006
14.375091,14.597679,Sentence,3,10.246981
14.409233,13.747831,Sentence,3,10.831094
12.370133,16.685987,Sentence,2,9.548788
13.419044,16.974295,Sentence,2,9.723871
12.724459,15.669768,Sentence,0,8.852193
12.05522,15.0718,Sentence,0,9.510999
13.539331,16.80135,Sentence,2,10.239996
15.048263,13.582794,Sentence,3,9.718228
10.814264,14.6168,Sentence,1,9.91548
13.900169,15.115465,Sentence,2,10.479507
12.300033,15.676665,Sentence,2,10.168255
14.112092,12.872313,Sentence,1,10.283935
11.975903,17.124313,Sentence,3,11.565126
11.947216,16.602528,Sentence,3,11.89669
14.027122,15.344036,Sentence,2,9.16291
13.426773,15.890567,Sentence,2,8.636787
12.106556,16.642868,Sentence,2,9.60648
14.057612,16.286297,Sentence,2,9.337477
12.213713,16.020111,Sentence,0,8.746914
11.762666,-0.96197337,Sentence,3,11.303232
13.513914,16.835405,Sentence,2,9.391818
13.063119,16.210342,Sentence,2,9.095213
13.339636,16.563732,Sentence,2,10.761042
12.451747,15.996218,Sentence,2,8.981798
13.775116,15.238163,Sentence,0,8.534169
14.959089,13.864253,Sentence,3,11.29212
13.016604,15.298704,Sentence,0,8.735214
13.060704,16.536007,Sentence,2,10.396543
13.798641,15.949791,Sentence,2,10.309739
11.631106,14.979723,Sentence,2,10.515398
13.617076,15.047025,Sentence,2,10.923601
13.009933,13.867137,Sentence,1,9.5011
14.407874,15.882242,Sentence,2,8.914599
13.252251,16.839485,Sentence,2,9.238802
11.825553,12.026519,Sentence,1,9.219199
12.515333,15.108719,Sentence,0,8.474941
11.773509,13.463511,Sentence,1,8.786629
12.882473,16.639303,Sentence,2,9.203163
14.819496,14.268795,Sentence,3,10.772603
14.338765,15.289366,Sentence,0,9.325999
12.355177,16.417622,Sentence,2,10.058208
12.151194,16.971886,Sentence,2,10.843383
14.103806,11.7992935,Sentence,1,9.061749
12.238146,16.999334,Sentence,0,10.307286
12.172278,15.888779,Sentence,0,8.523836
13.730829,13.887494,Sentence,1,8.7462015
14.971288,14.08054,Sentence,3,10.575271
15.688884,13.558923,Sentence,3,10.163318
12.881163,16.552656,Sentence,2,9.014372
13.364509,9.615337,Sentence,1,6.576914
11.938439,16.49566,Sentence,3,11.701946
11.783333,13.540747,Sentence,1,8.903736
11.889361,16.432877,Sentence,2,10.944883
14.871235,14.274225,Sentence,3,10.351396
11.540023,13.066286,Sentence,1,9.164665
13.06695,16.056435,Sentence,2,9.573406
14.188842,16.682276,Sentence,2,9.484536
12.3335,16.222029,Sentence,2,9.3467655
12.063068,12.402432,Sentence,1,8.7007
11.7440195,16.593359,Sentence,2,11.268159
16.918446,10.459838,Sentence,1,15.674287
12.565234,15.722286,Sentence,0,8.432349
13.9035845,15.494138,Sentence,1,9.78471
13.519281,13.458803,Sentence,3,11.330161
14.68858,13.370349,Sentence,1,9.85369
13.081116,13.572921,Sentence,1,8.769669
11.985755,13.204519,Sentence,1,8.603332
12.616345,17.023348,Sentence,2,10.33997
14.491245,14.078124,Sentence,1,9.8303995
12.790213,16.83046,Sentence,2,9.835068
13.4112425,14.941609,Sentence,2,9.915812
12.612034,15.561366,Sentence,1,10.298924
12.407777,16.056765,Sentence,2,9.412979
14.345458,16.153662,Sentence,0,8.666715
14.462452,15.980239,Sentence,2,8.853859
11.900903,14.226584,Sentence,0,8.877263
12.574117,16.675713,Sentence,2,10.338654
14.734139,14.10973,Sentence,3,9.613305
11.737623,17.11743,Sentence,2,11.2451105
11.764741,16.712427,Sentence,2,10.413838
12.620516,14.445903,Sentence,1,10.64168
12.88066,15.313014,Sentence,0,8.505143
13.703582,16.83888,Sentence,2,9.728409
12.612721,16.753834,Sentence,2,9.054119
13.561601,15.509029,Sentence,1,10.750637
14.023501,16.746298,Sentence,2,9.526956
14.216249,14.683908,Sentence,1,9.996509
12.85594,13.500798,Sentence,1,8.749023
14.593886,15.986443,Sentence,1,8.645366
13.276835,13.790483,Sentence,1,9.69821
12.414152,16.382275,Sentence,2,9.594844
12.359628,14.311381,Sentence,0,8.511533
11.927458,17.0125,Sentence,0,10.764241
11.707959,14.094834,Sentence,0,8.436944
14.340214,14.129485,Sentence,3,11.12963
14.259136,15.589876,Sentence,2,10.284094
12.194006,14.723615,Sentence,0,8.286244
12.286082,16.834335,Sentence,2,10.083868
12.787864,15.036195,Sentence,2,11.251819
12.44654,16.239922,Sentence,2,9.661256
13.881264,14.417967,Sentence,1,11.002947
14.041544,15.48738,Sentence,1,9.701004
13.735602,12.174569,Sentence,1,8.537524
14.577507,15.946078,Sentence,1,8.717198
13.644609,14.904276,Sentence,1,9.572197
12.428243,14.211476,Sentence,1,8.666229
13.181898,16.052546,Sentence,0,8.950838
9.642749,8.1255,Sentence,3,15.04701
12.350735,15.594812,Sentence,0,9.145901
11.76317,15.384296,Sentence,0,9.193199
14.111215,14.973013,Sentence,2,9.82403
11.739407,12.136163,Sentence,1,9.144377
13.197427,16.507008,Sentence,2,9.4583645
12.324064,16.17188,Sentence,2,8.971844
14.691675,13.552041,Sentence,3,10.6140375
11.31865,15.546078,Sentence,3,10.54636
13.950554,12.993528,Sentence,1,10.1882305
12.388548,16.908875,Sentence,2,11.193722
13.201812,16.470844,Sentence,2,9.315429
11.773252,17.088379,Sentence,2,10.655756
14.227791,15.141958,Sentence,1,9.168866
14.402275,14.331363,Sentence,3,10.1662445
14.2875185,14.602663,Sentence,1,9.612515
11.454441,13.656152,Sentence,0,8.576353
12.945044,15.3343935,Sentence,1,9.036414
12.814752,14.327936,Sentence,3,10.838159
11.898112,15.546349,Sentence,0,9.694057
13.661232,15.850502,Sentence,2,10.89244
14.230362,16.56544,Sentence,1,9.576303
11.824041,16.47088,Sentence,2,11.006654
12.979483,15.355154,Sentence,0,8.559487
14.167143,15.8156185,Sentence,1,9.150046
12.287949,16.76851,Sentence,2,9.443768
12.634334,15.262468,Sentence,0,11.065279
12.904821,14.858201,Sentence,0,8.881115
13.701616,14.209864,Sentence,1,10.632011
13.867969,15.997115,Sentence,2,9.072044
13.881691,15.384446,Sentence,1,9.450569
12.921712,16.998013,Sentence,2,10.495394
12.335897,15.883961,Sentence,0,9.420025
13.372101,15.66709,Sentence,2,10.211393
12.832218,15.141801,Sentence,0,8.502926
12.486546,16.64026,Sentence,2,10.400182
14.213284,15.831607,Sentence,2,10.777414
13.275846,16.453032,Sentence,2,9.764158
11.643656,13.314712,Sentence,0,8.666438
12.157789,16.09531,Sentence,2,11.165389
14.161519,16.75958,Sentence,1,9.400968
12.963128,16.756973,Sentence,2,9.95867
14.651879,13.996095,Sentence,3,9.869734
12.487831,15.8787775,Sentence,0,9.945801
12.221711,11.585089,Sentence,3,9.519063
13.871324,16.474234,Sentence,2,9.100809
15.295575,14.045227,Sentence,1,9.626779
13.923683,15.812474,Sentence,2,10.08265
14.587333,13.548721,Sentence,3,10.625728
14.492115,13.57964,Sentence,3,11.052968
12.634857,16.727995,Sentence,2,11.4022045
12.295059,16.480556,Sentence,2,9.280697
13.89695,13.226728,Sentence,3,12.65028
13.722054,14.49517,Sentence,0,9.324947
14.514358,13.661602,Sentence,3,10.085577
13.410746,16.632334,Sentence,2,8.98336
15.288175,11.524713,Sentence,1,8.006958
12.217912,16.162539,Sentence,0,8.647465
13.194668,16.882687,Sentence,2,9.708709
13.17399,16.158268,Sentence,2,9.265556
12.778894,14.496226,Sentence,0,8.97039
13.008877,15.037445,Sentence,0,9.430909
15.349087,13.456971,Sentence,3,10.12394
12.608166,16.556574,Sentence,2,8.94556
12.923765,15.723421,Sentence,2,9.906733
14.0143385,16.71661,Sentence,2,9.594421
14.637091,14.3553915,Sentence,1,10.342274
12.78813,16.024155,Sentence,2,9.337408
12.081612,13.182948,Sentence,1,9.13903
13.262717,15.535131,Sentence,0,8.323341
12.03109,15.826226,Sentence,0,8.914488
12.951281,16.197739,Sentence,2,9.921541
12.712966,9.82021,Sentence,1,1.5969301
13.790612,14.564521,Sentence,1,9.962586
12.427718,13.185581,Sentence,1,8.685055
11.765745,-0.9606833,Sentence,3,11.302149
11.660584,13.459186,Sentence,0,8.978219
13.384202,16.486126,Sentence,2,9.280883
13.267078,16.776493,Sentence,2,9.319882
12.968138,16.24405,Sentence,0,8.880004
12.595992,13.480936,Sentence,1,8.670396
13.707198,14.98994,Sentence,0,9.082435
13.445727,14.495429,Sentence,0,8.254013
12.16527,16.381954,Sentence,2,9.3263645
12.1986265,16.202883,Sentence,0,9.370226
13.856477,13.733215,Sentence,1,8.711726
13.200793,15.667233,Sentence,0,8.938137
11.438282,16.423193,Sentence,0,10.678183
13.007168,16.3958,Sentence,2,9.883332
11.540656,16.438297,Sentence,3,11.599012
13.085429,16.266962,Sentence,2,9.489187
13.798323,16.083578,Sentence,2,9.051423
14.597324,15.22678,Sentence,1,10.988959
12.707185,16.638462,Sentence,0,8.916859
14.752386,14.20714,Sentence,3,10.987015
13.688715,14.962983,Sentence,1,10.472662
14.9145,14.442504,Sentence,2,10.885479
13.135997,16.059864,Sentence,2,10.661247
13.289771,15.9510765,Sentence,2,9.2523985
13.170353,15.741548,Sentence,0,8.995796
12.488305,16.161345,Sentence,0,8.705254
12.036788,16.80506,Sentence,2,10.796013
13.326164,16.765793,Sentence,2,9.283161
12.262976,15.314007,Sentence,0,8.652263
14.447672,13.477745,Sentence,3,10.453566
12.586889,15.226544,Sentence,0,8.468539
13.740646,16.67795,Sentence,2,9.897137
14.623325,15.940718,Sentence,1,8.631392
13.995973,13.742385,Sentence,1,10.204843
13.621946,13.486844,Sentence,3,10.588313
14.688085,13.531066,Sentence,1,9.503922
14.363388,16.207394,Sentence,2,9.330796
15.336199,11.291712,Sentence,1,9.208938
12.8062315,14.513224,Sentence,0,8.802582
13.640935,14.377963,Sentence,1,11.472876
13.951233,15.305035,Sentence,1,9.947581
11.816043,16.08166,Sentence,0,9.13642
12.988261,16.712189,Sentence,2,9.224249
12.209268,13.623676,Sentence,0,8.538396
14.056025,14.690752,Sentence,1,9.907016
14.716427,13.9755125,Sentence,3,11.010282
13.921996,14.9710655,Sentence,2,10.217247
13.461334,15.568099,Sentence,2,9.892775
13.973194,15.280686,Sentence,2,11.282735
11.889819,14.630973,Sentence,0,8.2956915
12.080028,11.525053,Sentence,3,9.465149
12.217646,13.401648,Sentence,1,9.107383
13.869451,12.373283,Sentence,1,8.182726
13.684687,12.241721,Sentence,1,7.1029463
12.870492,14.774852,Sentence,0,8.203201
11.906881,13.350088,Sentence,1,8.944339
12.875753,15.792891,Sentence,2,10.23433
15.33488,11.299007,Sentence,1,9.212273
13.554287,14.8703985,Sentence,2,9.706172
12.369466,13.880254,Sentence,0,8.597798
14.346086,14.47438,Sentence,1,9.616798
12.800239,15.868012,Sentence,2,9.25227
11.795808,16.38061,Sentence,0,10.046658
14.118671,16.754631,Sentence,2,9.592402
13.22128,16.516342,Sentence,0,8.992831
12.714399,16.179316,Sentence,0,8.693546
13.998095,16.25606,Sentence,1,9.506064
14.377919,13.59696,Sentence,3,9.619825
11.607254,15.621649,Sentence,2,10.323027
14.326723,15.270396,Sentence,2,9.270303
12.238059,16.196453,Sentence,0,9.541161
11.672592,16.690031,Sentence,3,11.108375
12.059372,16.53107,Sentence,2,10.569665
12.808308,13.829489,Sentence,0,10.487034
12.168118,16.376379,Sentence,2,10.759228
14.505814,15.364126,Sentence,2,10.595914
14.040775,13.876611,Sentence,1,8.892248
12.939553,14.739063,Sentence,1,8.216913
12.999062,15.940468,Sentence,2,9.452204
12.49643,14.662985,Sentence,0,10.077948
9.642603,8.125333,Sentence,3,15.047143
12.446756,13.230584,Sentence,1,9.387633
12.971829,15.999501,Sentence,0,8.526614
12.688638,14.519481,Sentence,0,8.600242
13.293115,14.82794,Sentence,2,9.97503
13.474593,14.984038,Sentence,2,10.715462
12.983807,15.970385,Sentence,2,9.392121
11.857988,16.599234,Sentence,2,10.187726
12.328846,14.087041,Sentence,1,10.377988
13.721672,16.849888,Sentence,2,9.745102
14.663611,14.758075,Sentence,2,9.818711
13.436049,16.554594,Sentence,2,9.74306
12.97895,15.765732,Sentence,0,8.709877
13.000409,14.474068,Sentence,3,10.55595
14.175076,14.853373,Sentence,2,10.1862755
13.699225,14.697994,Sentence,2,10.107409
12.359932,16.181498,Sentence,0,8.643928
13.458692,14.998262,Sentence,1,9.657975
12.387724,14.963054,Sentence,0,8.817055
12.160324,11.757582,Sentence,3,9.415383
12.588247,16.733402,Sentence,2,9.764426
13.678696,16.594902,Sentence,3,9.6410055
13.96363,13.999862,Sentence,3,11.2340765
14.06872,15.734611,Sentence,2,9.745216
11.941586,14.200361,Sentence,1,9.833382
13.027331,14.530977,Sentence,0,8.439971
11.914919,17.088654,Sentence,3,11.752337
13.322409,16.190172,Sentence,2,9.860722
12.300187,16.493557,Sentence,2,9.129837
13.062739,15.293934,Sentence,1,11.930547
12.890073,15.300415,Sentence,1,12.310858
14.558757,13.551543,Sentence,1,9.473057
13.445368,15.139088,Sentence,2,10.204324
13.471957,16.162235,Sentence,2,10.502079
14.570438,16.175503,Sentence,1,9.826113
11.7341795,16.544178,Sentence,2,9.917723
11.885758,16.675533,Sentence,0,9.956493
13.81793,14.329838,Sentence,0,8.449389
12.570563,16.639135,Sentence,2,10.840307
12.135405,16.311613,Sentence,3,10.867547
13.866454,16.555962,Sentence,2,9.853354
14.106464,11.799305,Sentence,1,9.061825
14.5836115,15.79723,Sentence,1,8.806553
12.713008,9.820179,Sentence,1,1.5968975
13.217068,16.475645,Sentence,2,9.058646
14.245498,14.761065,Sentence,1,10.021753
13.9739685,12.312285,Sentence,1,7.6471167
12.6309,16.334444,Sentence,0,8.876379
13.717248,15.041549,Sentence,2,9.827303
13.34515,16.250729,Sentence,2,9.119356
13.63116,16.429377,Sentence,2,9.551607
11.974959,16.63404,Sentence,2,10.986218
13.604624,15.705268,Sentence,1,10.368831
11.492351,16.700321,Sentence,1,10.810217
12.811209,16.863712,Sentence,2,10.237951
13.368851,16.807869,Sentence,2,9.426682
14.045598,14.626014,Sentence,1,9.933327
12.260948,15.808245,Sentence,0,9.395489
11.49597,16.572987,Sentence,3,11.1789255
11.702579,12.117546,Sentence,1,9.122803
13.029887,16.212238,Sentence,2,9.03337
12.914736,16.425798,Sentence,2,9.269433
13.105131,14.0808735,Sentence,0,8.792683
12.561524,16.650251,Sentence,2,9.360681
13.127177,15.784967,Sentence,2,8.910982
14.416665,14.7098255,Sentence,1,9.966938
11.651699,13.05051,Sentence,0,8.677475
12.174573,15.525443,Sentence,0,8.61567
12.400908,13.978485,Sentence,1,10.537435
12.388842,16.28981,Sentence,2,10.180114
13.160502,15.271452,Sentence,0,8.971263
12.264622,16.746874,Sentence,2,10.023873
14.019218,14.50617,Sentence,0,8.852599
13.678242,12.260215,Sentence,0,7.134496
12.243529,15.978092,Sentence,0,8.926585
14.471702,15.905642,Sentence,1,9.0915985
13.524571,16.523552,Sentence,2,9.095484
12.333603,14.590915,Sentence,0,8.422463
12.308218,15.577599,Sentence,2,10.776641
13.9155445,16.84803,Sentence,3,10.272414
11.723926,15.4632225,Sentence,0,9.940156
13.4678135,10.771512,Sentence,1,7.3900733
14.472791,15.177402,Sentence,1,9.98374
13.245969,16.372826,Sentence,1,11.229683
13.482819,14.368872,Sentence,1,10.075042
13.229805,16.78358,Sentence,2,9.118029
11.640657,13.751974,Sentence,0,8.445241
14.891463,13.84079,Sentence,3,11.277986
12.868847,16.0954,Sentence,0,8.494226
13.252164,15.050665,Sentence,1,9.647943
13.417281,16.365004,Sentence,2,9.508073
13.930821,12.646432,Sentence,1,8.510858
13.075258,16.36742,Sentence,2,9.585836
14.702296,11.463368,Sentence,1,7.0235505
15.132895,14.209743,Sentence,1,9.707789
11.978559,16.710457,Sentence,2,10.796233
11.981061,14.496804,Sentence,0,8.4635315
14.248831,15.988944,Sentence,2,9.434138
11.818168,13.410086,Sentence,1,8.782525
13.669067,15.489671,Sentence,2,10.339748
13.48736,16.291517,Sentence,2,9.149865
14.272107,15.198774,Sentence,2,10.690109
14.91396,13.95634,Sentence,3,10.036271
13.845806,12.636177,Sentence,1,8.011504
12.230739,16.60388,Sentence,2,10.710148
12.488209,16.793493,Sentence,2,10.86259
12.640157,16.419994,Sentence,2,8.826463
14.11472,12.766776,Sentence,1,9.052539
12.09321,14.382654,Sentence,3,11.522039
14.593957,15.979303,Sentence,1,8.6297035
13.785782,16.587444,Sentence,2,9.903416
12.814814,15.045717,Sentence,2,9.8589
14.23367,16.641077,Sentence,2,9.566121
13.688905,14.476083,Sentence,1,9.363657
12.941628,15.781508,Sentence,2,10.308885
13.249442,15.966904,Sentence,2,9.084686
12.57493,16.509972,Sentence,2,9.497119
13.384994,16.203857,Sentence,2,11.225484
12.136876,14.90842,Sentence,0,8.326039
12.335584,16.641323,Sentence,2,9.592964
12.178934,15.041881,Sentence,0,8.126152
15.427937,11.937711,Sentence,1,11.058033
12.074101,15.46221,Sentence,0,8.555703
12.207365,11.796428,Sentence,3,9.48651
14.321725,14.829738,Sentence,1,10.640406
13.835989,15.941569,Sentence,2,10.192831
12.05207,14.962826,Sentence,1,8.743107
12.977666,14.840372,Sentence,0,8.212659
13.964603,13.715182,Sentence,1,10.327144
11.847103,13.306653,Sentence,1,8.667266
12.327284,15.806514,Sentence,0,9.8689785
11.839669,16.851301,Sentence,2,10.260832
13.19825,13.641403,Sentence,3,11.0308695
13.321122,17.064268,Sentence,2,9.811104
14.36476,14.854921,Sentence,1,9.041079
12.58952,15.619508,Sentence,0,8.560856
13.946385,16.317322,Sentence,2,9.855542
12.691851,14.690803,Sentence,0,8.440561
13.768099,12.3057,Sentence,1,8.12465
13.527769,14.527652,Sentence,0,9.004404
12.1887665,16.14184,Sentence,0,8.731783
13.697697,16.423424,Sentence,2,9.2569275
15.439506,13.806671,Sentence,3,9.979997
13.905276,13.240942,Sentence,3,12.645739
14.932542,13.374478,Sentence,3,9.7542305
12.257614,16.524363,Sentence,2,9.759213
11.974557,16.477987,Sentence,2,10.892308
12.654152,15.834372,Sentence,0,8.522047
12.131438,15.416987,Sentence,0,8.536097
12.875342,16.313393,Sentence,2,9.384786
13.00666,13.931837,Sentence,3,10.510846
13.142142,15.820955,Sentence,0,8.712886
11.947448,14.739435,Sentence,2,10.569136
14.234636,15.385658,Sentence,2,9.797233
12.758329,16.760141,Sentence,2,10.267563
12.925081,16.682215,Sentence,2,9.255309
13.47205,15.55404,Sentence,2,9.064519
12.676572,15.99649,Sentence,2,9.493922
12.669987,16.007002,Sentence,2,9.152827
11.921877,16.12423,Sentence,0,9.514586
14.225216,16.148325,Sentence,2,9.758955
12.690759,9.067953,Sentence,3,13.926879
12.178321,16.631111,Sentence,2,9.747739
14.360065,13.942686,Sentence,3,11.184264
12.401434,16.662048,Sentence,2,10.359374
12.714452,14.83102,Sentence,0,8.273627
12.590858,16.199228,Sentence,0,8.924883
11.524484,13.003964,Sentence,1,9.24706
13.554987,14.400818,Sentence,3,9.796992
12.7043705,16.480764,Sentence,2,9.82902
11.655807,14.618649,Sentence,0,8.966902
13.049321,16.53795,Sentence,2,9.561107
12.342556,15.790325,Sentence,2,10.29484
11.98623,16.428217,Sentence,2,10.969166
13.223957,16.330713,Sentence,0,8.70977
11.310827,12.323145,Sentence,1,8.93974
11.814516,16.2165,Sentence,2,10.507059
12.350329,15.097408,Sentence,2,10.5815115
14.865809,14.058004,Sentence,1,10.109081
13.598579,16.855944,Sentence,2,10.083122
15.024901,13.891552,Sentence,1,9.6880865
12.904169,15.039438,Sentence,1,12.632966
12.473313,15.162755,Sentence,0,8.316788
12.746841,16.754583,Sentence,2,10.512462
12.95952,17.06995,Sentence,2,9.710307
12.492318,12.964631,Sentence,1,11.121615
12.657972,14.319735,Sentence,0,8.478912
12.426219,16.940788,Sentence,2,9.979093
14.338276,14.617526,Sentence,1,10.555096
12.19653,16.622341,Sentence,3,10.955165
11.79366,15.032627,Sentence,0,8.7834
13.018042,16.57605,Sentence,2,9.487315
13.612867,13.463882,Sentence,1,10.171491
12.541817,17.032003,Sentence,2,11.106564
13.350479,15.494963,Sentence,0,9.553488
13.172726,13.987096,Sentence,1,10.027174
13.268579,14.704908,Sentence,1,9.802173
12.087097,12.511934,Sentence,1,8.427536
14.790619,14.112365,Sentence,3,10.881884
12.139773,14.833283,Sentence,0,8.627503
13.711254,13.839832,Sentence,1,9.371816
14.252408,16.101921,Sentence,1,8.784894
11.127235,12.137363,Sentence,1,8.77494
11.891709,14.561905,Sentence,0,8.454796
12.991878,16.599789,Sentence,2,9.740687
13.738955,15.695429,Sentence,1,8.976817
14.022882,14.325592,Sentence,1,11.195319
13.188845,16.028172,Sentence,2,9.499938
11.433709,13.063561,Sentence,1,9.592985
11.757249,13.805364,Sentence,0,8.701312
14.467792,13.740092,Sentence,3,11.280141
12.227466,11.550418,Sentence,3,9.523066
13.666989,14.21134,Sentence,1,10.057398
12.454694,16.308435,Sentence,0,8.733113
13.081953,16.462757,Sentence,2,9.804727
12.025337,12.232307,Sentence,1,9.124461
13.621471,15.69406,Sentence,2,9.426813
13.303136,15.290705,Sentence,0,9.284618
13.204514,15.824552,Sentence,2,9.856587
13.247215,14.608529,Sentence,1,8.286081
13.824017,15.065883,Sentence,1,9.258166
13.989442,16.715263,Sentence,2,9.665998
11.748826,13.624893,Sentence,0,8.481794
9.642513,8.125191,Sentence,3,15.047251
12.902481,15.966462,Sentence,2,8.715442
14.099775,16.098135,Sentence,2,10.764977
13.426905,16.220806,Sentence,2,9.772259
14.05874,15.001753,Sentence,1,8.393372
13.091648,16.524729,Sentence,2,9.846103
12.129257,16.169952,Sentence,0,8.936582
15.062215,13.881986,Sentence,3,11.294025
12.94005,16.609083,Sentence,2,9.784611
13.586938,15.957859,Sentence,2,9.303149
14.247603,15.531094,Sentence,2,10.14838
12.326848,16.803543,Sentence,2,11.424472
12.093666,14.955795,Sentence,0,10.095324
13.867138,16.229593,Sentence,2,10.085646
12.882932,17.232864,Sentence,2,11.106052
13.0833235,15.764912,Sentence,0,9.738395
14.132398,16.68231,Sentence,1,10.19958
12.424167,16.797867,Sentence,2,9.46152
14.418842,14.861363,Sentence,1,9.588812
14.09022,14.453113,Sentence,3,9.802525
12.271624,16.4642,Sentence,2,9.924124
12.801084,16.972237,Sentence,2,10.433883
11.921905,14.496281,Sentence,1,10.343285
14.904602,13.943239,Sentence,3,10.85808
12.005457,16.142405,Sentence,0,9.2792425
15.1656,13.494902,Sentence,3,9.9808235
12.83889,14.423654,Sentence,1,9.275454
14.212028,15.524003,Sentence,1,9.630447
12.672819,16.55097,Sentence,2,9.161136
14.5510845,15.942685,Sentence,1,8.6684675
13.442377,15.342221,Sentence,2,8.898413
13.968479,16.153215,Sentence,2,9.710928
13.251197,16.794409,Sentence,2,9.648139
12.290243,14.283466,Sentence,0,8.57053
14.184827,15.934233,Sentence,2,8.971542
13.274551,15.066497,Sentence,2,9.893698
12.30926,16.392443,Sentence,0,9.34601
13.65322,12.482847,Sentence,1,10.521859
13.98116,16.11316,Sentence,2,9.851975
13.709213,13.959827,Sentence,3,10.017362
12.417234,16.385813,Sentence,2,10.143825
15.093703,11.818157,Sentence,1,8.160769
13.657636,15.481946,Sentence,3,10.599911
14.766906,13.944757,Sentence,3,11.315889
12.721016,17.03355,Sentence,2,10.7278595
12.673809,15.442324,Sentence,0,8.736214
12.040297,16.961962,Sentence,2,10.435732
12.840454,15.747086,Sentence,0,9.472963
12.163131,15.425018,Sentence,0,8.436642
11.994749,14.330894,Sentence,0,8.748034
14.401788,13.701033,Sentence,1,9.308906
14.231665,13.851664,Sentence,3,10.600426
11.464292,13.461084,Sentence,0,8.4987755
15.507083,13.555601,Sentence,3,9.870761
12.436643,16.660334,Sentence,2,9.4409275
12.502055,16.545597,Sentence,0,9.478652
14.5361595,14.948325,Sentence,1,9.74632
13.682092,14.356039,Sentence,0,9.05005
12.551994,17.060652,Sentence,0,10.536868
11.791836,13.540651,Sentence,1,9.768717
11.731494,15.885458,Sentence,2,10.177278
12.954394,14.770174,Sentence,0,8.138294
12.756129,15.571493,Sentence,1,10.802045
13.821025,12.996297,Sentence,1,8.390637
11.596848,13.39676,Sentence,0,8.579407
13.0564995,16.141108,Sentence,2,9.771632
12.440388,17.062794,Sentence,2,11.302173
14.071793,15.952011,Sentence,2,9.855202
11.831698,16.72885,Sentence,0,10.352725
14.942724,14.169236,Sentence,3,10.963671
11.794062,13.7657175,Sentence,0,8.789709
13.796033,13.007942,Sentence,1,10.44822
11.936565,16.484352,Sentence,2,10.726648
11.952495,15.634137,Sentence,0,10.388143
15.753852,13.432909,Sentence,3,9.997943
13.50273,15.277871,Sentence,1,8.910507
11.660539,13.4077015,Sentence,1,8.930792
12.8010845,14.568745,Sentence,0,8.37974
12.805061,14.519662,Sentence,0,8.405972
12.994314,15.848284,Sentence,0,8.703754
12.625782,16.614695,Sentence,2,8.879905
13.512691,13.434501,Sentence,1,9.127355
13.660355,15.947378,Sentence,2,10.42836
14.0951185,12.039241,Sentence,1,7.7346745
14.559093,15.998163,Sentence,1,8.637195
13.707153,14.341316,Sentence,0,8.496222
13.1290045,14.101473,Sentence,0,8.456445
13.34908,13.928194,Sentence,1,8.891969
12.813661,17.235449,Sentence,2,11.119752
14.6776705,22.16346,Sentence,1,14.591454
15.265567,13.991894,Sentence,3,9.813909
14.426966,15.475754,Sentence,2,10.423876
12.145164,16.105726,Sentence,2,10.660083
11.942373,16.619137,Sentence,2,11.45137
12.08758,16.743473,Sentence,2,10.891731
13.702467,16.396616,Sentence,2,9.619604
14.333537,14.814668,Sentence,1,9.996438
11.899771,13.192646,Sentence,1,8.901341
14.704255,15.093634,Sentence,3,10.9245
14.128292,15.265572,Sentence,3,10.991327
12.580583,15.233553,Sentence,0,8.626491
12.274087,15.062081,Sentence,0,8.509141
12.898526,16.812176,Sentence,2,10.545152
11.773439,16.750685,Sentence,2,10.409263
14.313855,13.579115,Sentence,3,11.347394
14.774487,12.217266,Sentence,1,8.58435
12.217655,14.733788,Sentence,0,8.312969
13.43541,13.759213,Sentence,1,8.760521
13.094907,14.259239,Sentence,1,9.05579
13.589706,16.313763,Sentence,2,9.418353
12.8015375,16.507574,Sentence,2,11.326175
13.16042,14.282456,Sentence,0,8.440019
14.026563,15.074785,Sentence,1,8.33595
12.622627,16.482035,Sentence,2,9.180176
13.474621,16.516182,Sentence,2,9.599098
12.822847,15.329548,Sentence,2,12.244596
12.054166,16.98106,Sentence,0,10.364491
12.885616,15.95467,Sentence,2,10.533907
12.712139,16.589233,Sentence,2,9.4575205
15.136996,13.267704,Sentence,1,9.970937
13.479179,15.86658,Sentence,0,9.3630295
12.156411,14.070657,Sentence,0,8.526687
13.311055,15.934492,Sentence,2,9.766884
15.6707115,13.645922,Sentence,3,10.0631
12.657951,15.958547,Sentence,0,8.778859
13.517879,16.24525,Sentence,2,9.217985
13.843115,14.713445,Sentence,0,8.771406
13.8964815,12.665443,Sentence,1,8.110131
11.820814,13.983636,Sentence,0,9.901786
13.432534,16.651314,Sentence,2,9.127024
13.8833885,16.714928,Sentence,2,9.477392
13.756147,16.901005,Sentence,2,9.356402
13.7763195,13.400361,Sentence,1,9.317302
15.134168,13.878589,Sentence,3,10.227327
13.059811,14.627606,Sentence,1,8.187005
12.8884115,16.812454,Sentence,2,9.8480625
12.17533,13.083931,Sentence,1,8.599625
12.040684,16.252163,Sentence,0,9.18791
12.5584135,15.555223,Sentence,0,9.240446
14.594094,14.685784,Sentence,1,10.877447
13.750707,12.940121,Sentence,1,10.683267
14.318832,14.7345295,Sentence,1,11.025637
13.158135,14.318362,Sentence,0,9.614591
12.220634,11.5690975,Sentence,3,9.522689
12.102276,15.886719,Sentence,0,8.992069
13.381123,13.055599,Sentence,3,11.279471
11.723218,16.46887,Sentence,2,10.650187
13.39281,16.168552,Sentence,2,10.331322
11.825106,15.683554,Sentence,0,10.096428
13.009103,16.554995,Sentence,2,9.839068
12.964951,16.81693,Sentence,2,9.498329
12.317875,16.20006,Sentence,0,9.077335
12.126525,15.102974,Sentence,1,10.673449
11.39091,15.6496725,Sentence,2,10.599566
13.7194605,15.566503,Sentence,2,10.304629
12.229127,16.266329,Sentence,0,9.544515
12.15674,13.210161,Sentence,1,8.830466
12.797809,13.224656,Sentence,1,9.218384
13.111557,17.059744,Sentence,2,10.263724
11.083949,12.089971,Sentence,3,8.726536
14.762245,14.315745,Sentence,3,10.855832
11.963744,16.408829,Sentence,0,9.478725
14.883844,13.838626,Sentence,3,11.193868
11.611086,16.441244,Sentence,0,9.785207
13.383262,16.323,Sentence,2,8.965486
11.832763,14.286212,Sentence,0,10.909951
13.756037,15.48336,Sentence,0,9.79525
12.419754,16.775137,Sentence,2,11.368348
12.698716,14.045202,Sentence,1,9.867919
12.255695,16.748226,Sentence,2,10.208006
13.811411,16.615622,Sentence,2,10.664944
13.799135,14.413198,Sentence,3,11.676064
12.195188,16.869957,Sentence,0,10.162342
12.368142,16.598436,Sentence,2,10.837132
12.213291,16.16455,Sentence,0,8.877372
12.898149,16.114569,Sentence,2,9.28165
13.435798,15.943657,Sentence,2,9.321904
12.940861,14.825895,Sentence,0,8.640289
14.209382,15.088836,Sentence,1,10.266355
11.586993,17.179564,Sentence,1,11.246
13.308477,12.719047,Sentence,3,11.205286
12.690854,13.606385,Sentence,0,8.841751
11.726508,16.554102,Sentence,2,11.144388
13.74878,12.386246,Sentence,2,7.0212564
13.590831,15.529552,Sentence,2,9.846405
12.361159,16.655802,Sentence,2,9.932586
15.180337,13.786394,Sentence,3,10.165878
12.559841,14.836324,Sentence,0,8.877551
13.246637,16.516378,Sentence,2,10.250056
14.351029,15.78031,Sentence,2,9.497967
11.997352,13.015009,Sentence,1,8.580285
12.911064,14.690712,Sentence,0,8.39439
12.154452,17.145336,Sentence,2,10.967615
13.149733,16.815979,Sentence,2,11.044954
13.694352,14.539865,Sentence,2,10.201897
11.816448,13.236778,Sentence,1,8.789121
11.464724,15.9865,Sentence,2,10.71602
14.062578,12.043118,Sentence,1,7.8162603
14.076863,15.118905,Sentence,1,9.399534
12.096309,16.40911,Sentence,2,9.321871
11.93554,12.049234,Sentence,1,9.125579
12.716916,16.949604,Sentence,2,9.752597
13.539165,15.719632,Sentence,2,9.679281
11.963709,16.181223,Sentence,0,9.221218
15.28096,14.329798,Sentence,3,9.952553
12.845406,13.637786,Sentence,1,10.767431
11.550254,12.601533,Sentence,1,9.121652
14.489841,15.965258,Sentence,2,8.685749
15.13879,13.632271,Sentence,3,10.167629
12.997672,14.971119,Sentence,2,10.94379
12.952582,16.709326,Sentence,2,9.106515
14.564929,14.86583,Sentence,2,10.385566
12.839204,16.651949,Sentence,2,10.081209
12.739633,14.85982,Sentence,0,8.711027
12.16371,14.308015,Sentence,0,8.830148
14.739108,14.830504,Sentence,3,10.413652
14.150726,14.419385,Sentence,1,8.684051
13.312044,16.081501,Sentence,2,9.020617
11.810401,13.493689,Sentence,1,9.771704
12.717088,15.08574,Sentence,0,8.485647
13.641517,15.584452,Sentence,2,9.55879
11.93787,16.90093,Sentence,2,10.781437
12.559266,16.777174,Sentence,2,9.495465
13.666579,13.9893,Sentence,1,9.198795
12.520236,15.062638,Sentence,0,8.384136
13.862211,12.625964,Sentence,1,7.9767456
14.217566,14.959198,Sentence,1,8.761759
14.369538,15.585757,Sentence,2,10.9164715
13.461677,16.913969,Sentence,2,9.372453
12.543474,14.067317,Sentence,0,8.413236
12.643067,15.922137,Sentence,2,9.505198
11.968152,14.0067835,Sentence,0,8.426219
11.907174,14.85853,Sentence,0,8.424745
12.140391,13.953752,Sentence,0,9.035986
12.645154,13.192389,Sentence,0,9.076849
12.798363,16.823761,Sentence,2,10.55382
13.487948,16.988535,Sentence,2,9.361585
14.186125,15.300545,Sentence,1,10.084904
13.440753,15.512296,Sentence,0,8.678392
12.00287,16.372889,Sentence,2,10.477793
11.775481,15.576431,Sentence,0,9.163074
13.549553,13.037108,Sentence,1,7.425154
12.297937,16.121004,Sentence,0,8.802479
12.110542,15.986335,Sentence,0,8.596424
13.225074,16.397127,Sentence,2,9.7156515
12.326715,16.287498,Sentence,2,10.537107
12.141771,14.997165,Sentence,0,8.694635
13.002125,17.018885,Sentence,2,11.050431
12.9054,16.554892,Sentence,2,9.787459
12.469147,14.576414,Sentence,0,8.557672
11.791927,14.154507,Sentence,0,8.7874155
13.6545725,16.795256,Sentence,2,9.643314
12.839137,16.247177,Sentence,2,10.284824
13.884644,15.0091915,Sentence,0,8.903458
12.651777,16.82968,Sentence,2,9.91062
14.2849045,16.628399,Sentence,2,9.469347
13.31123,16.14357,Sentence,2,11.419998
13.610856,15.096837,Sentence,3,9.733196
14.322613,14.713027,Sentence,1,10.597162
14.677415,13.853419,Sentence,1,8.994381
9.642391,8.125029,Sentence,3,15.047385
13.061905,16.851322,Sentence,2,9.273054
12.238848,13.113395,Sentence,1,8.462834
11.470324,16.563162,Sentence,3,11.095506
12.90321,13.99157,Sentence,0,9.298772
12.093219,17.008968,Sentence,2,11.154155
11.966306,16.471212,Sentence,2,10.620057
13.900873,15.347069,Sentence,2,10.463946
12.16644,15.573875,Sentence,0,8.572363
13.056929,14.857988,Sentence,0,8.0972595
13.049679,16.317156,Sentence,2,9.680535
13.688402,16.503086,Sentence,2,9.279936
11.556319,13.441495,Sentence,1,8.528036
12.097451,17.048803,Sentence,0,10.374028
12.278263,16.800411,Sentence,2,10.235345
11.93583,14.718545,Sentence,0,8.751831
12.560372,14.834828,Sentence,0,9.025397
11.700042,16.87722,Sentence,3,11.184084
11.854544,13.477769,Sentence,0,8.8719225
12.061629,15.106052,Sentence,0,9.123073
14.265328,14.335069,Sentence,1,10.67599
12.987074,16.229567,Sentence,2,9.312027
12.789169,15.632245,Sentence,2,9.425479
14.049212,15.038152,Sentence,0,8.619402
15.047836,13.812077,Sentence,1,11.201351
13.726035,12.734307,Sentence,1,8.218985
13.071558,16.45053,Sentence,0,8.797347
13.277692,16.892138,Sentence,2,10.201859
11.434059,13.593289,Sentence,0,8.704065
12.414675,15.463561,Sentence,0,8.744223
14.030265,15.020208,Sentence,0,8.627101
12.338651,15.709582,Sentence,2,10.571522
11.616515,16.06508,Sentence,0,9.92776
11.38911,13.23295,Sentence,0,8.563911
12.801346,13.793755,Sentence,1,10.352647
12.990889,14.252148,Sentence,1,8.575159
12.63778,16.389868,Sentence,2,9.083604
12.2944765,16.838476,Sentence,2,11.245359
13.797062,16.091383,Sentence,2,9.006141
12.717024,9.823204,Sentence,1,1.6089476
12.430723,16.057077,Sentence,2,11.786917
12.903919,14.574444,Sentence,0,8.9672165
14.035697,15.128215,Sentence,1,8.387179
13.506064,13.310275,Sentence,1,10.163746
13.614674,15.466009,Sentence,2,10.736111
12.643888,16.593481,Sentence,2,10.811934
12.3573065,15.962315,Sentence,2,9.613409
12.74968,16.04483,Sentence,0,8.912915
14.840669,13.497644,Sentence,3,9.703234
12.539936,16.933378,Sentence,2,9.527878
13.7974,15.514906,Sentence,0,9.660521
11.923634,14.138882,Sentence,0,8.558304
12.970353,14.916866,Sentence,1,12.943036
12.644741,16.20023,Sentence,2,11.3378105
12.423354,15.802208,Sentence,2,10.805658
12.762109,15.357433,Sentence,1,12.382314
13.542025,15.769279,Sentence,2,9.7068
12.811782,16.769035,Sentence,3,10.878762
11.942313,16.765497,Sentence,2,10.195687
13.1020155,14.813724,Sentence,2,12.369824
12.27167,15.052785,Sentence,0,8.290314
12.817442,16.092072,Sentence,0,9.105746
13.228721,16.313875,Sentence,2,9.407406
12.504637,16.329807,Sentence,2,9.154355
12.886858,14.522778,Sentence,0,8.301432
13.816173,14.437932,Sentence,3,11.025736
11.891348,16.789024,Sentence,2,10.514355
12.671853,14.691788,Sentence,0,8.309523
14.54647,15.975189,Sentence,0,8.686847
12.458088,16.414333,Sentence,2,10.253915
12.078312,16.416618,Sentence,2,10.541525
11.876612,17.032791,Sentence,2,10.712165
13.924073,15.130019,Sentence,3,10.900504
13.210521,16.39213,Sentence,0,8.64924
12.844182,16.653511,Sentence,2,10.194778
13.207457,13.468365,Sentence,1,10.14632
11.353672,12.605557,Sentence,1,9.600984
12.2552185,16.717865,Sentence,2,9.746511
12.923394,15.686016,Sentence,0,8.558366
13.8804865,13.386651,Sentence,3,12.491969
12.743711,14.745417,Sentence,0,8.167346
13.953583,15.236321,Sentence,1,9.245921
13.379903,13.051658,Sentence,3,11.278461
12.680997,16.903181,Sentence,2,10.079632
12.045816,13.482653,Sentence,0,8.650905
12.465154,16.46329,Sentence,2,9.0775175
14.351499,13.981528,Sentence,1,8.775786
11.901625,16.642876,Sentence,2,11.185593
13.067378,16.131584,Sentence,2,9.274387
12.856836,13.8561735,Sentence,1,9.206999
12.731133,17.330465,Sentence,2,11.076357
14.069748,15.94542,Sentence,1,9.81163
14.123716,15.5185,Sentence,2,10.632343
13.794146,13.813094,Sentence,1,9.550993
11.752877,17.18368,Sentence,2,10.863178
11.707269,16.200157,Sentence,0,9.7308235
12.601319,15.734537,Sentence,0,8.531615
14.36357,15.727706,Sentence,1,9.78661
13.775024,14.509536,Sentence,3,10.771094
14.4735775,11.773979,Sentence,1,7.362206
12.802198,15.254578,Sentence,2,10.9253845
14.448964,14.662033,Sentence,1,10.689535
13.201075,16.412935,Sentence,2,9.050217
12.7143345,13.331944,Sentence,3,11.092879
12.096412,16.745794,Sentence,2,10.938827
13.229814,16.633905,Sentence,2,8.965793
12.394445,15.152792,Sentence,2,10.353907
12.319566,16.348505,Sentence,2,10.902934
13.453508,15.316428,Sentence,2,10.859575
13.452332,16.780735,Sentence,2,10.917181
12.742173,15.384291,Sentence,1,12.457845
12.911839,14.674218,Sentence,1,10.195765
12.511571,14.362686,Sentence,0,8.406911
12.83075,13.388069,Sentence,1,10.509347
9.642249,8.124652,Sentence,3,15.047572
13.414869,14.957003,Sentence,0,9.01469
12.103962,14.127612,Sentence,3,10.863815
12.474406,14.2119255,Sentence,0,9.016135
13.628878,15.221412,Sentence,2,10.264285
12.691124,16.717606,Sentence,2,10.356715
13.525824,16.206955,Sentence,2,9.128048
12.542472,14.566258,Sentence,0,8.914522
12.128724,16.349464,Sentence,2,10.695819
12.006351,15.753775,Sentence,0,9.496054
12.777172,16.197405,Sentence,2,8.542591
12.564514,16.635996,Sentence,2,9.651122
12.864608,14.546804,Sentence,0,9.677208
14.8036585,14.525516,Sentence,0,9.761941
13.005017,15.832223,Sentence,3,10.944645
11.873558,16.268265,Sentence,2,11.12973
13.908395,14.278867,Sentence,3,11.127439
12.498563,15.919155,Sentence,2,11.54421
11.890565,15.940757,Sentence,0,9.21705
12.448733,15.446174,Sentence,0,8.54066
12.02018,12.070056,Sentence,1,8.908718
12.639618,16.475584,Sentence,2,10.450758
12.543524,16.608702,Sentence,2,9.619456
14.081262,13.208179,Sentence,1,10.2420225
13.293615,13.748187,Sentence,1,10.560342
13.268392,16.954647,Sentence,2,10.253823
15.140776,13.696332,Sentence,3,10.031413
14.159666,14.464777,Sentence,0,8.710556
14.08575,15.856487,Sentence,2,10.038444
12.05952,12.709484,Sentence,1,8.413538
11.434974,13.185252,Sentence,0,8.583527
13.76209,15.940882,Sentence,2,9.146586
14.811851,14.537855,Sentence,3,10.80144
11.677162,14.12879,Sentence,0,8.572321
12.527711,17.048222,Sentence,2,11.019608
12.227882,16.353748,Sentence,0,9.520491
13.084782,15.973739,Sentence,0,8.52872
12.479053,15.171981,Sentence,0,8.768193
11.690957,16.254482,Sentence,0,9.990388
12.981946,16.72742,Sentence,2,9.824361
12.5511055,16.333792,Sentence,2,10.124893
11.837861,16.41908,Sentence,2,11.061412
11.682254,15.572299,Sentence,2,10.599124
12.545247,15.635637,Sentence,0,8.671762
14.048793,16.755285,Sentence,2,9.578389
14.00169,13.828307,Sentence,1,9.174862
14.62347,15.973306,Sentence,0,8.624316
14.020618,16.62531,Sentence,2,9.24984
11.725092,13.932969,Sentence,1,10.383436
12.203119,15.983382,Sentence,0,8.678471
12.964283,15.364247,Sentence,0,8.588562
12.214017,15.635661,Sentence,0,8.46363
14.651044,13.38925,Sentence,3,10.323515
12.408915,16.794897,Sentence,2,11.124347
13.288909,16.70013,Sentence,2,10.675128
13.903952,15.343644,Sentence,2,10.102907
13.978003,16.054195,Sentence,2,9.154394
11.505086,12.961796,Sentence,1,9.227081
15.026926,13.820714,Sentence,3,11.316734
14.205463,13.767881,Sentence,1,9.227134
13.108953,13.545843,Sentence,1,8.696385
12.118169,16.26237,Sentence,0,9.02048
13.958365,12.184251,Sentence,1,7.2125583
12.928873,14.135337,Sentence,1,10.122854
13.099011,15.713662,Sentence,0,8.931489
13.938604,12.400047,Sentence,1,8.717605
13.505459,14.720268,Sentence,2,11.487968
11.989011,14.782044,Sentence,0,8.315837
13.167583,15.970698,Sentence,2,10.696331
12.04076,16.051832,Sentence,0,9.44161
12.700457,17.24879,Sentence,2,11.090204
13.0068,15.027418,Sentence,1,9.743799
14.054321,12.606999,Sentence,1,8.007189
12.517458,15.008594,Sentence,1,9.986717
12.755506,14.965008,Sentence,0,8.350767
12.668364,15.547211,Sentence,0,9.212061
14.1105,13.7307825,Sentence,1,9.1683035
13.903332,14.500019,Sentence,1,10.482539
12.39142,16.210691,Sentence,0,8.684174
13.909498,15.716056,Sentence,1,8.966889
14.3845625,14.706622,Sentence,1,9.222257
14.139196,16.479055,Sentence,1,9.183066
12.632381,15.639379,Sentence,2,9.219668
14.677717,22.163668,Sentence,1,14.59157
14.3439245,15.171606,Sentence,3,10.889772
11.555494,16.605938,Sentence,3,11.326589
13.618836,15.346368,Sentence,2,9.874308
12.853879,15.176801,Sentence,1,10.045688
12.712917,9.819297,Sentence,1,1.5956222
14.627623,14.514458,Sentence,3,11.546437
13.425976,16.950022,Sentence,2,9.512122
12.859382,16.55055,Sentence,2,9.539067
13.144532,13.606967,Sentence,1,9.978237
14.1353245,14.755457,Sentence,3,10.304769
13.907902,14.069968,Sentence,1,10.424722
12.220956,16.654676,Sentence,2,11.091825
14.729297,11.434857,Sentence,1,6.992658
12.509045,16.980696,Sentence,2,9.922832
12.777486,14.557596,Sentence,0,8.2909355
11.673257,16.286716,Sentence,2,11.30852
14.613006,15.9820385,Sentence,0,8.638317
14.2683,14.454799,Sentence,1,9.012644
14.15824,12.739052,Sentence,1,10.142867
12.140365,15.057602,Sentence,0,8.655215
14.198332,16.636435,Sentence,2,9.1708555
14.451259,15.779652,Sentence,1,9.519667
13.465685,10.764682,Sentence,1,7.3857956
12.527627,15.590366,Sentence,0,8.464701
13.270133,15.01576,Sentence,1,9.513324
12.525696,16.14494,Sentence,0,8.701158
14.308071,15.552721,Sentence,2,10.560006
14.768189,13.751101,Sentence,3,10.991248
13.784333,14.022757,Sentence,3,10.575029
12.575036,13.930558,Sentence,0,8.716067
14.486153,14.335143,Sentence,3,10.723895
14.407002,14.09126,Sentence,3,10.609048
13.208753,16.6938,Sentence,2,11.134561
12.757831,13.779183,Sentence,3,10.6177
14.107712,11.799788,Sentence,1,9.061603
11.905968,16.761715,Sentence,2,10.48344
13.410192,16.880157,Sentence,2,10.288262
12.1164465,16.50163,Sentence,2,9.359632
12.950886,16.589182,Sentence,2,9.240766
12.851748,15.938072,Sentence,0,9.355508
12.636157,16.060179,Sentence,2,9.720696
13.652944,12.996801,Sentence,1,7.389523
14.249819,16.582876,Sentence,2,9.459942
12.548605,14.652352,Sentence,1,10.215051
13.026832,15.520198,Sentence,0,8.869758
12.915395,15.710481,Sentence,0,8.916154
12.514445,15.443394,Sentence,2,9.008918
14.161734,14.756211,Sentence,2,10.618605
12.604773,15.958822,Sentence,0,8.642098
13.480356,15.546132,Sentence,0,9.031153
12.716229,13.794773,Sentence,0,9.279919
12.899332,14.318995,Sentence,0,8.811074
11.941295,17.080698,Sentence,2,10.737639
13.826688,15.860141,Sentence,2,10.140987
12.612088,16.669807,Sentence,2,9.570141
12.456992,16.736368,Sentence,2,10.253959
11.871361,13.969836,Sentence,0,8.449082
13.173867,16.769417,Sentence,2,9.027287
12.995242,16.428669,Sentence,2,8.967784
14.44087,14.647636,Sentence,3,12.72492
13.547489,16.912018,Sentence,2,9.500902
11.883727,16.546568,Sentence,2,9.872226
13.518709,16.031487,Sentence,2,10.187747
12.186115,15.687905,Sentence,2,9.944533
14.291868,15.460356,Sentence,3,11.422805
14.191665,16.03834,Sentence,1,9.834336
11.623158,16.529192,Sentence,2,11.429788
12.11727,15.650539,Sentence,2,10.375912
13.288904,17.065144,Sentence,2,9.795311
13.132208,16.498306,Sentence,2,10.607725
12.95064,16.677425,Sentence,2,9.653191
12.122773,12.5584345,Sentence,1,8.612936
12.640527,14.772595,Sentence,0,8.243189
15.073104,13.966588,Sentence,3,11.2330065
11.745002,12.384495,Sentence,1,9.039608
12.844627,16.4258,Sentence,2,8.917798
13.515288,16.893892,Sentence,2,9.864904
12.945255,16.033886,Sentence,2,10.612345
12.3725195,15.220512,Sentence,1,11.11879
15.024171,13.956828,Sentence,3,9.912749
12.238732,16.10422,Sentence,0,9.491534
13.734844,14.656915,Sentence,1,10.7518
12.00015,14.282407,Sentence,0,8.746057
13.459326,13.881548,Sentence,1,9.999207
14.69556,14.4607935,Sentence,3,11.327022
13.048442,14.505398,Sentence,0,8.848183
12.915069,15.057095,Sentence,1,12.707305
13.791626,15.914514,Sentence,2,10.176054
12.401521,15.280825,Sentence,0,9.477032
15.354521,14.189181,Sentence,1,9.803287
12.515457,15.012049,Sentence,3,11.325674
11.870098,16.609133,Sentence,2,10.192368
12.429294,15.192514,Sentence,0,8.237961
12.69439,16.159067,Sentence,0,9.167685
13.293274,16.75581,Sentence,2,9.389966
11.901025,15.155358,Sentence,0,8.654531
12.6161995,16.45557,Sentence,0,8.803877
12.113181,16.553303,Sentence,2,9.551831
14.798032,12.2343025,Sentence,3,8.620933
14.132381,15.026095,Sentence,1,10.068459
14.211778,15.056464,Sentence,3,9.767392
11.735519,12.121367,Sentence,1,8.999175
12.829097,16.440891,Sentence,2,9.55904
14.475599,14.899235,Sentence,0,10.129106
14.499903,11.693361,Sentence,0,7.32414
14.039382,13.605949,Sentence,1,9.218452
11.665583,16.698397,Sentence,0,10.219171
12.716647,15.484568,Sentence,2,12.202155
14.452587,15.7900505,Sentence,1,9.106562
13.673326,15.351399,Sentence,1,9.181343
11.997351,16.714561,Sentence,2,11.00313
11.883534,15.640593,Sentence,0,9.552503
12.979615,17.08583,Sentence,2,10.989159
12.2908125,16.50559,Sentence,2,9.330243
11.551522,12.927411,Sentence,1,9.081774
12.286071,17.186821,Sentence,2,11.123845
13.875823,14.201724,Sentence,3,9.802075
13.183368,16.35258,Sentence,2,9.203674
11.762496,-0.9592297,Sentence,3,11.304432
12.476699,14.535974,Sentence,1,10.437978
12.339357,16.085396,Sentence,2,10.169305
11.714511,17.133728,Sentence,1,11.242456
12.774811,16.857637,Sentence,2,9.443904
12.200433,15.667479,Sentence,2,12.235668
14.202468,16.195145,Sentence,0,9.149198
13.457774,15.772836,Sentence,2,9.375064
14.5862465,15.266172,Sentence,2,9.706948
12.35475,15.108617,Sentence,0,8.579065
14.204585,16.74788,Sentence,2,9.419242
13.123423,16.133173,Sentence,2,9.593224
13.312159,14.598555,Sentence,1,10.2492695
13.692946,15.496916,Sentence,0,8.490491
11.989869,15.750635,Sentence,0,9.828624
12.836634,15.9129,Sentence,2,10.675271
13.161437,14.303023,Sentence,2,9.746036
13.503546,16.405472,Sentence,2,10.931033
12.309907,15.233981,Sentence,0,8.489339
11.925046,17.11113,Sentence,2,10.731598
11.879619,14.573695,Sentence,0,8.574628
12.9769745,16.307306,Sentence,0,8.795803
12.10272,15.896729,Sentence,0,8.990065
12.539288,15.350231,Sentence,0,8.762976
12.290762,15.679927,Sentence,2,10.063611
12.684437,16.708416,Sentence,2,9.288964
12.164488,14.880836,Sentence,0,8.766479
13.412074,15.644132,Sentence,0,8.842567
12.057851,13.260367,Sentence,0,8.535583
12.390846,15.364203,Sentence,2,10.001681
11.778094,16.816492,Sentence,1,11.1988325
11.94515,16.253094,Sentence,0,9.818842
11.548575,16.732235,Sentence,3,11.720373
12.211352,15.000675,Sentence,0,8.426024
14.76739,11.41062,Sentence,1,6.9549675
12.645672,12.662054,Sentence,0,11.169331
12.552548,15.866607,Sentence,0,8.670263
12.484831,15.08303,Sentence,2,9.772078
11.887631,12.713945,Sentence,1,8.935104
13.132964,16.206635,Sentence,2,9.325663
12.505173,15.794986,Sentence,0,8.962054
13.390858,16.86882,Sentence,2,9.468927
12.47173,16.811018,Sentence,2,9.925519
11.368702,13.164089,Sentence,0,8.564968
15.034877,13.844794,Sentence,3,11.401152
12.803898,15.335462,Sentence,2,10.724138
12.357634,14.818658,Sentence,0,9.79474
11.890532,16.08812,Sentence,2,10.034447
11.718689,13.335605,Sentence,1,8.764967
12.149053,16.819012,Sentence,2,9.931461
12.847877,17.177498,Sentence,2,10.8223295
14.381472,15.974755,Sentence,1,8.85218
12.180152,15.065509,Sentence,0,8.569141
14.046705,14.680486,Sentence,1,9.850826
12.20835,14.658997,Sentence,0,8.528581
13.692926,11.692823,Sentence,1,9.029732
11.996127,16.612532,Sentence,1,10.375468
14.0631,12.389652,Sentence,1,7.761139
14.471552,15.458909,Sentence,1,10.866002
11.693447,14.031664,Sentence,0,8.48451
12.368589,15.378421,Sentence,0,8.607235
12.332777,16.366764,Sentence,2,9.538038
13.754477,16.420643,Sentence,2,10.12426
11.479747,13.699742,Sentence,0,8.685122
16.745398,10.22769,Sentence,1,9.1768
12.784472,15.912918,Sentence,2,10.572931
12.101488,16.928486,Sentence,2,10.797505
11.756502,-0.95866364,Sentence,3,11.31569
12.644267,16.852222,Sentence,2,10.006203
15.218259,14.032611,Sentence,3,10.446296
11.98493,14.0074,Sentence,0,8.576642
13.325999,13.41985,Sentence,1,10.578138
13.6754465,16.440968,Sentence,2,9.682889
11.97588,16.340464,Sentence,2,10.786434
11.562195,13.171887,Sentence,0,9.038529
13.271684,16.046337,Sentence,2,10.090551
12.381056,15.93661,Sentence,0,8.854292
11.458966,16.452518,Sentence,3,11.53536
12.016103,16.363485,Sentence,2,10.152065
12.556559,15.787905,Sentence,0,9.261339
13.573069,15.453435,Sentence,2,10.736111
12.295377,16.31671,Sentence,2,9.554724
14.570285,15.577448,Sentence,2,10.814286
12.718212,14.748146,Sentence,0,8.192927
12.501266,14.821529,Sentence,0,9.359895
13.9560375,12.507987,Sentence,1,8.055615
13.009041,14.148585,Sentence,0,8.523498
13.230568,16.399942,Sentence,2,8.982421
14.48052,13.498464,Sentence,3,9.8846655
12.705656,16.608074,Sentence,2,9.119261
12.247927,16.564857,Sentence,2,10.746867
13.825461,13.534804,Sentence,1,9.945785
15.116079,14.1755085,Sentence,2,10.043761
12.449982,16.255856,Sentence,0,8.899959
12.608455,15.911875,Sentence,2,9.317463
11.385604,16.282625,Sentence,3,11.158342
13.438179,15.856018,Sentence,2,9.457604
12.172226,16.217537,Sentence,1,11.445365
12.586528,16.249588,Sentence,2,10.271784
16.745895,10.227384,Sentence,1,9.176605
13.84794,16.663595,Sentence,2,9.498434
14.736504,14.565794,Sentence,3,10.5671015
15.295733,13.878442,Sentence,3,9.879496
12.275661,16.089487,Sentence,0,9.318175
12.656432,15.399547,Sentence,0,8.544044
12.383356,14.748467,Sentence,0,8.47724
13.004188,16.715218,Sentence,2,9.002725
13.425664,12.607271,Sentence,3,11.133796
11.923401,14.687149,Sentence,0,8.38967
12.766659,16.740194,Sentence,2,9.407697
12.704832,16.627186,Sentence,2,9.024472
12.526549,16.85529,Sentence,2,10.347661
12.2874975,12.080438,Sentence,3,9.683666
12.129079,11.871334,Sentence,1,9.356733
12.82116,16.599968,Sentence,2,9.290685
12.13748,14.786626,Sentence,0,8.387238
12.408139,16.70512,Sentence,2,9.051733
14.781526,14.380131,Sentence,1,9.924901
12.251867,16.760746,Sentence,2,10.604006
12.647657,17.193748,Sentence,2,11.186672
13.08731,15.863438,Sentence,2,9.829401
13.093585,16.631905,Sentence,2,10.296413
11.819431,14.078647,Sentence,0,9.09754
13.361858,15.331724,Sentence,2,9.443641
12.369352,15.5453615,Sentence,0,10.1791525
13.198658,16.239494,Sentence,2,9.220512
12.322242,14.963473,Sentence,0,8.560505
11.76347,-0.96218354,Sentence,3,11.303575
12.8283,16.347237,Sentence,2,9.253408
12.056907,14.817264,Sentence,0,8.412251
12.760144,15.598547,Sentence,0,8.770436
13.655452,14.850563,Sentence,3,10.748796
13.824078,15.498184,Sentence,0,8.992829
12.92766,15.100865,Sentence,0,8.238611
13.719628,16.140322,Sentence,2,9.116213
12.081277,16.517387,Sentence,0,9.126105
12.208597,15.797343,Sentence,0,8.611823
12.680763,13.740107,Sentence,1,9.589776
15.777065,13.4617815,Sentence,3,10.025186
14.247511,14.932945,Sentence,0,8.848196
11.702285,13.180394,Sentence,1,8.751657
13.980216,16.412893,Sentence,2,9.23244
15.237139,13.625776,Sentence,3,10.191127
14.046181,13.640465,Sentence,3,11.494106
12.274662,14.850371,Sentence,0,10.943323
13.68543,12.255922,Sentence,1,7.113138
14.051716,16.583769,Sentence,2,9.678092
13.940453,15.52416,Sentence,0,8.869881
11.844357,14.47352,Sentence,0,9.234481
13.439556,15.474325,Sentence,0,9.645473
12.794113,14.67381,Sentence,0,8.900285
11.955657,14.166064,Sentence,3,11.161415
11.637309,13.7212515,Sentence,0,8.603771
11.821897,14.379849,Sentence,0,8.984342
13.253341,16.932983,Sentence,2,10.162952
14.917066,14.126658,Sentence,3,11.133585
12.179103,14.550036,Sentence,0,8.69055
14.505319,15.635594,Sentence,1,9.285721
13.82712,16.757917,Sentence,2,9.898828
13.046424,13.959206,Sentence,1,9.786427
12.719602,15.887532,Sentence,0,8.688322
12.288014,15.881576,Sentence,0,8.762022
13.108451,13.374514,Sentence,1,9.371505
11.67488,12.942228,Sentence,1,8.716058
13.122731,14.149342,Sentence,1,10.06233
12.154705,16.598833,Sentence,0,10.056481
14.399475,16.19084,Sentence,2,8.819378
12.392109,15.94565,Sentence,0,8.624299
14.3793955,15.909312,Sentence,0,8.752363
14.190346,14.180858,Sentence,1,9.81175
12.907647,16.437843,Sentence,2,9.3711
13.066166,15.983277,Sentence,0,9.255743
13.387086,16.719099,Sentence,2,9.516177
11.891655,17.221493,Sentence,0,10.837495
14.6064,16.009441,Sentence,1,8.693385
12.379337,14.76151,Sentence,0,8.466094
12.516633,14.955994,Sentence,3,10.279973
11.531526,13.663682,Sentence,0,8.874665
11.747285,14.223024,Sentence,0,9.821736
13.053996,14.942629,Sentence,0,9.2924
12.885446,16.594404,Sentence,2,9.273688
14.392227,16.28634,Sentence,3,9.701698
14.938685,13.439754,Sentence,3,9.661474
12.675415,15.135569,Sentence,3,9.64128
12.46983,16.510368,Sentence,2,9.992678
12.370441,16.427174,Sentence,2,10.160947
13.464332,15.346186,Sentence,2,9.96254
12.500235,16.70343,Sentence,2,9.360341
12.976418,14.90558,Sentence,3,10.470832
12.315815,16.029716,Sentence,0,8.614182
12.64636,15.984885,Sentence,2,9.846325
12.201696,15.096149,Sentence,1,10.884364
12.938512,16.093292,Sentence,0,9.23129
14.411569,14.599082,Sentence,1,10.817868
13.111073,15.716656,Sentence,0,8.661252
13.762144,16.796219,Sentence,2,9.298037
14.2240095,14.768977,Sentence,0,8.709302
13.576701,15.073405,Sentence,1,11.487999
12.738918,16.7033,Sentence,2,9.306381
11.875663,13.329695,Sentence,0,8.666247
12.656171,14.367804,Sentence,0,8.689016
13.054771,14.130469,Sentence,0,8.517828
14.032995,14.190615,Sentence,1,11.036279
12.653531,16.334587,Sentence,2,8.96212
13.810192,14.550092,Sentence,1,9.956112
13.591834,15.048574,Sentence,3,9.637081
12.22824,15.779142,Sentence,0,9.507039
13.237561,16.44969,Sentence,2,10.692543
11.995745,14.65327,Sentence,2,10.68461
13.020406,14.748117,Sentence,0,8.242282
11.852734,12.289608,Sentence,1,9.357317
12.649455,16.373405,Sentence,0,8.916543
12.760224,16.391388,Sentence,2,8.968873
14.943572,13.771392,Sentence,3,11.220003
13.517441,13.328337,Sentence,3,11.094586
13.655183,15.499508,Sentence,2,10.333399
14.611268,13.461824,Sentence,1,9.061153
11.606278,16.634094,Sentence,2,10.418312
12.4938345,16.088589,Sentence,2,10.685442
12.252709,16.364248,Sentence,2,9.224439
12.249307,15.989022,Sentence,0,9.022921
13.648324,16.882454,Sentence,2,10.013858
11.763677,-0.960658,Sentence,3,11.303713
12.414799,16.25019,Sentence,0,8.629882
13.013797,15.905655,Sentence,0,8.9587555
11.957478,17.141823,Sentence,2,11.276011
13.552305,17.050055,Sentence,2,9.538228
13.23962,13.782881,Sentence,0,8.854361
12.118831,15.366142,Sentence,0,8.977037
14.937529,14.238753,Sentence,1,10.300173
14.811134,13.680031,Sentence,1,9.152819
11.858427,14.472198,Sentence,0,8.364752
12.283143,16.749151,Sentence,2,10.301492
12.07646,15.155476,Sentence,0,8.256771
13.475308,16.430693,Sentence,2,8.910384
13.678174,16.441328,Sentence,2,9.366962
12.170453,15.499653,Sentence,2,10.984065
11.873075,13.224897,Sentence,0,9.509042
12.180299,12.801659,Sentence,1,8.515741
12.357662,15.769876,Sentence,0,8.725589
13.091426,16.67671,Sentence,0,8.977692
13.553696,13.668826,Sentence,3,11.398143
12.957312,17.042482,Sentence,2,11.108461
12.935964,16.565174,Sentence,2,9.3727045
14.677759,22.163784,Sentence,1,14.591664
12.255634,14.231637,Sentence,0,9.154186
12.86723,16.785368,Sentence,2,9.369462
14.105711,15.202784,Sentence,2,10.502361
12.258538,16.523956,Sentence,2,9.869572
12.784426,15.504802,Sentence,2,9.948395
12.289081,15.703379,Sentence,0,9.164781
12.645623,16.872343,Sentence,2,10.860072
12.8515835,16.089365,Sentence,2,9.017272
11.112624,14.945552,Sentence,0,9.801111
14.181206,16.747986,Sentence,2,9.51402
14.995573,14.090178,Sentence,3,9.986871
14.32618,14.132778,Sentence,3,10.916884
14.564708,11.918397,Sentence,1,7.5500884
12.690809,9.067925,Sentence,3,13.926865
12.675701,15.14872,Sentence,1,12.16423
12.416072,14.268768,Sentence,1,9.297018
14.996938,13.811165,Sentence,3,11.359249
12.795447,14.533252,Sentence,0,9.503157
12.600047,15.288661,Sentence,0,8.569696
13.2158785,14.764566,Sentence,2,9.768131
11.496291,13.388802,Sentence,1,8.540575
12.763746,16.502197,Sentence,2,8.839657
12.768764,13.228084,Sentence,3,10.573357
12.618835,16.949017,Sentence,2,10.19399
11.998343,16.58696,Sentence,2,9.682405
12.128095,16.605179,Sentence,2,9.730477
12.071376,16.119349,Sentence,0,8.768312
12.149894,16.61476,Sentence,3,12.210927
14.2337,16.49192,Sentence,1,9.335054
14.249682,16.543222,Sentence,1,9.97733
13.6283655,16.301275,Sentence,3,11.32988
13.625088,15.551918,Sentence,2,9.700381
12.509017,15.245199,Sentence,0,8.977116
14.721173,14.758611,Sentence,2,9.940648
11.066361,12.083911,Sentence,3,8.7292385
12.075383,15.945686,Sentence,0,9.366127
13.801587,15.363858,Sentence,2,10.174826
13.242871,14.030765,Sentence,1,9.093979
14.022925,15.238778,Sentence,3,11.138943
13.099263,16.8143,Sentence,2,9.433865
12.656402,15.651932,Sentence,0,8.793194
14.142793,15.877169,Sentence,1,9.214234
15.293668,14.245598,Sentence,0,9.679973
11.698344,16.324429,Sentence,3,11.044999
13.997165,16.130005,Sentence,1,10.628478
12.968397,14.497362,Sentence,1,9.884391
15.1558485,14.001729,Sentence,1,9.757389
15.320083,14.169743,Sentence,2,9.781806
13.225924,14.6939125,Sentence,0,8.761299
13.4396515,14.499054,Sentence,1,10.580056
14.333334,15.728641,Sentence,2,9.670617
12.977392,14.685865,Sentence,0,8.175407
12.0359,16.463783,Sentence,2,10.047341
12.834002,16.253426,Sentence,2,10.082891
11.974013,14.658162,Sentence,0,8.34483
13.367665,16.419632,Sentence,2,8.994247
12.556882,16.372068,Sentence,2,9.722445
14.144698,14.242249,Sentence,3,11.143567
13.092927,15.0961075,Sentence,0,9.1177635
12.057704,12.698425,Sentence,1,8.420872
13.306145,13.086831,Sentence,3,10.842079
14.472075,14.320344,Sentence,3,10.966583
11.94273,12.686489,Sentence,1,8.560091
12.285276,16.582026,Sentence,0,8.891107
12.119625,16.035858,Sentence,0,8.715022
13.519377,15.685536,Sentence,2,10.804631
14.306725,14.81003,Sentence,1,9.866456
12.5406685,16.618555,Sentence,2,9.686262
13.5125,15.180627,Sentence,0,8.706127
12.172904,16.19533,Sentence,0,9.041558
13.771447,13.412747,Sentence,3,10.699072
11.732986,16.457888,Sentence,2,10.752923
15.267217,14.220568,Sentence,3,9.926722
14.235872,16.776266,Sentence,2,9.409813
14.212474,14.425846,Sentence,1,10.964185
12.012102,16.385178,Sentence,0,9.388162
13.982125,16.32674,Sentence,2,9.000677
13.731306,12.179636,Sentence,1,8.521106
13.191043,16.905947,Sentence,2,10.263053
13.654531,14.567399,Sentence,1,10.224961
13.496112,13.885929,Sentence,3,11.069253
11.953607,14.194634,Sentence,0,8.515031
13.605051,15.252788,Sentence,2,9.868813
14.042874,14.780355,Sentence,1,9.624763
14.958509,14.175881,Sentence,3,10.867071
15.174872,13.91868,Sentence,1,10.012607
12.575921,16.36292,Sentence,2,9.142877
12.024899,16.30822,Sentence,0,8.869491
12.646647,16.567184,Sentence,2,10.013264
12.223832,11.579043,Sentence,3,9.523065
13.465908,10.800164,Sentence,1,7.4017425
12.072644,14.392145,Sentence,3,11.592251
13.331121,17.011103,Sentence,2,10.627546
12.419561,15.381108,Sentence,0,8.499337
14.8871975,13.84452,Sentence,3,11.010963
12.978454,16.995962,Sentence,2,9.86333
12.237194,16.22396,Sentence,0,8.774733
12.1767025,16.522905,Sentence,2,10.456541
12.365699,16.261354,Sentence,0,8.601733
14.230115,16.660286,Sentence,2,9.416244
12.933401,16.446035,Sentence,0,8.760801
14.131917,14.388684,Sentence,0,8.569883
12.920282,13.815357,Sentence,0,10.551992
13.105116,16.572905,Sentence,2,9.117696
13.97714,13.636062,Sentence,1,8.997199
12.761931,16.74079,Sentence,1,10.901084
13.49596,15.206272,Sentence,0,8.728655
12.584966,14.949416,Sentence,0,8.691412
11.949547,17.051018,Sentence,0,10.921114
12.401799,16.780956,Sentence,2,11.432722
12.669089,16.535355,Sentence,2,9.392952
11.737981,14.717547,Sentence,0,11.412429
14.301392,14.549221,Sentence,1,10.161338
12.412069,16.223122,Sentence,0,8.848327
11.652763,12.037368,Sentence,1,8.922904
13.5717745,16.863798,Sentence,2,10.132216
12.250867,14.356679,Sentence,0,9.493154
12.983354,13.8756,Sentence,0,9.876647
11.54298,16.47147,Sentence,1,11.09749
12.6523,15.702622,Sentence,2,12.034604
12.380861,16.687738,Sentence,3,11.466172
13.685969,15.767132,Sentence,0,9.160426
11.846713,16.534447,Sentence,0,9.887966
11.844531,14.365405,Sentence,3,10.229931
12.431062,15.807035,Sentence,0,8.712796
12.414826,16.830551,Sentence,2,10.817119
12.390296,16.20288,Sentence,0,8.923949
13.208896,17.051105,Sentence,2,9.703074
13.869684,16.901886,Sentence,3,10.335258
14.911183,13.813617,Sentence,3,11.244633
11.258951,12.929101,Sentence,1,8.652742
13.421158,13.490342,Sentence,3,11.364125
14.229693,13.112752,Sentence,1,11.550349
13.904652,13.235682,Sentence,3,12.64929
13.898679,15.704455,Sentence,2,9.508071
14.181391,13.765356,Sentence,1,10.271364
14.212871,15.832199,Sentence,2,8.942014
11.688962,16.827272,Sentence,3,11.670318
11.076978,12.085138,Sentence,3,8.722428
13.915536,12.710713,Sentence,1,8.100831
11.576047,16.38544,Sentence,1,9.871122
12.508914,15.56071,Sentence,0,8.484908
13.745962,14.809395,Sentence,1,9.978299
12.9415655,14.602486,Sentence,1,8.800368
13.578495,14.753989,Sentence,2,11.15722
13.07771,16.86293,Sentence,2,9.50935
13.2380705,16.840101,Sentence,2,9.44944
13.049159,16.762505,Sentence,2,10.410573
11.970712,16.676727,Sentence,2,10.955634
12.717566,16.65371,Sentence,2,8.852609
12.437159,15.665866,Sentence,1,10.029852
12.004221,12.045328,Sentence,1,9.108411
13.121019,15.191604,Sentence,0,8.789637
11.5889015,13.154746,Sentence,0,8.684686
13.67911,15.669224,Sentence,1,10.376832
12.182718,11.726152,Sentence,3,9.491309
13.066039,13.234888,Sentence,1,8.760212
12.059134,14.336244,Sentence,3,10.788921
14.596456,14.459922,Sentence,2,10.915333
11.832302,14.016989,Sentence,1,9.619195
12.287092,16.257078,Sentence,2,9.085097
13.250458,14.752579,Sentence,2,11.5368185
11.518893,13.427319,Sentence,1,8.595675
13.694981,15.621457,Sentence,2,9.7406645
12.847666,16.742064,Sentence,2,9.95455
13.533609,16.733843,Sentence,2,9.504315
13.534099,16.706032,Sentence,2,9.326091
12.068217,16.16404,Sentence,0,8.748306
12.744426,14.8470335,Sentence,0,8.285624
13.354162,16.703375,Sentence,2,9.3722315
12.862906,14.95835,Sentence,0,8.805782
13.778467,16.190132,Sentence,2,10.062721
12.770641,14.215955,Sentence,0,9.097127
11.431233,13.368994,Sentence,0,8.5959015
12.117541,15.273265,Sentence,0,8.452211
12.546165,16.428846,Sentence,2,8.687845
11.995924,15.560866,Sentence,2,10.928283
13.838029,16.351696,Sentence,2,9.72466
14.913686,13.860402,Sentence,3,11.162158
14.634306,16.045048,Sentence,1,8.605973
11.613324,13.31721,Sentence,0,8.519384
14.099877,16.355179,Sentence,2,9.183091
15.147984,13.735074,Sentence,3,10.246823
13.329488,15.959125,Sentence,2,10.771586
12.260266,15.661749,Sentence,0,8.497822
13.771776,15.462486,Sentence,2,10.204491
14.215873,16.519854,Sentence,2,9.560397
14.051121,15.815487,Sentence,2,9.293697
12.62444,16.408894,Sentence,2,10.115023
11.724776,16.534708,Sentence,2,10.605446
14.816472,14.216951,Sentence,3,10.011583
14.588603,13.481231,Sentence,1,9.557649
11.7783575,16.093557,Sentence,2,10.301832
13.964241,14.42155,Sentence,1,9.494369
13.712312,16.909666,Sentence,0,10.25848
15.031713,13.39852,Sentence,1,9.076301
14.512521,14.356156,Sentence,1,10.261579
12.457997,15.95437,Sentence,2,10.068791
12.4511175,15.103891,Sentence,3,10.026805
11.770381,-0.96611166,Sentence,3,11.291434
12.257971,16.0989,Sentence,0,8.774075
13.062216,16.997953,Sentence,2,10.1648445
14.235347,14.823586,Sentence,3,11.095311
11.907115,14.413275,Sentence,3,11.08991
13.465655,16.76236,Sentence,2,10.059206
14.124486,15.99256,Sentence,1,8.781344
13.92619,14.955877,Sentence,1,11.285109
13.074799,16.028372,Sentence,0,8.922216
14.742309,11.430186,Sentence,1,6.9830165
12.07524,16.506819,Sentence,2,10.8015175
13.355385,13.315491,Sentence,3,10.840371
14.724589,14.063756,Sentence,3,11.173624
15.270627,14.350731,Sentence,2,9.940297
13.942968,16.359388,Sentence,2,10.096684
11.667539,14.921209,Sentence,0,10.361228
13.783998,15.573081,Sentence,1,9.125398
12.895493,16.317772,Sentence,0,8.666246
13.832468,13.548168,Sentence,1,8.74551
14.53651,14.850294,Sentence,1,9.3385315
14.104641,14.143457,Sentence,2,10.912857
13.03168,16.816694,Sentence,2,9.123964
12.165938,16.257244,Sentence,0,8.815614
11.973911,16.702122,Sentence,2,11.0167
13.841657,13.676668,Sentence,1,8.768602
13.0361185,16.17848,Sentence,2,10.12854
14.208161,13.90835,Sentence,1,9.408125
13.167909,15.76045,Sentence,0,8.641616
14.607164,14.370645,Sentence,3,11.424342
12.607057,16.569763,Sentence,2,9.071255
12.402264,13.769966,Sentence,0,8.772597
12.871242,17.044138,Sentence,2,10.780565
13.300294,15.034308,Sentence,2,10.516976
15.341964,14.002889,Sentence,3,9.992257
15.028901,14.102958,Sentence,1,10.016066
13.218407,16.727037,Sentence,2,9.477087
12.693036,16.603653,Sentence,0,8.933673
11.700091,13.573662,Sentence,0,8.5241165
13.833976,15.078886,Sentence,1,9.603941
11.838764,16.73924,Sentence,2,10.59023
12.46254,15.690352,Sentence,0,8.843984
13.010943,14.582505,Sentence,0,8.195203
12.604694,16.81118,Sentence,2,9.430743
14.114005,16.65393,Sentence,2,9.547161
11.243002,12.226911,Sentence,1,8.881657
12.104264,14.311938,Sentence,2,9.654806
12.155643,16.06509,Sentence,2,9.0266285
12.395072,16.235062,Sentence,2,10.118419
12.182077,16.354738,Sentence,2,9.240527
12.53715,14.232838,Sentence,0,8.672308
11.929331,16.920399,Sentence,2,11.187754
14.131242,16.21312,Sentence,2,9.412548
14.105829,13.225731,Sentence,1,7.9731183
12.382983,16.497898,Sentence,2,9.350614
11.612218,16.71099,Sentence,0,10.498779
12.410199,16.336609,Sentence,2,8.947166
12.862048,15.152531,Sentence,1,12.476197
12.00585,16.497305,Sentence,0,9.418585
13.124659,16.52974,Sentence,2,9.569642
13.053464,15.830121,Sentence,0,9.216332
13.535647,16.667154,Sentence,2,9.259063
13.664923,16.152332,Sentence,2,9.55821
13.856438,15.627947,Sentence,1,9.054729
12.652022,16.685183,Sentence,2,9.342081
14.890926,13.947875,Sentence,3,11.22229
13.298103,13.1643915,Sentence,1,8.897137
13.525772,12.508034,Sentence,1,7.653641
14.496662,14.506728,Sentence,3,10.824064
14.587405,15.968278,Sentence,1,8.662503
13.197234,15.678222,Sentence,0,8.899446
13.177674,15.465423,Sentence,2,9.424509
12.225958,16.041733,Sentence,0,8.674583
14.216531,14.863232,Sentence,3,11.13202
11.905423,14.076024,Sentence,0,8.765788
15.072619,14.074959,Sentence,1,10.067628
11.3449135,12.197224,Sentence,1,9.238763
14.177407,14.453952,Sentence,1,8.898935
12.671567,16.978962,Sentence,2,11.162482
12.282891,16.122063,Sentence,0,8.813926
14.953719,14.3658085,Sentence,3,10.611911
11.841641,17.118618,Sentence,2,10.732188
13.581673,15.220548,Sentence,2,9.7741785
13.521432,14.213336,Sentence,1,9.441355
13.047409,15.315286,Sentence,2,10.068164
14.065721,16.048103,Sentence,2,9.331541
12.375815,16.479813,Sentence,2,10.2964525
13.408109,14.24875,Sentence,1,10.201942
14.053312,16.35407,Sentence,2,9.654335
13.921496,15.543296,Sentence,2,10.062716
12.120638,13.0775795,Sentence,1,8.680461
15.281359,14.096256,Sentence,2,9.934155
15.022688,14.107095,Sentence,1,9.992321
13.12153,15.860499,Sentence,0,8.671048
13.520503,16.205582,Sentence,2,8.848031
12.904643,15.784663,Sentence,2,11.32247
14.157094,15.629125,Sentence,2,9.955114
12.796555,15.478189,Sentence,0,9.018534
11.968545,15.463036,Sentence,0,9.382515
12.553296,16.643377,Sentence,2,9.899049
14.980091,14.4752245,Sentence,1,10.644893
14.2015705,15.119625,Sentence,2,10.823661
12.171716,15.859958,Sentence,0,8.778364
12.690893,9.067858,Sentence,3,13.926932
12.41071,16.980165,Sentence,2,10.808898
12.761167,16.140312,Sentence,2,9.437146
12.38782,16.79862,Sentence,2,9.836902
12.466425,16.291735,Sentence,2,9.038631
12.076915,15.080174,Sentence,0,8.43155
13.25688,14.3271885,Sentence,1,9.956924
12.302118,16.347408,Sentence,0,8.665936
12.788632,16.047977,Sentence,2,10.358786
12.532821,16.982674,Sentence,2,9.725579
12.677075,16.365992,Sentence,0,8.678565
13.565138,14.658521,Sentence,1,8.58267
13.164329,15.961776,Sentence,2,9.42137
12.127546,16.350582,Sentence,0,9.071518
12.613544,15.613129,Sentence,0,8.99659
13.446304,15.5871105,Sentence,2,10.184972
13.499961,13.453321,Sentence,1,10.566322
14.794551,14.286592,Sentence,1,9.876433
14.394459,15.547383,Sentence,2,10.06863
14.641451,14.888487,Sentence,2,9.631421
12.830291,15.352069,Sentence,1,9.331934
13.5756445,15.271994,Sentence,2,10.253451
12.691561,14.904736,Sentence,0,8.852021
11.80684,14.711045,Sentence,0,9.613483
13.030893,14.782708,Sentence,0,8.207012
11.709155,16.23129,Sentence,0,9.706655
13.639649,15.326772,Sentence,2,10.56012
12.375,14.775851,Sentence,0,9.574829
14.883949,13.903429,Sentence,3,11.157633
12.0119505,16.687323,Sentence,2,10.225723
13.637214,15.546321,Sentence,1,10.297272
11.7317,13.373708,Sentence,1,8.717283
12.793164,16.183659,Sentence,0,8.585116
12.863234,17.110716,Sentence,2,10.718044
14.164315,16.70659,Sentence,2,9.499906
15.468517,13.866483,Sentence,1,9.85812
14.267305,12.127167,Sentence,1,8.288623
13.61999,15.828915,Sentence,2,10.00031
13.807688,15.493671,Sentence,2,10.831107
12.868585,13.56001,Sentence,1,10.350808
12.898684,16.22017,Sentence,2,10.190057
15.241977,14.187369,Sentence,1,9.762171
14.120515,14.708361,Sentence,1,8.998718
13.168121,16.458923,Sentence,2,8.974882
12.968148,14.9394045,Sentence,0,8.9922905
12.822316,16.937944,Sentence,2,10.685948
12.3730345,16.272415,Sentence,2,9.518342
12.43574,16.76565,Sentence,2,9.625403
11.7793255,15.813339,Sentence,3,11.378922
12.470226,16.782839,Sentence,1,10.703749
14.078381,13.344816,Sentence,1,7.9572563
11.839929,12.205365,Sentence,1,8.858019
12.042625,16.663397,Sentence,2,10.876179
12.2446165,16.827837,Sentence,2,10.518384
12.321839,16.532257,Sentence,2,10.028815
12.292058,15.309795,Sentence,0,8.75997
14.176337,12.72514,Sentence,1,9.033576
11.698133,14.275011,Sentence,0,8.483967
12.202465,15.656023,Sentence,3,12.247839
13.314588,16.355036,Sentence,2,10.03815
12.47784,16.475498,Sentence,3,11.28205
12.715207,15.34058,Sentence,2,8.905742
11.774598,13.440264,Sentence,0,8.6090765
14.177957,16.411379,Sentence,2,9.5946665
12.4624405,16.95266,Sentence,2,11.010473
12.752091,17.215122,Sentence,2,11.193892
14.087571,14.1973715,Sentence,1,10.299449
16.918549,10.45973,Sentence,1,15.674445
12.487745,14.907037,Sentence,0,8.798999
12.911465,15.604327,Sentence,1,9.666662
14.233352,16.672525,Sentence,2,9.538663
11.59423,12.974598,Sentence,1,8.725663
13.232687,16.976774,Sentence,2,10.021799
12.799561,14.160267,Sentence,2,9.404334
12.710205,16.216442,Sentence,0,9.50939
12.66272,15.730106,Sentence,2,10.668889
12.637442,15.219223,Sentence,0,9.5697
14.199069,11.947493,Sentence,1,7.7032676
12.616145,15.0786915,Sentence,0,8.264655
11.429827,13.212016,Sentence,1,8.5821
12.272563,13.715287,Sentence,0,8.6902275
13.908376,14.767847,Sentence,2,10.138585
12.452267,15.520854,Sentence,0,9.038774
12.762082,16.94523,Sentence,2,9.74745
12.50318,16.542698,Sentence,2,9.954491
13.933677,14.800377,Sentence,1,9.0175905
13.945115,16.428028,Sentence,2,9.344168
14.764467,12.248588,Sentence,1,8.602419
13.272798,16.477413,Sentence,2,9.395422
14.701959,14.054779,Sentence,3,11.349297
13.024806,14.860353,Sentence,0,8.1489105
11.795096,16.59077,Sentence,2,11.093267
13.3981085,13.997014,Sentence,1,8.995952
13.302166,16.394705,Sentence,2,10.03266
11.762566,14.490875,Sentence,2,10.522768
12.7318735,16.668865,Sentence,0,8.984542
14.003884,15.766375,Sentence,2,11.1058445
13.572767,14.8512745,Sentence,2,10.941307
12.329949,13.228258,Sentence,3,8.9564
13.875057,15.728988,Sentence,2,9.629639
12.22228,16.91939,Sentence,2,10.3803425
12.010872,16.79072,Sentence,2,9.930538
13.394408,13.575683,Sentence,1,8.310748
12.716702,16.922907,Sentence,2,9.344605
11.704425,16.233566,Sentence,0,10.041366
11.969758,13.1818905,Sentence,0,8.84065
13.029543,15.201229,Sentence,1,10.473482
12.063257,16.631458,Sentence,2,10.30732
13.0317335,16.692558,Sentence,2,9.589937
14.5432005,15.012933,Sentence,3,10.613466
12.151297,16.291798,Sentence,1,9.766338
12.979325,14.166531,Sentence,1,9.1656275
12.620934,15.29176,Sentence,3,12.025451
13.93885,15.798672,Sentence,2,10.146754
13.128359,15.2688465,Sentence,2,10.838958
14.511247,14.127427,Sentence,3,10.813439
13.089978,16.987658,Sentence,2,9.694567
15.309174,14.039714,Sentence,1,9.86198
13.228058,15.369569,Sentence,0,9.104822
12.039903,16.71882,Sentence,2,10.854356
12.591505,16.411158,Sentence,2,10.230872
12.938828,17.039604,Sentence,2,9.635872
13.498377,15.12225,Sentence,2,9.424174
13.921324,13.593041,Sentence,1,8.804419
13.994542,15.063462,Sentence,2,9.924258
12.483544,12.731373,Sentence,1,8.739003
11.517587,12.627851,Sentence,1,9.3028145
13.437559,15.975546,Sentence,2,10.39023
12.315521,14.157137,Sentence,0,9.102874
13.995147,16.219004,Sentence,2,10.563165
13.905826,15.229391,Sentence,2,10.216793
14.272648,14.389925,Sentence,1,10.772633
15.172295,14.16232,Sentence,1,9.783742
11.742688,16.906404,Sentence,2,11.002067
11.798092,16.316362,Sentence,2,9.924247
12.239993,15.127247,Sentence,0,9.076052
12.311164,16.799313,Sentence,2,11.100544
13.225198,16.161781,Sentence,2,10.437787
12.424434,15.401307,Sentence,2,10.652932
14.738769,14.676162,Sentence,1,10.369443
11.966906,16.26376,Sentence,2,10.503099
11.813799,16.751,Sentence,2,10.900798
15.703304,13.655935,Sentence,1,10.108894
15.430887,11.93269,Sentence,1,11.062041
13.999647,14.863152,Sentence,3,11.019929
12.175881,16.50786,Sentence,2,9.435712
11.577644,16.573565,Sentence,0,10.348998
13.500252,12.745932,Sentence,3,10.27647
13.873869,13.028213,Sentence,1,8.252315
12.39436,16.815548,Sentence,2,9.395024
13.832512,14.334172,Sentence,3,11.712286
13.435781,16.008362,Sentence,2,10.904656
12.192772,16.62138,Sentence,2,9.841717
13.213594,15.882599,Sentence,2,8.9043665
13.884161,15.020404,Sentence,2,11.2346945
12.143605,15.534427,Sentence,0,8.518408
11.948438,14.305072,Sentence,0,8.667029
13.755176,16.324368,Sentence,2,9.179511
12.265571,16.38659,Sentence,0,9.949343
12.630476,15.078678,Sentence,0,8.503582
14.580897,14.801256,Sentence,1,9.9317045
11.813977,16.006994,Sentence,2,10.775316
12.254161,15.964691,Sentence,3,10.843295
12.053335,13.21143,Sentence,1,8.909854
12.705748,14.8136015,Sentence,0,8.304702
12.854961,15.058055,Sentence,0,8.351058
14.606186,15.968013,Sentence,0,8.628025
13.516325,12.803618,Sentence,1,9.246785
12.430137,16.846155,Sentence,2,10.796299
12.032761,15.64745,Sentence,0,9.371973
13.015879,16.971254,Sentence,2,9.550331
13.172311,14.222907,Sentence,1,9.554828
14.239239,14.924793,Sentence,1,10.01743
15.057741,13.789749,Sentence,3,11.416902
12.153973,15.5790205,Sentence,0,9.480465
12.255615,14.836706,Sentence,0,8.452213
11.726496,13.229486,Sentence,1,8.6392
14.064084,16.566957,Sentence,2,9.868421
13.026126,14.721431,Sentence,0,8.7736845
11.788549,16.351881,Sentence,0,9.917583
14.224042,16.389675,Sentence,2,9.703182
12.27661,16.391647,Sentence,0,9.082103
13.440895,13.968596,Sentence,0,8.360833
12.358714,16.597862,Sentence,2,9.410485
13.0326805,15.798371,Sentence,2,10.802123
11.753559,13.374011,Sentence,0,8.708881
13.096219,15.079339,Sentence,1,9.672503
13.732204,12.282149,Sentence,1,7.1412506
12.353982,14.870422,Sentence,0,8.466219
12.672838,16.145666,Sentence,2,9.615106
12.249656,15.836898,Sentence,1,10.415006
11.790863,16.51442,Sentence,2,10.1292715
11.93309,14.359506,Sentence,0,9.6642065
12.634415,12.81835,Sentence,1,9.098154
13.339278,15.484552,Sentence,2,9.52032
12.809526,15.57613,Sentence,0,8.3668165
14.717614,11.448653,Sentence,1,7.01025
14.180728,16.510878,Sentence,2,9.640656
11.751193,16.362871,Sentence,2,11.226009
12.413473,16.35033,Sentence,0,9.037651
12.275431,13.756306,Sentence,1,8.559939
12.604522,16.41599,Sentence,2,8.991411
12.085936,15.788018,Sentence,0,9.426473
11.979768,12.0688505,Sentence,1,9.113448
13.339308,16.97172,Sentence,2,10.724993
11.342479,12.851013,Sentence,1,9.160822
13.795679,15.98742,Sentence,2,9.90326
12.669751,14.938969,Sentence,1,10.46478
14.502228,14.422631,Sentence,1,10.466568
11.591109,13.607578,Sentence,0,8.535845
15.312727,14.152194,Sentence,1,9.763246
12.387975,14.967191,Sentence,0,9.245869
14.199369,16.543251,Sentence,2,9.366927
11.661647,13.949959,Sentence,0,9.025198
12.027017,16.102,Sentence,2,9.916447
13.456797,14.316951,Sentence,1,9.962411
12.369458,16.99729,Sentence,2,9.805717
12.501901,15.809439,Sentence,0,9.895096
11.635831,16.169798,Sentence,2,10.274681
13.370252,13.798111,Sentence,1,8.579858
14.694378,13.994871,Sentence,3,11.108526
12.042385,11.851773,Sentence,3,9.38796
14.275504,16.271997,Sentence,2,9.768607
13.804241,16.042843,Sentence,2,9.392399
12.319372,16.088285,Sentence,0,8.69145
11.6417675,14.155801,Sentence,0,8.816902
13.666074,16.493923,Sentence,2,10.069627
13.636577,13.813327,Sentence,1,9.016727
13.276781,16.615253,Sentence,2,9.484411
12.482797,16.344076,Sentence,2,9.299802
13.681339,15.336384,Sentence,3,10.57162
14.432471,15.670083,Sentence,1,9.035347
13.098949,16.822992,Sentence,2,9.060187
12.6908655,9.067587,Sentence,3,13.927108
13.849169,13.281629,Sentence,1,9.189088
11.697136,16.268183,Sentence,2,10.958914
11.73191,14.383046,Sentence,1,10.585259
13.311108,16.169182,Sentence,1,11.210575
12.956692,16.696308,Sentence,2,9.765649
13.542166,16.011143,Sentence,2,10.354388
11.613196,16.787313,Sentence,0,10.4948225
12.951974,14.097686,Sentence,0,8.690509
13.845719,15.28842,Sentence,1,8.963387
12.435785,16.242088,Sentence,0,8.76302
12.702677,13.830781,Sentence,1,9.002475
11.106772,12.276246,Sentence,1,8.727566
14.2801285,15.994161,Sentence,2,9.161378
12.441067,15.466068,Sentence,2,8.573458
14.609497,14.849987,Sentence,1,9.50254
13.284084,14.7342205,Sentence,0,9.912948
14.082964,15.981913,Sentence,2,10.062673
11.220408,12.597371,Sentence,1,9.543328
12.314503,16.382427,Sentence,2,9.843051
11.66122,14.605946,Sentence,0,8.971581
12.346865,14.844029,Sentence,0,8.709615
14.064548,13.616415,Sentence,3,10.411265
12.039158,15.6553755,Sentence,2,10.06717
15.258107,13.649373,Sentence,3,10.305266
14.14786,14.380064,Sentence,1,9.338849
12.913202,16.535524,Sentence,2,10.50464
14.066288,13.333641,Sentence,0,7.895397
13.398344,15.180189,Sentence,2,10.172886
12.54233,14.000104,Sentence,0,8.710801
12.031675,16.67388,Sentence,2,10.643468
13.132707,16.655272,Sentence,2,8.9185705
12.252111,13.637823,Sentence,0,8.938723
12.095832,15.735133,Sentence,0,8.625167
11.969228,16.66569,Sentence,2,9.936654
12.909948,15.068423,Sentence,0,8.503229
12.515016,15.882833,Sentence,2,9.136533
14.349062,14.008512,Sentence,0,8.703605
12.75228,15.818423,Sentence,1,10.518622
12.511261,16.308792,Sentence,0,8.951733
13.619354,15.867768,Sentence,1,8.90163
13.1819515,16.760912,Sentence,2,9.554669
12.750216,16.991707,Sentence,2,10.191503
11.892107,14.524235,Sentence,0,8.493125
13.279105,16.765232,Sentence,2,9.021812
13.275465,16.308275,Sentence,2,9.84997
12.852109,16.669828,Sentence,2,8.983034
13.945437,14.906275,Sentence,1,10.41362
13.969034,15.902636,Sentence,2,10.09498
12.06994,15.172315,Sentence,3,10.621501
12.332532,16.670273,Sentence,2,9.747861
12.306646,14.76435,Sentence,0,8.473034
14.62117,13.630698,Sentence,3,10.71042
15.050363,13.559939,Sentence,1,9.8309765
12.928878,16.158249,Sentence,0,8.672961
11.515475,12.117413,Sentence,1,8.990016
12.319958,14.724282,Sentence,0,8.418548
12.622689,16.732187,Sentence,2,9.093104
12.647864,14.534822,Sentence,1,8.421507
12.102126,16.189249,Sentence,0,8.643339
15.184615,13.764466,Sentence,3,10.093089
12.850321,16.79846,Sentence,2,9.288448
11.860024,14.0539255,Sentence,0,8.554145
13.808171,15.057006,Sentence,0,8.790982
14.66767,14.878273,Sentence,3,10.796466
14.351143,15.1106825,Sentence,2,10.863754
13.595814,14.33085,Sentence,1,10.280419
14.157705,16.677309,Sentence,2,9.444876
14.458359,14.228595,Sentence,1,11.271367
12.39102,15.12148,Sentence,0,8.326512
12.236916,15.369726,Sentence,0,9.139139
12.087843,14.437839,Sentence,0,8.6126795
11.907045,16.60367,Sentence,2,11.095667
12.673202,15.633873,Sentence,2,12.168965
12.663467,16.212807,Sentence,0,9.138756
13.993337,13.764696,Sentence,1,11.365477
12.227101,16.089865,Sentence,0,9.816212
12.090418,11.816403,Sentence,3,9.363248
14.939506,14.097481,Sentence,3,11.087289
12.223897,15.5346155,Sentence,0,8.605854
13.0826435,16.584038,Sentence,2,9.638572
12.505666,17.153131,Sentence,2,11.099283
14.036532,16.6119,Sentence,2,9.433568
13.64174,14.785069,Sentence,2,10.373772
13.951681,16.488865,Sentence,2,9.381874
14.069297,12.382771,Sentence,1,7.766617
13.734946,16.088425,Sentence,2,10.25371
13.626571,15.516725,Sentence,0,9.809536
12.1391325,12.216528,Sentence,1,8.717032
13.545926,13.449456,Sentence,1,10.285635
13.370848,15.300264,Sentence,0,8.471567
12.148177,16.174068,Sentence,0,8.762056
12.690921,9.0674,Sentence,3,13.927253
13.928623,15.025095,Sentence,2,10.588759
12.83446,16.637667,Sentence,2,10.607379
14.093957,12.031711,Sentence,1,7.731837
12.103826,16.756079,Sentence,0,10.063773
13.823602,12.628256,Sentence,1,8.097953
12.894851,16.957981,Sentence,2,10.523954
12.666101,14.678906,Sentence,0,8.67215
12.140856,16.777382,Sentence,3,11.454174
13.127342,16.627392,Sentence,2,9.569325
11.836669,12.279372,Sentence,1,9.023568
12.712392,9.810114,Sentence,1,1.5813977
14.061897,16.2963,Sentence,2,9.464488
13.876057,15.705335,Sentence,0,9.0225525
14.529557,13.8858595,Sentence,1,10.635376
12.203789,16.543318,Sentence,2,10.220249
13.180804,15.152025,Sentence,0,8.593539
11.640216,13.139208,Sentence,1,9.062338
14.05547,14.050475,Sentence,3,10.852083
12.452336,16.423258,Sentence,0,9.342787
13.130268,14.61122,Sentence,1,10.103601
11.738123,14.336894,Sentence,0,9.570127
11.952835,16.53607,Sentence,0,9.814724
14.695097,15.011879,Sentence,3,9.544623
13.722192,16.003244,Sentence,2,10.672377
12.0142975,15.494962,Sentence,2,11.0112095
13.309506,15.641688,Sentence,2,9.8564625
11.918795,14.902791,Sentence,0,8.132507
11.744396,14.224776,Sentence,0,8.707787
13.068724,16.233301,Sentence,2,10.189006
12.335555,13.662491,Sentence,1,9.210028
11.988518,15.961793,Sentence,0,8.650382
12.8178,14.657363,Sentence,2,9.297379
13.659381,14.041385,Sentence,0,8.815029
12.28148,15.685324,Sentence,0,8.608335
14.723985,14.166569,Sentence,3,11.130336
13.435664,16.711367,Sentence,2,9.215427
12.820235,15.326101,Sentence,0,8.729492
14.372649,15.610667,Sentence,1,9.062108
15.429651,11.935937,Sentence,1,11.059739
14.5772,15.0366745,Sentence,1,9.252274
11.538437,16.674387,Sentence,3,11.838178
11.874741,12.20815,Sentence,1,8.899385
13.072025,16.693308,Sentence,2,9.942328
11.886262,16.695112,Sentence,2,10.56237
12.18647,15.810422,Sentence,0,9.173145
12.357728,14.123673,Sentence,3,10.921252
13.9965315,12.449186,Sentence,1,8.413631
14.247315,14.449351,Sentence,3,11.341754
14.974375,13.816323,Sentence,3,11.389951
12.96701,15.313612,Sentence,2,9.753924
11.943038,14.438773,Sentence,0,8.54152
12.164857,15.738485,Sentence,0,8.476606
14.218742,16.106236,Sentence,2,9.283527
13.566083,16.461136,Sentence,2,9.184198
12.749711,16.32672,Sentence,2,8.743807
12.49027,15.892943,Sentence,0,8.627283
12.906157,14.368327,Sentence,0,8.895001
12.266877,16.6374,Sentence,2,9.274669
13.259105,16.248735,Sentence,0,8.992951
12.853911,13.765418,Sentence,0,8.876615
14.483311,14.310495,Sentence,3,11.264722
12.256802,16.742111,Sentence,2,10.640342
13.342276,15.959187,Sentence,2,9.6469345
12.4709015,14.49359,Sentence,1,9.095145
12.858373,16.853683,Sentence,2,9.930686
12.302244,14.920041,Sentence,2,10.983132
12.109591,12.725092,Sentence,0,8.511289
12.93585,17.265942,Sentence,2,10.817539
12.135165,16.508303,Sentence,3,12.8034115
13.012431,13.711238,Sentence,1,10.424071
12.313021,16.027496,Sentence,2,10.184554
13.3757715,16.560545,Sentence,2,9.951384
12.677237,16.260475,Sentence,0,9.341391
15.073197,13.539211,Sentence,3,9.73935
14.285408,15.667184,Sentence,2,10.812757
11.868389,12.51164,Sentence,1,9.4087305
14.696332,14.800301,Sentence,1,9.850205
12.204931,15.178724,Sentence,0,8.541836
13.49594,15.920702,Sentence,2,10.193379
12.829545,16.413551,Sentence,0,8.570444
12.268024,14.773198,Sentence,0,8.228597
13.773323,12.874012,Sentence,1,9.0540695
12.168939,16.34138,Sentence,0,9.284128
12.690982,9.067175,Sentence,3,13.9274235
12.941211,16.51743,Sentence,0,8.879964
12.055292,16.122604,Sentence,0,8.747579
12.1118765,17.11548,Sentence,2,11.232658
12.826704,14.989396,Sentence,0,9.026684
13.331297,16.793043,Sentence,2,9.15361
13.245754,15.097188,Sentence,1,8.888118
14.065573,14.830231,Sentence,1,8.800722
12.50944,17.019857,Sentence,2,10.455032
11.898149,14.690039,Sentence,0,8.340831
14.210945,15.092282,Sentence,0,8.871193
12.69101,9.067131,Sentence,3,13.927447
12.788155,16.219816,Sentence,0,8.778884
12.521925,16.527935,Sentence,2,10.284515
12.419465,16.303207,Sentence,0,8.791302
12.93411,16.132322,Sentence,0,8.875608
13.746601,16.146915,Sentence,2,10.991056
12.11826,12.479699,Sentence,1,8.472473
11.43743,16.774546,Sentence,0,11.519785
14.001226,14.966269,Sentence,2,11.212125
12.652931,16.632763,Sentence,2,9.168559
12.804624,16.610786,Sentence,2,10.635194
13.699452,15.539959,Sentence,2,9.585137
12.830908,15.618947,Sentence,2,10.390836
12.490699,16.321112,Sentence,2,9.723823
12.830223,14.896256,Sentence,1,11.402407
13.079808,16.21841,Sentence,2,9.941367
12.669671,15.916916,Sentence,0,9.179469
13.861063,13.5389,Sentence,1,9.7402525
13.086526,13.809928,Sentence,1,8.66191
13.6547785,14.181066,Sentence,1,10.248831
13.810598,13.009348,Sentence,1,8.305949
12.900219,15.425369,Sentence,0,9.712761
13.723001,15.691938,Sentence,0,9.257527
14.465931,14.192082,Sentence,3,10.775763
12.68207,9.057455,Sentence,3,13.936684
12.770679,14.255314,Sentence,3,11.3222885
13.353769,12.293486,Sentence,0,8.162985
12.460243,16.729155,Sentence,2,10.038284
12.9225235,15.030775,Sentence,3,12.36692
12.048789,11.572037,Sentence,3,9.423081
12.260825,16.022686,Sentence,0,9.162167
12.34834,16.077562,Sentence,2,10.5223255
13.072032,14.91598,Sentence,1,9.066772
14.23915,15.585135,Sentence,2,9.427283
12.662172,15.34855,Sentence,0,8.844379
11.597989,13.350058,Sentence,1,8.487489
14.50516,14.713662,Sentence,3,9.72981
14.022472,15.964332,Sentence,2,10.93251
13.358256,15.73798,Sentence,2,9.975833
13.066795,16.996706,Sentence,2,10.464138
12.37566,17.00481,Sentence,0,10.147883
13.423469,16.235378,Sentence,2,11.182761
12.981706,14.147324,Sentence,1,9.43393
12.52568,14.789484,Sentence,2,10.602622
13.315719,16.035265,Sentence,2,9.136409
12.791972,15.459853,Sentence,0,8.87804
13.009612,15.880624,Sentence,0,8.562151
14.683091,15.56786,Sentence,1,10.848176
15.337811,11.298336,Sentence,1,9.214921
12.357376,13.100026,Sentence,1,8.943429
13.277422,14.63249,Sentence,1,9.673363
12.115499,16.309298,Sentence,2,11.154538
12.221652,16.443174,Sentence,2,10.998113
12.578764,15.703322,Sentence,0,8.894295
13.861057,16.799269,Sentence,2,9.697806
12.802135,14.834847,Sentence,0,8.283772
11.676964,13.726217,Sentence,0,8.815372
14.433324,14.747805,Sentence,1,9.960692
14.188357,14.352806,Sentence,1,8.64569
13.3515215,16.366804,Sentence,2,10.718588
12.495086,17.092178,Sentence,0,11.21967
11.843386,15.899937,Sentence,2,10.008317
12.837935,15.198542,Sentence,0,9.471479
11.501252,13.001645,Sentence,1,8.764983
12.170658,15.02104,Sentence,1,9.605557
13.191121,13.28145,Sentence,1,10.088431
12.125038,16.537096,Sentence,2,11.2328415
12.255676,16.609613,Sentence,2,9.56344
12.602555,15.859821,Sentence,2,9.649013
12.060664,14.191339,Sentence,0,8.395075
12.475815,15.9670515,Sentence,0,8.96332
13.396256,16.247046,Sentence,1,9.239826
12.550218,17.259314,Sentence,0,10.864356
12.910607,13.305419,Sentence,0,10.198059
12.703717,17.130236,Sentence,2,10.789042
14.889752,14.65812,Sentence,3,9.992726
12.383484,16.491318,Sentence,0,9.031194
13.876342,16.80738,Sentence,2,9.961519
11.842408,16.743652,Sentence,2,11.122309
14.467331,15.793862,Sentence,2,9.723203
13.80972,14.35023,Sentence,3,11.565273
13.719764,16.843584,Sentence,2,9.818825
12.9972515,16.892693,Sentence,2,9.467583
12.7808895,14.989153,Sentence,2,10.608976
13.26433,14.500566,Sentence,0,9.496426
14.965633,13.685445,Sentence,1,9.7690115
11.950978,16.570219,Sentence,2,10.785073
14.295682,15.965846,Sentence,1,8.712478
11.543871,14.580143,Sentence,1,11.25178
11.593307,16.405607,Sentence,0,9.86132
14.003057,16.7879,Sentence,3,10.296691
15.225591,14.092861,Sentence,1,9.914574
12.258272,16.539852,Sentence,0,9.912558
14.537723,15.380442,Sentence,1,9.5885
14.348779,15.883188,Sentence,2,9.740856
12.065048,16.42964,Sentence,2,9.488061
12.123271,16.339882,Sentence,0,8.976279
12.111314,15.066366,Sentence,0,8.453904
13.031305,16.480364,Sentence,2,10.629007
15.211825,13.979122,Sentence,1,9.766792
12.992199,14.706302,Sentence,0,8.836773
11.926941,16.66525,Sentence,2,9.710121
13.547128,13.033587,Sentence,1,7.425788
13.305584,16.766748,Sentence,2,9.5220375
11.576982,13.216266,Sentence,1,9.083085
13.705118,16.846004,Sentence,2,9.498988
12.267606,15.162779,Sentence,3,10.866229
12.38313,16.117249,Sentence,0,8.613087
13.834446,16.333485,Sentence,1,10.805717
11.933936,13.892746,Sentence,1,9.962119
14.677796,22.16394,Sentence,1,14.591754
12.386522,15.432767,Sentence,0,8.374842
13.089017,14.123518,Sentence,1,8.684838
13.717916,13.543285,Sentence,1,9.997507
14.10307,14.47666,Sentence,1,8.626338
14.202469,14.10351,Sentence,3,10.482805
13.0850525,16.527145,Sentence,2,9.431933
11.946611,14.784595,Sentence,0,8.362366
14.000104,14.623286,Sentence,1,9.713762
12.8597555,12.853243,Sentence,1,9.907833
13.794092,14.067333,Sentence,3,11.223817
13.695994,14.114457,Sentence,1,10.550873
12.40843,15.855187,Sentence,0,9.286929
12.627147,14.3224,Sentence,1,8.384622
12.463545,14.225539,Sentence,1,9.646102
12.711859,16.520266,Sentence,2,9.078879
14.074887,14.626871,Sentence,1,10.391239
14.2867985,15.984393,Sentence,2,9.025665
12.780989,17.281744,Sentence,2,11.079802
14.046559,15.261535,Sentence,1,9.789405
14.09405,15.400521,Sentence,1,10.279468
12.600529,16.440502,Sentence,0,8.7945795
12.189993,13.6196575,Sentence,0,8.524609
12.800672,14.975016,Sentence,3,11.173984
12.101874,12.073127,Sentence,1,8.919806
12.018281,16.06858,Sentence,0,8.74648
12.7089,15.763639,Sentence,2,9.841651
15.355095,11.35974,Sentence,1,7.8847704
12.916526,13.992364,Sentence,3,11.17602
13.684495,16.665207,Sentence,2,10.716384
12.258483,17.037983,Sentence,2,11.295507
12.723944,16.510464,Sentence,0,8.836315
10.812929,12.000139,Sentence,1,8.82937
13.989868,16.714647,Sentence,2,9.596789
13.238511,13.684805,Sentence,1,10.678579
15.613142,13.29117,Sentence,3,10.10175
11.727512,14.32262,Sentence,1,10.598722
13.422283,16.285767,Sentence,2,9.785306
12.589002,15.770858,Sentence,2,10.760022
12.924919,16.443048,Sentence,2,8.810973
11.895854,14.376398,Sentence,0,8.5016165
12.767334,14.692215,Sentence,0,8.744054
12.996531,16.699863,Sentence,2,9.646216
13.053755,16.129667,Sentence,0,8.916265
12.693866,15.790746,Sentence,0,8.368015
13.686003,12.245092,Sentence,1,7.100571
11.585657,13.53211,Sentence,0,8.462709
13.593695,13.143814,Sentence,1,9.709484
12.662045,15.994338,Sentence,2,9.416949
13.279333,15.351183,Sentence,0,8.565389
12.803921,17.00363,Sentence,2,9.516271
11.272411,13.232346,Sentence,1,9.039676
12.123939,16.67208,Sentence,2,11.228514
13.908359,15.2720785,Sentence,0,8.386483
14.493916,15.871609,Sentence,2,9.65299
14.124999,15.398507,Sentence,1,9.082721
12.193253,16.1022,Sentence,0,8.700799
13.841099,15.166101,Sentence,1,9.579379
12.446586,15.257811,Sentence,0,8.527036
12.2906685,13.153145,Sentence,1,8.652106
13.26305,14.472642,Sentence,1,10.111748
13.031114,15.7663555,Sentence,2,10.953273
14.306737,14.928032,Sentence,1,8.899192
13.398674,16.142258,Sentence,2,11.267363
12.629037,15.57081,Sentence,0,8.579615
13.023685,15.810066,Sentence,0,8.949502
14.430346,14.70733,Sentence,3,10.113754
12.584297,14.9447,Sentence,0,8.235748
12.524143,14.604986,Sentence,3,10.5304985
11.93694,13.495804,Sentence,1,9.2491255
11.664723,12.798238,Sentence,1,9.005309
12.952348,15.386298,Sentence,2,12.010396
12.662676,16.275436,Sentence,2,9.27257
12.902049,15.260278,Sentence,0,8.387328
13.85393,12.623622,Sentence,1,7.9876328
12.657468,16.323477,Sentence,2,9.6478615
14.39634,14.146212,Sentence,1,8.85773
12.258533,15.976154,Sentence,2,9.799889
13.18768,13.978224,Sentence,1,10.061955
13.680438,15.399,Sentence,1,9.850655
12.120585,16.19396,Sentence,2,9.584378
11.941009,15.096384,Sentence,1,9.973806
11.723548,12.620382,Sentence,1,9.335735
11.980734,13.984248,Sentence,0,8.734817
12.63944,16.180532,Sentence,2,10.317207
12.093205,14.338619,Sentence,3,11.5750885
12.670654,17.070002,Sentence,2,11.051318
11.69115,13.45977,Sentence,0,8.4808035
12.496627,15.732638,Sentence,0,8.793209
11.573711,13.707226,Sentence,0,8.853201
13.954521,15.916773,Sentence,2,9.898778
11.753717,13.524042,Sentence,0,8.568905
12.32785,14.069067,Sentence,1,10.497987
12.315877,17.056332,Sentence,2,10.622757
12.740476,16.717993,Sentence,2,9.824765
12.0201645,15.757128,Sentence,0,8.893305
12.4510975,16.404026,Sentence,2,10.08257
13.205735,15.382342,Sentence,2,10.465112
14.492192,14.866154,Sentence,1,10.29399
15.308863,14.019687,Sentence,3,9.936855
11.73489,12.17795,Sentence,1,9.119462
11.925812,16.74965,Sentence,2,10.6273
11.765918,-0.96065426,Sentence,3,11.301835
12.109754,15.188049,Sentence,0,10.141014
11.704456,16.063946,Sentence,0,9.934395
12.3468485,15.841315,Sentence,0,8.766033
12.80035,15.167505,Sentence,3,10.596751
9.642359,8.124907,Sentence,3,15.047434
15.0574875,13.995357,Sentence,1,9.68128
13.653798,15.922654,Sentence,2,9.974524
13.508718,14.510092,Sentence,1,10.075546
11.974163,15.698425,Sentence,2,9.599693
12.519345,14.806588,Sentence,1,10.674256
13.2785635,16.019333,Sentence,2,9.405809
12.906825,16.726778,Sentence,0,9.092109
13.671795,13.1740055,Sentence,1,8.644191
12.570523,15.265241,Sentence,0,8.69688
11.764924,13.304517,Sentence,0,9.203192
12.395134,15.841752,Sentence,1,11.876893
14.3632555,16.01539,Sentence,1,8.939439
14.057346,15.042664,Sentence,1,10.224329
14.081218,15.707972,Sentence,2,10.388013
13.030485,16.56819,Sentence,2,9.124735
14.842205,14.337161,Sentence,3,10.427335
11.995521,15.283644,Sentence,0,8.511759
12.425814,16.135813,Sentence,0,9.138109
12.9268675,15.44918,Sentence,3,10.695724
12.58577,13.205259,Sentence,1,10.599855
14.377318,13.553976,Sentence,1,9.326162
13.418991,14.081821,Sentence,1,10.072123
12.536707,14.953109,Sentence,0,8.279772
12.507261,15.67515,Sentence,0,9.106715
13.947423,15.178446,Sentence,2,10.4783945
15.106298,13.596324,Sentence,3,10.15883
14.120158,15.920436,Sentence,1,9.911036
11.736365,15.788141,Sentence,0,9.198954
13.467222,16.116589,Sentence,2,11.293403
13.084677,15.399652,Sentence,2,9.837949
12.713267,9.8184,Sentence,1,1.594961
13.093109,15.454748,Sentence,0,8.885251
14.097572,15.311501,Sentence,1,10.095714
11.940831,14.853309,Sentence,0,7.964769
13.045327,17.03128,Sentence,2,9.575754
11.764879,-0.96355575,Sentence,3,11.302207
12.550212,15.926084,Sentence,2,10.737296
13.201424,14.310621,Sentence,1,8.779595
12.515667,16.613274,Sentence,2,9.996464
11.499822,16.583784,Sentence,3,11.667112
14.718684,11.4471855,Sentence,1,7.0062885
13.117042,16.016306,Sentence,2,9.300021
13.171907,16.780474,Sentence,2,10.521248
13.646861,16.367037,Sentence,2,9.418776
13.45621,15.158178,Sentence,2,11.16734
14.1870575,13.877053,Sentence,3,11.432704
15.323608,14.138236,Sentence,1,9.909097
12.853644,14.672882,Sentence,0,8.427153
14.31118,16.761278,Sentence,2,9.374885
15.072944,13.844793,Sentence,3,11.304603
12.716094,9.815215,Sentence,1,1.5946065
11.480518,16.125404,Sentence,2,10.780692
13.762189,14.897622,Sentence,1,10.603352
12.080559,12.409404,Sentence,0,8.798662
12.959007,16.830502,Sentence,2,9.835642
12.380053,16.616957,Sentence,2,9.315692
12.690187,17.20285,Sentence,2,11.006879
12.263474,13.6576395,Sentence,1,9.859958
12.293089,16.011002,Sentence,0,8.631581
11.939891,16.486044,Sentence,0,10.018391
13.400771,17.148848,Sentence,2,10.300961
13.633517,13.476333,Sentence,1,10.328293
11.402217,12.482645,Sentence,1,9.084762
13.700006,15.571352,Sentence,2,10.2598295
12.8764,15.1236725,Sentence,2,11.136778
13.100204,15.706316,Sentence,2,8.916071
13.474109,15.190015,Sentence,0,8.599802
14.095329,13.777837,Sentence,3,10.925175
12.664263,16.14266,Sentence,0,8.624191
12.907593,14.301611,Sentence,0,9.36754
14.482525,14.999498,Sentence,2,10.339926
12.412915,13.704666,Sentence,0,9.017721
12.705507,17.149626,Sentence,3,11.174852
15.004481,13.398611,Sentence,1,9.0679865
13.92888,14.792227,Sentence,3,11.126682
12.583397,15.505943,Sentence,0,8.437603
13.939451,15.5955305,Sentence,2,10.414147
12.032086,15.882723,Sentence,0,8.559445
12.982895,15.345863,Sentence,2,9.927715
12.792641,16.333832,Sentence,2,8.797851
13.694223,15.888092,Sentence,2,10.092069
14.197092,13.765703,Sentence,1,9.220636
12.663514,14.871772,Sentence,0,8.88886
12.486618,15.262414,Sentence,2,10.979528
12.242509,16.397572,Sentence,0,8.911788
13.024776,13.496876,Sentence,1,8.875626
14.328828,14.921726,Sentence,1,9.626024
14.524974,12.785271,Sentence,1,9.780633
13.8036585,16.271967,Sentence,2,9.454801
12.357583,15.561417,Sentence,0,9.111794
12.997373,16.206392,Sentence,2,8.814889
14.178397,16.582134,Sentence,2,9.429597
12.066942,16.831911,Sentence,2,10.550302
12.622943,15.042207,Sentence,0,8.60677
13.933496,16.862549,Sentence,1,9.694544
11.479721,13.099123,Sentence,1,9.191784
13.673348,16.89175,Sentence,2,9.716731
15.052554,13.763762,Sentence,3,10.269599
12.3488035,16.52966,Sentence,2,9.893636
12.153032,14.871198,Sentence,0,8.836436
14.835224,14.12346,Sentence,3,10.524441
12.068814,16.32297,Sentence,2,9.79429
12.906706,13.647649,Sentence,1,9.721731
13.472726,16.764275,Sentence,2,9.292562
12.504605,15.736812,Sentence,0,8.610896
13.943669,15.074898,Sentence,2,10.208976
14.310965,16.062075,Sentence,2,8.789846
12.474388,16.696312,Sentence,3,11.359358
13.17377,16.85289,Sentence,2,9.665964
14.395569,14.8965645,Sentence,1,10.35013
12.55793,16.415451,Sentence,0,9.396988
13.675201,16.17717,Sentence,2,11.015006
13.644232,15.948665,Sentence,2,9.815213
11.884075,17.193586,Sentence,1,10.372723
13.089246,14.815626,Sentence,0,8.256646
12.396768,17.162682,Sentence,2,9.935988
13.532804,16.613646,Sentence,2,9.634328
12.443123,15.732477,Sentence,2,10.580541
14.436874,14.742607,Sentence,0,9.79711
12.92081,15.77407,Sentence,0,8.713441
13.565904,15.644449,Sentence,2,9.196689
13.2521,14.391596,Sentence,1,9.688378
12.059394,14.120737,Sentence,0,8.59342
11.929191,13.197882,Sentence,1,8.650566
13.114075,16.920269,Sentence,2,9.32078
12.479781,14.988937,Sentence,1,10.916336
11.936458,12.870233,Sentence,1,9.06139
12.01657,16.73191,Sentence,2,11.082952
9.642275,8.124777,Sentence,3,15.047528
11.689663,14.430256,Sentence,3,10.666429
13.955504,14.720901,Sentence,1,9.192888
14.562671,16.179298,Sentence,1,9.847744
13.062192,16.388956,Sentence,2,9.729932
13.37762,17.066463,Sentence,2,10.361126
14.033485,15.031603,Sentence,2,10.204848
13.98017,15.095633,Sentence,2,10.8203335
14.25559,14.229276,Sentence,2,10.717309
13.375567,16.651962,Sentence,2,9.781416
13.085985,14.617604,Sentence,0,8.22398
11.765568,-0.96403605,Sentence,3,11.301325
14.939105,14.498645,Sentence,1,9.79743
13.058317,16.381685,Sentence,2,9.784404
13.973911,16.248142,Sentence,0,8.775882
13.69377,15.575651,Sentence,1,8.83815
13.466543,16.01535,Sentence,0,8.970741
12.36806,16.24965,Sentence,0,8.9651785
13.152833,15.984989,Sentence,0,9.364221
12.527394,15.722585,Sentence,0,8.894985
12.970137,13.838945,Sentence,1,8.695821
13.283668,15.972348,Sentence,1,9.449631
12.142074,13.679965,Sentence,0,9.029691
13.414497,15.925539,Sentence,2,9.106196
13.657178,16.457731,Sentence,2,10.121704
12.247162,16.535694,Sentence,2,10.453088
13.330914,16.355047,Sentence,2,9.23035
12.07901,17.209457,Sentence,2,10.84337
14.241422,16.228342,Sentence,1,9.888527
12.697359,17.254936,Sentence,2,11.211617
12.302354,13.721434,Sentence,1,9.907178
13.436819,15.643544,Sentence,2,9.580581
13.119294,16.824242,Sentence,2,9.342356
13.598667,16.586517,Sentence,2,9.588632
12.674154,16.21492,Sentence,2,8.679605
14.381508,15.573718,Sentence,2,10.527901
14.684297,14.146398,Sentence,3,10.790303
14.433152,14.834375,Sentence,3,11.064567
11.726043,13.280127,Sentence,1,8.874207
12.025316,12.663193,Sentence,1,8.397759
13.2069025,16.356575,Sentence,2,9.137608
14.106212,16.7248,Sentence,2,9.258268
12.599057,16.887989,Sentence,2,9.297416
13.488348,16.409473,Sentence,2,9.325216
12.121545,15.349452,Sentence,2,10.950607
12.913413,14.223428,Sentence,0,8.925724
14.743321,14.277373,Sentence,3,10.254265
14.707479,13.788861,Sentence,3,10.246656
12.692954,15.735551,Sentence,2,10.721723
12.104054,12.413147,Sentence,1,8.817702
12.14745,15.387784,Sentence,0,8.35919
12.282448,16.336866,Sentence,2,9.297389
12.421089,15.544053,Sentence,0,8.557029
12.268291,16.700645,Sentence,2,9.745337
11.714637,16.716434,Sentence,2,10.734692
14.273876,15.049317,Sentence,3,9.57563
13.330299,15.694149,Sentence,0,9.200097
11.370993,12.286673,Sentence,1,8.90467
13.830538,16.735432,Sentence,2,9.927764
13.222112,17.09239,Sentence,2,10.248367
12.0560255,12.141642,Sentence,1,8.748938
13.086174,16.530739,Sentence,0,9.249439
15.025437,13.999132,Sentence,3,11.228466
12.439922,14.699457,Sentence,0,9.068117
12.154878,15.48687,Sentence,2,10.186295
12.235336,16.418861,Sentence,2,9.424786
11.507575,13.043685,Sentence,1,9.030264
12.487918,16.268475,Sentence,2,10.659761
12.166932,14.887659,Sentence,2,10.746503
14.246327,16.531336,Sentence,2,9.632305
12.886096,16.51091,Sentence,2,9.531365
12.495079,17.242468,Sentence,1,11.228003
13.013101,14.615183,Sentence,1,8.938017
12.438833,16.79741,Sentence,2,9.596559
12.225224,16.35431,Sentence,0,8.96354
11.861667,13.659161,Sentence,0,8.444888
12.161719,14.604833,Sentence,3,10.401783
12.216744,15.454033,Sentence,0,9.091506
14.672385,14.989345,Sentence,2,10.055575
12.1662035,15.424199,Sentence,0,9.494417
13.388589,16.357313,Sentence,2,9.343821
12.828014,16.78051,Sentence,2,9.684743
14.070162,15.0587845,Sentence,2,8.414798
11.579447,15.365424,Sentence,0,9.873058
14.537876,14.746197,Sentence,1,10.072649
12.248087,14.52431,Sentence,1,8.313938
13.488383,15.130062,Sentence,2,10.685679
12.788508,16.491636,Sentence,0,8.932188
12.702321,16.948153,Sentence,2,9.458309
13.600537,15.235037,Sentence,2,10.551533
11.511789,11.84975,Sentence,1,9.005201
14.390278,15.21084,Sentence,3,10.884734
12.274283,16.495283,Sentence,0,9.1047535
12.373801,15.663187,Sentence,0,8.626875
12.070572,15.035993,Sentence,0,8.686955
12.230895,16.583311,Sentence,2,11.173779
12.787518,16.828543,Sentence,2,9.223293
13.077377,15.692189,Sentence,2,9.332876
14.509724,14.700532,Sentence,1,10.087991
12.195207,14.841996,Sentence,0,10.207191
11.8964405,14.725699,Sentence,0,8.489948
12.665514,15.740701,Sentence,0,9.081152
12.907137,16.660843,Sentence,0,9.226746
12.127926,11.732902,Sentence,3,9.483437
14.3907385,14.738656,Sentence,3,9.86643
12.295296,16.24505,Sentence,0,9.909722
14.387142,14.698191,Sentence,1,9.966678
11.237651,13.7180805,Sentence,1,9.2832575
12.813007,15.7281475,Sentence,0,8.686656
15.447419,11.917226,Sentence,1,11.078741
14.097176,15.211115,Sentence,2,10.804701
14.066126,13.181078,Sentence,3,9.538607
12.21739,15.963053,Sentence,2,9.005009
14.6778345,22.163624,Sentence,1,14.591545
12.919089,16.62769,Sentence,2,9.0437565
13.178123,15.632966,Sentence,0,8.887011
12.293984,15.948797,Sentence,0,9.777427
13.0730505,13.686773,Sentence,0,8.730603
12.094391,12.3378105,Sentence,1,8.76046
14.187016,14.634831,Sentence,1,8.833831
13.495385,14.949284,Sentence,1,9.570033
12.026816,11.952413,Sentence,1,9.132737
12.599474,16.812258,Sentence,2,10.726712
14.002896,14.740899,Sentence,1,9.920449
15.166278,13.985614,Sentence,3,9.8623705
13.93114,16.749647,Sentence,2,9.683918
12.778193,15.812281,Sentence,2,10.601542
12.001413,12.235132,Sentence,1,8.98473
12.659181,17.126091,Sentence,2,10.737992
13.678117,14.327013,Sentence,1,9.162391
12.031199,16.048948,Sentence,2,11.142989
11.546607,16.624397,Sentence,2,10.894676
13.293608,15.146259,Sentence,2,9.718345
12.643691,14.696982,Sentence,0,8.351664
12.6486,16.887512,Sentence,2,9.926737
12.661331,16.062458,Sentence,0,8.729303
14.276497,14.62674,Sentence,3,10.306802
11.730831,-0.92947656,Sentence,3,11.3355255
13.337831,15.682253,Sentence,2,10.868954
13.040126,16.638433,Sentence,2,8.837822
12.930125,16.29383,Sentence,0,8.755262
13.1068325,14.467874,Sentence,1,9.579716
11.758885,13.185184,Sentence,0,8.701749
13.403525,13.423603,Sentence,3,11.391206
12.591915,17.116417,Sentence,2,10.567084
11.889521,16.337494,Sentence,2,11.232269
13.864771,16.632866,Sentence,2,9.643502
14.518281,16.303825,Sentence,3,9.75483
12.629981,16.255344,Sentence,2,9.126796
12.010799,15.021327,Sentence,0,8.471294
12.752036,15.979806,Sentence,1,10.003478
12.90733,15.318273,Sentence,2,10.573158
14.519101,15.002831,Sentence,1,9.704613
11.829703,14.263495,Sentence,1,10.274534
12.617304,16.5424,Sentence,2,10.820746
13.056843,15.736822,Sentence,2,10.078861
13.301689,16.65648,Sentence,2,10.061533
14.077244,12.006758,Sentence,1,7.7603693
12.054688,16.441483,Sentence,2,10.519452
14.639214,14.079322,Sentence,3,11.217205
14.3143215,15.925468,Sentence,1,9.203092
14.889143,14.567612,Sentence,3,9.83932
12.373256,16.702267,Sentence,2,10.6216955
12.4681015,16.409119,Sentence,2,9.453285
13.735656,16.094486,Sentence,2,9.65398
11.833685,15.516477,Sentence,1,10.808196
12.610032,15.813556,Sentence,2,10.209976
14.590078,13.69909,Sentence,3,9.561487
12.233364,16.421661,Sentence,2,9.79834
14.717696,11.448379,Sentence,1,7.0070267
12.496414,16.578552,Sentence,2,9.330827
12.646547,16.633314,Sentence,2,10.51722
14.047069,12.466265,Sentence,1,7.7471957
12.823532,16.136404,Sentence,0,8.960212
14.240735,16.119532,Sentence,2,10.168561
11.60842,16.415537,Sentence,2,10.926071
13.882706,13.379955,Sentence,3,12.493799
11.733237,17.18643,Sentence,0,10.616191
13.586599,16.332487,Sentence,2,10.19149
11.997738,15.812631,Sentence,0,8.910707
12.404465,16.198584,Sentence,2,10.300668
12.103142,12.097374,Sentence,1,8.873789
13.694951,15.699056,Sentence,2,11.011814
12.219644,16.803183,Sentence,2,11.282774
12.2230425,15.925028,Sentence,2,9.943681
12.036084,14.899364,Sentence,0,8.413452
12.854649,16.548985,Sentence,2,9.831687
13.736148,13.441324,Sentence,1,9.881626
12.371766,15.2929,Sentence,0,8.291558
13.175657,16.893095,Sentence,2,9.390241
13.930401,12.89685,Sentence,1,9.055568
12.102246,16.57627,Sentence,2,10.105261
14.32808,16.615791,Sentence,2,9.434089
14.195267,14.49921,Sentence,2,11.205198
12.0004635,13.414984,Sentence,0,9.406252
12.625924,15.022849,Sentence,0,9.759781
12.959532,16.771585,Sentence,2,10.333195
12.072203,12.321599,Sentence,1,8.743926
14.158659,15.884342,Sentence,2,10.237928
13.981083,16.712566,Sentence,2,9.696706
13.359607,16.321442,Sentence,2,9.465095
13.910316,13.230031,Sentence,3,12.654586
16.746206,10.226888,Sentence,1,9.176533
15.233909,14.063973,Sentence,3,9.8248
13.876373,14.403104,Sentence,0,9.288405
12.95373,16.835804,Sentence,2,9.825128
12.866878,15.542858,Sentence,0,8.894939
13.836548,14.695948,Sentence,1,10.549424
13.039323,14.604459,Sentence,0,9.1662035
14.424912,14.122209,Sentence,3,11.132482
13.328929,13.904923,Sentence,0,9.125964
11.796144,16.56173,Sentence,0,9.731002
12.734452,16.680002,Sentence,2,9.928506
13.108381,15.33661,Sentence,2,9.258098
12.2358,11.770588,Sentence,3,9.525396
12.674431,16.322987,Sentence,0,8.670693
14.000957,16.132372,Sentence,2,10.137766
12.974449,17.210602,Sentence,2,10.836326
13.274071,14.251648,Sentence,1,9.816381
13.333496,16.092731,Sentence,0,8.747608
11.506441,12.164733,Sentence,1,9.12872
11.888354,16.366076,Sentence,2,10.512108
13.589446,16.618086,Sentence,2,9.0304985
13.400123,13.472522,Sentence,0,7.7834086
13.6974325,16.565968,Sentence,2,9.302996
13.895374,15.349513,Sentence,2,9.834488
13.580111,16.127127,Sentence,0,8.78789
11.824424,16.151373,Sentence,0,9.665731
14.067377,14.98009,Sentence,1,10.68716
16.918612,10.459673,Sentence,1,15.674506
12.088356,17.182758,Sentence,2,10.850057
13.0958185,16.596443,Sentence,2,8.900376
12.251885,16.471842,Sentence,0,10.116335
13.432315,13.13836,Sentence,1,8.952678
12.67,16.738974,Sentence,2,8.952208
12.9775915,15.989566,Sentence,0,8.339164
10.837967,14.569223,Sentence,1,9.905537
12.500523,16.438759,Sentence,2,9.674457
12.125646,15.78383,Sentence,0,9.124326
12.134384,14.444648,Sentence,1,10.721789
12.221978,15.646123,Sentence,3,12.248361
11.523144,15.995741,Sentence,1,10.902024
12.098778,17.21996,Sentence,2,11.054038
12.270046,16.550781,Sentence,2,9.734993
12.5015135,15.921142,Sentence,2,9.457457
12.484662,16.84635,Sentence,2,10.076263
13.436816,15.627831,Sentence,0,8.690735
12.560468,14.694235,Sentence,0,8.190091
12.960095,14.2793665,Sentence,0,8.252556
12.097237,12.622314,Sentence,1,8.397801
14.730043,14.439361,Sentence,3,10.626733
12.644082,16.84269,Sentence,2,11.021849
12.9659395,16.901108,Sentence,2,9.802078
15.139148,13.682791,Sentence,3,10.355376
12.267361,16.433289,Sentence,0,8.885517
12.241644,15.209526,Sentence,0,8.726908
12.812643,16.007269,Sentence,2,11.0031
12.415151,16.59441,Sentence,2,9.088062
13.255386,16.928587,Sentence,2,9.7289715
13.686717,12.243316,Sentence,2,7.09567
11.851243,16.204351,Sentence,2,9.926709
11.656025,16.524818,Sentence,0,10.201061
13.860276,12.483669,Sentence,1,8.225392
12.048647,15.819963,Sentence,0,8.871155
14.069215,14.672761,Sentence,1,9.965121
14.188022,15.590006,Sentence,2,9.993479
11.607695,14.744989,Sentence,1,10.734301
12.953892,14.2200165,Sentence,0,9.608644
14.336134,14.098078,Sentence,1,8.753963
12.868943,14.001899,Sentence,0,8.63174
13.752656,15.882728,Sentence,2,10.098236
13.467703,14.603132,Sentence,2,10.082737
12.690986,14.709376,Sentence,0,8.56077
12.394272,15.472212,Sentence,2,10.513369
13.231534,14.522023,Sentence,1,9.378803
13.115359,16.63189,Sentence,2,9.304694
9.642198,8.124669,Sentence,3,15.047616
11.827896,13.975324,Sentence,0,9.339965
13.406597,16.826092,Sentence,2,9.136123
12.428101,16.012964,Sentence,0,8.678916
12.378914,16.858608,Sentence,3,10.947151
12.912836,16.412817,Sentence,1,9.669951
11.629932,16.54695,Sentence,2,11.310631
14.239791,12.942518,Sentence,1,8.739714
14.18932,15.035652,Sentence,1,10.0071335
12.794307,14.886806,Sentence,1,9.393924
11.827679,16.299034,Sentence,2,11.042453
13.423403,16.500963,Sentence,2,9.403977
14.20073,15.618852,Sentence,1,8.982533
14.128306,15.325386,Sentence,1,9.819457
13.067533,14.783285,Sentence,1,9.370826
12.801367,16.757345,Sentence,2,9.720785
12.895733,15.424872,Sentence,2,12.125075
12.265025,16.466969,Sentence,0,8.931735
12.228777,11.56678,Sentence,3,9.531471
12.354074,16.073359,Sentence,1,11.299169
13.007385,15.991845,Sentence,2,9.664615
14.705425,13.851223,Sentence,1,9.530238
13.109542,15.181564,Sentence,0,8.336253
13.091539,15.240315,Sentence,0,10.194694
15.008791,13.832028,Sentence,3,11.376456
13.034372,14.890001,Sentence,0,8.434013
13.4224,16.432812,Sentence,2,8.927105
12.422543,16.890852,Sentence,2,11.218449
11.448696,13.306935,Sentence,1,8.538399
13.623118,15.868169,Sentence,0,8.822735
12.03083,16.833937,Sentence,3,11.472495
13.250793,15.920015,Sentence,2,9.662102
12.296154,16.39755,Sentence,2,10.811692
13.214181,14.491195,Sentence,1,10.306436
12.847483,16.444252,Sentence,0,8.689863
14.549712,14.769648,Sentence,3,11.345191
12.209839,16.41893,Sentence,1,11.493392
13.081288,17.126417,Sentence,2,10.647023
13.278816,15.906053,Sentence,0,8.546052
14.054872,15.642603,Sentence,1,10.078263
13.525451,16.061274,Sentence,0,8.980974
12.268224,14.970974,Sentence,0,8.519727
13.049366,14.180842,Sentence,1,8.312642
12.257744,14.996331,Sentence,0,8.527091
13.000461,16.69555,Sentence,2,9.467402
12.638391,16.591938,Sentence,1,9.217594
12.207659,14.319885,Sentence,0,8.80772
11.794224,-0.9506274,Sentence,3,11.284948
13.402857,16.478388,Sentence,2,9.2306795
14.515057,14.205642,Sentence,3,10.256556
12.735862,15.397825,Sentence,2,10.874828
14.512092,15.280892,Sentence,3,10.4048605
12.979284,16.43965,Sentence,2,9.32874
12.874187,14.686844,Sentence,0,8.671715
13.050069,16.71726,Sentence,2,9.020579
14.532425,13.170063,Sentence,3,10.457335
12.077526,14.650259,Sentence,0,8.485744
13.048422,16.184587,Sentence,2,9.486072
12.781747,13.820741,Sentence,0,9.602208
12.388961,16.94748,Sentence,2,9.949954
11.784753,13.866124,Sentence,0,8.972737
13.042061,16.828444,Sentence,2,9.839205
14.281958,14.210772,Sentence,1,9.146372
13.898901,12.403047,Sentence,1,8.579173
13.495697,15.207316,Sentence,2,11.45069
12.342449,13.833356,Sentence,0,9.725103
13.810253,16.542141,Sentence,2,9.28537
12.518108,15.953868,Sentence,2,10.15303
13.25752,16.966208,Sentence,2,9.756096
12.140698,14.982036,Sentence,2,10.384479
12.898094,16.580334,Sentence,0,9.125258
12.818579,15.427819,Sentence,2,12.21499
14.374892,14.101014,Sentence,1,9.087303
13.043888,15.824833,Sentence,2,9.014711
12.181368,16.501945,Sentence,2,10.83395
12.860703,14.577768,Sentence,0,8.275919
13.376131,16.415533,Sentence,2,8.984553
12.17945,15.8548355,Sentence,0,8.644179
12.037755,12.094736,Sentence,1,8.893592
14.280736,15.66947,Sentence,1,9.429574
12.854616,14.841857,Sentence,0,9.066198
14.740785,14.068354,Sentence,3,11.109495
12.265856,15.153461,Sentence,0,9.042469
12.68777,15.410876,Sentence,0,8.519702
13.453186,16.482494,Sentence,2,8.9474945
11.888091,16.248549,Sentence,0,8.922759
11.994861,14.628043,Sentence,0,8.528853
12.389933,15.903269,Sentence,2,10.800414
12.690409,15.152779,Sentence,0,8.793815
13.33856,15.319125,Sentence,0,8.774884
12.720256,16.817951,Sentence,2,10.285702
12.689227,16.69405,Sentence,2,9.201786
12.701011,13.981886,Sentence,1,9.220406
13.123179,14.468987,Sentence,0,8.8171215
12.467494,16.501377,Sentence,2,9.009409
14.371424,12.040126,Sentence,1,7.5173798
13.612329,14.444566,Sentence,1,10.132211
12.721091,14.624072,Sentence,0,8.21867
12.639053,14.94514,Sentence,1,10.331864
12.270493,16.05938,Sentence,2,10.257464
12.003061,14.175126,Sentence,3,11.255459
13.071369,15.395931,Sentence,2,9.685086
13.016438,16.322626,Sentence,0,8.605594
12.637988,14.525763,Sentence,0,8.576511
13.428756,14.815123,Sentence,0,9.201353
13.52682,16.1741,Sentence,3,11.370702
12.359853,15.534892,Sentence,0,8.633495
11.358263,12.404731,Sentence,1,8.843455
13.526669,15.65648,Sentence,2,10.550853
12.257967,15.755107,Sentence,0,8.729071
12.882637,16.544323,Sentence,3,11.405014
13.812008,14.059788,Sentence,1,8.787579
12.365974,15.25903,Sentence,0,8.796132
14.1134815,15.552952,Sentence,2,9.890979
14.596436,14.565908,Sentence,3,10.43775
13.280393,16.757547,Sentence,2,9.261113
11.987157,17.193819,Sentence,2,11.294318
12.806669,16.632391,Sentence,2,9.412595
13.771872,15.224781,Sentence,3,10.512069
14.697998,14.624108,Sentence,3,10.774998
13.793698,13.622254,Sentence,1,10.470723
12.054456,12.546629,Sentence,1,8.443572
12.480014,16.414843,Sentence,2,8.797437
12.949741,15.448921,Sentence,0,9.304695
12.50685,17.14492,Sentence,2,9.915524
14.188632,13.774395,Sentence,1,9.235488
11.679458,15.76182,Sentence,0,9.5168295
13.129425,16.577877,Sentence,2,10.066259
13.443799,16.21854,Sentence,2,11.224306
13.28695,16.830103,Sentence,2,9.371778
12.864245,13.225097,Sentence,3,10.838519
12.107924,14.165864,Sentence,1,9.94185
13.72174,16.788704,Sentence,2,10.102347
11.785102,13.38625,Sentence,1,8.833753
12.442184,14.810001,Sentence,0,8.240983
12.13243,16.429226,Sentence,2,9.359516
13.70066,13.942684,Sentence,1,10.429724
11.44731,12.447304,Sentence,1,9.195156
12.598821,15.035489,Sentence,0,8.309115
12.65344,13.980011,Sentence,0,10.25541
12.307501,15.924625,Sentence,0,9.09886
12.381353,16.86775,Sentence,2,10.103051
13.656747,14.520191,Sentence,1,10.707478
12.86283,16.312801,Sentence,0,8.724585
12.350553,16.32786,Sentence,2,8.661498
12.413933,16.970528,Sentence,2,11.111836
12.9264765,16.735456,Sentence,2,9.098452
12.363868,16.43421,Sentence,2,10.154946
12.093202,16.792498,Sentence,2,10.998235
13.274041,15.569537,Sentence,0,8.658254
14.27884,13.78752,Sentence,1,9.103315
13.265732,14.711904,Sentence,0,8.976652
13.181543,15.718822,Sentence,0,8.766865
13.46537,10.763388,Sentence,1,7.385261
14.173413,15.721227,Sentence,2,9.568825
11.945383,14.978096,Sentence,0,8.613085
13.729722,15.420673,Sentence,0,9.14244
13.899559,16.57018,Sentence,2,9.542616
13.533135,13.643169,Sentence,0,8.881429
12.853595,16.691036,Sentence,2,9.687296
13.847054,12.607503,Sentence,1,7.9670644
11.633813,12.234261,Sentence,1,9.024967
12.19024,14.861484,Sentence,0,8.407051
11.758247,13.59761,Sentence,0,8.958275
11.746109,13.368241,Sentence,0,8.741587
13.647546,16.564249,Sentence,2,9.407029
14.234958,16.69859,Sentence,2,9.435343
12.901423,16.614967,Sentence,2,8.811355
14.281674,14.464317,Sentence,2,10.494461
14.365384,15.17672,Sentence,2,10.074651
14.192986,13.966714,Sentence,3,11.589285
12.088084,16.0862,Sentence,2,11.260941
12.68058,14.589501,Sentence,2,10.373812
11.862867,16.417168,Sentence,3,11.643859
12.247019,16.702375,Sentence,2,9.396649
11.607174,16.74317,Sentence,1,11.010502
12.838853,14.684743,Sentence,0,8.619729
11.832839,14.435839,Sentence,0,8.629295
11.53661,13.768095,Sentence,0,8.506885
14.792486,12.35785,Sentence,3,8.718285
13.567241,13.955375,Sentence,0,8.883219
11.898972,16.72752,Sentence,2,11.07105
12.522073,16.614471,Sentence,2,9.687399
12.288372,13.110238,Sentence,1,8.6124325
12.56116,16.499498,Sentence,2,9.107451
13.023627,17.202236,Sentence,2,10.492432
12.325599,16.839502,Sentence,2,10.126725
12.243885,12.577929,Sentence,0,9.230586
11.999626,16.785017,Sentence,2,9.644569
14.010676,16.827732,Sentence,2,9.420322
14.231481,13.70555,Sentence,3,10.947519
14.208437,14.17842,Sentence,0,8.680987
12.736021,16.791908,Sentence,2,9.044751
12.462516,16.415945,Sentence,2,9.776306
14.007179,13.52271,Sentence,1,8.974389
14.307289,15.763686,Sentence,1,9.480969
12.571329,15.230005,Sentence,0,8.364089
12.518278,17.136791,Sentence,2,11.25386
11.543414,12.889079,Sentence,0,8.762502
13.32541,13.472911,Sentence,1,9.511646
13.6264305,14.932151,Sentence,0,8.737377
11.759396,14.123262,Sentence,3,10.607395
12.016764,16.771662,Sentence,2,9.915422
14.06065,14.852308,Sentence,0,8.828882
11.979387,12.457619,Sentence,0,8.87758
14.631579,15.99891,Sentence,0,8.593739
13.149944,14.1598,Sentence,3,10.36132
13.968983,12.849446,Sentence,1,7.4655294
12.30887,16.529427,Sentence,2,10.610584
13.220923,16.504677,Sentence,2,8.989492
13.297976,13.991546,Sentence,1,9.415513
13.2308655,15.929777,Sentence,0,8.538525
13.076591,16.530928,Sentence,2,9.6702585
11.351782,12.346141,Sentence,1,9.270013
14.323695,15.730011,Sentence,1,9.812809
12.690552,9.065897,Sentence,3,13.92835
14.456146,14.119914,Sentence,3,11.146549
12.062177,12.542959,Sentence,1,8.453012
14.014687,14.9626,Sentence,2,10.860933
14.698417,13.801751,Sentence,3,11.262583
13.444046,16.91176,Sentence,2,9.460681
12.082315,14.79188,Sentence,0,8.806033
11.944939,15.675469,Sentence,3,11.220919
13.454234,13.999992,Sentence,1,10.494206
14.677892,22.16388,Sentence,1,14.591733
13.289565,16.723959,Sentence,2,10.109703
13.069562,16.769272,Sentence,2,10.120514
13.43686,14.971604,Sentence,1,10.053269
12.488469,16.397104,Sentence,2,9.083559
12.653071,16.224525,Sentence,2,9.209263
12.112006,15.542652,Sentence,0,8.597669
14.970678,14.255235,Sentence,3,10.190898
12.155594,16.160288,Sentence,0,8.610203
14.082542,14.269597,Sentence,1,8.717571
14.866342,13.849986,Sentence,1,9.652198
12.28549,16.523495,Sentence,2,9.195781
12.804233,17.000662,Sentence,2,11.02097
12.775144,16.441969,Sentence,2,9.792172
14.842778,13.820446,Sentence,3,10.8009
14.5268755,15.176481,Sentence,1,10.498991
13.535321,15.956461,Sentence,2,9.013097
12.70175,16.823761,Sentence,2,10.358477
14.315628,15.412333,Sentence,2,9.337704
11.829456,14.259758,Sentence,0,8.500059
12.151071,16.80067,Sentence,2,11.154852
13.164034,15.517388,Sentence,0,8.563652
15.140842,14.023519,Sentence,3,10.076584
14.820568,14.2864685,Sentence,3,10.980923
12.507378,15.167982,Sentence,1,8.430992
13.60995,14.196554,Sentence,3,11.136937
14.428513,14.457452,Sentence,1,9.607237
12.775726,14.580647,Sentence,0,8.31287
11.970403,16.347427,Sentence,2,10.37077
12.996955,16.423037,Sentence,2,8.875096
12.258435,15.470592,Sentence,0,8.582332
13.472663,16.644304,Sentence,2,9.246844
14.82772,13.353754,Sentence,1,9.707515
12.109433,15.072641,Sentence,0,8.587318
12.967703,16.840773,Sentence,2,9.67877
12.20529,15.543223,Sentence,0,8.3570385
14.25482,14.225378,Sentence,2,11.056469
13.929101,15.808153,Sentence,2,9.525036
12.978806,16.87344,Sentence,0,10.368223
12.516219,16.25583,Sentence,2,10.709311
12.726451,16.096203,Sentence,0,8.426119
14.613565,14.498792,Sentence,3,11.34316
14.577459,15.969131,Sentence,0,8.64192
13.37481,15.221947,Sentence,0,8.666016
12.070661,15.837989,Sentence,0,8.8581085
13.199049,16.308592,Sentence,2,9.455787
13.667963,16.009377,Sentence,2,9.863184
13.293198,16.759745,Sentence,2,10.4896345
13.837592,14.455058,Sentence,1,10.691312
11.945452,13.64401,Sentence,1,9.651154
11.380146,13.122901,Sentence,0,8.554031
12.42643,15.386914,Sentence,0,8.468423
12.327846,14.961833,Sentence,0,9.78924
12.351386,15.687153,Sentence,2,10.980828
13.836252,12.742169,Sentence,1,8.062238
11.983367,16.57735,Sentence,0,10.134619
12.8954115,15.913545,Sentence,2,9.43841
12.672708,16.490063,Sentence,2,10.036759
12.329854,16.735426,Sentence,0,9.344657
13.122077,16.659374,Sentence,2,10.979245
12.175553,14.410818,Sentence,1,10.794685
14.017408,15.729023,Sentence,0,8.946519
12.588375,15.440401,Sentence,0,8.583268
14.120998,16.291193,Sentence,2,10.059355
12.1623335,15.674918,Sentence,0,8.6522045
11.8259735,16.476118,Sentence,2,10.815653
13.598694,13.92149,Sentence,1,8.947251
12.868087,16.459911,Sentence,2,10.73268
12.867918,14.880653,Sentence,0,9.042164
11.039861,14.876169,Sentence,0,9.687872
12.199468,15.425304,Sentence,0,8.736422
13.899704,12.568763,Sentence,1,8.031073
13.315334,15.960996,Sentence,0,9.103092
12.434538,15.966044,Sentence,0,8.600972
14.070164,14.090441,Sentence,1,11.321884
12.2235155,15.946033,Sentence,0,8.568516
12.923753,13.505141,Sentence,1,10.537452
11.473872,12.855134,Sentence,0,8.685528
13.178734,15.988164,Sentence,2,9.391216
11.985601,12.243617,Sentence,1,9.482072
13.527546,16.315636,Sentence,2,8.9158
9.644284,8.126907,Sentence,3,15.045552
12.351695,13.005721,Sentence,3,10.988445
12.005252,16.97268,Sentence,2,10.875279
12.999758,15.660881,Sentence,1,9.624263
12.981101,16.305056,Sentence,2,9.487345
12.956565,16.345106,Sentence,2,9.249686
12.834016,15.475759,Sentence,1,10.686722
14.349027,13.589979,Sentence,1,9.569258
12.439175,15.084197,Sentence,1,8.793137
14.253677,12.159395,Sentence,1,8.303163
12.764075,15.71068,Sentence,2,10.8359585
12.531404,17.017658,Sentence,2,10.511767
13.624629,16.646791,Sentence,2,9.776577
11.932984,14.270554,Sentence,0,8.681499
14.716047,14.309981,Sentence,3,10.752366
12.083609,12.333023,Sentence,0,8.777575
12.68977,9.0625105,Sentence,3,13.930026
12.534715,15.438608,Sentence,0,9.03908
14.242944,14.953362,Sentence,3,11.097589
13.31947,15.823499,Sentence,0,8.794717
14.1431265,13.885892,Sentence,1,9.465657
12.326684,16.737858,Sentence,2,9.434241
12.176112,16.30486,Sentence,2,9.081956
14.003658,14.669376,Sentence,3,10.7962
12.013002,15.695511,Sentence,0,8.671854
9.660489,8.131627,Sentence,0,15.053078
15.303119,14.0958185,Sentence,3,9.826138
13.997561,15.481484,Sentence,2,10.439382
12.917866,16.429276,Sentence,2,9.48912
14.484342,15.163355,Sentence,1,10.058455
15.000926,13.82073,Sentence,3,11.351596
14.215581,15.919547,Sentence,0,8.694969
14.9030485,14.444192,Sentence,3,9.939152
11.896049,15.662279,Sentence,0,9.625915
14.008421,13.637915,Sentence,1,9.682142
12.055537,16.491316,Sentence,2,10.633582
14.1821575,13.917205,Sentence,1,9.850457
12.084501,15.535307,Sentence,0,8.615587
12.048147,14.254381,Sentence,3,11.019386
13.203536,16.929106,Sentence,2,10.342022
11.740995,14.0506115,Sentence,2,10.208955
12.577921,12.261621,Sentence,1,9.714399
12.492871,12.489309,Sentence,1,8.982505
12.777259,16.701572,Sentence,2,9.518578
11.745789,16.788687,Sentence,2,10.881825
14.720963,11.446299,Sentence,1,7.006455
12.265833,15.637861,Sentence,0,9.966676
11.01778,12.096527,Sentence,1,8.714788
12.262386,15.153319,Sentence,0,8.500135
11.803694,13.088303,Sentence,1,8.830795
13.934109,13.289891,Sentence,1,9.023229
11.639842,13.5019245,Sentence,0,8.825639
11.967324,13.071871,Sentence,1,8.889218
12.526439,14.809479,Sentence,0,9.832412
12.217371,11.684495,Sentence,3,9.477617
12.877708,16.862677,Sentence,2,9.558154
13.997291,15.547744,Sentence,2,11.162698
12.880862,14.772124,Sentence,0,8.858041
12.084903,16.583889,Sentence,2,10.815922
13.912065,15.668308,Sentence,2,9.7987385
13.577792,12.562663,Sentence,1,8.29952
13.98111,16.419373,Sentence,2,9.366827
12.803187,14.772699,Sentence,0,8.824451
13.195532,15.738301,Sentence,2,9.9796505
13.841166,14.420655,Sentence,1,10.32157
12.843236,16.014223,Sentence,0,8.864753
14.228687,14.930121,Sentence,3,10.791804
13.2654085,16.620636,Sentence,2,10.502496
12.668255,16.901617,Sentence,2,10.335828
12.193356,11.718535,Sentence,3,9.512027
13.610175,16.671726,Sentence,2,9.664379
11.670048,13.333246,Sentence,1,8.695205
13.350651,16.83891,Sentence,0,9.150457
12.603631,16.643396,Sentence,2,9.556741
12.927893,15.774016,Sentence,1,11.512204
14.857142,13.821264,Sentence,3,11.168561
13.785596,16.219559,Sentence,2,9.183984
13.272092,16.834866,Sentence,2,9.894215
12.0987015,13.19216,Sentence,0,8.700399
11.860958,15.956625,Sentence,0,9.143722
13.312581,16.783813,Sentence,2,11.030351
13.024301,14.799401,Sentence,0,8.193407
12.817141,16.878325,Sentence,2,9.415151
12.939809,14.222574,Sentence,0,8.451778
12.697117,16.17566,Sentence,2,10.277577
12.496144,15.832917,Sentence,0,8.818556
12.259076,15.03229,Sentence,1,10.788879
15.107237,14.37964,Sentence,3,10.669522
13.111247,16.717356,Sentence,2,9.141031
12.650626,13.756532,Sentence,1,8.434463
11.950689,14.942884,Sentence,1,10.084304
13.879468,15.779248,Sentence,2,9.161329
14.077057,14.625238,Sentence,1,10.328151
12.54944,14.945369,Sentence,0,8.236396
11.455997,16.269516,Sentence,2,10.563638
13.389753,14.931344,Sentence,1,8.755303
12.580258,16.05966,Sentence,0,9.368197
12.979583,13.773613,Sentence,0,8.72826
14.107674,13.182084,Sentence,0,7.8979607
11.627564,16.491058,Sentence,3,11.405527
12.879942,16.549265,Sentence,2,9.6414385
11.763674,-0.9604572,Sentence,3,11.3038645
12.678752,15.100139,Sentence,2,10.511457
11.764292,16.105587,Sentence,0,10.083834
11.567528,16.270103,Sentence,1,11.349031
13.196042,15.990846,Sentence,2,10.693879
12.3983135,14.4955,Sentence,1,11.032812
12.491877,15.978047,Sentence,2,11.437367
14.446113,14.9656105,Sentence,2,10.562914
12.492883,15.091442,Sentence,1,9.695706
12.69043,9.065211,Sentence,3,13.928814
12.0910225,15.283327,Sentence,0,8.597219
12.257771,16.172897,Sentence,2,8.981475
11.771209,14.549185,Sentence,0,8.370073
15.30081,13.88654,Sentence,1,9.730757
12.818094,15.286069,Sentence,0,8.598539
14.100791,16.09647,Sentence,2,9.578557
12.654647,15.328247,Sentence,0,8.654256
13.988067,15.897194,Sentence,2,9.9926605
11.882529,16.373497,Sentence,2,11.24974
13.3989,16.714643,Sentence,2,9.797199
13.710428,16.793222,Sentence,2,9.76111
12.532613,16.075773,Sentence,2,9.513579
11.863674,16.251318,Sentence,2,10.38506
13.2573185,15.904802,Sentence,1,8.468176
13.214325,16.948448,Sentence,2,9.270421
14.313498,13.342117,Sentence,1,9.1598835
11.922405,14.855393,Sentence,0,8.191388
15.23098,14.080107,Sentence,3,9.785039
14.959084,13.428566,Sentence,3,9.812388
12.27259,15.536027,Sentence,0,9.730894
12.95899,13.897258,Sentence,1,8.859124
14.220735,16.27592,Sentence,1,9.638592
13.224004,16.616398,Sentence,2,9.384934
13.994598,15.772099,Sentence,2,10.327334
12.001661,16.511282,Sentence,2,9.418754
15.19069,13.908444,Sentence,3,9.774767
13.795665,16.133434,Sentence,2,9.667753
12.217308,16.974096,Sentence,2,9.891702
15.693812,13.607271,Sentence,3,10.128887
12.209938,15.718201,Sentence,2,10.609796
12.345509,15.216798,Sentence,0,9.523179
13.256069,14.258878,Sentence,1,10.093498
11.957061,16.094427,Sentence,0,11.294135
12.959261,16.706528,Sentence,2,9.0877075
12.5753975,16.713343,Sentence,2,10.039988
13.338524,14.489777,Sentence,1,9.940356
13.198898,15.209817,Sentence,2,9.771957
13.115288,14.5449295,Sentence,1,10.1812315
12.133857,16.607508,Sentence,3,12.297756
12.906,14.341466,Sentence,0,8.690008
11.922264,14.668538,Sentence,0,8.338949
14.211969,15.376025,Sentence,2,10.725016
12.18179,16.026714,Sentence,0,8.927904
12.636864,15.006134,Sentence,0,9.758903
14.150348,14.576355,Sentence,2,10.143689
14.328493,14.634891,Sentence,3,10.34505
12.547698,16.304577,Sentence,0,8.921575
11.977283,14.878103,Sentence,0,8.463324
12.169759,12.908504,Sentence,1,8.589034
13.110676,15.876301,Sentence,0,8.593893
12.642047,15.699193,Sentence,0,8.603249
13.937831,13.215301,Sentence,1,9.801428
13.586333,15.788641,Sentence,0,9.509999
13.286304,15.707476,Sentence,2,9.372763
12.515519,16.633709,Sentence,2,11.465088
13.823208,14.37457,Sentence,3,10.906628
11.913426,12.265194,Sentence,1,8.818449
11.902989,16.943146,Sentence,2,11.199817
12.218895,16.83851,Sentence,2,10.594213
13.412965,13.892654,Sentence,3,10.764749
12.26069,16.432827,Sentence,2,9.145926
13.158966,16.446432,Sentence,2,10.230451
12.852755,15.891577,Sentence,2,9.705863
14.938018,14.086527,Sentence,3,10.95222
12.798335,15.324026,Sentence,2,9.785427
14.429675,14.315081,Sentence,1,10.146777
11.911509,16.723864,Sentence,2,11.08736
15.624558,13.432792,Sentence,3,9.999617
13.467192,16.713737,Sentence,2,11.023026
11.512861,16.571793,Sentence,2,10.810527
14.677931,22.16407,Sentence,1,14.591874
12.745904,13.872756,Sentence,1,8.542863
13.479563,12.732031,Sentence,1,9.303144
14.068995,16.71221,Sentence,2,9.571532
12.996376,14.660026,Sentence,0,8.150337
12.381142,16.172731,Sentence,2,8.7141695
13.978755,13.109427,Sentence,3,10.500877
12.918022,13.935606,Sentence,0,8.387121
13.122824,16.642738,Sentence,2,9.1829815
10.843953,12.025169,Sentence,1,8.833551
13.870333,16.891466,Sentence,2,9.3557
12.056014,14.886065,Sentence,0,8.687286
12.037049,12.62793,Sentence,1,8.4840975
12.483738,16.59309,Sentence,2,9.192522
12.531982,15.917517,Sentence,0,8.732899
12.415845,16.415663,Sentence,2,9.39941
13.040158,16.854694,Sentence,2,9.977326
12.358268,16.13891,Sentence,0,8.837626
12.536545,16.587994,Sentence,2,9.03824
11.934627,12.681128,Sentence,0,8.535931
13.110244,16.909336,Sentence,2,9.791603
12.706574,14.549502,Sentence,0,8.688504
13.0604315,15.60078,Sentence,0,8.654454
11.764925,-0.96264464,Sentence,3,11.30235
13.849461,14.536193,Sentence,0,9.732291
14.237746,16.739552,Sentence,2,9.349991
13.73816,15.782787,Sentence,2,10.030347
12.896222,15.614123,Sentence,0,8.780181
13.713045,16.228659,Sentence,2,9.473753
12.552023,15.264646,Sentence,2,9.054901
13.890794,16.653433,Sentence,2,9.853836
11.694304,13.468183,Sentence,1,8.76678
14.313986,15.158643,Sentence,2,10.58666
12.69715,16.56179,Sentence,2,10.790246
13.674089,16.50716,Sentence,2,9.319405
12.3335705,16.085827,Sentence,2,9.489708
11.922097,15.804355,Sentence,0,9.838748
14.435791,15.583281,Sentence,3,9.901683
14.267899,15.140463,Sentence,2,10.232134
15.026814,14.078871,Sentence,1,9.639301
14.622088,15.519194,Sentence,1,10.884336
12.710346,15.519074,Sentence,0,8.441638
11.979597,13.393288,Sentence,1,8.749623
13.495605,16.271973,Sentence,2,8.946789
13.711147,13.795535,Sentence,1,9.296682
12.814885,13.318047,Sentence,1,10.527336
14.890999,14.296394,Sentence,3,10.825205
11.605293,16.691084,Sentence,2,10.795458
13.290532,14.330744,Sentence,1,9.461787
14.707767,14.036908,Sentence,3,10.809625
13.348497,12.863658,Sentence,1,9.469391
13.050691,15.146809,Sentence,2,10.623855
12.235361,14.524218,Sentence,0,8.858732
12.040376,15.020935,Sentence,1,10.395119
11.854535,16.468843,Sentence,2,10.87545
13.5397415,15.8427725,Sentence,2,9.723661
11.786377,16.096418,Sentence,0,10.581907
12.58228,15.164995,Sentence,3,11.110945
12.666821,15.710648,Sentence,2,12.078656
11.890168,16.355923,Sentence,2,11.025819
14.539184,13.303647,Sentence,1,8.936205
12.008422,15.688291,Sentence,0,8.856826
12.230224,16.15826,Sentence,2,10.750447
12.208765,16.78278,Sentence,1,10.553314
14.58469,13.431307,Sentence,3,10.1966
14.359494,14.152938,Sentence,1,9.7667055
11.762841,16.396849,Sentence,1,9.99005
13.284109,14.197926,Sentence,1,10.136355
13.211666,17.03718,Sentence,2,9.380414
14.168494,16.332138,Sentence,2,9.195004
13.428484,15.27753,Sentence,1,10.933948
14.6261215,14.96078,Sentence,1,9.260305
12.080553,16.451115,Sentence,2,9.861118
12.002767,15.101952,Sentence,2,10.459657
14.2596,14.344942,Sentence,3,10.03219
12.756196,16.266813,Sentence,2,9.368427
14.372807,15.428195,Sentence,1,9.546374
14.019305,15.634311,Sentence,2,9.883613
13.829501,15.510468,Sentence,2,9.517301
12.896832,16.375343,Sentence,2,9.599313
14.387543,15.749085,Sentence,2,10.335147
15.15894,13.7434845,Sentence,3,9.996449
11.635635,16.669582,Sentence,2,10.964348
14.072601,15.795946,Sentence,2,10.46693
14.276381,15.86107,Sentence,1,9.305926
14.896288,14.03382,Sentence,3,10.951787
12.66836,16.372444,Sentence,2,8.776318
13.421126,16.566273,Sentence,2,9.975654
14.228444,16.717869,Sentence,2,9.501865
11.795051,15.841576,Sentence,0,9.237378
13.928712,14.6412525,Sentence,2,9.812383
12.077027,12.09356,Sentence,1,8.854561
11.61837,15.23897,Sentence,0,9.306755
13.463487,16.848167,Sentence,2,9.906658
13.924465,14.887474,Sentence,3,10.688007
11.705261,16.147728,Sentence,0,10.023221
12.089395,16.731026,Sentence,2,11.647147
13.358623,16.682034,Sentence,2,9.035683
12.956418,15.808238,Sentence,2,9.92681
14.421148,16.37439,Sentence,1,9.685562
13.041282,14.764055,Sentence,0,8.297652
13.253074,16.388954,Sentence,2,10.211704
12.265364,16.70138,Sentence,2,10.03149
12.211086,14.653585,Sentence,0,8.543625
12.282675,16.538742,Sentence,0,9.380172
12.530441,16.706387,Sentence,2,10.115722
12.918883,17.262379,Sentence,2,10.738448
13.030029,16.633598,Sentence,2,9.116078
12.58776,15.432315,Sentence,2,10.647609
15.032656,13.980235,Sentence,3,11.261916
12.135127,15.065951,Sentence,0,8.449313
13.129942,16.366215,Sentence,2,10.176219
14.308477,15.810549,Sentence,1,8.888722
12.821169,16.640194,Sentence,2,10.080639
13.219824,16.771366,Sentence,2,9.285386
13.459503,16.887295,Sentence,2,9.306555
13.480307,16.956758,Sentence,2,9.51764
14.103541,15.786342,Sentence,2,10.319917
13.1232395,15.203348,Sentence,0,8.432345
12.983587,15.971719,Sentence,2,8.496998
14.080686,16.574875,Sentence,2,9.395945
12.291269,16.219976,Sentence,0,8.615342
12.998093,16.347183,Sentence,2,8.663918
12.490627,16.886677,Sentence,2,9.678723
12.682032,16.008638,Sentence,2,10.10725
14.9830475,13.315388,Sentence,3,10.306782
11.761697,-0.95852685,Sentence,3,11.305822
12.595304,16.921827,Sentence,2,9.494409
12.182895,16.657124,Sentence,2,9.746123
11.991592,15.093303,Sentence,0,8.120286
13.334612,11.455014,Sentence,1,10.80054
13.226314,16.74646,Sentence,2,8.991362
14.061987,14.10902,Sentence,1,9.463531
12.057131,16.43395,Sentence,0,9.369491
12.713225,16.482618,Sentence,2,8.841577
12.126994,16.641052,Sentence,2,9.727145
12.196954,16.374346,Sentence,0,8.893347
11.963103,14.376948,Sentence,0,8.305172
12.710924,16.753729,Sentence,3,11.197601
12.026145,12.559706,Sentence,1,8.5939245
9.642219,8.12463,Sentence,3,15.047635
13.000781,17.091034,Sentence,2,9.435088
13.494815,14.993404,Sentence,0,8.410274
12.269699,14.768811,Sentence,0,8.358167
12.605069,16.122465,Sentence,0,9.804708
13.229613,16.096262,Sentence,2,9.202713
14.514914,15.966311,Sentence,1,8.650006
12.685087,16.358065,Sentence,2,9.072208
11.958006,14.705824,Sentence,0,8.4433975
12.752922,16.998716,Sentence,2,9.732276
14.926176,14.242329,Sentence,3,10.697974
15.10305,14.083111,Sentence,3,10.066419
13.421723,16.146498,Sentence,3,11.353256
12.231644,16.878025,Sentence,0,11.011105
13.334173,16.231031,Sentence,2,8.723396
14.458175,15.656912,Sentence,1,9.133738
13.519044,15.865081,Sentence,0,9.332557
11.948408,15.914589,Sentence,0,9.062181
13.949707,14.8783655,Sentence,1,10.197531
13.671363,15.618423,Sentence,2,9.67233
11.874404,14.59272,Sentence,1,11.384797
12.889958,15.0565195,Sentence,1,10.617778
12.102643,15.294572,Sentence,0,8.365594
12.779604,15.283417,Sentence,1,12.482123
13.40321,16.649233,Sentence,2,9.480622
13.889163,14.838096,Sentence,2,10.510741
12.610565,15.828534,Sentence,0,8.900701
13.237804,16.572838,Sentence,2,9.221789
14.12966,14.663813,Sentence,1,9.991987
13.096929,14.956779,Sentence,0,8.304211
15.277335,13.946178,Sentence,3,9.962366
12.407222,15.977994,Sentence,2,9.965547
12.184846,13.716037,Sentence,0,8.458853
12.919446,16.352427,Sentence,2,9.818804
13.99004,15.948847,Sentence,2,9.103998
13.5463295,15.407105,Sentence,0,9.054014
14.07577,12.359584,Sentence,1,7.7303534
13.567387,16.38219,Sentence,0,9.602974
11.766,-0.96295923,Sentence,3,11.301457
12.171456,15.915286,Sentence,0,8.840817
13.064921,16.54913,Sentence,2,9.175447
13.803497,16.074284,Sentence,2,10.981554
13.7137575,16.879522,Sentence,2,9.927719
12.469443,15.272549,Sentence,0,8.588848
14.050196,15.99306,Sentence,2,8.906331
13.443794,14.280764,Sentence,1,10.822674
12.898721,14.708967,Sentence,0,8.225169
14.021777,12.457854,Sentence,2,7.7301965
12.466219,16.771173,Sentence,2,10.341484
11.624626,15.210705,Sentence,0,9.862847
12.6993265,16.753021,Sentence,2,9.8100605
12.525692,16.49503,Sentence,2,9.140867
12.089702,12.630083,Sentence,1,8.445724
15.203376,13.9163,Sentence,1,9.861544
14.086399,14.76573,Sentence,2,11.199539
11.893829,16.083736,Sentence,0,9.2306595
12.975833,16.572544,Sentence,2,8.857239
11.85008,14.685779,Sentence,0,8.414003
11.455574,16.70124,Sentence,3,11.740039
14.210775,16.488981,Sentence,2,9.67545
12.694749,14.544128,Sentence,0,8.37689
12.827433,14.629544,Sentence,0,8.249887
11.957309,16.324717,Sentence,2,11.004584
14.158244,14.66595,Sentence,1,9.934853
14.199408,15.6834755,Sentence,2,10.478297
12.644055,16.6034,Sentence,2,9.152636
12.428812,15.306625,Sentence,3,11.214399
13.364159,16.171055,Sentence,1,10.912279
11.867492,13.328779,Sentence,0,8.740585
13.1054945,17.013172,Sentence,2,9.550196
11.660339,14.487211,Sentence,0,8.701101
12.529167,13.623742,Sentence,1,8.516119
13.5224285,15.795487,Sentence,2,9.93735
12.398486,16.777777,Sentence,2,10.75442
13.467563,10.771911,Sentence,1,7.3901696
12.598643,16.705793,Sentence,0,10.832291
12.827447,13.76031,Sentence,3,10.783444
13.182005,17.068459,Sentence,2,9.76475
11.312753,12.482723,Sentence,1,9.4685
12.279477,15.70292,Sentence,2,10.91973
13.73189,14.648891,Sentence,3,9.973811
13.69156,15.906619,Sentence,2,9.21167
14.232351,14.40147,Sentence,1,8.932147
13.731757,12.177988,Sentence,1,8.524052
13.272396,15.075813,Sentence,1,9.966317
11.927296,14.30502,Sentence,0,9.004271
12.75688,15.135979,Sentence,0,8.924721
13.426227,14.724377,Sentence,1,9.71394
11.886528,16.569363,Sentence,2,10.973407
13.022891,14.02413,Sentence,0,8.508044
13.5083885,13.512806,Sentence,3,11.196322
14.905717,13.977067,Sentence,3,11.227118
13.491817,16.991661,Sentence,2,10.279723
12.418572,16.281517,Sentence,2,9.723106
11.938497,14.903077,Sentence,0,7.868343
12.970035,16.407059,Sentence,2,9.061411
12.218152,16.674952,Sentence,2,9.927602
12.816616,15.344578,Sentence,1,12.230868
14.243033,15.769301,Sentence,2,9.25549
12.377673,16.912207,Sentence,2,9.986122
13.26052,16.657309,Sentence,2,9.044629
11.38548,13.111855,Sentence,1,9.233673
12.141583,15.547901,Sentence,0,9.503514
13.962205,15.602049,Sentence,2,10.533975
12.881864,16.62723,Sentence,2,9.316996
12.411289,16.727802,Sentence,2,9.206605
15.189266,13.752864,Sentence,3,10.212402
14.929163,13.685678,Sentence,3,9.582742
12.59403,14.812166,Sentence,0,8.6640415
13.003993,14.694187,Sentence,0,8.140427
11.569605,13.253574,Sentence,0,8.557873
12.56361,15.607572,Sentence,0,9.310312
13.453397,13.531334,Sentence,3,10.749075
13.907355,15.600931,Sentence,0,8.999573
13.994462,15.299368,Sentence,0,10.653661
12.595673,16.51263,Sentence,2,9.748789
14.380555,15.307176,Sentence,3,10.658421
12.417056,14.88224,Sentence,0,9.599697
14.111652,15.3846655,Sentence,1,10.449635
14.8824005,14.112204,Sentence,3,11.105903
13.550324,15.552211,Sentence,0,8.572028
11.499041,12.364406,Sentence,1,9.25358
13.080853,14.851096,Sentence,0,8.183901
13.77539,15.819302,Sentence,2,10.18798
13.176141,14.200923,Sentence,1,10.439697
11.4530115,16.321867,Sentence,3,11.634074
12.062427,16.776281,Sentence,2,10.78022
13.4767885,15.894982,Sentence,0,8.760442
12.340486,15.495945,Sentence,0,8.516438
13.367634,15.592889,Sentence,0,8.717038
12.517694,16.0829,Sentence,0,8.501775
15.342824,11.374742,Sentence,1,7.8943167
13.469013,15.287008,Sentence,0,9.157667
12.56616,14.643719,Sentence,0,8.938229
11.948019,16.702913,Sentence,2,10.242105
12.824944,13.892045,Sentence,1,8.535671
14.094762,14.878656,Sentence,3,12.284381
12.887707,15.965665,Sentence,2,9.288332
11.533498,16.731342,Sentence,0,10.7371025
11.90757,16.634901,Sentence,2,11.21024
14.394063,14.792154,Sentence,2,10.334137
12.415906,15.43199,Sentence,2,10.891344
13.813715,15.055422,Sentence,1,9.732693
13.438919,16.383207,Sentence,2,9.145932
13.3082075,14.845926,Sentence,2,11.123487
11.937325,15.773343,Sentence,3,11.057967
14.908122,14.061084,Sentence,3,10.855403
11.943007,16.559015,Sentence,2,11.1823635
12.6940975,13.846775,Sentence,1,10.023224
14.262274,14.253917,Sentence,3,11.190388
14.091734,13.409327,Sentence,1,10.036717
14.835214,14.03227,Sentence,3,11.245053
13.087829,16.457085,Sentence,2,9.053767
14.523932,13.334806,Sentence,1,9.874423
13.525143,16.430218,Sentence,2,10.148307
12.199212,16.391703,Sentence,2,11.432233
11.9578285,13.695685,Sentence,1,10.032597
11.917478,14.351576,Sentence,0,8.521544
13.756029,13.294431,Sentence,3,9.138145
13.335241,11.442848,Sentence,1,10.795659
14.723556,11.4405,Sentence,1,6.999038
13.238383,15.765628,Sentence,2,10.714325
13.702382,17.067894,Sentence,2,10.39061
12.097242,12.152275,Sentence,1,8.8458395
13.008549,16.019697,Sentence,2,10.629976
14.50836,14.719481,Sentence,1,9.786324
14.358909,16.004618,Sentence,1,9.122993
11.761144,-0.9604353,Sentence,3,11.305895
12.227553,16.316036,Sentence,2,9.28677
13.873711,15.314494,Sentence,0,8.395538
12.012535,16.050072,Sentence,0,9.083986
14.593281,14.602219,Sentence,3,10.974619
15.233105,13.54183,Sentence,3,10.176679
14.139276,15.921811,Sentence,2,9.751475
12.639693,16.689564,Sentence,2,8.98647
12.6003475,15.417233,Sentence,3,10.651649
11.592942,12.780606,Sentence,1,8.985565
11.669081,14.131769,Sentence,0,8.910117
13.090452,14.185638,Sentence,3,10.490152
12.096182,14.639768,Sentence,0,8.695516
14.623592,15.995551,Sentence,0,8.597826
14.697228,14.325099,Sentence,3,10.804348
12.746584,16.681719,Sentence,2,9.240099
14.243203,13.719559,Sentence,3,11.217917
12.743115,16.632221,Sentence,2,9.637628
12.846777,16.846512,Sentence,2,9.084268
14.478484,15.336316,Sentence,3,10.244856
12.756747,16.062733,Sentence,2,9.243987
12.825393,15.824605,Sentence,0,8.742535
12.939474,15.472135,Sentence,2,9.771992
12.55934,15.0809145,Sentence,0,8.578544
12.53628,16.4223,Sentence,0,8.638164
12.4199095,16.515196,Sentence,2,10.997919
12.3024,14.499657,Sentence,1,9.531552
13.913033,15.660413,Sentence,2,10.028044
12.930611,15.111774,Sentence,0,9.237072
12.170749,15.656538,Sentence,3,12.258742
14.224632,15.800034,Sentence,2,9.28269
12.920096,16.39334,Sentence,0,8.680814
11.486741,13.362289,Sentence,0,8.4730015
14.261089,16.535387,Sentence,2,9.327531
13.389499,16.830246,Sentence,2,9.441598
13.524459,14.172444,Sentence,1,9.78621
11.483075,16.61445,Sentence,2,10.573765
13.2128525,16.948795,Sentence,2,9.349498
13.115485,16.779247,Sentence,2,9.179024
14.5751915,14.920696,Sentence,1,9.956755
13.482175,15.744099,Sentence,1,10.790622
14.360597,15.145314,Sentence,1,9.24878
13.818954,15.442819,Sentence,2,10.225278
12.394954,14.985372,Sentence,2,10.680756
13.696907,13.756126,Sentence,1,8.752958
11.901155,13.125989,Sentence,0,8.554569
13.864893,14.296969,Sentence,0,9.353263
15.6002035,13.328484,Sentence,3,10.102641
12.164611,15.818134,Sentence,1,9.984762
12.207991,15.206169,Sentence,1,10.546418
13.093484,16.575779,Sentence,2,9.714248
12.022598,16.033527,Sentence,2,8.96873
13.894375,14.487565,Sentence,3,9.696081
14.925222,14.01359,Sentence,3,10.648579
13.307989,14.931183,Sentence,0,8.846326
12.849174,14.121207,Sentence,1,10.673632
13.179382,15.391685,Sentence,2,9.336817
12.250787,16.549355,Sentence,2,11.1204605
13.736845,16.34184,Sentence,2,9.242009
13.526124,15.966672,Sentence,2,10.313415
13.714568,14.834208,Sentence,1,8.891844
12.233715,14.79264,Sentence,0,10.318947
12.452539,16.253971,Sentence,0,9.125273
12.454801,17.183939,Sentence,1,10.880106
14.052921,14.799135,Sentence,1,9.542492
12.786038,16.57031,Sentence,2,9.396274
12.801034,15.347089,Sentence,0,8.281795
13.742815,16.786665,Sentence,2,10.116379
14.529862,14.833359,Sentence,1,9.69205
12.554026,16.024672,Sentence,3,11.67052
12.345614,15.991319,Sentence,0,9.064257
12.269433,16.89981,Sentence,2,10.888676
14.116184,16.713783,Sentence,2,9.358882
13.228928,16.643965,Sentence,2,9.604478
12.748053,16.871984,Sentence,2,9.358637
13.158423,15.6376,Sentence,0,9.455787
12.526775,15.33005,Sentence,1,10.585463
14.564111,15.591165,Sentence,2,10.843124
12.872075,15.604481,Sentence,0,8.5150175
12.430392,15.430401,Sentence,0,9.1980505
14.043487,13.806111,Sentence,1,10.098497
15.00811,13.408644,Sentence,1,9.083783
11.612587,13.315822,Sentence,0,8.838081
13.382056,16.726488,Sentence,2,10.67145
12.277731,15.18442,Sentence,2,10.358141
11.754853,14.865763,Sentence,0,10.527375
14.677989,22.16428,Sentence,1,14.592025
13.302718,14.719842,Sentence,3,11.541225
12.722281,16.626225,Sentence,2,9.558135
12.972953,16.517797,Sentence,2,10.811379
13.633309,14.538028,Sentence,1,8.95908
12.824069,16.487211,Sentence,3,10.566489
11.578183,14.615399,Sentence,1,11.312212
11.755128,13.174645,Sentence,1,9.363861
12.545385,15.342151,Sentence,2,10.500624
14.392935,14.635571,Sentence,1,8.854637
15.010076,13.850743,Sentence,3,11.35439
14.273437,14.777138,Sentence,1,9.644904
12.861738,14.710524,Sentence,0,9.183517
13.984072,15.23011,Sentence,1,10.67835
11.8517475,14.629415,Sentence,0,8.358567
12.438734,14.884163,Sentence,1,10.2961235
12.151102,16.826864,Sentence,2,10.569288
11.990177,16.574177,Sentence,2,10.477538
11.82172,16.321207,Sentence,2,9.732883
15.3478985,11.369675,Sentence,1,7.8896394
12.893044,16.181984,Sentence,0,9.344832
12.740986,15.959408,Sentence,0,8.861358
12.503049,16.926329,Sentence,2,9.327095
12.212335,14.698262,Sentence,0,10.642556
12.131229,16.782322,Sentence,0,10.354072
14.355219,16.405588,Sentence,2,9.454776
13.696728,14.772554,Sentence,1,11.227165
14.217351,15.741498,Sentence,1,9.553779
13.4908905,14.423745,Sentence,1,9.951797
9.642966,8.124667,Sentence,3,15.047326
12.501433,16.619776,Sentence,2,9.629392
13.60659,13.552424,Sentence,3,11.137048
13.403851,15.991365,Sentence,2,9.097564
12.224881,14.459051,Sentence,0,9.950469
11.739225,13.687558,Sentence,0,9.546396
14.036327,15.272497,Sentence,1,10.077046
13.200015,16.115635,Sentence,0,8.658749
14.896726,14.607151,Sentence,3,10.025695
12.515398,17.07919,Sentence,2,10.906697
13.768423,15.699205,Sentence,2,9.835286
13.535252,16.613207,Sentence,2,10.174406
14.300723,14.037994,Sentence,1,8.804108
12.670622,16.283634,Sentence,2,8.708631
13.598323,14.033457,Sentence,1,11.078504
12.796236,16.677824,Sentence,2,9.472538
13.479121,14.984959,Sentence,2,9.8831835
13.771075,13.409652,Sentence,1,10.34817
14.972949,13.79907,Sentence,3,9.860146
12.018381,17.043446,Sentence,2,11.018743
14.410801,14.268372,Sentence,3,11.185604
14.116614,13.572415,Sentence,3,11.153927
14.552186,14.563945,Sentence,1,10.173663
12.978011,14.916336,Sentence,1,12.893895
11.855897,16.152416,Sentence,0,9.314446
12.181813,15.380365,Sentence,2,10.626011
13.6248,16.839901,Sentence,2,10.0989065
12.897072,15.419057,Sentence,2,10.736309
13.731231,15.184716,Sentence,3,10.16247
12.013433,16.129484,Sentence,2,9.814416
12.21788,14.766091,Sentence,0,8.430765
12.415255,13.990746,Sentence,0,8.574356
15.323278,13.738564,Sentence,3,10.336497
13.646883,15.5957775,Sentence,2,10.094151
13.403713,16.16738,Sentence,2,9.603604
12.1223345,16.16055,Sentence,0,8.632242
11.945659,16.263754,Sentence,0,9.24107
12.796836,16.315193,Sentence,2,9.42384
13.087398,14.410191,Sentence,1,8.352012
14.973615,14.247038,Sentence,3,10.85054
12.820844,15.5293665,Sentence,2,9.525277
12.242015,16.542248,Sentence,0,8.969636
15.371752,13.734784,Sentence,1,9.9735565
12.599693,16.724596,Sentence,2,10.814601
13.127454,15.170766,Sentence,0,8.442611
12.198645,15.709358,Sentence,0,8.626217
11.972546,16.105604,Sentence,0,9.069169
13.9262705,16.361174,Sentence,2,9.563196
12.209283,16.603575,Sentence,2,9.678274
12.403603,14.78739,Sentence,0,8.797103
13.114881,16.406994,Sentence,1,8.718737
12.735045,16.324844,Sentence,2,8.757665
14.544545,15.91026,Sentence,1,8.792198
14.721941,14.605059,Sentence,3,10.975289
11.931818,15.230579,Sentence,2,8.863492
12.817122,16.130854,Sentence,0,9.034696
11.9004345,16.915373,Sentence,2,10.80139
13.514704,15.760625,Sentence,1,10.147784
14.293336,15.838287,Sentence,2,10.088512
13.901047,14.720227,Sentence,1,10.072642
11.498926,13.8008995,Sentence,0,8.927036
14.434691,16.104225,Sentence,1,8.72154
12.496274,15.273157,Sentence,2,9.658201
13.558802,16.203115,Sentence,2,9.126446
12.19017,13.330132,Sentence,0,8.67761
13.695456,16.527565,Sentence,2,9.619529
12.1847315,16.948406,Sentence,2,11.226563
13.306286,16.77548,Sentence,2,9.027586
12.303593,14.332574,Sentence,1,10.146758
14.04256,15.626589,Sentence,2,9.003102
12.228667,16.813385,Sentence,2,10.417699
12.376542,16.61593,Sentence,2,11.096263
13.521481,15.292281,Sentence,2,10.979348
12.884489,14.699528,Sentence,0,8.399718
14.038976,16.883543,Sentence,2,9.565598
14.269511,13.969325,Sentence,3,11.14776
14.13629,15.49704,Sentence,2,10.020192
12.720218,16.90636,Sentence,2,10.966355
14.455535,14.767762,Sentence,1,9.028241
14.293535,16.549372,Sentence,2,9.499608
12.3676605,16.375593,Sentence,2,8.873257
12.796274,16.96231,Sentence,2,9.879304
12.519712,16.77578,Sentence,2,9.374819
13.392366,16.236574,Sentence,2,9.228739
12.668202,16.571758,Sentence,2,9.120023
14.010076,16.484547,Sentence,2,9.65747
13.500857,12.756398,Sentence,1,9.251816
13.052675,14.435147,Sentence,1,8.851576
13.459425,13.516854,Sentence,3,11.344932
13.29853,15.399034,Sentence,0,8.646385
12.502573,16.990055,Sentence,2,10.320909
14.71348,11.453044,Sentence,1,7.016404
13.0229645,14.038139,Sentence,1,8.295011
12.893572,16.385296,Sentence,2,9.64906
12.003448,16.214046,Sentence,0,10.330671
14.430137,13.640368,Sentence,1,10.508837
13.157907,16.14613,Sentence,2,8.69053
14.12542,15.099192,Sentence,1,9.658948
12.406781,14.693315,Sentence,0,9.007951
12.723065,14.864824,Sentence,0,8.420705
11.573825,16.41866,Sentence,0,10.577363
14.678035,22.164505,Sentence,1,14.592194
12.0134735,15.103235,Sentence,0,8.462276
14.941042,13.738198,Sentence,3,11.333849
11.737627,13.8553295,Sentence,0,9.097797
13.159544,16.459524,Sentence,2,8.984927
13.965351,16.784258,Sentence,2,9.779004
14.144606,16.372036,Sentence,1,9.027533
13.871319,14.083377,Sentence,1,9.457904
13.019622,14.969854,Sentence,0,8.503585
12.498018,16.941534,Sentence,2,9.966751
12.986259,17.0087,Sentence,2,10.511696
11.699161,12.686115,Sentence,1,9.061884
15.526489,13.829012,Sentence,1,9.971474
12.121406,16.212557,Sentence,2,10.309466
12.201806,15.022462,Sentence,0,8.955745
14.066357,15.0314665,Sentence,2,10.422738
12.690876,16.21462,Sentence,0,8.554646
11.922068,13.1460495,Sentence,1,8.500416
13.849007,15.828129,Sentence,2,9.495168
13.992505,14.317749,Sentence,1,9.976153
13.664464,14.781385,Sentence,0,9.112373
12.961686,16.182882,Sentence,0,9.12846
12.690494,9.074516,Sentence,3,13.922468
12.814887,17.062557,Sentence,2,10.58802
11.975387,16.303814,Sentence,2,10.940481
12.393434,16.541628,Sentence,2,11.19384
15.051032,13.7254925,Sentence,3,10.228619
12.013811,13.706135,Sentence,0,8.862428
15.338157,11.298277,Sentence,1,9.214602
13.680943,14.840826,Sentence,1,8.802653
11.837389,15.624155,Sentence,0,9.131279
11.669644,13.439899,Sentence,1,9.442541
12.821979,15.325386,Sentence,2,11.82787
12.400455,16.898565,Sentence,2,10.559413
13.22658,15.658279,Sentence,0,9.335455
14.022155,14.492078,Sentence,1,9.791208
11.9613905,16.540823,Sentence,2,10.089553
11.638718,16.209574,Sentence,0,9.634738
14.004307,14.160869,Sentence,3,11.001016
14.524298,15.170034,Sentence,2,10.86542
11.862464,14.2772875,Sentence,2,11.078389
14.3229,15.430748,Sentence,1,10.156862
12.765972,17.134699,Sentence,2,10.529315
12.075551,15.798854,Sentence,0,8.591355
11.632986,16.815454,Sentence,2,10.70696
12.365754,17.341068,Sentence,2,11.4164295
13.80325,15.4078865,Sentence,2,8.927647
14.67815,22.164762,Sentence,1,14.592416
14.156122,11.930448,Sentence,1,9.270811
13.707929,16.571556,Sentence,2,10.119307
14.475109,15.008082,Sentence,2,10.547854
12.644852,15.195157,Sentence,2,10.623197
12.9819355,16.493956,Sentence,2,8.80561
14.609779,15.993143,Sentence,1,8.623951
13.231535,12.865174,Sentence,1,9.441056
12.61428,15.999618,Sentence,0,9.006505
12.413344,15.076958,Sentence,0,8.365964
11.788304,-0.9827746,Sentence,3,11.27967
12.200395,16.020744,Sentence,1,10.108938
12.303108,16.671452,Sentence,2,11.241261
11.489305,16.242224,Sentence,2,10.752928
14.07699,13.951251,Sentence,1,10.312228
12.148075,15.529491,Sentence,0,9.493428
12.713523,9.818819,Sentence,1,1.5960324
12.622181,15.054204,Sentence,0,8.779852
12.967665,16.706789,Sentence,2,8.8665
10.93181,14.911892,Sentence,3,9.746127
12.74621,16.241228,Sentence,0,9.408779
12.876178,16.934961,Sentence,2,9.32683
13.870888,14.2503805,Sentence,3,11.406494
13.988913,13.975791,Sentence,1,11.199675
12.114718,14.748157,Sentence,0,8.643932
12.105453,14.036793,Sentence,0,8.966549
12.763584,14.980758,Sentence,0,9.451888
13.070922,14.776358,Sentence,1,12.83268
12.251359,16.603264,Sentence,2,9.10892
14.000604,12.393667,Sentence,1,7.690069
11.900048,16.636478,Sentence,2,10.049658
12.848908,15.947412,Sentence,0,8.702826
12.375388,14.825802,Sentence,0,8.4681835
13.809355,12.415252,Sentence,1,7.9239726
12.388403,15.56248,Sentence,2,10.962548
13.34233,16.654325,Sentence,2,9.08964
12.265974,16.563805,Sentence,0,8.959681
13.492169,15.089266,Sentence,1,9.909728
12.666947,14.49528,Sentence,0,8.976476
12.996695,16.717894,Sentence,2,8.846604
13.535699,14.848101,Sentence,1,8.520642
14.673746,14.410766,Sentence,1,10.795527
12.117812,16.522612,Sentence,2,10.248941
11.483992,13.555173,Sentence,0,8.561068
12.457026,16.870468,Sentence,1,10.1463995
11.952491,16.85156,Sentence,2,11.1635895
14.241503,15.71174,Sentence,2,9.00125
13.581964,13.771634,Sentence,0,8.73036
13.742102,16.456514,Sentence,2,9.442897
12.100952,16.484514,Sentence,2,9.116599
13.231895,16.508121,Sentence,2,10.028201
13.563624,13.806305,Sentence,1,8.747324
13.5962925,13.5580635,Sentence,1,8.840311
12.146955,11.657912,Sentence,3,9.464767
12.751259,16.455946,Sentence,2,10.511584
12.237685,16.456688,Sentence,2,10.544919
14.236926,15.549876,Sentence,3,10.242728
12.881511,15.690381,Sentence,0,8.756005
11.871374,16.538048,Sentence,2,11.30647
11.564533,12.671301,Sentence,1,8.903408
12.435429,14.7164545,Sentence,0,8.390748
12.256325,16.17156,Sentence,0,8.641764
11.88581,16.813305,Sentence,2,10.352813
12.558563,14.935619,Sentence,0,8.209575
12.755698,15.2379,Sentence,0,8.344083
13.367097,14.516862,Sentence,3,11.249044
12.688713,15.039622,Sentence,0,9.593115
11.563263,13.033997,Sentence,1,9.136508
12.354631,16.764185,Sentence,2,10.496338
13.162394,16.985178,Sentence,2,10.743195
13.479164,13.7136,Sentence,1,9.748418
14.154148,15.884939,Sentence,2,9.97484
12.4738245,16.55037,Sentence,2,9.469981
12.827412,15.777288,Sentence,0,10.4204445
13.425673,14.373937,Sentence,0,9.343049
13.268823,17.001019,Sentence,2,9.423014
12.029901,16.202787,Sentence,2,10.883975
14.471919,16.038736,Sentence,0,8.665974
13.010663,16.900492,Sentence,2,9.526521
13.74307,13.812646,Sentence,1,11.389958
13.556304,16.029531,Sentence,2,9.703703
13.357914,16.987963,Sentence,2,9.458818
12.255573,16.320665,Sentence,2,8.824171
12.543638,16.55886,Sentence,2,10.236358
12.05296,16.486975,Sentence,2,9.624255
11.681407,15.624041,Sentence,0,9.445764
13.187778,16.24923,Sentence,2,9.486423
12.346015,15.8204565,Sentence,2,10.838052
11.729326,16.754097,Sentence,0,10.309982
14.570045,15.261644,Sentence,2,10.269224
12.132576,16.50959,Sentence,3,12.805862
13.793288,16.738651,Sentence,2,9.476626
13.060825,16.394846,Sentence,2,9.440887
12.633045,15.634171,Sentence,0,8.82664
14.283535,13.347966,Sentence,1,9.953509
13.94176,15.227899,Sentence,2,9.872824
12.302927,16.425682,Sentence,0,8.94104
13.560654,14.249109,Sentence,1,9.779717
12.468102,16.66045,Sentence,1,11.448727
12.306381,15.577113,Sentence,0,9.588373
13.156872,17.074476,Sentence,2,10.168724
12.792389,16.587238,Sentence,2,9.118657
12.057328,15.109532,Sentence,3,10.983522
15.033777,13.753561,Sentence,3,11.340565
12.0903225,15.34804,Sentence,0,8.479092
12.580443,16.157053,Sentence,2,8.66754
12.388722,15.033668,Sentence,0,8.573331
13.369536,14.612739,Sentence,2,10.799566
15.101206,14.083617,Sentence,3,10.002154
12.297124,17.008574,Sentence,2,10.267807
11.535707,17.16298,Sentence,0,10.944208
11.698152,16.544119,Sentence,0,10.018842
11.44688,16.290522,Sentence,2,10.8363085
12.076471,15.367743,Sentence,0,8.758379
11.608312,16.41185,Sentence,3,11.163801
12.082739,12.577988,Sentence,1,8.424779
12.279519,15.099057,Sentence,0,8.446192
13.783349,16.337196,Sentence,2,10.776722
11.878953,16.184225,Sentence,0,9.145629
12.235212,15.828523,Sentence,0,8.973844
12.600853,16.655088,Sentence,2,9.1011095
15.221093,13.924526,Sentence,3,9.745912
14.257924,16.813915,Sentence,2,9.382023
12.398307,16.027414,Sentence,2,10.920129
14.214011,15.973941,Sentence,1,10.944729
12.0414715,14.304346,Sentence,0,8.667963
14.1703615,15.33333,Sentence,2,10.441276
14.15611,16.49057,Sentence,2,9.571411
15.589249,13.663981,Sentence,3,10.072531
12.847247,16.018427,Sentence,0,8.886291
13.26276,14.939998,Sentence,0,9.658484
11.147001,14.917239,Sentence,1,10.337898
14.249206,13.128126,Sentence,1,9.419003
13.3437,15.766716,Sentence,1,10.509773
12.963768,16.863764,Sentence,2,9.026424
13.451776,12.228241,Sentence,1,8.135581
13.941103,13.717913,Sentence,3,11.550236
14.722826,14.973887,Sentence,2,9.598819
12.787635,17.234581,Sentence,2,10.944186
12.939551,16.534283,Sentence,2,9.058869
12.33139,16.616955,Sentence,2,10.012174
13.193461,16.769348,Sentence,2,10.346153
13.214342,17.047167,Sentence,2,10.057022
11.965281,16.502283,Sentence,2,10.187065
15.189299,14.224337,Sentence,1,9.82164
11.887507,15.191183,Sentence,2,10.028863
12.231658,12.82813,Sentence,0,10.992914
12.007674,14.687966,Sentence,0,8.693136
14.142144,15.926713,Sentence,2,9.940231
11.742277,12.97733,Sentence,1,8.705745
12.066791,16.55593,Sentence,2,9.728797
13.028449,16.01475,Sentence,0,8.354205
13.351683,16.051823,Sentence,2,11.19464
12.3324,15.314933,Sentence,0,8.498627
11.437909,13.678053,Sentence,0,8.560757
13.872105,15.923516,Sentence,2,10.358357
12.590256,16.252441,Sentence,0,9.032866
13.1876335,15.787986,Sentence,2,9.818933
12.043085,16.526918,Sentence,2,9.669757
14.719279,11.449655,Sentence,1,7.0109725
11.941144,15.885582,Sentence,0,9.485143
12.925052,16.97581,Sentence,2,9.3784485
12.077848,16.887709,Sentence,2,10.631145
13.178574,16.907957,Sentence,2,9.460058
15.237681,13.740556,Sentence,3,10.072749
12.555595,13.54653,Sentence,1,9.041426
11.693723,16.902365,Sentence,0,10.610128
12.496652,15.558546,Sentence,0,10.303162
13.962955,16.12666,Sentence,2,9.296429
14.3785305,13.535883,Sentence,3,10.212851
13.059888,16.283445,Sentence,2,8.880986
11.556318,14.581088,Sentence,1,11.315883
11.893547,16.952694,Sentence,2,11.076782
14.385243,15.389857,Sentence,1,9.22009
15.134262,14.087648,Sentence,2,9.847124
11.670331,16.804571,Sentence,1,11.753821
13.67638,16.8426,Sentence,2,9.693484
12.466663,14.616228,Sentence,1,10.074518
12.437705,15.826374,Sentence,0,8.516848
15.096511,13.764549,Sentence,3,11.429374
15.05794,13.984148,Sentence,3,11.173115
12.017613,16.454065,Sentence,2,9.286705
14.305848,16.038065,Sentence,1,9.19541
14.170861,14.852755,Sentence,3,10.591989
13.3784895,13.821726,Sentence,3,11.217566
14.355023,15.01113,Sentence,1,9.801599
11.55669,12.277267,Sentence,1,9.016733
12.567382,17.153414,Sentence,2,11.127738
13.915366,14.926728,Sentence,3,10.192355
14.452078,14.824278,Sentence,1,9.315727
12.714348,9.82134,Sentence,1,1.6011903
12.684355,16.680983,Sentence,2,10.705347
12.070472,13.299987,Sentence,0,8.798268
12.134942,15.624831,Sentence,0,8.682868
12.71378,9.819721,Sentence,1,1.5979185
15.086777,13.827011,Sentence,3,11.395151
13.657731,16.266747,Sentence,2,9.204829
15.309362,14.414639,Sentence,2,9.842004
11.617183,14.796098,Sentence,0,10.327291
13.55026,16.735222,Sentence,2,9.63878
11.843024,15.328468,Sentence,0,10.065306
15.024176,13.772148,Sentence,3,11.306782
11.805107,16.464636,Sentence,1,11.121356
12.639695,14.921361,Sentence,0,10.6384735
12.4318285,15.853993,Sentence,0,8.771532
14.1420355,15.012211,Sentence,1,8.712548
12.2229805,15.828097,Sentence,0,9.15007
11.975349,16.907562,Sentence,2,11.139677
12.025365,15.958513,Sentence,0,9.094419
15.206306,14.124523,Sentence,1,9.812813
14.102859,15.81057,Sentence,2,9.97201
13.712758,16.08309,Sentence,0,9.651788
12.239829,16.16369,Sentence,0,9.804035
14.127467,14.787247,Sentence,3,11.107265
12.897773,16.606398,Sentence,2,10.616739
12.71047,16.592318,Sentence,2,10.190083
14.918008,13.828787,Sentence,3,11.140108
12.181723,16.485023,Sentence,2,9.116692
13.984147,16.395094,Sentence,2,10.139272
14.177853,14.995021,Sentence,1,8.711388
13.982789,14.697943,Sentence,0,9.769221
12.828637,16.564083,Sentence,2,9.424072
14.123617,15.863999,Sentence,2,9.668315
13.803898,15.011737,Sentence,1,10.985247
12.630591,16.065079,Sentence,2,9.055262
12.749501,14.616359,Sentence,0,9.544766
11.574772,16.518316,Sentence,1,11.148174
13.07082,15.586665,Sentence,1,8.9112625
12.861254,15.716833,Sentence,2,11.91608
12.610134,16.007187,Sentence,0,9.021757
12.694427,14.024262,Sentence,1,10.283533
12.953206,13.710789,Sentence,1,9.885333
13.523,13.75852,Sentence,1,10.865581
12.644139,16.826933,Sentence,2,9.416019
13.903629,15.693595,Sentence,2,10.160823
13.953189,14.689137,Sentence,2,10.755818
13.1134,16.092009,Sentence,2,8.724786
12.702586,16.61384,Sentence,2,9.545596
12.209265,11.596676,Sentence,3,9.492089
13.940335,15.810696,Sentence,2,9.12068
13.64794,12.402535,Sentence,1,7.1446757
14.20058,12.21892,Sentence,1,9.425445
12.881503,15.411051,Sentence,0,8.580669
12.188205,14.397431,Sentence,1,11.498474
12.373662,14.824107,Sentence,0,8.214413
12.794864,15.59972,Sentence,2,10.724097
13.720361,15.771766,Sentence,2,9.120341
12.878778,14.199561,Sentence,0,8.469497
11.474155,16.44402,Sentence,2,10.645341
13.069695,16.594328,Sentence,2,9.442391
12.804241,16.728312,Sentence,2,9.495774
12.288257,15.327294,Sentence,2,11.079368
11.925789,16.425556,Sentence,2,10.766016
13.106724,17.120731,Sentence,1,10.745507
13.531148,14.498628,Sentence,3,9.807032
13.350799,16.39603,Sentence,2,9.074045
12.176173,16.008999,Sentence,0,8.660497
14.836028,13.410518,Sentence,3,11.643682
13.026429,16.281372,Sentence,2,9.206061
14.116588,13.325559,Sentence,1,10.913418
14.528901,14.77309,Sentence,2,10.143373
12.69044,9.065308,Sentence,3,13.928852
13.138165,15.922625,Sentence,0,8.775701
13.816504,16.197855,Sentence,2,10.009331
11.943098,15.068816,Sentence,0,8.961097
11.9353895,12.231161,Sentence,1,9.080419
13.942705,15.089421,Sentence,2,10.642193
13.523403,16.948116,Sentence,2,9.807037
13.759176,13.750914,Sentence,2,10.955758
12.970401,16.155302,Sentence,2,9.889525
15.129628,14.1604595,Sentence,3,9.965643
13.851202,15.803622,Sentence,0,8.704913
15.202373,13.534207,Sentence,3,10.371673
12.685737,15.24809,Sentence,1,10.727007
13.967601,15.615666,Sentence,2,10.248627
13.035946,14.081698,Sentence,1,9.387691
14.512262,15.920399,Sentence,1,8.738598
13.689644,12.242774,Sentence,1,7.1056256
12.540375,16.229382,Sentence,2,8.881375
14.678248,22.165108,Sentence,1,14.592728
12.43629,16.747454,Sentence,2,9.779252
12.895864,15.272172,Sentence,0,8.841025
12.746916,17.245638,Sentence,1,11.097259
15.206009,13.865412,Sentence,3,9.938583
13.651221,16.552107,Sentence,2,9.513557
14.4806595,14.267991,Sentence,1,10.864484
13.117564,16.063654,Sentence,0,8.962139
12.952045,16.244669,Sentence,2,9.053453
14.248088,14.755423,Sentence,1,10.022707
13.001115,16.225891,Sentence,2,9.812274
14.439056,14.806175,Sentence,1,9.387011
12.21807,12.31263,Sentence,2,9.929476
15.020644,14.307222,Sentence,3,10.826789
14.341002,14.012123,Sentence,1,11.112398
13.610625,14.725826,Sentence,1,9.569889
11.615257,16.49858,Sentence,0,10.257201
12.563643,16.098969,Sentence,0,8.980739
14.524848,15.308398,Sentence,2,10.631794
12.4342,16.98723,Sentence,2,9.686106
13.381757,14.870376,Sentence,0,8.4729595
12.42006,16.822159,Sentence,2,9.418976
13.737415,14.56277,Sentence,1,11.105911
9.64219,8.124405,Sentence,3,15.047754
11.915975,15.881592,Sentence,0,8.977173
13.504786,13.260438,Sentence,1,9.431817
14.028531,12.282183,Sentence,1,9.379397
12.079195,15.824478,Sentence,0,8.971322
12.1559515,14.513675,Sentence,0,8.968403
13.0122175,16.986448,Sentence,1,11.057279
12.258492,16.39875,Sentence,2,9.768387
14.566913,15.857134,Sentence,1,8.77093
13.013472,16.677052,Sentence,2,9.83599
14.956446,14.2493105,Sentence,3,9.373029
14.634108,13.774503,Sentence,3,9.751237
13.516249,15.150319,Sentence,1,8.979157
12.8669615,17.00995,Sentence,2,9.681412
13.0858965,16.110083,Sentence,0,8.4804
14.055235,14.112118,Sentence,1,9.777255
13.075399,15.0590315,Sentence,0,8.313887
12.247888,16.690908,Sentence,2,9.644987
12.409085,15.617062,Sentence,2,10.462377
13.319047,16.57373,Sentence,2,9.84437
12.958906,16.767069,Sentence,2,9.467346
11.766418,14.271205,Sentence,0,8.493983
12.871095,15.30541,Sentence,0,9.05504
14.87075,14.700992,Sentence,1,10.404827
12.652882,17.045055,Sentence,2,11.318025
15.73222,13.615678,Sentence,3,10.091479
14.061458,15.349318,Sentence,2,10.846677
14.476175,15.615385,Sentence,1,9.410927
12.128265,14.525503,Sentence,0,8.431512
13.610612,15.798257,Sentence,0,9.121813
14.434917,15.3408165,Sentence,3,10.843741
15.433047,11.930712,Sentence,1,11.063766
13.545071,16.70411,Sentence,2,9.46513
15.34597,11.370827,Sentence,1,7.889999
11.809201,14.600322,Sentence,0,9.015723
12.025951,12.875234,Sentence,1,8.478256
11.9607525,15.574428,Sentence,0,8.262827
14.5758295,15.280588,Sentence,2,10.865166
12.087074,16.61545,Sentence,2,9.295325
14.893306,11.883646,Sentence,1,8.205322
15.03774,13.897446,Sentence,3,11.218748
12.281221,13.525363,Sentence,1,8.54373
12.025918,16.861668,Sentence,2,10.620365
12.84434,16.214577,Sentence,2,8.809351
13.115135,17.097582,Sentence,2,10.7169075
12.161661,11.927057,Sentence,1,9.393871
13.307709,16.826492,Sentence,2,10.991225
12.639898,15.533702,Sentence,0,8.599955
14.723329,13.456211,Sentence,3,11.38396
12.212246,16.966722,Sentence,2,9.4837265
13.753423,15.987367,Sentence,2,9.979023
13.549588,16.282703,Sentence,2,9.723485
12.309272,17.215654,Sentence,2,10.940894
15.060911,13.805895,Sentence,3,11.371815
12.921636,15.638694,Sentence,0,9.428065
12.631274,15.427815,Sentence,2,10.881131
12.902125,14.764742,Sentence,0,8.303711
13.103946,14.171871,Sentence,1,9.67094
13.5622835,14.559766,Sentence,1,9.2577915
15.540479,13.540447,Sentence,3,9.919616
12.272834,15.738363,Sentence,0,9.396662
13.740623,12.160919,Sentence,1,8.505145
12.484324,13.224836,Sentence,1,8.909693
13.578873,16.21186,Sentence,1,9.853977
12.837422,15.340872,Sentence,0,9.519283
12.799796,15.22809,Sentence,0,9.57341
12.0101795,15.093327,Sentence,0,8.530685
13.216008,15.350217,Sentence,0,9.317822
13.141235,16.279121,Sentence,2,9.815222
11.679328,13.883269,Sentence,0,8.489856
12.690279,9.064921,Sentence,3,13.929139
14.2591505,15.737403,Sentence,2,9.274633
12.376754,15.551468,Sentence,0,8.83452
12.816972,14.118904,Sentence,1,9.959479
9.642023,8.124241,Sentence,3,15.047911
12.540197,14.901171,Sentence,1,10.4746275
14.256686,15.345324,Sentence,1,10.184805
12.629665,16.605259,Sentence,2,9.43901
14.04607,15.056113,Sentence,1,8.370018
12.776929,16.592329,Sentence,2,9.691246
11.746777,15.46369,Sentence,0,8.974838
13.175168,16.26736,Sentence,2,10.859885
15.04974,13.788135,Sentence,3,11.300775
11.766662,-0.96376055,Sentence,3,11.300766
12.782451,14.370658,Sentence,1,10.167716
11.735639,17.00234,Sentence,1,10.671922
11.982094,16.55525,Sentence,0,9.275239
13.431843,16.627197,Sentence,0,9.106492
12.162861,15.237964,Sentence,0,8.512265
12.964966,15.114119,Sentence,0,8.125684
13.394885,13.5685425,Sentence,1,9.556724
13.416024,13.374645,Sentence,1,11.050177
12.715961,16.500965,Sentence,2,8.942097
11.674694,16.107494,Sentence,3,11.209079
13.98896,14.09501,Sentence,1,10.139597
14.017262,12.945291,Sentence,1,8.5827675
12.827116,16.986565,Sentence,2,9.511627
14.262243,15.957843,Sentence,2,9.322169
13.59416,16.841385,Sentence,2,10.231683
14.147652,12.788157,Sentence,1,10.250645
13.269219,13.236926,Sentence,1,7.820514
12.837478,14.673771,Sentence,0,8.401921
13.961383,16.441826,Sentence,2,9.2291
14.439989,15.897312,Sentence,1,9.161998
13.018971,14.463966,Sentence,1,10.150098
12.788959,17.268112,Sentence,2,11.120049
14.226472,15.0830555,Sentence,2,9.390754
13.864673,16.252758,Sentence,2,9.726535
14.026486,16.548004,Sentence,2,9.254898
13.0599575,17.001818,Sentence,2,9.248175
14.062664,14.467619,Sentence,1,8.692266
11.586701,16.948565,Sentence,2,10.52497
13.794238,16.001944,Sentence,1,9.044342
15.108603,13.833966,Sentence,3,11.3946705
11.938025,14.376212,Sentence,0,8.339681
13.317987,15.589023,Sentence,0,8.977609
15.385643,14.11948,Sentence,1,9.761617
14.393898,14.017796,Sentence,0,8.648737
13.908793,14.696847,Sentence,0,8.711196
14.400243,13.122091,Sentence,3,10.416636
13.888287,16.683874,Sentence,2,9.710185
12.531962,17.146503,Sentence,2,11.312697
13.974156,14.648713,Sentence,2,10.399921
12.74341,16.442244,Sentence,2,9.464065
12.028908,16.273827,Sentence,0,8.772205
15.261776,13.919625,Sentence,3,9.873487
12.936507,15.01976,Sentence,1,8.646766
14.298215,14.014007,Sentence,1,10.631627
13.0777235,15.676301,Sentence,0,9.158931
11.398851,12.385062,Sentence,1,9.188078
12.456709,16.41616,Sentence,2,10.618845
12.541157,17.109785,Sentence,2,11.05526
12.449158,14.786712,Sentence,0,8.808526
11.877669,15.325511,Sentence,0,10.487576
11.311628,12.969416,Sentence,1,9.176444
12.59175,17.232319,Sentence,2,11.152303
11.903266,16.661839,Sentence,2,10.281954
14.682156,14.210066,Sentence,3,11.139959
12.87504,16.89093,Sentence,2,10.918192
14.520162,15.919271,Sentence,1,8.864302
13.268876,17.08398,Sentence,2,9.838886
12.359815,16.670841,Sentence,2,11.362886
11.516549,16.435196,Sentence,0,9.996972
14.030865,12.410927,Sentence,1,7.7213387
12.219092,14.9811125,Sentence,0,9.019046
12.34187,15.781687,Sentence,0,8.467783
13.855359,14.30114,Sentence,1,11.16432
12.821073,16.959005,Sentence,2,10.928712
12.016653,15.280939,Sentence,2,8.813634
10.853221,12.083275,Sentence,1,8.817339
12.454988,13.8111,Sentence,0,9.999253
11.891223,15.152724,Sentence,0,10.4372835
15.211581,13.457156,Sentence,3,10.193563
15.183796,13.779116,Sentence,3,10.293429
13.347873,13.9250765,Sentence,1,9.062203
11.728656,13.272436,Sentence,1,8.741416
11.885929,12.297938,Sentence,1,9.347363
12.5300665,16.137798,Sentence,2,9.562075
12.089938,16.839563,Sentence,2,10.208623
13.155337,16.721497,Sentence,2,9.143125
14.029673,14.2675705,Sentence,1,9.87796
14.051159,14.117697,Sentence,3,11.721338
14.221658,14.150247,Sentence,2,9.586397
12.751743,16.57895,Sentence,2,9.582501
13.167722,16.833036,Sentence,2,11.071304
13.078528,16.932463,Sentence,2,9.528846
14.575283,14.457806,Sentence,3,10.491251
9.644045,8.126381,Sentence,3,15.0459175
12.076035,12.335905,Sentence,1,8.683578
11.978879,15.531455,Sentence,0,8.373517
13.263678,14.264698,Sentence,0,9.921339
13.065458,16.67997,Sentence,2,9.343361
13.139994,16.599957,Sentence,2,9.004615
12.120153,16.572815,Sentence,2,10.5071
12.360746,15.933851,Sentence,0,8.630398
11.6676445,13.573357,Sentence,1,8.966734
14.666512,15.951043,Sentence,1,8.582287
12.425434,15.842431,Sentence,0,10.003012
12.116975,16.883791,Sentence,2,10.151659
13.1237,16.186249,Sentence,2,9.827489
14.139526,15.005688,Sentence,2,10.892344
14.186162,16.581728,Sentence,2,9.478329
12.758794,14.228461,Sentence,0,8.740083
15.251756,13.513653,Sentence,3,10.354313
14.956906,13.829962,Sentence,3,11.283497
14.969501,13.405205,Sentence,1,9.848857
12.0732765,13.0647545,Sentence,1,8.663994
12.2388315,16.865416,Sentence,2,9.545452
12.477356,15.316427,Sentence,3,10.881969
11.583403,13.061823,Sentence,1,9.163551
12.321162,15.491355,Sentence,0,8.724627
13.927775,15.665721,Sentence,2,10.757287
11.808851,16.555483,Sentence,3,11.461181
13.537436,13.050774,Sentence,1,7.42439
12.7567625,14.362279,Sentence,0,8.333182
12.294243,16.463749,Sentence,2,10.355558
12.938262,16.36829,Sentence,2,8.620191
14.721203,11.445471,Sentence,1,7.004467
13.593319,16.2654,Sentence,2,9.257403
13.322017,16.399853,Sentence,2,9.216871
12.867393,14.294245,Sentence,0,8.661075
12.845676,14.8153,Sentence,0,8.256641
13.267003,16.16192,Sentence,2,11.030231
11.9224,15.6512985,Sentence,0,9.301943
13.09915,16.478832,Sentence,2,9.221038
13.454694,16.161129,Sentence,2,9.008518
12.135617,17.09938,Sentence,2,11.090687
14.678446,14.835915,Sentence,1,10.04429
12.094825,16.002876,Sentence,1,10.649612
11.991173,15.131035,Sentence,0,8.492003
12.322185,16.377993,Sentence,2,8.96303
13.384339,16.187035,Sentence,2,8.8839655
13.693206,13.476156,Sentence,3,9.994141
14.300923,15.965152,Sentence,2,8.925342
13.6451645,13.966975,Sentence,3,11.654874
12.827907,16.483274,Sentence,2,10.240698
12.595127,16.898376,Sentence,2,9.625399
14.648693,14.633678,Sentence,3,11.513958
13.415439,16.684261,Sentence,2,10.977798
12.444269,14.848999,Sentence,1,10.480417
11.776099,15.464438,Sentence,0,9.433399
14.058766,15.451962,Sentence,1,9.808899
12.865152,14.758315,Sentence,0,8.280228
12.722432,16.404856,Sentence,0,9.373119
13.656975,14.458097,Sentence,0,8.841627
15.435821,11.926886,Sentence,1,11.066188
11.758717,13.889547,Sentence,0,8.679287
11.758308,16.362404,Sentence,0,9.954265
13.933081,13.956022,Sentence,3,11.963237
13.449957,15.826737,Sentence,2,9.847484
12.59946,16.931227,Sentence,2,9.570993
12.565983,17.074827,Sentence,2,11.084446
12.043128,11.667517,Sentence,3,9.414226
10.931562,12.219983,Sentence,1,8.846825
12.6980915,14.741951,Sentence,0,8.8952465
14.362213,14.316644,Sentence,3,10.598568
13.917692,14.602528,Sentence,3,10.99997
12.100164,15.098398,Sentence,0,8.39895
12.048629,11.554801,Sentence,3,9.430536
11.0974245,12.153282,Sentence,0,8.676785
12.757979,14.797145,Sentence,2,11.445872
12.8903055,14.752313,Sentence,1,8.088543
13.888292,14.157873,Sentence,0,8.611824
13.170166,14.296456,Sentence,0,9.557074
13.851585,16.064405,Sentence,2,9.957994
14.61596,13.941256,Sentence,3,11.51494
13.088069,16.981503,Sentence,2,10.062509
13.667902,14.316605,Sentence,1,10.028162
13.460027,14.594577,Sentence,2,10.562953
12.296271,16.507732,Sentence,0,9.311375
13.732166,13.423347,Sentence,1,9.29739
14.805357,14.839878,Sentence,1,9.646378
12.408153,15.589691,Sentence,0,9.310244
12.059349,16.072556,Sentence,0,9.006846
12.011311,16.379837,Sentence,0,10.003882
14.72521,11.439135,Sentence,1,6.9998565
13.175495,15.860844,Sentence,0,8.86401
11.850167,16.74104,Sentence,2,10.336128
13.881069,13.348892,Sentence,3,11.704566
15.354224,13.570711,Sentence,3,10.036646
14.13167,14.422128,Sentence,2,11.11248
12.887278,16.767591,Sentence,2,9.128222
14.05807,16.823118,Sentence,2,9.644574
12.570022,16.929653,Sentence,2,9.849244
11.7252865,14.212337,Sentence,0,8.686242
15.173782,13.822885,Sentence,1,9.856135
14.062536,13.973459,Sentence,3,11.585877
12.078071,16.544579,Sentence,2,9.47906
13.066331,16.680347,Sentence,2,10.882482
12.746607,14.70246,Sentence,0,8.240382
12.335514,14.615343,Sentence,3,10.788133
13.97692,16.42179,Sentence,2,9.471044
13.167145,13.76703,Sentence,0,8.278668
13.058359,15.188307,Sentence,2,9.715797
11.936263,15.933757,Sentence,0,9.34979
11.897741,15.387277,Sentence,0,9.342855
13.893503,12.881229,Sentence,1,10.569825
13.7949915,13.435577,Sentence,1,9.07343
13.5285015,16.671011,Sentence,2,9.507386
12.58857,15.128435,Sentence,3,11.126396
12.830189,16.617842,Sentence,2,9.587699
13.572204,16.290445,Sentence,2,9.2408495
12.886209,16.532223,Sentence,2,8.917387
12.018556,16.27345,Sentence,0,9.127573
12.706047,16.306139,Sentence,2,9.888542
12.442617,16.5892,Sentence,2,9.138746
11.64952,12.307058,Sentence,1,8.974695
11.945559,16.974506,Sentence,2,10.762519
11.475508,13.440879,Sentence,0,8.47493
14.172392,15.39397,Sentence,2,10.400372
13.583858,13.758081,Sentence,1,10.695976
12.252763,16.295918,Sentence,2,8.906744
12.005244,15.865106,Sentence,0,8.74201
14.596758,15.986857,Sentence,0,8.614981
12.477946,16.65231,Sentence,0,9.319004
13.83981,15.025536,Sentence,2,10.792392
13.3806305,16.788443,Sentence,2,9.556323
12.761401,16.676252,Sentence,2,10.793547
12.9300165,16.424662,Sentence,0,8.566413
12.060041,16.436705,Sentence,3,11.370581
12.130801,14.542694,Sentence,0,8.4053545
12.8697815,16.421112,Sentence,2,9.863506
14.893123,13.89423,Sentence,3,11.332456
12.324551,15.563686,Sentence,1,9.553417
14.020385,15.679046,Sentence,2,10.355098
11.8667555,12.15268,Sentence,1,9.044552
12.843898,14.094087,Sentence,0,8.641362
13.024743,16.809206,Sentence,2,9.301587
12.883116,17.058655,Sentence,2,10.777092
11.837699,16.0552,Sentence,2,9.629249
13.074723,14.715212,Sentence,1,10.605253
13.12073,16.806818,Sentence,2,9.092584
12.134745,13.1978445,Sentence,0,8.763229
13.053937,16.66848,Sentence,2,8.843118
13.692577,14.02857,Sentence,1,9.051803
13.335695,14.303056,Sentence,1,10.599101
13.966597,16.80938,Sentence,2,9.680799
12.234232,14.316386,Sentence,3,11.121532
12.9453945,14.16696,Sentence,0,8.749976
14.301675,14.612545,Sentence,1,9.970551
12.716741,16.354702,Sentence,0,8.698027
11.934585,16.625357,Sentence,2,11.233338
13.4617605,16.400038,Sentence,2,9.271921
13.987494,14.233506,Sentence,2,11.502761
11.759144,13.371105,Sentence,1,8.494752
12.746536,16.231089,Sentence,0,9.33738
12.150634,15.030574,Sentence,2,10.93603
13.845439,12.580264,Sentence,1,7.8031263
13.142578,16.27102,Sentence,2,10.062136
14.716466,13.889008,Sentence,1,9.265309
14.714362,11.471365,Sentence,1,7.015076
12.778006,13.836028,Sentence,0,9.628221
14.048466,15.872696,Sentence,2,10.124446
13.407759,16.992056,Sentence,2,9.560712
14.233988,14.830957,Sentence,2,11.059425
12.761049,16.670694,Sentence,2,8.953387
13.59185,14.061022,Sentence,1,9.216351
13.323578,16.51759,Sentence,2,10.047803
13.584371,14.68243,Sentence,0,9.206153
12.448528,15.461693,Sentence,1,9.845556
13.277005,16.801586,Sentence,2,9.269009
15.049329,13.785396,Sentence,3,11.372194
12.351658,16.850647,Sentence,2,10.08047
12.14836,16.66115,Sentence,2,9.590643
13.30106,11.416181,Sentence,1,10.774435
12.133206,16.511024,Sentence,3,12.81107
14.814282,13.998098,Sentence,3,11.197882
12.296993,17.216331,Sentence,0,10.820508
13.012255,16.11508,Sentence,0,8.897213
13.524848,14.431187,Sentence,1,11.004239
11.989146,16.68124,Sentence,2,10.619736
14.412063,14.0968485,Sentence,2,9.908113
12.017051,16.90083,Sentence,2,10.423825
13.740793,15.790115,Sentence,2,10.545085
12.591359,16.379364,Sentence,0,8.710033
11.818846,16.831161,Sentence,2,10.069409
13.825576,16.68066,Sentence,2,9.745117
13.168127,14.62938,Sentence,0,9.601612
14.229212,15.524568,Sentence,2,10.34403
11.972382,14.428574,Sentence,0,8.642701
11.147923,15.018671,Sentence,0,9.796394
14.625178,14.425485,Sentence,1,10.561483
14.249234,16.550478,Sentence,2,9.364193
13.494946,16.780392,Sentence,2,9.260253
13.538289,16.243366,Sentence,2,11.242955
13.207652,15.116975,Sentence,1,8.569469
11.852392,14.214235,Sentence,3,10.539411
14.167084,14.990635,Sentence,2,10.175334
15.710382,13.68087,Sentence,3,10.089764
12.126342,15.8795395,Sentence,0,8.543819
12.858436,16.710794,Sentence,2,8.88021
14.356384,14.929387,Sentence,2,8.867864
11.27117,16.22158,Sentence,0,10.658996
13.376694,16.364746,Sentence,2,9.147606
12.092321,16.995722,Sentence,3,11.090452
12.065544,16.031813,Sentence,0,9.545359
13.153239,15.345117,Sentence,0,9.3319645
12.850958,15.876617,Sentence,2,9.5285225
11.512876,13.356189,Sentence,0,9.482855
12.728892,17.214926,Sentence,2,11.0591545
12.395502,15.348988,Sentence,2,10.592298
12.3114,16.802736,Sentence,2,10.598655
13.143897,17.159176,Sentence,2,10.780718
12.046221,14.379747,Sentence,0,8.867996
12.310469,16.432756,Sentence,0,8.864171
12.218619,16.344313,Sentence,0,9.120032
11.583292,16.720758,Sentence,2,11.472787
12.581413,15.739666,Sentence,0,9.222367
12.629001,13.793952,Sentence,1,9.976893
12.062979,16.893324,Sentence,2,10.827795
15.173811,13.790631,Sentence,3,10.22447
11.326395,14.917513,Sentence,3,10.5021925
13.589412,13.722638,Sentence,1,8.816129
13.648308,14.085465,Sentence,3,10.729712
13.144744,16.631712,Sentence,2,11.143389
12.020477,15.526067,Sentence,0,8.74664
12.17404,15.023495,Sentence,0,8.891834
14.146575,12.316619,Sentence,1,7.905834
13.181218,16.945261,Sentence,2,9.768581
12.551685,15.407854,Sentence,2,10.575856
14.180049,16.00441,Sentence,3,11.0020895
12.000587,12.699589,Sentence,1,8.542856
12.771672,16.96084,Sentence,2,10.209534
13.4400835,12.526441,Sentence,3,11.208348
15.681903,13.315136,Sentence,3,10.112966
12.038349,16.957573,Sentence,2,10.713322
14.63308,13.983968,Sentence,3,10.668328
15.486596,13.795511,Sentence,3,10.021076
11.930969,14.578946,Sentence,0,10.388978
12.05381,15.678159,Sentence,0,9.0068655
12.3410845,15.8934355,Sentence,0,9.024575
12.111881,16.30308,Sentence,0,9.217853
11.361665,12.79831,Sentence,1,9.464775
14.192705,14.170091,Sentence,1,11.057247
12.713928,9.820144,Sentence,1,1.5987824
11.945827,13.918107,Sentence,1,10.095726
12.439676,12.310755,Sentence,1,9.616547
14.521846,15.108286,Sentence,3,10.428029
11.847959,13.238011,Sentence,0,8.838687
14.799375,14.151168,Sentence,3,11.028116
12.474214,16.842726,Sentence,2,10.084409
12.203575,16.168957,Sentence,0,9.287765
14.025174,12.610562,Sentence,1,7.9228954
12.753959,14.899226,Sentence,3,10.912335
15.675505,13.324275,Sentence,3,10.113982
12.798573,12.758788,Sentence,1,8.565653
12.895454,16.18504,Sentence,2,9.235182
15.169545,14.306849,Sentence,2,9.67002
13.960307,15.730418,Sentence,2,9.735954
12.229435,15.504108,Sentence,0,8.989864
13.231807,16.562273,Sentence,0,8.832649
11.938763,12.115165,Phrase,2,9.010457
12.625789,14.037902,Phrase,0,10.445335
14.551244,12.869022,Phrase,1,9.765469
13.88924,14.332835,Phrase,2,8.746472
13.469447,13.951849,Phrase,0,9.49086
13.361805,14.585359,Phrase,0,9.864133
12.645341,13.419809,Phrase,2,9.800332
14.272106,14.306158,Phrase,1,9.811965
14.048951,13.939843,Phrase,0,9.810484
14.233889,14.137647,Phrase,0,11.647678
12.414616,14.639394,Phrase,0,10.442085
13.395217,13.037194,Phrase,2,9.497885
12.064644,16.661196,Phrase,3,10.985367
12.071301,13.234809,Phrase,2,10.707475
14.579184,12.770031,Phrase,0,8.66986
12.899264,14.835385,Phrase,0,11.005577
13.325563,13.916824,Phrase,0,10.973736
11.855035,13.349612,Phrase,2,8.956306
14.422156,13.211642,Phrase,1,10.347218
14.328615,14.068004,Phrase,0,10.5247555
11.4294815,12.131417,Phrase,2,8.91185
13.262008,14.278574,Phrase,0,10.868468
13.394173,14.303483,Phrase,0,10.57866
12.065975,16.252129,Phrase,3,11.382366
14.324605,13.925486,Phrase,1,10.693877
14.036626,13.579869,Phrase,0,10.52597
12.303928,17.25705,Phrase,3,11.201763
11.42748,16.727392,Phrase,3,11.032729
12.038536,13.653903,Phrase,0,9.018
12.373012,14.879757,Phrase,2,10.567289
11.747761,16.272669,Phrase,3,11.033009
12.539787,13.814443,Phrase,2,8.658779
14.170468,13.937171,Phrase,0,10.667383
12.578757,17.00179,Phrase,3,11.2577305
11.821783,16.85758,Phrase,3,11.401208
13.104897,13.335312,Phrase,0,10.929882
12.999756,14.855023,Phrase,1,12.698087
11.573177,14.638453,Phrase,2,11.372273
13.154565,13.870554,Phrase,0,10.653657
14.774213,13.557704,Phrase,1,10.428875
13.531889,14.255761,Phrase,0,11.455167
12.141055,16.993303,Phrase,3,11.459104
12.342602,17.00688,Phrase,3,11.44764
14.144676,12.651309,Phrase,1,9.848775
11.835907,16.303488,Phrase,3,10.942625
12.514953,17.034046,Phrase,3,11.347089
12.545237,14.622321,Phrase,0,10.646368
13.899549,13.131954,Phrase,1,9.186994
14.3532715,13.940769,Phrase,1,9.507748
12.481369,16.276396,Phrase,3,11.545619
12.478022,13.62832,Phrase,3,10.776901
14.189723,13.000838,Phrase,1,9.724705
12.990617,14.552804,Phrase,0,10.493928
12.145144,16.619013,Phrase,3,12.238764
11.968681,17.34244,Phrase,3,11.489739
12.080833,16.35474,Phrase,3,10.698155
13.94578,14.617325,Phrase,2,9.768504
13.752856,13.738214,Phrase,2,9.20648
13.086058,14.164506,Phrase,2,9.612205
11.431606,15.520623,Phrase,2,10.665611
11.944672,14.80007,Phrase,0,10.728306
14.348313,13.05516,Phrase,1,10.6024885
14.311392,15.560549,Phrase,0,11.464798
13.215824,13.330312,Phrase,1,9.733483
12.240599,12.92638,Phrase,2,11.044013
11.571698,12.173851,Phrase,2,9.164529
13.45136,14.431526,Phrase,0,11.077782
13.605308,14.220802,Phrase,0,11.244475
12.115542,14.101931,Phrase,2,9.862546
13.509106,14.521025,Phrase,0,10.846385
12.809936,13.665455,Phrase,2,9.608904
14.62782,15.540133,Phrase,2,9.032766
14.181893,13.231193,Phrase,0,11.507508
11.641496,14.454877,Phrase,2,10.53936
11.903541,14.177829,Phrase,2,11.028418
12.537609,14.615396,Phrase,0,10.3291645
12.496145,16.043978,Phrase,3,11.641634
11.9301405,12.8679905,Phrase,2,10.584275
13.533438,14.819622,Phrase,0,10.937622
12.132282,17.214762,Phrase,3,11.144829
13.615918,13.6488,Phrase,2,8.867973
12.507677,15.8656845,Phrase,0,10.546765
12.78401,13.126241,Phrase,2,10.958506
12.869627,14.680107,Phrase,0,10.669117
14.0328865,14.21831,Phrase,0,10.887774
12.204713,12.461003,Phrase,1,9.906947
13.015841,13.443381,Phrase,2,10.225186
12.055457,12.95292,Phrase,2,10.799388
14.24133,14.503091,Phrase,0,11.033103
14.082744,13.834452,Phrase,0,11.387491
12.052144,16.214085,Phrase,3,10.913986
11.769445,14.055558,Phrase,3,10.561007
13.463962,16.206732,Phrase,0,11.326695
13.612574,13.778497,Phrase,2,9.352051
11.950368,13.3009615,Phrase,2,9.033473
15.229884,13.399475,Phrase,1,9.660878
12.579836,14.129915,Phrase,2,8.671357
14.37217,14.880857,Phrase,2,11.226143
14.543103,14.351129,Phrase,0,10.301859
12.67424,14.684735,Phrase,2,8.254625
13.972539,14.169219,Phrase,0,10.658714
11.581551,13.8863,Phrase,2,9.483429
11.905573,13.5128145,Phrase,2,9.104106
11.876416,16.300177,Phrase,3,11.415894
12.019195,13.995116,Phrase,2,9.01815
13.155125,12.189894,Phrase,0,11.156763
12.830628,17.289978,Phrase,3,10.833946
15.386625,13.016198,Phrase,1,10.292102
14.195914,13.305234,Phrase,2,9.726378
12.26619,13.135279,Phrase,2,10.455579
-2.5633228,6.550082,Phrase,1,9.21885
12.640251,14.903835,Phrase,0,10.646162
12.854333,14.891446,Phrase,1,11.615731
12.077671,12.744267,Phrase,2,11.081826
14.44695,13.487826,Phrase,1,11.434341
12.702048,12.846066,Phrase,2,9.833345
12.360398,12.92072,Phrase,2,11.157594
14.237812,14.818392,Phrase,2,9.8092375
14.511576,14.662541,Phrase,0,11.1813
11.990562,16.902073,Phrase,3,11.230343
11.90119,14.172019,Phrase,1,10.756144
13.653158,14.002049,Phrase,2,9.719966
12.050804,14.115537,Phrase,2,10.967018
12.585226,12.957605,Phrase,2,8.629578
12.366445,11.682795,Phrase,2,9.628297
13.782162,14.9540205,Phrase,0,10.668339
13.561403,14.712132,Phrase,0,11.241468
11.4623,16.667955,Phrase,3,11.039604
11.951255,13.418779,Phrase,2,11.099979
13.697782,13.910771,Phrase,0,11.263463
13.592102,14.358631,Phrase,1,11.407249
13.27882,14.574693,Phrase,0,10.433403
15.118576,12.773903,Phrase,0,10.078149
11.939129,16.174517,Phrase,3,11.402875
11.717097,14.239586,Phrase,1,10.523904
12.371912,13.328283,Phrase,2,11.064084
12.089864,14.005633,Phrase,2,11.173663
12.997395,13.84256,Phrase,2,9.0203495
11.965959,17.045088,Phrase,3,11.214496
12.208123,15.633491,Phrase,3,11.096189
12.404937,14.983697,Phrase,2,10.672586
12.720565,13.29892,Phrase,2,10.6089945
15.336151,11.381127,Phrase,0,7.894302
12.365647,13.872175,Phrase,0,10.177852
11.452374,16.613924,Phrase,3,10.929726
14.979641,10.544404,Phrase,1,9.762431
13.8146305,13.403881,Phrase,0,9.834685
11.4656925,15.489771,Phrase,2,10.490811
12.011806,13.458022,Phrase,2,10.605143
15.048772,13.623507,Phrase,2,11.551013
13.911017,14.478809,Phrase,0,10.335838
14.605545,14.799448,Phrase,0,11.407897
13.643649,14.50784,Phrase,0,10.578719
13.886578,13.614127,Phrase,0,10.753631
13.496416,16.205961,Phrase,0,11.354025
13.463228,14.86777,Phrase,0,10.805265
12.678722,14.25434,Phrase,2,10.106704
12.611868,16.901724,Phrase,3,10.842763
11.766164,14.296168,Phrase,2,9.617458
13.689668,13.276677,Phrase,0,10.860032
14.178297,13.44575,Phrase,2,10.185301
14.01069,12.646932,Phrase,2,10.385455
11.452076,16.726181,Phrase,3,10.892227
13.153451,13.46313,Phrase,0,10.834145
12.591546,13.709884,Phrase,0,9.876609
12.888242,17.235437,Phrase,3,11.126453
14.109635,13.218303,Phrase,2,9.711077
11.803227,16.631573,Phrase,3,10.879994
13.325517,13.929396,Phrase,0,9.4112835
13.360373,11.488122,Phrase,0,10.81025
12.572325,13.970076,Phrase,0,9.953773
12.367242,15.104848,Phrase,0,11.00226
11.425117,16.27325,Phrase,3,11.55189
14.437233,11.742062,Phrase,1,9.597559
11.934664,17.19182,Phrase,3,11.438412
13.535816,13.921178,Phrase,1,10.458203
14.438598,14.620349,Phrase,1,12.642514
11.645404,14.398038,Phrase,2,10.54317
13.67296,12.572685,Phrase,2,9.173233
12.932752,12.881348,Phrase,0,10.063497
13.573443,13.638475,Phrase,1,11.679266
13.145656,14.166407,Phrase,2,9.419693
13.198277,14.836242,Phrase,0,10.816961
12.528024,16.219233,Phrase,3,10.942957
13.99869,15.304743,Phrase,0,10.704478
13.875977,13.966727,Phrase,2,9.771597
12.537565,13.044138,Phrase,2,9.51604
14.350189,14.053919,Phrase,2,10.094449
11.805576,12.005771,Phrase,1,9.118189
13.650985,13.963827,Phrase,0,10.205227
12.072437,15.27804,Phrase,2,10.835319
13.132646,14.290169,Phrase,0,9.18213
13.12044,14.614165,Phrase,0,11.368781
12.677922,17.257608,Phrase,3,11.135305
13.88075,13.478731,Phrase,0,8.876356
13.1330595,11.884563,Phrase,1,11.3648
13.845178,14.441729,Phrase,0,10.22522
12.706867,13.328546,Phrase,2,11.071209
13.827092,13.898438,Phrase,0,11.263412
12.115546,17.221819,Phrase,3,11.096903
14.042204,13.574764,Phrase,2,10.368026
12.894591,13.729719,Phrase,0,10.113826
15.561517,12.259677,Phrase,1,10.098921
15.168795,13.481694,Phrase,1,10.468084
13.524661,16.135983,Phrase,0,11.307364
14.726681,11.43721,Phrase,0,6.9911094
13.2984295,14.887959,Phrase,0,10.565243
12.944153,14.03554,Phrase,2,9.558008
13.125755,14.643483,Phrase,1,12.388786
13.678639,13.702779,Phrase,0,10.784665
12.4729595,15.087412,Phrase,0,11.536318
14.185217,14.496335,Phrase,1,10.62166
12.021129,12.137788,Phrase,2,8.77757
12.188753,15.022538,Phrase,0,10.993646
13.344976,12.795867,Phrase,1,10.240513
12.812147,14.881876,Phrase,2,11.543295
11.933774,16.523096,Phrase,3,10.734187
15.366694,11.989996,Phrase,2,11.018368
12.527809,15.319553,Phrase,2,10.369007
15.013792,13.5980625,Phrase,1,10.297023
13.471758,14.448306,Phrase,0,11.0189705
13.976076,12.51543,Phrase,0,8.450362
12.320781,15.620218,Phrase,0,10.898406
13.013456,14.88829,Phrase,1,12.850662
14.220339,14.651783,Phrase,0,10.713011
12.155491,13.22895,Phrase,2,8.868842
12.108983,13.646099,Phrase,3,11.078467
13.92953,13.759311,Phrase,1,9.7113905
11.995875,16.56738,Phrase,3,11.532383
13.22909,14.922264,Phrase,0,11.036114
12.2997265,13.828521,Phrase,2,9.818555
13.674019,13.925106,Phrase,0,10.839953
14.059035,13.965731,Phrase,2,8.9753065
11.139643,12.095714,Phrase,1,8.776845
13.032323,13.537228,Phrase,2,11.179038
11.897081,17.041073,Phrase,3,11.328912
14.474714,14.9472065,Phrase,0,10.187661
12.598325,13.161868,Phrase,2,10.38687
13.692647,13.740216,Phrase,0,10.9665365
12.03065,13.548711,Phrase,2,10.138222
13.051475,12.236305,Phrase,1,11.000659
11.460791,16.69974,Phrase,3,11.751655
14.292029,13.387944,Phrase,1,11.186042
11.788184,16.791534,Phrase,3,11.735394
12.824105,13.842906,Phrase,0,10.338753
13.882191,15.452758,Phrase,0,10.932036
12.063352,17.127623,Phrase,3,11.72771
12.437193,13.350613,Phrase,2,11.098406
11.406948,16.265331,Phrase,3,11.547744
11.83648,15.798146,Phrase,3,11.283686
13.54025,14.959841,Phrase,0,10.579177
14.013876,13.083631,Phrase,0,9.768646
11.895146,16.179295,Phrase,3,11.240208
12.35943,14.422174,Phrase,2,9.332025
11.845174,13.411239,Phrase,2,8.63087
13.186181,14.930049,Phrase,0,10.79714
12.0679655,14.406918,Phrase,0,11.5499115
11.712391,13.410813,Phrase,2,9.611321
11.439756,12.092898,Phrase,1,8.900055
12.279503,15.722692,Phrase,3,10.961461
-2.563281,6.550211,Phrase,2,9.219184
13.611051,16.16738,Phrase,0,11.410631
13.280052,13.738809,Phrase,0,9.971675
11.81232,14.021207,Phrase,0,10.297789
14.349951,12.059022,Phrase,0,7.5263343
11.443119,16.511095,Phrase,3,10.848038
14.102194,11.941517,Phrase,2,8.820559
12.394306,16.34901,Phrase,3,11.420851
12.059589,11.995844,Phrase,1,9.580597
13.35918,14.528326,Phrase,0,11.353069
12.444712,14.617858,Phrase,2,10.246905
11.444121,16.317028,Phrase,3,10.648591
13.932771,13.6348095,Phrase,1,10.875351
13.370631,15.283576,Phrase,0,11.461888
14.102212,13.575981,Phrase,2,10.210139
11.724968,13.427865,Phrase,2,8.42517
11.746085,12.000942,Phrase,1,9.268894
12.212377,12.90788,Phrase,2,11.026055
13.048648,14.263554,Phrase,0,11.197828
12.717837,15.398962,Phrase,3,12.410426
12.728306,14.033748,Phrase,2,8.995357
12.792622,14.148524,Phrase,2,8.700062
14.936922,13.701654,Phrase,1,11.470001
12.506187,15.6425,Phrase,3,11.126314
12.973567,14.474243,Phrase,2,8.5332775
12.197771,12.936349,Phrase,2,10.79993
13.820683,13.32803,Phrase,2,9.269225
11.561889,15.22358,Phrase,3,10.784395
12.238452,11.819642,Phrase,1,9.526835
14.726227,14.418952,Phrase,1,10.02696
12.290073,11.87668,Phrase,2,9.527733
12.334744,15.546872,Phrase,0,10.2888565
12.284967,14.475658,Phrase,0,10.264156
13.285436,12.817241,Phrase,2,9.603699
13.756515,14.183163,Phrase,0,10.677842
11.948573,17.212627,Phrase,3,11.358164
11.952903,14.921694,Phrase,2,11.188206
12.65825,13.782865,Phrase,2,8.428648
13.393691,15.130516,Phrase,0,10.504072
12.696465,13.625384,Phrase,2,9.871793
13.250634,14.899328,Phrase,2,9.403746
12.234227,12.812582,Phrase,2,11.103144
11.475731,15.615922,Phrase,2,10.672236
12.423817,17.274117,Phrase,3,11.135357
13.583303,14.30077,Phrase,0,10.65588
14.584042,14.855056,Phrase,0,11.406803
12.235393,16.823484,Phrase,3,10.661402
13.191142,14.052272,Phrase,0,9.083353
14.307963,13.214372,Phrase,1,11.696995
14.063097,14.18302,Phrase,0,10.063916
15.556678,12.240348,Phrase,1,10.109935
14.178495,12.733247,Phrase,1,10.007654
11.983299,14.41462,Phrase,2,9.903319
14.287473,14.387088,Phrase,0,11.056623
11.840001,14.300034,Phrase,2,11.100886
11.724667,12.008074,Phrase,2,9.210064
13.495043,16.792837,Phrase,2,11.100922
15.62081,13.595268,Phrase,1,10.159173
13.929422,12.879984,Phrase,2,8.263015
11.520749,16.032795,Phrase,3,10.901335
12.181372,15.979849,Phrase,0,10.8933525
13.408267,13.7401085,Phrase,0,10.331833
15.168777,12.193396,Phrase,1,11.094397
14.367013,13.922098,Phrase,2,10.213328
13.634351,14.291458,Phrase,0,11.01247
11.678147,15.445489,Phrase,3,10.891493
15.553978,12.251777,Phrase,1,10.10251
13.114623,13.900294,Phrase,2,8.694992
14.727408,14.0536785,Phrase,0,11.340693
12.778018,14.90796,Phrase,0,11.156235
15.4247265,11.933404,Phrase,0,11.055663
12.151353,15.322869,Phrase,0,10.48017
13.526353,12.431927,Phrase,1,9.195099
13.139946,12.40791,Phrase,0,10.833162
11.579878,16.991169,Phrase,3,10.6765585
15.439264,13.521605,Phrase,1,9.868578
10.838554,11.98764,Phrase,1,8.84259
14.033579,13.705964,Phrase,0,10.274643
12.938147,13.455721,Phrase,0,10.668911
11.474799,16.115868,Phrase,3,11.593187
8.010329,9.478114,Phrase,1,7.829071
12.145682,15.11681,Phrase,0,10.632444
15.546183,12.290932,Phrase,1,10.089338
13.749162,13.3676815,Phrase,2,11.130307
13.9803705,13.905199,Phrase,0,9.685975
12.597345,15.338035,Phrase,2,8.655621
12.299105,13.565519,Phrase,2,9.780284
12.045536,14.223961,Phrase,2,10.90988
14.248983,13.7812195,Phrase,0,10.747334
14.058984,14.359181,Phrase,0,11.008421
12.038161,17.111532,Phrase,3,11.487052
13.416182,15.259642,Phrase,0,11.615178
13.892366,12.447487,Phrase,2,9.4626465
12.314861,13.896987,Phrase,2,9.932442
12.277009,15.1096945,Phrase,3,10.87902
14.22029,14.276274,Phrase,0,9.727937
14.255807,13.103966,Phrase,1,11.044531
14.273182,14.918478,Phrase,0,10.597403
13.629059,14.245968,Phrase,0,11.171356
14.305642,13.48298,Phrase,2,9.9705305
11.857053,16.29919,Phrase,3,11.252868
13.546021,14.308353,Phrase,0,10.945452
15.324809,13.048331,Phrase,1,10.095067
11.886458,14.830649,Phrase,2,7.921282
11.99672,13.464761,Phrase,2,9.399436
11.455022,15.025661,Phrase,0,10.604412
13.061152,15.293217,Phrase,0,9.274107
14.97554,14.228397,Phrase,0,10.214301
14.153167,13.652551,Phrase,2,9.415593
12.435843,15.284352,Phrase,1,11.264939
14.308864,13.103365,Phrase,1,11.719281
9.643575,8.126015,Phrase,1,15.047138
11.499033,15.486236,Phrase,3,10.797756
13.089219,12.218215,Phrase,2,11.237365
11.412309,16.732796,Phrase,3,10.937579
14.4430685,14.527367,Phrase,0,9.490039
14.32234,14.494394,Phrase,2,9.778961
12.323895,12.978941,Phrase,2,11.191085
12.247198,13.001318,Phrase,0,8.700284
12.917357,14.003269,Phrase,0,9.2031765
12.384041,13.02384,Phrase,2,10.291413
14.351355,15.457739,Phrase,1,11.065368
11.809863,12.085544,Phrase,1,9.34305
14.050258,13.070605,Phrase,2,9.435815
11.489977,16.864805,Phrase,3,10.601821
13.795519,14.640495,Phrase,0,10.830378
13.665689,13.946861,Phrase,1,10.604601
12.899848,14.886766,Phrase,0,10.660399
14.445115,14.407173,Phrase,1,10.057772
14.485566,14.209771,Phrase,1,9.2762
14.271993,13.246868,Phrase,2,10.595492
12.111259,14.416608,Phrase,2,10.728136
13.037525,15.449673,Phrase,0,11.078448
11.932046,14.083673,Phrase,2,10.286293
15.425018,12.009727,Phrase,1,11.086741
12.46077,14.501302,Phrase,0,10.813712
12.33362,13.657681,Phrase,2,9.8240795
12.081127,12.779683,Phrase,2,11.129501
13.272704,12.807096,Phrase,1,9.535751
12.30941,14.477037,Phrase,2,10.252895
12.455017,15.274921,Phrase,0,10.886779
14.03193,14.716329,Phrase,0,11.017368
12.941508,14.911576,Phrase,0,9.654465
12.835205,9.742242,Phrase,1,13.624289
12.366542,11.837348,Phrase,1,9.536401
11.990736,15.05826,Phrase,0,10.228322
14.975903,10.55242,Phrase,2,9.770824
14.489412,14.463725,Phrase,0,11.237328
15.35926,13.278428,Phrase,1,10.192965
11.513624,16.339972,Phrase,3,11.431906
12.58672,15.485722,Phrase,0,10.835392
14.24192,12.470554,Phrase,1,9.916258
14.203156,15.037209,Phrase,0,9.556973
14.603609,14.601506,Phrase,0,11.120023
14.788176,11.36312,Phrase,0,6.9151354
12.612723,13.506633,Phrase,0,11.263933
12.195606,12.898151,Phrase,2,11.027279
12.199458,12.674278,Phrase,2,10.970384
14.612861,13.4156275,Phrase,1,10.525193
11.3211975,15.354403,Phrase,2,10.5180435
13.0913315,13.221221,Phrase,2,8.878052
12.551714,16.793095,Phrase,3,10.937976
13.340776,15.100051,Phrase,0,11.160048
11.737296,16.31799,Phrase,3,11.353132
13.343444,14.840828,Phrase,0,11.185974
14.363214,12.677995,Phrase,2,10.009375
12.217364,12.758623,Phrase,1,11.098098
14.54267,14.434565,Phrase,0,10.557538
12.691746,15.747635,Phrase,0,11.539351
13.952317,13.655234,Phrase,2,11.559425
12.726646,15.387067,Phrase,3,12.426863
12.986316,13.449656,Phrase,0,11.005357
13.23131,12.707018,Phrase,1,10.714065
12.196817,16.89287,Phrase,3,11.6183605
12.352262,16.869057,Phrase,3,11.158695
12.475402,15.077934,Phrase,0,10.78245
13.561754,13.875059,Phrase,1,10.790848
11.834761,15.74141,Phrase,3,11.006481
13.208812,12.2836485,Phrase,2,9.093786
11.99854,17.037783,Phrase,3,11.310039
12.108127,13.138747,Phrase,2,8.99978
13.201895,14.825864,Phrase,0,11.111716
13.856886,13.309129,Phrase,0,10.890367
13.538747,14.516899,Phrase,0,9.730128
14.168444,15.078078,Phrase,0,10.862925
13.389845,13.345603,Phrase,2,9.317331
14.259623,14.24061,Phrase,0,10.480204
15.556337,12.252826,Phrase,1,10.10198
15.362805,13.027908,Phrase,1,10.082453
14.723583,13.915949,Phrase,1,9.581209
14.072078,14.363442,Phrase,0,10.389516
14.03164,12.584465,Phrase,2,9.584863
12.552834,12.941696,Phrase,2,9.5280075
14.329215,13.082057,Phrase,1,11.80813
12.764506,13.569106,Phrase,2,9.706861
11.904995,14.808853,Phrase,2,7.9021773
12.2502165,14.997301,Phrase,2,10.664739
14.842254,14.088239,Phrase,1,10.117346
13.590202,14.974336,Phrase,1,11.215293
13.168964,14.275776,Phrase,2,8.261328
14.283206,15.529234,Phrase,2,11.392457
14.000056,13.50992,Phrase,2,10.416579
13.898926,13.225417,Phrase,2,12.647807
14.123629,12.972856,Phrase,2,9.690322
13.686553,14.244885,Phrase,0,10.383591
12.163983,14.238111,Phrase,2,10.3912525
11.463643,16.691717,Phrase,3,10.892047
12.809605,15.326424,Phrase,0,12.293195
12.606505,13.247412,Phrase,2,10.6844845
12.5352335,15.051084,Phrase,1,11.008219
11.963271,14.948786,Phrase,2,10.212449
15.132097,13.65658,Phrase,1,10.286279
13.549549,12.599295,Phrase,1,11.659659
14.02916,12.635328,Phrase,2,9.639854
14.974852,14.042783,Phrase,1,9.681132
11.215762,16.160099,Phrase,3,10.982903
12.035784,15.813506,Phrase,3,11.188944
11.9586315,14.543917,Phrase,2,9.693685
12.652697,14.350857,Phrase,0,10.556274
12.637725,14.240202,Phrase,2,8.663777
14.460373,13.620687,Phrase,1,10.26878
13.482244,14.252115,Phrase,0,11.009126
13.435921,14.324296,Phrase,0,11.354655
13.130716,14.195157,Phrase,0,11.391746
11.442453,15.597868,Phrase,3,11.011364
10.8932085,12.379342,Phrase,1,9.259393
13.369956,14.507873,Phrase,2,10.045118
12.007926,16.2457,Phrase,3,11.321898
13.549342,13.158211,Phrase,1,9.245831
14.227257,14.006757,Phrase,0,11.169796
13.918197,14.496163,Phrase,0,11.499397
12.281341,12.867778,Phrase,2,11.115312
15.786266,13.478694,Phrase,1,10.010437
13.642972,14.491934,Phrase,0,10.913138
14.138237,14.690222,Phrase,0,10.868319
14.547036,13.624494,Phrase,0,9.628609
11.503118,15.235526,Phrase,2,10.28089
13.671738,15.9545355,Phrase,2,9.1966505
12.266411,14.19623,Phrase,0,10.233636
14.360107,14.349563,Phrase,0,10.400103
11.60934,16.61214,Phrase,3,11.402144
13.915433,12.612933,Phrase,0,8.323568
14.027958,12.465995,Phrase,0,7.7797184
12.409242,12.714281,Phrase,2,10.754444
12.523343,13.32077,Phrase,3,10.655527
11.264366,15.537632,Phrase,1,10.676246
14.193032,15.479146,Phrase,0,10.187599
13.917359,14.2145,Phrase,0,11.32399
12.37079,13.2517605,Phrase,2,10.711764
14.162825,14.649103,Phrase,2,10.052205
12.560539,13.298838,Phrase,2,10.590698
13.308752,14.415004,Phrase,0,11.282216
12.234056,13.197252,Phrase,2,8.814258
13.800789,13.779162,Phrase,0,10.596133
12.309513,13.837972,Phrase,0,10.111187
13.672352,15.763338,Phrase,3,11.11252
12.815984,13.804862,Phrase,0,10.099975
11.491595,16.589207,Phrase,3,10.997294
12.272534,16.361086,Phrase,2,12.530836
12.901732,13.671442,Phrase,2,9.973137
12.363653,15.283589,Phrase,0,11.164664
15.180151,13.337992,Phrase,1,10.169245
13.238298,13.653685,Phrase,2,10.733649
13.827169,14.227203,Phrase,2,10.4275675
8.040763,9.500599,Phrase,1,7.8475866
14.77076,13.699904,Phrase,1,9.231827
11.595713,16.102152,Phrase,3,11.492531
11.322245,12.790199,Phrase,1,9.738177
11.223196,14.88529,Phrase,2,10.462676
11.806871,15.320251,Phrase,2,10.409248
12.283336,12.939064,Phrase,2,11.077271
15.412843,11.4063,Phrase,2,7.934996
12.072897,14.692711,Phrase,0,10.308765
14.364822,14.396039,Phrase,1,11.963844
11.722942,16.191969,Phrase,3,10.680131
13.385031,14.472029,Phrase,0,11.5035305
14.733978,13.925266,Phrase,0,10.240737
13.4677,10.770584,Phrase,2,7.3900743
12.897643,12.661952,Phrase,1,10.757714
11.895126,14.676453,Phrase,3,11.333807
11.917462,15.308087,Phrase,3,10.823814
13.117097,13.58014,Phrase,1,9.980061
13.873002,14.520013,Phrase,1,11.1339855
13.646755,15.461082,Phrase,0,10.836701
13.73493,14.252982,Phrase,0,9.691508
13.435625,12.937884,Phrase,0,10.310555
12.700444,12.826224,Phrase,2,8.640348
14.241042,13.140349,Phrase,1,10.376739
13.915286,14.302178,Phrase,0,10.537864
12.797977,14.853321,Phrase,0,11.171659
12.039733,16.611536,Phrase,3,11.5133095
-2.5632646,6.550126,Phrase,1,9.218892
13.885436,14.294303,Phrase,2,9.786039
11.611202,14.812211,Phrase,2,10.825766
13.775207,14.447765,Phrase,1,11.022486
12.059184,16.520592,Phrase,3,11.360229
12.165002,17.156187,Phrase,3,11.339118
-2.5632956,6.550114,Phrase,1,9.218909
-2.5632102,6.5502515,Phrase,1,9.219181
12.375771,16.249662,Phrase,3,11.934181
12.964836,14.911446,Phrase,1,12.889379
13.280088,13.371621,Phrase,2,9.415763
11.67335,13.626516,Phrase,2,9.021045
11.575572,12.073595,Phrase,1,9.290456
13.22443,14.011483,Phrase,0,9.925536
13.046406,13.398019,Phrase,2,8.951284
12.980191,14.918761,Phrase,1,12.914825
14.447227,14.302274,Phrase,2,9.30592
13.503161,16.203655,Phrase,2,11.238175
13.34475,14.503085,Phrase,0,10.056065
14.194403,14.803462,Phrase,0,11.42965
12.56548,15.833299,Phrase,2,11.907546
15.149248,13.052205,Phrase,1,10.203965
13.896225,14.417642,Phrase,0,10.97055
12.356101,12.893671,Phrase,2,11.084502
11.95453,14.183569,Phrase,2,10.040724
11.730971,13.284248,Phrase,2,8.860542
13.690216,13.688707,Phrase,2,10.704447
13.510467,13.539705,Phrase,1,9.3825
11.851226,11.983945,Phrase,1,9.347721
13.819519,13.26418,Phrase,1,9.903885
14.060956,14.376213,Phrase,2,9.716152
12.635953,14.223665,Phrase,2,8.82354
13.62726,14.54384,Phrase,0,11.079653
12.06267,12.970905,Phrase,2,10.713178
12.974288,14.268537,Phrase,0,9.571646
14.329548,13.526884,Phrase,1,10.584328
13.480753,14.300372,Phrase,2,8.3111515
11.942302,14.287301,Phrase,2,10.338352
10.829215,11.9835615,Phrase,1,8.841616
12.61939,13.4566,Phrase,2,9.745182
13.403978,13.323363,Phrase,0,10.125986
12.338313,14.704158,Phrase,2,9.956371
13.543141,16.187855,Phrase,0,11.322173
13.318016,13.826394,Phrase,0,10.226368
11.962568,13.265242,Phrase,2,8.630051
14.234186,13.809121,Phrase,0,10.268486
12.383289,12.7884,Phrase,2,11.210858
8.010212,9.478002,Phrase,1,7.829015
12.947755,13.587025,Phrase,0,10.383872
12.637154,14.144564,Phrase,2,9.08202
13.584967,13.908853,Phrase,0,9.258107
13.647078,13.845339,Phrase,2,10.656566
11.376561,14.56366,Phrase,2,10.0870075
14.31462,13.47493,Phrase,2,9.939351
13.415631,15.182521,Phrase,0,11.592167
14.749657,11.413068,Phrase,0,6.9683867
14.546404,13.926209,Phrase,1,9.997315
12.423097,13.92837,Phrase,2,9.876646
11.907374,16.36925,Phrase,3,11.440362
13.480743,15.357716,Phrase,0,9.206106
12.745043,16.234419,Phrase,0,8.820921
11.494618,16.81245,Phrase,3,11.67991
13.2357,13.769354,Phrase,2,9.686299
12.295049,13.96746,Phrase,2,10.798588
14.568176,14.635167,Phrase,1,11.275284
8.0100155,9.477832,Phrase,1,7.82896
13.764788,13.59828,Phrase,2,9.250572
14.617819,14.06638,Phrase,2,11.185586
12.011195,17.083073,Phrase,3,11.492285
13.685936,13.906741,Phrase,2,11.263232
12.048712,12.714982,Phrase,2,8.510665
13.049295,14.538145,Phrase,2,10.049242
12.986147,13.488493,Phrase,1,10.273089
14.111084,14.923087,Phrase,0,8.53998
12.16815,12.915322,Phrase,2,10.949329
13.205104,12.243189,Phrase,1,11.086695
11.740243,14.987042,Phrase,2,10.360388
13.078034,15.799972,Phrase,0,10.245595
14.927425,11.885307,Phrase,0,8.155603
13.967514,12.571305,Phrase,0,8.512369
12.752038,13.98619,Phrase,2,9.552333
11.7476225,16.616709,Phrase,3,11.205751
14.596807,15.535604,Phrase,1,10.857835
11.643319,15.563257,Phrase,0,10.339025
13.883875,13.477484,Phrase,2,9.631222
12.06745,12.066222,Phrase,2,9.0416975
12.0567875,13.729227,Phrase,2,11.092838
14.048142,14.09793,Phrase,2,9.722391
11.525246,16.355724,Phrase,3,11.5013075
12.772762,13.151114,Phrase,2,10.583085
12.195653,15.039831,Phrase,0,10.947281
13.04094,14.968123,Phrase,0,10.702133
15.006595,14.17906,Phrase,2,10.1969795
13.937581,16.494877,Phrase,1,10.642878
13.347922,15.18798,Phrase,0,11.268921
12.509702,13.940207,Phrase,0,9.727937
13.165697,12.198221,Phrase,2,11.20184
12.936026,14.4419,Phrase,0,10.440537
11.878231,13.261131,Phrase,2,8.981262
13.697134,13.86224,Phrase,0,10.740561
12.729745,12.82937,Phrase,0,8.503404
14.468023,13.61671,Phrase,1,9.602676
13.541396,13.437973,Phrase,0,10.374858
11.712349,14.688141,Phrase,1,10.822151
13.234222,13.560643,Phrase,0,11.217985
12.826762,13.987144,Phrase,0,8.974744
11.795841,16.389582,Phrase,3,11.1897
12.10376,16.880312,Phrase,3,11.522821
14.032722,14.392672,Phrase,0,11.289882
14.162344,15.621932,Phrase,0,11.224827
14.042224,12.704609,Phrase,1,8.213164
13.054706,14.796359,Phrase,1,12.888056
11.935744,13.876819,Phrase,0,9.949795
13.144108,13.310984,Phrase,2,10.022259
11.42546,12.142306,Phrase,1,8.943144
14.927012,13.84963,Phrase,0,9.96984
14.505277,15.500045,Phrase,2,10.938122
14.178907,13.903309,Phrase,1,11.9840555
13.131826,13.330755,Phrase,1,10.73063
13.319442,15.591514,Phrase,0,10.72172
12.38367,14.357422,Phrase,0,10.627028
13.909171,15.433072,Phrase,0,11.193261
12.660295,13.990856,Phrase,0,10.151126
13.81097,15.325297,Phrase,0,10.917311
12.735996,13.63178,Phrase,2,9.339445
11.942874,13.872428,Phrase,0,10.242019
14.408934,14.030025,Phrase,1,11.375124
11.886336,17.123062,Phrase,3,11.790396
13.935943,12.994995,Phrase,2,9.936782
14.361469,15.34004,Phrase,0,11.429941
13.089995,14.6845255,Phrase,1,12.521489
12.161082,11.828654,Phrase,2,9.489995
14.410555,12.387186,Phrase,0,8.952359
13.457708,14.001195,Phrase,1,10.709469
14.048086,15.01422,Phrase,0,11.465066
12.768744,12.621568,Phrase,1,9.991763
14.250144,15.535784,Phrase,0,11.421624
13.951305,12.838362,Phrase,0,7.4496922
14.255782,15.14905,Phrase,2,9.621635
12.963758,14.707197,Phrase,0,10.632196
11.531147,13.003459,Phrase,2,9.131153
12.445374,13.492056,Phrase,0,9.695501
14.783803,13.569031,Phrase,2,9.319005
11.766481,16.961367,Phrase,3,11.264388
13.789145,14.303431,Phrase,0,10.099113
12.460498,14.515773,Phrase,0,10.976809
13.64038,14.1023,Phrase,0,11.136245
11.959948,13.881987,Phrase,2,10.107399
11.7183275,14.240434,Phrase,1,10.604998
13.833104,12.500577,Phrase,0,7.664686
11.398431,15.56948,Phrase,0,10.666844
11.811814,13.223399,Phrase,2,8.733048
13.243552,15.017172,Phrase,0,11.223346
13.948481,15.078584,Phrase,0,10.784973
14.297968,15.53285,Phrase,0,11.484393
13.91428,13.230758,Phrase,1,12.651917
12.203264,15.775969,Phrase,3,10.880895
12.046372,12.489813,Phrase,2,8.557473
14.437657,14.7985,Phrase,0,10.342085
13.804453,13.369927,Phrase,1,9.930372
14.314756,13.962189,Phrase,0,11.167967
13.978905,12.649673,Phrase,1,11.08715
12.294595,14.831972,Phrase,0,10.648625
14.517745,14.844999,Phrase,0,11.347257
11.39547,15.451643,Phrase,0,10.606338
12.231533,12.834431,Phrase,2,10.755867
13.565513,12.860772,Phrase,2,9.837606
14.150361,13.950208,Phrase,0,10.186483
11.860803,13.938376,Phrase,2,10.098482
13.179997,13.489036,Phrase,2,9.260247
12.184171,17.286211,Phrase,3,11.432159
14.152684,13.849841,Phrase,2,10.513118
12.283832,11.925096,Phrase,2,9.459496
13.076798,14.771717,Phrase,2,9.775692
13.05286,14.846555,Phrase,2,9.8302965
12.153826,16.794127,Phrase,3,11.33614
14.84771,14.151775,Phrase,1,9.424984
11.648077,16.924675,Phrase,3,10.857928
14.4101925,13.963807,Phrase,2,8.74763
14.332508,13.9337435,Phrase,0,11.150745
12.400143,14.898378,Phrase,0,10.453586
11.845208,16.18078,Phrase,3,11.108611
12.681175,17.366316,Phrase,3,11.289489
14.440792,14.678386,Phrase,0,11.441684
15.171473,13.090447,Phrase,1,10.015243
12.642055,15.159836,Phrase,1,10.100657
13.984135,14.577752,Phrase,0,10.847416
12.64166,17.178802,Phrase,3,11.221533
13.580355,14.193061,Phrase,0,10.021363
-2.5630593,6.550283,Phrase,1,9.219003
12.163785,12.826839,Phrase,2,11.040729
14.794689,13.686679,Phrase,1,11.1998825
11.665025,15.203653,Phrase,2,10.28755
14.165204,12.078286,Phrase,1,10.806553
12.074038,14.942786,Phrase,3,11.118618
13.49185,16.171333,Phrase,0,11.378438
12.238845,17.284342,Phrase,3,11.458627
13.255218,13.808542,Phrase,2,9.291109
12.41476,13.643013,Phrase,2,10.413199
14.1448555,14.630216,Phrase,0,10.790688
13.103232,15.089139,Phrase,2,11.144665
12.135546,13.775237,Phrase,2,9.676646
11.275131,12.286402,Phrase,1,9.347883
11.980227,16.98804,Phrase,3,11.1435175
14.850442,13.015887,Phrase,1,9.88495
12.024929,16.868557,Phrase,3,11.218453
13.396585,15.251938,Phrase,0,11.455084
12.816427,15.071013,Phrase,0,11.051445
14.000566,14.7547,Phrase,2,9.593314
13.913162,13.58836,Phrase,2,11.211568
13.686586,11.678872,Phrase,2,9.023674
13.934914,14.489345,Phrase,0,11.046385
14.050601,13.553051,Phrase,1,11.550239
14.218021,13.863074,Phrase,2,9.641992
14.698932,11.498971,Phrase,0,7.0956583
13.509374,13.606572,Phrase,1,10.192002
15.474562,12.700099,Phrase,1,10.168507
12.083841,14.497855,Phrase,0,11.526505
12.8984995,13.967315,Phrase,0,9.556451
12.656986,13.334412,Phrase,1,10.651948
13.889455,14.631763,Phrase,0,10.92683
14.531159,13.708842,Phrase,1,11.382256
12.880333,16.943428,Phrase,3,11.068412
13.005683,15.303407,Phrase,2,11.355846
14.009177,13.7864065,Phrase,0,9.420668
13.143844,13.532414,Phrase,2,9.707746
12.370655,13.914734,Phrase,0,9.755038
13.657452,12.410815,Phrase,1,8.838741
14.254068,12.295179,Phrase,2,9.773038
13.949648,14.455689,Phrase,0,10.70321
11.781101,12.115785,Phrase,1,9.28903
11.372134,12.1393795,Phrase,2,8.898695
12.783594,15.263052,Phrase,0,12.380237
12.758914,13.215762,Phrase,2,10.542674
11.57066,17.151941,Phrase,3,11.308324
13.913233,12.816688,Phrase,1,10.472263
12.438389,14.789097,Phrase,2,10.185068
14.121524,13.586424,Phrase,1,11.332576
12.735415,14.850853,Phrase,0,10.819784
15.283746,12.9661455,Phrase,1,10.241546
11.935552,13.74887,Phrase,1,9.975752
12.4829035,16.783813,Phrase,3,11.444911
13.723532,14.33486,Phrase,0,10.464543
12.870487,14.7002735,Phrase,0,10.464938
15.275191,11.44483,Phrase,0,7.9190392
14.313524,14.229348,Phrase,0,10.697568
12.446546,13.0253105,Phrase,2,11.100914
12.468384,17.111269,Phrase,3,11.407477
13.909975,13.327695,Phrase,1,9.501545
12.743518,13.1487,Phrase,2,10.974161
12.243188,12.876705,Phrase,2,11.089057
10.855113,11.9881525,Phrase,1,8.855644
14.40956,14.018841,Phrase,1,9.909852
12.75792,14.009055,Phrase,2,8.947634
14.643553,13.343782,Phrase,2,9.859092
12.204981,15.995705,Phrase,3,11.215018
12.547048,15.261887,Phrase,3,10.733742
12.978723,14.029854,Phrase,0,8.958706
14.698719,13.963252,Phrase,2,9.999078
12.736893,13.39182,Phrase,2,10.188776
13.410082,13.210888,Phrase,2,9.062357
12.218648,13.852995,Phrase,2,9.742326
11.623433,16.353264,Phrase,3,11.426222
11.436817,16.822887,Phrase,3,10.807987
14.0425825,13.678396,Phrase,0,10.886646
13.601473,12.54481,Phrase,2,7.80908
13.399279,12.895919,Phrase,2,10.36626
11.930106,14.194508,Phrase,0,10.865942
13.586682,15.329487,Phrase,3,11.226107
11.818781,16.262333,Phrase,3,11.465067
13.17764,14.32756,Phrase,0,11.016592
13.212965,14.230088,Phrase,0,10.65576
11.811753,16.989048,Phrase,3,11.203032
13.650026,14.665265,Phrase,0,9.920848
14.844912,14.240906,Phrase,0,11.143874
14.234617,12.114493,Phrase,1,10.771069
12.694703,14.64908,Phrase,0,10.849477
12.111649,15.088029,Phrase,0,11.145854
12.303619,13.216305,Phrase,2,8.919678
13.957415,15.061371,Phrase,0,10.577467
11.645888,16.65094,Phrase,3,10.937801
13.20899,13.454301,Phrase,2,9.319454
13.778771,14.902107,Phrase,0,10.660939
14.476872,15.020095,Phrase,2,10.883203
13.756508,12.185246,Phrase,0,8.493949
13.401172,14.186642,Phrase,0,9.500898
12.621798,13.077795,Phrase,2,8.982793
12.491234,17.261015,Phrase,3,11.0914345
15.153661,13.031893,Phrase,1,10.124559
14.234933,13.937829,Phrase,0,11.112164
12.770808,13.552302,Phrase,2,9.094539
14.36769,13.110238,Phrase,1,10.610093
12.215123,12.843257,Phrase,2,10.960303
12.37271,16.98268,Phrase,3,11.01128
12.352782,17.286987,Phrase,3,10.894531
11.843512,13.63364,Phrase,2,8.849418
13.895306,12.568714,Phrase,2,9.449253
14.979796,10.54338,Phrase,1,9.762432
11.954149,16.466566,Phrase,3,11.296485
11.910572,13.3752165,Phrase,2,8.785309
12.93782,14.475821,Phrase,2,9.571581
13.439272,14.384815,Phrase,0,11.162547
11.026712,12.320435,Phrase,2,9.240411
13.351721,13.95324,Phrase,0,10.809809
12.358378,15.237569,Phrase,0,10.826719
14.460398,13.4349,Phrase,1,9.645064
13.055699,14.054064,Phrase,2,10.076519
12.424186,13.891321,Phrase,2,9.229326
13.427062,14.607758,Phrase,0,10.957037
14.653567,13.491102,Phrase,1,10.301347
13.753727,13.7169285,Phrase,0,10.316299
11.62747,16.544146,Phrase,3,11.220383
13.907302,14.285884,Phrase,0,11.368654
11.68463,15.722273,Phrase,0,10.326336
13.559499,13.512196,Phrase,2,9.627844
13.389965,14.434613,Phrase,0,10.948588
12.67433,13.796321,Phrase,2,10.458002
12.180746,12.987367,Phrase,3,11.117833
13.434891,13.522778,Phrase,0,8.2837715
11.449915,16.721422,Phrase,3,10.9060135
13.271843,14.482308,Phrase,0,9.944072
13.717696,13.362838,Phrase,1,10.29183
13.206469,14.803159,Phrase,0,11.101223
11.291492,12.209813,Phrase,1,8.895085
13.529676,12.816762,Phrase,1,10.378603
13.200577,13.900049,Phrase,0,10.415398
14.085324,15.008828,Phrase,0,10.631605
12.945065,13.618079,Phrase,2,9.164026
13.76761,13.230708,Phrase,0,11.21239
13.016405,14.195549,Phrase,2,8.244525
12.446385,13.503651,Phrase,2,11.270873
11.981069,12.880214,Phrase,2,10.609569
11.463099,12.141917,Phrase,1,9.236909
11.299832,12.273261,Phrase,2,9.378266
13.192033,13.999015,Phrase,0,10.480746
12.320209,15.113028,Phrase,0,10.662058
14.164811,14.646622,Phrase,2,11.785112
11.68126,13.350472,Phrase,2,8.762488
13.807915,14.378266,Phrase,0,10.893968
13.325032,14.478934,Phrase,0,11.440558
12.05546,16.366194,Phrase,3,11.6136875
12.181344,14.022062,Phrase,1,10.95683
12.099598,15.077473,Phrase,0,11.172114
13.824269,12.784319,Phrase,2,9.435333
12.019939,16.504364,Phrase,3,11.235505
14.783399,12.208114,Phrase,0,8.584056
12.173679,14.138862,Phrase,2,10.868607
13.613378,14.289931,Phrase,0,10.386004
13.005613,15.013204,Phrase,0,11.128001
13.777317,13.192634,Phrase,0,9.254612
11.355311,16.754086,Phrase,3,11.018197
11.785856,17.018131,Phrase,3,11.062294
12.463569,13.080188,Phrase,2,9.553239
-2.5631196,6.550283,Phrase,1,9.219131
12.126671,14.785036,Phrase,1,10.887692
14.30527,15.610973,Phrase,1,11.525852
12.512605,13.170493,Phrase,2,10.351526
12.548656,14.864121,Phrase,0,11.001246
14.267179,12.791886,Phrase,1,10.313504
12.314893,12.927096,Phrase,2,10.928524
11.35937,12.17217,Phrase,1,8.868341
12.658742,17.140049,Phrase,3,11.292431
11.732229,16.750729,Phrase,3,11.215953
12.842168,13.652527,Phrase,2,9.092451
13.951941,12.839109,Phrase,0,7.4442825
12.077684,12.820492,Phrase,2,10.991001
14.440184,13.132446,Phrase,2,10.095408
12.207739,12.950705,Phrase,2,8.873412
13.355099,14.206542,Phrase,0,11.472442
12.784065,17.214329,Phrase,3,11.047562
11.8958435,13.812408,Phrase,0,9.946293
13.416101,12.765326,Phrase,1,10.374097
13.259458,13.840143,Phrase,0,9.716852
15.308014,13.066687,Phrase,1,10.053554
14.341643,13.205603,Phrase,1,10.374573
12.676473,13.843435,Phrase,1,10.626077
12.476257,15.127229,Phrase,0,10.722108
13.822289,13.953981,Phrase,1,11.049048
14.386132,13.722472,Phrase,0,9.694897
12.341179,16.947128,Phrase,3,11.28204
12.31646,14.390535,Phrase,0,11.463625
13.287665,13.845352,Phrase,0,9.038364
11.88167,17.213684,Phrase,3,11.346968
13.463799,12.436127,Phrase,1,11.2119255
12.615315,15.358725,Phrase,3,11.198908
12.635393,17.215956,Phrase,3,11.292398
12.463553,12.969121,Phrase,2,9.354657
12.305375,14.223803,Phrase,2,10.795861
13.129649,13.970931,Phrase,0,9.978612
13.75913,14.461428,Phrase,0,10.872321
13.8293295,15.01702,Phrase,0,11.111276
14.085476,15.081978,Phrase,0,11.186979
11.947698,16.015095,Phrase,3,11.089281
12.188409,13.75017,Phrase,2,10.38651
14.464463,14.704232,Phrase,0,10.633231
12.153081,16.616203,Phrase,3,11.651339
12.619468,16.791462,Phrase,3,10.605115
12.195513,17.11141,Phrase,3,11.555517
14.669077,12.783452,Phrase,1,9.970174
12.430478,13.665206,Phrase,2,10.090679
15.303192,13.033211,Phrase,1,10.118898
12.269249,16.322876,Phrase,3,11.095638
12.927947,14.182083,Phrase,2,9.265885
11.042761,14.825739,Phrase,2,10.092847
14.445834,13.940906,Phrase,1,10.076482
14.263958,15.285213,Phrase,0,10.224158
13.515827,14.324481,Phrase,0,11.476276
13.403382,16.167437,Phrase,3,11.393456
13.813237,14.409904,Phrase,0,11.666482
15.127412,13.689185,Phrase,1,10.175005
14.479235,12.227796,Phrase,0,8.291013
13.552576,13.678086,Phrase,1,12.13373
13.224197,13.8399105,Phrase,2,8.874668
13.465384,15.269684,Phrase,0,10.881474
14.171041,14.527307,Phrase,0,10.528483
13.453194,13.613645,Phrase,2,9.998885
13.414715,13.925754,Phrase,0,9.74375
12.196273,14.438907,Phrase,0,10.68425
12.133401,15.591539,Phrase,3,11.278588
12.479299,13.757081,Phrase,2,10.36523
11.994738,14.351447,Phrase,2,9.666272
11.659478,13.523885,Phrase,2,8.961518
11.694608,16.654186,Phrase,3,10.90182
14.352852,14.850205,Phrase,1,11.178298
14.437653,14.908127,Phrase,0,10.817278
12.590716,14.343681,Phrase,2,10.070851
14.066515,14.983235,Phrase,0,10.996812
13.6496315,16.178154,Phrase,0,11.313008
12.972495,14.055514,Phrase,2,10.76412
12.08877,16.087318,Phrase,3,11.114518
11.303847,11.835164,Phrase,2,8.9680195
14.256361,15.625455,Phrase,0,11.499407
14.163472,12.084303,Phrase,1,10.799383
12.311824,15.51516,Phrase,0,10.771118
13.065933,13.785225,Phrase,2,8.918576
12.143254,16.119524,Phrase,3,11.074363
11.499977,16.701378,Phrase,3,11.138955
13.371798,14.861316,Phrase,0,11.293059
15.362867,12.932399,Phrase,1,10.358807
15.342465,11.288653,Phrase,0,9.207583
12.043901,16.681164,Phrase,3,11.609536
14.028371,13.630075,Phrase,1,11.456012
12.463847,12.856919,Phrase,2,9.395971
12.375171,14.755276,Phrase,0,10.095106
14.666144,13.63513,Phrase,1,10.869751
11.435722,16.596273,Phrase,3,11.7842865
12.01829,16.101772,Phrase,3,10.429721
12.504525,13.915126,Phrase,0,10.110589
11.607475,16.786638,Phrase,3,11.125207
11.506705,16.194927,Phrase,3,11.587879
12.197908,15.79302,Phrase,3,11.983295
13.996378,13.720013,Phrase,1,10.194936
13.800296,13.517083,Phrase,2,9.803543
13.410838,13.596516,Phrase,2,9.898188
14.38222,13.86589,Phrase,1,10.183638
14.947389,13.123997,Phrase,1,9.932767
12.50268,13.768028,Phrase,2,8.513939
12.59981,13.848629,Phrase,2,10.025987
11.686566,14.434412,Phrase,2,10.688881
12.326879,13.116912,Phrase,2,8.897227
12.832976,17.010305,Phrase,3,11.349636
14.463553,14.867489,Phrase,0,11.316019
14.538792,14.762767,Phrase,0,11.390129
14.452117,14.005376,Phrase,2,10.243146
12.6551895,16.583673,Phrase,3,11.388425
13.750667,13.9617195,Phrase,0,11.529527
12.6875,15.238358,Phrase,0,10.81826
11.531091,16.475111,Phrase,3,10.875305
12.339311,12.948713,Phrase,2,11.127843
12.3024235,15.353696,Phrase,0,11.375871
12.28775,17.016699,Phrase,3,11.56268
14.363031,14.893662,Phrase,2,10.181819
12.106539,17.171942,Phrase,3,10.962053
13.703443,14.107011,Phrase,0,11.365167
13.546168,12.783566,Phrase,2,8.527306
12.385068,17.039001,Phrase,3,11.450081
11.716204,16.445501,Phrase,3,11.007594
12.569699,17.285652,Phrase,3,11.361103
12.118329,12.7821045,Phrase,2,11.076958
12.553145,15.072469,Phrase,0,11.026337
11.949299,14.717488,Phrase,0,10.901286
15.225514,13.014504,Phrase,1,10.067884
11.749336,13.438143,Phrase,2,8.862127
11.876154,16.599718,Phrase,3,10.838741
14.031294,13.571935,Phrase,2,10.047918
12.849015,15.175503,Phrase,2,12.583111
14.096759,13.803207,Phrase,0,10.469737
12.782734,13.353055,Phrase,2,10.389464
11.95833,16.118683,Phrase,3,11.323179
13.217739,14.399842,Phrase,2,10.145334
13.776638,13.91337,Phrase,2,10.216468
11.686848,16.652245,Phrase,3,10.890974
12.792517,14.985943,Phrase,0,10.606643
12.057267,16.081861,Phrase,3,11.639705
12.185065,16.576477,Phrase,3,11.766944
13.939745,13.257564,Phrase,1,9.127519
11.398599,16.753845,Phrase,3,11.709037
14.005986,12.335015,Phrase,2,9.33819
14.1978655,12.605179,Phrase,1,10.007736
11.563965,16.594687,Phrase,3,11.084937
12.597089,14.85733,Phrase,0,10.8243685
13.196544,14.013911,Phrase,0,10.341428
13.659943,13.814765,Phrase,1,11.690903
12.420534,13.536684,Phrase,2,9.781968
12.575196,13.752369,Phrase,2,10.397067
14.018186,12.196112,Phrase,1,10.775964
12.2265625,16.892778,Phrase,3,11.248319
13.251544,14.452376,Phrase,0,10.320649
12.33759,17.091635,Phrase,3,11.26918
12.2252445,15.643118,Phrase,3,12.233988
11.661647,14.334725,Phrase,2,10.848491
12.102369,13.431268,Phrase,2,9.625532
11.0751705,12.090399,Phrase,1,8.703652
13.668847,14.0937605,Phrase,0,10.607834
12.219442,16.10463,Phrase,3,11.447365
13.338436,13.325521,Phrase,2,10.066525
13.403494,13.816596,Phrase,0,10.733606
14.124862,13.436319,Phrase,1,9.017456
13.332837,14.623873,Phrase,0,10.6336355
13.894598,13.02244,Phrase,2,9.219911
12.015255,14.165643,Phrase,0,11.18174
14.4361315,13.873576,Phrase,0,10.990571
10.907318,12.362249,Phrase,1,9.252221
12.867176,14.820545,Phrase,2,10.967272
11.85633,13.704094,Phrase,2,9.950713
13.462437,13.453292,Phrase,2,10.284431
11.556253,14.842197,Phrase,0,10.596388
14.350738,13.731211,Phrase,2,10.206909
11.308774,14.935881,Phrase,1,10.58317
13.459835,13.936013,Phrase,0,11.268143
12.355389,13.524079,Phrase,2,9.7727585
14.977791,13.588919,Phrase,1,9.983993
12.433607,14.822688,Phrase,2,10.999836
12.205146,15.650725,Phrase,1,12.24237
12.51632,13.074793,Phrase,2,9.694208
14.159669,16.230494,Phrase,0,9.8924265
13.755397,12.701288,Phrase,2,10.166342
11.915402,13.120578,Phrase,2,10.790037
12.307222,12.728304,Phrase,2,8.557567
11.942003,17.149988,Phrase,3,11.359298
13.21165,13.175057,Phrase,0,10.907938
11.050544,11.854701,Phrase,1,8.901514
14.288454,15.494111,Phrase,0,10.382848
13.874556,12.435273,Phrase,0,8.054319
14.72854,13.505739,Phrase,1,9.83247
11.464324,16.023397,Phrase,3,10.741146
12.238294,14.2525015,Phrase,2,10.776158
13.063872,13.647535,Phrase,0,8.911367
12.291199,14.562147,Phrase,2,9.640357
11.259398,15.771422,Phrase,3,10.853979
13.006991,16.054098,Phrase,0,10.530175
12.050808,16.970926,Phrase,3,11.66901
12.46514,13.100234,Phrase,1,11.11193
11.768403,14.198638,Phrase,2,10.4179535
13.9437685,14.432007,Phrase,0,10.474229
13.370891,14.245621,Phrase,0,10.127167
13.994452,14.483225,Phrase,0,11.337337
14.205818,12.574939,Phrase,0,8.479689
14.031678,14.665704,Phrase,0,11.249587
13.567468,13.688293,Phrase,0,10.604271
14.5984,14.471741,Phrase,3,11.280869
11.549082,16.864738,Phrase,3,11.471485
15.345346,11.375148,Phrase,0,7.887179
11.916308,17.184238,Phrase,3,11.255572
13.80667,13.54797,Phrase,1,10.075188
13.301137,12.811411,Phrase,3,10.341136
13.491928,14.339494,Phrase,0,11.50808
11.792812,16.305923,Phrase,3,11.367927
12.740444,17.18022,Phrase,3,11.075561
11.255022,14.94148,Phrase,0,10.436701
11.996654,12.802919,Phrase,2,10.857909
11.575294,13.189977,Phrase,2,9.394983
13.858581,13.563684,Phrase,0,11.193163
11.928754,12.07884,Phrase,2,8.956965
14.064219,12.946996,Phrase,2,10.401941
11.741125,16.753855,Phrase,3,11.160257
13.452972,14.876559,Phrase,0,11.172462
12.578417,15.390352,Phrase,0,10.929968
12.279115,16.535868,Phrase,3,10.703033
13.525213,13.644873,Phrase,3,9.042818
12.58389,14.682632,Phrase,0,10.6285515
11.833929,14.970197,Phrase,0,10.308046
13.230226,13.840608,Phrase,2,8.950668
12.45112,13.03841,Phrase,2,10.71753
14.22705,13.875912,Phrase,1,10.034584
13.241217,13.828012,Phrase,2,9.465396
14.917967,13.73174,Phrase,1,11.666388
14.118876,12.969552,Phrase,1,10.031501
13.55962,13.23425,Phrase,1,11.654111
14.123099,15.429651,Phrase,0,11.323329
12.75064,13.96262,Phrase,2,9.094143
12.517268,17.124746,Phrase,3,11.010868
11.947477,14.313607,Phrase,1,10.5622
13.634747,12.947075,Phrase,1,9.92976
12.741392,13.780282,Phrase,2,8.632834
14.019216,14.777307,Phrase,2,9.821939
12.192967,15.554039,Phrase,1,11.22812
14.80256,13.398789,Phrase,1,11.651538
13.210999,13.447731,Phrase,1,10.345867
12.630419,17.268867,Phrase,3,11.312103
14.552215,14.337872,Phrase,1,11.249016
11.692955,13.589641,Phrase,2,8.929339
14.292869,15.533806,Phrase,0,11.37283
14.239239,12.481379,Phrase,1,9.958423
12.264715,16.08021,Phrase,3,10.798206
15.055966,14.03544,Phrase,1,10.577034
13.278212,13.980979,Phrase,0,10.002479
-2.5630221,6.5504217,Phrase,1,9.219396
11.82818,11.939388,Phrase,1,9.25936
14.065896,13.221968,Phrase,1,10.808395
13.2179,15.304006,Phrase,0,10.878208
14.015366,13.103698,Phrase,0,9.0562525
12.042959,11.551627,Phrase,1,9.435689
14.629287,13.524946,Phrase,1,10.740528
12.660086,13.733306,Phrase,2,8.587878
12.950593,12.458931,Phrase,0,11.050254
12.175989,12.96765,Phrase,2,8.898363
13.772731,14.691832,Phrase,0,10.772467
11.995582,12.816516,Phrase,2,10.770378
14.152818,14.125651,Phrase,2,11.209917
14.204192,14.73166,Phrase,0,10.558382
12.167275,15.989135,Phrase,1,11.647683
12.17099,16.09419,Phrase,3,11.405871
12.176848,16.991444,Phrase,3,11.575435
11.652927,13.383868,Phrase,2,8.509944
11.732,16.476189,Phrase,3,11.530037
13.807564,12.640369,Phrase,0,8.05379
12.094258,16.119526,Phrase,3,11.563152
13.316273,14.819836,Phrase,1,11.182529
13.525791,13.481105,Phrase,1,11.345712
12.104307,12.75619,Phrase,1,11.1346035
11.27857,12.667219,Phrase,1,9.638683
12.004177,12.443842,Phrase,2,8.61173
11.925553,14.336125,Phrase,0,10.038009
11.909965,11.985472,Phrase,2,9.067889
12.079635,11.760769,Phrase,2,9.29393
11.776963,13.765401,Phrase,2,10.216364
12.1396885,13.56546,Phrase,2,10.108198
13.710858,13.926352,Phrase,0,9.886602
15.3956785,12.987039,Phrase,1,10.063132
13.213695,12.348389,Phrase,0,11.15226
12.368665,16.490574,Phrase,2,9.124335
14.399927,13.864339,Phrase,2,10.399341
12.237132,13.590747,Phrase,2,10.060317
13.113798,12.2245455,Phrase,0,11.236306
13.504647,14.905642,Phrase,0,11.4326935
13.027156,12.650502,Phrase,2,10.778023
11.3126,12.249361,Phrase,1,9.301171
14.326757,14.3856945,Phrase,0,10.37013
11.392201,16.827606,Phrase,3,11.031233
11.464158,12.202621,Phrase,1,9.229438
12.244336,15.600181,Phrase,2,10.849681
13.052002,13.627087,Phrase,2,8.756827
13.247602,13.413103,Phrase,0,9.993551
12.608707,13.900248,Phrase,0,10.371383
13.984946,15.2285185,Phrase,0,10.75754
12.678418,13.316796,Phrase,2,8.505939
12.291704,14.41923,Phrase,2,9.055969
13.7627125,12.757821,Phrase,1,9.824788
12.270104,13.659996,Phrase,2,9.73154
13.326536,13.79886,Phrase,1,11.206688
13.033869,13.40245,Phrase,0,9.108617
12.356197,17.347965,Phrase,3,11.301143
12.555887,15.8235035,Phrase,3,10.9116955
13.5645275,13.519471,Phrase,2,9.209804
12.386184,13.546595,Phrase,2,9.668544
13.638205,13.364238,Phrase,0,11.45858
11.672226,14.656609,Phrase,0,11.348225
12.811894,15.379406,Phrase,0,10.848776
13.332732,13.767991,Phrase,1,10.646693
11.701697,13.350387,Phrase,2,9.618525
15.002652,13.773084,Phrase,1,11.167921
13.647824,14.389055,Phrase,1,11.638727
14.57647,12.28207,Phrase,0,8.46921
13.097134,14.958899,Phrase,0,9.936576
13.54767,14.214086,Phrase,0,9.80482
11.421397,16.782394,Phrase,3,11.059323
12.781759,15.155158,Phrase,0,10.581922
13.23566,14.501527,Phrase,0,11.43413
13.529288,14.688176,Phrase,0,10.812073
14.473891,13.214738,Phrase,2,10.953675
13.681675,14.373977,Phrase,0,10.673461
12.254998,15.938297,Phrase,0,10.687401
13.135979,13.9388895,Phrase,0,10.302813
11.664742,16.55512,Phrase,3,11.477415
13.288789,15.201078,Phrase,0,11.001701
13.448199,15.302627,Phrase,0,11.515117
14.094896,14.621861,Phrase,0,10.599014
13.589029,16.20729,Phrase,0,11.416421
12.167054,17.198269,Phrase,3,11.457858
14.577119,11.899014,Phrase,1,7.5265956
13.363169,14.330922,Phrase,0,9.815083
13.921623,14.562395,Phrase,0,10.40487
14.684254,14.730531,Phrase,0,11.322224
12.246207,13.18068,Phrase,2,10.324364
13.052669,14.955589,Phrase,0,9.231389
14.024479,12.416059,Phrase,0,7.744933
12.620541,12.993734,Phrase,2,11.209269
15.290402,11.5328245,Phrase,0,9.05283
15.585898,13.476462,Phrase,1,9.88777
13.1249695,11.898761,Phrase,1,11.347028
13.523835,13.1568575,Phrase,0,7.5845485
13.75558,13.752541,Phrase,0,11.048467
12.835547,13.748093,Phrase,0,11.141907
13.850913,14.055703,Phrase,1,10.796861
11.604494,14.493748,Phrase,2,10.280344
14.695719,14.461408,Phrase,1,10.3856735
12.072002,14.773517,Phrase,0,11.184326
13.648211,12.307427,Phrase,2,10.732868
11.840366,16.451056,Phrase,3,11.114621
14.585819,13.299562,Phrase,0,8.923649
14.00288,12.64214,Phrase,1,10.450377
12.106536,16.865013,Phrase,3,11.619388
13.002198,14.88548,Phrase,1,12.889049
14.959573,13.591989,Phrase,1,9.676948
12.247282,13.173586,Phrase,2,8.642839
12.445827,12.930468,Phrase,2,8.634279
11.99281,17.26106,Phrase,3,11.408758
11.927784,14.813833,Phrase,2,7.8696795
12.458068,15.75145,Phrase,0,10.867184
15.117981,13.60352,Phrase,1,10.171637
14.052204,12.632257,Phrase,2,9.512927
13.128751,13.579515,Phrase,2,9.110431
14.00632,13.112791,Phrase,2,10.174666
11.841102,13.0419655,Phrase,2,10.107074
14.895469,12.384763,Phrase,2,10.928345
12.586393,15.311985,Phrase,0,10.732767
12.074176,16.98949,Phrase,3,11.460575
14.60544,14.66053,Phrase,2,11.342447
12.265865,13.694801,Phrase,2,11.026132
13.7451935,13.980491,Phrase,0,10.912453
11.806638,12.100095,Phrase,2,9.014706
14.047674,15.61623,Phrase,0,10.796581
14.845698,12.147233,Phrase,0,8.505621
14.271525,14.173665,Phrase,2,9.486888
11.753022,16.738182,Phrase,3,10.861132
11.882672,15.8474245,Phrase,3,10.77371
12.603479,14.641206,Phrase,0,10.982012
12.392375,16.903084,Phrase,3,11.275719
12.975508,14.239896,Phrase,0,9.544845
11.721056,14.156161,Phrase,2,10.34585
12.446415,16.582808,Phrase,3,10.624675
13.480286,14.419306,Phrase,0,11.499577
14.846786,11.728044,Phrase,0,8.088973
13.244285,13.825676,Phrase,0,9.557411
13.831466,14.183128,Phrase,2,9.80156
13.360172,14.84434,Phrase,0,11.083762
9.642542,8.124561,Phrase,1,15.04752
13.76869,14.608757,Phrase,0,10.879304
12.104991,13.855165,Phrase,2,10.061039
13.309657,13.902521,Phrase,2,8.845652
12.85002,16.568596,Phrase,2,10.147082
13.08432,15.214665,Phrase,0,11.183394
12.609283,14.135656,Phrase,0,10.512987
11.296399,12.237938,Phrase,1,9.329969
13.951906,13.190871,Phrase,1,10.8715925
14.037468,14.464347,Phrase,0,11.327319
14.026593,14.082921,Phrase,1,9.91743
13.52952,13.508981,Phrase,0,11.223531
12.785637,13.669906,Phrase,2,10.374128
11.559687,14.325207,Phrase,2,10.587123
13.205468,12.247121,Phrase,1,11.22101
13.264508,13.88397,Phrase,0,10.831785
10.82795,11.983123,Phrase,1,8.839605
12.205741,15.789602,Phrase,3,11.621986
12.270245,13.178179,Phrase,2,8.842983
13.61621,13.667445,Phrase,2,11.493851
13.101635,13.841998,Phrase,2,11.309337
12.53196,14.223358,Phrase,2,9.668471
11.183067,14.903256,Phrase,2,10.4091
12.38107,12.888093,Phrase,2,10.971777
12.388532,15.081479,Phrase,0,10.842793
13.116431,13.177127,Phrase,2,10.990659
14.451772,13.806865,Phrase,1,10.585434
14.370764,14.003324,Phrase,0,10.953091
14.445709,12.845362,Phrase,1,10.333486
14.437341,14.984725,Phrase,2,10.705332
13.696526,14.39606,Phrase,1,11.1040325
13.559536,13.401691,Phrase,2,10.463774
12.557127,14.399974,Phrase,0,10.397993
14.005101,13.849742,Phrase,1,11.912543
14.054633,13.987015,Phrase,0,9.914841
13.206582,13.907749,Phrase,0,10.633607
12.969263,14.272861,Phrase,2,9.934318
12.547308,14.680991,Phrase,2,10.316888
13.307891,14.525536,Phrase,0,10.458688
14.547477,13.626457,Phrase,1,11.32945
13.480948,15.712175,Phrase,0,10.59039
13.94681,12.694447,Phrase,0,10.850248
13.045671,13.712911,Phrase,2,10.36816
13.572079,13.513309,Phrase,0,10.370895
12.827633,13.8173485,Phrase,2,9.863309
13.572982,13.176148,Phrase,1,9.017729
10.736327,14.588077,Phrase,1,9.8951435
-2.5569503,6.553478,Phrase,1,9.218607
10.731263,14.586242,Phrase,1,9.896003
12.768253,13.760412,Phrase,0,10.042038
12.901203,14.03182,Phrase,2,8.832472
12.235963,12.998953,Phrase,2,10.859043
13.3216505,12.71273,Phrase,2,8.133161
13.813182,13.875943,Phrase,1,10.325557
14.421946,14.93585,Phrase,2,10.748605
-2.562983,6.5503817,Phrase,1,9.219208
13.689002,13.743797,Phrase,0,11.043328
15.478511,13.656312,Phrase,1,9.842646
13.659421,14.335862,Phrase,0,10.899101
13.131726,14.232255,Phrase,0,10.401843
14.716822,14.104475,Phrase,0,9.872191
14.114861,13.759811,Phrase,2,10.066356
12.529101,15.06741,Phrase,0,10.530244
12.497599,12.762175,Phrase,2,8.905802
12.58255,13.473211,Phrase,2,8.551015
12.083145,12.854793,Phrase,2,10.769
11.553204,12.068384,Phrase,1,9.278445
13.612997,14.463339,Phrase,2,10.882821
14.49484,14.32166,Phrase,1,9.476614
11.307898,12.678287,Phrase,1,9.657153
13.524189,14.351671,Phrase,0,10.637598
12.550963,13.082519,Phrase,2,11.237729
14.001886,12.154554,Phrase,0,7.242966
11.740947,13.359554,Phrase,2,8.845709
11.879217,13.2776785,Phrase,2,8.688458
13.566954,13.812626,Phrase,2,8.833159
13.693167,14.021936,Phrase,0,10.663094
12.189915,12.92123,Phrase,2,11.231689
12.648017,14.756998,Phrase,0,11.00497
15.416683,11.445014,Phrase,0,7.882657
13.449597,13.535229,Phrase,2,10.627495
12.880952,13.621731,Phrase,2,11.023053
14.192564,14.065857,Phrase,0,10.59625
8.009859,9.477673,Phrase,1,7.828899
12.867634,14.918633,Phrase,0,10.4962635
12.177975,13.130998,Phrase,2,8.906574
13.172805,14.644349,Phrase,0,12.36785
11.989238,15.485914,Phrase,0,10.983302
14.067494,12.790958,Phrase,2,9.266086
11.328183,12.122036,Phrase,1,8.964892
13.626145,14.207115,Phrase,0,11.161517
13.36008,13.816474,Phrase,2,9.620405
13.489026,14.454185,Phrase,0,11.343902
14.496695,14.013095,Phrase,0,10.928345
12.373401,16.177822,Phrase,0,10.248278
14.226912,13.378657,Phrase,2,11.188364
12.098131,17.11986,Phrase,3,11.348132
13.40255,14.035166,Phrase,0,10.360098
12.429569,12.813895,Phrase,1,8.555327
15.051426,13.28329,Phrase,1,10.330913
12.944015,13.603492,Phrase,2,9.25877
12.78062,13.549027,Phrase,2,8.709978
13.600936,14.944637,Phrase,0,10.886229
12.019014,17.14354,Phrase,3,11.281806
11.488234,16.534582,Phrase,3,11.184465
14.03403,12.644989,Phrase,0,8.550615
12.356039,15.623189,Phrase,2,11.02494
12.1680565,15.176676,Phrase,3,11.158769
13.447918,14.191955,Phrase,2,10.204025
11.800324,16.535275,Phrase,3,11.562803
12.414659,13.490572,Phrase,2,9.709108
13.96962,13.86114,Phrase,0,11.494543
13.259662,15.008135,Phrase,0,10.646928
14.424645,14.954115,Phrase,0,11.4850855
13.3905945,14.220353,Phrase,2,11.299589
13.83677,15.79601,Phrase,0,10.195453
14.18629,13.615432,Phrase,2,9.974742
12.372949,16.122265,Phrase,3,11.562415
13.251883,14.318548,Phrase,0,10.983037
12.337805,13.132523,Phrase,2,9.277858
14.5629015,13.167445,Phrase,1,10.285291
11.424137,12.207647,Phrase,1,9.102772
12.9482355,12.855294,Phrase,2,8.902635
11.975453,15.940883,Phrase,3,10.7121315
14.373172,13.162122,Phrase,1,10.592105
14.595348,11.882789,Phrase,0,7.5269284
14.153224,15.450685,Phrase,0,10.80923
14.501435,14.1454525,Phrase,2,9.635578
13.573769,13.13519,Phrase,2,9.00381
14.140708,14.81481,Phrase,2,10.058795
14.0846815,14.865606,Phrase,0,11.1578665
11.900452,12.418567,Phrase,1,9.692754
13.137864,13.419952,Phrase,2,8.834698
12.13161,13.314495,Phrase,2,8.862944
12.154985,16.515097,Phrase,2,12.578397
14.529549,14.380831,Phrase,0,10.56499
12.428122,13.646011,Phrase,2,8.630544
13.546003,13.802905,Phrase,0,10.882033
13.491427,12.437657,Phrase,2,9.19287
11.59488,17.213768,Phrase,3,11.290979
14.815166,14.147494,Phrase,1,11.085711
13.838575,13.879136,Phrase,1,11.65353
12.327633,14.772031,Phrase,0,11.071902
12.009833,16.888203,Phrase,3,11.569967
15.3376255,11.378056,Phrase,0,7.8913
11.967148,13.051612,Phrase,2,10.730859
14.199823,13.519321,Phrase,1,11.108698
12.293638,13.277402,Phrase,2,10.317773
13.230369,14.092863,Phrase,2,9.674725
13.357687,13.741145,Phrase,0,10.971816
12.189085,11.88075,Phrase,1,9.543361
12.4478245,16.925713,Phrase,3,10.777017
14.332277,14.703998,Phrase,0,10.058668
13.764647,13.767665,Phrase,2,9.966367
12.5547905,13.667934,Phrase,0,9.929493
13.796355,14.369396,Phrase,1,11.017689
13.82766,14.476242,Phrase,0,10.927809
13.807629,14.776318,Phrase,0,11.2247505
14.555825,13.854301,Phrase,1,8.811204
12.872693,14.103141,Phrase,2,8.640719
13.559342,14.629392,Phrase,0,10.96523
14.0446415,15.163702,Phrase,0,11.194128
11.507933,16.708193,Phrase,3,11.920158
11.74237,15.868329,Phrase,3,11.11588
12.297951,13.846774,Phrase,2,10.320042
14.984311,13.294986,Phrase,1,10.127699
14.200891,14.603793,Phrase,0,10.064102
12.700781,17.33884,Phrase,3,11.304175
11.246616,11.783438,Phrase,2,8.9461775
14.039078,12.366634,Phrase,2,9.367168
14.083857,15.759269,Phrase,0,10.842819
14.327289,13.09456,Phrase,1,11.811894
12.859302,13.65571,Phrase,1,10.527751
12.147871,16.224228,Phrase,3,11.599763
11.448909,13.39731,Phrase,2,9.900169
12.610433,14.832452,Phrase,1,10.843379
13.183115,14.660486,Phrase,0,11.256641
14.161373,13.151095,Phrase,2,7.8836226
11.609643,16.356817,Phrase,3,11.656367
13.123634,13.956989,Phrase,1,10.924963
13.963944,15.207481,Phrase,0,9.17974
13.093494,14.820033,Phrase,0,11.162848
11.822223,14.403162,Phrase,0,10.471431
14.142921,14.907936,Phrase,1,8.486605
-2.5630527,6.5503078,Phrase,1,9.219115
12.198297,16.989895,Phrase,3,11.560314
11.822553,13.373359,Phrase,2,9.173301
15.560277,12.258938,Phrase,1,10.103991
14.327072,14.001619,Phrase,0,10.823571
14.481244,14.832857,Phrase,0,11.4117565
13.877532,14.226231,Phrase,0,9.83764
15.051723,12.512671,Phrase,1,10.393204
12.486768,12.879425,Phrase,2,10.521705
14.591801,14.809752,Phrase,0,11.466418
14.163996,13.572166,Phrase,1,10.351801
12.614404,13.228261,Phrase,0,11.107422
13.299126,15.320902,Phrase,0,11.635925
13.850725,12.778892,Phrase,2,9.304274
13.599772,12.320553,Phrase,2,10.682713
11.508509,16.800846,Phrase,3,11.049794
12.455085,12.959548,Phrase,2,9.459017
11.303292,11.8527975,Phrase,2,8.943541
11.70363,17.06306,Phrase,3,11.280455
12.395969,13.604449,Phrase,2,9.698949
12.787845,14.000901,Phrase,0,10.484416
13.583816,16.235378,Phrase,0,11.414508
11.9042425,14.779919,Phrase,0,11.294501
13.100847,13.360723,Phrase,2,9.913254
12.387845,12.925574,Phrase,2,9.288749
12.704716,14.466544,Phrase,2,9.181026
12.677201,13.249957,Phrase,2,10.587991
15.355178,13.098569,Phrase,1,10.096773
14.591461,13.321325,Phrase,2,10.226723
12.926663,14.341681,Phrase,2,9.438621
13.241146,14.339766,Phrase,0,11.324704
12.824595,13.437604,Phrase,1,10.751102
13.47345,12.464132,Phrase,2,8.9614315
14.41337,12.698223,Phrase,2,10.067116
13.541937,14.249059,Phrase,2,9.806574
12.770092,14.743231,Phrase,0,9.952962
14.144988,15.664696,Phrase,0,10.810056
13.802724,14.299305,Phrase,2,10.087842
12.630919,13.438394,Phrase,2,9.682742
14.906025,14.286673,Phrase,1,9.389396
13.335416,12.76294,Phrase,0,10.0339775
12.629077,14.068071,Phrase,2,9.4101
13.625725,14.502611,Phrase,0,11.090007
13.2554,13.417732,Phrase,0,10.306883
10.725366,14.58458,Phrase,1,9.891783
14.565759,14.768699,Phrase,2,11.509616
13.862106,14.726791,Phrase,0,10.421155
11.940889,14.016355,Phrase,2,11.071064
14.027128,14.837565,Phrase,0,10.779647
12.293963,16.508118,Phrase,3,11.146066
12.532008,14.274808,Phrase,0,10.808358
14.475762,14.840663,Phrase,0,11.03254
13.102946,13.32166,Phrase,0,10.483041
12.192804,14.789015,Phrase,0,10.513453
13.3579235,12.774233,Phrase,2,9.627583
14.806673,13.40739,Phrase,1,11.646036
13.568349,15.5074,Phrase,0,10.856073
13.486468,13.758639,Phrase,0,9.884107
11.964799,15.270118,Phrase,0,10.662611
14.4462185,14.176098,Phrase,1,11.405818
13.547168,14.490548,Phrase,0,10.563915
12.847795,13.923652,Phrase,2,8.933287
14.441235,14.347056,Phrase,2,9.524667
12.648873,12.5899315,Phrase,2,9.068378
12.149903,16.31487,Phrase,3,11.294089
14.223111,13.212468,Phrase,0,10.4077425
11.525407,16.460737,Phrase,3,11.423706
14.7035475,11.454245,Phrase,0,7.0113363
12.895066,14.115826,Phrase,2,9.268737
11.602589,16.55612,Phrase,3,11.296916
12.081448,13.783439,Phrase,0,9.769531
12.309859,12.864116,Phrase,2,8.587743
11.625869,14.680576,Phrase,0,11.334201
13.15997,12.288363,Phrase,0,11.106169
12.331465,16.73609,Phrase,3,11.450941
13.784558,13.56698,Phrase,0,10.649123
14.610294,14.525314,Phrase,0,10.169565
13.3969145,13.1276045,Phrase,2,10.718965
13.152088,12.290881,Phrase,0,11.204287
15.542047,13.399344,Phrase,1,9.883657
14.680979,13.56138,Phrase,1,9.517706
14.239272,14.956365,Phrase,0,10.557486
13.0442095,13.246974,Phrase,2,8.856972
14.440809,14.64766,Phrase,1,12.722732
13.476989,14.090718,Phrase,0,10.240919
13.081634,13.968653,Phrase,2,9.699736
13.321522,13.852621,Phrase,2,9.364766
14.469315,13.109895,Phrase,1,10.507452
11.300166,14.962025,Phrase,0,10.466633
14.555952,15.6175165,Phrase,0,10.708869
11.899756,14.257316,Phrase,0,11.099902
13.263372,14.123564,Phrase,0,9.885823
11.935358,14.236038,Phrase,2,10.754764
11.880498,16.95261,Phrase,3,11.262134
12.048047,15.052286,Phrase,2,11.10223
13.2273035,14.328835,Phrase,2,10.286313
-2.557261,6.556085,Phrase,1,9.224898
11.465854,12.094489,Phrase,1,8.910474
12.157455,14.023961,Phrase,0,11.070711
14.813068,14.11001,Phrase,1,9.529653
13.616518,13.157621,Phrase,2,9.042081
13.98995,13.771442,Phrase,0,10.072621
11.923392,16.910862,Phrase,3,11.287126
12.099857,17.198084,Phrase,3,11.615656
14.413041,15.272392,Phrase,0,10.742816
15.634996,13.652108,Phrase,1,10.08025
13.7425785,13.626476,Phrase,0,11.271574
13.788186,14.889594,Phrase,0,10.305519
12.099058,15.81766,Phrase,0,10.329014
14.191047,12.738797,Phrase,2,8.884299
11.940852,15.398769,Phrase,0,10.789872
14.396889,12.074487,Phrase,0,7.960913
13.332221,14.874759,Phrase,0,10.732192
14.092078,14.82768,Phrase,0,10.942706
11.72723,13.3083725,Phrase,2,8.729211
12.873937,15.056304,Phrase,0,10.887458
14.0391865,13.451936,Phrase,0,10.146263
13.805173,13.612407,Phrase,0,10.07921
12.65362,14.7371,Phrase,0,10.740395
13.72352,14.808821,Phrase,0,10.182844
13.620486,13.358311,Phrase,0,10.504774
11.776579,17.0705,Phrase,3,11.160136
14.597218,13.473613,Phrase,2,10.181551
13.973261,14.3832035,Phrase,1,10.80916
11.8462925,16.3103,Phrase,3,11.083749
12.810513,16.563488,Phrase,3,10.78896
12.362988,17.258535,Phrase,3,11.504089
13.233248,14.183491,Phrase,2,9.722953
12.905499,12.097557,Phrase,1,10.855011
13.74713,13.343251,Phrase,0,10.39581
14.215799,15.60572,Phrase,0,11.219102
11.799364,14.2166,Phrase,2,10.09101
15.024018,13.811286,Phrase,2,10.427916
12.193023,12.61795,Phrase,2,11.049284
12.3665905,13.111365,Phrase,2,8.874386
11.530671,16.72891,Phrase,3,11.127493
12.541783,15.801628,Phrase,3,11.940562
12.477611,16.611649,Phrase,3,11.3076935
12.076808,16.638952,Phrase,3,11.298959
12.198628,15.814806,Phrase,3,12.042711
14.190151,13.029177,Phrase,2,9.379752
12.74546,13.20148,Phrase,2,10.540904
12.352328,17.082945,Phrase,3,11.259247
13.773871,12.562243,Phrase,0,10.863527
12.404825,13.180778,Phrase,2,10.642251
14.567361,14.833851,Phrase,0,10.212082
11.795595,16.78786,Phrase,3,10.985155
15.342173,12.998614,Phrase,1,10.0765085
12.369999,13.848229,Phrase,2,10.719059
14.246353,15.541378,Phrase,2,11.470559
14.659527,12.849291,Phrase,1,10.879
14.429846,13.597748,Phrase,1,9.707371
13.415674,13.290082,Phrase,1,11.572128
12.553956,15.997409,Phrase,3,11.688502
14.305723,13.68262,Phrase,1,10.364755
11.763678,16.637669,Phrase,3,11.496894
13.743824,14.216386,Phrase,1,11.503211
13.275262,15.494409,Phrase,0,11.380304
11.365728,16.629295,Phrase,3,11.19231
12.818746,15.298131,Phrase,1,12.388687
11.83524,12.822932,Phrase,2,9.209477
15.184112,13.073134,Phrase,1,9.919842
11.754312,13.458547,Phrase,2,8.59686
13.167335,13.699675,Phrase,0,10.776484
13.490183,13.599882,Phrase,0,9.508294
13.692994,15.226268,Phrase,0,10.781971
14.178021,14.08399,Phrase,0,10.365563
11.207087,15.447376,Phrase,2,10.714303
13.500829,13.264052,Phrase,2,9.035934
11.493027,13.792352,Phrase,2,9.068011
12.926715,13.674462,Phrase,0,9.7573185
13.827382,12.961888,Phrase,2,9.971081
14.17334,13.675684,Phrase,0,10.360218
13.308966,14.497059,Phrase,0,11.4523115
14.129748,13.81027,Phrase,0,10.739425
11.934532,14.08267,Phrase,2,10.07447
11.934163,14.806765,Phrase,2,7.893053
12.893171,15.400731,Phrase,2,11.259029
11.880017,14.290379,Phrase,0,10.85892
13.77075,15.511673,Phrase,0,9.415282
12.334385,13.688683,Phrase,2,9.553277
14.732878,12.803373,Phrase,1,10.696079
12.202935,15.817245,Phrase,3,11.912574
14.550279,13.569192,Phrase,2,9.453886
14.461913,15.242723,Phrase,1,11.462687
14.529103,14.388854,Phrase,2,10.427716
12.235804,12.770582,Phrase,2,11.028218
12.985429,16.609678,Phrase,3,10.630777
14.972175,14.0943365,Phrase,2,10.694852
12.383133,16.213417,Phrase,3,11.080193
13.3632555,14.420575,Phrase,0,11.4738245
12.116481,16.92417,Phrase,3,11.250626
14.179795,14.488506,Phrase,0,10.476237
13.553061,13.951856,Phrase,0,11.129653
12.916151,13.382601,Phrase,2,10.524415
14.318057,13.086072,Phrase,1,11.805406
11.619604,16.766409,Phrase,3,11.803188
11.780129,16.528252,Phrase,3,11.627251
14.010137,13.686085,Phrase,0,10.402679
14.7191925,13.100823,Phrase,1,10.393783
13.871654,15.062523,Phrase,0,11.127858
14.068653,12.116286,Phrase,2,9.555871
13.776194,13.629687,Phrase,0,10.312993
12.40226,15.315781,Phrase,0,10.779622
13.078331,14.680536,Phrase,0,11.346145
11.487385,16.775843,Phrase,3,11.605804
14.012339,13.603548,Phrase,1,10.950137
13.628523,14.186649,Phrase,0,10.369276
13.508154,16.239023,Phrase,0,11.348746
12.295506,17.205091,Phrase,3,11.502617
12.6670265,16.440477,Phrase,3,11.211287
12.939882,14.145883,Phrase,0,9.393008
11.878148,16.517008,Phrase,3,11.011917
12.6811905,14.476063,Phrase,0,9.895585
13.227685,13.653346,Phrase,2,9.047839
12.839985,15.369113,Phrase,0,12.252896
14.076248,12.608215,Phrase,0,8.444787
12.757598,17.106537,Phrase,3,11.000047
12.900564,13.899143,Phrase,2,9.284068
12.105804,14.185664,Phrase,1,10.680927
13.970674,14.554762,Phrase,0,10.667602
14.757627,12.526866,Phrase,0,10.838872
13.388635,14.6500845,Phrase,0,10.966848
12.118118,15.833133,Phrase,0,10.639295
12.929735,16.56308,Phrase,3,11.514683
13.40606,13.928882,Phrase,0,10.466488
13.907246,14.304344,Phrase,0,11.095851
13.346081,13.825772,Phrase,0,9.972166
12.2406225,16.828537,Phrase,3,11.652865
11.50428,16.26648,Phrase,3,11.505853
12.032163,12.273745,Phrase,2,9.202035
13.285755,15.248111,Phrase,2,11.328709
13.0234165,14.102278,Phrase,2,11.095095
12.6935835,15.596276,Phrase,0,10.972474
12.218168,16.351185,Phrase,3,11.435871
14.022086,13.879049,Phrase,1,11.866537
13.319992,15.206938,Phrase,0,10.502786
14.675568,13.801997,Phrase,0,9.297744
14.347311,15.47415,Phrase,2,11.481221
14.716606,13.872232,Phrase,0,10.258175
13.885241,14.239524,Phrase,1,10.735094
14.093885,13.754447,Phrase,2,9.361928
13.922842,14.019659,Phrase,0,11.205078
16.918684,10.459605,Phrase,2,15.674622
12.000231,15.611216,Phrase,3,10.865685
12.681226,15.461723,Phrase,0,9.785759
12.022756,13.240211,Phrase,2,10.848395
12.32128,16.75161,Phrase,3,11.233757
13.435489,13.78612,Phrase,0,9.162129
11.85751,16.233782,Phrase,3,11.363077
11.968979,16.864315,Phrase,3,11.471221
13.855188,14.882381,Phrase,0,11.178107
11.266383,12.127678,Phrase,1,9.08258
13.133258,11.867814,Phrase,1,11.376929
12.795174,16.507465,Phrase,3,11.36633
14.148831,12.4003725,Phrase,2,9.802693
14.44398,14.645768,Phrase,1,12.728251
14.292111,13.405846,Phrase,2,9.277841
14.398206,12.983982,Phrase,2,7.8983245
14.732953,14.3660755,Phrase,1,10.354776
11.962948,11.904023,Phrase,1,9.382301
12.25994,14.4939575,Phrase,0,10.8101635
11.656497,13.49177,Phrase,2,8.932346
11.4099045,12.218765,Phrase,2,9.055865
13.770832,14.880703,Phrase,0,10.268458
13.437532,13.674804,Phrase,0,11.177061
15.360959,11.531193,Phrase,2,7.9896703
11.724627,16.542162,Phrase,3,11.569565
13.473417,14.295858,Phrase,0,10.873517
15.505319,13.419788,Phrase,1,10.194703
12.657055,16.974833,Phrase,3,11.007916
11.650992,16.521742,Phrase,3,11.344532
12.749887,13.366092,Phrase,2,10.542885
13.119143,14.250122,Phrase,0,11.245018
14.510097,12.029858,Phrase,0,7.7622924
12.979047,13.935364,Phrase,1,11.255416
13.114331,14.445634,Phrase,2,9.570374
15.608326,13.426349,Phrase,1,9.900683
14.167065,12.071298,Phrase,1,10.808479
13.8756485,13.479738,Phrase,0,9.893495
12.839203,15.765718,Phrase,2,8.897377
12.913126,14.26147,Phrase,1,11.634466
12.068046,13.368598,Phrase,0,10.746733
13.471693,14.274999,Phrase,2,10.077834
14.572074,11.894277,Phrase,0,7.536501
12.380572,16.91281,Phrase,3,11.606165
12.213576,16.313139,Phrase,3,10.813877
12.419432,12.813657,Phrase,1,8.554312
11.732286,16.67314,Phrase,3,11.583392
11.802487,13.633329,Phrase,2,9.747457
12.037832,12.0859375,Phrase,2,8.788189
13.279365,14.572973,Phrase,0,10.427479
11.816615,14.669818,Phrase,0,11.384773
13.956306,13.540812,Phrase,0,10.32579
11.979214,16.327627,Phrase,3,11.353328
11.650735,14.344498,Phrase,1,10.446456
13.173688,13.683265,Phrase,2,10.333467
12.636375,15.077146,Phrase,0,10.906162
14.380748,14.212472,Phrase,0,11.27139
15.1816635,14.12795,Phrase,0,9.717066
14.129588,15.339331,Phrase,0,11.194815
13.00916,15.597004,Phrase,3,11.486404
14.45232,14.199089,Phrase,0,10.572716
12.145578,14.157009,Phrase,2,10.891014
13.247721,15.573024,Phrase,0,10.711112
12.522727,13.724663,Phrase,2,8.728125
14.073925,14.249972,Phrase,1,10.454538
11.339466,16.237024,Phrase,3,10.824885
12.434302,14.301859,Phrase,0,11.14697
14.088764,14.925273,Phrase,0,10.884326
14.499062,14.902982,Phrase,0,11.308904
12.528854,13.610492,Phrase,2,10.201593
11.630184,13.325676,Phrase,2,9.008578
11.884123,14.219693,Phrase,0,10.584466
11.697729,15.325778,Phrase,3,10.990377
14.121323,14.706207,Phrase,1,11.529998
11.476788,16.393692,Phrase,3,10.861368
12.286451,11.928944,Phrase,3,9.57504
12.144536,16.645796,Phrase,3,11.452824
12.3567915,14.32682,Phrase,2,10.113456
12.490298,13.194266,Phrase,2,10.488679
11.981293,15.086071,Phrase,3,11.081855
11.538844,16.471655,Phrase,3,11.530202
13.981206,15.1387825,Phrase,0,10.831493
15.35311,13.035708,Phrase,1,10.073921
-2.560592,6.5527654,Phrase,1,9.221186
8.011845,9.4791155,Phrase,1,7.829942
14.079037,12.660088,Phrase,1,9.991207
14.273219,14.281921,Phrase,0,10.471171
15.080909,13.922143,Phrase,1,9.769885
12.240938,16.491203,Phrase,3,11.61531
11.751815,16.149551,Phrase,3,11.016194
11.706312,17.1421,Phrase,3,10.941563
13.367199,15.231932,Phrase,0,11.536396
12.632882,16.027521,Phrase,3,11.702589
11.894855,14.323478,Phrase,0,11.223134
14.209918,14.3274145,Phrase,0,10.205493
13.202768,14.560266,Phrase,1,11.654217
12.987076,14.650691,Phrase,0,9.657393
13.466376,10.772343,Phrase,2,7.391325
13.828537,16.415672,Phrase,0,10.929909
14.703277,13.128021,Phrase,2,9.905542
14.865381,13.772606,Phrase,1,10.504451
15.010631,14.14895,Phrase,2,10.915036
13.665033,13.733199,Phrase,1,9.823222
13.560752,16.157269,Phrase,0,11.400994
12.187728,14.493416,Phrase,2,10.87758
13.988722,13.008702,Phrase,2,9.776396
14.497624,13.377006,Phrase,1,11.448156
12.135662,13.241621,Phrase,2,8.773933
13.750206,12.184359,Phrase,0,8.494556
13.446198,15.864785,Phrase,0,11.410544
13.868771,12.521616,Phrase,2,8.402743
11.944524,11.998162,Phrase,2,9.080279
14.21581,12.9274235,Phrase,2,10.212621
13.397519,13.30953,Phrase,2,9.091563
12.647787,15.320541,Phrase,2,10.004412
15.36566,11.366462,Phrase,0,7.897852
11.582598,16.73864,Phrase,3,11.186568
13.629473,14.374714,Phrase,0,11.090905
12.86997,13.96836,Phrase,0,10.137969
13.116468,14.060383,Phrase,0,10.804748
10.835993,11.983059,Phrase,1,8.8412
12.8169155,13.166841,Phrase,1,10.731888
12.1586075,12.808662,Phrase,2,10.981193
14.322326,14.183139,Phrase,2,10.232117
12.386685,14.892068,Phrase,0,10.900365
12.759268,15.421068,Phrase,2,12.290367
13.332274,12.563536,Phrase,1,10.552019
13.238081,14.637492,Phrase,0,10.421424
13.692123,13.945516,Phrase,2,9.573476
11.503425,15.411487,Phrase,0,10.624247
11.595361,15.484407,Phrase,2,10.460564
12.309318,15.999152,Phrase,3,11.854314
11.733316,14.146497,Phrase,2,10.429952
12.771005,13.285069,Phrase,1,10.997394
15.226421,13.0768795,Phrase,1,9.995181
11.807924,16.63674,Phrase,3,11.475444
13.541542,15.916779,Phrase,0,11.346452
14.181124,14.219458,Phrase,0,10.746976
12.580427,15.394965,Phrase,3,11.7679
12.01977,13.403688,Phrase,2,10.904011
14.24406,13.640329,Phrase,0,11.074547
13.579226,16.197557,Phrase,1,11.396086
12.170196,12.760177,Phrase,2,11.123785
13.024669,13.065261,Phrase,2,9.73161
11.674087,16.699022,Phrase,3,11.07784
14.037887,13.743343,Phrase,1,11.907413
12.593697,13.654576,Phrase,1,10.879911
12.759575,13.141889,Phrase,2,9.792878
12.581605,13.708822,Phrase,2,9.003969
14.371409,15.479204,Phrase,0,11.504143
13.681181,13.085513,Phrase,2,9.251306
13.472074,13.533667,Phrase,1,11.6126995
13.628547,14.681033,Phrase,0,11.381862
13.882997,14.086577,Phrase,0,10.576761
14.240805,14.367203,Phrase,1,10.708802
13.4863205,13.741019,Phrase,2,9.101819
13.540965,13.538953,Phrase,0,10.978684
13.593151,13.860492,Phrase,2,10.591343
11.662113,12.116813,Phrase,2,9.218834
14.062753,12.078543,Phrase,0,7.765706
13.868498,13.272289,Phrase,1,9.777479
12.055528,12.595543,Phrase,2,8.360448
14.1068735,13.33175,Phrase,1,10.683127
12.284224,15.108181,Phrase,0,10.524642
11.435028,15.95471,Phrase,3,10.680417
14.321863,12.635421,Phrase,2,10.149188
11.529257,16.436258,Phrase,3,11.461972
14.018179,13.216635,Phrase,1,10.763316
13.736461,12.913612,Phrase,2,8.382071
12.157234,13.467001,Phrase,2,8.7600355
11.67499,17.190191,Phrase,3,11.337937
14.7385845,15.41415,Phrase,1,10.842113
14.146847,15.046958,Phrase,0,10.924001
11.858928,17.006256,Phrase,3,11.700265
13.612706,12.708592,Phrase,1,10.389688
15.713892,13.627179,Phrase,1,10.090328
11.832938,16.410992,Phrase,3,11.221631
13.959146,14.257701,Phrase,0,10.259596
14.980178,10.543292,Phrase,1,9.762173
12.544174,13.716912,Phrase,0,9.99788
13.969715,12.238542,Phrase,2,8.461347
12.402318,14.582597,Phrase,1,11.1061
12.528279,15.128513,Phrase,2,10.846084
11.675954,16.010723,Phrase,3,11.153747
12.624898,14.931694,Phrase,2,11.489136
14.454139,12.378609,Phrase,1,9.917711
11.935642,16.769497,Phrase,3,10.867499
14.493408,13.208761,Phrase,1,10.386483
13.586348,14.259764,Phrase,0,10.146912
11.439835,16.702425,Phrase,3,11.034548
12.180248,16.6021,Phrase,3,10.791762
14.083818,12.620024,Phrase,1,9.972898
12.283444,12.137552,Phrase,0,9.812867
13.937888,13.992771,Phrase,1,11.142536
10.805796,11.968504,Phrase,1,8.823891
14.061469,13.985735,Phrase,0,10.409608
13.245499,13.892094,Phrase,2,9.018249
12.236153,13.030936,Phrase,2,10.162491
13.468501,13.787217,Phrase,2,10.304595
13.41094,14.710977,Phrase,1,10.294925
14.387688,13.289926,Phrase,0,10.196057
11.961103,17.039423,Phrase,3,11.45221
14.605816,13.790063,Phrase,0,9.096518
14.132751,14.972608,Phrase,0,10.825909
12.315276,13.274537,Phrase,2,9.337887
14.094726,13.804833,Phrase,2,8.695904
13.45456,14.600331,Phrase,0,10.994593
13.439865,13.969205,Phrase,0,11.521098
12.494274,13.412833,Phrase,2,10.273679
15.227733,12.924093,Phrase,1,9.888782
13.686612,13.396411,Phrase,1,10.580594
12.525894,14.102927,Phrase,2,10.307419
12.000108,17.060505,Phrase,3,11.3935
13.840067,13.80392,Phrase,1,10.3264885
12.208273,13.10614,Phrase,2,8.892213
12.407978,14.331259,Phrase,2,10.415913
12.736845,14.400957,Phrase,0,10.458392
14.727749,14.508854,Phrase,1,11.565419
13.031104,13.271026,Phrase,2,8.920365
14.003163,15.438747,Phrase,0,10.444729
14.048412,15.014671,Phrase,0,8.382809
12.167065,13.395827,Phrase,2,9.293578
12.189504,14.076596,Phrase,2,11.088345
13.945137,14.319626,Phrase,2,11.601687
15.303381,13.516976,Phrase,1,9.613003
12.346498,15.288745,Phrase,0,10.969258
12.390032,16.522085,Phrase,3,11.212996
11.827718,11.92065,Phrase,1,9.320432
14.11173,12.580943,Phrase,2,8.574793
13.62145,13.667837,Phrase,1,9.261643
13.222293,12.407845,Phrase,1,11.35551
12.264903,15.035863,Phrase,0,10.743149
13.684528,14.296636,Phrase,0,10.739182
12.776866,13.294929,Phrase,2,10.542628
14.120737,13.6431265,Phrase,2,10.51331
12.235519,13.078842,Phrase,2,11.065208
14.456858,15.291134,Phrase,0,10.955314
14.637514,14.746901,Phrase,0,11.412157
12.495177,13.815369,Phrase,2,10.514063
12.682232,15.981567,Phrase,3,11.62332
11.713468,16.720566,Phrase,3,11.022413
11.743954,16.466488,Phrase,3,11.263182
12.62349,14.392052,Phrase,0,10.875269
13.23661,13.354181,Phrase,1,10.02794
12.030186,16.495779,Phrase,3,10.690244
13.923975,15.490962,Phrase,1,10.967576
12.072193,12.791039,Phrase,2,11.063954
9.668819,8.172234,Phrase,0,15.011611
12.472966,16.826212,Phrase,3,11.230826
12.117679,12.888383,Phrase,2,11.054143
11.627439,14.542193,Phrase,1,10.521352
13.133998,12.716236,Phrase,1,10.755086
12.739924,15.327851,Phrase,3,12.446427
11.743761,14.841201,Phrase,2,10.5317545
13.410432,12.977411,Phrase,1,9.839915
11.726406,14.171712,Phrase,2,9.883015
13.260004,14.275968,Phrase,0,10.762629
13.304482,13.995177,Phrase,2,9.67882
14.280363,14.315627,Phrase,0,9.981978
11.845689,13.392607,Phrase,2,8.86086
12.291692,16.095993,Phrase,3,11.704071
14.122371,14.079886,Phrase,0,10.425069
14.41923,15.185776,Phrase,0,11.44854
11.445225,12.112051,Phrase,1,8.891378
13.236038,13.696723,Phrase,0,10.268111
13.850184,13.916113,Phrase,2,9.953245
13.962706,13.68935,Phrase,0,10.86809
13.374957,14.342863,Phrase,0,11.121212
13.353422,14.3352165,Phrase,0,10.240104
11.226339,15.506787,Phrase,0,10.687207
14.349419,14.345937,Phrase,1,11.189215
13.088589,13.419506,Phrase,2,9.314678
14.624943,14.956588,Phrase,1,10.810811
13.250427,13.884714,Phrase,2,9.113538
12.5771055,13.644807,Phrase,2,8.719394
12.896477,13.396916,Phrase,2,10.722501
11.750661,16.513956,Phrase,3,10.870753
12.247131,16.12437,Phrase,3,11.566082
15.695426,13.648621,Phrase,1,10.073896
13.456145,15.314708,Phrase,0,11.4227705
12.554394,16.373856,Phrase,3,11.084782
13.621946,13.695581,Phrase,1,11.392207
12.126964,13.505754,Phrase,2,10.882245
12.157429,15.626415,Phrase,3,11.021137
13.055351,13.532583,Phrase,0,10.678515
10.890254,12.370428,Phrase,1,9.250524
11.76081,14.004238,Phrase,0,10.3204975
14.086213,12.632301,Phrase,1,9.98117
13.874255,14.27116,Phrase,0,10.492728
15.29197,11.459818,Phrase,0,7.893545
13.549728,15.9757805,Phrase,2,11.417516
12.132291,16.5102,Phrase,1,12.830364
11.441202,16.38084,Phrase,3,11.568747
15.378401,11.481572,Phrase,0,7.9049654
12.118267,14.496883,Phrase,2,10.662623
13.458862,14.211999,Phrase,0,10.491968
14.009008,14.432394,Phrase,0,11.538311
12.174756,11.852141,Phrase,1,9.39611
12.739424,13.314488,Phrase,2,10.093266
14.631493,14.833094,Phrase,1,11.384655
14.758903,13.71563,Phrase,0,9.319892
15.094619,13.350954,Phrase,1,10.132663
15.094246,13.547456,Phrase,1,9.982603
12.762524,15.134289,Phrase,0,10.6681
12.105701,15.27141,Phrase,0,10.689974
12.064876,17.19614,Phrase,3,10.888207
13.623697,12.333576,Phrase,2,10.751353
15.09948,13.873057,Phrase,2,10.387467
13.74698,13.610082,Phrase,2,9.63651
13.25873,15.399665,Phrase,2,8.552489
13.876711,13.080383,Phrase,1,10.358286
12.983969,14.910972,Phrase,1,12.913953
12.091373,15.738944,Phrase,3,10.621169
11.685658,13.32521,Phrase,2,8.766596
14.848878,13.373769,Phrase,1,9.487618
14.036537,13.348585,Phrase,2,10.500761
14.697242,15.096904,Phrase,0,10.855146
13.044247,13.470482,Phrase,2,10.239685
13.610467,13.931624,Phrase,0,8.9331875
11.487631,16.580822,Phrase,3,11.834752
12.222145,16.931412,Phrase,3,11.72508
13.750617,12.996757,Phrase,1,11.567406
14.337644,12.23587,Phrase,0,8.466178
13.221451,14.224842,Phrase,0,10.946521
14.051038,12.579728,Phrase,2,8.755126
11.770478,13.565983,Phrase,2,8.940758
13.565168,12.219231,Phrase,1,10.736888
12.128997,14.009457,Phrase,0,10.879238
15.06733,13.298285,Phrase,1,10.189312
13.480016,13.1636715,Phrase,2,10.433529
12.873915,13.419719,Phrase,2,8.879817
8.038769,9.498772,Phrase,1,7.844828
14.669237,14.514845,Phrase,1,10.228286
12.466796,14.865745,Phrase,2,10.064927
14.566101,15.5248785,Phrase,0,10.793349
15.3437195,11.283804,Phrase,0,9.207332
12.1388445,13.849497,Phrase,0,9.887713
14.356373,14.592422,Phrase,0,11.154886
11.6456,13.966151,Phrase,2,9.720284
14.198005,12.847185,Phrase,1,9.657812
13.226732,14.200849,Phrase,0,9.76921
11.631016,16.471924,Phrase,3,11.261875
13.122115,13.652768,Phrase,2,8.763984
15.321251,13.106196,Phrase,1,10.062338
11.373547,12.226761,Phrase,1,9.352406
14.000152,13.361657,Phrase,1,9.997543
15.351378,11.362692,Phrase,0,7.9005585
15.330509,13.032811,Phrase,1,10.099691
12.163402,16.290993,Phrase,3,10.582211
12.315222,15.07499,Phrase,0,11.072451
12.104185,15.885088,Phrase,0,10.88446
12.293346,13.158442,Phrase,2,8.639914
14.277679,13.2384205,Phrase,1,10.802564
13.857559,12.740785,Phrase,1,9.966574
13.523372,13.666139,Phrase,1,12.20764
14.457433,14.077527,Phrase,0,10.779516
11.255583,12.205778,Phrase,1,8.870658
12.066791,14.293509,Phrase,2,11.522364
12.939028,13.357866,Phrase,0,10.474243
12.931698,14.293538,Phrase,2,8.8067875
12.453805,13.154408,Phrase,2,11.131995
12.596908,16.769577,Phrase,3,11.473543
14.630881,14.791474,Phrase,0,11.392021
11.502666,16.502785,Phrase,3,11.519996
13.8041,13.043948,Phrase,2,9.959728
14.00268,13.580427,Phrase,1,11.968541
14.079,14.25723,Phrase,0,10.700195
14.099936,14.704017,Phrase,0,9.982112
12.332934,16.474283,Phrase,3,10.837267
14.134997,12.482477,Phrase,1,9.891104
11.25248,14.896325,Phrase,0,10.435201
15.189911,13.410274,Phrase,1,10.176572
12.111033,15.184994,Phrase,2,10.705695
12.951597,13.619417,Phrase,0,10.542984
14.5260105,14.658356,Phrase,0,10.172781
12.666877,14.09528,Phrase,2,10.316319
13.77825,14.437817,Phrase,0,10.201973
12.6803,9.349799,Phrase,2,13.695418
12.967559,14.875807,Phrase,1,12.534587
11.667466,16.225628,Phrase,3,11.139574
13.340842,13.68786,Phrase,2,9.086514
12.281144,14.351404,Phrase,0,11.052174
11.231034,16.231062,Phrase,3,10.866112
11.44377,16.531963,Phrase,3,11.66187
13.969456,13.991302,Phrase,0,10.610536
13.453262,13.822518,Phrase,1,11.188458
12.119559,12.950402,Phrase,2,9.006349
12.222281,15.25895,Phrase,0,10.885035
13.717473,14.653232,Phrase,0,11.360612
11.138781,14.782584,Phrase,2,9.908794
12.676944,15.314299,Phrase,0,10.886026
12.063332,14.702891,Phrase,3,10.99278
11.744533,13.56606,Phrase,2,8.86462
14.297115,13.122673,Phrase,1,11.776455
12.750531,13.1439905,Phrase,2,11.099416
13.546362,13.105983,Phrase,1,9.092855
13.24433,13.067368,Phrase,2,8.70611
12.714304,15.843632,Phrase,3,11.489324
14.086507,12.395236,Phrase,1,9.92105
13.953614,14.628844,Phrase,0,11.154081
14.606517,14.77784,Phrase,0,11.416854
11.794558,16.826208,Phrase,3,10.7627
13.299478,14.279764,Phrase,2,10.567051
11.393383,12.301156,Phrase,1,9.256171
12.008781,16.62556,Phrase,3,11.589756
12.1257105,16.576683,Phrase,3,12.185813
13.93074,14.25948,Phrase,2,10.915442
11.986292,14.155879,Phrase,2,8.957049
11.93486,12.029661,Phrase,2,9.039562
13.709632,12.255301,Phrase,0,7.1430407
13.139443,13.917521,Phrase,2,8.562079
11.982384,14.843925,Phrase,2,10.878881
11.75351,14.060252,Phrase,2,10.415273
13.258222,16.195555,Phrase,3,11.457494
13.798729,14.621888,Phrase,0,11.109204
11.841842,13.162392,Phrase,2,8.942923
12.0900545,14.772631,Phrase,2,10.06368
13.3614,13.392158,Phrase,2,10.291923
12.964134,14.118977,Phrase,0,11.103258
14.324205,12.595039,Phrase,0,8.494219
13.820141,12.157582,Phrase,0,8.463149
11.873758,16.686474,Phrase,3,11.620011
13.427159,12.856925,Phrase,0,10.149549
13.618506,13.542032,Phrase,2,10.139841
13.784436,14.138083,Phrase,0,10.675339
14.362941,15.475994,Phrase,1,11.54189
13.53334,13.886871,Phrase,1,12.014921
13.505259,13.82935,Phrase,2,9.500105
13.586257,13.415636,Phrase,2,10.431005
12.754174,13.692985,Phrase,0,9.1506195
14.5822,11.892545,Phrase,1,7.5263124
10.896186,12.364884,Phrase,1,9.252851
12.591524,17.27402,Phrase,3,11.341796
11.868073,16.603392,Phrase,3,11.334008
-2.5619276,6.5514216,Phrase,1,9.220122
11.896112,16.127346,Phrase,3,10.691918
12.535269,15.258623,Phrase,0,10.977986
14.126941,12.339006,Phrase,2,9.694434
11.404899,12.20811,Phrase,2,9.017704
12.156784,14.391306,Phrase,0,10.469693
14.364113,13.181065,Phrase,1,10.652305
14.330958,13.867085,Phrase,1,11.583745
14.849965,14.348504,Phrase,1,10.285266
12.964051,14.929463,Phrase,2,12.916586
12.883317,14.584616,Phrase,0,10.910154
14.304838,13.030405,Phrase,1,11.78477
14.195134,13.150985,Phrase,2,7.892226
13.800135,13.71181,Phrase,0,10.627531
12.472707,17.125954,Phrase,3,11.365408
13.432851,14.209187,Phrase,0,10.612831
11.394661,15.612196,Phrase,3,10.759336
13.661146,13.819176,Phrase,1,11.250689
13.381572,13.784233,Phrase,2,9.006605
12.851147,16.689022,Phrase,3,10.9339075
14.163365,13.7522335,Phrase,0,10.895356
14.23886,14.717536,Phrase,0,11.219525
14.980457,10.542591,Phrase,1,9.762154
13.992726,12.677997,Phrase,2,9.63313
13.458595,12.235139,Phrase,0,8.132985
11.77503,13.560736,Phrase,2,8.982626
11.737327,16.849796,Phrase,3,10.865904
13.628581,12.526132,Phrase,2,9.4277525
14.919807,13.856825,Phrase,0,10.980802
15.719568,13.613292,Phrase,1,10.100235
12.573067,14.432387,Phrase,0,10.16102
12.003666,13.062435,Phrase,2,8.702876
11.936769,15.620019,Phrase,3,11.065714
12.13772,16.337685,Phrase,3,11.393817
13.054915,16.299833,Phrase,0,11.393574
11.869921,16.913893,Phrase,3,11.084685
12.882698,13.512396,Phrase,2,10.06027
13.743188,13.930106,Phrase,1,11.698823
11.878265,14.330802,Phrase,2,9.753257
12.253631,15.21133,Phrase,3,10.977081
14.651532,15.519212,Phrase,1,10.776243
14.214835,14.562424,Phrase,0,11.201459
13.869149,13.539627,Phrase,2,10.332659
11.776896,14.646511,Phrase,2,10.226349
14.628511,15.439033,Phrase,0,10.865129
12.301331,17.031874,Phrase,3,11.398213
13.682046,13.560211,Phrase,0,11.469497
11.23772,14.903135,Phrase,0,10.5392065
11.19783,16.230824,Phrase,3,10.670014
13.676445,14.193311,Phrase,2,9.175288
14.620853,11.6178055,Phrase,0,7.3339167
14.914569,13.602129,Phrase,1,10.053529
15.106671,13.823242,Phrase,0,10.311874
12.387075,15.421654,Phrase,3,11.050213
14.833208,15.344565,Phrase,2,10.857158
15.335707,11.382692,Phrase,0,7.902256
11.992957,16.525381,Phrase,3,11.916395
14.271041,14.054193,Phrase,2,8.839029
12.585791,16.703611,Phrase,3,11.420282
11.803443,16.12206,Phrase,3,11.270796
14.098944,14.506108,Phrase,2,9.485144
11.566386,16.687258,Phrase,3,11.346555
12.390697,13.117322,Phrase,2,8.867488
12.760069,14.051611,Phrase,2,9.095763
13.667284,13.194754,Phrase,2,8.970386
13.142802,13.810662,Phrase,2,10.245423
14.600398,14.243284,Phrase,1,10.336504
13.5884495,12.882848,Phrase,1,9.524574
14.416901,15.280195,Phrase,1,10.43911
12.290788,12.884053,Phrase,2,11.0870905
12.230732,13.493384,Phrase,2,9.747522
13.101855,13.448842,Phrase,2,8.845565
13.134433,13.064163,Phrase,2,8.930051
12.087751,12.870211,Phrase,2,11.147479
12.6433115,13.327113,Phrase,2,10.575743
14.177528,13.824369,Phrase,2,10.603038
11.993292,15.398249,Phrase,3,10.940279
14.749635,14.741496,Phrase,1,10.001558
11.215397,16.161434,Phrase,3,10.896703
14.133141,14.286641,Phrase,0,10.768161
11.89193,15.017037,Phrase,3,11.118991
14.4569025,13.6388645,Phrase,1,10.399222
14.171538,13.360249,Phrase,1,10.334457
12.45092,14.678137,Phrase,2,10.32745
13.078754,13.568264,Phrase,2,9.657053
11.398669,16.604223,Phrase,3,11.680286
12.164599,12.666898,Phrase,2,11.077817
14.029195,12.357834,Phrase,0,7.837501
13.384823,15.340046,Phrase,0,11.523395
11.4489355,16.760582,Phrase,3,11.777272
13.220845,15.622269,Phrase,3,11.664339
12.993774,14.213593,Phrase,2,8.702786
14.273525,12.264902,Phrase,2,9.749842
12.8313675,15.935235,Phrase,3,11.422954
14.315926,13.993089,Phrase,1,9.995255
13.643615,14.664755,Phrase,1,10.479815
12.779482,13.322276,Phrase,2,9.84871
13.67177,13.445144,Phrase,2,9.99396
15.411309,13.413335,Phrase,1,9.800813
12.346795,14.496508,Phrase,0,10.958757
13.968584,15.186796,Phrase,0,10.871774
12.0987625,14.349902,Phrase,1,10.476966
11.56298,15.56862,Phrase,0,10.5804405
13.619036,13.04965,Phrase,2,9.002563
13.191228,12.326421,Phrase,1,11.234463
15.715614,13.604085,Phrase,1,10.141572
14.57988,14.066789,Phrase,1,10.656357
13.527438,14.316765,Phrase,0,10.8920145
13.696916,14.314985,Phrase,0,10.239493
13.612481,14.230263,Phrase,3,11.553217
12.112269,16.734934,Phrase,3,11.976948
12.477234,14.0161705,Phrase,2,10.357937
12.894338,15.668061,Phrase,2,10.488221
13.863737,14.000819,Phrase,1,11.15117
12.394207,14.054455,Phrase,0,10.393136
13.220245,14.282265,Phrase,0,9.888619
12.502467,15.923339,Phrase,3,11.852001
13.801997,13.964913,Phrase,0,11.637995
12.362461,13.138657,Phrase,2,10.404817
14.817363,14.214041,Phrase,1,9.682816
12.78718,16.779148,Phrase,3,11.256583
15.278506,13.58959,Phrase,1,9.991786
11.924922,14.300625,Phrase,3,11.112521
13.0178175,14.174239,Phrase,2,9.349856
12.3660555,16.615118,Phrase,3,11.576237
14.051363,13.507235,Phrase,1,9.874149
13.704207,13.847776,Phrase,1,10.34919
13.450646,15.167087,Phrase,0,10.416887
13.473448,12.988597,Phrase,1,10.281067
13.30617,13.610318,Phrase,0,10.707075
13.9135685,13.510567,Phrase,1,10.2992935
12.574637,13.916042,Phrase,1,11.0736065
14.252489,14.509347,Phrase,2,9.3621
13.901338,13.327929,Phrase,1,9.748004
12.694789,14.588253,Phrase,1,10.808286
11.889369,16.67064,Phrase,3,10.3237705
14.231583,14.744241,Phrase,0,10.281415
11.14876,16.183788,Phrase,3,10.914889
15.113743,13.720797,Phrase,1,10.234639
11.91896,14.194657,Phrase,0,10.672087
12.555712,13.252249,Phrase,0,10.9357815
12.630346,15.505049,Phrase,3,12.310085
13.226249,13.14063,Phrase,2,9.522163
11.765935,16.624619,Phrase,3,11.882464
13.054894,13.963462,Phrase,2,8.727032
8.009745,9.477506,Phrase,1,7.828856
13.47392,14.712126,Phrase,2,11.007176
11.714856,14.563719,Phrase,2,10.627977
10.817417,11.978649,Phrase,1,8.836965
12.299292,16.826189,Phrase,3,11.576892
14.442464,14.322338,Phrase,2,9.471786
11.830154,13.583317,Phrase,1,8.977577
11.741521,13.678444,Phrase,1,10.355642
12.7843685,12.076254,Phrase,1,10.615783
12.737978,15.198582,Phrase,0,10.683684
13.695726,14.179848,Phrase,0,11.189675
12.845274,15.161299,Phrase,1,12.615711
12.368498,16.21961,Phrase,3,11.904694
11.7331705,14.762701,Phrase,2,10.455698
14.793444,13.427892,Phrase,2,11.018651
13.929898,15.39273,Phrase,1,10.910095
12.765904,14.210651,Phrase,0,10.626634
14.158348,14.116027,Phrase,3,11.393712
13.060844,14.200897,Phrase,0,10.218212
12.235789,13.350087,Phrase,2,8.830673
14.671063,14.18684,Phrase,2,10.305474
14.65203,12.85982,Phrase,1,10.71902
11.872203,16.804861,Phrase,3,11.13326
13.564992,13.467169,Phrase,0,10.571178
11.160122,16.199623,Phrase,3,10.859083
13.51514,14.664024,Phrase,0,10.764962
11.947666,13.438575,Phrase,2,11.201003
13.494905,13.409857,Phrase,0,9.873657
14.158753,13.07534,Phrase,0,9.757739
11.887448,16.905195,Phrase,3,11.695477
14.447451,14.647025,Phrase,1,12.730512
13.695732,13.553233,Phrase,1,9.108986
12.262313,14.935969,Phrase,0,10.755054
13.745509,13.163554,Phrase,1,9.411184
12.634981,14.368417,Phrase,0,11.077322
14.115808,14.201021,Phrase,0,10.221921
12.459436,16.87067,Phrase,3,11.634498
11.633889,16.559387,Phrase,3,11.328645
11.563155,16.484177,Phrase,3,11.401956
12.355666,17.2645,Phrase,3,11.476148
12.459506,15.853839,Phrase,3,11.84997
13.114301,13.300074,Phrase,2,10.519469
13.975128,13.181291,Phrase,2,10.267258
11.839598,15.933269,Phrase,3,11.161466
11.724679,14.811136,Phrase,2,10.752444
12.781144,13.955124,Phrase,0,9.311211
14.01932,13.459783,Phrase,0,11.644665
12.715132,15.859542,Phrase,3,11.649396
13.946449,13.485193,Phrase,0,9.885887
15.344138,11.28349,Phrase,0,9.207076
15.482734,12.430225,Phrase,1,10.010578
14.520956,15.242688,Phrase,0,10.952168
11.998642,13.073645,Phrase,2,10.573822
13.334918,14.475861,Phrase,0,10.693934
11.893249,13.036086,Phrase,2,10.1683
13.501027,13.4693,Phrase,0,10.883475
13.509869,14.495386,Phrase,0,11.2027855
12.676769,14.541441,Phrase,2,8.979052
14.896191,13.345961,Phrase,1,9.411522
15.364496,11.366733,Phrase,0,7.8976007
11.823232,13.654891,Phrase,2,9.825259
14.010679,12.636772,Phrase,2,10.002352
12.326481,14.039746,Phrase,0,10.316599
13.156273,14.091077,Phrase,0,9.666233
9.720119,8.254467,Phrase,1,14.935947
12.580937,17.035334,Phrase,3,11.351958
13.987811,14.233338,Phrase,0,11.007312
14.980265,10.541637,Phrase,1,9.762487
12.340429,15.946175,Phrase,3,11.63806
11.769268,13.997856,Phrase,1,10.538486
12.86674,13.989052,Phrase,2,8.904823
14.14637,14.137733,Phrase,2,10.536882
12.852129,15.248039,Phrase,1,12.408587
13.183242,13.509547,Phrase,2,8.471758
11.977981,17.100607,Phrase,3,11.20069
14.51222,14.437736,Phrase,0,10.04756
13.929223,13.507729,Phrase,1,11.212409
12.811016,17.404528,Phrase,3,11.284264
13.046838,14.045758,Phrase,0,11.305166
13.825778,14.428032,Phrase,0,11.318102
14.214468,14.536462,Phrase,2,10.823793
11.994623,16.607952,Phrase,3,10.738191
11.491002,16.674145,Phrase,3,10.940896
11.594072,12.083592,Phrase,1,8.882012
15.205146,13.763605,Phrase,1,10.270075
13.970742,13.219004,Phrase,1,11.231246
14.32387,13.096108,Phrase,1,11.818575
12.643441,13.706251,Phrase,0,9.0395355
13.599973,14.035789,Phrase,1,11.665676
12.55313,13.215437,Phrase,1,10.702677
12.169989,16.906849,Phrase,3,10.871754
11.560584,15.464867,Phrase,0,10.611342
13.778986,15.043316,Phrase,0,11.37478
13.458523,14.8747835,Phrase,0,10.956186
13.742554,14.527043,Phrase,0,10.823132
15.366599,12.885374,Phrase,1,10.317758
12.229494,17.009275,Phrase,3,11.330608
11.7516775,16.237837,Phrase,2,11.156868
11.873637,13.760701,Phrase,2,10.226831
14.3203125,13.552703,Phrase,2,9.889827
12.865257,13.337913,Phrase,2,10.827655
14.625488,14.2143545,Phrase,0,11.074129
11.828053,16.200853,Phrase,3,11.132653
13.342544,14.524764,Phrase,0,11.453878
13.4653,12.750627,Phrase,2,10.181972
13.809252,14.240997,Phrase,2,10.259234
12.177949,16.214123,Phrase,3,10.729798
12.055105,12.559887,Phrase,2,8.441888
13.667959,12.274143,Phrase,0,7.0953617
12.60637,14.262919,Phrase,0,10.007886
13.578507,14.496942,Phrase,0,10.735308
13.369016,13.959453,Phrase,0,10.961433
11.715897,15.814121,Phrase,3,11.530858
10.827895,11.980194,Phrase,1,8.845815
12.312075,16.711956,Phrase,3,10.769227
14.475686,14.800998,Phrase,0,10.971322
12.600548,13.822463,Phrase,0,10.032546
12.617318,14.410483,Phrase,2,10.270047
12.794488,14.45657,Phrase,0,11.121264
12.502345,16.600824,Phrase,3,11.542513
14.950984,13.455422,Phrase,1,9.833051
12.669161,14.746412,Phrase,2,11.798727
13.976792,13.777722,Phrase,0,11.182117
12.832646,16.57834,Phrase,3,11.397907
13.174907,12.756656,Phrase,2,9.3453245
13.578483,13.635985,Phrase,1,12.202996
14.616853,14.784349,Phrase,1,11.409
14.646836,13.749561,Phrase,1,9.557973
14.218163,13.159637,Phrase,1,11.443232
12.693012,14.620303,Phrase,0,11.21771
11.291094,16.241163,Phrase,3,10.798921
14.6201,13.17825,Phrase,1,10.45388
13.927411,14.741576,Phrase,0,10.640448
11.817365,16.440098,Phrase,3,11.255091
13.069167,13.89444,Phrase,2,8.72724
12.305344,15.639813,Phrase,3,10.890866
15.442294,13.678718,Phrase,1,9.806164
12.720179,13.028601,Phrase,2,8.862824
13.285992,13.125078,Phrase,2,9.641029
12.707776,15.468052,Phrase,2,12.239105
11.963712,14.805742,Phrase,0,10.663561
13.364424,9.615482,Phrase,0,6.577215
14.289226,15.113138,Phrase,0,10.522861
13.352365,13.43139,Phrase,1,10.214439
13.422679,13.87512,Phrase,0,10.766368
13.716497,14.136068,Phrase,0,11.184518
12.102268,12.789113,Phrase,2,10.962783
12.416661,13.591341,Phrase,2,10.588025
14.557157,14.814543,Phrase,0,11.445905
13.133931,11.878253,Phrase,1,11.36952
11.970321,16.728687,Phrase,3,11.525834
13.477175,15.116075,Phrase,0,10.652973
14.0723,12.651035,Phrase,1,10.016146
11.441715,16.332787,Phrase,3,11.563288
11.257911,12.247086,Phrase,1,9.347059
11.445634,12.859796,Phrase,1,9.897666
14.093341,14.440156,Phrase,2,10.30602
14.062611,12.812784,Phrase,0,8.380557
12.283031,12.89543,Phrase,2,10.992196
12.625921,13.415117,Phrase,0,9.555175
13.097476,14.44504,Phrase,2,9.840863
12.0149555,13.157965,Phrase,2,10.686963
12.571445,15.466489,Phrase,0,10.677473
12.297536,13.128982,Phrase,2,9.810009
12.627474,13.985462,Phrase,1,10.977874
12.362034,16.508581,Phrase,3,10.881171
14.740816,14.577667,Phrase,0,9.63505
11.306806,12.243936,Phrase,1,9.312728
14.712438,14.141612,Phrase,1,11.292657
12.509149,15.99021,Phrase,3,11.579441
13.424576,14.951605,Phrase,0,10.974593
12.468073,14.436115,Phrase,2,10.180643
15.329019,13.072429,Phrase,1,10.128777
12.039174,14.4698925,Phrase,2,10.492869
13.623266,14.658961,Phrase,2,11.382555
13.434751,13.119376,Phrase,1,10.13214
13.952598,13.658795,Phrase,1,11.417996
13.406224,12.893168,Phrase,2,8.503954
12.565804,13.320864,Phrase,3,10.700293
13.248503,13.638757,Phrase,2,9.132986
13.379859,14.110074,Phrase,0,10.984554
14.081617,12.837257,Phrase,0,10.282798
14.002497,13.527372,Phrase,0,9.961701
13.267799,13.800532,Phrase,0,11.397386
12.682911,17.017492,Phrase,3,11.264586
13.486409,15.956165,Phrase,0,11.439857
14.594282,14.709068,Phrase,2,11.494787
13.027947,14.117646,Phrase,0,9.972703
14.586189,15.218087,Phrase,0,10.861052
12.12887,12.980754,Phrase,2,10.969067
14.021845,13.238298,Phrase,2,9.713279
12.64112,13.210097,Phrase,2,10.710214
13.750184,14.896703,Phrase,0,11.225801
14.051653,13.607216,Phrase,0,10.783357
11.445145,16.68756,Phrase,3,11.05875
13.551738,16.052805,Phrase,0,11.319292
13.734183,12.208374,Phrase,0,8.525452
13.863012,13.769356,Phrase,0,10.667067
12.282378,13.58882,Phrase,0,9.95638
12.877412,13.400565,Phrase,0,11.116051
13.064043,14.298861,Phrase,0,10.603234
13.520578,14.614803,Phrase,0,9.1690645
13.486416,14.391701,Phrase,1,11.224473
12.588616,13.1497,Phrase,2,10.549675
14.567282,13.817829,Phrase,2,9.614214
13.520104,15.848018,Phrase,0,11.435047
14.004278,14.234227,Phrase,0,11.056107
12.100454,12.870022,Phrase,2,8.9731455
11.76015,16.359377,Phrase,3,11.400634
11.777255,17.196346,Phrase,3,10.902209
11.854698,14.6223135,Phrase,2,11.404107
13.582832,14.061824,Phrase,0,10.959353
11.777881,16.186989,Phrase,3,11.194728
12.624186,17.334639,Phrase,3,11.170705
13.813608,13.756419,Phrase,0,10.921168
12.437778,12.992524,Phrase,0,11.099397
12.441174,13.918863,Phrase,2,8.929766
13.598896,16.224186,Phrase,1,11.401304
13.630788,13.356975,Phrase,0,10.550284
13.7442465,12.48858,Phrase,0,7.535956
13.4551735,14.009435,Phrase,0,11.294758
13.067218,13.710108,Phrase,0,10.974026
11.864983,16.12921,Phrase,3,11.140858
13.65346,14.845227,Phrase,2,9.662664
11.334381,15.407309,Phrase,2,10.432026
13.747859,13.646106,Phrase,1,9.136776
13.448813,14.608477,Phrase,1,11.219091
14.178083,14.773078,Phrase,0,10.472096
12.531131,12.746443,Phrase,2,9.009284
14.419422,13.036511,Phrase,1,10.0514555
13.780493,13.428475,Phrase,0,10.503757
12.571592,14.282359,Phrase,2,9.886597
13.516599,14.486339,Phrase,0,11.149291
13.5518055,13.627179,Phrase,0,9.927832
13.816707,14.29983,Phrase,0,9.616846
12.896061,15.086515,Phrase,3,11.800379
13.550823,15.047551,Phrase,0,11.000878
13.4650955,13.643599,Phrase,0,11.059459
13.975839,13.24369,Phrase,1,10.592619
12.537489,13.819549,Phrase,2,9.8802185
12.278755,13.086037,Phrase,2,10.667519
13.645997,14.012732,Phrase,0,11.103258
11.492389,12.104852,Phrase,1,8.974862
15.170784,13.602677,Phrase,1,10.232676
13.68433,14.962154,Phrase,0,11.269498
13.801061,14.365039,Phrase,0,11.456653
13.612581,15.105992,Phrase,2,11.406779
14.516924,14.794361,Phrase,0,11.410658
13.106914,12.485429,Phrase,2,8.421965
12.60104,14.1647835,Phrase,0,10.80503
14.572749,12.095592,Phrase,0,8.03589
14.172119,12.543103,Phrase,0,10.688619
14.592393,13.942891,Phrase,1,11.057604
13.590163,14.160467,Phrase,0,11.256152
14.118693,13.393687,Phrase,2,10.264487
13.122887,13.666582,Phrase,2,10.245785
12.077921,16.613415,Phrase,3,11.295536
13.024585,14.133833,Phrase,2,11.170872
11.899185,16.93378,Phrase,0,11.331207
15.082318,13.545312,Phrase,1,10.275963
12.03004,12.31129,Phrase,2,8.764563
13.723062,13.964289,Phrase,0,11.148863
13.631619,13.018602,Phrase,1,9.915067
13.537761,15.446654,Phrase,3,11.50675
15.566365,13.565827,Phrase,1,9.870601
14.1606655,12.536729,Phrase,2,9.90314
13.996862,13.202607,Phrase,1,11.247405
13.6156,13.822775,Phrase,0,10.450558
13.8413315,14.045748,Phrase,0,10.462619
11.295516,16.23381,Phrase,3,10.954449
12.638811,13.676771,Phrase,2,9.518798
14.416988,15.708733,Phrase,1,10.3551655
11.490398,16.747835,Phrase,3,11.620955
11.43623,16.402327,Phrase,3,11.52415
12.302775,13.584523,Phrase,2,9.84916
11.728932,16.54168,Phrase,3,11.662855
12.36809,13.617014,Phrase,2,10.340236
15.286506,13.096771,Phrase,1,10.117007
11.590706,16.580667,Phrase,3,11.167904
14.150361,13.854414,Phrase,1,11.603602
12.099516,12.83923,Phrase,2,11.075775
12.377755,12.975177,Phrase,2,11.0254345
13.456321,13.801078,Phrase,2,8.849978
13.07913,15.270842,Phrase,0,11.803383
13.700644,13.812536,Phrase,0,9.616397
14.6534815,14.823775,Phrase,0,11.458577
13.839663,12.799091,Phrase,2,9.465416
12.139272,13.328731,Phrase,2,8.813694
13.741564,13.875154,Phrase,1,11.3165865
14.596823,14.065159,Phrase,1,9.885676
11.5233965,12.096262,Phrase,1,9.000047
13.012505,15.318292,Phrase,0,10.655664
14.311941,14.8205385,Phrase,0,11.389402
11.993383,14.027384,Phrase,2,10.285549
13.121281,13.495271,Phrase,0,8.678192
13.408084,14.782136,Phrase,0,10.5968275
15.094775,13.354961,Phrase,1,10.115637
13.438358,12.716828,Phrase,1,10.750062
11.708471,14.694171,Phrase,2,10.53228
14.145703,12.9310465,Phrase,2,9.759652
13.989635,12.430876,Phrase,2,8.379033
14.955267,10.590742,Phrase,1,9.769033
13.565796,14.917491,Phrase,0,10.411469
14.148178,15.097183,Phrase,0,10.748536
12.967143,13.611555,Phrase,2,9.312426
13.682922,15.095494,Phrase,0,10.408257
11.492204,16.456274,Phrase,3,11.347187
13.395987,13.996116,Phrase,0,9.848496
13.895102,15.086105,Phrase,0,11.709448
12.434226,16.673906,Phrase,3,11.523026
13.006562,14.874648,Phrase,1,12.8576355
12.9417305,13.891016,Phrase,0,9.26778
11.881711,16.705177,Phrase,3,11.577412
13.895517,13.933302,Phrase,0,9.5267935
15.2064495,12.951261,Phrase,1,9.98949
13.540627,13.153891,Phrase,0,9.893846
11.840036,14.69991,Phrase,0,11.287465
15.248893,13.007565,Phrase,1,10.101396
13.158909,15.729949,Phrase,0,9.96239
12.157594,16.675945,Phrase,3,11.999719
11.8697195,15.823391,Phrase,0,10.617519
13.518817,13.823348,Phrase,1,11.945053
13.029382,14.24108,Phrase,0,9.210752
15.214308,13.11786,Phrase,1,10.149462
12.039473,16.023712,Phrase,3,11.380915
12.612126,14.502058,Phrase,2,9.245002
14.244923,13.770958,Phrase,1,11.502942
11.925066,14.814505,Phrase,2,7.8816185
14.406565,15.626498,Phrase,0,9.548931
12.281026,12.7848835,Phrase,2,11.078849
14.127725,14.623454,Phrase,0,10.358307
13.283461,12.87729,Phrase,1,9.495401
14.432351,14.782563,Phrase,0,10.602374
12.796311,15.445728,Phrase,0,10.987336
13.841311,14.017178,Phrase,2,10.058648
12.027711,11.9978285,Phrase,2,9.096806
14.400189,14.130488,Phrase,1,11.365858
13.937412,13.664883,Phrase,1,10.355907
12.01068,16.186419,Phrase,3,11.554551
14.403207,14.136761,Phrase,1,8.969993
-2.5622215,6.5511413,Phrase,1,9.219845
11.376096,12.236526,Phrase,1,9.093047
14.1143675,14.069121,Phrase,0,11.364341
14.436325,13.106794,Phrase,1,10.509576
14.659432,14.377882,Phrase,1,10.104462
13.815974,12.662991,Phrase,1,9.744176
13.445241,12.676107,Phrase,1,10.139647
13.92496,13.536639,Phrase,1,11.14457
11.099981,12.075123,Phrase,1,8.794615
13.272067,13.646339,Phrase,0,10.765104
14.8461075,11.727888,Phrase,0,8.089931
14.095755,14.960802,Phrase,1,8.433813
14.102256,13.474675,Phrase,2,10.40041
13.216385,13.829321,Phrase,2,9.43848
12.633982,13.335027,Phrase,2,10.01883
13.370587,14.832328,Phrase,2,11.026138
14.993268,13.682326,Phrase,2,11.497322
13.179949,12.387731,Phrase,0,11.085072
12.971189,14.054689,Phrase,2,8.6693535
12.596735,13.973441,Phrase,0,10.936077
14.510669,13.703994,Phrase,1,9.25675
14.606258,14.694248,Phrase,2,9.652764
12.158665,17.08166,Phrase,3,11.761215
13.310876,15.487719,Phrase,2,10.102772
13.145447,14.4317665,Phrase,0,11.455295
13.415391,13.499859,Phrase,2,10.987755
13.344386,13.95489,Phrase,0,9.984379
15.735527,13.609003,Phrase,1,10.079353
15.345667,11.370618,Phrase,0,7.8862786
12.138124,11.924057,Phrase,2,9.306079
13.460047,13.622318,Phrase,0,11.345862
13.896418,13.098906,Phrase,2,10.031667
12.417695,14.175647,Phrase,0,10.448018
12.275337,12.936424,Phrase,2,11.096071
12.484557,14.127637,Phrase,2,10.03076
13.479174,12.7866125,Phrase,1,10.332405
13.989446,14.327108,Phrase,0,9.822631
12.029902,17.20845,Phrase,3,11.418436
14.344634,15.553675,Phrase,1,11.498085
12.984819,14.68098,Phrase,0,10.8595085
11.744276,13.691073,Phrase,1,9.891799
13.282147,14.443848,Phrase,2,9.837528
13.967701,13.366077,Phrase,1,10.93369
12.366638,12.766742,Phrase,2,8.540081
11.438815,12.104131,Phrase,1,8.947911
12.710493,16.837908,Phrase,3,11.15557
14.356235,13.982246,Phrase,0,10.283357
12.847471,13.934945,Phrase,2,8.817371
12.157738,12.731467,Phrase,2,11.046857
12.692317,17.214643,Phrase,3,11.155919
13.544014,12.99716,Phrase,1,9.326771
12.309611,14.458889,Phrase,0,10.934619
13.535344,12.7227745,Phrase,1,10.285271
11.637209,14.0058975,Phrase,2,9.561525
12.875315,13.774044,Phrase,2,8.717336
12.182498,14.49102,Phrase,2,10.813014
11.832184,14.952381,Phrase,1,10.916099
12.210185,13.467717,Phrase,2,9.884433
14.69567,13.665526,Phrase,1,9.810253
14.170575,13.2250395,Phrase,0,8.3387575
13.222003,16.480637,Phrase,3,11.497398
12.612143,16.917538,Phrase,3,11.144544
11.97163,16.265072,Phrase,3,11.200315
12.270757,16.350935,Phrase,3,11.926896
12.310444,17.185638,Phrase,3,11.296995
15.559352,12.266367,Phrase,1,10.091715
12.911828,15.314597,Phrase,2,10.067791
13.871108,14.433512,Phrase,0,11.281101
13.373741,15.077643,Phrase,2,10.115679
13.803544,15.420819,Phrase,0,11.438009
14.054027,14.635453,Phrase,0,10.920946
11.303243,12.251958,Phrase,1,9.3395605
13.864382,13.843847,Phrase,2,11.52256
14.345106,15.542813,Phrase,1,11.501028
12.521806,12.935937,Phrase,2,9.482365
12.369735,13.008042,Phrase,2,10.983895
13.460113,13.9281,Phrase,0,11.177433
14.603863,14.040168,Phrase,2,9.738885
14.320232,13.416316,Phrase,1,9.498336
13.306938,14.623012,Phrase,2,9.292237
14.209041,12.436465,Phrase,1,9.796952
12.4844885,13.289337,Phrase,2,10.414182
13.619042,13.629362,Phrase,0,10.776943
12.198003,12.902487,Phrase,2,11.020602
12.087526,15.770841,Phrase,0,10.325548
13.633972,12.233137,Phrase,1,10.747327
12.740582,13.496262,Phrase,2,10.466649
12.244137,15.065441,Phrase,1,10.89179
12.183295,12.049198,Phrase,3,9.723001
13.43804,14.131867,Phrase,0,10.830012
13.446293,14.581288,Phrase,0,9.47435
13.395199,14.168085,Phrase,0,10.698324
12.890456,14.676923,Phrase,0,11.231344
14.543264,14.814013,Phrase,2,9.786749
11.7468195,14.581588,Phrase,2,11.285722
12.414053,15.485775,Phrase,0,10.839208
15.350049,11.365063,Phrase,0,7.8835554
12.649896,13.890967,Phrase,2,9.071179
12.703689,13.332172,Phrase,2,10.52678
12.156613,12.789937,Phrase,2,11.092515
11.953039,16.981293,Phrase,3,11.515415
12.47082,15.092096,Phrase,0,10.586929
14.227465,14.820408,Phrase,0,11.290458
12.387155,14.785614,Phrase,3,11.15638
12.412826,17.015251,Phrase,3,11.2113285
11.89947,12.993441,Phrase,2,10.372878
14.449653,12.359827,Phrase,1,9.909365
13.58801,14.310551,Phrase,0,9.797409
12.624069,13.776567,Phrase,2,8.513018
13.335622,13.827192,Phrase,0,9.815954
12.07699,15.935602,Phrase,3,11.127829
14.265193,12.371129,Phrase,0,8.258601
14.413437,13.684097,Phrase,0,9.67237
13.049685,14.567034,Phrase,0,9.843208
13.983015,13.599861,Phrase,0,10.570373
15.245145,11.580409,Phrase,2,8.091468
11.6698,16.631212,Phrase,3,10.775496
12.841357,13.273418,Phrase,1,10.607168
13.866758,13.543628,Phrase,0,9.350898
11.32485,12.252181,Phrase,1,9.3219795
12.657561,17.098331,Phrase,3,11.036669
14.000204,14.502237,Phrase,2,11.223203
12.403051,13.419615,Phrase,2,9.060509
13.4416275,14.50662,Phrase,0,11.469453
12.103416,13.130715,Phrase,2,8.817143
12.411548,14.144614,Phrase,2,9.484039
14.145879,13.429625,Phrase,1,10.038117
-2.5488553,6.554476,Phrase,1,9.236597
12.853383,16.490759,Phrase,3,10.959692
12.908446,14.191333,Phrase,2,9.036647
13.549473,16.258394,Phrase,0,11.152826
12.236119,13.008378,Phrase,2,10.891544
13.166425,13.139467,Phrase,2,10.10529
13.766372,14.844502,Phrase,2,9.53453
13.338825,13.83378,Phrase,0,9.097576
14.002464,13.974437,Phrase,0,10.7506895
13.618794,13.414861,Phrase,1,11.419951
11.444277,16.642101,Phrase,3,11.002142
12.044234,12.822399,Phrase,2,10.910574
11.814746,14.892734,Phrase,2,10.361055
13.513363,14.37298,Phrase,0,9.954064
12.645641,14.9468975,Phrase,1,11.000049
12.306788,15.280147,Phrase,2,8.976601
12.29372,13.353503,Phrase,2,8.658715
11.959388,13.636353,Phrase,1,10.457809
12.928828,14.021837,Phrase,0,11.166256
13.2564125,13.732437,Phrase,0,9.712317
12.194458,16.760937,Phrase,3,11.553228
12.829815,13.807348,Phrase,2,9.118926
14.052409,13.958174,Phrase,1,11.123776
12.539504,17.202703,Phrase,3,11.386939
14.36023,13.128595,Phrase,1,10.544477
11.823947,13.926287,Phrase,2,9.907397
11.494803,16.720207,Phrase,3,11.212422
12.262141,13.899664,Phrase,2,9.672191
14.263917,14.108658,Phrase,0,11.008507
14.644848,15.482058,Phrase,0,10.852799
11.741098,14.01791,Phrase,1,10.548304
14.113318,14.6445265,Phrase,0,10.920071
11.61588,16.644531,Phrase,3,11.269862
13.950865,14.488687,Phrase,0,10.650083
13.370743,12.446157,Phrase,2,9.090452
13.397252,15.417937,Phrase,0,11.23619
13.907107,14.9436,Phrase,0,11.486459
11.918668,16.571707,Phrase,3,10.995185
-2.5705788,6.542866,Phrase,1,9.211642
13.376929,13.05678,Phrase,0,10.154484
13.058647,12.796962,Phrase,1,10.108294
11.724592,14.337252,Phrase,2,10.957968
12.91828,13.93218,Phrase,0,10.3507595
11.913103,17.136812,Phrase,3,11.424683
13.520339,13.402317,Phrase,0,10.948858
14.245504,13.327573,Phrase,0,10.741095
11.218912,16.096045,Phrase,3,10.93846
14.12334,13.84487,Phrase,1,11.481065
11.886611,14.198892,Phrase,0,11.092777
11.681232,17.087309,Phrase,3,10.868215
11.420663,16.798979,Phrase,3,11.786769
13.0039625,14.143584,Phrase,0,11.486403
11.438024,16.69795,Phrase,3,11.632985
13.800664,14.279359,Phrase,0,10.006916
13.926143,13.511802,Phrase,1,10.938959
11.959173,13.668581,Phrase,2,10.51049
14.414205,14.727442,Phrase,0,11.244303
11.59308,14.635112,Phrase,1,11.35335
12.082265,17.122065,Phrase,3,11.650686
13.579961,13.660876,Phrase,1,12.042212
13.670854,12.459536,Phrase,0,10.701109
13.680018,12.8093195,Phrase,2,8.398792
13.434976,14.203871,Phrase,2,9.145945
14.111229,14.767598,Phrase,0,11.229022
12.413923,12.880314,Phrase,2,10.989725
14.446393,14.647,Phrase,1,12.733008
11.69745,14.9113655,Phrase,0,10.733001
11.804311,13.461238,Phrase,1,10.235458
13.42323,13.669717,Phrase,2,9.361181
14.6506605,13.888248,Phrase,1,9.257543
12.800121,13.203424,Phrase,2,10.475049
11.431214,15.562077,Phrase,2,10.960944
12.430336,17.34084,Phrase,3,11.548897
11.353937,11.828375,Phrase,1,8.978084
13.571835,16.225145,Phrase,0,11.40258
12.1181965,16.153826,Phrase,3,11.664653
13.915685,13.585382,Phrase,2,9.078539
12.570684,13.999853,Phrase,0,10.562066
13.605481,14.639628,Phrase,0,10.601466
12.46036,13.655427,Phrase,2,10.821832
13.862249,14.889845,Phrase,0,11.223996
12.310955,13.572787,Phrase,2,9.442616
13.484788,13.08573,Phrase,1,10.455918
12.420243,13.142059,Phrase,2,11.068478
12.604908,12.813548,Phrase,2,8.527071
14.495088,14.341038,Phrase,0,9.692003
12.0863285,14.465543,Phrase,0,9.62206
12.575241,14.613257,Phrase,2,8.9366
11.360148,16.863642,Phrase,3,11.700229
12.608139,14.218398,Phrase,2,10.735254
14.514572,14.166381,Phrase,0,11.320043
13.612717,14.970358,Phrase,0,11.173499
12.796754,14.153782,Phrase,0,11.20766
13.377818,14.367229,Phrase,0,11.087203
12.187525,12.932236,Phrase,2,10.967164
12.116459,17.102758,Phrase,3,11.31364
11.654275,16.561018,Phrase,3,11.126083
13.809018,12.405581,Phrase,0,8.106687
12.230785,16.704514,Phrase,3,11.868362
12.200689,16.849455,Phrase,3,11.567005
13.757777,12.192023,Phrase,0,8.515775
13.495975,13.744532,Phrase,0,10.561839
13.704785,14.623029,Phrase,0,11.673232
14.169269,13.831183,Phrase,0,10.739481
13.516395,12.631813,Phrase,2,8.945369
12.317385,15.713252,Phrase,1,10.897271
12.718739,14.361663,Phrase,0,10.069198
15.302559,13.103522,Phrase,1,10.021203
11.959814,14.020815,Phrase,1,10.557744
11.938809,14.283653,Phrase,3,11.0706415
14.637142,13.786302,Phrase,0,9.669226
13.732821,13.94318,Phrase,0,10.86097
12.132441,16.531796,Phrase,1,12.632866
14.190228,14.2200365,Phrase,1,11.860039
12.794367,13.802798,Phrase,2,11.262324
13.825913,14.845853,Phrase,0,11.030283
14.097015,14.66749,Phrase,2,9.720654
12.636165,14.380802,Phrase,2,10.803372
12.222825,16.972046,Phrase,3,11.56248
13.116427,13.80401,Phrase,2,11.369495
12.180588,16.433233,Phrase,3,11.16115
13.765028,14.835721,Phrase,0,10.706876
13.624267,14.073471,Phrase,0,11.059592
13.924506,14.043839,Phrase,1,10.515905
14.373861,13.137382,Phrase,1,10.628616
14.944976,13.661352,Phrase,2,9.065211
13.26008,13.374532,Phrase,0,9.672795
12.459964,15.2386055,Phrase,0,10.993751
12.138012,12.754083,Phrase,2,11.06926
12.604042,16.202278,Phrase,3,10.698815
14.281164,13.654308,Phrase,1,10.390049
11.902856,15.88868,Phrase,3,11.367917
14.085181,14.968842,Phrase,0,10.253775
12.201827,16.483637,Phrase,3,11.522921
12.917252,14.516821,Phrase,0,10.030915
13.871451,12.919323,Phrase,2,10.070255
13.843853,14.374502,Phrase,0,11.249239
12.353861,14.817133,Phrase,0,10.563216
11.224928,14.905537,Phrase,2,10.485028
13.567056,13.379784,Phrase,0,11.065789
11.650861,13.07133,Phrase,0,8.732921
12.834142,13.356793,Phrase,2,10.590233
13.452654,13.109029,Phrase,2,9.002021
13.4219675,13.270812,Phrase,0,8.810198
12.78284,14.005886,Phrase,0,9.722141
13.357629,14.265923,Phrase,0,9.463614
11.718795,16.60134,Phrase,3,10.902669
12.536223,13.053408,Phrase,1,9.055027
13.061586,13.109582,Phrase,1,10.751015
14.284394,14.83784,Phrase,2,10.773476
14.5849695,14.6358595,Phrase,1,9.805501
13.687888,13.482216,Phrase,1,10.849708
13.005971,14.589949,Phrase,2,9.932827
15.352659,11.360558,Phrase,0,7.8830867
13.761836,15.14333,Phrase,0,10.817829
11.83769,11.811696,Phrase,2,9.382122
14.015933,14.21434,Phrase,0,11.025986
12.757077,12.925813,Phrase,0,8.474971
13.445312,13.76433,Phrase,2,8.97016
13.579617,14.676233,Phrase,0,10.992748
13.860626,13.793377,Phrase,2,10.570628
14.434079,13.634505,Phrase,0,9.701987
13.945231,14.4387865,Phrase,0,9.822934
14.335263,12.795677,Phrase,1,10.485391
13.717576,14.5430765,Phrase,2,11.847661
12.54746,17.319164,Phrase,3,11.087418
13.263678,14.529707,Phrase,0,11.268542
15.347183,12.880332,Phrase,1,10.110661
13.523765,13.556017,Phrase,0,9.081997
11.73937,16.394476,Phrase,3,11.130147
11.657382,14.557414,Phrase,2,9.915196
13.23606,13.790426,Phrase,1,10.745471
12.050428,15.010373,Phrase,3,11.089004
12.299652,12.83217,Phrase,1,11.228653
14.313177,13.512321,Phrase,1,11.0339575
11.953692,13.36719,Phrase,2,10.624624
14.325721,13.090168,Phrase,1,11.82111
14.455887,12.812219,Phrase,1,9.718917
12.197542,15.747401,Phrase,2,10.367419
15.155726,13.57513,Phrase,1,10.208391
13.994682,15.219366,Phrase,0,11.024884
12.539245,17.31662,Phrase,3,11.351695
14.478142,12.357077,Phrase,0,8.532354
13.122477,14.776133,Phrase,2,11.047268
11.524689,15.008726,Phrase,0,10.896186
11.566677,16.16771,Phrase,3,11.565316
12.773589,13.30562,Phrase,2,10.319921
12.35588,13.472862,Phrase,2,9.781969
13.407571,14.441535,Phrase,0,11.38187
11.99283,12.808331,Phrase,2,10.971154
12.222315,13.55859,Phrase,2,10.151075
12.536141,13.057342,Phrase,2,9.190379
14.062813,12.474267,Phrase,2,9.612717
14.839956,13.490265,Phrase,1,11.052878
14.224173,12.637063,Phrase,2,10.151872
11.571509,16.502651,Phrase,3,11.066693
12.406384,13.536281,Phrase,2,10.43295
13.882532,12.342619,Phrase,2,8.769496
13.111111,12.621667,Phrase,2,11.03751
12.533288,12.440264,Phrase,2,9.039714
11.524351,14.509841,Phrase,2,9.814385
12.877264,14.058903,Phrase,0,10.784127
11.771831,14.482956,Phrase,1,10.722927
13.696292,13.05246,Phrase,1,11.646849
14.744621,14.082124,Phrase,0,10.682398
13.053347,12.746308,Phrase,1,10.318086
13.708507,12.478613,Phrase,1,9.014523
13.631733,13.914566,Phrase,0,10.551569
11.500555,12.066043,Phrase,1,8.873563
14.163755,13.247177,Phrase,1,9.707986
14.6484375,14.824572,Phrase,0,11.442867
12.949205,13.207861,Phrase,0,9.683471
13.802869,14.873278,Phrase,0,11.312021
15.436835,13.150111,Phrase,1,10.103777
14.022358,13.221212,Phrase,2,9.808296
14.838623,11.733485,Phrase,0,8.093544
12.753191,12.490647,Phrase,1,10.615808
11.750772,-0.9236921,Phrase,2,11.304949
14.249758,13.296946,Phrase,1,9.246697
13.959977,13.788591,Phrase,0,9.780137
12.462457,16.130053,Phrase,3,11.231846
12.358373,13.300054,Phrase,2,9.747128
12.793835,14.793921,Phrase,2,9.496048
12.04047,14.003594,Phrase,1,11.241217
14.572782,13.849307,Phrase,1,11.016274
11.7561455,14.507911,Phrase,2,10.535768
14.221408,13.535159,Phrase,1,11.259844
12.825712,14.590376,Phrase,2,9.316431
12.939786,14.045846,Phrase,0,11.257164
13.652293,14.255517,Phrase,0,10.9000435
14.010358,12.597268,Phrase,2,10.293885
12.7617655,14.529017,Phrase,2,8.9896
12.618426,15.535058,Phrase,0,11.251634
11.605828,15.861389,Phrase,3,11.001172
13.271013,13.467942,Phrase,2,11.183783
13.880569,14.146717,Phrase,1,11.570508
13.968771,15.303432,Phrase,0,10.265307
15.182079,13.767995,Phrase,1,10.099093
12.413238,15.353635,Phrase,3,11.193506
14.579669,14.444515,Phrase,2,9.821243
13.362267,14.163125,Phrase,0,10.910876
13.783576,14.673019,Phrase,0,11.432094
12.194719,13.175504,Phrase,2,9.045935
12.358456,15.983029,Phrase,3,11.950712
12.185087,13.691166,Phrase,2,9.162159
12.264909,14.511098,Phrase,1,11.009272
11.689742,16.100883,Phrase,3,11.255848
14.293053,13.112615,Phrase,1,10.568172
11.822125,15.447282,Phrase,2,10.128182
12.23532,13.171059,Phrase,2,8.893013
12.160463,13.241219,Phrase,2,8.942181
12.167357,13.571951,Phrase,2,9.221283
11.820534,16.973486,Phrase,3,11.2209425
12.889796,13.949623,Phrase,2,9.007195
13.345521,14.413931,Phrase,0,11.532585
14.234692,13.890939,Phrase,0,10.181457
13.499525,13.932789,Phrase,2,8.838793
12.790171,13.191962,Phrase,2,10.499451
13.416285,15.337232,Phrase,0,9.747011
12.038008,13.225536,Phrase,2,8.824767
13.93457,14.984287,Phrase,0,10.9532585
12.464029,14.120762,Phrase,2,10.134914
13.846755,14.8569765,Phrase,0,9.743284
11.625898,16.665915,Phrase,3,10.39718
12.248144,16.753473,Phrase,3,11.722411
-2.56254,6.5509443,Phrase,1,9.220136
15.303657,13.190953,Phrase,1,10.054101
13.787286,14.107447,Phrase,0,10.847443
13.721601,15.486429,Phrase,0,10.864549
14.606822,14.753184,Phrase,0,11.494899
11.940898,11.9040165,Phrase,1,9.333014
12.140158,16.992626,Phrase,3,10.774609
12.138566,14.0206175,Phrase,0,10.268338
13.820204,15.526855,Phrase,0,10.8487215
13.702757,13.677859,Phrase,2,10.049255
13.264621,13.878905,Phrase,0,10.532775
12.70416,17.204071,Phrase,3,11.114082
13.263134,15.501393,Phrase,1,11.169042
13.074813,13.031535,Phrase,1,10.410657
12.257466,12.820002,Phrase,2,11.087323
12.130105,13.243562,Phrase,2,9.065343
12.78382,15.082484,Phrase,0,11.269445
13.934148,14.023391,Phrase,0,11.283722
14.841904,12.183729,Phrase,3,8.561795
12.075236,12.692227,Phrase,2,11.108913
12.144522,17.059805,Phrase,3,10.807334
14.488597,12.33425,Phrase,1,9.911026
13.779505,14.33145,Phrase,0,11.16971
12.902748,13.987499,Phrase,0,9.456111
11.373884,15.619877,Phrase,0,10.686603
14.791226,13.037572,Phrase,1,10.236766
12.078319,16.622149,Phrase,3,10.772748
13.773284,14.14915,Phrase,1,11.887468
11.977052,14.537537,Phrase,3,10.433486
12.538682,13.939171,Phrase,2,11.008212
14.447521,14.648738,Phrase,1,12.731918
11.6166725,14.729254,Phrase,0,10.846128
11.228738,11.788651,Phrase,1,8.947187
13.359021,13.563008,Phrase,2,9.070931
13.089847,13.856082,Phrase,2,9.598225
11.285249,12.111827,Phrase,1,8.78869
12.353688,15.770932,Phrase,3,11.622005
11.885377,13.421725,Phrase,2,9.69675
14.524269,13.907251,Phrase,1,8.749179
14.665465,12.034501,Phrase,2,8.084113
13.130159,14.013934,Phrase,0,10.257852
12.576181,13.177399,Phrase,2,11.13795
11.952362,14.166742,Phrase,2,10.920839
12.409253,17.182285,Phrase,3,11.409435
13.4973135,14.693727,Phrase,2,9.235302
11.939961,14.190518,Phrase,0,10.933688
12.326857,15.652015,Phrase,3,10.946287
12.962446,13.612956,Phrase,2,9.63291
11.7654505,16.66282,Phrase,3,11.594654
13.556829,15.771182,Phrase,3,11.33799
12.58411,14.786974,Phrase,0,10.167711
12.438603,14.11901,Phrase,0,10.157865
12.627167,14.971203,Phrase,1,11.041552
14.00168,12.756324,Phrase,1,8.214694
14.069339,12.937959,Phrase,2,9.762367
12.253932,12.933854,Phrase,2,10.904741
13.537863,14.39731,Phrase,0,11.137157
11.9733515,14.074009,Phrase,1,10.874197
11.812877,15.399712,Phrase,3,10.849238
11.282873,12.683905,Phrase,1,9.643733
11.27358,12.228077,Phrase,1,9.336541
14.154411,14.620697,Phrase,0,11.148713
12.1052,12.749984,Phrase,1,11.139266
11.899613,13.976906,Phrase,0,10.068108
14.185863,13.698163,Phrase,2,10.307521
11.890968,14.196884,Phrase,3,11.079412
14.411388,13.212716,Phrase,1,10.627726
13.984828,13.448115,Phrase,2,10.570386
15.209522,13.0336075,Phrase,1,9.978039
14.024689,13.99151,Phrase,1,11.938878
14.303535,14.939291,Phrase,0,10.677131
12.938134,13.398744,Phrase,1,10.661424
12.232264,15.183559,Phrase,2,10.659428
11.65419,13.6906395,Phrase,2,8.73627
13.7208805,13.438174,Phrase,1,9.511498
13.943083,13.7783165,Phrase,0,10.769253
12.166003,12.916004,Phrase,2,10.677031
11.859995,14.237937,Phrase,2,10.302433
14.043278,13.531723,Phrase,1,11.222232
12.045793,14.636583,Phrase,2,11.323859
12.26818,15.296833,Phrase,2,11.041299
12.007148,12.775281,Phrase,2,10.976017
10.872583,12.375684,Phrase,1,9.256624
13.664536,13.466051,Phrase,1,10.286611
11.825017,13.77844,Phrase,2,9.655827
14.366646,13.059783,Phrase,1,10.679086
13.39771,13.626013,Phrase,2,8.804461
12.774168,14.056616,Phrase,2,10.155512
12.991066,13.57376,Phrase,2,9.801773
13.765292,13.982255,Phrase,2,10.635557
14.063528,14.532778,Phrase,0,10.5818205
13.616407,13.72117,Phrase,0,10.796196
14.205309,14.521088,Phrase,0,10.211754
13.696048,14.154903,Phrase,0,10.616943
11.770667,13.938434,Phrase,2,9.782196
12.100229,16.164135,Phrase,3,11.225939
12.493976,15.755009,Phrase,3,11.435883
14.241834,13.68585,Phrase,2,10.358132
12.4567795,15.360287,Phrase,2,10.416737
12.506887,14.389233,Phrase,0,9.28984
14.766123,14.436565,Phrase,2,10.177311
14.069624,12.352524,Phrase,2,9.700123
11.925969,16.438509,Phrase,3,11.6871395
15.0566845,13.233545,Phrase,1,10.364004
12.077473,17.104881,Phrase,3,10.8376465
12.066739,16.087242,Phrase,3,10.375165
12.382702,12.698295,Phrase,2,10.654578
13.539914,14.533171,Phrase,0,10.671825
12.10777,16.99829,Phrase,3,11.164604
13.522112,13.228763,Phrase,2,9.608093
13.46968,14.677225,Phrase,0,10.757902
12.936448,15.361774,Phrase,1,10.993142
13.638471,14.115886,Phrase,0,10.279719
11.754598,16.749018,Phrase,3,11.234097
12.429318,16.813963,Phrase,3,11.432596
14.546581,13.31416,Phrase,2,10.168409
11.669656,12.135872,Phrase,2,9.085827
14.127341,13.701052,Phrase,1,10.765509
13.157558,14.675838,Phrase,1,12.371574
13.621394,14.115701,Phrase,0,10.299912
14.072066,15.59151,Phrase,0,10.867122
13.704536,12.845904,Phrase,2,8.969162
12.761163,13.153373,Phrase,2,10.822006
14.654071,14.537038,Phrase,0,10.275407
14.324242,15.0077715,Phrase,0,10.9143305
13.851179,13.549606,Phrase,0,10.047015
12.689669,13.184177,Phrase,2,10.525985
15.433684,13.379029,Phrase,1,9.86967
12.763587,14.789442,Phrase,0,10.720287
11.507588,16.695059,Phrase,3,11.489294
13.592444,15.084332,Phrase,0,11.168676
12.885039,14.810274,Phrase,0,10.649517
13.199932,14.865804,Phrase,0,11.155194
12.48646,16.547968,Phrase,3,11.304005
13.973684,14.326287,Phrase,1,10.33377
11.8159275,16.591381,Phrase,3,11.722744
12.5062895,12.605162,Phrase,1,10.806772
12.077068,17.079313,Phrase,3,10.789117
13.436807,13.38595,Phrase,0,9.676374
13.860491,12.450865,Phrase,2,9.688157
11.88917,13.623486,Phrase,2,8.919648
12.676015,14.209062,Phrase,2,8.450156
14.779273,13.979346,Phrase,0,10.214759
11.574246,16.643646,Phrase,3,11.262378
14.044707,14.620833,Phrase,0,10.924239
11.667685,17.153357,Phrase,3,10.697215
11.949004,17.071184,Phrase,3,11.565208
11.466703,16.81614,Phrase,3,11.099137
12.536401,13.260786,Phrase,2,10.5006895
12.805771,13.379501,Phrase,2,10.426801
12.390642,14.565522,Phrase,2,9.189927
11.955116,15.407483,Phrase,0,10.437008
14.216473,12.335851,Phrase,1,9.870907
12.67569,12.784108,Phrase,1,9.876767
12.674373,13.531355,Phrase,2,10.097989
13.440759,15.552576,Phrase,0,10.725623
13.073882,14.116086,Phrase,2,8.541056
13.195316,13.498728,Phrase,2,9.219325
11.392381,15.024584,Phrase,0,10.446925
12.375019,17.230461,Phrase,3,11.320739
12.357611,13.907145,Phrase,1,10.450464
13.501894,13.229418,Phrase,0,11.646553
13.751836,13.709572,Phrase,2,11.215368
13.547834,14.082682,Phrase,2,9.62313
11.980237,17.352129,Phrase,3,11.457045
14.690185,14.877861,Phrase,1,10.925144
12.721719,17.185734,Phrase,3,11.309136
12.714828,14.847905,Phrase,2,10.183512
14.102382,13.4142885,Phrase,2,10.447072
11.914187,14.954311,Phrase,2,10.314437
12.397288,16.704037,Phrase,3,11.190489
12.187946,15.996162,Phrase,3,10.913309
13.935662,13.661935,Phrase,2,11.870272
12.391182,14.901551,Phrase,2,10.350975
14.134069,13.774755,Phrase,1,11.867098
12.632711,14.322999,Phrase,2,9.49026
12.0023775,17.059462,Phrase,3,11.497224
13.425573,12.802782,Phrase,1,10.287517
14.495416,14.3124,Phrase,0,10.940375
12.391462,17.410547,Phrase,3,11.285398
11.48242,15.020539,Phrase,1,10.876464
13.707939,15.409967,Phrase,2,9.968438
11.4977045,16.609808,Phrase,3,11.6465435
12.135213,16.648514,Phrase,3,12.055305
12.260399,15.900951,Phrase,3,11.277111
12.335976,15.147832,Phrase,3,10.939682
11.65801,16.893944,Phrase,3,11.243378
14.295272,13.004396,Phrase,1,10.699276
11.917918,12.002863,Phrase,1,9.205241
12.997118,13.883872,Phrase,2,11.249556
13.646006,15.081236,Phrase,0,10.9081335
13.732669,15.350387,Phrase,0,10.680888
12.0865555,15.772985,Phrase,0,9.936793
12.544248,13.412134,Phrase,2,9.572544
15.23431,13.064633,Phrase,1,10.233602
13.363745,12.567234,Phrase,2,9.97725
14.169047,14.899206,Phrase,0,10.711264
12.33974,15.383059,Phrase,2,10.358977
11.595678,12.0824,Phrase,2,9.117746
11.957295,16.59232,Phrase,3,11.065308
13.227192,14.362564,Phrase,0,11.516217
11.835381,17.173445,Phrase,3,11.417994
13.208704,14.407625,Phrase,0,9.811563
12.5359955,13.905252,Phrase,1,10.196385
13.346461,13.992337,Phrase,0,10.424384
13.823054,12.509781,Phrase,2,8.044424
11.41264,16.691404,Phrase,3,11.639885
13.969735,13.709118,Phrase,0,9.583363
15.554819,12.268194,Phrase,1,10.106143
14.153237,14.145085,Phrase,0,10.421631
13.386254,15.577313,Phrase,0,11.473282
11.877036,14.800036,Phrase,2,7.9058995
14.194869,14.320829,Phrase,0,11.1938715
14.83666,13.424962,Phrase,1,9.05521
12.105656,16.889944,Phrase,3,11.552494
14.954886,13.798766,Phrase,0,10.22344
13.153939,13.904341,Phrase,0,9.083883
14.366085,14.163602,Phrase,0,10.657149
13.791141,14.535787,Phrase,0,10.793117
-2.5626826,6.550731,Phrase,1,9.219588
14.219278,13.6352005,Phrase,0,11.135394
11.690256,14.480757,Phrase,2,10.162431
14.912684,13.585095,Phrase,1,9.870388
14.481807,13.834871,Phrase,2,9.732648
14.199621,13.27682,Phrase,1,11.334302
13.946128,15.165879,Phrase,0,10.342955
13.585192,13.193003,Phrase,1,9.015637
13.856977,14.003339,Phrase,0,10.241734
14.396604,14.243625,Phrase,0,11.335773
14.01435,13.973963,Phrase,0,10.643501
13.345936,13.742831,Phrase,2,8.966428
14.142283,13.840341,Phrase,1,11.570378
14.109131,12.044627,Phrase,1,9.519171
12.332778,14.401274,Phrase,0,10.432552
13.955865,12.567104,Phrase,2,9.962382
11.504577,15.574696,Phrase,0,10.597081
14.090421,14.010878,Phrase,1,11.860051
13.245027,13.417562,Phrase,1,10.976523
12.092569,12.741879,Phrase,1,11.133567
11.987432,14.092282,Phrase,2,8.414877
11.664825,16.381634,Phrase,3,10.876928
13.180177,15.2888565,Phrase,2,10.430037
14.995206,10.526821,Phrase,1,9.75494
12.33482,13.437412,Phrase,2,10.5809
13.70189,14.128157,Phrase,0,11.415532
13.805945,15.451125,Phrase,0,10.395481
12.02084,16.839733,Phrase,3,11.230436
14.19742,14.168109,Phrase,0,9.939654
12.904271,13.787751,Phrase,0,10.072232
13.435106,13.738104,Phrase,2,9.034073
14.104662,14.46621,Phrase,2,10.353568
14.4509945,14.882234,Phrase,0,11.028115
12.209172,13.8944,Phrase,2,10.446991
14.311274,14.820882,Phrase,0,10.780892
13.479445,16.110302,Phrase,2,11.324168
13.855196,13.131019,Phrase,1,8.791516
14.230002,13.196785,Phrase,1,8.022318
12.10961,12.77861,Phrase,2,11.069775
14.306275,13.88737,Phrase,1,10.738184
14.957445,13.669605,Phrase,1,11.713091
13.73433,14.045925,Phrase,0,10.088635
14.480741,13.944291,Phrase,1,9.369157
13.387415,13.111554,Phrase,2,7.6592393
12.078886,16.563265,Phrase,3,11.7266445
12.527556,14.26824,Phrase,2,10.370321
11.890961,17.314352,Phrase,3,10.9336815
12.728565,14.069852,Phrase,2,9.826841
13.383366,14.200559,Phrase,2,10.044045
14.152219,13.383621,Phrase,1,10.48189
12.515893,14.152593,Phrase,2,11.535779
15.434706,11.925137,Phrase,0,11.062969
11.957306,14.048221,Phrase,0,10.932261
14.115229,13.0983515,Phrase,0,9.866422
13.447964,14.324719,Phrase,0,10.217065
13.820745,12.467182,Phrase,2,9.564057
14.157621,12.215693,Phrase,2,10.808334
13.519497,13.683661,Phrase,1,12.208325
13.846797,14.215075,Phrase,0,11.058559
14.755981,12.856866,Phrase,1,10.574515
13.848705,13.523914,Phrase,2,10.171359
11.950874,14.734979,Phrase,0,11.233489
12.590628,13.47164,Phrase,2,10.469563
15.023265,13.773922,Phrase,2,11.593201
15.232733,13.608259,Phrase,1,10.129538
14.067753,13.836158,Phrase,0,10.7682495
12.4794855,14.963476,Phrase,0,11.112471
12.144327,12.75372,Phrase,1,11.15951
14.156568,14.139249,Phrase,0,11.706765
15.364664,12.947822,Phrase,1,10.278617
13.940645,13.7639265,Phrase,0,11.624878
12.1109915,15.835313,Phrase,3,10.144767
13.8535595,13.479721,Phrase,0,10.863055
13.81154,13.681535,Phrase,1,10.791523
12.395278,12.266517,Phrase,1,9.837604
13.539528,14.445199,Phrase,0,10.681984
11.196228,16.223118,Phrase,3,10.952005
14.847862,14.037659,Phrase,2,11.465927
12.379782,13.553035,Phrase,0,9.820761
14.905278,13.916865,Phrase,1,10.209779
14.135901,12.591165,Phrase,2,9.864085
11.978244,16.144777,Phrase,3,11.75755
14.050445,14.740906,Phrase,0,10.446916
12.497042,14.138921,Phrase,0,11.18634
12.488492,15.490382,Phrase,0,11.011393
12.581994,14.590776,Phrase,2,9.873263
11.945434,12.979509,Phrase,2,10.833613
14.331718,13.091714,Phrase,1,11.815684
13.46209,14.197144,Phrase,0,10.63031
13.386446,13.839719,Phrase,0,11.08772
15.738888,13.645943,Phrase,1,10.090761
13.234275,14.439434,Phrase,0,11.061369
13.661611,13.346838,Phrase,1,11.274987
11.589786,15.795148,Phrase,3,11.388466
12.011613,17.020649,Phrase,3,11.095918
14.767828,11.376265,Phrase,0,6.9460235
13.868743,14.854312,Phrase,1,11.272813
13.227357,14.561104,Phrase,0,10.574445
14.017453,14.722758,Phrase,0,9.869976
15.086473,13.937926,Phrase,1,10.187687
14.069155,15.230406,Phrase,0,10.676662
12.5662775,17.286495,Phrase,3,11.351951
13.250317,14.112556,Phrase,0,10.884321
11.498398,16.478647,Phrase,3,11.0937395
12.244608,13.0765,Phrase,2,8.871067
12.274679,13.12547,Phrase,2,9.059976
12.514324,14.174668,Phrase,1,10.688791
11.899072,16.973787,Phrase,3,11.592586
12.865049,14.224388,Phrase,0,9.790422
12.307114,12.863724,Phrase,0,11.136448
13.584384,12.592223,Phrase,1,11.675521
12.352196,13.968847,Phrase,2,9.307429
14.45335,14.675284,Phrase,0,11.512273
12.411206,14.263083,Phrase,1,10.916442
14.223557,12.403401,Phrase,1,9.845948
15.314249,13.096171,Phrase,1,10.116757
13.699093,14.676853,Phrase,0,10.770989
11.771006,13.264773,Phrase,2,8.627392
14.155132,15.606961,Phrase,2,11.496118
13.454894,13.577118,Phrase,2,8.722794
13.141001,14.108418,Phrase,0,9.672906
14.793981,12.96805,Phrase,1,9.098589
12.008907,12.654759,Phrase,2,11.0722
15.794999,13.472575,Phrase,1,10.001086
12.64806,14.516341,Phrase,2,8.95924
14.579931,13.471374,Phrase,1,9.685543
12.240098,13.18088,Phrase,2,8.694357
14.173232,15.615789,Phrase,0,11.302832
11.323557,15.644544,Phrase,3,11.178573
13.869282,15.185723,Phrase,0,11.3232355
12.60369,13.885317,Phrase,2,10.169045
13.376479,13.113484,Phrase,1,11.314982
12.435045,15.0970955,Phrase,0,10.927204
13.325943,12.84262,Phrase,1,9.743669
15.038888,13.396341,Phrase,2,9.505032
14.288986,14.350262,Phrase,1,11.694784
13.082038,13.992926,Phrase,0,9.444832
12.082996,16.873596,Phrase,3,11.4908085
15.023833,13.473378,Phrase,1,10.889901
13.526892,13.009837,Phrase,1,9.840229
14.904039,14.1550665,Phrase,0,10.950892
13.752739,12.176086,Phrase,0,8.4926815
13.84559,14.400794,Phrase,0,11.0279045
12.929196,14.760388,Phrase,0,11.588486
13.335036,14.461589,Phrase,0,11.44515
11.493231,15.4671545,Phrase,0,10.656388
14.610247,13.781192,Phrase,1,11.546078
11.574934,13.148525,Phrase,2,9.101434
11.85487,13.596907,Phrase,2,9.211396
12.902701,14.150675,Phrase,2,8.696178
11.674194,16.579058,Phrase,3,11.201549
12.375522,14.596542,Phrase,0,10.992688
15.2236395,13.675999,Phrase,1,10.215615
13.5005245,14.272003,Phrase,0,11.138585
15.2717285,13.802507,Phrase,2,9.790729
12.713139,17.30379,Phrase,3,11.228794
12.0282,14.060119,Phrase,0,11.242537
11.7691,13.801194,Phrase,0,10.036398
14.952895,14.245436,Phrase,1,9.34493
12.385744,14.047499,Phrase,2,9.280501
15.262234,13.020102,Phrase,1,10.306405
15.747529,13.677676,Phrase,1,10.080151
12.82209,12.924671,Phrase,2,8.913133
11.895253,13.255931,Phrase,2,9.044044
13.546931,16.283716,Phrase,0,11.426977
13.9481945,14.905288,Phrase,0,10.972183
11.862306,13.953418,Phrase,0,10.8071165
12.193477,13.47925,Phrase,2,8.837749
13.864854,15.527436,Phrase,1,11.021289
13.429484,13.893953,Phrase,2,10.317489
12.908661,15.156072,Phrase,2,11.078808
11.855152,13.260007,Phrase,2,8.755042
13.93194,15.021653,Phrase,0,10.782168
12.925945,14.031923,Phrase,0,9.980521
12.383847,15.240543,Phrase,3,11.255667
12.005226,14.861247,Phrase,2,10.054504
12.093213,14.830348,Phrase,0,10.989799
13.567537,14.5158,Phrase,2,11.314636
12.725788,17.34117,Phrase,3,11.151188
14.159267,13.286099,Phrase,2,8.021078
12.171323,13.004054,Phrase,2,8.861847
13.822458,16.616749,Phrase,1,10.9660425
13.562535,13.615118,Phrase,2,10.071925
13.978889,13.361405,Phrase,0,11.266223
13.134801,11.857427,Phrase,1,11.377638
14.553567,14.42502,Phrase,1,9.537519
11.792646,14.218983,Phrase,0,10.469045
13.887905,14.196338,Phrase,2,9.778571
12.054931,16.635622,Phrase,3,11.049287
13.406785,15.265042,Phrase,2,8.42912
12.3966465,14.575566,Phrase,0,11.114516
13.191323,13.309844,Phrase,2,9.107969
12.519715,16.469877,Phrase,3,11.297304
13.819397,13.903654,Phrase,0,10.221016
13.22574,13.634693,Phrase,2,9.718612
14.560405,13.760495,Phrase,0,9.3430805
14.105217,13.906041,Phrase,0,11.375029
13.590433,13.919474,Phrase,2,8.949149
13.319576,14.400228,Phrase,0,11.064075
15.360347,13.089477,Phrase,1,10.102439
12.56428,13.49767,Phrase,2,9.317406
15.126664,13.0077095,Phrase,1,9.882264
14.109176,14.70126,Phrase,0,9.686359
13.540212,13.454327,Phrase,0,10.51796
13.086063,16.559013,Phrase,3,10.777463
11.93149,15.291438,Phrase,0,10.726821
13.494289,14.083078,Phrase,0,11.6149235
14.340023,14.271536,Phrase,0,10.719984
12.581726,15.179742,Phrase,3,11.478808
13.214672,14.872091,Phrase,0,10.96988
11.497003,16.797895,Phrase,3,11.765463
12.619907,16.746197,Phrase,3,11.473241
11.163658,16.16362,Phrase,3,10.791183
12.33883,15.048885,Phrase,0,10.121686
11.418942,15.482469,Phrase,2,10.466339
14.610066,15.533165,Phrase,0,10.716223
13.813228,13.737475,Phrase,0,10.765879
10.909115,12.370631,Phrase,1,9.235341
11.269765,12.245665,Phrase,1,9.355135
12.269624,15.203422,Phrase,0,10.948801
12.051329,16.114859,Phrase,3,11.627027
13.471317,14.331286,Phrase,1,11.037141
11.93216,16.802881,Phrase,3,11.449894
-2.5628145,6.550645,Phrase,1,9.219581
13.219108,13.98465,Phrase,2,8.890779
13.7985525,13.176287,Phrase,2,9.768978
11.984141,16.255579,Phrase,3,11.012004
13.51594,14.639102,Phrase,0,11.253123
11.88971,16.690311,Phrase,3,10.952314
12.563329,13.690917,Phrase,1,10.8480625
12.104176,15.846401,Phrase,3,10.645736
12.47275,17.46911,Phrase,3,11.382949
11.834285,16.749327,Phrase,3,11.47847
13.237118,14.36041,Phrase,2,10.457067
12.086157,12.4546175,Phrase,2,8.556856
14.501956,14.234333,Phrase,1,10.680241
15.801434,13.634207,Phrase,0,10.099292
14.345575,13.420603,Phrase,1,9.366464
12.267536,13.192793,Phrase,2,9.287813
12.736982,15.381777,Phrase,3,12.433588
13.93562,14.272501,Phrase,0,10.080358
13.510269,13.045743,Phrase,0,10.353361
12.347786,15.672438,Phrase,3,10.992955
14.061499,13.591232,Phrase,0,10.656466
12.044715,12.946649,Phrase,2,10.900889
13.820104,14.596959,Phrase,0,11.403181
12.79112,13.150797,Phrase,2,10.338761
12.027053,14.224035,Phrase,2,10.946382
12.667404,15.944988,Phrase,3,11.552862
14.543719,14.806131,Phrase,0,11.36675
14.301793,14.394939,Phrase,0,10.930923
13.416932,15.983603,Phrase,0,10.586654
14.336486,13.083643,Phrase,1,11.823178
13.949273,13.912509,Phrase,0,10.947607
14.146113,14.881395,Phrase,0,11.375978
12.545064,13.150871,Phrase,2,10.738976
13.11963,14.560048,Phrase,0,10.667561
14.224402,13.639532,Phrase,1,9.165947
13.958424,13.671006,Phrase,1,10.337332
13.936972,15.444489,Phrase,0,10.230723
11.381868,16.673483,Phrase,3,11.633024
14.941568,13.75622,Phrase,2,11.312508
15.15604,13.056686,Phrase,1,10.227765
15.608785,13.730756,Phrase,0,10.066857
13.276863,13.884457,Phrase,0,11.396981
14.076959,14.123973,Phrase,0,11.133389
14.169665,14.028434,Phrase,2,8.9036
15.323861,11.386198,Phrase,2,7.881301
13.516803,14.028965,Phrase,0,11.072781
13.086649,13.841367,Phrase,0,9.384768
14.604394,13.817451,Phrase,2,8.794814
12.125042,16.180874,Phrase,3,11.362324
11.561778,14.659305,Phrase,1,10.79732
13.340233,14.411098,Phrase,0,11.064449
11.433371,15.567689,Phrase,0,10.680814
12.02391,16.58008,Phrase,3,10.885424
12.644285,14.238495,Phrase,2,10.099989
12.454973,15.977248,Phrase,2,11.901256
14.578238,14.605151,Phrase,0,11.630172
13.448882,14.939377,Phrase,0,10.252171
12.944275,13.342263,Phrase,2,10.621181
13.711559,13.820262,Phrase,0,9.892532
13.750493,13.963448,Phrase,0,10.839629
14.431259,12.668309,Phrase,2,10.201455
13.01786,14.50688,Phrase,2,11.220478
13.889652,13.457218,Phrase,2,11.055247
11.211207,16.086258,Phrase,3,10.861097
13.620051,14.025345,Phrase,2,11.702081
12.08641,16.54081,Phrase,3,11.638346
14.833224,13.719525,Phrase,1,9.655179
13.949451,13.393028,Phrase,1,9.296366
14.202317,14.483678,Phrase,0,10.723989
13.893568,13.702995,Phrase,2,9.598941
14.169895,13.164608,Phrase,1,11.666484
13.584146,12.601455,Phrase,1,11.681054
11.972564,15.022291,Phrase,0,10.902657
13.4757185,14.26536,Phrase,0,10.375573
12.296662,12.842241,Phrase,2,8.838124
12.307303,14.243782,Phrase,0,8.898327
14.506541,14.769069,Phrase,0,11.370621
12.669583,13.3882885,Phrase,0,10.9895735
12.715927,14.787181,Phrase,0,11.10586
13.565976,15.203018,Phrase,1,11.370285
12.684992,14.178445,Phrase,0,9.868252
14.446632,14.069911,Phrase,2,10.4148
13.23653,13.1267185,Phrase,2,10.329635
12.670176,13.275012,Phrase,2,10.642858
11.843561,16.346968,Phrase,3,11.524023
13.677079,14.19219,Phrase,0,10.060186
12.970036,14.97312,Phrase,0,12.561198
12.114667,13.777981,Phrase,2,9.543489
14.53209,13.909206,Phrase,2,8.717819
11.844794,14.60631,Phrase,0,11.339884
12.272966,16.715626,Phrase,3,11.470013
12.221039,12.068997,Phrase,0,9.776667
12.897495,13.165445,Phrase,2,9.901963
11.875498,14.7154,Phrase,2,10.475893
13.314433,13.357428,Phrase,1,11.042496
13.7332115,12.976492,Phrase,2,9.824608
13.902939,14.147161,Phrase,0,10.594194
11.99589,12.569583,Phrase,2,8.50375
14.013756,13.612114,Phrase,0,10.7776
13.475167,13.9320545,Phrase,2,10.011214
13.515142,14.644355,Phrase,0,11.139227
14.089896,13.378078,Phrase,1,10.127203
13.654319,13.712263,Phrase,0,10.391889
13.377823,12.778631,Phrase,2,9.383842
14.16222,12.078182,Phrase,1,10.803419
12.216075,16.90528,Phrase,3,11.117259
14.133535,13.322626,Phrase,1,10.597186
12.084849,15.057559,Phrase,1,11.073153
11.8719635,15.363838,Phrase,3,11.048239
13.05142,13.966706,Phrase,2,8.836618
15.339038,13.0173235,Phrase,1,10.012004
12.889297,13.562175,Phrase,2,9.491318
13.849849,15.191578,Phrase,0,10.64057
15.511721,13.353671,Phrase,1,9.874103
11.551118,14.882042,Phrase,0,10.851095
13.073904,14.904495,Phrase,0,10.283121
13.066942,14.363979,Phrase,2,11.732095
11.449472,16.556911,Phrase,3,11.756553
15.10227,13.638085,Phrase,1,10.069479
15.256792,13.031773,Phrase,1,10.101629
12.186532,16.197248,Phrase,3,10.356833
13.68118,14.114397,Phrase,2,10.4619875
13.97398,13.051219,Phrase,1,9.852804
15.131409,13.049803,Phrase,1,10.500113
12.821811,14.106208,Phrase,0,9.418272
14.851458,13.369714,Phrase,1,9.9271145
12.1220665,12.797699,Phrase,2,11.060045
12.736045,17.229086,Phrase,3,11.362497
12.706625,13.090811,Phrase,2,10.577659
12.247659,16.01027,Phrase,3,11.385732
11.898411,14.562156,Phrase,2,10.721015
12.234068,13.924262,Phrase,2,8.741858
12.232706,16.704433,Phrase,3,12.053089
13.296067,13.604028,Phrase,2,9.259314
12.446391,12.036912,Phrase,1,9.6472
13.213628,14.4022455,Phrase,0,11.222992
14.163714,12.077333,Phrase,1,10.805389
15.013466,13.618133,Phrase,2,11.556624
13.505793,15.009081,Phrase,0,10.658571
14.043804,15.47637,Phrase,0,10.847608
14.211614,13.536871,Phrase,1,10.651849
13.66374,15.112961,Phrase,0,10.689313
14.24852,12.95592,Phrase,0,9.491749
12.779632,17.14834,Phrase,3,11.250397
12.380878,13.423406,Phrase,2,10.59833
11.764964,14.68331,Phrase,0,10.439608
13.435968,14.100983,Phrase,2,10.4189205
13.764461,13.284176,Phrase,0,9.264208
11.6875925,12.157021,Phrase,0,8.904435
12.182938,14.937284,Phrase,0,10.642823
12.759927,13.894377,Phrase,2,10.467339
12.815869,15.252875,Phrase,1,12.544022
14.079419,15.4392805,Phrase,0,10.814857
12.281524,16.702452,Phrase,3,11.054876
13.104255,14.052355,Phrase,0,10.134888
14.314093,13.706541,Phrase,1,11.335193
14.0022745,13.061918,Phrase,1,10.043426
12.006496,15.743338,Phrase,3,11.046549
12.816552,13.76764,Phrase,0,11.213839
12.224513,12.048037,Phrase,1,9.797432
14.074417,14.307293,Phrase,0,11.626057
12.169836,16.095245,Phrase,3,11.168037
13.960977,13.745247,Phrase,2,9.330506
11.111479,16.108501,Phrase,3,10.825389
14.260351,14.135936,Phrase,0,11.5177355
11.703947,12.18841,Phrase,2,9.037073
13.130226,14.104849,Phrase,0,11.155133
13.747041,13.548875,Phrase,0,10.312476
12.775192,14.252154,Phrase,2,9.211072
12.070677,16.873774,Phrase,3,11.042606
13.211857,13.625991,Phrase,2,10.201147
12.756674,14.722876,Phrase,2,11.621833
11.982576,15.301787,Phrase,0,10.622226
11.575972,14.801543,Phrase,2,10.485202
11.596667,16.338041,Phrase,3,11.449056
12.775342,15.065887,Phrase,0,9.557248
14.028268,13.361495,Phrase,0,9.894599
14.647672,14.288059,Phrase,2,10.758258
14.083599,13.737467,Phrase,0,11.256315
12.575417,13.152595,Phrase,0,11.128208
13.36568,14.533582,Phrase,0,11.525437
11.529717,15.303546,Phrase,2,11.169934
13.418496,12.882539,Phrase,2,8.552587
13.483071,12.736121,Phrase,0,10.279875
12.202739,12.836989,Phrase,2,11.102613
13.12135,14.364042,Phrase,0,11.398294
11.9756775,15.876377,Phrase,3,11.309652
12.711759,9.1258135,Phrase,2,13.896447
15.073254,13.61372,Phrase,1,10.370668
12.438341,13.986382,Phrase,2,10.401112
11.798369,14.266488,Phrase,0,10.5859165
12.573744,15.860701,Phrase,0,10.9276905
11.980293,13.647803,Phrase,2,11.070481
13.381178,15.834711,Phrase,2,10.977544
11.879779,14.050379,Phrase,2,11.065366
14.04329,15.056063,Phrase,1,11.652264
14.058828,13.528795,Phrase,0,10.742731
11.799204,17.042158,Phrase,3,11.24822
13.409689,13.415959,Phrase,2,9.6386795
12.939775,14.800429,Phrase,0,11.619798
12.715162,14.150041,Phrase,0,10.312189
11.902693,14.828544,Phrase,2,7.871767
15.176917,13.564195,Phrase,1,10.171649
13.123043,11.934374,Phrase,1,11.33161
13.291135,13.622201,Phrase,0,11.325372
12.040212,12.856182,Phrase,2,11.124536
11.474425,13.771031,Phrase,2,8.9038515
13.874543,13.901248,Phrase,0,10.464636
12.114237,16.162758,Phrase,3,10.859326
12.127683,12.842412,Phrase,2,11.085573
13.280903,13.384616,Phrase,0,9.920534
13.570723,15.2672415,Phrase,1,11.059248
13.594761,16.16807,Phrase,0,11.220084
14.930388,13.769838,Phrase,1,11.655607
14.403661,14.316465,Phrase,1,9.984854
13.259764,13.899012,Phrase,2,10.082817
13.042108,13.401085,Phrase,2,8.799404
11.756919,15.673813,Phrase,0,10.734147
11.863417,16.53393,Phrase,3,11.755969
13.045222,13.834113,Phrase,2,10.033961
14.261411,13.875012,Phrase,0,10.152474
14.373235,15.708466,Phrase,0,9.531879
12.509606,13.433021,Phrase,1,9.96191
11.323273,12.6886835,Phrase,1,9.68233
12.077689,16.743284,Phrase,3,11.6495285
11.534607,15.360255,Phrase,2,10.428401
13.8513155,13.907625,Phrase,0,10.811517
13.587501,12.596738,Phrase,1,11.679439
12.087977,12.754045,Phrase,2,11.038822
12.373489,17.259113,Phrase,3,11.478274
12.221378,17.174423,Phrase,3,11.561797
13.082864,14.144108,Phrase,0,11.127526
13.776762,16.253033,Phrase,0,10.611919
13.595788,14.399398,Phrase,0,10.239219
13.665661,14.066935,Phrase,0,11.5680895
14.142015,12.041045,Phrase,2,8.269128
12.688837,16.951138,Phrase,3,11.307358
11.601711,16.346085,Phrase,3,11.636033
14.667089,13.889083,Phrase,0,9.549036
13.250542,13.836177,Phrase,0,10.595305
11.511189,17.127438,Phrase,3,11.121791
14.476944,14.631042,Phrase,0,11.500466
14.569478,11.893922,Phrase,0,7.5351562
13.820628,13.659097,Phrase,2,10.613461
12.274602,16.014315,Phrase,3,11.516731
12.4754305,12.769953,Phrase,1,11.173384
11.419368,16.652424,Phrase,3,11.675452
13.918242,12.667334,Phrase,1,10.278832
11.680182,14.459748,Phrase,0,10.48607
13.6829605,13.246299,Phrase,2,9.800898
11.198343,15.57994,Phrase,0,10.836712
13.128985,14.16364,Phrase,0,11.071348
12.691201,13.335186,Phrase,2,11.090847
11.814375,16.973389,Phrase,3,11.292808
12.02215,15.832362,Phrase,3,9.625574
14.849629,14.11301,Phrase,1,11.322554
12.419276,14.279008,Phrase,0,11.044586
12.501447,13.291906,Phrase,2,10.318927
13.476102,15.268897,Phrase,0,11.74002
13.507658,15.288731,Phrase,0,11.614419
13.792017,15.024231,Phrase,0,11.025567
12.118693,13.186411,Phrase,2,10.716181
14.124998,14.286764,Phrase,0,9.702619
13.589636,13.700357,Phrase,0,9.613087
12.711037,15.587047,Phrase,0,10.674138
11.904751,17.083408,Phrase,3,11.607934
11.665114,16.605848,Phrase,3,11.491206
12.500399,12.873876,Phrase,2,9.348337
11.484013,16.612276,Phrase,3,11.2840605
12.850415,16.420109,Phrase,3,11.095259
11.39871,16.702696,Phrase,3,10.694956
12.7759495,15.429285,Phrase,2,12.329727
14.427201,15.497722,Phrase,0,10.775312
11.745593,13.818545,Phrase,2,8.401474
14.588837,13.919402,Phrase,0,10.3183775
12.139656,14.024587,Phrase,2,11.054743
11.828708,13.632565,Phrase,2,10.465135
13.645448,13.0137615,Phrase,1,9.860388
14.075907,14.691906,Phrase,2,10.313724
14.364256,14.128017,Phrase,0,10.378326
13.85667,14.429428,Phrase,2,10.390664
14.074363,12.383816,Phrase,2,7.7346497
13.084138,12.330128,Phrase,1,11.138824
13.500831,14.825294,Phrase,0,10.917562
14.825534,13.936684,Phrase,0,10.701097
12.4662485,12.691657,Phrase,2,10.80962
13.9553795,13.054146,Phrase,1,10.441525
12.707306,13.692021,Phrase,2,9.280441
12.4145775,14.2238865,Phrase,2,9.683529
12.652141,12.936706,Phrase,2,8.620735
15.267244,13.048681,Phrase,1,9.991873
12.148061,16.258005,Phrase,3,11.129725
13.1621,15.659829,Phrase,0,10.865018
12.827943,13.683123,Phrase,2,9.435428
12.824885,13.250599,Phrase,2,10.749375
12.434365,15.139655,Phrase,0,10.581326
14.609855,14.721013,Phrase,2,11.559866
12.249747,14.567464,Phrase,0,11.251463
13.781132,14.19908,Phrase,0,10.618066
12.346604,13.509016,Phrase,2,9.903535
13.498495,14.007699,Phrase,0,11.297556
13.988401,14.812838,Phrase,0,10.419716
11.456728,16.492373,Phrase,3,10.780344
12.898959,16.839619,Phrase,3,11.20111
12.21272,15.300316,Phrase,3,11.059485
13.508412,13.0606,Phrase,1,10.136777
14.5890255,12.868358,Phrase,1,10.846131
13.777051,12.336713,Phrase,2,8.299962
14.182985,12.750813,Phrase,1,10.585857
13.748468,13.310503,Phrase,0,10.699279
12.418383,15.1067295,Phrase,0,11.119127
14.271789,15.542654,Phrase,1,11.536099
12.534653,16.696701,Phrase,3,11.26692
12.2275505,12.783345,Phrase,1,11.22672
11.831301,16.393238,Phrase,3,11.76754
11.987559,13.624863,Phrase,2,10.080788
15.328793,13.007265,Phrase,1,10.03543
13.196599,13.881713,Phrase,2,9.117449
11.68591,16.653397,Phrase,3,10.938239
13.681135,13.4148855,Phrase,2,9.986893
12.155809,15.667011,Phrase,3,11.008133
15.020519,13.578179,Phrase,1,10.3294735
12.1770315,15.834681,Phrase,3,11.791269
12.285073,17.01886,Phrase,3,11.496255
14.598451,13.871543,Phrase,0,11.127964
11.905042,17.208296,Phrase,3,11.070792
13.862252,13.52588,Phrase,0,9.195345
14.272927,15.539266,Phrase,0,11.400373
14.219349,14.272237,Phrase,0,9.966099
13.710613,16.678339,Phrase,0,10.728833
12.283553,13.549773,Phrase,2,9.381913
12.487271,15.108544,Phrase,0,10.360469
13.285031,13.920102,Phrase,2,8.698031
14.515147,13.942564,Phrase,1,10.985813
11.673123,13.304522,Phrase,2,9.431596
12.989163,14.784642,Phrase,0,12.348928
13.716694,13.898571,Phrase,1,10.36242
11.890288,16.534775,Phrase,3,11.627597
12.111948,16.656532,Phrase,3,11.35196
15.342335,13.0620575,Phrase,1,10.195325
14.878001,13.746653,Phrase,1,11.611212
13.367368,12.819158,Phrase,2,9.72344
14.3374605,13.348328,Phrase,2,10.237585
11.953838,17.288889,Phrase,3,11.310365
14.493979,11.879821,Phrase,0,7.50495
11.591685,14.637559,Phrase,1,11.364444
12.460316,13.90103,Phrase,2,10.25337
13.382219,14.012392,Phrase,2,10.214798
13.230816,15.481351,Phrase,3,11.5152235
11.885247,17.218025,Phrase,3,11.342295
13.643319,13.98808,Phrase,0,10.381245
13.222327,14.407572,Phrase,2,9.621222
12.823413,13.563034,Phrase,2,8.58313
14.59398,14.885064,Phrase,0,11.448478
12.896079,12.7753725,Phrase,2,10.49426
12.515862,15.558235,Phrase,3,11.250833
13.908772,14.43599,Phrase,0,11.05009
11.749158,13.36673,Phrase,2,8.75026
13.537421,13.520343,Phrase,0,10.273848
12.590552,12.898322,Phrase,2,8.610784
14.2908745,13.042011,Phrase,2,10.106789
13.347308,13.530615,Phrase,1,10.971243
14.818648,13.88557,Phrase,1,9.880827
11.871588,14.787226,Phrase,3,11.34681
14.293422,13.673891,Phrase,2,11.231859
15.302239,13.088245,Phrase,1,10.134964
13.393678,13.90521,Phrase,0,10.190535
13.966565,13.60406,Phrase,2,9.331717
12.422703,17.144772,Phrase,3,11.487405
13.184395,14.626391,Phrase,0,12.42094
13.282564,13.782989,Phrase,2,10.070511
14.7244625,15.433548,Phrase,2,10.879134
13.179813,14.533272,Phrase,0,11.162231
12.113925,17.068897,Phrase,3,11.482559
11.611752,16.530104,Phrase,3,11.141934
14.973479,12.91554,Phrase,1,10.316743
13.694828,14.2028475,Phrase,0,10.269613
13.167389,13.171319,Phrase,2,10.054668
12.6498785,15.486211,Phrase,3,12.218292
15.185215,13.375943,Phrase,1,10.226819
11.287792,12.230184,Phrase,1,9.323163
11.561912,16.325005,Phrase,3,11.651728
12.920693,13.599194,Phrase,0,10.647164
10.842451,11.97634,Phrase,1,8.853131
14.048109,14.207431,Phrase,1,11.882138
13.300386,14.600776,Phrase,0,11.527788
12.3470955,13.580434,Phrase,2,10.1379385
13.9552145,14.028099,Phrase,1,11.919731
14.756889,13.754338,Phrase,1,11.347629
11.551493,12.08293,Phrase,1,9.128145
13.640927,13.506734,Phrase,1,10.847802
12.670986,14.684382,Phrase,0,10.662877
13.5439205,13.592915,Phrase,1,11.204738
13.418271,13.946539,Phrase,0,10.719404
11.239353,12.200823,Phrase,1,8.866681
12.701635,12.972313,Phrase,2,10.716267
11.866044,14.7382965,Phrase,2,7.961155
12.976399,13.396197,Phrase,0,8.940503
12.303116,12.784247,Phrase,1,11.262845
11.357531,12.098406,Phrase,2,8.953157
15.343349,11.446032,Phrase,1,7.9286795
13.631843,14.315508,Phrase,0,10.060514
13.70857,12.527778,Phrase,2,9.570892
13.921023,14.277863,Phrase,1,9.863166
15.394282,13.023368,Phrase,1,10.108248
12.59513,13.499603,Phrase,2,8.679026
12.109817,12.845795,Phrase,2,11.038812
15.364391,13.138413,Phrase,1,10.076295
12.666682,17.19579,Phrase,3,11.092639
13.416461,13.926284,Phrase,2,9.41275
14.175446,13.153432,Phrase,0,11.484089
13.137496,12.775884,Phrase,1,10.057837
12.108674,16.232948,Phrase,3,10.780015
12.053577,15.301919,Phrase,1,11.033155
13.682114,11.662193,Phrase,2,9.026056
12.938243,13.994312,Phrase,0,11.170776
14.088887,14.591229,Phrase,0,11.567382
13.154431,13.869409,Phrase,2,9.000303
14.713112,13.940662,Phrase,1,10.152519
15.161347,13.338616,Phrase,1,10.192761
11.822059,16.320442,Phrase,3,11.357161
14.28293,15.591391,Phrase,2,11.453526
12.613389,15.537174,Phrase,2,10.912104
11.903909,17.249388,Phrase,3,11.356111
14.625556,14.819983,Phrase,0,11.4816265
12.041365,12.373182,Phrase,2,9.594486
12.424229,12.323825,Phrase,1,9.744974
13.642028,12.366687,Phrase,0,8.749025
11.91768,14.874933,Phrase,2,10.58346
13.047965,12.747557,Phrase,1,10.714434
13.533311,14.181588,Phrase,0,11.554833
11.854142,16.473484,Phrase,3,11.440413
12.415602,17.170382,Phrase,3,11.602396
13.271259,14.241538,Phrase,0,11.240143
11.680381,13.761903,Phrase,2,8.556332
12.779069,13.199169,Phrase,0,9.712179
15.144422,13.622616,Phrase,1,10.154978
12.208402,15.665584,Phrase,2,8.500115
12.817117,15.213168,Phrase,0,11.053858
13.248668,12.766737,Phrase,0,10.342228
11.894413,14.655197,Phrase,3,10.93336
13.204368,13.89901,Phrase,0,9.507016
13.974251,13.572954,Phrase,1,11.190577
13.386588,15.274776,Phrase,0,10.744127
12.114473,15.800726,Phrase,2,10.075968
11.940709,14.227918,Phrase,1,10.219314
13.243304,14.412977,Phrase,0,11.195104
12.135276,17.357746,Phrase,3,11.51517
13.609811,12.28841,Phrase,0,10.724559
14.55742,12.7649975,Phrase,1,9.226353
11.725548,16.858492,Phrase,3,11.347947
13.055452,13.365327,Phrase,0,10.821448
11.556566,12.064738,Phrase,1,9.116147
13.117627,13.435933,Phrase,0,10.260941
13.493259,13.265051,Phrase,0,10.78294
12.863777,13.0862255,Phrase,2,8.8825865
12.415449,15.584238,Phrase,2,10.218934
14.093581,13.72415,Phrase,0,11.224895
13.884034,14.953949,Phrase,0,10.744544
12.643836,13.022772,Phrase,2,9.344058
14.495027,15.089336,Phrase,2,10.223442
12.537266,13.402871,Phrase,2,9.318286
13.75627,13.615822,Phrase,0,10.793671
11.983072,15.348163,Phrase,3,10.885077
13.0713825,14.4719925,Phrase,0,11.164532
14.592901,13.755184,Phrase,1,11.068444
12.1327,12.8169155,Phrase,2,10.828778
13.40775,13.755069,Phrase,0,10.3159895
11.795273,15.089037,Phrase,0,10.416912
14.437792,13.900087,Phrase,0,11.14699
13.427494,14.2662525,Phrase,0,10.651905
13.848841,14.299461,Phrase,0,11.337353
12.466317,17.106573,Phrase,3,11.464955
11.864628,17.209028,Phrase,3,11.247855
11.933817,16.07913,Phrase,3,11.284535
12.331747,15.228835,Phrase,2,10.463445
11.9261,11.921243,Phrase,2,9.253034
14.176042,12.505687,Phrase,0,8.506522
12.6945715,17.25004,Phrase,3,11.312059
14.847435,14.180319,Phrase,0,10.884924
13.988095,14.728776,Phrase,0,11.052748
8.009585,9.477386,Phrase,1,7.8287764
11.69207,16.626585,Phrase,3,11.619297
11.570833,16.80886,Phrase,3,11.364768
13.191945,14.028241,Phrase,2,8.972765
13.517406,13.423809,Phrase,2,9.907495
12.54148,13.1551075,Phrase,2,10.309017
13.910894,13.03721,Phrase,1,10.86476
14.417221,15.354036,Phrase,1,11.434399
14.432034,12.331541,Phrase,1,9.897353
11.270642,16.351406,Phrase,3,11.483864
11.918695,11.937072,Phrase,2,9.321558
14.4003725,15.033119,Phrase,0,10.717495
14.003663,13.192784,Phrase,1,9.450138
13.284828,14.180933,Phrase,2,8.9214945
15.279006,12.828488,Phrase,1,10.184982
12.023046,15.046271,Phrase,1,11.12285
14.55023,13.733406,Phrase,2,9.733998
15.312956,11.420332,Phrase,0,7.9316506
13.571288,14.877306,Phrase,0,10.7489395
13.108047,14.705399,Phrase,3,12.552526
11.67738,17.067814,Phrase,3,10.91823
14.500224,15.176716,Phrase,0,10.858072
14.334957,13.493727,Phrase,2,10.441325
13.978806,12.983217,Phrase,1,10.060834
12.304639,15.283662,Phrase,0,10.858965
12.144217,16.338446,Phrase,3,11.45247
14.020302,13.371422,Phrase,2,10.528243
14.576839,15.637932,Phrase,0,10.915535
12.346494,16.750792,Phrase,3,11.410425
12.225024,15.573088,Phrase,0,10.760106
11.536784,16.00387,Phrase,3,11.551178
14.359877,13.965129,Phrase,1,11.0871935
12.446602,15.408974,Phrase,0,10.018525
14.017451,15.096571,Phrase,0,10.306182
13.187692,12.519996,Phrase,0,11.19266
9.643633,8.126085,Phrase,1,15.04717
13.880021,14.164573,Phrase,1,10.188832
13.98238,13.4809065,Phrase,2,9.206569
12.130318,13.398341,Phrase,2,9.387339
13.763639,13.576083,Phrase,2,9.693511
12.471893,16.908997,Phrase,3,11.165473
14.080974,14.133213,Phrase,0,11.260671
11.821001,16.505915,Phrase,3,11.184531
11.614504,13.100107,Phrase,2,9.302107
12.208013,12.7880125,Phrase,2,11.191326
11.487357,12.118156,Phrase,1,8.974872
12.1310005,14.761794,Phrase,1,10.865664
14.982182,10.53962,Phrase,1,9.761553
14.705811,15.541343,Phrase,0,10.822403
11.398314,16.695642,Phrase,3,11.05825
13.43503,16.12323,Phrase,3,11.415387
14.535345,14.099005,Phrase,1,10.504174
13.634065,13.14577,Phrase,1,10.436667
13.786988,13.895528,Phrase,0,10.868118
12.114639,12.590252,Phrase,1,9.946906
14.192809,12.228451,Phrase,1,9.435243
12.985329,14.163895,Phrase,0,10.986892
14.074397,15.362224,Phrase,0,11.455798
13.2424555,13.9270935,Phrase,2,8.736505
12.2838955,15.170827,Phrase,0,10.831594
13.817216,13.304212,Phrase,1,11.162171
12.670572,14.178204,Phrase,0,10.361563
12.038886,12.66284,Phrase,2,8.457124
11.705321,12.958961,Phrase,1,8.851677
13.788139,12.621366,Phrase,1,9.175164
12.057115,14.961795,Phrase,2,10.077596
13.612966,12.361312,Phrase,2,10.781032
11.881265,13.962294,Phrase,2,9.837861
14.125126,13.597668,Phrase,0,9.588976
14.021042,13.725025,Phrase,2,9.360922
12.738405,16.62088,Phrase,3,10.723188
14.729451,13.923087,Phrase,0,11.139672
13.241153,14.092959,Phrase,1,11.195204
13.093564,14.973548,Phrase,2,10.450456
13.503823,12.821705,Phrase,2,10.324781
14.096547,14.093748,Phrase,0,11.764754
14.714819,14.134048,Phrase,1,10.390504
12.167047,12.543553,Phrase,2,10.924098
12.089411,13.20042,Phrase,2,9.063016
13.663685,13.571407,Phrase,2,10.382546
12.855026,13.400101,Phrase,2,9.105981
11.844154,16.696564,Phrase,3,11.615872
11.477816,16.711683,Phrase,3,11.599333
13.648698,13.053071,Phrase,1,9.063722
12.514812,16.31173,Phrase,3,11.46819
13.060207,13.64994,Phrase,2,10.615884
12.291794,12.885335,Phrase,2,10.985041
12.326964,14.012458,Phrase,2,10.481004
13.632958,14.311825,Phrase,0,10.399962
13.041309,14.25968,Phrase,2,10.179378
13.686577,14.006612,Phrase,0,10.520936
12.48506,14.030538,Phrase,0,10.393772
11.606311,16.304102,Phrase,3,10.863706
14.279635,12.589091,Phrase,1,9.994663
13.450811,16.12137,Phrase,3,11.457594
11.71536,13.323037,Phrase,2,9.066567
14.212911,13.149229,Phrase,1,10.275472
12.255691,16.846905,Phrase,3,11.648455
14.12466,13.47979,Phrase,0,11.188603
13.816298,14.826653,Phrase,1,11.454494
13.391097,14.247937,Phrase,0,11.231654
11.568991,15.589424,Phrase,0,10.46684
15.345021,11.283415,Phrase,0,9.2070465
13.819405,13.981862,Phrase,0,10.221864
12.586604,13.526373,Phrase,2,9.634877
14.377749,13.212943,Phrase,1,10.539369
13.381565,13.59559,Phrase,0,10.22419
13.408394,14.3061,Phrase,0,10.891098
14.016618,14.952734,Phrase,0,10.851563
11.228055,14.905416,Phrase,2,10.494598
11.193516,16.19979,Phrase,3,10.805572
12.736624,14.451498,Phrase,2,10.149228
15.3238945,13.011214,Phrase,1,10.08054
13.807075,13.990158,Phrase,2,9.313048
12.582677,13.631324,Phrase,2,9.97436
9.64386,8.126295,Phrase,1,15.047076
11.861171,14.323286,Phrase,2,11.2254925
11.713786,12.120557,Phrase,1,9.187859
13.302425,12.61979,Phrase,1,10.442107
11.969475,13.970911,Phrase,2,10.632573
13.988474,14.86211,Phrase,0,10.857363
13.997793,12.441704,Phrase,1,9.64181
11.626315,16.964283,Phrase,3,11.09464
12.88723,13.781035,Phrase,2,10.244523
14.1180105,14.58912,Phrase,0,10.713136
11.986945,14.473498,Phrase,3,11.129762
11.740199,16.141035,Phrase,3,11.305661
13.92302,14.516355,Phrase,0,11.372738
14.156814,13.937506,Phrase,2,9.632926
13.494393,12.712001,Phrase,1,10.359645
12.307498,15.842759,Phrase,0,10.622823
14.062701,15.401873,Phrase,0,10.825106
13.30312,13.558954,Phrase,2,10.765204
13.401611,14.654838,Phrase,2,9.881698
13.781378,12.180734,Phrase,0,8.45438
12.767043,14.359025,Phrase,0,10.146789
12.588726,14.236388,Phrase,2,10.832717
14.085088,14.8756075,Phrase,0,10.926322
15.274455,13.08828,Phrase,1,10.152068
12.540722,13.20031,Phrase,3,9.022108
12.178679,17.008781,Phrase,3,11.088437
13.581446,13.81021,Phrase,0,10.860362
13.730228,13.536263,Phrase,2,9.869961
12.914397,16.388252,Phrase,0,11.442964
12.133606,16.519388,Phrase,3,11.4529505
11.863853,15.702269,Phrase,0,10.73816
14.323758,14.004089,Phrase,0,9.828659
14.36082,14.609343,Phrase,0,9.961163
12.510467,13.389562,Phrase,2,10.754475
12.839811,13.663505,Phrase,1,10.012134
15.135342,13.594286,Phrase,1,10.059899
14.708411,14.86003,Phrase,0,11.298772
12.364642,15.0460205,Phrase,0,10.789302
12.276199,16.768503,Phrase,3,11.520801
12.875562,12.498933,Phrase,0,10.929682
12.239337,11.908797,Phrase,1,9.556959
11.422158,15.81821,Phrase,3,10.5852375
14.705656,13.772259,Phrase,0,9.322421
12.576701,13.371841,Phrase,0,11.117975
12.426586,15.137584,Phrase,0,10.741922
12.758258,15.231825,Phrase,0,12.526862
14.370382,14.243896,Phrase,0,10.763079
14.358209,14.645615,Phrase,2,10.005997
12.228539,13.050087,Phrase,2,11.189253
11.910489,11.995124,Phrase,1,9.459958
12.329313,17.098825,Phrase,3,11.450564
12.3172245,13.036971,Phrase,3,11.259198
12.724454,13.663331,Phrase,2,10.794075
14.779909,15.282287,Phrase,0,10.614441
13.848506,12.962599,Phrase,1,9.692263
14.6057205,14.831119,Phrase,0,11.297927
14.566894,15.027499,Phrase,2,9.499455
12.691827,17.141699,Phrase,3,11.182059
12.0498,17.13763,Phrase,3,11.385159
13.169494,12.363702,Phrase,2,11.189015
13.20179,14.589662,Phrase,0,11.50359
13.680245,14.214378,Phrase,1,11.779372
13.607184,12.8006,Phrase,1,10.278277
12.7195015,14.6881695,Phrase,3,11.540898
14.236726,15.598348,Phrase,0,11.331793
12.515504,15.271987,Phrase,0,10.487298
12.282044,15.751521,Phrase,2,10.94375
14.075287,14.801816,Phrase,0,10.706569
14.032679,15.4504795,Phrase,0,10.713625
11.997096,14.118597,Phrase,0,10.288154
12.21671,13.702219,Phrase,2,9.724559
16.741219,10.232528,Phrase,1,9.1768055
13.559828,13.289762,Phrase,2,9.425194
12.535479,14.001731,Phrase,2,10.636005
12.089625,17.014565,Phrase,3,11.583791
14.714457,13.721838,Phrase,2,9.984348
12.330946,14.560363,Phrase,2,10.133612
14.086042,13.966922,Phrase,0,11.132546
14.488226,13.566928,Phrase,1,9.614394
15.202702,13.477574,Phrase,1,10.470655
13.035827,14.436696,Phrase,0,11.029191
13.698123,13.856368,Phrase,0,10.64486
12.785475,14.444206,Phrase,0,10.515734
11.842146,14.5189,Phrase,1,11.04411
12.06525,17.190914,Phrase,3,11.437638
12.230844,13.1117325,Phrase,0,11.308115
11.619473,15.651602,Phrase,2,10.555575
14.62794,14.08352,Phrase,2,9.78271
11.285807,12.241528,Phrase,1,9.373637
14.296855,15.581586,Phrase,0,11.430876
14.459471,12.418892,Phrase,2,9.903329
12.376457,13.740505,Phrase,0,10.035936
11.715493,14.031803,Phrase,1,10.280139
13.935336,14.456627,Phrase,0,11.470014
14.156533,13.890156,Phrase,2,10.529371
13.459365,13.224771,Phrase,1,11.049109
13.708592,12.806322,Phrase,0,8.1559305
14.319843,15.601343,Phrase,2,11.463539
13.011763,13.8703,Phrase,0,9.119771
12.0187235,15.071854,Phrase,0,11.195787
11.277689,15.453334,Phrase,2,10.511582
14.164127,14.0915,Phrase,0,11.318711
13.1835575,14.1696825,Phrase,2,9.482587
13.352967,13.343993,Phrase,2,10.688502
13.741488,13.189609,Phrase,1,10.438345
13.99601,13.284128,Phrase,1,10.37171
13.223615,13.455785,Phrase,2,8.654357
13.314194,13.182956,Phrase,2,9.382044
12.478385,15.19855,Phrase,0,10.480342
13.741907,14.111539,Phrase,0,11.154572
13.67524,13.791328,Phrase,2,9.228156
12.38526,17.396675,Phrase,3,11.439027
15.103386,14.028655,Phrase,0,9.664172
11.865428,16.646107,Phrase,3,11.615292
15.17856,13.695342,Phrase,1,10.21357
12.075533,16.225582,Phrase,3,10.535416
13.61123,13.830874,Phrase,1,10.701229
12.925421,13.119492,Phrase,1,10.66847
11.372849,16.324242,Phrase,3,11.610743
14.078212,14.441181,Phrase,1,10.877279
11.80926,14.930269,Phrase,0,10.5542145
12.029303,14.500139,Phrase,2,10.353464
14.201152,13.086405,Phrase,1,10.645623
13.993448,12.682485,Phrase,2,10.46863
11.8755,14.423074,Phrase,0,10.619373
12.580472,13.246219,Phrase,2,11.065486
12.699754,13.702417,Phrase,2,9.397797
12.0909605,14.460165,Phrase,0,11.583612
14.775726,12.21563,Phrase,0,8.586886
14.237836,14.884405,Phrase,0,11.3129015
13.155255,16.959394,Phrase,0,11.037908
12.835509,12.89192,Phrase,1,8.855935
-2.5625813,6.550855,Phrase,1,9.219758
12.675837,16.875988,Phrase,3,11.410226
13.718017,12.251599,Phrase,0,7.14575
12.830846,13.786304,Phrase,0,9.379488
12.281966,15.265169,Phrase,0,11.071922
15.55366,12.269683,Phrase,1,10.105414
11.7941885,16.90206,Phrase,3,11.472715
11.885292,14.964344,Phrase,0,10.921231
12.003689,13.383787,Phrase,2,8.803428
13.498314,12.661433,Phrase,2,8.918794
12.314563,15.908016,Phrase,3,11.662971
14.679289,14.262301,Phrase,1,10.238281
14.065476,15.391834,Phrase,0,10.780774
12.997117,14.289249,Phrase,0,10.601913
12.307711,14.749094,Phrase,0,11.139573
12.066628,13.644986,Phrase,2,9.772302
13.692552,13.595171,Phrase,0,11.2003565
14.146138,13.786608,Phrase,0,11.827001
12.254196,12.942195,Phrase,2,10.630647
12.277552,14.074522,Phrase,2,10.666553
12.715552,13.566434,Phrase,2,8.493874
-2.563548,6.549956,Phrase,1,9.218817
13.615131,15.18811,Phrase,0,11.49008
13.007201,14.350445,Phrase,0,10.7157
13.722934,13.229451,Phrase,2,9.749867
11.584356,12.070076,Phrase,2,8.95553
12.17729,16.138098,Phrase,3,11.497289
14.630367,15.011502,Phrase,0,11.2878895
12.261334,13.696695,Phrase,2,10.51705
14.02077,13.103116,Phrase,1,10.38814
12.669381,13.564332,Phrase,0,10.672421
11.701644,13.841418,Phrase,2,10.154259
12.01791,12.701172,Phrase,2,8.932542
12.112678,16.488432,Phrase,3,11.357387
13.469337,13.630504,Phrase,2,9.293071
12.536415,17.328604,Phrase,3,11.371267
12.892805,15.29656,Phrase,0,12.270647
13.63106,15.464083,Phrase,0,11.213279
14.130382,12.73794,Phrase,0,8.879685
13.161183,15.601829,Phrase,0,10.897776
11.806251,11.924298,Phrase,2,9.23778
11.980297,16.750307,Phrase,3,11.392818
11.943038,16.184994,Phrase,2,10.873956
11.844905,14.637154,Phrase,0,11.010431
14.174851,15.33981,Phrase,2,11.352028
12.1112385,12.762414,Phrase,2,10.956201
13.525729,14.329235,Phrase,0,10.421305
12.103578,11.850928,Phrase,2,9.503632
12.415476,14.494364,Phrase,2,8.7051735
11.866865,15.763027,Phrase,3,10.781964
13.46505,13.413312,Phrase,1,11.343052
15.349858,11.364825,Phrase,0,7.8907905
12.887021,12.8757515,Phrase,2,10.165965
13.669103,15.016281,Phrase,2,9.902505
13.711856,15.51076,Phrase,1,11.504548
12.4229,12.004884,Phrase,1,9.623711
15.3484335,11.367304,Phrase,0,7.888209
12.646064,14.023907,Phrase,2,8.979164
14.23446,15.345965,Phrase,2,9.1182785
12.960034,13.668033,Phrase,0,10.208414
13.992671,13.528506,Phrase,1,9.862689
13.531765,13.877267,Phrase,1,12.036952
13.582085,13.018984,Phrase,1,9.868667
14.310089,15.58158,Phrase,0,11.438547
15.540683,13.382904,Phrase,1,9.893764
13.612881,13.158087,Phrase,2,8.965154
13.831115,14.906927,Phrase,0,10.677371
13.979758,14.104244,Phrase,0,10.973117
12.693541,13.737945,Phrase,2,9.118329
11.7919,15.257654,Phrase,0,10.451247
13.047377,12.789099,Phrase,2,8.272794
14.064966,15.032685,Phrase,0,11.145248
11.904167,17.095669,Phrase,3,11.171429
11.982519,12.796151,Phrase,2,10.966993
12.410715,14.965288,Phrase,2,10.702668
11.513938,12.993441,Phrase,2,9.138241
13.631936,14.21566,Phrase,0,10.037255
14.503339,14.592876,Phrase,0,11.165225
13.975373,13.90464,Phrase,0,9.999515
11.82744,16.346743,Phrase,3,11.516753
13.830492,13.347123,Phrase,1,9.580983
15.021231,13.74349,Phrase,2,11.4529505
13.044298,14.21437,Phrase,0,9.669585
12.84437,15.157283,Phrase,0,11.834981
13.970516,12.552762,Phrase,0,8.517508
12.1435,13.657963,Phrase,2,11.1740055
13.959245,16.19106,Phrase,0,10.588137
12.031856,15.427126,Phrase,0,10.636285
11.885393,16.20013,Phrase,3,11.309996
11.689482,14.225986,Phrase,1,10.591156
11.965776,13.975297,Phrase,2,8.835513
13.130773,14.000637,Phrase,0,9.7454
11.745151,16.5052,Phrase,3,11.513465
14.094771,14.433041,Phrase,0,11.149169
11.372315,16.515415,Phrase,2,12.050238
12.920799,13.556585,Phrase,2,9.336379
13.1694975,12.2338705,Phrase,0,11.202215
12.709871,14.217408,Phrase,0,11.377367
14.0564575,12.675976,Phrase,2,10.064003
12.906003,13.558816,Phrase,2,9.485524
14.2735195,13.102734,Phrase,1,11.682091
12.1707945,12.303902,Phrase,1,9.830707
12.056011,17.276804,Phrase,3,11.266358
13.497671,13.71223,Phrase,1,12.185703
13.510654,13.642789,Phrase,0,10.94377
15.528535,12.308314,Phrase,1,10.074374
11.430355,15.492388,Phrase,0,10.653903
14.124883,13.413058,Phrase,0,11.418673
14.335131,13.88822,Phrase,2,10.924267
12.497864,15.21042,Phrase,0,11.109394
13.50864,14.275497,Phrase,0,10.37268
11.978665,13.329679,Phrase,2,9.138475
13.399899,14.702041,Phrase,0,11.051436
12.037111,13.288939,Phrase,2,8.908562
12.850196,13.935483,Phrase,2,10.259268
11.788529,14.047614,Phrase,2,10.392301
11.768649,12.509899,Phrase,2,9.410769
12.574707,14.518695,Phrase,2,10.177584
14.02959,14.222909,Phrase,2,9.403051
12.570677,13.305287,Phrase,2,10.673978
11.9465275,17.074316,Phrase,3,11.674962
14.332638,15.5643215,Phrase,2,11.489885
14.402485,12.391839,Phrase,0,8.947154
12.73217,14.085702,Phrase,0,9.629799
11.881712,14.312004,Phrase,2,11.171671
14.582005,12.429173,Phrase,0,8.69233
12.081498,17.303082,Phrase,3,11.40648
13.422743,14.623056,Phrase,0,10.333362
11.703907,16.540785,Phrase,3,11.492189
13.790288,14.232868,Phrase,0,11.548664
12.064237,14.209805,Phrase,0,10.586987
14.951973,13.920753,Phrase,0,9.689937
11.8677635,15.995421,Phrase,3,11.146717
11.889241,12.80797,Phrase,2,8.938129
14.214527,12.358599,Phrase,1,9.835754
13.332752,13.681641,Phrase,2,8.9675665
12.024899,14.566173,Phrase,2,10.439107
13.2463045,13.712379,Phrase,2,8.764818
13.999248,13.620073,Phrase,0,10.688808
13.245149,13.86041,Phrase,1,11.367734
12.313688,15.742175,Phrase,0,10.7773
13.8021965,14.663644,Phrase,0,11.433173
14.982101,10.539606,Phrase,1,9.761339
11.525374,14.70671,Phrase,2,10.8343725
11.42389,12.086987,Phrase,1,8.934652
13.07848,13.862526,Phrase,2,8.738276
12.609922,13.881843,Phrase,2,10.184077
13.20543,13.001149,Phrase,2,9.653878
13.050292,12.687644,Phrase,2,10.765948
12.069671,13.31811,Phrase,2,8.618188
13.359288,13.043614,Phrase,0,10.957433
14.104864,12.275236,Phrase,2,9.676701
10.7826805,12.018937,Phrase,1,8.846227
13.548929,16.067036,Phrase,0,11.395055
8.009371,9.477203,Phrase,1,7.828688
11.967732,15.414378,Phrase,2,10.109541
13.384856,14.84947,Phrase,0,10.993037
12.198034,17.185602,Phrase,3,10.948248
13.384662,13.114011,Phrase,0,11.255511
12.088492,14.629564,Phrase,0,10.583029
12.60038,14.361256,Phrase,2,11.249727
11.767169,-0.9575993,Phrase,2,11.301263
12.164039,15.0765915,Phrase,2,10.654242
11.595129,16.528057,Phrase,3,11.280107
13.836202,14.219078,Phrase,0,10.46501
13.709691,12.425858,Phrase,0,7.59046
12.90064,14.139766,Phrase,0,9.480276
14.9187355,13.661914,Phrase,1,9.524079
13.523101,14.439032,Phrase,0,11.504214
14.124354,12.040214,Phrase,1,10.843134
14.987385,10.540245,Phrase,1,9.767331
14.19805,13.570787,Phrase,0,9.529635
13.240191,14.817587,Phrase,0,10.348157
13.173096,13.204092,Phrase,2,10.912342
14.083171,13.671559,Phrase,2,10.053953
14.081025,13.701022,Phrase,1,10.655049
13.418747,13.990508,Phrase,0,10.972156
14.426556,14.968134,Phrase,0,11.381536
13.39055,12.88054,Phrase,0,10.242016
13.7798,14.111561,Phrase,0,10.881365
11.533692,16.36115,Phrase,3,10.940665
12.190637,13.126615,Phrase,2,8.822742
14.325204,13.994605,Phrase,0,11.434209
11.510999,17.165386,Phrase,3,11.259456
14.003297,13.5700245,Phrase,1,11.986894
15.39339,11.4234915,Phrase,2,7.871373
13.336528,13.809834,Phrase,2,8.906144
13.524908,13.88921,Phrase,1,10.209032
14.865282,13.416669,Phrase,1,10.427102
13.953773,12.186623,Phrase,2,7.2124786
13.167409,14.5600395,Phrase,0,10.885555
14.0602,12.52355,Phrase,2,9.844611
12.71879,13.808252,Phrase,2,10.047403
12.674919,13.692837,Phrase,0,8.4194355
12.810864,13.20583,Phrase,2,10.165065
10.894274,12.350139,Phrase,1,9.232536
13.898857,14.992718,Phrase,0,11.332803
11.692935,16.31113,Phrase,3,11.048749
14.00272,14.345673,Phrase,1,10.723073
13.940123,15.01312,Phrase,0,10.199589
13.17113,15.196328,Phrase,0,11.019023
12.499894,14.642626,Phrase,1,10.72618
14.647861,14.782645,Phrase,0,11.528455
13.956406,12.360297,Phrase,0,7.777988
13.821656,12.880059,Phrase,1,9.905131
11.675197,14.194205,Phrase,1,10.547745
12.226622,14.699426,Phrase,2,11.222713
11.505264,15.534437,Phrase,0,10.685824
13.713966,13.538454,Phrase,0,10.838874
11.463954,15.574057,Phrase,3,10.743943
11.553782,16.691717,Phrase,3,10.552742
11.396161,16.35308,Phrase,3,11.647227
11.841149,14.056526,Phrase,1,10.23605
13.557004,13.527712,Phrase,1,11.102475
12.021916,13.355175,Phrase,2,11.049788
12.480539,13.894392,Phrase,2,9.41324
13.678827,15.575715,Phrase,0,10.982071
12.394138,13.868337,Phrase,2,9.528461
12.5097,15.230767,Phrase,0,10.758342
12.095988,14.07481,Phrase,0,9.795464
15.58327,13.431546,Phrase,1,9.889367
12.070975,12.584368,Phrase,2,8.431238
11.913773,15.224164,Phrase,2,10.7423315
14.516968,14.736916,Phrase,0,11.557745
11.9911785,16.542147,Phrase,3,11.434406
14.160874,15.225798,Phrase,0,10.780914
14.167237,15.258476,Phrase,0,10.9026375
13.846678,13.858997,Phrase,0,9.42073
15.166939,13.67811,Phrase,1,10.256313
12.053709,14.737346,Phrase,0,10.953608
12.574801,17.328636,Phrase,3,11.363128
12.407116,13.810776,Phrase,2,10.483417
13.875977,13.159359,Phrase,0,8.868642
11.783503,16.687733,Phrase,3,11.483181
8.0091915,9.477025,Phrase,1,7.8286004
13.183735,14.353779,Phrase,0,9.575037
11.44489,16.570065,Phrase,3,11.134197
13.640642,13.386613,Phrase,0,11.649359
14.100436,14.475491,Phrase,2,10.85217
12.688768,15.440001,Phrase,3,12.406049
12.2434225,11.85797,Phrase,1,9.493657
11.414504,16.742435,Phrase,3,10.855969
13.839633,12.945565,Phrase,2,9.745494
13.606808,15.1006155,Phrase,0,11.717075
11.772278,15.942986,Phrase,3,10.868565
12.174987,13.368247,Phrase,2,8.984432
11.929611,17.028652,Phrase,3,10.756878
13.222015,14.045171,Phrase,1,9.544104
14.330753,13.087086,Phrase,1,11.827397
15.123345,13.751034,Phrase,1,10.209462
11.838039,13.112974,Phrase,2,8.802145
11.476457,16.790293,Phrase,3,11.807468
15.083818,13.880351,Phrase,1,10.087188
12.030133,14.309813,Phrase,2,11.609333
13.326438,14.633506,Phrase,0,11.346021
12.828924,13.942009,Phrase,2,9.331292
13.31641,13.79961,Phrase,2,8.946026
11.870719,16.645638,Phrase,3,11.4735
12.356873,13.539522,Phrase,2,9.90915
12.651763,13.261744,Phrase,2,8.976723
14.118707,14.001222,Phrase,1,11.916336
13.084182,14.060296,Phrase,0,10.958477
14.38158,12.384515,Phrase,2,9.892512
12.216509,16.585514,Phrase,3,11.293113
13.24218,12.876328,Phrase,2,9.468341
13.621578,14.036332,Phrase,0,11.611704
11.443147,12.086552,Phrase,1,8.956415
13.962664,15.425484,Phrase,0,10.744325
12.807882,15.402711,Phrase,0,12.008831
12.05906,12.958843,Phrase,2,10.693159
12.020965,14.523897,Phrase,2,9.049124
14.081265,14.017098,Phrase,0,11.435271
12.062957,13.076079,Phrase,2,10.548604
14.409871,15.125776,Phrase,0,10.566823
12.271801,14.923517,Phrase,0,11.101689
12.987245,16.660694,Phrase,3,11.178325
13.561734,12.604945,Phrase,1,11.663193
14.007655,14.363011,Phrase,0,10.982334
13.730224,16.574198,Phrase,0,11.024781
11.435204,16.76986,Phrase,3,11.685926
11.666364,14.358321,Phrase,1,10.70368
9.64206,8.124054,Phrase,1,15.048194
12.293035,17.42141,Phrase,3,11.306809
13.332619,12.931373,Phrase,0,10.110852
11.586249,16.509535,Phrase,3,11.018863
13.69843,16.076742,Phrase,0,11.376531
12.482435,17.107243,Phrase,3,11.009339
13.783198,13.322969,Phrase,2,9.252747
14.835547,13.429209,Phrase,1,11.060129
14.055741,13.854922,Phrase,0,10.134538
14.07339,14.270172,Phrase,0,11.385361
11.45227,16.646225,Phrase,3,11.875936
11.580038,12.025808,Phrase,1,9.264017
14.259547,13.293233,Phrase,2,11.184573
13.3350935,14.75451,Phrase,0,11.135042
12.24233,14.426353,Phrase,0,11.141156
11.985333,16.119976,Phrase,3,11.373596
11.807776,15.894019,Phrase,3,10.449323
12.155193,17.230286,Phrase,3,11.578107
12.441427,13.012266,Phrase,2,9.072339
13.7710085,13.162973,Phrase,2,9.908873
13.361788,13.684614,Phrase,0,9.029263
13.759968,13.046991,Phrase,2,9.030551
14.281059,13.953912,Phrase,0,11.346186
14.167372,14.605539,Phrase,0,11.130363
14.020756,12.817856,Phrase,1,10.52273
13.914663,15.171843,Phrase,2,8.841141
14.521519,14.387815,Phrase,0,10.641143
12.776,14.226047,Phrase,0,11.338068
13.735586,13.127877,Phrase,2,9.320017
12.96558,12.357926,Phrase,0,10.762349
12.663476,13.692087,Phrase,2,9.116124
11.567177,15.49028,Phrase,2,10.486118
13.973478,14.522394,Phrase,0,10.950854
12.118647,14.294693,Phrase,0,11.146621
13.23095,14.905113,Phrase,2,10.848929
13.912171,14.433303,Phrase,0,10.718926
15.015049,13.247626,Phrase,1,9.815104
15.276244,13.114234,Phrase,1,10.090409
12.475397,16.132713,Phrase,3,11.840812
12.6786175,15.919533,Phrase,3,11.6726265
12.637541,12.865723,Phrase,2,10.732635
12.396522,13.9955015,Phrase,0,10.456862
12.230826,12.912107,Phrase,2,8.894637
13.887422,14.470883,Phrase,0,11.100235
14.429743,15.0019245,Phrase,0,10.289186
11.701496,16.570219,Phrase,3,11.792741
12.704709,14.013197,Phrase,2,8.815045
13.368309,14.787988,Phrase,0,10.684089
13.417511,13.735442,Phrase,1,10.806806
12.026728,13.123716,Phrase,2,10.693373
12.18108,12.837957,Phrase,2,11.056571
12.481896,13.929375,Phrase,2,9.854371
12.262578,16.853325,Phrase,3,11.790301
11.957602,14.855314,Phrase,0,10.169935
12.176879,14.911543,Phrase,0,11.210618
14.289192,15.60764,Phrase,0,11.44689
12.251028,13.846288,Phrase,2,9.896413
15.787626,13.472006,Phrase,1,10.005063
12.127473,15.063628,Phrase,0,11.342206
14.190703,13.895294,Phrase,1,11.997115
11.476123,16.607876,Phrase,3,10.818709
12.112311,12.7567625,Phrase,2,11.130973
14.233512,15.03586,Phrase,2,10.61756
12.16514,15.818993,Phrase,3,11.169163
13.714394,13.825406,Phrase,2,11.03206
12.488675,12.585137,Phrase,2,8.827409
13.494517,13.860439,Phrase,0,10.426242
13.835933,14.583147,Phrase,0,10.744756
14.484665,12.302463,Phrase,0,8.483291
12.737986,14.460708,Phrase,0,10.977944
13.03677,14.042128,Phrase,2,8.701684
12.26485,15.368796,Phrase,0,11.0947695
13.728143,13.728974,Phrase,0,10.742108
14.534916,12.377605,Phrase,0,8.549794
11.8863945,13.665496,Phrase,1,10.106111
11.91131,13.736436,Phrase,2,8.806175
11.914172,16.948399,Phrase,3,11.292844
11.4623165,13.260323,Phrase,2,8.70065
12.049909,16.89795,Phrase,3,11.595195
14.780699,13.392343,Phrase,1,10.493421
12.699541,12.647579,Phrase,2,9.424008
12.70655,14.596961,Phrase,1,11.702148
15.297812,13.014202,Phrase,1,10.140134
13.200871,14.515342,Phrase,2,10.462432
13.27584,15.559993,Phrase,0,10.095289
12.29808,15.710572,Phrase,1,11.3634615
12.01644,17.263113,Phrase,3,11.382016
11.931103,12.916525,Phrase,2,10.558539
14.59962,13.462538,Phrase,1,10.711782
12.155631,12.71573,Phrase,2,11.170209
12.085279,16.600868,Phrase,3,11.642425
12.425714,14.306261,Phrase,0,10.53237
12.896997,15.980859,Phrase,2,10.541073
12.2248,17.044016,Phrase,3,11.419942
11.431469,16.560753,Phrase,1,11.857682
14.301938,14.428189,Phrase,0,10.120318
13.999149,13.786181,Phrase,2,10.83219
14.515104,14.75079,Phrase,2,11.518338
13.856166,13.418731,Phrase,2,10.350572
14.064026,13.943001,Phrase,1,11.681598
12.895595,14.583584,Phrase,0,11.148167
11.192511,15.467446,Phrase,2,10.72097
11.78213,16.457424,Phrase,3,11.461343
12.08672,15.963769,Phrase,3,11.130335
15.344857,13.087871,Phrase,1,10.047181
11.452172,16.717442,Phrase,3,11.065993
13.104228,13.463995,Phrase,2,8.590882
13.540745,14.2693,Phrase,1,10.619195
15.765834,13.641963,Phrase,1,10.087312
15.202855,13.1452265,Phrase,1,9.908574
12.376786,17.083185,Phrase,3,11.192846
11.607977,16.467848,Phrase,3,10.9492235
12.766741,14.390711,Phrase,0,10.399543
13.525653,13.936562,Phrase,0,11.360092
14.063574,15.125,Phrase,0,10.962212
13.76067,13.389806,Phrase,1,9.406
12.037169,13.397974,Phrase,2,10.618259
14.110283,14.719806,Phrase,0,10.617864
14.989721,10.525267,Phrase,1,9.7629
12.26685,14.941845,Phrase,0,10.69005
12.238714,13.874266,Phrase,1,10.777667
12.328138,13.256056,Phrase,2,10.79664
11.502215,16.515886,Phrase,3,11.849042
12.046954,11.907443,Phrase,2,9.052857
12.570175,13.225283,Phrase,2,10.5879965
13.872419,15.436,Phrase,0,10.920491
13.884784,12.333838,Phrase,2,10.476276
12.392796,13.700078,Phrase,3,10.442513
13.173118,14.251198,Phrase,0,10.6370125
12.075193,12.857977,Phrase,2,11.020265
14.382483,14.845053,Phrase,0,9.747521
13.596627,13.538092,Phrase,2,10.49759
12.49472,13.665435,Phrase,2,10.008512
13.418807,14.258956,Phrase,0,11.324111
12.00339,14.207093,Phrase,0,10.937101
13.70003,13.504892,Phrase,0,9.378664
12.876463,13.462291,Phrase,2,9.120389
14.739297,13.69561,Phrase,0,9.741506
12.414887,13.384115,Phrase,2,11.051015
13.50204,13.714983,Phrase,0,10.103902
14.028121,12.579058,Phrase,2,8.4709835
14.970445,14.177872,Phrase,1,9.369636
11.582778,13.652995,Phrase,2,8.666602
11.815947,13.024313,Phrase,2,10.194631
12.001967,17.223814,Phrase,3,11.676826
11.846978,14.259999,Phrase,2,11.128726
12.285497,15.777083,Phrase,3,10.853788
12.550347,13.169218,Phrase,0,11.223941
12.823234,13.250592,Phrase,2,10.622585
13.441023,12.852792,Phrase,0,10.213901
12.500025,14.377506,Phrase,1,10.164236
12.195808,15.38456,Phrase,2,10.965623
13.518613,14.195805,Phrase,0,9.924636
13.543952,13.907269,Phrase,0,10.555477
13.435344,15.307347,Phrase,0,11.73895
12.806378,13.339805,Phrase,2,10.5053215
12.147435,12.883378,Phrase,2,10.977412
13.607557,12.854688,Phrase,2,9.417613
12.551638,17.400454,Phrase,3,11.387812
12.469779,13.437925,Phrase,2,10.293553
14.668068,13.832326,Phrase,1,11.476893
12.336744,16.914732,Phrase,3,11.651374
12.270111,16.759134,Phrase,3,11.594099
12.788772,13.371704,Phrase,2,8.0469885
13.093526,14.006674,Phrase,2,9.208806
12.015695,17.115017,Phrase,3,11.375248
14.224165,13.689873,Phrase,2,11.1526985
11.620167,15.70616,Phrase,3,11.050922
14.019174,13.458027,Phrase,1,10.725443
12.106174,15.236414,Phrase,0,10.672698
12.033814,11.566586,Phrase,1,9.40935
11.619538,12.025005,Phrase,1,9.232177
13.799753,15.03747,Phrase,0,11.178117
12.767623,14.584433,Phrase,2,10.274235
11.607635,16.30034,Phrase,3,10.458839
13.016637,13.850911,Phrase,2,8.725877
14.1003065,15.493285,Phrase,0,11.4273205
12.444992,13.3162565,Phrase,2,10.403608
14.9154415,14.05694,Phrase,2,9.10012
13.972231,15.1207485,Phrase,0,10.6651945
14.210751,12.378314,Phrase,1,9.85062
11.954203,13.2766905,Phrase,2,9.103733
14.024206,13.873602,Phrase,0,11.059883
11.769568,16.702621,Phrase,3,11.432053
12.459951,13.752054,Phrase,2,8.8300705
13.636088,13.77386,Phrase,2,9.558975
12.410333,14.19091,Phrase,0,10.998374
11.421805,14.032483,Phrase,2,9.301383
12.901497,13.910101,Phrase,2,9.595318
12.233689,14.125865,Phrase,0,10.960221
12.886949,15.329445,Phrase,2,12.261593
12.164141,16.13197,Phrase,3,11.535687
11.361138,15.805797,Phrase,3,10.672452
12.157024,15.161405,Phrase,3,10.97864
11.592252,12.088315,Phrase,0,9.123256
13.080839,14.4074955,Phrase,2,10.008205
12.019072,11.584899,Phrase,1,9.395318
12.309599,15.294081,Phrase,0,11.292292
13.150327,13.253149,Phrase,2,9.656219
15.275,13.52128,Phrase,1,10.159267
11.789929,13.350135,Phrase,2,8.685068
12.156594,13.969215,Phrase,2,10.522756
12.193862,12.696535,Phrase,2,10.977137
12.180962,11.922865,Phrase,1,9.531074
13.923641,14.705754,Phrase,0,11.082497
13.597635,14.37732,Phrase,2,11.680031
14.364639,14.144089,Phrase,0,10.734403
13.898917,14.84724,Phrase,0,10.709444
12.711945,13.759027,Phrase,2,10.795882
14.704517,14.621282,Phrase,0,11.259244
13.516741,14.251335,Phrase,0,11.692496
15.203263,13.556315,Phrase,1,10.283313
13.444779,15.03627,Phrase,0,10.737386
11.258454,16.289307,Phrase,3,10.845817
13.803958,13.408032,Phrase,0,10.748511
11.845589,16.819563,Phrase,3,10.793711
12.330749,16.8044,Phrase,3,11.467215
11.576796,16.440105,Phrase,3,10.98629
14.168423,13.868439,Phrase,1,11.359322
13.942101,15.477512,Phrase,0,10.946506
13.523242,13.786041,Phrase,0,10.832987
13.508355,14.057652,Phrase,2,9.74352
11.753204,15.530054,Phrase,3,10.558664
11.92316,17.266043,Phrase,3,11.356031
13.80638,15.711947,Phrase,0,11.329904
13.428837,15.56639,Phrase,0,11.005606
15.531918,13.375262,Phrase,1,9.909361
13.938492,12.183121,Phrase,2,10.646125
12.672433,13.787158,Phrase,0,10.187057
12.639213,13.769277,Phrase,2,8.450304
12.062396,12.129326,Phrase,2,8.760155
13.5369425,13.419128,Phrase,2,10.168101
12.765183,14.888658,Phrase,0,11.109342
13.275694,13.399233,Phrase,0,10.690454
13.033139,13.786277,Phrase,0,9.912555
14.743901,14.496364,Phrase,1,9.347815
13.469378,13.596025,Phrase,2,8.960082
11.810886,15.288957,Phrase,0,10.740365
12.572249,14.502423,Phrase,0,10.277646
14.052047,12.133343,Phrase,2,9.538777
13.555579,12.602609,Phrase,1,11.65875
12.4445715,12.99385,Phrase,2,11.086982
12.090922,13.917752,Phrase,2,9.515641
13.88142,12.663784,Phrase,1,10.4544115
12.661748,16.097252,Phrase,3,11.535482
12.4849,15.6550455,Phrase,0,10.293086
12.214728,16.291384,Phrase,3,11.735692
12.340332,13.81593,Phrase,1,10.763867
13.218261,15.195321,Phrase,0,11.396633
12.806196,16.858381,Phrase,3,11.245245
10.703042,14.563287,Phrase,1,9.884444
12.061903,13.451295,Phrase,2,8.759174
11.942936,13.178818,Phrase,2,8.688373
12.099829,16.624752,Phrase,3,11.311396
13.057136,13.30752,Phrase,2,10.551104
14.394286,15.385846,Phrase,2,11.422569
13.567857,12.341557,Phrase,0,10.716716
12.000899,12.225353,Phrase,2,8.766362
13.155237,14.679884,Phrase,1,11.277353
11.883938,14.812979,Phrase,2,7.876065
11.238441,16.224092,Phrase,3,10.814572
13.252717,13.326763,Phrase,2,10.866457
14.394273,13.461576,Phrase,0,10.565506
11.7691765,13.89297,Phrase,2,9.954054
11.305487,16.605528,Phrase,3,10.920268
12.192158,11.887122,Phrase,1,9.491346
13.935504,13.158766,Phrase,1,10.32782
13.608839,13.932288,Phrase,2,9.201682
13.375087,14.416769,Phrase,2,9.844502
12.05434,12.52998,Phrase,2,8.444455
14.982441,10.538152,Phrase,1,9.761627
12.766606,14.004741,Phrase,2,9.978891
14.188841,12.212013,Phrase,1,9.777369
11.800493,17.185999,Phrase,3,11.253084
13.381091,13.99756,Phrase,2,9.526063
12.209228,15.655125,Phrase,1,12.227998
13.13278,11.869699,Phrase,1,11.372946
13.337843,13.85412,Phrase,2,10.023643
13.585366,12.9483595,Phrase,2,8.60959
14.091629,15.123036,Phrase,0,11.076226
13.313515,14.251387,Phrase,0,11.271763
14.691465,14.522469,Phrase,0,10.818326
12.77667,13.963332,Phrase,2,9.354336
12.022409,13.107309,Phrase,2,11.0826
12.018725,13.462922,Phrase,2,10.894648
13.616611,12.984675,Phrase,2,7.3944955
12.525706,14.011226,Phrase,0,10.443841
13.496304,13.469809,Phrase,2,11.370393
13.170099,13.9715,Phrase,0,10.05353
13.075537,14.265902,Phrase,2,8.815253
14.054819,14.004782,Phrase,0,10.879209
12.495343,13.1897955,Phrase,2,8.841986
12.044141,17.063332,Phrase,3,11.670102
13.489678,14.172738,Phrase,0,11.730319
15.007791,13.356148,Phrase,1,9.921929
12.707817,14.205198,Phrase,0,11.212762
13.008397,13.635631,Phrase,2,9.469003
14.394222,14.27054,Phrase,0,10.9146595
12.005063,13.204765,Phrase,2,8.996317
11.564498,14.761803,Phrase,0,10.518079
12.867022,16.989197,Phrase,3,11.242247
13.393739,13.764033,Phrase,2,10.913899
14.614285,14.187467,Phrase,0,11.125919
13.275064,12.791905,Phrase,1,10.213928
11.880786,15.041088,Phrase,2,10.594667
13.142276,13.388179,Phrase,0,10.075729
12.982094,14.910266,Phrase,1,12.917762
12.561842,15.168231,Phrase,1,11.437765
13.521453,14.589378,Phrase,0,10.449954
13.514124,13.955458,Phrase,0,10.933645
13.54408,13.315288,Phrase,2,9.417035
14.133537,14.880209,Phrase,0,10.768509
13.828188,13.533291,Phrase,0,9.98273
12.2920885,12.857518,Phrase,2,11.014725
13.535236,14.169759,Phrase,0,10.9072485
13.273369,13.774547,Phrase,2,10.178662
13.179345,13.700279,Phrase,2,8.656864
14.591625,13.750551,Phrase,1,10.984782
12.314102,15.6134405,Phrase,3,12.275234
12.479044,14.268491,Phrase,2,8.717939
12.109378,12.798436,Phrase,2,11.147795
12.556323,17.283817,Phrase,3,11.126639
11.937528,14.834214,Phrase,2,10.268944
13.907484,12.415608,Phrase,1,9.64773
13.126909,13.545874,Phrase,2,8.980239
13.759211,13.183051,Phrase,0,11.4113865
13.956949,15.212474,Phrase,2,8.349805
15.188985,13.001056,Phrase,1,10.119059
12.701357,13.797337,Phrase,0,10.025276
13.919846,15.382073,Phrase,0,10.623337
14.191861,12.548151,Phrase,0,8.452904
12.270504,14.148225,Phrase,0,10.954053
12.49756,13.498861,Phrase,0,11.148883
13.927194,13.823419,Phrase,0,10.972512
12.150377,14.361778,Phrase,2,10.10756
11.785671,17.027657,Phrase,3,11.241841
13.883907,14.358154,Phrase,0,10.720463
11.881474,16.895142,Phrase,3,11.179485
14.46275,12.92995,Phrase,2,7.937475
14.4175625,13.967892,Phrase,0,11.044902
14.160583,13.772969,Phrase,2,10.522015
12.396549,15.077277,Phrase,2,10.365223
12.638961,13.791861,Phrase,2,8.476666
11.722321,13.578222,Phrase,1,10.357311
11.857368,16.411396,Phrase,3,11.521298
11.9986,13.728476,Phrase,2,8.783853
12.889738,14.82054,Phrase,0,10.90476
13.826199,13.524376,Phrase,1,9.966914
11.528255,16.47356,Phrase,3,10.892831
12.252714,16.869534,Phrase,3,11.524778
12.183595,15.926596,Phrase,3,11.857104
12.774912,14.147388,Phrase,1,11.539203
12.08596,15.010216,Phrase,0,10.997348
13.305261,14.793248,Phrase,0,11.166288
13.389066,14.416274,Phrase,0,11.485509
11.538938,16.959358,Phrase,3,11.333475
12.647048,13.808918,Phrase,1,10.233498
11.81433,14.593868,Phrase,3,11.362501
13.6231785,14.22398,Phrase,0,10.101864
14.448705,14.646377,Phrase,1,12.735417
13.083349,13.377022,Phrase,2,10.344474
11.874166,13.790294,Phrase,2,10.370035
12.56219,17.018707,Phrase,3,11.329561
12.319682,15.124638,Phrase,0,10.76994
12.503864,12.356795,Phrase,2,9.787372
13.982196,13.358843,Phrase,0,10.010625
13.414984,14.245153,Phrase,0,11.130818
13.42225,14.574373,Phrase,0,10.761833
12.987555,14.57787,Phrase,2,12.293419
13.27082,13.445151,Phrase,2,10.041331
11.642339,16.536016,Phrase,3,10.814565
14.369622,14.780183,Phrase,0,10.146994
14.259287,12.800311,Phrase,1,10.334799
13.502201,15.88894,Phrase,1,11.45005
11.580909,16.502625,Phrase,3,11.605496
11.855672,16.14672,Phrase,3,10.6168585
13.498671,14.384101,Phrase,0,11.183981
12.139076,16.667433,Phrase,3,12.129637
13.991413,13.982301,Phrase,0,10.828327
14.937914,13.063011,Phrase,1,10.139592
12.583329,15.988949,Phrase,1,11.83931
13.951633,12.837818,Phrase,0,7.445278
14.356501,15.393329,Phrase,0,10.7587
15.148183,13.080912,Phrase,1,9.979865
12.64053,14.045474,Phrase,1,10.453327
13.99402,12.716606,Phrase,1,10.139709
14.484891,14.04114,Phrase,0,11.517555
13.140843,13.911413,Phrase,0,9.875047
11.906928,13.600515,Phrase,2,9.066247
11.922507,14.150943,Phrase,2,11.028261
12.37565,16.497265,Phrase,3,10.4788685
12.053013,14.045932,Phrase,2,11.264626
14.191634,12.339835,Phrase,2,9.687641
12.204926,13.382752,Phrase,2,8.88159
13.1690645,14.425822,Phrase,0,11.515222
12.005037,16.79486,Phrase,3,11.518019
13.687214,13.957691,Phrase,0,10.458437
13.016488,14.054775,Phrase,2,9.56498
13.811992,14.200971,Phrase,0,11.071489
12.882895,13.759989,Phrase,0,9.840799
14.232722,15.457154,Phrase,0,10.530996
15.345072,11.372013,Phrase,0,7.8907814
12.099618,12.940554,Phrase,2,10.514013
14.1359415,13.81228,Phrase,0,10.23482
11.81778,14.547619,Phrase,3,10.80554
14.321418,15.59258,Phrase,2,11.510454
12.788192,13.889167,Phrase,2,9.3554945
13.750272,13.5326605,Phrase,1,9.862738
11.892995,12.019154,Phrase,2,9.030624
12.441407,12.499174,Phrase,2,10.054349
13.059706,14.9648905,Phrase,0,10.514723
11.718499,15.435309,Phrase,3,10.898216
13.446381,14.995182,Phrase,0,10.65729
13.362694,13.763907,Phrase,2,9.103688
13.77109,13.431339,Phrase,0,10.385056
14.39176,14.003453,Phrase,0,9.753456
12.420553,15.297384,Phrase,0,10.193576
14.054636,14.425064,Phrase,0,11.104735
12.120399,15.732226,Phrase,3,10.9889345
13.588973,14.469852,Phrase,0,11.175235
12.273304,14.708847,Phrase,2,10.764183
13.716908,12.752881,Phrase,1,10.955962
12.705832,17.168512,Phrase,3,11.201841
11.918737,17.456106,Phrase,3,11.252529
13.000558,14.556293,Phrase,2,8.966075
11.634147,14.701169,Phrase,0,10.769737
12.631243,13.744029,Phrase,2,10.536684
11.535651,15.842699,Phrase,3,10.10271
12.815017,14.592098,Phrase,2,11.039068
15.2553,13.076811,Phrase,1,10.107033
13.539781,14.524355,Phrase,0,9.312117
11.842246,15.180509,Phrase,0,10.825683
13.563404,12.863594,Phrase,2,9.490576
11.469372,13.378652,Phrase,2,9.873218
13.898787,13.596618,Phrase,2,8.836178
11.591521,16.712597,Phrase,3,10.52874
11.968559,16.961103,Phrase,3,10.861721
11.609544,14.857977,Phrase,0,10.541951
13.113097,14.598674,Phrase,0,11.501372
12.210533,16.499828,Phrase,1,12.511962
11.6056795,16.14191,Phrase,3,10.988775
13.508066,16.168774,Phrase,0,11.398239
12.58534,15.584327,Phrase,3,10.662889
12.341959,13.054235,Phrase,2,9.461077
11.961925,15.045749,Phrase,2,10.39315
15.7490835,13.682811,Phrase,1,10.095851
13.424198,12.229923,Phrase,2,8.13916
13.093214,14.267485,Phrase,2,8.23024
13.583087,13.079391,Phrase,2,9.0365305
10.825675,11.974965,Phrase,1,8.837198
12.422337,17.288054,Phrase,3,11.237955
14.621261,13.704211,Phrase,1,11.029696
11.984217,16.710094,Phrase,3,11.701588
11.499164,12.115931,Phrase,1,8.919445
12.373311,14.492919,Phrase,0,11.271229
13.100656,14.626728,Phrase,2,10.138184
12.922221,15.974044,Phrase,2,8.3863125
11.244059,14.919086,Phrase,1,10.536592
15.352393,11.364441,Phrase,0,7.9019933
14.508175,14.264978,Phrase,2,10.110881
14.130633,15.643064,Phrase,2,11.508104
12.897097,14.838691,Phrase,0,10.556088
12.777858,15.550831,Phrase,2,10.583699
12.649854,9.30382,Phrase,2,13.819233
13.994515,12.103864,Phrase,2,9.490514
11.702846,15.45617,Phrase,2,9.269766
12.5392275,14.361899,Phrase,2,10.380149
11.892388,14.021154,Phrase,2,10.193789
13.789984,14.025498,Phrase,0,10.431367
11.770486,16.760702,Phrase,3,10.965678
13.895208,13.623974,Phrase,0,11.7173815
14.40324,13.757225,Phrase,1,11.420281
13.980086,14.071218,Phrase,0,10.8116865
13.359209,13.96321,Phrase,1,9.91593
13.797706,14.218296,Phrase,0,10.860465
12.558889,17.317562,Phrase,3,11.345603
12.183595,17.032898,Phrase,3,10.866473
14.0183325,14.636361,Phrase,1,10.934646
14.694063,14.465223,Phrase,1,10.026294
13.872903,13.8229065,Phrase,0,9.8478155
15.044115,14.075142,Phrase,2,10.225847
13.72832,14.6103325,Phrase,0,9.838886
14.901548,13.77308,Phrase,1,9.909786
12.091701,16.121988,Phrase,3,11.81607
13.063413,13.975194,Phrase,2,8.665686
14.020448,12.626768,Phrase,1,10.449688
12.407547,12.978565,Phrase,2,10.890358
13.455419,14.91364,Phrase,2,10.8387375
13.135076,14.764754,Phrase,2,12.779086
10.812318,11.963871,Phrase,1,8.843578
11.420778,12.118745,Phrase,1,8.88731
12.338477,13.019312,Phrase,2,10.869863
15.542444,13.485039,Phrase,1,9.86126
14.227261,13.613826,Phrase,1,10.0508995
13.376829,14.488437,Phrase,0,10.790676
12.04379,16.352411,Phrase,3,11.033622
14.079306,15.480237,Phrase,0,10.591507
11.83187,13.309328,Phrase,2,8.753451
13.773714,16.656769,Phrase,1,10.95917
14.133812,12.365934,Phrase,1,8.306641
11.980431,13.14393,Phrase,2,10.837909
11.839866,14.206496,Phrase,3,11.077095
12.270398,15.939177,Phrase,3,10.09666
14.910751,13.548254,Phrase,1,11.05844
12.103971,14.674913,Phrase,2,10.797984
12.355623,13.528369,Phrase,2,9.842586
13.375234,13.632925,Phrase,2,9.02026
14.132112,14.625562,Phrase,0,10.932776
11.443874,12.084197,Phrase,1,8.912005
12.423516,13.009976,Phrase,2,11.061139
12.389034,13.06837,Phrase,2,10.674369
15.292921,13.4765,Phrase,2,9.90851
13.550807,12.575649,Phrase,1,11.662165
14.34759,13.649412,Phrase,1,10.320792
11.87471,16.912367,Phrase,3,11.342878
14.449041,14.647768,Phrase,1,12.7371855
12.4031725,13.634944,Phrase,2,11.158753
13.619594,14.480551,Phrase,0,10.238972
14.216861,16.791105,Phrase,0,9.395178
12.5650625,15.216834,Phrase,0,10.744599
11.828052,17.274992,Phrase,3,11.470934
12.036638,14.050167,Phrase,1,11.28334
13.977553,13.634399,Phrase,0,10.885393
13.064207,13.739219,Phrase,0,8.812659
12.840706,17.18665,Phrase,0,11.301944
12.424698,13.091912,Phrase,2,11.012684
13.930501,12.432535,Phrase,0,8.580964
12.853998,14.091769,Phrase,0,9.250742
14.062589,13.839039,Phrase,0,9.965311
11.349441,16.688845,Phrase,3,10.9856615
11.496621,13.333805,Phrase,2,9.782805
11.925043,13.441335,Phrase,2,8.613964
12.139098,16.72847,Phrase,3,11.9554405
12.742575,15.885973,Phrase,0,11.535905
13.32467,14.54686,Phrase,0,11.41076
12.414861,15.149389,Phrase,0,11.113597
11.753769,16.156622,Phrase,3,11.112798
12.549969,14.675735,Phrase,0,10.270993
12.484615,16.227049,Phrase,3,10.656766
13.261627,13.076198,Phrase,2,9.80313
12.554368,17.138708,Phrase,3,11.217717
12.326768,13.768905,Phrase,2,9.9487095
13.774974,14.95177,Phrase,0,11.211988
11.284982,12.246947,Phrase,1,9.358546
13.687092,13.383987,Phrase,1,10.893308
15.371198,11.36724,Phrase,0,7.8960867
13.541771,14.659857,Phrase,0,11.261115
14.743885,13.591329,Phrase,0,9.84009
13.235575,16.904457,Phrase,2,11.005011
13.396968,13.205818,Phrase,2,7.621145
14.433865,14.886885,Phrase,0,11.422615
-2.559809,6.5531225,Phrase,1,9.220992
15.111546,13.93623,Phrase,0,10.029763
11.450587,16.120407,Phrase,3,11.054976
11.37514,15.640563,Phrase,2,10.709973
14.58214,14.609473,Phrase,0,10.207301
12.75801,15.5086,Phrase,0,10.8175745
13.74836,14.785678,Phrase,0,11.247493
14.384256,12.347147,Phrase,0,8.45636
14.318761,14.198643,Phrase,0,11.3533535
15.206611,13.252924,Phrase,1,10.114502
12.967402,13.903381,Phrase,2,10.6584635
12.758472,15.360689,Phrase,0,12.136409
13.940041,16.287733,Phrase,1,10.528099
11.78721,13.612841,Phrase,2,8.9706545
11.869577,14.706198,Phrase,0,11.414669
12.434842,14.909531,Phrase,2,11.116037
12.041199,17.38404,Phrase,3,11.023471
14.554368,13.821091,Phrase,0,9.303327
14.471904,13.090967,Phrase,1,9.669624
15.132553,13.556188,Phrase,1,10.20948
14.3157625,15.641262,Phrase,0,11.4723
14.178788,13.870934,Phrase,1,9.371553
11.720707,14.925424,Phrase,2,10.391901
11.664183,16.538029,Phrase,3,11.501679
14.704715,11.589681,Phrase,2,7.182088
11.791134,14.024582,Phrase,2,10.083538
13.105486,13.549417,Phrase,2,9.050157
14.087099,13.858319,Phrase,0,10.196518
12.644345,13.672254,Phrase,2,10.448478
15.352927,11.369402,Phrase,0,7.8935876
13.1918745,13.515686,Phrase,2,9.250164
11.215548,12.111315,Phrase,1,8.811859
13.49354,13.741228,Phrase,0,10.596791
14.639308,14.177316,Phrase,2,11.36059
14.38911,13.067635,Phrase,1,10.855708
12.437517,13.857238,Phrase,1,10.415912
12.731749,14.49727,Phrase,0,11.03033
12.125484,11.496932,Phrase,1,9.453435
13.553343,14.508169,Phrase,0,11.028516
13.9849,13.237795,Phrase,0,9.992373
12.321391,16.648882,Phrase,3,11.488053
14.380386,14.3819685,Phrase,1,11.149589
12.72383,12.816838,Phrase,2,9.181142
12.693301,16.946133,Phrase,3,11.219268
12.992525,13.890802,Phrase,2,9.590704
14.168402,14.504858,Phrase,0,10.772608
11.449209,16.646828,Phrase,3,11.593396
12.777594,14.066008,Phrase,0,8.87923
13.496913,14.239306,Phrase,0,11.49957
12.1712475,15.643218,Phrase,3,10.835651
12.191995,14.772121,Phrase,0,11.287642
14.153621,13.974245,Phrase,2,10.893826
11.493101,16.606949,Phrase,3,10.912182
14.138361,14.603207,Phrase,0,10.118258
12.861086,13.971498,Phrase,2,9.380031
12.874581,16.586582,Phrase,3,11.016092
13.2320595,15.924383,Phrase,0,10.661487
11.47965,17.090149,Phrase,2,11.316392
13.75355,14.477218,Phrase,0,10.23592
11.836396,16.22013,Phrase,3,11.419426
13.814649,14.4251795,Phrase,0,10.11311
12.11637,17.050226,Phrase,3,11.518632
13.95713,14.415364,Phrase,0,9.654612
11.723594,14.175968,Phrase,2,9.527635
13.845764,14.447867,Phrase,1,11.538212
14.208819,13.133725,Phrase,1,9.792055
14.285825,13.820537,Phrase,0,10.542324
13.30137,14.224631,Phrase,2,11.338871
14.494415,14.035475,Phrase,1,10.304245
12.042505,17.219847,Phrase,3,11.106482
12.905243,17.356653,Phrase,1,11.301096
12.426951,15.059049,Phrase,0,10.946234
14.1897135,13.608619,Phrase,1,10.542033
12.063264,14.339704,Phrase,1,11.619353
11.910271,13.7412405,Phrase,2,9.120141
-2.5639212,6.550124,Phrase,1,9.220297
14.193738,13.75437,Phrase,0,11.200844
12.161524,11.862665,Phrase,1,9.430748
13.454357,13.088873,Phrase,2,9.304566
12.491554,13.120616,Phrase,2,11.062215
11.974107,14.897335,Phrase,0,10.861204
13.657861,14.673777,Phrase,0,10.767176
14.306453,12.690647,Phrase,2,10.058396
11.678037,13.239365,Phrase,2,9.01181
11.909559,14.932791,Phrase,0,10.559784
15.180632,13.073893,Phrase,1,9.857531
14.527504,15.070092,Phrase,1,9.58194
11.572858,13.096414,Phrase,2,9.00032
12.420547,14.120375,Phrase,1,11.183977
14.295005,14.129436,Phrase,0,10.896216
12.066639,16.365715,Phrase,3,11.515237
12.914673,14.886048,Phrase,0,10.878424
14.086245,13.045873,Phrase,1,9.532262
13.625443,13.638202,Phrase,2,8.954469
11.852974,16.810083,Phrase,3,11.533548
12.720122,13.911483,Phrase,0,9.086774
15.23184,13.75917,Phrase,1,9.832423
12.484698,14.877464,Phrase,0,11.461919
12.231906,14.765009,Phrase,2,11.02054
13.333298,15.340117,Phrase,0,11.361323
11.528905,13.952286,Phrase,2,9.176769
14.591037,13.91542,Phrase,1,9.913743
11.8494835,16.543087,Phrase,3,10.78341
13.70854,14.816237,Phrase,2,11.493388
13.225599,13.957468,Phrase,0,10.655589
12.220333,16.38578,Phrase,3,10.606468
12.8873415,15.310879,Phrase,0,11.017039
13.532665,16.161697,Phrase,0,11.399814
13.238344,13.847679,Phrase,2,9.326324
13.633636,12.261508,Phrase,0,10.750123
13.981099,12.578417,Phrase,2,7.854217
13.021689,12.918908,Phrase,0,10.017164
13.088703,14.539605,Phrase,0,11.090395
11.855591,15.758063,Phrase,3,11.457612
11.839456,12.012246,Phrase,2,9.195257
13.421651,15.236145,Phrase,0,11.49007
15.289211,13.241434,Phrase,2,9.849814
12.095777,16.014772,Phrase,3,11.702639
11.290889,12.22775,Phrase,1,9.3314495
13.863508,13.398963,Phrase,1,10.011
13.304843,14.306766,Phrase,1,10.191335
14.04328,13.822013,Phrase,0,11.435317
13.761521,13.660755,Phrase,0,11.371089
13.838841,13.122133,Phrase,1,11.075189
11.94927,14.595581,Phrase,0,10.912774
13.249591,13.620939,Phrase,2,8.862188
12.821136,14.066321,Phrase,2,9.488515
12.218994,16.987343,Phrase,3,11.667028
12.793056,13.182963,Phrase,2,10.324821
13.939092,12.612277,Phrase,1,9.7108555
13.862757,13.97338,Phrase,1,11.734212
13.403681,14.081867,Phrase,2,9.724167
12.120417,12.884126,Phrase,2,9.213414
12.899023,15.062026,Phrase,1,12.765468
12.1086445,13.373497,Phrase,2,8.61075
12.724217,17.167242,Phrase,3,11.353262
15.312412,11.468262,Phrase,0,7.9197817
12.8468275,13.445881,Phrase,0,11.241333
13.609122,13.828137,Phrase,0,10.449381
12.604751,16.841629,Phrase,3,11.141357
13.354814,13.228128,Phrase,0,7.670523
13.468729,12.782179,Phrase,2,8.627698
12.796999,16.518387,Phrase,3,11.312987
12.745445,13.533365,Phrase,1,10.151375
13.2131,14.386666,Phrase,0,10.853154
13.435,13.454574,Phrase,0,11.222168
11.214063,11.812142,Phrase,2,8.956099
12.1226015,12.756603,Phrase,2,11.119443
12.016923,14.986636,Phrase,2,10.616803
13.266056,14.636515,Phrase,0,11.437625
12.33196,14.383366,Phrase,1,10.2829895
12.688142,14.212381,Phrase,2,9.430013
12.031395,12.090486,Phrase,2,8.784779
14.243705,15.011225,Phrase,0,10.827225
12.2093315,16.713543,Phrase,3,11.91669
13.136081,13.914235,Phrase,0,9.579232
11.906619,14.672855,Phrase,1,10.577564
11.517227,15.70706,Phrase,3,10.967904
11.436803,12.250937,Phrase,2,9.335906
14.1791935,13.158806,Phrase,0,7.908024
13.445301,15.056273,Phrase,0,11.429275
14.937968,13.613156,Phrase,1,9.9386
13.202948,15.654106,Phrase,2,9.792704
13.1742325,13.282415,Phrase,2,8.998197
14.338433,15.499018,Phrase,0,10.954178
14.282785,13.860334,Phrase,1,11.576606
14.281862,14.251136,Phrase,2,10.22312
12.052707,17.213303,Phrase,3,11.319292
13.847877,13.885447,Phrase,0,9.608314
11.561181,16.698744,Phrase,3,10.901568
12.55945,12.914498,Phrase,2,9.54497
12.400399,14.201266,Phrase,2,10.936141
14.020107,12.619928,Phrase,2,8.45309
15.034816,13.745644,Phrase,1,10.438504
13.513045,13.547271,Phrase,0,11.051728
13.361168,14.024716,Phrase,0,9.545959
13.62847,13.888751,Phrase,2,9.298059
14.511735,12.437997,Phrase,2,9.992923
13.032952,14.828701,Phrase,1,12.88025
13.886864,13.394635,Phrase,0,9.995929
12.2308445,16.957998,Phrase,3,11.426716
11.374613,16.209755,Phrase,3,10.387235
13.152269,13.902791,Phrase,0,9.360515
11.182368,16.25505,Phrase,3,10.665873
11.733791,13.371889,Phrase,2,8.7429495
12.831906,14.958296,Phrase,2,9.859991
12.360519,16.514189,Phrase,3,11.142016
12.474616,13.7348,Phrase,2,10.523941
13.157913,14.42371,Phrase,1,11.483487
11.785813,15.059313,Phrase,2,10.800115
15.274823,12.954522,Phrase,1,10.166491
13.771293,13.171516,Phrase,1,10.89114
12.591643,16.786062,Phrase,3,11.082687
14.706595,15.387985,Phrase,1,10.826912
13.250485,16.293453,Phrase,3,11.32384
14.0067215,15.130264,Phrase,0,11.715261
12.846449,15.180891,Phrase,1,12.571495
12.050613,14.3631935,Phrase,3,11.509423
13.9492855,15.072535,Phrase,0,11.331505
14.323206,15.514344,Phrase,1,11.475432
11.619264,13.9143095,Phrase,2,9.190636
13.243619,13.806976,Phrase,2,8.934724
11.867293,14.256416,Phrase,2,10.838564
12.406988,16.481316,Phrase,3,11.535787
12.261244,12.810823,Phrase,1,11.205325
12.076018,15.126759,Phrase,2,10.003388
10.847826,12.357499,Phrase,1,9.245866
11.274442,16.735277,Phrase,3,10.956841
13.915411,13.643756,Phrase,2,9.288018
12.226416,15.355378,Phrase,0,11.077187
11.438425,16.712456,Phrase,3,10.8293915
12.684347,13.756505,Phrase,2,9.901423
13.076379,13.935393,Phrase,0,10.217221
13.19311,14.191331,Phrase,1,9.714307
12.121096,16.668745,Phrase,3,11.911917
13.175177,14.049435,Phrase,2,9.465986
14.326741,15.460814,Phrase,0,11.441985
13.505567,14.306529,Phrase,2,8.363454
13.569573,13.802699,Phrase,2,10.530885
12.635244,14.15487,Phrase,0,10.926238
14.295576,14.040313,Phrase,0,10.810375
12.85708,13.314563,Phrase,2,9.706871
12.926997,14.472802,Phrase,2,9.895339
15.339747,12.96469,Phrase,1,10.131735
13.246786,14.745386,Phrase,0,10.571497
14.662453,14.005681,Phrase,0,9.88932
13.081555,14.716229,Phrase,0,9.485084
12.483824,15.1808815,Phrase,0,10.809441
14.590946,14.327707,Phrase,0,11.4107685
13.397227,13.820658,Phrase,0,11.289738
12.0772295,14.17187,Phrase,2,11.107698
11.587055,13.179043,Phrase,2,9.374882
12.616464,14.8480625,Phrase,0,10.963599
12.289116,12.86905,Phrase,0,8.616145
12.532244,14.573289,Phrase,2,11.186934
13.468514,15.290745,Phrase,1,11.818767
14.593542,14.823839,Phrase,0,11.444279
15.823797,13.4583,Phrase,1,10.014644
14.9690485,13.501062,Phrase,1,9.713311
12.871982,13.187738,Phrase,2,11.0679455
13.77643,13.218886,Phrase,2,10.072634
13.493881,14.146082,Phrase,2,10.480507
13.64763,13.964088,Phrase,0,10.517202
13.050463,14.163765,Phrase,2,8.900623
13.083177,13.224715,Phrase,2,9.254704
14.89611,14.165901,Phrase,1,9.379943
12.11535,17.021345,Phrase,3,10.685996
13.17904,13.36318,Phrase,0,10.83235
14.079999,14.777613,Phrase,0,10.553586
11.700721,14.530544,Phrase,3,11.100916
13.065521,12.417918,Phrase,1,11.13087
11.917082,13.683179,Phrase,1,10.080698
12.604981,15.732779,Phrase,3,11.917739
12.089148,12.795181,Phrase,2,10.796502
11.85772,16.117577,Phrase,3,11.362084
11.905044,15.170329,Phrase,3,11.064659
12.740485,12.844574,Phrase,2,8.896414
11.837509,13.683808,Phrase,2,8.778199
12.247145,14.366018,Phrase,0,10.499633
11.457294,12.111398,Phrase,1,8.9604025
13.38048,14.156976,Phrase,2,10.112478
12.104418,12.852285,Phrase,2,10.686461
13.665618,13.890773,Phrase,0,10.752669
11.952532,15.274621,Phrase,2,10.556022
12.312212,13.773434,Phrase,2,10.054048
11.789916,16.74516,Phrase,3,11.047771
14.020521,14.6495285,Phrase,0,10.9193535
12.576513,16.253983,Phrase,3,11.051201
11.602098,16.631088,Phrase,3,11.001386
12.293041,12.931147,Phrase,2,10.859686
12.088761,14.153355,Phrase,0,10.394229
14.574884,13.870555,Phrase,2,8.662538
12.473475,14.5073805,Phrase,2,10.391391
14.312948,14.379603,Phrase,1,10.088487
13.996858,12.96716,Phrase,2,10.108796
13.993447,12.997375,Phrase,0,8.718947
13.551442,14.2883835,Phrase,0,11.284475
12.067103,13.594216,Phrase,2,10.828878
11.943301,12.231001,Phrase,2,8.922584
11.606723,13.614208,Phrase,2,9.13674
12.45491,13.204367,Phrase,0,8.877099
12.775905,13.679342,Phrase,0,11.217878
13.775633,15.564897,Phrase,0,10.74897
14.323083,14.168346,Phrase,1,10.766384
13.844818,14.874192,Phrase,0,10.684907
12.986321,13.827903,Phrase,2,9.050596
11.420142,12.097099,Phrase,1,8.890523
14.181857,13.295673,Phrase,1,10.413494
13.590926,14.035774,Phrase,1,10.659364
11.380561,15.521724,Phrase,3,10.593604
12.660298,16.57009,Phrase,3,10.790286
11.786331,14.713911,Phrase,3,11.346877
13.2214155,14.265877,Phrase,2,8.719288
13.082302,14.172105,Phrase,0,10.012253
14.501891,14.71289,Phrase,0,9.860381
14.48465,14.075437,Phrase,0,10.593134
11.172531,16.159435,Phrase,3,10.8279915
13.862975,14.178244,Phrase,0,11.216964
15.348005,11.367955,Phrase,0,7.890226
11.739176,15.102786,Phrase,2,10.370781
13.373353,14.370341,Phrase,0,11.21654
12.173344,12.818622,Phrase,2,11.1341715
13.112882,14.130961,Phrase,2,11.096391
12.056776,14.201499,Phrase,2,10.872739
12.767452,14.073348,Phrase,0,10.984844
12.613842,13.211,Phrase,2,11.1678095
13.848103,15.044886,Phrase,0,11.066965
14.229674,14.192614,Phrase,1,11.2022915
12.365586,12.689045,Phrase,2,10.9548025
12.381048,13.475555,Phrase,2,9.785019
11.99467,12.827745,Phrase,2,10.733594
14.721704,13.899877,Phrase,1,11.246899
14.089141,13.187739,Phrase,1,10.939182
12.643278,15.160206,Phrase,0,11.180096
13.487647,15.830618,Phrase,0,11.427407
13.635943,14.0947695,Phrase,0,10.174722
15.023891,13.208785,Phrase,1,10.327471
14.366344,13.826664,Phrase,1,10.805524
14.114906,14.04284,Phrase,0,10.523089
13.55581,13.906509,Phrase,2,9.246145
13.941117,13.059746,Phrase,2,9.541598
12.398871,14.693512,Phrase,2,10.574732
11.836623,16.947382,Phrase,3,10.849598
12.724183,13.910358,Phrase,2,9.260411
13.706329,14.550044,Phrase,0,11.279608
13.845021,13.40103,Phrase,1,10.748766
11.414641,15.563455,Phrase,2,10.689672
11.728692,14.778453,Phrase,0,11.310028
12.254329,13.152539,Phrase,0,10.2442465
12.643989,15.991428,Phrase,3,10.92264
11.825095,17.09041,Phrase,3,11.272819
12.987383,16.529179,Phrase,3,11.021639
14.007618,13.42017,Phrase,0,10.602441
11.798213,14.681522,Phrase,0,11.406144
13.056644,14.270661,Phrase,1,11.591966
11.696893,14.42104,Phrase,1,10.6564865
14.097691,12.066729,Phrase,1,9.511272
14.010828,14.657252,Phrase,0,9.963307
15.192782,11.567361,Phrase,0,8.052734
11.763642,16.623299,Phrase,3,11.003348
13.7311945,12.920357,Phrase,1,11.518326
13.464373,12.228483,Phrase,0,8.128799
13.420241,13.891864,Phrase,0,9.903534
11.204539,16.248735,Phrase,3,10.814824
13.489252,14.050863,Phrase,2,8.652875
13.598557,13.974931,Phrase,0,10.452973
13.754253,14.605746,Phrase,0,10.326569
14.907483,13.572449,Phrase,1,9.769834
12.2516,16.778385,Phrase,3,11.768115
13.432924,14.520461,Phrase,2,8.810634
13.907127,13.330447,Phrase,1,9.894889
11.635467,15.163855,Phrase,3,10.60758
13.580592,14.033978,Phrase,0,9.140832
13.29223,13.294457,Phrase,2,9.733213
11.4184675,12.179079,Phrase,2,9.104218
13.130411,13.531482,Phrase,0,9.385872
12.721599,14.731906,Phrase,2,10.683656
12.027043,13.822588,Phrase,0,10.098456
12.210741,15.633485,Phrase,3,12.22867
13.289564,13.58275,Phrase,1,10.566868
12.934013,13.719885,Phrase,2,9.217359
13.5424185,14.208684,Phrase,2,10.223198
14.662297,14.783667,Phrase,0,11.516922
13.23145,13.985757,Phrase,2,9.593017
12.884141,16.818905,Phrase,3,11.034384
11.886513,14.22717,Phrase,3,11.111694
13.150275,13.247466,Phrase,2,10.502716
12.042447,14.353467,Phrase,2,10.201173
14.135401,14.207936,Phrase,1,10.937884
13.714691,14.070773,Phrase,0,10.8911495
12.177935,14.876967,Phrase,0,10.8642435
12.005751,12.128163,Phrase,2,8.8067665
12.311513,15.277606,Phrase,0,11.118052
15.426054,11.936379,Phrase,0,11.057634
13.916269,15.182184,Phrase,0,10.894869
11.72094,17.0608,Phrase,3,10.979895
14.29821,14.220929,Phrase,0,10.351009
12.232246,11.8258505,Phrase,1,9.522473
11.56377,16.516613,Phrase,3,11.357228
14.052167,12.187728,Phrase,2,9.543806
12.025099,11.963411,Phrase,1,9.404455
15.870394,13.610156,Phrase,1,10.0204525
12.738432,13.274259,Phrase,2,10.563427
12.094154,15.588098,Phrase,3,10.652715
12.510604,14.316698,Phrase,0,10.995908
12.114691,16.477715,Phrase,3,11.289628
14.809422,13.4475,Phrase,1,11.038738
11.852065,16.62705,Phrase,3,10.928107
11.847349,14.681356,Phrase,1,10.557674
12.779909,12.795793,Phrase,2,8.44928
14.39863,13.425271,Phrase,0,10.761984
13.628516,15.065845,Phrase,0,10.3731985
11.967639,16.471401,Phrase,3,11.242245
12.255854,17.048977,Phrase,3,11.490454
13.830267,13.286504,Phrase,1,9.607235
13.254006,13.909355,Phrase,0,10.623404
12.944658,12.821677,Phrase,2,9.541707
14.3237295,13.555421,Phrase,1,11.2346
11.467017,12.547028,Phrase,2,9.286412
13.603765,13.9249325,Phrase,0,11.1528015
14.065449,14.851021,Phrase,0,11.03856
13.826452,14.077801,Phrase,1,11.778376
11.956613,12.79301,Phrase,2,10.946728
11.624833,16.419708,Phrase,3,11.306235
13.0627,14.093413,Phrase,2,8.528972
11.720687,14.108734,Phrase,1,10.595593
13.672292,13.305839,Phrase,0,8.725856
11.830956,14.228706,Phrase,2,11.139471
13.911104,13.683305,Phrase,1,11.134289
12.46623,15.0152025,Phrase,1,11.148614
13.647235,14.411984,Phrase,0,10.690469
12.081495,13.269519,Phrase,0,9.317848
12.471545,15.110153,Phrase,0,11.222587
14.191903,14.365691,Phrase,2,9.830099
11.500557,12.071927,Phrase,2,8.891172
11.597618,15.027864,Phrase,0,10.429285
14.50842,12.652951,Phrase,1,10.252083
12.239295,15.090181,Phrase,0,10.919056
12.79257,13.429602,Phrase,2,10.032788
13.933932,14.574287,Phrase,0,11.471371
12.979423,13.840972,Phrase,1,10.315558
12.300131,15.680304,Phrase,0,10.727065
13.392275,13.003826,Phrase,0,10.304265
11.893976,14.414989,Phrase,2,10.820357
12.667074,14.008461,Phrase,0,9.553101
13.317349,14.41014,Phrase,0,10.782709
12.46457,12.222659,Phrase,1,10.131532
11.85727,13.426132,Phrase,2,8.689548
14.133745,14.034631,Phrase,0,11.433901
14.982993,14.226683,Phrase,1,9.337868
15.558763,12.2624855,Phrase,1,10.108802
12.028933,12.117705,Phrase,2,8.775243
12.328511,16.092287,Phrase,3,11.527539
12.5543375,13.214235,Phrase,0,11.052626
11.609714,16.450815,Phrase,3,11.050783
14.103866,15.520929,Phrase,0,11.413553
14.014933,13.841066,Phrase,1,11.938181
13.949398,14.015918,Phrase,0,11.578857
13.374771,15.259911,Phrase,0,11.336045
14.821974,13.52498,Phrase,1,9.6021385
13.69058,14.3058,Phrase,2,9.632146
12.04564,12.589363,Phrase,2,8.439435
12.55111,14.218736,Phrase,2,10.245104
14.430153,12.328595,Phrase,1,9.891165
12.093435,13.190174,Phrase,2,9.134611
13.36984,15.105284,Phrase,0,11.139075
11.993242,13.345226,Phrase,2,8.586673
12.928952,13.960445,Phrase,2,10.41085
12.858325,13.870252,Phrase,2,11.098523
13.316375,13.107191,Phrase,1,10.827057
13.5222025,12.739641,Phrase,0,10.286605
12.931434,14.182458,Phrase,0,9.160868
12.253811,14.146004,Phrase,2,10.52214
13.054667,13.683859,Phrase,2,8.9499445
14.660919,14.890251,Phrase,0,11.164004
13.792655,14.267979,Phrase,0,10.767819
14.183061,14.805966,Phrase,0,10.398984
12.769023,13.63782,Phrase,2,9.794798
14.163463,14.468185,Phrase,0,10.393492
11.892405,15.979524,Phrase,3,11.43376
11.897994,16.576391,Phrase,3,10.897418
14.247792,15.041489,Phrase,0,10.479419
13.112717,14.700726,Phrase,1,10.507523
11.203183,15.444175,Phrase,3,10.710705
12.292191,16.671535,Phrase,3,11.436296
12.224881,12.790772,Phrase,2,11.217431
13.442675,14.064319,Phrase,1,9.702009
14.035275,12.696413,Phrase,2,10.090357
12.878908,13.568032,Phrase,2,9.012262
12.588825,14.010271,Phrase,2,9.155562
13.66486,14.613624,Phrase,0,11.2213125
12.223972,13.47047,Phrase,2,9.0561
13.347916,14.621938,Phrase,0,11.005974
13.873037,15.518447,Phrase,1,11.091016
13.312884,14.11727,Phrase,0,10.64152
13.57961,14.1135025,Phrase,0,10.945278
14.107819,14.713914,Phrase,0,11.078518
13.494623,14.800255,Phrase,0,10.379141
11.4132,16.81464,Phrase,3,11.766018
13.867805,13.422425,Phrase,1,10.017704
11.479472,16.763126,Phrase,3,11.071151
13.640267,13.09846,Phrase,2,10.326246
11.827045,16.002163,Phrase,3,11.326826
14.570639,11.919729,Phrase,0,7.5621014
14.527568,14.16489,Phrase,0,9.991921
13.560849,13.869353,Phrase,0,11.364956
12.75352,13.864649,Phrase,0,11.335413
11.990586,16.909721,Phrase,3,11.729442
14.033662,14.21286,Phrase,0,11.65844
15.366319,11.3626175,Phrase,0,7.891496
15.346465,11.369635,Phrase,0,7.8910584
13.559787,13.474981,Phrase,2,10.613306
12.260722,15.067062,Phrase,0,10.989805
12.306364,13.522498,Phrase,2,9.888932
11.579114,12.042272,Phrase,1,9.270107
15.291918,13.023066,Phrase,1,10.060629
12.185114,12.886661,Phrase,2,10.995817
11.918635,14.055742,Phrase,2,11.172471
13.710489,12.189087,Phrase,0,8.545992
13.155227,14.435389,Phrase,0,10.110492
11.997201,17.039398,Phrase,3,11.433599
13.487136,14.407472,Phrase,0,9.801918
12.04314,16.83413,Phrase,3,11.762907
12.645524,15.278325,Phrase,0,10.85415
11.587501,16.06375,Phrase,3,10.428086
12.147749,16.883245,Phrase,3,11.286481
14.342382,13.062747,Phrase,1,11.825783
12.323511,13.792752,Phrase,2,9.980078
11.506681,12.526042,Phrase,2,9.169247
12.493878,13.538396,Phrase,2,10.846504
11.163349,16.191483,Phrase,3,10.861526
13.703926,12.839871,Phrase,2,8.9580145
13.086847,13.543878,Phrase,2,10.1280985
12.5953665,13.5314245,Phrase,0,9.535313
12.44002,15.025477,Phrase,0,10.673405
11.918384,14.863303,Phrase,1,10.8844385
13.879667,14.887591,Phrase,0,11.452701
11.907159,16.107811,Phrase,3,11.3841505
13.454081,14.254112,Phrase,0,10.652712
13.61037,13.883908,Phrase,0,9.977508
12.987756,13.789958,Phrase,2,8.708662
12.703613,15.057436,Phrase,0,10.650332
13.796398,14.651223,Phrase,0,11.4679985
12.793889,14.7773,Phrase,2,8.933553
12.78673,14.655681,Phrase,2,10.061806
12.634388,13.143155,Phrase,2,10.360799
12.574782,12.431311,Phrase,2,8.995722
14.981015,10.5379,Phrase,1,9.759465
12.614055,13.225341,Phrase,2,10.39388
11.563088,16.938654,Phrase,3,11.402447
13.400029,14.898815,Phrase,0,11.041185
12.766675,16.763514,Phrase,3,11.52543
14.990153,13.73538,Phrase,0,9.852973
11.862802,15.36454,Phrase,3,10.988734
12.133837,12.932941,Phrase,2,10.930174
12.891089,15.304742,Phrase,1,11.467787
13.965367,15.187706,Phrase,0,10.718834
14.502032,13.839168,Phrase,1,11.413196
13.843245,13.418841,Phrase,1,10.93877
12.426286,13.575988,Phrase,2,8.711503
12.543033,16.671045,Phrase,3,11.44734
14.039624,14.52621,Phrase,0,10.743585
13.413193,13.411729,Phrase,2,11.388414
12.721939,15.46074,Phrase,0,10.822302
13.692295,13.008896,Phrase,2,8.953752
12.734518,13.455126,Phrase,2,9.840743
12.306316,17.063147,Phrase,3,11.389142
12.326111,13.793451,Phrase,2,9.585672
14.394259,12.991983,Phrase,2,7.901119
14.512464,14.838866,Phrase,0,11.498888
14.492054,14.805261,Phrase,0,11.521772
12.432379,13.550886,Phrase,2,10.989768
13.802382,13.266024,Phrase,0,11.13187
15.171775,13.050034,Phrase,1,10.251724
12.177657,17.07522,Phrase,3,11.009592
14.170381,13.445023,Phrase,1,11.201287
14.980189,10.538611,Phrase,1,9.759164
12.006164,17.063128,Phrase,3,11.790736
13.770635,12.188774,Phrase,0,8.471218
13.965924,14.940273,Phrase,0,11.430178
14.14672,14.931202,Phrase,0,11.361411
14.274458,14.0613,Phrase,0,11.145546
13.014782,15.118205,Phrase,0,9.745381
13.689108,14.047139,Phrase,0,10.44336
12.00334,13.90033,Phrase,2,9.997461
14.279608,13.273875,Phrase,1,11.706574
14.671837,11.509114,Phrase,0,7.0696774
12.645056,13.376967,Phrase,2,10.438491
12.102247,16.94497,Phrase,3,10.721168
14.029555,13.620123,Phrase,0,9.6465025
14.085408,13.7535515,Phrase,1,11.921823
12.015355,12.766578,Phrase,2,10.979683
13.164928,14.651661,Phrase,0,11.56202
13.987443,15.113324,Phrase,0,11.659145
12.7389765,13.818736,Phrase,2,8.996965
11.83306,16.538757,Phrase,3,10.995805
12.010952,11.837818,Phrase,1,9.401908
12.593659,15.458484,Phrase,3,12.2406225
13.082803,14.470454,Phrase,2,10.48871
13.430612,15.902613,Phrase,0,11.417831
12.56213,15.378767,Phrase,0,9.631565
15.230464,13.045173,Phrase,1,10.196404
13.555792,15.16483,Phrase,0,11.338939
14.124854,15.068635,Phrase,0,10.976025
13.729351,15.003759,Phrase,2,10.781716
14.153718,12.07023,Phrase,1,10.806408
12.365773,17.285563,Phrase,3,11.314961
13.623507,14.706643,Phrase,0,11.120376
12.409513,17.426067,Phrase,3,11.243738
12.133596,14.478671,Phrase,0,11.497594
14.124627,13.790339,Phrase,0,9.97222
12.637286,14.685728,Phrase,0,10.485471
13.7641115,13.0726795,Phrase,1,11.625604
15.335896,13.047332,Phrase,1,10.094635
13.710317,14.255776,Phrase,1,11.816222
14.106907,13.9361315,Phrase,1,11.892153
12.295884,12.842607,Phrase,1,11.027304
12.95606,13.619941,Phrase,2,9.940635
14.718674,14.877395,Phrase,0,10.53986
15.164129,14.085953,Phrase,0,9.775
13.238022,13.611494,Phrase,0,11.103786
11.420716,13.8156805,Phrase,2,8.96795
12.933619,14.17843,Phrase,0,10.579017
12.023531,15.031687,Phrase,0,11.100268
12.827555,15.202008,Phrase,1,12.648535
14.199469,15.624796,Phrase,0,11.309281
12.209384,16.38785,Phrase,3,12.113307
12.077277,14.122988,Phrase,0,11.291092
13.1784115,14.686156,Phrase,0,12.268447
13.451234,14.119192,Phrase,0,9.989813
12.115116,16.948252,Phrase,3,11.507167
13.342362,14.853153,Phrase,0,9.748605
11.747287,14.050673,Phrase,1,10.484251
13.812449,14.516704,Phrase,0,11.551071
15.163171,13.581883,Phrase,1,10.211821
11.987908,16.746902,Phrase,3,11.2426605
13.987625,12.858507,Phrase,2,9.516014
14.591248,15.000862,Phrase,0,11.3990755
15.355043,12.989053,Phrase,1,10.159578
15.115694,13.658891,Phrase,0,10.350148
14.097328,12.0724745,Phrase,1,9.523202
11.790617,15.335719,Phrase,0,10.633518
13.814176,13.008781,Phrase,1,11.55341
11.416381,14.812974,Phrase,0,10.5646105
15.106111,13.4254465,Phrase,1,9.861088
12.138065,11.654308,Phrase,1,9.464658
13.939391,13.422506,Phrase,1,9.871351
12.760042,15.179131,Phrase,1,12.32053
14.025349,12.603768,Phrase,2,9.6585
11.750897,16.677132,Phrase,3,11.163349
13.2080965,15.561713,Phrase,0,10.526975
12.991694,14.061083,Phrase,2,9.714371
12.11856,16.746199,Phrase,3,11.387528
13.887482,14.427901,Phrase,1,10.449138
14.534579,14.2049675,Phrase,2,9.276122
12.740674,17.18007,Phrase,3,11.402554
13.129285,11.907112,Phrase,1,11.345791
12.136919,12.800767,Phrase,2,11.067885
13.763439,14.075356,Phrase,0,11.362237
14.070455,13.838885,Phrase,0,9.426571
13.718735,14.079946,Phrase,0,10.583222
13.686809,13.246671,Phrase,2,9.751847
13.777587,13.887497,Phrase,2,10.970601
12.122286,16.369663,Phrase,3,11.4087925
13.173707,16.310736,Phrase,3,11.334984
11.965402,14.088644,Phrase,2,9.779705
15.37754,11.351902,Phrase,2,7.8748193
13.395303,13.9754,Phrase,0,11.255075
13.516611,14.327761,Phrase,0,10.595189
14.206403,12.849279,Phrase,2,10.531634
13.958814,12.7984705,Phrase,2,9.438277
13.643244,12.239715,Phrase,1,10.73468
12.50343,13.362989,Phrase,2,8.507187
12.414718,14.856964,Phrase,2,10.997326
15.353383,11.37052,Phrase,0,7.8892794
14.01622,15.536323,Phrase,0,10.821007
13.662808,12.417847,Phrase,2,7.546928
11.0430765,12.063026,Phrase,1,8.751258
13.960994,14.529105,Phrase,0,11.403999
12.657312,15.26177,Phrase,0,10.4742565
12.287403,15.107059,Phrase,0,10.495723
13.880695,14.256887,Phrase,0,10.865794
13.83949,14.875507,Phrase,0,9.972301
11.894268,11.999639,Phrase,1,9.105709
13.881193,13.039096,Phrase,1,10.592042
11.859519,16.46721,Phrase,3,10.986038
12.09127,13.702739,Phrase,2,10.028986
11.738427,13.159093,Phrase,2,8.627234
13.019547,13.414762,Phrase,0,10.601742
13.570066,14.387508,Phrase,0,10.87627
13.75362,12.153219,Phrase,0,8.488391
11.875903,14.658941,Phrase,0,11.221949
11.366442,16.634495,Phrase,3,11.452718
13.218175,13.070207,Phrase,0,9.70175
14.218281,13.533772,Phrase,0,10.794581
13.567545,12.904042,Phrase,1,10.266088
12.987828,14.97966,Phrase,1,12.262732
13.5615425,14.000598,Phrase,2,9.476722
11.58343,16.561752,Phrase,3,10.874141
14.295426,13.118244,Phrase,1,10.426317
11.837298,17.064495,Phrase,3,10.977434
14.16717,13.759378,Phrase,2,9.654413
13.24416,12.908864,Phrase,1,8.626039
11.11199,16.247656,Phrase,3,10.813027
12.466564,12.81578,Phrase,2,11.259264
13.062857,14.907214,Phrase,0,11.45443
13.2097645,13.896853,Phrase,2,9.107456
12.033621,12.137559,Phrase,2,8.764718
13.282732,13.555014,Phrase,0,9.212794
13.572573,12.5577545,Phrase,2,8.851382
14.766099,14.454382,Phrase,0,10.717384
12.301023,12.688932,Phrase,2,11.073613
13.909115,12.417125,Phrase,2,8.61663
12.618794,13.164221,Phrase,2,9.216036
10.870858,11.990162,Phrase,1,8.854558
12.846297,13.240259,Phrase,2,10.6036415
11.830523,17.10955,Phrase,3,11.161753
13.251736,14.116351,Phrase,2,10.22022
14.380797,14.307646,Phrase,0,11.06773
15.237756,12.971409,Phrase,1,10.118523
14.55874,14.588281,Phrase,0,11.152441
12.796079,14.167333,Phrase,2,11.1042385
11.466922,16.711264,Phrase,3,11.034447
12.989988,13.143823,Phrase,2,9.883276
11.350261,15.704801,Phrase,3,10.739043
14.083242,14.195734,Phrase,0,10.089508
13.5269,13.906207,Phrase,0,10.466636
13.897044,13.779991,Phrase,2,9.381149
12.07769,16.131535,Phrase,3,11.702095
14.927273,14.382319,Phrase,1,9.896166
13.534067,12.820264,Phrase,1,10.294538
11.930798,13.241574,Phrase,2,9.283842
13.661842,14.090785,Phrase,0,11.160643
12.396322,16.093195,Phrase,3,11.853511
11.859128,16.836134,Phrase,3,11.670964
12.188312,14.856246,Phrase,0,9.922269
15.279867,12.359127,Phrase,1,10.196527
13.541975,14.359405,Phrase,0,10.107375
11.980503,15.233315,Phrase,3,11.031436
12.352275,14.541584,Phrase,1,11.133226
13.084007,13.702781,Phrase,2,8.7598295
12.8291855,17.028826,Phrase,3,11.279257
14.61793,13.836592,Phrase,2,9.040689
11.827968,16.054214,Phrase,3,11.23824
14.969513,13.705179,Phrase,1,11.520337
11.419533,15.535547,Phrase,1,10.73432
12.20341,12.933083,Phrase,2,11.087011
12.248067,12.98659,Phrase,2,8.870081
11.730299,17.182787,Phrase,3,11.151034
13.190599,13.962456,Phrase,0,10.208023
12.818926,15.7101965,Phrase,2,9.535479
12.863422,13.263416,Phrase,1,10.744713
13.584239,12.841607,Phrase,0,10.540519
11.333143,16.495707,Phrase,3,11.031466
14.509288,15.131663,Phrase,0,10.932319
13.32697,16.740908,Phrase,3,11.110361
13.449342,14.146639,Phrase,0,11.156174
12.34198,15.399181,Phrase,2,9.860074
13.919993,15.681142,Phrase,2,9.135665
12.100121,14.813317,Phrase,2,10.39399
13.499902,14.221308,Phrase,0,9.415934
13.802115,14.272821,Phrase,0,11.447062
11.5764475,16.531178,Phrase,3,10.926458
12.152705,13.841216,Phrase,2,10.277582
12.999782,14.1938095,Phrase,0,10.614305
14.532603,13.916598,Phrase,2,8.7109165
14.254026,15.091182,Phrase,0,10.950715
12.584244,12.938925,Phrase,2,9.478492
12.018936,15.019095,Phrase,0,10.525818
11.810521,15.579845,Phrase,3,11.145544
13.717788,13.863213,Phrase,2,10.191787
13.804076,13.898478,Phrase,1,11.40833
13.903874,15.1003,Phrase,0,11.189472
13.20918,13.904766,Phrase,2,9.797266
-2.5644183,6.549224,Phrase,1,9.218275
12.468219,14.316764,Phrase,0,10.904828
11.691902,13.554844,Phrase,2,9.093235
12.927139,13.914227,Phrase,0,10.225504
12.774932,15.043223,Phrase,0,9.959192
14.198914,14.027198,Phrase,0,10.991745
12.44894,15.687127,Phrase,3,11.104588
13.050468,13.626935,Phrase,2,8.899281
13.55818,14.465948,Phrase,0,9.923106
14.087432,14.146667,Phrase,0,10.568
13.554921,14.619302,Phrase,0,11.467725
14.492846,15.072881,Phrase,2,10.119301
12.212362,13.090747,Phrase,2,8.600467
12.792765,13.834884,Phrase,1,9.436351
12.778945,17.019194,Phrase,3,10.2491455
13.516446,12.732589,Phrase,1,10.296925
13.030983,14.829868,Phrase,1,12.881819
14.024748,13.9837055,Phrase,0,10.019903
13.998416,13.396343,Phrase,2,10.518005
13.710008,13.389847,Phrase,2,9.773559
13.060933,13.826552,Phrase,2,9.444812
11.983514,13.273697,Phrase,2,10.245016
15.328159,12.991493,Phrase,1,10.066227
12.761445,13.171543,Phrase,2,10.50351
15.029015,13.987426,Phrase,1,10.244592
13.035509,14.876256,Phrase,2,12.854617
12.448104,15.059278,Phrase,3,10.684696
13.1284,11.908676,Phrase,1,11.347899
12.084132,16.764471,Phrase,3,11.211691
13.112811,12.218491,Phrase,1,11.220006
13.681586,14.411586,Phrase,0,10.502818
14.500428,14.965411,Phrase,0,11.333957
12.247259,15.386136,Phrase,0,10.641768
12.31256,13.500537,Phrase,2,9.858795
12.680079,17.157116,Phrase,3,11.292798
13.826304,13.381108,Phrase,2,10.266929
15.554963,12.264538,Phrase,1,10.107424
13.363366,13.833659,Phrase,1,10.668022
14.965274,14.146435,Phrase,0,10.168148
12.192735,14.69572,Phrase,0,10.72385
13.521177,13.751168,Phrase,0,11.129748
14.008827,13.034234,Phrase,0,10.681338
12.553169,17.23345,Phrase,3,11.272219
14.600117,14.797959,Phrase,1,9.627726
12.726901,14.817908,Phrase,2,10.02278
15.173985,13.641451,Phrase,1,10.189218
13.829755,16.676704,Phrase,0,10.945036
11.859729,16.44768,Phrase,3,11.085017
13.227907,13.670415,Phrase,2,9.393535
15.342415,11.356366,Phrase,0,7.879821
14.615456,14.809223,Phrase,0,11.476115
12.08747,13.868014,Phrase,2,10.610092
14.177807,12.283052,Phrase,0,8.343461
14.527787,13.912813,Phrase,1,8.784083
14.171823,14.777569,Phrase,2,10.552873
12.25025,12.595275,Phrase,2,11.006267
13.229933,14.042005,Phrase,2,9.587029
11.705297,14.583243,Phrase,2,10.349467
12.947799,14.959862,Phrase,1,12.860907
11.002573,14.777196,Phrase,2,10.042402
14.498295,13.506578,Phrase,2,10.378627
13.023793,14.944791,Phrase,0,11.077341
11.60572,15.574942,Phrase,2,10.510536
13.199182,16.345928,Phrase,3,11.446723
13.335975,14.36352,Phrase,0,11.4479475
11.701371,13.480006,Phrase,2,9.636782
13.998914,13.8440485,Phrase,1,11.9384575
12.689633,17.281702,Phrase,3,11.146706
13.295266,14.588188,Phrase,0,11.5904255
12.89285,13.30668,Phrase,0,9.715973
11.980024,11.67254,Phrase,2,9.371754
12.5523205,13.340642,Phrase,2,10.119021
12.245344,14.88882,Phrase,3,11.355421
13.473023,14.477823,Phrase,0,10.125373
11.554928,12.065273,Phrase,2,8.909287
14.1633,14.979547,Phrase,0,11.105438
13.896782,14.083303,Phrase,2,9.328296
14.173457,14.741161,Phrase,0,9.994158
12.564866,14.148698,Phrase,1,10.384859
14.48597,13.413109,Phrase,1,10.7421055
13.730395,15.434466,Phrase,0,9.967336
12.315126,13.45605,Phrase,2,9.3782015
15.562107,12.250554,Phrase,1,10.107874
13.152297,14.317091,Phrase,0,11.140984
13.901442,14.975034,Phrase,0,9.870744
12.706755,13.156732,Phrase,2,11.252717
12.450494,17.101847,Phrase,3,10.039271
12.525154,16.063154,Phrase,3,11.575508
14.126384,15.527973,Phrase,0,11.404824
13.472295,13.844935,Phrase,2,10.096115
12.824946,14.593742,Phrase,0,11.002822
14.395227,14.346555,Phrase,1,9.561189
12.02949,17.205975,Phrase,3,11.197102
12.894603,13.881619,Phrase,2,11.37368
13.735329,15.033877,Phrase,0,10.740411
12.932352,14.86466,Phrase,1,12.84393
13.984996,14.372441,Phrase,0,10.951947
14.110519,12.61741,Phrase,0,8.686031
13.618582,14.352436,Phrase,1,9.785422
11.5925455,16.836435,Phrase,3,10.85296
14.545253,15.008219,Phrase,2,10.099939
14.415088,14.129807,Phrase,0,11.3032675
11.405438,16.62708,Phrase,3,11.651396
11.974934,16.78573,Phrase,3,11.641034
14.519631,14.701711,Phrase,0,11.083698
15.118328,13.52265,Phrase,1,10.045136
11.228119,16.789984,Phrase,3,10.994914
11.55421,13.683915,Phrase,2,8.97168
14.001292,14.045987,Phrase,0,11.216612
13.344618,11.441765,Phrase,0,10.791111
14.015548,14.672092,Phrase,0,11.017433
11.598357,16.814907,Phrase,3,11.26505
14.015312,12.146054,Phrase,0,7.2327323
14.5472765,14.313661,Phrase,0,10.733521
11.672921,12.03861,Phrase,1,9.262127
12.45462,12.926334,Phrase,2,9.43921
13.323889,14.976722,Phrase,0,10.653926
13.187032,14.046372,Phrase,2,9.1065645
14.239862,13.90771,Phrase,0,10.994869
11.45495,13.656821,Phrase,2,8.972541
13.935151,12.464405,Phrase,1,9.691396
13.50834,16.056862,Phrase,2,11.437121
13.938796,14.162835,Phrase,0,10.396018
12.775074,14.650624,Phrase,0,12.023378
11.900313,13.408208,Phrase,2,9.521657
14.360463,14.517281,Phrase,2,10.161613
13.893342,14.497682,Phrase,0,11.054131
14.544804,14.966778,Phrase,0,11.412616
11.638914,14.675294,Phrase,2,10.318766
13.914513,14.232577,Phrase,0,9.051389
12.509869,17.273516,Phrase,3,11.350924
13.80671,14.760062,Phrase,0,11.217558
13.019034,14.313102,Phrase,2,9.37554
13.464998,12.396628,Phrase,1,10.824885
11.198243,16.219696,Phrase,3,10.979778
13.986389,13.520866,Phrase,1,10.363998
13.588188,14.765513,Phrase,0,11.253017
13.183783,14.226522,Phrase,2,10.781308
11.6029415,12.14807,Phrase,1,8.869995
13.662689,13.319492,Phrase,0,8.973031
15.434229,11.923503,Phrase,0,11.063719
13.615967,12.843897,Phrase,1,10.447754
12.134715,14.298811,Phrase,1,11.400845
15.345076,11.282608,Phrase,0,9.208792
11.710738,14.468652,Phrase,2,10.646536
11.820688,16.73905,Phrase,3,11.049741
12.333136,13.194264,Phrase,2,8.87882
13.278414,14.993574,Phrase,1,10.583998
13.914343,13.843149,Phrase,1,11.439136
14.154823,13.915797,Phrase,0,9.6532135
11.800843,14.406129,Phrase,2,9.087581
13.230594,15.887743,Phrase,0,10.467883
14.413023,13.519371,Phrase,1,10.429897
13.805184,14.1151,Phrase,0,11.555521
11.831746,16.823711,Phrase,3,11.457618
13.557068,16.178646,Phrase,0,11.410497
12.903967,16.52305,Phrase,3,11.313646
13.780149,14.676076,Phrase,0,10.70685
13.338904,13.50555,Phrase,2,10.03345
13.455515,13.640915,Phrase,2,9.1884575
13.205691,12.330207,Phrase,1,10.62471
12.297934,13.366219,Phrase,2,9.532498
11.890218,17.12536,Phrase,3,11.740624
13.085955,13.81063,Phrase,2,11.292689
12.688477,13.141457,Phrase,2,10.880499
14.419622,14.022646,Phrase,0,11.191001
13.189609,13.908825,Phrase,2,8.975485
12.091781,13.643821,Phrase,2,9.260188
12.17695,12.819974,Phrase,2,11.124043
13.129931,11.864353,Phrase,1,11.374181
13.590718,14.171562,Phrase,0,10.519238
13.800568,14.652712,Phrase,0,10.072717
12.010725,13.177374,Phrase,2,10.794997
12.093668,14.471975,Phrase,2,10.97222
12.842526,13.356944,Phrase,2,10.63376
13.450323,14.435353,Phrase,0,10.015963
14.274036,14.840476,Phrase,2,10.832457
11.341241,15.769863,Phrase,3,10.706225
13.132291,15.406076,Phrase,0,10.8639
11.688155,13.901436,Phrase,2,9.354127
13.989948,14.684111,Phrase,0,10.626289
13.030804,14.7249775,Phrase,2,9.721699
13.902601,14.629786,Phrase,2,11.145393
14.848576,13.814185,Phrase,1,10.1734085
12.082913,12.73729,Phrase,2,11.164678
11.272087,15.622169,Phrase,2,10.801653
12.961539,13.808127,Phrase,0,10.270205
12.838027,14.944728,Phrase,0,10.956849
11.225385,14.890295,Phrase,0,10.539841
14.229959,14.71473,Phrase,0,8.6077585
14.56923,13.230454,Phrase,1,10.349049
11.885387,14.307148,Phrase,2,9.711025
13.325318,14.156233,Phrase,0,11.413885
13.4101715,15.361194,Phrase,1,10.966119
13.62936,12.228747,Phrase,2,10.732104
13.599864,14.230032,Phrase,0,11.060769
11.690444,14.659678,Phrase,0,10.8043
11.617849,16.653805,Phrase,3,10.895063
15.749914,13.622236,Phrase,1,10.08472
15.434686,13.045633,Phrase,1,10.150821
11.874183,14.826531,Phrase,2,7.9010353
12.069082,17.092798,Phrase,3,11.743007
13.516253,13.860799,Phrase,0,10.896582
15.116372,13.241144,Phrase,1,9.718541
13.0345335,12.681889,Phrase,1,10.735705
11.572264,16.273777,Phrase,3,11.562184
12.946027,14.810645,Phrase,2,12.62829
13.933016,13.943056,Phrase,0,11.378186
11.597899,16.702702,Phrase,3,10.562385
14.413413,13.619125,Phrase,2,9.141629
12.557313,13.26316,Phrase,1,10.630514
11.926816,12.047613,Phrase,2,8.937597
13.915884,14.262364,Phrase,0,11.056697
14.287797,13.718495,Phrase,1,10.774767
12.558155,14.933908,Phrase,0,10.606359
12.738629,17.002663,Phrase,3,10.980382
11.66043,13.9586525,Phrase,2,10.382353
13.670967,14.801468,Phrase,0,10.629975
13.96329,14.495541,Phrase,0,10.340624
14.006275,13.295819,Phrase,2,10.068346
12.90568,13.810299,Phrase,2,8.923605
13.019383,16.53392,Phrase,0,10.812662
13.889903,13.965306,Phrase,0,11.311818
14.031987,15.142586,Phrase,0,10.520286
12.215441,15.147883,Phrase,2,11.014522
12.722736,16.337473,Phrase,0,10.904147
13.793695,14.016364,Phrase,0,9.792213
12.912739,13.7196455,Phrase,2,9.887088
13.426897,13.588457,Phrase,2,10.504892
14.244865,13.234588,Phrase,2,8.052182
11.0384865,12.044491,Phrase,1,8.947246
12.074665,13.319346,Phrase,2,10.1891985
9.642894,8.129117,Phrase,1,15.045973
11.992658,15.612924,Phrase,3,11.10239
12.790531,16.141863,Phrase,3,11.276041
13.914051,14.592852,Phrase,0,10.954126
12.051256,12.896416,Phrase,2,11.079787
12.73588,14.120131,Phrase,3,10.840833
11.330574,16.628973,Phrase,3,11.011516
12.770863,13.76593,Phrase,2,8.512488
12.230644,16.805044,Phrase,3,11.75937
13.226373,14.327003,Phrase,0,9.940953
12.674826,13.90205,Phrase,0,10.324324
14.482704,14.351653,Phrase,0,10.509993
14.397201,14.454494,Phrase,0,11.131929
12.154676,17.018602,Phrase,3,11.50646
13.27873,13.638059,Phrase,1,11.211651
12.30147,13.094209,Phrase,2,8.650088
12.67813,17.036665,Phrase,3,11.331799
13.701681,14.753487,Phrase,0,11.382148
12.207604,16.833118,Phrase,3,11.663044
11.760309,13.641254,Phrase,2,9.861508
14.637141,15.477021,Phrase,1,10.8775
13.119023,14.224537,Phrase,0,10.893991
12.327701,17.123741,Phrase,3,10.876613
13.731137,12.565889,Phrase,2,11.140693
12.575417,13.663259,Phrase,2,10.476497
12.03487,16.185068,Phrase,3,11.476464
13.242169,13.69896,Phrase,1,11.350072
10.755371,14.613503,Phrase,1,9.898133
11.584521,16.611326,Phrase,2,11.880356
11.470655,16.439257,Phrase,3,11.098759
13.438451,13.699637,Phrase,0,10.166771
14.954295,14.411849,Phrase,0,9.50851
12.331973,14.370205,Phrase,0,10.357572
14.352786,11.868333,Phrase,1,7.908039
13.512456,13.833197,Phrase,0,10.31914
13.768331,13.955215,Phrase,0,11.099592
12.1740885,12.743228,Phrase,2,10.982273
13.225801,13.451694,Phrase,0,9.103451
12.2394495,12.837639,Phrase,2,11.256472
14.024963,15.640834,Phrase,0,11.341166
13.683336,13.150625,Phrase,2,9.92825
11.647891,16.558264,Phrase,3,11.204948
12.32551,13.526044,Phrase,0,9.89464
15.388412,12.971564,Phrase,1,10.067385
12.494175,12.766447,Phrase,0,11.204409
14.231109,14.264509,Phrase,0,11.351781
12.033503,16.062485,Phrase,3,11.611225
13.12059,12.654531,Phrase,0,11.148163
12.456089,16.90937,Phrase,3,10.849854
13.449695,14.366413,Phrase,0,9.905438
14.236923,12.522514,Phrase,0,8.50691
12.539787,15.910884,Phrase,3,11.833374
11.251547,14.942205,Phrase,0,10.450838
11.857833,14.703233,Phrase,3,11.441049
13.417921,14.535491,Phrase,0,11.528838
12.63018,13.816358,Phrase,2,8.4777565
12.12814,15.590162,Phrase,0,10.85944
12.550025,13.0091095,Phrase,2,9.478927
13.976512,13.388011,Phrase,2,10.480613
14.813917,15.391882,Phrase,0,10.742029
14.041719,13.218608,Phrase,0,11.513375
12.765844,14.77846,Phrase,0,10.841813
12.030803,13.067248,Phrase,2,10.915512
12.722405,9.262479,Phrase,2,13.795314
14.515843,14.237646,Phrase,0,10.692229
12.045158,12.100814,Phrase,2,8.753477
12.776502,13.654783,Phrase,2,10.234664
12.890813,14.382366,Phrase,2,9.893971
15.818662,13.540264,Phrase,1,10.035013
14.704442,13.542654,Phrase,1,9.9330435
11.555995,16.764994,Phrase,3,11.757194
14.641577,14.026419,Phrase,1,9.800079
11.4783945,12.1523285,Phrase,1,9.423254
13.277322,13.462572,Phrase,0,10.458406
11.930271,13.983856,Phrase,2,11.0945015
14.328287,14.75533,Phrase,0,10.802184
11.68106,16.59244,Phrase,3,10.695532
13.7093,13.2284355,Phrase,1,11.130862
13.968629,14.737395,Phrase,2,10.646518
12.874719,13.51586,Phrase,0,9.580928
11.320084,12.246985,Phrase,1,9.334247
12.274176,12.307431,Phrase,1,9.806852
12.240487,12.827763,Phrase,2,11.075085
13.721629,13.376723,Phrase,2,11.286468
11.470074,16.331734,Phrase,3,10.986388
15.407233,13.09406,Phrase,1,10.085838
13.873191,14.181148,Phrase,0,9.80697
12.319514,15.02308,Phrase,2,10.194202
12.858737,14.351422,Phrase,2,9.596838
11.2135315,15.737609,Phrase,2,10.950086
13.859073,12.523598,Phrase,1,10.452864
14.285987,13.700064,Phrase,2,10.383841
12.118239,15.956594,Phrase,3,10.860212
11.87056,14.657084,Phrase,1,10.285847
13.857069,12.227296,Phrase,0,7.231497
12.829665,13.612654,Phrase,2,9.36487
11.432457,16.751411,Phrase,3,11.069795
13.369573,13.520447,Phrase,0,11.0984955
13.544854,14.391093,Phrase,1,11.51103
14.374017,15.548213,Phrase,1,11.561474
12.221494,16.979877,Phrase,3,11.028031
14.295349,14.135579,Phrase,2,9.466584
12.136799,17.111305,Phrase,3,11.506887
11.828465,13.287341,Phrase,2,8.815268
14.7611,13.72146,Phrase,1,9.967287
12.303405,15.801211,Phrase,3,10.980827
12.97709,13.482064,Phrase,2,9.18633
13.111022,13.811929,Phrase,2,8.710529
13.895911,14.74967,Phrase,1,10.912108
12.529321,13.876936,Phrase,2,10.19412
13.847043,16.591492,Phrase,0,10.91529
14.191563,12.980542,Phrase,1,9.541346
11.962975,13.050056,Phrase,2,8.695149
13.28697,14.684399,Phrase,1,11.689939
12.570697,14.023969,Phrase,2,8.627095
13.402207,13.748458,Phrase,0,10.821604
14.15215,13.24348,Phrase,1,11.574701
12.438694,15.635483,Phrase,3,11.411759
11.897601,15.324799,Phrase,2,10.069078
12.386777,17.285921,Phrase,3,10.899604
12.684411,15.225233,Phrase,0,11.081058
12.660604,13.213274,Phrase,2,10.968617
13.275994,13.311997,Phrase,2,10.361092
14.317615,13.089434,Phrase,1,11.773699
12.30137,13.514753,Phrase,2,9.91124
13.635763,15.492889,Phrase,0,10.896472
11.445624,16.750204,Phrase,3,11.131994
11.825957,17.230608,Phrase,3,10.813624
12.36073,12.621733,Phrase,2,10.928516
13.906619,13.495074,Phrase,1,9.944615
13.306744,12.813522,Phrase,1,10.349438
13.978014,14.989357,Phrase,0,11.146007
12.410456,14.9583435,Phrase,2,10.664547
15.274994,12.976806,Phrase,1,10.028849
15.212242,14.170545,Phrase,0,9.814549
12.693609,13.81049,Phrase,0,11.07098
11.836402,16.05148,Phrase,3,11.4128475
14.015554,12.405663,Phrase,0,7.7138906
11.408697,16.543482,Phrase,3,10.873941
13.962932,13.608714,Phrase,2,8.8084545
13.145499,12.816894,Phrase,1,10.148693
12.334057,13.612695,Phrase,1,10.591556
14.045063,14.076716,Phrase,3,9.575992
15.279643,11.371962,Phrase,2,7.950221
13.603474,12.951695,Phrase,0,11.603014
13.287606,15.9391365,Phrase,0,9.8074045
11.969252,16.507898,Phrase,3,11.674275
13.975658,14.014525,Phrase,0,11.249466
12.543037,14.0555525,Phrase,0,10.393981
13.591448,13.7853155,Phrase,1,11.031767
15.5812235,13.413442,Phrase,1,9.903443
14.354861,13.069365,Phrase,1,10.567141
13.927402,13.547421,Phrase,2,10.593549
12.051187,12.99544,Phrase,2,10.752335
12.8236685,14.614123,Phrase,0,9.823002
12.436638,12.36817,Phrase,1,9.934691
14.978996,10.5354595,Phrase,1,9.761599
12.23832,16.692728,Phrase,3,10.698479
12.074799,12.04734,Phrase,2,9.279623
12.299236,17.248228,Phrase,3,11.530421
11.619215,16.523842,Phrase,3,11.4292755
11.735728,14.324664,Phrase,2,10.329434
14.268767,12.359474,Phrase,0,8.373561
12.032677,12.971355,Phrase,2,10.627019
13.697095,12.233255,Phrase,0,8.100998
12.132489,16.350924,Phrase,3,11.640942
13.472482,13.80849,Phrase,2,9.1746645
13.08488,13.73464,Phrase,0,10.247042
12.27324,12.76571,Phrase,2,8.539859
11.837523,16.055063,Phrase,3,11.316724
13.84316,14.493972,Phrase,0,11.217444
13.270651,14.468893,Phrase,2,10.034549
13.570037,13.172846,Phrase,1,7.6635222
13.416986,13.081293,Phrase,2,9.6548195
13.852514,14.451615,Phrase,0,10.925518
11.590624,16.563368,Phrase,3,11.855662
13.392454,14.421883,Phrase,0,10.219995
13.151789,14.852487,Phrase,0,11.0186205
12.709932,13.556993,Phrase,0,11.0152025
13.902494,14.328214,Phrase,0,10.39051
14.5884285,15.103304,Phrase,0,10.92407
13.247043,12.506444,Phrase,1,10.498094
13.666168,13.923785,Phrase,0,10.490239
12.347602,15.020269,Phrase,0,10.2883415
14.518664,14.9632635,Phrase,0,11.055291
12.147325,15.513712,Phrase,1,10.298977
12.80877,14.714911,Phrase,2,11.167395
13.786136,14.163383,Phrase,0,11.210263
11.955653,16.173023,Phrase,3,11.182916
13.1058445,12.204365,Phrase,1,11.157173
13.898577,14.653845,Phrase,0,10.535497
13.304786,13.553185,Phrase,1,11.305372
12.642041,13.283198,Phrase,1,9.771557
13.332455,13.572809,Phrase,2,9.385758
12.190907,13.315908,Phrase,2,8.575105
14.739292,13.539017,Phrase,1,9.600266
13.598829,13.546621,Phrase,1,9.151756
11.942065,16.043812,Phrase,3,10.928198
13.017826,13.951342,Phrase,0,10.227255
13.671285,13.46918,Phrase,1,11.511892
14.191783,14.06727,Phrase,0,10.885504
12.001901,16.404701,Phrase,3,11.605283
14.128255,13.7123165,Phrase,1,9.766462
11.672567,13.363773,Phrase,2,8.867277
13.530216,12.866847,Phrase,0,10.383199
12.586043,13.753928,Phrase,2,8.684456
12.775273,14.589562,Phrase,2,10.113767
13.141635,15.138551,Phrase,0,11.334128
13.522338,14.732431,Phrase,0,10.737786
11.425189,15.578613,Phrase,0,10.720017
12.461968,14.627803,Phrase,2,8.955341
13.861638,13.221879,Phrase,1,10.909585
13.428256,14.317606,Phrase,0,10.732301
14.347556,13.499998,Phrase,0,10.227572
14.943471,13.779536,Phrase,1,11.486127
13.548954,14.949203,Phrase,0,10.730843
14.168383,14.889517,Phrase,0,10.436959
12.958769,13.376081,Phrase,0,9.78328
15.333403,13.075431,Phrase,1,10.0939
14.071848,14.12373,Phrase,0,11.1808405
11.376634,16.501654,Phrase,2,12.085606
14.932319,13.870024,Phrase,1,10.277236
12.130235,12.777999,Phrase,2,10.986913
11.464693,15.381017,Phrase,0,10.6997795
13.36055,13.631221,Phrase,0,10.447641
11.857484,17.128742,Phrase,3,11.010832
13.765862,15.017833,Phrase,0,11.451137
14.068248,14.675717,Phrase,1,11.177697
12.829132,13.499453,Phrase,2,9.612773
13.004543,13.701433,Phrase,0,9.707829
14.212333,12.573778,Phrase,2,9.812902
13.051448,14.067973,Phrase,2,8.425698
12.504655,13.005615,Phrase,2,9.095761
12.430684,16.082062,Phrase,3,11.860139
14.482224,13.40718,Phrase,1,10.392049
11.712316,16.331446,Phrase,3,11.454633
14.073557,14.541545,Phrase,0,11.486668
13.715928,14.123483,Phrase,0,10.142658
12.838063,13.682581,Phrase,0,10.555773
11.354576,16.468197,Phrase,3,11.50293
14.455132,13.667512,Phrase,1,10.685236
12.681645,14.497353,Phrase,0,11.21419
12.6272135,13.340998,Phrase,2,11.167748
13.772018,13.273671,Phrase,0,10.531665
12.086832,16.91982,Phrase,3,11.713457
12.982459,13.998796,Phrase,2,8.921314
13.170399,13.692595,Phrase,2,10.181727
13.455441,14.398279,Phrase,0,10.720366
14.452565,14.758854,Phrase,0,11.346172
8.009086,9.476888,Phrase,1,7.828557
13.221858,13.790095,Phrase,2,9.1234865
12.803211,14.997822,Phrase,2,8.955942
11.392617,16.617441,Phrase,3,11.72045
11.942374,16.305334,Phrase,3,11.4042425
11.7423115,17.142351,Phrase,3,11.021558
12.088114,15.404277,Phrase,0,11.32089
12.366649,13.631811,Phrase,2,10.112505
14.223625,13.3793,Phrase,1,10.74653
12.813496,13.946396,Phrase,0,9.155025
14.104854,12.045034,Phrase,1,9.512403
12.95227,15.487743,Phrase,0,10.572915
13.062797,12.267313,Phrase,0,11.194439
14.534659,14.871419,Phrase,0,10.804956
14.319947,13.1699,Phrase,0,11.4225235
11.718358,14.365737,Phrase,0,10.713267
12.743535,13.854009,Phrase,2,9.554689
13.881609,13.522004,Phrase,0,10.959066
12.678462,12.449946,Phrase,2,8.997033
14.087796,14.879011,Phrase,0,10.887222
13.696792,14.028745,Phrase,1,11.607854
13.186338,13.424207,Phrase,0,10.598125
12.197304,12.928302,Phrase,2,11.0032
12.819461,13.688915,Phrase,2,10.546976
14.170851,12.166934,Phrase,1,9.743994
12.115206,17.030731,Phrase,3,10.7011795
12.543548,14.042209,Phrase,0,10.979463
11.8663435,12.328862,Phrase,1,9.066387
13.563124,14.031922,Phrase,2,8.885897
14.490691,15.006469,Phrase,0,10.712697
12.4468,15.09136,Phrase,0,10.988937
13.503432,14.10377,Phrase,1,11.258108
13.558064,14.708423,Phrase,0,11.145674
14.032277,14.103813,Phrase,2,9.799634
12.8616295,15.931891,Phrase,2,10.11551
9.644148,8.126567,Phrase,1,15.046968
12.255888,14.980008,Phrase,2,10.005624
14.951582,13.065322,Phrase,1,9.958679
11.935292,13.424025,Phrase,2,8.952886
12.789305,13.891642,Phrase,0,10.786597
13.219329,14.939831,Phrase,0,10.862038
12.545372,16.654825,Phrase,3,10.839075
12.147912,14.718559,Phrase,0,10.341605
13.99832,14.725737,Phrase,0,11.046704
13.809842,14.068031,Phrase,0,10.997717
11.612991,12.06942,Phrase,1,9.315214
-2.5642455,6.549361,Phrase,1,9.218331
13.251785,14.549748,Phrase,0,11.526463
11.826284,13.682887,Phrase,2,9.910597
15.386022,12.997676,Phrase,1,10.132073
13.500734,15.928759,Phrase,0,11.402728
11.885392,14.203481,Phrase,0,11.092413
13.298555,13.488146,Phrase,1,11.498229
13.875485,13.336974,Phrase,2,11.406416
11.9413805,17.036947,Phrase,3,11.213847
13.650467,13.330112,Phrase,1,9.509256
11.709923,16.609367,Phrase,3,11.616604
13.674122,14.319595,Phrase,0,10.429315
14.423555,15.570572,Phrase,0,10.818742
15.307319,12.862508,Phrase,1,10.388136
13.791181,14.260329,Phrase,0,10.957875
14.306754,16.655006,Phrase,2,9.4162445
12.071397,13.892919,Phrase,2,11.2704115
11.512065,12.331975,Phrase,2,9.150327
12.541017,14.026013,Phrase,2,9.863866
12.1248255,15.516487,Phrase,3,11.006893
13.205923,12.764052,Phrase,3,10.371222
12.354928,14.367612,Phrase,2,9.075658
11.838733,13.851735,Phrase,2,8.725942
11.600288,15.807702,Phrase,3,10.713503
12.209432,13.142808,Phrase,2,10.254623
14.610271,14.042127,Phrase,2,10.743893
13.511441,13.622099,Phrase,2,9.292189
13.7226305,15.296424,Phrase,0,11.500718
13.128146,15.2403555,Phrase,1,10.843768
11.560836,15.539684,Phrase,0,10.599855
12.314489,13.571314,Phrase,2,9.797004
12.409478,14.863817,Phrase,2,10.281314
13.626377,12.684297,Phrase,1,10.367427
13.988888,12.891218,Phrase,0,10.2443285
12.153391,13.500413,Phrase,2,8.54677
14.297638,15.641422,Phrase,0,10.748159
12.776336,15.118179,Phrase,0,10.925434
12.13326,16.68132,Phrase,3,11.970781
14.721353,11.443947,Phrase,0,7.0050755
13.048623,15.175612,Phrase,2,10.000347
12.272286,13.122945,Phrase,0,8.869672
11.681073,13.534721,Phrase,2,9.033657
14.222154,13.308611,Phrase,1,10.448538
12.940814,14.046266,Phrase,0,9.98736
14.058663,12.472763,Phrase,2,9.662327
14.176841,13.396174,Phrase,1,10.710053
14.310872,13.776178,Phrase,1,9.1424885
12.954432,14.906043,Phrase,0,10.645386
12.653946,13.28701,Phrase,2,10.435544
13.994836,13.744333,Phrase,1,10.743022
12.419613,15.390154,Phrase,0,10.974474
15.166324,13.629421,Phrase,1,10.250588
14.32092,15.564985,Phrase,0,11.479076
11.379061,16.812838,Phrase,3,11.710809
13.818192,12.630833,Phrase,1,9.16575
12.566731,15.857004,Phrase,3,11.963253
12.840449,13.514546,Phrase,2,10.104079
11.4896755,16.94321,Phrase,3,11.036742
12.767534,13.939951,Phrase,0,9.169344
12.698942,16.599977,Phrase,3,11.402073
15.075299,13.364186,Phrase,2,10.091918
13.259894,14.8948,Phrase,0,10.98143
14.016676,15.129439,Phrase,0,10.56893
12.193946,12.759937,Phrase,2,11.017998
-2.5642874,6.5493193,Phrase,1,9.21827
13.445702,14.097069,Phrase,0,10.723813
14.350382,13.359404,Phrase,1,10.193968
12.482453,15.038914,Phrase,0,11.05799
12.849755,15.240395,Phrase,0,11.360785
12.976853,13.177811,Phrase,2,10.028494
13.343267,13.0666275,Phrase,0,9.721053
12.158458,16.653507,Phrase,3,11.64683
13.999548,13.261047,Phrase,2,9.486937
12.664649,13.454752,Phrase,2,10.620433
12.163646,13.368425,Phrase,2,8.765279
11.354072,16.39238,Phrase,3,11.600444
12.821673,13.293629,Phrase,2,10.579319
13.641646,13.330012,Phrase,0,10.207099
14.181515,13.165185,Phrase,0,7.8948526
12.703361,14.281301,Phrase,0,10.116986
12.273772,15.480336,Phrase,3,11.038364
12.501655,16.879745,Phrase,3,11.712399
12.307996,15.0622425,Phrase,0,10.921326
12.145403,13.460675,Phrase,2,8.795666
14.110298,13.265838,Phrase,1,9.1617775
13.510899,13.668632,Phrase,2,10.677088
12.683826,17.252684,Phrase,3,11.310112
13.572924,15.001511,Phrase,0,10.556896
13.008084,13.218824,Phrase,2,8.783199
12.084078,14.308089,Phrase,2,11.562639
12.86667,14.003833,Phrase,0,8.930463
14.198066,14.309449,Phrase,3,11.5710535
13.366696,13.556805,Phrase,2,8.313699
13.259696,13.868909,Phrase,0,9.568046
11.871776,16.718187,Phrase,3,11.631853
14.250514,13.499764,Phrase,2,9.786687
12.725306,13.023054,Phrase,1,11.289791
13.772372,14.373995,Phrase,1,10.9134035
13.173558,14.203762,Phrase,2,9.516361
12.6654005,12.952413,Phrase,2,9.043914
13.532655,12.883827,Phrase,0,10.2329855
15.347656,11.278609,Phrase,0,9.211681
14.034208,14.543311,Phrase,0,10.13032
14.108433,12.303041,Phrase,1,9.737659
15.357927,12.861309,Phrase,1,10.0476055
13.432865,14.731225,Phrase,1,10.945713
13.4461775,14.02405,Phrase,2,10.504298
13.440617,13.082731,Phrase,2,8.955521
11.824615,13.789505,Phrase,2,10.323601
11.763227,15.468958,Phrase,0,11.150838
13.425296,12.881469,Phrase,2,11.02022
12.981142,14.079767,Phrase,2,9.284241
13.593558,15.357848,Phrase,0,10.863888
13.819415,13.540601,Phrase,0,10.863553
12.58828,13.206014,Phrase,2,11.240136
12.072777,15.893086,Phrase,3,10.8615055
12.1674185,17.209072,Phrase,3,11.490697
14.517125,14.133795,Phrase,0,11.469494
12.803821,12.569574,Phrase,2,9.289173
12.524349,12.810358,Phrase,1,11.012983
14.450441,14.647123,Phrase,1,12.744572
12.0219965,17.036867,Phrase,3,11.615044
14.71672,15.489924,Phrase,1,10.938624
14.2370405,14.646741,Phrase,2,9.589049
13.255239,13.905272,Phrase,2,8.669668
11.461197,16.862442,Phrase,3,11.217834
13.971205,13.774879,Phrase,0,9.602843
13.433469,14.54387,Phrase,0,11.510778
13.88408,13.147463,Phrase,1,10.839849
13.089541,14.960574,Phrase,0,11.127085
12.348213,13.279607,Phrase,2,10.291178
15.193543,14.144404,Phrase,0,9.6940155
11.739608,16.607603,Phrase,3,11.669711
11.495016,13.701046,Phrase,2,8.888731
12.419867,13.768731,Phrase,0,11.235532
12.103992,12.835917,Phrase,2,11.047952
12.06126,12.739816,Phrase,2,11.069891
12.316938,13.96354,Phrase,2,9.933746
13.628805,13.710407,Phrase,0,10.854117
12.147372,15.190305,Phrase,3,11.050624
13.839347,12.926077,Phrase,2,10.660114
14.257371,15.517786,Phrase,1,10.613682
13.818974,15.098765,Phrase,0,11.506328
15.027549,12.795301,Phrase,1,9.956875
13.787335,13.39698,Phrase,0,10.698888
14.450115,14.257592,Phrase,2,9.951579
13.187471,16.676956,Phrase,3,10.662758
13.912855,14.543775,Phrase,0,11.376485
11.762499,16.350632,Phrase,3,11.162979
14.2219095,13.881796,Phrase,0,10.611838
14.534063,14.666038,Phrase,1,10.345777
14.403987,12.382679,Phrase,0,8.949416
14.303925,13.935438,Phrase,2,10.764602
14.690894,14.858855,Phrase,0,11.459904
12.486029,13.23883,Phrase,1,10.697918
11.650695,12.03416,Phrase,1,9.222168
13.649248,13.6433735,Phrase,0,10.760245
14.036188,13.643506,Phrase,2,11.34584
13.686543,11.671434,Phrase,2,9.025937
14.11343,14.122613,Phrase,2,10.645789
11.942049,14.998363,Phrase,0,10.8913555
13.364712,9.614831,Phrase,0,6.5767064
12.441824,13.8574095,Phrase,0,10.335978
12.257608,16.733992,Phrase,2,11.911129
14.64899,14.763874,Phrase,0,11.4738035
12.08082,14.405388,Phrase,2,10.798172
13.744249,12.618652,Phrase,2,9.42485
14.399875,12.354662,Phrase,0,8.923836
13.391322,13.864095,Phrase,1,11.4059105
11.613202,14.349352,Phrase,1,10.54203
12.784157,16.84413,Phrase,3,11.371561
12.6409025,16.006113,Phrase,3,11.026
14.127403,14.3188305,Phrase,0,11.40156
13.424178,14.115419,Phrase,1,10.161048
13.862032,14.961589,Phrase,0,10.13459
14.106844,15.009166,Phrase,0,10.746733
14.927561,13.756088,Phrase,1,10.378068
12.154692,12.983545,Phrase,2,8.638983
13.605961,12.279433,Phrase,2,10.680472
14.380955,14.502929,Phrase,1,10.785104
14.454616,13.831713,Phrase,1,11.33186
11.35216,16.5312,Phrase,3,10.880664
11.653705,16.578688,Phrase,3,11.359412
15.123409,13.020009,Phrase,1,10.033602
13.58023,14.082432,Phrase,0,11.458175
14.4807,15.71082,Phrase,3,10.918395
13.467234,10.773856,Phrase,2,7.392188
12.096411,14.046605,Phrase,2,9.464137
12.809211,13.734686,Phrase,2,8.988485
12.271988,13.931962,Phrase,2,9.051495
11.628823,16.396786,Phrase,3,11.365323
12.580311,14.465768,Phrase,3,11.330908
12.881689,13.901407,Phrase,0,9.173482
13.964616,15.12865,Phrase,0,10.004958
14.306089,14.914994,Phrase,0,10.52418
14.197187,13.029849,Phrase,1,9.806841
11.535636,16.183651,Phrase,3,10.964149
12.502061,13.984186,Phrase,2,9.10264
12.740687,12.4966545,Phrase,2,9.1095
14.283465,14.54571,Phrase,0,10.184509
15.409094,12.990944,Phrase,1,10.298737
12.946118,13.089929,Phrase,2,10.329147
13.545165,14.140131,Phrase,0,10.782472
13.584256,13.809353,Phrase,0,10.7172575
12.566468,13.32802,Phrase,0,11.17054
12.222189,15.691213,Phrase,2,10.175641
13.977292,12.170493,Phrase,2,8.793243
14.076077,13.323499,Phrase,2,8.720909
13.385952,12.462163,Phrase,2,7.407819
12.765332,15.074043,Phrase,0,10.638968
11.537404,13.030271,Phrase,2,9.11395
13.619652,16.236792,Phrase,0,11.469406
13.967619,12.830822,Phrase,2,8.210362
11.512723,13.747374,Phrase,2,8.88604
14.448354,14.872024,Phrase,0,10.917988
13.016128,13.919391,Phrase,0,9.434105
13.401391,13.261529,Phrase,2,9.132192
11.874288,16.344492,Phrase,3,11.070764
12.281949,11.865338,Phrase,0,9.544609
13.761457,15.001373,Phrase,2,9.924386
12.307083,12.1699705,Phrase,1,9.761522
13.049591,14.651514,Phrase,0,10.514798
11.598336,13.178746,Phrase,2,8.804132
14.174528,14.854121,Phrase,0,10.737916
13.077535,14.52641,Phrase,0,11.104203
12.8514,13.476481,Phrase,2,8.931774
13.059906,13.84538,Phrase,2,9.695388
14.277346,15.458543,Phrase,0,10.796011
14.514706,13.904138,Phrase,0,9.827556
12.29062,14.559623,Phrase,2,9.110297
12.031637,14.817031,Phrase,0,10.949672
14.761596,14.664963,Phrase,0,11.061479
11.968626,17.201714,Phrase,3,11.371178
12.5096,13.730384,Phrase,0,10.117194
14.562048,13.437079,Phrase,0,9.9915695
15.337786,12.999473,Phrase,1,10.090883
13.9761915,14.049708,Phrase,0,11.920587
12.658933,13.404058,Phrase,2,11.239687
14.961108,11.649517,Phrase,0,8.089936
13.738381,13.778158,Phrase,0,10.437322
12.074056,12.865306,Phrase,2,10.972431
13.926273,15.014886,Phrase,0,10.472863
11.778724,13.645833,Phrase,2,10.027066
13.2842,13.610092,Phrase,2,10.623978
13.062404,14.025037,Phrase,2,10.785031
11.478135,16.816757,Phrase,3,11.01862
12.3835745,13.412594,Phrase,0,10.478724
13.013445,17.134926,Phrase,3,11.23033
11.907263,16.552511,Phrase,1,11.5889015
12.448612,16.911184,Phrase,3,11.449841
13.420904,13.646664,Phrase,1,10.792716
12.342253,13.390693,Phrase,2,10.214688
12.807411,15.31492,Phrase,3,11.184728
13.284435,15.223027,Phrase,1,11.496155
13.1067915,16.223518,Phrase,0,11.150418
12.46826,16.702078,Phrase,3,11.277243
11.360306,16.592861,Phrase,3,11.787912
13.417895,13.132832,Phrase,1,11.32773
12.321258,15.466373,Phrase,0,10.981135
12.114275,13.415861,Phrase,2,9.57539
11.792691,16.152895,Phrase,3,11.372131
12.46494,16.936514,Phrase,3,11.087668
11.912552,17.035286,Phrase,3,11.490173
14.290616,14.505335,Phrase,2,10.683809
14.598176,14.809681,Phrase,0,11.49551
13.748061,13.893887,Phrase,0,11.049246
14.39658,13.384362,Phrase,1,11.004856
11.784384,14.104214,Phrase,2,9.001297
13.965574,13.922465,Phrase,1,11.695169
13.0431185,13.612153,Phrase,2,9.997854
13.555635,14.38967,Phrase,0,10.840068
12.705819,16.013988,Phrase,3,11.045466
14.654491,14.88721,Phrase,0,11.483726
13.730542,14.935988,Phrase,0,9.954132
13.982402,12.895409,Phrase,2,9.041082
13.178627,13.028137,Phrase,0,10.681028
13.077124,14.196564,Phrase,0,11.158276
13.468139,15.267305,Phrase,0,11.761998
13.580504,14.040695,Phrase,1,11.670431
11.542525,16.521755,Phrase,3,11.413239
13.722588,14.776248,Phrase,0,11.2599
11.959965,13.194907,Phrase,2,10.9783125
12.204433,15.658818,Phrase,3,10.877693
14.494107,12.333498,Phrase,2,9.908532
12.282454,12.947364,Phrase,2,11.026464
14.06793,14.107637,Phrase,0,10.369334
11.909818,14.192651,Phrase,0,10.742976
14.574199,14.696459,Phrase,2,9.980174
11.63131,14.3546505,Phrase,3,10.628354
13.244328,14.030085,Phrase,1,9.649406
12.915556,15.804122,Phrase,3,10.557595
15.310032,11.366716,Phrase,0,7.8579707
13.421492,14.508296,Phrase,0,10.721147
13.361447,12.988405,Phrase,1,10.688625
14.0684395,13.507638,Phrase,1,9.907855
13.242493,14.425802,Phrase,2,9.819086
13.942789,13.266971,Phrase,2,10.56494
12.759264,15.304945,Phrase,2,12.50379
11.3510685,16.309443,Phrase,3,10.600335
13.688289,14.716823,Phrase,0,10.931279
14.483943,14.124008,Phrase,0,10.979449
15.014578,14.264929,Phrase,1,9.376938
14.320714,15.607174,Phrase,0,11.5043
13.183563,16.354572,Phrase,3,11.416457
13.150489,14.270762,Phrase,2,10.289383
13.488385,13.491581,Phrase,1,11.160658
12.31365,13.67176,Phrase,2,10.562933
13.585462,13.604304,Phrase,1,9.106717
13.809352,14.019064,Phrase,0,11.367059
14.875359,13.864776,Phrase,1,9.348463
14.382498,15.506348,Phrase,2,11.537685
14.09293,13.818687,Phrase,1,11.882855
11.791978,17.116806,Phrase,3,11.306014
14.98718,11.704362,Phrase,0,7.8739915
13.643692,12.315489,Phrase,2,7.060872
-2.5643234,6.549284,Phrase,1,9.218213
13.400759,14.660713,Phrase,0,10.144779
11.805565,17.200518,Phrase,3,11.331258
14.24976,13.7420435,Phrase,2,9.181267
13.410716,15.20824,Phrase,0,11.307097
11.767726,16.251883,Phrase,3,11.580728
12.122577,13.792966,Phrase,2,8.962732
13.498635,14.23212,Phrase,0,10.886308
12.462814,14.841305,Phrase,0,11.182428
12.859293,14.501514,Phrase,2,9.20969
12.715908,14.076613,Phrase,2,9.166817
15.361105,12.950976,Phrase,1,10.054897
13.964461,14.09637,Phrase,1,11.368235
13.867296,13.893349,Phrase,0,10.632568
13.533335,14.89831,Phrase,0,11.340217
14.891072,14.2633505,Phrase,1,9.913088
13.847919,13.326052,Phrase,1,12.531505
13.947919,12.689944,Phrase,2,10.209328
13.65808,12.262099,Phrase,0,10.740259
14.677877,22.16211,Phrase,1,14.590889
14.072179,13.771358,Phrase,1,11.011338
13.606102,13.999319,Phrase,0,10.95583
14.167269,12.579856,Phrase,2,8.663186
12.830923,14.5439205,Phrase,0,10.927478
14.485659,12.698586,Phrase,0,8.87817
12.242541,16.731794,Phrase,3,10.254949
14.797782,13.809194,Phrase,2,9.602854
12.726305,15.430128,Phrase,3,12.377777
12.681837,17.305683,Phrase,3,11.267947
12.44255,15.277904,Phrase,3,11.567494
14.03946,13.959436,Phrase,0,11.319084
14.739774,13.930443,Phrase,1,9.886171
12.490526,13.874583,Phrase,2,8.950737
11.878768,14.882967,Phrase,3,10.419825
11.628345,15.518876,Phrase,2,10.343901
12.592873,16.897839,Phrase,3,11.283551
13.284408,13.909416,Phrase,1,11.26465
12.379172,13.682865,Phrase,2,9.90213
13.484334,13.875666,Phrase,0,11.103529
12.616635,12.883217,Phrase,1,8.615141
13.722459,13.683017,Phrase,0,9.936793
13.82004,15.226296,Phrase,0,11.472239
12.798755,14.492502,Phrase,0,10.490895
13.51626,13.524242,Phrase,2,9.740184
12.448454,12.926872,Phrase,2,8.793693
14.266643,14.336655,Phrase,2,9.680131
14.069184,14.174085,Phrase,2,8.9045725
13.505176,14.703884,Phrase,0,9.975427
14.249944,12.959113,Phrase,1,9.751626
12.051396,16.986225,Phrase,3,11.275171
11.938718,15.845249,Phrase,3,11.100392
12.188688,12.128763,Phrase,2,9.799497
13.635664,15.747268,Phrase,0,11.251629
12.987509,13.600413,Phrase,0,9.928412
12.283258,13.670283,Phrase,2,9.397358
12.200037,13.1170225,Phrase,2,10.667668
12.042833,12.123153,Phrase,2,8.736529
12.378531,13.444977,Phrase,2,9.754932
14.060452,14.989652,Phrase,0,11.053143
13.426736,14.131055,Phrase,0,9.990087
14.549582,14.1084385,Phrase,2,10.093793
14.134499,12.458972,Phrase,0,8.358716
14.088443,12.399673,Phrase,2,9.504067
14.045385,12.189428,Phrase,2,9.598974
14.263982,14.33291,Phrase,2,8.851996
11.499636,16.59573,Phrase,3,10.539167
13.511975,14.302565,Phrase,0,11.473571
14.140237,13.243004,Phrase,1,9.770411
14.552996,13.684748,Phrase,1,11.677396
13.2453,14.536623,Phrase,0,11.119871
13.496113,14.138173,Phrase,0,11.526221
13.392499,12.687679,Phrase,2,10.664767
13.3307085,12.257832,Phrase,1,11.18618
14.1557865,14.308993,Phrase,0,9.9052305
13.432442,13.782315,Phrase,0,10.985131
15.35982,11.29172,Phrase,0,9.227848
11.468081,16.665459,Phrase,3,11.223516
13.920319,13.033947,Phrase,1,9.647685
13.22579,13.833925,Phrase,0,9.878674
12.913668,14.015947,Phrase,2,8.718285
14.061377,13.490066,Phrase,1,9.820528
12.441008,16.4531,Phrase,3,11.569669
12.411414,14.9245615,Phrase,0,10.778691
12.012559,17.268724,Phrase,3,11.424932
14.207445,12.765466,Phrase,1,10.180191
12.594445,13.816073,Phrase,2,8.519518
11.760582,13.223059,Phrase,2,9.499073
13.134808,14.765313,Phrase,0,10.82569
12.189053,14.094072,Phrase,0,11.123127
13.584922,13.708676,Phrase,1,10.500863
14.147872,14.02868,Phrase,1,11.879233
12.25206,13.03602,Phrase,2,11.109904
12.094961,12.548787,Phrase,2,8.451237
13.496201,15.252403,Phrase,0,11.711598
14.223138,13.570152,Phrase,0,10.521613
12.876765,13.64488,Phrase,0,9.227689
11.922174,17.211893,Phrase,3,11.401088
13.17078,16.868887,Phrase,3,11.031714
13.259072,13.566623,Phrase,2,8.944854
14.168428,15.284337,Phrase,0,10.658011
13.976339,12.994151,Phrase,0,10.064989
14.09153,12.63575,Phrase,1,10.094946
15.351202,13.014347,Phrase,1,9.988049
13.714154,14.715432,Phrase,0,10.90486
11.557034,17.202333,Phrase,3,11.28797
13.702932,13.575355,Phrase,0,9.9854765
10.88587,12.349503,Phrase,1,9.254792
13.888237,13.690617,Phrase,0,11.528215
12.6513,13.136924,Phrase,2,10.550346
13.568642,16.201511,Phrase,0,11.413543
11.881419,16.847559,Phrase,3,11.1488905
13.89179,13.415771,Phrase,2,10.883914
14.241876,14.837573,Phrase,0,10.806983
13.447468,13.490133,Phrase,0,10.732749
12.084232,13.215403,Phrase,2,11.207837
14.018229,13.609404,Phrase,2,10.486922
13.696306,14.623871,Phrase,1,11.485261
13.898998,14.3531475,Phrase,0,10.7163315
11.202748,11.770901,Phrase,1,8.952452
13.055925,14.848675,Phrase,2,9.756143
12.25225,15.555335,Phrase,3,10.7242155
12.049341,15.238505,Phrase,0,10.6906
11.993407,13.876214,Phrase,2,10.682989
13.716922,13.908413,Phrase,0,11.7141
12.028443,16.756283,Phrase,3,11.133519
13.249682,13.839761,Phrase,0,11.581956
13.355249,13.4212475,Phrase,0,9.929031
12.107479,15.529797,Phrase,1,10.996699
12.031398,16.247488,Phrase,3,11.554151
13.9097185,14.602303,Phrase,0,11.009301
13.631378,16.229237,Phrase,2,11.412308
14.22935,14.1404295,Phrase,2,11.391898
13.848901,14.358476,Phrase,2,10.1770935
14.071199,13.643007,Phrase,0,9.352229
14.242344,12.287856,Phrase,1,9.856021
13.839908,14.722372,Phrase,2,10.057294
13.56012,13.996441,Phrase,0,11.449487
14.476893,13.540464,Phrase,1,9.713803
13.781585,14.055479,Phrase,0,9.983006
11.785956,16.162176,Phrase,3,11.372384
14.1841345,13.324407,Phrase,1,10.409093
11.879693,14.130651,Phrase,2,11.185768
14.628247,14.817765,Phrase,2,11.456851
13.791485,13.914814,Phrase,0,9.562222
12.271159,13.785884,Phrase,0,9.836213
13.805935,14.702365,Phrase,0,10.751083
13.36819,14.0196705,Phrase,0,9.742036
14.331715,15.580688,Phrase,1,11.510166
13.020737,14.768129,Phrase,2,8.150582
12.823983,13.138257,Phrase,2,8.624596
14.269082,13.509423,Phrase,1,11.2321415
13.87551,14.6216545,Phrase,0,10.412124
15.34807,11.377517,Phrase,0,7.8842287
11.928419,15.564944,Phrase,2,10.513761
12.875857,14.803565,Phrase,0,11.4091425
15.015015,13.726383,Phrase,1,10.355291
13.256932,14.7291355,Phrase,0,11.073122
12.363297,15.140039,Phrase,0,10.572576
13.210111,13.144293,Phrase,2,9.946536
13.325944,14.018705,Phrase,2,11.476787
11.640209,14.87813,Phrase,0,10.702426
14.16837,14.822283,Phrase,1,10.935785
14.572773,13.568532,Phrase,2,9.795217
14.188682,12.628921,Phrase,1,9.984273
13.440574,16.158928,Phrase,0,11.371477
12.233431,17.003695,Phrase,3,11.539952
13.398599,12.803615,Phrase,2,9.528973
11.8661585,13.773797,Phrase,0,10.05337
12.6075735,14.437264,Phrase,0,10.092561
14.112999,14.262139,Phrase,0,11.337368
13.824505,14.889983,Phrase,0,11.403921
12.197646,16.69946,Phrase,3,11.531038
13.515392,12.778956,Phrase,0,10.296592
12.808138,13.837295,Phrase,2,8.889341
11.843879,16.636185,Phrase,3,11.54853
11.656803,11.991131,Phrase,1,9.251933
14.024245,13.110084,Phrase,2,10.27067
12.640764,14.56601,Phrase,1,11.403567
11.49467,16.61985,Phrase,3,11.13153
13.397247,13.682829,Phrase,2,8.896638
13.236526,13.742766,Phrase,2,10.815231
13.070583,14.498521,Phrase,0,11.2751
11.415626,12.140206,Phrase,1,9.297898
12.363024,17.06776,Phrase,3,11.064058
11.976879,14.821844,Phrase,2,7.9118557
13.970948,14.425454,Phrase,0,11.425636
11.681193,16.601877,Phrase,3,11.558859
12.618437,15.028472,Phrase,2,10.731109
12.701203,15.448668,Phrase,1,11.648026
12.688467,14.135683,Phrase,0,10.484999
13.356597,12.481259,Phrase,1,10.4501295
15.207629,13.664398,Phrase,1,10.259744
12.042965,16.735073,Phrase,3,11.098419
13.622448,14.127522,Phrase,1,11.820099
13.002815,14.901682,Phrase,1,12.811711
12.181672,12.869221,Phrase,2,11.023229
11.71811,13.60176,Phrase,1,10.386092
13.6236725,13.407007,Phrase,0,10.640507
12.765978,13.770237,Phrase,2,9.45618
12.140433,17.247614,Phrase,3,11.073741
13.753422,13.613265,Phrase,0,10.744268
12.495306,13.652623,Phrase,2,9.743368
13.85165,14.369665,Phrase,0,10.987595
15.246009,13.127628,Phrase,1,10.003786
12.931748,13.967248,Phrase,2,10.389652
12.829636,14.052938,Phrase,2,9.503838
14.386827,12.865165,Phrase,0,9.61653
13.133332,13.923745,Phrase,2,8.680158
11.701049,13.642515,Phrase,2,8.794794
12.925337,14.264973,Phrase,0,9.055232
12.0607195,14.396011,Phrase,0,11.5807705
13.093747,14.986008,Phrase,0,11.059045
13.54821,14.6180935,Phrase,0,10.573867
14.520541,14.447885,Phrase,2,9.8386965
11.975114,12.146568,Phrase,0,9.573939
12.441166,12.866461,Phrase,2,11.231053
12.732155,13.627056,Phrase,0,9.965419
15.56517,12.248176,Phrase,1,10.10549
12.575924,13.297016,Phrase,2,10.360562
12.061137,14.213101,Phrase,1,11.039915
12.112142,17.274448,Phrase,3,11.528263
12.328499,16.984026,Phrase,3,10.5741825
14.258927,12.981416,Phrase,1,10.759274
12.548946,15.099978,Phrase,0,10.44077
13.859869,13.994194,Phrase,0,10.949671
14.258189,13.471135,Phrase,2,10.195693
13.989772,12.385123,Phrase,0,7.6699133
14.261482,13.921075,Phrase,0,11.101677
12.377983,14.913028,Phrase,3,11.025498
13.839474,14.999157,Phrase,0,10.781915
13.200791,16.32266,Phrase,0,10.216529
14.836247,13.4191265,Phrase,1,11.649917
13.684757,13.460359,Phrase,2,9.226263
13.714191,13.793344,Phrase,2,9.088273
14.522689,14.210008,Phrase,0,10.517537
15.164153,13.647346,Phrase,1,10.272447
13.311831,14.674207,Phrase,0,10.713192
13.127257,14.975867,Phrase,0,11.181944
12.128232,13.230503,Phrase,1,9.269767
14.250364,15.631915,Phrase,0,11.314288
14.168537,13.89618,Phrase,2,11.046415
12.14683,12.577427,Phrase,1,8.592178
12.038112,12.163255,Phrase,2,8.763348
13.453558,12.231403,Phrase,0,8.131243
14.51206,13.597212,Phrase,2,9.92355
13.855353,14.094225,Phrase,0,11.887839
12.211172,15.087091,Phrase,0,10.940833
14.635276,13.011235,Phrase,1,10.359045
14.285649,13.1103325,Phrase,1,11.753537
12.005208,17.03683,Phrase,3,11.333729
12.905038,13.962838,Phrase,2,9.317504
12.632407,13.960969,Phrase,0,10.294596
13.278612,14.309527,Phrase,0,9.689127
15.339688,12.9766445,Phrase,1,10.10233
12.045722,12.743475,Phrase,2,10.834539
14.541301,14.797156,Phrase,0,11.438051
13.313032,14.449293,Phrase,1,11.636928
13.104566,12.717007,Phrase,1,10.498095
11.6205845,13.426871,Phrase,2,8.558171
12.623956,13.8634815,Phrase,2,10.634268
13.601812,13.219766,Phrase,2,10.636859
15.539526,12.293935,Phrase,1,10.054013
12.153273,13.661299,Phrase,2,9.307859
13.294326,14.639756,Phrase,0,9.88992
12.821843,14.248403,Phrase,0,9.821933
12.373603,16.380562,Phrase,3,11.373946
12.194905,14.368683,Phrase,2,10.445818
11.678124,16.403744,Phrase,3,11.5760355
13.900069,13.931354,Phrase,0,10.211732
11.866433,13.496707,Phrase,2,8.759845
11.582901,16.358433,Phrase,3,11.25347
13.880587,14.765172,Phrase,0,11.287589
12.0665655,12.749033,Phrase,2,11.136969
12.130704,12.855105,Phrase,2,11.140121
14.106474,12.0504875,Phrase,1,9.515413
13.13221,14.724712,Phrase,0,10.828316
13.286063,13.943959,Phrase,0,8.888066
14.65724,12.79086,Phrase,1,10.596628
13.336255,13.09451,Phrase,1,10.392713
14.128752,15.650621,Phrase,0,11.144484
13.830648,14.8775835,Phrase,0,11.453116
12.597051,13.371075,Phrase,2,10.3877945
11.742413,13.932241,Phrase,1,10.1648445
14.547167,13.859323,Phrase,2,11.224838
10.7823305,14.593808,Phrase,2,9.936833
14.720165,15.579364,Phrase,0,10.782661
12.335091,13.545556,Phrase,1,9.941461
11.391205,15.3068075,Phrase,2,10.73379
12.990316,13.778239,Phrase,2,9.66454
12.890147,12.051358,Phrase,1,10.874262
13.632404,12.257528,Phrase,0,10.763985
11.913096,17.143013,Phrase,3,11.439592
12.84221,13.830214,Phrase,2,10.762292
13.791304,13.5620575,Phrase,0,11.198805
15.067341,13.296008,Phrase,1,9.883354
14.321936,14.02151,Phrase,2,9.644576
14.618889,14.810116,Phrase,0,11.473845
12.810921,14.089237,Phrase,0,10.589884
11.490359,12.104209,Phrase,1,9.008257
12.101165,12.7645645,Phrase,2,10.971003
14.45248,14.05906,Phrase,1,11.104372
13.510107,12.318907,Phrase,3,10.799711
12.499467,14.620422,Phrase,0,10.634719
14.404504,13.001773,Phrase,2,7.908571
11.41774,16.674906,Phrase,3,10.820643
14.410576,12.680475,Phrase,2,10.033973
14.791684,13.627394,Phrase,1,10.822968
13.635791,12.549986,Phrase,2,7.8308716
13.733757,13.123357,Phrase,1,9.167733
13.931158,12.581801,Phrase,2,8.4629545
11.182437,16.17238,Phrase,3,11.009109
12.36002,16.832129,Phrase,3,11.518016
13.127777,11.862174,Phrase,1,11.378766
13.416539,13.168462,Phrase,2,7.598608
14.514049,13.192468,Phrase,1,10.77771
11.857289,16.237541,Phrase,3,10.774136
11.948635,13.701864,Phrase,2,10.151804
14.280182,13.164464,Phrase,2,10.424098
13.95294,13.846045,Phrase,0,10.583401
12.714736,14.188773,Phrase,0,10.513336
12.657663,13.781367,Phrase,2,8.426222
15.0248375,13.784954,Phrase,1,9.862109
11.677092,12.02603,Phrase,2,9.145269
13.542545,13.342697,Phrase,2,9.36446
12.536218,14.411354,Phrase,2,10.478426
11.759831,14.249628,Phrase,2,10.2441845
14.146855,14.751011,Phrase,0,10.956001
13.832907,14.278369,Phrase,0,9.028883
12.027625,15.055775,Phrase,0,10.806329
14.835104,13.595707,Phrase,1,10.019916
12.258591,13.233141,Phrase,2,8.835703
12.89455,13.600536,Phrase,0,9.787207
12.394908,14.495764,Phrase,1,10.68131
13.036308,17.151138,Phrase,3,11.041031
14.321299,15.472981,Phrase,0,11.426215
14.745199,13.9020195,Phrase,1,11.436423
12.497722,14.522786,Phrase,0,10.721763
13.988409,12.604012,Phrase,0,8.531153
11.772313,14.177786,Phrase,0,10.8243265
11.138234,16.222443,Phrase,3,10.870084
13.52009,14.780826,Phrase,0,10.468642
12.562337,12.942558,Phrase,2,9.450357
12.664403,17.130203,Phrase,3,11.283635
13.860643,14.500617,Phrase,0,11.206166
13.13093,11.8611355,Phrase,1,11.375614
13.872123,14.789632,Phrase,0,11.262095
12.519383,13.960624,Phrase,1,11.177309
11.883442,16.396086,Phrase,3,10.79186
14.706518,12.82715,Phrase,0,11.130363
13.574685,16.155382,Phrase,2,11.460076
11.658387,16.573318,Phrase,3,11.593099
12.401848,11.827412,Phrase,2,9.501848
14.461952,13.936165,Phrase,0,10.285153
14.179962,13.157152,Phrase,0,7.8951106
14.223921,13.552501,Phrase,2,10.3419285
14.141141,14.832553,Phrase,0,10.494049
12.395279,16.448921,Phrase,3,10.63998
15.6388445,13.709053,Phrase,0,10.165966
14.890966,14.192661,Phrase,2,11.093902
14.337068,14.765593,Phrase,2,9.477863
11.4365635,13.942895,Phrase,2,9.10686
12.561391,13.255999,Phrase,2,10.297315
11.215182,12.161667,Phrase,2,9.355392
12.247737,13.575762,Phrase,0,10.024248
11.569354,16.26137,Phrase,3,11.440082
12.08058,14.060692,Phrase,0,11.317026
12.186077,12.914752,Phrase,2,11.044845
14.110677,12.002186,Phrase,1,9.482959
13.621546,13.538632,Phrase,0,10.696086
14.571059,13.072407,Phrase,1,9.773122
13.330473,14.265387,Phrase,0,10.67476
15.343757,11.368971,Phrase,0,7.8874383
14.065667,14.203288,Phrase,0,11.149085
15.443003,11.916068,Phrase,2,11.066891
14.139821,13.817944,Phrase,0,10.657115
12.044682,15.829299,Phrase,2,11.00389
12.636825,12.898248,Phrase,1,8.603405
13.466122,13.662255,Phrase,1,12.167324
13.172256,12.206378,Phrase,2,11.187287
12.940009,13.872263,Phrase,0,10.431976
14.807597,13.197073,Phrase,1,9.943884
13.604898,14.222692,Phrase,0,9.86919
13.602487,13.771568,Phrase,0,10.361436
13.429068,14.921155,Phrase,0,10.578931
11.980391,13.923206,Phrase,2,10.624339
12.051087,12.049389,Phrase,2,8.696135
11.859963,16.248585,Phrase,3,11.308636
12.354962,12.313087,Phrase,1,9.861065
14.885647,12.994176,Phrase,2,9.589445
11.962216,14.8003845,Phrase,3,10.989449
12.864645,13.178595,Phrase,2,10.500611
12.613993,17.005527,Phrase,3,11.350137
11.68317,16.429636,Phrase,3,11.742732
12.363122,13.345548,Phrase,2,11.21005
14.412712,14.029315,Phrase,0,10.357905
13.893475,13.209937,Phrase,2,9.589464
15.567785,12.234667,Phrase,1,10.10611
14.35138,16.331226,Phrase,0,9.737788
14.2368355,13.71644,Phrase,1,11.429643
12.859033,14.878682,Phrase,1,11.180203
14.124026,12.568444,Phrase,2,9.989924
14.31053,14.7643,Phrase,0,10.367738
12.566621,13.217111,Phrase,3,10.612075
14.563624,13.594863,Phrase,0,10.537346
12.785175,13.977502,Phrase,2,8.906634
14.775362,11.384942,Phrase,0,6.935857
14.003357,12.373101,Phrase,0,7.6682625
11.22146,11.841018,Phrase,1,8.966157
12.045868,12.738989,Phrase,2,11.105013
11.876803,14.821057,Phrase,2,7.8480754
14.434514,13.589945,Phrase,1,9.917432
14.041499,13.025327,Phrase,2,9.764901
12.162446,12.853073,Phrase,2,11.131344
12.998091,14.168457,Phrase,2,8.758666
13.342604,14.16697,Phrase,0,10.677681
12.200479,13.761395,Phrase,2,8.7421665
13.539529,12.912414,Phrase,1,8.491697
15.327691,11.298696,Phrase,0,9.18686
14.343122,15.6032505,Phrase,0,10.799745
12.713541,14.219914,Phrase,2,8.377672
13.484646,14.140897,Phrase,2,9.69626
13.290168,13.576442,Phrase,2,10.236315
12.603166,15.22722,Phrase,2,10.473592
12.807963,14.1779,Phrase,2,10.494084
12.086836,12.743616,Phrase,2,11.030193
13.301649,12.407663,Phrase,1,9.502108
13.728111,13.932993,Phrase,2,10.565971
14.649582,14.793142,Phrase,1,9.589507
12.085833,12.746436,Phrase,2,11.172004
13.933788,12.482068,Phrase,1,9.625162
11.5444565,16.64086,Phrase,3,10.655656
13.565736,13.069087,Phrase,1,11.630377
13.927721,13.943326,Phrase,1,11.963138
12.095345,14.998652,Phrase,1,11.122172
11.919417,16.700886,Phrase,3,11.590672
11.953198,15.748133,Phrase,3,11.5598345
12.974116,12.994231,Phrase,2,9.955874
10.71708,14.588163,Phrase,1,9.896325
14.1594925,12.02699,Phrase,2,8.288478
11.924862,14.724565,Phrase,0,11.246617
12.618061,16.682314,Phrase,3,11.615838
14.637867,12.890178,Phrase,1,10.713067
11.623834,16.522654,Phrase,3,11.310464
12.749185,13.448213,Phrase,2,10.132863
13.00456,14.929481,Phrase,1,12.701265
15.320696,12.965746,Phrase,1,10.052045
13.481404,13.4273405,Phrase,1,11.2821
15.3700485,11.338413,Phrase,0,7.8580666
12.817641,13.773148,Phrase,2,9.249163
12.472997,17.196632,Phrase,3,11.36458
12.333326,16.271008,Phrase,3,11.639081
12.606743,16.823948,Phrase,3,11.50232
11.662691,16.451002,Phrase,3,11.0409
12.298064,11.986965,Phrase,0,9.569158
13.00409,14.889455,Phrase,2,12.852296
12.507469,17.31445,Phrase,2,10.79462
12.747774,15.318226,Phrase,1,12.035499
14.602542,13.354645,Phrase,1,9.8118105
13.064222,13.859931,Phrase,2,8.718077
14.404692,14.053645,Phrase,0,10.870153
12.467414,13.19872,Phrase,2,10.893003
12.140611,13.964219,Phrase,2,10.545964
12.257907,16.996538,Phrase,3,11.164383
12.114496,13.983629,Phrase,0,10.6412945
14.104135,14.780325,Phrase,0,11.019357
13.226121,13.574394,Phrase,0,10.006236
13.208114,13.554424,Phrase,2,10.293093
13.264233,14.499911,Phrase,2,10.066166
14.134344,13.401846,Phrase,1,10.5028515
13.64909,12.709681,Phrase,1,10.570181
12.344956,14.685139,Phrase,1,10.338944
11.98831,16.504541,Phrase,3,11.32134
14.114779,13.801272,Phrase,1,11.95212
13.951534,13.453219,Phrase,2,9.913651
11.986928,12.120715,Phrase,1,9.571679
11.74355,12.701261,Phrase,0,8.984895
13.090996,13.58968,Phrase,2,9.887276
11.606029,16.57408,Phrase,3,11.3013735
14.150779,13.685351,Phrase,0,10.815444
13.395553,13.269246,Phrase,2,10.0419655
11.650355,11.999228,Phrase,1,9.222299
13.497128,14.61735,Phrase,0,10.938294
11.078238,14.738227,Phrase,2,9.975995
14.3924675,12.251941,Phrase,0,8.274063
14.117577,13.8058405,Phrase,0,11.27804
11.943295,13.844387,Phrase,1,10.758647
13.180815,15.304618,Phrase,1,11.309049
13.28818,13.2131815,Phrase,0,9.918713
13.55797,13.65181,Phrase,0,11.606913
14.930759,13.1163025,Phrase,1,10.111152
14.357372,14.448533,Phrase,3,11.6476555
13.413478,13.409111,Phrase,0,10.009647
12.894602,13.980526,Phrase,2,9.43639
14.2479515,13.141903,Phrase,1,11.612445
13.500637,14.494033,Phrase,0,11.528731
13.211454,13.453625,Phrase,2,10.533854
13.720332,13.613502,Phrase,2,10.924371
13.659447,14.265463,Phrase,0,9.916221
12.050378,15.425818,Phrase,0,10.905275
12.339515,16.652475,Phrase,3,10.850375
11.269228,12.242078,Phrase,1,9.37522
12.808272,15.180002,Phrase,0,11.142921
13.724803,13.040014,Phrase,1,11.594395
11.774652,16.29182,Phrase,2,10.382781
13.694109,14.108564,Phrase,0,10.265346
15.069574,12.975847,Phrase,1,9.978514
13.513202,15.204628,Phrase,0,10.746268
13.480774,14.720822,Phrase,2,9.358411
12.877221,14.752155,Phrase,3,10.884736
12.032041,16.591702,Phrase,3,11.351234
11.854789,14.610533,Phrase,2,11.016525
13.645599,14.174049,Phrase,0,11.891919
12.326074,13.492621,Phrase,2,9.700593
13.126175,14.993833,Phrase,0,10.64012
13.374269,14.333391,Phrase,0,9.962417
12.275675,14.746403,Phrase,0,11.215466
12.468084,13.7802305,Phrase,2,8.941432
11.359175,12.309979,Phrase,2,9.375156
11.70138,16.480646,Phrase,3,11.182206
14.30062,12.977455,Phrase,0,8.247115
14.395374,15.11769,Phrase,0,10.54605
14.458522,14.122667,Phrase,2,8.822139
14.324043,13.045565,Phrase,0,7.904168
12.047284,17.166183,Phrase,3,11.383306
11.582695,13.593144,Phrase,2,8.607732
14.389456,14.322985,Phrase,2,10.709992
11.695141,17.024328,Phrase,3,11.274515
13.369059,16.12637,Phrase,1,11.43033
13.04014,14.458352,Phrase,0,9.921019
12.821648,12.918873,Phrase,2,9.320795
14.19141,14.362884,Phrase,1,11.063836
11.922006,13.41611,Phrase,2,8.8984995
15.239541,13.635373,Phrase,0,10.195402
12.217241,12.049812,Phrase,1,9.802242
12.390076,14.998471,Phrase,0,11.179632
13.817432,12.938407,Phrase,2,9.916298
11.576366,16.820845,Phrase,3,10.820931
11.284329,11.797653,Phrase,1,8.968709
12.491622,17.28714,Phrase,3,11.277715
14.307916,15.117151,Phrase,2,10.980307
12.350561,13.489156,Phrase,2,9.765116
12.808138,14.748868,Phrase,1,11.245313
12.355598,13.1981325,Phrase,2,9.937395
12.090216,13.056157,Phrase,2,10.888836
12.342348,14.891093,Phrase,0,11.389105
12.728924,14.781211,Phrase,0,11.10471
13.404995,15.254462,Phrase,0,11.548284
13.533068,14.422785,Phrase,0,11.176981
13.237969,13.95424,Phrase,0,11.004562
13.529927,14.345122,Phrase,0,10.840503
11.696307,16.054117,Phrase,3,11.260985
11.785528,16.470062,Phrase,3,10.945731
13.538816,13.948351,Phrase,0,9.867646
12.465451,13.420375,Phrase,2,9.842324
12.875149,14.79344,Phrase,0,11.479571
11.4805155,13.999245,Phrase,2,9.149183
11.485843,13.543175,Phrase,2,8.495852
11.009226,12.097484,Phrase,1,8.968122
14.355215,15.462089,Phrase,2,10.056231
13.264608,13.414386,Phrase,1,10.561103
14.672759,14.642173,Phrase,0,9.835322
12.590994,14.414546,Phrase,2,9.837188
13.862308,13.854272,Phrase,0,9.914315
13.403283,13.213383,Phrase,1,10.174334
11.879789,17.12637,Phrase,3,11.422196
12.354635,12.20952,Phrase,1,9.764673
13.661694,12.941783,Phrase,1,10.693713
11.515846,15.471679,Phrase,0,10.591325
12.695313,9.154245,Phrase,1,13.86992
12.881253,15.064559,Phrase,0,10.577814
14.492922,14.189463,Phrase,2,10.126897
10.87377,12.359569,Phrase,1,9.2583475
14.641586,15.418505,Phrase,1,11.096302
14.411211,12.384491,Phrase,0,8.951993
13.821435,14.358553,Phrase,0,10.210101
13.1063795,13.8253565,Phrase,2,10.283072
14.683658,13.105652,Phrase,0,10.052382
14.561832,13.554248,Phrase,1,9.588602
13.1308,11.87278,Phrase,1,11.358122
13.3385725,13.026842,Phrase,0,10.910565
11.623989,16.498846,Phrase,3,11.161073
12.679721,13.794868,Phrase,2,8.444038
11.3421,12.289377,Phrase,0,9.469409
13.472264,12.706309,Phrase,2,9.32194
12.576837,15.510589,Phrase,0,11.008531
13.768552,13.3399725,Phrase,2,9.160605
13.681423,13.675616,Phrase,2,10.358541
13.061836,14.057503,Phrase,0,9.567051
13.741173,14.533707,Phrase,0,10.664476
13.918918,14.577554,Phrase,0,10.495134
12.359144,11.97148,Phrase,1,9.672791
11.4255295,12.143656,Phrase,1,9.060164
12.733168,14.943124,Phrase,0,11.135094
11.522775,15.6048975,Phrase,0,10.70446
13.779402,13.303372,Phrase,1,9.593615
13.206596,14.059405,Phrase,2,10.728958
14.261924,13.325937,Phrase,1,10.795082
11.4398775,15.243769,Phrase,3,10.764458
12.559778,14.163527,Phrase,0,10.466611
14.750594,14.35673,Phrase,1,10.093863
13.9086685,15.066819,Phrase,0,9.775427
12.123256,16.319513,Phrase,3,11.632672
14.188105,13.682378,Phrase,0,9.250697
13.202008,12.281372,Phrase,2,9.091933
13.967034,15.518041,Phrase,2,8.943049
14.524905,14.904671,Phrase,0,11.418828
15.129126,13.098675,Phrase,1,9.883008
13.796736,14.40587,Phrase,0,10.633909
13.263622,13.703785,Phrase,0,9.951334
12.194467,13.720376,Phrase,2,9.906534
12.760775,13.274064,Phrase,2,8.595058
14.271395,15.029449,Phrase,0,10.526663
13.340659,13.070948,Phrase,1,10.881154
11.518205,16.624311,Phrase,3,11.413262
12.724715,9.856273,Phrase,2,1.6764104
12.9614935,16.839834,Phrase,3,10.92597
13.500398,12.813779,Phrase,1,10.333154
14.190098,13.496837,Phrase,0,10.452406
11.684078,15.393595,Phrase,3,11.307699
12.678081,13.991617,Phrase,0,9.88385
13.485682,13.170024,Phrase,0,10.117111
14.029945,14.554195,Phrase,0,10.909901
14.232096,12.307031,Phrase,1,9.808614
10.810955,11.971294,Phrase,1,8.837
12.950577,15.231706,Phrase,0,11.226502
13.90919,14.577823,Phrase,0,11.604481
15.186115,13.568222,Phrase,1,10.403491
13.54069,13.806781,Phrase,2,9.117732
12.566826,14.258959,Phrase,2,9.691027
16.918787,10.459498,Phrase,2,15.67479
14.678268,22.16532,Phrase,1,14.592741
12.620822,17.162067,Phrase,3,11.401791
12.694982,16.568003,Phrase,3,11.49097
14.0975275,13.780439,Phrase,1,9.351971
13.574918,14.694396,Phrase,0,11.461032
13.219517,14.569522,Phrase,0,9.593198
12.700732,13.146208,Phrase,2,10.28723
13.629851,14.415767,Phrase,0,11.1243305
15.382599,11.834889,Phrase,0,11.085993
12.182129,12.850791,Phrase,2,11.062684
12.569412,16.92854,Phrase,1,11.425447
14.38127,13.738947,Phrase,0,10.684094
13.394797,13.969262,Phrase,0,9.961633
13.456299,12.652385,Phrase,1,11.494069
11.798319,14.042984,Phrase,2,10.247364
11.692589,14.830989,Phrase,3,10.736907
14.6512375,14.735357,Phrase,0,9.779641
12.947447,13.8126955,Phrase,2,9.234779
15.031541,13.721505,Phrase,1,11.443955
11.856003,14.67138,Phrase,0,11.4146385
-2.5646179,6.5491834,Phrase,1,9.218289
11.464343,16.70796,Phrase,3,11.594897
11.670029,13.393861,Phrase,2,9.630652
13.9999075,13.562924,Phrase,1,11.99193
12.316535,14.541096,Phrase,0,10.857175
15.147071,13.842049,Phrase,1,10.475282
11.889576,15.706978,Phrase,3,11.215947
13.697998,13.873922,Phrase,0,11.235171
12.136054,15.429615,Phrase,2,10.79248
14.683359,14.206842,Phrase,0,10.697274
14.323471,15.9053335,Phrase,0,10.033334
13.667553,13.986924,Phrase,2,9.113471
13.000087,14.557064,Phrase,2,9.781324
13.849461,14.101128,Phrase,0,9.098929
13.106293,14.461279,Phrase,0,12.055107
13.612672,13.891679,Phrase,0,10.584259
14.2380085,12.817491,Phrase,1,10.177058
11.878748,13.771165,Phrase,2,9.920339
12.175072,12.729572,Phrase,2,11.181466
11.99113,16.955486,Phrase,3,11.7357435
12.286135,16.562653,Phrase,3,11.118271
12.418582,14.489406,Phrase,0,10.195974
12.298521,16.954405,Phrase,3,11.486391
11.7117405,16.071579,Phrase,3,11.289438
13.121786,15.225852,Phrase,0,10.56115
12.110251,17.15126,Phrase,3,11.51271
12.154443,16.053976,Phrase,3,11.351829
13.2821665,14.467881,Phrase,0,11.590923
12.153772,12.791477,Phrase,2,11.137452
12.236523,16.931778,Phrase,3,11.557367
12.478609,12.447975,Phrase,2,8.986832
12.481804,14.389492,Phrase,0,10.224207
12.287741,15.65742,Phrase,1,11.058616
12.943852,13.807793,Phrase,1,8.63793
-2.564631,6.549162,Phrase,1,9.218234
13.95402,15.02932,Phrase,0,11.22819
14.70388,13.727627,Phrase,2,10.77304
11.424102,12.783789,Phrase,2,9.694167
14.026595,13.854948,Phrase,2,8.982608
11.46796,16.694233,Phrase,3,11.669079
11.250639,16.44761,Phrase,3,11.114551
14.683749,14.022925,Phrase,2,9.822127
12.332293,13.9728565,Phrase,2,10.5601425
13.370262,13.101084,Phrase,2,9.907404
13.468385,10.765652,Phrase,2,7.386972
13.665629,14.405341,Phrase,0,10.889809
12.069071,13.071277,Phrase,2,10.769096
10.825987,11.964838,Phrase,1,8.850372
12.385395,14.94998,Phrase,2,10.323136
11.473436,16.71854,Phrase,3,11.533124
11.950953,16.877234,Phrase,3,11.588957
15.367055,11.342522,Phrase,0,7.86287
13.890352,12.55394,Phrase,2,9.288519
15.446537,13.077937,Phrase,1,10.178099
13.153767,15.830241,Phrase,0,10.879857
12.499926,15.948986,Phrase,3,11.846755
13.801452,13.803431,Phrase,1,10.204042
10.804323,11.967453,Phrase,1,8.83185
11.597801,15.204855,Phrase,0,10.423463
12.046033,14.163858,Phrase,0,11.293106
14.197433,13.598179,Phrase,2,10.070114
13.91707,14.4535475,Phrase,2,9.590686
14.225512,14.2959,Phrase,2,10.301103
11.892861,17.245333,Phrase,3,11.641501
13.23726,13.082684,Phrase,2,10.721468
14.618,12.221341,Phrase,0,8.5076475
15.27277,12.957669,Phrase,1,10.162619
13.694516,13.769998,Phrase,0,10.49367
13.985164,12.41518,Phrase,1,9.618136
11.543549,13.338877,Phrase,2,9.527035
13.445608,14.313275,Phrase,0,11.07933
13.299485,13.7927685,Phrase,0,10.092757
11.62608,13.122148,Phrase,2,9.102341
13.989466,12.293861,Phrase,1,9.669121
13.65901,14.586838,Phrase,0,11.539772
13.005149,13.232793,Phrase,2,9.5471945
14.270088,13.454422,Phrase,2,9.147859
15.560563,12.262579,Phrase,1,10.107726
11.473246,14.875956,Phrase,2,10.867292
14.75026,15.408662,Phrase,1,10.861232
11.300697,16.233027,Phrase,3,10.801439
13.132892,14.909602,Phrase,1,12.747619
13.335128,13.6812105,Phrase,2,8.99822
14.136333,13.561423,Phrase,0,11.31853
11.604488,14.667991,Phrase,0,11.362961
14.492139,13.438435,Phrase,2,9.722161
15.723925,13.660601,Phrase,1,10.104789
11.866509,15.168659,Phrase,3,11.113123
13.356837,16.189453,Phrase,3,11.428422
12.139437,13.612133,Phrase,2,10.665432
12.851548,13.253407,Phrase,2,9.568837
11.766449,16.647995,Phrase,3,11.24082
12.706009,15.433673,Phrase,2,10.927281
13.402623,13.750465,Phrase,2,9.027574
12.967037,13.41665,Phrase,2,10.560773
12.5079565,15.945271,Phrase,3,10.784088
14.112926,13.677817,Phrase,1,10.167894
12.094565,13.797157,Phrase,0,10.109386
11.894216,16.438177,Phrase,3,11.510341
13.13994,12.235306,Phrase,0,11.148381
13.504443,13.709765,Phrase,1,10.477813
11.477396,13.466122,Phrase,2,9.613927
12.312678,12.861385,Phrase,2,10.736707
12.744692,13.881157,Phrase,2,8.915097
14.203478,13.149326,Phrase,2,10.446608
12.667073,13.68602,Phrase,0,10.338178
13.970596,13.031198,Phrase,1,10.127221
11.665866,16.333775,Phrase,3,11.08693
12.808451,13.928383,Phrase,1,10.714613
12.032,15.989102,Phrase,2,10.233789
10.855695,12.363762,Phrase,1,9.269042
12.385879,15.656733,Phrase,0,11.081409
13.878664,13.072808,Phrase,2,9.958082
11.963979,14.23106,Phrase,3,11.077264
12.068145,13.489694,Phrase,2,10.64662
13.910742,12.27441,Phrase,1,9.54787
13.0205,13.600729,Phrase,2,9.807638
12.775966,13.152055,Phrase,2,9.787125
14.399437,12.410891,Phrase,0,8.933249
13.751004,12.660864,Phrase,2,9.306275
14.037974,13.831801,Phrase,0,11.18971
13.277007,12.797556,Phrase,0,10.162724
13.917255,15.300109,Phrase,0,10.915633
13.239456,13.8357935,Phrase,2,10.721557
13.786476,14.549799,Phrase,0,10.563265
13.252696,13.39928,Phrase,0,10.702214
13.609188,14.385083,Phrase,0,9.268205
15.397254,11.361454,Phrase,0,7.9307733
11.693862,16.165316,Phrase,3,11.132725
15.238076,13.493907,Phrase,1,10.469566
12.546082,14.715767,Phrase,2,9.168352
12.648575,13.130749,Phrase,2,10.802437
11.848689,13.503562,Phrase,2,8.582823
12.842077,14.466846,Phrase,2,9.453322
14.354219,15.160891,Phrase,0,10.993327
13.586214,12.917552,Phrase,2,9.415674
12.303799,15.18013,Phrase,0,10.623733
12.524422,17.138796,Phrase,3,11.466175
12.164831,16.981792,Phrase,3,11.609921
12.852605,14.953057,Phrase,0,10.7822895
14.414313,13.390712,Phrase,2,10.671857
14.613809,13.8808775,Phrase,0,9.096449
11.256953,12.197159,Phrase,1,8.889403
14.477204,14.9879265,Phrase,0,10.666758
12.0187235,12.463391,Phrase,2,8.617069
14.331028,15.1088705,Phrase,0,10.913053
14.896214,13.8872795,Phrase,1,10.57994
12.328717,13.008439,Phrase,2,8.857277
12.595705,15.490241,Phrase,3,12.160165
13.954643,12.397847,Phrase,0,7.6053104
11.741178,16.804514,Phrase,3,10.330624
14.418184,13.870582,Phrase,0,9.785594
14.320265,13.07621,Phrase,1,11.807372
12.270458,15.947773,Phrase,3,10.715388
12.787353,14.649859,Phrase,2,9.38335
12.278201,15.911391,Phrase,3,10.542542
13.433663,14.712619,Phrase,2,11.118667
13.686004,14.479,Phrase,2,10.715463
11.804496,16.623194,Phrase,3,11.569793
13.305485,12.999358,Phrase,1,10.932989
14.079116,14.018394,Phrase,0,10.1790495
11.338393,16.658485,Phrase,3,10.98652
11.802334,13.674334,Phrase,2,9.851635
12.580109,13.49396,Phrase,0,9.54448
11.4442005,16.517775,Phrase,3,11.606903
14.978247,13.802039,Phrase,1,10.504476
12.869626,13.147146,Phrase,2,10.628587
14.590571,14.460629,Phrase,1,10.6436405
11.904534,14.252307,Phrase,1,10.811316
11.923289,13.759022,Phrase,2,9.281082
13.112391,14.632555,Phrase,0,12.293518
12.156082,12.7706585,Phrase,2,10.938567
11.528309,16.53132,Phrase,3,10.485888
13.053127,14.838037,Phrase,1,12.876866
15.677167,13.67367,Phrase,0,10.105796
13.20291,13.604789,Phrase,0,9.3161
13.159827,14.589746,Phrase,0,11.35968
14.42766,15.512793,Phrase,2,11.564533
14.60535,15.37981,Phrase,0,10.903339
11.73719,16.615063,Phrase,3,11.433957
14.425588,15.364456,Phrase,0,10.751683
12.457671,16.770538,Phrase,3,11.672962
12.198595,14.059544,Phrase,2,10.477818
12.218553,13.534481,Phrase,2,9.807439
14.807737,13.392374,Phrase,1,11.6537
13.428271,14.399681,Phrase,0,10.928956
12.559956,15.16718,Phrase,0,10.883678
12.975283,14.97127,Phrase,0,9.85999
12.998014,13.744835,Phrase,2,9.341288
13.900021,13.94859,Phrase,2,10.475323
11.62754,16.553923,Phrase,3,11.045025
12.784253,13.26068,Phrase,2,10.049849
12.248602,14.008862,Phrase,2,10.619197
13.622871,13.60551,Phrase,0,11.412925
11.994151,13.578956,Phrase,2,9.272854
11.874896,13.5371475,Phrase,2,8.971807
14.170345,15.619766,Phrase,0,10.718033
12.962156,16.91662,Phrase,3,11.290727
13.235171,14.895504,Phrase,1,11.567587
14.058881,13.637453,Phrase,1,10.757435
11.198633,16.293322,Phrase,3,11.060913
12.592,15.458748,Phrase,1,10.674534
13.87596,13.969428,Phrase,1,11.54744
14.275164,13.260057,Phrase,2,11.336208
11.716813,13.24366,Phrase,2,8.663912
13.639524,12.236238,Phrase,1,10.748239
13.501742,12.743057,Phrase,1,9.175611
13.927157,13.158705,Phrase,0,11.283356
11.798206,14.325427,Phrase,2,9.982905
15.336742,12.946009,Phrase,1,10.014347
12.826725,14.514605,Phrase,0,11.232852
12.070378,16.81702,Phrase,3,10.488788
11.269042,15.485188,Phrase,2,10.424987
11.537527,17.020378,Phrase,3,11.069735
12.4441,12.077989,Phrase,1,9.641126
12.389748,17.347748,Phrase,3,11.409884
12.612499,13.23354,Phrase,2,10.502345
14.197355,15.589754,Phrase,0,11.397914
11.349145,16.660799,Phrase,2,11.852805
13.942083,14.724969,Phrase,1,10.92119
13.670951,15.087289,Phrase,0,11.203431
14.341755,14.327288,Phrase,1,9.771641
14.312518,13.793233,Phrase,2,9.80751
13.411447,12.87356,Phrase,0,10.168599
13.804917,14.477702,Phrase,0,10.144806
13.434772,13.266082,Phrase,1,10.222495
15.259354,13.134273,Phrase,1,10.145452
15.248374,12.987629,Phrase,1,10.112189
12.332482,13.769272,Phrase,2,9.931361
12.266372,15.524947,Phrase,0,10.301942
13.929562,14.02683,Phrase,2,9.321517
12.217134,14.482081,Phrase,1,10.0776825
12.756803,14.871379,Phrase,0,10.701751
13.291916,15.477349,Phrase,0,11.139604
12.0831175,13.358926,Phrase,2,10.833033
8.008939,9.47673,Phrase,1,7.8284917
13.671727,13.683074,Phrase,1,9.805827
12.021205,14.355415,Phrase,1,11.612344
13.373509,12.92267,Phrase,2,7.7552085
12.024311,16.671824,Phrase,3,11.813149
15.360492,12.9899645,Phrase,1,10.070359
13.492041,13.867894,Phrase,0,11.080699
14.679488,13.844605,Phrase,1,9.051152
14.218927,15.666803,Phrase,0,10.888324
11.823952,16.751192,Phrase,3,10.783641
12.448334,14.845929,Phrase,0,10.2557955
12.316794,12.912133,Phrase,2,11.1538725
13.558167,13.942073,Phrase,2,9.234126
12.46346,16.343637,Phrase,3,11.538704
13.6456,13.478438,Phrase,0,11.563189
11.89533,14.276018,Phrase,0,10.297949
12.74713,15.345827,Phrase,0,11.090415
12.148874,15.058504,Phrase,2,10.892025
13.809338,13.907114,Phrase,0,9.501808
13.205984,14.461318,Phrase,0,11.191703
12.434168,15.392703,Phrase,3,11.151088
11.594888,16.459984,Phrase,3,11.072663
15.015774,12.831669,Phrase,1,9.961932
12.372644,17.320772,Phrase,3,11.115483
14.514084,15.806146,Phrase,2,8.868231
14.609235,12.802647,Phrase,2,9.532883
13.692751,13.837906,Phrase,0,9.5402565
11.732625,16.221127,Phrase,3,11.355437
14.258999,14.257275,Phrase,0,11.106949
14.027219,14.264301,Phrase,0,9.6981945
11.508329,16.68187,Phrase,3,11.544101
13.976611,15.192494,Phrase,0,10.921899
12.468496,16.877037,Phrase,3,11.323039
12.007929,16.479847,Phrase,3,11.41851
13.352194,15.221543,Phrase,0,11.479453
13.933383,15.248296,Phrase,0,10.800068
12.114795,16.932404,Phrase,3,11.500755
13.806727,13.700325,Phrase,1,9.925793
12.117758,14.08263,Phrase,0,11.319879
14.7257805,11.442437,Phrase,0,6.9990916
14.158197,13.411931,Phrase,0,10.774735
12.759482,13.054489,Phrase,2,9.491003
13.171263,12.925596,Phrase,2,9.254487
12.4355545,16.928152,Phrase,3,11.584297
12.321416,13.018737,Phrase,2,10.317537
11.951577,14.786233,Phrase,0,10.884987
14.544288,13.351635,Phrase,2,9.762437
14.222508,14.271694,Phrase,0,11.546389
12.086957,11.789045,Phrase,1,9.45169
13.682742,14.80827,Phrase,0,10.922444
13.559646,13.846363,Phrase,2,9.364368
14.095686,14.067561,Phrase,0,9.962277
13.908126,12.724262,Phrase,0,10.911802
11.646029,16.334204,Phrase,3,11.612113
11.760095,15.163319,Phrase,0,10.327845
13.691942,12.858256,Phrase,0,8.825822
12.955191,13.774685,Phrase,2,8.860933
15.43493,13.10811,Phrase,1,10.178825
9.647529,8.133188,Phrase,1,15.040461
14.635187,14.762305,Phrase,2,9.715436
14.436258,13.731977,Phrase,0,9.632352
12.337461,14.379472,Phrase,0,11.049917
13.156184,13.931772,Phrase,0,10.217929
12.655094,15.152557,Phrase,0,11.128966
12.05229,14.397809,Phrase,0,11.505188
12.758068,15.426847,Phrase,2,12.342832
13.12688,11.856034,Phrase,1,11.377186
11.922499,13.680601,Phrase,2,10.032065
13.165948,14.124454,Phrase,0,10.650835
13.176739,14.310216,Phrase,0,9.047169
14.301193,13.008107,Phrase,1,11.617075
11.408036,16.103561,Phrase,3,11.397296
12.700161,15.133838,Phrase,0,11.323297
13.727454,12.383548,Phrase,0,7.516503
13.273258,14.393466,Phrase,2,9.020816
12.168744,12.813125,Phrase,2,11.041209
13.44753,13.857904,Phrase,0,10.684987
12.648909,16.38025,Phrase,3,11.5029745
15.343565,11.369245,Phrase,0,7.888806
14.642563,12.966722,Phrase,1,9.994655
14.375608,11.63878,Phrase,1,9.63959
13.184632,13.95174,Phrase,2,10.344041
11.407611,16.711815,Phrase,3,10.859077
-2.5646677,6.549133,Phrase,1,9.218183
15.020274,13.708897,Phrase,1,10.747546
12.524766,14.2176895,Phrase,2,11.176701
13.650989,12.22202,Phrase,1,7.079085
13.477351,13.933692,Phrase,2,10.220729
12.462777,13.966084,Phrase,3,11.254618
13.546347,14.461134,Phrase,0,11.22973
13.465734,13.417635,Phrase,2,8.842053
11.990761,12.051846,Phrase,2,9.098742
13.251978,15.412347,Phrase,1,11.183102
13.543287,13.628874,Phrase,2,12.201178
12.133298,12.749303,Phrase,2,11.0478945
11.799416,17.050835,Phrase,3,11.295786
11.422139,16.70035,Phrase,3,11.232234
13.565238,16.24713,Phrase,1,11.437139
11.634427,16.302862,Phrase,3,11.089536
11.885856,16.282412,Phrase,3,10.010442
14.512067,13.528609,Phrase,2,9.1809025
13.555157,13.656224,Phrase,2,10.635829
11.602475,13.425981,Phrase,2,9.591276
12.121157,13.48906,Phrase,2,9.48008
14.871164,14.161365,Phrase,1,11.018188
11.563765,14.248216,Phrase,2,10.253882
13.041551,14.024458,Phrase,0,11.285255
12.471248,13.819594,Phrase,1,10.693689
13.003019,13.448917,Phrase,2,8.699622
15.321707,12.975048,Phrase,1,10.059985
12.073257,12.935277,Phrase,2,9.139541
13.982183,12.533118,Phrase,0,8.319051
14.179985,12.018902,Phrase,1,10.832203
11.612001,13.705495,Phrase,2,8.993194
12.553578,13.716107,Phrase,2,10.157029
14.650612,11.531088,Phrase,0,7.058478
12.467535,15.180186,Phrase,3,11.155989
13.5324135,14.731499,Phrase,0,11.026574
11.92863,11.992385,Phrase,2,9.1072235
12.164997,11.817088,Phrase,1,9.473975
15.398218,13.432415,Phrase,1,9.766385
10.799499,11.961181,Phrase,1,8.82607
15.07719,13.388799,Phrase,1,10.336548
13.137128,12.464422,Phrase,0,11.196543
12.792719,13.214953,Phrase,1,10.640913
14.321698,15.662101,Phrase,0,10.847296
13.10191,14.718884,Phrase,2,11.069505
13.723691,16.58388,Phrase,0,10.815472
13.803421,13.175834,Phrase,0,11.416389
15.451941,13.600431,Phrase,1,10.017346
13.666742,14.108179,Phrase,0,11.1630945
12.107583,14.108699,Phrase,2,10.527212
12.310103,13.64479,Phrase,2,9.837058
12.077002,14.993557,Phrase,2,10.717045
13.383959,14.737852,Phrase,0,10.431582
11.777179,16.141441,Phrase,3,11.387421
13.27836,12.48063,Phrase,1,10.486912
12.501527,13.130475,Phrase,1,11.131962
13.576831,14.256496,Phrase,0,10.704759
13.99328,12.278123,Phrase,2,8.054531
12.847393,14.587127,Phrase,0,10.636145
13.420068,13.6074,Phrase,2,10.896447
11.996855,13.09404,Phrase,2,8.999555
12.674628,14.286441,Phrase,0,10.309211
14.4514675,12.916781,Phrase,1,9.725504
12.11049,17.08353,Phrase,3,11.482078
12.01856,13.78483,Phrase,0,9.066823
14.505788,15.921294,Phrase,1,8.770197
12.053098,12.847894,Phrase,2,11.098494
13.480044,13.166964,Phrase,0,9.922742
13.846326,16.607595,Phrase,0,10.958867
12.077451,12.741004,Phrase,2,11.139245
12.915279,12.8954525,Phrase,2,9.243529
11.459605,15.4623995,Phrase,3,10.494575
13.4663515,10.770282,Phrase,2,7.389741
13.531482,16.147371,Phrase,0,11.457733
13.53031,13.54408,Phrase,2,8.874781
12.675681,17.165369,Phrase,3,11.359511
13.398362,14.246325,Phrase,0,11.269695
11.393462,15.632929,Phrase,0,10.746172
14.186636,12.816322,Phrase,2,9.869715
14.021647,12.407757,Phrase,0,7.721464
14.439898,15.109897,Phrase,1,10.838919
12.731342,13.244763,Phrase,2,10.357938
14.034198,14.194046,Phrase,0,10.816872
11.952678,16.697683,Phrase,3,11.240044
13.542965,13.262052,Phrase,2,10.475446
11.876238,13.760355,Phrase,2,9.846332
13.189686,13.332101,Phrase,0,11.042645
13.204457,13.658194,Phrase,2,9.222937
11.810024,14.866645,Phrase,2,10.614658
14.324895,11.996868,Phrase,1,9.77758
12.724646,14.914812,Phrase,0,11.241593
11.742787,16.205187,Phrase,3,11.593411
13.358804,14.857055,Phrase,0,11.027437
11.977126,12.830838,Phrase,2,10.80589
15.342936,13.308688,Phrase,1,10.084113
12.007598,12.733714,Phrase,2,11.137742
12.154161,15.359364,Phrase,3,10.327547
13.76718,15.0255995,Phrase,0,9.867625
13.722896,13.754449,Phrase,0,9.598066
12.481691,13.798839,Phrase,2,9.897114
14.403962,14.568576,Phrase,0,10.61173
12.098509,16.054731,Phrase,3,11.752009
14.091175,13.030448,Phrase,2,9.793972
11.287405,16.30558,Phrase,3,10.7705965
13.632131,13.664532,Phrase,2,10.142071
14.073343,13.0586195,Phrase,2,9.713198
12.433806,13.423204,Phrase,3,10.7911215
14.5942135,13.851897,Phrase,1,8.784578
15.38431,11.34145,Phrase,0,7.8744926
14.6901655,14.857583,Phrase,0,11.487658
14.031018,13.450502,Phrase,0,9.733582
12.322676,13.2646675,Phrase,2,11.026406
11.6235,12.07745,Phrase,1,9.14085
13.967014,13.76187,Phrase,2,10.233644
11.535733,16.530592,Phrase,3,11.688479
12.7934065,13.253111,Phrase,2,10.596505
12.53221,12.90606,Phrase,2,9.469543
12.327332,16.851698,Phrase,3,11.586626
12.803932,14.671334,Phrase,2,8.447145
13.717754,12.470552,Phrase,1,8.990694
14.469932,14.101741,Phrase,0,10.29854
12.026244,12.794595,Phrase,2,10.761032
12.052925,12.820937,Phrase,2,11.08872
12.939903,13.411308,Phrase,2,10.360484
12.11312,12.864347,Phrase,2,11.16619
13.300447,15.117086,Phrase,1,11.513665
13.313128,15.353243,Phrase,2,9.261316
12.794126,14.83877,Phrase,0,10.670072
11.606105,16.038483,Phrase,3,10.990122
14.3275585,13.105268,Phrase,1,11.786023
12.624303,17.290812,Phrase,3,11.368727
13.593356,14.321269,Phrase,0,11.045797
14.475141,14.006567,Phrase,2,10.133314
13.522563,13.964459,Phrase,2,9.420088
13.59131,13.364059,Phrase,1,11.21477
13.450069,14.296241,Phrase,1,11.518019
13.941659,12.878008,Phrase,2,9.045336
12.896084,14.199184,Phrase,2,8.952284
12.107445,11.863979,Phrase,2,9.315933
12.30884,14.700145,Phrase,0,10.91889
14.0351095,12.580093,Phrase,0,8.521484
12.893987,14.507922,Phrase,0,10.361411
13.2761135,14.193769,Phrase,0,9.736361
14.635907,13.784521,Phrase,1,9.371263
12.564865,15.397911,Phrase,0,11.202071
13.321598,13.61317,Phrase,2,10.350206
11.661512,17.21198,Phrase,3,11.323422
13.714589,12.948165,Phrase,1,9.555524
12.148329,15.931902,Phrase,3,11.850337
13.538462,13.617858,Phrase,2,9.631187
13.369848,13.34695,Phrase,0,9.768414
13.462385,12.767824,Phrase,1,10.280101
11.805173,14.876168,Phrase,0,10.899488
12.199301,14.314714,Phrase,2,10.376357
12.372231,17.057152,Phrase,3,11.341736
14.137412,14.270156,Phrase,1,11.335821
12.1295395,16.678942,Phrase,3,11.574738
11.010072,12.187817,Phrase,1,9.032897
13.124579,14.071581,Phrase,0,11.270115
12.503489,15.042213,Phrase,0,10.407518
11.704623,13.978804,Phrase,2,9.968353
12.174804,15.676704,Phrase,1,12.230969
11.27398,15.813999,Phrase,3,10.800837
12.820442,13.207392,Phrase,0,9.898941
13.86299,13.36635,Phrase,1,10.60588
11.916954,17.037739,Phrase,3,11.233249
14.180179,14.765157,Phrase,0,10.330208
11.905956,14.236341,Phrase,0,11.091449
11.976879,16.240204,Phrase,3,11.264309
12.369349,14.7839775,Phrase,0,11.152403
14.913381,13.695728,Phrase,0,9.731794
14.776587,13.826959,Phrase,1,11.310436
11.80564,14.279444,Phrase,2,10.224696
13.275911,13.49299,Phrase,0,10.00121
11.832179,16.795244,Phrase,3,10.943331
11.414648,12.174804,Phrase,1,9.08257
13.933088,13.531261,Phrase,0,10.7624855
12.396289,17.359211,Phrase,3,11.239461
14.610342,14.741312,Phrase,0,11.386748
11.927917,15.663207,Phrase,3,11.150161
14.35,15.502769,Phrase,2,11.431423
15.129948,13.627211,Phrase,1,10.213642
13.119511,13.61777,Phrase,2,9.15769
13.748329,14.246551,Phrase,0,10.57227
12.560253,15.169409,Phrase,3,10.049549
15.340992,13.0227585,Phrase,1,10.080003
14.691031,15.436462,Phrase,1,10.984504
12.36484,14.846789,Phrase,0,10.794358
13.200798,13.998124,Phrase,0,9.936397
13.277628,13.060612,Phrase,2,11.288447
13.368471,14.489899,Phrase,0,9.061419
13.831914,13.442521,Phrase,1,9.848008
13.998726,14.321431,Phrase,0,10.320295
13.298415,14.434712,Phrase,0,11.322203
13.439788,15.886765,Phrase,0,11.392039
12.881764,13.905438,Phrase,0,10.181127
14.665946,14.252288,Phrase,1,10.186533
13.1675005,14.843618,Phrase,0,9.969766
12.089016,15.020532,Phrase,0,10.997206
13.0630455,12.392368,Phrase,2,11.085725
11.956955,16.80194,Phrase,3,11.571208
12.346332,12.981508,Phrase,2,11.099148
13.542844,14.284392,Phrase,0,10.98489
13.858068,14.492881,Phrase,0,10.891554
13.462104,14.554293,Phrase,3,11.744628
12.007875,15.317665,Phrase,0,10.305391
14.518955,13.761233,Phrase,0,10.1171875
12.636242,13.710346,Phrase,0,10.648266
12.323642,12.755573,Phrase,1,11.289222
14.456217,13.054583,Phrase,2,9.13779
14.015035,13.947968,Phrase,1,10.352601
14.320309,13.883001,Phrase,1,11.037981
12.828279,14.12693,Phrase,0,9.462456
12.120864,16.58101,Phrase,3,12.019608
12.639335,13.278659,Phrase,2,10.483772
12.560291,13.16931,Phrase,2,10.14501
12.256429,15.206428,Phrase,0,11.044062
12.329661,13.571577,Phrase,2,9.732943
12.177059,12.774597,Phrase,2,11.065484
14.110408,13.59875,Phrase,1,9.86639
14.429667,13.234518,Phrase,2,9.972736
15.40907,13.048865,Phrase,1,10.099878
11.184191,15.399616,Phrase,2,10.709653
12.674244,13.672311,Phrase,1,10.485097
12.003685,16.479837,Phrase,3,10.615625
13.002849,14.592592,Phrase,0,10.93447
13.049356,14.046963,Phrase,2,8.317564
15.349722,12.981195,Phrase,1,10.071011
14.440986,13.849591,Phrase,0,11.231567
13.931916,13.069739,Phrase,1,10.845595
12.512424,13.946826,Phrase,2,10.722255
11.899622,11.895567,Phrase,1,9.393652
12.383619,15.7714405,Phrase,3,10.897694
14.39235,14.317986,Phrase,0,11.20914
11.615334,16.867378,Phrase,3,11.174355
12.222436,13.092445,Phrase,2,10.658738
11.7001505,16.29634,Phrase,3,10.999853
14.473484,14.120924,Phrase,0,11.198746
13.796272,13.964481,Phrase,0,11.549477
11.756244,16.900398,Phrase,3,11.473432
15.305068,12.946145,Phrase,1,10.070302
13.524825,13.183228,Phrase,1,11.281737
12.48546,13.903809,Phrase,2,9.553536
12.206447,15.635978,Phrase,3,12.269471
13.797122,14.477624,Phrase,1,11.62912
13.944823,13.761661,Phrase,1,11.462527
13.637022,12.219663,Phrase,2,8.548672
14.086206,13.726559,Phrase,0,11.236816
13.0137,14.859066,Phrase,2,9.7508
11.13917,16.167017,Phrase,3,10.864004
14.062034,14.408782,Phrase,0,11.646066
13.94199,13.905726,Phrase,0,9.6924305
11.65332,16.33908,Phrase,3,11.742737
11.974258,14.2555485,Phrase,0,10.157678
14.473898,13.950112,Phrase,2,9.97589
11.433141,15.558184,Phrase,0,10.668016
13.0028,13.789041,Phrase,2,10.268279
12.443981,13.042702,Phrase,0,11.140193
13.8233385,14.059559,Phrase,0,10.144679
14.439425,12.408144,Phrase,1,9.965578
14.460559,12.6334715,Phrase,1,10.250715
13.873235,13.270727,Phrase,2,10.440114
14.519699,12.68025,Phrase,0,8.621072
12.968635,12.80894,Phrase,1,10.081939
12.270638,11.512562,Phrase,1,9.55132
15.347312,12.928996,Phrase,1,10.078329
11.426937,12.07336,Phrase,1,8.925025
13.894693,14.291415,Phrase,2,9.696659
11.968551,13.1185055,Phrase,2,8.572618
13.263677,13.7597,Phrase,1,10.404047
14.087795,15.606234,Phrase,0,11.131135
12.104719,13.438687,Phrase,2,10.068269
12.607893,14.169166,Phrase,2,10.619536
11.505215,16.61874,Phrase,3,10.720876
13.426242,13.825198,Phrase,2,9.738192
12.718574,13.948395,Phrase,2,9.023366
13.85853,13.889613,Phrase,1,11.408462
12.564584,16.692705,Phrase,2,11.669171
12.855951,13.763225,Phrase,0,10.81219
14.526844,13.772658,Phrase,0,9.682696
12.905009,14.340223,Phrase,0,11.274841
14.071322,13.880945,Phrase,0,11.587744
11.886841,14.492147,Phrase,3,10.887709
14.2933,15.134416,Phrase,0,10.293596
13.257702,13.709522,Phrase,0,10.648358
12.274631,14.651772,Phrase,2,10.754696
13.760907,14.759016,Phrase,0,10.548614
11.71792,15.331786,Phrase,1,10.882962
12.198792,17.019249,Phrase,3,11.40108
11.502863,12.089668,Phrase,2,8.875679
12.430583,16.735643,Phrase,3,11.338648
14.78837,15.428628,Phrase,1,10.868972
12.054967,13.835464,Phrase,2,8.9865465
14.592828,14.7735195,Phrase,1,10.417065
15.422648,13.046827,Phrase,1,10.040886
12.7893305,14.109491,Phrase,2,10.07084
14.596563,14.4564295,Phrase,0,10.406103
12.202361,17.280817,Phrase,3,11.330968
14.02348,14.726785,Phrase,0,10.953436
13.1482525,14.765498,Phrase,0,11.649184
12.20231,15.209345,Phrase,0,10.7378645
11.602696,14.236513,Phrase,2,9.238253
14.524267,14.490955,Phrase,0,10.253065
13.304193,14.417725,Phrase,0,10.711124
14.328733,15.481257,Phrase,0,10.510583
13.141239,14.456331,Phrase,2,8.49872
11.798917,15.76886,Phrase,2,8.715386
11.807487,14.962771,Phrase,2,10.633644
12.629142,12.598663,Phrase,1,10.742357
13.03801,13.431409,Phrase,2,10.310954
15.354252,13.024033,Phrase,1,10.067863
13.881499,14.40531,Phrase,0,11.435305
14.001065,12.575799,Phrase,2,9.688754
13.923903,14.915468,Phrase,0,11.165668
12.508758,12.642846,Phrase,1,10.792716
13.958207,15.0013,Phrase,0,11.330911
12.307537,11.817496,Phrase,1,9.539543
12.067177,13.197253,Phrase,2,10.670788
13.907529,14.81787,Phrase,2,10.478833
12.066151,16.321266,Phrase,3,11.395156
13.46514,15.958803,Phrase,0,11.444691
11.063473,12.088384,Phrase,1,8.723047
13.777929,14.31158,Phrase,0,11.4120865
13.155013,13.8010435,Phrase,0,9.081383
11.59541,13.488423,Phrase,2,8.886717
14.421618,13.432349,Phrase,1,10.224806
14.227844,14.596756,Phrase,2,9.68766
14.002802,14.866512,Phrase,0,11.05436
12.446288,14.222605,Phrase,0,10.477481
12.120018,12.809822,Phrase,2,11.0217495
12.6021805,16.088799,Phrase,3,11.555989
13.510159,13.4812355,Phrase,2,9.234697
11.870993,16.777906,Phrase,3,10.955532
14.129682,13.122594,Phrase,0,7.870483
14.537739,13.834644,Phrase,1,10.1411295
11.863654,14.104959,Phrase,2,10.202467
12.16808,15.000847,Phrase,0,10.822304
15.353179,13.1161585,Phrase,1,10.126849
11.940385,17.04204,Phrase,3,11.096624
13.849427,13.959709,Phrase,0,10.461729
13.45597,13.919613,Phrase,0,9.933956
11.998954,13.4927025,Phrase,2,8.962854
9.642687,8.12483,Phrase,1,15.047817
11.435374,16.961227,Phrase,2,11.0223055
14.068323,12.078106,Phrase,2,8.836782
14.321246,14.1175,Phrase,0,10.780126
13.682994,14.861125,Phrase,0,10.881655
13.972113,13.2850275,Phrase,0,11.105259
12.247624,14.932329,Phrase,0,11.002579
11.925958,17.096968,Phrase,3,11.547218
13.692586,12.319798,Phrase,1,10.777651
13.009853,14.859448,Phrase,1,12.24033
12.097479,14.381679,Phrase,1,11.554306
12.744368,15.82395,Phrase,0,11.127916
12.634974,16.304878,Phrase,3,10.964556
12.338888,13.251572,Phrase,2,10.452819
12.725559,17.364262,Phrase,3,11.357247
13.593548,15.054135,Phrase,1,11.483023
14.041116,13.076717,Phrase,1,10.582453
13.122178,14.428851,Phrase,2,9.770455
12.574543,15.055564,Phrase,0,10.56819
-2.5645597,6.549208,Phrase,1,9.218234
13.790943,13.949173,Phrase,0,10.794212
12.268034,15.817103,Phrase,0,10.642266
15.259204,11.3404455,Phrase,2,9.201195
11.996313,16.951756,Phrase,3,11.664644
14.604737,12.784928,Phrase,0,8.661301
13.099878,13.490522,Phrase,0,8.615309
12.916819,14.198739,Phrase,0,11.288698
11.389729,15.443733,Phrase,2,10.731639
12.941132,16.932596,Phrase,3,10.954461
12.167743,16.944801,Phrase,3,11.399185
11.947549,16.458275,Phrase,3,11.600901
11.844053,16.76357,Phrase,3,11.620139
13.250265,13.603314,Phrase,0,10.833407
14.425505,14.735869,Phrase,0,10.426176
13.9671135,14.723297,Phrase,0,9.881418
12.878382,16.970972,Phrase,3,10.86843
12.628902,14.246575,Phrase,0,10.339035
13.120198,12.227562,Phrase,0,11.164866
13.259998,15.489238,Phrase,1,11.194901
12.247436,13.69425,Phrase,2,10.434762
13.656126,14.308496,Phrase,2,9.064064
11.556691,12.057992,Phrase,1,8.907395
11.571045,13.106103,Phrase,2,9.105013
11.501569,16.132465,Phrase,3,11.622043
14.758491,13.352002,Phrase,1,11.027494
11.613194,14.669127,Phrase,1,10.826609
11.570818,13.298067,Phrase,2,9.304946
15.342563,11.367961,Phrase,0,7.885435
11.960141,13.536016,Phrase,2,8.582315
14.492863,15.111818,Phrase,0,10.988854
11.433671,16.554062,Phrase,3,11.761749
12.348185,14.6994295,Phrase,2,10.427898
11.7131195,15.819768,Phrase,3,11.280775
12.315967,16.547775,Phrase,3,11.212742
11.361594,16.636333,Phrase,3,11.77054
14.1826315,13.852448,Phrase,1,12.066506
12.024869,16.163582,Phrase,3,11.355733
13.467258,12.811072,Phrase,1,10.403243
13.957566,15.123708,Phrase,1,11.724164
12.888402,12.08664,Phrase,2,10.826143
14.24063,13.920899,Phrase,0,9.872709
13.369946,15.353692,Phrase,0,11.239832
13.581265,14.603792,Phrase,0,11.130035
11.646421,16.423525,Phrase,3,10.9418335
13.844887,13.779633,Phrase,1,9.122237
14.055519,12.153793,Phrase,2,9.595248
13.379584,13.802029,Phrase,0,11.096899
12.706671,13.845793,Phrase,2,10.024919
11.864663,13.819774,Phrase,2,10.109032
11.826537,13.69286,Phrase,0,9.841289
13.477103,15.3412485,Phrase,0,10.324403
14.577831,15.595435,Phrase,0,10.861624
12.212858,14.739746,Phrase,0,11.028985
12.011654,12.915886,Phrase,2,10.935952
11.769353,16.266235,Phrase,3,11.084949
13.819957,15.982866,Phrase,0,10.827402
12.079965,14.992065,Phrase,2,11.173082
13.001433,14.894125,Phrase,1,12.907395
14.60972,14.850376,Phrase,0,11.405904
12.743749,15.123188,Phrase,0,10.26203
12.228344,14.290242,Phrase,0,10.939296
12.947459,12.159882,Phrase,1,10.870893
14.647336,13.840914,Phrase,1,11.173162
11.994783,16.674986,Phrase,3,10.3532295
11.589186,15.983111,Phrase,3,11.494696
14.009441,13.804786,Phrase,0,11.507141
12.087867,15.161769,Phrase,3,11.098641
12.139633,16.722883,Phrase,3,11.690978
12.591007,13.86089,Phrase,2,9.263984
13.322043,13.946539,Phrase,2,8.789101
14.085693,12.128812,Phrase,2,9.5038
13.7087555,13.302296,Phrase,1,11.544205
12.0896225,14.02159,Phrase,1,9.7797365
12.912703,12.94498,Phrase,2,9.87438
11.8009405,13.578535,Phrase,1,9.778625
14.659892,13.4792385,Phrase,1,10.664542
13.073803,14.283671,Phrase,2,8.194565
14.442376,12.013025,Phrase,0,7.660816
11.743299,14.094584,Phrase,0,10.099017
15.012414,13.5162735,Phrase,1,9.619536
13.276992,13.424472,Phrase,1,11.34668
14.3322525,13.087009,Phrase,1,11.838083
12.019406,15.148837,Phrase,2,10.486462
13.626658,13.4097395,Phrase,0,11.488986
13.210427,14.087642,Phrase,0,10.011606
14.751532,13.8764,Phrase,0,9.43997
11.943097,15.127837,Phrase,2,11.047209
13.886916,13.675259,Phrase,2,8.993003
12.384715,16.798182,Phrase,3,11.299621
15.431037,11.964625,Phrase,0,11.078537
13.915211,14.074858,Phrase,0,10.002742
14.314498,14.306604,Phrase,1,11.262028
11.6371565,16.62351,Phrase,3,11.699312
13.973722,13.553645,Phrase,0,10.45711
10.939876,14.5999365,Phrase,2,9.813041
11.275577,12.243657,Phrase,1,9.347766
13.564658,13.405358,Phrase,2,8.960299
15.342637,11.368531,Phrase,0,7.886143
13.055693,13.923116,Phrase,2,8.733935
12.370833,14.731635,Phrase,2,11.212121
12.947608,13.394939,Phrase,0,10.452367
15.437194,11.922653,Phrase,0,11.064024
11.97455,17.043497,Phrase,3,11.111152
15.385654,12.977059,Phrase,1,10.052154
11.926117,13.370447,Phrase,2,8.897275
14.076518,13.458557,Phrase,0,10.511458
14.275028,14.71047,Phrase,1,11.131126
12.008349,15.371966,Phrase,0,10.591358
14.290756,15.115476,Phrase,0,10.483966
13.449683,13.929219,Phrase,0,10.990702
11.853555,13.409857,Phrase,2,8.872343
12.989245,14.910319,Phrase,1,12.862085
13.102819,15.268986,Phrase,0,10.94298
12.378677,14.80529,Phrase,2,10.314578
15.34551,11.362917,Phrase,0,7.890602
12.151891,13.28459,Phrase,2,8.933308
12.859057,15.144261,Phrase,2,12.480912
11.461318,16.34338,Phrase,3,11.54599
13.490295,14.510449,Phrase,0,10.636823
14.481235,14.43278,Phrase,2,9.719894
14.178713,13.849344,Phrase,2,12.021944
11.475382,15.931921,Phrase,3,11.109399
13.215538,14.850146,Phrase,0,11.331525
11.420339,12.036132,Phrase,1,8.9384775
12.192119,13.378581,Phrase,2,9.711908
14.107286,13.069642,Phrase,1,10.310197
12.938996,14.037271,Phrase,0,10.073248
12.24,12.959554,Phrase,2,11.012311
11.837377,16.428606,Phrase,3,10.927065
13.322479,14.535682,Phrase,0,9.526117
12.205167,12.500572,Phrase,1,8.543635
14.515088,14.788465,Phrase,0,10.337523
13.544455,14.49234,Phrase,0,10.769264
12.843534,13.477133,Phrase,2,10.431683
13.119222,14.059688,Phrase,0,9.321072
11.761735,14.402857,Phrase,2,10.542159
12.218619,13.302734,Phrase,2,9.154153
14.063771,12.652334,Phrase,1,8.785701
12.302774,15.113579,Phrase,0,10.082491
12.072793,16.22468,Phrase,3,10.526636
13.9786415,15.084117,Phrase,1,11.748595
12.454107,15.09293,Phrase,0,11.201478
13.669236,13.626563,Phrase,0,10.511699
14.150023,13.113158,Phrase,0,7.933272
14.445395,13.20123,Phrase,2,10.247386
12.330433,15.327285,Phrase,0,10.84317
11.857374,14.326849,Phrase,2,11.364218
12.026209,16.967253,Phrase,3,11.352413
13.891724,13.002404,Phrase,1,10.482696
12.620704,13.887224,Phrase,0,10.480297
11.747777,15.668581,Phrase,3,11.00223
14.919585,13.577798,Phrase,1,9.472083
12.570908,13.776234,Phrase,2,10.560368
14.643793,15.562406,Phrase,1,10.880282
11.399684,16.769611,Phrase,3,11.747806
14.405221,14.032755,Phrase,0,11.18377
14.451905,13.468696,Phrase,0,10.410991
14.491636,13.812823,Phrase,1,9.997523
12.150491,11.788701,Phrase,1,9.41251
12.325664,13.840782,Phrase,0,9.899823
11.893743,14.876053,Phrase,2,10.160624
13.966991,13.518318,Phrase,1,11.200387
11.791924,13.073055,Phrase,2,9.324261
13.879876,13.915593,Phrase,0,10.567128
14.567977,14.730079,Phrase,0,9.535922
14.663767,11.529847,Phrase,1,7.1957784
-2.57414,6.5401735,Phrase,1,9.208694
14.49698,13.605838,Phrase,0,9.612265
13.786612,12.813127,Phrase,0,8.455293
11.351234,16.762146,Phrase,3,11.743343
13.047154,15.233986,Phrase,0,11.169258
12.501091,13.851086,Phrase,2,11.265799
11.912002,14.263156,Phrase,3,11.083924
14.228997,13.873408,Phrase,0,11.69894
13.65789,12.896261,Phrase,2,10.19092
12.961654,13.769984,Phrase,2,10.022949
14.205547,13.288227,Phrase,1,10.580805
12.63662,14.401736,Phrase,2,8.952932
15.838552,13.454589,Phrase,1,10.007063
13.239226,14.3524,Phrase,2,9.32999
13.441974,13.696454,Phrase,1,10.213723
14.15402,13.978534,Phrase,0,10.778574
14.791733,13.336907,Phrase,1,9.734437
12.280816,12.246282,Phrase,1,10.00212
12.86433,14.007916,Phrase,2,9.51314
12.7959385,13.246654,Phrase,2,10.80141
13.397123,14.068359,Phrase,0,10.852472
11.617562,16.19893,Phrase,3,11.149582
13.032301,13.027487,Phrase,1,9.679542
14.169909,12.648761,Phrase,1,10.040988
11.250093,12.090213,Phrase,2,8.834811
11.543973,14.653238,Phrase,3,10.901653
12.36618,14.456078,Phrase,1,10.186405
11.757427,16.842276,Phrase,3,11.18628
12.294839,15.612342,Phrase,1,11.089056
15.108965,13.518026,Phrase,1,10.221855
12.210648,16.774992,Phrase,3,12.022567
13.453103,13.17605,Phrase,2,9.89118
13.392986,15.846291,Phrase,0,8.862378
13.8613825,13.105515,Phrase,1,11.705522
12.642779,13.350963,Phrase,2,10.415288
11.928278,15.912995,Phrase,3,11.33865
13.435116,13.184361,Phrase,2,10.530985
12.027,15.709362,Phrase,3,11.033369
11.554838,16.737375,Phrase,3,11.453527
12.285271,13.259355,Phrase,2,10.115722
12.539172,16.046013,Phrase,3,11.428056
11.610035,14.435353,Phrase,2,10.402439
11.601439,13.38005,Phrase,3,10.059805
11.736587,15.989623,Phrase,3,11.399813
13.451078,14.122693,Phrase,0,9.593264
14.109338,14.658091,Phrase,0,10.757308
11.61437,13.0536375,Phrase,2,9.114051
11.944175,11.925602,Phrase,1,9.2734
13.097908,13.785462,Phrase,2,10.31152
13.428038,14.0728245,Phrase,0,11.061508
12.564707,13.156472,Phrase,0,11.233683
11.732526,13.521308,Phrase,2,9.68009
12.83531,14.897041,Phrase,0,11.133068
11.779003,14.580748,Phrase,3,11.380737
14.062289,13.931285,Phrase,2,11.848839
13.388269,13.643909,Phrase,0,10.781119
12.407078,14.33186,Phrase,1,11.136892
13.302746,13.592738,Phrase,2,10.328815
11.42323,16.626072,Phrase,3,11.766017
13.606445,12.574725,Phrase,2,9.13171
13.309417,14.465666,Phrase,0,11.4486475
-2.5650425,6.548757,Phrase,1,9.217778
12.051115,15.652003,Phrase,3,10.524787
12.282928,17.085388,Phrase,3,11.585261
11.458675,15.514026,Phrase,0,10.575675
11.700543,14.440209,Phrase,0,10.637903
12.23185,12.909588,Phrase,2,11.097364
11.861094,13.790411,Phrase,2,10.238875
14.515977,11.748813,Phrase,2,7.317942
13.109675,15.0860195,Phrase,2,9.71706
12.848511,14.205613,Phrase,0,9.675305
11.008195,12.178561,Phrase,1,9.028187
13.979956,15.358849,Phrase,0,10.852005
11.7111025,12.062278,Phrase,1,9.457538
13.582087,13.605923,Phrase,1,11.067198
12.393916,14.099863,Phrase,1,11.221411
12.509183,13.9629345,Phrase,2,10.115248
12.127065,14.276608,Phrase,0,10.971247
12.483392,16.971674,Phrase,3,11.485432
12.018993,12.776403,Phrase,2,11.031204
14.441299,14.977299,Phrase,1,11.157223
12.232308,15.117915,Phrase,2,10.227995
11.594355,16.693813,Phrase,3,10.971787
12.753083,13.736777,Phrase,2,8.684294
13.208611,13.860653,Phrase,2,10.650654
11.54935,17.087114,Phrase,3,11.207831
11.896185,17.204807,Phrase,3,11.788221
13.505696,13.481811,Phrase,2,9.621695
12.529884,14.272452,Phrase,2,11.023096
12.052688,12.7298565,Phrase,2,10.988255
14.654064,13.695609,Phrase,1,9.172617
14.914282,14.059122,Phrase,2,10.972525
13.005703,13.83563,Phrase,0,9.805897
12.118376,16.714622,Phrase,3,11.940046
14.675045,14.36913,Phrase,1,10.037665
11.574466,16.65684,Phrase,3,11.473236
12.1540985,17.032299,Phrase,3,11.460229
13.437623,14.45006,Phrase,0,11.157959
13.452764,12.821563,Phrase,0,10.271096
11.883386,16.393988,Phrase,3,10.473025
13.6503935,13.9296465,Phrase,0,10.593835
12.30226,16.44782,Phrase,3,11.474054
12.86875,14.051379,Phrase,0,10.475639
14.082068,13.828829,Phrase,1,11.65959
12.9159775,13.347864,Phrase,2,10.327287
12.769788,17.2707,Phrase,3,11.063918
13.632499,13.93227,Phrase,2,10.459794
14.147461,14.984684,Phrase,0,10.497708
14.56994,15.571491,Phrase,0,10.83208
11.7088785,16.205437,Phrase,3,11.043365
13.095493,13.897478,Phrase,0,9.626383
12.1216345,17.151031,Phrase,3,11.4952135
13.501578,14.70189,Phrase,0,10.733357
13.552696,13.586167,Phrase,2,9.022911
12.662599,14.831681,Phrase,2,11.439256
13.3113985,15.072942,Phrase,0,11.018413
13.871869,13.022261,Phrase,1,10.876585
12.120671,12.748577,Phrase,2,11.107489
13.7631,12.174795,Phrase,0,8.488267
12.016401,13.195059,Phrase,2,8.737276
13.738737,13.0357685,Phrase,1,11.606158
13.739279,13.887597,Phrase,0,10.304976
13.7658415,12.169439,Phrase,0,8.491739
13.859222,16.309818,Phrase,0,10.503232
13.680838,11.664355,Phrase,2,9.028615
13.566516,14.163317,Phrase,0,10.86352
11.751486,13.596435,Phrase,2,9.26696
14.332998,12.928167,Phrase,2,10.049017
11.990577,12.757608,Phrase,2,10.719575
14.244659,15.491994,Phrase,0,11.431203
15.247798,13.004527,Phrase,1,9.916802
13.649377,15.604091,Phrase,0,10.924006
12.899564,14.482261,Phrase,0,11.173378
13.152256,13.435166,Phrase,2,11.125321
12.205459,14.193162,Phrase,2,10.445139
13.885712,14.644992,Phrase,0,11.4001045
14.778876,14.283572,Phrase,0,11.134623
13.00102,13.4122095,Phrase,0,11.219465
14.507897,14.8842,Phrase,0,10.904253
14.595431,14.846354,Phrase,0,11.478628
14.3605585,13.680138,Phrase,0,9.342964
13.912218,13.128812,Phrase,1,11.3353615
14.688576,13.816263,Phrase,1,9.996744
13.884755,12.662076,Phrase,2,9.705025
13.55671,14.870897,Phrase,0,10.794313
12.66855,14.821378,Phrase,2,10.823149
13.326255,15.429589,Phrase,0,10.997066
14.270842,14.032343,Phrase,2,11.811039
13.109219,14.670418,Phrase,0,11.649617
13.078311,13.767298,Phrase,2,10.28417
14.308553,15.593419,Phrase,2,9.317231
11.573608,12.034063,Phrase,1,9.249959
14.130028,13.75571,Phrase,0,10.600441
13.926926,13.388984,Phrase,0,10.433725
12.968299,13.388863,Phrase,2,10.394935
13.424497,13.263164,Phrase,2,7.6064987
14.5011835,11.72806,Phrase,0,7.273756
13.68843,13.739199,Phrase,2,9.327779
13.420749,14.301561,Phrase,0,9.947677
14.0946045,13.924459,Phrase,0,10.831213
12.774405,17.265068,Phrase,3,11.27473
11.316556,16.169523,Phrase,3,11.027318
12.200108,13.925942,Phrase,2,11.195593
12.2641735,14.6642475,Phrase,2,10.28266
13.706006,14.103455,Phrase,0,10.723675
12.512577,15.345297,Phrase,2,12.0522175
13.386986,14.266923,Phrase,0,11.217336
13.034487,14.016329,Phrase,2,10.581578
13.3811865,16.839329,Phrase,3,11.018171
14.357385,14.2156515,Phrase,0,11.137328
14.111606,12.584007,Phrase,1,9.98998
13.004892,14.255686,Phrase,2,9.597216
13.828592,15.49962,Phrase,0,11.473255
14.102501,14.734185,Phrase,0,10.748088
13.9867,12.84925,Phrase,1,7.460504
12.793432,13.733994,Phrase,2,9.412503
11.925932,13.513725,Phrase,1,10.036226
12.80994,13.211877,Phrase,2,10.529705
12.711934,13.153295,Phrase,2,10.497648
12.785584,15.088016,Phrase,0,11.223175
13.734283,13.635306,Phrase,2,9.900488
12.919011,14.183129,Phrase,3,11.447455
13.735902,15.042272,Phrase,0,10.303845
13.521967,16.31814,Phrase,0,11.374908
12.419447,14.798666,Phrase,0,10.715513
13.275157,12.978891,Phrase,2,9.195712
11.806577,14.913287,Phrase,0,10.818568
11.404289,16.580624,Phrase,3,11.819901
12.550424,17.366386,Phrase,3,11.28117
12.084705,14.0971365,Phrase,2,9.448287
13.047773,14.005478,Phrase,2,8.655285
14.661355,14.48308,Phrase,0,10.107851
13.98233,12.608519,Phrase,2,8.490874
13.455618,14.520633,Phrase,0,10.750869
13.04125,12.665608,Phrase,1,10.736783
14.52636,13.628511,Phrase,2,9.613895
11.652116,16.401548,Phrase,3,11.755448
13.231878,14.7083845,Phrase,0,11.684319
14.32394,14.233944,Phrase,0,11.74484
11.679853,13.337453,Phrase,2,8.749564
13.9162035,13.706808,Phrase,0,9.085229
12.7979965,12.473668,Phrase,1,10.221179
14.336703,15.56653,Phrase,0,11.514669
12.285043,16.887424,Phrase,3,11.547077
12.307795,13.360266,Phrase,0,10.798306
12.704044,13.738568,Phrase,2,8.374339
12.379112,13.844928,Phrase,0,10.406197
11.809198,16.043116,Phrase,3,11.297385
13.131123,11.856089,Phrase,1,11.377333
12.049551,17.258135,Phrase,3,11.274599
12.677258,14.925381,Phrase,0,10.013806
12.29549,16.819172,Phrase,3,11.091889
14.163567,14.672158,Phrase,0,11.195496
13.893269,13.635133,Phrase,1,11.14806
13.057922,13.703332,Phrase,2,10.059566
12.62702,15.5091505,Phrase,0,10.661979
11.9925375,12.76216,Phrase,2,10.974112
14.246429,13.804589,Phrase,1,9.651212
12.141536,16.957106,Phrase,3,11.276094
11.713104,13.581868,Phrase,1,10.322027
12.489809,15.266814,Phrase,3,11.530572
15.566871,12.243647,Phrase,1,10.108
13.571354,15.279344,Phrase,0,11.415942
13.984526,12.343839,Phrase,1,9.719411
13.776063,13.99132,Phrase,0,10.352498
13.176762,14.00709,Phrase,2,11.1742
13.547236,12.747118,Phrase,1,10.387086
13.455536,13.271556,Phrase,2,9.47663
14.257689,14.637648,Phrase,0,10.520449
14.227256,13.632798,Phrase,2,9.317133
11.558613,16.584,Phrase,3,11.982133
11.592779,13.003555,Phrase,2,9.27333
13.41646,14.190952,Phrase,0,11.416785
12.121321,16.587717,Phrase,3,12.189325
12.387381,16.0008,Phrase,3,11.703954
14.410763,14.611362,Phrase,0,11.31031
13.924168,13.612052,Phrase,0,10.632153
14.393747,13.746047,Phrase,1,11.761941
11.817336,16.345661,Phrase,3,11.057454
12.0286255,13.703712,Phrase,1,10.087866
13.866783,13.7985935,Phrase,0,10.239548
13.7707405,13.231501,Phrase,1,9.640377
13.829685,12.509295,Phrase,1,9.751559
13.5088415,13.711114,Phrase,1,12.20373
13.950566,13.899517,Phrase,0,10.232933
15.069546,13.732947,Phrase,1,10.393931
13.665976,12.718424,Phrase,0,7.3832417
13.685251,15.397007,Phrase,2,9.872275
13.203806,12.765854,Phrase,1,11.066216
13.199968,12.600023,Phrase,0,11.209766
13.471069,13.816669,Phrase,0,10.528758
14.247989,14.243774,Phrase,0,9.473167
12.765275,15.375105,Phrase,1,12.401516
13.523044,13.448879,Phrase,0,10.919833
14.169265,12.199269,Phrase,2,9.6750145
11.953376,13.124879,Phrase,2,8.590165
13.555883,16.10575,Phrase,1,11.421413
15.6678295,13.47903,Phrase,1,10.005426
11.630611,16.459717,Phrase,3,11.352165
13.122106,12.478611,Phrase,2,10.243674
15.149452,13.7084675,Phrase,0,10.263863
11.847639,16.31719,Phrase,3,11.43896
13.224445,14.383085,Phrase,0,9.005553
12.015287,14.371991,Phrase,0,11.622559
13.054843,13.17354,Phrase,0,10.306336
14.917086,13.062429,Phrase,0,11.1005945
12.128211,14.236595,Phrase,0,9.859539
13.635941,12.23511,Phrase,0,10.754814
13.9920635,13.4253845,Phrase,0,10.425009
12.168802,14.005179,Phrase,3,11.265931
15.392291,12.922494,Phrase,1,10.074178
12.659335,13.953434,Phrase,2,8.879989
12.179376,17.301825,Phrase,3,11.471416
14.101721,12.060242,Phrase,1,9.522141
11.938292,14.010744,Phrase,0,11.061667
14.122036,14.864972,Phrase,1,11.241247
14.224348,14.39624,Phrase,0,9.645665
14.704446,14.691057,Phrase,0,11.540164
11.307042,15.953207,Phrase,3,11.114831
12.8643465,15.208384,Phrase,0,12.272034
13.769309,14.338089,Phrase,0,11.441925
11.631046,12.126832,Phrase,1,9.017807
12.900805,14.163516,Phrase,2,8.910052
13.937683,13.263041,Phrase,2,10.184047
14.371694,12.911159,Phrase,2,9.483404
12.320674,13.499932,Phrase,1,10.118861
13.414407,13.513556,Phrase,2,9.219031
12.186987,12.765962,Phrase,2,11.045595
12.173976,13.844955,Phrase,0,10.325836
12.141516,12.860508,Phrase,2,10.844785
12.954506,16.428404,Phrase,0,11.514403
14.337967,15.59421,Phrase,1,11.513622
13.785152,14.744027,Phrase,0,11.111078
12.035599,13.839185,Phrase,2,9.098973
12.481153,13.750824,Phrase,0,10.055769
14.1848755,13.128252,Phrase,2,7.8952026
13.338363,14.450643,Phrase,0,10.925814
13.405377,14.601054,Phrase,0,11.433702
12.870798,17.224028,Phrase,3,11.102648
15.34593,11.366669,Phrase,0,7.8885
14.851508,12.94834,Phrase,1,9.91692
12.408757,16.735489,Phrase,3,11.597209
11.46744,12.44239,Phrase,2,9.415337
13.926428,12.667927,Phrase,1,10.501994
14.081569,15.735545,Phrase,3,11.424798
14.113468,12.696537,Phrase,1,10.0698185
13.500127,14.504459,Phrase,0,10.274427
13.085708,14.969462,Phrase,0,10.886718
13.875249,14.912152,Phrase,0,11.251255
14.97879,10.538552,Phrase,1,9.759339
12.869064,10.188932,Phrase,2,13.401182
12.015011,14.172387,Phrase,2,10.554462
12.884604,12.791081,Phrase,0,10.421249
12.944516,14.566419,Phrase,1,10.775882
13.408496,13.955923,Phrase,0,11.416042
12.218019,14.305158,Phrase,2,10.850339
13.055072,12.286067,Phrase,2,10.847392
12.168468,13.066822,Phrase,2,8.906882
12.14919,16.724548,Phrase,3,11.836353
11.326913,11.81813,Phrase,1,8.958405
14.931485,13.299308,Phrase,1,10.286807
13.326306,15.240751,Phrase,0,11.488407
13.714581,12.656661,Phrase,1,10.301001
11.788014,16.660658,Phrase,3,11.241304
15.104142,12.687337,Phrase,1,9.826056
12.83241,15.070871,Phrase,3,11.365877
13.118415,14.925823,Phrase,0,11.0380945
-2.5695596,6.544703,Phrase,1,9.214311
13.537386,14.219819,Phrase,0,9.714523
12.534544,15.890358,Phrase,2,9.746609
14.1040745,13.10554,Phrase,2,10.219801
13.851044,13.4858465,Phrase,0,10.626812
12.19923,15.657232,Phrase,1,12.238972
13.07486,14.228685,Phrase,2,10.107524
11.62595,16.32433,Phrase,3,11.454272
11.805739,16.449465,Phrase,3,10.648642
13.129999,14.560497,Phrase,0,11.06966
13.363803,15.284731,Phrase,0,10.392412
13.096359,13.544793,Phrase,0,9.9556875
14.4198,14.190425,Phrase,2,10.122592
12.911885,13.923323,Phrase,1,11.049572
13.67418,14.214148,Phrase,0,11.001775
15.341711,11.367323,Phrase,0,7.886221
13.94477,13.646648,Phrase,0,10.58396
14.552695,14.71365,Phrase,0,10.389602
14.537554,14.810264,Phrase,0,11.346633
14.061983,13.142095,Phrase,0,10.007375
13.0028925,16.663734,Phrase,3,10.976766
12.173291,12.8750515,Phrase,2,11.217363
11.904027,16.471361,Phrase,3,10.881253
12.913283,12.6911125,Phrase,1,10.130195
14.26423,13.700778,Phrase,3,9.991098
13.393835,14.485881,Phrase,0,11.589098
13.596659,13.153007,Phrase,2,8.703095
13.416018,13.133593,Phrase,2,10.429961
12.304258,14.084994,Phrase,2,9.335662
12.200619,16.85322,Phrase,3,11.455546
12.936026,13.819899,Phrase,2,8.87041
12.891466,13.874933,Phrase,2,8.899368
11.581745,16.568865,Phrase,3,11.059241
12.456749,16.980095,Phrase,3,11.360085
14.384122,14.635637,Phrase,1,11.066069
14.130219,13.080636,Phrase,1,11.556368
14.962419,13.781164,Phrase,1,10.164859
12.746131,15.218978,Phrase,0,10.715821
13.90248,15.238508,Phrase,0,10.985179
14.894201,13.769713,Phrase,1,11.547913
12.524642,13.368637,Phrase,2,10.473406
12.512869,13.871013,Phrase,2,9.914848
14.34239,13.071207,Phrase,1,11.841903
13.762241,13.802695,Phrase,2,9.284385
13.445822,12.742828,Phrase,1,10.253698
12.005372,16.731474,Phrase,3,11.047986
15.273871,14.134442,Phrase,1,9.71536
14.238,13.671746,Phrase,2,10.852494
13.018739,13.765356,Phrase,2,8.986181
14.31954,13.118661,Phrase,1,11.786706
-2.5668142,6.5482635,Phrase,1,9.218649
12.4023285,15.195827,Phrase,1,11.460886
13.723397,13.970493,Phrase,0,11.247173
13.6166935,13.9051485,Phrase,0,9.761758
13.219582,13.780757,Phrase,2,10.057689
12.086691,16.317244,Phrase,3,11.502912
13.1983185,13.859678,Phrase,0,11.032904
14.286404,13.96669,Phrase,0,9.717569
13.6527405,13.399783,Phrase,0,8.992084
13.423165,13.685653,Phrase,2,9.634936
11.860433,11.985445,Phrase,2,9.019202
13.182158,13.282422,Phrase,2,8.964652
12.301214,14.200941,Phrase,2,9.182852
14.344489,12.514601,Phrase,0,8.522737
13.224802,12.582213,Phrase,0,11.093511
12.356574,14.94292,Phrase,2,10.38491
14.351741,12.538924,Phrase,2,10.019667
13.290637,13.300152,Phrase,1,10.352499
11.510515,13.599068,Phrase,2,8.977007
13.505098,13.640257,Phrase,0,10.768803
14.003879,13.902349,Phrase,0,10.729893
11.904484,13.883878,Phrase,2,11.100254
13.004837,13.678624,Phrase,2,10.3644285
12.181637,16.752771,Phrase,3,11.693719
11.4560175,16.764044,Phrase,3,11.630064
12.102293,12.658565,Phrase,2,11.106851
14.907391,12.951634,Phrase,2,9.190478
11.460378,13.92657,Phrase,2,9.123211
14.603873,13.15767,Phrase,1,10.2729225
13.945887,15.648845,Phrase,0,10.451565
12.252516,16.767637,Phrase,3,11.553161
13.176114,13.889161,Phrase,0,9.641908
12.659314,12.735556,Phrase,2,9.11151
15.267505,12.964843,Phrase,1,10.13123
13.868776,14.656073,Phrase,0,11.171102
13.9252,13.564103,Phrase,1,9.8609295
13.993468,14.707337,Phrase,0,10.903233
13.098669,14.557438,Phrase,0,9.647009
14.5246105,14.133567,Phrase,0,11.327724
12.99716,12.96554,Phrase,2,9.284677
11.50626,16.870003,Phrase,3,10.836683
12.1958885,13.653777,Phrase,1,10.070043
10.937083,14.800736,Phrase,2,10.094361
11.544893,12.099007,Phrase,1,9.434594
13.33556,14.5849085,Phrase,0,11.346792
12.377382,14.983328,Phrase,2,10.66955
13.371871,13.415861,Phrase,2,9.375346
13.772482,14.770498,Phrase,0,11.332171
12.859146,16.539352,Phrase,2,11.635631
12.8884115,14.396439,Phrase,0,10.291749
13.727466,14.264341,Phrase,0,10.87826
12.067095,16.21596,Phrase,3,11.541343
13.621153,14.194733,Phrase,0,10.928435
14.095031,12.734128,Phrase,2,9.075943
12.42874,17.274534,Phrase,3,11.3379965
13.813171,14.408125,Phrase,0,10.883846
13.172548,13.604125,Phrase,0,10.674271
11.853898,15.512723,Phrase,0,10.720835
12.125177,15.563453,Phrase,0,10.150328
13.705143,13.139408,Phrase,0,11.3914585
12.032998,14.463897,Phrase,0,11.041075
12.211928,15.0295515,Phrase,0,11.045708
13.335456,13.470902,Phrase,2,9.228665
13.370626,14.382921,Phrase,0,11.43307
13.413795,13.942962,Phrase,0,9.32624
13.30855,12.9022875,Phrase,0,11.082323
15.371163,11.363673,Phrase,0,7.8955083
12.204852,15.323766,Phrase,0,10.816971
11.911435,12.082217,Phrase,2,9.290755
13.386069,14.047349,Phrase,0,10.335576
14.17232,13.849317,Phrase,0,9.551441
13.525843,13.523184,Phrase,1,11.406482
13.511929,13.65313,Phrase,1,12.210903
14.967549,13.071934,Phrase,1,9.86889
13.907792,13.53425,Phrase,2,11.595449
13.999907,13.66031,Phrase,2,10.538483
14.984849,13.457165,Phrase,1,10.873308
14.778977,12.89239,Phrase,0,9.79624
11.621338,14.351327,Phrase,0,10.447027
13.986069,12.600878,Phrase,2,8.73112
13.602823,13.656725,Phrase,0,11.047228
12.630892,14.661537,Phrase,2,9.250308
13.008781,13.2349615,Phrase,2,10.270514
12.566908,16.877544,Phrase,3,11.294667
14.453729,13.22596,Phrase,0,10.514687
12.697455,12.481151,Phrase,1,9.143453
12.6642885,15.4827,Phrase,3,12.383136
12.538017,17.33347,Phrase,3,11.421024
11.572813,17.234829,Phrase,3,11.245529
12.999286,14.470916,Phrase,0,11.017544
14.530348,13.732876,Phrase,1,11.514627
11.896295,12.996339,Phrase,2,10.135795
12.1840105,12.87257,Phrase,2,11.058846
13.274118,14.332123,Phrase,0,10.66269
14.095748,13.757836,Phrase,2,10.075019
13.332374,14.515507,Phrase,0,10.522206
13.312572,13.077395,Phrase,0,9.774211
12.091329,14.284047,Phrase,0,10.696962
12.006538,14.129125,Phrase,2,11.053235
14.588191,13.841802,Phrase,1,8.761233
12.804698,14.57132,Phrase,0,11.392387
11.367098,16.458157,Phrase,3,11.094625
13.118435,13.455325,Phrase,2,10.788679
11.592674,14.851198,Phrase,0,10.534063
11.196433,16.184664,Phrase,3,10.846127
12.4425535,14.490186,Phrase,3,10.729726
11.915918,14.784882,Phrase,2,10.167349
14.334255,13.0662985,Phrase,1,11.828447
13.038041,13.708601,Phrase,2,8.92961
13.975849,14.027656,Phrase,0,10.881991
14.008345,12.63572,Phrase,2,10.047047
11.843883,16.851145,Phrase,3,11.408563
11.844693,14.922339,Phrase,2,10.220727
14.252309,14.983852,Phrase,0,9.46163
13.920431,14.220938,Phrase,0,11.609154
13.445277,13.79752,Phrase,1,11.505663
12.226414,15.1676035,Phrase,1,11.385577
15.391086,12.854006,Phrase,1,10.111449
12.59519,17.169613,Phrase,3,11.372443
14.188326,15.080572,Phrase,0,10.5557165
12.504614,16.523928,Phrase,3,11.472539
13.219414,14.905316,Phrase,0,10.9115095
14.398586,14.014942,Phrase,2,9.5976715
14.81149,13.371982,Phrase,1,11.058279
14.389214,14.593501,Phrase,0,9.875989
14.103683,12.031342,Phrase,1,9.50191
12.904997,13.919232,Phrase,0,10.416965
13.057676,14.517999,Phrase,0,11.186099
12.606569,13.234049,Phrase,2,11.205049
12.002533,12.788673,Phrase,2,10.85869
11.865081,13.906228,Phrase,2,10.546315
12.3482,15.400376,Phrase,0,10.851477
14.127867,14.347963,Phrase,2,9.742936
12.695532,14.155779,Phrase,2,10.123889
14.487212,14.072772,Phrase,0,11.05468
12.085377,15.069933,Phrase,0,9.967295
14.164815,13.357306,Phrase,2,9.974802
15.034076,12.98771,Phrase,1,9.916591
13.090608,14.418739,Phrase,0,10.626613
12.0645075,13.136387,Phrase,2,9.139363
12.59913,12.9341955,Phrase,2,9.488911
12.236847,12.975387,Phrase,2,11.219418
12.422212,14.914331,Phrase,1,11.338234
13.721075,12.248641,Phrase,0,7.140205
12.233586,17.209524,Phrase,3,11.4692135
12.105322,16.388735,Phrase,2,12.679974
13.191628,13.68742,Phrase,0,9.858937
15.568251,12.257026,Phrase,1,10.109609
13.194524,12.266334,Phrase,0,11.129076
12.236611,12.940017,Phrase,2,11.023385
14.26115,13.157637,Phrase,0,7.9559817
13.459231,14.561613,Phrase,0,11.357651
14.808717,13.727156,Phrase,0,9.891436
14.054164,12.594511,Phrase,1,9.693679
13.606518,12.822048,Phrase,1,10.375882
13.933921,14.36134,Phrase,0,10.544913
12.305841,13.492892,Phrase,2,10.99273
13.146882,13.182385,Phrase,2,7.8061514
12.9965515,14.290716,Phrase,2,10.07616
13.317152,14.801943,Phrase,0,11.24436
12.553102,13.833145,Phrase,2,10.544112
12.266491,13.160094,Phrase,2,11.2981825
15.009383,13.392806,Phrase,1,10.252756
13.43591,13.720611,Phrase,2,9.731453
13.958406,15.368747,Phrase,1,10.894584
11.644192,14.669979,Phrase,0,10.793801
13.92993,13.162879,Phrase,2,10.653916
11.235986,15.7031355,Phrase,3,10.822871
13.634931,14.120886,Phrase,0,11.73501
11.9201145,17.273224,Phrase,3,11.399687
13.436541,14.682187,Phrase,0,11.018067
13.1512,13.64927,Phrase,0,10.111238
13.068721,12.331476,Phrase,0,10.9064245
12.305917,15.986639,Phrase,3,10.373353
14.642719,14.859255,Phrase,0,11.491479
12.074053,14.292301,Phrase,2,9.531184
12.782361,14.655854,Phrase,0,10.741179
11.614051,16.63743,Phrase,3,11.446303
13.243624,13.673081,Phrase,0,10.027376
11.879945,13.932763,Phrase,2,10.632191
14.267748,13.977622,Phrase,2,9.694242
13.303869,14.459414,Phrase,0,11.512938
14.551189,13.915496,Phrase,2,8.7225895
12.905505,17.212265,Phrase,0,10.928271
13.303001,14.948289,Phrase,0,10.861104
13.450628,13.580773,Phrase,0,10.771748
14.628385,14.683624,Phrase,0,10.332513
12.355217,13.810167,Phrase,0,10.322513
14.051087,13.568235,Phrase,0,11.750762
14.596878,13.841499,Phrase,1,11.537317
13.129565,11.8298025,Phrase,1,11.39152
14.670072,14.088335,Phrase,0,10.171964
13.313485,15.293637,Phrase,0,11.523452
12.628935,16.50085,Phrase,3,11.507695
14.986941,14.261369,Phrase,1,9.37031
11.51963,14.708539,Phrase,2,10.852698
13.927832,16.549366,Phrase,1,11.012263
11.845912,17.176342,Phrase,3,11.28473
11.882654,14.64215,Phrase,2,8.07489
13.189856,14.94522,Phrase,0,11.082838
13.63749,14.642244,Phrase,0,11.36669
14.287495,14.916507,Phrase,0,10.898584
12.371461,15.75209,Phrase,0,10.483084
14.473036,13.938008,Phrase,0,11.226073
13.883606,14.011204,Phrase,2,9.762332
14.3648615,13.064842,Phrase,1,10.677275
14.846208,14.013895,Phrase,2,11.35848
12.977006,14.903814,Phrase,1,12.862588
15.463093,13.409464,Phrase,1,9.872487
13.109202,14.20253,Phrase,0,10.86897
13.906117,13.56804,Phrase,0,10.915626
11.507221,13.664534,Phrase,2,9.194723
13.99174,12.6166115,Phrase,1,9.8150625
9.643801,8.126109,Phrase,1,15.0472145
12.691768,13.571358,Phrase,2,11.212121
13.378174,13.243941,Phrase,2,9.616482
13.49239,12.786404,Phrase,0,10.251692
15.522929,13.448792,Phrase,1,9.847117
12.770372,17.31269,Phrase,3,11.16481
13.001402,13.491262,Phrase,2,8.869955
14.818902,13.486146,Phrase,1,11.666414
13.068218,15.351409,Phrase,2,10.869958
12.205323,15.859324,Phrase,2,10.013822
12.084018,17.38993,Phrase,3,11.479135
13.855747,13.720872,Phrase,0,11.006675
14.3787565,13.184684,Phrase,1,10.174402
13.531207,12.695001,Phrase,1,10.278146
12.05544,16.472576,Phrase,3,11.273671
13.9190855,14.963689,Phrase,3,11.497835
13.462673,13.449381,Phrase,2,10.277808
15.187402,13.036008,Phrase,1,9.922867
11.984806,14.345351,Phrase,2,11.563856
11.38405,16.601845,Phrase,3,11.627826
13.353459,14.001526,Phrase,0,10.247205
13.167784,13.669967,Phrase,2,8.996941
14.237652,13.945671,Phrase,0,10.7263155
13.605109,16.210371,Phrase,2,11.42682
10.87884,12.368517,Phrase,1,9.253892
11.600145,16.589798,Phrase,3,11.235485
13.854941,13.922278,Phrase,0,10.610348
11.990914,17.250416,Phrase,3,11.399826
-2.565362,6.5485163,Phrase,1,9.217645
13.749656,14.1206455,Phrase,0,11.164627
13.123754,12.333763,Phrase,0,11.151481
14.009331,13.146117,Phrase,0,9.885782
14.374485,14.688409,Phrase,0,9.57396
11.787992,17.148958,Phrase,3,10.978521
11.872028,14.2912245,Phrase,2,10.392762
11.533517,15.591126,Phrase,2,10.613278
12.542593,14.78034,Phrase,0,11.038894
11.905435,17.07102,Phrase,3,11.235598
12.170885,13.047858,Phrase,2,8.660473
14.712965,14.204055,Phrase,1,10.3770075
13.506406,14.486607,Phrase,2,10.559417
11.946502,12.26118,Phrase,2,8.854674
11.516968,15.988028,Phrase,3,11.59586
13.266074,13.925677,Phrase,2,9.448407
13.037358,14.03628,Phrase,2,8.91844
13.927747,13.462817,Phrase,0,9.269703
12.547463,14.109696,Phrase,2,9.937153
12.133527,12.878812,Phrase,2,10.874805
11.940494,16.319143,Phrase,3,11.743003
11.371819,16.480347,Phrase,2,12.103864
13.4417515,14.779589,Phrase,0,11.147254
14.03307,15.097344,Phrase,1,11.705691
14.737449,13.005592,Phrase,1,10.310292
13.95931,13.931978,Phrase,0,10.941601
11.125611,16.138832,Phrase,3,10.838612
12.876531,12.059363,Phrase,1,10.855854
11.581685,14.764401,Phrase,3,10.879583
12.701653,15.451175,Phrase,3,12.404557
14.223824,13.5724945,Phrase,1,10.767057
13.773792,13.852827,Phrase,0,11.3301525
13.9064665,12.715996,Phrase,0,9.202681
13.76493,15.40774,Phrase,0,10.764074
12.710302,13.298382,Phrase,2,10.485373
12.571162,15.106426,Phrase,0,10.116007
12.969418,13.942704,Phrase,0,9.553753
13.572137,14.264032,Phrase,0,10.783903
15.709983,13.660818,Phrase,0,10.084488
12.5647745,16.425207,Phrase,3,11.562289
12.454617,16.555592,Phrase,3,11.534534
14.104731,14.592761,Phrase,0,11.186592
12.5643635,13.34877,Phrase,2,10.544821
14.442487,13.981781,Phrase,0,10.222197
11.755054,14.119293,Phrase,0,10.402677
12.536057,15.542001,Phrase,0,10.659062
13.354712,13.632382,Phrase,2,10.778209
12.334632,14.088432,Phrase,2,9.034543
13.377369,14.389432,Phrase,0,11.192224
13.794424,14.113257,Phrase,0,10.48323
13.388217,15.101416,Phrase,0,9.48041
12.67617,13.96951,Phrase,0,10.5737295
11.984196,17.084736,Phrase,3,11.705662
14.366549,13.0805645,Phrase,1,10.708998
12.552078,15.865693,Phrase,3,12.01026
12.855349,13.488325,Phrase,2,9.205238
15.336135,11.289734,Phrase,2,9.217991
13.880588,13.738584,Phrase,1,11.755556
12.19229,13.771478,Phrase,2,10.373178
13.601982,14.795916,Phrase,0,10.38542
11.842073,13.790299,Phrase,2,9.459236
15.250372,12.950354,Phrase,1,10.598924
15.057003,13.619755,Phrase,1,10.312591
12.412867,14.149999,Phrase,0,10.196939
13.929309,14.319221,Phrase,0,9.835899
13.501408,13.300192,Phrase,2,9.534891
11.288896,15.838558,Phrase,3,10.755462
12.020708,14.353028,Phrase,2,11.58388
14.266136,13.417627,Phrase,2,10.710555
11.739796,14.165393,Phrase,3,10.678478
11.181168,16.154448,Phrase,3,10.975852
12.6923275,12.774962,Phrase,2,11.116787
14.247267,15.396986,Phrase,0,10.857873
12.088096,15.551159,Phrase,0,10.940941
15.164442,13.684474,Phrase,1,10.474622
13.344849,14.376846,Phrase,2,9.111229
14.524796,12.459277,Phrase,1,10.020821
13.868415,13.747279,Phrase,0,10.945806
13.396399,14.665867,Phrase,0,10.487168
14.381459,13.082196,Phrase,1,10.580942
13.631683,16.244226,Phrase,0,11.361092
12.4767475,15.72096,Phrase,0,11.052716
13.619761,13.339806,Phrase,2,9.142248
14.249607,13.14884,Phrase,1,11.769833
11.939131,14.157366,Phrase,0,10.953088
13.18411,14.990131,Phrase,0,11.651769
13.435971,13.694095,Phrase,0,10.714689
13.693261,14.326232,Phrase,0,10.825086
14.1695385,14.970242,Phrase,0,11.202465
13.12646,13.358602,Phrase,1,10.527867
13.891264,14.287559,Phrase,0,11.236474
11.969236,14.37443,Phrase,2,8.526055
-2.565257,6.548556,Phrase,1,9.217634
13.078014,13.719802,Phrase,2,9.084368
12.943408,13.286741,Phrase,2,10.722291
14.072873,13.412,Phrase,2,10.134276
15.238447,12.965156,Phrase,1,10.105551
12.251134,12.900342,Phrase,2,11.110696
12.4352045,16.52726,Phrase,3,11.680892
14.870411,13.211199,Phrase,1,10.0501375
13.744116,13.930987,Phrase,0,9.639327
13.775306,13.475003,Phrase,0,10.240043
14.042649,12.25193,Phrase,0,8.358113
13.673548,14.398903,Phrase,1,11.855954
12.279943,14.221686,Phrase,0,11.017484
14.6090555,13.019918,Phrase,2,9.765938
15.182121,13.590734,Phrase,1,10.191122
12.718424,14.590894,Phrase,0,11.465183
13.257577,14.413354,Phrase,2,9.323681
15.179798,13.895684,Phrase,1,10.28985
13.573473,12.912445,Phrase,2,10.25186
14.09654,13.701979,Phrase,2,9.465563
13.59623,16.179321,Phrase,0,11.478063
12.048605,16.56618,Phrase,3,11.606509
14.564368,14.255711,Phrase,1,11.350116
13.011851,13.676078,Phrase,2,9.084876
14.094758,14.910483,Phrase,0,11.044545
11.2405615,14.985308,Phrase,0,10.434213
15.142226,13.575198,Phrase,1,10.336097
12.005237,12.200295,Phrase,0,9.5633135
13.901524,14.583732,Phrase,0,11.230588
14.014669,13.564422,Phrase,1,11.982343
12.709098,15.286562,Phrase,0,10.906436
14.949233,10.531238,Phrase,1,9.728345
13.661583,13.48487,Phrase,0,10.702125
12.817938,17.342686,Phrase,3,11.066147
12.180927,16.861288,Phrase,3,11.304728
11.433493,16.415228,Phrase,3,11.559331
13.0515175,14.151338,Phrase,0,10.829038
12.031369,12.760341,Phrase,2,11.121737
12.659006,15.469557,Phrase,3,12.327946
14.158544,12.891301,Phrase,1,10.411832
13.641307,12.683939,Phrase,2,9.217702
13.980422,14.454385,Phrase,0,10.977852
12.15562,12.939494,Phrase,2,11.094588
12.8388405,13.400666,Phrase,2,9.684016
13.390005,14.397245,Phrase,0,11.33831
12.518637,12.509428,Phrase,2,10.077233
13.97156,13.321223,Phrase,2,9.409986
14.208415,12.534918,Phrase,1,9.971837
14.493224,13.0865965,Phrase,0,10.50221
12.0390835,12.124189,Phrase,2,8.74505
11.997006,14.074566,Phrase,2,11.236599
11.954231,13.842523,Phrase,2,10.575709
14.387708,15.379682,Phrase,0,11.474005
14.550415,14.404892,Phrase,1,9.9470005
13.61438,16.17255,Phrase,2,11.45838
11.722499,13.212328,Phrase,2,8.622174
14.121477,13.663533,Phrase,0,11.043316
10.884558,12.373391,Phrase,1,9.265568
13.09404,13.385848,Phrase,2,10.057884
13.627336,14.160628,Phrase,0,11.399533
13.951091,14.571369,Phrase,0,10.827093
11.921931,13.721562,Phrase,2,10.395702
13.9559965,15.114492,Phrase,0,11.7015505
11.639066,16.758669,Phrase,3,11.073908
13.536399,14.301398,Phrase,0,10.6183405
12.184619,13.996094,Phrase,2,11.2053175
12.101161,12.717676,Phrase,2,11.118127
11.874214,14.11277,Phrase,2,11.062002
12.187386,15.091587,Phrase,0,11.006477
13.25443,14.535689,Phrase,3,9.307335
11.25942,12.24282,Phrase,1,9.365541
13.838703,14.186405,Phrase,0,11.189726
11.519389,16.80168,Phrase,3,11.316508
13.772112,13.212916,Phrase,2,9.686612
12.691136,17.33727,Phrase,3,11.13505
14.388503,13.812557,Phrase,0,11.411401
14.2990055,14.857639,Phrase,2,8.990011
14.422059,14.457347,Phrase,0,9.593105
12.029029,14.338522,Phrase,2,11.644319
13.466237,15.28766,Phrase,1,11.837518
11.588867,16.72337,Phrase,3,10.740886
15.363309,11.263313,Phrase,2,9.191663
12.657628,13.789226,Phrase,2,8.457931
13.750782,12.499968,Phrase,2,10.821953
12.1388035,14.934544,Phrase,0,11.315211
12.277335,14.8770075,Phrase,0,10.983487
14.233194,13.613288,Phrase,0,11.390298
12.296236,12.920302,Phrase,2,11.178246
15.2405815,12.9241,Phrase,1,9.834835
14.669687,14.897608,Phrase,1,10.588013
11.362765,16.773056,Phrase,3,10.938356
12.992695,13.948751,Phrase,2,8.991158
12.108382,12.025752,Phrase,2,8.949552
11.938705,13.6216135,Phrase,2,9.136866
11.431179,13.721797,Phrase,2,8.887843
12.267322,15.007466,Phrase,2,10.330614
11.814268,12.563107,Phrase,2,9.480756
12.060994,16.50386,Phrase,3,11.475665
11.648868,16.339247,Phrase,3,11.179496
12.864885,14.789379,Phrase,0,10.080348
12.252683,13.017354,Phrase,2,10.965675
13.263111,13.726594,Phrase,0,9.874266
13.947762,15.905562,Phrase,0,9.582991
13.449698,13.650504,Phrase,2,9.472416
12.204756,17.177565,Phrase,3,11.585371
13.6660185,14.342371,Phrase,0,10.879181
11.720732,15.856837,Phrase,3,11.38508
12.359597,16.277853,Phrase,3,11.984073
12.066028,12.536472,Phrase,2,8.421145
12.59767,13.048655,Phrase,2,9.712633
14.359333,13.864745,Phrase,2,9.714018
13.9296875,14.63557,Phrase,0,11.261999
12.899731,13.793628,Phrase,2,9.498733
13.52518,12.719734,Phrase,1,10.333789
14.617026,14.506191,Phrase,1,10.00256
12.189384,12.778029,Phrase,2,11.152827
12.466296,16.05004,Phrase,3,11.923212
13.010077,14.857963,Phrase,1,12.794932
12.1672945,17.174885,Phrase,3,11.618856
11.2416115,15.0071125,Phrase,2,10.4231205
12.928542,12.994371,Phrase,1,9.619685
12.079803,13.865905,Phrase,2,8.547702
13.683668,13.421204,Phrase,0,11.530592
14.185249,15.616158,Phrase,0,11.263216
12.991614,14.493841,Phrase,0,11.054133
12.103901,13.250716,Phrase,2,9.6378145
12.190721,13.839709,Phrase,2,9.134788
14.724505,14.209415,Phrase,1,10.737486
12.470532,15.99913,Phrase,3,11.725969
11.957678,14.9884815,Phrase,1,10.983449
11.683396,13.544128,Phrase,2,9.7125025
13.793087,14.239205,Phrase,1,11.870954
12.150616,15.135188,Phrase,0,10.63883
13.481343,14.175505,Phrase,2,11.424101
13.150781,14.381726,Phrase,2,8.228931
12.424804,13.104166,Phrase,2,9.015854
13.084426,12.217266,Phrase,1,11.0771675
11.788502,15.350148,Phrase,3,11.146145
15.348817,13.015694,Phrase,1,10.099671
13.905249,14.690043,Phrase,0,11.397165
12.351179,12.917274,Phrase,2,11.078327
11.892544,17.208723,Phrase,3,10.400756
11.943314,17.323288,Phrase,3,11.405327
13.989694,15.180613,Phrase,0,11.695952
14.010385,14.956526,Phrase,0,11.313157
11.730716,15.893615,Phrase,3,11.190086
11.948133,13.965981,Phrase,1,10.649913
13.123541,12.14441,Phrase,1,11.256409
12.210776,11.557443,Phrase,2,9.48094
12.474424,12.594279,Phrase,1,10.816345
12.092334,17.080349,Phrase,3,11.236423
12.913197,13.345231,Phrase,2,9.708837
14.0172415,13.6985035,Phrase,2,11.612126
14.549272,12.856828,Phrase,1,9.982011
11.201027,11.813308,Phrase,1,8.935058
13.542318,13.365824,Phrase,2,10.469014
14.111147,13.4829855,Phrase,2,11.090559
13.997542,14.9081545,Phrase,0,11.186223
11.192714,14.92523,Phrase,2,10.403937
13.149847,13.033579,Phrase,2,10.097445
12.515454,16.230227,Phrase,3,11.229886
13.288253,13.732788,Phrase,2,9.060346
12.143451,14.504327,Phrase,2,10.2159815
12.392664,12.237522,Phrase,1,9.787775
11.806876,14.850648,Phrase,0,10.693607
13.904896,14.245894,Phrase,0,9.742022
12.833193,16.63544,Phrase,3,11.5827
11.170636,15.850991,Phrase,3,10.926344
13.647641,13.130398,Phrase,2,8.884049
12.554893,15.467431,Phrase,0,10.160743
14.605562,13.245681,Phrase,2,8.865127
14.860153,15.379106,Phrase,1,10.8281975
11.322432,16.420362,Phrase,3,11.401357
13.671366,14.277318,Phrase,0,10.94416
12.193408,12.912919,Phrase,2,10.924637
14.561702,13.778777,Phrase,1,9.888954
13.5865,12.584389,Phrase,1,11.690097
14.426661,12.382164,Phrase,0,8.949852
14.345718,13.055145,Phrase,1,11.842716
11.8490925,16.353989,Phrase,3,10.952123
12.336493,13.013747,Phrase,2,11.226589
15.258776,13.599608,Phrase,1,10.1285715
14.637236,14.98696,Phrase,0,11.469558
11.456016,12.068419,Phrase,1,8.961035
13.490834,13.58201,Phrase,0,11.310481
14.136958,14.296215,Phrase,0,10.663742
15.861528,13.411484,Phrase,1,9.975178
13.323041,12.72662,Phrase,1,9.610506
12.713183,13.6847725,Phrase,2,11.330779
13.202826,14.145085,Phrase,0,9.599271
13.870213,13.673163,Phrase,2,8.778069
12.4317875,14.617993,Phrase,2,9.898964
14.182963,14.20824,Phrase,1,10.690033
12.164904,12.846184,Phrase,2,11.030769
12.52801,15.929506,Phrase,3,11.900253
11.934981,12.824502,Phrase,2,10.94932
12.796669,14.23449,Phrase,0,10.759097
13.862504,14.035945,Phrase,0,10.843184
14.464242,13.176795,Phrase,1,10.673586
11.413212,16.642584,Phrase,3,11.413131
12.086113,13.246055,Phrase,2,10.994593
13.68979,12.253794,Phrase,2,7.095984
12.718316,13.058847,Phrase,2,9.233886
12.416705,15.319691,Phrase,0,11.17865
12.411319,14.918235,Phrase,2,10.250124
14.126242,13.578585,Phrase,0,10.803394
12.734874,17.089666,Phrase,2,10.8732395
11.118032,16.15301,Phrase,3,10.878513
13.318818,14.549538,Phrase,0,11.143312
14.159101,13.807601,Phrase,0,11.228895
12.210336,12.778179,Phrase,2,11.141367
12.441087,15.113296,Phrase,0,10.537573
11.569373,16.391415,Phrase,3,11.175001
11.909006,13.321164,Phrase,2,10.844252
14.907887,13.838771,Phrase,0,9.88125
12.363828,12.375849,Phrase,2,8.931773
13.124998,11.9101305,Phrase,1,11.355904
12.630903,16.820309,Phrase,3,11.207116
12.754945,17.158697,Phrase,3,11.158888
12.743507,13.15818,Phrase,2,10.323547
12.851091,13.902892,Phrase,2,9.238287
12.397473,13.338904,Phrase,2,10.27584
11.474394,16.572392,Phrase,3,11.279059
12.325464,14.954921,Phrase,0,10.580482
14.054961,13.984898,Phrase,2,9.567823
13.991678,12.370093,Phrase,2,9.434796
13.519304,14.494861,Phrase,0,11.08355
12.1006775,13.174507,Phrase,2,11.053871
11.45551,14.985011,Phrase,0,10.89388
14.301842,13.199691,Phrase,1,11.560219
12.660731,14.891001,Phrase,0,11.058976
12.163906,15.146535,Phrase,0,10.944953
13.357603,15.948446,Phrase,0,9.5510845
13.831382,12.302836,Phrase,0,8.055196
14.251774,14.1475,Phrase,0,11.238735
13.952827,13.568392,Phrase,2,9.126373
11.466114,16.61286,Phrase,3,10.9700575
12.339837,14.455533,Phrase,1,10.272321
12.173237,17.265955,Phrase,3,11.146214
12.990431,12.769611,Phrase,1,10.377846
13.744374,13.587463,Phrase,1,10.098924
14.115,13.240506,Phrase,1,11.057029
13.959609,13.914628,Phrase,0,10.738568
11.840625,17.317028,Phrase,3,11.283199
11.983641,13.7705145,Phrase,2,11.111021
12.248158,13.4653845,Phrase,2,9.944905
12.790125,14.19964,Phrase,2,9.555083
13.059343,14.821409,Phrase,0,11.595712
14.374151,13.438303,Phrase,0,10.825005
14.335074,13.402072,Phrase,1,11.069751
13.037007,14.902626,Phrase,0,10.950664
12.26213,12.978945,Phrase,2,9.2881365
14.032222,14.713842,Phrase,0,9.886551
13.740496,12.147438,Phrase,0,8.499701
13.574319,13.639506,Phrase,1,12.212362
12.239253,12.94224,Phrase,2,8.888635
14.071521,13.318869,Phrase,0,11.075648
11.722651,16.598602,Phrase,3,11.641092
13.413351,14.870011,Phrase,0,10.823494
12.501182,17.130753,Phrase,3,11.420016
12.892665,13.916303,Phrase,1,11.40068
12.381163,17.261244,Phrase,3,11.397526
12.977162,15.272419,Phrase,0,11.139336
12.831026,14.422859,Phrase,2,8.191154
13.301691,13.68401,Phrase,2,8.6953535
13.73934,13.489493,Phrase,0,10.736582
13.174086,15.044124,Phrase,0,9.80958
12.157642,11.785682,Phrase,1,9.477783
12.549148,14.185769,Phrase,2,8.833331
12.96066,13.385726,Phrase,0,9.6990795
14.110155,15.288571,Phrase,0,10.79832
12.209548,14.723089,Phrase,0,11.019221
13.389748,13.41937,Phrase,2,9.03175
14.278399,14.863889,Phrase,0,11.029337
13.4807625,15.816633,Phrase,2,11.418105
12.133799,16.5785,Phrase,2,12.511871
13.623096,14.056399,Phrase,0,10.70248
14.24376,15.194234,Phrase,2,9.949082
13.491811,13.507102,Phrase,2,8.925887
12.050468,12.051179,Phrase,2,8.785399
11.869292,13.999034,Phrase,2,10.446343
13.822607,13.214586,Phrase,1,9.701692
12.8669,13.452484,Phrase,2,9.753838
12.325062,16.567118,Phrase,3,11.45685
13.058199,13.023125,Phrase,2,9.819992
13.52243,14.170624,Phrase,1,11.521365
13.662541,16.13736,Phrase,2,11.188368
11.881344,15.760358,Phrase,0,10.88736
12.4926195,12.683507,Phrase,2,8.626863
13.930634,13.543229,Phrase,1,11.561778
13.866153,14.266796,Phrase,0,11.617072
14.010463,15.729971,Phrase,0,11.042564
13.940662,12.543609,Phrase,1,9.721533
13.589656,13.578778,Phrase,0,10.124765
11.458313,15.383553,Phrase,3,10.433699
12.067006,12.713887,Phrase,2,11.122186
13.722745,13.348653,Phrase,1,10.056688
12.925766,14.327175,Phrase,0,11.049074
12.74068,13.734121,Phrase,0,10.776766
12.15325,16.053202,Phrase,3,11.662256
11.88336,13.955028,Phrase,2,10.272328
12.730819,13.998615,Phrase,0,10.692953
14.378034,13.868327,Phrase,1,9.699738
12.018541,17.014885,Phrase,3,11.528989
11.76574,16.19841,Phrase,3,11.438194
13.251071,14.191789,Phrase,0,10.728762
13.151153,12.204493,Phrase,1,11.237664
13.752463,14.531286,Phrase,0,11.132332
11.531805,16.453886,Phrase,3,11.06907
12.679799,13.66475,Phrase,2,9.284861
13.586106,16.236399,Phrase,0,11.445234
13.241128,13.385071,Phrase,0,10.386652
14.337145,13.3097725,Phrase,1,9.21402
12.553085,16.634861,Phrase,3,11.555918
11.252272,15.976219,Phrase,3,11.038229
13.426401,14.423519,Phrase,2,9.460477
13.748401,14.810272,Phrase,0,10.410773
13.371716,14.474211,Phrase,0,11.419627
11.867925,16.838238,Phrase,3,11.132762
13.263894,12.315756,Phrase,1,11.358115
14.741602,14.518106,Phrase,2,10.134041
13.871548,14.946489,Phrase,2,10.649956
11.614037,14.045873,Phrase,2,10.282952
13.458013,13.119814,Phrase,2,10.245716
14.121941,14.813952,Phrase,0,11.058919
11.918997,16.60982,Phrase,3,11.192698
11.790039,15.12415,Phrase,0,10.757592
12.319786,17.059944,Phrase,3,11.174604
13.057209,13.97349,Phrase,0,9.558922
8.008675,9.476535,Phrase,1,7.8284297
12.941253,14.181676,Phrase,2,9.621711
13.693992,14.291851,Phrase,1,11.5109825
12.726177,15.021819,Phrase,3,11.493057
13.049804,13.697779,Phrase,2,9.305304
13.516777,13.447374,Phrase,0,10.789257
12.239937,13.127396,Phrase,2,11.216516
12.061601,15.989694,Phrase,2,10.610975
12.320525,14.540495,Phrase,1,10.71953
11.054881,12.090501,Phrase,1,8.718383
11.477411,16.685326,Phrase,3,11.214146
13.749058,13.990834,Phrase,0,11.559294
12.771535,14.482091,Phrase,2,9.251899
11.902377,15.21458,Phrase,2,11.218048
12.042384,13.060217,Phrase,2,8.583867
14.858496,12.787684,Phrase,1,9.913994
12.910603,14.021134,Phrase,2,9.323833
13.083916,12.101026,Phrase,2,11.061385
12.931218,13.8024435,Phrase,2,9.361435
13.606237,13.770069,Phrase,0,10.387596
15.37787,11.451018,Phrase,0,7.8933444
12.446266,13.383899,Phrase,2,11.215887
12.242053,12.867826,Phrase,2,10.912269
12.559113,13.094096,Phrase,2,8.856633
14.399775,13.95311,Phrase,2,10.33293
13.356902,15.541718,Phrase,1,11.362602
11.877156,17.213121,Phrase,3,11.349995
13.624205,13.051443,Phrase,1,9.159853
12.330409,15.706694,Phrase,0,11.020039
12.973118,14.304462,Phrase,0,10.437321
12.00693,12.773093,Phrase,2,11.039725
13.881947,15.228538,Phrase,0,11.06381
13.875501,13.85426,Phrase,0,11.436202
12.307376,14.068647,Phrase,2,10.656413
12.144658,11.679133,Phrase,1,9.497568
12.659106,13.485814,Phrase,2,9.960547
12.9303665,12.881805,Phrase,2,10.158878
12.702133,16.86515,Phrase,3,10.72439
13.361264,13.643057,Phrase,0,8.984183
11.885269,14.180562,Phrase,2,10.9148245
14.076398,13.877439,Phrase,1,9.426768
12.841094,16.935646,Phrase,3,11.425814
13.586859,14.786205,Phrase,0,10.4415865
14.089258,12.930945,Phrase,2,9.725734
12.765236,14.360553,Phrase,0,10.237955
12.404488,13.776021,Phrase,2,9.165782
13.965151,15.404314,Phrase,0,10.892978
14.311835,13.105238,Phrase,1,10.556162
12.521473,14.851187,Phrase,0,10.690248
13.85759,14.454987,Phrase,2,8.610279
13.896532,12.442834,Phrase,1,9.489464
12.848513,13.679908,Phrase,0,10.267285
11.823913,16.30852,Phrase,3,10.402498
14.570666,11.676253,Phrase,0,7.262144
15.066499,13.977553,Phrase,2,9.915281
15.370467,11.383388,Phrase,0,7.9172473
11.409669,16.733408,Phrase,3,10.952208
12.973593,13.832252,Phrase,2,9.9871235
12.506162,13.046042,Phrase,2,10.829793
12.935277,13.824146,Phrase,0,10.114318
13.736605,14.447528,Phrase,0,11.495618
11.88384,12.955726,Phrase,2,10.278243
14.716569,14.22792,Phrase,1,10.200159
12.471249,13.477535,Phrase,3,10.754557
12.885182,13.043625,Phrase,1,10.925157
12.842626,13.208506,Phrase,0,10.764204
11.783846,13.371883,Phrase,2,8.925308
12.727058,13.943822,Phrase,0,10.431781
12.56131,15.275306,Phrase,0,11.017894
12.327746,13.5303135,Phrase,2,9.689253
14.484333,14.688948,Phrase,0,11.524014
14.808038,13.653703,Phrase,1,9.331404
12.274018,13.156818,Phrase,2,11.0834055
11.595412,16.535664,Phrase,3,11.348619
12.992779,12.61751,Phrase,1,10.710632
12.222574,12.726736,Phrase,2,11.184086
12.402249,14.728953,Phrase,2,10.386818
12.060718,14.253552,Phrase,2,10.991082
11.913898,14.761027,Phrase,0,11.284973
15.061286,13.804903,Phrase,1,11.370669
13.7230015,14.551773,Phrase,0,11.045616
12.421413,13.552114,Phrase,2,9.723682
11.458387,13.818056,Phrase,2,8.9320345
12.551235,13.95883,Phrase,0,9.577886
12.678456,13.819923,Phrase,2,8.559829
13.135988,13.766727,Phrase,0,9.87062
11.952753,17.313343,Phrase,3,11.213882
13.157496,15.925278,Phrase,0,11.1313
14.120663,13.5073185,Phrase,0,11.150654
11.589434,16.275389,Phrase,3,11.010927
14.412445,15.080478,Phrase,0,11.391102
12.443693,15.615628,Phrase,2,11.129871
13.428804,13.453594,Phrase,0,10.826135
12.193576,14.95977,Phrase,0,10.97945
13.430912,13.733112,Phrase,2,10.517086
11.679081,14.65268,Phrase,0,10.860596
11.455524,15.007061,Phrase,1,10.92323
12.907577,15.096001,Phrase,2,12.498295
13.684238,14.514622,Phrase,0,10.292423
11.352265,16.706055,Phrase,3,11.161061
11.806714,16.189285,Phrase,3,10.912242
13.699162,13.702263,Phrase,0,9.933768
12.833806,13.232359,Phrase,2,8.49386
12.991513,13.918892,Phrase,0,10.487054
13.808253,13.058198,Phrase,1,11.700502
15.259883,14.192909,Phrase,0,9.792866
13.019569,12.689505,Phrase,1,10.795861
12.592175,14.886864,Phrase,0,11.336831
12.768132,13.316296,Phrase,1,10.730857
12.572462,14.761805,Phrase,0,10.3053055
14.920422,12.043701,Phrase,0,8.285031
13.499204,14.046227,Phrase,0,10.182256
13.718233,14.978898,Phrase,0,11.02891
14.065452,14.195745,Phrase,0,10.414314
12.451135,13.098394,Phrase,2,11.134613
13.193051,14.4537115,Phrase,0,10.881007
13.062757,13.932287,Phrase,2,8.55132
14.100301,12.696541,Phrase,1,10.036098
12.893275,14.049449,Phrase,2,10.227865
11.768868,14.08564,Phrase,0,10.291823
13.059134,13.965721,Phrase,2,9.109333
12.145624,14.555201,Phrase,2,10.217165
11.854393,12.022465,Phrase,2,9.029009
15.121658,13.647906,Phrase,1,10.116829
14.013018,12.644679,Phrase,1,10.139617
15.262831,13.069191,Phrase,1,10.107875
13.995313,13.705096,Phrase,0,10.906311
12.283215,12.788632,Phrase,2,11.126509
15.262166,14.156835,Phrase,0,9.7628565
12.9472065,13.817,Phrase,2,10.160195
13.148674,14.0709095,Phrase,1,10.20728
13.728699,12.88319,Phrase,1,9.767485
13.516378,15.256069,Phrase,0,11.697599
13.706287,14.882251,Phrase,0,10.545752
15.085283,12.9646015,Phrase,1,9.949838
13.655262,14.309029,Phrase,0,11.525018
14.097516,14.425003,Phrase,0,10.577037
13.516124,16.143755,Phrase,0,11.351569
12.180507,14.768297,Phrase,2,8.384083
15.354347,13.0128355,Phrase,1,10.095591
14.095552,13.971737,Phrase,0,11.379598
14.374492,15.508437,Phrase,0,11.016607
15.385315,12.956535,Phrase,1,10.068869
11.65546,16.165977,Phrase,3,11.246435
14.046258,12.607074,Phrase,1,10.496615
12.899616,13.394332,Phrase,2,10.338136
12.5725975,13.928521,Phrase,0,10.3708515
13.4258995,12.313655,Phrase,2,8.320061
12.09276,16.762838,Phrase,3,11.621078
14.601801,14.229376,Phrase,0,10.557365
12.43888,13.066081,Phrase,2,11.219734
11.78658,14.602115,Phrase,2,10.531694
12.815865,13.306968,Phrase,2,10.618949
14.2774935,12.24036,Phrase,0,8.220717
12.302567,13.517314,Phrase,2,10.64828
11.483124,12.0910015,Phrase,1,9.023368
11.861315,12.934421,Phrase,2,10.293193
12.622044,12.533296,Phrase,2,9.0618105
13.327932,14.649974,Phrase,0,11.452047
13.067576,13.54836,Phrase,2,8.844166
13.969738,12.608402,Phrase,0,8.486429
13.660403,13.73382,Phrase,0,10.960194
12.862075,13.802306,Phrase,0,9.434698
11.608684,14.708236,Phrase,0,11.362708
13.30942,13.382165,Phrase,0,9.807917
14.140338,13.445313,Phrase,2,10.0252
14.194431,13.132886,Phrase,1,10.366486
12.234413,16.424755,Phrase,3,11.405834
14.524059,14.0234375,Phrase,0,10.36375
11.441499,16.444998,Phrase,3,11.130234
12.35537,14.117403,Phrase,2,10.021775
13.81573,13.167335,Phrase,1,10.993599
14.338644,13.074791,Phrase,1,11.841247
12.828632,15.012981,Phrase,0,11.182695
11.601852,12.103686,Phrase,2,9.325132
13.897163,13.804394,Phrase,2,9.360031
13.979955,14.832895,Phrase,0,10.769669
13.847085,12.60043,Phrase,2,10.317886
13.520102,14.111947,Phrase,2,9.077264
14.014241,12.326343,Phrase,0,8.733789
12.156229,12.816287,Phrase,2,10.974159
11.377744,16.793396,Phrase,3,11.751951
13.612724,14.817352,Phrase,0,11.132633
11.932743,17.338215,Phrase,3,11.494926
14.170721,13.818776,Phrase,1,11.591536
13.916303,15.1872635,Phrase,0,10.760189
13.096222,13.81938,Phrase,0,9.220621
14.34986,13.986099,Phrase,0,11.329892
12.87243,15.238823,Phrase,0,10.79873
13.422481,14.818182,Phrase,0,11.907291
12.214254,16.786419,Phrase,3,11.659513
14.19385,13.617226,Phrase,1,9.198912
13.865224,13.477495,Phrase,2,11.258125
14.346121,13.9649105,Phrase,2,8.856399
12.092469,17.234707,Phrase,3,11.469476
13.187319,13.822659,Phrase,0,10.930307
13.120699,12.13285,Phrase,1,11.26815
11.581555,13.168816,Phrase,2,9.367564
14.44384,14.439225,Phrase,2,9.187175
14.989303,13.966265,Phrase,0,10.980822
11.856324,17.299238,Phrase,3,10.999481
13.043608,13.798699,Phrase,0,9.926344
12.269536,16.6215,Phrase,3,11.597771
13.194018,12.684602,Phrase,1,10.70724
14.735966,11.4183,Phrase,2,6.970646
13.605581,13.629847,Phrase,0,9.616471
15.2919855,12.921131,Phrase,1,10.06061
13.958413,12.18079,Phrase,2,7.1990466
14.46548,15.302703,Phrase,0,10.946023
12.482487,17.241926,Phrase,3,11.595589
11.61718,13.1380625,Phrase,2,9.395803
15.037465,13.585646,Phrase,1,9.860984
12.407684,16.028662,Phrase,3,11.734795
13.381332,13.698688,Phrase,1,11.319976
13.915711,13.57779,Phrase,2,8.796891
12.767427,14.175226,Phrase,0,11.13565
11.724542,16.911724,Phrase,3,11.3651905
13.696217,14.290244,Phrase,0,11.390486
13.48825,13.305987,Phrase,2,10.344881
13.2663145,14.227069,Phrase,2,10.134236
14.059874,14.234192,Phrase,1,11.674792
12.137709,12.640822,Phrase,2,11.039939
12.058582,14.784457,Phrase,3,10.926136
11.59885,14.870509,Phrase,2,10.784938
14.4948845,12.657106,Phrase,1,10.2400465
12.291117,16.739012,Phrase,3,11.253233
14.441355,11.75326,Phrase,1,9.598765
13.873431,14.120959,Phrase,0,10.321513
14.064149,13.917446,Phrase,2,11.118363
14.593698,13.386352,Phrase,2,10.316338
14.713683,11.452964,Phrase,0,7.0124273
13.457691,13.146993,Phrase,2,10.71083
12.982584,12.869829,Phrase,2,9.484552
13.8290415,14.122511,Phrase,0,10.100217
12.160165,12.237706,Phrase,2,9.842341
13.345675,13.841071,Phrase,2,10.491499
11.7572365,14.297308,Phrase,1,10.452083
12.995084,14.041569,Phrase,0,10.827672
11.580961,13.083333,Phrase,2,9.007715
12.070453,15.469205,Phrase,0,11.042824
11.884864,16.505957,Phrase,3,11.1002035
12.954655,13.833924,Phrase,2,8.722516
13.127888,12.108418,Phrase,2,10.991306
13.545178,12.871813,Phrase,0,10.442188
11.87282,15.197948,Phrase,0,10.395049
12.092768,13.781294,Phrase,2,10.406529
13.971988,14.030571,Phrase,2,10.014566
12.316588,14.340978,Phrase,2,10.266689
14.746983,13.36912,Phrase,1,10.583429
13.324628,13.066696,Phrase,2,10.210436
13.150238,14.649643,Phrase,0,11.344486
11.650297,13.369914,Phrase,2,8.971465
12.405559,12.947456,Phrase,2,8.835507
12.443371,17.315681,Phrase,3,11.419498
12.422816,15.752591,Phrase,3,10.913796
11.591988,14.465854,Phrase,2,11.433177
14.370205,13.723549,Phrase,2,9.642177
12.72652,12.823679,Phrase,2,9.19374
13.435528,13.038194,Phrase,2,10.135494
14.039671,13.777748,Phrase,0,11.721255
12.78855,14.154283,Phrase,2,10.840597
14.14092,14.473881,Phrase,0,10.781708
13.310933,14.31532,Phrase,0,10.990344
12.705604,13.239306,Phrase,1,9.941701
13.726572,13.056836,Phrase,1,9.398896
11.4743805,16.34902,Phrase,3,11.565416
13.109058,13.765833,Phrase,0,9.554385
15.742258,13.512874,Phrase,1,10.104364
13.985479,13.933801,Phrase,1,11.817547
12.434475,13.247634,Phrase,2,10.337089
13.6456995,14.129396,Phrase,2,11.038592
11.581467,13.671856,Phrase,2,8.853343
11.799341,11.87517,Phrase,1,9.336905
14.37916,13.100624,Phrase,1,11.68701
13.476988,14.124607,Phrase,0,10.22057
11.360859,12.787313,Phrase,1,9.795385
14.096226,14.601002,Phrase,0,10.741094
14.212526,13.8315935,Phrase,1,11.273712
11.875165,14.106537,Phrase,0,10.926226
13.9773245,13.546069,Phrase,2,10.763298
12.750121,15.126681,Phrase,0,9.96025
14.150338,13.700913,Phrase,0,9.790752
11.290884,12.801138,Phrase,3,9.767243
11.462345,12.052163,Phrase,1,9.047451
13.516416,13.642103,Phrase,0,9.903268
13.979523,14.579813,Phrase,0,9.910742
15.379788,13.017759,Phrase,1,10.103834
12.086154,12.792681,Phrase,2,10.95206
13.281392,14.060314,Phrase,2,9.750959
14.10777,14.196018,Phrase,2,10.45897
13.666969,15.105205,Phrase,0,10.139309
14.4720335,13.777543,Phrase,0,11.10385
12.096081,14.0087,Phrase,2,10.913134
13.584682,14.507505,Phrase,0,10.909117
15.209554,13.707718,Phrase,1,10.098606
14.159793,14.818943,Phrase,0,11.197026
14.24808,15.573166,Phrase,0,11.168719
-2.5652826,6.548543,Phrase,1,9.217661
12.057135,12.014997,Phrase,2,8.914844
11.988771,13.131558,Phrase,2,9.1372175
12.887888,13.313855,Phrase,0,9.670894
12.625302,16.613535,Phrase,3,10.993273
13.765145,13.609087,Phrase,2,9.0782995
13.708323,14.469214,Phrase,0,11.04178
12.192219,12.748527,Phrase,1,11.1939125
15.32514,12.984536,Phrase,1,9.982438
11.432456,12.147663,Phrase,1,8.860114
13.264617,13.97291,Phrase,0,10.067425
13.257213,13.544367,Phrase,0,10.636183
11.8318815,16.649363,Phrase,3,11.167444
13.834399,13.497779,Phrase,1,9.764979
11.191917,11.791121,Phrase,1,8.941651
14.16385,14.713047,Phrase,0,10.664313
14.06697,14.962553,Phrase,0,10.911302
13.364525,14.959406,Phrase,0,9.683881
11.37695,16.565342,Phrase,3,11.869014
12.437192,16.15531,Phrase,3,11.690776
13.716698,13.301492,Phrase,2,9.160334
12.689377,13.311043,Phrase,2,10.751915
12.606123,13.838887,Phrase,2,9.740577
13.996355,14.397849,Phrase,0,10.899951
13.000308,14.621772,Phrase,1,11.561887
14.230495,12.425058,Phrase,1,9.910863
14.251522,14.177651,Phrase,1,9.854089
13.042717,14.693243,Phrase,0,11.229546
13.320116,14.355282,Phrase,0,10.593562
12.318586,13.149555,Phrase,2,11.166024
15.320027,13.0867,Phrase,1,10.096874
13.364567,9.614663,Phrase,2,6.5765405
12.048848,16.754328,Phrase,3,11.829173
12.902964,14.142296,Phrase,2,8.813808
12.117526,15.794196,Phrase,0,10.82114
12.421709,17.220684,Phrase,3,10.884015
14.946071,13.593248,Phrase,1,9.470144
12.548983,13.272443,Phrase,2,10.040796
12.619514,13.526786,Phrase,2,10.078418
14.150731,13.928936,Phrase,1,11.944214
13.46836,13.962864,Phrase,0,10.54904
13.31293,15.292692,Phrase,0,11.451208
12.88742,17.191696,Phrase,3,11.205769
13.71484,14.033002,Phrase,0,9.626083
11.823406,13.837761,Phrase,2,9.842807
15.397474,12.971157,Phrase,1,10.057988
14.577471,13.872067,Phrase,0,8.758241
12.475967,14.196002,Phrase,2,9.881746
14.733549,13.577774,Phrase,1,11.008551
11.753417,13.63097,Phrase,2,8.868124
14.64012,14.006774,Phrase,2,9.251237
11.952903,16.510353,Phrase,3,11.902317
12.148311,16.642017,Phrase,3,12.165195
13.937489,12.884396,Phrase,2,9.04754
12.412242,13.347443,Phrase,0,8.812061
15.421117,12.924356,Phrase,1,10.110586
14.553115,14.384149,Phrase,0,10.33338
15.415032,12.935906,Phrase,1,10.050279
11.994125,14.261011,Phrase,0,11.009977
12.242473,16.330143,Phrase,3,12.093259
13.467206,12.223354,Phrase,0,8.129626
14.7372875,14.993801,Phrase,0,10.871587
11.993047,17.157518,Phrase,3,11.236477
11.917399,13.115881,Phrase,2,8.927857
11.623652,13.828391,Phrase,2,10.189522
12.228846,12.065459,Phrase,0,9.846841
13.6876545,12.263676,Phrase,1,10.7683525
13.657213,13.106389,Phrase,2,10.024707
13.282382,13.144771,Phrase,2,8.47565
12.592046,16.61583,Phrase,0,11.728297
11.968251,16.218275,Phrase,3,10.888014
11.250974,16.319609,Phrase,3,10.93179
13.366043,14.268557,Phrase,2,10.064878
13.051796,14.060836,Phrase,0,10.694082
14.177058,13.674062,Phrase,1,10.485998
11.631861,16.916124,Phrase,3,11.175554
13.198895,13.456006,Phrase,2,9.00637
13.969179,15.536623,Phrase,0,10.541314
12.800662,14.853703,Phrase,0,10.891982
13.4736,13.172954,Phrase,0,10.017427
14.103022,14.203232,Phrase,2,9.128427
12.72275,13.938946,Phrase,0,9.274395
13.961323,12.180045,Phrase,2,7.209914
12.342302,13.929523,Phrase,2,10.401868
13.801227,14.631856,Phrase,0,11.0068035
12.211624,14.993503,Phrase,0,10.986402
13.9708185,13.979413,Phrase,0,11.964568
14.061003,14.302495,Phrase,1,11.23294
11.957288,16.063612,Phrase,3,11.063186
13.601314,14.120361,Phrase,1,10.489651
12.345368,16.487535,Phrase,3,11.582123
14.359263,11.946974,Phrase,1,9.705268
12.101311,14.574982,Phrase,2,9.641431
13.987005,14.007268,Phrase,1,11.773546
11.623157,14.012318,Phrase,1,10.395364
13.179791,13.987162,Phrase,2,9.59107
13.467878,14.4361925,Phrase,2,10.5795765
14.463127,13.391926,Phrase,0,10.440116
14.809507,13.834205,Phrase,1,10.10971
12.927413,13.835639,Phrase,0,9.982248
12.689178,16.865808,Phrase,3,11.318691
15.343933,11.366245,Phrase,0,7.886626
13.83383,15.205707,Phrase,0,10.824993
15.035255,13.577515,Phrase,1,9.929887
14.134622,14.231458,Phrase,2,9.084403
13.727109,13.0444565,Phrase,0,10.560448
12.600503,17.112875,Phrase,3,11.47104
11.718729,14.868847,Phrase,0,10.417168
15.403262,12.935837,Phrase,1,10.074958
12.157401,14.976408,Phrase,2,11.252432
14.061559,14.822207,Phrase,0,10.769307
11.900368,16.644367,Phrase,3,11.556152
14.398523,12.821541,Phrase,1,10.285226
11.395613,12.248803,Phrase,1,9.127103
13.100314,14.300932,Phrase,2,8.146201
13.844087,14.373904,Phrase,0,10.261668
12.131297,12.788483,Phrase,2,11.016398
12.830535,13.962541,Phrase,2,10.731929
12.310847,15.150222,Phrase,1,11.190584
14.1078415,14.848389,Phrase,0,11.146318
11.962964,16.107681,Phrase,3,11.053194
14.346182,13.732179,Phrase,1,9.549391
13.808885,14.290188,Phrase,0,11.543389
12.086502,14.72277,Phrase,0,10.247577
13.626496,14.599086,Phrase,0,10.67498
11.469489,16.530828,Phrase,3,11.04005
11.3563795,16.610468,Phrase,3,11.855125
13.402381,13.511517,Phrase,0,8.266633
14.4965725,13.19216,Phrase,1,10.525739
15.369332,12.991682,Phrase,1,10.103024
14.112583,13.400504,Phrase,2,10.105493
14.124337,13.578214,Phrase,0,10.429003
12.192101,13.334626,Phrase,2,8.858267
12.28921,12.901143,Phrase,2,11.219549
13.549727,13.193508,Phrase,1,10.9513645
11.972973,16.922302,Phrase,3,11.687854
13.288186,13.802849,Phrase,2,9.296362
14.32566,14.359489,Phrase,0,10.370728
13.044848,14.013102,Phrase,0,9.36687
13.651275,13.012792,Phrase,1,10.611021
12.485598,15.105771,Phrase,0,10.949452
12.210288,16.239218,Phrase,3,11.197902
15.285401,11.426343,Phrase,0,7.9469123
12.090707,14.595562,Phrase,0,11.616587
15.397475,12.994969,Phrase,1,10.128005
12.793615,14.014441,Phrase,2,9.425349
14.017177,14.26238,Phrase,0,10.132603
12.209262,12.889264,Phrase,2,11.179967
13.091127,13.466856,Phrase,0,8.63152
12.621955,17.378698,Phrase,3,11.327172
13.75833,14.442532,Phrase,0,10.851276
13.177443,14.788792,Phrase,0,11.625546
12.463288,13.068763,Phrase,2,11.102499
12.0257225,13.008114,Phrase,2,11.0211525
12.805807,15.898928,Phrase,0,11.734997
14.560911,13.013678,Phrase,2,10.240827
12.842804,13.682411,Phrase,0,9.297503
14.711232,13.11117,Phrase,2,10.0606985
14.004712,14.636875,Phrase,0,11.603419
13.27758,14.983748,Phrase,0,11.163433
12.518295,12.507082,Phrase,2,10.118599
11.636425,14.430495,Phrase,2,10.4708805
13.680452,12.47277,Phrase,0,7.5664268
12.357079,13.537162,Phrase,2,9.973857
13.683486,13.59654,Phrase,2,10.6277685
12.615743,15.250422,Phrase,0,10.88011
14.1848345,13.864105,Phrase,2,9.82902
15.007501,13.9547205,Phrase,0,9.874529
12.175601,14.363333,Phrase,0,10.496099
11.379865,16.631313,Phrase,3,11.754209
14.208973,14.043038,Phrase,2,9.558382
14.025045,13.04152,Phrase,2,9.751961
12.822705,13.860925,Phrase,2,9.598097
13.492896,15.322296,Phrase,0,11.739091
13.845294,13.445905,Phrase,1,9.983231
14.761917,12.804904,Phrase,1,10.684575
13.346209,14.169126,Phrase,0,10.0233965
11.961431,11.890363,Phrase,1,9.286426
13.400195,13.853347,Phrase,2,9.523661
12.844074,17.308453,Phrase,0,11.247489
12.890986,13.331263,Phrase,0,9.665111
11.565146,16.513968,Phrase,3,11.737233
15.418436,13.029945,Phrase,1,10.11757
12.545397,15.675773,Phrase,2,10.041674
13.223409,13.486948,Phrase,2,8.691912
11.624851,13.387337,Phrase,2,8.977161
12.439533,14.724636,Phrase,0,10.535889
11.880265,11.992211,Phrase,1,9.239969
14.0726595,14.081517,Phrase,0,9.533266
11.659127,16.634493,Phrase,3,10.801745
11.945195,16.493979,Phrase,3,11.506921
14.660764,14.367445,Phrase,1,11.17262
12.808584,16.288471,Phrase,3,11.102521
11.611863,14.156277,Phrase,2,10.392483
14.4264,13.491773,Phrase,1,10.157157
13.16075,12.993052,Phrase,2,10.024511
11.4955225,16.645954,Phrase,3,11.653543
11.612109,12.182213,Phrase,2,8.897747
14.041528,13.938641,Phrase,0,10.428484
13.170202,13.369763,Phrase,0,8.912104
13.245631,15.543074,Phrase,2,11.178645
15.2188835,13.687522,Phrase,1,10.450939
12.109792,16.94925,Phrase,3,11.578567
13.914369,14.711123,Phrase,0,10.843083
11.197595,12.072824,Phrase,1,8.820161
12.013532,12.889318,Phrase,2,11.163461
13.975882,13.6103735,Phrase,0,10.872831
8.040084,9.499555,Phrase,1,7.845959
12.458978,14.950341,Phrase,0,11.26517
11.572439,16.33545,Phrase,3,11.663134
13.741105,13.804713,Phrase,2,9.787082
14.387687,15.418557,Phrase,0,11.435421
12.935938,13.504476,Phrase,2,8.946558
12.12908,14.57751,Phrase,2,10.709338
11.791873,17.295261,Phrase,3,10.95827
13.18896,14.207219,Phrase,0,9.872418
13.504653,13.582211,Phrase,2,8.905896
12.846943,13.876526,Phrase,2,10.63264
14.616677,15.928847,Phrase,2,8.635247
14.598424,14.806684,Phrase,0,11.519831
13.479004,13.591457,Phrase,2,10.478379
13.975725,15.071785,Phrase,0,11.718363
11.95852,15.040343,Phrase,1,11.079009
13.518934,16.219835,Phrase,0,11.380278
11.193007,14.899287,Phrase,2,10.399093
11.961494,12.064815,Phrase,2,9.169526
13.254345,13.644473,Phrase,1,11.28583
11.516424,11.997951,Phrase,1,9.079741
13.646376,13.41339,Phrase,0,9.91941
11.608338,16.176556,Phrase,3,11.119255
14.263119,14.781512,Phrase,0,11.318611
11.531663,16.596834,Phrase,3,10.703577
13.13279,11.849278,Phrase,1,11.38034
14.599616,15.034189,Phrase,2,10.833838
11.255728,16.568806,Phrase,3,11.017647
13.9374485,14.482078,Phrase,0,8.756898
11.59076,13.730256,Phrase,2,8.88224
13.038761,14.26057,Phrase,0,11.220422
13.412294,13.781508,Phrase,0,11.435863
12.453921,17.036768,Phrase,3,11.37723
13.595171,12.238168,Phrase,1,10.768261
12.278431,11.877914,Phrase,1,9.575418
11.113865,16.148378,Phrase,3,10.838506
13.317797,14.641641,Phrase,0,10.732004
13.77718,14.30822,Phrase,0,10.991292
13.475909,14.525134,Phrase,0,10.842358
13.80109,12.419213,Phrase,2,7.9055142
11.796584,11.962493,Phrase,1,9.258028
11.422315,16.62593,Phrase,3,10.762256
14.548342,15.304886,Phrase,0,10.893141
11.624884,17.08131,Phrase,3,11.141759
8.008424,9.476284,Phrase,1,7.828326
14.009828,14.769007,Phrase,0,11.074921
14.503372,13.457586,Phrase,2,9.751585
13.413195,13.921682,Phrase,2,10.144897
14.684331,14.900117,Phrase,0,11.4556465
13.806969,13.673042,Phrase,0,10.995633
13.769361,14.182194,Phrase,0,11.21329
12.240888,17.251427,Phrase,3,11.294068
14.262536,15.103653,Phrase,0,11.075688
14.106864,12.891214,Phrase,2,9.708265
11.843758,16.708984,Phrase,3,10.623329
12.002709,12.173475,Phrase,0,9.40069
12.043978,16.552805,Phrase,3,11.393396
13.17861,12.701878,Phrase,2,10.229609
13.374458,14.831543,Phrase,0,11.527082
12.327234,13.451166,Phrase,2,9.247473
12.139032,16.868961,Phrase,3,11.34921
12.276913,13.675779,Phrase,1,10.033713
14.008967,13.923782,Phrase,2,11.9354105
12.5206585,14.493139,Phrase,2,11.412088
11.665233,16.233393,Phrase,3,10.956804
12.221727,14.537022,Phrase,0,10.998875
13.610706,14.770504,Phrase,0,11.368081
12.136702,12.855192,Phrase,2,11.15896
13.463604,13.179267,Phrase,2,9.351272
12.504266,13.840316,Phrase,0,9.971652
14.280247,14.711573,Phrase,0,11.298286
14.242612,13.895628,Phrase,0,9.107044
12.915676,13.513002,Phrase,2,9.413427
11.983961,15.473521,Phrase,3,10.045565
12.174576,12.681442,Phrase,2,11.108826
11.639968,12.1027565,Phrase,2,9.130536
11.51594,14.515068,Phrase,2,11.00568
13.076122,12.113595,Phrase,1,11.258044
15.394657,13.080098,Phrase,1,10.093624
12.170962,12.6656,Phrase,2,11.063886
13.007989,14.793642,Phrase,0,10.254801
15.285902,13.079495,Phrase,1,10.612133
12.44839,17.33979,Phrase,3,11.2656355
13.892965,14.0813465,Phrase,2,11.744873
12.226762,17.112162,Phrase,3,11.676667
13.497676,13.78946,Phrase,0,9.223987
14.154202,12.976645,Phrase,1,9.959067
12.785984,13.051905,Phrase,2,8.861419
14.537498,11.91795,Phrase,1,7.536887
12.492542,16.519978,Phrase,3,11.738647
13.40178,14.922068,Phrase,0,11.223328
12.9695,13.469381,Phrase,0,11.200079
11.886429,16.099012,Phrase,3,11.350732
13.048151,13.447163,Phrase,2,8.92981
13.998442,15.009612,Phrase,0,11.39387
11.621643,16.922733,Phrase,3,11.117002
13.085574,14.1858835,Phrase,0,10.38975
15.434535,11.924724,Phrase,0,11.062944
13.770548,14.961627,Phrase,0,10.961385
13.286993,13.606816,Phrase,2,9.426969
12.145318,16.955091,Phrase,3,10.852642
11.775136,14.340487,Phrase,0,10.545637
12.022638,16.766405,Phrase,3,11.26381
14.171516,13.956015,Phrase,1,9.362418
11.752111,16.931078,Phrase,3,11.306839
13.37982,14.894837,Phrase,0,11.119699
14.21902,13.942038,Phrase,0,10.890262
12.765093,13.735124,Phrase,2,8.476724
13.26644,13.649767,Phrase,0,10.685423
13.660061,13.107735,Phrase,2,9.087095
13.448311,14.337513,Phrase,2,9.848432
12.681209,12.931532,Phrase,2,10.825846
13.966578,14.013153,Phrase,0,11.218215
14.67809,13.665077,Phrase,1,11.502254
12.760985,15.086815,Phrase,0,11.011867
14.495451,15.290776,Phrase,0,10.947627
12.260094,14.272707,Phrase,2,10.763419
12.6125965,15.572199,Phrase,3,11.302768
13.970589,15.013544,Phrase,0,9.869608
11.601208,15.425171,Phrase,1,10.939552
13.777215,13.878068,Phrase,0,11.296152
13.432673,14.323391,Phrase,0,11.172791
13.498846,13.191231,Phrase,0,8.819196
13.497229,13.503389,Phrase,1,11.2774935
13.065164,14.183276,Phrase,0,9.618112
11.532095,16.756935,Phrase,3,11.76842
12.040263,15.3456135,Phrase,0,10.643611
12.664703,15.281587,Phrase,0,10.844321
12.044951,12.729804,Phrase,2,8.498389
12.125878,12.5810375,Phrase,2,10.947618
11.94295,13.207686,Phrase,2,8.771159
13.442002,12.795946,Phrase,1,11.453739
13.205058,14.019813,Phrase,2,8.537735
13.980596,12.555275,Phrase,2,8.332851
14.697051,15.479018,Phrase,1,10.909468
11.3714695,16.59594,Phrase,3,11.831118
13.075526,13.88564,Phrase,2,9.627208
13.161407,15.050478,Phrase,0,11.31944
12.110143,16.861816,Phrase,3,11.156444
14.183891,13.49756,Phrase,1,9.730483
15.5264225,13.526573,Phrase,1,9.891138
13.024537,13.643782,Phrase,2,8.780773
13.06733,14.98536,Phrase,0,10.713181
12.279579,15.693389,Phrase,0,10.600196
13.679481,12.239062,Phrase,2,7.0850945
12.561934,14.078465,Phrase,0,10.788161
12.601205,16.561737,Phrase,3,11.458762
13.264252,13.646898,Phrase,0,10.726195
14.747318,13.815014,Phrase,0,10.0924835
12.008978,16.579893,Phrase,3,12.238869
14.302794,13.461835,Phrase,1,10.551023
13.01493,14.727402,Phrase,1,12.263738
12.373307,12.79334,Phrase,2,11.080853
12.994652,14.83294,Phrase,1,11.232969
13.473083,15.315999,Phrase,1,11.855753
14.183831,13.372422,Phrase,1,9.10915
13.923929,14.23267,Phrase,0,11.497584
13.485911,12.706038,Phrase,2,10.072761
12.290138,16.770508,Phrase,3,11.555524
11.902671,14.245084,Phrase,0,11.118633
11.544122,16.625706,Phrase,3,11.287231
12.581955,13.482219,Phrase,0,9.75918
13.71602,13.079759,Phrase,2,11.09642
13.661178,14.421496,Phrase,0,10.55198
14.600939,12.9549055,Phrase,1,10.378556
15.428957,13.047933,Phrase,1,10.054571
11.988581,17.397402,Phrase,3,11.443145
12.026173,14.051084,Phrase,0,11.328474
13.529706,12.584315,Phrase,2,10.2982855
13.653763,16.7357,Phrase,0,10.822873
12.095851,15.489629,Phrase,2,10.603204
13.121703,11.889576,Phrase,1,11.357364
12.585702,14.217325,Phrase,2,9.480059
11.46925,16.72885,Phrase,3,11.328057
13.580271,14.862623,Phrase,0,11.158812
12.455314,14.030138,Phrase,2,10.14351
11.59557,16.239773,Phrase,3,11.12727
13.135259,13.418978,Phrase,2,11.115294
11.953575,14.436622,Phrase,2,10.737004
13.311767,14.411644,Phrase,0,11.443314
13.657548,12.258348,Phrase,2,10.743801
12.566015,14.39063,Phrase,0,10.282697
15.434945,11.92072,Phrase,0,11.0667
11.742264,14.193145,Phrase,0,10.304287
13.7997265,13.078519,Phrase,1,11.650597
14.381079,15.453748,Phrase,0,11.459405
14.958463,13.468484,Phrase,1,10.251936
12.448859,17.22202,Phrase,3,11.398303
12.381638,13.267555,Phrase,2,9.193806
12.6713085,14.571074,Phrase,0,11.403868
15.803139,13.472969,Phrase,1,10.017151
12.165983,17.046318,Phrase,3,11.264946
12.360412,13.672014,Phrase,1,10.723749
12.555607,15.978439,Phrase,3,10.848873
12.43117,14.788984,Phrase,2,8.606329
12.166365,13.0381155,Phrase,2,8.906924
12.145791,12.690237,Phrase,2,11.133661
12.278311,12.853928,Phrase,1,11.175544
13.151801,13.902801,Phrase,2,8.859638
11.167701,16.262094,Phrase,3,10.927027
13.902637,15.106019,Phrase,0,11.08132
13.901121,12.812781,Phrase,1,9.875119
11.900446,16.349257,Phrase,3,11.730834
12.323134,15.103737,Phrase,0,10.94094
12.727937,13.690588,Phrase,2,10.510303
12.441161,12.406144,Phrase,1,9.9826765
13.017874,14.248221,Phrase,2,9.304678
11.872259,14.830918,Phrase,2,7.89507
12.893437,13.901945,Phrase,2,8.7715025
12.442004,14.648272,Phrase,2,10.2911625
15.312247,13.111034,Phrase,1,10.171212
13.974504,13.3655205,Phrase,0,10.201699
12.131563,16.597557,Phrase,3,12.326925
13.735988,13.136463,Phrase,1,9.835818
12.687517,13.930897,Phrase,0,10.792524
14.337957,13.564644,Phrase,1,11.3834305
12.637378,14.915664,Phrase,0,11.564754
14.156392,15.359454,Phrase,0,11.019029
12.288286,12.831566,Phrase,2,11.036305
11.8251505,13.4871435,Phrase,2,8.8583
11.835545,13.964646,Phrase,1,10.476573
12.661509,14.28773,Phrase,0,10.89093
11.558727,15.679748,Phrase,3,10.420225
13.438343,12.780924,Phrase,3,10.296453
13.007826,14.760229,Phrase,0,11.083457
13.687044,13.226986,Phrase,0,10.702614
12.46139,12.769886,Phrase,3,11.292589
13.398325,13.634921,Phrase,2,8.988316
12.092591,16.69204,Phrase,3,11.275812
15.348708,11.27795,Phrase,0,9.20747
14.095902,14.305787,Phrase,0,11.329889
12.985941,14.41056,Phrase,0,10.926949
12.600777,13.131122,Phrase,2,10.503688
12.428797,13.867897,Phrase,2,9.797869
12.681385,16.957308,Phrase,3,11.334873
14.668439,15.348262,Phrase,1,11.055602
14.76722,13.786082,Phrase,1,9.580232
12.667146,13.897184,Phrase,2,9.018298
14.134705,13.480678,Phrase,0,11.227503
12.466782,17.214869,Phrase,3,11.0548935
14.223728,14.103381,Phrase,2,10.051079
14.042976,14.294336,Phrase,0,10.454411
11.871285,15.975152,Phrase,3,11.09135
12.779116,14.023314,Phrase,0,9.517519
13.863152,14.064909,Phrase,0,11.349237
12.840678,12.790378,Phrase,1,9.774938
13.759531,12.899316,Phrase,1,9.813557
11.138773,15.284541,Phrase,2,10.455345
12.336665,17.198862,Phrase,3,11.083886
12.733894,14.739118,Phrase,0,10.836979
14.435311,13.510038,Phrase,1,10.4039955
14.411781,14.100101,Phrase,0,10.825009
12.326514,12.89767,Phrase,2,10.952834
14.497174,14.217339,Phrase,0,10.579756
12.234896,16.080713,Phrase,3,11.474353
12.393487,13.000747,Phrase,1,11.20696
13.951394,14.317074,Phrase,0,10.943466
13.651381,13.634017,Phrase,1,9.327948
11.430457,12.123215,Phrase,1,8.904874
14.007828,13.783634,Phrase,0,10.651339
13.081096,12.596619,Phrase,0,10.329915
13.456284,15.2026005,Phrase,0,10.972701
13.702389,15.579307,Phrase,0,11.067638
13.384758,15.432539,Phrase,0,10.931731
12.58704,13.172244,Phrase,0,9.245018
14.280699,14.867675,Phrase,0,10.963185
11.761048,16.730448,Phrase,3,11.132322
14.244353,12.70988,Phrase,2,8.890904
12.13337,17.262325,Phrase,3,11.572332
13.429584,12.727906,Phrase,1,9.565312
13.529415,16.162628,Phrase,0,11.399329
14.533614,13.182155,Phrase,0,10.413286
14.36943,15.507942,Phrase,1,11.524547
11.762061,16.934532,Phrase,3,11.51713
12.10259,13.23565,Phrase,2,9.164763
13.489563,13.535496,Phrase,2,10.44156
13.097248,12.221541,Phrase,2,9.125953
14.379299,13.484834,Phrase,2,10.790309
10.718743,14.584813,Phrase,1,9.897402
13.207255,14.0294695,Phrase,0,11.428951
13.690324,13.314502,Phrase,0,11.376854
14.58052,15.116072,Phrase,0,11.165748
12.200378,12.857218,Phrase,2,10.952885
13.441436,13.491249,Phrase,0,11.391911
12.3527,14.334506,Phrase,2,9.967953
12.15202,14.86257,Phrase,2,10.480846
12.414723,17.370268,Phrase,3,11.327783
13.088491,15.318104,Phrase,0,11.4841385
14.360901,15.4991865,Phrase,2,11.489825
14.190237,12.157287,Phrase,2,7.7199697
12.165766,13.374019,Phrase,2,8.665534
13.048139,13.887589,Phrase,2,9.729377
12.034852,14.356485,Phrase,1,11.608597
12.774731,13.881912,Phrase,2,9.143498
13.224843,14.551096,Phrase,0,12.286886
12.380732,15.622075,Phrase,0,10.954667
14.087663,13.339576,Phrase,2,8.910062
11.968257,17.112762,Phrase,3,11.430663
12.290201,17.143072,Phrase,3,11.607765
13.187057,13.69519,Phrase,0,9.945521
12.872261,16.74164,Phrase,3,11.245018
11.699511,17.198362,Phrase,3,10.709268
13.382671,13.19626,Phrase,2,9.149883
13.217631,13.735135,Phrase,2,9.167239
13.71895,13.801054,Phrase,1,11.40863
13.865443,16.39593,Phrase,0,10.523481
12.55909,13.217764,Phrase,2,10.677317
11.225172,14.980159,Phrase,0,10.323626
15.099841,13.073542,Phrase,1,9.855997
13.1772175,13.903357,Phrase,2,8.791158
11.733877,15.072455,Phrase,0,10.216592
13.834613,13.698483,Phrase,0,9.04976
12.535325,13.142118,Phrase,2,10.673886
14.9873085,12.63762,Phrase,1,10.076402
12.6310005,13.701891,Phrase,2,9.820719
13.91653,15.005494,Phrase,0,10.808431
12.48907,13.034545,Phrase,0,11.079606
12.899838,13.405325,Phrase,2,8.872828
13.172562,14.838571,Phrase,0,9.767439
12.401495,14.946385,Phrase,1,11.129849
13.36462,14.832421,Phrase,0,9.908504
11.950845,12.126053,Phrase,2,9.043047
12.354527,13.722372,Phrase,2,10.061516
14.45279,13.998807,Phrase,2,10.948965
12.714371,17.017355,Phrase,3,11.304876
14.209779,14.019766,Phrase,0,11.325395
14.865869,13.38366,Phrase,1,10.383772
13.384002,15.186511,Phrase,0,11.34672
12.406296,16.272697,Phrase,3,11.889556
