hanja,hyeonto,cooccur_count,hanja_count,hyeonto_count,pmi
何,오,1557,6499,2649,5.863
乎,아,2396,6463,4769,5.644
何,리오,902,6499,2505,5.156
矣,리라,829,10758,1480,5.066
故,로,4829,12458,10552,4.563
然,이나,1472,10020,4758,4.312
矣,로다,488,10758,2035,3.842
月,에,5225,7248,33893,3.774
必,리라,197,6558,1480,3.707
若,면,709,5781,7220,3.45
若,이면,741,5781,7569,3.446
使,으로,596,10667,4014,3.163
安,리오,178,5163,2505,3.146
與,으로,586,11425,4014,3.039
矣,로되,260,10758,1926,3.013
何,아,358,6499,4769,2.894
矣,니라,725,10758,5946,2.866
將,할새,166,9320,1603,2.838
是,로,1430,12444,10552,2.809
主,가,332,5573,5488,2.804
如,오,288,10036,2649,2.801
則,리라,286,17922,1480,2.794
乎,리오,167,6463,2505,2.73
自,으로,518,12604,4014,2.72
者,는,9724,32807,29442,2.695
言,호되,299,14617,2085,2.658
可,아,688,14791,4769,2.65
亦,리라,111,7781,1480,2.633
我,로다,101,5179,2035,2.624
也,라,25115,55765,47501,2.609
若,하면,136,5781,2504,2.596
能,리오,237,10262,2505,2.568
年,이라,1503,8468,19406,2.557
可,니이다,565,14791,4230,2.538
年,에,2528,8468,33893,2.503
已,니라,317,6077,5946,2.497
矣,니이다,396,10758,4230,2.485
者,를,831,32807,2922,2.48
也,니이다,2019,55765,4230,2.461
也,니라,2803,55765,5946,2.443
可,로다,252,14791,2035,2.429
非,니이다,251,7155,4230,2.416
此,니이다,480,13827,4230,2.401
十,과,141,8664,1986,2.398
已,니이다,203,6077,4230,2.345
矣,니,961,10758,11458,2.326
未,니이다,233,7071,4230,2.325
十,에,2235,8664,33893,2.292
自,로,1012,12604,10552,2.291
以,으로,1737,56979,4014,2.289
也,니,4796,55765,11458,2.272
亦,아,278,7781,4769,2.269
可,리라,162,14791,1480,2.251
欲,한대,233,6503,4853,2.248
亦,니라,340,7781,5946,2.241
如,면,531,10036,7220,2.237
可,니라,637,14791,5946,2.22
後,에,1928,7915,33893,2.209
非,로되,99,7155,1926,2.208
能,아,350,10262,4769,2.202
若,오,109,5781,2649,2.195
州,할새,78,6854,1603,2.191
士,가,217,5742,5488,2.147
于,하다,1157,7677,21901,2.146
皆,로되,125,9513,1926,2.134
非,니라,290,7155,5946,2.133
皆,러라,111,9513,1730,2.117
事,를,240,12239,2922,2.11
時,에,1630,7239,33893,2.096
上,호되,141,10237,2085,2.087
使,한대,338,10667,4853,2.071
非,요,487,7155,10441,2.068
也,요,3774,55765,10441,2.06
矣,라하니,140,10758,2008,2.06
陽,으로,137,5290,4014,2.053
于,할새,79,7677,1603,2.046
矣,라,3277,10758,47501,2.045
謂,로다,125,9601,2035,2.041
亦,이니라,86,7781,1741,2.03
亦,로다,100,7781,2035,2.023
欲,나,135,6503,3289,2.022
十,와,82,8664,1530,1.993
欲,이어늘,191,6503,4747,1.993
已,러라,65,6077,1730,1.992
將,리라,85,9320,1480,1.987
非,면,318,7155,7220,1.986
州,러니,145,6854,3446,1.982
矣,러라,113,10758,1730,1.966
欲,어늘,200,6503,5137,1.946
無,리라,134,15219,1480,1.936
欲,러니,133,6503,3446,1.933
非,이면,321,7155,7569,1.931
已,니,412,6077,11458,1.929
此,니라,486,13827,5946,1.927
亦,니이다,194,7781,4230,1.923
二,와,78,8670,1530,1.92
可,라하니,173,14791,2008,1.906
侯,하다,714,5662,21901,1.889
乃,하다,855,6861,21901,1.872
欲,호되,77,6503,2085,1.869
安,아,139,5163,4769,1.861
見,하니라,167,7174,4192,1.837
矣,나,196,10758,3289,1.833
以,로,3326,56979,10552,1.831
侯,할새,50,5662,1603,1.825
日,에,1101,5927,33893,1.818
也,오,809,55765,2649,1.817
夫,와,66,7906,1530,1.812
無,이니이다,146,15219,1763,1.808
必,이니,235,6558,6609,1.803
非,아,184,7155,4769,1.795
可,리오,197,14791,2505,1.774
心,이니이다,50,5358,1763,1.768
我,아,130,5179,4769,1.76
州,하다,788,6854,21901,1.756
欲,이러니,113,6503,3321,1.751
王,이,2656,15787,32454,1.738
可,이니이다,135,14791,1763,1.736
言,하면,189,14617,2504,1.732
心,이면,209,5358,7569,1.729
所,니이다,455,21112,4230,1.713
陽,할새,43,5290,1603,1.706
當,이니,193,5778,6609,1.701
十,이라,849,8664,19406,1.7
我,오,69,5179,2649,1.694
我,라하니,52,5179,2008,1.686
得,리오,141,11263,2505,1.685
今,하면,98,7896,2504,1.673
五,와,43,5675,1530,1.672
矣,요,554,10758,10441,1.666
可,이니라,127,14791,1741,1.666
得,리라,82,11263,1480,1.662
已,요,311,6077,10441,1.657
知,로되,85,9062,1926,1.648
臣,으로,175,8962,4014,1.646
出,할새,51,6562,1603,1.641
三,과,85,8850,1986,1.638
知,나,144,9062,3289,1.636
未,니라,203,7071,5946,1.635
天,하시니,103,14627,1464,1.63
二,에,1411,8670,33893,1.627
心,을,60,5358,2335,1.625
兵,할새,54,7038,1603,1.623
知,니라,258,9062,5946,1.623
年,이요,305,8468,7585,1.611
將,러니,152,9320,3446,1.606
所,니라,594,21112,5946,1.606
臣,니이다,179,8962,4230,1.603
能,면,349,10262,7220,1.6
故,하니라,246,12458,4192,1.6
欲,로되,59,6503,1926,1.6
如,하니라,198,10036,4192,1.598
此,면,468,13827,7220,1.593
非,이요,253,7155,7585,1.585
則,이요,633,17922,7585,1.583
下,하시니,114,16718,1464,1.583
軍,하다,662,6500,21901,1.581
十,이요,305,8664,7585,1.578
民,이니이다,56,6852,1763,1.576
又,리오,79,6808,2505,1.575
我,리오,60,5179,2505,1.573
知,로다,85,9062,2035,1.568
王,과,144,15787,1986,1.563
必,이니이다,53,6558,1763,1.56
得,아,246,11263,4769,1.559
書,와,48,6867,1530,1.555
四,에,917,5932,33893,1.553
無,니이다,293,15219,4230,1.55
此,하니라,263,13827,4192,1.546
已,라하니,55,6077,2008,1.536
使,로,506,10667,10552,1.532
則,니라,478,17922,5946,1.529
知,리오,101,9062,2505,1.517
亦,이니이다,61,7781,1763,1.516
民,을,71,6852,2335,1.513
與,로,533,11425,10552,1.508
太,할새,49,6940,1603,1.503
書,호되,63,6867,2085,1.501
所,를,271,21112,2922,1.499
未,이러니,103,7071,3321,1.497
必,이니라,50,6558,1741,1.494
者,가,787,32807,5488,1.492
非,라,1486,7155,47501,1.492
已,오,70,6077,2649,1.484
知,니이다,166,9062,4230,1.478
不,이니라,446,59177,1741,1.478
將,한대,195,9320,4853,1.472
則,요,807,17922,10441,1.472
亦,러라,58,7781,1730,1.471
皆,호되,85,9513,2085,1.463
是,니라,317,12444,5946,1.463
兵,이어늘,143,7038,4747,1.461
中,으로,183,10651,4014,1.461
太,하다,650,6940,21901,1.46
此,는,1735,13827,29442,1.455
矣,어늘,235,10758,5137,1.452
五,에,815,5675,33893,1.447
是,에,1785,12444,33893,1.445
諸,할새,41,6054,1603,1.443
皆,하니라,168,9513,4192,1.438
與,할새,77,11425,1603,1.436
非,나,99,7155,3289,1.436
及,에,918,6449,33893,1.434
一,이면,365,11484,7569,1.434
有,리오,287,27333,2505,1.431
用,리오,73,6966,2505,1.428
則,이니,495,17922,6609,1.427
可,요,644,14791,10441,1.424
可,이요,466,14791,7585,1.418
不,이니이다,433,59177,1763,1.417
在,이라하니,50,7780,1552,1.414
主,할새,37,5573,1603,1.414
太,과,57,6940,1986,1.412
欲,이나,127,6503,4758,1.401
軍,으로,107,6500,4014,1.4
亦,라,1512,7781,47501,1.396
未,나,95,7071,3289,1.394
從,이러니,76,5608,3321,1.393
出,이어늘,127,6562,4747,1.391
夫,는,949,7906,29442,1.391
用,이니이다,50,6966,1763,1.389
已,로다,50,6077,2035,1.379
用,이니라,49,6966,1741,1.378
未,로되,55,7071,1926,1.378
不,리라,353,59177,1480,1.375
有,나,362,27333,3289,1.373
非,니,329,7155,11458,1.368
可,이니,392,14791,6609,1.367
如,러라,69,10036,1730,1.354
則,을,165,17922,2335,1.343
有,면,777,27333,7220,1.341
未,이니이다,49,7071,1763,1.338
不,이면,1759,59177,7569,1.337
乃,으로,108,6861,4014,1.335
三,에,1176,8850,33893,1.335
不,니이다,981,59177,4230,1.334
諸,를,69,6054,2922,1.327
至,로되,83,11075,1926,1.324
軍,이러니,84,6500,3321,1.324
而,니라,1284,55740,5946,1.318
士,와,34,5742,1530,1.316
然,이면,293,10020,7569,1.314
兵,한대,132,7038,4853,1.314
五,으로,88,5675,4014,1.313
不,니라,1359,59177,5946,1.313
四,와,35,5932,1530,1.311
正,으로,81,5244,4014,1.308
主,한대,104,5573,4853,1.307
已,로되,45,6077,1926,1.307
于,로다,60,7677,2035,1.305
必,이라하니,39,6558,1552,1.302
然,나,126,10020,3289,1.299
于,하시니,43,7677,1464,1.299
公,하다,1246,14884,21901,1.298
能,리라,58,10262,1480,1.297
能,이면,296,10262,7569,1.294
正,이면,151,5244,7569,1.291
文,하니라,112,7036,4192,1.289
謂,이니,241,9601,6609,1.289
已,라,1096,6077,47501,1.288
明,하시니,33,5950,1464,1.285
從,러니,73,5608,3446,1.281
于,이라하니,45,7677,1552,1.281
未,이나,127,7071,4758,1.28
當,로되,42,5778,1926,1.28
陽,이러니,66,5290,3321,1.273
則,니,769,17922,11458,1.269
將,으로,140,9320,4014,1.268
我,이라하니,30,5179,1552,1.264
出,이라하니,38,6562,1552,1.263
謂,이요,271,9601,7585,1.26
無,러라,98,15219,1730,1.26
二,과,64,8670,1986,1.258
可,나,180,14791,3289,1.251
必,이요,184,6558,7585,1.251
不,아,1044,59177,4769,1.251
主,러니,71,5573,3446,1.25
當,니라,127,5778,5946,1.25
其,아,841,47777,4769,1.248
一,하면,106,11484,2504,1.246
王,으로,233,15787,4014,1.242
道,니라,179,8195,5946,1.241
正,에,652,5244,33893,1.239
可,로되,104,14791,1926,1.232
從,하다,448,5608,21901,1.231
心,이니라,34,5358,1741,1.23
相,이러니,88,7271,3321,1.229
州,가,137,6854,5488,1.228
此,하면,126,13827,2504,1.227
而,면,1464,55740,7220,1.227
主,러라,35,5573,1730,1.224
州,와,38,6854,1530,1.221
州,한대,120,6854,4853,1.215
而,하시니,294,55740,1464,1.213
道,면,213,8195,7220,1.212
之,와,648,117623,1530,1.212
二,이요,235,8670,7585,1.201
非,이니,168,7155,6609,1.193
軍,할새,37,6500,1603,1.192
則,이니이다,112,17922,1763,1.189
軍,이,747,6500,32454,1.188
得,이니이다,70,11263,1763,1.181
亦,니,314,7781,11458,1.18
太,으로,98,6940,4014,1.178
可,니,596,14791,11458,1.178
欲,아,109,6503,4769,1.177
則,를,184,17922,2922,1.177
當,리라,30,5778,1480,1.174
兵,이러니,82,7038,3321,1.174
心,이니,124,5358,6609,1.172
行,이면,219,8270,7569,1.17
得,이면,298,11263,7569,1.169
有,로되,184,27333,1926,1.169
今,로되,53,7896,1926,1.165
太,와,37,6940,1530,1.165
所,니,842,21112,11458,1.163
則,이니라,108,17922,1741,1.155
軍,한대,109,6500,4853,1.153
及,와,34,6449,1530,1.149
知,아,149,9062,4769,1.149
知,러라,54,9062,1730,1.148
二,이라,579,8670,19406,1.147
已,어늘,107,6077,5137,1.141
而,니이다,808,55740,4230,1.141
兵,러니,83,7038,3446,1.139
成,이니이다,31,5140,1763,1.138
安,이니이다,31,5163,1763,1.132
諸,한대,100,6054,4853,1.131
可,라,2389,14791,47501,1.129
謂,라,1548,9601,47501,1.127
所,을,167,21112,2335,1.124
也,라하니,379,55765,2008,1.123
陽,이어늘,85,5290,4747,1.123
而,이면,1426,55740,7569,1.121
兵,하여,1019,7038,42834,1.121
正,이니,117,5244,6609,1.119
民,이,750,6852,32454,1.118
夫,하시니,39,7906,1464,1.116
無,이니라,89,15219,1741,1.112
必,라하니,44,6558,2008,1.104
陽,하다,387,5290,21901,1.104
皆,이니이다,56,9513,1763,1.103
三,이요,224,8850,7585,1.102
亦,로되,50,7781,1926,1.102
太,가,127,6940,5488,1.101
如,로다,68,10036,2035,1.099
無,니라,301,15219,5946,1.098
天,를,142,14627,2922,1.096
我,하면,43,5179,2504,1.093
臣,이,964,8962,32454,1.092
能,니라,202,10262,5946,1.091
夫,과,52,7906,1986,1.091
得,면,269,11263,7220,1.09
必,니라,129,6558,5946,1.09
州,하니라,95,6854,4192,1.089
子,하시니,133,27498,1464,1.088
有,이면,682,27333,7569,1.085
夫,가,143,7906,5488,1.084
使,러니,121,10667,3446,1.083
臣,이니이다,52,8962,1763,1.082
此,리오,114,13827,2505,1.082
亦,리오,64,7781,2505,1.079
下,니이다,232,16718,4230,1.078
將,오,81,9320,2649,1.078
必,니,246,6558,11458,1.075
一,이니,248,11484,6609,1.072
謂,라하니,63,9601,2008,1.072
我,면,122,5179,7220,1.07
我,리라,25,5179,1480,1.069
欲,하시니,31,6503,1464,1.067
知,면,213,9062,7220,1.067
又,하니,863,6808,39036,1.063
諸,호되,41,6054,2085,1.063
必,니이다,90,6558,4230,1.062
又,호되,46,6808,2085,1.06
能,로되,64,10262,1926,1.059
侯,한대,89,5662,4853,1.059
當,이라하니,29,5778,1552,1.057
下,를,158,16718,2922,1.057
文,과,45,7036,1986,1.051
所,요,710,21112,10441,1.051
行,하시니,39,8270,1464,1.051
世,나,56,5291,3289,1.05
謂,요,322,9601,10441,1.047
所,라,3221,21112,47501,1.047
州,어늘,113,6854,5137,1.046
之,과,749,117623,1986,1.045
用,이면,169,6966,7569,1.044
今,하시니,37,7896,1464,1.042
如,하시니,47,10036,1464,1.041
五,과,36,5675,1986,1.039
謂,니,351,9601,11458,1.038
與,이러니,121,11425,3321,1.037
於,에,2983,27629,33893,1.035
未,라,1070,7071,47501,1.035
書,한대,106,6867,4853,1.033
使,하다,742,10667,21901,1.031
五,이라,349,5675,19406,1.028
謂,니라,181,9601,5946,1.028
無,아,230,15219,4769,1.028
則,라하니,114,17922,2008,1.027
所,이니,442,21112,6609,1.027
如,니라,189,10036,5946,1.027
人,을,224,30308,2335,1.026
如,로되,61,10036,1926,1.022
大,와,78,16158,1530,1.021
能,러라,56,10262,1730,1.021
太,한대,106,6940,4853,1.018
當,니,208,5778,11458,1.015
能,나,106,10262,3289,1.015
軍,하여,872,6500,42834,1.011
士,러니,62,5742,3446,1.011
十,이니,178,8664,6609,1.0
當,이요,136,5778,7585,0.997
與,러니,122,11425,3446,0.995
道,니,290,8195,11458,0.991
使,면,238,10667,7220,0.991
臣,과,55,8962,1986,0.991
而,리라,254,55740,1480,0.986
然,아,147,10020,4769,0.985
四,이라,354,5932,19406,0.984
王,하시니,71,15787,1464,0.983
以,하시니,256,56979,1464,0.981
三,이라,526,8850,19406,0.979
無,나,153,15219,3289,0.976
士,하야,435,5742,24828,0.973
出,하야,497,6562,24828,0.973
可,이라하니,70,14791,1552,0.972
得,이러니,114,11263,3321,0.971
及,리라,29,6449,1480,0.967
乎,리라,29,6463,1480,0.964
道,요,259,8195,10441,0.962
皆,이라,558,9513,19406,0.959
而,이니이다,296,55740,1763,0.954
無,라하니,92,15219,2008,0.954
未,이어늘,101,7071,4747,0.953
一,이요,262,11484,7585,0.952
不,면,1284,59177,7220,0.951
上,이,998,10237,32454,0.951
亦,하니라,98,7781,4192,0.951
民,를,60,6852,2922,0.947
我,나,51,5179,3289,0.946
從,하야,417,5608,24828,0.946
及,하야,479,6449,24828,0.945
國,이니라,42,8059,1741,0.945
天,니이다,185,14627,4230,0.944
其,리오,358,47777,2505,0.944
以,이니이다,300,56979,1763,0.942
者,면,707,32807,7220,0.941
如,리오,75,10036,2505,0.941
心,이라,310,5358,19406,0.94
當,이니라,30,5778,1741,0.94
知,리라,40,9062,1480,0.94
然,이니라,52,10020,1741,0.939
也,로다,338,55765,2035,0.938
亦,이니,153,7781,6609,0.937
五,이요,128,5675,7585,0.936
四,과,35,5932,1986,0.935
而,아,790,55740,4769,0.935
今,나,77,7896,3289,0.932
日,리라,26,5927,1480,0.931
正,니,178,5244,11458,0.93
者,로되,187,32807,1926,0.929
乃,하여,870,6861,42834,0.929
而,이니라,287,55740,1741,0.928
三,이니,173,8850,6609,0.928
與,아,161,11425,4769,0.927
是,니,421,12444,11458,0.926
三,와,40,8850,1530,0.926
其,로다,287,47777,2035,0.925
自,리라,55,12604,1480,0.924
知,요,279,9062,10441,0.924
謂,오,75,9601,2649,0.924
當,나,56,5778,3289,0.923
謂,호되,59,9601,2085,0.923
知,러니,92,9062,3446,0.923
在,라하니,46,7780,2008,0.922
也,로되,316,55765,1926,0.921
未,러라,36,7071,1730,0.921
人,이니,589,30308,6609,0.92
用,하시니,30,6966,1464,0.92
所,와,95,21112,1530,0.92
若,와,26,5781,1530,0.919
出,이러니,64,6562,3321,0.918
用,이니,135,6966,6609,0.916
事,나,118,12239,3289,0.915
相,로되,41,7271,1926,0.913
太,러니,70,6940,3446,0.913
如,라하니,59,10036,2008,0.913
亦,이라,442,7781,19406,0.913
不,하며,1021,59177,5902,0.911
未,러니,71,7071,3446,0.907
則,라,2481,17922,47501,0.907
有,아,380,27333,4769,0.907
中,이러니,103,10651,3321,0.906
此,라,1911,13827,47501,0.905
在,로다,46,7780,2035,0.902
爲,러니,375,37502,3446,0.901
今,으로,92,7896,4014,0.901
諸,을,41,6054,2335,0.9
于,하니,868,7677,39036,0.898
又,아,94,6808,4769,0.897
無,하며,260,15219,5902,0.897
道,나,78,8195,3289,0.897
從,할새,26,5608,1603,0.896
民,하시니,29,6852,1464,0.895
乎,로다,38,6463,2035,0.894
得,니라,193,11263,5946,0.891
皆,니이다,116,9513,4230,0.891
將,하여,1150,9320,42834,0.89
明,이요,130,5950,7585,0.89
夫,리오,57,7906,2505,0.889
皆,라,1300,9513,47501,0.888
將,이러니,89,9320,3321,0.887
在,니라,133,7780,5946,0.887
是,면,258,12444,7220,0.886
將,리오,67,9320,2505,0.885
人,이,2819,30308,32454,0.883
乃,호되,41,6861,2085,0.883
與,리오,82,11425,2505,0.882
安,이러니,49,5163,3321,0.879
以,니이다,689,56979,4230,0.879
能,니이다,124,10262,4230,0.878
將,이,864,9320,32454,0.878
必,로되,36,6558,1926,0.875
無,면,313,15219,7220,0.874
無,이면,328,15219,7569,0.873
皆,이니,179,9513,6609,0.873
兵,하야,497,7038,24828,0.872
又,하야,481,6808,24828,0.872
不,이라하니,261,59177,1552,0.871
在,이니이다,39,7780,1763,0.871
事,면,251,12239,7220,0.87
必,요,194,6558,10441,0.866
是,라,1675,12444,47501,0.866
知,라,1217,9062,47501,0.863
夫,은,478,7906,21393,0.863
五,이니,106,5675,6609,0.863
夫,로되,43,7906,1926,0.861
所,이니이다,105,21112,1763,0.86
兵,하다,435,7038,21901,0.86
在,하니,855,7780,39036,0.857
無,이요,325,15219,7585,0.857
君,이면,230,10804,7569,0.856
時,나,67,7239,3289,0.856
有,이나,366,27333,4758,0.856
見,하고,916,7174,45403,0.855
不,라하니,334,59177,2008,0.855
公,할새,67,14884,1603,0.853
一,과,64,11484,1986,0.852
皆,어늘,137,9513,5137,0.851
陽,이라하니,23,5290,1552,0.85
未,하시니,29,7071,1464,0.85
也,리라,231,55765,1480,0.849
能,이니라,50,10262,1741,0.848
成,이니라,25,5140,1741,0.846
得,니이다,133,11263,4230,0.845
之,을,766,117623,2335,0.843
非,라하니,40,7155,2008,0.841
未,이라,382,7071,19406,0.841
之,를,957,117623,2922,0.841
言,을,95,14617,2335,0.841
已,리라,25,6077,1480,0.839
皆,하다,579,9513,21901,0.838
諸,이,546,6054,32454,0.838
四,이요,125,5932,7585,0.838
皆,니라,157,9513,5946,0.836
公,이,1340,14884,32454,0.836
其,리라,196,47777,1480,0.835
子,한대,370,27498,4853,0.835
於,이니이다,135,27629,1763,0.834
公,한대,200,14884,4853,0.833
正,이요,110,5244,7585,0.831
國,을,52,8059,2335,0.83
故,이라,668,12458,19406,0.83
明,으로,66,5950,4014,0.83
無,로되,81,15219,1926,0.83
已,아,80,6077,4769,0.829
陽,과,29,5290,1986,0.829
主,어늘,79,5573,5137,0.828
者,니이다,383,32807,4230,0.828
見,한대,96,7174,4853,0.827
主,호되,32,5573,2085,0.825
謂,이라하니,41,9601,1552,0.824
當,이니이다,28,5778,1763,0.822
世,로되,28,5291,1926,0.822
十,러라,41,8664,1730,0.815
今,에,732,7896,33893,0.815
世,니라,86,5291,5946,0.814
道,라,1063,8195,47501,0.813
兵,으로,77,7038,4014,0.81
爲,리오,256,37502,2505,0.81
見,이니라,34,7174,1741,0.808
以,니라,922,56979,5946,0.808
爲,하다,2234,37502,21901,0.807
後,니라,128,7915,5946,0.807
書,과,37,6867,1986,0.804
爲,이라하니,158,37502,1552,0.804
太,이,611,6940,32454,0.803
士,로되,30,5742,1926,0.803
書,하니라,78,6867,4192,0.802
謂,니이다,110,9601,4230,0.801
明,과,32,5950,1986,0.801
又,하시니,27,6808,1464,0.801
而,하며,891,55740,5902,0.801
於,아,356,27629,4769,0.798
欲,이면,133,6503,7569,0.798
已,나,54,6077,3289,0.798
得,이니라,53,11263,1741,0.798
此,라하니,75,13827,2008,0.797
至,하야,740,11075,24828,0.792
主,하여,642,5573,42834,0.791
亦,라하니,42,7781,2008,0.79
至,리라,44,11075,1480,0.788
民,이니라,32,6852,1741,0.787
皆,이어늘,121,9513,4747,0.786
人,으로,326,30308,4014,0.786
事,러니,113,12239,3446,0.786
天,이니이다,69,14627,1763,0.784
于,하야,510,7677,24828,0.784
諸,으로,65,6054,4014,0.783
于,하니라,86,7677,4192,0.782
有,하니,2845,27333,39036,0.779
所,이요,427,21112,7585,0.779
者,니라,520,32807,5946,0.778
之,니라,1863,117623,5946,0.777
是,아,158,12444,4769,0.776
欲,면,125,6503,7220,0.776
時,하야,478,7239,24828,0.775
是,요,345,12444,10441,0.773
其,니라,754,47777,5946,0.772
時,로되,37,7239,1926,0.772
從,리라,22,5608,1480,0.77
公,하야,979,14884,24828,0.769
得,이라,579,11263,19406,0.769
今,면,151,7896,7220,0.769
國,이니,141,8059,6609,0.768
臣,할새,38,8962,1603,0.767
謂,아,121,9601,4769,0.766
皆,이라하니,39,9513,1552,0.765
民,이면,137,6852,7569,0.765
道,는,637,8195,29442,0.764
軍,하고,779,6500,45403,0.764
見,리라,28,7174,1480,0.763
何,가,94,6499,5488,0.762
日,하다,342,5927,21901,0.761
其,하면,315,47777,2504,0.76
皆,니,287,9513,11458,0.76
心,이나,67,5358,4758,0.758
當,어늘,78,5778,5137,0.758
成,리라,20,5140,1480,0.758
兵,어늘,95,7038,5137,0.757
則,이라하니,73,17922,1552,0.756
正,이라,267,5244,19406,0.755
有,니이다,303,27333,4230,0.754
王,하다,906,15787,21901,0.753
君,아,135,10804,4769,0.753
士,러라,26,5742,1730,0.752
文,을,43,7036,2335,0.752
出,하면,43,6562,2504,0.752
人,이면,600,30308,7569,0.751
使,이면,211,10667,7569,0.75
者,아,409,32807,4769,0.75
若,과,30,5781,1986,0.749
陽,한대,67,5290,4853,0.748
州,하야,444,6854,24828,0.747
在,하니라,85,7780,4192,0.746
世,이니라,24,5291,1741,0.745
以,이라하니,230,56979,1552,0.743
之,니이다,1294,117623,4230,0.743
有,리라,105,27333,1480,0.74
世,와,21,5291,1530,0.739
出,이니이다,30,6562,1763,0.738
得,하면,73,11263,2504,0.736
當,라하니,30,5778,2008,0.734
二,으로,90,8670,4014,0.734
生,으로,53,5109,4014,0.734
則,리오,116,17922,2505,0.733
心,이요,105,5358,7585,0.733
日,이니이다,27,5927,1763,0.733
在,이니라,35,7780,1741,0.733
世,가,75,5291,5488,0.733
必,하며,100,6558,5902,0.733
于,하며,117,7677,5902,0.732
至,하여,1223,11075,42834,0.73
則,니이다,195,17922,4230,0.727
諸,하다,341,6054,21901,0.727
行,이라하니,33,8270,1552,0.726
亦,이라하니,31,7781,1552,0.724
如,니이다,109,10036,4230,0.724
天,가,206,14627,5488,0.723
此,오,94,13827,2649,0.723
以,하면,366,56979,2504,0.723
今,가,111,7896,5488,0.721
已,리오,39,6077,2505,0.721
而,하니,5573,55740,39036,0.721
士,를,43,5742,2922,0.721
太,이러니,59,6940,3321,0.72
見,하면,46,7174,2504,0.72
使,하야,677,10667,24828,0.718
皆,나,80,9513,3289,0.718
言,이라하니,58,14617,1552,0.718
爲,이러니,318,37502,3321,0.716
夫,으로,81,7906,4014,0.716
能,이니,173,10262,6609,0.715
言,이면,282,14617,7569,0.714
爲,라하니,192,37502,2008,0.714
不,이요,1144,59177,7585,0.713
將,어늘,122,9320,5137,0.713
必,이라,324,6558,19406,0.712
從,이면,108,5608,7569,0.711
事,하면,78,12239,2504,0.711
一,면,211,11484,7220,0.711
民,이니,115,6852,6609,0.708
侯,와,22,5662,1530,0.708
不,러라,260,59177,1730,0.708
行,이니이다,37,8270,1763,0.707
非,이니이다,32,7155,1763,0.707
皆,이니라,42,9513,1741,0.706
爲,아,453,37502,4769,0.704
之,면,2149,117623,7220,0.703
曰,이라하니,104,26519,1552,0.701
王,와,61,15787,1530,0.7
有,하며,407,27333,5902,0.699
用,리라,26,6966,1480,0.698
以,이니라,250,56979,1741,0.697
兵,하니,692,7038,39036,0.696
然,에,855,10020,33893,0.696
不,나,490,59177,3289,0.696
後,라하니,40,7915,2008,0.695
臣,하시니,33,8962,1464,0.694
成,이요,98,5140,7585,0.693
乃,이니라,30,6861,1741,0.692
從,하니라,59,5608,4192,0.691
事,와,47,12239,1530,0.691
民,으로,69,6852,4014,0.691
成,이라하니,20,5140,1552,0.69
當,요,151,5778,10441,0.687
明,니이다,63,5950,4230,0.687
而,하면,349,55740,2504,0.686
成,이어늘,61,5140,4747,0.686
出,이면,124,6562,7569,0.684
用,이라하니,27,6966,1552,0.684
于,한대,93,7677,4853,0.683
其,이니이다,210,47777,1763,0.682
相,하며,107,7271,5902,0.682
臣,은,477,8962,21393,0.679
一,에,968,11484,33893,0.678
有,어늘,349,27333,5137,0.677
陽,하여,563,5290,42834,0.677
所,로되,101,21112,1926,0.676
得,나,92,11263,3289,0.676
之,리오,731,117623,2505,0.675
君,오,71,10804,2649,0.674
大,하다,877,16158,21901,0.673
成,이라,247,5140,19406,0.672
將,아,110,9320,4769,0.671
有,니라,402,27333,5946,0.67
此,하시니,50,13827,1464,0.668
爲,이요,702,37502,7585,0.667
此,러라,59,13827,1730,0.666
心,으로,53,5358,4014,0.665
于,라하니,38,7677,2008,0.665
國,를,58,8059,2922,0.664
之,하시니,424,117623,1464,0.664
亦,나,63,7781,3289,0.663
在,니이다,81,7780,4230,0.663
兵,이,562,7038,32454,0.663
用,이요,130,6966,7585,0.663
文,이라,336,7036,19406,0.663
士,로,149,5742,10552,0.662
不,이라,2825,59177,19406,0.662
與,와,43,11425,1530,0.662
能,이나,120,10262,4758,0.661
中,과,52,10651,1986,0.661
用,하며,101,6966,5902,0.66
軍,러니,55,6500,3446,0.66
而,라,6499,55740,47501,0.659
當,니이다,60,5778,4230,0.659
於,이니라,118,27629,1741,0.658
知,와,34,9062,1530,0.658
皆,하니,910,9513,39036,0.657
言,이나,170,14617,4758,0.653
此,리라,50,13827,1480,0.653
文,으로,69,7036,4014,0.652
則,하고,1988,17922,45403,0.652
人,은,1583,30308,21393,0.651
是,라하니,61,12444,2008,0.651
兵,하면,43,7038,2504,0.651
陽,이,419,5290,32454,0.651
人,이요,561,30308,7585,0.651
在,이요,144,7780,7585,0.651
使,하고,1181,10667,45403,0.65
於,할새,108,27629,1603,0.65
又,하여,711,6808,42834,0.649
當,하여,603,5778,42834,0.648
事,니이다,126,12239,4230,0.647
不,이니,951,59177,6609,0.646
行,이니라,35,8270,1741,0.645
下,가,223,16718,5488,0.645
能,이요,189,10262,7585,0.644
生,하면,31,5109,2504,0.641
所,는,1507,21112,29442,0.641
出,하니,621,6562,39036,0.641
心,하여,556,5358,42834,0.64
然,러라,42,10020,1730,0.64
相,하니,687,7271,39036,0.639
三,을,50,8850,2335,0.638
將,이어늘,107,9320,4747,0.638
能,라,1178,10262,47501,0.637
兵,이니이다,30,7038,1763,0.637
心,이러니,43,5358,3321,0.637
世,아,61,5291,4769,0.637
成,이면,94,5140,7569,0.636
王,한대,185,15787,4853,0.636
成,이니,82,5140,6609,0.635
行,할새,32,8270,1603,0.635
子,가,364,27498,5488,0.634
兵,하고,771,7038,45403,0.634
當,하야,346,5778,24828,0.634
道,로되,38,8195,1926,0.631
臣,와,33,8962,1530,0.631
其,니이다,486,47777,4230,0.63
行,를,58,8270,2922,0.627
是,이니라,52,12444,1741,0.627
文,은,361,7036,21393,0.626
君,면,187,10804,7220,0.625
從,호되,28,5608,2085,0.624
如,이면,182,10036,7569,0.624
國,이요,146,8059,7585,0.62
用,이라,323,6966,19406,0.62
書,하다,359,6867,21901,0.619
其,이면,863,47777,7569,0.619
乃,아,78,6861,4769,0.617
于,러니,63,7677,3446,0.616
使,호되,53,10667,2085,0.616
民,니이다,69,6852,4230,0.615
國,이어늘,91,8059,4747,0.614
行,하며,116,8270,5902,0.613
至,면,190,11075,7220,0.612
必,리오,39,6558,2505,0.611
自,이니라,52,12604,1741,0.608
民,리라,24,6852,1480,0.607
軍,호되,32,6500,2085,0.603
以,한대,653,56979,4853,0.603
兵,과,33,7038,1986,0.603
爲,니이다,374,37502,4230,0.601
天,이니라,60,14627,1741,0.6
國,와,29,8059,1530,0.598
世,라하니,25,5291,2008,0.598
者,니,884,32807,11458,0.597
中,이요,190,10651,7585,0.597
乃,이라하니,25,6861,1552,0.595
四,이니,92,5932,6609,0.594
曰,가,341,26519,5488,0.592
得,라하니,53,11263,2008,0.592
今,이면,140,7896,7569,0.592
五,러라,23,5675,1730,0.592
又,으로,64,6808,4014,0.591
生,로되,23,5109,1926,0.589
在,이라,353,7780,19406,0.589
得,이니,174,11263,6609,0.589
今,하니,720,7896,39036,0.588
有,이라하니,99,27333,1552,0.586
軍,이어늘,72,6500,4747,0.586
事,로되,55,12239,1926,0.586
下,로되,75,16718,1926,0.584
爲,이니이다,154,37502,1763,0.584
五,요,138,5675,10441,0.583
臣,하야,518,8962,24828,0.583
於,리오,161,27629,2505,0.582
乃,하야,396,6861,24828,0.581
已,면,102,6077,7220,0.581
未,라하니,33,7071,2008,0.58
於,나,211,27629,3289,0.579
及,하다,328,6449,21901,0.579
相,하야,419,7271,24828,0.578
爲,니라,517,37502,5946,0.577
無,이라,685,15219,19406,0.577
未,어늘,84,7071,5137,0.573
天,을,79,14627,2335,0.573
出,하다,332,6562,21901,0.572
曰,라하니,123,26519,2008,0.571
知,라하니,42,9062,2008,0.57
其,면,796,47777,7220,0.57
天,로되,65,14627,1926,0.57
州,하고,718,6854,45403,0.57
見,이라,321,7174,19406,0.569
明,에,465,5950,33893,0.569
成,할새,19,5140,1603,0.569
以,리오,329,56979,2505,0.568
太,하여,685,6940,42834,0.568
至,에,864,11075,33893,0.566
出,러니,52,6562,3446,0.565
能,이라,458,10262,19406,0.565
從,이라하니,20,5608,1552,0.564
今,하니라,76,7896,4192,0.563
道,를,55,8195,2922,0.563
事,니,322,12239,11458,0.563
上,한대,114,10237,4853,0.562
太,하고,723,6940,45403,0.562
臣,을,48,8962,2335,0.561
出,하여,644,6562,42834,0.56
已,러니,48,6077,3446,0.56
下,나,126,16718,3289,0.56
出,하니라,63,6562,4192,0.559
此,로되,61,13827,1926,0.559
是,로다,58,12444,2035,0.559
未,요,169,7071,10441,0.558
不,리오,339,59177,2505,0.557
明,이면,103,5950,7569,0.557
安,이어늘,56,5163,4747,0.556
正,이나,57,5244,4758,0.556
君,이요,187,10804,7585,0.554
以,하니라,545,56979,4192,0.554
書,하야,389,6867,24828,0.554
在,오,47,7780,2649,0.553
欲,하여,635,6503,42834,0.553
主,으로,51,5573,4014,0.553
世,니이다,51,5291,4230,0.552
州,과,31,6854,1986,0.551
三,호되,42,8850,2085,0.55
是,이니,187,12444,6609,0.549
未,이니라,28,7071,1741,0.549
如,라,1081,10036,47501,0.545
天,나,109,14627,3289,0.544
當,라,622,5778,47501,0.544
然,이니이다,40,10020,1763,0.543
之,니,3050,117623,11458,0.542
不,이나,637,59177,4758,0.542
此,아,149,13827,4769,0.54
夫,면,129,7906,7220,0.54
無,로다,70,15219,2035,0.54
君,는,719,10804,29442,0.54
無,요,359,15219,10441,0.54
將,하다,461,9320,21901,0.539
十,이러니,65,8664,3321,0.539
上,하여,989,10237,42834,0.537
欲,하야,364,6503,24828,0.536
知,하고,927,9062,45403,0.536
將,이니이다,37,9320,1763,0.535
民,하여,661,6852,42834,0.535
所,리오,119,21112,2505,0.534
行,하야,462,8270,24828,0.534
則,이라,783,17922,19406,0.534
於,이면,470,27629,7569,0.532
子,는,1819,27498,29442,0.532
於,하니,2424,27629,39036,0.532
子,라하니,124,27498,2008,0.531
於,니라,369,27629,5946,0.531
無,라,1622,15219,47501,0.53
大,가,199,16158,5488,0.53
天,니,376,14627,11458,0.529
四,러라,23,5932,1730,0.528
用,과,31,6966,1986,0.528
一,이라,499,11484,19406,0.527
大,할새,58,16158,1603,0.527
陽,하니,462,5290,39036,0.525
有,이라,1186,27333,19406,0.525
于,이러니,57,7677,3321,0.524
使,이니이다,42,10667,1763,0.523
然,니라,133,10020,5946,0.522
皆,이요,161,9513,7585,0.522
所,이니라,82,21112,1741,0.521
諸,로되,26,6054,1926,0.521
若,이라하니,20,5781,1552,0.52
臣,이라하니,31,8962,1552,0.52
以,라하니,255,56979,2008,0.52
見,니라,95,7174,5946,0.519
行,을,43,8270,2335,0.519
有,하니라,255,27333,4192,0.518
是,니이다,117,12444,4230,0.516
明,하며,78,5950,5902,0.515
可,오,87,14791,2649,0.515
行,하면,46,8270,2504,0.515
者,오,193,32807,2649,0.515
之,러라,452,117623,1730,0.515
君,을,56,10804,2335,0.514
至,하니,958,11075,39036,0.512
之,러니,898,117623,3446,0.511
故,오,73,12458,2649,0.509
一,니라,151,11484,5946,0.509
太,호되,32,6940,2085,0.509
人,로되,129,30308,1926,0.508
從,하면,31,5608,2504,0.506
我,니,131,5179,11458,0.506
也,리오,308,55765,2505,0.504
文,나,51,7036,3289,0.504
王,이라하니,54,15787,1552,0.504
一,니이다,107,11484,4230,0.503
用,이나,73,6966,4758,0.503
用,하야,381,6966,24828,0.503
可,이라,632,14791,19406,0.502
相,하니라,67,7271,4192,0.5
州,이러니,50,6854,3321,0.499
諸,가,73,6054,5488,0.499
心,아,56,5358,4769,0.496
所,가,254,21112,5488,0.496
生,이니,74,5109,6609,0.496
州,러라,26,6854,1730,0.496
君,으로,95,10804,4014,0.495
正,리라,17,5244,1480,0.495
天,와,49,14627,1530,0.494
其,하니라,438,47777,4192,0.493
而,하니라,511,55740,4192,0.493
國,과,35,8059,1986,0.493
無,이니,220,15219,6609,0.493
及,과,28,6449,1986,0.492
乃,이니,99,6861,6609,0.49
子,로다,122,27498,2035,0.488
從,이어늘,58,5608,4747,0.487
用,하면,38,6966,2504,0.487
下,는,1072,16718,29442,0.487
爲,이니,540,37502,6609,0.487
三,이러니,64,8850,3321,0.486
中,이어늘,110,10651,4747,0.485
民,하며,88,6852,5902,0.485
使,이러니,77,10667,3321,0.484
之,라,12146,117623,47501,0.484
爲,로되,157,37502,1926,0.484
天,니라,189,14627,5946,0.483
軍,과,28,6500,1986,0.481
諸,하여,562,6054,42834,0.48
從,한대,59,5608,4853,0.48
者,러라,123,32807,1730,0.48
人,이라하니,102,30308,1552,0.48
知,오,52,9062,2649,0.479
天,아,151,14627,4769,0.478
而,리오,302,55740,2505,0.477
其,이니라,180,47777,1741,0.477
民,이라하니,23,6852,1552,0.477
非,오,41,7155,2649,0.477
乃,니,170,6861,11458,0.476
用,이러니,50,6966,3321,0.476
無,이라하니,51,15219,1552,0.474
爲,이니라,141,37502,1741,0.474
國,이라하니,27,8059,1552,0.474
用,하니라,63,6966,4192,0.473
無,하니,1282,15219,39036,0.473
在,하면,42,7780,2504,0.472
在,를,49,7780,2922,0.472
文,이,492,7036,32454,0.471
安,한대,54,5163,4853,0.471
皆,이러니,68,9513,3321,0.47
爲,하고,3667,37502,45403,0.47
當,이라,241,5778,19406,0.468
一,이니라,43,11484,1741,0.468
中,하여,980,10651,42834,0.467
書,하고,670,6867,45403,0.467
國,이,562,8059,32454,0.467
士,는,363,5742,29442,0.466
如,이니이다,38,10036,1763,0.466
主,하다,262,5573,21901,0.466
天,라하니,63,14627,2008,0.465
欲,으로,56,6503,4014,0.465
然,이라,417,10020,19406,0.464
行,면,128,8270,7220,0.464
下,어늘,184,16718,5137,0.463
而,니,1368,55740,11458,0.463
時,면,112,7239,7220,0.463
主,로되,23,5573,1926,0.463
君,이,751,10804,32454,0.463
故,라,1267,12458,47501,0.462
此,니,339,13827,11458,0.461
上,하시니,32,10237,1464,0.458
至,니이다,100,11075,4230,0.458
此,요,308,13827,10441,0.457
使,하면,57,10667,2504,0.457
後,리라,25,7915,1480,0.457
事,어늘,134,12239,5137,0.455
國,이면,130,8059,7569,0.455
於,면,425,27629,7220,0.455
自,하야,666,12604,24828,0.453
能,니,250,10262,11458,0.452
天,리라,46,14627,1480,0.451
其,하며,599,47777,5902,0.451
一,로되,47,11484,1926,0.451
不,로되,242,59177,1926,0.45
人,이라,1249,30308,19406,0.45
者,라,3302,32807,47501,0.447
是,리오,66,12444,2505,0.446
生,이요,82,5109,7585,0.445
在,에,558,7780,33893,0.445
非,이나,72,7155,4758,0.444
不,하고,5680,59177,45403,0.444
我,를,32,5179,2922,0.444
使,하시니,33,10667,1464,0.443
夫,로다,34,7906,2035,0.443
不,하시니,183,59177,1464,0.443
必,라,658,6558,47501,0.442
五,를,35,5675,2922,0.441
將,호되,41,9320,2085,0.441
言,이요,234,14617,7585,0.441
中,이면,170,10651,7569,0.44
主,이,381,5573,32454,0.439
三,은,399,8850,21393,0.439
以,면,866,56979,7220,0.438
安,니이다,46,5163,4230,0.438
自,이어늘,126,12604,4747,0.438
出,한대,67,6562,4853,0.437
若,나,40,5781,3289,0.437
皆,러니,69,9513,3446,0.437
行,이니,115,8270,6609,0.437
未,에,504,7071,33893,0.436
乃,한대,70,6861,4853,0.436
言,하시니,45,14617,1464,0.436
非,와,23,7155,1530,0.435
天,요,321,14627,10441,0.435
陽,와,17,5290,1530,0.434
今,는,488,7896,29442,0.434
民,하면,36,6852,2504,0.433
未,니,170,7071,11458,0.433
生,이라,208,5109,19406,0.433
成,하면,27,5140,2504,0.433
明,이니이다,22,5950,1763,0.432
得,하니라,99,11263,4192,0.432
于,하고,730,7677,45403,0.43
道,리오,43,8195,2505,0.43
皆,라하니,40,9513,2008,0.43
上,으로,86,10237,4014,0.429
至,어늘,119,11075,5137,0.428
今,이,536,7896,32454,0.428
文,이나,70,7036,4758,0.428
諸,어늘,65,6054,5137,0.427
州,이어늘,68,6854,4747,0.427
如,하니,818,10036,39036,0.426
時,하여,647,7239,42834,0.425
見,할새,24,7174,1603,0.425
臣,호되,39,8962,2085,0.425
無,이나,151,15219,4758,0.424
事,하니라,107,12239,4192,0.424
於,로되,111,27629,1926,0.424
之,하면,614,117623,2504,0.424
四,요,129,5932,10441,0.422
若,하며,71,5781,5902,0.421
事,하야,632,12239,24828,0.42
於,리라,85,27629,1480,0.419
其,오,263,47777,2649,0.419
之,요,2553,117623,10441,0.419
然,니이다,88,10020,4230,0.418
二,요,188,8670,10441,0.418
生,하니,414,5109,39036,0.417
行,이러니,57,8270,3321,0.417
未,하니,573,7071,39036,0.417
子,하다,1250,27498,21901,0.417
非,이라,288,7155,19406,0.416
爲,하니라,326,37502,4192,0.416
言,라,1439,14617,47501,0.415
文,가,80,7036,5488,0.415
能,이라하니,33,10262,1552,0.415
若,리오,30,5781,2505,0.414
侯,하야,291,5662,24828,0.413
世,이라하니,17,5291,1552,0.413
欲,라하니,27,6503,2008,0.412
君,은,478,10804,21393,0.412
陽,이요,83,5290,7585,0.412
道,라하니,34,8195,2008,0.411
相,러라,26,7271,1730,0.411
我,어늘,55,5179,5137,0.411
又,하니라,59,6808,4192,0.411
主,하고,523,5573,45403,0.411
若,로되,23,5781,1926,0.41
爲,러라,134,37502,1730,0.41
得,라,1105,11263,47501,0.41
兵,이면,110,7038,7569,0.41
天,이요,229,14627,7585,0.409
自,러라,45,12604,1730,0.409
而,라하니,231,55740,2008,0.409
大,하여,1426,16158,42834,0.407
下,리라,51,16718,1480,0.407
當,면,86,5778,7220,0.407
爲,이라,1500,37502,19406,0.407
日,이어늘,58,5927,4747,0.407
後,로,172,7915,10552,0.406
皆,리라,29,9513,1480,0.406
人,과,124,30308,1986,0.406
不,라,5790,59177,47501,0.406
從,나,38,5608,3289,0.406
得,이라하니,36,11263,1552,0.406
如,하며,122,10036,5902,0.406
明,이라하니,19,5950,1552,0.405
陽,하고,494,5290,45403,0.404
以,하고,5320,56979,45403,0.404
見,로다,30,7174,2035,0.403
世,하야,270,5291,24828,0.403
謂,로되,38,9601,1926,0.403
不,이러니,404,59177,3321,0.403
知,과,37,9062,1986,0.403
無,하니라,131,15219,4192,0.402
國,니이다,70,8059,4230,0.402
文,이러니,48,7036,3321,0.402
又,하면,35,6808,2504,0.402
事,요,262,12239,10441,0.4
在,러니,55,7780,3446,0.4
侯,하시니,17,5662,1464,0.4
諸,와,19,6054,1530,0.4
安,과,21,5163,1986,0.398
又,니이다,59,6808,4230,0.398
其,를,286,47777,2922,0.398
君,로다,45,10804,2035,0.397
相,호되,31,7271,2085,0.396
自,이라하니,40,12604,1552,0.396
能,이니이다,37,10262,1763,0.396
又,이니,92,6808,6609,0.396
其,을,228,47777,2335,0.395
二,이니,117,8670,6609,0.394
安,이요,80,5163,7585,0.394
諸,이러니,41,6054,3321,0.392
其,라,4625,47777,47501,0.391
故,라하니,51,12458,2008,0.391
用,니이다,60,6966,4230,0.39
上,하니,814,10237,39036,0.39
州,하여,598,6854,42834,0.39
當,와,18,5778,1530,0.39
之,로되,461,117623,1926,0.389
日,이니라,21,5927,1741,0.389
下,이니이다,60,16718,1763,0.389
能,요,218,10262,10441,0.388
不,로다,245,59177,2035,0.388
與,하시니,34,11425,1464,0.387
事,라,1182,12239,47501,0.387
相,하면,37,7271,2504,0.387
得,하니,893,11263,39036,0.386
事,러라,43,12239,1730,0.386
世,러니,37,5291,3446,0.385
又,한대,67,6808,4853,0.384
從,하니,444,5608,39036,0.384
相,이어늘,70,7271,4747,0.384
乃,하고,632,6861,45403,0.384
人,이니라,107,30308,1741,0.384
爲,요,794,37502,10441,0.384
以,러니,398,56979,3446,0.383
二,하면,44,8670,2504,0.383
三,으로,72,8850,4014,0.383
不,요,1252,59177,10441,0.383
其,하야,2402,47777,24828,0.382
從,면,82,5608,7220,0.382
公,으로,121,14884,4014,0.382
得,이요,173,11263,7585,0.382
民,러라,24,6852,1730,0.381
見,이니,96,7174,6609,0.381
上,하고,941,10237,45403,0.381
能,하면,52,10262,2504,0.381
侯,으로,46,5662,4014,0.381
皆,요,201,9513,10441,0.381
已,하시니,18,6077,1464,0.38
相,하여,630,7271,42834,0.38
日,호되,25,5927,2085,0.38
安,하여,447,5163,42834,0.379
在,하시니,23,7780,1464,0.378
乃,하니,541,6861,39036,0.378
在,니,180,7780,11458,0.377
正,라,502,5244,47501,0.375
我,이면,79,5179,7569,0.375
安,러라,18,5163,1730,0.375
士,하고,525,5742,45403,0.374
州,이,448,6854,32454,0.374
四,로되,23,5932,1926,0.373
世,에,361,5291,33893,0.373
心,하면,27,5358,2504,0.373
有,이니이다,97,27333,1763,0.373
軍,와,20,6500,1530,0.372
生,을,24,5109,2335,0.372
生,를,30,5109,2922,0.371
一,요,241,11484,10441,0.371
明,이라,232,5950,19406,0.37
臣,이니,119,8962,6609,0.37
公,러니,103,14884,3446,0.37
用,면,101,6966,7220,0.37
軍,하야,324,6500,24828,0.369
自,어늘,130,12604,5137,0.369
中,하다,468,10651,21901,0.368
生,하시니,15,5109,1464,0.368
於,하야,1374,27629,24828,0.366
所,나,139,21112,3289,0.365
是,오,66,12444,2649,0.365
在,로되,30,7780,1926,0.365
於,니이다,234,27629,4230,0.365
生,이니이다,18,5109,1763,0.363
將,과,37,9320,1986,0.363
書,하여,588,6867,42834,0.363
至,이니이다,39,11075,1763,0.362
又,이라,264,6808,19406,0.362
知,이면,137,9062,7569,0.362
諸,과,24,6054,1986,0.361
又,과,27,6808,1986,0.361
道,와,25,8195,1530,0.359
主,와,17,5573,1530,0.359
人,아,288,30308,4769,0.358
以,하니,4432,56979,39036,0.358
文,로되,27,7036,1926,0.358
非,로다,29,7155,2035,0.358
下,니라,198,16718,5946,0.358
安,하고,467,5163,45403,0.358
乃,하시니,20,6861,1464,0.357
至,니라,131,11075,5946,0.356
諸,하야,299,6054,24828,0.356
又,이라하니,21,6808,1552,0.355
於,하고,2494,27629,45403,0.355
有,이어늘,258,27333,4747,0.355
君,니,246,10804,11458,0.354
書,러니,47,6867,3446,0.354
如,아,95,10036,4769,0.353
後,와,24,7915,1530,0.351
乃,하니라,57,6861,4192,0.351
從,아,53,5608,4769,0.35
自,할새,40,12604,1603,0.349
自,이니이다,44,12604,1763,0.349
安,으로,41,5163,4014,0.348
國,으로,64,8059,4014,0.348
見,이니이다,25,7174,1763,0.347
未,이요,106,7071,7585,0.347
行,이요,124,8270,7585,0.347
與,면,163,11425,7220,0.346
見,이라하니,22,7174,1552,0.346
言,하니라,121,14617,4192,0.345
安,오,27,5163,2649,0.345
與,러라,39,11425,1730,0.344
及,러라,22,6449,1730,0.343
使,하여,901,10667,42834,0.343
此,어늘,140,13827,5137,0.343
時,라,678,7239,47501,0.343
見,하니,552,7174,39036,0.343
出,하고,587,6562,45403,0.342
而,이라,2130,55740,19406,0.341
如,나,65,10036,3289,0.341
士,로다,23,5742,2035,0.341
則,나,116,17922,3289,0.34
書,로되,26,6867,1926,0.339
中,이라,406,10651,19406,0.338
夫,아,74,7906,4769,0.337
四,를,34,5932,2922,0.336
自,니라,147,12604,5946,0.336
大,로되,61,16158,1926,0.335
與,이니라,39,11425,1741,0.335
州,호되,28,6854,2085,0.334
文,이니라,24,7036,1741,0.334
後,면,112,7915,7220,0.334
四,하시니,17,5932,1464,0.333
侯,과,22,5662,1986,0.332
言,나,94,14617,3289,0.331
諸,하니,462,6054,39036,0.331
所,과,82,21112,1986,0.331
十,으로,68,8664,4014,0.331
見,로되,27,7174,1926,0.33
正,하시니,15,5244,1464,0.33
民,하고,607,6852,45403,0.328
不,하니라,484,59177,4192,0.328
使,니이다,88,10667,4230,0.327
者,요,668,32807,10441,0.327
成,하니라,42,5140,4192,0.327
下,하니,1272,16718,39036,0.327
世,로다,21,5291,2035,0.327
大,하니라,132,16158,4192,0.326
生,하고,452,5109,45403,0.326
上,이면,151,10237,7569,0.326
侯,러니,38,5662,3446,0.325
言,이라,552,14617,19406,0.324
未,로다,28,7071,2035,0.324
安,이라,195,5163,19406,0.324
大,요,328,16158,10441,0.323
在,이니,100,7780,6609,0.323
二,는,496,8670,29442,0.322
大,으로,126,16158,4014,0.322
書,를,39,6867,2922,0.322
所,이면,310,21112,7569,0.32
見,라,661,7174,47501,0.32
其,하고,4205,47777,45403,0.319
一,을,52,11484,2335,0.319
士,한대,54,5742,4853,0.318
乃,러라,23,6861,1730,0.318
天,이라하니,44,14627,1552,0.318
王,할새,49,15787,1603,0.317
君,와,32,10804,1530,0.317
侯,하니,428,5662,39036,0.317
世,하시니,15,5291,1464,0.317
是,하니라,101,12444,4192,0.317
文,하야,338,7036,24828,0.316
見,러라,24,7174,1730,0.315
有,라,2510,27333,47501,0.315
有,이니라,92,27333,1741,0.315
謂,이라,360,9601,19406,0.314
自,니이다,103,12604,4230,0.314
將,하야,447,9320,24828,0.314
道,니이다,67,8195,4230,0.314
中,이니,136,10651,6609,0.314
亦,하시니,22,7781,1464,0.313
一,으로,89,11484,4014,0.313
有,라하니,106,27333,2008,0.313
與,호되,46,11425,2085,0.313
成,니라,59,5140,5946,0.313
國,이라,302,8059,19406,0.313
得,요,227,11263,10441,0.313
及,으로,50,6449,4014,0.313
公,과,57,14884,1986,0.311
安,이,323,5163,32454,0.311
陽,가,56,5290,5488,0.311
用,아,64,6966,4769,0.31
下,하야,800,16718,24828,0.31
得,하야,538,11263,24828,0.308
心,이라하니,16,5358,1552,0.308
得,하고,984,11263,45403,0.308
事,리오,59,12239,2505,0.308
從,하여,462,5608,42834,0.307
文,이라하니,21,7036,1552,0.307
一,니,253,11484,11458,0.307
與,하니,857,11425,39036,0.306
士,호되,23,5742,2085,0.306
大,라,1473,16158,47501,0.304
自,이면,183,12604,7569,0.303
於,이러니,176,27629,3321,0.303
也,러라,185,55765,1730,0.303
今,이나,72,7896,4758,0.302
君,하야,514,10804,24828,0.302
中,에,692,10651,33893,0.302
不,하면,284,59177,2504,0.302
得,니,247,11263,11458,0.3
此,나,87,13827,3289,0.3
今,은,323,7896,21393,0.299
及,를,36,6449,2922,0.298
年,러라,28,8468,1730,0.298
士,으로,44,5742,4014,0.297
有,니,598,27333,11458,0.297
乃,할새,21,6861,1603,0.297
而,를,311,55740,2922,0.297
兵,호되,28,7038,2085,0.296
道,하여,670,8195,42834,0.296
與,이라,423,11425,19406,0.296
君,이라하니,32,10804,1552,0.296
可,어늘,145,14791,5137,0.296
與,하야,541,11425,24828,0.295
軍,하니,484,6500,39036,0.295
相,이라,269,7271,19406,0.295
君,가,113,10804,5488,0.294
夫,를,44,7906,2922,0.293
中,하니,792,10651,39036,0.293
公,이라하니,44,14884,1552,0.293
我,로되,19,5179,1926,0.293
得,이나,102,11263,4758,0.292
天,어늘,143,14627,5137,0.292
民,어늘,67,6852,5137,0.292
爲,오,189,37502,2649,0.292
大,과,61,16158,1986,0.29
成,하다,214,5140,21901,0.29
國,이니이다,27,8059,1763,0.29
不,이어늘,534,59177,4747,0.29
出,호되,26,6562,2085,0.29
乎,니라,73,6463,5946,0.289
所,면,289,21112,7220,0.287
見,이면,103,7174,7569,0.287
道,리라,23,8195,1480,0.287
之,라하니,448,117623,2008,0.287
至,나,69,11075,3289,0.285
相,이니,91,7271,6609,0.285
見,이요,103,7174,7585,0.284
能,라하니,39,10262,2008,0.284
生,이라하니,15,5109,1552,0.283
此,을,61,13827,2335,0.282
下,면,228,16718,7220,0.281
爲,하야,1758,37502,24828,0.281
有,와,79,27333,1530,0.281
後,이니라,26,7915,1741,0.28
乃,니라,77,6861,5946,0.28
下,하면,79,16718,2504,0.28
出,이라,240,6562,19406,0.278
之,가,1216,117623,5488,0.277
無,하고,1301,15219,45403,0.277
成,이나,46,5140,4758,0.275
相,하시니,20,7271,1464,0.274
是,로되,45,12444,1926,0.273
四,는,328,5932,29442,0.273
上,이니,127,10237,6609,0.272
下,와,48,16718,1530,0.272
大,이요,230,16158,7585,0.272
至,하면,52,11075,2504,0.271
中,하고,907,10651,45403,0.271
民,이어늘,61,6852,4747,0.271
世,를,29,5291,2922,0.271
以,이면,809,56979,7569,0.271
之,한대,1070,117623,4853,0.27
大,니,347,16158,11458,0.27
見,라하니,27,7174,2008,0.27
生,과,19,5109,1986,0.269
在,요,152,7780,10441,0.268
將,라하니,35,9320,2008,0.267
如,하면,47,10036,2504,0.267
於,러니,178,27629,3446,0.266
士,요,112,5742,10441,0.265
者,라하니,123,32807,2008,0.265
安,이면,73,5163,7569,0.265
道,가,84,8195,5488,0.265
又,하며,75,6808,5902,0.264
當,리오,27,5778,2505,0.263
從,라하니,21,5608,2008,0.263
今,를,43,7896,2922,0.262
君,과,40,10804,1986,0.262
自,하다,514,12604,21901,0.261
正,이니라,17,5244,1741,0.261
天,하야,676,14627,24828,0.26
自,이니,155,12604,6609,0.26
而,요,1083,55740,10441,0.26
世,러라,17,5291,1730,0.257
大,하야,745,16158,24828,0.257
文,와,20,7036,1530,0.257
用,하니,505,6966,39036,0.257
軍,어늘,62,6500,5137,0.257
自,라하니,47,12604,2008,0.257
天,리오,68,14627,2505,0.256
下,이니라,54,16718,1741,0.255
爲,하니,2715,37502,39036,0.255
子,아,243,27498,4769,0.254
自,하여,1000,12604,42834,0.253
在,어늘,74,7780,5137,0.252
知,하며,99,9062,5902,0.252
明,라,523,5950,47501,0.252
相,니라,80,7271,5946,0.252
五,는,309,5675,29442,0.251
知,니,192,9062,11458,0.251
下,니,354,16718,11458,0.25
見,이러니,44,7174,3321,0.249
侯,라하니,21,5662,2008,0.249
我,하시니,14,5179,1464,0.248
下,하여,1322,16718,42834,0.248
事,가,124,12239,5488,0.248
諸,하고,507,6054,45403,0.247
用,을,30,6966,2335,0.247
下,을,72,16718,2335,0.247
從,이니라,18,5608,1741,0.246
軍,를,35,6500,2922,0.246
時,를,39,7239,2922,0.246
正,이라하니,15,5244,1552,0.246
大,를,87,16158,2922,0.246
之,나,713,117623,3289,0.246
有,호되,105,27333,2085,0.245
欲,를,35,6503,2922,0.245
成,라하니,19,5140,2008,0.244
我,이니,63,5179,6609,0.244
明,하여,469,5950,42834,0.244
以,라,4982,56979,47501,0.244
於,하니라,213,27629,4192,0.243
後,하니라,61,7915,4192,0.242
民,과,25,6852,1986,0.241
公,호되,57,14884,2085,0.241
事,한대,109,12239,4853,0.24
事,는,661,12239,29442,0.239
侯,로되,20,5662,1926,0.239
以,하며,617,56979,5902,0.239
欲,이니이다,21,6503,1763,0.237
國,가,81,8059,5488,0.237
其,이라,1699,47777,19406,0.237
之,이니,1423,117623,6609,0.236
臣,이나,78,8962,4758,0.235
日,이러니,36,5927,3321,0.235
生,니,107,5109,11458,0.234
行,과,30,8270,1986,0.233
今,하야,358,7896,24828,0.232
然,하야,454,10020,24828,0.232
成,하니,366,5140,39036,0.231
有,하시니,73,27333,1464,0.231
下,러니,105,16718,3446,0.23
天,으로,107,14627,4014,0.23
欲,할새,19,6503,1603,0.23
夫,이면,109,7906,7569,0.229
用,하고,576,6966,45403,0.229
行,하여,645,8270,42834,0.228
人,이어늘,262,30308,4747,0.228
心,니라,58,5358,5946,0.228
從,이니이다,18,5608,1763,0.228
能,이러니,62,10262,3321,0.227
民,로되,24,6852,1926,0.227
與,로되,40,11425,1926,0.226
自,이러니,76,12604,3321,0.224
子,러니,172,27498,3446,0.224
安,하다,205,5163,21901,0.222
不,니,1229,59177,11458,0.222
日,이니,71,5927,6609,0.222
子,로되,96,27498,1926,0.222
使,하니,754,10667,39036,0.22
有,이니,327,27333,6609,0.22
以,이요,782,56979,7585,0.219
臣,이요,123,8962,7585,0.219
則,가,178,17922,5488,0.219
出,어늘,61,6562,5137,0.219
爲,한대,329,37502,4853,0.218
日,하야,266,5927,24828,0.218
日,이면,81,5927,7569,0.216
皆,하고,779,9513,45403,0.215
如,어늘,93,10036,5137,0.215
世,어늘,49,5291,5137,0.214
侯,가,56,5662,5488,0.213
爲,리라,100,37502,1480,0.213
相,과,26,7271,1986,0.212
能,하고,839,10262,45403,0.212
以,이니,678,56979,6609,0.212
而,이니,663,55740,6609,0.211
明,을,25,5950,2335,0.211
將,이라하니,26,9320,1552,0.21
臣,나,53,8962,3289,0.21
有,로다,100,27333,2035,0.21
相,와,20,7271,1530,0.21
所,아,181,21112,4769,0.21
以,하다,2240,56979,21901,0.208
有,이러니,163,27333,3321,0.208
大,어늘,149,16158,5137,0.208
州,하니,480,6854,39036,0.207
國,이러니,48,8059,3321,0.206
成,으로,37,5140,4014,0.206
士,하여,441,5742,42834,0.206
所,리라,56,21112,1480,0.205
大,하고,1314,16158,45403,0.205
以,아,487,56979,4769,0.205
君,니라,115,10804,5946,0.204
言,이니,173,14617,6609,0.204
上,은,392,10237,21393,0.204
臣,가,88,8962,5488,0.203
不,어늘,544,59177,5137,0.203
亦,호되,29,7781,2085,0.202
士,하니라,43,5742,4192,0.201
用,니라,74,6966,5946,0.201
則,하며,189,17922,5902,0.201
明,하야,264,5950,24828,0.201
心,과,19,5358,1986,0.2
事,하시니,32,12239,1464,0.2
日,과,21,5927,1986,0.199
時,니,148,7239,11458,0.199
當,이면,78,5778,7569,0.198
心,이,310,5358,32454,0.198
士,이러니,34,5742,3321,0.198
能,하며,108,10262,5902,0.198
所,이라,730,21112,19406,0.197
乃,이어늘,58,6861,4747,0.196
欲,하니,452,6503,39036,0.196
當,아,49,5778,4769,0.194
此,로다,50,13827,2035,0.193
相,하고,586,7271,45403,0.192
事,하니,848,12239,39036,0.191
生,하야,225,5109,24828,0.191
自,하면,56,12604,2504,0.191
四,하니,411,5932,39036,0.191
若,니라,61,5781,5946,0.191
子,하야,1211,27498,24828,0.191
日,이라,204,5927,19406,0.19
於,이나,233,27629,4758,0.189
大,하니,1117,16158,39036,0.188
士,하며,60,5742,5902,0.188
至,와,30,11075,1530,0.188
爲,라,3153,37502,47501,0.187
事,하고,983,12239,45403,0.187
又,면,87,6808,7220,0.187
一,하야,504,11484,24828,0.186
以,이라,1955,56979,19406,0.186
于,하면,34,7677,2504,0.186
大,나,94,16158,3289,0.186
與,를,59,11425,2922,0.185
將,하고,747,9320,45403,0.184
道,아,69,8195,4769,0.184
若,이니이다,18,5781,1763,0.184
軍,가,63,6500,5488,0.184
而,러라,170,55740,1730,0.182
與,과,40,11425,1986,0.182
文,이요,94,7036,7585,0.18
知,이요,121,9062,7585,0.18
主,하니,383,5573,39036,0.18
於,한대,236,27629,4853,0.179
在,이어늘,65,7780,4747,0.179
下,라하니,59,16718,2008,0.177
時,러라,22,7239,1730,0.177
生,하며,53,5109,5902,0.177
國,하니,553,8059,39036,0.177
時,하며,75,7239,5902,0.176
用,라,581,6966,47501,0.176
故,니라,130,12458,5946,0.175
從,가,54,5608,5488,0.175
道,하면,36,8195,2504,0.175
與,가,110,11425,5488,0.175
以,요,1044,56979,10441,0.175
侯,이러니,33,5662,3321,0.175
已,하니,416,6077,39036,0.174
至,이면,147,11075,7569,0.174
正,요,96,5244,10441,0.174
我,니라,54,5179,5946,0.174
有,를,140,27333,2922,0.173
君,라하니,38,10804,2008,0.172
出,이니라,20,6562,1741,0.172
亦,어늘,70,7781,5137,0.172
不,하니,4043,59177,39036,0.171
自,호되,46,12604,2085,0.171
生,이,290,5109,32454,0.17
得,을,46,11263,2335,0.17
於,하며,285,27629,5902,0.169
安,이라하니,14,5163,1552,0.169
子,할새,77,27498,1603,0.168
我,하니,353,5179,39036,0.168
於,라,2291,27629,47501,0.167
得,러라,34,11263,1730,0.167
其,요,870,47777,10441,0.166
及,나,37,6449,3289,0.166
中,이,603,10651,32454,0.166
天,면,184,14627,7220,0.165
心,로다,19,5358,2035,0.165
世,라,438,5291,47501,0.165
文,이니,81,7036,6609,0.164
民,하야,296,6852,24828,0.163
書,라하니,24,6867,2008,0.163
臣,이면,118,8962,7569,0.162
太,어늘,62,6940,5137,0.162
知,이나,75,9062,4758,0.162
上,이니라,31,10237,1741,0.162
行,이라,279,8270,19406,0.161
王,하여,1175,15787,42834,0.161
陽,하면,23,5290,2504,0.16
世,리오,23,5291,2505,0.159
之,으로,818,117623,4014,0.157
從,으로,39,5608,4014,0.157
如,이라하니,27,10036,1552,0.157
見,이어늘,59,7174,4747,0.157
也,어늘,496,55765,5137,0.156
正,니라,54,5244,5946,0.156
時,니이다,53,7239,4230,0.155
人,이러니,174,30308,3321,0.153
民,가,65,6852,5488,0.153
成,라,422,5140,47501,0.153
及,이러니,37,6449,3321,0.152
在,면,97,7780,7220,0.152
成,하시니,13,5140,1464,0.152
書,할새,19,6867,1603,0.151
矣,러니,64,10758,3446,0.151
明,니라,61,5950,5946,0.15
若,으로,40,5781,4014,0.149
亦,요,140,7781,10441,0.149
而,하고,4363,55740,45403,0.149
非,를,36,7155,2922,0.148
天,는,741,14627,29442,0.147
夫,하다,298,7906,21901,0.147
世,로,96,5291,10552,0.146
在,나,44,7780,3289,0.146
在,하며,79,7780,5902,0.146
及,하여,475,6449,42834,0.146
公,이러니,85,14884,3321,0.146
行,하고,646,8270,45403,0.146
於,이니,314,27629,6609,0.146
世,는,268,5291,29442,0.146
國,하야,344,8059,24828,0.145
如,이니라,30,10036,1741,0.144
王,이러니,90,15787,3321,0.143
行,리라,21,8270,1480,0.143
中,하야,454,10651,24828,0.143
上,하야,436,10237,24828,0.142
行,니이다,60,8270,4230,0.142
正,을,21,5244,2335,0.142
非,어늘,63,7155,5137,0.141
與,한대,95,11425,4853,0.141
心,하야,228,5358,24828,0.141
有,요,489,27333,10441,0.141
正,하며,53,5244,5902,0.14
以,이러니,324,56979,3321,0.14
欲,을,26,6503,2335,0.14
時,하면,31,7239,2504,0.138
爲,니,735,37502,11458,0.138
其,이니,540,47777,6609,0.138
然,를,50,10020,2922,0.136
州,으로,47,6854,4014,0.136
故,니이다,90,12458,4230,0.136
從,리오,24,5608,2505,0.136
王,이어늘,128,15787,4747,0.136
明,요,106,5950,10441,0.135
行,이어늘,67,8270,4747,0.135
上,할새,28,10237,1603,0.135
從,하시니,14,5608,1464,0.134
上,하며,103,10237,5902,0.133
兵,을,28,7038,2335,0.132
爲,하여,2737,37502,42834,0.132
在,이러니,44,7780,3321,0.132
自,하니라,90,12604,4192,0.132
明,하고,460,5950,45403,0.132
後,가,74,7915,5488,0.132
上,하니라,73,10237,4192,0.13
皆,이나,77,9513,4758,0.13
夫,라하니,27,7906,2008,0.13
其,니,929,47777,11458,0.127
二,를,43,8670,2922,0.127
天,이니,164,14627,6609,0.126
之,로다,406,117623,2035,0.126
行,로되,27,8270,1926,0.125
以,어늘,496,56979,5137,0.125
一,나,64,11484,3289,0.124
人,호되,107,30308,2085,0.123
之,오,527,117623,2649,0.122
民,은,248,6852,21393,0.122
日,하니라,42,5927,4192,0.121
知,이니이다,27,9062,1763,0.121
若,이니라,17,5781,1741,0.12
言,이니라,43,14617,1741,0.12
謂,는,477,9601,29442,0.119
國,은,291,8059,21393,0.119
而,오,249,55740,2649,0.118
上,이요,131,10237,7585,0.118
道,하고,627,8195,45403,0.117
欲,이라하니,17,6503,1552,0.116
王,은,569,15787,21393,0.116
乃,라,549,6861,47501,0.116
日,하면,25,5927,2504,0.116
在,라,622,7780,47501,0.115
相,이라하니,19,7271,1552,0.115
至,과,37,11075,1986,0.114
又,라,544,6808,47501,0.114
於,하시니,68,27629,1464,0.113
及,이면,82,6449,7569,0.112
夫,을,31,7906,2335,0.112
一,이니이다,34,11484,1763,0.112
天,라,1166,14627,47501,0.111
言,오,65,14617,2649,0.111
十,로되,28,8664,1926,0.11
無,러니,88,15219,3446,0.11
知,어늘,78,9062,5137,0.108
世,이라,172,5291,19406,0.108
三,이라하니,23,8850,1552,0.107
于,이어늘,61,7677,4747,0.107
乃,어늘,59,6861,5137,0.107
非,리오,30,7155,2505,0.107
至,이어늘,88,11075,4747,0.107
及,하니,421,6449,39036,0.106
心,하고,407,5358,45403,0.106
行,한대,67,8270,4853,0.103
下,하니라,117,16718,4192,0.103
於,이어늘,219,27629,4747,0.103
世,이나,42,5291,4758,0.102
言,이니이다,43,14617,1763,0.102
言,면,176,14617,7220,0.102
之,어늘,1008,117623,5137,0.102
日,이요,75,5927,7585,0.102
上,이어늘,81,10237,4747,0.101
上,이라,331,10237,19406,0.1
士,하시니,14,5742,1464,0.1
明,은,212,5950,21393,0.1
我,요,90,5179,10441,0.099
從,로다,19,5608,2035,0.099
無,니,290,15219,11458,0.098
我,이니라,15,5179,1741,0.098
明,이어늘,47,5950,4747,0.098
則,오,79,17922,2649,0.098
至,라하니,37,11075,2008,0.098
亦,이러니,43,7781,3321,0.098
將,가,85,9320,5488,0.096
陽,은,188,5290,21393,0.096
然,이니,110,10020,6609,0.096
於,이라,891,27629,19406,0.096
事,하며,120,12239,5902,0.096
下,러라,48,16718,1730,0.095
使,어늘,91,10667,5137,0.095
世,하니,343,5291,39036,0.095
成,하고,387,5140,45403,0.093
公,은,528,14884,21393,0.093
心,하시니,13,5358,1464,0.093
此,를,67,13827,2922,0.093
日,하며,58,5927,5902,0.093
之,아,929,117623,4769,0.092
至,라,871,11075,47501,0.091
後,할새,21,7915,1603,0.091
成,니이다,36,5140,4230,0.091
陽,이라,170,5290,19406,0.091
爲,나,204,37502,3289,0.09
太,이요,87,6940,7585,0.089
用,하여,493,6966,42834,0.088
世,이러니,29,5291,3321,0.087
與,하니라,79,11425,4192,0.086
文,하시니,17,7036,1464,0.086
能,어늘,87,10262,5137,0.086
心,라,420,5358,47501,0.086
生,이러니,28,5109,3321,0.086
時,니라,71,7239,5946,0.086
與,니라,112,11425,5946,0.085
必,로다,22,6558,2035,0.085
州,에,383,6854,33893,0.085
成,하며,50,5140,5902,0.085
明,와,15,5950,1530,0.084
能,하니,660,10262,39036,0.084
在,이면,97,7780,7569,0.084
君,를,52,10804,2922,0.084
用,라하니,23,6966,2008,0.081
後,를,38,7915,2922,0.08
人,니라,296,30308,5946,0.08
成,이,274,5140,32454,0.08
其,나,258,47777,3289,0.079
是,이요,155,12444,7585,0.079
生,가,46,5109,5488,0.078
明,이니라,17,5950,1741,0.078
未,이라하니,18,7071,1552,0.078
道,어늘,69,8195,5137,0.077
爲,하시니,90,37502,1464,0.077
使,이어늘,83,10667,4747,0.077
子,와,69,27498,1530,0.077
上,하면,42,10237,2504,0.076
人,하야,1233,30308,24828,0.076
與,이니이다,33,11425,1763,0.076
有,이요,339,27333,7585,0.073
有,러니,154,27333,3446,0.073
生,하니라,35,5109,4192,0.072
國,하고,598,8059,45403,0.072
兵,이니라,20,7038,1741,0.071
書,에,380,6867,33893,0.071
事,할새,32,12239,1603,0.07
正,하니,334,5244,39036,0.07
民,이라,217,6852,19406,0.07
自,아,98,12604,4769,0.069
子,으로,180,27498,4014,0.069
太,하야,281,6940,24828,0.069
于,하여,536,7677,42834,0.069
士,할새,15,5742,1603,0.068
國,하니라,55,8059,4192,0.067
文,라하니,23,7036,2008,0.067
明,이니,64,5950,6609,0.066
事,아,95,12239,4769,0.066
未,이면,87,7071,7569,0.065
無,어늘,127,15219,5137,0.064
能,하여,714,10262,42834,0.064
君,이니,116,10804,6609,0.064
陽,하니라,36,5290,4192,0.063
行,호되,28,8270,2085,0.063
自,하니,798,12604,39036,0.061
可,이나,114,14791,4758,0.06
自,니,234,12604,11458,0.06
五,하니,359,5675,39036,0.06
正,와,13,5244,1530,0.06
然,오,43,10020,2649,0.06
其,하여,3316,47777,42834,0.06
相,이나,56,7271,4758,0.059
然,리라,24,10020,1480,0.058
天,과,47,14627,1986,0.058
二,로되,27,8670,1926,0.057
民,이요,84,6852,7585,0.056
自,면,147,12604,7220,0.056
謂,이니라,27,9601,1741,0.055
矣,오,46,10758,2649,0.054
所,어늘,175,21112,5137,0.054
於,어늘,229,27629,5137,0.054
行,라,634,8270,47501,0.054
侯,하고,414,5662,45403,0.051
國,로되,25,8059,1926,0.051
自,라,964,12604,47501,0.051
而,하야,2227,55740,24828,0.05
子,이러니,147,27498,3321,0.05
人,면,352,30308,7220,0.049
者,어늘,271,32807,5137,0.049
於,이요,337,27629,7585,0.049
士,아,44,5742,4769,0.048
相,라,555,7271,47501,0.048
夫,로,134,7906,10552,0.047
其,가,421,47777,5488,0.047
謂,를,45,9601,2922,0.045
明,하니라,40,5950,4192,0.045
天,하여,1005,14627,42834,0.045
爲,어늘,309,37502,5137,0.045
以,로되,176,56979,1926,0.045
大,라하니,52,16158,2008,0.044
十,요,145,8664,10441,0.044
出,이나,50,6562,4758,0.043
行,이나,63,8270,4758,0.043
下,하며,158,16718,5902,0.043
子,면,318,27498,7220,0.043
人,이나,231,30308,4758,0.043
諸,면,70,6054,7220,0.043
無,리오,61,15219,2505,0.042
下,리오,67,16718,2505,0.042
若,이나,44,5781,4758,0.041
年,이라하니,21,8468,1552,0.04
道,할새,21,8195,1603,0.04
下,하고,1213,16718,45403,0.04
行,하니,516,8270,39036,0.04
乃,라하니,22,6861,2008,0.039
書,하니,428,6867,39036,0.039
中,와,26,10651,1530,0.038
一,이어늘,87,11484,4747,0.038
大,이,836,16158,32454,0.037
其,라하니,153,47777,2008,0.037
四,라하니,19,5932,2008,0.037
國,어늘,66,8059,5137,0.037
及,을,24,6449,2335,0.036
從,이니,59,5608,6609,0.034
出,에,354,6562,33893,0.034
及,니라,61,6449,5946,0.033
主,이어늘,42,5573,4747,0.031
士,나,30,5742,3289,0.031
又,로다,22,6808,2035,0.031
公,하니,923,14884,39036,0.031
我,는,242,5179,29442,0.03
相,한대,56,7271,4853,0.03
事,라하니,39,12239,2008,0.03
事,이면,147,12239,7569,0.03
在,하여,529,7780,42834,0.03
自,이라,388,12604,19406,0.029
言,이어늘,110,14617,4747,0.028
以,니,1035,56979,11458,0.028
於,와,67,27629,1530,0.028
知,하야,356,9062,24828,0.026
兵,이나,53,7038,4758,0.026
此,은,468,13827,21393,0.026
謂,리오,38,9601,2505,0.024
人,를,140,30308,2922,0.024
相,이니라,20,7271,1741,0.024
用,니,126,6966,11458,0.022
人,니,548,30308,11458,0.022
能,하야,402,10262,24828,0.022
用,러라,19,6966,1730,0.021
我,라,388,5179,47501,0.021
乃,이라,210,6861,19406,0.021
時,요,119,7239,10441,0.019
我,호되,17,5179,2085,0.018
行,하다,285,8270,21901,0.018
中,이라하니,26,10651,1552,0.017
其,이요,570,47777,7585,0.017
今,와,19,7896,1530,0.017
天,하고,1044,14627,45403,0.016
至,러니,60,11075,3446,0.016
而,이라하니,136,55740,1552,0.016
有,하고,1949,27333,45403,0.015
所,하면,83,21112,2504,0.015
然,하시니,23,10020,1464,0.013
如,를,46,10036,2922,0.013
主,이러니,29,5573,3321,0.012
之,하니라,773,117623,4192,0.012
人,리오,119,30308,2505,0.012
民,하니라,45,6852,4192,0.011
言,한대,111,14617,4853,0.01
用,로되,21,6966,1926,0.01
心,니,96,5358,11458,0.009
出,면,74,6562,7220,0.007
必,하시니,15,6558,1464,0.007
士,라하니,18,5742,2008,0.006
相,니이다,48,7271,4230,0.006
夫,하고,560,7906,45403,0.005
而,는,2559,55740,29442,0.005
若,아,43,5781,4769,0.005
文,라,521,7036,47501,0.004
所,라하니,66,21112,2008,0.002
又,니라,63,6808,5946,0.002
如,요,163,10036,10441,0.001
其,로되,143,47777,1926,-0.0
之,이요,1387,117623,7585,0.0
五,니,101,5675,11458,-0.001
後,로다,25,7915,2035,-0.002
今,하여,525,7896,42834,-0.002
亦,하니,471,7781,39036,-0.003
故,이라하니,30,12458,1552,-0.003
然,하니라,65,10020,4192,-0.006
自,이요,148,12604,7585,-0.006
大,리라,37,16158,1480,-0.007
三,를,40,8850,2922,-0.007
年,과,26,8468,1986,-0.008
自,하고,884,12604,45403,-0.009
文,하고,493,7036,45403,-0.01
下,라,1225,16718,47501,-0.011
事,오,50,12239,2649,-0.011
君,이니라,29,10804,1741,-0.012
下,로,272,16718,10552,-0.012
今,아,58,7896,4769,-0.013
行,니,146,8270,11458,-0.013
書,가,58,6867,5488,-0.014
君,로되,32,10804,1926,-0.015
公,와,35,14884,1530,-0.016
一,이나,84,11484,4758,-0.016
三,하니라,57,8850,4192,-0.017
主,니,98,5573,11458,-0.018
時,가,61,7239,5488,-0.018
欲,하면,25,6503,2504,-0.018
陽,니,93,5290,11458,-0.019
三,하니,530,8850,39036,-0.019
有,하면,105,27333,2504,-0.019
後,러라,21,7915,1730,-0.019
文,하면,27,7036,2504,-0.02
使,아,78,10667,4769,-0.02
世,하니라,34,5291,4192,-0.02
能,로다,32,10262,2035,-0.021
上,와,24,10237,1530,-0.021
安,니라,47,5163,5946,-0.022
諸,이어늘,44,6054,4747,-0.022
上,이러니,52,10237,3321,-0.023
爲,면,414,37502,7220,-0.024
道,하야,311,8195,24828,-0.024
生,이어늘,37,5109,4747,-0.027
與,라하니,35,11425,2008,-0.027
見,면,79,7174,7220,-0.027
國,하여,526,8059,42834,-0.029
安,이니,52,5163,6609,-0.029
夫,니,138,7906,11458,-0.029
書,으로,42,6867,4014,-0.029
見,이나,52,7174,4758,-0.029
世,과,16,5291,1986,-0.03
日,이라하니,14,5927,1552,-0.03
于,어늘,60,7677,5137,-0.031
知,이니라,24,9062,1741,-0.031
世,요,84,5291,10441,-0.032
當,하면,22,5778,2504,-0.032
如,하다,334,10036,21901,-0.033
安,와,12,5163,1530,-0.033
未,이니,71,7071,6609,-0.033
公,로다,46,14884,2035,-0.033
自,러니,66,12604,3446,-0.033
主,라하니,17,5573,2008,-0.033
今,을,28,7896,2335,-0.033
心,요,85,5358,10441,-0.033
公,하고,1026,14884,45403,-0.034
諸,하면,23,6054,2504,-0.035
正,하고,361,5244,45403,-0.036
皆,하야,358,9513,24828,-0.036
道,하니,485,8195,39036,-0.036
子,나,137,27498,3289,-0.037
四,하며,53,5932,5902,-0.038
至,러라,29,11075,1730,-0.038
於,라하니,84,27629,2008,-0.038
民,하니,405,6852,39036,-0.038
時,이라하니,17,7239,1552,-0.039
日,하고,407,5927,45403,-0.039
之,하고,8077,117623,45403,-0.039
下,요,264,16718,10441,-0.039
以,러라,149,56979,1730,-0.04
從,하고,385,5608,45403,-0.04
自,요,199,12604,10441,-0.04
用,이어늘,50,6966,4747,-0.04
欲,러라,17,6503,1730,-0.041
此,이니,138,13827,6609,-0.042
生,은,165,5109,21393,-0.042
君,니이다,69,10804,4230,-0.042
然,라,718,10020,47501,-0.043
爲,호되,118,37502,2085,-0.043
大,이니,161,16158,6609,-0.044
如,이니,100,10036,6609,-0.044
之,하니,6918,117623,39036,-0.045
出,이요,75,6562,7585,-0.045
十,이니이다,23,8664,1763,-0.046
行,라하니,25,8270,2008,-0.046
必,하고,448,6558,45403,-0.047
及,니이다,41,6449,4230,-0.048
三,러라,23,8850,1730,-0.049
四,니,102,5932,11458,-0.051
中,하니라,67,10651,4192,-0.051
公,로되,43,14884,1926,-0.051
生,이면,58,5109,7569,-0.051
大,니라,144,16158,5946,-0.052
生,요,80,5109,10441,-0.052
日,하니,347,5927,39036,-0.052
及,이라하니,15,6449,1552,-0.053
如,와,23,10036,1530,-0.053
可,면,160,14791,7220,-0.053
若,는,255,5781,29442,-0.053
從,이라,163,5608,19406,-0.053
至,니,190,11075,11458,-0.054
後,하니,462,7915,39036,-0.056
不,러니,305,59177,3446,-0.056
此,이니라,36,13827,1741,-0.056
其,하니,2789,47777,39036,-0.056
及,이니이다,17,6449,1763,-0.056
皆,하여,609,9513,42834,-0.057
以,리라,126,56979,1480,-0.057
言,은,467,14617,21393,-0.058
年,이러니,42,8468,3321,-0.058
見,하야,266,7174,24828,-0.058
下,아,119,16718,4769,-0.059
王,을,55,15787,2335,-0.059
士,과,17,5742,1986,-0.06
一,를,50,11484,2922,-0.061
成,하여,328,5140,42834,-0.061
與,니이다,72,11425,4230,-0.061
之,이니이다,309,117623,1763,-0.061
心,리오,20,5358,2505,-0.061
於,하면,103,27629,2504,-0.062
二,하니,504,8670,39036,-0.062
王,가,129,15787,5488,-0.062
諸,아,43,6054,4769,-0.062
謂,나,47,9601,3289,-0.063
我,하여,330,5179,42834,-0.063
已,이나,43,6077,4758,-0.064
王,하고,1066,15787,45403,-0.064
及,하면,24,6449,2504,-0.065
大,이어늘,114,16158,4747,-0.065
於,니,470,27629,11458,-0.066
太,이라,200,6940,19406,-0.066
得,하여,716,11263,42834,-0.067
十,을,30,8664,2335,-0.068
在,아,55,7780,4769,-0.068
正,하여,333,5244,42834,-0.068
三,는,386,8850,29442,-0.069
士,니이다,36,5742,4230,-0.069
文,하니,407,7036,39036,-0.069
天,이면,164,14627,7569,-0.069
文,니라,62,7036,5946,-0.069
從,하며,49,5608,5902,-0.07
至,하시니,24,11075,1464,-0.07
大,하시니,35,16158,1464,-0.071
子,니라,242,27498,5946,-0.071
君,하니,624,10804,39036,-0.071
主,로,87,5573,10552,-0.071
人,이니이다,79,30308,1763,-0.072
侯,어늘,43,5662,5137,-0.072
後,니,134,7915,11458,-0.073
主,요,86,5573,10441,-0.073
事,에,613,12239,33893,-0.073
相,러니,37,7271,3446,-0.074
一,하니,662,11484,39036,-0.074
五,하여,359,5675,42834,-0.074
以,이어늘,399,56979,4747,-0.075
公,러라,38,14884,1730,-0.075
日,니이다,37,5927,4230,-0.075
大,면,172,16158,7220,-0.076
心,은,169,5358,21393,-0.076
國,하다,260,8059,21901,-0.077
見,과,21,7174,1986,-0.077
將,와,21,9320,1530,-0.078
事,하여,772,12239,42834,-0.078
行,하니라,51,8270,4192,-0.079
陽,이나,37,5290,4758,-0.08
成,과,15,5140,1986,-0.081
世,니,89,5291,11458,-0.082
以,하야,2078,56979,24828,-0.082
王,어늘,119,15787,5137,-0.083
然,는,433,10020,29442,-0.083
生,하여,321,5109,42834,-0.084
所,로다,63,21112,2035,-0.084
大,러라,41,16158,1730,-0.084
世,면,56,5291,7220,-0.084
與,이라하니,26,11425,1552,-0.084
言,라하니,43,14617,2008,-0.085
欲,이니,63,6503,6609,-0.085
乎,라하니,19,6463,2008,-0.086
上,을,35,10237,2335,-0.086
能,하니라,63,10262,4192,-0.086
五,로되,16,5675,1926,-0.087
言,아,102,14617,4769,-0.087
下,이면,185,16718,7569,-0.088
生,라하니,15,5109,2008,-0.088
太,로,107,6940,10552,-0.089
今,하고,524,7896,45403,-0.089
大,이라,458,16158,19406,-0.09
四,하여,371,5932,42834,-0.09
天,하며,126,14627,5902,-0.091
世,으로,31,5291,4014,-0.091
陽,이니,51,5290,6609,-0.092
相,할새,17,7271,1603,-0.092
以,오,220,56979,2649,-0.093
時,호되,22,7239,2085,-0.093
士,어늘,43,5742,5137,-0.093
然,가,80,10020,5488,-0.095
有,과,79,27333,1986,-0.095
之,는,5038,117623,29442,-0.096
君,하시니,23,10804,1464,-0.096
又,이어늘,47,6808,4747,-0.096
書,하면,25,6867,2504,-0.096
於,하여,1719,27629,42834,-0.098
三,이어늘,61,8850,4747,-0.098
君,라,745,10804,47501,-0.099
民,이러니,33,6852,3321,-0.1
此,하니,782,13827,39036,-0.101
公,에,731,14884,33893,-0.101
及,로다,19,6449,2035,-0.102
乃,이러니,33,6861,3321,-0.102
天,에,718,14627,33893,-0.102
民,니라,59,6852,5946,-0.102
上,이라하니,23,10237,1552,-0.103
人,라,2084,30308,47501,-0.103
行,요,125,8270,10441,-0.103
臣,는,382,8962,29442,-0.103
安,이니라,13,5163,1741,-0.104
時,와,16,7239,1530,-0.106
後,라,543,7915,47501,-0.106
四,을,20,5932,2335,-0.106
後,로되,22,7915,1926,-0.107
從,러라,14,5608,1730,-0.107
太,하니라,42,6940,4192,-0.107
主,니이다,34,5573,4230,-0.108
是,나,59,12444,3289,-0.109
子,하니,1547,27498,39036,-0.109
侯,호되,17,5662,2085,-0.11
之,하야,4207,117623,24828,-0.11
王,에,770,15787,33893,-0.111
有,러라,68,27333,1730,-0.112
然,면,104,10020,7220,-0.113
於,를,116,27629,2922,-0.113
而,러니,276,55740,3446,-0.113
言,이,682,14617,32454,-0.113
者,나,155,32807,3289,-0.114
五,호되,17,5675,2085,-0.114
與,하고,745,11425,45403,-0.114
兵,이라,196,7038,19406,-0.115
言,요,219,14617,10441,-0.115
相,이면,79,7271,7569,-0.115
太,라하니,20,6940,2008,-0.115
五,을,19,5675,2335,-0.116
行,나,39,8270,3289,-0.116
未,리라,15,7071,1480,-0.117
知,이라,252,9062,19406,-0.117
安,어늘,38,5163,5137,-0.118
言,는,616,14617,29442,-0.119
後,하야,281,7915,24828,-0.12
文,에,341,7036,33893,-0.12
出,이니,62,6562,6609,-0.121
心,하니,299,5358,39036,-0.121
得,로되,31,11263,1926,-0.121
人,라하니,87,30308,2008,-0.121
其,하시니,100,47777,1464,-0.121
則,아,122,17922,4769,-0.123
是,는,523,12444,29442,-0.123
成,니,84,5140,11458,-0.124
從,라,380,5608,47501,-0.124
正,면,54,5244,7220,-0.124
上,과,29,10237,1986,-0.124
道,하니라,49,8195,4192,-0.124
及,이니라,16,6449,1741,-0.125
無,이어늘,103,15219,4747,-0.125
用,를,29,6966,2922,-0.126
出,로되,18,6562,1926,-0.126
行,에,399,8270,33893,-0.127
自,나,59,12604,3289,-0.127
成,에,248,5140,33893,-0.127
所,이나,143,21112,4758,-0.127
一,와,25,11484,1530,-0.128
乎,이니라,16,6463,1741,-0.128
則,와,39,17922,1530,-0.128
當,이어늘,39,5778,4747,-0.128
若,하여,352,5781,42834,-0.129
爲,이어늘,253,37502,4747,-0.129
夫,할새,18,7906,1603,-0.13
世,이요,57,5291,7585,-0.13
乎,라,436,6463,47501,-0.13
相,하다,226,7271,21901,-0.131
而,가,434,55740,5488,-0.132
侯,면,58,5662,7220,-0.132
君,요,160,10804,10441,-0.132
三,이면,95,8850,7569,-0.132
人,하니,1678,30308,39036,-0.132
文,할새,16,7036,1603,-0.132
及,면,66,6449,7220,-0.133
是,이라,342,12444,19406,-0.134
非,리라,15,7155,1480,-0.134
言,니라,123,14617,5946,-0.135
者,러니,160,32807,3446,-0.135
大,한대,111,16158,4853,-0.135
若,하야,203,5781,24828,-0.136
與,어늘,83,11425,5137,-0.136
安,하니,285,5163,39036,-0.136
一,라,771,11484,47501,-0.137
生,라,343,5109,47501,-0.137
人,어늘,220,30308,5137,-0.138
明,이나,40,5950,4758,-0.138
四,이라하니,13,5932,1552,-0.139
可,를,61,14791,2922,-0.139
是,리라,26,12444,1480,-0.139
年,로되,23,8468,1926,-0.14
相,면,74,7271,7220,-0.141
其,와,103,47777,1530,-0.142
人,하니라,179,30308,4192,-0.142
國,니,130,8059,11458,-0.143
今,니이다,47,7896,4230,-0.143
三,로되,24,8850,1926,-0.143
與,하여,689,11425,42834,-0.143
夫,하야,276,7906,24828,-0.145
天,이라,399,14627,19406,-0.145
今,어늘,57,7896,5137,-0.145
世,리라,11,5291,1480,-0.146
大,을,53,16158,2335,-0.146
及,이어늘,43,6449,4747,-0.146
其,러라,116,47777,1730,-0.147
於,과,77,27629,1986,-0.147
相,이니이다,18,7271,1763,-0.147
明,이,271,5950,32454,-0.147
君,리오,38,10804,2505,-0.147
後,니이다,47,7915,4230,-0.147
行,니라,69,8270,5946,-0.148
然,하여,602,10020,42834,-0.148
太,하니,380,6940,39036,-0.148
一,이라하니,25,11484,1552,-0.148
見,아,48,7174,4769,-0.148
臣,이라,244,8962,19406,-0.148
國,에,383,8059,33893,-0.149
乎,오,24,6463,2649,-0.149
中,이니라,26,10651,1741,-0.149
我,러니,25,5179,3446,-0.15
從,이,255,5608,32454,-0.15
人,가,233,30308,5488,-0.15
書,는,283,6867,29442,-0.151
未,하고,449,7071,45403,-0.152
諸,라하니,17,6054,2008,-0.152
其,이나,318,47777,4758,-0.152
三,하고,562,8850,45403,-0.152
大,는,665,16158,29442,-0.153
見,가,55,7174,5488,-0.154
所,러라,51,21112,1730,-0.155
士,하니,313,5742,39036,-0.155
有,하야,947,27333,24828,-0.156
行,아,55,8270,4769,-0.157
於,요,402,27629,10441,-0.158
安,하면,18,5163,2504,-0.159
一,하니라,67,11484,4192,-0.159
天,이,661,14627,32454,-0.159
將,하니,506,9320,39036,-0.16
日,로,87,5927,10552,-0.16
其,과,132,47777,1986,-0.16
心,하며,44,5358,5902,-0.16
士,하다,175,5742,21901,-0.16
諸,러니,29,6054,3446,-0.161
明,하니,323,5950,39036,-0.161
侯,를,23,5662,2922,-0.161
二,이러니,40,8670,3321,-0.162
臣,라하니,25,8962,2008,-0.162
從,로되,15,5608,1926,-0.163
今,이어늘,52,7896,4747,-0.164
心,리라,11,5358,1480,-0.164
子,오,101,27498,2649,-0.165
安,니,82,5163,11458,-0.165
三,요,128,8850,10441,-0.166
謂,가,73,9601,5488,-0.166
相,아,48,7271,4769,-0.167
爲,이나,247,37502,4758,-0.167
二,을,28,8670,2335,-0.168
當,이나,38,5778,4758,-0.169
而,을,180,55740,2335,-0.169
夫,라,519,7906,47501,-0.17
公,을,48,14884,2335,-0.17
言,를,59,14617,2922,-0.17
出,과,18,6562,1986,-0.17
臣,하면,31,8962,2504,-0.17
如,하야,344,10036,24828,-0.171
文,하여,416,7036,42834,-0.171
世,하여,313,5291,42834,-0.171
也,나,253,55765,3289,-0.172
從,니라,46,5608,5946,-0.172
亦,러니,37,7781,3446,-0.172
一,하고,719,11484,45403,-0.173
太,하시니,14,6940,1464,-0.174
兵,니이다,41,7038,4230,-0.175
下,호되,48,16718,2085,-0.175
及,하시니,13,6449,1464,-0.175
公,하시니,30,14884,1464,-0.175
時,라하니,20,7239,2008,-0.176
兵,이니,64,7038,6609,-0.176
在,하고,486,7780,45403,-0.176
中,한대,71,10651,4853,-0.178
相,이,324,7271,32454,-0.179
日,을,19,5927,2335,-0.179
書,나,31,6867,3289,-0.179
是,하시니,25,12444,1464,-0.18
夫,하며,64,7906,5902,-0.18
當,오,21,5778,2649,-0.18
事,호되,35,12239,2085,-0.18
未,면,70,7071,7220,-0.181
人,하다,910,30308,21901,-0.181
正,하면,18,5244,2504,-0.181
至,리오,38,11075,2505,-0.182
相,라하니,20,7271,2008,-0.182
生,나,23,5109,3289,-0.183
出,하며,53,6562,5902,-0.184
及,로되,17,6449,1926,-0.184
天,하니,781,14627,39036,-0.184
後,이라,210,7915,19406,-0.185
大,호되,46,16158,2085,-0.187
未,아,46,7071,4769,-0.188
君,이어늘,70,10804,4747,-0.188
君,하고,669,10804,45403,-0.189
臣,이어늘,58,8962,4747,-0.189
文,호되,20,7036,2085,-0.189
明,리라,12,5950,1480,-0.19
五,이라하니,12,5675,1552,-0.19
明,할새,13,5950,1603,-0.19
民,니,107,6852,11458,-0.19
行,은,241,8270,21393,-0.19
中,이나,69,10651,4758,-0.191
與,이나,74,11425,4758,-0.191
文,를,28,7036,2922,-0.191
文,러니,33,7036,3446,-0.192
則,이나,116,17922,4758,-0.192
事,니라,99,12239,5946,-0.192
大,니이다,93,16158,4230,-0.192
成,요,73,5140,10441,-0.192
民,라,443,6852,47501,-0.192
書,어늘,48,6867,5137,-0.192
國,라하니,22,8059,2008,-0.193
及,하고,398,6449,45403,-0.193
言,하니,774,14617,39036,-0.196
人,하면,103,30308,2504,-0.196
見,어늘,50,7174,5137,-0.196
國,하시니,16,8059,1464,-0.197
及,가,48,6449,5488,-0.197
當,이러니,26,5778,3321,-0.198
日,면,58,5927,7220,-0.198
從,어늘,39,5608,5137,-0.199
諸,하시니,12,6054,1464,-0.199
乃,러니,32,6861,3446,-0.2
得,로다,31,11263,2035,-0.201
太,에,318,6940,33893,-0.201
之,리라,235,117623,1480,-0.203
及,러니,30,6449,3446,-0.203
安,하야,173,5163,24828,-0.204
子,하고,1685,27498,45403,-0.204
明,니,92,5950,11458,-0.204
主,하시니,11,5573,1464,-0.205
州,를,27,6854,2922,-0.205
成,이러니,23,5140,3321,-0.206
中,할새,23,10651,1603,-0.206
則,어늘,124,17922,5137,-0.207
如,리라,20,10036,1480,-0.207
事,하다,361,12239,21901,-0.207
臣,이니라,21,8962,1741,-0.208
三,이니이다,21,8850,1763,-0.208
故,러라,29,12458,1730,-0.208
欲,니이다,37,6503,4230,-0.209
正,과,14,5244,1986,-0.209
諸,하며,48,6054,5902,-0.21
子,를,108,27498,2922,-0.21
又,어늘,47,6808,5137,-0.21
侯,나,25,5662,3289,-0.211
三,하야,295,8850,24828,-0.211
我,이어늘,33,5179,4747,-0.212
君,이나,69,10804,4758,-0.212
世,하고,322,5291,45403,-0.214
以,나,251,56979,3289,-0.215
又,이면,69,6808,7569,-0.215
之,하며,929,117623,5902,-0.216
以,호되,159,56979,2085,-0.216
十,이라하니,18,8664,1552,-0.216
此,이면,140,13827,7569,-0.217
臣,를,35,8962,2922,-0.218
爲,이면,379,37502,7569,-0.219
至,하니라,62,11075,4192,-0.219
在,리오,26,7780,2505,-0.22
行,러니,38,8270,3446,-0.221
主,라,353,5573,47501,-0.221
成,를,20,5140,2922,-0.223
至,하다,323,11075,21901,-0.223
日,하여,338,5927,42834,-0.223
下,이니,147,16718,6609,-0.224
公,하니라,83,14884,4192,-0.225
將,에,420,9320,33893,-0.225
欲,니,99,6503,11458,-0.226
曰,이요,267,26519,7585,-0.228
與,하다,332,11425,21901,-0.228
子,니,418,27498,11458,-0.228
下,과,44,16718,1986,-0.23
二,가,63,8670,5488,-0.231
之,이면,1179,117623,7569,-0.231
其,으로,254,47777,4014,-0.231
文,하며,55,7036,5902,-0.231
國,하며,63,8059,5902,-0.231
在,이나,49,7780,4758,-0.232
心,니이다,30,5358,4230,-0.232
成,한대,33,5140,4853,-0.233
見,하며,56,7174,5902,-0.233
安,하시니,10,5163,1464,-0.233
道,이면,82,8195,7569,-0.234
之,에,5268,117623,33893,-0.234
其,이라하니,98,47777,1552,-0.234
若,하고,347,5781,45403,-0.234
君,이라,277,10804,19406,-0.234
士,리오,19,5742,2505,-0.235
有,가,198,27333,5488,-0.236
侯,는,220,5662,29442,-0.236
五,하다,164,5675,21901,-0.236
道,로다,22,8195,2035,-0.237
欲,니라,51,6503,5946,-0.237
正,은,148,5244,21393,-0.237
將,하시니,18,9320,1464,-0.237
爲,하며,292,37502,5902,-0.237
若,은,163,5781,21393,-0.238
見,니이다,40,7174,4230,-0.238
使,하며,83,10667,5902,-0.238
大,이라하니,33,16158,1552,-0.24
然,하면,33,10020,2504,-0.241
然,하니,514,10020,39036,-0.242
兵,러라,16,7038,1730,-0.242
與,니,172,11425,11458,-0.242
用,와,14,6966,1530,-0.243
子,이라하니,56,27498,1552,-0.244
及,라하니,17,6449,2008,-0.244
相,어늘,49,7271,5137,-0.245
故,이니,108,12458,6609,-0.245
三,하다,254,8850,21901,-0.246
一,하시니,22,11484,1464,-0.248
夫,나,34,7906,3289,-0.249
子,을,84,27498,2335,-0.249
必,하야,213,6558,24828,-0.249
相,니,109,7271,11458,-0.249
生,러니,23,5109,3446,-0.251
中,호되,29,10651,2085,-0.251
之,하다,3365,117623,21901,-0.251
君,에,478,10804,33893,-0.252
人,한대,192,30308,4853,-0.252
亦,이요,77,7781,7585,-0.253
無,를,58,15219,2922,-0.253
及,이나,40,6449,4758,-0.254
後,이라하니,16,7915,1552,-0.255
在,리라,15,7780,1480,-0.255
中,니,159,10651,11458,-0.255
子,하니라,150,27498,4192,-0.256
人,하고,1791,30308,45403,-0.256
成,나,22,5140,3289,-0.256
無,하시니,29,15219,1464,-0.256
自,이나,78,12604,4758,-0.257
二,로,119,8670,10552,-0.257
國,아,50,8059,4769,-0.257
與,리라,22,11425,1480,-0.257
及,리오,21,6449,2505,-0.258
至,하고,653,11075,45403,-0.259
大,이니이다,37,16158,1763,-0.259
二,니,129,8670,11458,-0.259
必,나,28,6558,3289,-0.26
與,이니,98,11425,6609,-0.26
相,나,31,7271,3289,-0.262
夫,요,107,7906,10441,-0.262
知,이러니,39,9062,3321,-0.262
子,어늘,183,27498,5137,-0.263
世,을,16,5291,2335,-0.263
與,이면,112,11425,7569,-0.263
及,하니라,35,6449,4192,-0.264
與,하면,37,11425,2504,-0.265
之,하여,6518,117623,42834,-0.265
二,하니라,47,8670,4192,-0.265
人,하여,1678,30308,42834,-0.266
今,이니이다,18,7896,1763,-0.266
用,요,94,6966,10441,-0.266
故,한대,78,12458,4853,-0.269
與,하며,87,11425,5902,-0.269
與,오,39,11425,2649,-0.27
必,이면,64,6558,7569,-0.27
如,이라,251,10036,19406,-0.27
得,러니,50,11263,3446,-0.271
如,이요,98,10036,7585,-0.272
之,은,3239,117623,21393,-0.272
及,하며,49,6449,5902,-0.272
正,로되,13,5244,1926,-0.272
一,리오,37,11484,2505,-0.273
侯,하여,312,5662,42834,-0.273
欲,라,397,6503,47501,-0.274
軍,하니라,35,6500,4192,-0.275
知,하니,454,9062,39036,-0.276
國,나,34,8059,3289,-0.277
三,이나,54,8850,4758,-0.277
生,에,222,5109,33893,-0.278
從,를,21,5608,2922,-0.278
必,이나,40,6558,4758,-0.278
如,을,30,10036,2335,-0.28
安,라,314,5163,47501,-0.28
文,요,94,7036,10441,-0.281
二,하여,475,8670,42834,-0.281
言,로되,36,14617,1926,-0.282
及,한대,40,6449,4853,-0.282
人,러라,67,30308,1730,-0.283
國,이나,49,8059,4758,-0.283
欲,하며,49,6503,5902,-0.284
見,와,14,7174,1530,-0.285
與,을,34,11425,2335,-0.286
者,와,64,32807,1530,-0.286
四,하고,343,5932,45403,-0.287
中,은,290,10651,21393,-0.288
主,이라하니,11,5573,1552,-0.289
臣,하니,445,8962,39036,-0.289
于,이니라,17,7677,1741,-0.289
之,이,4854,117623,32454,-0.29
公,라하니,38,14884,2008,-0.29
見,호되,19,7174,2085,-0.291
而,이요,537,55740,7585,-0.291
後,요,105,7915,10441,-0.291
五,로,76,5675,10552,-0.292
亦,이나,47,7781,4758,-0.292
陽,호되,14,5290,2085,-0.292
能,를,38,10262,2922,-0.295
君,나,45,10804,3289,-0.296
用,나,29,6966,3289,-0.296
見,니,104,7174,11458,-0.297
從,니이다,30,5608,4230,-0.298
年,을,25,8468,2335,-0.298
時,어늘,47,7239,5137,-0.298
人,나,126,30308,3289,-0.298
侯,하니라,30,5662,4192,-0.298
言,하며,109,14617,5902,-0.299
二,나,36,8670,3289,-0.3
書,러라,15,6867,1730,-0.3
言,하여,790,14617,42834,-0.301
後,이니,66,7915,6609,-0.301
民,호되,18,6852,2085,-0.303
一,러라,25,11484,1730,-0.305
人,하며,225,30308,5902,-0.305
言,이러니,61,14617,3321,-0.307
明,라하니,15,5950,2008,-0.308
王,하야,492,15787,24828,-0.308
後,이러니,33,7915,3321,-0.308
兵,이요,67,7038,7585,-0.309
心,호되,14,5358,2085,-0.311
士,하면,18,5742,2504,-0.312
出,를,24,6562,2922,-0.312
無,하야,473,15219,24828,-0.312
年,이니,70,8468,6609,-0.313
與,라,679,11425,47501,-0.313
可,러라,32,14791,1730,-0.314
下,에,708,16718,33893,-0.315
五,하야,176,5675,24828,-0.315
于,호되,20,7677,2085,-0.315
已,이어늘,36,6077,4747,-0.317
四,하니라,31,5932,4192,-0.318
中,을,31,10651,2335,-0.318
及,이라,156,6449,19406,-0.318
使,러라,23,10667,1730,-0.319
得,를,41,11263,2922,-0.319
月,이라하니,14,7248,1552,-0.321
言,으로,73,14617,4014,-0.321
大,이니라,35,16158,1741,-0.321
言,로다,37,14617,2035,-0.321
諸,이면,57,6054,7569,-0.321
生,러라,11,5109,1730,-0.321
臣,이러니,37,8962,3321,-0.322
四,이니이다,13,5932,1763,-0.322
又,라하니,17,6808,2008,-0.322
成,로다,13,5140,2035,-0.323
欲,하고,366,6503,45403,-0.326
民,와,13,6852,1530,-0.326
已,하고,342,6077,45403,-0.327
又,로,89,6808,10552,-0.327
君,하며,79,10804,5902,-0.327
文,이면,66,7036,7569,-0.327
臣,어늘,57,8962,5137,-0.328
天,이어늘,86,14627,4747,-0.328
不,오,194,59177,2649,-0.329
及,어늘,41,6449,5137,-0.329
相,을,21,7271,2335,-0.33
君,하니라,56,10804,4192,-0.33
臣,하고,503,8962,45403,-0.33
二,하야,266,8670,24828,-0.331
夫,이,317,7906,32454,-0.331
然,리오,31,10020,2505,-0.332
臣,하여,474,8962,42834,-0.332
夫,이요,74,7906,7585,-0.333
言,가,99,14617,5488,-0.333
出,러라,14,6562,1730,-0.334
民,면,61,6852,7220,-0.334
一,은,303,11484,21393,-0.334
國,니라,59,8059,5946,-0.336
此,이니이다,30,13827,1763,-0.337
若,이니,47,5781,6609,-0.337
士,면,51,5742,7220,-0.337
天,러니,62,14627,3446,-0.338
使,하니라,55,10667,4192,-0.338
軍,하면,20,6500,2504,-0.339
在,하야,237,7780,24828,-0.341
日,로되,14,5927,1926,-0.342
知,가,61,9062,5488,-0.342
時,이,288,7239,32454,-0.342
道,로,106,8195,10552,-0.343
以,하여,2989,56979,42834,-0.344
不,하야,1799,59177,24828,-0.344
事,을,35,12239,2335,-0.344
至,이러니,45,11075,3321,-0.345
陽,이면,49,5290,7569,-0.345
下,으로,82,16718,4014,-0.347
明,로되,14,5950,1926,-0.347
臣,에,371,8962,33893,-0.348
後,하며,57,7915,5902,-0.349
書,이라하니,13,6867,1552,-0.35
五,하니라,29,5675,4192,-0.351
後,아,46,7915,4769,-0.351
得,하며,81,11263,5902,-0.351
主,면,49,5573,7220,-0.352
乃,로다,17,6861,2035,-0.352
四,으로,29,5932,4014,-0.352
則,하여,934,17922,42834,-0.353
公,이어늘,86,14884,4747,-0.353
大,로다,40,16158,2035,-0.354
乃,로,88,6861,10552,-0.355
見,요,91,7174,10441,-0.355
安,하며,37,5163,5902,-0.356
太,이어늘,40,6940,4747,-0.356
五,하고,313,5675,45403,-0.356
出,라하니,16,6562,2008,-0.356
未,하니라,36,7071,4192,-0.356
知,는,324,9062,29442,-0.356
三,하여,460,8850,42834,-0.357
夫,호되,20,7906,2085,-0.357
使,라하니,26,10667,2008,-0.357
爲,를,133,37502,2922,-0.357
日,와,11,5927,1530,-0.358
四,호되,15,5932,2085,-0.358
王,러니,66,15787,3446,-0.358
得,하시니,20,11263,1464,-0.358
今,로,101,7896,10552,-0.359
言,니,203,14617,11458,-0.359
子,라,1582,27498,47501,-0.36
大,하면,49,16158,2504,-0.36
大,이면,148,16158,7569,-0.361
後,러니,33,7915,3446,-0.361
後,리오,24,7915,2505,-0.361
自,한대,74,12604,4853,-0.362
明,호되,15,5950,2085,-0.362
而,어늘,346,55740,5137,-0.363
知,이라하니,17,9062,1552,-0.363
于,이라,180,7677,19406,-0.363
君,이니이다,23,10804,1763,-0.364
夫,어늘,49,7906,5137,-0.365
若,라하니,14,5781,2008,-0.366
大,하며,115,16158,5902,-0.366
年,으로,41,8468,4014,-0.366
正,이어늘,30,5244,4747,-0.367
事,이니이다,26,12239,1763,-0.367
當,러니,24,5778,3446,-0.367
一,아,66,11484,4769,-0.367
與,로다,28,11425,2035,-0.368
道,러니,34,8195,3446,-0.369
上,를,36,10237,2922,-0.369
文,니,97,7036,11458,-0.369
子,호되,69,27498,2085,-0.369
子,로,349,27498,10552,-0.37
三,니,122,8850,11458,-0.37
言,리라,26,14617,1480,-0.371
心,하니라,27,5358,4192,-0.371
以,를,200,56979,2922,-0.372
主,나,22,5573,3289,-0.373
已,하야,181,6077,24828,-0.374
故,이니라,26,12458,1741,-0.375
從,이요,51,5608,7585,-0.375
今,라하니,19,7896,2008,-0.375
未,하며,50,7071,5902,-0.376
太,로되,16,6940,1926,-0.377
故,나,49,12458,3289,-0.378
五,하면,17,5675,2504,-0.378
出,와,12,6562,1530,-0.379
人,요,378,30308,10441,-0.38
人,하시니,53,30308,1464,-0.38
人,니이다,153,30308,4230,-0.381
又,러니,28,6808,3446,-0.381
天,이나,83,14627,4758,-0.382
中,하며,75,10651,5902,-0.382
至,이니라,23,11075,1741,-0.382
自,하시니,22,12604,1464,-0.383
又,리라,12,6808,1480,-0.384
兵,이라하니,13,7038,1552,-0.385
生,아,29,5109,4769,-0.385
爲,가,245,37502,5488,-0.385
時,이나,41,7239,4758,-0.385
知,하면,27,9062,2504,-0.385
及,이,249,6449,32454,-0.386
軍,이라,150,6500,19406,-0.386
正,이니이다,11,5244,1763,-0.386
國,리오,24,8059,2505,-0.387
所,이어늘,119,21112,4747,-0.388
五,이면,51,5675,7569,-0.389
上,러라,21,10237,1730,-0.39
國,면,69,8059,7220,-0.39
民,러니,28,6852,3446,-0.39
諸,오,19,6054,2649,-0.392
然,이요,90,10020,7585,-0.392
是,하여,631,12444,42834,-0.393
十,하니라,43,8664,4192,-0.393
成,아,29,5140,4769,-0.394
必,면,56,6558,7220,-0.394
夫,에,317,7906,33893,-0.394
者,리오,97,32807,2505,-0.397
亦,하야,228,7781,24828,-0.397
則,과,42,17922,1986,-0.398
道,하며,57,8195,5902,-0.399
又,가,44,6808,5488,-0.4
至,요,136,11075,10441,-0.402
州,로,85,6854,10552,-0.403
道,이러니,32,8195,3321,-0.403
三,니이다,44,8850,4230,-0.403
出,을,18,6562,2335,-0.404
時,이라,165,7239,19406,-0.404
大,은,406,16158,21393,-0.404
無,하여,765,15219,42834,-0.405
者,리라,57,32807,1480,-0.405
子,에,1094,27498,33893,-0.405
天,하면,43,14627,2504,-0.405
大,이러니,63,16158,3321,-0.405
如,이나,56,10036,4758,-0.406
三,하면,26,8850,2504,-0.406
天,로,181,14627,10552,-0.406
自,리오,37,12604,2505,-0.407
乃,니이다,34,6861,4230,-0.408
一,라하니,27,11484,2008,-0.409
士,니,77,5742,11458,-0.409
與,나,44,11425,3289,-0.409
已,이니,47,6077,6609,-0.41
侯,이,215,5662,32454,-0.41
五,은,142,5675,21393,-0.41
使,할새,20,10667,1603,-0.41
三,이,336,8850,32454,-0.41
日,이나,33,5927,4758,-0.41
生,한대,29,5109,4853,-0.41
四,이나,33,5932,4758,-0.411
故,요,152,12458,10441,-0.412
言,하고,775,14617,45403,-0.413
從,니,75,5608,11458,-0.413
文,이어늘,39,7036,4747,-0.413
成,을,14,5140,2335,-0.414
爲,로다,89,37502,2035,-0.414
安,가,33,5163,5488,-0.416
之,이라,2659,117623,19406,-0.416
四,라,328,5932,47501,-0.417
則,이,676,17922,32454,-0.419
心,로되,12,5358,1926,-0.419
民,라하니,16,6852,2008,-0.419
使,가,68,10667,5488,-0.42
子,리오,80,27498,2505,-0.42
民,요,83,6852,10441,-0.422
將,로다,22,9320,2035,-0.422
天,은,363,14627,21393,-0.422
相,이요,64,7271,7585,-0.422
則,로되,40,17922,1926,-0.424
乃,이니이다,14,6861,1763,-0.425
得,어늘,67,11263,5137,-0.425
是,어늘,74,12444,5137,-0.425
三,하시니,15,8850,1464,-0.425
二,이면,76,8670,7569,-0.425
生,니이다,25,5109,4230,-0.426
其,한대,268,47777,4853,-0.427
後,어늘,47,7915,5137,-0.427
事,이러니,47,12239,3321,-0.427
軍,러라,13,6500,1730,-0.427
若,하니라,28,5781,4192,-0.428
諸,는,206,6054,29442,-0.428
日,를,20,5927,2922,-0.429
故,이요,109,12458,7585,-0.43
自,로되,28,12604,1926,-0.43
王,로,192,15787,10552,-0.431
臣,로,109,8962,10552,-0.431
之,이니라,236,117623,1741,-0.432
日,하시니,10,5927,1464,-0.432
又,와,12,6808,1530,-0.432
大,러니,64,16158,3446,-0.435
臣,한대,50,8962,4853,-0.435
後,는,268,7915,29442,-0.435
王,하니,708,15787,39036,-0.436
欲,요,78,6503,10441,-0.436
臣,니,118,8962,11458,-0.436
夫,이니이다,16,7906,1763,-0.437
如,하고,523,10036,45403,-0.437
後,이니이다,16,7915,1763,-0.439
矣,면,89,10758,7220,-0.44
若,니이다,28,5781,4230,-0.441
出,하시니,11,6562,1464,-0.441
其,어늘,281,47777,5137,-0.441
太,이니이다,14,6940,1763,-0.442
中,러니,42,10651,3446,-0.442
士,라,312,5742,47501,-0.442
四,하면,17,5932,2504,-0.442
我,하야,147,5179,24828,-0.443
時,하니,323,7239,39036,-0.443
君,하여,529,10804,42834,-0.443
子,하여,1346,27498,42834,-0.444
所,하야,599,21112,24828,-0.444
陽,하야,150,5290,24828,-0.445
上,어늘,60,10237,5137,-0.446
若,이요,50,5781,7585,-0.447
心,이어늘,29,5358,4747,-0.447
書,이러니,26,6867,3321,-0.447
年,이니이다,17,8468,1763,-0.449
子,요,327,27498,10441,-0.449
用,오,21,6966,2649,-0.45
自,오,38,12604,2649,-0.45
士,이,212,5742,32454,-0.45
將,이니,70,9320,6609,-0.452
然,하고,517,10020,45403,-0.452
四,가,37,5932,5488,-0.452
五,라,306,5675,47501,-0.453
君,어늘,63,10804,5137,-0.453
知,이니,68,9062,6609,-0.453
王,라하니,36,15787,2008,-0.453
其,러니,187,47777,3446,-0.453
書,이,253,6867,32454,-0.453
此,이요,119,13827,7585,-0.454
若,가,36,5781,5488,-0.454
公,이요,128,14884,7585,-0.455
陽,을,14,5290,2335,-0.456
欲,이라,143,6503,19406,-0.456
二,러라,17,8670,1730,-0.456
其,는,1593,47777,29442,-0.457
上,요,121,10237,10441,-0.457
主,이나,30,5573,4758,-0.458
國,호되,19,8059,2085,-0.459
所,하니,932,21112,39036,-0.459
諸,에,232,6054,33893,-0.459
以,로다,131,56979,2035,-0.46
能,이어늘,55,10262,4747,-0.461
成,하야,144,5140,24828,-0.462
無,하면,43,15219,2504,-0.462
相,가,45,7271,5488,-0.463
十,이니라,17,8664,1741,-0.464
我,가,32,5179,5488,-0.465
君,리라,18,10804,1480,-0.465
五,나,21,5675,3289,-0.466
三,라하니,20,8850,2008,-0.466
與,이어늘,61,11425,4747,-0.467
明,나,22,5950,3289,-0.467
我,이라,113,5179,19406,-0.467
成,러라,10,5140,1730,-0.467
若,를,19,5781,2922,-0.467
非,이니라,14,7155,1741,-0.468
事,로,145,12239,10552,-0.469
時,이러니,27,7239,3321,-0.469
若,이라,126,5781,19406,-0.469
不,를,194,59177,2922,-0.47
心,가,33,5358,5488,-0.47
以,과,127,56979,1986,-0.47
自,을,33,12604,2335,-0.471
四,하야,165,5932,24828,-0.472
故,니,160,12458,11458,-0.472
夫,한대,43,7906,4853,-0.472
出,라,349,6562,47501,-0.473
正,아,28,5244,4769,-0.473
成,호되,12,5140,2085,-0.473
我,이요,44,5179,7585,-0.473
如,할새,18,10036,1603,-0.474
四,로,70,5932,10552,-0.475
兵,은,168,7038,21393,-0.478
相,리라,12,7271,1480,-0.479
用,은,166,6966,21393,-0.481
下,이라,361,16718,19406,-0.482
十,이면,73,8664,7569,-0.482
中,가,65,10651,5488,-0.483
二,이니이다,17,8670,1763,-0.483
乃,하며,45,6861,5902,-0.484
何,으로,29,6499,4014,-0.484
生,면,41,5109,7220,-0.484
正,를,17,5244,2922,-0.486
所,으로,94,21112,4014,-0.487
而,하여,2646,55740,42834,-0.488
公,이라,320,14884,19406,-0.489
與,요,132,11425,10441,-0.49
道,이라,176,8195,19406,-0.49
中,라,560,10651,47501,-0.49
用,는,227,6966,29442,-0.49
夫,니라,52,7906,5946,-0.491
子,리라,45,27498,1480,-0.491
行,어늘,47,8270,5137,-0.491
欲,리오,18,6503,2505,-0.492
生,어늘,29,5109,5137,-0.492
如,니,127,10036,11458,-0.493
陽,요,61,5290,10441,-0.493
諸,하니라,28,6054,4192,-0.494
使,와,18,10667,1530,-0.495
大,아,85,16158,4769,-0.495
乃,요,79,6861,10441,-0.495
見,나,26,7174,3289,-0.496
已,이라,130,6077,19406,-0.496
主,에,208,5573,33893,-0.497
正,나,19,5244,3289,-0.497
行,가,50,8270,5488,-0.497
時,아,38,7239,4769,-0.498
有,하여,1288,27333,42834,-0.499
故,를,40,12458,2922,-0.5
三,나,32,8850,3289,-0.5
五,할새,10,5675,1603,-0.5
至,이라,236,11075,19406,-0.501
至,아,58,11075,4769,-0.501
成,어늘,29,5140,5137,-0.501
子,과,60,27498,1986,-0.501
道,을,21,8195,2335,-0.502
當,에,215,5778,33893,-0.502
之,호되,269,117623,2085,-0.503
中,요,122,10651,10441,-0.503
生,리오,14,5109,2505,-0.507
欲,로,75,6503,10552,-0.508
陽,로,61,5290,10552,-0.508
見,러니,27,7174,3446,-0.509
大,이나,84,16158,4758,-0.509
三,로,102,8850,10552,-0.509
三,가,53,8850,5488,-0.51
正,하니라,24,5244,4192,-0.51
州,라,355,6854,47501,-0.511
出,니,82,6562,11458,-0.511
文,로,81,7036,10552,-0.511
中,하시니,17,10651,1464,-0.512
又,하고,337,6808,45403,-0.512
謂,와,16,9601,1530,-0.513
以,이나,295,56979,4758,-0.514
事,이니,88,12239,6609,-0.515
成,리오,14,5140,2505,-0.516
士,이니이다,11,5742,1763,-0.516
二,면,68,8670,7220,-0.517
夫,하니라,36,7906,4192,-0.517
自,를,40,12604,2922,-0.517
時,로,83,7239,10552,-0.517
今,이요,65,7896,7585,-0.518
必,하여,305,6558,42834,-0.518
得,이어늘,58,11263,4747,-0.519
二,하고,427,8670,45403,-0.519
曰,이니,190,26519,6609,-0.52
正,로,60,5244,10552,-0.52
主,오,16,5573,2649,-0.52
道,하시니,13,8195,1464,-0.521
成,은,119,5140,21393,-0.522
相,를,23,7271,2922,-0.522
至,호되,25,11075,2085,-0.522
出,니이다,30,6562,4230,-0.524
下,이요,137,16718,7585,-0.525
及,이니,46,6449,6609,-0.526
用,이,244,6966,32454,-0.526
明,어늘,33,5950,5137,-0.526
文,어늘,39,7036,5137,-0.527
安,을,13,5163,2335,-0.527
侯,이어늘,29,5662,4747,-0.527
公,가,88,14884,5488,-0.529
侯,하며,36,5662,5902,-0.529
則,하야,479,17922,24828,-0.53
四,나,21,5932,3289,-0.53
四,니이다,27,5932,4230,-0.531
後,나,28,7915,3289,-0.531
主,하면,15,5573,2504,-0.532
乎,하며,41,6463,5902,-0.532
而,이러니,199,55740,3321,-0.532
主,리오,15,5573,2505,-0.533
十,하야,231,8664,24828,-0.533
上,라,522,10237,47501,-0.534
民,이나,35,6852,4758,-0.534
乃,이,239,6861,32454,-0.534
明,로다,13,5950,2035,-0.534
君,하면,29,10804,2504,-0.536
國,라,410,8059,47501,-0.537
然,니,123,10020,11458,-0.537
事,과,26,12239,1986,-0.539
則,로다,39,17922,2035,-0.54
者,이요,266,32807,7585,-0.54
一,하여,526,11484,42834,-0.54
從,을,14,5608,2335,-0.54
無,이러니,54,15219,3321,-0.541
然,을,25,10020,2335,-0.541
于,가,45,7677,5488,-0.541
所,은,482,21112,21393,-0.542
四,이러니,21,5932,3321,-0.544
正,리오,14,5244,2505,-0.544
非,하며,45,7155,5902,-0.545
上,니,125,10237,11458,-0.545
中,이니이다,20,10651,1763,-0.545
日,은,135,5927,21393,-0.546
子,이어늘,139,27498,4747,-0.546
與,는,358,11425,29442,-0.546
人,는,949,30308,29442,-0.547
士,이어늘,29,5742,4747,-0.547
及,이요,52,6449,7585,-0.548
明,이러니,21,5950,3321,-0.548
能,는,321,10262,29442,-0.549
自,하며,79,12604,5902,-0.55
皆,한대,49,9513,4853,-0.55
今,니,96,7896,11458,-0.551
如,하여,456,10036,42834,-0.551
年,이면,68,8468,7569,-0.551
言,하야,385,14617,24828,-0.551
州,로되,14,6854,1926,-0.552
二,이니라,16,8670,1741,-0.552
心,면,41,5358,7220,-0.552
已,하니라,27,6077,4192,-0.552
月,로,81,7248,10552,-0.553
於,호되,61,27629,2085,-0.554
使,를,33,10667,2922,-0.554
而,이어늘,280,55740,4747,-0.555
生,리라,8,5109,1480,-0.555
今,로다,17,7896,2035,-0.555
國,요,89,8059,10441,-0.555
我,으로,22,5179,4014,-0.555
安,요,57,5163,10441,-0.556
文,는,219,7036,29442,-0.556
見,리오,19,7174,2505,-0.556
子,이,943,27498,32454,-0.557
書,이요,55,6867,7585,-0.558
至,하며,69,11075,5902,-0.558
軍,을,16,6500,2335,-0.56
時,하니라,32,7239,4192,-0.56
士,니라,36,5742,5946,-0.56
可,이면,118,14791,7569,-0.56
道,호되,18,8195,2085,-0.561
國,는,250,8059,29442,-0.561
見,에,256,7174,33893,-0.562
上,이니이다,19,10237,1763,-0.562
事,이라하니,20,12239,1552,-0.562
日,할새,10,5927,1603,-0.562
年,로,94,8468,10552,-0.563
乎,요,71,6463,10441,-0.563
十,호되,19,8664,2085,-0.563
今,오,22,7896,2649,-0.563
日,으로,25,5927,4014,-0.565
一,어늘,62,11484,5137,-0.565
日,요,65,5927,10441,-0.565
子,이니,191,27498,6609,-0.565
見,를,22,7174,2922,-0.567
故,와,20,12458,1530,-0.567
此,로,153,13827,10552,-0.568
陽,에,188,5290,33893,-0.568
州,요,75,6854,10441,-0.569
及,라,321,6449,47501,-0.569
安,리라,8,5163,1480,-0.57
於,러라,50,27629,1730,-0.571
生,하다,117,5109,21901,-0.572
亦,하며,48,7781,5902,-0.573
一,호되,25,11484,2085,-0.574
公,리라,23,14884,1480,-0.574
士,을,14,5742,2335,-0.574
能,으로,43,10262,4014,-0.574
相,리오,19,7271,2505,-0.575
公,아,74,14884,4769,-0.576
所,하여,943,21112,42834,-0.576
公,나,51,14884,3289,-0.577
年,하니라,37,8468,4192,-0.577
陽,러니,19,5290,3446,-0.577
中,니라,66,10651,5946,-0.577
五,니이다,25,5675,4230,-0.578
見,하여,320,7174,42834,-0.578
如,러니,36,10036,3446,-0.578
將,면,70,9320,7220,-0.579
乎,니,77,6463,11458,-0.58
其,이,1611,47777,32454,-0.581
人,로다,64,30308,2035,-0.583
所,이라하니,34,21112,1552,-0.583
乃,이요,54,6861,7585,-0.583
則,하니,726,17922,39036,-0.583
世,이,178,5291,32454,-0.584
正,니이다,23,5244,4230,-0.584
國,로다,17,8059,2035,-0.584
二,니이다,38,8670,4230,-0.585
後,하시니,12,7915,1464,-0.586
是,이라하니,20,12444,1552,-0.586
兵,하며,43,7038,5902,-0.586
太,요,75,6940,10441,-0.587
道,이니,56,8195,6609,-0.588
之,로,1283,117623,10552,-0.588
而,하다,1262,55740,21901,-0.588
其,이러니,164,47777,3321,-0.589
公,어늘,79,14884,5137,-0.589
日,라,291,5927,47501,-0.589
皆,하며,58,9513,5902,-0.589
與,이,383,11425,32454,-0.59
兵,로되,14,7038,1926,-0.59
士,이라,115,5742,19406,-0.591
於,로다,58,27629,2035,-0.591
時,이니라,13,7239,1741,-0.592
非,이어늘,35,7155,4747,-0.593
然,이어늘,49,10020,4747,-0.593
臣,아,44,8962,4769,-0.594
然,로다,21,10020,2035,-0.594
于,나,26,7677,3289,-0.594
十,하니,348,8664,39036,-0.595
然,이라하니,16,10020,1552,-0.595
王,이라,315,15787,19406,-0.596
上,면,76,10237,7220,-0.596
得,과,23,11263,1986,-0.596
此,가,78,13827,5488,-0.597
五,가,32,5675,5488,-0.597
使,이라하니,17,10667,1552,-0.598
人,리라,46,30308,1480,-0.6
至,이나,54,11075,4758,-0.601
文,한대,35,7036,4853,-0.601
三,한대,44,8850,4853,-0.601
四,이면,46,5932,7569,-0.601
至,한대,55,11075,4853,-0.603
必,아,32,6558,4769,-0.603
生,와,8,5109,1530,-0.603
所,하고,980,21112,45403,-0.604
安,호되,11,5163,2085,-0.605
道,이라하니,13,8195,1552,-0.605
然,이러니,34,10020,3321,-0.605
心,나,18,5358,3289,-0.606
兵,를,21,7038,2922,-0.606
臣,하며,54,8962,5902,-0.606
行,이,274,8270,32454,-0.606
生,니라,31,5109,5946,-0.607
亦,하여,340,7781,42834,-0.608
年,호되,18,8468,2085,-0.608
故,하니,496,12458,39036,-0.608
出,나,22,6562,3289,-0.609
二,이나,42,8670,4758,-0.61
年,이니라,15,8468,1741,-0.611
能,러니,36,10262,3446,-0.611
未,와,11,7071,1530,-0.612
成,와,8,5140,1530,-0.612
又,이러니,23,6808,3321,-0.612
一,가,64,11484,5488,-0.614
必,하니,260,6558,39036,-0.614
我,이나,25,5179,4758,-0.615
見,을,17,7174,2335,-0.615
上,로되,20,10237,1926,-0.616
事,이나,59,12239,4758,-0.617
我,하니라,22,5179,4192,-0.617
又,하다,151,6808,21901,-0.618
又,니,79,6808,11458,-0.618
三,어늘,46,8850,5137,-0.619
從,이나,27,5608,4758,-0.619
後,하고,363,7915,45403,-0.622
從,오,15,5608,2649,-0.622
行,로다,17,8270,2035,-0.622
諸,라,290,6054,47501,-0.624
二,라,415,8670,47501,-0.625
當,를,17,5778,2922,-0.626
又,을,16,6808,2335,-0.627
國,리라,12,8059,1480,-0.628
不,하여,2550,59177,42834,-0.628
謂,이니이다,17,9601,1763,-0.63
民,로다,14,6852,2035,-0.631
夫,오,21,7906,2649,-0.632
此,이라,269,13827,19406,-0.633
道,이어늘,39,8195,4747,-0.633
時,러니,25,7239,3446,-0.633
民,는,202,6852,29442,-0.634
曰,요,277,26519,10441,-0.636
諸,니라,36,6054,5946,-0.636
出,니라,39,6562,5946,-0.637
公,로,157,14884,10552,-0.637
太,러라,12,6940,1730,-0.637
王,라,749,15787,47501,-0.638
十,하고,393,8664,45403,-0.638
事,이라,237,12239,19406,-0.639
又,오,18,6808,2649,-0.639
已,이요,46,6077,7585,-0.639
世,은,113,5291,21393,-0.639
道,이요,62,8195,7585,-0.64
十,니,99,8664,11458,-0.64
乎,이라하니,10,6463,1552,-0.641
中,로,112,10651,10552,-0.641
故,을,29,12458,2335,-0.641
中,를,31,10651,2922,-0.642
一,이러니,38,11484,3321,-0.642
天,하니라,61,14627,4192,-0.644
日,로다,12,5927,2035,-0.644
臣,요,93,8962,10441,-0.645
安,를,15,5163,2922,-0.645
若,요,60,5781,10441,-0.645
主,과,11,5573,1986,-0.645
事,리라,18,12239,1480,-0.645
欲,이요,49,6503,7585,-0.646
書,로,72,6867,10552,-0.646
能,오,27,10262,2649,-0.646
當,하고,260,5778,45403,-0.649
民,리오,17,6852,2505,-0.65
爲,하면,93,37502,2504,-0.65
軍,에,218,6500,33893,-0.651
後,한대,38,7915,4853,-0.652
十,라,407,8664,47501,-0.652
大,리오,40,16158,2505,-0.653
無,와,23,15219,1530,-0.654
乎,나,21,6463,3289,-0.654
欲,오,17,6503,2649,-0.655
乃,리라,10,6861,1480,-0.658
臣,로되,17,8962,1926,-0.658
主,하니라,23,5573,4192,-0.659
當,하니,222,5778,39036,-0.659
天,호되,30,14627,2085,-0.66
國,오,21,8059,2649,-0.66
將,니,105,9320,11458,-0.661
上,에,341,10237,33893,-0.661
已,로,63,6077,10552,-0.662
明,는,172,5950,29442,-0.663
我,하며,30,5179,5902,-0.663
而,로되,105,55740,1926,-0.668
今,이니,51,7896,6609,-0.669
使,니라,62,10667,5946,-0.669
兵,에,233,7038,33893,-0.67
中,러라,18,10651,1730,-0.67
四,이,188,5932,32454,-0.671
若,라,268,5781,47501,-0.671
是,러라,21,12444,1730,-0.672
月,이라,137,7248,19406,-0.674
臣,면,63,8962,7220,-0.675
時,과,14,7239,1986,-0.675
其,호되,97,47777,2085,-0.675
明,로,61,5950,10552,-0.678
十,러니,29,8664,3446,-0.678
欲,이니라,11,6503,1741,-0.678
二,니라,50,8670,5946,-0.68
之,이라하니,177,117623,1552,-0.681
於,하다,586,27629,21901,-0.683
後,이면,58,7915,7569,-0.683
是,하야,299,12444,24828,-0.684
無,오,39,15219,2649,-0.684
時,이면,53,7239,7569,-0.684
王,니,175,15787,11458,-0.684
後,하여,328,7915,42834,-0.684
及,호되,13,6449,2085,-0.685
安,할새,8,5163,1603,-0.685
臣,라,411,8962,47501,-0.687
安,라하니,10,5163,2008,-0.688
時,하고,317,7239,45403,-0.688
世,이니이다,9,5291,1763,-0.688
行,으로,32,8270,4014,-0.689
是,하면,30,12444,2504,-0.691
侯,아,26,5662,4769,-0.691
所,하며,120,21112,5902,-0.691
五,하시니,8,5675,1464,-0.691
於,가,146,27629,5488,-0.691
時,이니,46,7239,6609,-0.693
世,하며,30,5291,5902,-0.694
一,러니,38,11484,3446,-0.695
在,가,41,7780,5488,-0.695
不,는,1672,59177,29442,-0.696
相,으로,28,7271,4014,-0.696
一,하며,65,11484,5902,-0.697
言,어늘,72,14617,5137,-0.697
用,러니,23,6966,3446,-0.698
心,를,15,5358,2922,-0.698
下,이,520,16718,32454,-0.698
是,이니이다,21,12444,1763,-0.699
與,이요,83,11425,7585,-0.699
夫,이니,50,7906,6609,-0.7
侯,니,62,5662,11458,-0.702
所,이러니,67,21112,3321,-0.702
五,하며,32,5675,5902,-0.702
世,이어늘,24,5291,4747,-0.702
五,이러니,18,5675,3321,-0.703
又,를,19,6808,2922,-0.703
三,면,61,8850,7220,-0.703
侯,리라,8,5662,1480,-0.703
已,이라하니,9,6077,1552,-0.704
至,오,28,11075,2649,-0.704
今,라,358,7896,47501,-0.704
日,어늘,29,5927,5137,-0.707
見,하시니,10,7174,1464,-0.707
是,가,65,12444,5488,-0.708
州,는,192,6854,29442,-0.708
夫,하여,322,7906,42834,-0.709
後,이,244,7915,32454,-0.71
人,와,44,30308,1530,-0.712
諸,이니라,10,6054,1741,-0.712
下,한대,77,16718,4853,-0.712
人,러니,99,30308,3446,-0.714
其,에,1533,47777,33893,-0.715
不,하다,1226,59177,21901,-0.716
月,을,16,7248,2335,-0.717
當,하시니,8,5778,1464,-0.717
將,로,93,9320,10552,-0.717
若,하시니,8,5781,1464,-0.718
兵,면,48,7038,7220,-0.719
世,이니,33,5291,6609,-0.72
乎,면,44,6463,7220,-0.721
將,은,188,9320,21393,-0.721
王,호되,31,15787,2085,-0.723
諸,은,122,6054,21393,-0.723
一,리라,16,11484,1480,-0.723
已,이러니,19,6077,3321,-0.723
以,가,294,56979,5488,-0.725
天,로다,28,14627,2035,-0.725
州,이라,125,6854,19406,-0.726
明,하면,14,5950,2504,-0.726
者,로,325,32807,10552,-0.727
亦,하다,160,7781,21901,-0.727
事,이니라,20,12239,1741,-0.728
書,하며,38,6867,5902,-0.729
者,하면,77,32807,2504,-0.73
中,하면,25,10651,2504,-0.73
于,와,11,7677,1530,-0.731
日,니라,33,5927,5946,-0.731
乎,이니,40,6463,6609,-0.731
安,이나,23,5163,4758,-0.731
自,로다,24,12604,2035,-0.732
若,니,62,5781,11458,-0.732
欲,는,179,6503,29442,-0.733
若,리라,8,5781,1480,-0.733
是,를,34,12444,2922,-0.733
相,요,71,7271,10441,-0.733
書,을,15,6867,2335,-0.733
使,요,104,10667,10441,-0.735
五,이,172,5675,32454,-0.735
主,이라,101,5573,19406,-0.735
已,이니이다,10,6077,1763,-0.736
侯,오,14,5662,2649,-0.736
安,은,103,5163,21393,-0.737
從,와,8,5608,1530,-0.737
十,하여,346,8664,42834,-0.737
兵,가,36,7038,5488,-0.738
乃,하면,16,6861,2504,-0.739
明,면,40,5950,7220,-0.739
故,하야,288,12458,24828,-0.739
故,하고,526,12458,45403,-0.741
下,이나,74,16718,4758,-0.741
心,라하니,10,5358,2008,-0.742
上,는,280,10237,29442,-0.743
國,할새,12,8059,1603,-0.743
五,이어늘,25,5675,4747,-0.744
軍,은,129,6500,21393,-0.745
矣,리오,25,10758,2505,-0.745
主,이니라,9,5573,1741,-0.745
出,리라,9,6562,1480,-0.746
至,를,30,11075,2922,-0.746
五,이나,25,5675,4758,-0.747
自,가,64,12604,5488,-0.748
以,는,1551,56979,29442,-0.749
得,하다,228,11263,21901,-0.75
使,라,468,10667,47501,-0.751
四,이어늘,26,5932,4747,-0.751
事,로다,23,12239,2035,-0.751
使,을,23,10667,2335,-0.751
日,나,18,5927,3289,-0.751
諸,니,64,6054,11458,-0.752
未,하야,162,7071,24828,-0.752
諸,리오,14,6054,2505,-0.752
書,이라,123,6867,19406,-0.752
用,어늘,33,6966,5137,-0.753
今,요,76,7896,10441,-0.754
十,하면,20,8664,2504,-0.754
亦,오,19,7781,2649,-0.754
亦,이어늘,34,7781,4747,-0.756
公,를,40,14884,2922,-0.757
陽,어늘,25,5290,5137,-0.757
未,를,19,7071,2922,-0.757
相,은,143,7271,21393,-0.758
王,이요,110,15787,7585,-0.759
侯,라,247,5662,47501,-0.759
能,을,22,10262,2335,-0.76
將,이라,166,9320,19406,-0.76
而,은,1092,55740,21393,-0.763
已,을,13,6077,2335,-0.763
陽,라,230,5290,47501,-0.764
軍,이면,45,6500,7569,-0.765
如,는,270,10036,29442,-0.766
然,어늘,47,10020,5137,-0.767
將,나,28,9320,3289,-0.767
今,이라,140,7896,19406,-0.767
我,니이다,20,5179,4230,-0.768
生,는,137,5109,29442,-0.771
於,이라하니,39,27629,1552,-0.773
然,은,195,10020,21393,-0.773
三,이니라,14,8850,1741,-0.775
從,는,150,5608,29442,-0.775
而,로다,103,55740,2035,-0.775
如,가,50,10036,5488,-0.776
十,로,83,8664,10552,-0.776
將,이면,64,9320,7569,-0.777
公,요,141,14884,10441,-0.777
侯,에,174,5662,33893,-0.778
生,이나,22,5109,4758,-0.78
至,가,55,11075,5488,-0.78
當,으로,21,5778,4014,-0.78
其,이어늘,205,47777,4747,-0.782
如,과,18,10036,1986,-0.783
則,러라,28,17922,1730,-0.783
二,한대,38,8670,4853,-0.783
不,가,293,59177,5488,-0.785
之,이나,505,117623,4758,-0.785
將,이나,40,9320,4758,-0.785
非,이라하니,10,7155,1552,-0.787
生,이니라,8,5109,1741,-0.789
在,는,206,7780,29442,-0.789
二,이어늘,37,8670,4747,-0.79
正,하야,117,5244,24828,-0.791
日,니,61,5927,11458,-0.791
今,이라하니,11,7896,1552,-0.792
從,과,10,5608,1986,-0.792
此,하야,308,13827,24828,-0.793
使,과,19,10667,1986,-0.793
之,할새,169,117623,1603,-0.794
若,하니,202,5781,39036,-0.796
士,에,174,5742,33893,-0.798
者,하며,173,32807,5902,-0.799
今,과,14,7896,1986,-0.8
又,에,206,6808,33893,-0.8
二,이,251,8670,32454,-0.801
在,러라,12,7780,1730,-0.802
將,이요,63,9320,7585,-0.803
二,하다,169,8670,21901,-0.804
言,니이다,55,14617,4230,-0.805
二,은,165,8670,21393,-0.805
公,이나,63,14884,4758,-0.805
用,가,34,6966,5488,-0.805
成,면,33,5140,7220,-0.806
若,을,12,5781,2335,-0.806
中,리라,14,10651,1480,-0.807
爲,는,980,37502,29442,-0.808
至,로다,20,11075,2035,-0.809
于,이니,45,7677,6609,-0.809
用,한대,30,6966,4853,-0.809
民,아,29,6852,4769,-0.809
三,러니,27,8850,3446,-0.812
故,러니,38,12458,3446,-0.812
中,나,31,10651,3289,-0.813
我,와,7,5179,1530,-0.815
後,이요,53,7915,7585,-0.816
可,이어늘,62,14791,4747,-0.816
上,이나,43,10237,4758,-0.816
時,리오,16,7239,2505,-0.817
在,할새,11,7780,1603,-0.817
道,으로,29,8195,4014,-0.818
必,러라,10,6558,1730,-0.818
明,아,25,5950,4769,-0.819
是,이면,83,12444,7569,-0.819
乃,과,12,6861,1986,-0.82
四,러니,18,5932,3446,-0.82
道,한대,35,8195,4853,-0.821
而,와,75,55740,1530,-0.822
于,로되,13,7677,1926,-0.822
安,하니라,19,5163,4192,-0.824
故,가,60,12458,5488,-0.825
太,나,20,6940,3289,-0.827
者,하니,1122,32807,39036,-0.827
所,오,49,21112,2649,-0.827
二,어늘,39,8670,5137,-0.828
日,리오,13,5927,2505,-0.828
道,오,19,8195,2649,-0.829
軍,로,60,6500,10552,-0.829
所,하시니,27,21112,1464,-0.831
後,하다,151,7915,21901,-0.835
得,와,15,11263,1530,-0.836
知,하여,338,9062,42834,-0.836
言,러라,22,14617,1730,-0.837
公,이면,98,14884,7569,-0.837
所,하니라,77,21112,4192,-0.837
正,이,148,5244,32454,-0.838
下,이어늘,69,16718,4747,-0.838
人,에,893,30308,33893,-0.838
太,은,129,6940,21393,-0.839
年,이나,35,8468,4758,-0.839
者,로다,58,32807,2035,-0.839
行,리오,18,8270,2505,-0.839
至,이요,73,11075,7585,-0.839
君,로,99,10804,10552,-0.84
及,로,59,6449,10552,-0.842
而,과,96,55740,1986,-0.842
使,이니,61,10667,6609,-0.845
下,이러니,48,16718,3321,-0.846
文,아,29,7036,4769,-0.847
將,이니라,14,9320,1741,-0.849
然,하며,51,10020,5902,-0.85
王,하니라,57,15787,4192,-0.852
出,가,31,6562,5488,-0.853
以,와,75,56979,1530,-0.853
子,은,506,27498,21393,-0.854
諸,러라,9,6054,1730,-0.855
人,오,69,30308,2649,-0.855
三,라,361,8850,47501,-0.856
公,라,607,14884,47501,-0.856
下,할새,23,16718,1603,-0.857
公,하여,547,14884,42834,-0.857
行,는,209,8270,29442,-0.857
後,하면,17,7915,2504,-0.858
中,는,269,10651,29442,-0.858
乃,와,9,6861,1530,-0.858
乎,과,11,6463,1986,-0.859
子,이니라,41,27498,1741,-0.86
月,이니,41,7248,6609,-0.861
夫,하니,264,7906,39036,-0.862
上,가,48,10237,5488,-0.863
上,니이다,37,10237,4230,-0.863
已,하면,13,6077,2504,-0.863
上,니라,52,10237,5946,-0.864
故,하다,233,12458,21901,-0.864
諸,나,17,6054,3289,-0.864
以,할새,78,56979,1603,-0.864
公,이니,84,14884,6609,-0.864
言,러니,43,14617,3446,-0.865
四,어늘,26,5932,5137,-0.865
天,할새,20,14627,1603,-0.866
有,에,790,27333,33893,-0.866
所,이,584,21112,32454,-0.867
得,호되,20,11263,2085,-0.868
而,나,156,55740,3289,-0.869
至,을,22,11075,2335,-0.87
已,이니라,9,6077,1741,-0.87
後,으로,27,7915,4014,-0.871
時,하시니,9,7239,1464,-0.872
于,이나,31,7677,4758,-0.873
未,을,14,7071,2335,-0.874
于,면,47,7677,7220,-0.874
將,니라,47,9320,5946,-0.874
兵,하니라,25,7038,4192,-0.875
成,러니,15,5140,3446,-0.876
三,할새,12,8850,1603,-0.878
王,이면,101,15787,7569,-0.879
生,호되,9,5109,2085,-0.879
下,은,302,16718,21393,-0.88
非,과,12,7155,1986,-0.88
四,은,107,5932,21393,-0.882
安,러니,15,5163,3446,-0.883
州,나,19,6854,3289,-0.883
知,하니라,32,9062,4192,-0.884
國,하면,17,8059,2504,-0.884
我,로,46,5179,10552,-0.885
在,과,13,7780,1986,-0.886
已,하여,219,6077,42834,-0.886
欲,가,30,6503,5488,-0.887
必,러니,19,6558,3446,-0.887
者,에,934,32807,33893,-0.888
于,라,306,7677,47501,-0.889
謂,과,16,9601,1986,-0.889
得,오,25,11263,2649,-0.891
皆,으로,32,9513,4014,-0.891
將,니이다,33,9320,4230,-0.893
文,하다,129,7036,21901,-0.893
二,러니,25,8670,3446,-0.893
者,하니라,115,32807,4192,-0.894
將,로되,15,9320,1926,-0.895
乎,하고,245,6463,45403,-0.897
王,하면,33,15787,2504,-0.897
能,과,17,10262,1986,-0.898
有,는,671,27333,29442,-0.899
子,이나,109,27498,4758,-0.9
於,는,677,27629,29442,-0.901
乃,로되,11,6861,1926,-0.901
日,러니,17,5927,3446,-0.901
相,에,205,7271,33893,-0.902
然,요,87,10020,10441,-0.902
軍,리라,8,6500,1480,-0.902
其,하다,870,47777,21901,-0.903
明,한대,24,5950,4853,-0.903
然,이,270,10020,32454,-0.905
二,호되,15,8670,2085,-0.905
主,이면,35,5573,7569,-0.906
諸,로,53,6054,10552,-0.906
未,하여,251,7071,42834,-0.907
正,는,128,5244,29442,-0.907
然,로되,16,10020,1926,-0.907
國,러니,23,8059,3446,-0.908
能,와,13,10262,1530,-0.909
上,라하니,17,10237,2008,-0.91
將,을,18,9320,2335,-0.91
我,을,10,5179,2335,-0.91
言,과,24,14617,1986,-0.911
十,이어늘,34,8664,4747,-0.911
民,오,15,6852,2649,-0.911
使,나,29,10667,3289,-0.911
夫,이어늘,31,7906,4747,-0.912
已,이면,38,6077,7569,-0.912
王,이나,62,15787,4758,-0.913
使,이,285,10667,32454,-0.917
書,요,59,6867,10441,-0.918
年,하야,173,8468,24828,-0.918
十,하다,156,8664,21901,-0.919
王,로되,25,15787,1926,-0.919
兵,나,19,7038,3289,-0.921
君,한대,43,10804,4853,-0.922
當,가,26,5778,5488,-0.923
言,리오,30,14617,2505,-0.924
于,니,72,7677,11458,-0.925
使,니,100,10667,11458,-0.926
國,한대,32,8059,4853,-0.926
乎,이면,40,6463,7569,-0.927
太,니이다,24,6940,4230,-0.927
州,이니,37,6854,6609,-0.928
正,어늘,22,5244,5137,-0.928
見,이,190,7174,32454,-0.93
民,로,59,6852,10552,-0.93
大,에,445,16158,33893,-0.936
後,을,15,7915,2335,-0.937
年,라,326,8468,47501,-0.939
一,로,98,11484,10552,-0.943
事,이요,75,12239,7585,-0.944
欲,하니라,22,6503,4192,-0.946
將,러라,13,9320,1730,-0.947
至,이니,59,11075,6609,-0.947
用,할새,9,6966,1603,-0.947
十,라하니,14,8664,2008,-0.95
安,로되,8,5163,1926,-0.95
主,이요,34,5573,7585,-0.95
正,이러니,14,5244,3321,-0.951
大,로,137,16158,10552,-0.952
士,이요,35,5742,7585,-0.952
用,로,59,6966,10552,-0.953
君,러라,15,10804,1730,-0.954
亦,으로,25,7781,4014,-0.957
則,하시니,21,17922,1464,-0.958
心,어늘,22,5358,5137,-0.959
用,하다,122,6966,21901,-0.959
有,을,51,27333,2335,-0.96
出,아,25,6562,4769,-0.96
君,호되,18,10804,2085,-0.96
道,에,222,8195,33893,-0.96
而,한대,216,55740,4853,-0.961
民,나,18,6852,3289,-0.961
後,이어늘,30,7915,4747,-0.961
三,니라,42,8850,5946,-0.962
書,이어늘,26,6867,4747,-0.963
夫,이나,30,7906,4758,-0.963
不,을,110,59177,2335,-0.965
乎,이요,39,6463,7585,-0.966
書,하시니,8,6867,1464,-0.966
道,이나,31,8195,4758,-0.967
中,라하니,17,10651,2008,-0.968
四,면,34,5932,7220,-0.969
中,면,61,10651,7220,-0.97
子,이라,423,27498,19406,-0.971
此,이라하니,17,13827,1552,-0.972
諸,이라,93,6054,19406,-0.973
故,로되,19,12458,1926,-0.973
出,리오,13,6562,2505,-0.975
主,아,21,5573,4769,-0.976
上,하다,177,10237,21901,-0.977
非,가,31,7155,5488,-0.977
曰,이라,406,26519,19406,-0.978
乎,이라,99,6463,19406,-0.978
十,하시니,10,8664,1464,-0.979
者,이니라,45,32807,1741,-0.98
今,니라,37,7896,5946,-0.98
時,는,168,7239,29442,-0.98
子,이면,164,27498,7569,-0.98
主,하야,109,5573,24828,-0.98
其,로,397,47777,10552,-0.981
主,는,129,5573,29442,-0.983
公,니,134,14884,11458,-0.984
中,어늘,43,10651,5137,-0.984
陽,로되,8,5290,1926,-0.985
軍,이니이다,9,6500,1763,-0.985
書,라,256,6867,47501,-0.986
世,오,11,5291,2649,-0.986
爲,와,45,37502,1530,-0.987
王,아,59,15787,4769,-0.988
王,는,364,15787,29442,-0.989
太,는,160,6940,29442,-0.989
月,이니이다,10,7248,1763,-0.99
軍,하며,30,6500,5902,-0.991
夫,이라,120,7906,19406,-0.991
時,오,15,7239,2649,-0.991
諸,리라,7,6054,1480,-0.992
以,을,104,56979,2335,-0.992
者,하야,636,32807,24828,-0.993
五,면,32,5675,7220,-0.993
日,러라,8,5927,1730,-0.994
王,를,36,15787,2922,-0.994
然,하다,171,10020,21901,-0.996
使,오,22,10667,2649,-0.997
故,면,70,12458,7220,-0.998
無,가,65,15219,5488,-0.998
皆,이면,56,9513,7569,-0.999
與,은,190,11425,21393,-1.0
三,로다,14,8850,2035,-1.0
十,이나,32,8664,4758,-1.002
道,러라,11,8195,1730,-1.002
我,하고,182,5179,45403,-1.006
年,이어늘,31,8468,4747,-1.011
必,이어늘,24,6558,4747,-1.012
道,이니라,11,8195,1741,-1.012
生,로다,8,5109,2035,-1.014
州,이요,40,6854,7585,-1.014
夫,리라,9,7906,1480,-1.015
行,러라,11,8270,1730,-1.016
月,하다,122,7248,21901,-1.016
陽,하며,24,5290,5902,-1.016
侯,이요,33,5662,7585,-1.016
將,라,340,9320,47501,-1.017
下,오,34,16718,2649,-1.018
五,러니,15,5675,3446,-1.019
而,호되,89,55740,2085,-1.021
然,호되,16,10020,2085,-1.021
者,이라하니,39,32807,1552,-1.021
上,러니,27,10237,3446,-1.022
又,러라,9,6808,1730,-1.024
非,하시니,8,7155,1464,-1.025
謂,이,238,9601,32454,-1.025
諸,이나,22,6054,4758,-1.025
未,로,57,7071,10552,-1.025
四,오,12,5932,2649,-1.025
諸,이요,35,6054,7585,-1.028
當,하며,26,5778,5902,-1.028
夫,이러니,20,7906,3321,-1.029
從,로,45,5608,10552,-1.031
主,이니,28,5573,6609,-1.032
於,을,49,27629,2335,-1.033
上,로,82,10237,10552,-1.034
王,이니,79,15787,6609,-1.038
時,으로,22,7239,4014,-1.038
月,하니라,23,7248,4192,-1.038
至,이라하니,13,11075,1552,-1.039
者,하고,1126,32807,45403,-1.04
當,할새,7,5778,1603,-1.04
心,러라,7,5358,1730,-1.041
知,하시니,10,9062,1464,-1.044
侯,로,45,5662,10552,-1.045
然,러니,26,10020,3446,-1.046
子,이요,157,27498,7585,-1.046
若,러니,15,5781,3446,-1.046
公,하면,28,14884,2504,-1.049
用,으로,21,6966,4014,-1.049
世,하다,87,5291,21901,-1.05
軍,이요,37,6500,7585,-1.05
者,이라,478,32807,19406,-1.05
正,로다,8,5244,2035,-1.052
故,이러니,31,12458,3321,-1.053
世,이면,30,5291,7569,-1.053
其,은,765,47777,21393,-1.054
一,이,279,11484,32454,-1.054
必,오,13,6558,2649,-1.055
文,면,38,7036,7220,-1.055
此,하여,443,13827,42834,-1.055
中,아,38,10651,4769,-1.055
能,호되,16,10262,2085,-1.056
及,아,23,6449,4769,-1.056
言,에,370,14617,33893,-1.057
當,호되,9,5778,2085,-1.057
陽,나,13,5290,3289,-1.057
正,한대,19,5244,4853,-1.058
侯,이면,32,5662,7569,-1.058
書,면,37,6867,7220,-1.059
可,러니,38,14791,3446,-1.06
然,라하니,15,10020,2008,-1.06
四,로다,9,5932,2035,-1.06
道,이,198,8195,32454,-1.062
已,에,153,6077,33893,-1.065
太,이라하니,8,6940,1552,-1.065
日,아,21,5927,4769,-1.065
兵,와,8,7038,1530,-1.065
心,는,117,5358,29442,-1.067
必,어늘,25,6558,5137,-1.067
天,이러니,36,14627,3321,-1.069
二,오,17,8670,2649,-1.07
爲,과,55,37502,1986,-1.074
明,리오,11,5950,2505,-1.075
道,과,12,8195,1986,-1.076
皆,로,74,9513,10552,-1.076
得,는,244,11263,29442,-1.079
王,니라,69,15787,5946,-1.08
下,로다,25,16718,2035,-1.081
書,니라,30,6867,5946,-1.081
夫,러니,20,7906,3446,-1.082
無,는,329,15219,29442,-1.082
王,니이다,49,15787,4230,-1.083
則,는,387,17922,29442,-1.084
陽,면,28,5290,7220,-1.084
下,이라하니,19,16718,1552,-1.086
四,하다,95,5932,21901,-1.088
使,로되,15,10667,1926,-1.09
若,이,137,5781,32454,-1.09
故,하여,389,12458,42834,-1.092
若,이러니,14,5781,3321,-1.092
乎,하야,117,6463,24828,-1.092
時,이요,40,7239,7585,-1.093
所,러니,53,21112,3446,-1.093
時,이어늘,25,7239,4747,-1.095
三,하며,38,8850,5902,-1.095
侯,요,43,5662,10441,-1.096
成,는,110,5140,29442,-1.097
相,오,14,7271,2649,-1.097
故,이나,43,12458,4758,-1.099
謂,러니,24,9601,3446,-1.099
也,아,193,55765,4769,-1.099
世,호되,8,5291,2085,-1.1
諸,이니,29,6054,6609,-1.101
安,면,27,5163,7220,-1.102
至,는,236,11075,29442,-1.103
我,할새,6,5179,1603,-1.105
王,요,119,15787,10441,-1.106
可,하니,417,14791,39036,-1.106
人,할새,35,30308,1603,-1.109
安,에,126,5163,33893,-1.11
爲,을,63,37502,2335,-1.111
如,한대,35,10036,4853,-1.113
夫,니이다,24,7906,4230,-1.115
又,요,51,6808,10441,-1.115
然,와,11,10020,1530,-1.115
年,하니,237,8468,39036,-1.116
從,은,86,5608,21393,-1.117
自,이,293,12604,32454,-1.118
與,에,277,11425,33893,-1.12
十,이,201,8664,32454,-1.121
而,이,1293,55740,32454,-1.121
自,는,265,12604,29442,-1.122
謂,을,16,9601,2335,-1.123
臣,니라,38,8962,5946,-1.124
臣,러니,22,8962,3446,-1.126
陽,를,11,5290,2922,-1.127
士,이니,27,5742,6609,-1.127
十,를,18,8664,2922,-1.128
於,오,52,27629,2649,-1.129
中,니이다,32,10651,4230,-1.13
兵,라하니,10,7038,2008,-1.135
成,로되,7,5140,1926,-1.136
可,와,16,14791,1530,-1.136
若,어늘,21,5781,5137,-1.136
州,면,35,6854,7220,-1.136
年,라하니,12,8468,2008,-1.139
時,이니이다,9,7239,1763,-1.14
侯,리오,10,5662,2505,-1.14
無,을,25,15219,2335,-1.144
此,에,329,13827,33893,-1.147
能,로,76,10262,10552,-1.147
若,러라,7,5781,1730,-1.151
五,이니이다,7,5675,1763,-1.152
將,요,68,9320,10441,-1.153
此,이나,46,13827,4758,-1.153
亦,하고,247,7781,45403,-1.153
明,오,11,5950,2649,-1.155
曰,오,49,26519,2649,-1.156
知,이어늘,30,9062,4747,-1.156
十,어늘,31,8664,5137,-1.158
正,가,20,5244,5488,-1.161
月,과,10,7248,1986,-1.162
四,한대,20,5932,4853,-1.162
公,이니라,18,14884,1741,-1.162
侯,로다,8,5662,2035,-1.163
是,하니,337,12444,39036,-1.164
陽,는,108,5290,29442,-1.164
又,이,153,6808,32454,-1.166
中,로다,15,10651,2035,-1.167
其,할새,53,47777,1603,-1.167
欲,이,146,6503,32454,-1.168
明,를,12,5950,2922,-1.171
子,하며,112,27498,5902,-1.171
五,한대,19,5675,4853,-1.172
時,할새,8,7239,1603,-1.173
軍,라하니,9,6500,2008,-1.173
公,니라,61,14884,5946,-1.173
月,으로,20,7248,4014,-1.177
州,을,11,6854,2335,-1.177
有,한대,91,27333,4853,-1.18
兵,라,229,7038,47501,-1.182
公,오,27,14884,2649,-1.183
于,에,178,7677,33893,-1.184
四,리라,6,5932,1480,-1.185
侯,니라,23,5662,5946,-1.186
從,요,40,5608,10441,-1.186
中,로되,14,10651,1926,-1.187
明,러니,14,5950,3446,-1.187
侯,이라하니,6,5662,1552,-1.187
子,하면,47,27498,2504,-1.187
兵,니,55,7038,11458,-1.188
所,로,152,21112,10552,-1.188
文,리오,12,7036,2505,-1.191
我,과,7,5179,1986,-1.191
二,로다,12,8670,2035,-1.192
太,을,11,6940,2335,-1.195
及,할새,7,6449,1603,-1.199
王,면,77,15787,7220,-1.202
已,를,12,6077,2922,-1.202
王,나,35,15787,3289,-1.205
自,와,13,12604,1530,-1.205
明,가,22,5950,5488,-1.206
臣,오,16,8962,2649,-1.206
得,로,80,11263,10552,-1.207
在,와,8,7780,1530,-1.21
安,는,102,5163,29442,-1.212
日,는,117,5927,29442,-1.213
知,하다,133,9062,21901,-1.214
王,오,28,15787,2649,-1.215
皆,면,46,9513,7220,-1.215
主,하며,22,5573,5902,-1.217
二,이라하니,9,8670,1552,-1.217
可,하고,449,14791,45403,-1.217
者,이니,145,32807,6609,-1.217
侯,이니,25,5662,6609,-1.218
後,오,14,7915,2649,-1.219
生,로,36,5109,10552,-1.219
我,에,117,5179,33893,-1.222
又,이니이다,8,6808,1763,-1.222
民,하다,100,6852,21901,-1.222
能,하시니,10,10262,1464,-1.224
所,에,476,21112,33893,-1.224
正,라하니,7,5244,2008,-1.225
生,오,9,5109,2649,-1.225
何,호되,9,6499,2085,-1.227
不,과,78,59177,1986,-1.228
可,는,289,14791,29442,-1.228
道,하다,119,8195,21901,-1.229
民,한대,22,6852,4853,-1.232
日,한대,19,5927,4853,-1.235
乃,오,12,6861,2649,-1.235
軍,면,31,6500,7220,-1.235
我,이,111,5179,32454,-1.235
書,오,12,6867,2649,-1.236
士,이나,18,5742,4758,-1.238
曰,이,567,26519,32454,-1.238
夫,러라,9,7906,1730,-1.24
故,하시니,12,12458,1464,-1.24
不,은,833,59177,21393,-1.24
文,러라,8,7036,1730,-1.242
今,리오,13,7896,2505,-1.242
之,이어늘,367,117623,4747,-1.242
于,과,10,7677,1986,-1.245
州,라하니,9,6854,2008,-1.249
于,이면,38,7677,7569,-1.249
可,하며,57,14791,5902,-1.251
必,을,10,6558,2335,-1.251
當,는,111,5778,29442,-1.252
十,가,31,8664,5488,-1.253
不,와,59,59177,1530,-1.254
年,러니,19,8468,3446,-1.255
公,면,70,14884,7220,-1.255
時,을,11,7239,2335,-1.256
是,하고,367,12444,45403,-1.259
謂,어늘,32,9601,5137,-1.26
出,이,138,6562,32454,-1.262
安,나,11,5163,3289,-1.263
國,로,55,8059,10552,-1.265
何,니라,25,6499,5946,-1.265
皆,하시니,9,9513,1464,-1.266
日,가,21,5927,5488,-1.268
已,와,6,6077,1530,-1.268
公,는,282,14884,29442,-1.272
見,하다,101,7174,21901,-1.274
州,하며,26,6854,5902,-1.274
已,는,115,6077,29442,-1.274
將,하면,15,9320,2504,-1.274
安,로,35,5163,10552,-1.275
出,요,44,6562,10441,-1.275
出,은,90,6562,21393,-1.278
故,이,259,12458,32454,-1.279
正,호되,7,5244,2085,-1.28
相,는,137,7271,29442,-1.28
我,이러니,11,5179,3321,-1.281
故,에,270,12458,33893,-1.281
能,가,36,10262,5488,-1.282
諸,이라하니,6,6054,1552,-1.283
年,리라,8,8468,1480,-1.284
如,은,137,10036,21393,-1.284
月,이면,35,7248,7569,-1.285
民,할새,7,6852,1603,-1.286
日,오,10,5927,2649,-1.287
心,로,36,5358,10552,-1.288
月,이요,35,7248,7585,-1.288
子,니이다,74,27498,4230,-1.289
侯,하면,9,5662,2504,-1.292
乎,하시니,6,6463,1464,-1.293
太,하면,11,6940,2504,-1.296
謂,은,130,9601,21393,-1.296
者,이면,157,32807,7569,-1.298
兵,는,131,7038,29442,-1.298
爲,할새,38,37502,1603,-1.298
天,러라,16,14627,1730,-1.298
已,호되,8,6077,2085,-1.3
月,하며,27,7248,5902,-1.3
在,은,105,7780,21393,-1.301
大,오,27,16158,2649,-1.301
是,와,12,12444,1530,-1.302
一,는,213,11484,29442,-1.303
至,으로,28,11075,4014,-1.303
明,하다,82,5950,21901,-1.305
無,과,19,15219,1986,-1.306
文,로다,9,7036,2035,-1.306
太,라,207,6940,47501,-1.308
及,는,119,6449,29442,-1.31
見,으로,18,7174,4014,-1.314
日,이,120,5927,32454,-1.317
欲,리라,6,6503,1480,-1.318
臣,리오,14,8962,2505,-1.318
道,이니이다,9,8195,1763,-1.319
世,한대,16,5291,4853,-1.319
州,니이다,18,6854,4230,-1.324
何,과,8,6499,1986,-1.326
欲,과,8,6503,1986,-1.327
知,할새,9,9062,1603,-1.327
必,하니라,17,6558,4192,-1.33
乎,하면,10,6463,2504,-1.331
公,리오,23,14884,2505,-1.333
而,로,362,55740,10552,-1.337
得,가,38,11263,5488,-1.338
必,과,8,6558,1986,-1.339
將,하니라,24,9320,4192,-1.339
可,하니라,38,14791,4192,-1.343
書,이나,20,6867,4758,-1.344
故,하며,45,12458,5902,-1.345
必,가,22,6558,5488,-1.346
時,로다,9,7239,2035,-1.347
書,아,20,6867,4769,-1.348
生,할새,5,5109,1603,-1.348
年,나,17,8468,3289,-1.349
子,러라,29,27498,1730,-1.35
故,어늘,39,12458,5137,-1.351
下,하다,223,16718,21901,-1.352
及,니,45,6449,11458,-1.352
君,하다,144,10804,21901,-1.353
軍,나,13,6500,3289,-1.354
今,호되,10,7896,2085,-1.356
五,이니라,6,5675,1741,-1.356
乎,와,6,6463,1530,-1.357
于,는,137,7677,29442,-1.359
兵,로,45,7038,10552,-1.359
見,는,128,7174,29442,-1.359
不,한대,174,59177,4853,-1.359
後,호되,10,7915,2085,-1.359
在,을,11,7780,2335,-1.36
侯,을,8,5662,2335,-1.361
然,로,64,10020,10552,-1.361
知,이,178,9062,32454,-1.361
文,니이다,18,7036,4230,-1.362
然,과,12,10020,1986,-1.366
于,은,99,7677,21393,-1.367
成,가,17,5140,5488,-1.367
用,에,142,6966,33893,-1.37
諸,요,38,6054,10441,-1.37
于,이요,35,7677,7585,-1.371
可,하시니,13,14791,1464,-1.372
非,하고,195,7155,45403,-1.373
如,이러니,20,10036,3321,-1.373
當,러라,6,5778,1730,-1.373
十,니이다,22,8664,4230,-1.373
使,로다,13,10667,2035,-1.376
而,으로,134,55740,4014,-1.376
今,리라,7,7896,1480,-1.376
民,에,139,6852,33893,-1.377
得,으로,27,11263,4014,-1.38
在,로,49,7780,10552,-1.381
必,는,115,6558,29442,-1.384
此,으로,33,13827,4014,-1.386
使,에,215,10667,33893,-1.386
之,이러니,232,117623,3321,-1.388
上,나,20,10237,3289,-1.388
侯,이나,16,5662,4758,-1.388
五,니라,20,5675,5946,-1.391
是,이어늘,35,12444,4747,-1.391
乎,가,21,6463,5488,-1.392
公,하며,52,14884,5902,-1.393
一,오,18,11484,2649,-1.393
故,이니이다,13,12458,1763,-1.393
可,하야,217,14791,24828,-1.395
君,러니,22,10804,3446,-1.395
又,이니라,7,6808,1741,-1.396
而,에,1114,55740,33893,-1.398
年,할새,8,8468,1603,-1.399
日,라하니,7,5927,2008,-1.402
者,이니이다,34,32807,1763,-1.403
見,은,90,7174,21393,-1.406
未,는,122,7071,29442,-1.407
年,하고,225,8468,45403,-1.409
非,하야,104,7155,24828,-1.409
不,으로,139,59177,4014,-1.409
書,니,46,6867,11458,-1.411
故,이면,55,12458,7569,-1.414
亦,과,9,7781,1986,-1.416
兵,하시니,6,7038,1464,-1.416
州,하면,10,6854,2504,-1.416
乎,하니,147,6463,39036,-1.416
軍,니이다,16,6500,4230,-1.417
王,이니라,16,15787,1741,-1.417
當,이,109,5778,32454,-1.419
言,와,13,14617,1530,-1.419
使,이요,47,10667,7585,-1.42
此,이,260,13827,32454,-1.424
可,을,20,14791,2335,-1.424
可,가,47,14791,5488,-1.425
王,이니이다,16,15787,1763,-1.435
已,으로,14,6077,4014,-1.437
相,로,44,7271,10552,-1.438
曰,니,174,26519,11458,-1.441
書,로다,8,6867,2035,-1.441
後,과,9,7915,1986,-1.441
者,하여,803,32807,42834,-1.444
使,이나,29,10667,4758,-1.444
則,은,219,17922,21393,-1.444
已,가,19,6077,5488,-1.448
于,니라,26,7677,5946,-1.448
人,로,182,30308,10552,-1.45
知,한대,25,9062,4853,-1.451
三,아,24,8850,4769,-1.451
所,호되,25,21112,2085,-1.452
無,호되,18,15219,2085,-1.454
太,이니,26,6940,6609,-1.455
太,로다,8,6940,2035,-1.456
矣,아,29,10758,4769,-1.459
陽,라하니,6,5290,2008,-1.46
用,로다,8,6966,2035,-1.462
州,이라하니,6,6854,1552,-1.462
年,은,102,8468,21393,-1.465
不,로,351,59177,10552,-1.467
乃,을,9,6861,2335,-1.468
使,리오,15,10667,2505,-1.469
士,이라하니,5,5742,1552,-1.47
無,로,90,15219,10552,-1.472
故,으로,28,12458,4014,-1.473
自,과,14,12604,1986,-1.475
則,하니라,42,17922,4192,-1.475
已,하며,20,6077,5902,-1.479
十,은,103,8664,21393,-1.484
月,이니라,7,7248,1741,-1.486
三,오,13,8850,2649,-1.487
主,를,9,5573,2922,-1.492
士,이면,24,5742,7569,-1.493
必,이러니,12,6558,3321,-1.496
將,를,15,9320,2922,-1.497
及,은,76,6449,21393,-1.497
事,으로,27,12239,4014,-1.5
乎,니이다,15,6463,4230,-1.502
而,할새,49,55740,1603,-1.503
也,에,1036,55765,33893,-1.504
州,니,43,6854,11458,-1.505
也,하니라,128,55765,4192,-1.505
如,에,186,10036,33893,-1.507
是,하다,149,12444,21901,-1.507
諸,니이다,14,6054,4230,-1.507
此,러니,26,13827,3446,-1.51
至,이,196,11075,32454,-1.511
謂,으로,21,9601,4014,-1.512
是,하며,40,12444,5902,-1.513
出,는,105,6562,29442,-1.516
主,니라,18,5573,5946,-1.517
太,를,11,6940,2922,-1.519
月,와,6,7248,1530,-1.522
若,로,33,5781,10552,-1.523
爲,이,658,37502,32454,-1.524
爲,에,686,37502,33893,-1.526
有,오,39,27333,2649,-1.529
四,니라,19,5932,5946,-1.529
使,이니라,10,10667,1741,-1.529
非,을,9,7155,2335,-1.529
士,은,66,5742,21393,-1.533
又,나,12,6808,3289,-1.536
也,러니,103,55765,3446,-1.536
于,를,12,7677,2922,-1.539
者,이어늘,83,32807,4747,-1.544
謂,이러니,17,9601,3321,-1.544
上,아,26,10237,4769,-1.545
我,은,59,5179,21393,-1.545
從,에,101,5608,33893,-1.548
王,리오,21,15787,2505,-1.549
必,에,118,6558,33893,-1.55
至,로,62,11075,10552,-1.551
道,은,93,8195,21393,-1.551
年,니이다,19,8468,4230,-1.551
在,한대,20,7780,4853,-1.553
月,은,82,7248,21393,-1.555
知,를,14,9062,2922,-1.556
則,으로,38,17922,4014,-1.557
而,이나,140,55740,4758,-1.558
侯,이라,58,5662,19406,-1.558
也,와,45,55765,1530,-1.559
乎,이니이다,6,6463,1763,-1.562
使,이라,109,10667,19406,-1.562
五,라하니,6,5675,2008,-1.562
是,과,13,12444,1986,-1.563
王,하며,49,15787,5902,-1.563
故,과,13,12458,1986,-1.565
又,이나,17,6808,4758,-1.566
皆,할새,8,9513,1603,-1.567
無,으로,32,15219,4014,-1.569
書,리오,9,6867,2505,-1.571
知,로,50,9062,10552,-1.572
又,이요,27,6808,7585,-1.572
天,한대,37,14627,4853,-1.576
及,요,35,6449,10441,-1.58
後,은,88,7915,21393,-1.581
當,을,7,5778,2335,-1.583
心,에,94,5358,33893,-1.586
太,리오,9,6940,2505,-1.586
軍,이나,16,6500,4758,-1.587
二,라하니,9,8670,2008,-1.588
則,이어늘,44,17922,4747,-1.588
陽,하시니,4,5290,1464,-1.589
天,오,20,14627,2649,-1.59
子,이니이다,25,27498,1763,-1.592
是,러니,22,12444,3446,-1.599
故,는,188,12458,29442,-1.601
我,하다,58,5179,21901,-1.604
書,은,75,6867,21393,-1.606
軍,니,38,6500,11458,-1.607
今,이니라,7,7896,1741,-1.61
當,로,31,5778,10552,-1.612
軍,라,157,6500,47501,-1.612
十,하며,26,8664,5902,-1.612
是,이나,30,12444,4758,-1.617
必,로,35,6558,10552,-1.62
夫,하면,10,7906,2504,-1.622
兵,요,37,7038,10441,-1.626
何,와,5,6499,1530,-1.628
國,러라,7,8059,1730,-1.63
士,이니라,5,5742,1741,-1.636
若,에,98,5781,33893,-1.636
者,하시니,24,32807,1464,-1.637
十,한대,21,8664,4853,-1.638
以,은,608,56979,21393,-1.64
月,하니,141,7248,39036,-1.641
州,은,73,6854,21393,-1.642
王,로다,16,15787,2035,-1.642
正,러니,9,5244,3446,-1.642
此,하고,312,13827,45403,-1.645
州,이니이다,6,6854,1763,-1.646
十,면,31,8664,7220,-1.649
州,오,9,6854,2649,-1.649
謂,이면,36,9601,7569,-1.65
公,이니이다,13,14884,1763,-1.65
四,아,14,5932,4769,-1.651
年,니,48,8468,11458,-1.652
可,하여,313,14791,42834,-1.654
未,으로,14,7071,4014,-1.656
于,아,18,7677,4769,-1.661
軍,리오,8,6500,2505,-1.662
是,이,198,12444,32454,-1.665
夫,이라하니,6,7906,1552,-1.668
可,이러니,24,14791,3321,-1.67
乎,이나,15,6463,4758,-1.672
心,와,4,5358,1530,-1.672
心,러니,9,5358,3446,-1.673
侯,은,59,5662,21393,-1.674
年,한대,20,8468,4853,-1.675
可,호되,15,14791,2085,-1.676
非,하여,149,7155,42834,-1.677
得,은,117,11263,21393,-1.679
年,하여,176,8468,42834,-1.68
皆,아,22,9513,4769,-1.68
太,이나,16,6940,4758,-1.682
一,한대,27,11484,4853,-1.682
又,는,97,6808,29442,-1.683
太,아,16,6940,4769,-1.685
用,호되,7,6966,2085,-1.689
乎,로되,6,6463,1926,-1.689
是,을,14,12444,2335,-1.69
何,하여,134,6499,42834,-1.691
爲,은,386,37502,21393,-1.692
皆,와,7,9513,1530,-1.692
故,하면,15,12458,2504,-1.693
未,오,9,7071,2649,-1.694
非,하니,134,7155,39036,-1.696
軍,로되,6,6500,1926,-1.697
成,로,26,5140,10552,-1.697
事,이,190,12239,32454,-1.7
乃,가,18,6861,5488,-1.701
乎,는,91,6463,29442,-1.701
不,호되,59,59177,2085,-1.701
我,한대,12,5179,4853,-1.703
謂,면,33,9601,7220,-1.707
正,할새,4,5244,1603,-1.708
得,한대,26,11263,4853,-1.708
有,이,422,27333,32454,-1.708
亦,로,39,7781,10552,-1.71
行,와,6,8270,1530,-1.713
若,이어늘,13,5781,4747,-1.714
君,이러니,17,10804,3321,-1.714
言,로,73,14617,10552,-1.716
相,로다,7,7271,2035,-1.716
二,하시니,6,8670,1464,-1.717
至,은,112,11075,21393,-1.717
月,하야,85,7248,24828,-1.718
然,으로,19,10020,4014,-1.718
此,이어늘,31,13827,4747,-1.719
謂,하여,194,9601,42834,-1.72
世,할새,4,5291,1603,-1.721
故,아,28,12458,4769,-1.722
一,로다,11,11484,2035,-1.723
士,리라,4,5742,1480,-1.723
一,하다,118,11484,21901,-1.728
及,오,8,6449,2649,-1.731
有,로,135,27333,10552,-1.732
則,에,284,17922,33893,-1.733
有,은,273,27333,21393,-1.735
自,에,199,12604,33893,-1.738
州,리오,8,6854,2505,-1.738
太,니,37,6940,11458,-1.74
皆,로다,9,9513,2035,-1.741
事,이어늘,27,12239,4747,-1.742
軍,오,8,6500,2649,-1.742
太,하며,19,6940,5902,-1.745
年,하다,86,8468,21901,-1.745
自,은,125,12604,21393,-1.745
得,에,177,11263,33893,-1.745
書,이니,21,6867,6609,-1.748
如,이어늘,22,10036,4747,-1.751
二,리오,10,8670,2505,-1.755
是,으로,23,12444,4014,-1.755
公,니이다,29,14884,4230,-1.755
州,이나,15,6854,4758,-1.757
謂,이나,21,9601,4758,-1.758
二,아,19,8670,4769,-1.758
有,하다,275,27333,21901,-1.759
侯,니이다,11,5662,4230,-1.759
三,리라,6,8850,1480,-1.763
如,이,149,10036,32454,-1.765
爲,로,181,37502,10552,-1.765
行,오,10,8270,2649,-1.768
非,는,96,7155,29442,-1.77
曰,이니라,21,26519,1741,-1.773
得,이,166,11263,32454,-1.775
兵,리오,8,7038,2505,-1.776
世,하면,6,5291,2504,-1.779
正,하다,52,5244,21901,-1.779
臣,하니라,17,8962,4192,-1.78
年,요,40,8468,10441,-1.781
未,하면,8,7071,2504,-1.782
何,로,31,6499,10552,-1.782
乎,어늘,15,6463,5137,-1.783
後,이나,17,7915,4758,-1.784
亦,한대,17,7781,4853,-1.788
出,로다,6,6562,2035,-1.79
矣,이나,23,10758,4758,-1.79
欲,하다,64,6503,21901,-1.79
見,로,34,7174,10552,-1.791
故,리오,14,12458,2505,-1.793
十,니라,23,8664,5946,-1.8
天,하다,143,14627,21901,-1.8
五,어늘,13,5675,5137,-1.801
年,를,11,8468,2922,-1.806
于,이니이다,6,7677,1763,-1.81
乎,하니라,12,6463,4192,-1.811
可,과,13,14791,1986,-1.812
亦,을,8,7781,2335,-1.82
知,으로,16,9062,4014,-1.821
臣,로다,8,8962,2035,-1.825
我,이니이다,4,5179,1763,-1.827
乎,하여,121,6463,42834,-1.83
是,이러니,18,12444,3321,-1.835
可,로,68,14791,10552,-1.835
乃,는,88,6861,29442,-1.835
當,과,5,5778,1986,-1.835
十,는,111,8664,29442,-1.837
能,은,95,10262,21393,-1.845
正,오,6,5244,2649,-1.847
在,호되,7,7780,2085,-1.849
月,로되,6,7248,1926,-1.855
于,이,107,7677,32454,-1.856
所,한대,44,21112,4853,-1.856
不,이,824,59177,32454,-1.857
謂,하야,102,9601,24828,-1.861
何,요,29,6499,10441,-1.863
以,이,790,56979,32454,-1.863
當,로다,5,5778,2035,-1.87
年,하면,9,8468,2504,-1.873
者,호되,29,32807,2085,-1.874
在,이,107,7780,32454,-1.875
知,호되,8,9062,2085,-1.876
月,요,32,7248,10441,-1.878
謂,러라,7,9601,1730,-1.883
何,나,9,6499,3289,-1.884
亦,와,5,7781,1530,-1.888
有,으로,46,27333,4014,-1.89
主,은,50,5573,21393,-1.89
也,는,688,55765,29442,-1.891
將,하며,23,9320,5902,-1.894
何,라,129,6499,47501,-1.895
出,으로,11,6562,4014,-1.896
必,를,8,6558,2922,-1.897
者,한대,66,32807,4853,-1.907
使,는,130,10667,29442,-1.909
太,이니라,5,6940,1741,-1.909
當,하니라,10,5778,4192,-1.913
何,이,87,6499,32454,-1.914
曰,는,322,26519,29442,-1.914
年,이,113,8468,32454,-1.918
曰,아,52,26519,4769,-1.919
亦,면,23,7781,7220,-1.925
謂,하고,178,9601,45403,-1.928
未,호되,6,7071,2085,-1.933
月,이어늘,14,7248,4747,-1.934
五,아,11,5675,4769,-1.935
諸,로다,5,6054,2035,-1.937
君,할새,7,10804,1603,-1.943
書,이면,21,6867,7569,-1.944
者,이러니,44,32807,3321,-1.944
四,리오,6,5932,2505,-1.945
欲,와,4,6503,1530,-1.951
行,로,35,8270,10552,-1.954
是,할새,8,12444,1603,-1.954
曰,라,505,26519,47501,-1.955
故,할새,8,12458,1603,-1.956
何,니이다,11,6499,4230,-1.958
乃,나,9,6861,3289,-1.962
乎,을,6,6463,2335,-1.967
月,니,33,7248,11458,-1.968
陽,아,10,5290,4769,-1.971
則,로,75,17922,10552,-1.971
至,할새,7,11075,1603,-1.979
未,하다,61,7071,21901,-1.98
無,은,128,15219,21393,-1.983
於,은,232,27629,21393,-1.986
者,이나,61,32807,4758,-1.992
二,하며,20,8670,5902,-1.992
年,어늘,17,8468,5137,-1.992
于,을,7,7677,2335,-1.993
無,하다,130,15219,21901,-1.995
曰,나,34,26519,3289,-1.995
二,리라,5,8670,1480,-1.996
月,하고,128,7248,45403,-1.999
可,으로,23,14791,4014,-2.004
知,에,119,9062,33893,-2.004
四,이니라,4,5932,1741,-2.005
臣,하다,76,8962,21901,-2.005
知,은,75,9062,21393,-2.006
能,하다,87,10262,21901,-2.006
于,요,31,7677,10441,-2.007
事,은,101,12239,21393,-2.011
必,은,54,6558,21393,-2.014
於,로,112,27629,10552,-2.017
兵,리라,4,7038,1480,-2.017
非,으로,11,7155,4014,-2.021
兵,니라,16,7038,5946,-2.023
此,호되,11,13827,2085,-2.026
又,로되,5,6808,1926,-2.027
太,오,7,6940,2649,-2.029
太,이면,20,6940,7569,-2.029
使,리라,6,10667,1480,-2.032
何,로다,5,6499,2035,-2.04
知,을,8,9062,2335,-2.04
欲,로다,5,6503,2035,-2.041
諸,이니이다,4,6054,1763,-2.052
亦,가,16,7781,5488,-2.053
月,리라,4,7248,1480,-2.059
軍,이니,16,6500,6609,-2.061
非,로,28,7155,10552,-2.067
軍,는,71,6500,29442,-2.067
乎,를,7,6463,2922,-2.068
皆,과,7,9513,1986,-2.069
曰,와,15,26519,1530,-2.072
于,니이다,12,7677,4230,-2.073
見,오,7,7174,2649,-2.077
於,이,328,27629,32454,-2.087
者,을,28,32807,2335,-2.088
必,하면,6,6558,2504,-2.089
何,하며,14,6499,5902,-2.09
非,러니,9,7155,3446,-2.09
于,리오,7,7677,2505,-2.094
主,리라,3,5573,1480,-2.095
夫,이니라,5,7906,1741,-2.097
月,라,125,7248,47501,-2.098
也,면,146,55765,7220,-2.1
曰,과,19,26519,1986,-2.107
月,러니,9,7248,3446,-2.109
年,하며,18,8468,5902,-2.11
太,면,18,6940,7220,-2.113
陽,니이다,8,5290,4230,-2.12
非,이,83,7155,32454,-2.121
于,으로,11,7677,4014,-2.122
何,러라,4,6499,1730,-2.127
當,은,44,5778,21393,-2.127
謂,하시니,5,9601,1464,-2.127
能,이,118,10262,32454,-2.133
心,오,5,5358,2649,-2.142
于,리라,4,7677,1480,-2.142
在,으로,11,7780,4014,-2.142
無,한대,26,15219,4853,-2.143
十,나,10,8664,3289,-2.147
可,하면,13,14791,2504,-2.147
謂,하니,131,9601,39036,-2.153
月,어늘,13,7248,5137,-2.154
可,한대,25,14791,4853,-2.158
是,호되,9,12444,2085,-2.164
于,로,28,7677,10552,-2.169
欲,은,48,6503,21393,-2.172
書,니이다,10,6867,4230,-2.175
年,면,21,8468,7220,-2.178
今,하며,16,7896,5902,-2.179
曰,이니이다,16,26519,1763,-2.183
時,한대,12,7239,4853,-2.186
太,니라,14,6940,5946,-2.196
已,한대,10,6077,4853,-2.197
未,리오,6,7071,2505,-2.198
中,리오,9,10651,2505,-2.204
又,은,49,6808,21393,-2.208
皆,하면,8,9513,2504,-2.21
上,로다,7,10237,2035,-2.21
謂,로,34,9601,10552,-2.211
如,호되,7,10036,2085,-2.216
何,하야,54,6499,24828,-2.216
書,이니라,4,6867,1741,-2.216
得,할새,6,11263,1603,-2.226
出,로,23,6562,10552,-2.226
已,과,4,6077,1986,-2.23
月,하면,6,7248,2504,-2.233
月,를,7,7248,2922,-2.233
王,러라,9,15787,1730,-2.238
時,은,51,7239,21393,-2.239
士,오,5,5742,2649,-2.241
何,하고,97,6499,45403,-2.241
欲,에,72,6503,33893,-2.25
以,에,630,56979,33893,-2.252
乎,이러니,7,6463,3321,-2.253
言,하다,104,14617,21901,-2.258
亦,이,82,7781,32454,-2.259
何,이러니,7,6499,3321,-2.261
何,는,62,6499,29442,-2.262
非,러라,4,7155,1730,-2.266
年,가,15,8468,5488,-2.268
如,로,34,10036,10552,-2.275
則,호되,12,17922,2085,-2.275
若,한대,9,5781,4853,-2.277
未,한대,11,7071,4853,-2.278
陽,니라,10,5290,5946,-2.29
三,리오,7,8850,2505,-2.299
已,하다,42,6077,21901,-2.3
故,로다,8,12458,2035,-2.3
月,하여,98,7248,42834,-2.3
將,는,86,9320,29442,-2.31
上,리오,8,10237,2505,-2.317
然,할새,5,10020,1603,-2.32
亦,를,7,7781,2922,-2.336
何,라하니,4,6499,2008,-2.342
乃,이나,10,6861,4758,-2.343
侯,러라,3,5662,1730,-2.343
乃,에,71,6861,33893,-2.348
必,으로,8,6558,4014,-2.355
可,하다,98,14791,21901,-2.361
軍,로다,4,6500,2035,-2.362
臣,리라,4,8962,1480,-2.366
也,를,49,55765,2922,-2.37
侯,이니이다,3,5662,1763,-2.371
在,하다,51,7780,21901,-2.377
言,할새,7,14617,1603,-2.379
曰,니라,47,26519,5946,-2.383
曰,은,169,26519,21393,-2.383
書,리라,3,6867,1480,-2.397
也,하며,97,55765,5902,-2.399
乎,이어늘,9,6463,4747,-2.406
必,호되,4,6558,2085,-2.41
明,러라,3,5950,1730,-2.415
軍,아,9,6500,4769,-2.421
十,할새,4,8664,1603,-2.432
然,한대,14,10020,4853,-2.433
二,할새,4,8670,1603,-2.433
出,오,5,6562,2649,-2.434
安,로다,3,5163,2035,-2.445
何,한대,9,6499,4853,-2.445
者,할새,15,32807,1603,-2.446
未,과,4,7071,1986,-2.448
此,와,6,13827,1530,-2.454
無,이,140,15219,32454,-2.455
中,오,8,10651,2649,-2.455
此,하며,23,13827,5902,-2.463
故,은,75,12458,21393,-2.466
五,리오,4,5675,2505,-2.466
非,은,43,7155,21393,-2.468
使,은,64,10667,21393,-2.47
則,이면,38,17922,7569,-2.472
時,리라,3,7239,1480,-2.473
軍,요,19,6500,10441,-2.473
月,니라,12,7248,5946,-2.481
已,은,36,6077,21393,-2.489
者,과,18,32807,1986,-2.492
又,할새,3,6808,1603,-2.499
年,아,11,8468,4769,-2.513
故,이어늘,16,12458,4747,-2.522
何,어늘,9,6499,5137,-2.528
也,하시니,22,55765,1464,-2.528
文,오,5,7036,2649,-2.535
非,호되,4,7155,2085,-2.535
何,러니,6,6499,3446,-2.536
非,하니라,8,7155,4192,-2.543
所,할새,9,21112,1603,-2.547
未,할새,3,7071,1603,-2.554
上,리라,4,10237,1480,-2.558
謂,이어늘,12,9601,4747,-2.562
五,로다,3,5675,2035,-2.581
何,이어늘,8,6499,4747,-2.584
年,니라,13,8468,5946,-2.59
者,으로,34,32807,4014,-2.59
王,리라,6,15787,1480,-2.598
曰,리오,17,26519,2505,-2.603
無,에,132,15219,33893,-2.603
陽,리라,2,5290,1480,-2.605
若,로다,3,5781,2035,-2.608
矣,를,8,10758,2922,-2.611
矣,하시니,4,10758,1464,-2.614
曰,호되,14,26519,2085,-2.618
未,이,58,7071,32454,-2.621
皆,를,7,9513,2922,-2.626
月,나,6,7248,3289,-2.627
有,할새,11,27333,1603,-2.63
乃,이면,13,6861,7569,-2.634
乎,로,17,6463,10552,-2.64
若,호되,3,5781,2085,-2.643
所,하다,115,21112,21901,-2.644
于,오,5,7677,2649,-2.66
謂,에,80,9601,33893,-2.66
何,하다,35,6499,21901,-2.66
州,니라,10,6854,5946,-2.663
當,하다,31,5778,21901,-2.666
州,아,8,6854,4769,-2.667
年,하시니,3,8468,1464,-2.683
十,아,10,8664,4769,-2.683
文,이니이다,3,7036,1763,-2.684
曰,로다,13,26519,2035,-2.69
月,러라,3,7248,1730,-2.7
也,가,73,55765,5488,-2.704
兵,아,8,7038,4769,-2.705
五,리라,2,5675,1480,-2.706
皆,오,6,9513,2649,-2.707
年,로다,4,8468,2035,-2.743
則,면,30,17922,7220,-2.745
年,와,3,8468,1530,-2.747
州,이면,12,6854,7569,-2.748
主,을,3,5573,2335,-2.753
皆,이,71,9513,32454,-2.757
曰,이나,29,26519,4758,-2.758
皆,가,12,9513,5488,-2.758
月,는,49,7248,29442,-2.759
謂,하며,13,9601,5902,-2.76
年,는,57,8468,29442,-2.765
月,니이다,7,7248,4230,-2.767
也,이니라,22,55765,1741,-2.778
乎,러니,5,6463,3446,-2.791
乎,은,31,6463,21393,-2.793
此,한대,15,13827,4853,-2.798
如,으로,9,10036,4014,-2.799
我,러라,2,5179,1730,-2.8
則,하면,10,17922,2504,-2.802
何,에,49,6499,33893,-2.805
時,하다,35,7239,21901,-2.816
亦,이면,13,7781,7569,-2.816
正,러라,2,5244,1730,-2.818
成,오,3,5140,2649,-2.819
爲,으로,33,37502,4014,-2.826
此,과,6,13827,1986,-2.831
未,은,33,7071,21393,-2.833
陽,이니라,2,5290,1741,-2.839
州,로다,3,6854,2035,-2.853
兵,오,4,7038,2649,-2.857
陽,이니이다,2,5290,1763,-2.858
心,하다,25,5358,21901,-2.867
謂,리라,3,9601,1480,-2.88
乃,은,31,6861,21393,-2.88
則,러니,13,17922,3446,-2.884
非,이러니,5,7155,3321,-2.885
月,이러니,5,7248,3321,-2.904
軍,니라,8,6500,5946,-2.909
月,라하니,3,7248,2008,-2.915
亦,하면,4,7781,2504,-2.92
可,은,65,14791,21393,-2.92
乎,이,43,6463,32454,-2.923
也,로,120,55765,10552,-2.93
主,이니이다,2,5573,1763,-2.933
侯,이니라,2,5662,1741,-2.937
何,이요,10,6499,7585,-2.938
乃,면,10,6861,7220,-2.945
則,이러니,12,17922,3321,-2.947
何,니,15,6499,11458,-2.948
月,이,47,7248,32454,-2.96
五,오,3,5675,2649,-2.961
乃,를,4,6861,2922,-2.962
州,하시니,2,6854,1464,-2.963
必,와,2,6558,1530,-2.963
謂,하니라,8,9601,4192,-2.967
月,호되,3,7248,2085,-2.969
軍,이라하니,2,6500,1552,-2.971
何,을,3,6499,2335,-2.975
者,하다,142,32807,21901,-2.975
州,리라,2,6854,1480,-2.979
者,은,138,32807,21393,-2.983
太,리라,2,6940,1480,-2.997
臣,러라,3,8962,1730,-3.006
故,호되,5,12458,2085,-3.013
心,한대,5,5358,4853,-3.015
何,할새,2,6499,1603,-3.017
月,면,10,7248,7220,-3.024
皆,는,53,9513,29442,-3.038
必,한대,6,6558,4853,-3.043
曰,니이다,21,26519,4230,-3.054
何,은,26,6499,21393,-3.055
皆,에,60,9513,33893,-3.062
上,오,5,10237,2649,-3.076
不,에,368,59177,33893,-3.083
已,이,36,6077,32454,-3.09
者,이,194,32807,32454,-3.093
非,에,44,7155,33893,-3.099
何,하니,46,6499,39036,-3.1
可,이,87,14791,32454,-3.1
能,한대,9,10262,4853,-3.104
皆,을,4,9513,2335,-3.11
也,은,214,55765,21393,-3.115
曰,에,159,26519,33893,-3.135
主,로다,2,5573,2035,-3.14
乃,리오,3,6861,2505,-3.155
月,할새,2,7248,1603,-3.175
謂,한대,8,9601,4853,-3.178
於,으로,19,27629,4014,-3.182
必,이,36,6558,32454,-3.2
可,할새,4,14791,1603,-3.204
亦,은,28,7781,21393,-3.208
皆,리오,4,9513,2505,-3.211
皆,은,34,9513,21393,-3.218
若,하다,21,5781,21901,-3.228
何,이니,7,6499,6609,-3.254
曰,면,31,26519,7220,-3.263
何,이나,5,6499,4758,-3.265
是,은,43,12444,21393,-3.266
何,이라,20,6499,19406,-3.293
矣,이니이다,3,10758,1763,-3.297
何,를,3,6499,2922,-3.298
今,할새,2,7896,1603,-3.298
也,하니,344,55765,39036,-3.298
曰,로되,8,26519,1926,-3.311
十,리라,2,8664,1480,-3.317
可,에,78,14791,33893,-3.32
矣,하니라,7,10758,4192,-3.324
曰,하시니,6,26519,1464,-3.33
未,가,6,7071,5488,-3.33
乎,으로,4,6463,4014,-3.334
今,이러니,4,7896,3321,-3.349
亦,에,40,7781,33893,-3.357
陽,리오,2,5290,2505,-3.364
月,가,6,7248,5488,-3.365
于,러라,2,7677,1730,-3.368
何,면,7,6499,7220,-3.381
乎,호되,2,6463,2085,-3.389
亦,는,34,7781,29442,-3.389
何,하니라,4,6499,4192,-3.404
也,하야,203,55765,24828,-3.406
乎,에,32,6463,33893,-3.411
曰,이면,29,26519,7569,-3.427
月,한대,5,7248,4853,-3.451
曰,를,11,26519,2922,-3.453
曰,어늘,19,26519,5137,-3.478
月,로다,2,7248,2035,-3.519
此,할새,3,13827,1603,-3.522
年,오,3,8468,2649,-3.539
今,한대,5,7896,4853,-3.574
謂,하면,3,9601,2504,-3.639
能,에,43,10262,33893,-3.652
無,할새,3,15219,1603,-3.66
也,하고,309,55765,45403,-3.671
能,할새,2,10262,1603,-3.676
曰,하며,19,26519,5902,-3.679
曰,하면,8,26519,2504,-3.689
曰,하니라,13,26519,4192,-3.732
月,이나,4,7248,4758,-3.744
月,아,4,7248,4769,-3.748
非,하면,2,7155,2504,-3.799
曰,하고,134,26519,45403,-3.804
月,리오,2,7248,2505,-3.819
陽,러라,1,5290,1730,-3.83
一,할새,2,11484,1603,-3.839
矣,하야,29,10758,24828,-3.84
故,리라,2,12458,1480,-3.841
若,할새,1,5781,1603,-3.848
當,한대,3,5778,4853,-3.861
矣,이니라,2,10758,1741,-3.864
曰,하니,110,26519,39036,-3.871
四,할새,1,5932,1603,-3.886
軍,하시니,1,6500,1464,-3.887
矣,는,33,10758,29442,-3.899
曰,이어늘,13,26519,4747,-3.912
矣,하니,43,10758,39036,-3.924
曰,을,6,26519,2335,-4.004
乎,할새,1,6463,1603,-4.009
文,리라,1,7036,1480,-4.017
矣,한대,5,10758,4853,-4.021
必,할새,1,6558,1603,-4.03
不,할새,9,59177,1603,-4.034
年,리오,2,8468,2505,-4.043
月,하시니,1,7248,1464,-4.044
陽,로다,1,5290,2035,-4.065
十,리오,2,8664,2505,-4.076
乎,하다,13,6463,21901,-4.081
曰,이러니,8,26519,3321,-4.097
曰,로,25,26519,10552,-4.121
軍,이니라,1,6500,1741,-4.137
矣,에,32,10758,33893,-4.147
非,한대,3,7155,4853,-4.169
州,이니라,1,6854,1741,-4.213
亦,할새,1,7781,1603,-4.277
何,로되,1,6499,1926,-4.282
也,하면,11,55765,2504,-4.302
陽,오,1,5290,2649,-4.445
也,이니이다,7,55765,1763,-4.448
矣,로,8,10758,10552,-4.463
兵,로다,1,7038,2035,-4.476
則,할새,2,17922,1603,-4.481
必,하다,10,6558,21901,-4.481
曰,하야,45,26519,24828,-4.507
是,한대,4,12444,4853,-4.553
此,하다,20,13827,21901,-4.557
曰,으로,7,26519,4014,-4.563
此,이러니,3,13827,3321,-4.572
乎,한대,2,6463,4853,-4.607
曰,하여,68,26519,42834,-4.698
也,이라하니,5,55765,1552,-4.75
也,이라,62,55765,19406,-4.762
十,로다,1,8664,2035,-4.776
則,하다,22,17922,21901,-4.793
矣,이,19,10758,32454,-4.836
曰,한대,7,26519,4853,-4.837
曰,하다,31,26519,21901,-4.864
也,하다,65,55765,21901,-4.868
也,하여,127,55765,42834,-4.87
月,오,1,7248,2649,-4.899
也,이니,19,55765,6609,-4.914
也,이나,13,55765,4758,-4.988
矣,하며,3,10758,5902,-5.04
矣,과,1,10758,1986,-5.053
今,하다,8,7896,21901,-5.07
也,을,6,55765,2335,-5.076
十,오,1,8664,2649,-5.157
矣,을,1,10758,2335,-5.287
非,하다,6,7155,21901,-5.343
今,러니,1,7896,3446,-5.402
則,한대,3,17922,4853,-5.494
也,호되,4,55765,2085,-5.498
曰,러니,3,26519,3446,-5.565
矣,하고,15,10758,45403,-5.661
矣,하여,14,10758,42834,-5.677
也,이면,12,55765,7569,-5.773
曰,리라,1,26519,1480,-5.931
矣,이요,2,10758,7585,-5.987
矣,이라,5,10758,19406,-6.02
也,이,43,55765,32454,-6.032
也,할새,2,55765,1603,-6.118
也,한대,6,55765,4853,-6.131
曰,러라,1,26519,1730,-6.156
也,이요,9,55765,7585,-6.191
也,과,2,55765,1986,-6.427
矣,가,1,10758,5488,-6.52
也,이어늘,4,55765,4747,-6.685
矣,이니,1,10758,6609,-6.788
矣,은,3,10758,21393,-6.898
矣,하다,2,10758,21901,-7.517
也,이러니,1,55765,3321,-8.169
謂,하다,1,9601,21901,-8.352
