hanja,hyeonto,cooccur_count,hanja_count,hyeonto_count,pmi
何,오,1560,6499,3014,5.679
乎,아,2396,6463,4769,5.644
乎,잇가,452,6463,932,5.593
何,리오,1347,6499,3504,5.25
至,하여는,497,11075,981,4.879
矣,리라,829,10758,1689,4.875
及,하여는,231,6449,981,4.554
必,하리니,220,6558,944,4.515
故,로,4856,12458,14566,4.106
何,잇가,150,6499,932,3.994
必,리라,244,6558,1689,3.825
月,에,5225,7248,33893,3.774
然,나,1507,10020,8047,3.588
若,면,1450,5781,14789,3.448
矣,로다,488,10758,2978,3.293
安,리오,249,5163,3504,3.146
時,엔,105,7239,1084,3.106
何,며,124,6499,1447,3.085
何,아,358,6499,4769,2.894
將,할새,166,9320,1603,2.838
主,가,332,5573,5488,2.804
於,하여는,292,27629,981,2.793
言,호되,299,14617,2085,2.658
可,아,688,14791,4769,2.65
如,오,293,10036,3014,2.64
則,리라,293,17922,1689,2.639
可,잇가,133,14791,932,2.634
則,하나니,190,17922,1109,2.621
我,로다,147,5179,2978,2.616
必,하나니,69,6558,1109,2.61
世,엔,54,5291,1084,2.599
若,하면,136,5781,2504,2.596
亦,리라,120,7781,1689,2.554
我,하라,62,5179,1321,2.544
年,에,2528,8468,33893,2.503
矣,니라,727,10758,7687,2.5
能,리오,309,10262,3504,2.467
自,로,1530,12604,14566,2.423
亦,잇가,60,7781,932,2.412
是,로,1453,12444,14566,2.367
以,라하여,628,56979,1383,2.358
若,어든,66,5781,1444,2.347
乎,리오,179,6463,3504,2.346
可,니이다,700,14791,5993,2.345
矣,로되,260,10758,3078,2.337
州,라가,106,6854,1969,2.337
十,에,2235,8664,33893,2.292
亦,아,278,7781,4769,2.269
矣,라하니라,98,10758,1217,2.268
下,하사,157,16718,1255,2.267
無,하라,150,15219,1321,2.263
欲,한대,233,6503,4853,2.248
十,와,223,8664,3516,2.236
後,에,1928,7915,33893,2.209
謂,라하여,95,9601,1383,2.203
能,아,350,10262,4769,2.202
亦,니라,426,7781,7687,2.196
州,할새,78,6854,1603,2.191
使,로,1101,10667,14566,2.189
我,라하고,74,5179,2021,2.185
矣,라하고,152,10758,2021,2.169
已,니라,326,6077,7687,2.167
于,하사,67,7677,1255,2.162
可,리라,173,14791,1689,2.156
士,가,217,5742,5488,2.147
于,하다,1157,7677,21901,2.146
皆,러라,205,9513,3158,2.134
將,하리니,60,9320,944,2.133
也,라,25177,55765,66907,2.118
故,라하니라,102,12458,1217,2.114
與,로,1119,11425,14566,2.113
可,니라,764,14791,7687,2.112
未,니이다,282,7071,5993,2.098
時,에,1630,7239,33893,2.096
上,호되,141,10237,2085,2.087
非,니이다,283,7155,5993,2.086
也,니라,2825,55765,7687,2.084
與,잇가,70,11425,932,2.08
非,며,68,7155,1447,2.079
皆,로되,192,9513,3078,2.077
使,한대,338,10667,4853,2.071
在,엔,55,7780,1084,2.069
安,잇가,31,5163,932,2.051
可,로다,283,14791,2978,2.047
于,할새,79,7677,1603,2.046
若,오,111,5781,3014,2.035
有,어든,249,27333,1444,2.021
將,리라,99,9320,1689,2.017
可,며,134,14791,1447,2.01
矣,니이다,399,10758,5993,1.993
此,니이다,510,13827,5993,1.985
以,로,5063,56979,14566,1.973
欲,어늘,391,6503,9884,1.969
也,니이다,2026,55765,5993,1.964
非,면,639,7155,14789,1.958
無,리라,154,15219,1689,1.947
可,라하고,179,14791,2021,1.946
世,하여는,31,5291,981,1.942
者,는,9862,32807,50835,1.928
已,니이다,213,6077,5993,1.912
非,로되,127,7155,3078,1.891
侯,하다,714,5662,21901,1.889
非,요,739,7155,18026,1.882
乃,하다,855,6861,21901,1.872
欲,호되,77,6503,2085,1.869
當,하여는,32,5778,981,1.861
安,아,139,5163,4769,1.861
天,하사,103,14627,1255,1.852
今,엔,48,7896,1084,1.851
欲,러니,246,6503,6767,1.847
則,하리니,94,17922,944,1.838
見,하니라,167,7174,4193,1.837
非,니라,304,7155,7687,1.83
得,리오,218,11263,3504,1.829
我,하리니,27,5179,944,1.829
侯,할새,50,5662,1603,1.825
明,하사,41,5950,1255,1.821
日,에,1101,5927,33893,1.818
未,엔,42,7071,1084,1.818
亦,니이다,255,7781,5993,1.815
使,라도,118,10667,2033,1.808
及,엔,38,6449,1084,1.806
非,아,184,7155,4769,1.795
出,라가,69,6562,1969,1.781
乃,잇가,34,6861,932,1.774
我,아,130,5179,4769,1.76
州,하다,788,6854,21901,1.756
王,이,2656,15787,32454,1.738
言,하면,189,14617,2504,1.732
後,엔,44,7915,1084,1.722
亦,로다,118,7781,2978,1.712
陽,할새,43,5290,1603,1.706
謂,라하니라,59,9601,1217,1.7
爲,라하여,259,37502,1383,1.684
者,를,859,32807,5257,1.68
欲,나,260,6503,8047,1.677
此,잇가,64,13827,932,1.676
今,하면,98,7896,2504,1.673
非,잇가,33,7155,932,1.671
矣,니,962,10758,18067,1.671
此,니라,522,13827,7687,1.66
于,로다,112,7677,2978,1.656
也,라하니라,332,55765,1217,1.654
乃,하사,42,6861,1255,1.65
又,리오,116,6808,3504,1.645
出,할새,51,6562,1603,1.641
也,오,810,55765,3014,1.633
我,어든,36,5179,1444,1.631
無,니이다,439,15219,5993,1.631
天,하시니,103,14627,1464,1.63
如,면,713,10036,14789,1.628
我,오,75,5179,3014,1.628
二,에,1411,8670,33893,1.627
兵,할새,54,7038,1603,1.623
諸,잇가,27,6054,932,1.622
也,니,4815,55765,18067,1.62
已,잇가,27,6077,932,1.617
可,리오,247,14791,3504,1.616
我,라하니라,30,5179,1217,1.615
非,어든,49,7155,1444,1.609
成,하나니,27,5140,1109,1.608
謂,로다,135,9601,2978,1.603
故,하니라,246,12458,4193,1.599
如,하니라,198,10036,4193,1.598
必,라하고,62,6558,2021,1.59
二,와,142,8670,3516,1.583
下,하시니,114,16718,1464,1.583
能,어든,69,10262,1444,1.583
軍,하다,662,6500,21901,1.581
可,라하니,243,14791,3560,1.57
未,라하여,45,7071,1383,1.566
用,리오,112,6966,3504,1.562
得,아,246,11263,4769,1.559
得,리라,87,11263,1689,1.557
矣,라,3282,10758,66907,1.553
四,에,917,5932,33893,1.553
當,라하고,53,5778,2021,1.546
此,하니라,263,13827,4193,1.545
欲,라가,58,6503,1969,1.543
有,라도,250,27333,2033,1.533
乎,며,42,6463,1447,1.531
則,요,1439,17922,18026,1.519
我,라하니,82,5179,3560,1.517
其,하여는,208,47777,981,1.514
所,니이다,560,21112,5993,1.51
太,할새,49,6940,1603,1.503
兵,라가,61,7038,1969,1.502
書,호되,63,6867,2085,1.501
十,러라,120,8664,3158,1.497
者,가,787,32807,5488,1.492
皆,하니이다,39,9513,940,1.488
我,리오,79,5179,3504,1.486
而,하나니,269,55740,1109,1.485
將,한대,195,9320,4853,1.472
臣,니이다,231,8962,5993,1.468
皆,호되,85,9513,2085,1.463
太,하다,650,6940,21901,1.46
事,를,275,12239,5257,1.459
曰,라하고,229,26519,2021,1.459
必,하라,37,6558,1321,1.458
必,라하니라,34,6558,1217,1.455
則,니라,586,17922,7687,1.452
能,면,645,10262,14789,1.451
未,니라,231,7071,7687,1.451
夫,와,118,7906,3516,1.449
矣,며,66,10758,1447,1.448
五,에,815,5675,33893,1.447
是,에,1785,12444,33893,1.445
諸,할새,41,6054,1603,1.443
皆,하니라,168,9513,4193,1.438
與,할새,77,11425,1603,1.436
州,러니,195,6854,6767,1.436
及,에,918,6449,33893,1.434
必,라하여,38,6558,1383,1.431
民,하니이다,27,6852,940,1.431
自,라하여,73,12604,1383,1.43
我,라하여,30,5179,1383,1.43
能,잇가,40,10262,932,1.428
已,니,459,6077,18067,1.427
不,어든,356,59177,1444,1.422
所,니라,676,21112,7687,1.422
可,요,1110,14791,18026,1.421
當,엔,26,5778,1084,1.417
主,할새,37,5573,1603,1.414
民,하나니,31,6852,1109,1.392
必,니,481,6558,18067,1.385
可,라하여,83,14791,1383,1.384
知,니라,282,9062,7687,1.381
不,리라,404,59177,1689,1.379
于,라가,61,7677,1969,1.376
三,와,125,8850,3516,1.37
知,로되,112,9062,3078,1.369
於,엔,120,27629,1084,1.366
欲,로되,80,6503,3078,1.363
不,니이다,1414,59177,5993,1.359
下,잇가,62,16718,932,1.356
不,니라,1805,59177,7687,1.352
五,와,79,5675,3516,1.349
所,를,438,21112,5257,1.344
從,러니,149,5608,6767,1.337
三,에,1176,8850,33893,1.335
則,니,1264,17922,18067,1.329
無,잇가,55,15219,932,1.319
成,하사,25,5140,1255,1.318
已,오,71,6077,3014,1.318
我,며,29,5179,1447,1.316
自,하리니,46,12604,944,1.315
兵,한대,132,7038,4853,1.314
從,하나니,24,5608,1109,1.312
是,니라,369,12444,7687,1.311
非,니,497,7155,18067,1.307
主,한대,104,5573,4853,1.307
知,리오,122,9062,3504,1.306
當,니,401,5778,18067,1.305
未,나,218,7071,8047,1.302
此,라하고,107,13827,2021,1.301
亦,하니이다,28,7781,940,1.3
軍,라가,49,6500,1969,1.3
亦,러라,94,7781,3158,1.299
于,하시니,43,7677,1464,1.299
不,잇가,211,59177,932,1.299
公,하다,1246,14884,21901,1.298
將,러니,241,9320,6767,1.298
用,하니이다,25,6966,940,1.296
能,리라,66,10262,1689,1.293
也,며,307,55765,1447,1.291
在,하여는,29,7780,981,1.29
文,하니라,112,7036,4193,1.288
可,어든,81,14791,1444,1.287
明,하시니,33,5950,1464,1.285
太,와,92,6940,3516,1.278
也,요,3782,55765,18026,1.275
當,라하여,30,5778,1383,1.272
亦,라,1954,7781,66907,1.272
已,러라,72,6077,3158,1.271
後,하여는,29,7915,981,1.265
臣,하사,42,8962,1255,1.264
得,라도,85,11263,2033,1.256
生,하나니,21,5109,1109,1.254
則,를,349,17922,5257,1.253
非,라,1774,7155,66907,1.253
不,아,1044,59177,4769,1.251
可,니,988,14791,18067,1.25
其,아,841,47777,4769,1.248
無,하리니,53,15219,944,1.247
一,하면,106,11484,2504,1.246
王,와,204,15787,3516,1.242
正,에,652,5244,33893,1.239
而,니라,1571,55740,7687,1.238
矣,라하니,140,10758,3560,1.234
從,하다,448,5608,21901,1.231
不,하나니,239,59177,1109,1.228
州,가,137,6854,5488,1.228
必,니이다,143,6558,5993,1.227
此,하면,126,13827,2504,1.227
未,러니,174,7071,6767,1.226
民,를,131,6852,5257,1.226
世,라도,39,5291,2033,1.222
有,면,1459,27333,14789,1.215
州,한대,120,6854,4853,1.215
而,하시니,294,55740,1464,1.213
當,로되,64,5778,3078,1.211
也,라하고,405,55765,2021,1.209
當,리라,35,5778,1689,1.206
未,로되,78,7071,3078,1.205
必,라하니,83,6558,3560,1.194
知,니이다,193,9062,5993,1.193
夫,는,1427,7906,50835,1.192
軍,할새,37,6500,1603,1.192
必,니라,179,6558,7687,1.192
軍,이,747,6500,32454,1.188
當,니라,157,5778,7687,1.185
能,라하여,50,10262,1383,1.181
書,와,85,6867,3516,1.179
成,하니이다,17,5140,940,1.179
欲,아,109,6503,4769,1.177
能,하나니,40,10262,1109,1.177
謂,라하고,68,9601,2021,1.173
而,면,2890,55740,14789,1.173
不,면,3043,59177,14789,1.162
在,라하니,96,7780,3560,1.157
兵,러니,165,7038,6767,1.156
諸,를,110,6054,5257,1.153
軍,한대,109,6500,4853,1.153
知,아,149,9062,4769,1.149
可,라하니라,62,14791,1217,1.148
我,리라,30,5179,1689,1.142
謂,요,593,9601,18026,1.14
兵,어늘,238,7038,9884,1.138
謂,니,592,9601,18067,1.135
有,리오,327,27333,3504,1.135
知,로다,92,9062,2978,1.133
諸,한대,100,6054,4853,1.131
得,면,567,11263,14789,1.131
民,하리니,22,6852,944,1.13
一,면,576,11484,14789,1.126
兵,라하여,33,7038,1383,1.125
之,와,1397,117623,3516,1.12
有,잇가,86,27333,932,1.119
民,이,750,6852,32454,1.118
民,하사,29,6852,1255,1.117
成,하여는,17,5140,981,1.117
夫,하시니,39,7906,1464,1.116
所,니,1284,21112,18067,1.115
其,엔,174,47777,1084,1.112
四,와,70,5932,3516,1.111
矣,러라,114,10758,3158,1.11
相,하리니,23,7271,944,1.108
十,며,42,8664,1447,1.108
如,로다,100,10036,2978,1.106
陽,하다,387,5290,21901,1.104
太,가,127,6940,5488,1.101
無,니라,390,15219,7687,1.101
無,러라,160,15219,3158,1.099
不,하니이다,185,59177,940,1.097
亦,니,467,7781,18067,1.096
我,하면,43,5179,2504,1.093
則,며,86,17922,1447,1.093
臣,이,964,8962,32454,1.092
臣,하리니,28,8962,944,1.09
州,하니라,95,6854,4193,1.089
及,리라,36,6449,1689,1.088
子,하시니,133,27498,1464,1.088
而,니이다,1104,55740,5993,1.088
當,하리니,18,5778,944,1.086
於,하나니,101,27629,1109,1.085
夫,가,143,7906,5488,1.084
有,나,722,27333,8047,1.079
亦,라하니라,31,7781,1217,1.075
從,라가,36,5608,1969,1.069
已,요,357,6077,18026,1.068
欲,하시니,31,6503,1464,1.067
至,로되,111,11075,3078,1.067
有,로되,274,27333,3078,1.067
書,라가,44,6867,1969,1.066
而,잇가,169,55740,932,1.066
又,하니,863,6808,39036,1.063
諸,호되,41,6054,2085,1.063
如,어든,47,10036,1444,1.061
又,호되,46,6808,2085,1.06
侯,한대,89,5662,4853,1.059
若,라도,38,5781,2033,1.057
日,하니이다,18,5927,940,1.056
年,라,1829,8468,66907,1.054
行,하시니,39,8270,1464,1.051
無,하니이다,46,15219,940,1.049
今,하시니,37,7896,1464,1.042
必,요,378,6558,18026,1.041
如,하시니,47,10036,1464,1.041
能,니라,252,10262,7687,1.039
已,어든,28,6077,1444,1.038
文,하여는,22,7036,981,1.036
於,에,2983,27629,33893,1.035
兵,하여,1516,7038,67662,1.034
書,한대,106,6867,4853,1.033
使,하다,742,10667,21901,1.031
亦,로되,76,7781,3078,1.03
無,아,230,15219,4769,1.028
是,라하니라,48,12444,1217,1.028
子,하라,115,27498,1321,1.026
事,하여는,38,12239,981,1.026
心,하리니,16,5358,944,1.025
軍,러니,139,6500,6767,1.024
心,면,250,5358,14789,1.021
又,잇가,20,6808,932,1.02
太,한대,106,6940,4853,1.018
中,라가,66,10651,1969,1.018
與,러니,243,11425,6767,1.016
者,잇가,96,32807,932,1.014
此,는,2203,13827,50835,1.012
曰,라하니라,101,26519,1217,1.01
將,리오,102,9320,3504,1.007
可,로되,142,14791,3078,1.005
能,러라,101,10262,3158,1.004
正,니,295,5244,18067,1.002
主,라하여,24,5573,1383,1.002
道,라하니라,31,8195,1217,1.0
將,잇가,27,9320,932,1.0
不,며,266,59177,1447,0.999
世,라하니라,20,5291,1217,0.999
見,하리니,21,7174,944,0.996
將,오,87,9320,3014,0.995
已,로다,56,6077,2978,0.993
欲,어든,29,6503,1444,0.99
於,하니이다,80,27629,940,0.987
知,잇가,26,9062,932,0.986
王,하사,61,15787,1255,0.986
謂,오,89,9601,3014,0.985
然,아,147,10020,4769,0.985
我,하사,20,5179,1255,0.985
王,하시니,71,15787,1464,0.983
未,라,1452,7071,66907,0.982
以,하시니,256,56979,1464,0.981
在,로다,71,7780,2978,0.979
如,러라,97,10036,3158,0.977
可,라,3021,14791,66907,0.974
得,잇가,32,11263,932,0.972
已,로되,57,6077,3078,0.971
民,니이다,125,6852,5993,0.97
謂,라하니,104,9601,3560,0.969
有,라하여,115,27333,1383,0.969
一,라도,71,11484,2033,0.968
于,라하니,83,7677,3560,0.966
非,라하여,30,7155,1383,0.964
欲,라도,40,6503,2033,0.961
出,하나니,22,6562,1109,0.96
無,라하니라,56,15219,1217,0.96
皆,니이다,172,9513,5993,0.957
已,라,1226,6077,66907,0.956
道,니라,190,8195,7687,0.956
得,하리니,32,11263,944,0.953
得,니이다,203,11263,5993,0.952
上,이,998,10237,32454,0.951
亦,하니라,98,7781,4193,0.95
不,라하고,358,59177,2021,0.945
所,요,1137,21112,18026,0.943
知,하나니,30,9062,1109,0.941
而,하니이다,156,55740,940,0.938
此,면,608,13827,14789,0.936
心,하사,20,5358,1255,0.936
而,아,790,55740,4769,0.935
謂,라,1908,9601,66907,0.934
已,라하니,64,6077,3560,0.928
與,아,161,11425,4769,0.927
人,라도,182,30308,2033,0.926
相,로되,66,7271,3078,0.924
謂,호되,59,9601,2085,0.923
安,며,22,5163,1447,0.922
文,하사,26,7036,1255,0.922
將,라가,54,9320,1969,0.921
用,하시니,30,6966,1464,0.92
亦,리오,80,7781,3504,0.917
則,라하니,187,17922,3560,0.915
國,잇가,22,8059,932,0.914
太,라가,40,6940,1969,0.913
不,하며,1021,59177,5902,0.911
皆,라,1858,9513,66907,0.909
士,라가,33,5742,1969,0.909
太,라하여,28,6940,1383,0.908
必,리오,67,6558,3504,0.908
有,아,380,27333,4769,0.907
下,니이다,292,16718,5993,0.907
能,로되,92,10262,3078,0.906
則,라도,106,17922,2033,0.904
知,나,212,9062,8047,0.903
然,러라,92,10020,3158,0.903
天,니이다,254,14627,5993,0.899
出,어늘,188,6562,9884,0.899
于,하니,868,7677,39036,0.898
得,하여는,32,11263,981,0.898
以,니이다,989,56979,5993,0.898
日,리라,29,5927,1689,0.898
無,하며,260,15219,5902,0.897
又,아,94,6808,4769,0.897
從,할새,26,5608,1603,0.896
民,하시니,29,6852,1464,0.895
則,라하니라,63,17922,1217,0.894
至,하니이다,30,11075,940,0.891
安,러라,47,5163,3158,0.891
成,리라,25,5140,1689,0.89
十,요,450,8664,18026,0.89
用,며,29,6966,1447,0.888
天,를,221,14627,5257,0.887
知,리라,44,9062,1689,0.887
當,라하니,59,5778,3560,0.884
矣,요,556,10758,18026,0.883
未,러라,64,7071,3158,0.883
人,이,2819,30308,32454,0.883
乃,호되,41,6861,2085,0.883
州,와,69,6854,3516,0.881
用,하사,25,6966,1255,0.88
日,하리니,16,5927,944,0.88
下,하나니,53,16718,1109,0.879
則,니이다,307,17922,5993,0.879
將,이,864,9320,32454,0.878
此,라하니라,48,13827,1217,0.876
非,나,164,7155,8047,0.874
無,면,641,15219,14789,0.874
其,로다,405,47777,2978,0.873
使,면,449,10667,14789,0.873
得,니라,246,11263,7687,0.87
如,니라,219,10036,7687,0.869
行,면,347,8270,14789,0.868
行,하나니,26,8270,1109,0.867
至,엔,34,11075,1084,0.866
無,라하고,87,15219,2021,0.864
不,라하니,595,59177,3560,0.862
兵,하다,435,7038,21901,0.86
謂,니라,208,9601,7687,0.859
世,하니이다,14,5291,940,0.857
在,하니,855,7780,39036,0.857
見,하고,916,7174,45403,0.855
在,니라,168,7780,7687,0.854
公,할새,67,14884,1603,0.853
無,라하여,59,15219,1383,0.851
未,하시니,29,7071,1464,0.85
所,라,3951,21112,66907,0.848
與,리오,112,11425,3504,0.848
下,하리니,44,16718,944,0.843
之,를,1723,117623,5257,0.842
陽,라가,29,5290,1969,0.841
相,하니이다,19,7271,940,0.839
諸,이,546,6054,32454,0.838
皆,하다,579,9513,21901,0.838
不,러라,519,59177,3158,0.837
必,로되,56,6558,3078,0.836
公,이,1340,14884,32454,0.836
子,한대,370,27498,4853,0.835
言,라하여,56,14617,1383,0.834
公,한대,200,14884,4853,0.833
得,어든,45,11263,1444,0.832
爲,며,150,37502,1447,0.831
世,로되,45,5291,3078,0.83
使,라가,58,10667,1969,0.829
而,리라,260,55740,1689,0.829
臣,와,87,8962,3516,0.829
已,아,80,6077,4769,0.829
今,로되,67,7896,3078,0.827
見,한대,96,7174,4853,0.827
當,요,287,5778,18026,0.826
有,며,109,27333,1447,0.826
若,와,56,5781,3516,0.826
主,호되,32,5573,2085,0.825
太,러니,129,6940,6767,0.821
皆,어늘,258,9513,9884,0.82
如,라도,56,10036,2033,0.82
使,러니,198,10667,6767,0.819
日,라도,33,5927,2033,0.817
至,하사,38,11075,1255,0.815
今,에,732,7896,33893,0.815
及,와,62,6449,3516,0.815
爲,러니,693,37502,6767,0.813
乃,하여,1266,6861,67662,0.811
知,러라,78,9062,3158,0.81
今,하사,27,7896,1255,0.81
子,하사,94,27498,1255,0.809
則,라,3264,17922,66907,0.808
皆,니라,199,9513,7687,0.808
軍,하여,1196,6500,67662,0.807
爲,하다,2234,37502,21901,0.807
皆,니,466,9513,18067,0.803
太,이,611,6940,32454,0.803
無,로되,127,15219,3078,0.803
書,하니라,78,6867,4193,0.801
而,하며,891,55740,5902,0.801
又,하시니,27,6808,1464,0.801
二,요,423,8670,18026,0.8
是,니,608,12444,18067,0.799
世,니라,110,5291,7687,0.799
於,아,356,27629,4769,0.798
見,어든,28,7174,1444,0.798
者,어든,128,32807,1444,0.798
十,로되,72,8664,3078,0.797
以,라하니라,187,56979,1217,0.795
生,하리니,13,5109,944,0.794
心,로다,43,5358,2978,0.794
成,엔,15,5140,1084,0.792
非,오,58,7155,3014,0.791
能,나,222,10262,8047,0.79
大,하리니,41,16158,944,0.79
有,리라,124,27333,1689,0.789
文,라하니라,23,7036,1217,0.789
上,라하여,38,10237,1383,0.788
欲,면,258,6503,14789,0.787
於,잇가,69,27629,932,0.786
然,면,397,10020,14789,0.785
後,하리니,20,7915,944,0.784
以,니라,1172,56979,7687,0.784
時,하여는,19,7239,981,0.783
下,하니이다,42,16718,940,0.782
如,잇가,25,10036,932,0.782
主,러라,47,5573,3158,0.781
于,하니라,86,7677,4193,0.781
君,오,87,10804,3014,0.781
州,어늘,181,6854,9884,0.781
有,하니,2845,27333,39036,0.779
與,라가,60,11425,1969,0.779
其,리라,215,47777,1689,0.777
心,를,75,5358,5257,0.777
此,리오,129,13827,3504,0.776
是,아,158,12444,4769,0.776
又,라하여,25,6808,1383,0.773
乎,리라,29,6463,1689,0.773
主,러니,100,5573,6767,0.771
未,어늘,185,7071,9884,0.768
臣,할새,38,8962,1603,0.767
謂,아,121,9601,4769,0.766
正,면,205,5244,14789,0.766
非,라하니라,23,7155,1217,0.765
天,잇가,36,14627,932,0.765
不,라하여,216,59177,1383,0.764
軍,하고,779,6500,45403,0.764
無,라하니,143,15219,3560,0.764
從,라하니라,18,5608,1217,0.763
亦,라하니,73,7781,3560,0.762
何,가,94,6499,5488,0.762
日,하다,342,5927,21901,0.761
用,니이다,110,6966,5993,0.761
必,며,25,6558,1447,0.761
其,하면,315,47777,2504,0.76
自,리라,56,12604,1689,0.759
非,라하고,38,7155,2021,0.758
君,어든,41,10804,1444,0.758
之,엔,335,117623,1084,0.757
文,와,65,7036,3516,0.757
能,며,39,10262,1447,0.757
乃,하리니,17,6861,944,0.756
我,면,201,5179,14789,0.756
爲,라하니,350,37502,3560,0.754
用,면,270,6966,14789,0.754
如,라하니라,32,10036,1217,0.753
王,하다,906,15787,21901,0.753
君,아,135,10804,4769,0.753
至,하여,1963,11075,67662,0.753
後,리라,35,7915,1689,0.752
出,하면,43,6562,2504,0.752
能,니이다,161,10262,5993,0.752
下,를,230,16718,5257,0.752
者,아,409,32807,4769,0.75
出,러니,116,6562,6767,0.749
知,면,350,9062,14789,0.749
陽,한대,67,5290,4853,0.748
君,면,417,10804,14789,0.748
在,하니라,85,7780,4193,0.745
相,하나니,21,7271,1109,0.745
世,하리니,13,5291,944,0.744
五,요,266,5675,18026,0.742
國,를,110,8059,5257,0.74
得,하면,73,11263,2504,0.736
主,하나니,16,5573,1109,0.736
亦,하리니,19,7781,944,0.735
又,하여,1192,6808,67662,0.735
必,하며,100,6558,5902,0.733
世,가,75,5291,5488,0.733
于,하며,117,7677,5902,0.732
正,하나니,15,5244,1109,0.731
得,며,42,11263,1447,0.729
在,니이다,120,7780,5993,0.728
諸,하다,341,6054,21901,0.727
出,하여,1141,6562,67662,0.725
陽,로,198,5290,14566,0.725
於,하리니,67,27629,944,0.725
已,라하니라,19,6077,1217,0.725
以,하면,366,56979,2504,0.723
天,가,206,14627,5488,0.723
今,가,111,7896,5488,0.721
而,하니,5573,55740,39036,0.721
見,하면,46,7174,2504,0.72
所,며,78,21112,1447,0.716
其,리오,427,47777,3504,0.715
用,리라,30,6966,1689,0.714
以,하나니,161,56979,1109,0.713
事,하면,78,12239,2504,0.711
其,니라,934,47777,7687,0.71
當,니이다,88,5778,5993,0.709
相,러니,125,7271,6767,0.709
夫,어든,29,7906,1444,0.709
從,리라,24,5608,1689,0.705
爲,아,453,37502,4769,0.704
將,하여,1597,9320,67662,0.704
如,리오,89,10036,3504,0.703
後,니라,154,7915,7687,0.703
有,하니이다,65,27333,940,0.703
其,하나니,134,47777,1109,0.702
士,와,51,5742,3516,0.701
相,러라,58,7271,3158,0.701
天,하나니,41,14627,1109,0.701
如,로되,78,10036,3078,0.7
乃,라하고,35,6861,2021,0.699
有,하며,407,27333,5902,0.699
然,에,855,10020,33893,0.696
可,하니이다,35,14791,940,0.696
兵,하니,692,7038,39036,0.696
行,라가,41,8270,1969,0.696
臣,하시니,33,8962,1464,0.694
臣,잇가,21,8962,932,0.694
至,리라,47,11075,1689,0.693
矣,어든,39,10758,1444,0.692
從,하니라,59,5608,4193,0.691
生,라도,26,5109,2033,0.687
而,하면,349,55740,2504,0.686
于,한대,93,7677,4853,0.683
無,요,684,15219,18026,0.682
相,하며,107,7271,5902,0.682
今,면,291,7896,14789,0.681
心,니이다,80,5358,5993,0.681
國,어든,29,8059,1444,0.681
夫,리오,69,7906,3504,0.68
安,니이다,77,5163,5993,0.679
一,에,968,11484,33893,0.678
將,어늘,229,9320,9884,0.677
士,러라,45,5742,3158,0.675
在,잇가,18,7780,932,0.675
大,하다,877,16158,21901,0.673
見,리라,30,7174,1689,0.672
將,아,110,9320,4769,0.671
欲,잇가,15,6503,932,0.671
也,리라,233,55765,1689,0.67
士,러니,96,5742,6767,0.669
此,하시니,50,13827,1464,0.668
爲,라하고,187,37502,2021,0.667
人,로되,230,30308,3078,0.666
知,라가,44,9062,1969,0.666
之,하시니,424,117623,1464,0.664
兵,이,562,7038,32454,0.663
又,라가,33,6808,1969,0.663
用,하나니,19,6966,1109,0.662
安,라가,25,5163,1969,0.662
年,로되,64,8468,3078,0.66
用,하며,101,6966,5902,0.66
心,라하니라,16,5358,1217,0.659
則,리오,154,17922,3504,0.658
皆,하니,910,9513,39036,0.657
知,요,400,9062,18026,0.656
矣,나,212,10758,8047,0.656
其,잇가,109,47777,932,0.655
道,며,29,8195,1447,0.654
未,며,25,7071,1447,0.653
如,니이다,147,10036,5993,0.653
然,하니이다,23,10020,940,0.652
有,니이다,400,27333,5993,0.652
至,하나니,30,11075,1109,0.652
則,하고,1988,17922,45403,0.652
乎,로다,47,6463,2978,0.652
陽,이,419,5290,32454,0.651
兵,하면,43,7038,2504,0.651
於,할새,108,27629,1603,0.65
使,하고,1181,10667,45403,0.65
如,하여는,24,10036,981,0.649
已,리라,25,6077,1689,0.648
五,며,20,5675,1447,0.648
道,면,295,8195,14789,0.647
爲,라하니라,111,37502,1217,0.646
一,요,503,11484,18026,0.645
下,가,223,16718,5488,0.645
其,니이다,696,47777,5993,0.645
大,와,138,16158,3516,0.644
當,하여,949,5778,67662,0.643
出,하니,621,6562,39036,0.641
生,하면,31,5109,2504,0.641
是,라,2017,12444,66907,0.64
知,라,1469,9062,66907,0.64
相,하니,687,7271,39036,0.639
陽,와,45,5290,3516,0.638
世,아,61,5291,4769,0.637
生,로되,38,5109,3078,0.637
在,라하고,38,7780,2021,0.637
得,라하고,55,11263,2021,0.636
一,니,501,11484,18067,0.636
王,한대,185,15787,4853,0.636
見,하여는,17,7174,981,0.636
行,할새,32,8270,1603,0.635
兵,하고,771,7038,45403,0.634
子,가,364,27498,5488,0.634
四,로되,44,5932,3078,0.633
無,나,295,15219,8047,0.632
如,라하니,86,10036,3560,0.631
爲,리오,316,37502,3504,0.63
國,엔,21,8059,1084,0.629
曰,라하니,227,26519,3560,0.629
然,니라,185,10020,7687,0.628
能,라하니라,30,10262,1217,0.628
乃,러라,52,6861,3158,0.627
民,라하니라,20,6852,1217,0.626
不,하리니,134,59177,944,0.626
大,하여는,38,16158,981,0.625
從,호되,28,5608,2085,0.624
可,나,285,14791,8047,0.623
成,라하여,17,5140,1383,0.622
以,라하니,485,56979,3560,0.621
書,하다,359,6867,21901,0.619
所,와,177,21112,3516,0.617
乃,아,78,6861,4769,0.617
明,니이다,85,5950,5993,0.617
能,라,1636,10262,66907,0.616
使,호되,53,10667,2085,0.616
無,로다,108,15219,2978,0.616
已,어늘,143,6077,9884,0.615
事,어든,42,12239,1444,0.613
行,하며,116,8270,5902,0.613
四,요,254,5932,18026,0.612
諸,하라,19,6054,1321,0.612
陽,러니,85,5290,6767,0.611
以,하니이다,127,56979,940,0.609
軍,호되,32,6500,2085,0.603
以,한대,653,56979,4853,0.603
不,리오,489,59177,3504,0.601
君,라하니라,31,10804,1217,0.601
此,라,2180,13827,66907,0.6
所,로되,153,21112,3078,0.599
見,로되,52,7174,3078,0.599
未,어든,24,7071,1444,0.597
有,니라,494,27333,7687,0.597
也,엔,142,55765,1084,0.596
爲,니이다,528,37502,5993,0.596
其,면,1659,47777,14789,0.595
知,하니이다,20,9062,940,0.595
在,오,55,7780,3014,0.594
不,라하니라,169,59177,1217,0.594
自,하라,39,12604,1321,0.592
曰,가,341,26519,5488,0.592
如,며,34,10036,1447,0.591
見,니라,129,7174,7687,0.59
皆,하리니,21,9513,944,0.589
君,하나니,28,10804,1109,0.588
道,니,346,8195,18067,0.588
將,라하고,44,9320,2021,0.588
今,하니,720,7896,39036,0.588
夫,엔,20,7906,1084,0.586
皆,라하니,79,9513,3560,0.586
今,나,148,7896,8047,0.584
四,며,20,5932,1447,0.584
天,하니이다,32,14627,940,0.582
乃,하니이다,15,6861,940,0.581
行,를,101,8270,5257,0.58
及,하다,328,6449,21901,0.579
故,라,1935,12458,66907,0.579
之,니라,2099,117623,7687,0.579
臣,라하고,42,8962,2021,0.577
從,하여,879,5608,67662,0.576
而,라,8629,55740,66907,0.574
出,라하니,54,6562,3560,0.573
出,하다,332,6562,21901,0.572
于,러니,120,7677,6767,0.572
亦,며,26,7781,1447,0.571
州,하고,718,6854,45403,0.57
士,로,193,5742,14566,0.57
成,할새,19,5140,1603,0.569
是,라하고,58,12444,2021,0.569
明,에,465,5950,33893,0.569
此,오,96,13827,3014,0.568
今,라도,37,7896,2033,0.568
以,라하고,265,56979,2021,0.566
至,에,864,11075,33893,0.566
而,하리니,121,55740,944,0.565
不,나,1094,59177,8047,0.564
與,며,38,11425,1447,0.564
其,하라,145,47777,1321,0.564
用,니라,123,6966,7687,0.563
今,하니라,76,7896,4193,0.563
時,하여,1125,7239,67662,0.563
太,하고,723,6940,45403,0.562
上,한대,114,10237,4853,0.562
從,하라,17,5608,1321,0.562
於,니라,487,27629,7687,0.561
人,하나니,77,30308,1109,0.56
之,라도,548,117623,2033,0.56
一,로되,81,11484,3078,0.56
從,면,190,5608,14789,0.56
出,하니라,63,6562,4193,0.559
五,러라,41,5675,3158,0.558
人,를,364,30308,5257,0.556
能,니,423,10262,18067,0.554
爲,니라,658,37502,7687,0.554
皆,라하여,30,9513,1383,0.553
以,하니라,545,56979,4193,0.553
後,하나니,20,7915,1109,0.552
三,호되,42,8850,2085,0.55
之,니이다,1603,117623,5993,0.549
心,니,220,5358,18067,0.548
欲,하여,999,6503,67662,0.547
如,라하고,46,10036,2021,0.545
安,하니이다,11,5163,940,0.544
無,라,2307,15219,66907,0.544
得,하니이다,24,11263,940,0.544
事,엔,30,12239,1084,0.541
事,하니이다,26,12239,940,0.54
年,요,345,8468,18026,0.54
此,아,149,13827,4769,0.54
道,라,1239,8195,66907,0.54
出,하리니,14,6562,944,0.54
國,와,64,8059,3516,0.539
將,하다,461,9320,21901,0.539
士,하여,876,5742,67662,0.537
世,나,96,5291,8047,0.537
知,하고,927,9062,45403,0.536
能,라도,47,10262,2033,0.535
於,하니,2424,27629,39036,0.532
有,어늘,607,27333,9884,0.532
州,하여,1042,6854,67662,0.532
明,와,47,5950,3516,0.531
不,요,2396,59177,18026,0.531
大,가,199,16158,5488,0.53
以,리오,448,56979,3504,0.53
可,오,100,14791,3014,0.529
君,하라,32,10804,1321,0.529
四,러라,42,5932,3158,0.528
爲,하니이다,79,37502,940,0.528
者,니라,565,32807,7687,0.527
未,라하고,32,7071,2021,0.527
大,할새,58,16158,1603,0.527
必,라,982,6558,66907,0.526
陽,하니,462,5290,39036,0.525
得,라,1684,11263,66907,0.524
心,니라,92,5358,7687,0.523
乎,하나니,16,6463,1109,0.522
當,라,863,5778,66907,0.522
世,라하니,42,5291,3560,0.521
是,요,500,12444,18026,0.52
於,니이다,369,27629,5993,0.52
知,와,71,9062,3516,0.52
此,리라,52,13827,1689,0.519
出,로되,45,6562,3078,0.519
如,하니이다,21,10036,940,0.518
有,하니라,255,27333,4193,0.517
天,라하여,45,14627,1383,0.517
明,하며,78,5950,5902,0.515
行,하면,46,8270,2504,0.515
得,라하니,89,11263,3560,0.514
日,어든,19,5927,1444,0.514
夫,하사,22,7906,1255,0.512
心,라하고,24,5358,2021,0.512
至,하니,958,11075,39036,0.512
天,니라,249,14627,7687,0.511
爲,요,1496,37502,18026,0.51
其,며,153,47777,1447,0.51
太,호되,32,6940,2085,0.509
矣,어늘,235,10758,9884,0.508
者,로되,223,32807,3078,0.507
有,하리니,57,27333,944,0.507
未,라하니라,19,7071,1217,0.506
謂,니이다,127,9601,5993,0.506
從,하면,31,5608,2504,0.506
三,요,352,8850,18026,0.505
欲,하사,18,6503,1255,0.505
一,와,89,11484,3516,0.504
三,로되,60,8850,3078,0.503
明,요,236,5950,18026,0.501
能,요,407,10262,18026,0.501
相,하니라,67,7271,4193,0.5
事,면,398,12239,14789,0.5
一,니라,194,11484,7687,0.5
諸,가,73,6054,5488,0.499
主,어늘,121,5573,9884,0.499
心,아,56,5358,4769,0.496
所,가,254,21112,5488,0.496
正,라,769,5244,66907,0.496
夫,하여는,17,7906,981,0.496
民,잇가,14,6852,932,0.496
於,면,895,27629,14789,0.495
天,라하니라,39,14627,1217,0.495
於,리오,212,27629,3504,0.494
在,하니이다,16,7780,940,0.493
而,하니라,511,55740,4193,0.492
世,라하여,16,5291,1383,0.492
其,하니라,438,47777,4193,0.492
及,하여,954,6449,67662,0.492
使,하여,1578,10667,67662,0.492
心,하니이다,11,5358,940,0.491
正,요,206,5244,18026,0.488
上,하사,28,10237,1255,0.488
君,는,1197,10804,50835,0.488
年,엔,20,8468,1084,0.487
夫,로되,53,7906,3078,0.487
用,하면,38,6966,2504,0.487
至,라도,49,11075,2033,0.486
言,나,256,14617,8047,0.486
民,하며,88,6852,5902,0.485
臣,로,284,8962,14566,0.485
成,니이다,67,5140,5993,0.485
不,라,8615,59177,66907,0.485
知,라하니라,24,9062,1217,0.485
道,요,321,8195,18026,0.483
大,하니이다,33,16158,940,0.483
年,러라,58,8468,3158,0.481
乃,니,269,6861,18067,0.481
從,한대,59,5608,4853,0.48
十,라,1256,8664,66907,0.479
爲,로되,250,37502,3078,0.479
一,며,36,11484,1447,0.479
民,라하고,30,6852,2021,0.479
天,아,151,14627,4769,0.478
上,엔,24,10237,1084,0.477
心,하여,784,5358,67662,0.476
侯,와,43,5662,3516,0.475
民,리라,25,6852,1689,0.475
未,요,275,7071,18026,0.473
無,하니,1282,15219,39036,0.473
用,하니라,63,6966,4193,0.473
在,하면,42,7780,2504,0.472
在,라가,33,7780,1969,0.471
安,한대,54,5163,4853,0.471
文,이,492,7036,32454,0.471
爲,하고,3667,37502,45403,0.47
得,러니,164,11263,6767,0.469
在,하사,21,7780,1255,0.469
之,라하니라,308,117623,1217,0.469
國,하여는,17,8059,981,0.468
之,하라,334,117623,1321,0.468
國,이,562,8059,32454,0.467
書,하고,670,6867,45403,0.467
主,하다,262,5573,21901,0.466
天,엔,34,14627,1084,0.464
君,이,751,10804,32454,0.463
而,라하니라,145,55740,1217,0.46
臣,하니이다,18,8962,940,0.459
知,러니,131,9062,6767,0.459
得,러라,76,11263,3158,0.459
上,하시니,32,10237,1464,0.458
不,로되,389,59177,3078,0.458
知,며,28,9062,1447,0.458
使,하면,57,10667,2504,0.457
當,라하니라,15,5778,1217,0.457
然,니이다,128,10020,5993,0.456
相,하여,1049,7271,67662,0.456
成,라하니,39,5140,3560,0.455
用,하리니,14,6966,944,0.454
皆,러니,137,9513,6767,0.453
成,니라,84,5140,7687,0.452
必,잇가,13,6558,932,0.452
如,라가,42,10036,1969,0.451
其,하며,599,47777,5902,0.451
人,면,952,30308,14789,0.45
爲,오,240,37502,3014,0.45
者,니이다,417,32807,5993,0.448
言,면,458,14617,14789,0.447
文,나,120,7036,8047,0.447
成,라하고,22,5140,2021,0.446
夫,라도,34,7906,2033,0.445
在,에,558,7780,33893,0.445
不,하고,5680,59177,45403,0.444
不,하시니,183,59177,1464,0.443
大,엔,37,16158,1084,0.443
使,하시니,33,10667,1464,0.443
皆,요,362,9513,18026,0.442
在,요,296,7780,18026,0.441
將,호되,41,9320,2085,0.441
主,이,381,5573,32454,0.439
有,라하니,205,27333,3560,0.439
未,하니이다,14,7071,940,0.438
之,니,4473,117623,18067,0.437
是,로다,78,12444,2978,0.437
出,한대,67,6562,4853,0.437
陽,어늘,110,5290,9884,0.437
事,잇가,24,12239,932,0.437
言,하시니,45,14617,1464,0.436
事,라하고,52,12239,2021,0.436
書,하여,977,6867,67662,0.436
未,에,504,7071,33893,0.436
乃,한대,70,6861,4853,0.436
諸,하여,861,6054,67662,0.435
軍,와,48,6500,3516,0.434
成,하면,27,5140,2504,0.433
用,로되,45,6966,3078,0.433
民,하면,36,6852,2504,0.433
得,나,190,11263,8047,0.432
乃,하라,19,6861,1321,0.432
得,하니라,99,11263,4193,0.432
則,잇가,35,17922,932,0.431
主,라가,23,5573,1969,0.431
爲,러라,248,37502,3158,0.43
于,하고,730,7677,45403,0.43
至,니이다,139,11075,5993,0.43
士,로되,37,5742,3078,0.43
行,어든,25,8270,1444,0.43
今,이,536,7896,32454,0.428
我,라도,22,5179,2033,0.427
也,로다,347,55765,2978,0.427
天,로되,94,14627,3078,0.426
如,하니,818,10036,39036,0.426
見,할새,24,7174,1603,0.425
從,하니이다,11,5608,940,0.425
民,로되,44,6852,3078,0.425
知,오,57,9062,3014,0.425
從,리오,41,5608,3504,0.425
日,라하고,25,5927,2021,0.425
臣,호되,39,8962,2085,0.425
之,하면,614,117623,2504,0.424
事,하니라,107,12239,4193,0.424
軍,어늘,134,6500,9884,0.424
天,요,550,14627,18026,0.424
若,하며,71,5781,5902,0.421
下,로되,107,16718,3078,0.42
人,니,1137,30308,18067,0.418
此,하니이다,27,13827,940,0.418
生,하니,414,5109,39036,0.417
未,하니,573,7071,39036,0.417
子,하다,1250,27498,21901,0.417
國,라도,34,8059,2033,0.417
我,니,194,5179,18067,0.416
用,니,261,6966,18067,0.416
能,하니이다,20,10262,940,0.416
爲,하니라,326,37502,4193,0.416
文,가,80,7036,5488,0.415
下,하여는,34,16718,981,0.415
事,니이다,152,12239,5993,0.415
得,니,421,11263,18067,0.413
太,라하고,29,6940,2021,0.412
人,러라,198,30308,3158,0.412
所,리오,153,21112,3504,0.412
主,하고,523,5573,45403,0.411
與,와,83,11425,3516,0.411
又,하니라,59,6808,4193,0.411
國,라하여,23,8059,1383,0.409
民,하여,957,6852,67662,0.409
時,로되,46,7239,3078,0.409
五,로되,36,5675,3078,0.407
二,로되,55,8670,3078,0.407
君,라하고,45,10804,2021,0.407
如,하며,122,10036,5902,0.406
臣,엔,20,8962,1084,0.405
行,하니이다,16,8270,940,0.405
至,면,337,11075,14789,0.405
以,하고,5320,56979,45403,0.404
上,하여,1425,10237,67662,0.404
陽,하고,494,5290,45403,0.404
太,하여,966,6940,67662,0.404
自,어늘,256,12604,9884,0.403
士,라도,24,5742,2033,0.403
天,라하니,107,14627,3560,0.403
從,라하니,41,5608,3560,0.402
又,하면,35,6808,2504,0.402
自,니라,199,12604,7687,0.402
無,하니라,131,15219,4193,0.401
有,로다,167,27333,2978,0.4
侯,하시니,17,5662,1464,0.4
君,엔,24,10804,1084,0.399
一,니이다,141,11484,5993,0.398
當,어늘,117,5778,9884,0.398
與,로되,72,11425,3078,0.398
用,하여는,14,6966,981,0.398
其,를,514,47777,5257,0.397
君,며,32,10804,1447,0.397
見,라,982,7174,66907,0.396
相,호되,31,7271,2085,0.396
在,라하여,22,7780,1383,0.396
天,니,540,14627,18067,0.395
當,잇가,11,5778,932,0.394
出,면,198,6562,14789,0.392
及,어든,19,6449,1444,0.392
不,니,2180,59177,18067,0.392
心,라,730,5358,66907,0.39
上,하니,814,10237,39036,0.39
乃,라하니라,17,6861,1217,0.389
夫,면,238,7906,14789,0.389
言,라,1991,14617,66907,0.389
以,잇가,108,56979,932,0.388
使,니이다,130,10667,5993,0.388
然,잇가,19,10020,932,0.388
若,며,17,5781,1447,0.387
以,하라,153,56979,1321,0.387
相,하면,37,7271,2504,0.387
與,하시니,34,11425,1464,0.387
得,하니,893,11263,39036,0.386
於,어든,81,27629,1444,0.385
中,와,76,10651,3516,0.385
乃,하고,632,6861,45403,0.384
乃,니라,107,6861,7687,0.384
道,어든,24,8195,1444,0.384
又,한대,67,6808,4853,0.384
天,하리니,28,14627,944,0.384
從,하니,444,5608,39036,0.384
太,로,205,6940,14566,0.384
二,하면,44,8670,2504,0.383
故,하나니,28,12458,1109,0.383
能,라하고,42,10262,2021,0.382
未,라하니,51,7071,3560,0.382
國,라하고,33,8059,2021,0.382
上,하고,941,10237,45403,0.381
者,라도,135,32807,2033,0.381
故,오,76,12458,3014,0.381
心,라하여,15,5358,1383,0.381
天,리라,50,14627,1689,0.381
能,하면,52,10262,2504,0.381
者,오,200,32807,3014,0.38
日,호되,25,5927,2085,0.38
於,로되,172,27629,3078,0.38
已,하시니,18,6077,1464,0.38
大,하사,41,16158,1255,0.379
有,라,3696,27333,66907,0.379
乃,하니,541,6861,39036,0.378
今,는,811,7896,50835,0.378
在,하시니,23,7780,1464,0.378
出,하여는,13,6562,981,0.378
心,하나니,12,5358,1109,0.378
諸,와,43,6054,3516,0.378
則,오,109,17922,3014,0.377
五,니,207,5675,18067,0.377
而,니,2031,55740,18067,0.376
天,라도,60,14627,2033,0.376
用,라하니,50,6966,3560,0.375
州,이,448,6854,32454,0.374
四,하사,15,5932,1255,0.374
士,하고,525,5742,45403,0.374
于,하여,1046,7677,67662,0.374
國,하나니,18,8059,1109,0.374
無,하나니,34,15219,1109,0.374
心,하면,27,5358,2504,0.373
世,에,361,5291,33893,0.373
中,러니,145,10651,6767,0.372
自,러라,80,12604,3158,0.371
生,를,54,5109,5257,0.371
事,라하여,34,12239,1383,0.37
國,니이다,97,8059,5993,0.37
而,며,162,55740,1447,0.37
中,하다,468,10651,21901,0.368
生,하시니,15,5109,1464,0.368
之,리오,826,117623,3504,0.367
言,를,154,14617,5257,0.367
民,라하여,19,6852,1383,0.367
在,로되,48,7780,3078,0.367
三,러라,56,8850,3158,0.366
自,라하고,51,12604,2021,0.365
當,나,93,5778,8047,0.364
爲,하라,99,37502,1321,0.363
人,아,288,30308,4769,0.358
安,하고,467,5163,45403,0.358
主,하여,751,5573,67662,0.358
以,하니,4432,56979,39036,0.358
陽,하여,713,5290,67662,0.358
在,니,280,7780,18067,0.358
乃,하시니,20,6861,1464,0.357
世,와,37,5291,3516,0.356
中,하여,1434,10651,67662,0.356
後,라하니,56,7915,3560,0.355
與,하라,30,11425,1321,0.355
於,하고,2494,27629,45403,0.355
以,면,1675,56979,14789,0.355
所,라하니라,51,21112,1217,0.353
大,하여,2171,16158,67662,0.353
如,아,95,10036,4769,0.353
皆,나,152,9513,8047,0.353
如,라,1332,10036,66907,0.352
五,로,164,5675,14566,0.352
三,엔,19,8850,1084,0.35
諸,엔,13,6054,1084,0.35
從,아,53,5608,4769,0.35
乃,하니라,57,6861,4193,0.35
道,하나니,18,8195,1109,0.35
其,오,285,47777,3014,0.349
自,할새,40,12604,1603,0.349
日,하나니,13,5927,1109,0.348
行,하여,1107,8270,67662,0.348
其,라,6324,47777,66907,0.348
言,하니라,121,14617,4193,0.345
爲,잇가,69,37502,932,0.345
日,로되,36,5927,3078,0.344
于,하라,20,7677,1321,0.343
見,하니,552,7174,39036,0.343
國,어늘,157,8059,9884,0.343
得,요,400,11263,18026,0.342
行,라하니,58,8270,3560,0.342
能,라하니,72,10262,3560,0.342
出,하고,587,6562,45403,0.342
出,엔,14,6562,1084,0.341
心,요,190,5358,18026,0.34
文,엔,15,7036,1084,0.339
夫,아,74,7906,4769,0.337
非,라하니,50,7155,3560,0.337
乃,로,196,6861,14566,0.335
生,니,181,5109,18067,0.335
下,니라,252,16718,7687,0.335
州,호되,28,6854,2085,0.334
明,하리니,11,5950,944,0.333
不,로다,345,59177,2978,0.333
四,하시니,17,5932,1464,0.333
行,니이다,97,8270,5993,0.332
諸,하니,462,6054,39036,0.331
民,면,198,6852,14789,0.33
正,하시니,15,5244,1464,0.33
自,하여,1666,12604,67662,0.33
已,라하고,24,6077,2021,0.33
所,라하여,57,21112,1383,0.329
於,나,434,27629,8047,0.329
不,하니라,484,59177,4193,0.328
民,하고,607,6852,45403,0.328
大,로되,97,16158,3078,0.327
下,하니,1272,16718,39036,0.327
者,러라,202,32807,3158,0.327
大,하니라,132,16158,4193,0.326
生,하고,452,5109,45403,0.326
成,하니라,42,5140,4193,0.326
自,니이다,147,12604,5993,0.324
成,라,669,5140,66907,0.324
諸,어든,17,6054,1444,0.323
謂,며,27,9601,1447,0.322
已,나,95,6077,8047,0.322
下,라도,66,16718,2033,0.321
言,라하니,101,14617,3560,0.32
其,하고,4205,47777,45403,0.319
文,로되,42,7036,3078,0.319
用,라,904,6966,66907,0.319
自,라하니,87,12604,3560,0.319
士,한대,54,5742,4853,0.318
王,할새,49,15787,1603,0.317
侯,하니,428,5662,39036,0.317
世,하시니,15,5291,1464,0.317
是,하니라,101,12444,4193,0.317
三,를,90,8850,5257,0.316
以,하리니,104,56979,944,0.315
已,며,17,6077,1447,0.315
也,라하니,384,55765,3560,0.315
事,러니,160,12239,6767,0.314
與,호되,46,11425,2085,0.313
亦,하시니,22,7781,1464,0.313
士,어든,16,5742,1444,0.312
安,이,323,5163,32454,0.311
陽,가,56,5290,5488,0.311
於,리라,90,27629,1689,0.311
用,아,64,6966,4769,0.31
已,하니이다,11,6077,940,0.309
得,라하여,30,11263,1383,0.309
而,리오,376,55740,3504,0.309
心,나,83,5358,8047,0.309
王,라하여,42,15787,1383,0.308
得,하고,984,11263,45403,0.308
乃,라하니,47,6861,3560,0.308
與,하니,857,11425,39036,0.306
安,하나니,11,5163,1109,0.306
士,호되,23,5742,2085,0.306
從,러라,34,5608,3158,0.305
所,면,599,21112,14789,0.304
正,리라,17,5244,1689,0.304
文,를,71,7036,5257,0.304
當,면,164,5778,14789,0.304
成,라하니라,12,5140,1217,0.304
見,라하니,49,7174,3560,0.304
大,요,558,16158,18026,0.302
民,며,19,6852,1447,0.302
中,에,692,10651,33893,0.302
不,하면,284,59177,2504,0.302
及,러라,39,6449,3158,0.301
之,면,3328,117623,14789,0.3
二,며,24,8670,1447,0.3
無,어든,42,15219,1444,0.298
公,라가,56,14884,1969,0.298
乃,할새,21,6861,1603,0.297
此,니,477,13827,18067,0.297
兵,호되,28,7038,2085,0.296
軍,하니,484,6500,39036,0.295
無,며,42,15219,1447,0.295
君,가,113,10804,5488,0.294
中,엔,22,10651,1084,0.294
中,하니,792,10651,39036,0.293
君,를,108,10804,5257,0.291
中,로,295,10651,14566,0.291
出,호되,26,6562,2085,0.29
欲,라하니,44,6503,3560,0.29
成,하다,214,5140,21901,0.29
見,러라,43,7174,3158,0.288
得,라하니라,26,11263,1217,0.287
人,어든,83,30308,1444,0.287
明,라,755,5950,66907,0.287
君,와,72,10804,3516,0.286
於,러니,354,27629,6767,0.285
世,니이다,60,5291,5993,0.284
至,어늘,207,11075,9884,0.283
民,어늘,128,6852,9884,0.282
天,며,40,14627,1447,0.282
士,를,57,5742,5257,0.281
下,하면,79,16718,2504,0.28
不,라도,227,59177,2033,0.28
侯,라하니라,13,5662,1217,0.279
見,하나니,15,7174,1109,0.279
未,니,241,7071,18067,0.279
臣,는,858,8962,50835,0.277
無,하고,1301,15219,45403,0.277
之,가,1216,117623,5488,0.277
爲,니,1275,37502,18067,0.276
時,러라,43,7239,3158,0.275
在,러니,99,7780,6767,0.275
所,잇가,37,21112,932,0.275
之,라,14805,117623,66907,0.275
相,하시니,20,7271,1464,0.274
于,하나니,16,7677,1109,0.274
心,리라,17,5358,1689,0.273
下,리라,53,16718,1689,0.272
至,어든,30,11075,1444,0.271
中,하고,907,10651,45403,0.271
至,하면,52,11075,2504,0.271
下,하여,2122,16718,67662,0.271
之,한대,1070,117623,4853,0.27
有,니,925,27333,18067,0.269
以,러니,722,56979,6767,0.269
在,라,975,7780,66907,0.269
如,하면,47,10036,2504,0.267
此,라하니,92,13827,3560,0.266
皆,리라,30,9513,1689,0.265
道,가,84,8195,5488,0.265
事,라가,45,12239,1969,0.265
夫,로,215,7906,14566,0.264
公,러니,188,14884,6767,0.264
又,하며,75,6808,5902,0.264
天,와,96,14627,3516,0.264
是,오,70,12444,3014,0.264
其,하리니,84,47777,944,0.261
自,하다,514,12604,21901,0.261
國,니,271,8059,18067,0.26
行,리라,26,8270,1689,0.26
也,로되,319,55765,3078,0.258
之,요,3940,117623,18026,0.258
用,하니,505,6966,39036,0.257
將,어든,25,9320,1444,0.257
以,며,153,56979,1447,0.256
無,니,510,15219,18067,0.255
君,니,362,10804,18067,0.255
爲,하니,2715,37502,39036,0.255
用,하여,874,6966,67662,0.255
爲,라,4653,37502,66907,0.255
成,하리니,9,5140,944,0.255
侯,러니,71,5662,6767,0.254
事,니,410,12239,18067,0.254
子,아,243,27498,4769,0.254
所,는,1989,21112,50835,0.254
是,면,341,12444,14789,0.253
知,하며,99,9062,5902,0.252
是,니이다,138,12444,5993,0.252
而,라하니,367,55740,3560,0.251
州,러라,40,6854,3158,0.25
事,라도,46,12239,2033,0.25
王,로,425,15787,14566,0.25
安,하리니,9,5163,944,0.249
正,로,141,5244,14566,0.248
成,요,171,5140,18026,0.248
我,하시니,14,5179,1464,0.248
事,가,124,12239,5488,0.248
諸,하고,507,6054,45403,0.247
三,니,295,8850,18067,0.247
三,하여는,16,8850,981,0.246
世,러니,66,5291,6767,0.246
不,어늘,1078,59177,9884,0.246
有,호되,105,27333,2085,0.245
安,어늘,94,5163,9884,0.245
子,라하니,180,27498,3560,0.242
於,하니라,213,27629,4193,0.242
將,라하니,61,9320,3560,0.242
後,하니라,61,7915,4193,0.242
公,호되,57,14884,2085,0.241
用,와,45,6966,3516,0.241
事,한대,109,12239,4853,0.24
用,라도,26,6966,2033,0.24
與,라하여,29,11425,1383,0.24
夫,며,21,7906,1447,0.24
大,라하여,41,16158,1383,0.239
知,어든,24,9062,1444,0.239
以,하며,617,56979,5902,0.239
於,라도,103,27629,2033,0.238
此,로되,78,13827,3078,0.238
在,라도,29,7780,2033,0.238
國,가,81,8059,5488,0.237
心,러라,31,5358,3158,0.237
已,리오,39,6077,3504,0.237
安,러니,64,5163,6767,0.237
知,라하니,59,9062,3560,0.235
是,라하니,81,12444,3560,0.234
者,엔,65,32807,1084,0.234
後,라하여,20,7915,1383,0.233
故,라하니,81,12458,3560,0.233
二,러라,50,8670,3158,0.233
又,며,18,6808,1447,0.233
人,리오,194,30308,3504,0.233
成,하니,366,5140,39036,0.231
有,하시니,73,27333,1464,0.231
人,며,80,30308,1447,0.231
欲,할새,19,6503,1603,0.23
諸,어늘,109,6054,9884,0.229
用,하고,576,6966,45403,0.229
明,하여,733,5950,67662,0.228
文,라,857,7036,66907,0.228
君,라하니,70,10804,3560,0.228
以,라,6937,56979,66907,0.227
用,나,102,6966,8047,0.227
用,러라,40,6966,3158,0.226
安,와,33,5163,3516,0.226
至,하리니,19,11075,944,0.226
行,잇가,14,8270,932,0.225
之,잇가,199,117623,932,0.224
安,하다,205,5163,21901,0.222
言,하라,35,14617,1321,0.222
之,하여는,209,117623,981,0.221
四,니,194,5932,18067,0.22
使,하니,754,10667,39036,0.22
五,를,54,5675,5257,0.22
則,가,178,17922,5488,0.219
至,니라,154,11075,7687,0.219
在,어늘,139,7780,9884,0.218
爲,한대,329,37502,4853,0.218
子,로다,148,27498,2978,0.218
道,리라,25,8195,1689,0.217
于,어든,20,7677,1444,0.215
皆,하고,779,9513,45403,0.215
夫,를,75,7906,5257,0.215
心,잇가,9,5358,932,0.214
民,러라,39,6852,3158,0.214
臣,나,130,8962,8047,0.214
正,나,76,5244,8047,0.213
日,니이다,64,5927,5993,0.213
侯,가,56,5662,5488,0.213
能,하고,839,10262,45403,0.212
相,와,46,7271,3516,0.211
我,나,75,5179,8047,0.211
所,아,181,21112,4769,0.21
五,하여는,10,5675,981,0.209
世,러라,30,5291,3158,0.208
在,라하니라,17,7780,1217,0.208
所,리라,64,21112,1689,0.208
生,하여는,9,5109,981,0.208
以,하다,2240,56979,21901,0.208
侯,라가,20,5662,1969,0.207
州,하니,480,6854,39036,0.207
民,니,222,6852,18067,0.206
以,아,487,56979,4769,0.205
大,하고,1314,16158,45403,0.205
乎,니라,89,6463,7687,0.205
相,라하여,18,7271,1383,0.204
相,니라,100,7271,7687,0.203
臣,가,88,8962,5488,0.203
成,니,166,5140,18067,0.202
行,라하니라,18,8270,1217,0.202
子,라하여,68,27498,1383,0.202
諸,하나니,12,6054,1109,0.202
亦,호되,29,7781,2085,0.202
則,하며,189,17922,5902,0.201
大,라,1931,16158,66907,0.201
時,나,104,7239,8047,0.2
士,하니라,43,5742,4193,0.2
事,하시니,32,12239,1464,0.2
欲,를,61,6503,5257,0.199
必,하니이다,11,6558,940,0.199
已,라하여,15,6077,1383,0.199
夫,로다,42,7906,2978,0.199
道,로되,45,8195,3078,0.199
用,요,224,6966,18026,0.199
心,이,310,5358,32454,0.198
於,라가,97,27629,1969,0.198
能,하며,108,10262,5902,0.198
君,요,347,10804,18026,0.197
亦,라하고,28,7781,2021,0.196
欲,하니,452,6503,39036,0.196
者,면,864,32807,14789,0.196
大,라하니라,35,16158,1217,0.195
見,하니이다,12,7174,940,0.195
事,로되,67,12239,3078,0.194
當,아,49,5778,4769,0.194
以,요,1826,56979,18026,0.194
是,며,32,12444,1447,0.193
臣,라하여,22,8962,1383,0.192
相,하고,586,7271,45403,0.192
安,하여,620,5163,67662,0.191
自,하면,56,12604,2504,0.191
四,하니,411,5932,39036,0.191
又,라,808,6808,66907,0.191
事,하니,848,12239,39036,0.191
成,어늘,90,5140,9884,0.189
自,하니이다,21,12604,940,0.189
君,로다,57,10804,2978,0.189
爲,하여,4495,37502,67662,0.189
不,러니,709,59177,6767,0.188
大,하니,1117,16158,39036,0.188
士,하며,60,5742,5902,0.188
自,면,330,12604,14789,0.188
及,를,60,6449,5257,0.187
生,라하니라,11,5109,1217,0.187
事,하고,983,12239,45403,0.187
道,하여,981,8195,67662,0.187
十,니,277,8664,18067,0.187
將,와,58,9320,3516,0.187
其,하여,5718,47777,67662,0.186
于,하면,34,7677,2504,0.186
將,하고,747,9320,45403,0.184
軍,가,63,6500,5488,0.184
道,아,69,8195,4769,0.184
用,라하여,17,6966,1383,0.183
夫,잇가,13,7906,932,0.183
道,를,76,8195,5257,0.183
軍,로,167,6500,14566,0.182
日,러라,33,5927,3158,0.182
臣,를,83,8962,5257,0.181
若,나,82,5781,8047,0.181
生,어든,13,5109,1444,0.181
之,며,300,117623,1447,0.181
主,하니,383,5573,39036,0.18
正,니라,71,5244,7687,0.18
此,를,128,13827,5257,0.18
於,한대,236,27629,4853,0.179
之,로되,637,117623,3078,0.179
安,하라,12,5163,1321,0.179
生,요,162,5109,18026,0.178
生,하며,53,5109,5902,0.177
國,하니,553,8059,39036,0.177
事,나,173,12239,8047,0.176
時,하며,75,7239,5902,0.176
文,라하니,44,7036,3560,0.176
若,니라,78,5781,7687,0.175
從,가,54,5608,5488,0.175
臣,라하니,56,8962,3560,0.175
道,하면,36,8195,2504,0.175
與,가,110,11425,5488,0.175
已,하니,416,6077,39036,0.174
爲,리라,111,37502,1689,0.173
天,어든,37,14627,1444,0.173
道,는,730,8195,50835,0.173
人,라하니,189,30308,3560,0.172
爲,하리니,62,37502,944,0.172
欲,라하고,23,6503,2021,0.171
自,호되,46,12604,2085,0.171
事,며,31,12239,1447,0.171
不,하니,4043,59177,39036,0.171
從,어늘,97,5608,9884,0.171
行,라하여,20,8270,1383,0.17
生,이,290,5109,32454,0.17
於,하며,285,27629,5902,0.169
相,라가,25,7271,1969,0.168
我,하니,353,5179,39036,0.168
行,니,261,8270,18067,0.168
言,하니이다,24,14617,940,0.168
子,할새,77,27498,1603,0.168
三,는,785,8850,50835,0.167
大,러라,89,16158,3158,0.166
有,라하니라,58,27333,1217,0.166
中,이,603,10651,32454,0.166
時,하나니,14,7239,1109,0.166
生,라하고,18,5109,2021,0.166
是,리오,76,12444,3504,0.165
天,하여는,25,14627,981,0.165
若,로되,31,5781,3078,0.165
道,하여는,14,8195,981,0.164
我,하나니,10,5179,1109,0.164
時,라,843,7239,66907,0.163
大,니,508,16158,18067,0.163
公,와,91,14884,3516,0.162
所,하여는,36,21112,981,0.161
者,니,1029,32807,18067,0.16
其,라하니라,101,47777,1217,0.16
陽,하면,23,5290,2504,0.16
安,오,27,5163,3014,0.159
君,니라,144,10804,7687,0.158
見,며,18,7174,1447,0.158
事,라,1419,12239,66907,0.157
我,니라,69,5179,7687,0.157
國,라하니라,17,8059,1217,0.157
四,를,54,5932,5257,0.156
見,로다,37,7174,2978,0.156
人,니라,403,30308,7687,0.154
民,가,65,6852,5488,0.153
民,니라,91,6852,7687,0.153
從,어든,14,5608,1444,0.153
成,하시니,13,5140,1464,0.152
書,할새,19,6867,1603,0.151
乃,어늘,117,6861,9884,0.151
後,로,199,7915,14566,0.151
是,잇가,20,12444,932,0.15
行,라도,29,8270,2033,0.15
之,하나니,225,117623,1109,0.15
五,라,655,5675,66907,0.15
而,하고,4363,55740,45403,0.149
世,라,610,5291,66907,0.149
者,라,3780,32807,66907,0.148
從,잇가,9,5608,932,0.148
夫,하다,298,7906,21901,0.147
於,라,3182,27629,66907,0.147
至,와,67,11075,3516,0.147
在,하며,79,7780,5902,0.146
與,니라,151,11425,7687,0.146
行,하고,646,8270,45403,0.146
言,요,453,14617,18026,0.145
人,요,939,30308,18026,0.145
我,어늘,88,5179,9884,0.145
民,어든,17,6852,1444,0.145
四,라,682,5932,66907,0.145
三,며,22,8850,1447,0.144
見,라하니라,15,7174,1217,0.144
將,로,233,9320,14566,0.143
皆,라하고,33,9513,2021,0.143
見,면,182,7174,14789,0.142
子,러니,319,27498,6767,0.141
然,리라,29,10020,1689,0.141
與,한대,95,11425,4853,0.141
有,러니,317,27333,6767,0.141
二,라,994,8670,66907,0.141
正,하며,53,5244,5902,0.14
此,요,427,13827,18026,0.14
下,엔,31,16718,1084,0.138
時,하면,31,7239,2504,0.138
今,를,71,7896,5257,0.138
子,라하고,95,27498,2021,0.137
諸,러니,70,6054,6767,0.137
國,하리니,13,8059,944,0.137
一,러라,62,11484,3158,0.137
亦,나,107,7781,8047,0.137
自,니,389,12604,18067,0.136
國,라하니,49,8059,3560,0.136
無,리오,91,15219,3504,0.135
上,할새,28,10237,1603,0.135
明,니라,78,5950,7687,0.134
從,하시니,14,5608,1464,0.134
上,하며,103,10237,5902,0.133
世,하나니,10,5291,1109,0.133
明,하고,460,5950,45403,0.132
自,하니라,90,12604,4193,0.132
後,가,74,7915,5488,0.132
子,라하니라,57,27498,1217,0.132
其,니,1469,47777,18067,0.131
上,하니라,73,10237,4193,0.13
文,러니,81,7036,6767,0.13
主,로,138,5573,14566,0.129
自,며,31,12604,1447,0.129
國,리오,48,8059,3504,0.129
從,하리니,9,5608,944,0.129
天,하여,1681,14627,67662,0.128
心,로되,28,5358,3078,0.127
行,러니,95,8270,6767,0.127
事,하여,1404,12239,67662,0.125
相,라,824,7271,66907,0.124
然,라,1135,10020,66907,0.123
人,호되,107,30308,2085,0.123
日,하니라,42,5927,4193,0.121
一,를,102,11484,5257,0.12
與,라하고,39,11425,2021,0.12
君,잇가,17,10804,932,0.119
兵,라하고,24,7038,2021,0.118
在,면,194,7780,14789,0.117
道,하고,627,8195,45403,0.117
大,라하고,55,16158,2021,0.116
日,하면,25,5927,2504,0.116
兵,니이다,71,7038,5993,0.115
無,라도,52,15219,2033,0.113
得,하나니,21,11263,1109,0.113
於,하시니,68,27629,1464,0.113
有,요,828,27333,18026,0.113
若,리오,34,5781,3504,0.111
今,로,193,7896,14566,0.11
而,라도,190,55740,2033,0.109
道,라하여,19,8195,1383,0.109
謂,잇가,15,9601,932,0.109
而,를,491,55740,5257,0.108
非,리오,42,7155,3504,0.108
及,하니,421,6449,39036,0.106
事,와,72,12239,3516,0.106
心,하고,407,5358,45403,0.106
其,요,1440,47777,18026,0.105
若,잇가,9,5781,932,0.104
成,면,127,5140,14789,0.104
行,요,249,8270,18026,0.104
下,면,413,16718,14789,0.104
行,한대,67,8270,4853,0.103
下,하니라,117,16718,4193,0.103
國,면,199,8059,14789,0.103
與,하리니,18,11425,944,0.103
有,러라,144,27333,3158,0.102
軍,라하여,15,6500,1383,0.102
三,라도,30,8850,2033,0.101
生,하니이다,8,5109,940,0.1
士,하시니,14,5742,1464,0.1
行,하리니,13,8270,944,0.099
自,러니,142,12604,6767,0.099
諸,로되,31,6054,3078,0.098
以,니,1713,56979,18067,0.098
子,는,2324,27498,50835,0.097
兵,하니이다,11,7038,940,0.097
四,라하니라,12,5932,1217,0.097
事,하며,120,12239,5902,0.096
將,가,85,9320,5488,0.096
王,라하고,53,15787,2021,0.096
後,라하니라,16,7915,1217,0.096
兵,로되,36,7038,3078,0.096
世,하니,343,5291,39036,0.095
下,니,501,16718,18067,0.094
心,하시니,13,5358,1464,0.093
成,하고,387,5140,45403,0.093
日,하며,58,5927,5902,0.093
之,아,929,117623,4769,0.092
及,라하니라,13,6449,1217,0.092
兵,와,41,7038,3516,0.092
兵,하리니,11,7038,944,0.091
後,할새,21,7915,1603,0.091
事,리오,71,12239,3504,0.091
相,어늘,119,7271,9884,0.091
若,하사,12,5781,1255,0.09
二,로,209,8670,14566,0.09
於,하여,3093,27629,67662,0.09
今,하여,883,7896,67662,0.089
乃,라,759,6861,66907,0.089
一,라,1270,11484,66907,0.089
道,하사,17,8195,1255,0.089
若,라하니,34,5781,3560,0.088
使,어늘,174,10667,9884,0.086
生,라하니,30,5109,3560,0.086
行,로되,42,8270,3078,0.086
行,라,913,8270,66907,0.086
文,하시니,17,7036,1464,0.086
世,로다,26,5291,2978,0.086
自,어든,30,12604,1444,0.085
成,하며,50,5140,5902,0.085
與,하니라,79,11425,4193,0.085
州,에,383,6854,33893,0.085
大,를,140,16158,5257,0.085
世,로,127,5291,14566,0.084
能,하니,660,10262,39036,0.084
其,하니이다,74,47777,940,0.084
大,어늘,263,16158,9884,0.083
得,하여,1254,11263,67662,0.082
人,라,3333,30308,66907,0.081
文,라하여,16,7036,1383,0.081
有,와,158,27333,3516,0.081
人,는,2532,30308,50835,0.08
成,이,274,5140,32454,0.08
又,니이다,67,6808,5993,0.079
生,가,46,5109,5488,0.078
於,어늘,448,27629,9884,0.078
爲,하시니,90,37502,1464,0.077
上,하면,42,10237,2504,0.076
爲,라가,121,37502,1969,0.076
道,리오,47,8195,3504,0.075
士,로다,28,5742,2978,0.075
臣,하여,992,8962,67662,0.074
行,니라,104,8270,7687,0.074
國,하고,598,8059,45403,0.072
言,오,72,14617,3014,0.072
生,하니라,35,5109,4193,0.072
之,오,579,117623,3014,0.071
書,에,380,6867,33893,0.071
事,할새,32,12239,1603,0.07
正,하니,334,5244,39036,0.07
國,니라,101,8059,7687,0.069
自,아,98,12604,4769,0.069
我,로되,26,5179,3078,0.069
用,하라,15,6966,1321,0.069
安,라하고,17,5163,2021,0.068
國,며,19,8059,1447,0.068
已,러니,67,6077,6767,0.068
士,할새,15,5742,1603,0.068
故,니라,156,12458,7687,0.068
又,와,39,6808,3516,0.068
欲,하리니,10,6503,944,0.068
世,하여,583,5291,67662,0.067
成,라도,17,5140,2033,0.066
國,하니라,55,8059,4193,0.066
事,아,95,12239,4769,0.066
與,면,275,11425,14789,0.066
於,며,65,27629,1447,0.065
事,오,60,12239,3014,0.065
中,요,312,10651,18026,0.064
明,면,143,5950,14789,0.064
行,호되,28,8270,2085,0.063
其,어든,112,47777,1444,0.063
生,며,12,5109,1447,0.063
明,잇가,9,5950,932,0.062
陽,하니라,36,5290,4193,0.062
文,는,580,7036,50835,0.061
自,하니,798,12604,39036,0.061
五,하니,359,5675,39036,0.06
生,리오,29,5109,3504,0.06
所,나,275,21112,8047,0.059
以,로되,284,56979,3078,0.059
世,를,45,5291,5257,0.058
國,요,235,8059,18026,0.058
所,라하고,69,21112,2021,0.057
文,라하고,23,7036,2021,0.057
下,는,1374,16718,50835,0.057
成,어든,12,5140,1444,0.057
正,하리니,8,5244,944,0.056
民,엔,12,6852,1084,0.056
太,하여는,11,6940,981,0.056
未,로다,34,7071,2978,0.055
言,라도,48,14617,2033,0.055
天,나,190,14627,8047,0.055
出,하라,14,6562,1321,0.055
日,하사,12,5927,1255,0.054
人,엔,53,30308,1084,0.054
國,로되,40,8059,3078,0.053
而,요,1620,55740,18026,0.053
用,를,59,6966,5257,0.052
生,라,551,5109,66907,0.052
道,라하니,47,8195,3560,0.052
成,리오,29,5140,3504,0.051
侯,하고,414,5662,45403,0.051
人,어늘,482,30308,9884,0.05
天,면,348,14627,14789,0.05
書,로되,34,6867,3078,0.049
能,하여,1116,10262,67662,0.048
士,아,44,5742,4769,0.048
四,하리니,9,5932,944,0.048
于,라하니라,15,7677,1217,0.047
其,가,421,47777,5488,0.047
明,라하니,34,5950,3560,0.046
明,하니라,40,5950,4193,0.045
我,엔,9,5179,1084,0.045
公,라하여,33,14884,1383,0.045
自,라,1352,12604,66907,0.045
正,라하고,17,5244,2021,0.045
十,러니,94,8664,6767,0.045
王,라하니,90,15787,3560,0.043
也,리오,313,55765,3504,0.043
下,하며,158,16718,5902,0.043
天,리오,82,14627,3504,0.042
民,라하니,39,6852,3560,0.041
天,라,1565,14627,66907,0.041
心,리오,30,5358,3504,0.04
下,하고,1213,16718,45403,0.04
行,하니,516,8270,39036,0.04
道,할새,21,8195,1603,0.04
書,하니,428,6867,39036,0.039
國,하여,870,8059,67662,0.038
成,나,66,5140,8047,0.038
正,라도,17,5244,2033,0.037
于,어늘,121,7677,9884,0.037
則,나,230,17922,8047,0.037
大,이,836,16158,32454,0.037
諸,라가,19,6054,1969,0.036
君,라도,35,10804,2033,0.036
于,하여는,12,7677,981,0.036
及,리오,36,6449,3504,0.036
明,리라,16,5950,1689,0.035
與,라도,37,11425,2033,0.035
與,하여,1230,11425,67662,0.034
言,라하고,47,14617,2021,0.034
出,에,354,6562,33893,0.034
文,니라,86,7036,7687,0.033
生,라가,16,5109,1969,0.033
以,어늘,895,56979,9884,0.032
一,잇가,17,11484,932,0.031
知,니,260,9062,18067,0.031
公,하니,923,14884,39036,0.031
相,한대,56,7271,4853,0.03
上,하나니,18,10237,1109,0.029
日,면,139,5927,14789,0.029
正,어든,12,5244,1444,0.028
文,하여,754,7036,67662,0.027
天,어늘,229,14627,9884,0.027
王,어늘,247,15787,9884,0.026
自,하사,25,12604,1255,0.024
當,리오,32,5778,3504,0.024
成,라가,16,5140,1969,0.024
亦,라하여,17,7781,1383,0.023
與,러라,57,11425,3158,0.023
者,요,934,32807,18026,0.023
生,하여,546,5109,67662,0.023
民,라도,22,6852,2033,0.023
而,오,265,55740,3014,0.021
民,와,38,6852,3516,0.021
人,와,168,30308,3516,0.02
諸,하리니,9,6054,944,0.019
侯,하여,603,5662,67662,0.018
我,호되,17,5179,2085,0.018
行,하다,285,8270,21901,0.018
下,라하니라,32,16718,1217,0.017
天,하고,1044,14627,45403,0.016
二,니,246,8670,18067,0.015
有,하고,1949,27333,45403,0.015
於,니,784,27629,18067,0.015
所,하면,83,21112,2504,0.015
書,러니,73,6867,6767,0.015
一,나,145,11484,8047,0.014
又,라하니라,13,6808,1217,0.014
然,하시니,23,10020,1464,0.013
成,로다,24,5140,2978,0.013
又,라하니,38,6808,3560,0.013
之,하니라,773,117623,4193,0.012
民,하니라,45,6852,4193,0.011
是,로되,60,12444,3078,0.011
下,와,92,16718,3516,0.01
士,며,13,5742,1447,0.01
夫,라하고,25,7906,2021,0.01
言,한대,111,14617,4853,0.01
國,오,38,8059,3014,0.009
五,는,451,5675,50835,0.008
又,하니이다,10,6808,940,0.008
必,하시니,15,6558,1464,0.007
所,하니이다,31,21112,940,0.007
相,하라,15,7271,1321,0.007
王,하여,1667,15787,67662,0.006
若,아,43,5781,4769,0.005
以,라가,175,56979,1969,0.005
夫,하고,560,7906,45403,0.005
君,리오,59,10804,3504,0.004
然,하여,1056,10020,67662,0.003
事,하리니,18,12239,944,0.003
當,어든,13,5778,1444,0.003
已,면,140,6077,14789,0.003
二,를,71,8670,5257,0.003
行,하라,17,8270,1321,0.002
天,라하고,46,14627,2021,0.002
之,하니이다,172,117623,940,0.001
及,니라,77,6449,7687,-0.001
及,면,148,6449,14789,-0.002
亦,하니,471,7781,39036,-0.003
道,하리니,12,8195,944,-0.003
公,로되,71,14884,3078,-0.004
又,면,156,6808,14789,-0.005
用,러니,73,6966,6767,-0.005
道,니이다,76,8195,5993,-0.006
能,하리니,15,10262,944,-0.006
與,를,93,11425,5257,-0.006
公,라하니,82,14884,3560,-0.006
四,하여는,9,5932,981,-0.007
然,하니라,65,10020,4193,-0.007
事,하나니,21,12239,1109,-0.007
亦,요,217,7781,18026,-0.007
之,하사,228,117623,1255,-0.009
自,하고,884,12604,45403,-0.009
其,라도,150,47777,2033,-0.009
安,하사,10,5163,1255,-0.01
文,하고,493,7036,45403,-0.01
我,를,42,5179,5257,-0.011
見,니,200,7174,18067,-0.011
又,로,153,6808,14566,-0.011
言,잇가,21,14617,932,-0.012
時,면,165,7239,14789,-0.012
用,잇가,10,6966,932,-0.013
安,라하여,11,5163,1383,-0.013
今,아,58,7896,4769,-0.013
陽,라하니,29,5290,3560,-0.013
書,가,58,6867,5488,-0.014
以,리라,148,56979,1689,-0.015
言,러라,71,14617,3158,-0.015
見,어늘,109,7174,9884,-0.016
世,라가,16,5291,1969,-0.017
三,하니라,57,8850,4193,-0.017
日,와,32,5927,3516,-0.018
及,러니,67,6449,6767,-0.018
欲,하면,25,6503,2504,-0.018
也,하여는,84,55765,981,-0.018
時,가,61,7239,5488,-0.018
此,러라,67,13827,3158,-0.019
及,라하고,20,6449,2021,-0.019
三,하니,530,8850,39036,-0.019
君,리라,28,10804,1689,-0.019
公,로다,68,14884,2978,-0.019
與,니이다,105,11425,5993,-0.019
有,하면,105,27333,2504,-0.019
中,니,295,10651,18067,-0.02
使,아,78,10667,4769,-0.02
文,하면,27,7036,2504,-0.02
世,하니라,34,5291,4193,-0.02
道,나,101,8195,8047,-0.021
當,라도,18,5778,2033,-0.021
下,어늘,253,16718,9884,-0.022
五,라하여,12,5675,1383,-0.024
無,어늘,230,15219,9884,-0.024
事,요,337,12239,18026,-0.025
自,요,347,12604,18026,-0.025
言,하사,28,14617,1255,-0.026
人,라하여,64,30308,1383,-0.026
出,니이다,60,6562,5993,-0.027
然,오,46,10020,3014,-0.029
相,니,200,7271,18067,-0.03
主,하리니,8,5573,944,-0.032
知,라도,28,9062,2033,-0.032
四,하나니,10,5932,1109,-0.032
有,라하고,84,27333,2021,-0.032
當,하면,22,5778,2504,-0.032
如,하다,334,10036,21901,-0.033
三,러니,91,8850,6767,-0.033
亦,러니,80,7781,6767,-0.033
正,하사,10,5244,1255,-0.033
明,라하니라,11,5950,1217,-0.033
人,라하니라,56,30308,1217,-0.034
兵,면,158,7038,14789,-0.034
四,어든,13,5932,1444,-0.034
公,하고,1026,14884,45403,-0.034
皆,하나니,16,9513,1109,-0.035
諸,하면,23,6054,2504,-0.035
者,며,72,32807,1447,-0.035
主,로되,26,5573,3078,-0.036
道,하니,485,8195,39036,-0.036
正,하고,361,5244,45403,-0.036
爲,어늘,562,37502,9884,-0.036
四,라하니,32,5932,3560,-0.037
相,니이다,66,7271,5993,-0.037
所,러라,101,21112,3158,-0.037
公,하여,1526,14884,67662,-0.037
四,하며,53,5932,5902,-0.038
書,라하니,37,6867,3560,-0.038
民,하니,405,6852,39036,-0.038
之,하고,8077,117623,45403,-0.039
日,하고,407,5927,45403,-0.039
及,로되,30,6449,3078,-0.04
從,하고,385,5608,45403,-0.04
安,니라,60,5163,7687,-0.04
皆,하라,19,9513,1321,-0.04
見,니이다,65,7174,5993,-0.04
然,하사,19,10020,1255,-0.041
軍,러라,31,6500,3158,-0.042
及,로다,29,6449,2978,-0.042
時,니라,84,7239,7687,-0.042
陽,요,144,5290,18026,-0.042
爲,호되,118,37502,2085,-0.043
見,라도,22,7174,2033,-0.043
未,리라,18,7071,1689,-0.044
相,라하니,39,7271,3560,-0.045
陽,니,144,5290,18067,-0.045
亦,하나니,13,7781,1109,-0.045
之,하니,6918,117623,39036,-0.045
日,하여,604,5927,67662,-0.045
此,로다,62,13827,2978,-0.046
必,하고,448,6558,45403,-0.047
生,와,27,5109,3516,-0.048
今,라하고,24,7896,2021,-0.048
君,로되,50,10804,3078,-0.048
國,하라,16,8059,1321,-0.049
皆,하여,967,9513,67662,-0.049
未,면,157,7071,14789,-0.05
大,어든,35,16158,1444,-0.051
及,니이다,58,6449,5993,-0.051
中,하니라,67,10651,4193,-0.051
見,요,194,7174,18026,-0.051
日,하니,347,5927,39036,-0.052
年,라가,25,8468,1969,-0.052
與,라하니,61,11425,3560,-0.052
二,는,661,8670,50835,-0.052
上,면,227,10237,14789,-0.052
三,라,887,8850,66907,-0.053
出,러라,31,6562,3158,-0.055
書,를,54,6867,5257,-0.055
後,하니,462,7915,39036,-0.056
今,잇가,11,7896,932,-0.056
時,라도,22,7239,2033,-0.056
其,하니,2789,47777,39036,-0.056
至,라,1107,11075,66907,-0.057
之,라하니,625,117623,3560,-0.058
軍,를,51,6500,5257,-0.059
侯,로되,26,5662,3078,-0.059
下,아,119,16718,4769,-0.059
而,어든,120,55740,1444,-0.06
主,어든,12,5573,1444,-0.06
與,하니이다,16,11425,940,-0.061
王,가,129,15787,5488,-0.062
於,하면,103,27629,2504,-0.062
子,로되,126,27498,3078,-0.062
二,하니,504,8670,39036,-0.062
諸,아,43,6054,4769,-0.062
欲,니이다,58,6503,5993,-0.063
民,하여는,10,6852,981,-0.063
至,러라,52,11075,3158,-0.064
太,어늘,102,6940,9884,-0.064
相,나,87,7271,8047,-0.064
正,로되,24,5244,3078,-0.064
非,하니이다,10,7155,940,-0.064
後,어든,17,7915,1444,-0.064
道,라가,24,8195,1969,-0.064
王,하고,1066,15787,45403,-0.064
及,하면,24,6449,2504,-0.065
三,라하니라,16,8850,1217,-0.065
天,는,1104,14627,50835,-0.066
有,하나니,45,27333,1109,-0.066
書,하여는,10,6867,981,-0.066
從,니라,64,5608,7687,-0.066
及,하니이다,9,6449,940,-0.066
日,어늘,87,5927,9884,-0.066
時,니,194,7239,18067,-0.067
於,요,739,27629,18026,-0.067
至,라하니라,20,11075,1217,-0.067
於,와,144,27629,3516,-0.068
在,아,55,7780,4769,-0.068
文,요,188,7036,18026,-0.068
文,하니,407,7036,39036,-0.069
從,하며,49,5608,5902,-0.07
至,하시니,24,11075,1464,-0.07
君,하니,624,10804,39036,-0.071
大,하시니,35,16158,1464,-0.071
其,나,569,47777,8047,-0.071
臣,하여는,13,8962,981,-0.072
行,하여는,12,8270,981,-0.072
世,요,141,5291,18026,-0.072
大,라하니,85,16158,3560,-0.073
言,니라,166,14617,7687,-0.073
事,에,613,12239,33893,-0.073
一,하니,662,11484,39036,-0.074
事,라하니라,22,12239,1217,-0.074
一,하리니,16,11484,944,-0.075
生,러니,51,5109,6767,-0.075
其,라하니,251,47777,3560,-0.075
其,로되,217,47777,3078,-0.075
爲,나,445,37502,8047,-0.076
書,라하여,14,6867,1383,-0.076
安,라,509,5163,66907,-0.077
然,엔,16,10020,1084,-0.077
國,하다,260,8059,21901,-0.077
行,나,98,8270,8047,-0.078
安,요,137,5163,18026,-0.078
下,나,198,16718,8047,-0.079
行,하니라,51,8270,4193,-0.08
之,러라,546,117623,3158,-0.081
得,를,87,11263,5257,-0.081
士,는,429,5742,50835,-0.081
人,라하고,90,30308,2021,-0.081
言,어든,31,14617,1444,-0.082
以,오,252,56979,3014,-0.083
在,를,60,7780,5257,-0.083
此,엔,22,13827,1084,-0.083
中,면,231,10651,14789,-0.084
大,리라,40,16158,1689,-0.085
十,라가,25,8664,1969,-0.085
明,로,127,5950,14566,-0.085
能,하니라,63,10262,4193,-0.086
正,와,27,5244,3516,-0.086
及,나,76,6449,8047,-0.086
臣,니,237,8962,18067,-0.087
則,라하고,53,17922,2021,-0.087
五,엔,9,5675,1084,-0.087
言,아,102,14617,4769,-0.087
文,로,150,7036,14566,-0.087
道,엔,13,8195,1084,-0.087
見,러니,71,7174,6767,-0.088
大,라도,48,16158,2033,-0.089
今,하고,524,7896,45403,-0.089
王,러니,156,15787,6767,-0.09
天,하며,126,14627,5902,-0.091
相,할새,17,7271,1603,-0.092
言,는,1083,14617,50835,-0.093
時,호되,22,7239,2085,-0.093
出,하사,12,6562,1255,-0.093
夫,라하니라,14,7906,1217,-0.095
在,하여,766,7780,67662,-0.095
然,가,80,10020,5488,-0.095
書,하면,25,6867,2504,-0.096
世,리라,13,5291,1689,-0.096
君,하시니,23,10804,1464,-0.096
中,어늘,153,10651,9884,-0.097
下,로,354,16718,14566,-0.097
後,면,170,7915,14789,-0.098
明,니,156,5950,18067,-0.099
自,라가,36,12604,1969,-0.1
臣,로되,40,8962,3078,-0.1
國,라가,23,8059,1969,-0.101
公,에,731,14884,33893,-0.101
正,며,11,5244,1447,-0.101
此,하니,782,13827,39036,-0.101
兵,하여는,10,7038,981,-0.102
五,라하니라,10,5675,1217,-0.102
天,에,718,14627,33893,-0.102
如,나,117,10036,8047,-0.102
從,라,543,5608,66907,-0.103
人,하여는,43,30308,981,-0.104
我,라,501,5179,66907,-0.104
以,러라,260,56979,3158,-0.105
生,엔,8,5109,1084,-0.106
上,와,52,10237,3516,-0.106
而,러라,254,55740,3158,-0.107
所,어든,44,21112,1444,-0.107
太,하니라,42,6940,4193,-0.107
四,는,435,5932,50835,-0.108
如,요,261,10036,18026,-0.108
與,라,1102,11425,66907,-0.109
大,니라,179,16158,7687,-0.109
子,하니,1547,27498,39036,-0.109
書,라하고,20,6867,2021,-0.109
當,하라,11,5778,1321,-0.109
爲,하여는,53,37502,981,-0.11
侯,호되,17,5662,2085,-0.11
如,를,76,10036,5257,-0.11
道,잇가,11,8195,932,-0.11
王,에,770,15787,33893,-0.111
民,라,660,6852,66907,-0.111
言,이,682,14617,32454,-0.113
在,나,90,7780,8047,-0.113
安,니,134,5163,18067,-0.114
夫,하라,15,7906,1321,-0.114
與,하고,745,11425,45403,-0.114
民,하라,13,6852,1321,-0.114
五,호되,17,5675,2085,-0.114
我,요,134,5179,18026,-0.115
時,라하니,37,7239,3560,-0.115
心,러니,52,5358,6767,-0.116
出,라하여,13,6562,1383,-0.118
可,하리니,20,14791,944,-0.118
文,에,341,7036,33893,-0.12
爲,면,793,37502,14789,-0.12
主,와,28,5573,3516,-0.121
心,하니,299,5358,39036,-0.121
其,하시니,100,47777,1464,-0.121
時,니이다,62,7239,5993,-0.121
使,어든,22,10667,1444,-0.122
相,어든,15,7271,1444,-0.122
從,니이다,48,5608,5993,-0.122
則,아,122,17922,4769,-0.123
中,러라,48,10651,3158,-0.123
道,하니라,49,8195,4193,-0.124
君,하여,1043,10804,67662,-0.124
出,라도,19,6562,2033,-0.126
行,에,399,8270,33893,-0.127
事,러라,55,12239,3158,-0.127
言,니,376,14617,18067,-0.127
成,에,248,5140,33893,-0.127
然,를,75,10020,5257,-0.127
相,면,153,7271,14789,-0.128
後,라,753,7915,66907,-0.128
若,는,418,5781,50835,-0.128
謂,로되,42,9601,3078,-0.129
在,며,16,7780,1447,-0.129
士,요,147,5742,18026,-0.13
君,니이다,92,10804,5993,-0.13
夫,할새,18,7906,1603,-0.13
一,하여는,16,11484,981,-0.13
相,하다,226,7271,21901,-0.131
之,러니,1130,117623,6767,-0.131
世,잇가,7,5291,932,-0.131
人,하여,2911,30308,67662,-0.131
之,로다,497,117623,2978,-0.132
而,가,434,55740,5488,-0.132
諸,면,127,6054,14789,-0.132
爲,하나니,59,37502,1109,-0.132
人,하니,1678,30308,39036,-0.132
若,하여,555,5781,67662,-0.132
文,할새,16,7036,1603,-0.132
矣,오,46,10758,3014,-0.132
心,며,11,5358,1447,-0.132
從,나,64,5608,8047,-0.132
人,나,346,30308,8047,-0.132
下,라,1586,16718,66907,-0.133
必,오,28,6558,3014,-0.134
世,는,381,5291,50835,-0.134
君,하여는,15,10804,981,-0.135
用,라하니라,12,6966,1217,-0.135
生,라하여,10,5109,1383,-0.135
可,어늘,207,14791,9884,-0.135
大,한대,111,16158,4853,-0.135
四,로다,25,5932,2978,-0.135
安,하니,285,5163,39036,-0.136
君,라,1022,10804,66907,-0.137
不,오,252,59177,3014,-0.138
能,러니,98,10262,6767,-0.139
主,라하니,28,5573,3560,-0.139
州,며,14,6854,1447,-0.139
將,라하니라,16,9320,1217,-0.14
正,라하니라,9,5244,1217,-0.14
使,잇가,14,10667,932,-0.142
子,하여는,38,27498,981,-0.142
所,어늘,294,21112,9884,-0.142
人,하니라,179,30308,4193,-0.142
非,로다,30,7155,2978,-0.143
明,라도,17,5950,2033,-0.145
生,니이다,43,5109,5993,-0.146
自,리오,62,12604,3504,-0.147
明,이,271,5950,32454,-0.147
見,아,48,7174,4769,-0.148
太,하니,380,6940,39036,-0.148
國,에,383,8059,33893,-0.149
至,러니,105,11075,6767,-0.15
人,가,233,30308,5488,-0.15
從,이,255,5608,32454,-0.15
乃,러니,65,6861,6767,-0.151
文,니,178,7036,18067,-0.151
言,로되,63,14617,3078,-0.151
能,어늘,142,10262,9884,-0.151
未,하고,449,7071,45403,-0.152
其,와,235,47777,3516,-0.152
後,니,200,7915,18067,-0.152
三,하고,562,8850,45403,-0.152
侯,라하고,16,5662,2021,-0.153
軍,하라,12,6500,1321,-0.153
之,라하고,332,117623,2021,-0.154
見,가,55,7174,5488,-0.154
今,어늘,109,7896,9884,-0.154
又,어늘,94,6808,9884,-0.154
世,어늘,73,5291,9884,-0.155
士,하니,313,5742,39036,-0.155
行,어늘,114,8270,9884,-0.156
兵,러라,31,7038,3158,-0.156
行,아,55,8270,4769,-0.157
及,라하니,32,6449,3560,-0.157
上,어늘,141,10237,9884,-0.158
五,하여,535,5675,67662,-0.158
天,이,661,14627,32454,-0.159
安,하면,18,5163,2504,-0.159
使,라하고,30,10667,2021,-0.16
一,리오,56,11484,3504,-0.16
心,하며,44,5358,5902,-0.16
士,하다,175,5742,21901,-0.16
將,하니,506,9320,39036,-0.16
一,하니라,67,11484,4193,-0.16
非,와,35,7155,3516,-0.16
明,하니,323,5950,39036,-0.161
又,니,171,6808,18067,-0.161
一,하니이다,15,11484,940,-0.162
一,어든,23,11484,1444,-0.164
士,하사,10,5742,1255,-0.164
者,라하니,162,32807,3560,-0.164
見,와,35,7174,3516,-0.164
子,오,115,27498,3014,-0.164
日,라하니라,10,5927,1217,-0.165
用,라가,19,6966,1969,-0.166
謂,가,73,9601,5488,-0.166
非,어늘,98,7155,9884,-0.166
之,는,8276,117623,50835,-0.167
十,엔,13,8664,1084,-0.167
相,아,48,7271,4769,-0.167
欲,로,131,6503,14566,-0.169
大,라가,44,16158,1969,-0.169
必,로다,27,6558,2978,-0.169
臣,하면,31,8962,2504,-0.17
人,잇가,39,30308,932,-0.171
又,라하고,19,6808,2021,-0.171
是,리라,29,12444,1689,-0.172
故,니이다,103,12458,5993,-0.172
正,를,38,5244,5257,-0.173
無,러니,142,15219,6767,-0.173
一,하고,719,11484,45403,-0.173
欲,니,162,6503,18067,-0.173
太,하시니,14,6940,1464,-0.174
下,호되,48,16718,2085,-0.175
及,하시니,13,6449,1464,-0.175
公,하시니,30,14884,1464,-0.175
至,라가,30,11075,1969,-0.176
在,하고,486,7780,45403,-0.176
而,라하고,155,55740,2021,-0.176
子,엔,41,27498,1084,-0.176
非,라도,20,7155,2033,-0.177
中,한대,71,10651,4853,-0.178
子,하여,2557,27498,67662,-0.178
今,니이다,65,7896,5993,-0.178
及,라도,18,6449,2033,-0.179
相,이,324,7271,32454,-0.179
必,어든,13,6558,1444,-0.179
是,하시니,25,12444,1464,-0.18
事,호되,35,12239,2085,-0.18
夫,하며,64,7906,5902,-0.18
出,어든,13,6562,1444,-0.18
正,하면,18,5244,2504,-0.181
日,라가,16,5927,1969,-0.181
人,하다,910,30308,21901,-0.181
軍,라하고,18,6500,2021,-0.182
大,며,32,16158,1447,-0.184
出,하며,53,6562,5902,-0.184
天,하니,781,14627,39036,-0.184
陽,라하여,10,5290,1383,-0.185
與,라하니라,19,11425,1217,-0.186
士,니이다,47,5742,5993,-0.187
則,하니이다,23,17922,940,-0.187
大,호되,46,16158,2085,-0.187
臣,면,181,8962,14789,-0.187
上,요,252,10237,18026,-0.187
三,라하니,43,8850,3560,-0.188
未,아,46,7071,4769,-0.188
陽,하나니,8,5290,1109,-0.189
心,라하니,26,5358,3560,-0.189
君,하고,669,10804,45403,-0.189
文,호되,20,7036,2085,-0.189
明,할새,13,5950,1603,-0.19
上,니,252,10237,18067,-0.19
我,하여,477,5179,67662,-0.191
大,나,177,16158,8047,-0.191
明,어늘,80,5950,9884,-0.192
事,하라,22,12239,1321,-0.192
後,러라,34,7915,3158,-0.192
及,하고,398,6449,45403,-0.193
至,나,121,11075,8047,-0.195
成,하여,472,5140,67662,-0.196
人,하면,103,30308,2504,-0.196
言,하니,774,14617,39036,-0.196
出,라하고,18,6562,2021,-0.196
中,라,966,10651,66907,-0.197
不,라가,158,59177,1969,-0.197
及,가,48,6449,5488,-0.197
得,로되,47,11263,3078,-0.197
國,하시니,16,8059,1464,-0.197
於,하사,47,27629,1255,-0.198
諸,하시니,12,6054,1464,-0.199
事,라하니,59,12239,3560,-0.199
今,라하니라,13,7896,1217,-0.2
天,로,288,14627,14566,-0.201
太,에,318,6940,33893,-0.201
亦,어늘,104,7781,9884,-0.201
民,요,167,6852,18026,-0.201
下,러니,153,16718,6767,-0.201
見,나,78,7174,8047,-0.202
三,로,174,8850,14566,-0.204
子,하고,1685,27498,45403,-0.204
主,하시니,11,5573,1464,-0.205
下,리오,79,16718,3504,-0.205
今,하니이다,10,7896,940,-0.206
之,하여,10725,117623,67662,-0.206
中,할새,23,10651,1603,-0.206
事,하다,361,12239,21901,-0.207
侯,어든,11,5662,1444,-0.208
出,나,71,6562,8047,-0.209
諸,하며,48,6054,5902,-0.21
大,니이다,130,16158,5993,-0.211
出,라,589,6562,66907,-0.212
今,하라,14,7896,1321,-0.212
已,하여는,8,6077,981,-0.212
自,나,136,12604,8047,-0.213
下,라하여,31,16718,1383,-0.213
中,하여는,14,10651,981,-0.214
公,러라,63,14884,3158,-0.214
世,하고,322,5291,45403,-0.214
侯,라하니,27,5662,3560,-0.215
及,라가,17,6449,1969,-0.215
大,면,320,16158,14789,-0.215
子,니라,283,27498,7687,-0.215
諸,로,118,6054,14566,-0.216
之,하며,929,117623,5902,-0.216
於,라하니라,45,27629,1217,-0.216
行,엔,12,8270,1084,-0.216
以,호되,159,56979,2085,-0.216
又,니라,70,6808,7687,-0.217
臣,요,216,8962,18026,-0.217
時,며,14,7239,1447,-0.218
在,어든,15,7780,1444,-0.219
至,하니라,62,11075,4193,-0.219
四,하여,536,5932,67662,-0.219
乎,오,26,6463,3014,-0.22
子,와,129,27498,3516,-0.22
國,로다,32,8059,2978,-0.221
道,어늘,108,8195,9884,-0.221
時,라가,19,7239,1969,-0.222
民,리오,32,6852,3504,-0.222
從,로되,23,5608,3078,-0.222
至,하다,323,11075,21901,-0.223
人,러니,273,30308,6767,-0.224
及,잇가,8,6449,932,-0.224
事,어늘,161,12239,9884,-0.224
下,요,401,16718,18026,-0.224
明,라하고,16,5950,2021,-0.224
所,라하니,100,21112,3560,-0.224
可,하라,26,14791,1321,-0.224
公,하니라,83,14884,4193,-0.225
將,에,420,9320,33893,-0.225
無,오,61,15219,3014,-0.225
有,를,191,27333,5257,-0.226
所,라도,57,21112,2033,-0.227
後,니이다,63,7915,5993,-0.227
兵,라도,19,7038,2033,-0.227
子,를,192,27498,5257,-0.227
若,니이다,46,5781,5993,-0.227
與,하다,332,11425,21901,-0.228
一,하여,1030,11484,67662,-0.23
公,라하니라,24,14884,1217,-0.23
國,하며,63,8059,5902,-0.231
文,하며,55,7036,5902,-0.231
兵,를,49,7038,5257,-0.231
二,가,63,8670,5488,-0.231
成,한대,33,5140,4853,-0.233
州,로,132,6854,14566,-0.233
從,니,134,5608,18067,-0.233
見,하며,56,7174,5902,-0.233
安,하시니,10,5163,1464,-0.233
未,라도,19,7071,2033,-0.234
日,러니,53,5927,6767,-0.234
若,하고,347,5781,45403,-0.234
之,에,5268,117623,33893,-0.234
子,로,529,27498,14566,-0.235
國,는,541,8059,50835,-0.235
國,라,712,8059,66907,-0.235
當,오,23,5778,3014,-0.235
有,가,198,27333,5488,-0.236
五,하다,164,5675,21901,-0.236
三,라가,23,8850,1969,-0.236
爲,하며,292,37502,5902,-0.237
將,하시니,18,9320,1464,-0.237
上,를,71,10237,5257,-0.237
知,하사,15,9062,1255,-0.237
使,하며,83,10667,5902,-0.238
及,어늘,84,6449,9884,-0.238
從,로다,22,5608,2978,-0.239
三,하리니,11,8850,944,-0.239
夫,니,188,7906,18067,-0.24
此,라도,37,13827,2033,-0.24
行,라하고,22,8270,2021,-0.24
侯,하니이다,7,5662,940,-0.241
民,러니,61,6852,6767,-0.241
然,하면,33,10020,2504,-0.241
自,로되,51,12604,3078,-0.242
及,하리니,8,6449,944,-0.242
以,하여,5067,56979,67662,-0.242
時,를,50,7239,5257,-0.242
然,하니,514,10020,39036,-0.242
見,리오,33,7174,3504,-0.244
一,어늘,149,11484,9884,-0.244
知,라하고,24,9062,2021,-0.246
日,요,140,5927,18026,-0.246
下,라하니,78,16718,3560,-0.246
三,하다,254,8850,21901,-0.246
生,면,99,5109,14789,-0.246
子,어든,52,27498,1444,-0.247
安,면,100,5163,14789,-0.247
一,하시니,22,11484,1464,-0.248
皆,며,18,9513,1447,-0.249
與,니,270,11425,18067,-0.249
出,잇가,8,6562,932,-0.249
生,어늘,66,5109,9884,-0.25
民,오,27,6852,3014,-0.25
與,오,45,11425,3014,-0.25
至,라하여,20,11075,1383,-0.251
中,호되,29,10651,2085,-0.251
之,하다,3365,117623,21901,-0.251
世,며,10,5291,1447,-0.251
安,라하니,24,5163,3560,-0.251
者,하여는,42,32807,981,-0.252
君,에,478,10804,33893,-0.252
人,한대,192,30308,4853,-0.252
言,하리니,18,14617,944,-0.253
大,는,1071,16158,50835,-0.253
又,리라,15,6808,1689,-0.253
侯,엔,8,5662,1084,-0.254
自,라하니라,20,12604,1217,-0.254
軍,하리니,8,6500,944,-0.254
人,하고,1791,30308,45403,-0.256
國,러니,71,8059,6767,-0.256
無,하시니,29,15219,1464,-0.256
出,와,30,6562,3516,-0.257
國,아,50,8059,4769,-0.257
子,하니라,150,27498,4193,-0.257
君,나,113,10804,8047,-0.258
將,하라,16,9320,1321,-0.258
生,오,20,5109,3014,-0.259
至,하고,653,11075,45403,-0.259
臣,어늘,115,8962,9884,-0.26
然,로되,40,10020,3078,-0.261
日,로,112,5927,14566,-0.261
士,하니이다,7,5742,940,-0.261
使,하니이다,13,10667,940,-0.262
皆,라하니라,15,9513,1217,-0.263
太,요,162,6940,18026,-0.263
與,리라,25,11425,1689,-0.263
世,리오,24,5291,3504,-0.264
及,하니라,35,6449,4193,-0.264
與,하면,37,11425,2504,-0.265
子,라가,70,27498,1969,-0.266
心,어든,10,5358,1444,-0.266
二,하니라,47,8670,4193,-0.266
而,하여,4873,55740,67662,-0.267
民,는,450,6852,50835,-0.267
上,는,672,10237,50835,-0.267
與,하며,87,11425,5902,-0.269
陽,로되,21,5290,3078,-0.269
故,한대,78,12458,4853,-0.269
于,라하고,20,7677,2021,-0.27
所,로다,81,21112,2978,-0.271
大,로다,62,16158,2978,-0.271
自,하나니,18,12604,1109,-0.271
士,라하니라,9,5742,1217,-0.271
而,는,3651,55740,50835,-0.271
然,니,233,10020,18067,-0.272
及,하며,49,6449,5902,-0.272
主,하사,9,5573,1255,-0.273
侯,어늘,72,5662,9884,-0.273
士,엔,8,5742,1084,-0.274
則,와,81,17922,3516,-0.274
心,라도,14,5358,2033,-0.274
相,라도,19,7271,2033,-0.274
軍,하니라,35,6500,4193,-0.275
夫,라가,20,7906,1969,-0.275
後,라가,20,7915,1969,-0.276
道,와,37,8195,3516,-0.276
知,하니,454,9062,39036,-0.276
民,로,128,6852,14566,-0.277
公,로,278,14884,14566,-0.278
如,하라,17,10036,1321,-0.278
生,에,222,5109,33893,-0.278
所,하나니,30,21112,1109,-0.279
若,라하니라,9,5781,1217,-0.281
之,하리니,142,117623,944,-0.281
及,한대,40,6449,4853,-0.282
用,라하고,18,6966,2021,-0.282
當,러니,50,5778,6767,-0.282
謂,리오,43,9601,3504,-0.282
人,니이다,232,30308,5993,-0.283
使,하라,18,10667,1321,-0.283
欲,하며,49,6503,5902,-0.284
能,로다,39,10262,2978,-0.284
世,니,122,5291,18067,-0.284
若,엔,8,5781,1084,-0.284
而,라가,140,55740,1969,-0.285
君,하리니,13,10804,944,-0.286
未,하나니,10,7071,1109,-0.286
與,어늘,144,11425,9884,-0.286
見,라가,18,7174,1969,-0.287
後,를,53,7915,5257,-0.287
四,하고,343,5932,45403,-0.287
後,로다,30,7915,2978,-0.288
成,와,23,5140,3516,-0.288
與,나,117,11425,8047,-0.289
乃,로다,26,6861,2978,-0.289
臣,하니,445,8962,39036,-0.289
從,하여는,7,5608,981,-0.289
一,라하니,52,11484,3560,-0.289
之,이,4854,117623,32454,-0.29
心,하라,9,5358,1321,-0.29
可,면,278,14791,14789,-0.29
夫,요,181,7906,18026,-0.291
見,호되,19,7174,2085,-0.291
明,는,384,5950,50835,-0.292
必,나,67,6558,8047,-0.292
陽,호되,14,5290,2085,-0.292
正,하여,450,5244,67662,-0.293
士,어늘,72,5742,9884,-0.293
然,하리니,12,10020,944,-0.293
至,라하니,50,11075,3560,-0.294
事,니라,119,12239,7687,-0.297
大,하라,27,16158,1321,-0.297
國,나,82,8059,8047,-0.298
乃,라하여,12,6861,1383,-0.298
侯,하니라,30,5662,4193,-0.299
二,하여,741,8670,67662,-0.299
太,하사,11,6940,1255,-0.299
言,하며,109,14617,5902,-0.299
能,오,39,10262,3014,-0.302
乎,라하니,29,6463,3560,-0.302
三,하여,755,8850,67662,-0.302
道,라도,21,8195,2033,-0.302
民,호되,18,6852,2085,-0.303
言,어늘,182,14617,9884,-0.303
于,며,14,7677,1447,-0.303
而,러니,475,55740,6767,-0.304
士,라하여,10,5742,1383,-0.304
文,라도,18,7036,2033,-0.305
成,를,34,5140,5257,-0.305
人,하며,225,30308,5902,-0.305
而,엔,76,55740,1084,-0.305
之,나,1191,117623,8047,-0.305
於,라하여,48,27629,1383,-0.307
軍,하여는,8,6500,981,-0.309
行,며,15,8270,1447,-0.31
已,라가,15,6077,1969,-0.31
兵,나,71,7038,8047,-0.31
將,니이다,70,9320,5993,-0.311
心,호되,14,5358,2085,-0.311
以,라도,145,56979,2033,-0.312
使,하니라,56,10667,4193,-0.312
士,하면,18,5742,2504,-0.312
日,를,39,5927,5257,-0.312
日,리오,26,5927,3504,-0.312
如,니,227,10036,18067,-0.312
主,니,126,5573,18067,-0.313
此,어늘,171,13827,9884,-0.313
明,하니이다,7,5950,940,-0.313
於,라하니,123,27629,3560,-0.314
下,러라,66,16718,3158,-0.314
于,호되,20,7677,2085,-0.315
下,에,708,16718,33893,-0.315
此,며,25,13827,1447,-0.315
之,리라,248,117623,1689,-0.316
日,라,495,5927,66907,-0.316
時,라하니라,11,7239,1217,-0.316
上,하니이다,12,10237,940,-0.318
是,러라,49,12444,3158,-0.318
四,하니라,31,5932,4193,-0.319
君,어늘,133,10804,9884,-0.32
日,엔,8,5927,1084,-0.32
上,라,853,10237,66907,-0.32
下,라가,41,16718,1969,-0.32
至,니,249,11075,18067,-0.321
謂,는,607,9601,50835,-0.322
月,어든,13,7248,1444,-0.324
欲,라,540,6503,66907,-0.325
言,로다,54,14617,2978,-0.325
人,로다,112,30308,2978,-0.325
非,리라,15,7155,1689,-0.325
欲,니라,62,6503,7687,-0.326
欲,하고,366,6503,45403,-0.326
已,하고,342,6077,45403,-0.327
如,리라,21,10036,1689,-0.327
君,하며,79,10804,5902,-0.327
用,오,26,6966,3014,-0.328
行,와,36,8270,3516,-0.328
必,면,120,6558,14789,-0.329
乎,라,535,6463,66907,-0.329
臣,하고,503,8962,45403,-0.33
君,하니라,56,10804,4193,-0.33
夫,이,317,7906,32454,-0.331
其,하사,74,47777,1255,-0.333
言,가,99,14617,5488,-0.333
然,는,628,10020,50835,-0.334
又,로다,25,6808,2978,-0.334
君,로,194,10804,14566,-0.334
日,니,132,5927,18067,-0.335
後,러니,66,7915,6767,-0.335
成,러라,20,5140,3158,-0.335
明,나,59,5950,8047,-0.335
從,며,10,5608,1447,-0.335
諸,하니이다,7,6054,940,-0.338
軍,하면,20,6500,2504,-0.339
文,라가,17,7036,1969,-0.341
時,이,288,7239,32454,-0.342
曰,오,98,26519,3014,-0.342
之,로,2101,117623,14566,-0.342
知,가,61,9062,5488,-0.342
子,니,609,27498,18067,-0.343
三,니이다,65,8850,5993,-0.343
民,로다,25,6852,2978,-0.343
然,리오,43,10020,3504,-0.344
事,는,762,12239,50835,-0.344
三,어늘,107,8850,9884,-0.346
王,라가,38,15787,1969,-0.347
心,와,23,5358,3516,-0.348
諸,라하니라,9,6054,1217,-0.348
臣,에,371,8962,33893,-0.348
後,하며,57,7915,5902,-0.349
時,요,159,7239,18026,-0.351
爲,어든,66,37502,1444,-0.351
五,하니라,29,5675,4193,-0.351
得,하며,81,11263,5902,-0.351
後,아,46,7915,4769,-0.351
諸,라도,15,6054,2033,-0.351
主,라,454,5573,66907,-0.352
出,를,42,6562,5257,-0.352
在,리라,16,7780,1689,-0.352
欲,러라,25,6503,3158,-0.353
言,리라,30,14617,1689,-0.355
未,하니라,36,7071,4193,-0.356
出,니,144,6562,18067,-0.356
五,하고,313,5675,45403,-0.356
三,로다,32,8850,2978,-0.356
安,하며,37,5163,5902,-0.356
夫,호되,20,7906,2085,-0.357
四,호되,15,5932,2085,-0.358
得,하시니,20,11263,1464,-0.358
大,하면,49,16158,2504,-0.36
其,라하여,80,47777,1383,-0.36
成,며,9,5140,1447,-0.361
自,한대,74,12604,4853,-0.362
明,호되,15,5950,2085,-0.362
謂,를,61,9601,5257,-0.363
有,하여,2235,27333,67662,-0.363
乃,리라,14,6861,1689,-0.364
三,나,86,8850,8047,-0.364
夫,라,639,7906,66907,-0.364
見,하여,586,7174,67662,-0.365
大,하며,115,16158,5902,-0.366
知,어늘,108,9062,9884,-0.366
士,라하고,14,5742,2021,-0.366
一,아,66,11484,4769,-0.367
用,어늘,83,6966,9884,-0.367
君,라하여,18,10804,1383,-0.368
所,하리니,24,21112,944,-0.368
年,하여는,10,8468,981,-0.369
子,호되,69,27498,2085,-0.369
將,하여는,11,9320,981,-0.37
無,하여,1238,15219,67662,-0.371
心,하니라,27,5358,4193,-0.371
明,로되,22,5950,3078,-0.372
下,어든,29,16718,1444,-0.372
於,라하고,67,27629,2021,-0.373
曰,라하여,44,26519,1383,-0.374
時,라하여,12,7239,1383,-0.375
未,하며,50,7071,5902,-0.376
知,라하여,15,9062,1383,-0.377
十,로,151,8664,14566,-0.377
書,라하니라,10,6867,1217,-0.377
公,라하고,36,14884,2021,-0.377
非,를,45,7155,5257,-0.378
當,며,10,5778,1447,-0.378
五,하면,17,5675,2504,-0.378
生,로,89,5109,14566,-0.378
上,하여는,12,10237,981,-0.379
主,요,120,5573,18026,-0.38
人,하시니,53,30308,1464,-0.38
中,하며,75,10651,5902,-0.382
三,면,156,8850,14789,-0.383
自,하시니,22,12604,1464,-0.383
用,엔,9,6966,1084,-0.383
兵,로,122,7038,14566,-0.385
爲,가,245,37502,5488,-0.385
道,러니,66,8195,6767,-0.385
故,니,268,12458,18067,-0.385
知,하면,27,9062,2504,-0.385
後,로되,29,7915,3078,-0.385
生,아,29,5109,4769,-0.385
及,이,249,6449,32454,-0.386
今,와,33,7896,3516,-0.387
人,하리니,34,30308,944,-0.387
言,하여,1175,14617,67662,-0.388
從,를,35,5608,5257,-0.389
後,와,33,7915,3516,-0.39
生,하라,8,5109,1321,-0.391
至,리오,46,11075,3504,-0.391
日,니라,54,5927,7687,-0.391
子,면,482,27498,14789,-0.391
子,어늘,322,27498,9884,-0.392
諸,하사,9,6054,1255,-0.392
自,오,45,12604,3014,-0.392
十,하니라,43,8664,4193,-0.393
夫,에,317,7906,33893,-0.394
之,어늘,1375,117623,9884,-0.394
成,아,29,5140,4769,-0.394
兵,하라,11,7038,1321,-0.394
明,를,37,5950,5257,-0.394
後,라도,19,7915,2033,-0.397
正,라하니,22,5244,3560,-0.399
道,하며,57,8195,5902,-0.399
時,와,30,7239,3516,-0.399
然,라도,24,10020,2033,-0.4
又,가,44,6808,5488,-0.4
如,하여,800,10036,67662,-0.4
世,어든,9,5291,1444,-0.4
者,라하니라,47,32807,1217,-0.401
行,로다,29,8270,2978,-0.401
陽,며,9,5290,1447,-0.403
陽,나,50,5290,8047,-0.404
天,하면,43,14627,2504,-0.405
子,에,1094,27498,33893,-0.405
三,하면,26,8850,2504,-0.406
其,러라,177,47777,3158,-0.406
夫,라하니,33,7906,3560,-0.407
見,라하고,17,7174,2021,-0.407
出,니라,59,6562,7687,-0.41
然,하나니,13,10020,1109,-0.41
使,할새,20,10667,1603,-0.41
生,한대,29,5109,4853,-0.41
三,이,336,8850,32454,-0.41
侯,이,215,5662,32454,-0.41
公,하라,23,14884,1321,-0.41
以,나,536,56979,8047,-0.411
故,러라,46,12458,3158,-0.411
欲,며,11,6503,1447,-0.411
言,하고,775,14617,45403,-0.413
必,하여,518,6558,67662,-0.413
乃,니이다,48,6861,5993,-0.413
中,나,100,10651,8047,-0.414
以,어든,96,56979,1444,-0.414
安,가,33,5163,5488,-0.416
則,하여,1413,17922,67662,-0.416
則,이,676,17922,32454,-0.419
至,잇가,12,11075,932,-0.419
王,는,933,15787,50835,-0.419
生,는,302,5109,50835,-0.419
故,요,261,12458,18026,-0.419
如,와,41,10036,3516,-0.42
明,며,10,5950,1447,-0.42
使,가,68,10667,5488,-0.42
大,러니,127,16158,6767,-0.42
將,하나니,12,9320,1109,-0.421
及,로,109,6449,14566,-0.422
如,어늘,115,10036,9884,-0.423
下,며,28,16718,1447,-0.425
三,하시니,15,8850,1464,-0.425
陽,하여는,6,5290,981,-0.427
行,하사,12,8270,1255,-0.427
其,한대,268,47777,4853,-0.427
若,하니라,28,5781,4193,-0.428
者,리라,64,32807,1689,-0.428
主,잇가,6,5573,932,-0.428
臣,라도,21,8962,2033,-0.431
日,하시니,10,5927,1464,-0.432
相,를,44,7271,5257,-0.433
諸,오,21,6054,3014,-0.434
侯,리라,11,5662,1689,-0.434
此,나,128,13827,8047,-0.434
人,로,508,30308,14566,-0.434
上,어든,17,10237,1444,-0.435
臣,한대,50,8962,4853,-0.435
王,하니,708,15787,39036,-0.436
行,러라,30,8270,3158,-0.436
然,라하니라,14,10020,1217,-0.437
如,하고,523,10036,45403,-0.437
道,라하고,19,8195,2021,-0.438
安,리라,10,5163,1689,-0.439
四,로,99,5932,14566,-0.44
出,하시니,11,6562,1464,-0.441
王,라하니라,22,15787,1217,-0.441
四,하면,17,5932,2504,-0.442
我,는,301,5179,50835,-0.443
士,리오,23,5742,3504,-0.443
時,하니,323,7239,39036,-0.443
心,하여는,6,5358,981,-0.445
若,라가,13,5781,1969,-0.445
子,리라,53,27498,1689,-0.446
上,러니,79,10237,6767,-0.447
心,로,89,5358,14566,-0.447
今,어든,13,7896,1444,-0.447
書,로,114,6867,14566,-0.448
上,하리니,11,10237,944,-0.449
士,이,212,5742,32454,-0.45
曰,요,544,26519,18026,-0.45
在,리오,31,7780,3504,-0.451
後,하여,609,7915,67662,-0.451
以,로다,193,56979,2978,-0.451
而,어늘,626,55740,9884,-0.452
於,를,165,27629,5257,-0.452
四,가,37,5932,5488,-0.452
然,하고,517,10020,45403,-0.452
書,이,253,6867,32454,-0.453
出,하니이다,7,6562,940,-0.454
若,가,36,5781,5488,-0.454
後,며,13,7915,1447,-0.454
言,며,24,14617,1447,-0.454
中,라하니,43,10651,3560,-0.455
太,라하니,28,6940,3560,-0.456
得,로다,38,11263,2978,-0.456
當,와,23,5778,3516,-0.457
使,라하니,43,10667,3560,-0.457
四,나,54,5932,8047,-0.458
知,하여,694,9062,67662,-0.458
所,하니,932,21112,39036,-0.459
國,호되,19,8059,2085,-0.459
道,로,135,8195,14566,-0.459
諸,에,232,6054,33893,-0.459
陽,라,400,5290,66907,-0.46
無,하면,43,15219,2504,-0.462
相,가,45,7271,5488,-0.463
上,로,168,10237,14566,-0.464
出,라하니라,9,6562,1217,-0.464
我,가,32,5179,5488,-0.465
四,니이다,40,5932,5993,-0.466
士,라하니,23,5742,3560,-0.466
公,를,88,14884,5257,-0.467
天,로다,49,14627,2978,-0.467
下,라하고,38,16718,2021,-0.467
從,오,19,5608,3014,-0.468
中,니라,92,10651,7687,-0.468
得,어늘,125,11263,9884,-0.469
二,면,144,8670,14789,-0.469
心,가,33,5358,5488,-0.47
相,하여는,8,7271,981,-0.471
公,어늘,165,14884,9884,-0.471
文,어늘,78,7036,9884,-0.471
一,하라,17,11484,1321,-0.472
夫,한대,43,7906,4853,-0.472
正,아,28,5244,4769,-0.473
成,호되,12,5140,2085,-0.473
言,니이다,98,14617,5993,-0.474
如,할새,18,10036,1603,-0.474
及,하나니,8,6449,1109,-0.475
大,로,263,16158,14566,-0.476
夫,하여,598,7906,67662,-0.476
一,로,187,11484,14566,-0.476
與,로다,38,11425,2978,-0.477
公,엔,18,14884,1084,-0.478
主,나,50,5573,8047,-0.479
而,하여는,61,55740,981,-0.479
安,라하니라,7,5163,1217,-0.48
言,리오,57,14617,3504,-0.482
能,를,60,10262,5257,-0.483
故,라하고,28,12458,2021,-0.483
中,가,65,10651,5488,-0.483
欲,라하여,10,6503,1383,-0.483
乃,하며,45,6861,5902,-0.484
士,라,427,5742,66907,-0.484
用,는,393,6966,50835,-0.486
欲,하나니,8,6503,1109,-0.487
二,러니,65,8670,6767,-0.488
後,요,158,7915,18026,-0.489
有,하사,38,27333,1255,-0.489
中,를,62,10651,5257,-0.489
士,하리니,6,5742,944,-0.49
又,러니,51,6808,6767,-0.49
及,라,477,6449,66907,-0.492
是,하여,930,12444,67662,-0.493
若,하니이다,6,5781,940,-0.493
于,하리니,8,7677,944,-0.494
侯,로,91,5662,14566,-0.494
大,아,85,16158,4769,-0.495
諸,하니라,28,6054,4193,-0.495
書,하라,10,6867,1321,-0.496
國,리라,15,8059,1689,-0.496
自,를,73,12604,5257,-0.497
主,에,208,5573,33893,-0.497
行,가,50,8270,5488,-0.497
中,하나니,13,10651,1109,-0.498
陽,는,296,5290,50835,-0.498
時,아,38,7239,4769,-0.498
五,할새,10,5675,1603,-0.5
世,면,86,5291,14789,-0.5
至,아,58,11075,4769,-0.501
中,하니이다,11,10651,940,-0.501
上,라하니,40,10237,3560,-0.502
當,에,215,5778,33893,-0.502
王,하여는,17,15787,981,-0.502
王,를,91,15787,5257,-0.503
之,호되,269,117623,2085,-0.503
欲,리오,25,6503,3504,-0.503
公,하여는,16,14884,981,-0.504
太,러라,24,6940,3158,-0.505
生,나,45,5109,8047,-0.506
年,로,135,8468,14566,-0.506
年,라하니,33,8468,3560,-0.506
明,라하여,9,5950,1383,-0.507
成,러니,38,5140,6767,-0.509
臣,라,655,8962,66907,-0.509
今,오,26,7896,3014,-0.509
所,엔,25,21112,1084,-0.509
子,라도,61,27498,2033,-0.51
三,가,53,8850,5488,-0.51
者,어늘,354,32807,9884,-0.51
正,하니라,24,5244,4193,-0.51
又,하고,337,6808,45403,-0.512
子,라,2005,27498,66907,-0.512
中,하시니,17,10651,1464,-0.512
書,어늘,74,6867,9884,-0.512
在,하리니,8,7780,944,-0.513
又,하리니,7,6808,944,-0.513
將,엔,11,9320,1084,-0.514
下,하라,24,16718,1321,-0.516
州,하니이다,7,6854,940,-0.517
中,라하여,16,10651,1383,-0.517
夫,하니라,36,7906,4193,-0.517
不,하여,4349,59177,67662,-0.517
其,러니,351,47777,6767,-0.518
明,엔,7,5950,1084,-0.518
二,하고,427,8670,45403,-0.519
又,엔,8,6808,1084,-0.52
道,하시니,13,8195,1464,-0.521
欲,요,127,6503,18026,-0.521
得,라가,24,11263,1969,-0.522
至,호되,25,11075,2085,-0.522
正,니이다,34,5244,5993,-0.523
後,리오,30,7915,3504,-0.523
將,로다,30,9320,2978,-0.524
文,며,11,7036,1447,-0.525
三,하사,12,8850,1255,-0.525
用,이,244,6966,32454,-0.526
所,하여,1542,21112,67662,-0.526
亦,하여,568,7781,67662,-0.527
上,로되,34,10237,3078,-0.527
主,니이다,36,5573,5993,-0.528
一,라하고,25,11484,2021,-0.529
公,가,88,14884,5488,-0.529
大,리오,61,16158,3504,-0.529
侯,하며,36,5662,5902,-0.529
乃,요,133,6861,18026,-0.531
矣,라하여,16,10758,1383,-0.531
後,하니이다,8,7915,940,-0.532
乎,하며,41,6463,5902,-0.532
二,나,75,8670,8047,-0.532
諸,라하여,9,6054,1383,-0.532
侯,면,90,5662,14789,-0.532
主,하면,15,5573,2504,-0.532
人,하라,43,30308,1321,-0.533
今,하리니,8,7896,944,-0.534
乃,이,239,6861,32454,-0.534
王,하리니,16,15787,944,-0.534
人,라가,64,30308,1969,-0.535
至,라하고,24,11075,2021,-0.536
君,하면,29,10804,2504,-0.536
之,어든,182,117623,1444,-0.537
行,는,450,8270,50835,-0.538
亦,하라,11,7781,1321,-0.538
公,는,810,14884,50835,-0.538
亦,어든,12,7781,1444,-0.541
于,가,45,7677,5488,-0.541
言,라하니라,19,14617,1217,-0.541
今,라하니,30,7896,3560,-0.542
侯,로다,18,5662,2978,-0.542
諸,라하니,23,6054,3560,-0.543
其,라하고,103,47777,2021,-0.543
諸,는,328,6054,50835,-0.544
非,하며,45,7155,5902,-0.545
年,러니,61,8468,6767,-0.546
是,하여는,13,12444,981,-0.546
事,리라,22,12239,1689,-0.546
然,라가,21,10020,1969,-0.546
二,엔,10,8670,1084,-0.547
而,라하여,82,55740,1383,-0.547
爲,라도,81,37502,2033,-0.549
後,라하고,17,7915,2021,-0.549
中,라도,23,10651,2033,-0.549
子,나,235,27498,8047,-0.549
也,러라,187,55765,3158,-0.55
時,러니,52,7239,6767,-0.55
皆,한대,49,9513,4853,-0.55
自,하며,79,12604,5902,-0.55
相,리오,27,7271,3504,-0.553
主,라도,12,5573,2033,-0.553
已,하니라,27,6077,4193,-0.553
二,니이다,55,8670,5993,-0.554
於,호되,61,27629,2085,-0.554
若,하여는,6,5781,981,-0.555
子,이,943,27498,32454,-0.557
爲,로다,118,37502,2978,-0.557
國,하니이다,8,8059,940,-0.558
至,하며,69,11075,5902,-0.558
若,요,110,5781,18026,-0.558
見,하라,10,7174,1321,-0.559
上,니라,83,10237,7687,-0.559
人,리라,54,30308,1689,-0.559
州,라하여,10,6854,1383,-0.559
州,를,38,6854,5257,-0.56
時,하니라,32,7239,4193,-0.56
生,러라,17,5109,3158,-0.561
故,를,69,12458,5257,-0.561
道,호되,18,8195,2085,-0.561
十,를,48,8664,5257,-0.561
日,할새,10,5927,1603,-0.562
出,며,10,6562,1447,-0.562
見,에,256,7174,33893,-0.562
十,호되,19,8664,2085,-0.563
後,하라,11,7915,1321,-0.563
言,러니,104,14617,6767,-0.564
自,하여는,13,12604,981,-0.564
與,엔,13,11425,1084,-0.566
心,는,286,5358,50835,-0.566
日,며,9,5927,1447,-0.567
夫,오,25,7906,3014,-0.567
已,하사,8,6077,1255,-0.567
王,로되,51,15787,3078,-0.567
子,하나니,32,27498,1109,-0.567
日,나,50,5927,8047,-0.568
陽,에,188,5290,33893,-0.568
二,하라,12,8670,1321,-0.569
明,어든,9,5950,1444,-0.569
至,요,209,11075,18026,-0.57
見,잇가,7,7174,932,-0.57
州,라,480,6854,66907,-0.57
言,하여는,15,14617,981,-0.571
將,로되,30,9320,3078,-0.572
生,하다,117,5109,21901,-0.572
亦,하며,48,7781,5902,-0.573
書,하사,9,6867,1255,-0.574
與,요,215,11425,18026,-0.574
一,호되,25,11484,2085,-0.574
成,잇가,5,5140,932,-0.575
若,니,109,5781,18067,-0.575
公,아,74,14884,4769,-0.576
生,리라,9,5109,1689,-0.576
年,하니라,37,8468,4193,-0.577
可,를,81,14791,5257,-0.577
侯,를,31,5662,5257,-0.578
將,니,175,9320,18067,-0.581
其,이,1611,47777,32454,-0.581
使,러라,35,10667,3158,-0.581
士,나,48,5742,8047,-0.581
無,를,83,15219,5257,-0.583
者,하니이다,32,32807,940,-0.583
十,라하니,32,8664,3560,-0.583
則,하니,726,17922,39036,-0.583
中,로되,34,10651,3078,-0.584
世,이,178,5291,32454,-0.584
後,하시니,12,7915,1464,-0.586
行,리오,30,8270,3504,-0.586
正,는,276,5244,50835,-0.586
兵,하며,43,7038,5902,-0.586
見,를,39,7174,5257,-0.588
而,하다,1262,55740,21901,-0.588
故,잇가,12,12458,932,-0.589
皆,하며,58,9513,5902,-0.589
中,는,559,10651,50835,-0.59
與,이,383,11425,32454,-0.59
安,를,28,5163,5257,-0.591
成,하라,7,5140,1321,-0.592
今,니,147,7896,18067,-0.593
臣,아,44,8962,4769,-0.594
相,요,135,7271,18026,-0.594
其,어늘,486,47777,9884,-0.595
十,하니,348,8664,39036,-0.595
從,로,84,5608,14566,-0.596
五,가,32,5675,5488,-0.597
此,가,78,13827,5488,-0.597
今,하나니,9,7896,1109,-0.597
我,러니,36,5179,6767,-0.598
夫,하나니,9,7906,1109,-0.599
書,는,358,6867,50835,-0.6
自,엔,14,12604,1084,-0.601
文,한대,35,7036,4853,-0.601
三,한대,44,8850,4853,-0.601
夫,어늘,80,7906,9884,-0.602
至,한대,55,11075,4853,-0.603
亦,오,24,7781,3014,-0.603
必,아,32,6558,4769,-0.603
所,하고,980,21112,45403,-0.604
安,호되,11,5163,2085,-0.605
侯,라하여,8,5662,1383,-0.605
臣,하며,54,8962,5902,-0.606
行,이,274,8270,32454,-0.606
欲,오,20,6503,3014,-0.607
年,호되,18,8468,2085,-0.608
若,를,31,5781,5257,-0.608
故,하니,496,12458,39036,-0.608
主,면,84,5573,14789,-0.609
三,하나니,10,8850,1109,-0.609
若,라,394,5781,66907,-0.61
乎,라하니라,8,6463,1217,-0.612
明,로다,18,5950,2978,-0.614
必,하니,260,6558,39036,-0.614
一,가,64,11484,5488,-0.614
相,엔,8,7271,1084,-0.615
以,를,304,56979,5257,-0.615
國,로,119,8059,14566,-0.617
我,하니라,22,5179,4193,-0.618
又,하다,151,6808,21901,-0.618
安,로,76,5163,14566,-0.621
後,하고,363,7915,45403,-0.622
未,하여는,7,7071,981,-0.623
及,라하여,9,6449,1383,-0.623
臣,라하니라,11,8962,1217,-0.624
將,라하여,13,9320,1383,-0.624
以,와,202,56979,3516,-0.624
王,라,1064,15787,66907,-0.626
五,나,46,5675,8047,-0.626
子,리오,97,27498,3504,-0.627
時,어늘,72,7239,9884,-0.627
後,하사,10,7915,1255,-0.627
夫,나,64,7906,8047,-0.628
出,요,119,6562,18026,-0.628
子,며,40,27498,1447,-0.629
臣,어든,13,8962,1444,-0.63
正,어늘,52,5244,9884,-0.632
之,라하여,163,117623,1383,-0.633
士,니,104,5742,18067,-0.633
公,요,269,14884,18026,-0.633
乎,니,117,6463,18067,-0.633
一,라하니라,14,11484,1217,-0.634
無,라가,30,15219,1969,-0.635
文,면,104,7036,14789,-0.637
十,하고,393,8664,45403,-0.638
使,를,56,10667,5257,-0.638
矣,잇가,10,10758,932,-0.64
時,로,105,7239,14566,-0.642
太,며,10,6940,1447,-0.642
日,라하니,21,5927,3560,-0.643
從,하사,7,5608,1255,-0.644
公,리라,25,14884,1689,-0.644
天,하니라,61,14627,4193,-0.644
爲,를,196,37502,5257,-0.645
使,하리니,10,10667,944,-0.646
生,니라,39,5109,7687,-0.646
出,리라,11,6562,1689,-0.647
上,라가,20,10237,1969,-0.648
當,하고,260,5778,45403,-0.649
二,니라,66,8670,7687,-0.65
今,요,141,7896,18026,-0.65
爲,하면,93,37502,2504,-0.65
能,라가,20,10262,1969,-0.651
軍,에,218,6500,33893,-0.651
所,오,63,21112,3014,-0.651
天,러니,98,14627,6767,-0.651
五,면,83,5675,14789,-0.652
後,한대,38,7915,4853,-0.652
諸,니라,46,6054,7687,-0.653
是,라하여,17,12444,1383,-0.654
安,하여는,5,5163,981,-0.655
使,와,37,10667,3516,-0.656
生,로다,15,5109,2978,-0.657
後,어늘,77,7915,9884,-0.659
十,하여,577,8664,67662,-0.659
當,하니,222,5778,39036,-0.659
之,라가,228,117623,1969,-0.659
陽,면,77,5290,14789,-0.659
主,하니라,23,5573,4193,-0.659
天,호되,30,14627,2085,-0.66
太,로되,21,6940,3078,-0.661
上,에,341,10237,33893,-0.661
天,하라,19,14627,1321,-0.661
我,하며,30,5179,5902,-0.663
欲,하니이다,6,6503,940,-0.663
二,하니이다,8,8670,940,-0.663
與,하여는,11,11425,981,-0.663
然,요,177,10020,18026,-0.666
一,리라,19,11484,1689,-0.666
今,로다,23,7896,2978,-0.668
一,러니,76,11484,6767,-0.668
又,를,35,6808,5257,-0.668
兵,에,233,7038,33893,-0.67
不,를,304,59177,5257,-0.67
相,리라,12,7271,1689,-0.67
四,이,188,5932,32454,-0.671
五,어든,8,5675,1444,-0.671
子,요,484,27498,18026,-0.671
日,라하여,8,5927,1383,-0.671
子,잇가,25,27498,932,-0.672
自,라도,25,12604,2033,-0.672
年,와,29,8468,3516,-0.674
于,로되,23,7677,3078,-0.675
其,호되,97,47777,2085,-0.675
臣,러니,59,8962,6767,-0.676
已,하여,400,6077,67662,-0.676
然,로다,29,10020,2978,-0.677
將,면,134,9320,14789,-0.677
四,러니,39,5932,6767,-0.678
已,라도,12,6077,2033,-0.678
其,는,2358,47777,50835,-0.679
于,하니이다,7,7677,940,-0.68
侯,는,279,5662,50835,-0.681
然,어늘,96,10020,9884,-0.681
於,하다,586,27629,21901,-0.683
安,할새,8,5163,1603,-0.685
及,호되,13,6449,2085,-0.685
正,라하여,7,5244,1383,-0.687
然,며,14,10020,1447,-0.687
十,라도,17,8664,2033,-0.687
事,로,172,12239,14566,-0.688
時,하고,317,7239,45403,-0.688
從,라도,11,5608,2033,-0.688
可,라도,29,14791,2033,-0.689
人,오,88,30308,3014,-0.69
日,로다,17,5927,2978,-0.69
心,어늘,51,5358,9884,-0.691
於,가,146,27629,5488,-0.691
所,하며,120,21112,5902,-0.691
侯,아,26,5662,4769,-0.691
五,하시니,8,5675,1464,-0.691
是,하면,30,12444,2504,-0.691
民,나,53,6852,8047,-0.693
世,하며,30,5291,5902,-0.694
在,가,41,7780,5488,-0.695
得,와,38,11263,3516,-0.696
明,리오,20,5950,3504,-0.696
爲,엔,39,37502,1084,-0.696
一,하며,65,11484,5902,-0.697
此,하여는,13,13827,981,-0.698
下,이,520,16718,32454,-0.698
而,하사,67,55740,1255,-0.699
月,로,101,7248,14566,-0.7
時,어든,10,7239,1444,-0.7
時,라하고,14,7239,2021,-0.7
其,라가,90,47777,1969,-0.7
五,하며,32,5675,5902,-0.702
則,로다,51,17922,2978,-0.702
主,오,16,5573,3014,-0.706
相,라하고,14,7271,2021,-0.706
見,하시니,10,7174,1464,-0.707
日,오,17,5927,3014,-0.708
是,가,65,12444,5488,-0.708
王,잇가,14,15787,932,-0.708
此,어든,19,13827,1444,-0.708
後,이,244,7915,32454,-0.71
也,하라,70,55765,1321,-0.71
下,한대,77,16718,4853,-0.712
大,하나니,17,16158,1109,-0.712
成,로되,15,5140,3078,-0.713
則,어늘,168,17922,9884,-0.713
謂,와,32,9601,3516,-0.713
故,라도,24,12458,2033,-0.714
與,하나니,12,11425,1109,-0.715
其,에,1533,47777,33893,-0.715
于,라,486,7677,66907,-0.716
不,하다,1226,59177,21901,-0.716
當,하시니,8,5778,1464,-0.717
諸,라,383,6054,66907,-0.717
若,하시니,8,5781,1464,-0.718
乎,요,110,6463,18026,-0.719
與,는,548,11425,50835,-0.72
無,하사,18,15219,1255,-0.722
今,라,498,7896,66907,-0.722
若,라하고,11,5781,2021,-0.723
王,호되,31,15787,2085,-0.723
于,라하여,10,7677,1383,-0.723
何,하여는,6,6499,981,-0.724
五,니이다,32,5675,5993,-0.724
以,가,294,56979,5488,-0.725
者,리오,108,32807,3504,-0.726
明,하면,14,5950,2504,-0.726
故,하니이다,11,12458,940,-0.727
亦,하다,160,7781,21901,-0.727
年,라하여,11,8468,1383,-0.727
而,로되,161,55740,3078,-0.728
故,라가,23,12458,1969,-0.729
夫,니라,57,7906,7687,-0.729
書,하며,38,6867,5902,-0.729
侯,오,16,5662,3014,-0.729
三,오,25,8850,3014,-0.73
五,하니이다,5,5675,940,-0.73
者,하면,77,32807,2504,-0.73
中,하면,25,10651,2504,-0.73
侯,하라,7,5662,1321,-0.732
兵,니,119,7038,18067,-0.732
生,하사,6,5109,1255,-0.732
侯,하리니,5,5662,944,-0.733
世,라하고,10,5291,2021,-0.733
公,나,112,14884,8047,-0.733
知,하리니,8,9062,944,-0.733
其,로,651,47777,14566,-0.733
者,하나니,34,32807,1109,-0.734
士,잇가,5,5742,932,-0.734
五,이,172,5675,32454,-0.735
未,라가,13,7071,1969,-0.735
自,로다,35,12604,2978,-0.737
兵,가,36,7038,5488,-0.738
欲,하라,8,6503,1321,-0.739
書,라도,13,6867,2033,-0.739
乃,하면,16,6861,2504,-0.739
州,요,115,6854,18026,-0.74
公,라,927,14884,66907,-0.74
故,하고,526,12458,45403,-0.741
國,할새,12,8059,1603,-0.743
心,오,15,5358,3014,-0.743
士,니라,41,5742,7687,-0.743
州,하리니,6,6854,944,-0.745
又,오,19,6808,3014,-0.747
中,라하니라,12,10651,1217,-0.748
臣,오,25,8962,3014,-0.748
自,가,64,12604,5488,-0.748
子,하리니,24,27498,944,-0.749
得,하다,228,11263,21901,-0.75
此,로,186,13827,14566,-0.751
于,나,57,7677,8047,-0.752
書,나,51,6867,8047,-0.752
書,러라,20,6867,3158,-0.753
主,리오,18,5573,3504,-0.754
十,하면,20,8664,2504,-0.754
書,요,114,6867,18026,-0.755
太,하니이다,6,6940,940,-0.757
者,러니,204,32807,6767,-0.758
上,라하고,19,10237,2021,-0.759
兵,라하니,23,7038,3560,-0.76
然,하여는,9,10020,981,-0.764
主,하여는,5,5573,981,-0.765
太,니이다,38,6940,5993,-0.767
從,와,18,5608,3516,-0.768
上,라도,19,10237,2033,-0.768
上,니이다,56,10237,5993,-0.768
四,면,80,5932,14789,-0.769
事,하사,14,12239,1255,-0.77
公,하사,17,14884,1255,-0.772
中,며,14,10651,1447,-0.775
故,나,91,12458,8047,-0.776
如,가,50,10036,5488,-0.776
也,어늘,500,55765,9884,-0.777
則,로되,50,17922,3078,-0.778
侯,에,174,5662,33893,-0.778
將,나,68,9320,8047,-0.778
至,가,55,11075,5488,-0.78
者,하리니,28,32807,944,-0.782
相,라하니라,8,7271,1217,-0.782
今,하여는,7,7896,981,-0.782
二,한대,38,8670,4853,-0.783
兵,라,425,7038,66907,-0.784
一,하사,13,11484,1255,-0.785
不,가,293,59177,5488,-0.785
不,하사,67,59177,1255,-0.785
道,로다,22,8195,2978,-0.786
我,로,68,5179,14566,-0.786
從,요,91,5608,18026,-0.788
侯,나,41,5662,8047,-0.789
陽,를,25,5290,5257,-0.79
至,오,30,11075,3014,-0.79
然,어든,13,10020,1444,-0.791
中,하사,12,10651,1255,-0.792
于,라도,14,7677,2033,-0.793
之,할새,169,117623,1603,-0.794
若,하니,202,5781,39036,-0.796
是,는,566,12444,50835,-0.797
士,에,174,5742,33893,-0.798
者,하며,173,32807,5902,-0.799
安,엔,5,5163,1084,-0.799
至,를,52,11075,5257,-0.799
又,에,206,6808,33893,-0.8
二,이,251,8670,32454,-0.801
臣,리오,28,8962,3504,-0.802
明,하라,7,5950,1321,-0.803
道,오,22,8195,3014,-0.803
五,라하니,18,5675,3560,-0.803
王,니,254,15787,18067,-0.804
二,하다,169,8670,21901,-0.804
已,하나니,6,6077,1109,-0.804
用,가,34,6966,5488,-0.805
是,나,89,12444,8047,-0.806
未,를,33,7071,5257,-0.808
用,한대,30,6966,4853,-0.809
民,아,29,6852,4769,-0.809
四,어늘,52,5932,9884,-0.809
二,어늘,76,8670,9884,-0.81
是,어늘,109,12444,9884,-0.811
也,잇가,46,55765,932,-0.812
後,는,356,7915,50835,-0.813
然,러니,60,10020,6767,-0.813
一,는,516,11484,50835,-0.814
言,엔,14,14617,1084,-0.815
一,엔,11,11484,1084,-0.815
士,면,75,5742,14789,-0.815
得,오,30,11263,3014,-0.815
中,로다,28,10651,2978,-0.816
在,할새,11,7780,1603,-0.817
一,라하여,14,11484,1383,-0.818
時,하니이다,6,7239,940,-0.818
明,아,25,5950,4769,-0.819
使,라하여,13,10667,1383,-0.819
安,로되,14,5163,3078,-0.819
諸,리라,9,6054,1689,-0.82
謂,나,68,9601,8047,-0.82
時,하사,8,7239,1255,-0.82
道,한대,35,8195,4853,-0.821
十,어든,11,8664,1444,-0.822
矣,러니,64,10758,6767,-0.822
乎,면,84,6463,14789,-0.823
使,니라,72,10667,7687,-0.824
故,가,60,12458,5488,-0.825
安,하니라,19,5163,4193,-0.825
當,러라,16,5778,3158,-0.826
太,라,407,6940,66907,-0.826
相,하사,8,7271,1255,-0.826
成,는,229,5140,50835,-0.827
者,하니,1122,32807,39036,-0.827
王,며,20,15787,1447,-0.828
今,며,10,7896,1447,-0.829
所,하시니,27,21112,1464,-0.831
而,와,171,55740,3516,-0.833
已,하리니,5,6077,944,-0.835
後,하다,151,7915,21901,-0.835
正,리오,16,5244,3504,-0.836
月,하나니,7,7248,1109,-0.836
所,하니라,77,21112,4193,-0.837
已,로,77,6077,14566,-0.837
明,러니,35,5950,6767,-0.838
是,하나니,12,12444,1109,-0.838
人,에,893,30308,33893,-0.838
正,이,148,5244,32454,-0.838
出,리오,20,6562,3504,-0.838
然,라하니,31,10020,3560,-0.839
主,며,7,5573,1447,-0.84
人,하사,33,30308,1255,-0.841
若,로,73,5781,14566,-0.842
十,니이다,45,8664,5993,-0.843
知,는,399,9062,50835,-0.844
公,잇가,12,14884,932,-0.845
及,하사,7,6449,1255,-0.846
如,라하여,12,10036,1383,-0.846
文,아,29,7036,4769,-0.847
大,잇가,13,16158,932,-0.848
一,하나니,11,11484,1109,-0.848
言,하나니,14,14617,1109,-0.848
未,하여,413,7071,67662,-0.848
然,하며,51,10020,5902,-0.85
王,하니라,57,15787,4193,-0.852
出,가,31,6562,5488,-0.853
三,어든,11,8850,1444,-0.853
使,하여는,9,10667,981,-0.854
日,하여는,5,5927,981,-0.854
五,러니,33,5675,6767,-0.855
下,할새,23,16718,1603,-0.857
後,하면,17,7915,2504,-0.858
臣,니라,59,8962,7687,-0.86
可,러라,40,14791,3158,-0.86
二,하리니,7,8670,944,-0.862
夫,하니,264,7906,39036,-0.862
已,하면,13,6077,2504,-0.863
上,가,48,10237,5488,-0.863
以,할새,78,56979,1603,-0.864
故,하다,233,12458,21901,-0.864
十,라하니라,9,8664,1217,-0.865
天,할새,20,14627,1603,-0.866
有,에,790,27333,33893,-0.866
所,이,584,21112,32454,-0.867
將,니라,61,9320,7687,-0.868
得,호되,20,11263,2085,-0.868
於,로다,70,27629,2978,-0.869
自,잇가,10,12604,932,-0.869
諸,니,93,6054,18067,-0.87
侯,니,87,5662,18067,-0.87
時,하시니,9,7239,1464,-0.872
無,엔,14,15219,1084,-0.873
亦,라가,13,7781,1969,-0.873
諸,리오,18,6054,3504,-0.873
則,라하여,21,17922,1383,-0.875
兵,하니라,25,7038,4193,-0.876
君,라가,18,10804,1969,-0.877
三,할새,12,8850,1603,-0.878
生,호되,9,5109,2085,-0.879
如,하리니,8,10036,944,-0.88
臣,하라,10,8962,1321,-0.88
夫,니이다,40,7906,5993,-0.881
于,니,117,7677,18067,-0.882
知,하니라,32,9062,4193,-0.884
使,며,13,10667,1447,-0.884
五,하사,6,5675,1255,-0.884
國,하면,17,8059,2504,-0.884
三,하니이다,7,8850,940,-0.885
成,로,63,5140,14566,-0.885
二,오,22,8670,3014,-0.885
諸,하여는,5,6054,981,-0.885
一,라가,19,11484,1969,-0.887
欲,가,30,6503,5488,-0.887
於,오,70,27629,3014,-0.887
所,러니,120,21112,6767,-0.888
者,에,934,32807,33893,-0.888
四,오,15,5932,3014,-0.89
諸,러라,16,6054,3158,-0.893
文,하다,129,7036,21901,-0.893
日,는,252,5927,50835,-0.894
於,러라,73,27629,3158,-0.894
時,하라,8,7239,1321,-0.894
者,하니라,115,32807,4193,-0.895
兵,는,299,7038,50835,-0.895
上,러라,27,10237,3158,-0.896
使,니,161,10667,18067,-0.896
乎,하고,245,6463,45403,-0.897
王,하면,33,15787,2504,-0.897
不,는,2505,59177,50835,-0.9
相,에,205,7271,33893,-0.902
其,하다,870,47777,21901,-0.903
能,와,30,10262,3516,-0.903
明,한대,24,5950,4853,-0.903
然,이,270,10020,32454,-0.905
二,호되,15,8670,2085,-0.905
我,잇가,4,5179,932,-0.907
乃,와,20,6861,3516,-0.907
從,는,236,5608,50835,-0.909
如,엔,9,10036,1084,-0.91
不,하여는,48,59177,981,-0.911
書,라,379,6867,66907,-0.914
如,러니,56,10036,6767,-0.915
三,니라,56,8850,7687,-0.917
使,이,285,10667,32454,-0.917
正,오,13,5244,3014,-0.918
十,하다,156,8664,21901,-0.919
及,하라,7,6449,1321,-0.92
有,하여는,22,27333,981,-0.922
君,한대,43,10804,4853,-0.922
兵,요,104,7038,18026,-0.923
謂,라도,16,9601,2033,-0.923
當,가,26,5778,5488,-0.923
又,하사,7,6808,1255,-0.924
用,로다,17,6966,2978,-0.924
得,엔,10,11263,1084,-0.924
若,리라,8,5781,1689,-0.924
太,는,289,6940,50835,-0.924
故,러니,69,12458,6767,-0.925
國,한대,32,8059,4853,-0.926
兵,라하니라,7,7038,1217,-0.927
年,며,10,8468,1447,-0.929
見,이,190,7174,32454,-0.93
者,라하고,54,32807,2021,-0.932
中,니이다,52,10651,5993,-0.932
後,잇가,6,7915,932,-0.934
大,에,445,16158,33893,-0.936
十,면,104,8664,14789,-0.937
以,하사,58,56979,1255,-0.938
道,러라,21,8195,3158,-0.938
將,라,506,9320,66907,-0.938
公,니,218,14884,18067,-0.939
一,오,28,11484,3014,-0.942
使,라,577,10667,66907,-0.943
年,를,36,8468,5257,-0.943
乃,어든,8,6861,1444,-0.945
得,하라,12,11263,1321,-0.946
欲,하니라,22,6503,4193,-0.946
用,할새,9,6966,1603,-0.947
侯,라,305,5662,66907,-0.949
臣,하나니,8,8962,1109,-0.949
王,요,229,15787,18026,-0.95
乎,로되,16,6463,3078,-0.951
故,하여,677,12458,67662,-0.953
此,하여,751,13827,67662,-0.953
上,라하니라,10,10237,1217,-0.953
則,하라,19,17922,1321,-0.954
陽,하리니,4,5290,944,-0.956
諸,나,39,6054,8047,-0.957
大,오,39,16158,3014,-0.957
則,하시니,21,17922,1464,-0.958
所,로,246,21112,14566,-0.958
軍,로되,16,6500,3078,-0.959
用,하다,122,6966,21901,-0.959
出,아,25,6562,4769,-0.96
主,라하고,9,5573,2021,-0.96
君,호되,18,10804,2085,-0.96
道,에,222,8195,33893,-0.96
而,한대,216,55740,4853,-0.961
四,리라,8,5932,1689,-0.961
如,는,407,10036,50835,-0.962
能,는,416,10262,50835,-0.963
能,로,119,10262,14566,-0.965
書,하시니,8,6867,1464,-0.966
事,로다,29,12239,2978,-0.966
而,로다,132,55740,2978,-0.967
用,어든,8,6966,1444,-0.967
安,나,33,5163,8047,-0.969
從,라하고,9,5608,2021,-0.969
公,라도,24,14884,2033,-0.971
將,라도,15,9320,2033,-0.973
者,나,209,32807,8047,-0.973
國,하사,8,8059,1255,-0.975
是,라도,20,12444,2033,-0.975
軍,면,76,6500,14789,-0.975
當,를,24,5778,5257,-0.976
主,아,21,5573,4769,-0.976
王,어든,18,15787,1444,-0.977
非,가,31,7155,5488,-0.977
上,하다,177,10237,21901,-0.977
用,로,80,6966,14566,-0.979
謂,하라,10,9601,1321,-0.979
十,하시니,10,8664,1464,-0.979
知,하여는,7,9062,981,-0.981
而,하라,58,55740,1321,-0.981
兵,어든,8,7038,1444,-0.982
公,하니이다,11,14884,940,-0.983
在,는,311,7780,50835,-0.983
國,러라,20,8059,3158,-0.984
使,요,151,10667,18026,-0.985
士,하나니,5,5742,1109,-0.985
無,와,42,15219,3516,-0.986
王,아,59,15787,4769,-0.988
已,를,25,6077,5257,-0.99
三,라하고,14,8850,2021,-0.99
軍,하며,30,6500,5902,-0.991
侯,라도,9,5662,2033,-0.991
中,하라,11,10651,1321,-0.991
安,는,205,5163,50835,-0.993
及,니,91,6449,18067,-0.993
將,요,131,9320,18026,-0.995
然,하다,171,10020,21901,-0.996
是,어든,14,12444,1444,-0.996
無,가,65,15219,5488,-0.998
中,리라,14,10651,1689,-0.998
于,와,21,7677,3516,-0.998
四,엔,5,5932,1084,-0.999
也,라하여,60,55765,1383,-0.999
成,오,12,5140,3014,-1.005
書,하니이다,5,6867,940,-1.005
我,하고,182,5179,45403,-1.006
我,니이다,24,5179,5993,-1.007
從,라하여,6,5608,1383,-1.007
必,러라,16,6558,3158,-1.009
今,라가,12,7896,1969,-1.01
見,엔,6,7174,1084,-1.01
年,니,118,8468,18067,-1.011
三,하라,9,8850,1321,-1.014
將,하사,9,9320,1255,-1.014
是,하니이다,9,12444,940,-1.014
年,리라,11,8468,1689,-1.015
正,로다,12,5244,2978,-1.016
陽,하며,24,5290,5902,-1.016
月,하다,122,7248,21901,-1.016
我,와,14,5179,3516,-1.016
明,라가,9,5950,1969,-1.017
在,와,21,7780,3516,-1.018
與,하사,11,11425,1255,-1.019
若,러라,14,5781,3158,-1.019
日,하라,6,5927,1321,-1.02
然,호되,16,10020,2085,-1.021
而,호되,89,55740,2085,-1.021
此,하리니,10,13827,944,-1.021
四,하라,6,5932,1321,-1.021
皆,로,106,9513,14566,-1.023
上,나,63,10237,8047,-1.023
謂,이,238,9601,32454,-1.025
月,엔,6,7248,1084,-1.025
非,하시니,8,7155,1464,-1.025
公,면,168,14884,14789,-1.026
君,러라,26,10804,3158,-1.028
王,면,178,15787,14789,-1.028
當,하며,26,5778,5902,-1.028
二,라가,13,8670,1969,-1.029
州,는,265,6854,50835,-1.031
使,하나니,9,10667,1109,-1.031
相,며,8,7271,1447,-1.032
王,엔,13,15787,1084,-1.033
曰,니,364,26519,18067,-1.033
十,어늘,65,8664,9884,-1.034
軍,라하니라,6,6500,1217,-1.035
爲,와,100,37502,3516,-1.035
未,잇가,5,7071,932,-1.035
州,로되,16,6854,3078,-1.035
侯,잇가,4,5662,932,-1.036
二,라하니라,8,8670,1217,-1.036
乃,로되,16,6861,3078,-1.037
明,하나니,5,5950,1109,-1.037
相,는,280,7271,50835,-1.037
月,하니라,23,7248,4193,-1.038
者,하고,1126,32807,45403,-1.04
當,할새,7,5778,1603,-1.04
必,어늘,49,6558,9884,-1.04
非,하나니,6,7155,1109,-1.04
故,라하여,13,12458,1383,-1.043
年,하니이다,6,8468,940,-1.044
知,하시니,10,9062,1464,-1.044
故,와,33,12458,3516,-1.045
世,하사,5,5291,1255,-1.046
世,오,12,5291,3014,-1.047
以,하여는,42,56979,981,-1.049
者,로,359,32807,14566,-1.049
公,하면,28,14884,2504,-1.049
世,하다,87,5291,21901,-1.05
若,라하여,6,5781,1383,-1.05
時,리오,19,7239,3504,-1.053
者,라하여,34,32807,1383,-1.053
于,면,85,7677,14789,-1.054
一,이,279,11484,32454,-1.054
年,나,51,8468,8047,-1.054
及,요,87,6449,18026,-1.054
乎,와,17,6463,3516,-1.055
中,아,38,10651,4769,-1.055
能,호되,16,10262,2085,-1.056
及,아,23,6449,4769,-1.056
夫,러니,40,7906,6767,-1.056
將,러라,22,9320,3158,-1.056
使,하사,10,10667,1255,-1.057
當,호되,9,5778,2085,-1.057
言,에,370,14617,33893,-1.057
使,오,24,10667,3014,-1.058
正,한대,19,5244,4853,-1.058
以,는,2159,56979,50835,-1.06
侯,요,76,5662,18026,-1.062
道,이,198,8195,32454,-1.062
者,라가,48,32807,1969,-1.065
日,아,21,5927,4769,-1.065
已,에,153,6077,33893,-1.065
上,며,11,10237,1447,-1.066
若,러니,29,5781,6767,-1.068
是,엔,10,12444,1084,-1.068
然,라하고,15,10020,2021,-1.069
王,나,94,15787,8047,-1.071
相,잇가,5,7271,932,-1.075
臣,라가,13,8962,1969,-1.077
當,하니이다,4,5778,940,-1.078
年,어든,9,8468,1444,-1.078
二,하사,8,8670,1255,-1.08
是,를,48,12444,5257,-1.083
時,오,16,7239,3014,-1.084
四,하다,95,5932,21901,-1.088
若,이,137,5781,32454,-1.09
必,하사,6,6558,1255,-1.092
于,니라,43,7677,7687,-1.093
軍,리라,8,6500,1689,-1.093
三,하며,38,8850,5902,-1.095
與,어든,12,11425,1444,-1.096
也,아,193,55765,4769,-1.099
今,니라,44,7896,7687,-1.1
明,오,13,5950,3014,-1.1
世,호되,8,5291,2085,-1.1
皆,면,102,9513,14789,-1.1
日,잇가,4,5927,932,-1.102
四,잇가,4,5932,932,-1.103
王,로다,34,15787,2978,-1.104
我,할새,6,5179,1603,-1.105
今,리오,20,7896,3504,-1.105
可,하니,417,14791,39036,-1.106
州,라하고,10,6854,2021,-1.106
然,라하여,10,10020,1383,-1.107
人,할새,35,30308,1603,-1.109
安,에,126,5163,33893,-1.11
言,와,37,14617,3516,-1.11
王,하라,15,15787,1321,-1.112
如,한대,35,10036,4853,-1.113
四,하니이다,4,5932,940,-1.116
年,하니,237,8468,39036,-1.116
爲,는,1366,37502,50835,-1.117
出,로다,14,6562,2978,-1.117
王,라도,23,15787,2033,-1.117
亦,하사,7,7781,1255,-1.117
五,라가,8,5675,1969,-1.118
自,이,293,12604,32454,-1.118
陽,하라,5,5290,1321,-1.119
世,하라,5,5291,1321,-1.12
與,에,277,11425,33893,-1.12
而,이,1293,55740,32454,-1.121
十,이,201,8664,32454,-1.121
公,오,32,14884,3014,-1.124
後,오,17,7915,3014,-1.125
又,어든,7,6808,1444,-1.126
此,하라,13,13827,1321,-1.127
年,면,89,8468,14789,-1.129
者,와,82,32807,3516,-1.129
年,니이다,36,8468,5993,-1.132
後,나,45,7915,8047,-1.137
書,어든,7,6867,1444,-1.139
軍,라,307,6500,66907,-1.139
書,며,7,6867,1447,-1.142
當,라가,8,5778,1969,-1.144
此,에,329,13827,33893,-1.147
王,니라,85,15787,7687,-1.15
亦,하고,247,7781,45403,-1.153
必,러니,31,6558,6767,-1.154
中,하리니,7,10651,944,-1.159
正,가,20,5244,5488,-1.161
四,한대,20,5932,4853,-1.162
下,오,35,16718,3014,-1.162
臣,며,9,8962,1447,-1.163
皆,라가,13,9513,1969,-1.163
是,하니,337,12444,39036,-1.164
又,이,153,6808,32454,-1.166
有,하라,25,27333,1321,-1.167
其,할새,53,47777,1603,-1.167
欲,이,146,6503,32454,-1.168
子,하며,112,27498,5902,-1.171
公,니라,79,14884,7687,-1.171
五,한대,19,5675,4853,-1.172
時,할새,8,7239,1603,-1.173
未,로,71,7071,14566,-1.173
文,리오,17,7036,3504,-1.173
王,니이다,65,15787,5993,-1.178
欲,는,227,6503,50835,-1.179
有,한대,91,27333,4853,-1.18
言,로,146,14617,14566,-1.181
明,하여는,4,5950,981,-1.182
乎,라도,9,6463,2033,-1.182
二,라하고,12,8670,2021,-1.182
于,에,178,7677,33893,-1.184
子,하면,47,27498,2504,-1.187
所,하라,19,21112,1321,-1.19
以,엔,42,56979,1084,-1.193
此,라하여,13,13827,1383,-1.193
相,로,72,7271,14566,-1.193
有,오,56,27333,3014,-1.193
有,는,944,27333,50835,-1.194
所,하사,18,21112,1255,-1.194
年,라하니라,7,8468,1217,-1.194
故,면,125,12458,14789,-1.196
五,어늘,38,5675,9884,-1.198
及,할새,7,6449,1603,-1.199
皆,잇가,6,9513,932,-1.2
未,하사,6,7071,1255,-1.201
今,리라,9,7896,1689,-1.204
夫,리라,9,7906,1689,-1.205
將,를,33,9320,5257,-1.206
明,가,22,5950,5488,-1.206
皆,라도,13,9513,2033,-1.209
知,하다,133,9062,21901,-1.214
使,로되,22,10667,3078,-1.214
諸,요,73,6054,18026,-1.216
主,하며,22,5573,5902,-1.217
可,하고,449,14791,45403,-1.217
至,로다,22,11075,2978,-1.22
四,라하고,8,5932,2021,-1.22
安,라도,7,5163,2033,-1.221
民,하다,100,6852,21901,-1.222
見,하사,6,7174,1255,-1.222
乃,라가,9,6861,1969,-1.222
我,에,117,5179,33893,-1.222
所,에,476,21112,33893,-1.224
兵,니라,36,7038,7687,-1.224
能,하시니,10,10262,1464,-1.224
則,는,606,17922,50835,-1.225
何,호되,9,6499,2085,-1.227
矣,리오,25,10758,3504,-1.229
道,하다,119,8195,21901,-1.229
主,엔,4,5573,1084,-1.231
民,한대,22,6852,4853,-1.232
矣,라가,14,10758,1969,-1.234
日,한대,19,5927,4853,-1.235
我,이,111,5179,32454,-1.235
言,라가,19,14617,1969,-1.235
曰,이,567,26519,32454,-1.238
月,라하니,17,7248,3560,-1.238
二,로다,17,8670,2978,-1.239
不,와,137,59177,3516,-1.239
年,하사,7,8468,1255,-1.239
故,하시니,12,12458,1464,-1.24
乃,하나니,5,6861,1109,-1.242
乎,하리니,4,6463,944,-1.245
兵,엔,5,7038,1084,-1.246
陽,라하고,7,5290,2021,-1.247
乎,나,34,6463,8047,-1.249
諸,라하고,8,6054,2021,-1.249
可,하며,57,14791,5902,-1.251
然,와,23,10020,3516,-1.251
使,나,56,10667,8047,-1.252
十,가,31,8664,5488,-1.253
得,로,107,11263,14566,-1.253
在,러라,16,7780,3158,-1.255
有,라가,35,27333,1969,-1.257
是,하고,367,12444,45403,-1.259
而,나,291,55740,8047,-1.261
者,하여,1439,32807,67662,-1.262
正,러니,23,5244,6767,-1.262
出,이,138,6562,32454,-1.262
於,는,909,27629,50835,-1.264
皆,하시니,9,9513,1464,-1.266
州,니,80,6854,18067,-1.267
文,하라,6,7036,1321,-1.268
日,가,21,5927,5488,-1.268
書,니라,34,6867,7687,-1.271
及,며,6,6449,1447,-1.273
州,하며,26,6854,5902,-1.274
將,하면,15,9320,2504,-1.274
見,하다,101,7174,21901,-1.274
軍,니이다,25,6500,5993,-1.276
故,이,259,12458,32454,-1.279
正,호되,7,5244,2085,-1.28
夫,라하여,7,7906,1383,-1.28
故,에,270,12458,33893,-1.281
二,어든,8,8670,1444,-1.282
能,가,36,10262,5488,-1.282
相,오,14,7271,3014,-1.283
民,할새,7,6852,1603,-1.286
欲,리라,7,6503,1689,-1.286
爲,하사,30,37502,1255,-1.286
又,요,78,6808,18026,-1.29
五,하나니,4,5675,1109,-1.29
侯,하면,9,5662,2504,-1.292
乎,하시니,6,6463,1464,-1.293
何,로,60,6499,14566,-1.294
太,하면,11,6940,2504,-1.296
爲,할새,38,37502,1603,-1.298
欲,라하니라,5,6503,1217,-1.299
人,하니이다,18,30308,940,-1.299
主,는,179,5573,50835,-1.299
月,하며,27,7248,5902,-1.3
已,호되,8,6077,2085,-1.3
謂,러니,41,9601,6767,-1.3
主,니라,27,5573,7687,-1.302
得,는,361,11263,50835,-1.302
生,잇가,3,5109,932,-1.303
明,하다,82,5950,21901,-1.305
上,잇가,6,10237,932,-1.305
乃,오,13,6861,3014,-1.306
書,오,13,6867,3014,-1.307
月,와,16,7248,3516,-1.308
太,나,35,6940,8047,-1.31
所,라가,26,21112,1969,-1.313
天,라가,18,14627,1969,-1.314
日,이,120,5927,32454,-1.317
若,하나니,4,5781,1109,-1.317
世,한대,16,5291,4853,-1.319
可,러니,62,14791,6767,-1.327
知,할새,9,9062,1603,-1.327
士,리라,6,5742,1689,-1.329
必,하니라,17,6558,4193,-1.33
至,는,348,11075,50835,-1.33
太,잇가,4,6940,932,-1.33
乎,하면,10,6463,2504,-1.331
當,로,52,5778,14566,-1.331
州,나,34,6854,8047,-1.334
使,라하니라,8,10667,1217,-1.335
州,라하니,15,6854,3560,-1.338
得,가,38,11263,5488,-1.338
將,하니라,24,9320,4193,-1.34
可,하니라,38,14791,4193,-1.343
故,하며,45,12458,5902,-1.345
故,어든,11,12458,1444,-1.346
必,가,22,6558,5488,-1.346
而,로,496,55740,14566,-1.347
書,아,20,6867,4769,-1.348
生,할새,5,5109,1603,-1.348
文,잇가,4,7036,932,-1.349
五,라하고,7,5675,2021,-1.349
故,며,11,12458,1447,-1.349
自,와,27,12604,3516,-1.351
王,오,29,15787,3014,-1.351
年,하여,349,8468,67662,-1.352
下,하다,223,16718,21901,-1.352
自,는,390,12604,50835,-1.353
君,하다,144,10804,21901,-1.353
今,호되,10,7896,2085,-1.356
五,라도,7,5675,2033,-1.357
州,어든,6,6854,1444,-1.358
後,호되,10,7915,2085,-1.359
不,한대,174,59177,4853,-1.359
知,이,178,9062,32454,-1.361
軍,는,200,6500,50835,-1.361
于,는,236,7677,50835,-1.362
又,러라,13,6808,3158,-1.362
侯,리오,12,5662,3504,-1.362
見,라하여,6,7174,1383,-1.362
者,로다,59,32807,2978,-1.364
未,와,15,7071,3516,-1.365
月,를,23,7248,5257,-1.365
太,를,22,6940,5257,-1.366
無,하여는,9,15219,981,-1.367
成,가,17,5140,5488,-1.367
下,로다,30,16718,2978,-1.367
用,에,142,6966,33893,-1.37
子,니이다,99,27498,5993,-1.371
則,러라,34,17922,3158,-1.372
可,하시니,13,14791,1464,-1.372
十,니라,40,8664,7687,-1.372
非,하고,195,7155,45403,-1.373
矣,엔,7,10758,1084,-1.373
民,에,139,6852,33893,-1.377
陽,러라,10,5290,3158,-1.377
見,는,218,7174,50835,-1.379
五,니라,26,5675,7687,-1.383
是,하리니,7,12444,944,-1.383
若,어늘,34,5781,9884,-1.385
時,는,219,7239,50835,-1.385
州,하여는,4,6854,981,-1.386
使,에,215,10667,33893,-1.386
及,는,195,6449,50835,-1.386
將,며,8,9320,1447,-1.39
民,라가,8,6852,1969,-1.39
乎,가,21,6463,5488,-1.392
太,라하니라,5,6940,1217,-1.393
公,하며,52,14884,5902,-1.393
無,는,457,15219,50835,-1.396
我,하여는,3,5179,981,-1.396
而,에,1114,55740,33893,-1.398
主,라하니라,4,5573,1217,-1.398
年,할새,8,8468,1603,-1.399
十,나,41,8664,8047,-1.402
二,하여는,5,8670,981,-1.403
也,나,263,55765,8047,-1.407
時,하리니,4,7239,944,-1.409
年,하고,225,8468,45403,-1.409
文,러라,13,7036,3158,-1.41
出,는,195,6562,50835,-1.411
州,니이다,24,6854,5993,-1.412
二,라하니,18,8670,3560,-1.414
乎,하니,147,6463,39036,-1.416
兵,하시니,6,7038,1464,-1.416
州,하면,10,6854,2504,-1.416
正,라가,6,5244,1969,-1.419
當,이,109,5778,32454,-1.419
若,로다,10,5781,2978,-1.42
在,하나니,5,7780,1109,-1.423
則,어든,15,17922,1444,-1.423
此,이,260,13827,32454,-1.424
可,가,47,14791,5488,-1.425
將,는,274,9320,50835,-1.426
則,하사,13,17922,1255,-1.427
士,오,10,5742,3014,-1.428
謂,어든,8,9601,1444,-1.43
侯,니라,25,5662,7687,-1.436
年,어늘,48,8468,9884,-1.438
有,엔,17,27333,1084,-1.438
曰,며,22,26519,1447,-1.439
文,로다,12,7036,2978,-1.44
主,하니이다,3,5573,940,-1.441
三,라하여,7,8850,1383,-1.442
是,와,25,12444,3516,-1.444
書,면,58,6867,14789,-1.444
是,라가,14,12444,1969,-1.444
軍,리오,13,6500,3504,-1.445
已,가,19,6077,5488,-1.448
公,하리니,8,14884,944,-1.449
何,와,13,6499,3516,-1.45
不,로,490,59177,14566,-1.451
知,한대,25,9062,4853,-1.451
三,아,24,8850,4769,-1.451
然,로,83,10020,14566,-1.451
所,호되,25,21112,2085,-1.452
兵,리오,14,7038,3504,-1.453
非,라가,8,7155,1969,-1.453
欲,엔,4,6503,1084,-1.454
無,호되,18,15219,2085,-1.454
使,로다,18,10667,2978,-1.456
矣,아,29,10758,4769,-1.459
臣,러라,16,8962,3158,-1.459
月,니,74,7248,18067,-1.46
亦,로,64,7781,14566,-1.461
天,러라,26,14627,3158,-1.465
矣,면,89,10758,14789,-1.474
侯,러라,10,5662,3158,-1.475
則,하니라,42,17922,4193,-1.476
至,로,90,11075,14566,-1.478
可,와,29,14791,3516,-1.479
已,하며,20,6077,5902,-1.479
行,로,67,8270,14566,-1.483
公,리오,29,14884,3504,-1.483
出,오,11,6562,3014,-1.483
軍,나,29,6500,8047,-1.487
道,하라,6,8195,1321,-1.488
十,하사,6,8664,1255,-1.494
無,로,122,15219,14566,-1.498
月,하사,5,7248,1255,-1.5
可,라가,16,14791,1969,-1.5
而,할새,49,55740,1603,-1.503
也,에,1036,55765,33893,-1.504
故,로되,21,12458,3078,-1.505
也,하니라,128,55765,4193,-1.506
是,하다,149,12444,21901,-1.507
如,에,186,10036,33893,-1.507
二,리라,8,8670,1689,-1.509
至,이,196,11075,32454,-1.511
是,하며,40,12444,5902,-1.513
天,오,24,14627,3014,-1.514
乎,하여,238,6463,67662,-1.514
能,하사,7,10262,1255,-1.516
乎,니이다,21,6463,5993,-1.519
王,러라,27,15787,3158,-1.521
爲,이,658,37502,32454,-1.524
月,라,262,7248,66907,-1.525
書,니,67,6867,18067,-1.525
侯,하여는,3,5662,981,-1.525
于,리라,7,7677,1689,-1.526
爲,에,686,37502,33893,-1.526
夫,하니이다,4,7906,940,-1.53
州,엔,4,6854,1084,-1.53
書,엔,4,6867,1084,-1.532
安,어든,4,5163,1444,-1.535
使,리오,20,10667,3504,-1.538
五,하라,4,5675,1321,-1.543
君,러니,39,10804,6767,-1.543
軍,어든,5,6500,1444,-1.545
士,하여는,3,5742,981,-1.545
上,아,26,10237,4769,-1.545
明,러라,10,5950,3158,-1.546
太,엔,4,6940,1084,-1.548
從,에,101,5608,33893,-1.548
必,에,118,6558,33893,-1.55
可,하여,530,14791,67662,-1.553
子,러라,46,27498,3158,-1.553
在,한대,20,7780,4853,-1.553
又,하나니,4,6808,1109,-1.553
又,나,29,6808,8047,-1.554
在,로,60,7780,14566,-1.554
正,엔,3,5244,1084,-1.558
謂,러라,16,9601,3158,-1.559
當,는,155,5778,50835,-1.559
王,하며,49,15787,5902,-1.563
五,오,9,5675,3014,-1.563
欲,와,12,6503,3516,-1.566
又,로되,11,6808,3078,-1.566
皆,할새,8,9513,1603,-1.567
王,리오,29,15787,3504,-1.568
若,하라,4,5781,1321,-1.569
非,하여,253,7155,67662,-1.573
必,를,18,6558,5257,-1.574
天,한대,37,14627,4853,-1.576
夫,러라,13,7906,3158,-1.578
中,어든,8,10651,1444,-1.579
此,하사,9,13827,1255,-1.583
使,엔,6,10667,1084,-1.583
心,에,94,5358,33893,-1.586
陽,하시니,4,5290,1464,-1.589
及,오,10,6449,3014,-1.595
四,라가,6,5932,1969,-1.597
曰,라,911,26519,66907,-1.598
月,요,67,7248,18026,-1.6
亦,와,14,7781,3516,-1.603
不,하라,40,59177,1321,-1.603
我,하다,58,5179,21901,-1.604
中,라하고,11,10651,2021,-1.605
時,로다,11,7239,2978,-1.607
十,하며,26,8664,5902,-1.612
相,로다,11,7271,2978,-1.613
必,는,169,6558,50835,-1.616
又,라도,7,6808,2033,-1.62
何,라하니라,4,6499,1217,-1.62
夫,하면,10,7906,2504,-1.622
四,니라,23,5932,7687,-1.624
乃,며,5,6861,1447,-1.626
太,니,63,6940,18067,-1.629
州,라도,7,6854,2033,-1.63
何,니라,25,6499,7687,-1.635
若,에,98,5781,33893,-1.636
知,로,66,9062,14566,-1.636
者,하시니,24,32807,1464,-1.637
十,한대,21,8664,4853,-1.638
月,하니,141,7248,39036,-1.641
已,하라,4,6077,1321,-1.641
文,니이다,21,7036,5993,-1.642
見,로,52,7174,14566,-1.643
一,로다,17,11484,2978,-1.645
此,하고,312,13827,45403,-1.645
太,라도,7,6940,2033,-1.647
諸,니이다,18,6054,5993,-1.648
也,하니이다,26,55765,940,-1.648
得,하사,7,11263,1255,-1.65
四,아,14,5932,4769,-1.651
從,엔,3,5608,1084,-1.655
矣,하라,7,10758,1321,-1.658
上,로다,15,10237,2978,-1.659
于,아,18,7677,4769,-1.661
我,라가,5,5179,1969,-1.665
是,이,198,12444,32454,-1.665
月,리라,6,7248,1689,-1.665
已,는,151,6077,50835,-1.669
侯,며,4,5662,1447,-1.671
四,라하여,4,5932,1383,-1.673
是,하라,8,12444,1321,-1.675
年,한대,20,8468,4853,-1.675
可,호되,15,14791,2085,-1.676
謂,면,69,9601,14789,-1.677
十,는,214,8664,50835,-1.678
皆,아,22,9513,4769,-1.68
也,어든,39,55765,1444,-1.682
一,한대,27,11484,4853,-1.682
太,아,16,6940,4769,-1.685
可,하여는,7,14791,981,-1.688
用,호되,7,6966,2085,-1.689
四,리오,10,5932,3504,-1.692
于,엔,4,7677,1084,-1.693
故,하면,15,12458,2504,-1.693
非,하니,134,7155,39036,-1.696
事,이,190,12239,32454,-1.7
乃,가,18,6861,5488,-1.701
不,호되,59,59177,2085,-1.701
軍,요,56,6500,18026,-1.701
侯,하나니,3,5662,1109,-1.702
我,한대,12,5179,4853,-1.703
于,요,66,7677,18026,-1.704
有,이,422,27333,32454,-1.708
得,한대,26,11263,4853,-1.708
正,할새,4,5244,1603,-1.708
軍,라하니,11,6500,3560,-1.709
是,러니,40,12444,6767,-1.71
心,라가,5,5358,1969,-1.714
二,하시니,6,8670,1464,-1.717
文,오,10,7036,3014,-1.721
世,할새,4,5291,1603,-1.721
故,아,28,12458,4769,-1.722
公,니이다,42,14884,5993,-1.723
于,를,19,7677,5257,-1.723
可,는,354,14791,50835,-1.723
未,오,10,7071,3014,-1.728
一,하다,118,11484,21901,-1.728
三,리라,7,8850,1689,-1.731
當,하나니,3,5778,1109,-1.731
已,와,10,6077,3516,-1.732
則,에,284,17922,33893,-1.733
自,에,199,12604,33893,-1.738
公,어든,10,14884,1444,-1.74
當,로다,8,5778,2978,-1.741
年,라도,8,8468,2033,-1.742
得,에,177,11263,33893,-1.745
年,하다,86,8468,21901,-1.745
太,하며,19,6940,5902,-1.745
州,면,47,6854,14789,-1.745
謂,어늘,44,9601,9884,-1.745
知,를,22,9062,5257,-1.751
二,리오,14,8670,3504,-1.754
軍,니,54,6500,18067,-1.757
二,아,19,8670,4769,-1.758
軍,오,9,6500,3014,-1.758
有,하다,275,27333,21901,-1.759
故,리오,20,12458,3504,-1.762
今,라하여,5,7896,1383,-1.763
太,하리니,3,6940,944,-1.763
兵,잇가,3,7038,932,-1.765
如,이,149,10036,32454,-1.765
王,하나니,8,15787,1109,-1.766
將,하니이다,4,9320,940,-1.767
謂,하여,296,9601,67662,-1.77
已,엔,3,6077,1084,-1.771
中,리오,17,10651,3504,-1.771
安,로다,7,5163,2978,-1.771
有,로,181,27333,14566,-1.774
得,이,166,11263,32454,-1.775
文,하니이다,3,7036,940,-1.777
世,하면,6,5291,2504,-1.779
也,하나니,28,55765,1109,-1.779
正,하다,52,5244,21901,-1.779
臣,하니라,17,8962,4193,-1.781
未,하면,8,7071,2504,-1.782
文,하리니,3,7036,944,-1.783
亦,한대,17,7781,4853,-1.788
必,로,43,6558,14566,-1.788
未,하리니,3,7071,944,-1.79
欲,하다,64,6503,21901,-1.79
月,로되,10,7248,3078,-1.794
故,어늘,55,12458,9884,-1.799
天,하다,143,14627,21901,-1.8
上,리오,16,10237,3504,-1.801
時,잇가,3,7239,932,-1.806
故,엔,6,12458,1084,-1.807
乎,하니라,12,6463,4193,-1.812
謂,하리니,4,9601,944,-1.816
行,오,11,8270,3014,-1.816
月,하니이다,3,7248,940,-1.82
州,오,9,6854,3014,-1.835
太,로다,9,6940,2978,-1.836
必,와,10,6558,3516,-1.842
則,로,113,17922,14566,-1.844
正,하라,3,5244,1321,-1.844
州,리라,5,6854,1689,-1.847
在,호되,7,7780,2085,-1.849
未,는,155,7071,50835,-1.85
年,니라,28,8468,7687,-1.853
于,이,107,7677,32454,-1.856
所,한대,44,21112,4853,-1.856
不,이,824,59177,32454,-1.857
何,하여,188,6499,67662,-1.862
非,하여는,3,7155,981,-1.863
以,이,790,56979,32454,-1.863
軍,엔,3,6500,1084,-1.868
軍,며,4,6500,1447,-1.87
則,라가,15,17922,1969,-1.871
年,하면,9,8468,2504,-1.873
者,호되,29,32807,2085,-1.874
在,이,107,7780,32454,-1.875
皆,로다,12,9513,2978,-1.876
知,호되,8,9062,2085,-1.876
可,로,91,14791,14566,-1.88
侯,하사,3,5662,1255,-1.88
月,하여는,3,7248,981,-1.881
又,는,146,6808,50835,-1.881
兵,리라,5,7038,1689,-1.886
月,면,45,7248,14789,-1.888
三,리오,13,8850,3504,-1.891
皆,와,14,9513,3516,-1.893
將,하며,23,9320,5902,-1.894
見,오,9,7174,3014,-1.901
者,하라,18,32807,1321,-1.904
故,는,263,12458,50835,-1.904
四,라도,5,5932,2033,-1.906
者,한대,66,32807,4853,-1.907
當,하사,3,5778,1255,-1.91
欲,로다,8,6503,2978,-1.912
當,하니라,10,5778,4193,-1.913
侯,니이다,14,5662,5993,-1.914
何,이,87,6499,32454,-1.914
于,러라,10,7677,3158,-1.914
年,이,113,8468,32454,-1.918
於,하라,15,27629,1321,-1.919
曰,아,52,26519,4769,-1.919
主,를,12,5573,5257,-1.924
時,리라,5,7239,1689,-1.926
故,하여는,5,12458,981,-1.926
謂,하고,178,9601,45403,-1.928
主,하라,3,5573,1321,-1.931
未,호되,6,7071,2085,-1.933
五,아,11,5675,4769,-1.935
正,하니이다,2,5244,940,-1.938
君,할새,7,10804,1603,-1.943
中,잇가,4,10651,932,-1.948
是,할새,8,12444,1603,-1.954
故,할새,8,12458,1603,-1.956
十,라하고,7,8664,2021,-1.959
如,하사,5,10036,1255,-1.969
陽,아,10,5290,4769,-1.971
至,할새,7,11075,1603,-1.979
未,하다,61,7071,21901,-1.98
謂,로,55,9601,14566,-1.983
陽,어든,3,5290,1444,-1.985
爲,로,214,37502,14566,-1.988
月,니이다,17,7248,5993,-1.99
于,니이다,18,7677,5993,-1.99
書,로다,8,6867,2978,-1.99
二,하며,20,8670,5902,-1.992
無,하다,130,15219,21901,-1.995
道,하니이다,3,8195,940,-1.997
在,하라,4,7780,1321,-1.998
月,하고,128,7248,45403,-1.999
使,리라,7,10667,1689,-2.0
諸,로다,7,6054,2978,-2.001
知,에,119,9062,33893,-2.004
臣,하다,76,8962,21901,-2.005
能,하다,87,10262,21901,-2.006
故,하사,6,12458,1255,-2.018
乎,를,13,6463,5257,-2.022
太,오,8,6940,3014,-2.023
非,는,139,7155,50835,-2.024
此,호되,11,13827,2085,-2.026
五,잇가,2,5675,932,-2.039
然,하라,5,10020,1321,-2.041
月,어늘,27,7248,9884,-2.044
乎,어늘,24,6463,9884,-2.049
年,하리니,3,8468,944,-2.05
亦,가,16,7781,5488,-2.053
非,로,39,7155,14566,-2.054
書,리오,9,6867,3504,-2.055
中,오,12,10651,3014,-2.056
月,하여,183,7248,67662,-2.058
于,리오,10,7677,3504,-2.064
乎,는,122,6463,50835,-2.066
曰,라도,20,26519,2033,-2.067
太,리오,9,6940,3504,-2.07
太,면,38,6940,14789,-2.07
謂,라가,7,9601,1969,-2.07
謂,리라,6,9601,1689,-2.071
上,하라,5,10237,1321,-2.072
年,는,159,8468,50835,-2.073
十,하니이다,3,8664,940,-2.077
若,하리니,2,5781,944,-2.084
亦,를,15,7781,5257,-2.084
於,이,328,27629,32454,-2.087
必,하면,6,6558,2504,-2.089
何,하며,14,6499,5902,-2.09
曰,와,34,26519,3516,-2.092
曰,는,491,26519,50835,-2.093
皆,어든,5,9513,1444,-2.094
乃,를,13,6861,5257,-2.109
年,하며,18,8468,5902,-2.11
州,라하니라,3,6854,1217,-2.112
使,는,194,10667,50835,-2.119
年,하라,4,8468,1321,-2.12
非,이,83,7155,32454,-2.121
太,니라,19,6940,7687,-2.126
謂,하시니,5,9601,1464,-2.127
出,로,34,6562,14566,-2.128
月,는,131,7248,50835,-2.128
五,로다,6,5675,2978,-2.13
能,이,118,10262,32454,-2.133
非,러라,8,7155,3158,-2.134
無,한대,26,15219,4853,-2.143
可,하면,13,14791,2504,-2.147
月,라가,5,7248,1969,-2.149
何,하라,3,6499,1321,-2.153
謂,하니,131,9601,39036,-2.153
月,러라,8,7248,3158,-2.153
于,로,39,7677,14566,-2.156
可,한대,25,14791,4853,-2.158
是,호되,9,12444,2085,-2.164
十,오,9,8664,3014,-2.173
乃,나,19,6861,8047,-2.175
今,하며,16,7896,5902,-2.179
何,라,149,6499,66907,-2.181
諸,며,3,6054,1447,-2.182
至,하라,5,11075,1321,-2.185
時,한대,12,7239,4853,-2.186
月,니라,19,7248,7687,-2.188
乃,는,119,6861,50835,-2.188
月,라하니라,3,7248,1217,-2.192
故,하리니,4,12458,944,-2.192
已,한대,10,6077,4853,-2.197
臣,로다,9,8962,2978,-2.205
王,하니이다,5,15787,940,-2.206
文,리라,4,7036,1689,-2.207
皆,하면,8,9513,2504,-2.21
乎,라하여,3,6463,1383,-2.211
如,호되,7,10036,2085,-2.216
非,하사,3,7155,1255,-2.218
十,라하여,4,8664,1383,-2.219
曰,니라,68,26519,7687,-2.22
二,라하여,4,8670,1383,-2.22
州,리오,8,6854,3504,-2.222
何,요,39,6499,18026,-2.223
乃,리오,8,6861,3504,-2.224
得,할새,6,11263,1603,-2.226
謂,하사,4,9601,1255,-2.227
月,하면,6,7248,2504,-2.233
臣,리라,5,8962,1689,-2.234
軍,잇가,2,6500,932,-2.235
乎,하니이다,2,6463,940,-2.239
何,하고,97,6499,45403,-2.241
太,하라,3,6940,1321,-2.248
欲,에,72,6503,33893,-2.25
以,에,630,56979,33893,-2.252
於,로,131,27629,14566,-2.256
公,며,7,14884,1447,-2.258
言,하다,104,14617,21901,-2.258
亦,이,82,7781,32454,-2.259
曰,잇가,8,26519,932,-2.264
年,가,15,8468,5488,-2.268
則,호되,12,17922,2085,-2.275
若,한대,9,5781,4853,-2.277
未,한대,11,7071,4853,-2.278
是,하사,5,12444,1255,-2.279
年,하나니,3,8468,1109,-2.283
主,리라,3,5573,1689,-2.286
也,는,902,55765,50835,-2.288
非,하라,3,7155,1321,-2.292
年,로다,8,8468,2978,-2.293
已,하다,42,6077,21901,-2.3
陽,니이다,10,5290,5993,-2.301
乎,라가,4,6463,1969,-2.306
欲,하여는,2,6503,981,-2.31
五,리라,3,5675,1689,-2.312
亦,면,36,7781,14789,-2.313
至,며,5,11075,1447,-2.317
然,할새,5,10020,1603,-2.32
陽,라하니라,2,5290,1217,-2.323
此,러니,29,13827,6767,-2.326
軍,로다,6,6500,2978,-2.326
必,라가,4,6558,1969,-2.327
子,하니이다,8,27498,940,-2.328
則,엔,6,17922,1084,-2.331
乎,라하고,4,6463,2021,-2.344
乃,에,71,6861,33893,-2.348
軍,라도,4,6500,2033,-2.36
可,하다,98,14791,21901,-2.361
正,러라,5,5244,3158,-2.364
王,리라,8,15787,1689,-2.373
必,라도,4,6558,2033,-2.373
又,하여는,2,6808,981,-2.376
在,하다,51,7780,21901,-2.377
言,할새,7,14617,1603,-2.379
能,하여는,3,10262,981,-2.383
乃,하여는,2,6861,981,-2.387
矣,하니이다,3,10758,940,-2.389
何,러니,13,6499,6767,-2.395
文,어든,3,7036,1444,-2.396
陽,니라,12,5290,7687,-2.397
也,하며,97,55765,5902,-2.399
兵,며,3,7038,1447,-2.4
如,로,43,10036,14566,-2.402
此,라가,8,13827,1969,-2.403
必,호되,4,6558,2085,-2.41
上,오,9,10237,3014,-2.414
曰,나,62,26519,8047,-2.42
軍,아,9,6500,4769,-2.421
非,러니,14,7155,6767,-2.426
十,할새,4,8664,1603,-2.432
然,한대,14,10020,4853,-2.433
二,할새,4,8670,1603,-2.433
月,러니,14,7248,6767,-2.445
何,한대,9,6499,4853,-2.445
者,할새,15,32807,1603,-2.446
二,라도,5,8670,2033,-2.454
無,이,140,15219,32454,-2.455
兵,오,6,7038,3014,-2.458
何,니이다,11,6499,5993,-2.46
此,하며,23,13827,5902,-2.463
曰,하니이다,7,26519,940,-2.469
不,엔,18,59177,1084,-2.47
于,잇가,2,7677,932,-2.475
皆,오,8,9513,3014,-2.478
也,러니,104,55765,6767,-2.496
又,할새,3,6808,1603,-2.499
矣,라도,6,10758,2033,-2.502
乎,러니,12,6463,6767,-2.502
十,리라,4,8664,1689,-2.507
年,아,11,8468,4769,-2.513
月,라도,4,7248,2033,-2.517
年,리오,8,8468,3504,-2.527
也,하시니,22,55765,1464,-2.528
故,로다,10,12458,2978,-2.528
非,호되,4,7155,2085,-2.535
夫,하리니,2,7906,944,-2.536
何,나,14,6499,8047,-2.538
非,하니라,8,7155,4193,-2.543
何,는,88,6499,50835,-2.545
所,할새,9,21112,1603,-2.547
何,어늘,17,6499,9884,-2.554
未,할새,3,7071,1603,-2.554
士,하라,2,5742,1321,-2.559
十,하라,3,8664,1321,-2.568
曰,어든,10,26519,1444,-2.573
書,리라,3,6867,1689,-2.587
何,로다,5,6499,2978,-2.589
曰,하라,9,26519,1321,-2.597
則,면,68,17922,14789,-2.599
無,에,132,15219,33893,-2.603
矣,하시니,4,10758,1464,-2.614
曰,호되,14,26519,2085,-2.618
未,이,58,7071,32454,-2.621
五,리오,5,5675,3504,-2.628
皆,하사,3,9513,1255,-2.629
有,할새,11,27333,1603,-2.63
知,하라,3,9062,1321,-2.633
若,호되,3,5781,2085,-2.643
所,하다,115,21112,21901,-2.644
曰,리오,23,26519,3504,-2.651
二,잇가,2,8670,932,-2.651
此,와,12,13827,3516,-2.655
何,하다,35,6499,21901,-2.66
謂,에,80,9601,33893,-2.66
軍,하사,2,6500,1255,-2.664
當,하다,31,5778,21901,-2.666
州,아,8,6854,4769,-2.667
十,하리니,2,8664,944,-2.668
可,하나니,4,14791,1109,-2.672
書,니이다,10,6867,5993,-2.677
三,잇가,2,8850,932,-2.68
未,리오,6,7071,3504,-2.682
年,하시니,3,8468,1464,-2.683
十,아,10,8664,4769,-2.683
也,와,47,55765,3516,-2.697
也,가,73,55765,5488,-2.704
兵,아,8,7038,4769,-2.705
十,하여는,2,8664,981,-2.724
何,라가,3,6499,1969,-2.729
曰,니이다,37,26519,5993,-2.739
州,하사,2,6854,1255,-2.741
上,리라,4,10237,1689,-2.748
皆,이,71,9513,32454,-2.757
皆,가,12,9513,5488,-2.758
謂,하며,13,9601,5902,-2.76
乃,면,23,6861,14789,-2.778
兵,하사,2,7038,1255,-2.779
陽,리라,2,5290,1689,-2.796
此,한대,15,13827,4853,-2.798
乎,로,21,6463,14566,-2.801
則,하면,10,17922,2504,-2.802
何,라하여,2,6499,1383,-2.804
又,하라,2,6808,1321,-2.805
何,에,49,6499,33893,-2.805
矣,하사,3,10758,1255,-2.806
時,하다,35,7239,21901,-2.816
皆,를,11,9513,5257,-2.821
于,오,5,7677,3014,-2.847
陽,리오,4,5290,3504,-2.849
可,하사,4,14791,1255,-2.851
乎,어든,2,6463,1444,-2.859
心,하다,25,5358,21901,-2.867
何,어든,2,6499,1444,-2.867
謂,하여는,2,9601,981,-2.872
州,니라,11,6854,7687,-2.896
十,하나니,2,8664,1109,-2.901
二,하나니,2,8670,1109,-2.902
則,러니,25,17922,6767,-2.915
我,하니이다,1,5179,940,-2.92
亦,하면,4,7781,2504,-2.92
乎,이,43,6463,32454,-2.923
月,라하고,3,7248,2021,-2.924
陽,하니이다,1,5290,940,-2.95
月,이,47,7248,32454,-2.96
州,하시니,2,6854,1464,-2.963
謂,하니라,8,9601,4193,-2.967
月,호되,3,7248,2085,-2.969
者,하다,142,32807,21901,-2.975
年,오,5,8468,3014,-2.988
何,러라,4,6499,3158,-2.996
正,하여는,1,5244,981,-2.999
者,하사,8,32807,1255,-3.0
十,로다,5,8664,2978,-3.004
故,호되,5,12458,2085,-3.013
心,한대,5,5358,4853,-3.015
謂,엔,2,9601,1084,-3.016
何,할새,2,6499,1603,-3.017
也,면,158,55765,14789,-3.02
月,며,2,7248,1447,-3.027
陽,로다,3,5290,2978,-3.029
矣,하여는,2,10758,981,-3.036
必,한대,6,6558,4853,-3.043
謂,하나니,2,9601,1109,-3.049
也,를,55,55765,5257,-3.05
何,니,22,6499,18067,-3.052
可,엔,3,14791,1084,-3.054
五,하리니,1,5675,944,-3.058
皆,에,60,9513,33893,-3.062
陽,라도,2,5290,2033,-3.063
月,로다,4,7248,2978,-3.068
我,러라,3,5179,3158,-3.083
不,에,368,59177,33893,-3.083
月,오,4,7248,3014,-3.086
已,이,36,6077,32454,-3.09
者,이,194,32807,32454,-3.093
非,에,44,7155,33893,-3.099
何,하니,46,6499,39036,-3.1
可,이,87,14791,32454,-3.1
能,한대,9,10262,4853,-3.104
主,로다,3,5573,2978,-3.104
軍,니라,9,6500,7687,-3.109
皆,는,87,9513,50835,-3.111
如,하나니,2,10036,1109,-3.113
曰,로다,14,26519,2978,-3.132
曰,에,159,26519,33893,-3.135
何,를,6,6499,5257,-3.146
陽,엔,1,5290,1084,-3.156
何,라하니,4,6499,3560,-3.168
心,엔,1,5358,1084,-3.174
月,할새,2,7248,1603,-3.175
謂,한대,8,9601,4853,-3.178
也,하사,12,55765,1255,-3.18
月,나,10,7248,8047,-3.18
則,하여는,3,17922,981,-3.187
太,리라,2,6940,1689,-3.187
曰,하나니,5,26519,1109,-3.193
必,이,36,6558,32454,-3.2
可,할새,4,14791,1603,-3.204
若,하다,21,5781,21901,-3.228
軍,하니이다,1,6500,940,-3.247
何,하니이다,1,6499,940,-3.247
何,하리니,1,6499,944,-3.253
矣,를,9,10758,5257,-3.288
今,할새,2,7896,1603,-3.298
也,하니,344,55765,39036,-3.298
乎,하여는,1,6463,981,-3.301
月,리오,4,7248,3504,-3.303
亦,는,62,7781,50835,-3.31
州,잇가,1,6854,932,-3.312
書,잇가,1,6867,932,-3.314
可,에,78,14791,33893,-3.32
必,하여는,1,6558,981,-3.322
矣,하니라,7,10758,4193,-3.324
未,가,6,7071,5488,-3.33
曰,하시니,6,26519,1464,-3.33
書,하리니,1,6867,944,-3.333
曰,면,60,26519,14789,-3.345
何,라하고,2,6499,2021,-3.352
亦,에,40,7781,33893,-3.357
月,가,6,7248,5488,-3.365
陽,하사,1,5290,1255,-3.367
曰,하사,5,26519,1255,-3.371
皆,리오,5,9513,3504,-3.373
乎,호되,2,6463,2085,-3.389
月,잇가,1,7248,932,-3.392
也,로,120,55765,14566,-3.395
君,하사,2,10804,1255,-3.397
州,로다,3,6854,2978,-3.403
何,하니라,4,6499,4193,-3.404
月,하리니,1,7248,944,-3.411
乎,에,32,6463,33893,-3.411
乃,라도,2,6861,2033,-3.438
乎,엔,1,6463,1084,-3.445
月,한대,5,7248,4853,-3.451
何,엔,1,6499,1084,-3.453
必,엔,1,6558,1084,-3.466
軍,하나니,1,6500,1109,-3.486
何,하나니,1,6499,1109,-3.486
此,할새,3,13827,1603,-3.522
十,리오,4,8664,3504,-3.56
書,하나니,1,6867,1109,-3.565
今,한대,5,7896,4853,-3.574
太,하나니,1,6940,1109,-3.58
非,엔,1,7155,1084,-3.592
文,하나니,1,7036,1109,-3.6
兵,하나니,1,7038,1109,-3.601
年,잇가,1,8468,932,-3.617
陽,오,2,5290,3014,-3.631
謂,하면,3,9601,2504,-3.639
十,잇가,1,8664,932,-3.65
能,에,43,10262,33893,-3.652
乎,하사,1,6463,1255,-3.656
無,할새,3,15219,1603,-3.66
何,하사,1,6499,1255,-3.664
曰,어늘,32,26519,9884,-3.67
也,하고,309,55765,45403,-3.671
曰,를,17,26519,5257,-3.672
能,할새,2,10262,1603,-3.676
故,하라,2,12458,1321,-3.677
曰,하며,19,26519,5902,-3.679
公,하나니,2,14884,1109,-3.681
曰,하면,8,26519,2504,-3.689
曰,하리니,3,26519,944,-3.697
亦,엔,1,7781,1084,-3.713
曰,하니라,13,26519,4193,-3.733
年,라하고,2,8468,2021,-3.733
月,아,4,7248,4769,-3.748
也,라도,13,55765,2033,-3.761
非,하면,2,7155,2504,-3.799
曰,하고,134,26519,45403,-3.804
曰,로되,9,26519,3078,-3.817
一,할새,2,11484,1603,-3.839
若,할새,1,5781,1603,-3.848
皆,하여는,1,9513,981,-3.858
當,한대,3,5778,4853,-3.861
曰,하니,110,26519,39036,-3.871
四,할새,1,5932,1603,-3.886
軍,하시니,1,6500,1464,-3.887
月,하라,1,7248,1321,-3.895
矣,하니,43,10758,39036,-3.924
何,로되,2,6499,3078,-3.958
月,라하여,1,7248,1383,-3.962
君,하니이다,1,10804,940,-3.98
乎,할새,1,6463,1603,-4.009
矣,한대,5,10758,4853,-4.021
曰,러라,8,26519,3158,-4.024
兵,로다,2,7038,2978,-4.026
必,할새,1,6558,1603,-4.03
故,리라,2,12458,1689,-4.031
不,할새,9,59177,1603,-4.034
月,하시니,1,7248,1464,-4.044
今,러니,5,7896,6767,-4.054
乎,하다,13,6463,21901,-4.081
能,엔,1,10262,1084,-4.112
矣,에,32,10758,33893,-4.147
也,하여,330,55765,67662,-4.152
非,한대,3,7155,4853,-4.169
曰,로,32,26519,14566,-4.23
亦,할새,1,7781,1603,-4.277
也,하면,11,55765,2504,-4.302
也,라가,8,55765,1969,-4.415
何,면,7,6499,14789,-4.416
則,할새,2,17922,1603,-4.481
必,하다,10,6558,21901,-4.481
曰,엔,2,26519,1084,-4.482
是,한대,4,12444,4853,-4.553
此,하다,20,13827,21901,-4.557
矣,는,36,10758,50835,-4.561
此,하나니,1,13827,1109,-4.575
乎,한대,2,6463,4853,-4.607
亦,라도,1,7781,2033,-4.62
曰,하여,113,26519,67662,-4.625
曰,러니,11,26519,6767,-4.664
矣,하여,43,10758,67662,-4.718
曰,라가,3,26519,1969,-4.758
則,하다,22,17922,21901,-4.793
矣,이,19,10758,32454,-4.836
曰,한대,7,26519,4853,-4.837
曰,하다,31,26519,21901,-4.864
也,하다,65,55765,21901,-4.868
矣,로,8,10758,14566,-4.928
矣,하며,3,10758,5902,-5.04
今,하다,8,7896,21901,-5.07
曰,리라,2,26519,1689,-5.121
非,하다,6,7155,21901,-5.343
也,하리니,2,55765,944,-5.354
則,한대,3,17922,4853,-5.494
也,호되,4,55765,2085,-5.498
矣,하고,15,10758,45403,-5.661
矣,와,1,10758,3516,-5.877
也,이,43,55765,32454,-6.032
也,할새,2,55765,1603,-6.118
也,한대,6,55765,4853,-6.131
矣,가,1,10758,5488,-6.52
矣,하다,2,10758,21901,-7.517
謂,하다,1,9601,21901,-8.352
